#VRML V2.0 utf8

Shape {
  appearance Appearance {
    material Material {
      diffuseColor 0.7137 0.5294 0.2980
      specularColor 0.8902 0.6627 0.3725
      ambientIntensity 0.2
      transparency 0.0000
      shininess 0.5
    }
  }
  geometry IndexedFaceSet {
    ccw TRUE
    solid FALSE
    coord DEF co Coordinate {
      point [
        -0.109550 0.551181 1.101934,
        -0.109550 0.551181 1.117948,
        -0.108038 0.551181 1.118083,
        -0.143087 0.551181 1.070051,
        -0.143087 0.551181 1.076395,
        -0.128092 0.551181 1.076395,
        0.115752 0.551181 1.155615,
        0.122300 0.551181 1.151674,
        -0.067060 0.551181 1.151674,
        -0.100791 0.551181 1.076430,
        -0.100453 0.551181 1.076395,
        -0.104304 0.551181 1.076395,
        -0.126580 0.551181 1.076530,
        -0.123032 0.551181 1.076530,
        -0.123032 0.551181 1.076395,
        -0.038497 0.551181 1.119483,
        -0.040529 0.551181 1.118083,
        -0.067060 0.551181 1.118083,
        -0.043082 0.551181 1.116324,
        -0.046953 0.551181 1.111810,
        -0.059601 0.551181 1.097104,
        -0.067060 0.551181 1.097104,
        -0.058519 0.551181 1.099738,
        -0.056165 0.551181 1.102956,
        -0.053050 0.551181 1.105543,
        -0.049230 0.551181 1.107330,
        -0.049648 0.551181 1.107191,
        -0.032832 0.551181 1.121630,
        0.166826 0.551181 1.124873,
        0.149639 0.551181 1.118083,
        -0.013935 0.551181 1.117804,
        -0.014393 0.551181 1.118083,
        -0.017041 0.551181 1.119696,
        -0.022314 0.551181 1.121636,
        -0.027597 0.551181 1.122245,
        0.101171 0.551181 1.097104,
        0.011844 0.551181 1.097104,
        0.119757 0.551181 1.106278,
        0.011398 0.551181 1.099760,
        0.009622 0.551181 1.103883,
        0.006787 0.551181 1.107557,
        0.006170 0.551181 1.108148,
        0.002575 0.551181 1.110734,
        -0.001630 0.551181 1.112419,
        -0.006306 0.551181 1.113022,
        -0.010559 0.551181 1.114770,
        -0.007615 0.551181 1.112951,
        -0.008925 0.551181 1.112795,
        -0.000459 0.551181 1.077083,
        0.003674 0.551181 1.079054,
        0.060382 0.551181 1.076395,
        0.007357 0.551181 1.082167,
        0.009867 0.551181 1.085713,
        0.011543 0.551181 1.089941,
        0.066221 0.551181 1.079852,
        0.012139 0.551181 1.094578,
        0.012117 0.551181 1.095475,
        -0.001752 0.551181 1.076702,
        -0.001897 0.551181 1.076395,
        -0.002949 0.551181 1.074171,
        0.049668 0.551181 1.070051,
        -0.004664 0.551181 1.072095,
        -0.006907 0.551181 1.070437,
        -0.067060 0.551181 0.991915,
        -0.067060 0.551181 1.070051,
        -0.043594 0.551181 1.009608,
        -0.017263 0.551181 1.070051,
        0.011727 0.551181 1.047587,
        -0.009547 0.551181 1.069358,
        -0.007852 0.551181 1.070051,
        -0.015439 0.551181 1.069328,
        -0.012568 0.551181 1.068960,
        -0.012240 0.551181 1.068964,
        -0.023195 0.551181 1.076395,
        -0.023086 0.551181 1.075998,
        -0.021663 0.551181 1.073515,
        -0.020222 0.551181 1.071935,
        -0.017969 0.551181 1.070331,
        -0.019026 0.551181 1.089850,
        -0.021107 0.551181 1.087974,
        -0.036365 0.551181 1.095944,
        -0.067060 0.551181 1.076395,
        -0.058628 0.551181 1.084891,
        -0.056289 0.551181 1.081598,
        -0.053350 0.551181 1.093589,
        -0.052743 0.551181 1.095755,
        -0.051959 0.551181 1.097104,
        0.004670 0.551181 1.097104,
        -0.038556 0.551181 1.083420,
        -0.039439 0.551181 1.083533,
        -0.039894 0.551181 1.089909,
        -0.039549 0.551181 1.083526,
        -0.059944 0.551181 1.096269,
        -0.060502 0.551181 1.092414,
        -0.060022 0.551181 1.088515,
        -0.036604 0.551181 1.082096,
        -0.037075 0.551181 1.082615,
        -0.037775 0.551181 1.083111,
        -0.053356 0.551181 1.079084,
        -0.049898 0.551181 1.077339,
        -0.045928 0.551181 1.076474,
        -0.036167 0.551181 1.081320,
        -0.023954 0.551181 1.081484,
        -0.035938 0.551181 1.080453,
        -0.039211 0.551181 1.076474,
        -0.038569 0.551181 1.076578,
        -0.037816 0.551181 1.076874,
        -0.037078 0.551181 1.077399,
        -0.036813 0.551181 1.077669,
        -0.036317 0.551181 1.078384,
        -0.036017 0.551181 1.079156,
        -0.035909 0.551181 1.080004,
        -0.023954 0.551181 1.080345,
        -0.023846 0.551181 1.078783,
        -0.009745 0.551181 1.091483,
        -0.012568 0.551181 1.091845,
        -0.013833 0.551181 1.091777,
        -0.016592 0.551181 1.091122,
        -0.039891 0.551181 1.083450,
        -0.040122 0.551181 1.083420,
        -0.045245 0.551181 1.083420,
        -0.003062 0.551181 1.086685,
        0.004765 0.551181 1.092681,
        0.003863 0.551181 1.089936,
        0.002728 0.551181 1.088051,
        0.000706 0.551181 1.085932,
        -0.001866 0.551181 1.084330,
        0.004966 0.551181 1.094805,
        -0.004925 0.551181 1.088857,
        -0.007238 0.551181 1.090496,
        -0.051095 0.551181 1.086237,
        -0.052337 0.551181 1.087967,
        -0.053145 0.551181 1.089987,
        -0.053443 0.551181 1.092300,
        -0.047428 0.551181 1.083856,
        -0.049420 0.551181 1.084820,
        -0.027711 0.551181 1.115413,
        -0.027117 0.551181 1.115403,
        -0.043651 0.551181 1.101181,
        -0.016885 0.551181 1.111262,
        -0.014294 0.551181 1.108239,
        -0.012454 0.551181 1.104483,
        -0.011602 0.551181 1.104947,
        -0.009048 0.551181 1.105870,
        -0.044562 0.551181 1.101181,
        -0.051626 0.551181 1.097677,
        -0.050550 0.551181 1.098852,
        -0.048796 0.551181 1.100105,
        -0.046816 0.551181 1.100891,
        -0.023326 0.551181 1.114821,
        -0.019636 0.551181 1.113272,
        -0.041039 0.551181 1.108262,
        -0.038414 0.551181 1.111286,
        -0.042861 0.551181 1.104627,
        -0.035296 0.551181 1.113489,
        -0.031738 0.551181 1.114896,
        -0.002072 0.551181 1.105324,
        0.000410 0.551181 1.103900,
        -0.004858 0.551181 1.106083,
        0.001991 0.551181 1.102459,
        0.003594 0.551181 1.100206,
        -0.006420 0.551181 1.106191,
        0.004597 0.551181 1.097676,
        -0.126215 0.551181 1.090702,
        -0.126580 0.551181 1.078356,
        -0.128092 0.551181 1.097104,
        -0.123032 0.551181 1.085577,
        -0.125761 0.551181 1.085577,
        -0.125761 0.551181 1.083743,
        -0.123032 0.551181 1.078356,
        -0.123032 0.551181 1.083743,
        -0.120034 0.551181 1.083743,
        -0.120034 0.551181 1.078356,
        -0.123032 0.551181 1.090702,
        -0.120034 0.551181 1.090702,
        -0.120034 0.551181 1.085577,
        -0.115805 0.551181 1.087967,
        -0.111243 0.551181 1.076395,
        -0.117967 0.551181 1.076530,
        -0.110058 0.551181 1.079370,
        -0.110304 0.551181 1.078429,
        -0.110357 0.551181 1.078429,
        -0.108038 0.551181 1.097104,
        -0.117967 0.551181 1.092544,
        -0.123032 0.551181 1.097104,
        -0.123032 0.551181 1.092544,
        -0.126215 0.551181 1.092544,
        -0.110449 0.551181 1.078821,
        -0.110602 0.551181 1.079354,
        -0.108038 0.551181 1.085182,
        -0.113726 0.551181 1.087967,
        -0.094024 0.551181 1.097104,
        -0.094024 0.551181 1.076395,
        -0.096058 0.551181 1.079002,
        -0.096058 0.551181 1.076931,
        -0.096842 0.551181 1.078517,
        -0.096985 0.551181 1.078463,
        -0.096985 0.551181 1.082717,
        -0.096639 0.551181 1.083071,
        -0.096378 0.551181 1.083489,
        -0.096157 0.551181 1.084102,
        -0.096070 0.551181 1.084881,
        -0.096150 0.551181 1.085598,
        -0.096967 0.551181 1.082728,
        -0.096985 0.551181 1.076607,
        -0.096985 0.551181 1.076395,
        -0.097493 0.551181 1.076430,
        -0.097839 0.551181 1.076395,
        -0.099161 0.551181 1.076260,
        -0.096985 0.551181 1.070051,
        -0.104304 0.551181 1.070051,
        -0.103234 0.551181 1.087722,
        -0.103234 0.551181 1.085773,
        -0.097356 0.551181 1.087320,
        -0.097950 0.551181 1.087676,
        -0.096985 0.551181 1.097104,
        -0.102633 0.551181 1.081959,
        -0.103111 0.551181 1.081532,
        -0.103687 0.551181 1.078835,
        -0.103441 0.551181 1.078199,
        -0.103067 0.551181 1.077670,
        -0.096388 0.551181 1.086244,
        -0.096761 0.551181 1.086786,
        -0.096985 0.551181 1.086987,
        -0.099051 0.551181 1.088069,
        -0.100524 0.551181 1.088229,
        -0.104304 0.551181 1.097104,
        -0.101630 0.551181 1.088154,
        -0.103485 0.551181 1.080980,
        -0.103700 0.551181 1.080388,
        -0.103783 0.551181 1.079641,
        -0.102493 0.551181 1.077169,
        -0.101890 0.551181 1.076812,
        -0.101301 0.551181 1.082700,
        -0.102776 0.551181 1.086035,
        -0.100524 0.551181 1.083014,
        -0.101645 0.551181 1.086450,
        -0.099283 0.551181 1.083554,
        -0.098137 0.551181 1.085061,
        -0.099197 0.551181 1.086413,
        -0.098748 0.551181 1.086174,
        -0.098252 0.551181 1.084442,
        -0.098406 0.551181 1.084177,
        -0.099734 0.551181 1.086556,
        -0.098163 0.551181 1.084745,
        -0.100328 0.551181 1.086600,
        -0.098576 0.551181 1.083996,
        -0.098445 0.551181 1.085907,
        -0.098273 0.551181 1.085652,
        -0.098174 0.551181 1.085381,
        -0.098100 0.551181 1.078044,
        -0.099108 0.551181 1.081557,
        -0.097912 0.551181 1.082105,
        -0.099357 0.551181 1.077897,
        -0.099446 0.551181 1.077898,
        -0.100425 0.551181 1.081005,
        -0.100474 0.551181 1.078013,
        -0.101724 0.551181 1.079444,
        -0.101704 0.551181 1.079694,
        -0.100992 0.551181 1.078202,
        -0.101175 0.551181 1.078313,
        -0.101405 0.551181 1.078517,
        -0.101580 0.551181 1.078776,
        -0.101682 0.551181 1.079062,
        -0.101613 0.551181 1.080007,
        -0.101457 0.551181 1.080273,
        -0.101207 0.551181 1.080533,
        -0.131786 0.551181 1.117948,
        -0.137886 0.551181 1.101934,
        -0.143087 0.551181 1.097104,
        -0.133968 0.551181 1.106314,
        -0.128092 0.551181 1.106314,
        -0.135602 0.551181 1.101934,
        -0.123476 0.551181 1.101934,
        -0.125761 0.551181 1.101934,
        -0.127300 0.551181 1.106314,
        -0.106161 0.551181 1.116106,
        -0.106161 0.551181 1.117948,
        -0.104304 0.551181 1.118083,
        -0.104304 0.551181 1.117948,
        -0.105706 0.551181 1.110981,
        -0.105706 0.551181 1.109147,
        -0.106525 0.551181 1.103760,
        -0.104304 0.551181 1.103760,
        -0.104304 0.551181 1.109147,
        -0.099980 0.551181 1.109147,
        -0.099980 0.551181 1.103760,
        -0.104304 0.551181 1.116106,
        -0.104304 0.551181 1.110981,
        -0.099980 0.551181 1.116106,
        -0.099980 0.551181 1.110981,
        -0.097912 0.551181 1.101934,
        -0.104304 0.551181 1.101934,
        -0.106525 0.551181 1.101934,
        -0.097912 0.551181 1.117948,
        -0.096985 0.551181 1.118083,
        -0.123032 0.551181 0.946008,
        -0.126624 0.551181 0.943058,
        -0.128092 0.551181 1.070051,
        -0.128092 0.551181 0.941736,
        -0.143087 0.551181 0.928232,
        -0.068089 0.551181 0.991139,
        -0.082474 0.551181 1.070051,
        -0.082474 0.551181 0.979324,
        -0.083433 0.551181 0.978535,
        -0.067060 0.551181 1.172274,
        -0.000000 0.551181 1.181102,
        0.059263 0.551181 1.174655,
        -0.071328 0.551181 1.171712,
        -0.082474 0.551181 1.151674,
        -0.082474 0.551181 1.167095,
        -0.083433 0.551181 1.151674,
        -0.083433 0.551181 1.166698,
        -0.094024 0.551181 1.151674,
        -0.094024 0.551181 1.162311,
        -0.096985 0.551181 1.151674,
        -0.096985 0.551181 1.161084,
        -0.104304 0.551181 1.151674,
        -0.104304 0.551181 1.158053,
        -0.108038 0.551181 1.151674,
        -0.108038 0.551181 1.156506,
        -0.123032 0.551181 1.118083,
        -0.128092 0.551181 1.118083,
        -0.123032 0.551181 1.150295,
        -0.128092 0.551181 1.148200,
        -0.194872 0.551181 1.100384,
        -0.171806 0.551181 1.118083,
        -0.143087 0.551181 1.118083,
        -0.143087 0.551181 1.140120,
        -0.137795 0.551181 1.144180,
        -0.197389 0.551181 1.097104,
        -0.129576 0.551181 1.117948,
        -0.128092 0.551181 1.114052,
        -0.143531 0.551181 1.076530,
        -0.145815 0.551181 1.076530,
        -0.155656 0.551181 1.076530,
        -0.154022 0.551181 1.080910,
        -0.147354 0.551181 1.080910,
        -0.149630 0.551181 1.092544,
        -0.151841 0.551181 1.092544,
        -0.213280 0.551181 1.076395,
        -0.157940 0.551181 1.076530,
        -0.216765 0.551181 1.071852,
        -0.216765 0.551181 1.070051,
        -0.275591 0.551181 0.905512,
        -0.216765 0.551181 0.860096,
        -0.272002 0.551181 0.861183,
        -0.243695 0.551181 0.834948,
        -0.261330 0.551181 0.818008,
        -0.266200 0.551181 0.976840,
        -0.238669 0.551181 1.043307,
        -0.218147 0.551181 1.070051,
        -0.094024 0.551181 1.118083,
        -0.094024 0.551181 1.117767,
        -0.094707 0.551181 1.117563,
        -0.094707 0.551181 1.115402,
        -0.094024 0.551181 1.102332,
        -0.094525 0.551181 1.102505,
        -0.094707 0.551181 1.102598,
        -0.094707 0.551181 1.104579,
        -0.085100 0.551181 1.111757,
        -0.094024 0.551181 1.104276,
        -0.085606 0.551181 1.113187,
        -0.086351 0.551181 1.114330,
        -0.084887 0.551181 1.109761,
        -0.084888 0.551181 1.109611,
        -0.093068 0.551181 1.103852,
        -0.091244 0.551181 1.103529,
        -0.092817 0.551181 1.116138,
        -0.090933 0.551181 1.116352,
        -0.090224 0.551181 1.116319,
        -0.088843 0.551181 1.116034,
        -0.094451 0.551181 1.115538,
        -0.094024 0.551181 1.115695,
        -0.087593 0.551181 1.115432,
        -0.086569 0.551181 1.114575,
        -0.085140 0.551181 1.107646,
        -0.085644 0.551181 1.106341,
        -0.086459 0.551181 1.105193,
        -0.087920 0.551181 1.104090,
        -0.089081 0.551181 1.103671,
        -0.090573 0.551181 1.103506,
        -0.086852 0.551181 1.104811,
        -0.091059 0.551181 1.118218,
        -0.092557 0.551181 1.118083,
        -0.093131 0.551181 1.118032,
        -0.089696 0.551181 1.118083,
        -0.083433 0.551181 1.118083,
        -0.088774 0.551181 1.117981,
        -0.087073 0.551181 1.117365,
        -0.083919 0.551181 1.114427,
        -0.085030 0.551181 1.115860,
        -0.085498 0.551181 1.116302,
        -0.082474 0.551181 1.118083,
        -0.083138 0.551181 1.112663,
        -0.083433 0.551181 1.113331,
        -0.083433 0.551181 1.105980,
        -0.082972 0.551181 1.107279,
        -0.082474 0.551181 1.097104,
        -0.082717 0.551181 1.109638,
        -0.082754 0.551181 1.110594,
        -0.087484 0.551181 1.102097,
        -0.085985 0.551181 1.102829,
        -0.083433 0.551181 1.097104,
        -0.084772 0.551181 1.103850,
        -0.084503 0.551181 1.104153,
        -0.083585 0.551181 1.105554,
        -0.092841 0.551181 1.101925,
        -0.090274 0.551181 1.101664,
        -0.089202 0.551181 1.101721,
        -0.084983 0.551181 1.082007,
        -0.085267 0.551181 1.085216,
        -0.084575 0.551181 1.081438,
        -0.084293 0.551181 1.080735,
        -0.083433 0.551181 1.076395,
        -0.084491 0.551181 1.078004,
        -0.084249 0.551181 1.078683,
        -0.090439 0.551181 1.088115,
        -0.091279 0.551181 1.087855,
        -0.091942 0.551181 1.087470,
        -0.092474 0.551181 1.086955,
        -0.092881 0.551181 1.086300,
        -0.085608 0.551181 1.082537,
        -0.086482 0.551181 1.082972,
        -0.086550 0.551181 1.086039,
        -0.087944 0.551181 1.083325,
        -0.089696 0.551181 1.086529,
        -0.089017 0.551181 1.086600,
        -0.087803 0.551181 1.086472,
        -0.085808 0.551181 1.076689,
        -0.085132 0.551181 1.077160,
        -0.084908 0.551181 1.077387,
        -0.091334 0.551181 1.078298,
        -0.091281 0.551181 1.078298,
        -0.091334 0.551181 1.076530,
        -0.090969 0.551181 1.077822,
        -0.090335 0.551181 1.077141,
        -0.084150 0.551181 1.079592,
        -0.084158 0.551181 1.079880,
        -0.085267 0.551181 1.087165,
        -0.085807 0.551181 1.087470,
        -0.087322 0.551181 1.088020,
        -0.089206 0.551181 1.088229,
        -0.093192 0.551181 1.085376,
        -0.093340 0.551181 1.083890,
        -0.093340 0.551181 1.076530,
        -0.091334 0.551181 1.083800,
        -0.091264 0.551181 1.084687,
        -0.091057 0.551181 1.085401,
        -0.090821 0.551181 1.085814,
        -0.090518 0.551181 1.086137,
        -0.090162 0.551181 1.086366,
        -0.088868 0.551181 1.076395,
        -0.088811 0.551181 1.076374,
        -0.094024 0.551181 1.070051,
        -0.083433 0.551181 1.070051,
        -0.094024 0.551181 0.969836,
        -0.096985 0.551181 0.967404,
        -0.087777 0.551181 1.076260,
        -0.086613 0.551181 1.076395,
        -0.086577 0.551181 1.076399,
        -0.108038 0.551181 1.079798,
        -0.104826 0.551181 1.087967,
        -0.107070 0.551181 1.087967,
        -0.109245 0.551181 1.076395,
        -0.109313 0.551181 1.076554,
        -0.108038 0.551181 1.076395,
        -0.108433 0.551181 1.074475,
        -0.108041 0.551181 1.073755,
        -0.105240 0.551181 1.073091,
        -0.105240 0.551181 1.071306,
        -0.105650 0.551181 1.072957,
        -0.106378 0.551181 1.072862,
        -0.106859 0.551181 1.072916,
        -0.108038 0.551181 1.071500,
        -0.107344 0.551181 1.071236,
        -0.108038 0.551181 1.070051,
        -0.106533 0.551181 1.071143,
        -0.106091 0.551181 1.071159,
        -0.107299 0.551181 1.073081,
        -0.107667 0.551181 1.073336,
        -0.123032 0.551181 1.070051,
        -0.110615 0.551181 1.074802,
        -0.109707 0.551181 1.073034,
        -0.108972 0.551181 1.072152,
        -0.108836 0.551181 1.072027,
        -0.108135 0.551181 1.071537,
        -0.163172 0.551181 0.910143,
        -0.142173 0.551181 1.081748,
        -0.141362 0.551181 1.080105,
        -0.136722 0.551181 1.092248,
        -0.138641 0.551181 1.091521,
        -0.134173 0.551181 1.092544,
        -0.140227 0.551181 1.090423,
        -0.140893 0.551181 1.089758,
        -0.141859 0.551181 1.088329,
        -0.140227 0.551181 1.078773,
        -0.139928 0.551181 1.078507,
        -0.138357 0.551181 1.077471,
        -0.136484 0.551181 1.076800,
        -0.134009 0.551181 1.076530,
        -0.129604 0.551181 1.076530,
        -0.129604 0.551181 1.092544,
        -0.142420 0.551181 1.086770,
        -0.142643 0.551181 1.084741,
        -0.142582 0.551181 1.083605,
        -0.108038 0.551181 0.958325,
        -0.104304 0.551181 0.961391,
        -0.114119 0.551181 1.117948,
        -0.116668 0.551181 1.117653,
        -0.122528 0.551181 1.109009,
        -0.122119 0.551181 1.107153,
        -0.119705 0.551181 1.151674,
        -0.118587 0.551181 1.116925,
        -0.120173 0.551181 1.115828,
        -0.120839 0.551181 1.115163,
        -0.121307 0.551181 1.105509,
        -0.120173 0.551181 1.104178,
        -0.119874 0.551181 1.103912,
        -0.121804 0.551181 1.113734,
        -0.122365 0.551181 1.112174,
        -0.122588 0.551181 1.110146,
        -0.118303 0.551181 1.102876,
        -0.116430 0.551181 1.102204,
        -0.113955 0.551181 1.101934,
        -0.089624 0.551181 1.076668,
        -0.082474 0.551181 1.076395,
        -0.081866 0.551181 1.092544,
        -0.081866 0.551181 1.090702,
        -0.082230 0.551181 1.078356,
        -0.082230 0.551181 1.076530,
        -0.073617 0.551181 1.076530,
        -0.073617 0.551181 1.092544,
        -0.075685 0.551181 1.083743,
        -0.075685 0.551181 1.078356,
        -0.081411 0.551181 1.083743,
        -0.081411 0.551181 1.085577,
        -0.075685 0.551181 1.085577,
        -0.075685 0.551181 1.090702,
        -0.075685 0.551181 1.117948,
        -0.075685 0.551181 1.103760,
        -0.082062 0.551181 1.103760,
        -0.073617 0.551181 1.101934,
        -0.073617 0.551181 1.117948,
        -0.082062 0.551181 1.101934,
        -0.090913 0.551181 1.118219,
        0.504386 0.499768 0.844689,
        0.505204 0.499538 0.848601,
        0.551215 0.475286 0.843405,
        0.511985 0.497636 0.881043,
        0.515807 0.496081 0.905512,
        0.494402 0.501642 0.807791,
        0.540796 0.475286 0.782079,
        0.489741 0.502220 0.793767,
        0.482024 0.503178 0.770546,
        0.523575 0.475286 0.722305,
        0.470318 0.504076 0.740952,
        0.499770 0.475286 0.664835,
        0.447034 0.505006 0.690244,
        0.450003 0.504987 0.695795,
        0.467239 0.504311 0.733169,
        0.427461 0.505131 0.653652,
        0.469681 0.475286 0.610392,
        0.420037 0.504963 0.641580,
        0.403533 0.504590 0.614744,
        0.433684 0.475286 0.559660,
        0.389602 0.503926 0.594771,
        0.392234 0.475286 0.513278,
        0.345852 0.475286 0.471828,
        0.318526 0.498411 0.506079,
        0.348352 0.501298 0.540280,
        0.355751 0.501820 0.549691,
        0.377124 0.503331 0.576881,
        0.277459 0.493178 0.463698,
        0.277552 0.493192 0.463790,
        0.295120 0.475286 0.435831,
        0.285841 0.494399 0.472019,
        0.317834 0.498344 0.505285,
        0.192731 0.471493 0.378589,
        0.205235 0.475260 0.390493,
        0.240677 0.475286 0.405741,
        0.218153 0.479152 0.402792,
        0.229460 0.482494 0.414426,
        0.234097 0.483691 0.419257,
        0.253017 0.488574 0.438975,
        0.136617 0.435101 0.306954,
        0.131300 0.452242 0.329865,
        0.202775 0.435101 0.326014,
        0.153064 0.459218 0.345641,
        0.266383 0.435101 0.352361,
        0.186322 0.469535 0.372963,
        0.180637 0.467799 0.367974,
        0.079980 0.435071 0.297085,
        0.094674 0.440156 0.305588,
        0.124383 0.450024 0.324850,
        0.063972 0.429531 0.287822,
        0.069191 0.431337 0.290842,
        0.074735 0.387576 0.242219,
        0.148530 0.387576 0.254757,
        -0.000000 0.386802 0.238837,
        -0.000000 0.405621 0.256729,
        0.032354 0.418052 0.271534,
        -0.000000 0.071417 0.083700,
        0.085535 0.041657 0.084762,
        -0.000000 0.000000 0.078740,
        0.083724 0.019355 0.083332,
        0.079117 0.000000 0.082730,
        0.083169 0.000000 0.082934,
        0.090496 0.141672 0.102341,
        0.109733 0.138274 0.103842,
        0.102377 0.118673 0.098132,
        0.096187 0.098352 0.093261,
        0.092934 0.085397 0.090678,
        0.091900 0.080217 0.089852,
        0.158654 0.217958 0.139932,
        0.151772 0.209498 0.135007,
        0.087937 0.209515 0.125052,
        0.146294 0.202764 0.131088,
        0.134968 0.186578 0.122831,
        0.128017 0.175282 0.117687,
        0.118269 0.157145 0.110364,
        0.111264 0.141659 0.105012,
        0.172515 0.232569 0.149658,
        0.172061 0.232155 0.149345,
        0.084415 0.273824 0.156309,
        0.186541 0.245344 0.159319,
        0.167768 0.273824 0.170472,
        0.197926 0.254408 0.167030,
        0.213691 0.265348 0.177531,
        0.265813 0.291015 0.210955,
        0.247631 0.283663 0.199506,
        0.235957 0.333513 0.231185,
        0.247148 0.283425 0.199196,
        0.158973 0.333513 0.209006,
        0.230259 0.275102 0.188361,
        0.228083 0.273820 0.186939,
        0.320660 0.304743 0.244298,
        0.318921 0.304427 0.243259,
        0.309974 0.333513 0.261843,
        0.301245 0.301219 0.232689,
        0.282273 0.296394 0.221143,
        0.390299 0.306520 0.284362,
        0.377341 0.307534 0.277099,
        0.380093 0.333513 0.300597,
        0.360729 0.307830 0.267647,
        0.340497 0.306955 0.255957,
        0.457906 0.293109 0.321181,
        0.437924 0.298750 0.310511,
        0.445432 0.333513 0.346957,
        0.417800 0.303025 0.299593,
        0.397594 0.305950 0.288450,
        0.505355 0.273817 0.346154,
        0.493828 0.279433 0.340121,
        0.505170 0.333513 0.400342,
        0.472887 0.287962 0.329102,
        0.463600 0.291153 0.324191,
        0.533118 0.273824 0.372394,
        0.514144 0.269534 0.350754,
        0.534199 0.258001 0.361195,
        0.594353 0.209497 0.392260,
        0.586606 0.217422 0.388271,
        0.589456 0.273824 0.435436,
        0.570088 0.232126 0.379761,
        0.552613 0.245654 0.370738,
        0.540886 0.253517 0.364661,
        0.614049 0.209515 0.415824,
        0.602138 0.201535 0.396268,
        0.617389 0.183502 0.404135,
        0.644953 0.141656 0.418513,
        0.641906 0.147339 0.416898,
        0.665016 0.209515 0.487655,
        0.630274 0.165840 0.410815,
        0.624268 0.174073 0.407701,
        0.673559 0.071428 0.434280,
        0.669170 0.086548 0.431694,
        0.684368 0.141672 0.475495,
        0.661331 0.107867 0.427304,
        0.652268 0.128013 0.422393,
        0.683154 0.022215 0.440634,
        0.679943 0.044061 0.438269,
        0.696111 0.071439 0.468116,
        0.675277 0.065510 0.435291,
        0.826772 0.000000 0.905512,
        0.822024 0.000000 0.820980,
        0.822122 0.071439 0.905512,
        0.816953 0.071439 0.813463,
        0.821573 -0.000000 0.812943,
        0.808740 0.000000 0.737414,
        0.801510 0.071439 0.722572,
        0.806043 -0.000000 0.721538,
        0.787064 0.000000 0.655662,
        0.775988 0.071439 0.633982,
        0.780376 -0.000000 0.632446,
        0.757225 0.000000 0.576555,
        0.740707 0.071439 0.548806,
        0.684883 0.000000 0.442385,
        0.700048 -0.000000 0.465643,
        0.719531 0.000000 0.500896,
        0.744896 -0.000000 0.546789,
        0.803171 0.141672 0.815016,
        0.808254 0.141672 0.905512,
        0.822024 0.071937 0.905512,
        0.728211 0.141672 0.554824,
        0.762897 0.141672 0.638563,
        0.787989 0.141672 0.725659,
        0.707620 0.209515 0.564740,
        0.741324 0.209515 0.646111,
        0.765707 0.209515 0.730744,
        0.780460 0.209515 0.817575,
        0.785398 0.209515 0.905512,
        -0.000000 0.209241 0.120874,
        -0.000000 0.150904 0.099800,
        -0.000000 0.141552 0.097826,
        -0.000000 0.076183 0.084031,
        0.090144 0.071425 0.088449,
        0.088599 0.063686 0.087214,
        0.749202 0.273824 0.821097,
        0.753943 0.273824 0.905512,
        0.784728 0.210885 0.905512,
        0.638382 0.273824 0.504390,
        0.679279 0.273824 0.578388,
        0.711634 0.273824 0.656500,
        0.735040 0.273824 0.737744,
        -0.000000 0.222729 0.125746,
        0.712752 0.335433 0.905512,
        0.714418 0.333513 0.905512,
        0.709926 0.333513 0.825522,
        0.752820 0.275520 0.905512,
        0.558554 0.333513 0.460080,
        0.604915 0.333513 0.525419,
        0.643669 0.333513 0.595537,
        0.674327 0.333513 0.669554,
        0.696506 0.333513 0.746539,
        0.079989 0.333513 0.195586,
        0.663293 0.387576 0.830777,
        0.667490 0.387576 0.905512,
        -0.000000 0.273360 0.152448,
        -0.000000 0.290277 0.161370,
        -0.000000 0.332848 0.192019,
        -0.000000 0.352254 0.205989,
        0.650755 0.387576 0.756981,
        0.630033 0.387576 0.685054,
        0.601388 0.387576 0.615899,
        0.565180 0.387576 0.550386,
        0.521865 0.387576 0.489339,
        0.471987 0.387576 0.433525,
        0.416173 0.387576 0.383647,
        0.355126 0.387576 0.340332,
        0.289613 0.387576 0.304124,
        0.220458 0.387576 0.275479,
        0.610090 0.435101 0.836771,
        0.613951 0.435101 0.905512,
        0.665208 0.389602 0.905512,
        0.326641 0.435101 0.385665,
        0.382792 0.435101 0.425506,
        0.434129 0.435101 0.471383,
        0.480006 0.435101 0.522720,
        0.519847 0.435101 0.578870,
        0.553150 0.435101 0.639129,
        0.579498 0.435101 0.702737,
        0.598557 0.435101 0.768895,
        0.551111 0.477206 0.905512,
        0.554703 0.475286 0.905512,
        0.611005 0.437099 0.905512,
        -0.192731 -0.471493 0.378589,
        -0.205235 -0.475260 0.390493,
        -0.240677 -0.475286 0.405741,
        -0.218153 -0.479152 0.402792,
        -0.136617 -0.435101 0.306954,
        -0.131300 -0.452242 0.329865,
        -0.202775 -0.435101 0.326014,
        -0.153064 -0.459218 0.345641,
        -0.266383 -0.435101 0.352361,
        -0.186322 -0.469535 0.372963,
        -0.180637 -0.467799 0.367974,
        -0.079980 -0.435071 0.297085,
        -0.094674 -0.440156 0.305588,
        -0.124383 -0.450024 0.324850,
        -0.063972 -0.429531 0.287822,
        -0.069191 -0.431337 0.290842,
        -0.074735 -0.387576 0.242219,
        -0.148530 -0.387576 0.254757,
        -0.000000 -0.387576 0.238022,
        -0.000000 -0.405621 0.256729,
        -0.032354 -0.418052 0.271534,
        -0.000000 -0.071439 0.083389,
        -0.085535 -0.041657 0.084762,
        -0.083724 -0.019355 0.083332,
        -0.079126 0.000000 0.082535,
        -0.083169 0.000000 0.082934,
        -0.090496 -0.141672 0.102341,
        -0.109733 -0.138274 0.103842,
        -0.102377 -0.118673 0.098132,
        -0.096187 -0.098352 0.093261,
        -0.092934 -0.085397 0.090678,
        -0.091900 -0.080217 0.089852,
        -0.158654 -0.217958 0.139932,
        -0.151772 -0.209498 0.135007,
        -0.087937 -0.209515 0.125052,
        -0.146294 -0.202764 0.131088,
        -0.134968 -0.186578 0.122831,
        -0.128017 -0.175282 0.117687,
        -0.118269 -0.157145 0.110364,
        -0.111264 -0.141659 0.105012,
        -0.172515 -0.232569 0.149658,
        -0.172061 -0.232155 0.149345,
        -0.084415 -0.273824 0.156309,
        -0.186541 -0.245344 0.159319,
        -0.167768 -0.273824 0.170472,
        -0.197926 -0.254408 0.167030,
        -0.213691 -0.265348 0.177531,
        -0.265813 -0.291015 0.210955,
        -0.247631 -0.283663 0.199506,
        -0.235957 -0.333513 0.231185,
        -0.247148 -0.283425 0.199196,
        -0.158973 -0.333513 0.209006,
        -0.230259 -0.275102 0.188361,
        -0.228083 -0.273820 0.186939,
        -0.320660 -0.304743 0.244298,
        -0.318921 -0.304427 0.243259,
        -0.309974 -0.333513 0.261843,
        -0.301245 -0.301219 0.232689,
        -0.282273 -0.296394 0.221143,
        -0.390299 -0.306520 0.284362,
        -0.377341 -0.307534 0.277099,
        -0.380093 -0.333513 0.300597,
        -0.360729 -0.307830 0.267647,
        -0.340497 -0.306955 0.255957,
        -0.457906 -0.293109 0.321181,
        -0.437924 -0.298750 0.310511,
        -0.445432 -0.333513 0.346957,
        -0.417800 -0.303025 0.299593,
        -0.397594 -0.305950 0.288450,
        -0.505355 -0.273817 0.346154,
        -0.493828 -0.279433 0.340121,
        -0.505170 -0.333513 0.400342,
        -0.472887 -0.287962 0.329102,
        -0.463600 -0.291153 0.324191,
        -0.533118 -0.273824 0.372394,
        -0.514144 -0.269534 0.350754,
        -0.534199 -0.258001 0.361195,
        -0.594353 -0.209497 0.392260,
        -0.586606 -0.217422 0.388271,
        -0.589456 -0.273824 0.435436,
        -0.570088 -0.232126 0.379761,
        -0.552613 -0.245654 0.370738,
        -0.540886 -0.253517 0.364661,
        -0.614049 -0.209515 0.415824,
        -0.602138 -0.201535 0.396268,
        -0.617389 -0.183502 0.404135,
        -0.644953 -0.141656 0.418513,
        -0.641906 -0.147339 0.416898,
        -0.665016 -0.209515 0.487655,
        -0.630274 -0.165840 0.410815,
        -0.624268 -0.174073 0.407701,
        -0.673559 -0.071428 0.434280,
        -0.669170 -0.086548 0.431694,
        -0.684368 -0.141672 0.475495,
        -0.661331 -0.107867 0.427304,
        -0.652268 -0.128013 0.422393,
        -0.683154 -0.022215 0.440634,
        -0.679943 -0.044061 0.438269,
        -0.696111 -0.071439 0.468116,
        -0.675277 -0.065510 0.435291,
        -0.504386 -0.499768 0.844689,
        -0.505204 -0.499538 0.848601,
        -0.551215 -0.475286 0.843405,
        -0.511985 -0.497636 0.881043,
        -0.515807 -0.496081 0.905512,
        -0.494402 -0.501642 0.807791,
        -0.540796 -0.475286 0.782079,
        -0.489741 -0.502220 0.793767,
        -0.482024 -0.503178 0.770546,
        -0.523575 -0.475286 0.722305,
        -0.470318 -0.504076 0.740952,
        -0.499770 -0.475286 0.664835,
        -0.447034 -0.505006 0.690244,
        -0.450003 -0.504987 0.695795,
        -0.467239 -0.504311 0.733169,
        -0.427461 -0.505131 0.653652,
        -0.469681 -0.475286 0.610392,
        -0.420037 -0.504963 0.641580,
        -0.403533 -0.504590 0.614744,
        -0.433684 -0.475286 0.559660,
        -0.389602 -0.503926 0.594771,
        -0.392234 -0.475286 0.513278,
        -0.345852 -0.475286 0.471828,
        -0.318526 -0.498411 0.506079,
        -0.348352 -0.501298 0.540280,
        -0.355751 -0.501820 0.549691,
        -0.377124 -0.503331 0.576881,
        -0.277459 -0.493178 0.463698,
        -0.277552 -0.493192 0.463790,
        -0.295120 -0.475286 0.435831,
        -0.285841 -0.494399 0.472019,
        -0.317834 -0.498344 0.505285,
        -0.229460 -0.482494 0.414426,
        -0.234097 -0.483691 0.419257,
        -0.253017 -0.488574 0.438975,
        -0.826772 0.000000 0.905512,
        -0.822437 0.000000 0.820957,
        -0.822122 -0.071439 0.905512,
        -0.816953 -0.071439 0.813463,
        -0.821204 0.000000 0.813000,
        -0.809477 0.000000 0.737289,
        -0.801510 -0.071439 0.722572,
        -0.805396 0.000000 0.721707,
        -0.788028 0.000000 0.655385,
        -0.775988 -0.071439 0.633982,
        -0.779547 0.000000 0.632757,
        -0.758315 0.000000 0.576104,
        -0.740707 -0.071439 0.548806,
        -0.684883 0.000000 0.442385,
        -0.699472 0.000000 0.465998,
        -0.720650 0.000000 0.500277,
        -0.743980 0.000000 0.547244,
        -0.803171 -0.141672 0.815016,
        -0.808254 -0.141672 0.905512,
        -0.822024 -0.071937 0.905512,
        -0.728211 -0.141672 0.554824,
        -0.762897 -0.141672 0.638563,
        -0.787989 -0.141672 0.725659,
        -0.707620 -0.209515 0.564740,
        -0.741324 -0.209515 0.646111,
        -0.765707 -0.209515 0.730744,
        -0.780460 -0.209515 0.817575,
        -0.785398 -0.209515 0.905512,
        -0.000000 -0.209515 0.120113,
        -0.000000 -0.150732 0.100311,
        -0.000000 -0.141672 0.097258,
        -0.000000 -0.076127 0.084315,
        -0.090144 -0.071425 0.088449,
        -0.088599 -0.063686 0.087214,
        -0.749202 -0.273824 0.821097,
        -0.753943 -0.273824 0.905512,
        -0.784728 -0.210885 0.905512,
        -0.638382 -0.273824 0.504390,
        -0.679279 -0.273824 0.578388,
        -0.711634 -0.273824 0.656500,
        -0.735040 -0.273824 0.737744,
        -0.000000 -0.222401 0.126416,
        -0.712752 -0.335433 0.905512,
        -0.714418 -0.333513 0.905512,
        -0.709926 -0.333513 0.825522,
        -0.752820 -0.275520 0.905512,
        -0.558554 -0.333513 0.460080,
        -0.604915 -0.333513 0.525419,
        -0.643669 -0.333513 0.595537,
        -0.674327 -0.333513 0.669554,
        -0.696506 -0.333513 0.746539,
        -0.079989 -0.333513 0.195586,
        -0.663293 -0.387576 0.830777,
        -0.667490 -0.387576 0.905512,
        -0.000000 -0.273824 0.151569,
        -0.000000 -0.289774 0.162131,
        -0.000000 -0.333513 0.191094,
        -0.000000 -0.351575 0.206772,
        -0.650755 -0.387576 0.756981,
        -0.630033 -0.387576 0.685054,
        -0.601388 -0.387576 0.615899,
        -0.565180 -0.387576 0.550386,
        -0.521865 -0.387576 0.489339,
        -0.471987 -0.387576 0.433525,
        -0.416173 -0.387576 0.383647,
        -0.355126 -0.387576 0.340332,
        -0.289613 -0.387576 0.304124,
        -0.220458 -0.387576 0.275479,
        -0.610090 -0.435101 0.836771,
        -0.613951 -0.435101 0.905512,
        -0.665208 -0.389602 0.905512,
        -0.326641 -0.435101 0.385665,
        -0.382792 -0.435101 0.425506,
        -0.434129 -0.435101 0.471383,
        -0.480006 -0.435101 0.522720,
        -0.519847 -0.435101 0.578870,
        -0.553150 -0.435101 0.639129,
        -0.579498 -0.435101 0.702737,
        -0.598557 -0.435101 0.768895,
        -0.551111 -0.477206 0.905512,
        -0.554703 -0.475286 0.905512,
        -0.611005 -0.437099 0.905512,
        -0.146623 -0.551181 1.138861,
        -0.166826 -0.551181 1.124873,
        -0.130926 -0.551181 1.111097,
        -0.030856 -0.551181 1.179370,
        -0.061325 -0.551181 1.174193,
        -0.089314 -0.551181 1.091913,
        -0.091022 -0.551181 1.165637,
        -0.119574 -0.551181 1.153810,
        -0.000000 -0.551181 1.181102,
        -0.045980 -0.551181 1.068480,
        0.030856 -0.551181 1.179370,
        0.061325 -0.551181 1.174193,
        -0.000882 -0.551181 1.040550,
        0.091022 -0.551181 1.165637,
        0.119574 -0.551181 1.153810,
        0.045772 -0.551181 1.008007,
        0.146623 -0.551181 1.138861,
        0.171828 -0.551181 1.120977,
        0.068089 -0.551181 0.991139,
        0.194872 -0.551181 1.100384,
        0.118961 -0.551181 0.949667,
        0.215465 -0.551181 1.077340,
        0.163172 -0.551181 0.910143,
        0.248298 -0.551181 1.025086,
        0.233349 -0.551181 1.052135,
        0.273858 -0.551181 0.936368,
        0.268681 -0.551181 0.966837,
        0.260125 -0.551181 0.996533,
        0.261330 -0.551181 0.818008,
        0.262676 -0.551181 0.822136,
        0.252570 -0.551181 0.826539,
        0.269826 -0.551181 0.849437,
        0.243695 -0.551181 0.834948,
        0.274146 -0.551181 0.877327,
        0.275591 -0.551181 0.905512,
        0.817746 -0.071944 0.821439,
        0.804860 -0.071944 0.738248,
        0.783533 -0.071944 0.656811,
        0.753990 -0.071944 0.577983,
        0.281552 -0.550359 0.786479,
        0.284993 -0.549931 0.781484,
        0.318758 -0.546466 0.767045,
        0.321176 -0.543728 0.730165,
        0.328052 -0.541663 0.720790,
        0.364562 -0.532400 0.700512,
        0.684786 -0.030665 0.443767,
        0.682898 -0.053194 0.444043,
        0.716540 -0.071944 0.502589,
        0.680045 -0.071936 0.443766,
        0.684963 -0.026613 0.443652,
        0.685041 -0.004252 0.442647,
        0.660279 -0.141646 0.439398,
        0.667922 -0.120659 0.441288,
        0.704280 -0.142656 0.509483,
        0.674500 -0.098141 0.442787,
        0.679476 -0.075674 0.443711,
        0.633559 -0.196984 0.432978,
        0.646746 -0.172178 0.436020,
        0.641152 -0.210928 0.452897,
        0.657903 -0.147635 0.438802,
        0.660084 -0.142656 0.439531,
        0.659720 -0.143178 0.439260,
        0.659912 -0.142654 0.439307,
        0.615101 -0.275591 0.471287,
        0.582370 -0.275541 0.428449,
        0.588715 -0.266428 0.427880,
        0.603200 -0.245173 0.428143,
        0.618844 -0.221340 0.430096,
        0.625167 -0.210875 0.431334,
        0.538955 -0.338804 0.442782,
        0.541173 -0.335503 0.441563,
        0.582378 -0.335538 0.494388,
        0.549663 -0.322868 0.436897,
        0.560738 -0.306679 0.432539,
        0.572377 -0.289891 0.429606,
        0.575641 -0.285206 0.429054,
        0.543542 -0.389744 0.521804,
        0.511033 -0.381442 0.466880,
        0.517801 -0.371059 0.459872,
        0.528366 -0.354850 0.450398,
        0.499259 -0.437281 0.553065,
        0.475004 -0.433442 0.513189,
        0.487404 -0.416485 0.495975,
        0.499367 -0.399081 0.480466,
        0.505608 -0.389645 0.473198,
        0.448369 -0.465320 0.551920,
        0.462034 -0.449771 0.531897,
        0.472029 -0.437188 0.517481,
        0.450285 -0.477337 0.587637,
        0.398326 -0.508684 0.624261,
        0.413648 -0.497542 0.602487,
        0.430010 -0.483597 0.578807,
        0.436548 -0.477163 0.569238,
        0.445774 -0.468083 0.555732,
        0.360489 -0.529974 0.676636,
        0.424070 -0.509225 0.667049,
        0.378911 -0.520732 0.651362,
        0.396630 -0.509918 0.626672,
        0.340482 -0.537930 0.703844,
        0.354835 -0.532223 0.684325,
        0.301520 -0.547873 0.757500,
        0.309082 -0.546278 0.746983,
        0.383616 -0.532400 0.738871,
        0.331248 -0.546466 0.800370,
        0.684079 -0.210928 0.520842,
        0.656284 -0.275591 0.536471,
        0.621370 -0.335538 0.556104,
        0.579934 -0.389744 0.579404,
        0.532686 -0.437281 0.605973,
        0.480433 -0.477337 0.635356,
        0.397640 -0.509183 0.625236,
        0.741089 -0.142656 0.583587,
        0.719833 -0.210928 0.592820,
        0.690585 -0.275591 0.605525,
        0.653846 -0.335538 0.621485,
        0.610245 -0.389744 0.640425,
        0.560527 -0.437281 0.662022,
        0.505543 -0.477337 0.685906,
        0.446235 -0.509225 0.711670,
        0.770127 -0.142656 0.661067,
        0.748038 -0.210928 0.668078,
        0.717644 -0.275591 0.677725,
        0.679466 -0.335538 0.689843,
        0.634156 -0.389744 0.704225,
        0.582490 -0.437281 0.720624,
        0.525352 -0.477337 0.738760,
        0.463719 -0.509225 0.758323,
        0.398647 -0.532400 0.778978,
        0.791089 -0.142656 0.741110,
        0.768398 -0.210928 0.745826,
        0.737177 -0.275591 0.752314,
        0.697959 -0.335538 0.760464,
        0.651417 -0.389744 0.770136,
        0.598344 -0.437281 0.781166,
        0.539651 -0.477337 0.793363,
        0.476341 -0.509225 0.806520,
        0.409498 -0.532400 0.820411,
        0.340264 -0.546466 0.834799,
        0.803754 -0.142656 0.822878,
        0.780700 -0.210928 0.825248,
        0.748980 -0.275591 0.828509,
        0.709134 -0.335538 0.832606,
        0.661846 -0.389744 0.837467,
        0.607924 -0.437281 0.843011,
        0.548291 -0.477337 0.849142,
        0.483967 -0.509225 0.855755,
        0.416054 -0.532400 0.862737,
        0.345712 -0.546466 0.869969,
        0.822056 -0.071944 0.905512,
        0.807991 -0.142656 0.905512,
        0.784815 -0.210928 0.905512,
        0.752928 -0.275591 0.905512,
        0.712872 -0.335538 0.905512,
        0.665335 -0.389744 0.905512,
        0.611128 -0.437281 0.905512,
        0.551181 -0.477337 0.905512,
        0.486519 -0.509225 0.905512,
        0.418247 -0.532400 0.905512,
        0.347534 -0.546466 0.905512,
        0.033525 -0.391830 0.243122,
        0.114502 -0.352211 0.215670,
        0.097337 -0.361809 0.221002,
        0.066948 -0.352254 0.209200,
        0.066111 -0.377271 0.231325,
        0.064793 -0.377860 0.231802,
        0.127434 -0.344979 0.211654,
        0.071218 -0.290277 0.164786,
        0.135176 -0.340062 0.209290,
        0.167258 -0.318067 0.199309,
        0.148637 -0.331513 0.205180,
        0.141783 -0.290277 0.175002,
        0.197393 -0.290265 0.188064,
        0.192339 -0.295889 0.190306,
        0.181960 -0.305843 0.194287,
        0.185597 -0.247233 0.160056,
        0.200656 -0.259037 0.170293,
        0.213544 -0.267794 0.178897,
        0.212293 -0.270067 0.179854,
        0.207847 -0.277173 0.182796,
        0.200922 -0.286339 0.186498,
        0.140591 -0.197911 0.128108,
        0.149595 -0.209758 0.134667,
        0.148570 -0.222729 0.140031,
        0.152474 -0.213546 0.136764,
        0.158060 -0.220140 0.140774,
        0.160494 -0.222719 0.142496,
        0.171391 -0.234269 0.150206,
        0.103897 -0.126388 0.100100,
        0.111452 -0.145609 0.106052,
        0.077111 -0.150904 0.103498,
        0.113940 -0.150888 0.107975,
        0.074628 -0.222729 0.129326,
        0.120089 -0.163937 0.112728,
        0.129800 -0.181372 0.120089,
        0.078620 -0.076183 0.087801,
        0.090388 -0.076169 0.089125,
        0.092549 -0.087192 0.090921,
        0.097912 -0.107898 0.095299,
        0.083693 -0.022367 0.083443,
        0.085442 -0.044384 0.084967,
        0.088396 -0.066007 0.087469,
        -0.517220 -0.489520 1.016090,
        -0.515977 -0.489323 1.023283,
        -0.537362 -0.477337 1.028161,
        -0.184899 -0.546466 1.199778,
        -0.175859 -0.551031 1.125507,
        -0.223883 -0.549503 1.128849,
        -0.204452 -0.550557 1.127515,
        -0.216684 -0.546466 1.177225,
        -0.245744 -0.546466 1.151256,
        -0.263901 -0.546380 1.131406,
        -0.239881 -0.548635 1.129947,
        -0.270723 -0.545739 1.131820,
        -0.295745 -0.532400 1.201257,
        -0.285021 -0.543815 1.132463,
        -0.349192 -0.532695 1.133704,
        -0.322951 -0.537988 1.133751,
        -0.326998 -0.532400 1.166284,
        -0.302479 -0.541465 1.133249,
        -0.380376 -0.509225 1.208851,
        -0.362550 -0.529541 1.133148,
        -0.350517 -0.532382 1.133649,
        -0.430419 -0.510778 1.124071,
        -0.415658 -0.515292 1.127517,
        -0.411947 -0.509225 1.164355,
        -0.399252 -0.520074 1.130206,
        -0.374063 -0.526823 1.132669,
        -0.496094 -0.491219 1.079100,
        -0.493188 -0.491864 1.083516,
        -0.520251 -0.477337 1.087556,
        -0.490242 -0.492578 1.087443,
        -0.496597 -0.477337 1.144660,
        -0.487955 -0.493161 1.090226,
        -0.485569 -0.493793 1.092916,
        -0.483073 -0.494474 1.095518,
        -0.480436 -0.495217 1.098061,
        -0.474756 -0.496875 1.102916,
        -0.473140 -0.497359 1.104162,
        -0.466032 -0.499535 1.109048,
        -0.458028 -0.502046 1.113590,
        -0.449132 -0.504871 1.117711,
        -0.444451 -0.506359 1.119544,
        -0.466698 -0.477337 1.198758,
        -0.443607 -0.506627 1.119874,
        -0.435411 -0.509206 1.122483,
        -0.514916 -0.489155 1.029416,
        -0.512051 -0.489045 1.041595,
        -0.508735 -0.489197 1.052459,
        -0.504941 -0.489612 1.062333,
        -0.501111 -0.490215 1.070469,
        -0.499254 -0.490559 1.073919,
        -0.497295 -0.490952 1.077274,
        -0.547715 -0.477337 0.967224,
        -0.520259 -0.492247 0.964134,
        -0.520288 -0.492204 0.964792,
        -0.520315 -0.491948 0.968901,
        -0.519724 -0.490673 0.990765,
        -0.517898 -0.489709 1.011055,
        -0.518997 -0.494089 0.935782,
        -0.821573 0.000000 0.998081,
        -0.816887 -0.071944 0.997553,
        -0.802910 -0.142656 0.995978,
        -0.779881 -0.210928 0.993383,
        -0.748193 -0.275591 0.989813,
        -0.708389 -0.335538 0.985328,
        -0.661151 -0.389744 0.980006,
        -0.700048 0.000000 1.345381,
        -0.744896 0.000000 1.264235,
        -0.696055 -0.071944 1.342872,
        -0.740647 -0.071944 1.262189,
        -0.684145 -0.142656 1.335389,
        -0.727974 -0.142656 1.256086,
        -0.664522 -0.210928 1.323059,
        -0.707094 -0.210928 1.246030,
        -0.637522 -0.275591 1.306093,
        -0.678364 -0.275591 1.232195,
        -0.603606 -0.335538 1.284783,
        -0.642275 -0.335538 1.214815,
        -0.563355 -0.389744 1.259491,
        -0.599446 -0.389744 1.194190,
        -0.517457 -0.437281 1.230652,
        -0.550607 -0.437281 1.170670,
        -0.780376 0.000000 1.178577,
        -0.775925 -0.071944 1.177020,
        -0.762649 -0.142656 1.172374,
        -0.740774 -0.210928 1.164720,
        -0.710676 -0.275591 1.154188,
        -0.672868 -0.335538 1.140959,
        -0.627998 -0.389744 1.125258,
        -0.576834 -0.437281 1.107355,
        -0.806043 0.000000 1.089486,
        -0.801446 -0.071944 1.088437,
        -0.787733 -0.142656 1.085307,
        -0.765139 -0.210928 1.080150,
        -0.734050 -0.275591 1.073054,
        -0.694999 -0.335538 1.064141,
        -0.648653 -0.389744 1.053563,
        -0.595806 -0.437281 1.041501,
        -0.607286 -0.437281 0.973937,
        -0.646396 0.000000 1.420996,
        -0.642709 -0.071944 1.418056,
        -0.631713 -0.142656 1.409286,
        -0.613593 -0.210928 1.394836,
        -0.588662 -0.275591 1.374954,
        -0.557346 -0.335538 1.349980,
        -0.520180 -0.389744 1.320341,
        -0.477799 -0.437281 1.286544,
        -0.430931 -0.477337 1.249168,
        -0.584616 0.000000 1.490128,
        -0.581281 -0.071944 1.486793,
        -0.571335 -0.142656 1.476848,
        -0.554948 -0.210928 1.460460,
        -0.532400 -0.275591 1.437912,
        -0.504076 -0.335538 1.409588,
        -0.470463 -0.389744 1.375974,
        -0.432133 -0.437281 1.337645,
        -0.389744 -0.477337 1.295256,
        -0.344020 -0.509225 1.249532,
        -0.439869 0.000000 1.605559,
        -0.515484 0.000000 1.551908,
        -0.437360 -0.071944 1.601567,
        -0.512544 -0.071944 1.548221,
        -0.429877 -0.142656 1.589657,
        -0.503774 -0.142656 1.537224,
        -0.417547 -0.210928 1.570034,
        -0.489324 -0.210928 1.519105,
        -0.400581 -0.275591 1.543033,
        -0.469443 -0.275591 1.494174,
        -0.379271 -0.335538 1.509118,
        -0.444469 -0.335538 1.462857,
        -0.353979 -0.389744 1.468867,
        -0.414829 -0.389744 1.425691,
        -0.325140 -0.437281 1.422969,
        -0.381032 -0.437281 1.383311,
        -0.293246 -0.477337 1.372210,
        -0.343656 -0.477337 1.336443,
        -0.258843 -0.509225 1.317459,
        -0.303339 -0.509225 1.285887,
        -0.222520 -0.532400 1.259652,
        -0.260772 -0.532400 1.232510,
        -0.000000 0.000000 1.732283,
        -0.092569 0.000000 1.727085,
        -0.000000 -0.071944 1.727568,
        -0.092041 -0.071944 1.722399,
        -0.000000 -0.142656 1.713502,
        -0.090466 -0.142656 1.708422,
        -0.000000 -0.210928 1.690328,
        -0.087871 -0.210928 1.685393,
        -0.000000 -0.275591 1.658439,
        -0.084301 -0.275591 1.653705,
        -0.000000 -0.335538 1.618384,
        -0.079816 -0.335538 1.613901,
        -0.000000 -0.389744 1.570846,
        -0.074494 -0.389744 1.566663,
        -0.000000 -0.437281 1.516640,
        -0.068425 -0.437281 1.512798,
        -0.000000 -0.477337 1.456693,
        -0.061713 -0.477337 1.453227,
        -0.000000 -0.509225 1.392030,
        -0.054473 -0.509225 1.388971,
        -0.000000 -0.532400 1.323759,
        -0.046829 -0.532400 1.321129,
        -0.000000 -0.546466 1.253046,
        -0.038911 -0.546466 1.250861,
        -0.183974 0.000000 1.711555,
        -0.182925 -0.071944 1.706957,
        -0.179795 -0.142656 1.693244,
        -0.174638 -0.210928 1.670650,
        -0.167542 -0.275591 1.639562,
        -0.158629 -0.335538 1.600511,
        -0.148051 -0.389744 1.554165,
        -0.135989 -0.437281 1.501318,
        -0.122649 -0.477337 1.442874,
        -0.108261 -0.509225 1.379832,
        -0.093069 -0.532400 1.313272,
        -0.077333 -0.546466 1.244332,
        -0.273065 0.000000 1.685888,
        -0.271508 -0.071944 1.681437,
        -0.266862 -0.142656 1.668161,
        -0.259208 -0.210928 1.646286,
        -0.248676 -0.275591 1.616187,
        -0.235447 -0.335538 1.578380,
        -0.219746 -0.389744 1.533510,
        -0.201843 -0.437281 1.482346,
        -0.182044 -0.477337 1.425763,
        -0.160687 -0.509225 1.364728,
        -0.138138 -0.532400 1.300288,
        -0.114783 -0.546466 1.233543,
        -0.358723 0.000000 1.650407,
        -0.356677 -0.071944 1.646159,
        -0.350574 -0.142656 1.633486,
        -0.340519 -0.210928 1.612606,
        -0.326683 -0.275591 1.583876,
        -0.309304 -0.335538 1.547787,
        -0.288678 -0.389744 1.504957,
        -0.265159 -0.437281 1.456119,
        -0.239148 -0.477337 1.402109,
        -0.211093 -0.509225 1.343850,
        -0.181470 -0.532400 1.282339,
        -0.150789 -0.546466 1.218629,
        -0.817746 0.071944 0.821439,
        -0.804860 0.071944 0.738248,
        -0.783533 0.071944 0.656811,
        -0.753990 0.071944 0.577983,
        -0.281552 0.550359 0.786479,
        -0.284993 0.549931 0.781484,
        -0.318758 0.546466 0.767045,
        -0.321176 0.543728 0.730165,
        -0.328052 0.541663 0.720790,
        -0.364562 0.532400 0.700512,
        -0.684786 0.030665 0.443767,
        -0.682898 0.053194 0.444043,
        -0.716540 0.071944 0.502589,
        -0.680045 0.071936 0.443766,
        -0.684963 0.026613 0.443652,
        -0.685041 0.004252 0.442647,
        -0.660279 0.141646 0.439398,
        -0.667922 0.120659 0.441288,
        -0.704280 0.142656 0.509483,
        -0.674500 0.098141 0.442787,
        -0.679476 0.075674 0.443711,
        -0.633559 0.196984 0.432978,
        -0.646746 0.172178 0.436020,
        -0.641152 0.210928 0.452897,
        -0.657903 0.147635 0.438802,
        -0.660084 0.142656 0.439531,
        -0.659720 0.143178 0.439260,
        -0.659912 0.142654 0.439307,
        -0.615101 0.275591 0.471287,
        -0.582370 0.275541 0.428449,
        -0.588715 0.266428 0.427880,
        -0.603200 0.245173 0.428143,
        -0.618844 0.221340 0.430096,
        -0.625167 0.210875 0.431334,
        -0.538955 0.338804 0.442782,
        -0.541173 0.335503 0.441563,
        -0.582378 0.335538 0.494388,
        -0.549663 0.322868 0.436897,
        -0.560738 0.306679 0.432539,
        -0.572377 0.289891 0.429606,
        -0.575641 0.285206 0.429054,
        -0.543542 0.389744 0.521804,
        -0.511033 0.381442 0.466880,
        -0.517801 0.371059 0.459872,
        -0.528366 0.354850 0.450398,
        -0.499259 0.437281 0.553065,
        -0.475004 0.433442 0.513189,
        -0.487404 0.416485 0.495975,
        -0.499367 0.399081 0.480466,
        -0.505608 0.389645 0.473198,
        -0.448369 0.465320 0.551920,
        -0.462034 0.449771 0.531897,
        -0.472029 0.437188 0.517481,
        -0.450285 0.477337 0.587637,
        -0.398326 0.508684 0.624261,
        -0.413648 0.497542 0.602487,
        -0.430010 0.483597 0.578807,
        -0.436548 0.477163 0.569238,
        -0.445774 0.468083 0.555732,
        -0.360489 0.529974 0.676636,
        -0.424070 0.509225 0.667049,
        -0.378911 0.520732 0.651362,
        -0.396630 0.509918 0.626672,
        -0.340482 0.537930 0.703844,
        -0.354835 0.532223 0.684325,
        -0.301520 0.547873 0.757500,
        -0.309082 0.546278 0.746983,
        -0.383616 0.532400 0.738871,
        -0.331248 0.546466 0.800370,
        -0.262676 0.551181 0.822136,
        -0.684079 0.210928 0.520842,
        -0.656284 0.275591 0.536471,
        -0.621370 0.335538 0.556104,
        -0.579934 0.389744 0.579404,
        -0.532686 0.437281 0.605973,
        -0.480433 0.477337 0.635356,
        -0.397640 0.509183 0.625236,
        -0.741089 0.142656 0.583587,
        -0.719833 0.210928 0.592820,
        -0.690585 0.275591 0.605525,
        -0.653846 0.335538 0.621485,
        -0.610245 0.389744 0.640425,
        -0.560527 0.437281 0.662022,
        -0.505543 0.477337 0.685906,
        -0.446235 0.509225 0.711670,
        -0.770127 0.142656 0.661067,
        -0.748038 0.210928 0.668078,
        -0.717644 0.275591 0.677725,
        -0.679466 0.335538 0.689843,
        -0.634156 0.389744 0.704225,
        -0.582490 0.437281 0.720624,
        -0.525352 0.477337 0.738760,
        -0.463719 0.509225 0.758323,
        -0.398647 0.532400 0.778978,
        -0.791089 0.142656 0.741110,
        -0.768398 0.210928 0.745826,
        -0.737177 0.275591 0.752314,
        -0.697959 0.335538 0.760464,
        -0.651417 0.389744 0.770136,
        -0.598344 0.437281 0.781166,
        -0.539651 0.477337 0.793363,
        -0.476341 0.509225 0.806520,
        -0.409498 0.532400 0.820411,
        -0.340264 0.546466 0.834799,
        -0.269826 0.551181 0.849437,
        -0.803754 0.142656 0.822878,
        -0.780700 0.210928 0.825248,
        -0.748980 0.275591 0.828509,
        -0.709134 0.335538 0.832606,
        -0.661846 0.389744 0.837467,
        -0.607924 0.437281 0.843011,
        -0.548291 0.477337 0.849142,
        -0.483967 0.509225 0.855755,
        -0.416054 0.532400 0.862737,
        -0.345712 0.546466 0.869969,
        -0.274146 0.551181 0.877327,
        -0.822056 0.071944 0.905512,
        -0.807991 0.142656 0.905512,
        -0.784815 0.210928 0.905512,
        -0.752928 0.275591 0.905512,
        -0.712872 0.335538 0.905512,
        -0.665335 0.389744 0.905512,
        -0.611128 0.437281 0.905512,
        -0.551181 0.477337 0.905512,
        -0.486519 0.509225 0.905512,
        -0.418247 0.532400 0.905512,
        -0.347534 0.546466 0.905512,
        -0.033525 0.391830 0.243122,
        -0.114502 0.352211 0.215670,
        -0.097337 0.361809 0.221002,
        -0.066948 0.352254 0.209200,
        -0.066111 0.377271 0.231325,
        -0.064793 0.377860 0.231802,
        -0.127434 0.344979 0.211654,
        -0.071218 0.290277 0.164786,
        -0.135176 0.340062 0.209290,
        -0.167258 0.318067 0.199309,
        -0.148637 0.331513 0.205180,
        -0.141783 0.290277 0.175002,
        -0.197393 0.290265 0.188064,
        -0.192339 0.295889 0.190306,
        -0.181960 0.305843 0.194287,
        -0.185597 0.247233 0.160056,
        -0.200656 0.259037 0.170293,
        -0.213544 0.267794 0.178897,
        -0.212293 0.270067 0.179854,
        -0.207847 0.277173 0.182796,
        -0.200922 0.286339 0.186498,
        -0.140591 0.197911 0.128108,
        -0.149595 0.209758 0.134667,
        -0.148570 0.222729 0.140031,
        -0.152474 0.213546 0.136764,
        -0.158060 0.220140 0.140774,
        -0.160494 0.222719 0.142496,
        -0.171391 0.234269 0.150206,
        -0.103897 0.126388 0.100100,
        -0.111452 0.145609 0.106052,
        -0.077111 0.150904 0.103498,
        -0.113940 0.150888 0.107975,
        -0.074628 0.222729 0.129326,
        -0.120089 0.163937 0.112728,
        -0.129800 0.181372 0.120089,
        -0.078620 0.076183 0.087801,
        -0.090388 0.076169 0.089125,
        -0.092549 0.087192 0.090921,
        -0.097912 0.107898 0.095299,
        -0.083693 0.022367 0.083443,
        -0.085442 0.044384 0.084967,
        -0.088396 0.066007 0.087469,
        0.518136 0.489789 1.009096,
        0.515882 0.489268 1.024370,
        0.537362 0.477337 1.028161,
        0.146623 0.551181 1.138861,
        0.184899 0.546466 1.199778,
        0.175859 0.551031 1.125507,
        0.223883 0.549503 1.128849,
        0.204452 0.550557 1.127515,
        0.216684 0.546466 1.177225,
        0.245744 0.546466 1.151256,
        0.263901 0.546380 1.131406,
        0.239881 0.548635 1.129947,
        0.270723 0.545739 1.131820,
        0.295745 0.532400 1.201257,
        0.285021 0.543815 1.132463,
        0.349192 0.532695 1.133704,
        0.322951 0.537988 1.133751,
        0.326998 0.532400 1.166284,
        0.302479 0.541465 1.133249,
        0.380376 0.509225 1.208851,
        0.362550 0.529541 1.133148,
        0.350517 0.532382 1.133649,
        0.430419 0.510778 1.124071,
        0.415658 0.515292 1.127517,
        0.411947 0.509225 1.164355,
        0.399252 0.520074 1.130206,
        0.374063 0.526823 1.132669,
        0.494507 0.491560 1.081617,
        0.490094 0.492615 1.087630,
        0.520251 0.477337 1.087556,
        0.496597 0.477337 1.144660,
        0.487777 0.493207 1.090434,
        0.485376 0.493844 1.093124,
        0.482918 0.494518 1.095674,
        0.480385 0.495231 1.098108,
        0.474756 0.496875 1.102916,
        0.473140 0.497359 1.104162,
        0.466032 0.499535 1.109048,
        0.458028 0.502046 1.113590,
        0.449132 0.504871 1.117711,
        0.444451 0.506359 1.119544,
        0.466698 0.477337 1.198758,
        0.443607 0.506627 1.119874,
        0.435411 0.509206 1.122483,
        0.503946 0.489753 1.064596,
        0.500189 0.490382 1.072217,
        0.512909 0.489050 1.038291,
        0.510605 0.489082 1.046659,
        0.507430 0.489315 1.056105,
        0.496157 0.491194 1.079104,
        0.496146 0.491196 1.079121,
        0.520144 0.492659 0.957640,
        0.520142 0.492260 0.964130,
        0.547715 0.477337 0.967224,
        0.520136 0.491198 0.981388,
        0.518765 0.490047 1.003240,
        0.518713 0.494326 0.932201,
        0.821573 0.000000 0.998081,
        0.816887 0.071944 0.997553,
        0.802910 0.142656 0.995978,
        0.779881 0.210928 0.993383,
        0.748193 0.275591 0.989813,
        0.708389 0.335538 0.985328,
        0.661151 0.389744 0.980006,
        0.700048 0.000000 1.345381,
        0.744896 0.000000 1.264235,
        0.696055 0.071944 1.342872,
        0.740647 0.071944 1.262189,
        0.684145 0.142656 1.335389,
        0.727974 0.142656 1.256086,
        0.664522 0.210928 1.323059,
        0.707094 0.210928 1.246030,
        0.637522 0.275591 1.306093,
        0.678364 0.275591 1.232195,
        0.603606 0.335538 1.284783,
        0.642275 0.335538 1.214815,
        0.563355 0.389744 1.259491,
        0.599446 0.389744 1.194190,
        0.517457 0.437281 1.230652,
        0.550607 0.437281 1.170670,
        0.780376 0.000000 1.178577,
        0.775925 0.071944 1.177020,
        0.762649 0.142656 1.172374,
        0.740774 0.210928 1.164720,
        0.710676 0.275591 1.154188,
        0.672868 0.335538 1.140959,
        0.627998 0.389744 1.125258,
        0.576834 0.437281 1.107355,
        0.806043 0.000000 1.089486,
        0.801446 0.071944 1.088437,
        0.787733 0.142656 1.085307,
        0.765139 0.210928 1.080150,
        0.734050 0.275591 1.073054,
        0.694999 0.335538 1.064141,
        0.648653 0.389744 1.053563,
        0.595806 0.437281 1.041501,
        0.607286 0.437281 0.973937,
        0.646396 0.000000 1.420996,
        0.642709 0.071944 1.418056,
        0.631713 0.142656 1.409286,
        0.613593 0.210928 1.394836,
        0.588662 0.275591 1.374954,
        0.557346 0.335538 1.349980,
        0.520180 0.389744 1.320341,
        0.477799 0.437281 1.286544,
        0.430931 0.477337 1.249168,
        0.584616 0.000000 1.490128,
        0.581281 0.071944 1.486793,
        0.571335 0.142656 1.476848,
        0.554948 0.210928 1.460460,
        0.532400 0.275591 1.437912,
        0.504076 0.335538 1.409588,
        0.470463 0.389744 1.375974,
        0.432133 0.437281 1.337645,
        0.389744 0.477337 1.295256,
        0.344020 0.509225 1.249532,
        0.439869 0.000000 1.605559,
        0.515484 0.000000 1.551908,
        0.437360 0.071944 1.601567,
        0.512544 0.071944 1.548221,
        0.429877 0.142656 1.589657,
        0.503774 0.142656 1.537224,
        0.417547 0.210928 1.570034,
        0.489324 0.210928 1.519105,
        0.400581 0.275591 1.543033,
        0.469443 0.275591 1.494174,
        0.379271 0.335538 1.509118,
        0.444469 0.335538 1.462857,
        0.353979 0.389744 1.468867,
        0.414829 0.389744 1.425691,
        0.325140 0.437281 1.422969,
        0.381032 0.437281 1.383311,
        0.293246 0.477337 1.372210,
        0.343656 0.477337 1.336443,
        0.258843 0.509225 1.317459,
        0.303339 0.509225 1.285887,
        0.222520 0.532400 1.259652,
        0.260772 0.532400 1.232510,
        0.092569 0.000000 1.727085,
        -0.000000 0.071944 1.727568,
        0.092041 0.071944 1.722399,
        -0.000000 0.142656 1.713502,
        0.090466 0.142656 1.708422,
        -0.000000 0.210928 1.690328,
        0.087871 0.210928 1.685393,
        -0.000000 0.275591 1.658439,
        0.084301 0.275591 1.653705,
        -0.000000 0.335538 1.618384,
        0.079816 0.335538 1.613901,
        -0.000000 0.389744 1.570846,
        0.074494 0.389744 1.566663,
        -0.000000 0.437281 1.516640,
        0.068425 0.437281 1.512798,
        -0.000000 0.477337 1.456693,
        0.061713 0.477337 1.453227,
        -0.000000 0.509225 1.392030,
        0.054473 0.509225 1.388971,
        -0.000000 0.532400 1.323759,
        0.046829 0.532400 1.321129,
        -0.000000 0.546466 1.253046,
        0.038911 0.546466 1.250861,
        0.030856 0.551181 1.179370,
        0.183974 0.000000 1.711555,
        0.182925 0.071944 1.706957,
        0.179795 0.142656 1.693244,
        0.174638 0.210928 1.670650,
        0.167542 0.275591 1.639562,
        0.158629 0.335538 1.600511,
        0.148051 0.389744 1.554165,
        0.135989 0.437281 1.501318,
        0.122649 0.477337 1.442874,
        0.108261 0.509225 1.379832,
        0.093069 0.532400 1.313272,
        0.077333 0.546466 1.244332,
        0.061325 0.551181 1.174193,
        0.273065 0.000000 1.685888,
        0.271508 0.071944 1.681437,
        0.266862 0.142656 1.668161,
        0.259208 0.210928 1.646286,
        0.248676 0.275591 1.616187,
        0.235447 0.335538 1.578380,
        0.219746 0.389744 1.533510,
        0.201843 0.437281 1.482346,
        0.182044 0.477337 1.425763,
        0.160687 0.509225 1.364728,
        0.138138 0.532400 1.300288,
        0.114783 0.546466 1.233543,
        0.091022 0.551181 1.165637,
        0.358723 0.000000 1.650407,
        0.356677 0.071944 1.646159,
        0.350574 0.142656 1.633486,
        0.340519 0.210928 1.612606,
        0.326683 0.275591 1.583876,
        0.309304 0.335538 1.547787,
        0.288678 0.389744 1.504957,
        0.265159 0.437281 1.456119,
        0.239148 0.477337 1.402109,
        0.211093 0.509225 1.343850,
        0.181470 0.532400 1.282339,
        0.150789 0.546466 1.218629,
        0.119574 0.551181 1.153810,
        -0.345349 0.546466 0.944423,
        -0.415617 0.532400 0.952341,
        -0.483459 0.509225 0.959985,
        -0.547715 0.477337 0.967224,
        -0.607286 0.437281 0.973937,
        -0.661151 0.389744 0.980006,
        -0.708389 0.335538 0.985328,
        -0.748193 0.275591 0.989813,
        -0.779881 0.210928 0.993383,
        -0.802910 0.142656 0.995978,
        -0.816887 0.071944 0.997553,
        -0.801446 0.071944 1.088437,
        -0.775925 0.071944 1.177020,
        -0.740647 0.071944 1.262189,
        -0.696055 0.071944 1.342872,
        -0.642709 0.071944 1.418056,
        -0.581281 0.071944 1.486793,
        -0.512544 0.071944 1.548221,
        -0.437360 0.071944 1.601567,
        -0.356677 0.071944 1.646159,
        -0.271508 0.071944 1.681437,
        -0.182925 0.071944 1.706957,
        -0.092041 0.071944 1.722399,
        -0.787733 0.142656 1.085307,
        -0.762649 0.142656 1.172374,
        -0.727974 0.142656 1.256086,
        -0.684145 0.142656 1.335389,
        -0.631713 0.142656 1.409286,
        -0.571335 0.142656 1.476848,
        -0.503774 0.142656 1.537224,
        -0.429877 0.142656 1.589657,
        -0.350574 0.142656 1.633486,
        -0.266862 0.142656 1.668161,
        -0.179795 0.142656 1.693244,
        -0.090466 0.142656 1.708422,
        -0.765139 0.210928 1.080150,
        -0.740774 0.210928 1.164720,
        -0.707094 0.210928 1.246030,
        -0.664522 0.210928 1.323059,
        -0.613593 0.210928 1.394836,
        -0.554948 0.210928 1.460460,
        -0.489324 0.210928 1.519105,
        -0.417547 0.210928 1.570034,
        -0.340519 0.210928 1.612606,
        -0.259208 0.210928 1.646286,
        -0.174638 0.210928 1.670650,
        -0.087871 0.210928 1.685393,
        -0.734050 0.275591 1.073054,
        -0.710676 0.275591 1.154188,
        -0.678364 0.275591 1.232195,
        -0.637522 0.275591 1.306093,
        -0.588662 0.275591 1.374954,
        -0.532400 0.275591 1.437912,
        -0.469443 0.275591 1.494174,
        -0.400581 0.275591 1.543033,
        -0.326683 0.275591 1.583876,
        -0.248676 0.275591 1.616187,
        -0.167542 0.275591 1.639562,
        -0.084301 0.275591 1.653705,
        -0.694999 0.335538 1.064141,
        -0.672868 0.335538 1.140959,
        -0.642275 0.335538 1.214815,
        -0.603606 0.335538 1.284783,
        -0.557346 0.335538 1.349980,
        -0.504076 0.335538 1.409588,
        -0.444469 0.335538 1.462857,
        -0.379271 0.335538 1.509118,
        -0.309304 0.335538 1.547787,
        -0.235447 0.335538 1.578380,
        -0.158629 0.335538 1.600511,
        -0.079816 0.335538 1.613901,
        -0.648653 0.389744 1.053563,
        -0.627998 0.389744 1.125258,
        -0.599446 0.389744 1.194190,
        -0.563355 0.389744 1.259491,
        -0.520180 0.389744 1.320341,
        -0.470463 0.389744 1.375974,
        -0.414829 0.389744 1.425691,
        -0.353979 0.389744 1.468867,
        -0.288678 0.389744 1.504957,
        -0.219746 0.389744 1.533510,
        -0.148051 0.389744 1.554165,
        -0.074494 0.389744 1.566663,
        -0.595806 0.437281 1.041501,
        -0.576834 0.437281 1.107355,
        -0.550607 0.437281 1.170670,
        -0.517457 0.437281 1.230652,
        -0.477799 0.437281 1.286544,
        -0.432133 0.437281 1.337645,
        -0.381032 0.437281 1.383311,
        -0.325140 0.437281 1.422969,
        -0.265159 0.437281 1.456119,
        -0.201843 0.437281 1.482346,
        -0.135989 0.437281 1.501318,
        -0.068425 0.437281 1.512798,
        -0.537362 0.477337 1.028161,
        -0.520251 0.477337 1.087556,
        -0.496597 0.477337 1.144660,
        -0.466698 0.477337 1.198758,
        -0.430931 0.477337 1.249168,
        -0.389744 0.477337 1.295256,
        -0.343656 0.477337 1.336443,
        -0.293246 0.477337 1.372210,
        -0.239148 0.477337 1.402109,
        -0.182044 0.477337 1.425763,
        -0.122649 0.477337 1.442874,
        -0.061713 0.477337 1.453227,
        -0.474320 0.509225 1.013772,
        -0.459217 0.509225 1.066198,
        -0.438338 0.509225 1.116604,
        -0.411947 0.509225 1.164355,
        -0.380376 0.509225 1.208851,
        -0.344020 0.509225 1.249532,
        -0.303339 0.509225 1.285887,
        -0.258843 0.509225 1.317459,
        -0.211093 0.509225 1.343850,
        -0.160687 0.509225 1.364728,
        -0.108261 0.509225 1.379832,
        -0.054473 0.509225 1.388971,
        -0.407760 0.532400 0.998580,
        -0.394776 0.532400 1.043650,
        -0.376827 0.532400 1.086982,
        -0.354140 0.532400 1.128032,
        -0.326998 0.532400 1.166284,
        -0.295745 0.532400 1.201257,
        -0.260772 0.532400 1.232510,
        -0.222520 0.532400 1.259652,
        -0.181470 0.532400 1.282339,
        -0.138138 0.532400 1.300288,
        -0.093069 0.532400 1.313272,
        -0.046829 0.532400 1.321129,
        -0.338821 0.546466 0.982845,
        -0.328031 0.546466 1.020295,
        -0.313117 0.546466 1.056301,
        -0.294265 0.546466 1.090411,
        -0.271713 0.546466 1.122196,
        -0.245744 0.546466 1.151256,
        -0.216684 0.546466 1.177225,
        -0.184899 0.546466 1.199778,
        -0.150789 0.546466 1.218629,
        -0.114783 0.546466 1.233543,
        -0.077333 0.546466 1.244332,
        -0.038911 0.546466 1.250861,
        -0.273858 0.551181 0.936368,
        -0.268681 0.551181 0.966837,
        -0.260125 0.551181 0.996533,
        -0.248298 0.551181 1.025086,
        -0.233349 0.551181 1.052135,
        -0.215465 0.551181 1.077340,
        -0.171828 0.551181 1.120977,
        -0.146623 0.551181 1.138861,
        -0.119574 0.551181 1.153810,
        -0.091022 0.551181 1.165637,
        -0.061325 0.551181 1.174193,
        -0.030856 0.551181 1.179370,
        0.345349 -0.546466 0.944423,
        0.415617 -0.532400 0.952341,
        0.483459 -0.509225 0.959985,
        0.547715 -0.477337 0.967224,
        0.607286 -0.437281 0.973937,
        0.661151 -0.389744 0.980006,
        0.708389 -0.335538 0.985328,
        0.748193 -0.275591 0.989813,
        0.779881 -0.210928 0.993383,
        0.802910 -0.142656 0.995978,
        0.816887 -0.071944 0.997553,
        0.801446 -0.071944 1.088437,
        0.775925 -0.071944 1.177020,
        0.740647 -0.071944 1.262189,
        0.696055 -0.071944 1.342872,
        0.642709 -0.071944 1.418056,
        0.581281 -0.071944 1.486793,
        0.512544 -0.071944 1.548221,
        0.437360 -0.071944 1.601567,
        0.356677 -0.071944 1.646159,
        0.271508 -0.071944 1.681437,
        0.182925 -0.071944 1.706957,
        0.092041 -0.071944 1.722399,
        0.787733 -0.142656 1.085307,
        0.762649 -0.142656 1.172374,
        0.727974 -0.142656 1.256086,
        0.684145 -0.142656 1.335389,
        0.631713 -0.142656 1.409286,
        0.571335 -0.142656 1.476848,
        0.503774 -0.142656 1.537224,
        0.429877 -0.142656 1.589657,
        0.350574 -0.142656 1.633486,
        0.266862 -0.142656 1.668161,
        0.179795 -0.142656 1.693244,
        0.090466 -0.142656 1.708422,
        0.765139 -0.210928 1.080150,
        0.740774 -0.210928 1.164720,
        0.707094 -0.210928 1.246030,
        0.664522 -0.210928 1.323059,
        0.613593 -0.210928 1.394836,
        0.554948 -0.210928 1.460460,
        0.489324 -0.210928 1.519105,
        0.417547 -0.210928 1.570034,
        0.340519 -0.210928 1.612606,
        0.259208 -0.210928 1.646286,
        0.174638 -0.210928 1.670650,
        0.087871 -0.210928 1.685393,
        0.734050 -0.275591 1.073054,
        0.710676 -0.275591 1.154188,
        0.678364 -0.275591 1.232195,
        0.637522 -0.275591 1.306093,
        0.588662 -0.275591 1.374954,
        0.532400 -0.275591 1.437912,
        0.469443 -0.275591 1.494174,
        0.400581 -0.275591 1.543033,
        0.326683 -0.275591 1.583876,
        0.248676 -0.275591 1.616187,
        0.167542 -0.275591 1.639562,
        0.084301 -0.275591 1.653705,
        0.694999 -0.335538 1.064141,
        0.672868 -0.335538 1.140959,
        0.642275 -0.335538 1.214815,
        0.603606 -0.335538 1.284783,
        0.557346 -0.335538 1.349980,
        0.504076 -0.335538 1.409588,
        0.444469 -0.335538 1.462857,
        0.379271 -0.335538 1.509118,
        0.309304 -0.335538 1.547787,
        0.235447 -0.335538 1.578380,
        0.158629 -0.335538 1.600511,
        0.079816 -0.335538 1.613901,
        0.648653 -0.389744 1.053563,
        0.627998 -0.389744 1.125258,
        0.599446 -0.389744 1.194190,
        0.563355 -0.389744 1.259491,
        0.520180 -0.389744 1.320341,
        0.470463 -0.389744 1.375974,
        0.414829 -0.389744 1.425691,
        0.353979 -0.389744 1.468867,
        0.288678 -0.389744 1.504957,
        0.219746 -0.389744 1.533510,
        0.148051 -0.389744 1.554165,
        0.074494 -0.389744 1.566663,
        0.595806 -0.437281 1.041501,
        0.576834 -0.437281 1.107355,
        0.550607 -0.437281 1.170670,
        0.517457 -0.437281 1.230652,
        0.477799 -0.437281 1.286544,
        0.432133 -0.437281 1.337645,
        0.381032 -0.437281 1.383311,
        0.325140 -0.437281 1.422969,
        0.265159 -0.437281 1.456119,
        0.201843 -0.437281 1.482346,
        0.135989 -0.437281 1.501318,
        0.068425 -0.437281 1.512798,
        0.537362 -0.477337 1.028161,
        0.520251 -0.477337 1.087556,
        0.496597 -0.477337 1.144660,
        0.466698 -0.477337 1.198758,
        0.430931 -0.477337 1.249168,
        0.389744 -0.477337 1.295256,
        0.343656 -0.477337 1.336443,
        0.293246 -0.477337 1.372210,
        0.239148 -0.477337 1.402109,
        0.182044 -0.477337 1.425763,
        0.122649 -0.477337 1.442874,
        0.061713 -0.477337 1.453227,
        0.474320 -0.509225 1.013772,
        0.459217 -0.509225 1.066198,
        0.438338 -0.509225 1.116604,
        0.411947 -0.509225 1.164355,
        0.380376 -0.509225 1.208851,
        0.344020 -0.509225 1.249532,
        0.303339 -0.509225 1.285887,
        0.258843 -0.509225 1.317459,
        0.211093 -0.509225 1.343850,
        0.160687 -0.509225 1.364728,
        0.108261 -0.509225 1.379832,
        0.054473 -0.509225 1.388971,
        0.407760 -0.532400 0.998580,
        0.394776 -0.532400 1.043650,
        0.376827 -0.532400 1.086982,
        0.354140 -0.532400 1.128032,
        0.326998 -0.532400 1.166284,
        0.295745 -0.532400 1.201257,
        0.260772 -0.532400 1.232510,
        0.222520 -0.532400 1.259652,
        0.181470 -0.532400 1.282339,
        0.138138 -0.532400 1.300288,
        0.093069 -0.532400 1.313272,
        0.046829 -0.532400 1.321129,
        0.338821 -0.546466 0.982845,
        0.328031 -0.546466 1.020295,
        0.313117 -0.546466 1.056301,
        0.294265 -0.546466 1.090411,
        0.271713 -0.546466 1.122196,
        0.245744 -0.546466 1.151256,
        0.216684 -0.546466 1.177225,
        0.184899 -0.546466 1.199778,
        0.150789 -0.546466 1.218629,
        0.114783 -0.546466 1.233543,
        0.077333 -0.546466 1.244332,
        0.038911 -0.546466 1.250861,
        0.147190 0.627473 0.554437,
        0.113531 0.625426 0.521179,
        0.066295 0.648919 0.502995,
        0.157404 0.630124 0.566854,
        0.158593 0.628015 0.565581,
        0.080378 0.622724 0.487915,
        0.074555 0.633555 0.494150,
        0.066872 0.647846 0.502378,
        -0.063180 0.653252 0.641644,
        0.017342 0.653252 0.716839,
        -0.061672 0.654796 0.640029,
        0.028864 0.665052 0.704501,
        -0.048711 0.668070 0.626150,
        -0.043719 0.673183 0.620803,
        0.036804 0.673183 0.695998,
        -0.036501 0.677126 0.613074,
        0.042034 0.676041 0.690397,
        -0.023841 0.684042 0.599518,
        0.054734 0.682978 0.676798,
        -0.021470 0.685338 0.596978,
        0.059053 0.685338 0.672173,
        -0.008662 0.687292 0.583263,
        0.070702 0.687115 0.659698,
        0.002148 0.688941 0.571688,
        0.082670 0.688941 0.646883,
        0.008737 0.687487 0.564631,
        0.086961 0.687994 0.642288,
        0.104193 0.684193 0.623835,
        0.025628 0.683761 0.546544,
        0.106150 0.683761 0.621739,
        0.028109 0.682214 0.543887,
        0.119493 0.675437 0.607451,
        0.047475 0.670131 0.523149,
        0.127997 0.670131 0.598344,
        0.057455 0.658882 0.512462,
        0.133747 0.663651 0.592187,
        0.146818 0.648919 0.578190,
        0.146854 0.648854 0.578152,
        -0.067674 0.676207 0.585426,
        -0.622774 -0.052020 0.060978,
        -0.619883 -0.041716 0.104691,
        -0.629271 -0.014318 0.099223,
        -0.483081 0.231964 0.181634,
        -0.495982 0.232206 0.190604,
        -0.465963 0.272984 0.211623,
        -0.510687 0.213617 0.180095,
        -0.515039 0.154762 0.089527,
        -0.497812 0.155642 0.085556,
        -0.503174 0.148821 0.068736,
        -0.531236 0.170047 0.132485,
        -0.544443 0.165940 0.139894,
        -0.534939 0.180426 0.154887,
        -0.005524 0.680624 0.513333,
        -0.041440 0.686448 0.553865,
        -0.024551 0.686394 0.534443,
        -0.293441 0.390729 0.246085,
        -0.297811 0.385127 0.243700,
        -0.301075 0.387320 0.244291,
        -0.434094 0.255833 0.184683,
        -0.445591 0.258669 0.189750,
        -0.439227 0.267660 0.194570,
        -0.452933 0.236981 0.174274,
        -0.455341 0.228160 0.166943,
        -0.468860 0.230421 0.173477,
        -0.577996 -0.105941 0.064558,
        -0.579069 -0.104868 0.065723,
        -0.580228 -0.104070 0.065683,
        -0.580142 -0.103796 0.066886,
        -0.615602 -0.047478 0.111863,
        -0.618648 -0.037748 0.117756,
        -0.624431 -0.004674 0.136150,
        -0.624590 -0.001023 0.138065,
        -0.624613 -0.000877 0.138015,
        -0.624598 -0.000825 0.138169,
        -0.623159 0.035298 0.156854,
        -0.623007 0.036219 0.157331,
        -0.627778 0.023806 0.130140,
        -0.614189 0.075076 0.177874,
        -0.612283 0.080690 0.180990,
        -0.608561 0.094420 0.172124,
        -0.566343 0.180085 0.237344,
        -0.561990 0.187937 0.241511,
        -0.558859 0.191757 0.235222,
        -0.388744 0.457776 0.371207,
        -0.372386 0.478000 0.383683,
        -0.367337 0.480611 0.368426,
        -0.090265 0.653380 0.614496,
        -0.075720 0.653022 0.629948,
        -0.069367 0.653192 0.635872,
        -0.120375 0.647659 0.589454,
        -0.118928 0.647926 0.590738,
        -0.118825 0.648413 0.590512,
        -0.104397 0.650613 0.603628,
        -0.091185 0.651722 0.615754,
        -0.138759 0.653246 0.551020,
        -0.168339 0.641615 0.529390,
        -0.173977 0.632236 0.543233,
        -0.132067 0.645497 0.579082,
        -0.108872 0.661783 0.574412,
        -0.146543 0.641414 0.566600,
        -0.158775 0.637963 0.556052,
        -0.197384 0.627159 0.509488,
        -0.225742 0.610183 0.491216,
        -0.227826 0.606150 0.498659,
        -0.211125 0.615672 0.512304,
        -0.201105 0.620416 0.520603,
        -0.184575 0.628243 0.534295,
        -0.269086 0.578548 0.465262,
        -0.259306 0.585973 0.473124,
        -0.235606 0.601715 0.492302,
        -0.326200 0.528946 0.412177,
        -0.356346 0.496672 0.396093,
        -0.350870 0.502980 0.400339,
        -0.331056 0.524054 0.415896,
        -0.327857 0.527286 0.418422,
        -0.327338 0.527811 0.418831,
        -0.370066 0.480868 0.385452,
        -0.319943 0.532514 0.393717,
        -0.274896 0.576352 0.440404,
        -0.305036 0.549059 0.436514,
        -0.406984 0.433794 0.357589,
        -0.410387 0.426408 0.344834,
        -0.413267 0.425091 0.353009,
        -0.466677 0.347080 0.315157,
        -0.451100 0.370733 0.325981,
        -0.449243 0.371567 0.321369,
        -0.435154 0.394261 0.337202,
        -0.424836 0.409064 0.344578,
        -0.496831 0.299558 0.294223,
        -0.486068 0.316723 0.301725,
        -0.483643 0.317993 0.296075,
        -0.481818 0.323502 0.304688,
        -0.511952 0.274849 0.283405,
        -0.514617 0.266555 0.270258,
        -0.516103 0.267957 0.280349,
        -0.518496 0.263942 0.278535,
        -0.548220 0.212746 0.254622,
        -0.531891 0.241325 0.268360,
        -0.524720 0.253500 0.273819,
        -0.575378 0.163103 0.228095,
        -0.592136 0.129909 0.209238,
        -0.588314 0.137678 0.213770,
        -0.583106 0.146891 0.203828,
        -0.581796 0.150930 0.221501,
        -0.600726 0.110903 0.198134,
        -0.596373 0.120535 0.203761,
        -0.599878 0.113295 0.196178,
        -0.593028 0.127190 0.183966,
        -0.609146 0.089931 0.186118,
        -0.602780 0.106135 0.195367,
        -0.601339 0.109547 0.197342,
        -0.626381 0.045441 0.122585,
        -0.620296 0.060358 0.154132,
        -0.615951 0.077853 0.145304,
        -0.614398 0.074335 0.177474,
        -0.621655 0.044450 0.161596,
        -0.621069 0.048017 0.163445,
        -0.618111 0.061208 0.170394,
        -0.623447 0.033054 0.155698,
        -0.624929 0.006756 0.142143,
        -0.624704 0.018569 0.148249,
        -0.624576 0.020856 0.149426,
        -0.621387 -0.026514 0.124246,
        -0.623243 -0.015755 0.130205,
        -0.618780 -0.037327 0.118011,
        -0.603888 -0.073027 0.094483,
        -0.607539 -0.066399 0.099348,
        -0.611846 -0.057165 0.105656,
        -0.612695 -0.054975 0.107059,
        -0.584680 -0.099260 0.071807,
        -0.590994 -0.091993 0.078860,
        -0.593866 -0.092451 0.064881,
        -0.593102 -0.089194 0.081315,
        -0.605546 -0.079621 0.063793,
        -0.596917 -0.084129 0.085758,
        -0.602699 -0.075185 0.092898,
        -0.580376 -0.109812 0.026372,
        -0.580911 -0.109353 0.026367,
        -0.559487 -0.122350 0.026439,
        -0.563316 -0.117733 0.049013,
        -0.565250 -0.118891 0.026420,
        -0.565190 -0.116336 0.050989,
        -0.570961 -0.112037 0.057071,
        -0.542008 -0.129404 0.026427,
        -0.547665 -0.126850 0.032483,
        -0.548472 -0.126795 0.026431,
        -0.548561 -0.126373 0.033432,
        -0.555595 -0.122627 0.040885,
        -0.612695 -0.076686 0.025989,
        -0.606055 -0.084684 0.026092,
        -0.597126 -0.095439 0.026231,
        -0.594531 -0.097665 0.026253,
        -0.623759 -0.057546 0.025693,
        -0.636342 -0.012951 0.024851,
        -0.633271 -0.029230 0.025177,
        -0.632341 -0.024276 0.057683,
        -0.632243 -0.034679 0.025286,
        -0.635660 0.001540 0.054282,
        -0.636514 -0.003119 0.024632,
        -0.636769 0.011454 0.024307,
        -0.634431 0.024361 0.051025,
        -0.635466 0.020009 0.024095,
        -0.633452 0.033229 0.023768,
        -0.630194 0.043878 0.048048,
        -0.631265 0.039831 0.023587,
        -0.625774 0.056408 0.023132,
        -0.623299 0.062107 0.045092,
        -0.624646 0.058513 0.023067,
        -0.614961 0.076588 0.022515,
        -0.612270 0.081449 0.041732,
        -0.613632 0.078317 0.022456,
        -0.601571 0.094016 0.021922,
        -0.595998 0.100901 0.038042,
        -0.597148 0.098111 0.021765,
        -0.583673 0.110589 0.021285,
        -0.573605 0.118747 0.034208,
        -0.574671 0.116464 0.021024,
        -0.529412 0.135616 0.019980,
        -0.542914 0.132303 0.020228,
        -0.544908 0.132577 0.030556,
        -0.545943 0.130988 0.020299,
        -0.565267 0.122601 0.020752,
        -0.511896 0.138485 0.019699,
        -0.521511 0.137555 0.019835,
        -0.528472 0.137123 0.028935,
        -0.507535 0.143463 0.049554,
        -0.494468 0.143784 0.048096,
        -0.495193 0.143438 0.045919,
        -0.486672 0.150626 0.071592,
        -0.488403 0.148976 0.066372,
        -0.490901 0.146597 0.058843,
        -0.493234 0.144374 0.051807,
        -0.484446 0.152747 0.078305,
        -0.483000 0.155052 0.082707,
        -0.478134 0.162808 0.097522,
        -0.478681 0.161936 0.095856,
        -0.491365 0.163837 0.100493,
        -0.482598 0.155693 0.083932,
        -0.483744 0.173320 0.114024,
        -0.473643 0.172470 0.111187,
        -0.477232 0.164246 0.100268,
        -0.465452 0.193963 0.136136,
        -0.469656 0.181603 0.123314,
        -0.471422 0.177558 0.117943,
        -0.480999 0.198279 0.144589,
        -0.458697 0.215861 0.156722,
        -0.461516 0.205534 0.148139,
        -0.447575 0.259158 0.190625,
        -0.453225 0.270959 0.202622,
        -0.448613 0.254863 0.187458,
        -0.432552 0.255453 0.184003,
        -0.424156 0.262994 0.187808,
        -0.411737 0.252160 0.179938,
        -0.418450 0.252522 0.180350,
        -0.418655 0.252534 0.180362,
        -0.429985 0.254913 0.183330,
        -0.408287 0.256926 0.182668,
        -0.408829 0.252003 0.179759,
        -0.399966 0.253059 0.180669,
        -0.388330 0.256498 0.183403,
        -0.389616 0.256086 0.183076,
        -0.381391 0.299320 0.205120,
        -0.398517 0.253232 0.180818,
        -0.399596 0.253104 0.180707,
        -0.361825 0.289129 0.201229,
        -0.363344 0.286478 0.199968,
        -0.365474 0.291141 0.201725,
        -0.371243 0.272042 0.192772,
        -0.386234 0.257814 0.184294,
        -0.375099 0.264806 0.189028,
        -0.335914 0.338102 0.223317,
        -0.343240 0.320589 0.215877,
        -0.353407 0.303816 0.208218,
        -0.307610 0.372565 0.238351,
        -0.320867 0.354351 0.230607,
        -0.333485 0.335804 0.222609,
        -0.275327 0.412222 0.255413,
        -0.261508 0.437191 0.265936,
        -0.256120 0.433100 0.264876,
        -0.201690 0.484381 0.291140,
        -0.208426 0.478347 0.287890,
        -0.217042 0.485911 0.289686,
        -0.231860 0.457354 0.276583,
        -0.254287 0.435093 0.265779,
        -0.167502 0.531678 0.316979,
        -0.155936 0.519718 0.314200,
        -0.171648 0.508452 0.306039,
        -0.099540 0.556034 0.345464,
        -0.111756 0.549076 0.338179,
        -0.101189 0.558390 0.345686,
        -0.134975 0.534233 0.325316,
        -0.141589 0.530006 0.321652,
        -0.083622 0.565100 0.354957,
        -0.072624 0.575512 0.364086,
        -0.070273 0.571855 0.363553,
        -0.056616 0.578765 0.372347,
        -0.042980 0.590291 0.384391,
        -0.040480 0.585969 0.383584,
        -0.012414 0.602327 0.406736,
        -0.010301 0.598285 0.405770,
        -0.030779 0.590299 0.390340,
        0.040338 0.614342 0.448309,
        0.020032 0.608587 0.430393,
        0.018795 0.611256 0.431157,
        0.017680 0.607921 0.428319,
        -0.006006 0.599961 0.409007,
        0.050348 0.616801 0.457674,
        0.050207 0.616772 0.457534,
        0.042694 0.632241 0.464393,
        0.050077 0.616740 0.457413,
        0.010342 0.626585 0.437230,
        0.071359 0.621121 0.478446,
        -0.078900 0.667001 0.599584,
        -0.439323 0.373740 0.301156,
        -0.400887 0.428007 0.324352,
        -0.358012 0.482005 0.347841,
        -0.303049 0.463936 0.284692,
        -0.256744 0.514649 0.309433,
        -0.244085 0.506533 0.301153,
        -0.205069 0.562371 0.337908,
        -0.192972 0.553741 0.329318,
        -0.055797 0.682556 0.570907,
        -0.098741 0.670797 0.559334,
        -0.087783 0.676983 0.544042,
        -0.129696 0.661952 0.535106,
        -0.119631 0.667881 0.519115,
        -0.160282 0.649923 0.512738,
        -0.151051 0.655523 0.496137,
        -0.190236 0.635013 0.492211,
        -0.181753 0.640237 0.475096,
        -0.219391 0.617557 0.473424,
        -0.211557 0.622391 0.455889,
        -0.247646 0.597892 0.456209,
        -0.240358 0.602343 0.438341,
        -0.268052 0.580453 0.422280,
        -0.310505 0.534028 0.373204,
        -0.074271 0.680724 0.526290,
        -0.058049 0.680550 0.506308,
        -0.106931 0.671388 0.500727,
        -0.091339 0.671032 0.480252,
        -0.139103 0.658733 0.477199,
        -0.124081 0.658150 0.456307,
        -0.170470 0.643113 0.455702,
        -0.155937 0.642283 0.434474,
        -0.200841 0.624924 0.436128,
        -0.186709 0.623851 0.414642,
        -0.230109 0.604548 0.418296,
        -0.216290 0.603256 0.396620,
        -0.258168 0.582368 0.402022,
        -0.124495 0.584945 0.355452,
        -0.153094 0.565022 0.338033,
        -0.177111 0.584478 0.354119,
        -0.112687 0.572386 0.349578,
        0.014588 0.667464 0.491973,
        -0.039371 0.674716 0.484906,
        -0.019131 0.661574 0.463656,
        -0.072970 0.665108 0.458609,
        -0.052560 0.652013 0.437493,
        -0.105967 0.652123 0.434478,
        -0.085348 0.639108 0.413517,
        -0.138014 0.636157 0.412515,
        -0.117150 0.623260 0.391724,
        -0.168910 0.617648 0.392604,
        -0.083418 0.589930 0.368434,
        -0.053021 0.605083 0.389257,
        -0.021666 0.617427 0.412181,
        -0.094644 0.602835 0.374685,
        -0.063633 0.618293 0.395932,
        -0.031642 0.630886 0.419323,
        0.001005 0.640226 0.444873,
        0.033981 0.645989 0.472562,
        0.024512 0.657772 0.481865,
        -0.566256 0.154783 0.155241,
        -0.574658 0.140066 0.136654,
        -0.590716 0.125036 0.149652,
        -0.548845 0.211652 0.254096,
        -0.544656 0.216264 0.247290,
        -0.533500 0.223744 0.229111,
        -0.503331 0.271223 0.251216,
        -0.487335 0.273762 0.231210,
        -0.457788 0.321833 0.255595,
        -0.477343 0.273867 0.221248,
        -0.572333 0.159524 0.188483,
        -0.561067 0.179426 0.204479,
        -0.545368 0.189195 0.186579,
        -0.532143 0.208711 0.198944,
        -0.580371 0.153718 0.222984,
        -0.571815 0.168452 0.221080,
        -0.547946 0.200970 0.217702,
        -0.517516 0.229491 0.209801,
        -0.507467 0.231319 0.200082,
        -0.473014 0.321086 0.276342,
        -0.424931 0.373386 0.279819,
        -0.405360 0.369402 0.258793,
        -0.387056 0.426878 0.302661,
        -0.368203 0.421894 0.281187,
        -0.344524 0.480458 0.325955,
        -0.326227 0.474788 0.304169,
        -0.297107 0.532380 0.351280,
        -0.279185 0.526301 0.329300,
        -0.244572 0.580897 0.380217,
        -0.226827 0.574651 0.358148,
        -0.198549 0.597008 0.374546,
        -0.147771 0.604912 0.371992,
        -0.105986 0.613988 0.382560,
        -0.074506 0.629677 0.404130,
        -0.042038 0.642457 0.427871,
        -0.008918 0.651931 0.453792,
        -0.631104 0.033374 0.088203,
        -0.622030 0.063781 0.115698,
        -0.626784 0.052393 0.083286,
        -0.615056 0.080765 0.108872,
        -0.619821 0.070092 0.078407,
        -0.603977 0.098597 0.101133,
        -0.608735 0.088784 0.072867,
        -0.587704 0.116269 0.092657,
        -0.592426 0.107463 0.066791,
        -0.565378 0.132106 0.083882,
        -0.570025 0.124428 0.060488,
        -0.536839 0.143806 0.075565,
        -0.541367 0.137314 0.054497,
        -0.524970 0.141388 0.051844,
        -0.510984 0.139653 0.027532,
        -0.503950 0.139253 0.019587,
        -0.609002 0.093954 0.136567,
        -0.597977 0.110733 0.126678,
        -0.581794 0.127182 0.115869,
        -0.559603 0.141662 0.104706,
        -0.531249 0.151954 0.094162,
        -0.520519 0.147298 0.071894,
        -0.524522 0.161656 0.110687,
        -0.552644 0.152979 0.123271,
        -0.500661 0.173977 0.119304,
        -0.507357 0.185323 0.139123,
        -0.516583 0.172813 0.125541,
        -0.521862 0.183541 0.146733,
        -0.464674 0.196249 0.138507,
        -0.437281 0.319112 0.235263,
        -0.456412 0.224234 0.163680,
        -0.496592 0.199087 0.151710,
        -0.510957 0.198370 0.159753,
        -0.523919 0.196332 0.168420,
        -0.556550 0.171199 0.171859,
        -0.582174 0.141351 0.170204,
        -0.601660 0.109487 0.161572,
        -0.411456 0.311828 0.217535,
        -0.396833 0.306237 0.210491,
        -0.380522 0.360756 0.240294,
        -0.180351 0.543468 0.322231,
        -0.230752 0.496913 0.294461,
        -0.275924 0.447428 0.270328,
        -0.316074 0.396822 0.248361,
        -0.351406 0.346902 0.227088,
        -0.344228 0.412037 0.262155,
        -0.632445 0.011047 0.093589,
        -0.279491 0.570647 0.456898,
        -0.282320 0.568499 0.454624,
        0.106954 0.646973 0.800822,
        0.114282 0.645786 0.807644,
        0.124252 0.654930 0.800276,
        0.201913 0.627578 0.887381,
        0.212878 0.624681 0.896835,
        0.228133 0.633424 0.887688,
        0.370751 0.564414 1.017620,
        0.375765 0.561748 1.020969,
        0.381500 0.562315 1.017233,
        0.462476 0.515916 1.050201,
        0.462838 0.516137 1.048487,
        0.419793 0.556928 0.986539,
        0.445252 0.522751 1.058346,
        0.449769 0.520356 1.058873,
        0.453497 0.518519 1.058633,
        0.454299 0.518149 1.058467,
        0.456936 0.517029 1.057496,
        0.458032 0.516624 1.056835,
        0.459033 0.516299 1.056037,
        0.459944 0.516055 1.055094,
        0.460753 0.515896 1.054010,
        0.462071 0.515840 1.051396,
        0.400868 0.561674 1.003011,
        0.418051 0.538322 1.047266,
        0.427972 0.532574 1.052262,
        0.436487 0.527663 1.055829,
        0.438069 0.526764 1.056365,
        0.439925 0.525709 1.056994,
        0.388779 0.554828 1.029662,
        0.391541 0.553287 1.031383,
        0.406687 0.544841 1.040822,
        0.277067 0.605100 0.948500,
        0.289343 0.600756 0.958017,
        0.302397 0.605155 0.950257,
        0.290400 0.600381 0.958836,
        0.313021 0.591413 0.975987,
        0.332980 0.582681 0.990746,
        0.322034 0.608679 0.936974,
        0.336436 0.581169 0.993302,
        0.351519 0.574056 1.004172,
        0.218825 0.623110 0.901963,
        0.238448 0.617590 0.918111,
        0.264802 0.609441 0.938993,
        0.139019 0.641780 0.830674,
        0.147034 0.640138 0.838028,
        0.154525 0.646443 0.833074,
        0.168305 0.635781 0.857545,
        0.194819 0.629452 0.881264,
        0.092755 0.661026 0.767612,
        0.081581 0.649764 0.777062,
        0.090891 0.648976 0.785797,
        0.052331 0.652238 0.749620,
        0.060476 0.664696 0.735512,
        0.189128 0.629000 0.596732,
        0.219329 0.628160 0.629181,
        0.190691 0.628956 0.598411,
        0.180419 0.647556 0.610182,
        0.190486 0.628962 0.598191,
        0.214846 0.643663 0.644409,
        0.223337 0.627819 0.633738,
        0.274250 0.621810 0.693557,
        0.254986 0.624670 0.670249,
        0.248438 0.637205 0.679222,
        0.247766 0.625743 0.661513,
        0.299534 0.616383 0.726019,
        0.284967 0.619510 0.707317,
        0.280465 0.628225 0.713919,
        0.364693 0.593743 0.820474,
        0.345397 0.601902 0.790616,
        0.328839 0.619135 0.797727,
        0.339729 0.603910 0.782355,
        0.339357 0.604042 0.781812,
        0.388788 0.583899 0.872503,
        0.392453 0.579279 0.867264,
        0.382621 0.584880 0.849991,
        0.433486 0.551096 0.947302,
        0.423799 0.558750 0.926620,
        0.375415 0.595615 0.888966,
        0.441974 0.543729 0.966832,
        0.440744 0.544796 0.964002,
        0.435567 0.548720 0.970148,
        0.414296 0.565619 0.907544,
        0.411839 0.567217 0.902917,
        0.399167 0.575454 0.879058,
        0.459377 0.525307 1.016181,
        0.456214 0.529241 1.005275,
        0.463339 0.518510 1.037315,
        0.462627 0.520261 1.031315,
        0.461633 0.522030 1.025769,
        0.463220 0.516371 1.046672,
        0.463520 0.517223 1.042410,
        0.454845 0.530817 1.001012,
        0.452335 0.533483 0.993917,
        0.449114 0.536904 0.984811,
        0.139764 0.665548 0.788033,
        0.107500 0.671777 0.754582,
        0.154100 0.672206 0.776011,
        0.121251 0.678535 0.741960,
        0.171726 0.676611 0.760381,
        0.138308 0.683039 0.725745,
        0.189249 0.676918 0.743930,
        0.155424 0.683417 0.708878,
        0.207100 0.672725 0.726160,
        0.173039 0.679264 0.690865,
        0.222732 0.664589 0.709598,
        0.188640 0.671134 0.674271,
        0.236661 0.652630 0.693784,
        0.202727 0.659147 0.658619,
        0.167947 0.663076 0.624046,
        0.153699 0.675080 0.639537,
        0.138130 0.683206 0.656163,
        0.120758 0.687334 0.674415,
        0.104058 0.686913 0.691695,
        0.087586 0.682348 0.708488,
        0.074435 0.675528 0.721704,
        0.359673 0.603798 0.905400,
        0.340989 0.608357 0.922196,
        0.243802 0.639602 0.877167,
        0.262728 0.643539 0.862999,
        0.281176 0.643513 0.847591,
        0.299566 0.639126 0.830428,
        0.315269 0.630965 0.813946,
        0.170680 0.656880 0.821526,
        0.185504 0.663400 0.810033,
        0.203607 0.667672 0.794920,
        0.221470 0.667884 0.778837,
        0.239519 0.663635 0.761282,
        0.255177 0.655493 0.744748,
        0.268974 0.643570 0.728791,
        0.324733 0.609223 0.760498,
        -0.446976 0.094587 -0.015308,
        -0.451752 0.085639 -0.016175,
        -0.466295 0.091662 -0.016175,
        -0.500343 0.139252 0.018853,
        -0.497223 0.139104 0.018205,
        -0.497244 0.137665 0.011381,
        -0.402295 0.085611 -0.002451,
        -0.400168 0.082389 -0.002847,
        -0.403169 0.086043 -0.002881,
        -0.423150 -0.105470 0.001618,
        -0.429627 -0.110830 0.003011,
        -0.430419 -0.108552 -0.000488,
        -0.534304 -0.131757 0.025091,
        -0.538961 -0.130335 0.025899,
        -0.538872 -0.130036 0.017152,
        -0.559343 -0.122053 0.017168,
        -0.511361 -0.135711 0.020813,
        -0.515111 -0.135308 0.021537,
        -0.515067 -0.134925 0.017059,
        -0.518979 -0.134893 0.022284,
        -0.526626 -0.133581 0.023709,
        -0.493146 -0.135657 0.016909,
        -0.493148 -0.135631 0.017102,
        -0.497549 -0.135951 0.018026,
        -0.505131 -0.136017 0.019576,
        -0.469640 -0.129860 0.007846,
        -0.469317 -0.131284 0.011916,
        -0.493261 -0.133126 0.008030,
        -0.475512 -0.132933 0.013294,
        -0.482757 -0.134402 0.014883,
        -0.490096 -0.135409 0.016462,
        -0.492193 -0.135561 0.016902,
        -0.454973 -0.126013 0.008681,
        -0.461978 -0.128855 0.010266,
        -0.469141 -0.131237 0.011877,
        -0.470645 -0.125424 -0.000144,
        -0.450855 -0.119129 -0.000291,
        -0.450433 -0.123822 0.007653,
        -0.436294 -0.115654 0.004478,
        -0.441341 -0.118885 0.005603,
        -0.448101 -0.122697 0.007126,
        -0.449206 -0.123230 0.007376,
        -0.416856 -0.099532 0.000301,
        -0.413876 -0.096050 -0.000691,
        -0.413757 -0.096198 -0.000326,
        -0.403036 -0.075413 -0.007339,
        -0.399602 -0.078167 -0.003062,
        -0.400980 -0.080336 -0.002813,
        -0.418003 -0.091341 -0.007190,
        -0.406809 -0.088223 -0.001708,
        -0.410750 -0.092963 -0.000935,
        -0.411819 -0.094113 -0.000719,
        -0.386027 -0.052352 -0.005407,
        -0.389619 -0.060420 -0.004815,
        -0.392151 -0.058981 -0.007483,
        -0.390518 -0.062440 -0.004666,
        -0.395530 -0.071757 -0.003800,
        -0.383553 -0.045706 -0.005801,
        -0.383365 -0.039109 -0.007650,
        -0.381750 -0.039682 -0.006078,
        -0.381901 -0.034509 -0.007687,
        -0.380117 -0.034226 -0.006330,
        -0.377587 -0.022215 -0.006704,
        -0.377740 -0.014533 -0.007845,
        -0.376661 -0.014678 -0.006837,
        -0.377006 0.007159 -0.008009,
        -0.375606 0.001100 -0.006983,
        -0.376061 -0.009791 -0.006922,
        -0.377854 0.026954 -0.006639,
        -0.377635 0.025921 -0.006672,
        -0.379635 0.026583 -0.008149,
        -0.376098 0.013680 -0.006905,
        -0.375845 0.007212 -0.006945,
        -0.380126 0.037681 -0.006289,
        -0.386080 0.047233 -0.008289,
        -0.383461 0.048854 -0.005762,
        -0.387529 0.059374 -0.005095,
        -0.394937 0.064657 -0.008399,
        -0.391125 0.066964 -0.004481,
        -0.396872 0.077398 -0.003461,
        -0.407783 0.081994 -0.008497,
        -0.391805 0.068400 -0.004364,
        -0.416274 0.102217 0.000342,
        -0.413975 0.099915 -0.000138,
        -0.417913 0.100222 -0.002991,
        -0.408010 0.093096 -0.001342,
        -0.402844 0.086330 -0.002344,
        -0.431651 0.115636 0.003648,
        -0.429394 0.113998 0.003148,
        -0.436602 0.112985 -0.003063,
        -0.422965 0.108666 0.001751,
        -0.420169 0.106117 0.001155,
        -0.449322 0.126638 0.007624,
        -0.442565 0.122943 0.006090,
        -0.453491 0.126091 0.003610,
        -0.435927 0.118742 0.004596,
        -0.434229 0.117194 0.003635,
        -0.434108 0.117420 0.004193,
        -0.457380 0.130345 0.009459,
        -0.456214 0.129854 0.009194,
        -0.452711 0.128219 0.008396,
        -0.464446 0.133018 0.011063,
        -0.476135 0.132258 0.003660,
        -0.464988 0.133183 0.011184,
        -0.475553 0.135532 0.011227,
        -0.471568 0.135199 0.012665,
        -0.475451 0.136122 0.013526,
        -0.492854 0.138898 0.017297,
        -0.486044 0.138156 0.015846,
        -0.478761 0.136909 0.014260,
        -0.521256 0.135988 0.011649,
        -0.405961 -0.051182 -0.015176,
        -0.413604 -0.046874 -0.016175,
        -0.398216 -0.033897 -0.015195,
        -0.409159 -0.037887 -0.016175,
        -0.450787 -0.085239 -0.016175,
        -0.446932 -0.082281 -0.016175,
        -0.442327 -0.089552 -0.015126,
        -0.434358 -0.072632 -0.016175,
        -0.428594 -0.079256 -0.015141,
        -0.430403 -0.069597 -0.016175,
        -0.415509 -0.065450 -0.015158,
        -0.422779 -0.059662 -0.016175,
        -0.414761 -0.049213 -0.016175,
        -0.462543 -0.090108 -0.016175,
        -0.459259 -0.098246 -0.015112,
        -0.474526 -0.095071 -0.016175,
        -0.475634 -0.103407 -0.015101,
        -0.477417 -0.095452 -0.016175,
        -0.494497 -0.105993 -0.015092,
        -0.494905 -0.097754 -0.016175,
        -0.546370 -0.095343 -0.015082,
        -0.528036 -0.094011 -0.016175,
        -0.530329 -0.101598 -0.015082,
        -0.525474 -0.095071 -0.016175,
        -0.511675 -0.105424 -0.015086,
        -0.510698 -0.097017 -0.016175,
        -0.500000 -0.098425 -0.016175,
        -0.557712 -0.078717 -0.016175,
        -0.549213 -0.085239 -0.016175,
        -0.542787 -0.087900 -0.016175,
        -0.587895 -0.059591 -0.015097,
        -0.569597 -0.069597 -0.016175,
        -0.575766 -0.074274 -0.015089,
        -0.562693 -0.085530 -0.015084,
        -0.588667 -0.040936 -0.016175,
        -0.585239 -0.049213 -0.016175,
        -0.580966 -0.054781 -0.016175,
        -0.596489 -0.044611 -0.015107,
        -0.603043 -0.026731 -0.015120,
        -0.595072 -0.025474 -0.016175,
        -0.606165 -0.009762 -0.015134,
        -0.597266 -0.008804 -0.016175,
        -0.598425 0.000000 -0.016175,
        -0.606408 0.009270 -0.015152,
        -0.597297 0.008572 -0.016175,
        -0.603741 0.026225 -0.015169,
        -0.595235 0.024235 -0.016175,
        -0.597676 0.044242 -0.015190,
        -0.590766 0.038066 -0.016175,
        -0.595072 0.025474 -0.016175,
        -0.614024 0.075982 0.013867,
        -0.624857 0.056011 0.014381,
        -0.600663 0.093196 0.013374,
        -0.569597 0.069597 -0.016175,
        -0.571559 0.067040 -0.016175,
        -0.578731 0.073404 -0.015228,
        -0.581121 0.054578 -0.016175,
        -0.589193 0.059901 -0.015209,
        -0.585239 0.049213 -0.016175,
        -0.589471 0.040678 -0.016175,
        -0.582854 0.109531 0.012846,
        -0.564581 0.121344 0.012405,
        -0.558506 0.078108 -0.016175,
        -0.564785 0.086223 -0.015248,
        -0.549213 0.085239 -0.016175,
        -0.550475 0.095500 -0.015264,
        -0.545832 0.086639 -0.016175,
        -0.533123 0.102983 -0.015280,
        -0.529748 0.093301 -0.016175,
        -0.542432 0.130859 0.011972,
        -0.474526 0.095071 -0.016175,
        -0.482451 0.096115 -0.016175,
        -0.480683 0.106697 -0.015307,
        -0.498082 0.098173 -0.016175,
        -0.497699 0.108359 -0.015302,
        -0.500000 0.098425 -0.016175,
        -0.516526 0.107024 -0.015292,
        -0.514877 0.096467 -0.016175,
        -0.525474 0.095071 -0.016175,
        -0.462468 0.101748 -0.015309,
        -0.414761 0.049213 -0.016175,
        -0.416466 0.051434 -0.016175,
        -0.407920 0.056823 -0.015284,
        -0.427074 0.065259 -0.016175,
        -0.419122 0.072045 -0.015296,
        -0.430403 0.069597 -0.016175,
        -0.431393 0.083909 -0.015304,
        -0.438174 0.075560 -0.016175,
        -0.450787 0.085239 -0.016175,
        -0.409952 0.037603 -0.016175,
        -0.400228 0.041539 -0.015271,
        -0.404929 0.025474 -0.016175,
        -0.394673 0.023451 -0.015255,
        -0.404410 0.021534 -0.016175,
        -0.392459 0.006462 -0.015238,
        -0.402351 0.005898 -0.016175,
        -0.406776 -0.030896 -0.016175,
        -0.405529 -0.027235 -0.016175,
        -0.396919 -0.029892 -0.015200,
        -0.404929 -0.025474 -0.016175,
        -0.393197 -0.012479 -0.015219,
        -0.403046 -0.011172 -0.016175,
        -0.401575 0.000000 -0.016175,
        -0.580174 -0.109534 0.017111,
        -0.596860 -0.095175 0.016991,
        -0.612344 -0.076444 0.016785,
        -0.623318 -0.057337 0.016535,
        -0.631691 -0.034529 0.016191,
        -0.635684 -0.012881 0.015824,
        -0.636000 0.011398 0.015366,
        -0.632599 0.033028 0.014914,
        -0.497296 0.134358 0.003777,
        -0.520728 0.132755 0.003981,
        -0.541407 0.127789 0.004228,
        -0.563056 0.118550 0.004557,
        -0.580937 0.107059 0.004894,
        -0.598392 0.091147 0.005298,
        -0.611514 0.074356 0.005677,
        -0.622178 0.054851 0.006072,
        -0.629832 0.032376 0.006483,
        -0.633232 0.011199 0.006832,
        -0.632993 -0.012597 0.007187,
        -0.629135 -0.033833 0.007471,
        -0.620974 -0.056225 0.007738,
        -0.610242 -0.074995 0.007933,
        -0.595070 -0.093401 0.008094,
        -0.578702 -0.107513 0.008187,
        -0.558254 -0.119813 0.008231,
        -0.538155 -0.127648 0.008219,
        -0.514780 -0.132433 0.008146,
        -0.455163 0.121556 -0.003080,
        -0.476982 0.127501 -0.003045,
        -0.497370 0.129532 -0.002965,
        -0.519951 0.128001 -0.002825,
        -0.539885 0.123231 -0.002656,
        -0.560762 0.114346 -0.002428,
        -0.578015 0.103290 -0.002196,
        -0.594869 0.087968 -0.001916,
        -0.607551 0.071790 -0.001654,
        -0.617871 0.052986 -0.001380,
        -0.625294 0.031306 -0.001095,
        -0.628609 0.010867 -0.000852,
        -0.628413 -0.012113 -0.000604,
        -0.624714 -0.032630 -0.000406,
        -0.616856 -0.054271 -0.000219,
        -0.606504 -0.072419 -0.000083,
        -0.591856 -0.090216 0.000030,
        -0.576043 -0.103862 0.000095,
        -0.556283 -0.115754 0.000126,
        -0.536856 -0.123326 0.000117,
        -0.514264 -0.127942 0.000066,
        -0.493467 -0.128600 -0.000015,
        -0.421818 0.095497 -0.008562,
        -0.439610 0.107650 -0.008605,
        -0.457281 0.115811 -0.008615,
        -0.478055 0.121471 -0.008594,
        -0.497465 0.123402 -0.008547,
        -0.518961 0.121939 -0.008463,
        -0.537935 0.117393 -0.008363,
        -0.557805 0.108929 -0.008228,
        -0.574225 0.098400 -0.008089,
        -0.590263 0.083811 -0.007923,
        -0.602331 0.068409 -0.007766,
        -0.612151 0.050509 -0.007602,
        -0.619215 0.029873 -0.007432,
        -0.622369 0.010418 -0.007286,
        -0.622183 -0.011455 -0.007138,
        -0.618664 -0.030983 -0.007019,
        -0.611186 -0.051582 -0.006906,
        -0.601334 -0.068855 -0.006824,
        -0.587393 -0.085795 -0.006757,
        -0.572344 -0.098783 -0.006717,
        -0.553538 -0.110101 -0.006699,
        -0.535048 -0.117307 -0.006704,
        -0.513546 -0.121700 -0.006735,
        -0.493753 -0.122326 -0.006784,
        -0.472032 -0.119302 -0.006861,
        -0.453197 -0.113309 -0.006950,
        -0.433747 -0.103241 -0.007068,
        -0.611906 0.028150 -0.012205,
        -0.614839 0.009876 -0.012137,
        -0.614634 -0.010657 -0.012068,
        -0.611309 -0.028981 -0.012013,
        -0.604272 -0.048302 -0.011960,
        -0.595016 -0.064499 -0.011922,
        -0.581930 -0.080381 -0.011891,
        -0.567811 -0.092557 -0.011872,
        -0.550172 -0.103169 -0.011863,
        -0.532832 -0.109928 -0.011866,
        -0.512667 -0.114054 -0.011880,
        -0.494103 -0.114649 -0.011903,
        -0.473726 -0.111827 -0.011939,
        -0.456050 -0.106220 -0.011980,
        -0.437789 -0.096793 -0.012035,
        -0.422996 -0.085644 -0.012092,
        -0.408923 -0.070711 -0.012161,
        -0.398677 -0.055296 -0.012229,
        -0.390391 -0.036643 -0.012306,
        -0.389008 -0.032324 -0.012323,
        -0.385063 -0.013560 -0.012396,
        -0.384337 0.006828 -0.012472,
        -0.386776 0.025096 -0.012537,
        -0.392805 0.044526 -0.012602,
        -0.401113 0.060930 -0.012653,
        -0.413181 0.077258 -0.012698,
        -0.426378 0.089978 -0.012728,
        -0.443119 0.101426 -0.012748,
        -0.459753 0.109111 -0.012752,
        -0.479307 0.114433 -0.012743,
        -0.497576 0.116238 -0.012721,
        -0.517802 0.114840 -0.012682,
        -0.535646 0.110539 -0.012636,
        -0.554322 0.102549 -0.012573,
        -0.569744 0.092620 -0.012509,
        -0.584796 0.078878 -0.012432,
        -0.596111 0.064381 -0.012360,
        -0.605306 0.047545 -0.012284,
        0.043719 -0.673183 0.620803,
        0.036501 -0.677126 0.613074,
        0.067674 -0.676207 0.585426,
        0.622774 0.052020 0.060978,
        0.619883 0.041716 0.104691,
        0.629271 0.014318 0.099223,
        0.483081 -0.231964 0.181634,
        0.495982 -0.232206 0.190604,
        0.465963 -0.272984 0.211623,
        0.510687 -0.213617 0.180095,
        0.515039 -0.154762 0.089527,
        0.497812 -0.155642 0.085556,
        0.503174 -0.148821 0.068736,
        0.531236 -0.170047 0.132485,
        0.544443 -0.165940 0.139894,
        0.534939 -0.180426 0.154887,
        -0.025628 -0.683761 0.546544,
        -0.028109 -0.682214 0.543887,
        0.005524 -0.680624 0.513333,
        0.021470 -0.685338 0.596978,
        0.008662 -0.687292 0.583263,
        0.041440 -0.686448 0.553865,
        -0.002148 -0.688941 0.571688,
        -0.008737 -0.687487 0.564631,
        0.024551 -0.686394 0.534443,
        0.293441 -0.390729 0.246085,
        0.297811 -0.385127 0.243700,
        0.301075 -0.387320 0.244291,
        0.434094 -0.255833 0.184683,
        0.445591 -0.258669 0.189750,
        0.439227 -0.267660 0.194570,
        0.452933 -0.236981 0.174274,
        0.455341 -0.228160 0.166943,
        0.468860 -0.230421 0.173477,
        0.577996 0.105941 0.064558,
        0.579069 0.104868 0.065723,
        0.580228 0.104070 0.065683,
        0.580142 0.103796 0.066886,
        0.615602 0.047478 0.111863,
        0.618648 0.037748 0.117756,
        0.624431 0.004674 0.136150,
        0.624590 0.001023 0.138065,
        0.624613 0.000877 0.138015,
        0.624598 0.000825 0.138169,
        0.623159 -0.035298 0.156854,
        0.623007 -0.036219 0.157331,
        0.627778 -0.023806 0.130140,
        0.614189 -0.075076 0.177874,
        0.612283 -0.080690 0.180990,
        0.608561 -0.094420 0.172124,
        0.566343 -0.180085 0.237344,
        0.561990 -0.187937 0.241511,
        0.558859 -0.191757 0.235222,
        0.388744 -0.457776 0.371207,
        0.372386 -0.478000 0.383683,
        0.367337 -0.480611 0.368426,
        0.090265 -0.653380 0.614496,
        0.075720 -0.653022 0.629948,
        0.061672 -0.654796 0.640029,
        0.069367 -0.653192 0.635872,
        0.063180 -0.653252 0.641644,
        0.120375 -0.647659 0.589454,
        0.118928 -0.647926 0.590738,
        0.118825 -0.648413 0.590512,
        0.104397 -0.650613 0.603628,
        0.091185 -0.651722 0.615754,
        0.138759 -0.653246 0.551020,
        0.168339 -0.641615 0.529390,
        0.173977 -0.632236 0.543233,
        0.132067 -0.645497 0.579082,
        0.108872 -0.661783 0.574412,
        0.146543 -0.641414 0.566600,
        0.158775 -0.637963 0.556052,
        0.197384 -0.627159 0.509488,
        0.225742 -0.610183 0.491216,
        0.227826 -0.606150 0.498659,
        0.211125 -0.615672 0.512304,
        0.201105 -0.620416 0.520603,
        0.184575 -0.628243 0.534295,
        0.269086 -0.578548 0.465262,
        0.259306 -0.585973 0.473124,
        0.235606 -0.601715 0.492302,
        0.326200 -0.528946 0.412177,
        0.356346 -0.496672 0.396093,
        0.350870 -0.502980 0.400339,
        0.331056 -0.524054 0.415896,
        0.327857 -0.527286 0.418422,
        0.327338 -0.527811 0.418831,
        0.370066 -0.480868 0.385452,
        0.319943 -0.532514 0.393717,
        0.274896 -0.576352 0.440404,
        0.305036 -0.549059 0.436514,
        0.406984 -0.433794 0.357589,
        0.410387 -0.426408 0.344834,
        0.413267 -0.425091 0.353009,
        0.466677 -0.347080 0.315157,
        0.451100 -0.370733 0.325981,
        0.449243 -0.371567 0.321369,
        0.435154 -0.394261 0.337202,
        0.424836 -0.409064 0.344578,
        0.496831 -0.299558 0.294223,
        0.486068 -0.316723 0.301725,
        0.483643 -0.317993 0.296075,
        0.481818 -0.323502 0.304688,
        0.511952 -0.274849 0.283405,
        0.514617 -0.266555 0.270258,
        0.516103 -0.267957 0.280349,
        0.518496 -0.263942 0.278535,
        0.548220 -0.212746 0.254622,
        0.531891 -0.241325 0.268360,
        0.524720 -0.253500 0.273819,
        0.575378 -0.163103 0.228095,
        0.592136 -0.129909 0.209238,
        0.588314 -0.137678 0.213770,
        0.583106 -0.146891 0.203828,
        0.581796 -0.150930 0.221501,
        0.600726 -0.110903 0.198134,
        0.596373 -0.120535 0.203761,
        0.599878 -0.113295 0.196178,
        0.593028 -0.127190 0.183966,
        0.609146 -0.089931 0.186118,
        0.602780 -0.106135 0.195367,
        0.601339 -0.109547 0.197342,
        0.626381 -0.045441 0.122585,
        0.620296 -0.060358 0.154132,
        0.615951 -0.077853 0.145304,
        0.614398 -0.074335 0.177474,
        0.621655 -0.044450 0.161596,
        0.621069 -0.048017 0.163445,
        0.618111 -0.061208 0.170394,
        0.623447 -0.033054 0.155698,
        0.624929 -0.006756 0.142143,
        0.624704 -0.018569 0.148249,
        0.624576 -0.020856 0.149426,
        0.621387 0.026514 0.124246,
        0.623243 0.015755 0.130205,
        0.618780 0.037327 0.118011,
        0.603888 0.073027 0.094483,
        0.607539 0.066399 0.099348,
        0.611846 0.057165 0.105656,
        0.612695 0.054975 0.107059,
        0.584680 0.099260 0.071807,
        0.590994 0.091993 0.078860,
        0.593866 0.092451 0.064881,
        0.593102 0.089194 0.081315,
        0.605546 0.079621 0.063793,
        0.596917 0.084129 0.085758,
        0.602699 0.075185 0.092898,
        0.580376 0.109812 0.026372,
        0.580911 0.109353 0.026367,
        0.559487 0.122350 0.026439,
        0.563316 0.117733 0.049013,
        0.565250 0.118891 0.026420,
        0.565190 0.116336 0.050989,
        0.570961 0.112037 0.057071,
        0.542008 0.129404 0.026427,
        0.547665 0.126850 0.032483,
        0.548472 0.126795 0.026431,
        0.548561 0.126373 0.033432,
        0.555595 0.122627 0.040885,
        0.612695 0.076686 0.025989,
        0.606055 0.084684 0.026092,
        0.597126 0.095439 0.026231,
        0.594531 0.097665 0.026253,
        0.623759 0.057546 0.025693,
        0.636342 0.012951 0.024851,
        0.633271 0.029230 0.025177,
        0.632341 0.024276 0.057683,
        0.632243 0.034679 0.025286,
        0.635660 -0.001540 0.054282,
        0.636514 0.003119 0.024632,
        0.636769 -0.011454 0.024307,
        0.634431 -0.024361 0.051025,
        0.635466 -0.020009 0.024095,
        0.633452 -0.033229 0.023768,
        0.630194 -0.043878 0.048048,
        0.631265 -0.039831 0.023587,
        0.625774 -0.056408 0.023132,
        0.623299 -0.062107 0.045092,
        0.624646 -0.058513 0.023067,
        0.614961 -0.076588 0.022515,
        0.612270 -0.081449 0.041732,
        0.613632 -0.078317 0.022456,
        0.601571 -0.094016 0.021922,
        0.595998 -0.100901 0.038042,
        0.597148 -0.098111 0.021765,
        0.583673 -0.110589 0.021285,
        0.573605 -0.118747 0.034208,
        0.574671 -0.116464 0.021024,
        0.529412 -0.135616 0.019980,
        0.542914 -0.132303 0.020228,
        0.544908 -0.132577 0.030556,
        0.545943 -0.130988 0.020299,
        0.565267 -0.122601 0.020752,
        0.511896 -0.138485 0.019699,
        0.521511 -0.137555 0.019835,
        0.528472 -0.137123 0.028935,
        0.507535 -0.143463 0.049554,
        0.494468 -0.143784 0.048096,
        0.495193 -0.143438 0.045919,
        0.486672 -0.150626 0.071592,
        0.488403 -0.148976 0.066372,
        0.490901 -0.146597 0.058843,
        0.493234 -0.144374 0.051807,
        0.484446 -0.152747 0.078305,
        0.483000 -0.155052 0.082707,
        0.478134 -0.162808 0.097522,
        0.478681 -0.161936 0.095856,
        0.491365 -0.163837 0.100493,
        0.482598 -0.155693 0.083932,
        0.483744 -0.173320 0.114024,
        0.473643 -0.172470 0.111187,
        0.477232 -0.164246 0.100268,
        0.465452 -0.193963 0.136136,
        0.469656 -0.181603 0.123314,
        0.471422 -0.177558 0.117943,
        0.480999 -0.198279 0.144589,
        0.458697 -0.215861 0.156722,
        0.461516 -0.205534 0.148139,
        0.447575 -0.259158 0.190625,
        0.453225 -0.270959 0.202622,
        0.448613 -0.254863 0.187458,
        0.432552 -0.255453 0.184003,
        0.424156 -0.262994 0.187808,
        0.411737 -0.252160 0.179938,
        0.418450 -0.252522 0.180350,
        0.418655 -0.252534 0.180362,
        0.429985 -0.254913 0.183330,
        0.408287 -0.256926 0.182668,
        0.408829 -0.252003 0.179759,
        0.399966 -0.253059 0.180669,
        0.388330 -0.256498 0.183403,
        0.389616 -0.256086 0.183076,
        0.381391 -0.299320 0.205120,
        0.398517 -0.253232 0.180818,
        0.399596 -0.253104 0.180707,
        0.361825 -0.289129 0.201229,
        0.363344 -0.286478 0.199968,
        0.365474 -0.291141 0.201725,
        0.371243 -0.272042 0.192772,
        0.386234 -0.257814 0.184294,
        0.375099 -0.264806 0.189028,
        0.335914 -0.338102 0.223317,
        0.343240 -0.320589 0.215877,
        0.353407 -0.303816 0.208218,
        0.307610 -0.372565 0.238351,
        0.320867 -0.354351 0.230607,
        0.333485 -0.335804 0.222609,
        0.275327 -0.412222 0.255413,
        0.261508 -0.437191 0.265936,
        0.256120 -0.433100 0.264876,
        0.201690 -0.484381 0.291140,
        0.208426 -0.478347 0.287890,
        0.217042 -0.485911 0.289686,
        0.231860 -0.457354 0.276583,
        0.254287 -0.435093 0.265779,
        0.167502 -0.531678 0.316979,
        0.155936 -0.519718 0.314200,
        0.171648 -0.508452 0.306039,
        0.099540 -0.556034 0.345464,
        0.111756 -0.549076 0.338179,
        0.101189 -0.558390 0.345686,
        0.134975 -0.534233 0.325316,
        0.141589 -0.530006 0.321652,
        0.083622 -0.565100 0.354957,
        0.072624 -0.575512 0.364086,
        0.070273 -0.571855 0.363553,
        0.056616 -0.578765 0.372347,
        0.042980 -0.590291 0.384391,
        0.040480 -0.585969 0.383584,
        0.012414 -0.602327 0.406736,
        0.010301 -0.598285 0.405770,
        0.030779 -0.590299 0.390340,
        -0.040338 -0.614342 0.448309,
        -0.020032 -0.608587 0.430393,
        -0.018795 -0.611256 0.431157,
        -0.017680 -0.607921 0.428319,
        0.006006 -0.599961 0.409007,
        -0.050348 -0.616801 0.457674,
        -0.050207 -0.616772 0.457534,
        -0.042694 -0.632241 0.464393,
        -0.050077 -0.616740 0.457413,
        -0.010342 -0.626585 0.437230,
        -0.071359 -0.621121 0.478446,
        -0.074555 -0.633555 0.494150,
        -0.080378 -0.622724 0.487915,
        0.048711 -0.668070 0.626150,
        0.078900 -0.667001 0.599584,
        0.439323 -0.373740 0.301156,
        0.400887 -0.428007 0.324352,
        0.358012 -0.482005 0.347841,
        0.303049 -0.463936 0.284692,
        0.256744 -0.514649 0.309433,
        0.244085 -0.506533 0.301153,
        0.205069 -0.562371 0.337908,
        0.192972 -0.553741 0.329318,
        0.023841 -0.684042 0.599518,
        0.055797 -0.682556 0.570907,
        0.098741 -0.670797 0.559334,
        0.087783 -0.676983 0.544042,
        0.129696 -0.661952 0.535106,
        0.119631 -0.667881 0.519115,
        0.160282 -0.649923 0.512738,
        0.151051 -0.655523 0.496137,
        0.190236 -0.635013 0.492211,
        0.181753 -0.640237 0.475096,
        0.219391 -0.617557 0.473424,
        0.211557 -0.622391 0.455889,
        0.247646 -0.597892 0.456209,
        0.240358 -0.602343 0.438341,
        0.268052 -0.580453 0.422280,
        0.310505 -0.534028 0.373204,
        0.074271 -0.680724 0.526290,
        0.058049 -0.680550 0.506308,
        0.106931 -0.671388 0.500727,
        0.091339 -0.671032 0.480252,
        0.139103 -0.658733 0.477199,
        0.124081 -0.658150 0.456307,
        0.170470 -0.643113 0.455702,
        0.155937 -0.642283 0.434474,
        0.200841 -0.624924 0.436128,
        0.186709 -0.623851 0.414642,
        0.230109 -0.604548 0.418296,
        0.216290 -0.603256 0.396620,
        0.258168 -0.582368 0.402022,
        0.124495 -0.584945 0.355452,
        0.153094 -0.565022 0.338033,
        0.177111 -0.584478 0.354119,
        0.112687 -0.572386 0.349578,
        -0.047475 -0.670131 0.523149,
        -0.014588 -0.667464 0.491973,
        0.039371 -0.674716 0.484906,
        0.019131 -0.661574 0.463656,
        0.072970 -0.665108 0.458609,
        0.052560 -0.652013 0.437493,
        0.105967 -0.652123 0.434478,
        0.085348 -0.639108 0.413517,
        0.138014 -0.636157 0.412515,
        0.117150 -0.623260 0.391724,
        0.168910 -0.617648 0.392604,
        0.083418 -0.589930 0.368434,
        0.053021 -0.605083 0.389257,
        0.021666 -0.617427 0.412181,
        0.094644 -0.602835 0.374685,
        0.063633 -0.618293 0.395932,
        0.031642 -0.630886 0.419323,
        -0.001005 -0.640226 0.444873,
        -0.033981 -0.645989 0.472562,
        -0.066872 -0.647846 0.502378,
        -0.024512 -0.657772 0.481865,
        -0.057455 -0.658882 0.512462,
        -0.066295 -0.648919 0.502995,
        0.566256 -0.154783 0.155241,
        0.574658 -0.140066 0.136654,
        0.590716 -0.125036 0.149652,
        0.548845 -0.211652 0.254096,
        0.544656 -0.216264 0.247290,
        0.533500 -0.223744 0.229111,
        0.503331 -0.271223 0.251216,
        0.487335 -0.273762 0.231210,
        0.457788 -0.321833 0.255595,
        0.477343 -0.273867 0.221248,
        0.572333 -0.159524 0.188483,
        0.561067 -0.179426 0.204479,
        0.545368 -0.189195 0.186579,
        0.532143 -0.208711 0.198944,
        0.580371 -0.153718 0.222984,
        0.571815 -0.168452 0.221080,
        0.547946 -0.200970 0.217702,
        0.517516 -0.229491 0.209801,
        0.507467 -0.231319 0.200082,
        0.473014 -0.321086 0.276342,
        0.424931 -0.373386 0.279819,
        0.405360 -0.369402 0.258793,
        0.387056 -0.426878 0.302661,
        0.368203 -0.421894 0.281187,
        0.344524 -0.480458 0.325955,
        0.326227 -0.474788 0.304169,
        0.297107 -0.532380 0.351280,
        0.279185 -0.526301 0.329300,
        0.244572 -0.580897 0.380217,
        0.226827 -0.574651 0.358148,
        0.198549 -0.597008 0.374546,
        0.147771 -0.604912 0.371992,
        0.105986 -0.613988 0.382560,
        0.074506 -0.629677 0.404130,
        0.042038 -0.642457 0.427871,
        0.008918 -0.651931 0.453792,
        0.631104 -0.033374 0.088203,
        0.622030 -0.063781 0.115698,
        0.626784 -0.052393 0.083286,
        0.615056 -0.080765 0.108872,
        0.619821 -0.070092 0.078407,
        0.603977 -0.098597 0.101133,
        0.608735 -0.088784 0.072867,
        0.587704 -0.116269 0.092657,
        0.592426 -0.107463 0.066791,
        0.565378 -0.132106 0.083882,
        0.570025 -0.124428 0.060488,
        0.536839 -0.143806 0.075565,
        0.541367 -0.137314 0.054497,
        0.524970 -0.141388 0.051844,
        0.510984 -0.139653 0.027532,
        0.503950 -0.139253 0.019587,
        0.609002 -0.093954 0.136567,
        0.597977 -0.110733 0.126678,
        0.581794 -0.127182 0.115869,
        0.559603 -0.141662 0.104706,
        0.531249 -0.151954 0.094162,
        0.520519 -0.147298 0.071894,
        0.524522 -0.161656 0.110687,
        0.552644 -0.152979 0.123271,
        0.500661 -0.173977 0.119304,
        0.507357 -0.185323 0.139123,
        0.516583 -0.172813 0.125541,
        0.521862 -0.183541 0.146733,
        0.464674 -0.196249 0.138507,
        0.437281 -0.319112 0.235263,
        0.456412 -0.224234 0.163680,
        0.496592 -0.199087 0.151710,
        0.510957 -0.198370 0.159753,
        0.523919 -0.196332 0.168420,
        0.556550 -0.171199 0.171859,
        0.582174 -0.141351 0.170204,
        0.601660 -0.109487 0.161572,
        0.411456 -0.311828 0.217535,
        0.396833 -0.306237 0.210491,
        0.380522 -0.360756 0.240294,
        0.180351 -0.543468 0.322231,
        0.230752 -0.496913 0.294461,
        0.275924 -0.447428 0.270328,
        0.316074 -0.396822 0.248361,
        0.351406 -0.346902 0.227088,
        0.344228 -0.412037 0.262155,
        0.632445 -0.011047 0.093589,
        0.279491 -0.570647 0.456898,
        0.282320 -0.568499 0.454624,
        -0.147190 -0.627473 0.554437,
        -0.113531 -0.625426 0.521179,
        -0.157404 -0.630124 0.566854,
        -0.158593 -0.628015 0.565581,
        -0.017342 -0.653252 0.716839,
        -0.028864 -0.665052 0.704501,
        -0.036804 -0.673183 0.695998,
        -0.042034 -0.676041 0.690397,
        -0.054734 -0.682978 0.676798,
        -0.059053 -0.685338 0.672173,
        -0.070702 -0.687115 0.659698,
        -0.082670 -0.688941 0.646883,
        -0.086961 -0.687994 0.642288,
        -0.104193 -0.684193 0.623835,
        -0.106150 -0.683761 0.621739,
        -0.119493 -0.675437 0.607451,
        -0.127997 -0.670131 0.598344,
        -0.133747 -0.663651 0.592187,
        -0.146818 -0.648919 0.578190,
        -0.146854 -0.648854 0.578152,
        -0.106954 -0.646973 0.800822,
        -0.114282 -0.645786 0.807644,
        -0.124252 -0.654930 0.800276,
        -0.201913 -0.627578 0.887381,
        -0.212878 -0.624681 0.896835,
        -0.228133 -0.633424 0.887688,
        -0.370751 -0.564414 1.017620,
        -0.375765 -0.561748 1.020969,
        -0.381500 -0.562315 1.017233,
        -0.189128 -0.629000 0.596732,
        -0.219329 -0.628160 0.629181,
        -0.190691 -0.628956 0.598411,
        -0.180419 -0.647556 0.610182,
        -0.190486 -0.628962 0.598191,
        -0.214846 -0.643663 0.644409,
        -0.223337 -0.627819 0.633738,
        -0.274250 -0.621810 0.693557,
        -0.254986 -0.624670 0.670249,
        -0.248438 -0.637205 0.679222,
        -0.247766 -0.625743 0.661513,
        -0.299534 -0.616383 0.726019,
        -0.284967 -0.619510 0.707317,
        -0.280465 -0.628225 0.713919,
        -0.364693 -0.593743 0.820474,
        -0.345397 -0.601902 0.790616,
        -0.328839 -0.619135 0.797727,
        -0.339729 -0.603910 0.782355,
        -0.339357 -0.604042 0.781812,
        -0.388788 -0.583899 0.872503,
        -0.392453 -0.579279 0.867264,
        -0.382621 -0.584880 0.849991,
        -0.434727 -0.550060 0.950063,
        -0.423799 -0.558750 0.926620,
        -0.375415 -0.595615 0.888966,
        -0.414296 -0.565619 0.907544,
        -0.411839 -0.567217 0.902917,
        -0.399167 -0.575454 0.879058,
        -0.445464 -0.540478 0.975395,
        -0.444211 -0.541661 0.972278,
        -0.435567 -0.548720 0.970148,
        -0.440692 -0.544778 0.964033,
        -0.460272 -0.524078 1.019702,
        -0.457741 -0.527404 1.010311,
        -0.419793 -0.556928 0.986539,
        -0.462062 -0.521311 1.027981,
        -0.462880 -0.516101 1.048549,
        -0.463082 -0.516228 1.047576,
        -0.463333 -0.516537 1.045725,
        -0.463520 -0.517535 1.041084,
        -0.463122 -0.519150 1.035036,
        -0.456654 -0.528722 1.006692,
        -0.452429 -0.533430 0.994041,
        -0.451685 -0.534259 0.991812,
        -0.453497 -0.518519 1.058633,
        -0.449769 -0.520356 1.058873,
        -0.445252 -0.522751 1.058346,
        -0.454299 -0.518149 1.058467,
        -0.456959 -0.517020 1.057484,
        -0.458097 -0.516601 1.056789,
        -0.459108 -0.516277 1.055968,
        -0.460009 -0.516040 1.055017,
        -0.460802 -0.515889 1.053935,
        -0.461711 -0.515820 1.052260,
        -0.462724 -0.516003 1.049298,
        -0.400868 -0.561674 1.003011,
        -0.418051 -0.538322 1.047266,
        -0.427972 -0.532574 1.052262,
        -0.436487 -0.527663 1.055829,
        -0.438069 -0.526764 1.056365,
        -0.439925 -0.525709 1.056994,
        -0.388779 -0.554828 1.029662,
        -0.391541 -0.553287 1.031383,
        -0.406687 -0.544841 1.040822,
        -0.277067 -0.605100 0.948500,
        -0.289343 -0.600756 0.958017,
        -0.302397 -0.605155 0.950257,
        -0.290400 -0.600381 0.958836,
        -0.313021 -0.591413 0.975987,
        -0.332980 -0.582681 0.990746,
        -0.322034 -0.608679 0.936974,
        -0.336436 -0.581169 0.993302,
        -0.351519 -0.574056 1.004172,
        -0.218825 -0.623110 0.901963,
        -0.238448 -0.617590 0.918111,
        -0.264802 -0.609441 0.938993,
        -0.139019 -0.641780 0.830674,
        -0.147034 -0.640138 0.838028,
        -0.154525 -0.646443 0.833074,
        -0.168305 -0.635781 0.857545,
        -0.194819 -0.629452 0.881264,
        -0.092755 -0.661026 0.767612,
        -0.081581 -0.649764 0.777062,
        -0.090891 -0.648976 0.785797,
        -0.052331 -0.652238 0.749620,
        -0.060476 -0.664696 0.735512,
        -0.139764 -0.665548 0.788033,
        -0.107500 -0.671777 0.754582,
        -0.154100 -0.672206 0.776011,
        -0.121251 -0.678535 0.741960,
        -0.171726 -0.676611 0.760381,
        -0.138308 -0.683039 0.725745,
        -0.189249 -0.676918 0.743930,
        -0.155424 -0.683417 0.708878,
        -0.207100 -0.672725 0.726160,
        -0.173039 -0.679264 0.690865,
        -0.222732 -0.664589 0.709598,
        -0.188640 -0.671134 0.674271,
        -0.236661 -0.652630 0.693784,
        -0.202727 -0.659147 0.658619,
        -0.167947 -0.663076 0.624046,
        -0.153699 -0.675080 0.639537,
        -0.138130 -0.683206 0.656163,
        -0.120758 -0.687334 0.674415,
        -0.104058 -0.686913 0.691695,
        -0.087586 -0.682348 0.708488,
        -0.074435 -0.675528 0.721704,
        -0.359673 -0.603798 0.905400,
        -0.340989 -0.608357 0.922196,
        -0.243802 -0.639602 0.877167,
        -0.262728 -0.643539 0.862999,
        -0.281176 -0.643513 0.847591,
        -0.299566 -0.639126 0.830428,
        -0.315269 -0.630965 0.813946,
        -0.170680 -0.656880 0.821526,
        -0.185504 -0.663400 0.810033,
        -0.203607 -0.667672 0.794920,
        -0.221470 -0.667884 0.778837,
        -0.239519 -0.663635 0.761282,
        -0.255177 -0.655493 0.744748,
        -0.268974 -0.643570 0.728791,
        -0.324733 -0.609223 0.760498,
        0.446976 -0.094587 -0.015308,
        0.451752 -0.085639 -0.016175,
        0.466295 -0.091662 -0.016175,
        0.500343 -0.139252 0.018853,
        0.497223 -0.139104 0.018205,
        0.497244 -0.137665 0.011381,
        0.402295 -0.085611 -0.002451,
        0.400168 -0.082389 -0.002847,
        0.403169 -0.086043 -0.002881,
        0.423150 0.105470 0.001618,
        0.429627 0.110830 0.003011,
        0.430419 0.108552 -0.000488,
        0.534304 0.131757 0.025091,
        0.538961 0.130335 0.025899,
        0.538872 0.130036 0.017152,
        0.559343 0.122053 0.017168,
        0.511361 0.135711 0.020813,
        0.515111 0.135308 0.021537,
        0.515067 0.134925 0.017059,
        0.518979 0.134893 0.022284,
        0.526626 0.133581 0.023709,
        0.493146 0.135657 0.016909,
        0.493148 0.135631 0.017102,
        0.497549 0.135951 0.018026,
        0.505131 0.136017 0.019576,
        0.469640 0.129860 0.007846,
        0.469317 0.131284 0.011916,
        0.493261 0.133126 0.008030,
        0.475512 0.132933 0.013294,
        0.482757 0.134402 0.014883,
        0.490096 0.135409 0.016462,
        0.492193 0.135561 0.016902,
        0.454973 0.126013 0.008681,
        0.461978 0.128855 0.010266,
        0.469141 0.131237 0.011877,
        0.470645 0.125424 -0.000144,
        0.450855 0.119129 -0.000291,
        0.450433 0.123822 0.007653,
        0.436294 0.115654 0.004478,
        0.441341 0.118885 0.005603,
        0.448101 0.122697 0.007126,
        0.449206 0.123230 0.007376,
        0.416856 0.099532 0.000301,
        0.413876 0.096050 -0.000691,
        0.413757 0.096198 -0.000326,
        0.403036 0.075413 -0.007339,
        0.399602 0.078167 -0.003062,
        0.400980 0.080336 -0.002813,
        0.418003 0.091341 -0.007190,
        0.406809 0.088223 -0.001708,
        0.410750 0.092963 -0.000935,
        0.411819 0.094113 -0.000719,
        0.386027 0.052352 -0.005407,
        0.389619 0.060420 -0.004815,
        0.392151 0.058981 -0.007483,
        0.390518 0.062440 -0.004666,
        0.395530 0.071757 -0.003800,
        0.383553 0.045706 -0.005801,
        0.383365 0.039109 -0.007650,
        0.381750 0.039682 -0.006078,
        0.381901 0.034509 -0.007687,
        0.380117 0.034226 -0.006330,
        0.377587 0.022215 -0.006704,
        0.377740 0.014533 -0.007845,
        0.376661 0.014678 -0.006837,
        0.377006 -0.007159 -0.008009,
        0.375606 -0.001100 -0.006983,
        0.376061 0.009791 -0.006922,
        0.377854 -0.026954 -0.006639,
        0.377635 -0.025921 -0.006672,
        0.379635 -0.026583 -0.008149,
        0.376098 -0.013680 -0.006905,
        0.375845 -0.007212 -0.006945,
        0.380126 -0.037681 -0.006289,
        0.386080 -0.047233 -0.008289,
        0.383461 -0.048854 -0.005762,
        0.387529 -0.059374 -0.005095,
        0.394937 -0.064657 -0.008399,
        0.391125 -0.066964 -0.004481,
        0.396872 -0.077398 -0.003461,
        0.407783 -0.081994 -0.008497,
        0.391805 -0.068400 -0.004364,
        0.416274 -0.102217 0.000342,
        0.413975 -0.099915 -0.000138,
        0.417913 -0.100222 -0.002991,
        0.408010 -0.093096 -0.001342,
        0.402844 -0.086330 -0.002344,
        0.431651 -0.115636 0.003648,
        0.429394 -0.113998 0.003148,
        0.436602 -0.112985 -0.003063,
        0.422965 -0.108666 0.001751,
        0.420169 -0.106117 0.001155,
        0.449322 -0.126638 0.007624,
        0.442565 -0.122943 0.006090,
        0.453491 -0.126091 0.003610,
        0.435927 -0.118742 0.004596,
        0.434229 -0.117194 0.003635,
        0.434108 -0.117420 0.004193,
        0.457380 -0.130345 0.009459,
        0.456214 -0.129854 0.009194,
        0.452711 -0.128219 0.008396,
        0.464446 -0.133018 0.011063,
        0.476135 -0.132258 0.003660,
        0.464988 -0.133183 0.011184,
        0.475553 -0.135532 0.011227,
        0.471568 -0.135199 0.012665,
        0.475451 -0.136122 0.013526,
        0.492854 -0.138898 0.017297,
        0.486044 -0.138156 0.015846,
        0.478761 -0.136909 0.014260,
        0.521256 -0.135988 0.011649,
        0.405961 0.051182 -0.015176,
        0.413604 0.046874 -0.016175,
        0.398216 0.033897 -0.015195,
        0.409159 0.037887 -0.016175,
        0.450787 0.085239 -0.016175,
        0.446932 0.082281 -0.016175,
        0.442327 0.089552 -0.015126,
        0.434358 0.072632 -0.016175,
        0.428594 0.079256 -0.015141,
        0.430403 0.069597 -0.016175,
        0.415509 0.065450 -0.015158,
        0.422779 0.059662 -0.016175,
        0.414761 0.049213 -0.016175,
        0.462543 0.090108 -0.016175,
        0.459259 0.098246 -0.015112,
        0.474526 0.095071 -0.016175,
        0.475634 0.103407 -0.015101,
        0.477417 0.095452 -0.016175,
        0.494497 0.105993 -0.015092,
        0.494905 0.097754 -0.016175,
        0.546370 0.095343 -0.015082,
        0.528036 0.094011 -0.016175,
        0.530329 0.101598 -0.015082,
        0.525474 0.095071 -0.016175,
        0.511675 0.105424 -0.015086,
        0.510698 0.097017 -0.016175,
        0.500000 0.098425 -0.016175,
        0.557712 0.078717 -0.016175,
        0.549213 0.085239 -0.016175,
        0.542787 0.087900 -0.016175,
        0.587895 0.059591 -0.015097,
        0.569597 0.069597 -0.016175,
        0.575766 0.074274 -0.015089,
        0.562693 0.085530 -0.015084,
        0.588667 0.040936 -0.016175,
        0.585239 0.049213 -0.016175,
        0.580966 0.054781 -0.016175,
        0.596489 0.044611 -0.015107,
        0.603043 0.026731 -0.015120,
        0.595072 0.025474 -0.016175,
        0.606165 0.009762 -0.015134,
        0.597266 0.008804 -0.016175,
        0.598425 0.000000 -0.016175,
        0.606408 -0.009270 -0.015152,
        0.597297 -0.008572 -0.016175,
        0.603741 -0.026225 -0.015169,
        0.595235 -0.024235 -0.016175,
        0.597676 -0.044242 -0.015190,
        0.590766 -0.038066 -0.016175,
        0.595072 -0.025474 -0.016175,
        0.614024 -0.075982 0.013867,
        0.624857 -0.056011 0.014381,
        0.600663 -0.093196 0.013374,
        0.569597 -0.069597 -0.016175,
        0.571559 -0.067040 -0.016175,
        0.578731 -0.073404 -0.015228,
        0.581121 -0.054578 -0.016175,
        0.589193 -0.059901 -0.015209,
        0.585239 -0.049213 -0.016175,
        0.589471 -0.040678 -0.016175,
        0.582854 -0.109531 0.012846,
        0.564581 -0.121344 0.012405,
        0.558506 -0.078108 -0.016175,
        0.564785 -0.086223 -0.015248,
        0.549213 -0.085239 -0.016175,
        0.550475 -0.095500 -0.015264,
        0.545832 -0.086639 -0.016175,
        0.533123 -0.102983 -0.015280,
        0.529748 -0.093301 -0.016175,
        0.542432 -0.130859 0.011972,
        0.474526 -0.095071 -0.016175,
        0.482451 -0.096115 -0.016175,
        0.480683 -0.106697 -0.015307,
        0.498082 -0.098173 -0.016175,
        0.497699 -0.108359 -0.015302,
        0.500000 -0.098425 -0.016175,
        0.516526 -0.107024 -0.015292,
        0.514877 -0.096467 -0.016175,
        0.525474 -0.095071 -0.016175,
        0.462468 -0.101748 -0.015309,
        0.414761 -0.049213 -0.016175,
        0.416466 -0.051434 -0.016175,
        0.407920 -0.056823 -0.015284,
        0.427074 -0.065259 -0.016175,
        0.419122 -0.072045 -0.015296,
        0.430403 -0.069597 -0.016175,
        0.431393 -0.083909 -0.015304,
        0.438174 -0.075560 -0.016175,
        0.450787 -0.085239 -0.016175,
        0.409952 -0.037603 -0.016175,
        0.400228 -0.041539 -0.015271,
        0.404929 -0.025474 -0.016175,
        0.394673 -0.023451 -0.015255,
        0.404410 -0.021534 -0.016175,
        0.392459 -0.006462 -0.015238,
        0.402351 -0.005898 -0.016175,
        0.406776 0.030896 -0.016175,
        0.405529 0.027235 -0.016175,
        0.396919 0.029892 -0.015200,
        0.404929 0.025474 -0.016175,
        0.393197 0.012479 -0.015219,
        0.403046 0.011172 -0.016175,
        0.401575 0.000000 -0.016175,
        0.580174 0.109534 0.017111,
        0.596860 0.095175 0.016991,
        0.612344 0.076444 0.016785,
        0.623318 0.057337 0.016535,
        0.631691 0.034529 0.016191,
        0.635684 0.012881 0.015824,
        0.636000 -0.011398 0.015366,
        0.632599 -0.033028 0.014914,
        0.497296 -0.134358 0.003777,
        0.520728 -0.132755 0.003981,
        0.541407 -0.127789 0.004228,
        0.563056 -0.118550 0.004557,
        0.580937 -0.107059 0.004894,
        0.598392 -0.091147 0.005298,
        0.611514 -0.074356 0.005677,
        0.622178 -0.054851 0.006072,
        0.629832 -0.032376 0.006483,
        0.633232 -0.011199 0.006832,
        0.632993 0.012597 0.007187,
        0.629135 0.033833 0.007471,
        0.620974 0.056225 0.007738,
        0.610242 0.074995 0.007933,
        0.595070 0.093401 0.008094,
        0.578702 0.107513 0.008187,
        0.558254 0.119813 0.008231,
        0.538155 0.127648 0.008219,
        0.514780 0.132433 0.008146,
        0.455163 -0.121556 -0.003080,
        0.476982 -0.127501 -0.003045,
        0.497370 -0.129532 -0.002965,
        0.519951 -0.128001 -0.002825,
        0.539885 -0.123231 -0.002656,
        0.560762 -0.114346 -0.002428,
        0.578015 -0.103290 -0.002196,
        0.594869 -0.087968 -0.001916,
        0.607551 -0.071790 -0.001654,
        0.617871 -0.052986 -0.001380,
        0.625294 -0.031306 -0.001095,
        0.628609 -0.010867 -0.000852,
        0.628413 0.012113 -0.000604,
        0.624714 0.032630 -0.000406,
        0.616856 0.054271 -0.000219,
        0.606504 0.072419 -0.000083,
        0.591856 0.090216 0.000030,
        0.576043 0.103862 0.000095,
        0.556283 0.115754 0.000126,
        0.536856 0.123326 0.000117,
        0.514264 0.127942 0.000066,
        0.493467 0.128600 -0.000015,
        0.421818 -0.095497 -0.008562,
        0.439610 -0.107650 -0.008605,
        0.457281 -0.115811 -0.008615,
        0.478055 -0.121471 -0.008594,
        0.497465 -0.123402 -0.008547,
        0.518961 -0.121939 -0.008463,
        0.537935 -0.117393 -0.008363,
        0.557805 -0.108929 -0.008228,
        0.574225 -0.098400 -0.008089,
        0.590263 -0.083811 -0.007923,
        0.602331 -0.068409 -0.007766,
        0.612151 -0.050509 -0.007602,
        0.619215 -0.029873 -0.007432,
        0.622369 -0.010418 -0.007286,
        0.622183 0.011455 -0.007138,
        0.618664 0.030983 -0.007019,
        0.611186 0.051582 -0.006906,
        0.601334 0.068855 -0.006824,
        0.587393 0.085795 -0.006757,
        0.572344 0.098783 -0.006717,
        0.553538 0.110101 -0.006699,
        0.535048 0.117307 -0.006704,
        0.513546 0.121700 -0.006735,
        0.493753 0.122326 -0.006784,
        0.472032 0.119302 -0.006861,
        0.453197 0.113309 -0.006950,
        0.433747 0.103241 -0.007068,
        0.611906 -0.028150 -0.012205,
        0.614839 -0.009876 -0.012137,
        0.614634 0.010657 -0.012068,
        0.611309 0.028981 -0.012013,
        0.604272 0.048302 -0.011960,
        0.595016 0.064499 -0.011922,
        0.581930 0.080381 -0.011891,
        0.567811 0.092557 -0.011872,
        0.550172 0.103169 -0.011863,
        0.532832 0.109928 -0.011866,
        0.512667 0.114054 -0.011880,
        0.494103 0.114649 -0.011903,
        0.473726 0.111827 -0.011939,
        0.456050 0.106220 -0.011980,
        0.437789 0.096793 -0.012035,
        0.422996 0.085644 -0.012092,
        0.408923 0.070711 -0.012161,
        0.398677 0.055296 -0.012229,
        0.390391 0.036643 -0.012306,
        0.389008 0.032324 -0.012323,
        0.385063 0.013560 -0.012396,
        0.384337 -0.006828 -0.012472,
        0.386776 -0.025096 -0.012537,
        0.392805 -0.044526 -0.012602,
        0.401113 -0.060930 -0.012653,
        0.413181 -0.077258 -0.012698,
        0.426378 -0.089978 -0.012728,
        0.443119 -0.101426 -0.012748,
        0.459753 -0.109111 -0.012752,
        0.479307 -0.114433 -0.012743,
        0.497576 -0.116238 -0.012721,
        0.517802 -0.114840 -0.012682,
        0.535646 -0.110539 -0.012636,
        0.554322 -0.102549 -0.012573,
        0.569744 -0.092620 -0.012509,
        0.584796 -0.078878 -0.012432,
        0.596111 -0.064381 -0.012360,
        0.605306 -0.047545 -0.012284,
      ]
    }
    coordIndex [
      0, 1, 2, -1,
      3, 4, 5, -1,
      6, 7, 8, -1,
      9, 10, 11, -1,
      12, 13, 14, -1,
      15, 16, 17, -1,
      17, 16, 18, -1,
      17, 18, 19, -1,
      20, 21, 22, -1,
      22, 21, 17, -1,
      22, 17, 23, -1,
      23, 17, 24, -1,
      19, 25, 17, -1,
      17, 25, 26, -1,
      17, 26, 24, -1,
      8, 27, 15, -1,
      7, 28, 29, -1,
      30, 31, 29, -1,
      29, 31, 32, -1,
      29, 32, 7, -1,
      7, 32, 33, -1,
      7, 33, 8, -1,
      8, 33, 34, -1,
      8, 34, 27, -1,
      35, 36, 37, -1,
      37, 36, 38, -1,
      37, 38, 29, -1,
      38, 39, 29, -1,
      29, 39, 40, -1,
      29, 40, 41, -1,
      41, 42, 29, -1,
      29, 42, 43, -1,
      29, 43, 30, -1,
      30, 43, 44, -1,
      30, 44, 45, -1,
      45, 44, 46, -1,
      45, 46, 47, -1,
      48, 49, 50, -1,
      50, 49, 51, -1,
      51, 52, 50, -1,
      50, 52, 53, -1,
      50, 53, 54, -1,
      54, 53, 55, -1,
      54, 55, 35, -1,
      35, 55, 56, -1,
      35, 56, 36, -1,
      57, 48, 58, -1,
      58, 48, 50, -1,
      58, 50, 59, -1,
      59, 50, 60, -1,
      59, 60, 61, -1,
      61, 60, 62, -1,
      63, 64, 65, -1,
      65, 64, 66, -1,
      67, 68, 60, -1,
      60, 68, 69, -1,
      60, 69, 62, -1,
      66, 70, 65, -1,
      65, 70, 71, -1,
      65, 71, 67, -1,
      67, 71, 72, -1,
      67, 72, 68, -1,
      73, 74, 64, -1,
      64, 74, 75, -1,
      75, 76, 64, -1,
      64, 76, 77, -1,
      64, 77, 66, -1,
      78, 79, 80, -1,
      81, 82, 83, -1,
      84, 85, 80, -1,
      80, 85, 86, -1,
      80, 86, 87, -1,
      88, 89, 90, -1,
      90, 89, 91, -1,
      20, 92, 21, -1,
      21, 92, 93, -1,
      21, 93, 81, -1,
      81, 93, 94, -1,
      81, 94, 82, -1,
      95, 96, 90, -1,
      90, 96, 97, -1,
      90, 97, 88, -1,
      83, 98, 81, -1,
      81, 98, 99, -1,
      81, 99, 100, -1,
      95, 90, 101, -1,
      101, 90, 102, -1,
      101, 102, 103, -1,
      104, 105, 73, -1,
      73, 105, 106, -1,
      73, 106, 107, -1,
      107, 108, 73, -1,
      73, 108, 109, -1,
      73, 109, 110, -1,
      103, 102, 111, -1,
      111, 102, 112, -1,
      111, 112, 110, -1,
      110, 112, 113, -1,
      110, 113, 73, -1,
      114, 115, 87, -1,
      87, 115, 116, -1,
      87, 116, 80, -1,
      80, 116, 117, -1,
      80, 117, 78, -1,
      91, 118, 90, -1,
      90, 118, 119, -1,
      90, 119, 120, -1,
      121, 122, 123, -1,
      123, 124, 121, -1,
      121, 124, 125, -1,
      121, 125, 126, -1,
      122, 121, 127, -1,
      127, 121, 128, -1,
      127, 128, 87, -1,
      87, 128, 129, -1,
      87, 129, 114, -1,
      130, 131, 90, -1,
      90, 131, 132, -1,
      90, 132, 80, -1,
      80, 132, 133, -1,
      80, 133, 84, -1,
      120, 134, 90, -1,
      90, 134, 135, -1,
      90, 135, 130, -1,
      136, 137, 138, -1,
      138, 139, 140, -1,
      86, 141, 87, -1,
      87, 141, 142, -1,
      87, 142, 143, -1,
      140, 141, 138, -1,
      138, 141, 86, -1,
      138, 86, 144, -1,
      144, 86, 145, -1,
      145, 146, 144, -1,
      144, 146, 147, -1,
      144, 147, 148, -1,
      137, 149, 138, -1,
      138, 149, 150, -1,
      138, 150, 139, -1,
      151, 152, 153, -1,
      153, 152, 154, -1,
      153, 154, 138, -1,
      138, 154, 155, -1,
      138, 155, 136, -1,
      156, 157, 158, -1,
      158, 157, 159, -1,
      158, 159, 160, -1,
      143, 161, 87, -1,
      87, 161, 158, -1,
      87, 158, 162, -1,
      162, 158, 160, -1,
      163, 164, 165, -1,
      165, 164, 5, -1,
      166, 167, 163, -1,
      163, 167, 164, -1,
      164, 167, 168, -1,
      164, 168, 169, -1,
      168, 170, 169, -1,
      169, 170, 171, -1,
      169, 171, 172, -1,
      163, 173, 166, -1,
      166, 173, 174, -1,
      166, 174, 175, -1,
      176, 177, 178, -1,
      179, 180, 181, -1,
      182, 183, 184, -1,
      184, 183, 185, -1,
      184, 185, 165, -1,
      165, 185, 186, -1,
      165, 186, 163, -1,
      181, 187, 179, -1,
      179, 187, 188, -1,
      179, 188, 189, -1,
      189, 188, 190, -1,
      189, 190, 182, -1,
      182, 190, 176, -1,
      182, 176, 183, -1,
      183, 176, 178, -1,
      191, 192, 193, -1,
      193, 192, 194, -1,
      195, 196, 197, -1,
      198, 199, 193, -1,
      199, 200, 193, -1,
      193, 200, 201, -1,
      193, 201, 191, -1,
      191, 201, 202, -1,
      195, 197, 193, -1,
      193, 197, 203, -1,
      193, 203, 198, -1,
      204, 205, 206, -1,
      206, 205, 207, -1,
      208, 207, 209, -1,
      209, 207, 205, -1,
      209, 205, 192, -1,
      192, 205, 204, -1,
      192, 204, 194, -1,
      208, 209, 10, -1,
      10, 209, 210, -1,
      10, 210, 11, -1,
      211, 212, 11, -1,
      213, 214, 215, -1,
      216, 217, 212, -1,
      218, 219, 11, -1,
      11, 219, 220, -1,
      202, 221, 191, -1,
      191, 221, 222, -1,
      191, 222, 215, -1,
      215, 222, 223, -1,
      215, 223, 213, -1,
      214, 224, 215, -1,
      215, 224, 225, -1,
      215, 225, 226, -1,
      226, 225, 227, -1,
      226, 227, 211, -1,
      217, 228, 212, -1,
      212, 228, 229, -1,
      212, 229, 11, -1,
      11, 229, 230, -1,
      11, 230, 218, -1,
      220, 231, 11, -1,
      11, 231, 232, -1,
      11, 232, 9, -1,
      216, 212, 233, -1,
      233, 212, 234, -1,
      233, 234, 235, -1,
      235, 234, 236, -1,
      235, 236, 237, -1,
      238, 239, 240, -1,
      241, 242, 243, -1,
      239, 238, 243, -1,
      243, 238, 244, -1,
      243, 244, 241, -1,
      236, 245, 237, -1,
      237, 245, 243, -1,
      237, 243, 246, -1,
      246, 243, 242, -1,
      247, 248, 240, -1,
      240, 248, 249, -1,
      240, 249, 238, -1,
      250, 251, 196, -1,
      196, 251, 252, -1,
      196, 252, 197, -1,
      250, 253, 251, -1,
      251, 253, 254, -1,
      251, 254, 255, -1,
      255, 254, 256, -1,
      255, 257, 258, -1,
      256, 259, 255, -1,
      255, 259, 260, -1,
      255, 260, 261, -1,
      261, 262, 255, -1,
      255, 262, 263, -1,
      255, 263, 257, -1,
      258, 264, 255, -1,
      255, 264, 265, -1,
      255, 265, 266, -1,
      267, 268, 269, -1,
      270, 271, 272, -1,
      272, 271, 165, -1,
      272, 165, 268, -1,
      273, 184, 274, -1,
      274, 184, 165, -1,
      274, 165, 275, -1,
      275, 165, 271, -1,
      276, 2, 277, -1,
      277, 2, 278, -1,
      277, 278, 279, -1,
      280, 281, 282, -1,
      282, 281, 283, -1,
      281, 284, 283, -1,
      283, 284, 285, -1,
      283, 285, 286, -1,
      276, 287, 288, -1,
      288, 287, 289, -1,
      288, 289, 290, -1,
      291, 215, 292, -1,
      292, 215, 226, -1,
      292, 226, 293, -1,
      293, 226, 182, -1,
      293, 182, 282, -1,
      279, 278, 294, -1,
      294, 278, 295, -1,
      294, 295, 291, -1,
      296, 297, 298, -1,
      298, 297, 299, -1,
      298, 299, 300, -1,
      63, 301, 302, -1,
      302, 301, 303, -1,
      302, 303, 304, -1,
      305, 306, 8, -1,
      8, 306, 307, -1,
      8, 307, 6, -1,
      305, 8, 308, -1,
      308, 8, 309, -1,
      308, 309, 310, -1,
      310, 309, 311, -1,
      310, 311, 312, -1,
      312, 311, 313, -1,
      312, 313, 314, -1,
      314, 313, 315, -1,
      314, 315, 316, -1,
      316, 315, 317, -1,
      316, 317, 318, -1,
      318, 317, 319, -1,
      318, 319, 320, -1,
      321, 322, 323, -1,
      323, 322, 324, -1,
      325, 326, 327, -1,
      327, 326, 328, -1,
      327, 328, 322, -1,
      322, 328, 329, -1,
      322, 329, 324, -1,
      330, 325, 269, -1,
      269, 325, 327, -1,
      269, 327, 267, -1,
      267, 327, 322, -1,
      267, 322, 331, -1,
      331, 322, 332, -1,
      269, 4, 333, -1,
      333, 4, 334, -1,
      335, 336, 337, -1,
      333, 338, 269, -1,
      269, 338, 339, -1,
      269, 339, 330, -1,
      330, 339, 340, -1,
      337, 334, 335, -1,
      335, 334, 4, -1,
      335, 4, 341, -1,
      339, 341, 340, -1,
      340, 341, 4, -1,
      340, 4, 342, -1,
      342, 4, 3, -1,
      342, 3, 343, -1,
      344, 345, 346, -1,
      346, 345, 347, -1,
      346, 347, 348, -1,
      344, 349, 345, -1,
      345, 349, 350, -1,
      345, 350, 343, -1,
      343, 350, 351, -1,
      343, 351, 342, -1,
      352, 353, 295, -1,
      295, 353, 354, -1,
      295, 354, 355, -1,
      356, 191, 357, -1,
      357, 191, 215, -1,
      357, 215, 358, -1,
      358, 215, 359, -1,
      360, 361, 362, -1,
      362, 361, 363, -1,
      360, 364, 361, -1,
      361, 364, 365, -1,
      361, 365, 366, -1,
      366, 365, 367, -1,
      368, 369, 361, -1,
      361, 369, 370, -1,
      361, 370, 371, -1,
      291, 295, 215, -1,
      215, 295, 355, -1,
      215, 355, 359, -1,
      359, 355, 372, -1,
      359, 372, 361, -1,
      361, 372, 373, -1,
      361, 373, 368, -1,
      371, 374, 361, -1,
      361, 374, 375, -1,
      361, 375, 363, -1,
      376, 377, 378, -1,
      379, 380, 365, -1,
      365, 380, 381, -1,
      365, 381, 367, -1,
      376, 378, 365, -1,
      365, 378, 382, -1,
      365, 382, 379, -1,
      383, 384, 352, -1,
      352, 384, 385, -1,
      352, 385, 353, -1,
      386, 387, 388, -1,
      388, 387, 389, -1,
      390, 391, 387, -1,
      387, 391, 392, -1,
      387, 392, 389, -1,
      393, 394, 387, -1,
      387, 394, 395, -1,
      387, 395, 390, -1,
      396, 397, 398, -1,
      398, 397, 399, -1,
      398, 399, 393, -1,
      393, 399, 400, -1,
      393, 400, 394, -1,
      401, 402, 403, -1,
      402, 404, 403, -1,
      403, 404, 405, -1,
      403, 405, 406, -1,
      356, 407, 191, -1,
      191, 407, 408, -1,
      191, 408, 403, -1,
      403, 408, 409, -1,
      403, 409, 401, -1,
      410, 411, 412, -1,
      412, 411, 413, -1,
      414, 415, 416, -1,
      417, 418, 191, -1,
      418, 419, 191, -1,
      191, 419, 420, -1,
      191, 420, 421, -1,
      410, 422, 411, -1,
      411, 422, 423, -1,
      411, 423, 424, -1,
      424, 423, 425, -1,
      426, 427, 425, -1,
      425, 427, 428, -1,
      425, 428, 424, -1,
      429, 430, 414, -1,
      414, 430, 431, -1,
      414, 431, 415, -1,
      432, 433, 434, -1,
      434, 433, 435, -1,
      434, 435, 436, -1,
      416, 437, 414, -1,
      414, 437, 438, -1,
      414, 438, 403, -1,
      403, 438, 413, -1,
      403, 413, 439, -1,
      439, 413, 411, -1,
      439, 440, 403, -1,
      403, 440, 441, -1,
      403, 441, 191, -1,
      191, 441, 442, -1,
      191, 442, 417, -1,
      421, 443, 191, -1,
      191, 443, 444, -1,
      191, 444, 192, -1,
      192, 444, 445, -1,
      192, 445, 434, -1,
      446, 447, 425, -1,
      425, 447, 448, -1,
      425, 448, 449, -1,
      449, 450, 425, -1,
      425, 450, 451, -1,
      425, 451, 426, -1,
      452, 453, 454, -1,
      453, 455, 454, -1,
      454, 455, 456, -1,
      454, 456, 457, -1,
      453, 458, 455, -1,
      455, 458, 459, -1,
      455, 459, 414, -1,
      414, 459, 460, -1,
      414, 460, 429, -1,
      461, 462, 11, -1,
      211, 11, 226, -1,
      226, 11, 462, -1,
      226, 462, 182, -1,
      182, 462, 463, -1,
      182, 463, 189, -1,
      464, 465, 461, -1,
      464, 466, 467, -1,
      467, 466, 468, -1,
      464, 461, 466, -1,
      466, 461, 11, -1,
      466, 11, 469, -1,
      469, 11, 210, -1,
      469, 210, 470, -1,
      469, 471, 466, -1,
      466, 471, 472, -1,
      466, 472, 473, -1,
      474, 475, 476, -1,
      476, 475, 477, -1,
      476, 477, 210, -1,
      210, 477, 478, -1,
      210, 478, 470, -1,
      473, 479, 466, -1,
      466, 479, 480, -1,
      466, 480, 468, -1,
      13, 178, 14, -1,
      14, 178, 177, -1,
      14, 177, 481, -1,
      481, 177, 482, -1,
      481, 482, 483, -1,
      483, 484, 481, -1,
      481, 484, 485, -1,
      481, 485, 476, -1,
      476, 485, 486, -1,
      476, 486, 474, -1,
      5, 298, 3, -1,
      3, 298, 300, -1,
      3, 300, 343, -1,
      343, 300, 487, -1,
      343, 487, 345, -1,
      488, 489, 4, -1,
      269, 490, 491, -1,
      268, 165, 269, -1,
      269, 165, 492, -1,
      269, 492, 490, -1,
      491, 493, 269, -1,
      269, 493, 494, -1,
      269, 494, 495, -1,
      489, 496, 4, -1,
      4, 496, 497, -1,
      4, 497, 498, -1,
      498, 499, 4, -1,
      4, 499, 500, -1,
      4, 500, 5, -1,
      5, 500, 501, -1,
      5, 501, 165, -1,
      165, 501, 502, -1,
      165, 502, 492, -1,
      495, 503, 269, -1,
      269, 503, 504, -1,
      269, 504, 4, -1,
      4, 504, 505, -1,
      4, 505, 488, -1,
      164, 12, 5, -1,
      5, 12, 14, -1,
      5, 14, 298, -1,
      298, 14, 481, -1,
      298, 481, 296, -1,
      296, 481, 476, -1,
      296, 476, 506, -1,
      506, 476, 210, -1,
      506, 210, 507, -1,
      507, 210, 209, -1,
      288, 280, 276, -1,
      276, 280, 282, -1,
      276, 282, 2, -1,
      2, 282, 182, -1,
      2, 182, 0, -1,
      508, 509, 321, -1,
      510, 511, 184, -1,
      323, 512, 321, -1,
      321, 512, 2, -1,
      321, 2, 508, -1,
      508, 2, 1, -1,
      509, 513, 321, -1,
      321, 513, 514, -1,
      321, 514, 515, -1,
      511, 516, 184, -1,
      184, 516, 517, -1,
      184, 517, 518, -1,
      515, 519, 321, -1,
      321, 519, 520, -1,
      321, 520, 521, -1,
      518, 522, 184, -1,
      184, 522, 523, -1,
      184, 523, 182, -1,
      182, 523, 524, -1,
      182, 524, 0, -1,
      332, 322, 273, -1,
      273, 322, 321, -1,
      273, 321, 184, -1,
      184, 321, 521, -1,
      184, 521, 510, -1,
      436, 525, 434, -1,
      434, 525, 452, -1,
      434, 452, 192, -1,
      192, 452, 454, -1,
      192, 454, 209, -1,
      209, 454, 457, -1,
      209, 457, 507, -1,
      383, 352, 313, -1,
      313, 352, 295, -1,
      313, 295, 315, -1,
      315, 295, 278, -1,
      315, 278, 317, -1,
      317, 278, 2, -1,
      317, 2, 319, -1,
      319, 2, 512, -1,
      319, 512, 320, -1,
      406, 396, 403, -1,
      403, 396, 398, -1,
      403, 398, 414, -1,
      414, 398, 526, -1,
      414, 526, 455, -1,
      63, 302, 64, -1,
      64, 302, 81, -1,
      64, 81, 73, -1,
      73, 81, 100, -1,
      73, 100, 104, -1,
      527, 528, 398, -1,
      398, 528, 529, -1,
      398, 529, 526, -1,
      526, 529, 530, -1,
      526, 530, 531, -1,
      527, 398, 532, -1,
      532, 398, 21, -1,
      532, 21, 531, -1,
      531, 21, 81, -1,
      531, 81, 526, -1,
      526, 81, 302, -1,
      526, 302, 455, -1,
      455, 302, 304, -1,
      455, 304, 456, -1,
      533, 534, 535, -1,
      535, 534, 529, -1,
      535, 529, 536, -1,
      536, 529, 528, -1,
      536, 528, 537, -1,
      537, 528, 538, -1,
      539, 540, 541, -1,
      542, 543, 17, -1,
      17, 543, 539, -1,
      17, 539, 393, -1,
      393, 539, 541, -1,
      393, 541, 398, -1,
      398, 541, 544, -1,
      398, 544, 21, -1,
      21, 544, 542, -1,
      21, 542, 17, -1,
      15, 17, 8, -1,
      8, 17, 393, -1,
      8, 393, 309, -1,
      309, 393, 387, -1,
      309, 387, 311, -1,
      311, 387, 386, -1,
      311, 386, 313, -1,
      313, 386, 545, -1,
      313, 545, 383, -1,
      546, 547, 548, -1,
      548, 547, 549, -1,
      548, 549, 550, -1,
      546, 548, 551, -1,
      551, 548, 552, -1,
      551, 552, 553, -1,
      553, 552, 554, -1,
      554, 552, 555, -1,
      554, 555, 556, -1,
      557, 558, 559, -1,
      557, 559, 555, -1,
      555, 559, 560, -1,
      555, 560, 556, -1,
      558, 557, 561, -1,
      561, 557, 562, -1,
      561, 562, 563, -1,
      563, 562, 564, -1,
      564, 562, 565, -1,
      564, 565, 566, -1,
      567, 568, 569, -1,
      569, 570, 567, -1,
      567, 570, 571, -1,
      567, 571, 565, -1,
      565, 571, 572, -1,
      565, 572, 566, -1,
      573, 574, 575, -1,
      575, 574, 576, -1,
      575, 576, 568, -1,
      568, 576, 577, -1,
      568, 577, 569, -1,
      578, 579, 580, -1,
      580, 579, 581, -1,
      581, 582, 580, -1,
      580, 582, 583, -1,
      580, 583, 575, -1,
      575, 583, 584, -1,
      575, 584, 573, -1,
      585, 586, 587, -1,
      587, 586, 588, -1,
      578, 589, 590, -1,
      590, 589, 587, -1,
      590, 587, 591, -1,
      591, 587, 588, -1,
      592, 593, 585, -1,
      585, 593, 594, -1,
      585, 594, 586, -1,
      595, 596, 597, -1,
      597, 596, 592, -1,
      597, 592, 598, -1,
      599, 600, 597, -1,
      597, 600, 601, -1,
      597, 601, 595, -1,
      602, 603, 604, -1,
      604, 603, 605, -1,
      604, 605, 606, -1,
      606, 605, 607, -1,
      608, 609, 610, -1,
      610, 611, 608, -1,
      608, 611, 612, -1,
      608, 612, 613, -1,
      614, 615, 616, -1,
      616, 615, 617, -1,
      616, 617, 618, -1,
      618, 619, 616, -1,
      616, 619, 620, -1,
      616, 620, 608, -1,
      608, 620, 621, -1,
      608, 621, 609, -1,
      622, 623, 624, -1,
      625, 626, 627, -1,
      627, 626, 628, -1,
      629, 630, 631, -1,
      631, 630, 632, -1,
      631, 632, 633, -1,
      633, 632, 634, -1,
      633, 634, 626, -1,
      626, 634, 635, -1,
      626, 635, 628, -1,
      636, 637, 638, -1,
      638, 637, 639, -1,
      638, 639, 631, -1,
      631, 639, 640, -1,
      631, 640, 629, -1,
      641, 642, 643, -1,
      643, 642, 644, -1,
      643, 644, 638, -1,
      638, 644, 645, -1,
      638, 645, 636, -1,
      646, 647, 648, -1,
      648, 647, 649, -1,
      648, 649, 643, -1,
      643, 649, 650, -1,
      643, 650, 641, -1,
      651, 652, 653, -1,
      653, 652, 654, -1,
      653, 654, 648, -1,
      648, 654, 655, -1,
      648, 655, 646, -1,
      651, 656, 657, -1,
      657, 656, 658, -1,
      659, 660, 661, -1,
      660, 662, 661, -1,
      661, 662, 663, -1,
      661, 663, 656, -1,
      656, 663, 664, -1,
      656, 664, 658, -1,
      659, 665, 666, -1,
      666, 665, 667, -1,
      668, 669, 670, -1,
      670, 669, 671, -1,
      670, 671, 665, -1,
      665, 671, 672, -1,
      665, 672, 667, -1,
      673, 674, 675, -1,
      674, 676, 675, -1,
      675, 676, 677, -1,
      675, 677, 668, -1,
      678, 679, 680, -1,
      680, 679, 681, -1,
      680, 681, 673, -1,
      682, 683, 684, -1,
      684, 683, 685, -1,
      683, 686, 685, -1,
      685, 686, 687, -1,
      685, 687, 688, -1,
      687, 689, 688, -1,
      688, 689, 690, -1,
      688, 690, 691, -1,
      690, 692, 691, -1,
      691, 692, 693, -1,
      691, 693, 694, -1,
      695, 678, 696, -1,
      696, 678, 680, -1,
      696, 680, 697, -1,
      697, 680, 694, -1,
      697, 694, 698, -1,
      698, 694, 693, -1,
      699, 700, 701, -1,
      673, 675, 680, -1,
      680, 675, 702, -1,
      680, 702, 694, -1,
      694, 702, 703, -1,
      694, 703, 691, -1,
      691, 703, 704, -1,
      691, 704, 688, -1,
      688, 704, 699, -1,
      688, 699, 685, -1,
      685, 699, 701, -1,
      685, 701, 684, -1,
      668, 670, 675, -1,
      675, 670, 705, -1,
      675, 705, 702, -1,
      702, 705, 706, -1,
      702, 706, 703, -1,
      703, 706, 707, -1,
      703, 707, 704, -1,
      704, 707, 708, -1,
      704, 708, 699, -1,
      699, 708, 709, -1,
      699, 709, 700, -1,
      710, 616, 711, -1,
      711, 616, 608, -1,
      711, 608, 712, -1,
      712, 608, 613, -1,
      712, 613, 713, -1,
      713, 613, 714, -1,
      713, 714, 602, -1,
      602, 714, 715, -1,
      602, 715, 603, -1,
      716, 717, 718, -1,
      659, 661, 665, -1,
      665, 661, 719, -1,
      665, 719, 670, -1,
      670, 719, 720, -1,
      670, 720, 705, -1,
      705, 720, 721, -1,
      705, 721, 706, -1,
      706, 721, 722, -1,
      706, 722, 707, -1,
      707, 722, 716, -1,
      707, 716, 708, -1,
      708, 716, 718, -1,
      708, 718, 709, -1,
      710, 723, 616, -1,
      616, 723, 624, -1,
      616, 624, 614, -1,
      614, 624, 623, -1,
      724, 725, 726, -1,
      726, 725, 727, -1,
      651, 653, 656, -1,
      656, 653, 728, -1,
      656, 728, 661, -1,
      661, 728, 729, -1,
      661, 729, 719, -1,
      719, 729, 730, -1,
      719, 730, 720, -1,
      720, 730, 731, -1,
      720, 731, 721, -1,
      721, 731, 732, -1,
      721, 732, 722, -1,
      722, 732, 726, -1,
      722, 726, 716, -1,
      716, 726, 727, -1,
      716, 727, 717, -1,
      625, 622, 626, -1,
      626, 622, 624, -1,
      626, 624, 633, -1,
      633, 624, 733, -1,
      734, 735, 724, -1,
      723, 736, 624, -1,
      624, 736, 737, -1,
      624, 737, 733, -1,
      733, 737, 738, -1,
      733, 738, 739, -1,
      724, 726, 734, -1,
      734, 726, 732, -1,
      734, 732, 740, -1,
      740, 732, 731, -1,
      740, 731, 741, -1,
      741, 731, 730, -1,
      741, 730, 742, -1,
      742, 730, 729, -1,
      742, 729, 743, -1,
      743, 729, 728, -1,
      743, 728, 744, -1,
      744, 728, 653, -1,
      744, 653, 745, -1,
      745, 653, 648, -1,
      745, 648, 746, -1,
      746, 648, 643, -1,
      746, 643, 747, -1,
      747, 643, 638, -1,
      747, 638, 748, -1,
      748, 638, 631, -1,
      748, 631, 749, -1,
      749, 631, 633, -1,
      749, 633, 598, -1,
      598, 633, 733, -1,
      598, 733, 597, -1,
      597, 733, 739, -1,
      597, 739, 599, -1,
      750, 751, 752, -1,
      592, 585, 598, -1,
      598, 585, 587, -1,
      598, 587, 749, -1,
      749, 587, 589, -1,
      749, 589, 748, -1,
      748, 589, 753, -1,
      748, 753, 747, -1,
      747, 753, 754, -1,
      747, 754, 746, -1,
      746, 754, 755, -1,
      746, 755, 745, -1,
      745, 755, 756, -1,
      745, 756, 744, -1,
      744, 756, 757, -1,
      744, 757, 743, -1,
      743, 757, 758, -1,
      743, 758, 742, -1,
      742, 758, 759, -1,
      742, 759, 741, -1,
      741, 759, 760, -1,
      741, 760, 740, -1,
      740, 760, 750, -1,
      740, 750, 734, -1,
      734, 750, 752, -1,
      734, 752, 735, -1,
      550, 761, 548, -1,
      548, 761, 762, -1,
      548, 762, 763, -1,
      578, 580, 589, -1,
      589, 580, 575, -1,
      589, 575, 753, -1,
      753, 575, 568, -1,
      753, 568, 754, -1,
      754, 568, 567, -1,
      754, 567, 755, -1,
      755, 567, 565, -1,
      755, 565, 756, -1,
      756, 565, 562, -1,
      756, 562, 757, -1,
      757, 562, 557, -1,
      757, 557, 758, -1,
      758, 557, 555, -1,
      758, 555, 759, -1,
      759, 555, 552, -1,
      759, 552, 760, -1,
      760, 552, 548, -1,
      760, 548, 750, -1,
      750, 548, 763, -1,
      750, 763, 751, -1,
      764, 765, 766, -1,
      766, 765, 767, -1,
      768, 769, 770, -1,
      770, 769, 771, -1,
      764, 772, 773, -1,
      773, 772, 770, -1,
      773, 770, 774, -1,
      774, 770, 771, -1,
      775, 776, 768, -1,
      768, 776, 777, -1,
      768, 777, 769, -1,
      778, 779, 780, -1,
      780, 779, 775, -1,
      780, 775, 781, -1,
      782, 783, 780, -1,
      780, 783, 784, -1,
      780, 784, 778, -1,
      785, 786, 604, -1,
      604, 786, 787, -1,
      604, 787, 788, -1,
      788, 787, 789, -1,
      790, 791, 792, -1,
      792, 793, 790, -1,
      790, 793, 794, -1,
      790, 794, 795, -1,
      796, 797, 798, -1,
      798, 797, 799, -1,
      798, 799, 800, -1,
      800, 801, 798, -1,
      798, 801, 802, -1,
      798, 802, 790, -1,
      790, 802, 803, -1,
      790, 803, 791, -1,
      804, 805, 806, -1,
      807, 808, 809, -1,
      809, 808, 810, -1,
      811, 812, 813, -1,
      813, 812, 814, -1,
      813, 814, 815, -1,
      815, 814, 816, -1,
      815, 816, 808, -1,
      808, 816, 817, -1,
      808, 817, 810, -1,
      818, 819, 820, -1,
      820, 819, 821, -1,
      820, 821, 813, -1,
      813, 821, 822, -1,
      813, 822, 811, -1,
      823, 824, 825, -1,
      825, 824, 826, -1,
      825, 826, 820, -1,
      820, 826, 827, -1,
      820, 827, 818, -1,
      828, 829, 830, -1,
      830, 829, 831, -1,
      830, 831, 825, -1,
      825, 831, 832, -1,
      825, 832, 823, -1,
      833, 834, 835, -1,
      835, 834, 836, -1,
      835, 836, 830, -1,
      830, 836, 837, -1,
      830, 837, 828, -1,
      833, 838, 839, -1,
      839, 838, 840, -1,
      841, 842, 843, -1,
      842, 844, 843, -1,
      843, 844, 845, -1,
      843, 845, 838, -1,
      838, 845, 846, -1,
      838, 846, 840, -1,
      841, 847, 848, -1,
      848, 847, 849, -1,
      850, 851, 852, -1,
      852, 851, 853, -1,
      852, 853, 847, -1,
      847, 853, 854, -1,
      847, 854, 849, -1,
      855, 856, 857, -1,
      856, 858, 857, -1,
      857, 858, 859, -1,
      857, 859, 850, -1,
      860, 861, 862, -1,
      862, 861, 863, -1,
      862, 863, 855, -1,
      864, 865, 866, -1,
      866, 865, 867, -1,
      866, 867, 868, -1,
      864, 866, 869, -1,
      869, 866, 870, -1,
      869, 870, 871, -1,
      871, 870, 872, -1,
      872, 870, 873, -1,
      872, 873, 874, -1,
      875, 876, 877, -1,
      875, 877, 873, -1,
      873, 877, 878, -1,
      873, 878, 874, -1,
      876, 875, 879, -1,
      879, 875, 880, -1,
      879, 880, 881, -1,
      881, 880, 882, -1,
      882, 880, 883, -1,
      882, 883, 884, -1,
      885, 886, 887, -1,
      887, 888, 885, -1,
      885, 888, 889, -1,
      885, 889, 883, -1,
      883, 889, 890, -1,
      883, 890, 884, -1,
      891, 892, 893, -1,
      893, 892, 894, -1,
      893, 894, 886, -1,
      886, 894, 895, -1,
      886, 895, 887, -1,
      767, 896, 766, -1,
      766, 896, 897, -1,
      766, 897, 893, -1,
      893, 897, 898, -1,
      893, 898, 891, -1,
      899, 900, 901, -1,
      901, 900, 902, -1,
      900, 903, 902, -1,
      902, 903, 904, -1,
      902, 904, 905, -1,
      904, 906, 905, -1,
      905, 906, 907, -1,
      905, 907, 908, -1,
      907, 909, 908, -1,
      908, 909, 910, -1,
      908, 910, 911, -1,
      912, 860, 913, -1,
      913, 860, 862, -1,
      913, 862, 914, -1,
      914, 862, 911, -1,
      914, 911, 915, -1,
      915, 911, 910, -1,
      916, 917, 918, -1,
      855, 857, 862, -1,
      862, 857, 919, -1,
      862, 919, 911, -1,
      911, 919, 920, -1,
      911, 920, 908, -1,
      908, 920, 921, -1,
      908, 921, 905, -1,
      905, 921, 916, -1,
      905, 916, 902, -1,
      902, 916, 918, -1,
      902, 918, 901, -1,
      850, 852, 857, -1,
      857, 852, 922, -1,
      857, 922, 919, -1,
      919, 922, 923, -1,
      919, 923, 920, -1,
      920, 923, 924, -1,
      920, 924, 921, -1,
      921, 924, 925, -1,
      921, 925, 916, -1,
      916, 925, 926, -1,
      916, 926, 917, -1,
      927, 798, 928, -1,
      928, 798, 790, -1,
      928, 790, 929, -1,
      929, 790, 795, -1,
      929, 795, 930, -1,
      930, 795, 931, -1,
      930, 931, 785, -1,
      785, 931, 932, -1,
      785, 932, 786, -1,
      933, 934, 935, -1,
      841, 843, 847, -1,
      847, 843, 936, -1,
      847, 936, 852, -1,
      852, 936, 937, -1,
      852, 937, 922, -1,
      922, 937, 938, -1,
      922, 938, 923, -1,
      923, 938, 939, -1,
      923, 939, 924, -1,
      924, 939, 933, -1,
      924, 933, 925, -1,
      925, 933, 935, -1,
      925, 935, 926, -1,
      927, 940, 798, -1,
      798, 940, 806, -1,
      798, 806, 796, -1,
      796, 806, 805, -1,
      941, 942, 943, -1,
      943, 942, 944, -1,
      833, 835, 838, -1,
      838, 835, 945, -1,
      838, 945, 843, -1,
      843, 945, 946, -1,
      843, 946, 936, -1,
      936, 946, 947, -1,
      936, 947, 937, -1,
      937, 947, 948, -1,
      937, 948, 938, -1,
      938, 948, 949, -1,
      938, 949, 939, -1,
      939, 949, 943, -1,
      939, 943, 933, -1,
      933, 943, 944, -1,
      933, 944, 934, -1,
      807, 804, 808, -1,
      808, 804, 806, -1,
      808, 806, 815, -1,
      815, 806, 950, -1,
      951, 952, 941, -1,
      940, 953, 806, -1,
      806, 953, 954, -1,
      806, 954, 950, -1,
      950, 954, 955, -1,
      950, 955, 956, -1,
      941, 943, 951, -1,
      951, 943, 949, -1,
      951, 949, 957, -1,
      957, 949, 948, -1,
      957, 948, 958, -1,
      958, 948, 947, -1,
      958, 947, 959, -1,
      959, 947, 946, -1,
      959, 946, 960, -1,
      960, 946, 945, -1,
      960, 945, 961, -1,
      961, 945, 835, -1,
      961, 835, 962, -1,
      962, 835, 830, -1,
      962, 830, 963, -1,
      963, 830, 825, -1,
      963, 825, 964, -1,
      964, 825, 820, -1,
      964, 820, 965, -1,
      965, 820, 813, -1,
      965, 813, 966, -1,
      966, 813, 815, -1,
      966, 815, 781, -1,
      781, 815, 950, -1,
      781, 950, 780, -1,
      780, 950, 956, -1,
      780, 956, 782, -1,
      967, 968, 969, -1,
      775, 768, 781, -1,
      781, 768, 770, -1,
      781, 770, 966, -1,
      966, 770, 772, -1,
      966, 772, 965, -1,
      965, 772, 970, -1,
      965, 970, 964, -1,
      964, 970, 971, -1,
      964, 971, 963, -1,
      963, 971, 972, -1,
      963, 972, 962, -1,
      962, 972, 973, -1,
      962, 973, 961, -1,
      961, 973, 974, -1,
      961, 974, 960, -1,
      960, 974, 975, -1,
      960, 975, 959, -1,
      959, 975, 976, -1,
      959, 976, 958, -1,
      958, 976, 977, -1,
      958, 977, 957, -1,
      957, 977, 967, -1,
      957, 967, 951, -1,
      951, 967, 969, -1,
      951, 969, 952, -1,
      868, 978, 866, -1,
      866, 978, 979, -1,
      866, 979, 980, -1,
      764, 766, 772, -1,
      772, 766, 893, -1,
      772, 893, 970, -1,
      970, 893, 886, -1,
      970, 886, 971, -1,
      971, 886, 885, -1,
      971, 885, 972, -1,
      972, 885, 883, -1,
      972, 883, 973, -1,
      973, 883, 880, -1,
      973, 880, 974, -1,
      974, 880, 875, -1,
      974, 875, 975, -1,
      975, 875, 873, -1,
      975, 873, 976, -1,
      976, 873, 870, -1,
      976, 870, 977, -1,
      977, 870, 866, -1,
      977, 866, 967, -1,
      967, 866, 980, -1,
      967, 980, 968, -1,
      981, 982, 983, -1,
      984, 985, 986, -1,
      986, 985, 987, -1,
      986, 987, 983, -1,
      983, 987, 988, -1,
      983, 988, 981, -1,
      984, 986, 989, -1,
      989, 986, 990, -1,
      989, 990, 991, -1,
      991, 990, 992, -1,
      992, 990, 993, -1,
      992, 993, 994, -1,
      994, 993, 995, -1,
      995, 993, 996, -1,
      995, 996, 997, -1,
      997, 996, 998, -1,
      998, 996, 999, -1,
      998, 999, 1000, -1,
      1000, 999, 1001, -1,
      1000, 1001, 1002, -1,
      1003, 1004, 1001, -1,
      1001, 1004, 1005, -1,
      1001, 1005, 1002, -1,
      1006, 1007, 1003, -1,
      1003, 1007, 1008, -1,
      1003, 1008, 1004, -1,
      1009, 1010, 1011, -1,
      1011, 1010, 1012, -1,
      1011, 1012, 1013, -1,
      1013, 1012, 1014, -1,
      1013, 1014, 1003, -1,
      1003, 1014, 1015, -1,
      1003, 1015, 1006, -1,
      686, 683, 1016, -1,
      689, 687, 1017, -1,
      692, 690, 1018, -1,
      698, 693, 1019, -1,
      1020, 1021, 1022, -1,
      1023, 1024, 1025, -1,
      1026, 697, 1027, -1,
      1027, 697, 1028, -1,
      1027, 1028, 1029, -1,
      1026, 1030, 697, -1,
      697, 1030, 1031, -1,
      697, 1031, 696, -1,
      696, 1031, 695, -1,
      1032, 1033, 1034, -1,
      1034, 1033, 1035, -1,
      1034, 1035, 1028, -1,
      1028, 1035, 1036, -1,
      1028, 1036, 1029, -1,
      1037, 1038, 1039, -1,
      1039, 1038, 1040, -1,
      1039, 1040, 1041, -1,
      1041, 1040, 1042, -1,
      1041, 1042, 1043, -1,
      1044, 1045, 1046, -1,
      1046, 1047, 1044, -1,
      1044, 1047, 1048, -1,
      1044, 1048, 1039, -1,
      1039, 1048, 1049, -1,
      1039, 1049, 1037, -1,
      1050, 1051, 1052, -1,
      1052, 1051, 1053, -1,
      1053, 1054, 1052, -1,
      1052, 1054, 1055, -1,
      1052, 1055, 1044, -1,
      1044, 1055, 1056, -1,
      1044, 1056, 1045, -1,
      1057, 1058, 1059, -1,
      1057, 1059, 1052, -1,
      1052, 1059, 1060, -1,
      1052, 1060, 1050, -1,
      1061, 1062, 1057, -1,
      1057, 1062, 1063, -1,
      1063, 1064, 1057, -1,
      1057, 1064, 1065, -1,
      1057, 1065, 1058, -1,
      1066, 1067, 1061, -1,
      1061, 1067, 1068, -1,
      1061, 1068, 1062, -1,
      1069, 1070, 1071, -1,
      1071, 1072, 1069, -1,
      1069, 1072, 1073, -1,
      1069, 1073, 1061, -1,
      1061, 1073, 1074, -1,
      1061, 1074, 1066, -1,
      1025, 1075, 1076, -1,
      1076, 1075, 1077, -1,
      1076, 1077, 1078, -1,
      1024, 1079, 1025, -1,
      1025, 1079, 1080, -1,
      1025, 1080, 1075, -1,
      1021, 1081, 1022, -1,
      1022, 1081, 1082, -1,
      1022, 1082, 1083, -1,
      1084, 1010, 1009, -1,
      1043, 1032, 1041, -1,
      1041, 1032, 1034, -1,
      1041, 1034, 1039, -1,
      1039, 1034, 1085, -1,
      1039, 1085, 1044, -1,
      1044, 1085, 1086, -1,
      1044, 1086, 1052, -1,
      1052, 1086, 1087, -1,
      1052, 1087, 1057, -1,
      1057, 1087, 1088, -1,
      1057, 1088, 1061, -1,
      1061, 1088, 1089, -1,
      1061, 1089, 1069, -1,
      1069, 1089, 1090, -1,
      1069, 1090, 1070, -1,
      1070, 1090, 1076, -1,
      1070, 1076, 1091, -1,
      1091, 1076, 1078, -1,
      697, 698, 1028, -1,
      1028, 698, 1019, -1,
      1028, 1019, 1034, -1,
      1034, 1019, 1092, -1,
      1034, 1092, 1085, -1,
      1085, 1092, 1093, -1,
      1085, 1093, 1086, -1,
      1086, 1093, 1094, -1,
      1086, 1094, 1087, -1,
      1087, 1094, 1095, -1,
      1087, 1095, 1088, -1,
      1088, 1095, 1096, -1,
      1088, 1096, 1089, -1,
      1089, 1096, 1097, -1,
      1089, 1097, 1090, -1,
      1090, 1097, 1098, -1,
      1090, 1098, 1076, -1,
      1076, 1098, 1099, -1,
      1076, 1099, 1025, -1,
      1025, 1099, 1083, -1,
      1025, 1083, 1023, -1,
      1023, 1083, 1082, -1,
      693, 692, 1019, -1,
      1019, 692, 1018, -1,
      1019, 1018, 1092, -1,
      1092, 1018, 1100, -1,
      1092, 1100, 1093, -1,
      1093, 1100, 1101, -1,
      1093, 1101, 1094, -1,
      1094, 1101, 1102, -1,
      1094, 1102, 1095, -1,
      1095, 1102, 1103, -1,
      1095, 1103, 1096, -1,
      1096, 1103, 1104, -1,
      1096, 1104, 1097, -1,
      1097, 1104, 1105, -1,
      1097, 1105, 1098, -1,
      1098, 1105, 1106, -1,
      1098, 1106, 1099, -1,
      1099, 1106, 1107, -1,
      1099, 1107, 1083, -1,
      1083, 1107, 1108, -1,
      1083, 1108, 1022, -1,
      1022, 1108, 1084, -1,
      1022, 1084, 1020, -1,
      1020, 1084, 1009, -1,
      690, 689, 1018, -1,
      1018, 689, 1017, -1,
      1018, 1017, 1100, -1,
      1100, 1017, 1109, -1,
      1100, 1109, 1101, -1,
      1101, 1109, 1110, -1,
      1101, 1110, 1102, -1,
      1102, 1110, 1111, -1,
      1102, 1111, 1103, -1,
      1103, 1111, 1112, -1,
      1103, 1112, 1104, -1,
      1104, 1112, 1113, -1,
      1104, 1113, 1105, -1,
      1105, 1113, 1114, -1,
      1105, 1114, 1106, -1,
      1106, 1114, 1115, -1,
      1106, 1115, 1107, -1,
      1107, 1115, 1116, -1,
      1107, 1116, 1108, -1,
      1108, 1116, 1117, -1,
      1108, 1117, 1084, -1,
      1084, 1117, 1118, -1,
      1084, 1118, 1010, -1,
      1010, 1118, 1012, -1,
      687, 686, 1017, -1,
      1017, 686, 1016, -1,
      1017, 1016, 1109, -1,
      1109, 1016, 1119, -1,
      1109, 1119, 1110, -1,
      1110, 1119, 1120, -1,
      1110, 1120, 1111, -1,
      1111, 1120, 1121, -1,
      1111, 1121, 1112, -1,
      1112, 1121, 1122, -1,
      1112, 1122, 1113, -1,
      1113, 1122, 1123, -1,
      1113, 1123, 1114, -1,
      1114, 1123, 1124, -1,
      1114, 1124, 1115, -1,
      1115, 1124, 1125, -1,
      1115, 1125, 1116, -1,
      1116, 1125, 1126, -1,
      1116, 1126, 1117, -1,
      1117, 1126, 1127, -1,
      1117, 1127, 1118, -1,
      1118, 1127, 1128, -1,
      1118, 1128, 1012, -1,
      1012, 1128, 1014, -1,
      683, 682, 1016, -1,
      1016, 682, 1129, -1,
      1016, 1129, 1119, -1,
      1119, 1129, 1130, -1,
      1119, 1130, 1120, -1,
      1120, 1130, 1131, -1,
      1120, 1131, 1121, -1,
      1121, 1131, 1132, -1,
      1121, 1132, 1122, -1,
      1122, 1132, 1133, -1,
      1122, 1133, 1123, -1,
      1123, 1133, 1134, -1,
      1123, 1134, 1124, -1,
      1124, 1134, 1135, -1,
      1124, 1135, 1125, -1,
      1125, 1135, 1136, -1,
      1125, 1136, 1126, -1,
      1126, 1136, 1137, -1,
      1126, 1137, 1127, -1,
      1127, 1137, 1138, -1,
      1127, 1138, 1128, -1,
      1128, 1138, 1139, -1,
      1128, 1139, 1014, -1,
      1014, 1139, 1015, -1,
      956, 1140, 782, -1,
      782, 1140, 783, -1,
      1141, 1142, 1143, -1,
      1143, 1142, 1144, -1,
      1143, 1144, 1145, -1,
      1141, 1143, 1146, -1,
      1146, 1143, 1147, -1,
      1146, 1147, 1148, -1,
      1149, 1150, 1151, -1,
      1152, 1153, 1151, -1,
      1151, 1153, 1154, -1,
      1151, 1154, 1149, -1,
      1151, 1155, 1156, -1,
      1157, 1158, 1156, -1,
      1156, 1158, 1159, -1,
      1156, 1159, 1151, -1,
      1151, 1159, 1160, -1,
      1151, 1160, 1152, -1,
      1161, 1162, 1163, -1,
      1163, 1162, 1164, -1,
      1164, 1165, 1163, -1,
      1163, 1165, 1166, -1,
      1163, 1166, 1151, -1,
      1151, 1166, 1167, -1,
      1151, 1167, 1155, -1,
      1168, 1169, 1170, -1,
      1170, 1169, 1171, -1,
      1170, 1171, 1172, -1,
      1172, 1171, 1173, -1,
      1172, 1173, 1174, -1,
      1175, 1176, 1177, -1,
      1175, 1177, 1170, -1,
      1170, 1177, 1178, -1,
      1170, 1178, 1168, -1,
      1179, 1180, 1175, -1,
      1175, 1180, 1181, -1,
      1175, 1181, 1176, -1,
      606, 607, 1179, -1,
      1175, 930, 785, -1,
      1179, 1175, 606, -1,
      606, 1175, 785, -1,
      606, 785, 604, -1,
      930, 1175, 929, -1,
      929, 1175, 1170, -1,
      929, 1170, 928, -1,
      928, 1170, 927, -1,
      927, 1170, 1172, -1,
      927, 1172, 940, -1,
      940, 1172, 953, -1,
      953, 1172, 1147, -1,
      953, 1147, 954, -1,
      1174, 1161, 1172, -1,
      1172, 1161, 1163, -1,
      1172, 1163, 1147, -1,
      1147, 1163, 1151, -1,
      1147, 1151, 1148, -1,
      1148, 1151, 1150, -1,
      954, 1147, 955, -1,
      955, 1147, 1143, -1,
      955, 1143, 956, -1,
      956, 1143, 1145, -1,
      956, 1145, 1140, -1,
      1182, 1183, 1184, -1,
      982, 981, 1185, -1,
      982, 1185, 1186, -1,
      1187, 1188, 1189, -1,
      1190, 1191, 1192, -1,
      1191, 1190, 1193, -1,
      1193, 1190, 1194, -1,
      1193, 1194, 1195, -1,
      1196, 1197, 1198, -1,
      1198, 1197, 1199, -1,
      1200, 1201, 1198, -1,
      1198, 1201, 1202, -1,
      1198, 1202, 1196, -1,
      1203, 1204, 1205, -1,
      1205, 1204, 1206, -1,
      1205, 1206, 1207, -1,
      1208, 1209, 1210, -1,
      1210, 1209, 1211, -1,
      1210, 1211, 1212, -1,
      1212, 1211, 1213, -1,
      1212, 1213, 1214, -1,
      1214, 1215, 1212, -1,
      1212, 1215, 1216, -1,
      1212, 1216, 1217, -1,
      1217, 1218, 1212, -1,
      1212, 1218, 1219, -1,
      1212, 1219, 1220, -1,
      1220, 1221, 1212, -1,
      1212, 1221, 1222, -1,
      1212, 1222, 1223, -1,
      1223, 1222, 1224, -1,
      1223, 1224, 1205, -1,
      1205, 1224, 1225, -1,
      1205, 1225, 1203, -1,
      1183, 1226, 1184, -1,
      1184, 1226, 1227, -1,
      1184, 1227, 1210, -1,
      1227, 1228, 1210, -1,
      1210, 1228, 1229, -1,
      1210, 1229, 1230, -1,
      1230, 1231, 1210, -1,
      1210, 1231, 1232, -1,
      1210, 1232, 1208, -1,
      1233, 1234, 1235, -1,
      1235, 1236, 1233, -1,
      1233, 1236, 1237, -1,
      1233, 1237, 1184, -1,
      1184, 1237, 1238, -1,
      1184, 1238, 1182, -1,
      1234, 1233, 1239, -1,
      1239, 1233, 978, -1,
      1239, 978, 868, -1,
      899, 901, 1240, -1,
      1240, 901, 1241, -1,
      901, 918, 1241, -1,
      1241, 918, 917, -1,
      1241, 917, 1242, -1,
      1242, 917, 926, -1,
      1242, 926, 1243, -1,
      926, 935, 1243, -1,
      1243, 935, 934, -1,
      1243, 934, 1244, -1,
      934, 944, 1244, -1,
      1244, 944, 942, -1,
      1244, 942, 1245, -1,
      942, 941, 1245, -1,
      1245, 941, 952, -1,
      1245, 952, 1246, -1,
      1247, 1248, 1249, -1,
      1249, 1248, 1250, -1,
      1249, 1250, 1251, -1,
      1251, 1250, 1252, -1,
      1251, 1252, 1253, -1,
      1253, 1252, 1254, -1,
      1253, 1254, 1255, -1,
      1255, 1254, 1256, -1,
      1255, 1256, 1257, -1,
      1257, 1256, 1258, -1,
      1257, 1258, 1259, -1,
      1259, 1258, 1260, -1,
      1259, 1260, 1261, -1,
      1261, 1260, 1262, -1,
      1261, 1262, 1223, -1,
      1248, 1263, 1250, -1,
      1250, 1263, 1264, -1,
      1250, 1264, 1252, -1,
      1252, 1264, 1265, -1,
      1252, 1265, 1254, -1,
      1254, 1265, 1266, -1,
      1254, 1266, 1256, -1,
      1256, 1266, 1267, -1,
      1256, 1267, 1258, -1,
      1258, 1267, 1268, -1,
      1258, 1268, 1260, -1,
      1260, 1268, 1269, -1,
      1260, 1269, 1262, -1,
      1262, 1269, 1270, -1,
      1263, 1271, 1264, -1,
      1264, 1271, 1272, -1,
      1264, 1272, 1265, -1,
      1265, 1272, 1273, -1,
      1265, 1273, 1266, -1,
      1266, 1273, 1274, -1,
      1266, 1274, 1267, -1,
      1267, 1274, 1275, -1,
      1267, 1275, 1268, -1,
      1268, 1275, 1276, -1,
      1268, 1276, 1269, -1,
      1269, 1276, 1277, -1,
      1269, 1277, 1270, -1,
      1270, 1277, 1278, -1,
      1271, 1240, 1272, -1,
      1272, 1240, 1241, -1,
      1272, 1241, 1273, -1,
      1273, 1241, 1242, -1,
      1273, 1242, 1274, -1,
      1274, 1242, 1243, -1,
      1274, 1243, 1275, -1,
      1275, 1243, 1244, -1,
      1275, 1244, 1276, -1,
      1276, 1244, 1245, -1,
      1276, 1245, 1277, -1,
      1277, 1245, 1246, -1,
      1277, 1246, 1278, -1,
      1278, 1246, 1279, -1,
      952, 969, 1246, -1,
      1246, 969, 968, -1,
      1246, 968, 1279, -1,
      1279, 968, 980, -1,
      1279, 980, 979, -1,
      1223, 1262, 1212, -1,
      1212, 1262, 1270, -1,
      1212, 1270, 1210, -1,
      1210, 1270, 1278, -1,
      1210, 1278, 1184, -1,
      1184, 1278, 1279, -1,
      1184, 1279, 1233, -1,
      1233, 1279, 979, -1,
      1233, 979, 978, -1,
      1280, 1247, 1281, -1,
      1281, 1247, 1249, -1,
      1281, 1249, 1282, -1,
      1282, 1249, 1251, -1,
      1282, 1251, 1283, -1,
      1283, 1251, 1253, -1,
      1283, 1253, 1284, -1,
      1284, 1253, 1255, -1,
      1284, 1255, 1285, -1,
      1285, 1255, 1257, -1,
      1285, 1257, 1286, -1,
      1286, 1257, 1259, -1,
      1286, 1259, 1287, -1,
      1287, 1259, 1261, -1,
      1287, 1261, 1288, -1,
      1288, 1261, 1223, -1,
      1288, 1223, 1200, -1,
      1200, 1223, 1205, -1,
      1200, 1205, 1201, -1,
      1201, 1205, 1207, -1,
      1289, 1280, 1290, -1,
      1290, 1280, 1281, -1,
      1290, 1281, 1291, -1,
      1291, 1281, 1282, -1,
      1291, 1282, 1292, -1,
      1292, 1282, 1283, -1,
      1292, 1283, 1293, -1,
      1293, 1283, 1284, -1,
      1293, 1284, 1294, -1,
      1294, 1284, 1285, -1,
      1294, 1285, 1295, -1,
      1295, 1285, 1286, -1,
      1295, 1286, 1296, -1,
      1296, 1286, 1287, -1,
      1296, 1287, 1297, -1,
      1297, 1287, 1288, -1,
      1297, 1288, 1298, -1,
      1298, 1288, 1200, -1,
      1298, 1200, 1194, -1,
      1194, 1200, 1198, -1,
      1194, 1198, 1195, -1,
      1195, 1198, 1199, -1,
      1299, 1300, 1301, -1,
      1301, 1300, 1302, -1,
      1301, 1302, 1303, -1,
      1303, 1302, 1304, -1,
      1303, 1304, 1305, -1,
      1305, 1304, 1306, -1,
      1305, 1306, 1307, -1,
      1307, 1306, 1308, -1,
      1307, 1308, 1309, -1,
      1309, 1308, 1310, -1,
      1309, 1310, 1311, -1,
      1311, 1310, 1312, -1,
      1311, 1312, 1313, -1,
      1313, 1312, 1314, -1,
      1313, 1314, 1315, -1,
      1315, 1314, 1316, -1,
      1315, 1316, 1317, -1,
      1317, 1316, 1318, -1,
      1317, 1318, 1319, -1,
      1319, 1318, 1320, -1,
      1319, 1320, 1185, -1,
      1185, 1320, 1189, -1,
      1185, 1189, 1186, -1,
      1186, 1189, 1188, -1,
      1300, 1289, 1302, -1,
      1302, 1289, 1290, -1,
      1302, 1290, 1304, -1,
      1304, 1290, 1291, -1,
      1304, 1291, 1306, -1,
      1306, 1291, 1292, -1,
      1306, 1292, 1308, -1,
      1308, 1292, 1293, -1,
      1308, 1293, 1310, -1,
      1310, 1293, 1294, -1,
      1310, 1294, 1312, -1,
      1312, 1294, 1295, -1,
      1312, 1295, 1314, -1,
      1314, 1295, 1296, -1,
      1314, 1296, 1316, -1,
      1316, 1296, 1297, -1,
      1316, 1297, 1318, -1,
      1318, 1297, 1298, -1,
      1318, 1298, 1320, -1,
      1320, 1298, 1194, -1,
      1320, 1194, 1189, -1,
      1189, 1194, 1190, -1,
      1189, 1190, 1187, -1,
      1187, 1190, 1192, -1,
      1321, 1322, 1323, -1,
      1323, 1322, 1324, -1,
      1323, 1324, 1325, -1,
      1325, 1324, 1326, -1,
      1325, 1326, 1327, -1,
      1327, 1326, 1328, -1,
      1327, 1328, 1329, -1,
      1329, 1328, 1330, -1,
      1329, 1330, 1331, -1,
      1331, 1330, 1332, -1,
      1331, 1332, 1333, -1,
      1333, 1332, 1334, -1,
      1333, 1334, 1335, -1,
      1335, 1334, 1336, -1,
      1335, 1336, 1337, -1,
      1337, 1336, 1338, -1,
      1337, 1338, 1339, -1,
      1339, 1338, 1340, -1,
      1339, 1340, 1341, -1,
      1341, 1340, 1342, -1,
      1341, 1342, 1343, -1,
      1343, 1342, 1344, -1,
      1343, 1344, 989, -1,
      989, 1344, 984, -1,
      1322, 1345, 1324, -1,
      1324, 1345, 1346, -1,
      1324, 1346, 1326, -1,
      1326, 1346, 1347, -1,
      1326, 1347, 1328, -1,
      1328, 1347, 1348, -1,
      1328, 1348, 1330, -1,
      1330, 1348, 1349, -1,
      1330, 1349, 1332, -1,
      1332, 1349, 1350, -1,
      1332, 1350, 1334, -1,
      1334, 1350, 1351, -1,
      1334, 1351, 1336, -1,
      1336, 1351, 1352, -1,
      1336, 1352, 1338, -1,
      1338, 1352, 1353, -1,
      1338, 1353, 1340, -1,
      1340, 1353, 1354, -1,
      1340, 1354, 1342, -1,
      1342, 1354, 1355, -1,
      1342, 1355, 1344, -1,
      1344, 1355, 1356, -1,
      1344, 1356, 984, -1,
      984, 1356, 985, -1,
      1345, 1357, 1346, -1,
      1346, 1357, 1358, -1,
      1346, 1358, 1347, -1,
      1347, 1358, 1359, -1,
      1347, 1359, 1348, -1,
      1348, 1359, 1360, -1,
      1348, 1360, 1349, -1,
      1349, 1360, 1361, -1,
      1349, 1361, 1350, -1,
      1350, 1361, 1362, -1,
      1350, 1362, 1351, -1,
      1351, 1362, 1363, -1,
      1351, 1363, 1352, -1,
      1352, 1363, 1364, -1,
      1352, 1364, 1353, -1,
      1353, 1364, 1365, -1,
      1353, 1365, 1354, -1,
      1354, 1365, 1366, -1,
      1354, 1366, 1355, -1,
      1355, 1366, 1367, -1,
      1355, 1367, 1356, -1,
      1356, 1367, 1368, -1,
      1356, 1368, 985, -1,
      985, 1368, 987, -1,
      1357, 1369, 1358, -1,
      1358, 1369, 1370, -1,
      1358, 1370, 1359, -1,
      1359, 1370, 1371, -1,
      1359, 1371, 1360, -1,
      1360, 1371, 1372, -1,
      1360, 1372, 1361, -1,
      1361, 1372, 1373, -1,
      1361, 1373, 1362, -1,
      1362, 1373, 1374, -1,
      1362, 1374, 1363, -1,
      1363, 1374, 1375, -1,
      1363, 1375, 1364, -1,
      1364, 1375, 1376, -1,
      1364, 1376, 1365, -1,
      1365, 1376, 1377, -1,
      1365, 1377, 1366, -1,
      1366, 1377, 1378, -1,
      1366, 1378, 1367, -1,
      1367, 1378, 1379, -1,
      1367, 1379, 1368, -1,
      1368, 1379, 1380, -1,
      1368, 1380, 987, -1,
      987, 1380, 988, -1,
      1369, 1299, 1370, -1,
      1370, 1299, 1301, -1,
      1370, 1301, 1371, -1,
      1371, 1301, 1303, -1,
      1371, 1303, 1372, -1,
      1372, 1303, 1305, -1,
      1372, 1305, 1373, -1,
      1373, 1305, 1307, -1,
      1373, 1307, 1374, -1,
      1374, 1307, 1309, -1,
      1374, 1309, 1375, -1,
      1375, 1309, 1311, -1,
      1375, 1311, 1376, -1,
      1376, 1311, 1313, -1,
      1376, 1313, 1377, -1,
      1377, 1313, 1315, -1,
      1377, 1315, 1378, -1,
      1378, 1315, 1317, -1,
      1378, 1317, 1379, -1,
      1379, 1317, 1319, -1,
      1379, 1319, 1380, -1,
      1380, 1319, 1185, -1,
      1380, 1185, 988, -1,
      988, 1185, 981, -1,
      903, 900, 1381, -1,
      906, 904, 1382, -1,
      909, 907, 1383, -1,
      915, 910, 1384, -1,
      1385, 1386, 1387, -1,
      1388, 1389, 1390, -1,
      1391, 914, 1392, -1,
      1392, 914, 1393, -1,
      1392, 1393, 1394, -1,
      1391, 1395, 914, -1,
      914, 1395, 1396, -1,
      914, 1396, 913, -1,
      913, 1396, 912, -1,
      1397, 1398, 1399, -1,
      1399, 1398, 1400, -1,
      1399, 1400, 1393, -1,
      1393, 1400, 1401, -1,
      1393, 1401, 1394, -1,
      1402, 1403, 1404, -1,
      1404, 1403, 1405, -1,
      1404, 1405, 1406, -1,
      1406, 1405, 1407, -1,
      1406, 1407, 1408, -1,
      1409, 1410, 1411, -1,
      1411, 1412, 1409, -1,
      1409, 1412, 1413, -1,
      1409, 1413, 1404, -1,
      1404, 1413, 1414, -1,
      1404, 1414, 1402, -1,
      1415, 1416, 1417, -1,
      1417, 1416, 1418, -1,
      1418, 1419, 1417, -1,
      1417, 1419, 1420, -1,
      1417, 1420, 1409, -1,
      1409, 1420, 1421, -1,
      1409, 1421, 1410, -1,
      1422, 1423, 1424, -1,
      1422, 1424, 1417, -1,
      1417, 1424, 1425, -1,
      1417, 1425, 1415, -1,
      1426, 1427, 1422, -1,
      1422, 1427, 1428, -1,
      1428, 1429, 1422, -1,
      1422, 1429, 1430, -1,
      1422, 1430, 1423, -1,
      1431, 1432, 1426, -1,
      1426, 1432, 1433, -1,
      1426, 1433, 1427, -1,
      1434, 1435, 1436, -1,
      1436, 1437, 1434, -1,
      1434, 1437, 1438, -1,
      1434, 1438, 1426, -1,
      1426, 1438, 1439, -1,
      1426, 1439, 1431, -1,
      1390, 1440, 1441, -1,
      1441, 1440, 1442, -1,
      1441, 1442, 1443, -1,
      1389, 1444, 1390, -1,
      1390, 1444, 1445, -1,
      1390, 1445, 1440, -1,
      1386, 1446, 1387, -1,
      1387, 1446, 1447, -1,
      1387, 1447, 1448, -1,
      1449, 1450, 348, -1,
      1408, 1397, 1406, -1,
      1406, 1397, 1399, -1,
      1406, 1399, 1404, -1,
      1404, 1399, 1451, -1,
      1404, 1451, 1409, -1,
      1409, 1451, 1452, -1,
      1409, 1452, 1417, -1,
      1417, 1452, 1453, -1,
      1417, 1453, 1422, -1,
      1422, 1453, 1454, -1,
      1422, 1454, 1426, -1,
      1426, 1454, 1455, -1,
      1426, 1455, 1434, -1,
      1434, 1455, 1456, -1,
      1434, 1456, 1435, -1,
      1435, 1456, 1441, -1,
      1435, 1441, 1457, -1,
      1457, 1441, 1443, -1,
      914, 915, 1393, -1,
      1393, 915, 1384, -1,
      1393, 1384, 1399, -1,
      1399, 1384, 1458, -1,
      1399, 1458, 1451, -1,
      1451, 1458, 1459, -1,
      1451, 1459, 1452, -1,
      1452, 1459, 1460, -1,
      1452, 1460, 1453, -1,
      1453, 1460, 1461, -1,
      1453, 1461, 1454, -1,
      1454, 1461, 1462, -1,
      1454, 1462, 1455, -1,
      1455, 1462, 1463, -1,
      1455, 1463, 1456, -1,
      1456, 1463, 1464, -1,
      1456, 1464, 1441, -1,
      1441, 1464, 1465, -1,
      1441, 1465, 1390, -1,
      1390, 1465, 1448, -1,
      1390, 1448, 1388, -1,
      1388, 1448, 1447, -1,
      910, 909, 1384, -1,
      1384, 909, 1383, -1,
      1384, 1383, 1458, -1,
      1458, 1383, 1466, -1,
      1458, 1466, 1459, -1,
      1459, 1466, 1467, -1,
      1459, 1467, 1460, -1,
      1460, 1467, 1468, -1,
      1460, 1468, 1461, -1,
      1461, 1468, 1469, -1,
      1461, 1469, 1462, -1,
      1462, 1469, 1470, -1,
      1462, 1470, 1463, -1,
      1463, 1470, 1471, -1,
      1463, 1471, 1464, -1,
      1464, 1471, 1472, -1,
      1464, 1472, 1465, -1,
      1465, 1472, 1473, -1,
      1465, 1473, 1448, -1,
      1448, 1473, 1474, -1,
      1448, 1474, 1387, -1,
      1387, 1474, 1449, -1,
      1387, 1449, 1385, -1,
      1385, 1449, 348, -1,
      907, 906, 1383, -1,
      1383, 906, 1382, -1,
      1383, 1382, 1466, -1,
      1466, 1382, 1475, -1,
      1466, 1475, 1467, -1,
      1467, 1475, 1476, -1,
      1467, 1476, 1468, -1,
      1468, 1476, 1477, -1,
      1468, 1477, 1469, -1,
      1469, 1477, 1478, -1,
      1469, 1478, 1470, -1,
      1470, 1478, 1479, -1,
      1470, 1479, 1471, -1,
      1471, 1479, 1480, -1,
      1471, 1480, 1472, -1,
      1472, 1480, 1481, -1,
      1472, 1481, 1473, -1,
      1473, 1481, 1482, -1,
      1473, 1482, 1474, -1,
      1474, 1482, 1483, -1,
      1474, 1483, 1449, -1,
      1449, 1483, 1484, -1,
      1449, 1484, 1450, -1,
      1450, 1484, 1485, -1,
      904, 903, 1382, -1,
      1382, 903, 1381, -1,
      1382, 1381, 1475, -1,
      1475, 1381, 1486, -1,
      1475, 1486, 1476, -1,
      1476, 1486, 1487, -1,
      1476, 1487, 1477, -1,
      1477, 1487, 1488, -1,
      1477, 1488, 1478, -1,
      1478, 1488, 1489, -1,
      1478, 1489, 1479, -1,
      1479, 1489, 1490, -1,
      1479, 1490, 1480, -1,
      1480, 1490, 1491, -1,
      1480, 1491, 1481, -1,
      1481, 1491, 1492, -1,
      1481, 1492, 1482, -1,
      1482, 1492, 1493, -1,
      1482, 1493, 1483, -1,
      1483, 1493, 1494, -1,
      1483, 1494, 1484, -1,
      1484, 1494, 1495, -1,
      1484, 1495, 1485, -1,
      1485, 1495, 1496, -1,
      900, 899, 1381, -1,
      1381, 899, 1497, -1,
      1381, 1497, 1486, -1,
      1486, 1497, 1498, -1,
      1486, 1498, 1487, -1,
      1487, 1498, 1499, -1,
      1487, 1499, 1488, -1,
      1488, 1499, 1500, -1,
      1488, 1500, 1489, -1,
      1489, 1500, 1501, -1,
      1489, 1501, 1490, -1,
      1490, 1501, 1502, -1,
      1490, 1502, 1491, -1,
      1491, 1502, 1503, -1,
      1491, 1503, 1492, -1,
      1492, 1503, 1504, -1,
      1492, 1504, 1493, -1,
      1493, 1504, 1505, -1,
      1493, 1505, 1494, -1,
      1494, 1505, 1506, -1,
      1494, 1506, 1495, -1,
      1495, 1506, 1507, -1,
      1495, 1507, 1496, -1,
      1496, 1507, 344, -1,
      739, 1508, 599, -1,
      599, 1508, 600, -1,
      1509, 1510, 1511, -1,
      1511, 1510, 1512, -1,
      1511, 1512, 1513, -1,
      1509, 1511, 1514, -1,
      1514, 1511, 1515, -1,
      1514, 1515, 1516, -1,
      1517, 1518, 1519, -1,
      1520, 1521, 1519, -1,
      1519, 1521, 1522, -1,
      1519, 1522, 1517, -1,
      1519, 1523, 1524, -1,
      1525, 1526, 1524, -1,
      1524, 1526, 1527, -1,
      1524, 1527, 1519, -1,
      1519, 1527, 1528, -1,
      1519, 1528, 1520, -1,
      1529, 1530, 1531, -1,
      1531, 1530, 1532, -1,
      1532, 1533, 1531, -1,
      1531, 1533, 1534, -1,
      1531, 1534, 1519, -1,
      1519, 1534, 1535, -1,
      1519, 1535, 1523, -1,
      1536, 1537, 1538, -1,
      1538, 1537, 1539, -1,
      1538, 1539, 1540, -1,
      1540, 1539, 1541, -1,
      1540, 1541, 1542, -1,
      1543, 1544, 1545, -1,
      1543, 1545, 1538, -1,
      1538, 1545, 1546, -1,
      1538, 1546, 1536, -1,
      1547, 1548, 1543, -1,
      1543, 1548, 1549, -1,
      1543, 1549, 1544, -1,
      788, 789, 1547, -1,
      1543, 713, 602, -1,
      1547, 1543, 788, -1,
      788, 1543, 602, -1,
      788, 602, 604, -1,
      713, 1543, 712, -1,
      712, 1543, 1538, -1,
      712, 1538, 711, -1,
      711, 1538, 710, -1,
      710, 1538, 1540, -1,
      710, 1540, 723, -1,
      723, 1540, 736, -1,
      736, 1540, 1515, -1,
      736, 1515, 737, -1,
      1542, 1529, 1540, -1,
      1540, 1529, 1531, -1,
      1540, 1531, 1515, -1,
      1515, 1531, 1519, -1,
      1515, 1519, 1516, -1,
      1516, 1519, 1518, -1,
      737, 1515, 738, -1,
      738, 1515, 1511, -1,
      738, 1511, 739, -1,
      739, 1511, 1513, -1,
      739, 1513, 1508, -1,
      1550, 1551, 1552, -1,
      28, 1553, 1554, -1,
      28, 1554, 1555, -1,
      1556, 1557, 1558, -1,
      1559, 1560, 1561, -1,
      1560, 1559, 1562, -1,
      1562, 1559, 1563, -1,
      1562, 1563, 1564, -1,
      1565, 1566, 1567, -1,
      1567, 1566, 1568, -1,
      1569, 1570, 1567, -1,
      1567, 1570, 1571, -1,
      1567, 1571, 1565, -1,
      1572, 1573, 1574, -1,
      1574, 1573, 1575, -1,
      1574, 1575, 1576, -1,
      1577, 1578, 1579, -1,
      1579, 1578, 1580, -1,
      1580, 1578, 1581, -1,
      1580, 1581, 1582, -1,
      1582, 1583, 1580, -1,
      1580, 1583, 1584, -1,
      1580, 1584, 1585, -1,
      1585, 1586, 1580, -1,
      1580, 1586, 1587, -1,
      1580, 1587, 1588, -1,
      1588, 1589, 1580, -1,
      1580, 1589, 1590, -1,
      1580, 1590, 1591, -1,
      1591, 1590, 1592, -1,
      1591, 1592, 1574, -1,
      1574, 1592, 1593, -1,
      1574, 1593, 1572, -1,
      1594, 1595, 1579, -1,
      1551, 1596, 1552, -1,
      1552, 1596, 1597, -1,
      1552, 1597, 1579, -1,
      1579, 1597, 1598, -1,
      1579, 1598, 1594, -1,
      1595, 1599, 1579, -1,
      1579, 1599, 1600, -1,
      1579, 1600, 1577, -1,
      1601, 1602, 1603, -1,
      1603, 1602, 1604, -1,
      1603, 1604, 1552, -1,
      1552, 1604, 1605, -1,
      1552, 1605, 1550, -1,
      1601, 1603, 1606, -1,
      1606, 1603, 761, -1,
      1606, 761, 550, -1,
      682, 684, 1607, -1,
      1607, 684, 1608, -1,
      684, 701, 1608, -1,
      1608, 701, 700, -1,
      1608, 700, 1609, -1,
      1609, 700, 709, -1,
      1609, 709, 1610, -1,
      709, 718, 1610, -1,
      1610, 718, 717, -1,
      1610, 717, 1611, -1,
      717, 727, 1611, -1,
      1611, 727, 725, -1,
      1611, 725, 1612, -1,
      725, 724, 1612, -1,
      1612, 724, 735, -1,
      1612, 735, 1613, -1,
      1614, 1615, 1616, -1,
      1616, 1615, 1617, -1,
      1616, 1617, 1618, -1,
      1618, 1617, 1619, -1,
      1618, 1619, 1620, -1,
      1620, 1619, 1621, -1,
      1620, 1621, 1622, -1,
      1622, 1621, 1623, -1,
      1622, 1623, 1624, -1,
      1624, 1623, 1625, -1,
      1624, 1625, 1626, -1,
      1626, 1625, 1627, -1,
      1626, 1627, 1628, -1,
      1628, 1627, 1629, -1,
      1628, 1629, 1591, -1,
      1615, 1630, 1617, -1,
      1617, 1630, 1631, -1,
      1617, 1631, 1619, -1,
      1619, 1631, 1632, -1,
      1619, 1632, 1621, -1,
      1621, 1632, 1633, -1,
      1621, 1633, 1623, -1,
      1623, 1633, 1634, -1,
      1623, 1634, 1625, -1,
      1625, 1634, 1635, -1,
      1625, 1635, 1627, -1,
      1627, 1635, 1636, -1,
      1627, 1636, 1629, -1,
      1629, 1636, 1637, -1,
      1630, 1638, 1631, -1,
      1631, 1638, 1639, -1,
      1631, 1639, 1632, -1,
      1632, 1639, 1640, -1,
      1632, 1640, 1633, -1,
      1633, 1640, 1641, -1,
      1633, 1641, 1634, -1,
      1634, 1641, 1642, -1,
      1634, 1642, 1635, -1,
      1635, 1642, 1643, -1,
      1635, 1643, 1636, -1,
      1636, 1643, 1644, -1,
      1636, 1644, 1637, -1,
      1637, 1644, 1645, -1,
      1638, 1607, 1639, -1,
      1639, 1607, 1608, -1,
      1639, 1608, 1640, -1,
      1640, 1608, 1609, -1,
      1640, 1609, 1641, -1,
      1641, 1609, 1610, -1,
      1641, 1610, 1642, -1,
      1642, 1610, 1611, -1,
      1642, 1611, 1643, -1,
      1643, 1611, 1612, -1,
      1643, 1612, 1644, -1,
      1644, 1612, 1613, -1,
      1644, 1613, 1645, -1,
      1645, 1613, 1646, -1,
      735, 752, 1613, -1,
      1613, 752, 751, -1,
      1613, 751, 1646, -1,
      1646, 751, 763, -1,
      1646, 763, 762, -1,
      1591, 1629, 1580, -1,
      1580, 1629, 1637, -1,
      1580, 1637, 1579, -1,
      1579, 1637, 1645, -1,
      1579, 1645, 1552, -1,
      1552, 1645, 1646, -1,
      1552, 1646, 1603, -1,
      1603, 1646, 762, -1,
      1603, 762, 761, -1,
      1647, 1614, 1648, -1,
      1648, 1614, 1616, -1,
      1648, 1616, 1649, -1,
      1649, 1616, 1618, -1,
      1649, 1618, 1650, -1,
      1650, 1618, 1620, -1,
      1650, 1620, 1651, -1,
      1651, 1620, 1622, -1,
      1651, 1622, 1652, -1,
      1652, 1622, 1624, -1,
      1652, 1624, 1653, -1,
      1653, 1624, 1626, -1,
      1653, 1626, 1654, -1,
      1654, 1626, 1628, -1,
      1654, 1628, 1655, -1,
      1655, 1628, 1591, -1,
      1655, 1591, 1569, -1,
      1569, 1591, 1574, -1,
      1569, 1574, 1570, -1,
      1570, 1574, 1576, -1,
      1656, 1647, 1657, -1,
      1657, 1647, 1648, -1,
      1657, 1648, 1658, -1,
      1658, 1648, 1649, -1,
      1658, 1649, 1659, -1,
      1659, 1649, 1650, -1,
      1659, 1650, 1660, -1,
      1660, 1650, 1651, -1,
      1660, 1651, 1661, -1,
      1661, 1651, 1652, -1,
      1661, 1652, 1662, -1,
      1662, 1652, 1653, -1,
      1662, 1653, 1663, -1,
      1663, 1653, 1654, -1,
      1663, 1654, 1664, -1,
      1664, 1654, 1655, -1,
      1664, 1655, 1665, -1,
      1665, 1655, 1569, -1,
      1665, 1569, 1563, -1,
      1563, 1569, 1567, -1,
      1563, 1567, 1564, -1,
      1564, 1567, 1568, -1,
      1666, 1667, 1668, -1,
      1668, 1667, 1669, -1,
      1668, 1669, 1670, -1,
      1670, 1669, 1671, -1,
      1670, 1671, 1672, -1,
      1672, 1671, 1673, -1,
      1672, 1673, 1674, -1,
      1674, 1673, 1675, -1,
      1674, 1675, 1676, -1,
      1676, 1675, 1677, -1,
      1676, 1677, 1678, -1,
      1678, 1677, 1679, -1,
      1678, 1679, 1680, -1,
      1680, 1679, 1681, -1,
      1680, 1681, 1682, -1,
      1682, 1681, 1683, -1,
      1682, 1683, 1684, -1,
      1684, 1683, 1685, -1,
      1684, 1685, 1686, -1,
      1686, 1685, 1687, -1,
      1686, 1687, 1554, -1,
      1554, 1687, 1558, -1,
      1554, 1558, 1555, -1,
      1555, 1558, 1557, -1,
      1667, 1656, 1669, -1,
      1669, 1656, 1657, -1,
      1669, 1657, 1671, -1,
      1671, 1657, 1658, -1,
      1671, 1658, 1673, -1,
      1673, 1658, 1659, -1,
      1673, 1659, 1675, -1,
      1675, 1659, 1660, -1,
      1675, 1660, 1677, -1,
      1677, 1660, 1661, -1,
      1677, 1661, 1679, -1,
      1679, 1661, 1662, -1,
      1679, 1662, 1681, -1,
      1681, 1662, 1663, -1,
      1681, 1663, 1683, -1,
      1683, 1663, 1664, -1,
      1683, 1664, 1685, -1,
      1685, 1664, 1665, -1,
      1685, 1665, 1687, -1,
      1687, 1665, 1563, -1,
      1687, 1563, 1558, -1,
      1558, 1563, 1559, -1,
      1558, 1559, 1556, -1,
      1556, 1559, 1561, -1,
      1321, 1688, 1689, -1,
      1689, 1688, 1690, -1,
      1689, 1690, 1691, -1,
      1691, 1690, 1692, -1,
      1691, 1692, 1693, -1,
      1693, 1692, 1694, -1,
      1693, 1694, 1695, -1,
      1695, 1694, 1696, -1,
      1695, 1696, 1697, -1,
      1697, 1696, 1698, -1,
      1697, 1698, 1699, -1,
      1699, 1698, 1700, -1,
      1699, 1700, 1701, -1,
      1701, 1700, 1702, -1,
      1701, 1702, 1703, -1,
      1703, 1702, 1704, -1,
      1703, 1704, 1705, -1,
      1705, 1704, 1706, -1,
      1705, 1706, 1707, -1,
      1707, 1706, 1708, -1,
      1707, 1708, 1709, -1,
      1709, 1708, 1710, -1,
      1709, 1710, 306, -1,
      306, 1710, 1711, -1,
      1688, 1712, 1690, -1,
      1690, 1712, 1713, -1,
      1690, 1713, 1692, -1,
      1692, 1713, 1714, -1,
      1692, 1714, 1694, -1,
      1694, 1714, 1715, -1,
      1694, 1715, 1696, -1,
      1696, 1715, 1716, -1,
      1696, 1716, 1698, -1,
      1698, 1716, 1717, -1,
      1698, 1717, 1700, -1,
      1700, 1717, 1718, -1,
      1700, 1718, 1702, -1,
      1702, 1718, 1719, -1,
      1702, 1719, 1704, -1,
      1704, 1719, 1720, -1,
      1704, 1720, 1706, -1,
      1706, 1720, 1721, -1,
      1706, 1721, 1708, -1,
      1708, 1721, 1722, -1,
      1708, 1722, 1710, -1,
      1710, 1722, 1723, -1,
      1710, 1723, 1711, -1,
      1711, 1723, 1724, -1,
      1712, 1725, 1713, -1,
      1713, 1725, 1726, -1,
      1713, 1726, 1714, -1,
      1714, 1726, 1727, -1,
      1714, 1727, 1715, -1,
      1715, 1727, 1728, -1,
      1715, 1728, 1716, -1,
      1716, 1728, 1729, -1,
      1716, 1729, 1717, -1,
      1717, 1729, 1730, -1,
      1717, 1730, 1718, -1,
      1718, 1730, 1731, -1,
      1718, 1731, 1719, -1,
      1719, 1731, 1732, -1,
      1719, 1732, 1720, -1,
      1720, 1732, 1733, -1,
      1720, 1733, 1721, -1,
      1721, 1733, 1734, -1,
      1721, 1734, 1722, -1,
      1722, 1734, 1735, -1,
      1722, 1735, 1723, -1,
      1723, 1735, 1736, -1,
      1723, 1736, 1724, -1,
      1724, 1736, 1737, -1,
      1725, 1738, 1726, -1,
      1726, 1738, 1739, -1,
      1726, 1739, 1727, -1,
      1727, 1739, 1740, -1,
      1727, 1740, 1728, -1,
      1728, 1740, 1741, -1,
      1728, 1741, 1729, -1,
      1729, 1741, 1742, -1,
      1729, 1742, 1730, -1,
      1730, 1742, 1743, -1,
      1730, 1743, 1731, -1,
      1731, 1743, 1744, -1,
      1731, 1744, 1732, -1,
      1732, 1744, 1745, -1,
      1732, 1745, 1733, -1,
      1733, 1745, 1746, -1,
      1733, 1746, 1734, -1,
      1734, 1746, 1747, -1,
      1734, 1747, 1735, -1,
      1735, 1747, 1748, -1,
      1735, 1748, 1736, -1,
      1736, 1748, 1749, -1,
      1736, 1749, 1737, -1,
      1737, 1749, 1750, -1,
      1738, 1666, 1739, -1,
      1739, 1666, 1668, -1,
      1739, 1668, 1740, -1,
      1740, 1668, 1670, -1,
      1740, 1670, 1741, -1,
      1741, 1670, 1672, -1,
      1741, 1672, 1742, -1,
      1742, 1672, 1674, -1,
      1742, 1674, 1743, -1,
      1743, 1674, 1676, -1,
      1743, 1676, 1744, -1,
      1744, 1676, 1678, -1,
      1744, 1678, 1745, -1,
      1745, 1678, 1680, -1,
      1745, 1680, 1746, -1,
      1746, 1680, 1682, -1,
      1746, 1682, 1747, -1,
      1747, 1682, 1684, -1,
      1747, 1684, 1748, -1,
      1748, 1684, 1686, -1,
      1748, 1686, 1749, -1,
      1749, 1686, 1554, -1,
      1749, 1554, 1750, -1,
      1750, 1554, 1553, -1,
      344, 1507, 1751, -1,
      1507, 1506, 1752, -1,
      1506, 1505, 1753, -1,
      1505, 1504, 1754, -1,
      1504, 1503, 1755, -1,
      1503, 1502, 1756, -1,
      1502, 1501, 1757, -1,
      1501, 1500, 1758, -1,
      1500, 1499, 1759, -1,
      1499, 1498, 1760, -1,
      1498, 1497, 1761, -1,
      1497, 899, 1240, -1,
      1497, 1240, 1761, -1,
      1761, 1240, 1271, -1,
      1761, 1271, 1762, -1,
      1762, 1271, 1263, -1,
      1762, 1263, 1763, -1,
      1763, 1263, 1248, -1,
      1763, 1248, 1764, -1,
      1764, 1248, 1247, -1,
      1764, 1247, 1765, -1,
      1765, 1247, 1280, -1,
      1765, 1280, 1766, -1,
      1766, 1280, 1289, -1,
      1766, 1289, 1767, -1,
      1767, 1289, 1300, -1,
      1767, 1300, 1768, -1,
      1768, 1300, 1299, -1,
      1768, 1299, 1769, -1,
      1769, 1299, 1369, -1,
      1769, 1369, 1770, -1,
      1770, 1369, 1357, -1,
      1770, 1357, 1771, -1,
      1771, 1357, 1345, -1,
      1771, 1345, 1772, -1,
      1772, 1345, 1322, -1,
      1772, 1322, 1773, -1,
      1773, 1322, 1321, -1,
      1773, 1321, 1689, -1,
      1498, 1761, 1760, -1,
      1760, 1761, 1762, -1,
      1760, 1762, 1774, -1,
      1774, 1762, 1763, -1,
      1774, 1763, 1775, -1,
      1775, 1763, 1764, -1,
      1775, 1764, 1776, -1,
      1776, 1764, 1765, -1,
      1776, 1765, 1777, -1,
      1777, 1765, 1766, -1,
      1777, 1766, 1778, -1,
      1778, 1766, 1767, -1,
      1778, 1767, 1779, -1,
      1779, 1767, 1768, -1,
      1779, 1768, 1780, -1,
      1780, 1768, 1769, -1,
      1780, 1769, 1781, -1,
      1781, 1769, 1770, -1,
      1781, 1770, 1782, -1,
      1782, 1770, 1771, -1,
      1782, 1771, 1783, -1,
      1783, 1771, 1772, -1,
      1783, 1772, 1784, -1,
      1784, 1772, 1773, -1,
      1784, 1773, 1785, -1,
      1785, 1773, 1689, -1,
      1785, 1689, 1691, -1,
      1499, 1760, 1759, -1,
      1759, 1760, 1774, -1,
      1759, 1774, 1786, -1,
      1786, 1774, 1775, -1,
      1786, 1775, 1787, -1,
      1787, 1775, 1776, -1,
      1787, 1776, 1788, -1,
      1788, 1776, 1777, -1,
      1788, 1777, 1789, -1,
      1789, 1777, 1778, -1,
      1789, 1778, 1790, -1,
      1790, 1778, 1779, -1,
      1790, 1779, 1791, -1,
      1791, 1779, 1780, -1,
      1791, 1780, 1792, -1,
      1792, 1780, 1781, -1,
      1792, 1781, 1793, -1,
      1793, 1781, 1782, -1,
      1793, 1782, 1794, -1,
      1794, 1782, 1783, -1,
      1794, 1783, 1795, -1,
      1795, 1783, 1784, -1,
      1795, 1784, 1796, -1,
      1796, 1784, 1785, -1,
      1796, 1785, 1797, -1,
      1797, 1785, 1691, -1,
      1797, 1691, 1693, -1,
      1500, 1759, 1758, -1,
      1758, 1759, 1786, -1,
      1758, 1786, 1798, -1,
      1798, 1786, 1787, -1,
      1798, 1787, 1799, -1,
      1799, 1787, 1788, -1,
      1799, 1788, 1800, -1,
      1800, 1788, 1789, -1,
      1800, 1789, 1801, -1,
      1801, 1789, 1790, -1,
      1801, 1790, 1802, -1,
      1802, 1790, 1791, -1,
      1802, 1791, 1803, -1,
      1803, 1791, 1792, -1,
      1803, 1792, 1804, -1,
      1804, 1792, 1793, -1,
      1804, 1793, 1805, -1,
      1805, 1793, 1794, -1,
      1805, 1794, 1806, -1,
      1806, 1794, 1795, -1,
      1806, 1795, 1807, -1,
      1807, 1795, 1796, -1,
      1807, 1796, 1808, -1,
      1808, 1796, 1797, -1,
      1808, 1797, 1809, -1,
      1809, 1797, 1693, -1,
      1809, 1693, 1695, -1,
      1501, 1758, 1757, -1,
      1757, 1758, 1798, -1,
      1757, 1798, 1810, -1,
      1810, 1798, 1799, -1,
      1810, 1799, 1811, -1,
      1811, 1799, 1800, -1,
      1811, 1800, 1812, -1,
      1812, 1800, 1801, -1,
      1812, 1801, 1813, -1,
      1813, 1801, 1802, -1,
      1813, 1802, 1814, -1,
      1814, 1802, 1803, -1,
      1814, 1803, 1815, -1,
      1815, 1803, 1804, -1,
      1815, 1804, 1816, -1,
      1816, 1804, 1805, -1,
      1816, 1805, 1817, -1,
      1817, 1805, 1806, -1,
      1817, 1806, 1818, -1,
      1818, 1806, 1807, -1,
      1818, 1807, 1819, -1,
      1819, 1807, 1808, -1,
      1819, 1808, 1820, -1,
      1820, 1808, 1809, -1,
      1820, 1809, 1821, -1,
      1821, 1809, 1695, -1,
      1821, 1695, 1697, -1,
      1502, 1757, 1756, -1,
      1756, 1757, 1810, -1,
      1756, 1810, 1822, -1,
      1822, 1810, 1811, -1,
      1822, 1811, 1823, -1,
      1823, 1811, 1812, -1,
      1823, 1812, 1824, -1,
      1824, 1812, 1813, -1,
      1824, 1813, 1825, -1,
      1825, 1813, 1814, -1,
      1825, 1814, 1826, -1,
      1826, 1814, 1815, -1,
      1826, 1815, 1827, -1,
      1827, 1815, 1816, -1,
      1827, 1816, 1828, -1,
      1828, 1816, 1817, -1,
      1828, 1817, 1829, -1,
      1829, 1817, 1818, -1,
      1829, 1818, 1830, -1,
      1830, 1818, 1819, -1,
      1830, 1819, 1831, -1,
      1831, 1819, 1820, -1,
      1831, 1820, 1832, -1,
      1832, 1820, 1821, -1,
      1832, 1821, 1833, -1,
      1833, 1821, 1697, -1,
      1833, 1697, 1699, -1,
      1503, 1756, 1755, -1,
      1755, 1756, 1822, -1,
      1755, 1822, 1834, -1,
      1834, 1822, 1823, -1,
      1834, 1823, 1835, -1,
      1835, 1823, 1824, -1,
      1835, 1824, 1836, -1,
      1836, 1824, 1825, -1,
      1836, 1825, 1837, -1,
      1837, 1825, 1826, -1,
      1837, 1826, 1838, -1,
      1838, 1826, 1827, -1,
      1838, 1827, 1839, -1,
      1839, 1827, 1828, -1,
      1839, 1828, 1840, -1,
      1840, 1828, 1829, -1,
      1840, 1829, 1841, -1,
      1841, 1829, 1830, -1,
      1841, 1830, 1842, -1,
      1842, 1830, 1831, -1,
      1842, 1831, 1843, -1,
      1843, 1831, 1832, -1,
      1843, 1832, 1844, -1,
      1844, 1832, 1833, -1,
      1844, 1833, 1845, -1,
      1845, 1833, 1699, -1,
      1845, 1699, 1701, -1,
      1504, 1755, 1754, -1,
      1754, 1755, 1834, -1,
      1754, 1834, 1846, -1,
      1846, 1834, 1835, -1,
      1846, 1835, 1847, -1,
      1847, 1835, 1836, -1,
      1847, 1836, 1848, -1,
      1848, 1836, 1837, -1,
      1848, 1837, 1849, -1,
      1849, 1837, 1838, -1,
      1849, 1838, 1850, -1,
      1850, 1838, 1839, -1,
      1850, 1839, 1851, -1,
      1851, 1839, 1840, -1,
      1851, 1840, 1852, -1,
      1852, 1840, 1841, -1,
      1852, 1841, 1853, -1,
      1853, 1841, 1842, -1,
      1853, 1842, 1854, -1,
      1854, 1842, 1843, -1,
      1854, 1843, 1855, -1,
      1855, 1843, 1844, -1,
      1855, 1844, 1856, -1,
      1856, 1844, 1845, -1,
      1856, 1845, 1857, -1,
      1857, 1845, 1701, -1,
      1857, 1701, 1703, -1,
      1505, 1754, 1753, -1,
      1753, 1754, 1846, -1,
      1753, 1846, 1858, -1,
      1858, 1846, 1847, -1,
      1858, 1847, 1859, -1,
      1859, 1847, 1848, -1,
      1859, 1848, 1860, -1,
      1860, 1848, 1849, -1,
      1860, 1849, 1861, -1,
      1861, 1849, 1850, -1,
      1861, 1850, 1862, -1,
      1862, 1850, 1851, -1,
      1862, 1851, 1863, -1,
      1863, 1851, 1852, -1,
      1863, 1852, 1864, -1,
      1864, 1852, 1853, -1,
      1864, 1853, 1865, -1,
      1865, 1853, 1854, -1,
      1865, 1854, 1866, -1,
      1866, 1854, 1855, -1,
      1866, 1855, 1867, -1,
      1867, 1855, 1856, -1,
      1867, 1856, 1868, -1,
      1868, 1856, 1857, -1,
      1868, 1857, 1869, -1,
      1869, 1857, 1703, -1,
      1869, 1703, 1705, -1,
      1506, 1753, 1752, -1,
      1752, 1753, 1858, -1,
      1752, 1858, 1870, -1,
      1870, 1858, 1859, -1,
      1870, 1859, 1871, -1,
      1871, 1859, 1860, -1,
      1871, 1860, 1872, -1,
      1872, 1860, 1861, -1,
      1872, 1861, 1873, -1,
      1873, 1861, 1862, -1,
      1873, 1862, 1874, -1,
      1874, 1862, 1863, -1,
      1874, 1863, 1875, -1,
      1875, 1863, 1864, -1,
      1875, 1864, 1876, -1,
      1876, 1864, 1865, -1,
      1876, 1865, 1877, -1,
      1877, 1865, 1866, -1,
      1877, 1866, 1878, -1,
      1878, 1866, 1867, -1,
      1878, 1867, 1879, -1,
      1879, 1867, 1868, -1,
      1879, 1868, 1880, -1,
      1880, 1868, 1869, -1,
      1880, 1869, 1881, -1,
      1881, 1869, 1705, -1,
      1881, 1705, 1707, -1,
      1507, 1752, 1751, -1,
      1751, 1752, 1870, -1,
      1751, 1870, 1882, -1,
      1882, 1870, 1871, -1,
      1882, 1871, 1883, -1,
      1883, 1871, 1872, -1,
      1883, 1872, 1884, -1,
      1884, 1872, 1873, -1,
      1884, 1873, 1885, -1,
      1885, 1873, 1874, -1,
      1885, 1874, 1886, -1,
      1886, 1874, 1875, -1,
      1886, 1875, 1887, -1,
      1887, 1875, 1876, -1,
      1887, 1876, 1888, -1,
      1888, 1876, 1877, -1,
      1888, 1877, 1889, -1,
      1889, 1877, 1878, -1,
      1889, 1878, 1890, -1,
      1890, 1878, 1879, -1,
      1890, 1879, 1891, -1,
      1891, 1879, 1880, -1,
      1891, 1880, 1892, -1,
      1892, 1880, 1881, -1,
      1892, 1881, 1893, -1,
      1893, 1881, 1707, -1,
      1893, 1707, 1709, -1,
      344, 1751, 1894, -1,
      1894, 1751, 1882, -1,
      1894, 1882, 1895, -1,
      1895, 1882, 1883, -1,
      1895, 1883, 1896, -1,
      1896, 1883, 1884, -1,
      1896, 1884, 1897, -1,
      1897, 1884, 1885, -1,
      1897, 1885, 1898, -1,
      1898, 1885, 1886, -1,
      1898, 1886, 1899, -1,
      1899, 1886, 1887, -1,
      1899, 1887, 325, -1,
      325, 1887, 1888, -1,
      325, 1888, 1900, -1,
      1900, 1888, 1889, -1,
      1900, 1889, 1901, -1,
      1901, 1889, 1890, -1,
      1901, 1890, 1902, -1,
      1902, 1890, 1891, -1,
      1902, 1891, 1903, -1,
      1903, 1891, 1892, -1,
      1903, 1892, 1904, -1,
      1904, 1892, 1893, -1,
      1904, 1893, 1905, -1,
      1905, 1893, 1709, -1,
      1905, 1709, 306, -1,
      1015, 1139, 1906, -1,
      1139, 1138, 1907, -1,
      1138, 1137, 1908, -1,
      1137, 1136, 1909, -1,
      1136, 1135, 1910, -1,
      1135, 1134, 1911, -1,
      1134, 1133, 1912, -1,
      1133, 1132, 1913, -1,
      1132, 1131, 1914, -1,
      1131, 1130, 1915, -1,
      1130, 1129, 1916, -1,
      1129, 682, 1607, -1,
      1129, 1607, 1916, -1,
      1916, 1607, 1638, -1,
      1916, 1638, 1917, -1,
      1917, 1638, 1630, -1,
      1917, 1630, 1918, -1,
      1918, 1630, 1615, -1,
      1918, 1615, 1919, -1,
      1919, 1615, 1614, -1,
      1919, 1614, 1920, -1,
      1920, 1614, 1647, -1,
      1920, 1647, 1921, -1,
      1921, 1647, 1656, -1,
      1921, 1656, 1922, -1,
      1922, 1656, 1667, -1,
      1922, 1667, 1923, -1,
      1923, 1667, 1666, -1,
      1923, 1666, 1924, -1,
      1924, 1666, 1738, -1,
      1924, 1738, 1925, -1,
      1925, 1738, 1725, -1,
      1925, 1725, 1926, -1,
      1926, 1725, 1712, -1,
      1926, 1712, 1927, -1,
      1927, 1712, 1688, -1,
      1927, 1688, 1928, -1,
      1928, 1688, 1321, -1,
      1928, 1321, 1323, -1,
      1130, 1916, 1915, -1,
      1915, 1916, 1917, -1,
      1915, 1917, 1929, -1,
      1929, 1917, 1918, -1,
      1929, 1918, 1930, -1,
      1930, 1918, 1919, -1,
      1930, 1919, 1931, -1,
      1931, 1919, 1920, -1,
      1931, 1920, 1932, -1,
      1932, 1920, 1921, -1,
      1932, 1921, 1933, -1,
      1933, 1921, 1922, -1,
      1933, 1922, 1934, -1,
      1934, 1922, 1923, -1,
      1934, 1923, 1935, -1,
      1935, 1923, 1924, -1,
      1935, 1924, 1936, -1,
      1936, 1924, 1925, -1,
      1936, 1925, 1937, -1,
      1937, 1925, 1926, -1,
      1937, 1926, 1938, -1,
      1938, 1926, 1927, -1,
      1938, 1927, 1939, -1,
      1939, 1927, 1928, -1,
      1939, 1928, 1940, -1,
      1940, 1928, 1323, -1,
      1940, 1323, 1325, -1,
      1131, 1915, 1914, -1,
      1914, 1915, 1929, -1,
      1914, 1929, 1941, -1,
      1941, 1929, 1930, -1,
      1941, 1930, 1942, -1,
      1942, 1930, 1931, -1,
      1942, 1931, 1943, -1,
      1943, 1931, 1932, -1,
      1943, 1932, 1944, -1,
      1944, 1932, 1933, -1,
      1944, 1933, 1945, -1,
      1945, 1933, 1934, -1,
      1945, 1934, 1946, -1,
      1946, 1934, 1935, -1,
      1946, 1935, 1947, -1,
      1947, 1935, 1936, -1,
      1947, 1936, 1948, -1,
      1948, 1936, 1937, -1,
      1948, 1937, 1949, -1,
      1949, 1937, 1938, -1,
      1949, 1938, 1950, -1,
      1950, 1938, 1939, -1,
      1950, 1939, 1951, -1,
      1951, 1939, 1940, -1,
      1951, 1940, 1952, -1,
      1952, 1940, 1325, -1,
      1952, 1325, 1327, -1,
      1132, 1914, 1913, -1,
      1913, 1914, 1941, -1,
      1913, 1941, 1953, -1,
      1953, 1941, 1942, -1,
      1953, 1942, 1954, -1,
      1954, 1942, 1943, -1,
      1954, 1943, 1955, -1,
      1955, 1943, 1944, -1,
      1955, 1944, 1956, -1,
      1956, 1944, 1945, -1,
      1956, 1945, 1957, -1,
      1957, 1945, 1946, -1,
      1957, 1946, 1958, -1,
      1958, 1946, 1947, -1,
      1958, 1947, 1959, -1,
      1959, 1947, 1948, -1,
      1959, 1948, 1960, -1,
      1960, 1948, 1949, -1,
      1960, 1949, 1961, -1,
      1961, 1949, 1950, -1,
      1961, 1950, 1962, -1,
      1962, 1950, 1951, -1,
      1962, 1951, 1963, -1,
      1963, 1951, 1952, -1,
      1963, 1952, 1964, -1,
      1964, 1952, 1327, -1,
      1964, 1327, 1329, -1,
      1133, 1913, 1912, -1,
      1912, 1913, 1953, -1,
      1912, 1953, 1965, -1,
      1965, 1953, 1954, -1,
      1965, 1954, 1966, -1,
      1966, 1954, 1955, -1,
      1966, 1955, 1967, -1,
      1967, 1955, 1956, -1,
      1967, 1956, 1968, -1,
      1968, 1956, 1957, -1,
      1968, 1957, 1969, -1,
      1969, 1957, 1958, -1,
      1969, 1958, 1970, -1,
      1970, 1958, 1959, -1,
      1970, 1959, 1971, -1,
      1971, 1959, 1960, -1,
      1971, 1960, 1972, -1,
      1972, 1960, 1961, -1,
      1972, 1961, 1973, -1,
      1973, 1961, 1962, -1,
      1973, 1962, 1974, -1,
      1974, 1962, 1963, -1,
      1974, 1963, 1975, -1,
      1975, 1963, 1964, -1,
      1975, 1964, 1976, -1,
      1976, 1964, 1329, -1,
      1976, 1329, 1331, -1,
      1134, 1912, 1911, -1,
      1911, 1912, 1965, -1,
      1911, 1965, 1977, -1,
      1977, 1965, 1966, -1,
      1977, 1966, 1978, -1,
      1978, 1966, 1967, -1,
      1978, 1967, 1979, -1,
      1979, 1967, 1968, -1,
      1979, 1968, 1980, -1,
      1980, 1968, 1969, -1,
      1980, 1969, 1981, -1,
      1981, 1969, 1970, -1,
      1981, 1970, 1982, -1,
      1982, 1970, 1971, -1,
      1982, 1971, 1983, -1,
      1983, 1971, 1972, -1,
      1983, 1972, 1984, -1,
      1984, 1972, 1973, -1,
      1984, 1973, 1985, -1,
      1985, 1973, 1974, -1,
      1985, 1974, 1986, -1,
      1986, 1974, 1975, -1,
      1986, 1975, 1987, -1,
      1987, 1975, 1976, -1,
      1987, 1976, 1988, -1,
      1988, 1976, 1331, -1,
      1988, 1331, 1333, -1,
      1135, 1911, 1910, -1,
      1910, 1911, 1977, -1,
      1910, 1977, 1989, -1,
      1989, 1977, 1978, -1,
      1989, 1978, 1990, -1,
      1990, 1978, 1979, -1,
      1990, 1979, 1991, -1,
      1991, 1979, 1980, -1,
      1991, 1980, 1992, -1,
      1992, 1980, 1981, -1,
      1992, 1981, 1993, -1,
      1993, 1981, 1982, -1,
      1993, 1982, 1994, -1,
      1994, 1982, 1983, -1,
      1994, 1983, 1995, -1,
      1995, 1983, 1984, -1,
      1995, 1984, 1996, -1,
      1996, 1984, 1985, -1,
      1996, 1985, 1997, -1,
      1997, 1985, 1986, -1,
      1997, 1986, 1998, -1,
      1998, 1986, 1987, -1,
      1998, 1987, 1999, -1,
      1999, 1987, 1988, -1,
      1999, 1988, 2000, -1,
      2000, 1988, 1333, -1,
      2000, 1333, 1335, -1,
      1136, 1910, 1909, -1,
      1909, 1910, 1989, -1,
      1909, 1989, 2001, -1,
      2001, 1989, 1990, -1,
      2001, 1990, 2002, -1,
      2002, 1990, 1991, -1,
      2002, 1991, 2003, -1,
      2003, 1991, 1992, -1,
      2003, 1992, 2004, -1,
      2004, 1992, 1993, -1,
      2004, 1993, 2005, -1,
      2005, 1993, 1994, -1,
      2005, 1994, 2006, -1,
      2006, 1994, 1995, -1,
      2006, 1995, 2007, -1,
      2007, 1995, 1996, -1,
      2007, 1996, 2008, -1,
      2008, 1996, 1997, -1,
      2008, 1997, 2009, -1,
      2009, 1997, 1998, -1,
      2009, 1998, 2010, -1,
      2010, 1998, 1999, -1,
      2010, 1999, 2011, -1,
      2011, 1999, 2000, -1,
      2011, 2000, 2012, -1,
      2012, 2000, 1335, -1,
      2012, 1335, 1337, -1,
      1137, 1909, 1908, -1,
      1908, 1909, 2001, -1,
      1908, 2001, 2013, -1,
      2013, 2001, 2002, -1,
      2013, 2002, 2014, -1,
      2014, 2002, 2003, -1,
      2014, 2003, 2015, -1,
      2015, 2003, 2004, -1,
      2015, 2004, 2016, -1,
      2016, 2004, 2005, -1,
      2016, 2005, 2017, -1,
      2017, 2005, 2006, -1,
      2017, 2006, 2018, -1,
      2018, 2006, 2007, -1,
      2018, 2007, 2019, -1,
      2019, 2007, 2008, -1,
      2019, 2008, 2020, -1,
      2020, 2008, 2009, -1,
      2020, 2009, 2021, -1,
      2021, 2009, 2010, -1,
      2021, 2010, 2022, -1,
      2022, 2010, 2011, -1,
      2022, 2011, 2023, -1,
      2023, 2011, 2012, -1,
      2023, 2012, 2024, -1,
      2024, 2012, 1337, -1,
      2024, 1337, 1339, -1,
      1138, 1908, 1907, -1,
      1907, 1908, 2013, -1,
      1907, 2013, 2025, -1,
      2025, 2013, 2014, -1,
      2025, 2014, 2026, -1,
      2026, 2014, 2015, -1,
      2026, 2015, 2027, -1,
      2027, 2015, 2016, -1,
      2027, 2016, 2028, -1,
      2028, 2016, 2017, -1,
      2028, 2017, 2029, -1,
      2029, 2017, 2018, -1,
      2029, 2018, 2030, -1,
      2030, 2018, 2019, -1,
      2030, 2019, 2031, -1,
      2031, 2019, 2020, -1,
      2031, 2020, 2032, -1,
      2032, 2020, 2021, -1,
      2032, 2021, 2033, -1,
      2033, 2021, 2022, -1,
      2033, 2022, 2034, -1,
      2034, 2022, 2023, -1,
      2034, 2023, 2035, -1,
      2035, 2023, 2024, -1,
      2035, 2024, 2036, -1,
      2036, 2024, 1339, -1,
      2036, 1339, 1341, -1,
      1139, 1907, 1906, -1,
      1906, 1907, 2025, -1,
      1906, 2025, 2037, -1,
      2037, 2025, 2026, -1,
      2037, 2026, 2038, -1,
      2038, 2026, 2027, -1,
      2038, 2027, 2039, -1,
      2039, 2027, 2028, -1,
      2039, 2028, 2040, -1,
      2040, 2028, 2029, -1,
      2040, 2029, 2041, -1,
      2041, 2029, 2030, -1,
      2041, 2030, 2042, -1,
      2042, 2030, 2031, -1,
      2042, 2031, 2043, -1,
      2043, 2031, 2032, -1,
      2043, 2032, 2044, -1,
      2044, 2032, 2033, -1,
      2044, 2033, 2045, -1,
      2045, 2033, 2034, -1,
      2045, 2034, 2046, -1,
      2046, 2034, 2035, -1,
      2046, 2035, 2047, -1,
      2047, 2035, 2036, -1,
      2047, 2036, 2048, -1,
      2048, 2036, 1341, -1,
      2048, 1341, 1343, -1,
      1015, 1906, 1006, -1,
      1006, 1906, 2037, -1,
      1006, 2037, 1007, -1,
      1007, 2037, 2038, -1,
      1007, 2038, 1008, -1,
      1008, 2038, 2039, -1,
      1008, 2039, 1004, -1,
      1004, 2039, 2040, -1,
      1004, 2040, 1005, -1,
      1005, 2040, 2041, -1,
      1005, 2041, 1002, -1,
      1002, 2041, 2042, -1,
      1002, 2042, 1000, -1,
      1000, 2042, 2043, -1,
      1000, 2043, 998, -1,
      998, 2043, 2044, -1,
      998, 2044, 997, -1,
      997, 2044, 2045, -1,
      997, 2045, 995, -1,
      995, 2045, 2046, -1,
      995, 2046, 994, -1,
      994, 2046, 2047, -1,
      994, 2047, 992, -1,
      992, 2047, 2048, -1,
      992, 2048, 991, -1,
      991, 2048, 1343, -1,
      991, 1343, 989, -1,
      2049, 2050, 2051, -1,
      2052, 2053, 2049, -1,
      2054, 2055, 2050, -1,
      2050, 2055, 2056, -1,
      2050, 2056, 2051, -1,
      2057, 2058, 2059, -1,
      2059, 2058, 2060, -1,
      2059, 2060, 2061, -1,
      2061, 2060, 2062, -1,
      2062, 2060, 2063, -1,
      2062, 2063, 2064, -1,
      2064, 2063, 2065, -1,
      2064, 2065, 2066, -1,
      2066, 2065, 2067, -1,
      2066, 2067, 2068, -1,
      2068, 2067, 2069, -1,
      2068, 2069, 2070, -1,
      2070, 2069, 2071, -1,
      2070, 2071, 2072, -1,
      2072, 2071, 2073, -1,
      2072, 2073, 2074, -1,
      2073, 2075, 2074, -1,
      2074, 2075, 2076, -1,
      2074, 2076, 2077, -1,
      2077, 2076, 2078, -1,
      2077, 2078, 2079, -1,
      2079, 2078, 2080, -1,
      2079, 2080, 2081, -1,
      2081, 2080, 2082, -1,
      2081, 2082, 2083, -1,
      2083, 2082, 2084, -1,
      2083, 2084, 2051, -1,
      2051, 2084, 2085, -1,
      2051, 2085, 2049, -1,
      2049, 2085, 2086, -1,
      2049, 2086, 2052, -1,
      2062, 2064, 2087, -1,
      2088, 2089, 2090, -1,
      2091, 2092, 2093, -1,
      2092, 2091, 2094, -1,
      2095, 2096, 2097, -1,
      2098, 2099, 2100, -1,
      2077, 2079, 2101, -1,
      2068, 2070, 2102, -1,
      2072, 2074, 2103, -1,
      2104, 2105, 2106, -1,
      2107, 2108, 2109, -1,
      2110, 2111, 2112, -1,
      2113, 2114, 2115, -1,
      2115, 2114, 2116, -1,
      2117, 2118, 2089, -1,
      2119, 2120, 2121, -1,
      2121, 2120, 2122, -1,
      2123, 2124, 2125, -1,
      2126, 2127, 2128, -1,
      2129, 2130, 2131, -1,
      2132, 2133, 2134, -1,
      2135, 2136, 2059, -1,
      2059, 2136, 2137, -1,
      2059, 2137, 2057, -1,
      2138, 2139, 2140, -1,
      2140, 2139, 2141, -1,
      2140, 2141, 2135, -1,
      2135, 2141, 2142, -1,
      2135, 2142, 2136, -1,
      2143, 2144, 2145, -1,
      2146, 2147, 2148, -1,
      2148, 2147, 2143, -1,
      2148, 2143, 2149, -1,
      2149, 2143, 2145, -1,
      2150, 2151, 2152, -1,
      2152, 2153, 2150, -1,
      2150, 2153, 2154, -1,
      2150, 2154, 2144, -1,
      2144, 2154, 2155, -1,
      2144, 2155, 2145, -1,
      2156, 2157, 2151, -1,
      2151, 2157, 2158, -1,
      2151, 2158, 2152, -1,
      2159, 2160, 2161, -1,
      2161, 2162, 2159, -1,
      2159, 2162, 2163, -1,
      2159, 2163, 2164, -1,
      2133, 2165, 2134, -1,
      2134, 2165, 2160, -1,
      2134, 2160, 2166, -1,
      2166, 2160, 2159, -1,
      2166, 2159, 2167, -1,
      2167, 2159, 2164, -1,
      2167, 2164, 2168, -1,
      2132, 2134, 2169, -1,
      2169, 2134, 2170, -1,
      2169, 2170, 2171, -1,
      2172, 2173, 2174, -1,
      2174, 2173, 2175, -1,
      2174, 2175, 2170, -1,
      2170, 2175, 2176, -1,
      2170, 2176, 2171, -1,
      2177, 2178, 2179, -1,
      2179, 2178, 2180, -1,
      2181, 2182, 2183, -1,
      2183, 2182, 2184, -1,
      2185, 2186, 2182, -1,
      2182, 2186, 2187, -1,
      2182, 2187, 2184, -1,
      2129, 2131, 2188, -1,
      2189, 2190, 2191, -1,
      2191, 2190, 2192, -1,
      2193, 2194, 2195, -1,
      2195, 2194, 2196, -1,
      2195, 2196, 2128, -1,
      2127, 2197, 2128, -1,
      2128, 2197, 2198, -1,
      2128, 2198, 2195, -1,
      2195, 2198, 2199, -1,
      2195, 2199, 2193, -1,
      2200, 2201, 2202, -1,
      2202, 2201, 2203, -1,
      2204, 2205, 2201, -1,
      2201, 2205, 2206, -1,
      2201, 2206, 2203, -1,
      2123, 2125, 2207, -1,
      2208, 2209, 2125, -1,
      2125, 2209, 2210, -1,
      2125, 2210, 2207, -1,
      2211, 2212, 2090, -1,
      2089, 2118, 2090, -1,
      2090, 2118, 2213, -1,
      2090, 2213, 2211, -1,
      2214, 2215, 2088, -1,
      2088, 2215, 2216, -1,
      2088, 2216, 2089, -1,
      2089, 2216, 2217, -1,
      2089, 2217, 2117, -1,
      2218, 2219, 2220, -1,
      2220, 2219, 2221, -1,
      2220, 2221, 2222, -1,
      2222, 2221, 2223, -1,
      2222, 2223, 2224, -1,
      2225, 2113, 2226, -1,
      2226, 2113, 2115, -1,
      2226, 2115, 2220, -1,
      2220, 2115, 2116, -1,
      2220, 2116, 2218, -1,
      2227, 2228, 2229, -1,
      2229, 2228, 2230, -1,
      2229, 2230, 2225, -1,
      2225, 2230, 2231, -1,
      2225, 2231, 2113, -1,
      2232, 2233, 2234, -1,
      2234, 2233, 2235, -1,
      2234, 2235, 2227, -1,
      2227, 2235, 2236, -1,
      2227, 2236, 2228, -1,
      2237, 2238, 2222, -1,
      2222, 2238, 2239, -1,
      2222, 2239, 2220, -1,
      2220, 2239, 2240, -1,
      2220, 2240, 2226, -1,
      2241, 2237, 2088, -1,
      2088, 2237, 2222, -1,
      2088, 2222, 2214, -1,
      2214, 2222, 2224, -1,
      2242, 2243, 2244, -1,
      2244, 2243, 2245, -1,
      2246, 2247, 2242, -1,
      2247, 2246, 2248, -1,
      2248, 2246, 2249, -1,
      2248, 2249, 2250, -1,
      2250, 2249, 2251, -1,
      2251, 2249, 2252, -1,
      2251, 2252, 2253, -1,
      2253, 2252, 2254, -1,
      2254, 2252, 2255, -1,
      2254, 2255, 2256, -1,
      2256, 2255, 2257, -1,
      2257, 2255, 2258, -1,
      2257, 2258, 2259, -1,
      2259, 2258, 2260, -1,
      2260, 2258, 2261, -1,
      2260, 2261, 2262, -1,
      2262, 2261, 2263, -1,
      2263, 2261, 2264, -1,
      2263, 2264, 2265, -1,
      2266, 2267, 2268, -1,
      2268, 2267, 2269, -1,
      2268, 2269, 2264, -1,
      2264, 2269, 2270, -1,
      2264, 2270, 2265, -1,
      2271, 2272, 2273, -1,
      2274, 2275, 2276, -1,
      2277, 2278, 2097, -1,
      2097, 2278, 2279, -1,
      2097, 2279, 2280, -1,
      2277, 2097, 2281, -1,
      2281, 2097, 2096, -1,
      2281, 2096, 2282, -1,
      2283, 2284, 2285, -1,
      2285, 2284, 2286, -1,
      2287, 2288, 2289, -1,
      2290, 2291, 2287, -1,
      2287, 2291, 2292, -1,
      2287, 2292, 2288, -1,
      2293, 2294, 2295, -1,
      2108, 2296, 2297, -1,
      2297, 2296, 2298, -1,
      2299, 2107, 2300, -1,
      2301, 2302, 2300, -1,
      2302, 2303, 2300, -1,
      2300, 2303, 2304, -1,
      2300, 2304, 2299, -1,
      2301, 2305, 2306, -1,
      2306, 2305, 2307, -1,
      2308, 2309, 2310, -1,
      2310, 2309, 2311, -1,
      2310, 2311, 2305, -1,
      2305, 2311, 2312, -1,
      2305, 2312, 2307, -1,
      2313, 2314, 2315, -1,
      2315, 2314, 2316, -1,
      2315, 2316, 2317, -1,
      2317, 2316, 2318, -1,
      2319, 2320, 2315, -1,
      2315, 2320, 2321, -1,
      2315, 2321, 2313, -1,
      2105, 2322, 2106, -1,
      2106, 2322, 2323, -1,
      2106, 2323, 2319, -1,
      2319, 2323, 2324, -1,
      2319, 2324, 2320, -1,
      2104, 2106, 2325, -1,
      2325, 2106, 2326, -1,
      2325, 2326, 2327, -1,
      2328, 2329, 2330, -1,
      2330, 2329, 2331, -1,
      2330, 2331, 2326, -1,
      2326, 2331, 2332, -1,
      2326, 2332, 2327, -1,
      2333, 2334, 2335, -1,
      2336, 2337, 2338, -1,
      2338, 2337, 2339, -1,
      2338, 2339, 2333, -1,
      2333, 2339, 2340, -1,
      2333, 2340, 2334, -1,
      2336, 2338, 2341, -1,
      2341, 2338, 2342, -1,
      2341, 2342, 2343, -1,
      2343, 2342, 2344, -1,
      2344, 2342, 2345, -1,
      2344, 2345, 2346, -1,
      2347, 2348, 2345, -1,
      2345, 2348, 2349, -1,
      2345, 2349, 2346, -1,
      2350, 2351, 2352, -1,
      2352, 2351, 2353, -1,
      2352, 2353, 2347, -1,
      2347, 2353, 2354, -1,
      2347, 2354, 2348, -1,
      2355, 2356, 2357, -1,
      2357, 2356, 2358, -1,
      2357, 2358, 2359, -1,
      2355, 2357, 2360, -1,
      2360, 2357, 2055, -1,
      2360, 2055, 2054, -1,
      2059, 2061, 2135, -1,
      2135, 2061, 2361, -1,
      2135, 2361, 2140, -1,
      2140, 2361, 2147, -1,
      2140, 2147, 2138, -1,
      2138, 2147, 2146, -1,
      2180, 2172, 2179, -1,
      2179, 2172, 2174, -1,
      2179, 2174, 2362, -1,
      2362, 2174, 2170, -1,
      2362, 2170, 2363, -1,
      2363, 2170, 2134, -1,
      2363, 2134, 2364, -1,
      2364, 2134, 2166, -1,
      2365, 2366, 2367, -1,
      2367, 2366, 2368, -1,
      2367, 2368, 2369, -1,
      2064, 2066, 2087, -1,
      2087, 2066, 2370, -1,
      2087, 2370, 2371, -1,
      2371, 2370, 2372, -1,
      2371, 2372, 2373, -1,
      2373, 2372, 2374, -1,
      2373, 2374, 2375, -1,
      2375, 2374, 2376, -1,
      2375, 2376, 2377, -1,
      2377, 2376, 2378, -1,
      2377, 2378, 2379, -1,
      2379, 2378, 2380, -1,
      2379, 2380, 2381, -1,
      2381, 2380, 2382, -1,
      2381, 2382, 2167, -1,
      2167, 2382, 2383, -1,
      2167, 2383, 2166, -1,
      2166, 2383, 2384, -1,
      2166, 2384, 2364, -1,
      2070, 2072, 2102, -1,
      2102, 2072, 2103, -1,
      2102, 2103, 2385, -1,
      2385, 2103, 2386, -1,
      2385, 2386, 2387, -1,
      2387, 2386, 2388, -1,
      2387, 2388, 2389, -1,
      2389, 2388, 2390, -1,
      2389, 2390, 2391, -1,
      2391, 2390, 2392, -1,
      2391, 2392, 2393, -1,
      2393, 2392, 2394, -1,
      2393, 2394, 2395, -1,
      2395, 2394, 2396, -1,
      2395, 2396, 2397, -1,
      2066, 2068, 2370, -1,
      2370, 2068, 2102, -1,
      2370, 2102, 2372, -1,
      2372, 2102, 2385, -1,
      2372, 2385, 2374, -1,
      2374, 2385, 2387, -1,
      2374, 2387, 2376, -1,
      2376, 2387, 2389, -1,
      2376, 2389, 2378, -1,
      2378, 2389, 2391, -1,
      2378, 2391, 2380, -1,
      2380, 2391, 2393, -1,
      2380, 2393, 2382, -1,
      2382, 2393, 2395, -1,
      2382, 2395, 2383, -1,
      2383, 2395, 2397, -1,
      2383, 2397, 2384, -1,
      2398, 2399, 2400, -1,
      2401, 2333, 2399, -1,
      2079, 2081, 2101, -1,
      2101, 2081, 2402, -1,
      2101, 2402, 2403, -1,
      2403, 2402, 2404, -1,
      2403, 2404, 2405, -1,
      2405, 2404, 2406, -1,
      2405, 2406, 2407, -1,
      2407, 2406, 2408, -1,
      2407, 2408, 2409, -1,
      2409, 2408, 2410, -1,
      2409, 2410, 2411, -1,
      2333, 2401, 2338, -1,
      2338, 2401, 2412, -1,
      2338, 2412, 2342, -1,
      2342, 2412, 2413, -1,
      2342, 2413, 2345, -1,
      2345, 2413, 2414, -1,
      2345, 2414, 2347, -1,
      2347, 2414, 2359, -1,
      2347, 2359, 2352, -1,
      2352, 2359, 2358, -1,
      2352, 2358, 2350, -1,
      2399, 2398, 2401, -1,
      2401, 2398, 2415, -1,
      2401, 2415, 2412, -1,
      2412, 2415, 2416, -1,
      2412, 2416, 2413, -1,
      2413, 2416, 2417, -1,
      2413, 2417, 2414, -1,
      2414, 2417, 2418, -1,
      2414, 2418, 2359, -1,
      2359, 2418, 2419, -1,
      2359, 2419, 2357, -1,
      2357, 2419, 2056, -1,
      2357, 2056, 2055, -1,
      2420, 2083, 2051, -1,
      2074, 2077, 2103, -1,
      2103, 2077, 2101, -1,
      2103, 2101, 2386, -1,
      2386, 2101, 2403, -1,
      2386, 2403, 2388, -1,
      2388, 2403, 2405, -1,
      2388, 2405, 2390, -1,
      2390, 2405, 2407, -1,
      2390, 2407, 2392, -1,
      2392, 2407, 2409, -1,
      2392, 2409, 2394, -1,
      2394, 2409, 2411, -1,
      2394, 2411, 2396, -1,
      2100, 2099, 2421, -1,
      2421, 2099, 2422, -1,
      2421, 2422, 2423, -1,
      2130, 2424, 2131, -1,
      2131, 2424, 2425, -1,
      2131, 2425, 2426, -1,
      2426, 2425, 2427, -1,
      2426, 2427, 2428, -1,
      2428, 2427, 2429, -1,
      2428, 2429, 2430, -1,
      2194, 2189, 2196, -1,
      2196, 2189, 2191, -1,
      2196, 2191, 2431, -1,
      2431, 2191, 2432, -1,
      2431, 2432, 2433, -1,
      2433, 2432, 2434, -1,
      2433, 2434, 2094, -1,
      2435, 2188, 2436, -1,
      2436, 2188, 2131, -1,
      2436, 2131, 2437, -1,
      2437, 2131, 2426, -1,
      2437, 2426, 2438, -1,
      2438, 2426, 2428, -1,
      2438, 2428, 2439, -1,
      2439, 2428, 2430, -1,
      2424, 2185, 2425, -1,
      2425, 2185, 2182, -1,
      2425, 2182, 2427, -1,
      2427, 2182, 2440, -1,
      2427, 2440, 2429, -1,
      2429, 2440, 2441, -1,
      2429, 2441, 2442, -1,
      2442, 2441, 2443, -1,
      2442, 2443, 2444, -1,
      2444, 2443, 2445, -1,
      2444, 2445, 2446, -1,
      2446, 2445, 2447, -1,
      2446, 2447, 2448, -1,
      2448, 2447, 2449, -1,
      2448, 2449, 2450, -1,
      2450, 2449, 2451, -1,
      2450, 2451, 2400, -1,
      2400, 2451, 2452, -1,
      2400, 2452, 2398, -1,
      2398, 2452, 2453, -1,
      2398, 2453, 2415, -1,
      2415, 2453, 2454, -1,
      2415, 2454, 2416, -1,
      2416, 2454, 2455, -1,
      2416, 2455, 2417, -1,
      2417, 2455, 2456, -1,
      2417, 2456, 2418, -1,
      2418, 2456, 2420, -1,
      2418, 2420, 2419, -1,
      2419, 2420, 2051, -1,
      2419, 2051, 2056, -1,
      2181, 2177, 2182, -1,
      2182, 2177, 2179, -1,
      2182, 2179, 2440, -1,
      2440, 2179, 2362, -1,
      2440, 2362, 2441, -1,
      2441, 2362, 2363, -1,
      2441, 2363, 2443, -1,
      2443, 2363, 2364, -1,
      2443, 2364, 2445, -1,
      2445, 2364, 2384, -1,
      2445, 2384, 2447, -1,
      2447, 2384, 2397, -1,
      2447, 2397, 2449, -1,
      2449, 2397, 2396, -1,
      2449, 2396, 2451, -1,
      2451, 2396, 2411, -1,
      2451, 2411, 2452, -1,
      2452, 2411, 2410, -1,
      2452, 2410, 2453, -1,
      2453, 2410, 2408, -1,
      2453, 2408, 2454, -1,
      2454, 2408, 2406, -1,
      2454, 2406, 2455, -1,
      2455, 2406, 2404, -1,
      2455, 2404, 2456, -1,
      2456, 2404, 2402, -1,
      2456, 2402, 2420, -1,
      2420, 2402, 2081, -1,
      2420, 2081, 2083, -1,
      2457, 2458, 2459, -1,
      2459, 2458, 2460, -1,
      2459, 2460, 2461, -1,
      2461, 2460, 2462, -1,
      2461, 2462, 2463, -1,
      2463, 2462, 2464, -1,
      2463, 2464, 2465, -1,
      2465, 2464, 2466, -1,
      2465, 2466, 2467, -1,
      2467, 2466, 2468, -1,
      2467, 2468, 2469, -1,
      2469, 2468, 2470, -1,
      2469, 2470, 2273, -1,
      2273, 2470, 2471, -1,
      2273, 2471, 2271, -1,
      2271, 2471, 2472, -1,
      2458, 2473, 2460, -1,
      2460, 2473, 2474, -1,
      2460, 2474, 2462, -1,
      2462, 2474, 2475, -1,
      2462, 2475, 2464, -1,
      2464, 2475, 2476, -1,
      2464, 2476, 2466, -1,
      2466, 2476, 2477, -1,
      2466, 2477, 2468, -1,
      2468, 2477, 2478, -1,
      2468, 2478, 2470, -1,
      2470, 2478, 2274, -1,
      2470, 2274, 2471, -1,
      2471, 2274, 2276, -1,
      2471, 2276, 2472, -1,
      2098, 2479, 2099, -1,
      2099, 2479, 2480, -1,
      2099, 2480, 2422, -1,
      2293, 2481, 2482, -1,
      2482, 2481, 2483, -1,
      2482, 2483, 2484, -1,
      2295, 2485, 2293, -1,
      2293, 2485, 2290, -1,
      2293, 2290, 2481, -1,
      2481, 2290, 2287, -1,
      2481, 2287, 2285, -1,
      2285, 2287, 2289, -1,
      2285, 2289, 2283, -1,
      2100, 2484, 2098, -1,
      2098, 2484, 2483, -1,
      2098, 2483, 2479, -1,
      2479, 2483, 2481, -1,
      2479, 2481, 2095, -1,
      2095, 2481, 2285, -1,
      2095, 2285, 2096, -1,
      2096, 2285, 2286, -1,
      2096, 2286, 2282, -1,
      2473, 2423, 2474, -1,
      2474, 2423, 2422, -1,
      2474, 2422, 2475, -1,
      2475, 2422, 2480, -1,
      2475, 2480, 2476, -1,
      2476, 2480, 2479, -1,
      2476, 2479, 2477, -1,
      2477, 2479, 2095, -1,
      2477, 2095, 2478, -1,
      2478, 2095, 2097, -1,
      2478, 2097, 2274, -1,
      2274, 2097, 2280, -1,
      2274, 2280, 2275, -1,
      2110, 2112, 2298, -1,
      2298, 2112, 2091, -1,
      2298, 2091, 2297, -1,
      2297, 2091, 2093, -1,
      2297, 2093, 2486, -1,
      2111, 2487, 2112, -1,
      2112, 2487, 2488, -1,
      2112, 2488, 2091, -1,
      2091, 2488, 2489, -1,
      2091, 2489, 2094, -1,
      2094, 2489, 2490, -1,
      2094, 2490, 2433, -1,
      2433, 2490, 2491, -1,
      2433, 2491, 2431, -1,
      2431, 2491, 2492, -1,
      2431, 2492, 2196, -1,
      2196, 2492, 2493, -1,
      2196, 2493, 2128, -1,
      2128, 2493, 2202, -1,
      2128, 2202, 2126, -1,
      2126, 2202, 2203, -1,
      2107, 2109, 2300, -1,
      2300, 2109, 2494, -1,
      2300, 2494, 2495, -1,
      2108, 2297, 2109, -1,
      2109, 2297, 2486, -1,
      2109, 2486, 2494, -1,
      2494, 2486, 2496, -1,
      2494, 2496, 2495, -1,
      2497, 2330, 2498, -1,
      2498, 2330, 2326, -1,
      2498, 2326, 2499, -1,
      2499, 2326, 2106, -1,
      2499, 2106, 2500, -1,
      2500, 2106, 2319, -1,
      2500, 2319, 2501, -1,
      2501, 2319, 2315, -1,
      2501, 2315, 2310, -1,
      2310, 2315, 2317, -1,
      2310, 2317, 2308, -1,
      2301, 2300, 2305, -1,
      2305, 2300, 2495, -1,
      2305, 2495, 2310, -1,
      2310, 2495, 2496, -1,
      2310, 2496, 2501, -1,
      2501, 2496, 2502, -1,
      2501, 2502, 2500, -1,
      2500, 2502, 2365, -1,
      2500, 2365, 2499, -1,
      2499, 2365, 2367, -1,
      2499, 2367, 2498, -1,
      2498, 2367, 2369, -1,
      2498, 2369, 2497, -1,
      2192, 2435, 2191, -1,
      2191, 2435, 2436, -1,
      2191, 2436, 2432, -1,
      2432, 2436, 2437, -1,
      2432, 2437, 2434, -1,
      2434, 2437, 2438, -1,
      2434, 2438, 2094, -1,
      2094, 2438, 2439, -1,
      2094, 2439, 2092, -1,
      2092, 2439, 2430, -1,
      2092, 2430, 2093, -1,
      2093, 2430, 2429, -1,
      2093, 2429, 2486, -1,
      2486, 2429, 2442, -1,
      2486, 2442, 2496, -1,
      2496, 2442, 2444, -1,
      2496, 2444, 2502, -1,
      2502, 2444, 2446, -1,
      2502, 2446, 2365, -1,
      2365, 2446, 2448, -1,
      2365, 2448, 2366, -1,
      2366, 2448, 2450, -1,
      2366, 2450, 2368, -1,
      2368, 2450, 2400, -1,
      2368, 2400, 2369, -1,
      2369, 2400, 2399, -1,
      2369, 2399, 2497, -1,
      2497, 2399, 2333, -1,
      2497, 2333, 2330, -1,
      2330, 2333, 2335, -1,
      2330, 2335, 2328, -1,
      2212, 2119, 2090, -1,
      2090, 2119, 2121, -1,
      2090, 2121, 2125, -1,
      2125, 2121, 2122, -1,
      2125, 2122, 2208, -1,
      2204, 2201, 2124, -1,
      2124, 2201, 2200, -1,
      2124, 2200, 2125, -1,
      2125, 2200, 2503, -1,
      2125, 2503, 2090, -1,
      2090, 2503, 2244, -1,
      2090, 2244, 2088, -1,
      2088, 2244, 2245, -1,
      2088, 2245, 2241, -1,
      2272, 2266, 2273, -1,
      2273, 2266, 2268, -1,
      2273, 2268, 2469, -1,
      2469, 2268, 2264, -1,
      2469, 2264, 2467, -1,
      2467, 2264, 2261, -1,
      2467, 2261, 2465, -1,
      2465, 2261, 2258, -1,
      2465, 2258, 2463, -1,
      2463, 2258, 2255, -1,
      2463, 2255, 2461, -1,
      2461, 2255, 2252, -1,
      2461, 2252, 2459, -1,
      2459, 2252, 2249, -1,
      2459, 2249, 2457, -1,
      2457, 2249, 2246, -1,
      2242, 2244, 2246, -1,
      2246, 2244, 2503, -1,
      2246, 2503, 2457, -1,
      2457, 2503, 2200, -1,
      2457, 2200, 2458, -1,
      2458, 2200, 2202, -1,
      2458, 2202, 2473, -1,
      2473, 2202, 2493, -1,
      2473, 2493, 2423, -1,
      2423, 2493, 2492, -1,
      2423, 2492, 2421, -1,
      2421, 2492, 2491, -1,
      2421, 2491, 2100, -1,
      2100, 2491, 2490, -1,
      2100, 2490, 2484, -1,
      2484, 2490, 2489, -1,
      2484, 2489, 2482, -1,
      2482, 2489, 2488, -1,
      2482, 2488, 2293, -1,
      2293, 2488, 2487, -1,
      2293, 2487, 2294, -1,
      2061, 2062, 2361, -1,
      2361, 2062, 2087, -1,
      2361, 2087, 2147, -1,
      2147, 2087, 2371, -1,
      2147, 2371, 2143, -1,
      2143, 2371, 2373, -1,
      2143, 2373, 2144, -1,
      2144, 2373, 2375, -1,
      2144, 2375, 2150, -1,
      2150, 2375, 2377, -1,
      2150, 2377, 2151, -1,
      2151, 2377, 2379, -1,
      2151, 2379, 2156, -1,
      2156, 2379, 2381, -1,
      2156, 2381, 2504, -1,
      2504, 2381, 2167, -1,
      2504, 2167, 2505, -1,
      2505, 2167, 2168, -1,
      2506, 2507, 2508, -1,
      2509, 2510, 2511, -1,
      2512, 2513, 2514, -1,
      2515, 2516, 2517, -1,
      2517, 2518, 2519, -1,
      2519, 2520, 2517, -1,
      2517, 2520, 2521, -1,
      2517, 2521, 2522, -1,
      2522, 2523, 2517, -1,
      2517, 2523, 2524, -1,
      2517, 2524, 2525, -1,
      2525, 2526, 2517, -1,
      2517, 2526, 2527, -1,
      2517, 2527, 2515, -1,
      2528, 2529, 2530, -1,
      2530, 2531, 2528, -1,
      2528, 2531, 2532, -1,
      2528, 2532, 2517, -1,
      2517, 2532, 2533, -1,
      2517, 2533, 2518, -1,
      2513, 2534, 2514, -1,
      2514, 2534, 2535, -1,
      2514, 2535, 2528, -1,
      2528, 2535, 2536, -1,
      2528, 2536, 2529, -1,
      2537, 2538, 2539, -1,
      2539, 2538, 2540, -1,
      2540, 2541, 2539, -1,
      2539, 2541, 2542, -1,
      2539, 2542, 2543, -1,
      2543, 2542, 2544, -1,
      2543, 2544, 2545, -1,
      2510, 2546, 2511, -1,
      2511, 2546, 2547, -1,
      2511, 2547, 2548, -1,
      2549, 2550, 2551, -1,
      2551, 2550, 2552, -1,
      2551, 2552, 2553, -1,
      2554, 2555, 2556, -1,
      2506, 2508, 2556, -1,
      2058, 2557, 2558, -1,
      2559, 2053, 2052, -1,
      2560, 2561, 2562, -1,
      2562, 2561, 2563, -1,
      2564, 2565, 2560, -1,
      2566, 2567, 2568, -1,
      2568, 2567, 2569, -1,
      2570, 2571, 2572, -1,
      2572, 2571, 2566, -1,
      2573, 2574, 2575, -1,
      2575, 2574, 2576, -1,
      2575, 2576, 2577, -1,
      2578, 2579, 2580, -1,
      2581, 2582, 2583, -1,
      2584, 2585, 2586, -1,
      2586, 2585, 2581, -1,
      2582, 2587, 2583, -1,
      2583, 2587, 2588, -1,
      2583, 2588, 2578, -1,
      2578, 2588, 2589, -1,
      2578, 2589, 2579, -1,
      2590, 2591, 2517, -1,
      2592, 2593, 2517, -1,
      2517, 2593, 2594, -1,
      2517, 2594, 2590, -1,
      2516, 2595, 2517, -1,
      2517, 2595, 2596, -1,
      2517, 2596, 2592, -1,
      2591, 2597, 2517, -1,
      2517, 2597, 2598, -1,
      2517, 2598, 2586, -1,
      2586, 2598, 2599, -1,
      2586, 2599, 2584, -1,
      2556, 2508, 2554, -1,
      2554, 2508, 2600, -1,
      2554, 2600, 2601, -1,
      2601, 2600, 2602, -1,
      2601, 2602, 2603, -1,
      2603, 2602, 2604, -1,
      2603, 2604, 2605, -1,
      2605, 2604, 2606, -1,
      2605, 2606, 2607, -1,
      2607, 2606, 2608, -1,
      2607, 2608, 2609, -1,
      2609, 2608, 2610, -1,
      2609, 2610, 2611, -1,
      2611, 2610, 2612, -1,
      2611, 2612, 2613, -1,
      2613, 2612, 2568, -1,
      2613, 2568, 2564, -1,
      2564, 2568, 2569, -1,
      2564, 2569, 2565, -1,
      2559, 2052, 2563, -1,
      2563, 2052, 2086, -1,
      2563, 2086, 2562, -1,
      2562, 2086, 2085, -1,
      2562, 2085, 2614, -1,
      2085, 2084, 2614, -1,
      2614, 2084, 2082, -1,
      2614, 2082, 2615, -1,
      2082, 2080, 2615, -1,
      2615, 2080, 2078, -1,
      2615, 2078, 2616, -1,
      2078, 2076, 2616, -1,
      2616, 2076, 2075, -1,
      2616, 2075, 2617, -1,
      2617, 2075, 2073, -1,
      2617, 2073, 2618, -1,
      2073, 2071, 2618, -1,
      2618, 2071, 2069, -1,
      2618, 2069, 2619, -1,
      2069, 2067, 2619, -1,
      2619, 2067, 2065, -1,
      2619, 2065, 2620, -1,
      2620, 2065, 2063, -1,
      2620, 2063, 2558, -1,
      2558, 2063, 2060, -1,
      2558, 2060, 2058, -1,
      2581, 2583, 2586, -1,
      2586, 2583, 2621, -1,
      2586, 2621, 2517, -1,
      2517, 2621, 2622, -1,
      2517, 2622, 2528, -1,
      2528, 2622, 2543, -1,
      2528, 2543, 2514, -1,
      2514, 2543, 2545, -1,
      2514, 2545, 2512, -1,
      2548, 2537, 2511, -1,
      2511, 2537, 2539, -1,
      2511, 2539, 2623, -1,
      2623, 2539, 2543, -1,
      2623, 2543, 2624, -1,
      2624, 2543, 2622, -1,
      2624, 2622, 2625, -1,
      2625, 2622, 2621, -1,
      2625, 2621, 2626, -1,
      2626, 2621, 2583, -1,
      2626, 2583, 2627, -1,
      2627, 2583, 2578, -1,
      2627, 2578, 2575, -1,
      2575, 2578, 2580, -1,
      2575, 2580, 2573, -1,
      2553, 2509, 2551, -1,
      2551, 2509, 2511, -1,
      2551, 2511, 2628, -1,
      2628, 2511, 2623, -1,
      2628, 2623, 2629, -1,
      2629, 2623, 2624, -1,
      2629, 2624, 2630, -1,
      2630, 2624, 2625, -1,
      2630, 2625, 2631, -1,
      2631, 2625, 2626, -1,
      2631, 2626, 2632, -1,
      2632, 2626, 2627, -1,
      2632, 2627, 2633, -1,
      2633, 2627, 2575, -1,
      2633, 2575, 2634, -1,
      2634, 2575, 2577, -1,
      2634, 2577, 2572, -1,
      2572, 2577, 2635, -1,
      2572, 2635, 2570, -1,
      2566, 2568, 2572, -1,
      2572, 2568, 2612, -1,
      2572, 2612, 2634, -1,
      2634, 2612, 2610, -1,
      2634, 2610, 2633, -1,
      2633, 2610, 2608, -1,
      2633, 2608, 2632, -1,
      2632, 2608, 2606, -1,
      2632, 2606, 2631, -1,
      2631, 2606, 2604, -1,
      2631, 2604, 2630, -1,
      2630, 2604, 2602, -1,
      2630, 2602, 2629, -1,
      2629, 2602, 2600, -1,
      2629, 2600, 2628, -1,
      2628, 2600, 2508, -1,
      2628, 2508, 2551, -1,
      2551, 2508, 2507, -1,
      2551, 2507, 2549, -1,
      2560, 2562, 2564, -1,
      2564, 2562, 2614, -1,
      2564, 2614, 2613, -1,
      2613, 2614, 2615, -1,
      2613, 2615, 2611, -1,
      2611, 2615, 2616, -1,
      2611, 2616, 2609, -1,
      2609, 2616, 2617, -1,
      2609, 2617, 2607, -1,
      2607, 2617, 2618, -1,
      2607, 2618, 2605, -1,
      2605, 2618, 2619, -1,
      2605, 2619, 2603, -1,
      2603, 2619, 2620, -1,
      2603, 2620, 2601, -1,
      2601, 2620, 2558, -1,
      2601, 2558, 2554, -1,
      2554, 2558, 2557, -1,
      2554, 2557, 2555, -1,
      2636, 2637, 2638, -1,
      2639, 2640, 2641, -1,
      2642, 2643, 2644, -1,
      2645, 2646, 2647, -1,
      2648, 2649, 2650, -1,
      2649, 2232, 2650, -1,
      2650, 2232, 2234, -1,
      2650, 2234, 2651, -1,
      2652, 2653, 2654, -1,
      2654, 2653, 2655, -1,
      2654, 2655, 2650, -1,
      2650, 2655, 2656, -1,
      2650, 2656, 2648, -1,
      2657, 2658, 2659, -1,
      2657, 2659, 2654, -1,
      2654, 2659, 2660, -1,
      2654, 2660, 2652, -1,
      2661, 2662, 2663, -1,
      2663, 2662, 2664, -1,
      2664, 2665, 2663, -1,
      2663, 2665, 2666, -1,
      2663, 2666, 2667, -1,
      2668, 2669, 2661, -1,
      2661, 2669, 2670, -1,
      2661, 2670, 2662, -1,
      2671, 2672, 2673, -1,
      2647, 2646, 2672, -1,
      2672, 2646, 2674, -1,
      2672, 2674, 2675, -1,
      2675, 2676, 2672, -1,
      2672, 2676, 2677, -1,
      2672, 2677, 2673, -1,
      2645, 2647, 2678, -1,
      2678, 2647, 2679, -1,
      2678, 2679, 2680, -1,
      2681, 2682, 2683, -1,
      2681, 2683, 2684, -1,
      2683, 2685, 2684, -1,
      2684, 2685, 2686, -1,
      2684, 2686, 2687, -1,
      2688, 2689, 2690, -1,
      2690, 2689, 2691, -1,
      2690, 2691, 2681, -1,
      2681, 2691, 2692, -1,
      2681, 2692, 2682, -1,
      2688, 2690, 2693, -1,
      2693, 2690, 2694, -1,
      2693, 2694, 2695, -1,
      2695, 2694, 2696, -1,
      2695, 2696, 2697, -1,
      2697, 2696, 2698, -1,
      2698, 2696, 2699, -1,
      2698, 2699, 2700, -1,
      2701, 2702, 2699, -1,
      2699, 2702, 2703, -1,
      2699, 2703, 2700, -1,
      2704, 2705, 2706, -1,
      2706, 2705, 2707, -1,
      2706, 2707, 2701, -1,
      2701, 2707, 2708, -1,
      2701, 2708, 2702, -1,
      2704, 2706, 2709, -1,
      2709, 2706, 2710, -1,
      2709, 2710, 2711, -1,
      2711, 2710, 2712, -1,
      2712, 2710, 2713, -1,
      2712, 2713, 2714, -1,
      2643, 2715, 2716, -1,
      2716, 2715, 2713, -1,
      2713, 2715, 2717, -1,
      2713, 2717, 2714, -1,
      2718, 2719, 2720, -1,
      2720, 2719, 2721, -1,
      2720, 2721, 2644, -1,
      2644, 2721, 2722, -1,
      2644, 2722, 2642, -1,
      2723, 2724, 2725, -1,
      2725, 2724, 2726, -1,
      2725, 2726, 2720, -1,
      2720, 2726, 2727, -1,
      2720, 2727, 2718, -1,
      2728, 2729, 2730, -1,
      2730, 2729, 2731, -1,
      2730, 2731, 2732, -1,
      2732, 2731, 2733, -1,
      2732, 2733, 2723, -1,
      2734, 2735, 2730, -1,
      2730, 2735, 2736, -1,
      2730, 2736, 2728, -1,
      2734, 2730, 2737, -1,
      2737, 2730, 2738, -1,
      2737, 2738, 2739, -1,
      2739, 2740, 2741, -1,
      2741, 2740, 2742, -1,
      2640, 2743, 2641, -1,
      2641, 2743, 2744, -1,
      2641, 2744, 2740, -1,
      2740, 2744, 2745, -1,
      2740, 2745, 2742, -1,
      2746, 2272, 2271, -1,
      2746, 2271, 2641, -1,
      2641, 2271, 2472, -1,
      2641, 2472, 2639, -1,
      2747, 2748, 2749, -1,
      2749, 2748, 2750, -1,
      2751, 2752, 2753, -1,
      2753, 2752, 2754, -1,
      2753, 2754, 2755, -1,
      2755, 2754, 2756, -1,
      2755, 2756, 2757, -1,
      2757, 2756, 2758, -1,
      2757, 2758, 2747, -1,
      2747, 2758, 2759, -1,
      2747, 2759, 2748, -1,
      2751, 2753, 2760, -1,
      2760, 2753, 2761, -1,
      2760, 2761, 2762, -1,
      2762, 2761, 2763, -1,
      2762, 2763, 2764, -1,
      2764, 2763, 2765, -1,
      2764, 2765, 2766, -1,
      2767, 2768, 2769, -1,
      2769, 2768, 2770, -1,
      2769, 2770, 2771, -1,
      2771, 2770, 2772, -1,
      2771, 2772, 2765, -1,
      2765, 2772, 2773, -1,
      2765, 2773, 2766, -1,
      2774, 2775, 2767, -1,
      2767, 2775, 2776, -1,
      2767, 2776, 2768, -1,
      2777, 2778, 2779, -1,
      2779, 2778, 2774, -1,
      2779, 2774, 2780, -1,
      2780, 2774, 2767, -1,
      2781, 2782, 2777, -1,
      2777, 2782, 2783, -1,
      2777, 2783, 2778, -1,
      2777, 2784, 2781, -1,
      2781, 2784, 2785, -1,
      2781, 2785, 2786, -1,
      2786, 2785, 2787, -1,
      2786, 2787, 2788, -1,
      2788, 2787, 2789, -1,
      2789, 2787, 2790, -1,
      2789, 2790, 2791, -1,
      2791, 2790, 2792, -1,
      2791, 2792, 2793, -1,
      2794, 2795, 2792, -1,
      2792, 2795, 2796, -1,
      2792, 2796, 2793, -1,
      2797, 2798, 2256, -1,
      2256, 2257, 2797, -1,
      2797, 2257, 2259, -1,
      2797, 2259, 2799, -1,
      2800, 2801, 2802, -1,
      2802, 2801, 2803, -1,
      2802, 2803, 2804, -1,
      2804, 2803, 2805, -1,
      2804, 2805, 2794, -1,
      2794, 2805, 2806, -1,
      2794, 2806, 2795, -1,
      2259, 2260, 2799, -1,
      2799, 2260, 2262, -1,
      2799, 2262, 2807, -1,
      2262, 2263, 2807, -1,
      2807, 2263, 2265, -1,
      2807, 2265, 2808, -1,
      2800, 2802, 2809, -1,
      2809, 2802, 2810, -1,
      2809, 2810, 2811, -1,
      2811, 2810, 2812, -1,
      2811, 2812, 2813, -1,
      2813, 2812, 2814, -1,
      2813, 2814, 2815, -1,
      2265, 2270, 2808, -1,
      2808, 2270, 2269, -1,
      2808, 2269, 2816, -1,
      2816, 2269, 2267, -1,
      2816, 2267, 2746, -1,
      2746, 2267, 2266, -1,
      2746, 2266, 2272, -1,
      2817, 2818, 2819, -1,
      2819, 2818, 2820, -1,
      2819, 2820, 2821, -1,
      2821, 2820, 2822, -1,
      2821, 2822, 2823, -1,
      2823, 2822, 2824, -1,
      2823, 2824, 2814, -1,
      2814, 2824, 2825, -1,
      2814, 2825, 2815, -1,
      2817, 2819, 2638, -1,
      2638, 2819, 2826, -1,
      2638, 2826, 2636, -1,
      2827, 2828, 2829, -1,
      2829, 2828, 2830, -1,
      2829, 2830, 2831, -1,
      2831, 2830, 2832, -1,
      2831, 2832, 2833, -1,
      2833, 2832, 2834, -1,
      2833, 2834, 2636, -1,
      2636, 2834, 2835, -1,
      2636, 2835, 2637, -1,
      2827, 2829, 2836, -1,
      2836, 2829, 2837, -1,
      2836, 2837, 2838, -1,
      2838, 2837, 2839, -1,
      2838, 2839, 2840, -1,
      2840, 2839, 2841, -1,
      2840, 2841, 2842, -1,
      2750, 2843, 2749, -1,
      2749, 2843, 2844, -1,
      2749, 2844, 2845, -1,
      2845, 2844, 2846, -1,
      2845, 2846, 2847, -1,
      2847, 2846, 2848, -1,
      2847, 2848, 2841, -1,
      2841, 2848, 2849, -1,
      2841, 2849, 2842, -1,
      2225, 2850, 2229, -1,
      2229, 2850, 2651, -1,
      2229, 2651, 2227, -1,
      2227, 2651, 2234, -1,
      2225, 2226, 2850, -1,
      2850, 2226, 2240, -1,
      2850, 2240, 2851, -1,
      2851, 2240, 2239, -1,
      2851, 2239, 2852, -1,
      2852, 2239, 2238, -1,
      2238, 2237, 2852, -1,
      2852, 2237, 2241, -1,
      2852, 2241, 2853, -1,
      2853, 2241, 2245, -1,
      2853, 2245, 2854, -1,
      2854, 2245, 2243, -1,
      2854, 2243, 2855, -1,
      2243, 2242, 2855, -1,
      2855, 2242, 2247, -1,
      2855, 2247, 2856, -1,
      2247, 2248, 2856, -1,
      2856, 2248, 2250, -1,
      2856, 2250, 2857, -1,
      2250, 2251, 2857, -1,
      2857, 2251, 2253, -1,
      2857, 2253, 2798, -1,
      2798, 2253, 2254, -1,
      2798, 2254, 2256, -1,
      2739, 2738, 2740, -1,
      2740, 2738, 2858, -1,
      2740, 2858, 2641, -1,
      2641, 2858, 2859, -1,
      2641, 2859, 2746, -1,
      2746, 2859, 2860, -1,
      2746, 2860, 2816, -1,
      2816, 2860, 2861, -1,
      2816, 2861, 2808, -1,
      2808, 2861, 2862, -1,
      2808, 2862, 2807, -1,
      2807, 2862, 2863, -1,
      2807, 2863, 2799, -1,
      2799, 2863, 2864, -1,
      2799, 2864, 2797, -1,
      2797, 2864, 2865, -1,
      2797, 2865, 2798, -1,
      2798, 2865, 2866, -1,
      2798, 2866, 2857, -1,
      2857, 2866, 2867, -1,
      2857, 2867, 2856, -1,
      2856, 2867, 2868, -1,
      2856, 2868, 2855, -1,
      2855, 2868, 2869, -1,
      2855, 2869, 2854, -1,
      2854, 2869, 2870, -1,
      2854, 2870, 2853, -1,
      2853, 2870, 2871, -1,
      2853, 2871, 2852, -1,
      2852, 2871, 2872, -1,
      2852, 2872, 2851, -1,
      2851, 2872, 2873, -1,
      2851, 2873, 2850, -1,
      2850, 2873, 2874, -1,
      2850, 2874, 2651, -1,
      2651, 2874, 2875, -1,
      2651, 2875, 2650, -1,
      2650, 2875, 2876, -1,
      2650, 2876, 2654, -1,
      2654, 2876, 2663, -1,
      2654, 2663, 2657, -1,
      2657, 2663, 2667, -1,
      2657, 2667, 2658, -1,
      2723, 2725, 2732, -1,
      2732, 2725, 2877, -1,
      2732, 2877, 2730, -1,
      2730, 2877, 2878, -1,
      2730, 2878, 2738, -1,
      2738, 2878, 2879, -1,
      2738, 2879, 2858, -1,
      2858, 2879, 2880, -1,
      2858, 2880, 2859, -1,
      2859, 2880, 2881, -1,
      2859, 2881, 2860, -1,
      2860, 2881, 2882, -1,
      2860, 2882, 2861, -1,
      2861, 2882, 2883, -1,
      2861, 2883, 2862, -1,
      2862, 2883, 2884, -1,
      2862, 2884, 2863, -1,
      2863, 2884, 2885, -1,
      2863, 2885, 2864, -1,
      2864, 2885, 2886, -1,
      2864, 2886, 2865, -1,
      2865, 2886, 2887, -1,
      2865, 2887, 2866, -1,
      2866, 2887, 2888, -1,
      2866, 2888, 2867, -1,
      2867, 2888, 2889, -1,
      2867, 2889, 2868, -1,
      2868, 2889, 2890, -1,
      2868, 2890, 2869, -1,
      2869, 2890, 2891, -1,
      2869, 2891, 2870, -1,
      2870, 2891, 2892, -1,
      2870, 2892, 2871, -1,
      2871, 2892, 2893, -1,
      2871, 2893, 2872, -1,
      2872, 2893, 2894, -1,
      2872, 2894, 2873, -1,
      2873, 2894, 2895, -1,
      2873, 2895, 2874, -1,
      2874, 2895, 2896, -1,
      2874, 2896, 2875, -1,
      2875, 2896, 2897, -1,
      2875, 2897, 2876, -1,
      2876, 2897, 2898, -1,
      2876, 2898, 2663, -1,
      2663, 2898, 2671, -1,
      2663, 2671, 2661, -1,
      2661, 2671, 2673, -1,
      2661, 2673, 2668, -1,
      2643, 2716, 2644, -1,
      2644, 2716, 2899, -1,
      2644, 2899, 2720, -1,
      2720, 2899, 2900, -1,
      2720, 2900, 2725, -1,
      2725, 2900, 2901, -1,
      2725, 2901, 2877, -1,
      2877, 2901, 2902, -1,
      2877, 2902, 2878, -1,
      2878, 2902, 2903, -1,
      2878, 2903, 2879, -1,
      2879, 2903, 2904, -1,
      2879, 2904, 2880, -1,
      2880, 2904, 2905, -1,
      2880, 2905, 2881, -1,
      2881, 2905, 2906, -1,
      2881, 2906, 2882, -1,
      2882, 2906, 2907, -1,
      2882, 2907, 2883, -1,
      2883, 2907, 2908, -1,
      2883, 2908, 2884, -1,
      2884, 2908, 2909, -1,
      2884, 2909, 2885, -1,
      2885, 2909, 2910, -1,
      2885, 2910, 2886, -1,
      2886, 2910, 2911, -1,
      2886, 2911, 2887, -1,
      2887, 2911, 2912, -1,
      2887, 2912, 2888, -1,
      2888, 2912, 2913, -1,
      2888, 2913, 2889, -1,
      2889, 2913, 2914, -1,
      2889, 2914, 2890, -1,
      2890, 2914, 2915, -1,
      2890, 2915, 2891, -1,
      2891, 2915, 2916, -1,
      2891, 2916, 2892, -1,
      2892, 2916, 2917, -1,
      2892, 2917, 2893, -1,
      2893, 2917, 2918, -1,
      2893, 2918, 2894, -1,
      2894, 2918, 2919, -1,
      2894, 2919, 2895, -1,
      2895, 2919, 2920, -1,
      2895, 2920, 2896, -1,
      2896, 2920, 2921, -1,
      2896, 2921, 2897, -1,
      2897, 2921, 2922, -1,
      2897, 2922, 2898, -1,
      2898, 2922, 2923, -1,
      2898, 2923, 2671, -1,
      2671, 2923, 2924, -1,
      2671, 2924, 2672, -1,
      2672, 2924, 2925, -1,
      2672, 2925, 2647, -1,
      2647, 2925, 2684, -1,
      2647, 2684, 2679, -1,
      2679, 2684, 2687, -1,
      2679, 2687, 2680, -1,
      2910, 2926, 2911, -1,
      2911, 2926, 2927, -1,
      2911, 2927, 2912, -1,
      2912, 2927, 2928, -1,
      2912, 2928, 2913, -1,
      2913, 2928, 2929, -1,
      2913, 2929, 2914, -1,
      2914, 2929, 2930, -1,
      2914, 2930, 2915, -1,
      2915, 2930, 2931, -1,
      2915, 2931, 2916, -1,
      2916, 2931, 2932, -1,
      2916, 2932, 2917, -1,
      2917, 2932, 2933, -1,
      2917, 2933, 2918, -1,
      2918, 2933, 2934, -1,
      2918, 2934, 2919, -1,
      2919, 2934, 2935, -1,
      2919, 2935, 2920, -1,
      2920, 2935, 2936, -1,
      2920, 2936, 2921, -1,
      2921, 2936, 2937, -1,
      2921, 2937, 2922, -1,
      2922, 2937, 2938, -1,
      2922, 2938, 2923, -1,
      2923, 2938, 2939, -1,
      2923, 2939, 2924, -1,
      2924, 2939, 2940, -1,
      2924, 2940, 2925, -1,
      2925, 2940, 2941, -1,
      2925, 2941, 2684, -1,
      2684, 2941, 2942, -1,
      2684, 2942, 2681, -1,
      2681, 2942, 2943, -1,
      2681, 2943, 2690, -1,
      2690, 2943, 2944, -1,
      2690, 2944, 2694, -1,
      2694, 2944, 2945, -1,
      2694, 2945, 2696, -1,
      2696, 2945, 2946, -1,
      2696, 2946, 2699, -1,
      2699, 2946, 2947, -1,
      2699, 2947, 2701, -1,
      2701, 2947, 2948, -1,
      2701, 2948, 2706, -1,
      2706, 2948, 2949, -1,
      2706, 2949, 2710, -1,
      2710, 2949, 2950, -1,
      2710, 2950, 2713, -1,
      2713, 2950, 2951, -1,
      2713, 2951, 2716, -1,
      2716, 2951, 2952, -1,
      2716, 2952, 2899, -1,
      2899, 2952, 2953, -1,
      2899, 2953, 2900, -1,
      2900, 2953, 2954, -1,
      2900, 2954, 2901, -1,
      2901, 2954, 2955, -1,
      2901, 2955, 2902, -1,
      2902, 2955, 2956, -1,
      2902, 2956, 2903, -1,
      2903, 2956, 2957, -1,
      2903, 2957, 2904, -1,
      2904, 2957, 2958, -1,
      2904, 2958, 2905, -1,
      2905, 2958, 2959, -1,
      2905, 2959, 2906, -1,
      2906, 2959, 2960, -1,
      2906, 2960, 2907, -1,
      2907, 2960, 2961, -1,
      2907, 2961, 2908, -1,
      2908, 2961, 2962, -1,
      2908, 2962, 2909, -1,
      2909, 2962, 2963, -1,
      2909, 2963, 2910, -1,
      2910, 2963, 2926, -1,
      2963, 2792, 2926, -1,
      2926, 2792, 2790, -1,
      2926, 2790, 2927, -1,
      2927, 2790, 2787, -1,
      2927, 2787, 2928, -1,
      2928, 2787, 2785, -1,
      2928, 2785, 2929, -1,
      2929, 2785, 2784, -1,
      2929, 2784, 2930, -1,
      2930, 2784, 2777, -1,
      2930, 2777, 2931, -1,
      2931, 2777, 2779, -1,
      2931, 2779, 2932, -1,
      2932, 2779, 2780, -1,
      2932, 2780, 2933, -1,
      2933, 2780, 2767, -1,
      2933, 2767, 2934, -1,
      2934, 2767, 2769, -1,
      2934, 2769, 2935, -1,
      2935, 2769, 2771, -1,
      2935, 2771, 2936, -1,
      2936, 2771, 2765, -1,
      2936, 2765, 2937, -1,
      2937, 2765, 2763, -1,
      2937, 2763, 2938, -1,
      2938, 2763, 2761, -1,
      2938, 2761, 2939, -1,
      2939, 2761, 2753, -1,
      2939, 2753, 2940, -1,
      2940, 2753, 2755, -1,
      2940, 2755, 2941, -1,
      2941, 2755, 2757, -1,
      2941, 2757, 2942, -1,
      2942, 2757, 2747, -1,
      2942, 2747, 2943, -1,
      2943, 2747, 2749, -1,
      2943, 2749, 2944, -1,
      2944, 2749, 2845, -1,
      2944, 2845, 2945, -1,
      2945, 2845, 2847, -1,
      2945, 2847, 2946, -1,
      2946, 2847, 2841, -1,
      2946, 2841, 2947, -1,
      2947, 2841, 2839, -1,
      2947, 2839, 2948, -1,
      2948, 2839, 2837, -1,
      2948, 2837, 2949, -1,
      2949, 2837, 2829, -1,
      2949, 2829, 2950, -1,
      2950, 2829, 2831, -1,
      2950, 2831, 2951, -1,
      2951, 2831, 2833, -1,
      2951, 2833, 2952, -1,
      2952, 2833, 2636, -1,
      2952, 2636, 2953, -1,
      2953, 2636, 2826, -1,
      2953, 2826, 2954, -1,
      2954, 2826, 2819, -1,
      2954, 2819, 2955, -1,
      2955, 2819, 2821, -1,
      2955, 2821, 2956, -1,
      2956, 2821, 2823, -1,
      2956, 2823, 2957, -1,
      2957, 2823, 2814, -1,
      2957, 2814, 2958, -1,
      2958, 2814, 2812, -1,
      2958, 2812, 2959, -1,
      2959, 2812, 2810, -1,
      2959, 2810, 2960, -1,
      2960, 2810, 2802, -1,
      2960, 2802, 2961, -1,
      2961, 2802, 2804, -1,
      2961, 2804, 2962, -1,
      2962, 2804, 2794, -1,
      2962, 2794, 2963, -1,
      2963, 2794, 2792, -1,
      2964, 2965, 2966, -1,
      2967, 2968, 2969, -1,
      2970, 2971, 2972, -1,
      2971, 2970, 2973, -1,
      2974, 2975, 2976, -1,
      2977, 2978, 2979, -1,
      2980, 2981, 2982, -1,
      2983, 2984, 2985, -1,
      2986, 2987, 2988, -1,
      2989, 2990, 2991, -1,
      2992, 2993, 2994, -1,
      2995, 2996, 2997, -1,
      2998, 2999, 3000, -1,
      3000, 2999, 3001, -1,
      3002, 3003, 2968, -1,
      3004, 3005, 3006, -1,
      3006, 3005, 3007, -1,
      3008, 3009, 3010, -1,
      3011, 3012, 3013, -1,
      3014, 3015, 3016, -1,
      3017, 3018, 3019, -1,
      3020, 3021, 3022, -1,
      3022, 3021, 3023, -1,
      3022, 3023, 3024, -1,
      3025, 3026, 3027, -1,
      3027, 3026, 3028, -1,
      3027, 3028, 3020, -1,
      3020, 3028, 3029, -1,
      3020, 3029, 3021, -1,
      3030, 3031, 3032, -1,
      3033, 3034, 3035, -1,
      3035, 3034, 3030, -1,
      3035, 3030, 3036, -1,
      3036, 3030, 3032, -1,
      3037, 3038, 3039, -1,
      3039, 3040, 3037, -1,
      3037, 3040, 3041, -1,
      3037, 3041, 3031, -1,
      3031, 3041, 3042, -1,
      3031, 3042, 3032, -1,
      3043, 3044, 3038, -1,
      3038, 3044, 3045, -1,
      3038, 3045, 3039, -1,
      3046, 3047, 3048, -1,
      3048, 3049, 3046, -1,
      3046, 3049, 3050, -1,
      3046, 3050, 3051, -1,
      3018, 3052, 3019, -1,
      3019, 3052, 3047, -1,
      3019, 3047, 3053, -1,
      3053, 3047, 3046, -1,
      3053, 3046, 3054, -1,
      3054, 3046, 3051, -1,
      3054, 3051, 3055, -1,
      3017, 3019, 3056, -1,
      3056, 3019, 3057, -1,
      3056, 3057, 3058, -1,
      3059, 3060, 3061, -1,
      3061, 3060, 3062, -1,
      3061, 3062, 3057, -1,
      3057, 3062, 3063, -1,
      3057, 3063, 3058, -1,
      3064, 3065, 3066, -1,
      3066, 3065, 3067, -1,
      3068, 3069, 3070, -1,
      3070, 3069, 3071, -1,
      3072, 3073, 3069, -1,
      3069, 3073, 3074, -1,
      3069, 3074, 3071, -1,
      3014, 3016, 3075, -1,
      3076, 3077, 3078, -1,
      3078, 3077, 3079, -1,
      3080, 3081, 3082, -1,
      3082, 3081, 3083, -1,
      3082, 3083, 3013, -1,
      3012, 3084, 3013, -1,
      3013, 3084, 3085, -1,
      3013, 3085, 3082, -1,
      3082, 3085, 3086, -1,
      3082, 3086, 3080, -1,
      3087, 3088, 3089, -1,
      3089, 3088, 3090, -1,
      3091, 3092, 3088, -1,
      3088, 3092, 3093, -1,
      3088, 3093, 3090, -1,
      3008, 3010, 3094, -1,
      3095, 3096, 3010, -1,
      3010, 3096, 3097, -1,
      3010, 3097, 3094, -1,
      3098, 3099, 2969, -1,
      2968, 3003, 2969, -1,
      2969, 3003, 3100, -1,
      2969, 3100, 3098, -1,
      3101, 3102, 2967, -1,
      2967, 3102, 3103, -1,
      2967, 3103, 2968, -1,
      2968, 3103, 3104, -1,
      2968, 3104, 3002, -1,
      3105, 3106, 3107, -1,
      3107, 3106, 3108, -1,
      3107, 3108, 3109, -1,
      3109, 3108, 3110, -1,
      3109, 3110, 3111, -1,
      3112, 2998, 3113, -1,
      3113, 2998, 3000, -1,
      3113, 3000, 3107, -1,
      3107, 3000, 3001, -1,
      3107, 3001, 3105, -1,
      3114, 3115, 3116, -1,
      3116, 3115, 3117, -1,
      3116, 3117, 3112, -1,
      3112, 3117, 3118, -1,
      3112, 3118, 2998, -1,
      3119, 3120, 3121, -1,
      3121, 3120, 3122, -1,
      3121, 3122, 3114, -1,
      3114, 3122, 3123, -1,
      3114, 3123, 3115, -1,
      3124, 3125, 3109, -1,
      3109, 3125, 3126, -1,
      3109, 3126, 3107, -1,
      3107, 3126, 3127, -1,
      3107, 3127, 3113, -1,
      3128, 3124, 2967, -1,
      2967, 3124, 3109, -1,
      2967, 3109, 3101, -1,
      3101, 3109, 3111, -1,
      3129, 3130, 3131, -1,
      3131, 3130, 3132, -1,
      3133, 3134, 3129, -1,
      3134, 3133, 3135, -1,
      3135, 3133, 3136, -1,
      3135, 3136, 3137, -1,
      3137, 3136, 3138, -1,
      3138, 3136, 3139, -1,
      3138, 3139, 3140, -1,
      3140, 3139, 3141, -1,
      3141, 3139, 3142, -1,
      3141, 3142, 3143, -1,
      3143, 3142, 3144, -1,
      3144, 3142, 3145, -1,
      3144, 3145, 3146, -1,
      3146, 3145, 3147, -1,
      3147, 3145, 3148, -1,
      3147, 3148, 3149, -1,
      3149, 3148, 3150, -1,
      3150, 3148, 3151, -1,
      3150, 3151, 3152, -1,
      3153, 3154, 3155, -1,
      3155, 3154, 3156, -1,
      3155, 3156, 3151, -1,
      3151, 3156, 3157, -1,
      3151, 3157, 3152, -1,
      3158, 3159, 3160, -1,
      3161, 3162, 3163, -1,
      3164, 3165, 2976, -1,
      2976, 3165, 3166, -1,
      2976, 3166, 3167, -1,
      3164, 2976, 3168, -1,
      3168, 2976, 2975, -1,
      3168, 2975, 3169, -1,
      3170, 3171, 3172, -1,
      3172, 3171, 3173, -1,
      3174, 3175, 3176, -1,
      3177, 3178, 3174, -1,
      3174, 3178, 3179, -1,
      3174, 3179, 3175, -1,
      3180, 3181, 3182, -1,
      2993, 3183, 3184, -1,
      3184, 3183, 3185, -1,
      3186, 2992, 3187, -1,
      3188, 3189, 3187, -1,
      3189, 3190, 3187, -1,
      3187, 3190, 3191, -1,
      3187, 3191, 3186, -1,
      3188, 3192, 3193, -1,
      3193, 3192, 3194, -1,
      3195, 3196, 3197, -1,
      3197, 3196, 3198, -1,
      3197, 3198, 3192, -1,
      3192, 3198, 3199, -1,
      3192, 3199, 3194, -1,
      3200, 3201, 3202, -1,
      3202, 3201, 3203, -1,
      3202, 3203, 3204, -1,
      3204, 3203, 3205, -1,
      3206, 3207, 3202, -1,
      3202, 3207, 3208, -1,
      3202, 3208, 3200, -1,
      2990, 3209, 2991, -1,
      2991, 3209, 3210, -1,
      2991, 3210, 3206, -1,
      3206, 3210, 3211, -1,
      3206, 3211, 3207, -1,
      2989, 2991, 3212, -1,
      3212, 2991, 3213, -1,
      3212, 3213, 3214, -1,
      3215, 3216, 3217, -1,
      3217, 3216, 3218, -1,
      3217, 3218, 3213, -1,
      3213, 3218, 3219, -1,
      3213, 3219, 3214, -1,
      3220, 3221, 3222, -1,
      3223, 3224, 3225, -1,
      3225, 3224, 3226, -1,
      3225, 3226, 3220, -1,
      3220, 3226, 3227, -1,
      3220, 3227, 3221, -1,
      3223, 3225, 3228, -1,
      3228, 3225, 3229, -1,
      3228, 3229, 3230, -1,
      3230, 3229, 3231, -1,
      3231, 3229, 3232, -1,
      3231, 3232, 3233, -1,
      3234, 3235, 3232, -1,
      3232, 3235, 3236, -1,
      3232, 3236, 3233, -1,
      3237, 3238, 3239, -1,
      3239, 3238, 3240, -1,
      3239, 3240, 3234, -1,
      3234, 3240, 3241, -1,
      3234, 3241, 3235, -1,
      3242, 3243, 3244, -1,
      3244, 3243, 3245, -1,
      3244, 3245, 3246, -1,
      3242, 3244, 3247, -1,
      3247, 3244, 3248, -1,
      3247, 3248, 3249, -1,
      3022, 3250, 3020, -1,
      3020, 3250, 3251, -1,
      3020, 3251, 3027, -1,
      3027, 3251, 3034, -1,
      3027, 3034, 3025, -1,
      3025, 3034, 3033, -1,
      3067, 3059, 3066, -1,
      3066, 3059, 3061, -1,
      3066, 3061, 3252, -1,
      3252, 3061, 3057, -1,
      3252, 3057, 3253, -1,
      3253, 3057, 3019, -1,
      3253, 3019, 3254, -1,
      3254, 3019, 3053, -1,
      3255, 3256, 3257, -1,
      3257, 3256, 3258, -1,
      3257, 3258, 3259, -1,
      2965, 3260, 2966, -1,
      2966, 3260, 3261, -1,
      2966, 3261, 3262, -1,
      3262, 3261, 3263, -1,
      3262, 3263, 3264, -1,
      3264, 3263, 3265, -1,
      3264, 3265, 3266, -1,
      3266, 3265, 3267, -1,
      3266, 3267, 3268, -1,
      3268, 3267, 3269, -1,
      3268, 3269, 3270, -1,
      3270, 3269, 3271, -1,
      3270, 3271, 3272, -1,
      3272, 3271, 3273, -1,
      3272, 3273, 3054, -1,
      3054, 3273, 3274, -1,
      3054, 3274, 3053, -1,
      3053, 3274, 3275, -1,
      3053, 3275, 3254, -1,
      2984, 2986, 2985, -1,
      2985, 2986, 2988, -1,
      2985, 2988, 3276, -1,
      3276, 2988, 3277, -1,
      3276, 3277, 3278, -1,
      3278, 3277, 3279, -1,
      3278, 3279, 3280, -1,
      3280, 3279, 3281, -1,
      3280, 3281, 3282, -1,
      3282, 3281, 3283, -1,
      3282, 3283, 3284, -1,
      3284, 3283, 3285, -1,
      3284, 3285, 3286, -1,
      3286, 3285, 3287, -1,
      3286, 3287, 3288, -1,
      3260, 2983, 3261, -1,
      3261, 2983, 2985, -1,
      3261, 2985, 3263, -1,
      3263, 2985, 3276, -1,
      3263, 3276, 3265, -1,
      3265, 3276, 3278, -1,
      3265, 3278, 3267, -1,
      3267, 3278, 3280, -1,
      3267, 3280, 3269, -1,
      3269, 3280, 3282, -1,
      3269, 3282, 3271, -1,
      3271, 3282, 3284, -1,
      3271, 3284, 3273, -1,
      3273, 3284, 3286, -1,
      3273, 3286, 3274, -1,
      3274, 3286, 3288, -1,
      3274, 3288, 3275, -1,
      3289, 3290, 3291, -1,
      3292, 3220, 3290, -1,
      2981, 3293, 2982, -1,
      2982, 3293, 3294, -1,
      2982, 3294, 3295, -1,
      3295, 3294, 3296, -1,
      3295, 3296, 3297, -1,
      3297, 3296, 3298, -1,
      3297, 3298, 3299, -1,
      3299, 3298, 3300, -1,
      3299, 3300, 3301, -1,
      3301, 3300, 3302, -1,
      3301, 3302, 3303, -1,
      3220, 3292, 3225, -1,
      3225, 3292, 3304, -1,
      3225, 3304, 3229, -1,
      3229, 3304, 3305, -1,
      3229, 3305, 3232, -1,
      3232, 3305, 3306, -1,
      3232, 3306, 3234, -1,
      3234, 3306, 3246, -1,
      3234, 3246, 3239, -1,
      3239, 3246, 3245, -1,
      3239, 3245, 3237, -1,
      3290, 3289, 3292, -1,
      3292, 3289, 3307, -1,
      3292, 3307, 3304, -1,
      3304, 3307, 3308, -1,
      3304, 3308, 3305, -1,
      3305, 3308, 3309, -1,
      3305, 3309, 3306, -1,
      3306, 3309, 3310, -1,
      3306, 3310, 3246, -1,
      3246, 3310, 3311, -1,
      3246, 3311, 3244, -1,
      3244, 3311, 3312, -1,
      3244, 3312, 3248, -1,
      3313, 3314, 3315, -1,
      2987, 2980, 2988, -1,
      2988, 2980, 2982, -1,
      2988, 2982, 3277, -1,
      3277, 2982, 3295, -1,
      3277, 3295, 3279, -1,
      3279, 3295, 3297, -1,
      3279, 3297, 3281, -1,
      3281, 3297, 3299, -1,
      3281, 3299, 3283, -1,
      3283, 3299, 3301, -1,
      3283, 3301, 3285, -1,
      3285, 3301, 3303, -1,
      3285, 3303, 3287, -1,
      2979, 2978, 3316, -1,
      3316, 2978, 3317, -1,
      3316, 3317, 3318, -1,
      3015, 3319, 3016, -1,
      3016, 3319, 3320, -1,
      3016, 3320, 3321, -1,
      3321, 3320, 3322, -1,
      3321, 3322, 3323, -1,
      3323, 3322, 3324, -1,
      3323, 3324, 3325, -1,
      3081, 3076, 3083, -1,
      3083, 3076, 3078, -1,
      3083, 3078, 3326, -1,
      3326, 3078, 3327, -1,
      3326, 3327, 3328, -1,
      3328, 3327, 3329, -1,
      3328, 3329, 2973, -1,
      3330, 3075, 3331, -1,
      3331, 3075, 3016, -1,
      3331, 3016, 3332, -1,
      3332, 3016, 3321, -1,
      3332, 3321, 3333, -1,
      3333, 3321, 3323, -1,
      3333, 3323, 3334, -1,
      3334, 3323, 3325, -1,
      3319, 3072, 3320, -1,
      3320, 3072, 3069, -1,
      3320, 3069, 3322, -1,
      3322, 3069, 3335, -1,
      3322, 3335, 3324, -1,
      3324, 3335, 3336, -1,
      3324, 3336, 3337, -1,
      3337, 3336, 3338, -1,
      3337, 3338, 3339, -1,
      3339, 3338, 3340, -1,
      3339, 3340, 3341, -1,
      3341, 3340, 3342, -1,
      3341, 3342, 3343, -1,
      3343, 3342, 3344, -1,
      3343, 3344, 3345, -1,
      3345, 3344, 3346, -1,
      3345, 3346, 3291, -1,
      3291, 3346, 3347, -1,
      3291, 3347, 3289, -1,
      3289, 3347, 3348, -1,
      3289, 3348, 3307, -1,
      3307, 3348, 3349, -1,
      3307, 3349, 3308, -1,
      3308, 3349, 3350, -1,
      3308, 3350, 3309, -1,
      3309, 3350, 3351, -1,
      3309, 3351, 3310, -1,
      3310, 3351, 3313, -1,
      3310, 3313, 3311, -1,
      3311, 3313, 3315, -1,
      3311, 3315, 3312, -1,
      3068, 3064, 3069, -1,
      3069, 3064, 3066, -1,
      3069, 3066, 3335, -1,
      3335, 3066, 3252, -1,
      3335, 3252, 3336, -1,
      3336, 3252, 3253, -1,
      3336, 3253, 3338, -1,
      3338, 3253, 3254, -1,
      3338, 3254, 3340, -1,
      3340, 3254, 3275, -1,
      3340, 3275, 3342, -1,
      3342, 3275, 3288, -1,
      3342, 3288, 3344, -1,
      3344, 3288, 3287, -1,
      3344, 3287, 3346, -1,
      3346, 3287, 3303, -1,
      3346, 3303, 3347, -1,
      3347, 3303, 3302, -1,
      3347, 3302, 3348, -1,
      3348, 3302, 3300, -1,
      3348, 3300, 3349, -1,
      3349, 3300, 3298, -1,
      3349, 3298, 3350, -1,
      3350, 3298, 3296, -1,
      3350, 3296, 3351, -1,
      3351, 3296, 3294, -1,
      3351, 3294, 3313, -1,
      3313, 3294, 3293, -1,
      3313, 3293, 3314, -1,
      3352, 3353, 3354, -1,
      3354, 3353, 3355, -1,
      3354, 3355, 3356, -1,
      3356, 3355, 3357, -1,
      3356, 3357, 3358, -1,
      3358, 3357, 3359, -1,
      3358, 3359, 3360, -1,
      3360, 3359, 3361, -1,
      3360, 3361, 3362, -1,
      3362, 3361, 3363, -1,
      3362, 3363, 3364, -1,
      3364, 3363, 3365, -1,
      3364, 3365, 3160, -1,
      3160, 3365, 3366, -1,
      3160, 3366, 3158, -1,
      3158, 3366, 3367, -1,
      3353, 3368, 3355, -1,
      3355, 3368, 3369, -1,
      3355, 3369, 3357, -1,
      3357, 3369, 3370, -1,
      3357, 3370, 3359, -1,
      3359, 3370, 3371, -1,
      3359, 3371, 3361, -1,
      3361, 3371, 3372, -1,
      3361, 3372, 3363, -1,
      3363, 3372, 3373, -1,
      3363, 3373, 3365, -1,
      3365, 3373, 3161, -1,
      3365, 3161, 3366, -1,
      3366, 3161, 3163, -1,
      3366, 3163, 3367, -1,
      2977, 3374, 2978, -1,
      2978, 3374, 3375, -1,
      2978, 3375, 3317, -1,
      3180, 3376, 3377, -1,
      3377, 3376, 3378, -1,
      3377, 3378, 3379, -1,
      3182, 3380, 3180, -1,
      3180, 3380, 3177, -1,
      3180, 3177, 3376, -1,
      3376, 3177, 3174, -1,
      3376, 3174, 3172, -1,
      3172, 3174, 3176, -1,
      3172, 3176, 3170, -1,
      2979, 3379, 2977, -1,
      2977, 3379, 3378, -1,
      2977, 3378, 3374, -1,
      3374, 3378, 3376, -1,
      3374, 3376, 2974, -1,
      2974, 3376, 3172, -1,
      2974, 3172, 2975, -1,
      2975, 3172, 3173, -1,
      2975, 3173, 3169, -1,
      3368, 3318, 3369, -1,
      3369, 3318, 3317, -1,
      3369, 3317, 3370, -1,
      3370, 3317, 3375, -1,
      3370, 3375, 3371, -1,
      3371, 3375, 3374, -1,
      3371, 3374, 3372, -1,
      3372, 3374, 2974, -1,
      3372, 2974, 3373, -1,
      3373, 2974, 2976, -1,
      3373, 2976, 3161, -1,
      3161, 2976, 3167, -1,
      3161, 3167, 3162, -1,
      2995, 2997, 3185, -1,
      3185, 2997, 2970, -1,
      3185, 2970, 3184, -1,
      3184, 2970, 2972, -1,
      3184, 2972, 3381, -1,
      2996, 3382, 2997, -1,
      2997, 3382, 3383, -1,
      2997, 3383, 2970, -1,
      2970, 3383, 3384, -1,
      2970, 3384, 2973, -1,
      2973, 3384, 3385, -1,
      2973, 3385, 3328, -1,
      3328, 3385, 3386, -1,
      3328, 3386, 3326, -1,
      3326, 3386, 3387, -1,
      3326, 3387, 3083, -1,
      3083, 3387, 3388, -1,
      3083, 3388, 3013, -1,
      3013, 3388, 3089, -1,
      3013, 3089, 3011, -1,
      3011, 3089, 3090, -1,
      2992, 2994, 3187, -1,
      3187, 2994, 3389, -1,
      3187, 3389, 3390, -1,
      2993, 3184, 2994, -1,
      2994, 3184, 3381, -1,
      2994, 3381, 3389, -1,
      3389, 3381, 3391, -1,
      3389, 3391, 3390, -1,
      3392, 3217, 3393, -1,
      3393, 3217, 3213, -1,
      3393, 3213, 3394, -1,
      3394, 3213, 2991, -1,
      3394, 2991, 3395, -1,
      3395, 2991, 3206, -1,
      3395, 3206, 3396, -1,
      3396, 3206, 3202, -1,
      3396, 3202, 3197, -1,
      3197, 3202, 3204, -1,
      3197, 3204, 3195, -1,
      3188, 3187, 3192, -1,
      3192, 3187, 3390, -1,
      3192, 3390, 3197, -1,
      3197, 3390, 3391, -1,
      3197, 3391, 3396, -1,
      3396, 3391, 3397, -1,
      3396, 3397, 3395, -1,
      3395, 3397, 3255, -1,
      3395, 3255, 3394, -1,
      3394, 3255, 3257, -1,
      3394, 3257, 3393, -1,
      3393, 3257, 3259, -1,
      3393, 3259, 3392, -1,
      3079, 3330, 3078, -1,
      3078, 3330, 3331, -1,
      3078, 3331, 3327, -1,
      3327, 3331, 3332, -1,
      3327, 3332, 3329, -1,
      3329, 3332, 3333, -1,
      3329, 3333, 2973, -1,
      2973, 3333, 3334, -1,
      2973, 3334, 2971, -1,
      2971, 3334, 3325, -1,
      2971, 3325, 2972, -1,
      2972, 3325, 3324, -1,
      2972, 3324, 3381, -1,
      3381, 3324, 3337, -1,
      3381, 3337, 3391, -1,
      3391, 3337, 3339, -1,
      3391, 3339, 3397, -1,
      3397, 3339, 3341, -1,
      3397, 3341, 3255, -1,
      3255, 3341, 3343, -1,
      3255, 3343, 3256, -1,
      3256, 3343, 3345, -1,
      3256, 3345, 3258, -1,
      3258, 3345, 3291, -1,
      3258, 3291, 3259, -1,
      3259, 3291, 3290, -1,
      3259, 3290, 3392, -1,
      3392, 3290, 3220, -1,
      3392, 3220, 3217, -1,
      3217, 3220, 3222, -1,
      3217, 3222, 3215, -1,
      3099, 3004, 2969, -1,
      2969, 3004, 3006, -1,
      2969, 3006, 3010, -1,
      3010, 3006, 3007, -1,
      3010, 3007, 3095, -1,
      3091, 3088, 3009, -1,
      3009, 3088, 3087, -1,
      3009, 3087, 3010, -1,
      3010, 3087, 3398, -1,
      3010, 3398, 2969, -1,
      2969, 3398, 3131, -1,
      2969, 3131, 2967, -1,
      2967, 3131, 3132, -1,
      2967, 3132, 3128, -1,
      3159, 3153, 3160, -1,
      3160, 3153, 3155, -1,
      3160, 3155, 3364, -1,
      3364, 3155, 3151, -1,
      3364, 3151, 3362, -1,
      3362, 3151, 3148, -1,
      3362, 3148, 3360, -1,
      3360, 3148, 3145, -1,
      3360, 3145, 3358, -1,
      3358, 3145, 3142, -1,
      3358, 3142, 3356, -1,
      3356, 3142, 3139, -1,
      3356, 3139, 3354, -1,
      3354, 3139, 3136, -1,
      3354, 3136, 3352, -1,
      3352, 3136, 3133, -1,
      3129, 3131, 3133, -1,
      3133, 3131, 3398, -1,
      3133, 3398, 3352, -1,
      3352, 3398, 3087, -1,
      3352, 3087, 3353, -1,
      3353, 3087, 3089, -1,
      3353, 3089, 3368, -1,
      3368, 3089, 3388, -1,
      3368, 3388, 3318, -1,
      3318, 3388, 3387, -1,
      3318, 3387, 3316, -1,
      3316, 3387, 3386, -1,
      3316, 3386, 2979, -1,
      2979, 3386, 3385, -1,
      2979, 3385, 3379, -1,
      3379, 3385, 3384, -1,
      3379, 3384, 3377, -1,
      3377, 3384, 3383, -1,
      3377, 3383, 3180, -1,
      3180, 3383, 3382, -1,
      3180, 3382, 3181, -1,
      3250, 2964, 3251, -1,
      3251, 2964, 2966, -1,
      3251, 2966, 3034, -1,
      3034, 2966, 3262, -1,
      3034, 3262, 3030, -1,
      3030, 3262, 3264, -1,
      3030, 3264, 3031, -1,
      3031, 3264, 3266, -1,
      3031, 3266, 3037, -1,
      3037, 3266, 3268, -1,
      3037, 3268, 3038, -1,
      3038, 3268, 3270, -1,
      3038, 3270, 3043, -1,
      3043, 3270, 3272, -1,
      3043, 3272, 3399, -1,
      3399, 3272, 3054, -1,
      3399, 3054, 3400, -1,
      3400, 3054, 3055, -1,
      3401, 3402, 3315, -1,
      3403, 3404, 3401, -1,
      3249, 3248, 3402, -1,
      3402, 3248, 3312, -1,
      3402, 3312, 3315, -1,
      3024, 3405, 3022, -1,
      3022, 3405, 3406, -1,
      3022, 3406, 3250, -1,
      3250, 3406, 2964, -1,
      2964, 3406, 3407, -1,
      2964, 3407, 2965, -1,
      2965, 3407, 3408, -1,
      2965, 3408, 3260, -1,
      3260, 3408, 3409, -1,
      3260, 3409, 2983, -1,
      2983, 3409, 3410, -1,
      2983, 3410, 2984, -1,
      2984, 3410, 3411, -1,
      2984, 3411, 2986, -1,
      2986, 3411, 3412, -1,
      2986, 3412, 2987, -1,
      3412, 3413, 2987, -1,
      2987, 3413, 3414, -1,
      2987, 3414, 2980, -1,
      2980, 3414, 3415, -1,
      2980, 3415, 2981, -1,
      2981, 3415, 3416, -1,
      2981, 3416, 3293, -1,
      3293, 3416, 3417, -1,
      3293, 3417, 3314, -1,
      3314, 3417, 3418, -1,
      3314, 3418, 3315, -1,
      3315, 3418, 3419, -1,
      3315, 3419, 3401, -1,
      3401, 3419, 3420, -1,
      3401, 3420, 3403, -1,
      3421, 3422, 3423, -1,
      3424, 3425, 3426, -1,
      3427, 3428, 3429, -1,
      3430, 3404, 3403, -1,
      3431, 3432, 3433, -1,
      3433, 3432, 3434, -1,
      3435, 3436, 3431, -1,
      3437, 3438, 3439, -1,
      3439, 3438, 3440, -1,
      3441, 3442, 3443, -1,
      3443, 3442, 3437, -1,
      3444, 3445, 3446, -1,
      3446, 3445, 3447, -1,
      3446, 3447, 3448, -1,
      3449, 3450, 3451, -1,
      3452, 3453, 3454, -1,
      3453, 3455, 3454, -1,
      3454, 3455, 3456, -1,
      3454, 3456, 3449, -1,
      3449, 3456, 3457, -1,
      3449, 3457, 3450, -1,
      3458, 3459, 3460, -1,
      3460, 3459, 3461, -1,
      3460, 3461, 3452, -1,
      3462, 3463, 3464, -1,
      3462, 3464, 3465, -1,
      3466, 3467, 3464, -1,
      3464, 3467, 3468, -1,
      3468, 3469, 3464, -1,
      3464, 3469, 3470, -1,
      3464, 3470, 3465, -1,
      3463, 3471, 3464, -1,
      3464, 3471, 3472, -1,
      3464, 3472, 3460, -1,
      3460, 3472, 3473, -1,
      3460, 3473, 3458, -1,
      3474, 3464, 3475, -1,
      3475, 3464, 3476, -1,
      3474, 3477, 3464, -1,
      3464, 3477, 3478, -1,
      3464, 3478, 3479, -1,
      3479, 3480, 3464, -1,
      3464, 3480, 3481, -1,
      3464, 3481, 3482, -1,
      3482, 3483, 3464, -1,
      3464, 3483, 3484, -1,
      3464, 3484, 3466, -1,
      3485, 3486, 3487, -1,
      3487, 3488, 3485, -1,
      3485, 3488, 3489, -1,
      3485, 3489, 3464, -1,
      3464, 3489, 3490, -1,
      3464, 3490, 3476, -1,
      3428, 3491, 3429, -1,
      3429, 3491, 3492, -1,
      3429, 3492, 3485, -1,
      3485, 3492, 3493, -1,
      3485, 3493, 3486, -1,
      3494, 3495, 3496, -1,
      3496, 3495, 3497, -1,
      3497, 3498, 3496, -1,
      3496, 3498, 3499, -1,
      3496, 3499, 3500, -1,
      3500, 3499, 3501, -1,
      3500, 3501, 3502, -1,
      3425, 3503, 3426, -1,
      3426, 3503, 3504, -1,
      3426, 3504, 3505, -1,
      3506, 3507, 3508, -1,
      3508, 3507, 3509, -1,
      3508, 3509, 3510, -1,
      3511, 3512, 3513, -1,
      3421, 3423, 3513, -1,
      3405, 3514, 3515, -1,
      3513, 3423, 3511, -1,
      3511, 3423, 3516, -1,
      3511, 3516, 3517, -1,
      3517, 3516, 3518, -1,
      3517, 3518, 3519, -1,
      3519, 3518, 3520, -1,
      3519, 3520, 3521, -1,
      3521, 3520, 3522, -1,
      3521, 3522, 3523, -1,
      3523, 3522, 3524, -1,
      3523, 3524, 3525, -1,
      3525, 3524, 3526, -1,
      3525, 3526, 3527, -1,
      3527, 3526, 3528, -1,
      3527, 3528, 3529, -1,
      3529, 3528, 3439, -1,
      3529, 3439, 3435, -1,
      3435, 3439, 3440, -1,
      3435, 3440, 3436, -1,
      3430, 3403, 3434, -1,
      3434, 3403, 3420, -1,
      3434, 3420, 3433, -1,
      3433, 3420, 3419, -1,
      3433, 3419, 3530, -1,
      3419, 3418, 3530, -1,
      3530, 3418, 3417, -1,
      3530, 3417, 3531, -1,
      3417, 3416, 3531, -1,
      3531, 3416, 3415, -1,
      3531, 3415, 3532, -1,
      3415, 3414, 3532, -1,
      3532, 3414, 3413, -1,
      3532, 3413, 3533, -1,
      3533, 3413, 3412, -1,
      3533, 3412, 3534, -1,
      3412, 3411, 3534, -1,
      3534, 3411, 3410, -1,
      3534, 3410, 3535, -1,
      3410, 3409, 3535, -1,
      3535, 3409, 3408, -1,
      3535, 3408, 3536, -1,
      3536, 3408, 3407, -1,
      3536, 3407, 3515, -1,
      3515, 3407, 3406, -1,
      3515, 3406, 3405, -1,
      3452, 3454, 3460, -1,
      3460, 3454, 3537, -1,
      3460, 3537, 3464, -1,
      3464, 3537, 3538, -1,
      3464, 3538, 3485, -1,
      3485, 3538, 3500, -1,
      3485, 3500, 3429, -1,
      3429, 3500, 3502, -1,
      3429, 3502, 3427, -1,
      3505, 3494, 3426, -1,
      3426, 3494, 3496, -1,
      3426, 3496, 3539, -1,
      3539, 3496, 3500, -1,
      3539, 3500, 3540, -1,
      3540, 3500, 3538, -1,
      3540, 3538, 3541, -1,
      3541, 3538, 3537, -1,
      3541, 3537, 3542, -1,
      3542, 3537, 3454, -1,
      3542, 3454, 3543, -1,
      3543, 3454, 3449, -1,
      3543, 3449, 3446, -1,
      3446, 3449, 3451, -1,
      3446, 3451, 3444, -1,
      3510, 3424, 3508, -1,
      3508, 3424, 3426, -1,
      3508, 3426, 3544, -1,
      3544, 3426, 3539, -1,
      3544, 3539, 3545, -1,
      3545, 3539, 3540, -1,
      3545, 3540, 3546, -1,
      3546, 3540, 3541, -1,
      3546, 3541, 3547, -1,
      3547, 3541, 3542, -1,
      3547, 3542, 3548, -1,
      3548, 3542, 3543, -1,
      3548, 3543, 3549, -1,
      3549, 3543, 3446, -1,
      3549, 3446, 3550, -1,
      3550, 3446, 3448, -1,
      3550, 3448, 3443, -1,
      3443, 3448, 3551, -1,
      3443, 3551, 3441, -1,
      3437, 3439, 3443, -1,
      3443, 3439, 3528, -1,
      3443, 3528, 3550, -1,
      3550, 3528, 3526, -1,
      3550, 3526, 3549, -1,
      3549, 3526, 3524, -1,
      3549, 3524, 3548, -1,
      3548, 3524, 3522, -1,
      3548, 3522, 3547, -1,
      3547, 3522, 3520, -1,
      3547, 3520, 3546, -1,
      3546, 3520, 3518, -1,
      3546, 3518, 3545, -1,
      3545, 3518, 3516, -1,
      3545, 3516, 3544, -1,
      3544, 3516, 3423, -1,
      3544, 3423, 3508, -1,
      3508, 3423, 3422, -1,
      3508, 3422, 3506, -1,
      3431, 3433, 3435, -1,
      3435, 3433, 3530, -1,
      3435, 3530, 3529, -1,
      3529, 3530, 3531, -1,
      3529, 3531, 3527, -1,
      3527, 3531, 3532, -1,
      3527, 3532, 3525, -1,
      3525, 3532, 3533, -1,
      3525, 3533, 3523, -1,
      3523, 3533, 3534, -1,
      3523, 3534, 3521, -1,
      3521, 3534, 3535, -1,
      3521, 3535, 3519, -1,
      3519, 3535, 3536, -1,
      3519, 3536, 3517, -1,
      3517, 3536, 3515, -1,
      3517, 3515, 3511, -1,
      3511, 3515, 3514, -1,
      3511, 3514, 3512, -1,
      3552, 3553, 3554, -1,
      3555, 3556, 3557, -1,
      3558, 3559, 3560, -1,
      3561, 3562, 3563, -1,
      3564, 3565, 3566, -1,
      3565, 3119, 3566, -1,
      3566, 3119, 3121, -1,
      3566, 3121, 3567, -1,
      3568, 3569, 3570, -1,
      3570, 3569, 3571, -1,
      3570, 3571, 3566, -1,
      3566, 3571, 3572, -1,
      3566, 3572, 3564, -1,
      3573, 3574, 3575, -1,
      3573, 3575, 3570, -1,
      3570, 3575, 3576, -1,
      3570, 3576, 3568, -1,
      3577, 3578, 3579, -1,
      3579, 3578, 3580, -1,
      3580, 3581, 3579, -1,
      3579, 3581, 3582, -1,
      3579, 3582, 3583, -1,
      3584, 3585, 3577, -1,
      3577, 3585, 3586, -1,
      3577, 3586, 3578, -1,
      3587, 3588, 3589, -1,
      3563, 3562, 3588, -1,
      3588, 3562, 3590, -1,
      3588, 3590, 3591, -1,
      3591, 3592, 3588, -1,
      3588, 3592, 3593, -1,
      3588, 3593, 3589, -1,
      3561, 3563, 3594, -1,
      3594, 3563, 3595, -1,
      3594, 3595, 3596, -1,
      3597, 3598, 3599, -1,
      3597, 3599, 3600, -1,
      3599, 3601, 3600, -1,
      3600, 3601, 3602, -1,
      3600, 3602, 3603, -1,
      3604, 3605, 3606, -1,
      3606, 3605, 3607, -1,
      3606, 3607, 3597, -1,
      3597, 3607, 3608, -1,
      3597, 3608, 3598, -1,
      3604, 3606, 3609, -1,
      3609, 3606, 3610, -1,
      3609, 3610, 3611, -1,
      3611, 3610, 3612, -1,
      3611, 3612, 3613, -1,
      3613, 3612, 3614, -1,
      3614, 3612, 3615, -1,
      3614, 3615, 3616, -1,
      3617, 3618, 3615, -1,
      3615, 3618, 3619, -1,
      3615, 3619, 3616, -1,
      3620, 3621, 3622, -1,
      3622, 3621, 3623, -1,
      3622, 3623, 3617, -1,
      3617, 3623, 3624, -1,
      3617, 3624, 3618, -1,
      3620, 3622, 3625, -1,
      3625, 3622, 3626, -1,
      3625, 3626, 3627, -1,
      3627, 3626, 3628, -1,
      3628, 3626, 3629, -1,
      3628, 3629, 3630, -1,
      3559, 3631, 3632, -1,
      3632, 3631, 3629, -1,
      3629, 3631, 3633, -1,
      3629, 3633, 3630, -1,
      3634, 3635, 3636, -1,
      3636, 3635, 3637, -1,
      3636, 3637, 3560, -1,
      3560, 3637, 3638, -1,
      3560, 3638, 3558, -1,
      3639, 3640, 3641, -1,
      3641, 3640, 3642, -1,
      3641, 3642, 3636, -1,
      3636, 3642, 3643, -1,
      3636, 3643, 3634, -1,
      3644, 3645, 3646, -1,
      3646, 3645, 3647, -1,
      3646, 3647, 3648, -1,
      3648, 3647, 3649, -1,
      3648, 3649, 3639, -1,
      3650, 3651, 3646, -1,
      3646, 3651, 3652, -1,
      3646, 3652, 3644, -1,
      3650, 3646, 3653, -1,
      3653, 3646, 3654, -1,
      3653, 3654, 3655, -1,
      3655, 3656, 3657, -1,
      3657, 3656, 3658, -1,
      3556, 3659, 3557, -1,
      3557, 3659, 3660, -1,
      3557, 3660, 3656, -1,
      3656, 3660, 3661, -1,
      3656, 3661, 3658, -1,
      3662, 3159, 3158, -1,
      3662, 3158, 3557, -1,
      3557, 3158, 3367, -1,
      3557, 3367, 3555, -1,
      3663, 3664, 3665, -1,
      3665, 3664, 3666, -1,
      3667, 3668, 3669, -1,
      3669, 3668, 3670, -1,
      3669, 3670, 3671, -1,
      3671, 3670, 3672, -1,
      3671, 3672, 3673, -1,
      3673, 3672, 3674, -1,
      3673, 3674, 3663, -1,
      3663, 3674, 3675, -1,
      3663, 3675, 3664, -1,
      3667, 3669, 3676, -1,
      3676, 3669, 3677, -1,
      3676, 3677, 3678, -1,
      3678, 3677, 3679, -1,
      3678, 3679, 3680, -1,
      3680, 3679, 3681, -1,
      3680, 3681, 3682, -1,
      3683, 3684, 3685, -1,
      3685, 3684, 3686, -1,
      3685, 3686, 3687, -1,
      3687, 3686, 3688, -1,
      3687, 3688, 3681, -1,
      3681, 3688, 3689, -1,
      3681, 3689, 3682, -1,
      3690, 3691, 3683, -1,
      3683, 3691, 3692, -1,
      3683, 3692, 3684, -1,
      3693, 3694, 3695, -1,
      3695, 3694, 3690, -1,
      3695, 3690, 3696, -1,
      3696, 3690, 3683, -1,
      3697, 3698, 3693, -1,
      3693, 3698, 3699, -1,
      3693, 3699, 3694, -1,
      3693, 3700, 3697, -1,
      3697, 3700, 3701, -1,
      3697, 3701, 3702, -1,
      3702, 3701, 3703, -1,
      3702, 3703, 3704, -1,
      3704, 3703, 3705, -1,
      3705, 3703, 3706, -1,
      3705, 3706, 3707, -1,
      3707, 3706, 3708, -1,
      3707, 3708, 3709, -1,
      3710, 3711, 3708, -1,
      3708, 3711, 3712, -1,
      3708, 3712, 3709, -1,
      3713, 3714, 3143, -1,
      3143, 3144, 3713, -1,
      3713, 3144, 3146, -1,
      3713, 3146, 3715, -1,
      3716, 3717, 3718, -1,
      3718, 3717, 3719, -1,
      3718, 3719, 3720, -1,
      3720, 3719, 3721, -1,
      3720, 3721, 3710, -1,
      3710, 3721, 3722, -1,
      3710, 3722, 3711, -1,
      3146, 3147, 3715, -1,
      3715, 3147, 3149, -1,
      3715, 3149, 3723, -1,
      3149, 3150, 3723, -1,
      3723, 3150, 3152, -1,
      3723, 3152, 3724, -1,
      3716, 3718, 3725, -1,
      3725, 3718, 3726, -1,
      3725, 3726, 3727, -1,
      3727, 3726, 3728, -1,
      3727, 3728, 3729, -1,
      3729, 3728, 3730, -1,
      3729, 3730, 3731, -1,
      3152, 3157, 3724, -1,
      3724, 3157, 3156, -1,
      3724, 3156, 3732, -1,
      3732, 3156, 3154, -1,
      3732, 3154, 3662, -1,
      3662, 3154, 3153, -1,
      3662, 3153, 3159, -1,
      3733, 3734, 3735, -1,
      3735, 3734, 3736, -1,
      3735, 3736, 3737, -1,
      3737, 3736, 3738, -1,
      3737, 3738, 3739, -1,
      3739, 3738, 3740, -1,
      3739, 3740, 3730, -1,
      3730, 3740, 3741, -1,
      3730, 3741, 3731, -1,
      3733, 3735, 3554, -1,
      3554, 3735, 3742, -1,
      3554, 3742, 3552, -1,
      3743, 3744, 3745, -1,
      3745, 3744, 3746, -1,
      3745, 3746, 3747, -1,
      3747, 3746, 3748, -1,
      3747, 3748, 3749, -1,
      3749, 3748, 3750, -1,
      3749, 3750, 3552, -1,
      3552, 3750, 3751, -1,
      3552, 3751, 3553, -1,
      3743, 3745, 3752, -1,
      3752, 3745, 3753, -1,
      3752, 3753, 3754, -1,
      3754, 3753, 3755, -1,
      3754, 3755, 3756, -1,
      3756, 3755, 3757, -1,
      3756, 3757, 3758, -1,
      3666, 3759, 3665, -1,
      3665, 3759, 3760, -1,
      3665, 3760, 3761, -1,
      3761, 3760, 3762, -1,
      3761, 3762, 3763, -1,
      3763, 3762, 3764, -1,
      3763, 3764, 3757, -1,
      3757, 3764, 3765, -1,
      3757, 3765, 3758, -1,
      3112, 3766, 3116, -1,
      3116, 3766, 3567, -1,
      3116, 3567, 3114, -1,
      3114, 3567, 3121, -1,
      3112, 3113, 3766, -1,
      3766, 3113, 3127, -1,
      3766, 3127, 3767, -1,
      3767, 3127, 3126, -1,
      3767, 3126, 3768, -1,
      3768, 3126, 3125, -1,
      3125, 3124, 3768, -1,
      3768, 3124, 3128, -1,
      3768, 3128, 3769, -1,
      3769, 3128, 3132, -1,
      3769, 3132, 3770, -1,
      3770, 3132, 3130, -1,
      3770, 3130, 3771, -1,
      3130, 3129, 3771, -1,
      3771, 3129, 3134, -1,
      3771, 3134, 3772, -1,
      3134, 3135, 3772, -1,
      3772, 3135, 3137, -1,
      3772, 3137, 3773, -1,
      3137, 3138, 3773, -1,
      3773, 3138, 3140, -1,
      3773, 3140, 3714, -1,
      3714, 3140, 3141, -1,
      3714, 3141, 3143, -1,
      3655, 3654, 3656, -1,
      3656, 3654, 3774, -1,
      3656, 3774, 3557, -1,
      3557, 3774, 3775, -1,
      3557, 3775, 3662, -1,
      3662, 3775, 3776, -1,
      3662, 3776, 3732, -1,
      3732, 3776, 3777, -1,
      3732, 3777, 3724, -1,
      3724, 3777, 3778, -1,
      3724, 3778, 3723, -1,
      3723, 3778, 3779, -1,
      3723, 3779, 3715, -1,
      3715, 3779, 3780, -1,
      3715, 3780, 3713, -1,
      3713, 3780, 3781, -1,
      3713, 3781, 3714, -1,
      3714, 3781, 3782, -1,
      3714, 3782, 3773, -1,
      3773, 3782, 3783, -1,
      3773, 3783, 3772, -1,
      3772, 3783, 3784, -1,
      3772, 3784, 3771, -1,
      3771, 3784, 3785, -1,
      3771, 3785, 3770, -1,
      3770, 3785, 3786, -1,
      3770, 3786, 3769, -1,
      3769, 3786, 3787, -1,
      3769, 3787, 3768, -1,
      3768, 3787, 3788, -1,
      3768, 3788, 3767, -1,
      3767, 3788, 3789, -1,
      3767, 3789, 3766, -1,
      3766, 3789, 3790, -1,
      3766, 3790, 3567, -1,
      3567, 3790, 3791, -1,
      3567, 3791, 3566, -1,
      3566, 3791, 3792, -1,
      3566, 3792, 3570, -1,
      3570, 3792, 3579, -1,
      3570, 3579, 3573, -1,
      3573, 3579, 3583, -1,
      3573, 3583, 3574, -1,
      3639, 3641, 3648, -1,
      3648, 3641, 3793, -1,
      3648, 3793, 3646, -1,
      3646, 3793, 3794, -1,
      3646, 3794, 3654, -1,
      3654, 3794, 3795, -1,
      3654, 3795, 3774, -1,
      3774, 3795, 3796, -1,
      3774, 3796, 3775, -1,
      3775, 3796, 3797, -1,
      3775, 3797, 3776, -1,
      3776, 3797, 3798, -1,
      3776, 3798, 3777, -1,
      3777, 3798, 3799, -1,
      3777, 3799, 3778, -1,
      3778, 3799, 3800, -1,
      3778, 3800, 3779, -1,
      3779, 3800, 3801, -1,
      3779, 3801, 3780, -1,
      3780, 3801, 3802, -1,
      3780, 3802, 3781, -1,
      3781, 3802, 3803, -1,
      3781, 3803, 3782, -1,
      3782, 3803, 3804, -1,
      3782, 3804, 3783, -1,
      3783, 3804, 3805, -1,
      3783, 3805, 3784, -1,
      3784, 3805, 3806, -1,
      3784, 3806, 3785, -1,
      3785, 3806, 3807, -1,
      3785, 3807, 3786, -1,
      3786, 3807, 3808, -1,
      3786, 3808, 3787, -1,
      3787, 3808, 3809, -1,
      3787, 3809, 3788, -1,
      3788, 3809, 3810, -1,
      3788, 3810, 3789, -1,
      3789, 3810, 3811, -1,
      3789, 3811, 3790, -1,
      3790, 3811, 3812, -1,
      3790, 3812, 3791, -1,
      3791, 3812, 3813, -1,
      3791, 3813, 3792, -1,
      3792, 3813, 3814, -1,
      3792, 3814, 3579, -1,
      3579, 3814, 3587, -1,
      3579, 3587, 3577, -1,
      3577, 3587, 3589, -1,
      3577, 3589, 3584, -1,
      3559, 3632, 3560, -1,
      3560, 3632, 3815, -1,
      3560, 3815, 3636, -1,
      3636, 3815, 3816, -1,
      3636, 3816, 3641, -1,
      3641, 3816, 3817, -1,
      3641, 3817, 3793, -1,
      3793, 3817, 3818, -1,
      3793, 3818, 3794, -1,
      3794, 3818, 3819, -1,
      3794, 3819, 3795, -1,
      3795, 3819, 3820, -1,
      3795, 3820, 3796, -1,
      3796, 3820, 3821, -1,
      3796, 3821, 3797, -1,
      3797, 3821, 3822, -1,
      3797, 3822, 3798, -1,
      3798, 3822, 3823, -1,
      3798, 3823, 3799, -1,
      3799, 3823, 3824, -1,
      3799, 3824, 3800, -1,
      3800, 3824, 3825, -1,
      3800, 3825, 3801, -1,
      3801, 3825, 3826, -1,
      3801, 3826, 3802, -1,
      3802, 3826, 3827, -1,
      3802, 3827, 3803, -1,
      3803, 3827, 3828, -1,
      3803, 3828, 3804, -1,
      3804, 3828, 3829, -1,
      3804, 3829, 3805, -1,
      3805, 3829, 3830, -1,
      3805, 3830, 3806, -1,
      3806, 3830, 3831, -1,
      3806, 3831, 3807, -1,
      3807, 3831, 3832, -1,
      3807, 3832, 3808, -1,
      3808, 3832, 3833, -1,
      3808, 3833, 3809, -1,
      3809, 3833, 3834, -1,
      3809, 3834, 3810, -1,
      3810, 3834, 3835, -1,
      3810, 3835, 3811, -1,
      3811, 3835, 3836, -1,
      3811, 3836, 3812, -1,
      3812, 3836, 3837, -1,
      3812, 3837, 3813, -1,
      3813, 3837, 3838, -1,
      3813, 3838, 3814, -1,
      3814, 3838, 3839, -1,
      3814, 3839, 3587, -1,
      3587, 3839, 3840, -1,
      3587, 3840, 3588, -1,
      3588, 3840, 3841, -1,
      3588, 3841, 3563, -1,
      3563, 3841, 3600, -1,
      3563, 3600, 3595, -1,
      3595, 3600, 3603, -1,
      3595, 3603, 3596, -1,
      3826, 3842, 3827, -1,
      3827, 3842, 3843, -1,
      3827, 3843, 3828, -1,
      3828, 3843, 3844, -1,
      3828, 3844, 3829, -1,
      3829, 3844, 3845, -1,
      3829, 3845, 3830, -1,
      3830, 3845, 3846, -1,
      3830, 3846, 3831, -1,
      3831, 3846, 3847, -1,
      3831, 3847, 3832, -1,
      3832, 3847, 3848, -1,
      3832, 3848, 3833, -1,
      3833, 3848, 3849, -1,
      3833, 3849, 3834, -1,
      3834, 3849, 3850, -1,
      3834, 3850, 3835, -1,
      3835, 3850, 3851, -1,
      3835, 3851, 3836, -1,
      3836, 3851, 3852, -1,
      3836, 3852, 3837, -1,
      3837, 3852, 3853, -1,
      3837, 3853, 3838, -1,
      3838, 3853, 3854, -1,
      3838, 3854, 3839, -1,
      3839, 3854, 3855, -1,
      3839, 3855, 3840, -1,
      3840, 3855, 3856, -1,
      3840, 3856, 3841, -1,
      3841, 3856, 3857, -1,
      3841, 3857, 3600, -1,
      3600, 3857, 3858, -1,
      3600, 3858, 3597, -1,
      3597, 3858, 3859, -1,
      3597, 3859, 3606, -1,
      3606, 3859, 3860, -1,
      3606, 3860, 3610, -1,
      3610, 3860, 3861, -1,
      3610, 3861, 3612, -1,
      3612, 3861, 3862, -1,
      3612, 3862, 3615, -1,
      3615, 3862, 3863, -1,
      3615, 3863, 3617, -1,
      3617, 3863, 3864, -1,
      3617, 3864, 3622, -1,
      3622, 3864, 3865, -1,
      3622, 3865, 3626, -1,
      3626, 3865, 3866, -1,
      3626, 3866, 3629, -1,
      3629, 3866, 3867, -1,
      3629, 3867, 3632, -1,
      3632, 3867, 3868, -1,
      3632, 3868, 3815, -1,
      3815, 3868, 3869, -1,
      3815, 3869, 3816, -1,
      3816, 3869, 3870, -1,
      3816, 3870, 3817, -1,
      3817, 3870, 3871, -1,
      3817, 3871, 3818, -1,
      3818, 3871, 3872, -1,
      3818, 3872, 3819, -1,
      3819, 3872, 3873, -1,
      3819, 3873, 3820, -1,
      3820, 3873, 3874, -1,
      3820, 3874, 3821, -1,
      3821, 3874, 3875, -1,
      3821, 3875, 3822, -1,
      3822, 3875, 3876, -1,
      3822, 3876, 3823, -1,
      3823, 3876, 3877, -1,
      3823, 3877, 3824, -1,
      3824, 3877, 3878, -1,
      3824, 3878, 3825, -1,
      3825, 3878, 3879, -1,
      3825, 3879, 3826, -1,
      3826, 3879, 3842, -1,
      3879, 3708, 3842, -1,
      3842, 3708, 3706, -1,
      3842, 3706, 3843, -1,
      3843, 3706, 3703, -1,
      3843, 3703, 3844, -1,
      3844, 3703, 3701, -1,
      3844, 3701, 3845, -1,
      3845, 3701, 3700, -1,
      3845, 3700, 3846, -1,
      3846, 3700, 3693, -1,
      3846, 3693, 3847, -1,
      3847, 3693, 3695, -1,
      3847, 3695, 3848, -1,
      3848, 3695, 3696, -1,
      3848, 3696, 3849, -1,
      3849, 3696, 3683, -1,
      3849, 3683, 3850, -1,
      3850, 3683, 3685, -1,
      3850, 3685, 3851, -1,
      3851, 3685, 3687, -1,
      3851, 3687, 3852, -1,
      3852, 3687, 3681, -1,
      3852, 3681, 3853, -1,
      3853, 3681, 3679, -1,
      3853, 3679, 3854, -1,
      3854, 3679, 3677, -1,
      3854, 3677, 3855, -1,
      3855, 3677, 3669, -1,
      3855, 3669, 3856, -1,
      3856, 3669, 3671, -1,
      3856, 3671, 3857, -1,
      3857, 3671, 3673, -1,
      3857, 3673, 3858, -1,
      3858, 3673, 3663, -1,
      3858, 3663, 3859, -1,
      3859, 3663, 3665, -1,
      3859, 3665, 3860, -1,
      3860, 3665, 3761, -1,
      3860, 3761, 3861, -1,
      3861, 3761, 3763, -1,
      3861, 3763, 3862, -1,
      3862, 3763, 3757, -1,
      3862, 3757, 3863, -1,
      3863, 3757, 3755, -1,
      3863, 3755, 3864, -1,
      3864, 3755, 3753, -1,
      3864, 3753, 3865, -1,
      3865, 3753, 3745, -1,
      3865, 3745, 3866, -1,
      3866, 3745, 3747, -1,
      3866, 3747, 3867, -1,
      3867, 3747, 3749, -1,
      3867, 3749, 3868, -1,
      3868, 3749, 3552, -1,
      3868, 3552, 3869, -1,
      3869, 3552, 3742, -1,
      3869, 3742, 3870, -1,
      3870, 3742, 3735, -1,
      3870, 3735, 3871, -1,
      3871, 3735, 3737, -1,
      3871, 3737, 3872, -1,
      3872, 3737, 3739, -1,
      3872, 3739, 3873, -1,
      3873, 3739, 3730, -1,
      3873, 3730, 3874, -1,
      3874, 3730, 3728, -1,
      3874, 3728, 3875, -1,
      3875, 3728, 3726, -1,
      3875, 3726, 3876, -1,
      3876, 3726, 3718, -1,
      3876, 3718, 3877, -1,
      3877, 3718, 3720, -1,
      3877, 3720, 3878, -1,
      3878, 3720, 3710, -1,
      3878, 3710, 3879, -1,
      3879, 3710, 3708, -1,
    ]
  }
}

Shape {
  appearance Appearance {
    material Material {
      diffuseColor 0.6471 0.6196 0.5882
      specularColor 0.4510 0.4353 0.4118
      ambientIntensity 0.2
      transparency 0.0000
      shininess 0.5
    }
  }
  geometry IndexedFaceSet {
    ccw TRUE
    solid FALSE
    coord DEF co Coordinate {
      point [
        -0.451752 0.085639 -0.016175,
        -0.466295 0.091662 -0.016175,
        -0.413604 -0.046874 -0.016175,
        -0.409159 -0.037887 -0.016175,
        -0.450787 -0.085239 -0.016175,
        -0.446932 -0.082281 -0.016175,
        -0.434358 -0.072632 -0.016175,
        -0.430403 -0.069597 -0.016175,
        -0.422779 -0.059662 -0.016175,
        -0.414761 -0.049213 -0.016175,
        -0.462543 -0.090108 -0.016175,
        -0.474526 -0.095071 -0.016175,
        -0.477417 -0.095452 -0.016175,
        -0.494905 -0.097754 -0.016175,
        -0.528036 -0.094011 -0.016175,
        -0.525474 -0.095071 -0.016175,
        -0.510698 -0.097017 -0.016175,
        -0.500000 -0.098425 -0.016175,
        -0.557712 -0.078717 -0.016175,
        -0.549213 -0.085239 -0.016175,
        -0.542787 -0.087900 -0.016175,
        -0.569597 -0.069597 -0.016175,
        -0.588667 -0.040936 -0.016175,
        -0.585239 -0.049213 -0.016175,
        -0.580966 -0.054781 -0.016175,
        -0.595072 -0.025474 -0.016175,
        -0.597266 -0.008804 -0.016175,
        -0.598425 0.000000 -0.016175,
        -0.597297 0.008572 -0.016175,
        -0.595235 0.024235 -0.016175,
        -0.590766 0.038066 -0.016175,
        -0.595072 0.025474 -0.016175,
        -0.569597 0.069597 -0.016175,
        -0.571559 0.067040 -0.016175,
        -0.581121 0.054578 -0.016175,
        -0.585239 0.049213 -0.016175,
        -0.589471 0.040678 -0.016175,
        -0.558506 0.078108 -0.016175,
        -0.549213 0.085239 -0.016175,
        -0.545832 0.086639 -0.016175,
        -0.529748 0.093301 -0.016175,
        -0.474526 0.095071 -0.016175,
        -0.482451 0.096115 -0.016175,
        -0.498082 0.098173 -0.016175,
        -0.500000 0.098425 -0.016175,
        -0.514877 0.096467 -0.016175,
        -0.525474 0.095071 -0.016175,
        -0.414761 0.049213 -0.016175,
        -0.416466 0.051434 -0.016175,
        -0.427074 0.065259 -0.016175,
        -0.430403 0.069597 -0.016175,
        -0.438174 0.075560 -0.016175,
        -0.450787 0.085239 -0.016175,
        -0.409952 0.037603 -0.016175,
        -0.404929 0.025474 -0.016175,
        -0.404410 0.021534 -0.016175,
        -0.402351 0.005898 -0.016175,
        -0.406776 -0.030896 -0.016175,
        -0.405529 -0.027235 -0.016175,
        -0.404929 -0.025474 -0.016175,
        -0.403046 -0.011172 -0.016175,
        -0.401575 0.000000 -0.016175,
        0.451752 -0.085639 -0.016175,
        0.466295 -0.091662 -0.016175,
        0.413604 0.046874 -0.016175,
        0.409159 0.037887 -0.016175,
        0.450787 0.085239 -0.016175,
        0.446932 0.082281 -0.016175,
        0.434358 0.072632 -0.016175,
        0.430403 0.069597 -0.016175,
        0.422779 0.059662 -0.016175,
        0.414761 0.049213 -0.016175,
        0.462543 0.090108 -0.016175,
        0.474526 0.095071 -0.016175,
        0.477417 0.095452 -0.016175,
        0.494905 0.097754 -0.016175,
        0.528036 0.094011 -0.016175,
        0.525474 0.095071 -0.016175,
        0.510698 0.097017 -0.016175,
        0.500000 0.098425 -0.016175,
        0.557712 0.078717 -0.016175,
        0.549213 0.085239 -0.016175,
        0.542787 0.087900 -0.016175,
        0.569597 0.069597 -0.016175,
        0.588667 0.040936 -0.016175,
        0.585239 0.049213 -0.016175,
        0.580966 0.054781 -0.016175,
        0.595072 0.025474 -0.016175,
        0.597266 0.008804 -0.016175,
        0.598425 0.000000 -0.016175,
        0.597297 -0.008572 -0.016175,
        0.595235 -0.024235 -0.016175,
        0.590766 -0.038066 -0.016175,
        0.595072 -0.025474 -0.016175,
        0.569597 -0.069597 -0.016175,
        0.571559 -0.067040 -0.016175,
        0.581121 -0.054578 -0.016175,
        0.585239 -0.049213 -0.016175,
        0.589471 -0.040678 -0.016175,
        0.558506 -0.078108 -0.016175,
        0.549213 -0.085239 -0.016175,
        0.545832 -0.086639 -0.016175,
        0.529748 -0.093301 -0.016175,
        0.474526 -0.095071 -0.016175,
        0.482451 -0.096115 -0.016175,
        0.498082 -0.098173 -0.016175,
        0.500000 -0.098425 -0.016175,
        0.514877 -0.096467 -0.016175,
        0.525474 -0.095071 -0.016175,
        0.414761 -0.049213 -0.016175,
        0.416466 -0.051434 -0.016175,
        0.427074 -0.065259 -0.016175,
        0.430403 -0.069597 -0.016175,
        0.438174 -0.075560 -0.016175,
        0.450787 -0.085239 -0.016175,
        0.409952 -0.037603 -0.016175,
        0.404929 -0.025474 -0.016175,
        0.404410 -0.021534 -0.016175,
        0.402351 -0.005898 -0.016175,
        0.406776 0.030896 -0.016175,
        0.405529 0.027235 -0.016175,
        0.404929 0.025474 -0.016175,
        0.403046 0.011172 -0.016175,
        0.401575 0.000000 -0.016175,
        -0.585239 0.049213 -0.305335,
        -0.401575 0.000000 -0.305335,
        -0.404929 -0.025474 -0.305335,
        -0.414761 -0.049213 -0.305335,
        -0.430403 -0.069597 -0.305335,
        -0.450787 -0.085239 -0.305335,
        -0.474526 -0.095071 -0.305335,
        -0.500000 -0.098425 -0.305335,
        -0.525474 -0.095071 -0.305335,
        -0.549213 -0.085239 -0.305335,
        -0.569597 -0.069597 -0.305335,
        -0.585239 -0.049213 -0.305335,
        -0.595072 -0.025474 -0.305335,
        -0.598425 0.000000 -0.305335,
        -0.595072 0.025474 -0.305335,
        -0.569597 0.069597 -0.305335,
        -0.549213 0.085239 -0.305335,
        -0.525474 0.095071 -0.305335,
        -0.500000 0.098425 -0.305335,
        -0.474526 0.095071 -0.305335,
        -0.450787 0.085239 -0.305335,
        -0.430403 0.069597 -0.305335,
        -0.414761 0.049213 -0.305335,
        -0.404929 0.025474 -0.305335,
        -0.404929 0.025474 -1.968504,
        -0.414761 0.049213 -1.968504,
        -0.430403 0.069597 -1.968504,
        -0.450787 0.085239 -1.968504,
        -0.474526 0.095071 -1.968504,
        -0.500000 0.098425 -1.968504,
        -0.525474 0.095071 -1.968504,
        -0.549213 0.085239 -1.968504,
        -0.569597 0.069597 -1.968504,
        -0.585239 0.049213 -1.968504,
        -0.595072 0.025474 -1.968504,
        -0.598425 0.000000 -1.968504,
        -0.595072 -0.025474 -1.968504,
        -0.585239 -0.049213 -1.968504,
        -0.569597 -0.069597 -1.968504,
        -0.549213 -0.085239 -1.968504,
        -0.525474 -0.095071 -1.968504,
        -0.500000 -0.098425 -1.968504,
        -0.474526 -0.095071 -1.968504,
        -0.450787 -0.085239 -1.968504,
        -0.430403 -0.069597 -1.968504,
        -0.414761 -0.049213 -1.968504,
        -0.404929 -0.025474 -1.968504,
        -0.401575 -0.000000 -1.968504,
        -0.500000 0.000000 -1.968504,
        0.585239 -0.049213 -0.305335,
        0.598425 0.000000 -0.305335,
        0.595072 -0.025474 -0.305335,
        0.569597 -0.069597 -0.305335,
        0.549213 -0.085239 -0.305335,
        0.525474 -0.095071 -0.305335,
        0.500000 -0.098425 -0.305335,
        0.474526 -0.095071 -0.305335,
        0.450787 -0.085239 -0.305335,
        0.430403 -0.069597 -0.305335,
        0.414761 -0.049213 -0.305335,
        0.404929 -0.025474 -0.305335,
        0.401575 0.000000 -0.305335,
        0.404929 0.025474 -0.305335,
        0.414761 0.049213 -0.305335,
        0.430403 0.069597 -0.305335,
        0.450787 0.085239 -0.305335,
        0.474526 0.095071 -0.305335,
        0.500000 0.098425 -0.305335,
        0.525474 0.095071 -0.305335,
        0.549213 0.085239 -0.305335,
        0.569597 0.069597 -0.305335,
        0.585239 0.049213 -0.305335,
        0.595072 0.025474 -0.305335,
        0.595072 0.025474 -1.968504,
        0.585239 0.049213 -1.968504,
        0.569597 0.069597 -1.968504,
        0.549213 0.085239 -1.968504,
        0.525474 0.095071 -1.968504,
        0.500000 0.098425 -1.968504,
        0.474526 0.095071 -1.968504,
        0.450787 0.085239 -1.968504,
        0.430403 0.069597 -1.968504,
        0.414761 0.049213 -1.968504,
        0.404929 0.025474 -1.968504,
        0.401575 0.000000 -1.968504,
        0.404929 -0.025474 -1.968504,
        0.414761 -0.049213 -1.968504,
        0.430403 -0.069597 -1.968504,
        0.450787 -0.085239 -1.968504,
        0.474526 -0.095071 -1.968504,
        0.500000 -0.098425 -1.968504,
        0.525474 -0.095071 -1.968504,
        0.549213 -0.085239 -1.968504,
        0.569597 -0.069597 -1.968504,
        0.585239 -0.049213 -1.968504,
        0.595072 -0.025474 -1.968504,
        0.598425 0.000000 -1.968504,
        0.500000 0.000000 -1.968504,
      ]
    }
    coordIndex [
      36, 35, 124, -1,
      125, 60, 126, -1,
      126, 60, 59, -1,
      126, 59, 58, -1,
      2, 127, 3, -1,
      3, 127, 126, -1,
      3, 126, 57, -1,
      57, 126, 58, -1,
      7, 128, 8, -1,
      8, 128, 127, -1,
      8, 127, 9, -1,
      9, 127, 2, -1,
      7, 6, 128, -1,
      128, 6, 5, -1,
      128, 5, 129, -1,
      11, 130, 10, -1,
      10, 130, 129, -1,
      10, 129, 4, -1,
      4, 129, 5, -1,
      11, 12, 130, -1,
      130, 12, 13, -1,
      130, 13, 131, -1,
      15, 132, 16, -1,
      16, 132, 131, -1,
      16, 131, 17, -1,
      17, 131, 13, -1,
      15, 14, 132, -1,
      132, 14, 20, -1,
      132, 20, 133, -1,
      20, 19, 133, -1,
      133, 19, 18, -1,
      133, 18, 134, -1,
      18, 21, 134, -1,
      134, 21, 24, -1,
      134, 24, 135, -1,
      24, 23, 135, -1,
      135, 23, 22, -1,
      135, 22, 136, -1,
      27, 137, 26, -1,
      26, 137, 136, -1,
      26, 136, 25, -1,
      25, 136, 22, -1,
      27, 28, 137, -1,
      137, 28, 29, -1,
      137, 29, 138, -1,
      138, 29, 31, -1,
      138, 31, 124, -1,
      124, 31, 30, -1,
      124, 30, 36, -1,
      35, 34, 124, -1,
      124, 34, 33, -1,
      124, 33, 139, -1,
      38, 140, 37, -1,
      37, 140, 139, -1,
      37, 139, 32, -1,
      32, 139, 33, -1,
      38, 39, 140, -1,
      140, 39, 40, -1,
      140, 40, 141, -1,
      44, 142, 45, -1,
      45, 142, 141, -1,
      45, 141, 46, -1,
      46, 141, 40, -1,
      41, 143, 42, -1,
      42, 143, 142, -1,
      42, 142, 43, -1,
      43, 142, 44, -1,
      41, 1, 143, -1,
      143, 1, 0, -1,
      143, 0, 144, -1,
      50, 145, 51, -1,
      51, 145, 144, -1,
      51, 144, 52, -1,
      52, 144, 0, -1,
      50, 49, 145, -1,
      145, 49, 48, -1,
      145, 48, 146, -1,
      54, 147, 53, -1,
      53, 147, 146, -1,
      53, 146, 47, -1,
      47, 146, 48, -1,
      54, 55, 147, -1,
      147, 55, 56, -1,
      147, 56, 125, -1,
      125, 56, 61, -1,
      125, 61, 60, -1,
      125, 148, 147, -1,
      147, 148, 149, -1,
      147, 149, 146, -1,
      146, 149, 150, -1,
      146, 150, 145, -1,
      145, 150, 151, -1,
      145, 151, 144, -1,
      144, 151, 152, -1,
      144, 152, 143, -1,
      143, 152, 153, -1,
      143, 153, 142, -1,
      142, 153, 154, -1,
      142, 154, 141, -1,
      141, 154, 155, -1,
      141, 155, 140, -1,
      140, 155, 156, -1,
      140, 156, 139, -1,
      139, 156, 157, -1,
      139, 157, 124, -1,
      124, 157, 158, -1,
      124, 158, 138, -1,
      138, 158, 159, -1,
      138, 159, 137, -1,
      137, 159, 160, -1,
      137, 160, 136, -1,
      136, 160, 161, -1,
      136, 161, 135, -1,
      135, 161, 162, -1,
      135, 162, 134, -1,
      134, 162, 163, -1,
      134, 163, 133, -1,
      133, 163, 164, -1,
      133, 164, 132, -1,
      132, 164, 165, -1,
      132, 165, 131, -1,
      131, 165, 166, -1,
      131, 166, 130, -1,
      130, 166, 167, -1,
      130, 167, 129, -1,
      129, 167, 168, -1,
      129, 168, 128, -1,
      128, 168, 169, -1,
      128, 169, 127, -1,
      127, 169, 170, -1,
      127, 170, 126, -1,
      126, 170, 171, -1,
      126, 171, 125, -1,
      125, 171, 148, -1,
      149, 148, 172, -1,
      172, 148, 171, -1,
      172, 171, 170, -1,
      152, 151, 172, -1,
      172, 151, 150, -1,
      172, 150, 149, -1,
      155, 154, 172, -1,
      172, 154, 153, -1,
      172, 153, 152, -1,
      158, 157, 172, -1,
      172, 157, 156, -1,
      172, 156, 155, -1,
      161, 160, 172, -1,
      172, 160, 159, -1,
      172, 159, 158, -1,
      164, 163, 172, -1,
      172, 163, 162, -1,
      172, 162, 161, -1,
      167, 166, 172, -1,
      172, 166, 165, -1,
      172, 165, 164, -1,
      170, 169, 172, -1,
      172, 169, 168, -1,
      172, 168, 167, -1,
      98, 97, 173, -1,
      174, 90, 91, -1,
      174, 91, 175, -1,
      175, 91, 93, -1,
      175, 93, 173, -1,
      173, 93, 92, -1,
      173, 92, 98, -1,
      97, 96, 173, -1,
      173, 96, 95, -1,
      173, 95, 176, -1,
      100, 177, 99, -1,
      99, 177, 176, -1,
      99, 176, 94, -1,
      94, 176, 95, -1,
      100, 101, 177, -1,
      177, 101, 102, -1,
      177, 102, 178, -1,
      106, 179, 107, -1,
      107, 179, 178, -1,
      107, 178, 108, -1,
      108, 178, 102, -1,
      103, 180, 104, -1,
      104, 180, 179, -1,
      104, 179, 105, -1,
      105, 179, 106, -1,
      103, 63, 180, -1,
      180, 63, 62, -1,
      180, 62, 181, -1,
      112, 182, 113, -1,
      113, 182, 181, -1,
      113, 181, 114, -1,
      114, 181, 62, -1,
      112, 111, 182, -1,
      182, 111, 110, -1,
      182, 110, 183, -1,
      116, 184, 115, -1,
      115, 184, 183, -1,
      115, 183, 109, -1,
      109, 183, 110, -1,
      116, 117, 184, -1,
      184, 117, 118, -1,
      184, 118, 185, -1,
      118, 123, 185, -1,
      185, 123, 122, -1,
      185, 122, 186, -1,
      186, 122, 121, -1,
      186, 121, 120, -1,
      64, 187, 65, -1,
      65, 187, 186, -1,
      65, 186, 119, -1,
      119, 186, 120, -1,
      69, 188, 70, -1,
      70, 188, 187, -1,
      70, 187, 71, -1,
      71, 187, 64, -1,
      69, 68, 188, -1,
      188, 68, 67, -1,
      188, 67, 189, -1,
      73, 190, 72, -1,
      72, 190, 189, -1,
      72, 189, 66, -1,
      66, 189, 67, -1,
      73, 74, 190, -1,
      190, 74, 75, -1,
      190, 75, 191, -1,
      77, 192, 78, -1,
      78, 192, 191, -1,
      78, 191, 79, -1,
      79, 191, 75, -1,
      77, 76, 192, -1,
      192, 76, 82, -1,
      192, 82, 193, -1,
      82, 81, 193, -1,
      193, 81, 80, -1,
      193, 80, 194, -1,
      80, 83, 194, -1,
      194, 83, 86, -1,
      194, 86, 195, -1,
      86, 85, 195, -1,
      195, 85, 84, -1,
      195, 84, 196, -1,
      84, 87, 196, -1,
      196, 87, 88, -1,
      196, 88, 174, -1,
      174, 88, 89, -1,
      174, 89, 90, -1,
      174, 197, 196, -1,
      196, 197, 198, -1,
      196, 198, 195, -1,
      195, 198, 199, -1,
      195, 199, 194, -1,
      194, 199, 200, -1,
      194, 200, 193, -1,
      193, 200, 201, -1,
      193, 201, 192, -1,
      192, 201, 202, -1,
      192, 202, 191, -1,
      191, 202, 203, -1,
      191, 203, 190, -1,
      190, 203, 204, -1,
      190, 204, 189, -1,
      189, 204, 205, -1,
      189, 205, 188, -1,
      188, 205, 206, -1,
      188, 206, 187, -1,
      187, 206, 207, -1,
      187, 207, 186, -1,
      186, 207, 208, -1,
      186, 208, 185, -1,
      185, 208, 209, -1,
      185, 209, 184, -1,
      184, 209, 210, -1,
      184, 210, 183, -1,
      183, 210, 211, -1,
      183, 211, 182, -1,
      182, 211, 212, -1,
      182, 212, 181, -1,
      181, 212, 213, -1,
      181, 213, 180, -1,
      180, 213, 214, -1,
      180, 214, 179, -1,
      179, 214, 215, -1,
      179, 215, 178, -1,
      178, 215, 216, -1,
      178, 216, 177, -1,
      177, 216, 217, -1,
      177, 217, 176, -1,
      176, 217, 218, -1,
      176, 218, 173, -1,
      173, 218, 219, -1,
      173, 219, 175, -1,
      175, 219, 220, -1,
      175, 220, 174, -1,
      174, 220, 197, -1,
      210, 209, 221, -1,
      221, 209, 208, -1,
      221, 208, 207, -1,
      213, 212, 221, -1,
      221, 212, 211, -1,
      221, 211, 210, -1,
      216, 215, 221, -1,
      221, 215, 214, -1,
      221, 214, 213, -1,
      219, 218, 221, -1,
      221, 218, 217, -1,
      221, 217, 216, -1,
      198, 197, 221, -1,
      221, 197, 220, -1,
      221, 220, 219, -1,
      201, 200, 221, -1,
      221, 200, 199, -1,
      221, 199, 198, -1,
      204, 203, 221, -1,
      221, 203, 202, -1,
      221, 202, 201, -1,
      207, 206, 221, -1,
      221, 206, 205, -1,
      221, 205, 204, -1,
    ]
  }
}

Shape {
  appearance Appearance {
    material Material {
      diffuseColor 0.7137 0.5294 0.2980
      specularColor 0.8902 0.6627 0.3725
      ambientIntensity 0.2
      transparency 0.0000
      shininess 0.5
    }
  }
  geometry IndexedFaceSet {
    ccw TRUE
    solid FALSE
    coord DEF co Coordinate {
      point [
        0.166826 0.551181 1.124873,
        -0.068089 0.551181 0.991139,
        -0.243695 0.551181 0.834948,
        -0.261330 0.551181 0.818008,
        -0.163172 0.551181 0.910143,
        0.504386 0.499768 0.844689,
        0.505204 0.499538 0.848601,
        0.511985 0.497636 0.881043,
        0.515807 0.496081 0.905512,
        0.494402 0.501642 0.807791,
        0.489741 0.502220 0.793767,
        0.482024 0.503178 0.770546,
        0.470318 0.504076 0.740952,
        0.447034 0.505006 0.690244,
        0.450003 0.504987 0.695795,
        0.467239 0.504311 0.733169,
        0.427461 0.505131 0.653652,
        0.420037 0.504963 0.641580,
        0.403533 0.504590 0.614744,
        0.389602 0.503926 0.594771,
        0.318526 0.498411 0.506079,
        0.348352 0.501298 0.540280,
        0.355751 0.501820 0.549691,
        0.377124 0.503331 0.576881,
        0.277459 0.493178 0.463698,
        0.277552 0.493192 0.463790,
        0.285841 0.494399 0.472019,
        0.317834 0.498344 0.505285,
        0.192731 0.471493 0.378589,
        0.205235 0.475260 0.390493,
        0.218153 0.479152 0.402792,
        0.229460 0.482494 0.414426,
        0.234097 0.483691 0.419257,
        0.253017 0.488574 0.438975,
        0.131300 0.452242 0.329865,
        0.153064 0.459218 0.345641,
        0.186322 0.469535 0.372963,
        0.180637 0.467799 0.367974,
        0.079980 0.435071 0.297085,
        0.094674 0.440156 0.305588,
        0.124383 0.450024 0.324850,
        0.063972 0.429531 0.287822,
        0.069191 0.431337 0.290842,
        -0.000000 0.405621 0.256729,
        0.032354 0.418052 0.271534,
        0.085535 0.041657 0.084762,
        0.083724 0.019355 0.083332,
        0.083169 0.000000 0.082934,
        0.109733 0.138274 0.103842,
        0.102377 0.118673 0.098132,
        0.096187 0.098352 0.093261,
        0.092934 0.085397 0.090678,
        0.091900 0.080217 0.089852,
        0.158654 0.217958 0.139932,
        0.151772 0.209498 0.135007,
        0.146294 0.202764 0.131088,
        0.134968 0.186578 0.122831,
        0.128017 0.175282 0.117687,
        0.118269 0.157145 0.110364,
        0.111264 0.141659 0.105012,
        0.172515 0.232569 0.149658,
        0.172061 0.232155 0.149345,
        0.186541 0.245344 0.159319,
        0.197926 0.254408 0.167030,
        0.213691 0.265348 0.177531,
        0.265813 0.291015 0.210955,
        0.247631 0.283663 0.199506,
        0.247148 0.283425 0.199196,
        0.230259 0.275102 0.188361,
        0.228083 0.273820 0.186939,
        0.320660 0.304743 0.244298,
        0.318921 0.304427 0.243259,
        0.301245 0.301219 0.232689,
        0.282273 0.296394 0.221143,
        0.390299 0.306520 0.284362,
        0.377341 0.307534 0.277099,
        0.360729 0.307830 0.267647,
        0.340497 0.306955 0.255957,
        0.457906 0.293109 0.321181,
        0.437924 0.298750 0.310511,
        0.417800 0.303025 0.299593,
        0.397594 0.305950 0.288450,
        0.505355 0.273817 0.346154,
        0.493828 0.279433 0.340121,
        0.472887 0.287962 0.329102,
        0.463600 0.291153 0.324191,
        0.514144 0.269534 0.350754,
        0.534199 0.258001 0.361195,
        0.594353 0.209497 0.392260,
        0.586606 0.217422 0.388271,
        0.570088 0.232126 0.379761,
        0.552613 0.245654 0.370738,
        0.540886 0.253517 0.364661,
        0.602138 0.201535 0.396268,
        0.617389 0.183502 0.404135,
        0.644953 0.141656 0.418513,
        0.641906 0.147339 0.416898,
        0.630274 0.165840 0.410815,
        0.624268 0.174073 0.407701,
        0.673559 0.071428 0.434280,
        0.669170 0.086548 0.431694,
        0.661331 0.107867 0.427304,
        0.652268 0.128013 0.422393,
        0.683154 0.022215 0.440634,
        0.679943 0.044061 0.438269,
        0.675277 0.065510 0.435291,
        0.684883 0.000000 0.442385,
        0.090144 0.071425 0.088449,
        0.088599 0.063686 0.087214,
        -0.192731 -0.471493 0.378589,
        -0.205235 -0.475260 0.390493,
        -0.218153 -0.479152 0.402792,
        -0.131300 -0.452242 0.329865,
        -0.153064 -0.459218 0.345641,
        -0.186322 -0.469535 0.372963,
        -0.180637 -0.467799 0.367974,
        -0.079980 -0.435071 0.297085,
        -0.094674 -0.440156 0.305588,
        -0.124383 -0.450024 0.324850,
        -0.063972 -0.429531 0.287822,
        -0.069191 -0.431337 0.290842,
        -0.000000 -0.405621 0.256729,
        -0.032354 -0.418052 0.271534,
        -0.085535 -0.041657 0.084762,
        -0.083724 -0.019355 0.083332,
        -0.083169 0.000000 0.082934,
        -0.109733 -0.138274 0.103842,
        -0.102377 -0.118673 0.098132,
        -0.096187 -0.098352 0.093261,
        -0.092934 -0.085397 0.090678,
        -0.091900 -0.080217 0.089852,
        -0.158654 -0.217958 0.139932,
        -0.151772 -0.209498 0.135007,
        -0.146294 -0.202764 0.131088,
        -0.134968 -0.186578 0.122831,
        -0.128017 -0.175282 0.117687,
        -0.118269 -0.157145 0.110364,
        -0.111264 -0.141659 0.105012,
        -0.172515 -0.232569 0.149658,
        -0.172061 -0.232155 0.149345,
        -0.186541 -0.245344 0.159319,
        -0.197926 -0.254408 0.167030,
        -0.213691 -0.265348 0.177531,
        -0.265813 -0.291015 0.210955,
        -0.247631 -0.283663 0.199506,
        -0.247148 -0.283425 0.199196,
        -0.230259 -0.275102 0.188361,
        -0.228083 -0.273820 0.186939,
        -0.320660 -0.304743 0.244298,
        -0.318921 -0.304427 0.243259,
        -0.301245 -0.301219 0.232689,
        -0.282273 -0.296394 0.221143,
        -0.390299 -0.306520 0.284362,
        -0.377341 -0.307534 0.277099,
        -0.360729 -0.307830 0.267647,
        -0.340497 -0.306955 0.255957,
        -0.457906 -0.293109 0.321181,
        -0.437924 -0.298750 0.310511,
        -0.417800 -0.303025 0.299593,
        -0.397594 -0.305950 0.288450,
        -0.505355 -0.273817 0.346154,
        -0.493828 -0.279433 0.340121,
        -0.472887 -0.287962 0.329102,
        -0.463600 -0.291153 0.324191,
        -0.514144 -0.269534 0.350754,
        -0.534199 -0.258001 0.361195,
        -0.594353 -0.209497 0.392260,
        -0.586606 -0.217422 0.388271,
        -0.570088 -0.232126 0.379761,
        -0.552613 -0.245654 0.370738,
        -0.540886 -0.253517 0.364661,
        -0.602138 -0.201535 0.396268,
        -0.617389 -0.183502 0.404135,
        -0.644953 -0.141656 0.418513,
        -0.641906 -0.147339 0.416898,
        -0.630274 -0.165840 0.410815,
        -0.624268 -0.174073 0.407701,
        -0.673559 -0.071428 0.434280,
        -0.669170 -0.086548 0.431694,
        -0.661331 -0.107867 0.427304,
        -0.652268 -0.128013 0.422393,
        -0.683154 -0.022215 0.440634,
        -0.679943 -0.044061 0.438269,
        -0.675277 -0.065510 0.435291,
        -0.504386 -0.499768 0.844689,
        -0.505204 -0.499538 0.848601,
        -0.511985 -0.497636 0.881043,
        -0.515807 -0.496081 0.905512,
        -0.494402 -0.501642 0.807791,
        -0.489741 -0.502220 0.793767,
        -0.482024 -0.503178 0.770546,
        -0.470318 -0.504076 0.740952,
        -0.447034 -0.505006 0.690244,
        -0.450003 -0.504987 0.695795,
        -0.467239 -0.504311 0.733169,
        -0.427461 -0.505131 0.653652,
        -0.420037 -0.504963 0.641580,
        -0.403533 -0.504590 0.614744,
        -0.389602 -0.503926 0.594771,
        -0.318526 -0.498411 0.506079,
        -0.348352 -0.501298 0.540280,
        -0.355751 -0.501820 0.549691,
        -0.377124 -0.503331 0.576881,
        -0.277459 -0.493178 0.463698,
        -0.277552 -0.493192 0.463790,
        -0.285841 -0.494399 0.472019,
        -0.317834 -0.498344 0.505285,
        -0.229460 -0.482494 0.414426,
        -0.234097 -0.483691 0.419257,
        -0.253017 -0.488574 0.438975,
        -0.684883 0.000000 0.442385,
        -0.090144 -0.071425 0.088449,
        -0.088599 -0.063686 0.087214,
        -0.166826 -0.551181 1.124873,
        -0.130926 -0.551181 1.111097,
        -0.089314 -0.551181 1.091913,
        -0.045980 -0.551181 1.068480,
        -0.000882 -0.551181 1.040550,
        0.045772 -0.551181 1.008007,
        0.068089 -0.551181 0.991139,
        0.118961 -0.551181 0.949667,
        0.163172 -0.551181 0.910143,
        0.261330 -0.551181 0.818008,
        0.252570 -0.551181 0.826539,
        0.243695 -0.551181 0.834948,
        0.281552 -0.550359 0.786479,
        0.284993 -0.549931 0.781484,
        0.321176 -0.543728 0.730165,
        0.328052 -0.541663 0.720790,
        0.684786 -0.030665 0.443767,
        0.682898 -0.053194 0.444043,
        0.680045 -0.071936 0.443766,
        0.684963 -0.026613 0.443652,
        0.685041 -0.004252 0.442647,
        0.660279 -0.141646 0.439398,
        0.667922 -0.120659 0.441288,
        0.674500 -0.098141 0.442787,
        0.679476 -0.075674 0.443711,
        0.633559 -0.196984 0.432978,
        0.646746 -0.172178 0.436020,
        0.657903 -0.147635 0.438802,
        0.659720 -0.143178 0.439260,
        0.659912 -0.142654 0.439307,
        0.582370 -0.275541 0.428449,
        0.588715 -0.266428 0.427880,
        0.603200 -0.245173 0.428143,
        0.618844 -0.221340 0.430096,
        0.625167 -0.210875 0.431334,
        0.538955 -0.338804 0.442782,
        0.541173 -0.335503 0.441563,
        0.549663 -0.322868 0.436897,
        0.560738 -0.306679 0.432539,
        0.572377 -0.289891 0.429606,
        0.575641 -0.285206 0.429054,
        0.511033 -0.381442 0.466880,
        0.517801 -0.371059 0.459872,
        0.528366 -0.354850 0.450398,
        0.475004 -0.433442 0.513189,
        0.487404 -0.416485 0.495975,
        0.499367 -0.399081 0.480466,
        0.505608 -0.389645 0.473198,
        0.448369 -0.465320 0.551920,
        0.462034 -0.449771 0.531897,
        0.472029 -0.437188 0.517481,
        0.398326 -0.508684 0.624261,
        0.413648 -0.497542 0.602487,
        0.430010 -0.483597 0.578807,
        0.436548 -0.477163 0.569238,
        0.445774 -0.468083 0.555732,
        0.360489 -0.529974 0.676636,
        0.378911 -0.520732 0.651362,
        0.396630 -0.509918 0.626672,
        0.340482 -0.537930 0.703844,
        0.354835 -0.532223 0.684325,
        0.301520 -0.547873 0.757500,
        0.309082 -0.546278 0.746983,
        0.397640 -0.509183 0.625236,
        0.033525 -0.391830 0.243122,
        0.114502 -0.352211 0.215670,
        0.097337 -0.361809 0.221002,
        0.066111 -0.377271 0.231325,
        0.064793 -0.377860 0.231802,
        0.127434 -0.344979 0.211654,
        0.135176 -0.340062 0.209290,
        0.167258 -0.318067 0.199309,
        0.148637 -0.331513 0.205180,
        0.197393 -0.290265 0.188064,
        0.192339 -0.295889 0.190306,
        0.181960 -0.305843 0.194287,
        0.185597 -0.247233 0.160056,
        0.200656 -0.259037 0.170293,
        0.213544 -0.267794 0.178897,
        0.212293 -0.270067 0.179854,
        0.207847 -0.277173 0.182796,
        0.200922 -0.286339 0.186498,
        0.140591 -0.197911 0.128108,
        0.149595 -0.209758 0.134667,
        0.152474 -0.213546 0.136764,
        0.158060 -0.220140 0.140774,
        0.160494 -0.222719 0.142496,
        0.171391 -0.234269 0.150206,
        0.103897 -0.126388 0.100100,
        0.111452 -0.145609 0.106052,
        0.113940 -0.150888 0.107975,
        0.120089 -0.163937 0.112728,
        0.129800 -0.181372 0.120089,
        0.090388 -0.076169 0.089125,
        0.092549 -0.087192 0.090921,
        0.097912 -0.107898 0.095299,
        0.083693 -0.022367 0.083443,
        0.085442 -0.044384 0.084967,
        0.088396 -0.066007 0.087469,
        -0.517220 -0.489520 1.016090,
        -0.515977 -0.489323 1.023283,
        -0.175859 -0.551031 1.125507,
        -0.223883 -0.549503 1.128849,
        -0.204452 -0.550557 1.127515,
        -0.263901 -0.546380 1.131406,
        -0.239881 -0.548635 1.129947,
        -0.270723 -0.545739 1.131820,
        -0.285021 -0.543815 1.132463,
        -0.349192 -0.532695 1.133704,
        -0.322951 -0.537988 1.133751,
        -0.302479 -0.541465 1.133249,
        -0.362550 -0.529541 1.133148,
        -0.350517 -0.532382 1.133649,
        -0.430419 -0.510778 1.124071,
        -0.415658 -0.515292 1.127517,
        -0.399252 -0.520074 1.130206,
        -0.374063 -0.526823 1.132669,
        -0.496094 -0.491219 1.079100,
        -0.493188 -0.491864 1.083516,
        -0.490242 -0.492578 1.087443,
        -0.487955 -0.493161 1.090226,
        -0.485569 -0.493793 1.092916,
        -0.483073 -0.494474 1.095518,
        -0.480436 -0.495217 1.098061,
        -0.474756 -0.496875 1.102916,
        -0.473140 -0.497359 1.104162,
        -0.466032 -0.499535 1.109048,
        -0.458028 -0.502046 1.113590,
        -0.449132 -0.504871 1.117711,
        -0.444451 -0.506359 1.119544,
        -0.443607 -0.506627 1.119874,
        -0.435411 -0.509206 1.122483,
        -0.514916 -0.489155 1.029416,
        -0.512051 -0.489045 1.041595,
        -0.508735 -0.489197 1.052459,
        -0.504941 -0.489612 1.062333,
        -0.501111 -0.490215 1.070469,
        -0.499254 -0.490559 1.073919,
        -0.497295 -0.490952 1.077274,
        -0.520259 -0.492247 0.964134,
        -0.520288 -0.492204 0.964792,
        -0.520315 -0.491948 0.968901,
        -0.519724 -0.490673 0.990765,
        -0.517898 -0.489709 1.011055,
        -0.518997 -0.494089 0.935782,
        -0.281552 0.550359 0.786479,
        -0.284993 0.549931 0.781484,
        -0.321176 0.543728 0.730165,
        -0.328052 0.541663 0.720790,
        -0.684786 0.030665 0.443767,
        -0.682898 0.053194 0.444043,
        -0.680045 0.071936 0.443766,
        -0.684963 0.026613 0.443652,
        -0.685041 0.004252 0.442647,
        -0.660279 0.141646 0.439398,
        -0.667922 0.120659 0.441288,
        -0.674500 0.098141 0.442787,
        -0.679476 0.075674 0.443711,
        -0.633559 0.196984 0.432978,
        -0.646746 0.172178 0.436020,
        -0.657903 0.147635 0.438802,
        -0.659720 0.143178 0.439260,
        -0.659912 0.142654 0.439307,
        -0.582370 0.275541 0.428449,
        -0.588715 0.266428 0.427880,
        -0.603200 0.245173 0.428143,
        -0.618844 0.221340 0.430096,
        -0.625167 0.210875 0.431334,
        -0.538955 0.338804 0.442782,
        -0.541173 0.335503 0.441563,
        -0.549663 0.322868 0.436897,
        -0.560738 0.306679 0.432539,
        -0.572377 0.289891 0.429606,
        -0.575641 0.285206 0.429054,
        -0.511033 0.381442 0.466880,
        -0.517801 0.371059 0.459872,
        -0.528366 0.354850 0.450398,
        -0.475004 0.433442 0.513189,
        -0.487404 0.416485 0.495975,
        -0.499367 0.399081 0.480466,
        -0.505608 0.389645 0.473198,
        -0.448369 0.465320 0.551920,
        -0.462034 0.449771 0.531897,
        -0.472029 0.437188 0.517481,
        -0.398326 0.508684 0.624261,
        -0.413648 0.497542 0.602487,
        -0.430010 0.483597 0.578807,
        -0.436548 0.477163 0.569238,
        -0.445774 0.468083 0.555732,
        -0.360489 0.529974 0.676636,
        -0.378911 0.520732 0.651362,
        -0.396630 0.509918 0.626672,
        -0.340482 0.537930 0.703844,
        -0.354835 0.532223 0.684325,
        -0.301520 0.547873 0.757500,
        -0.309082 0.546278 0.746983,
        -0.397640 0.509183 0.625236,
        -0.033525 0.391830 0.243122,
        -0.114502 0.352211 0.215670,
        -0.097337 0.361809 0.221002,
        -0.066111 0.377271 0.231325,
        -0.064793 0.377860 0.231802,
        -0.127434 0.344979 0.211654,
        -0.135176 0.340062 0.209290,
        -0.167258 0.318067 0.199309,
        -0.148637 0.331513 0.205180,
        -0.197393 0.290265 0.188064,
        -0.192339 0.295889 0.190306,
        -0.181960 0.305843 0.194287,
        -0.185597 0.247233 0.160056,
        -0.200656 0.259037 0.170293,
        -0.213544 0.267794 0.178897,
        -0.212293 0.270067 0.179854,
        -0.207847 0.277173 0.182796,
        -0.200922 0.286339 0.186498,
        -0.140591 0.197911 0.128108,
        -0.149595 0.209758 0.134667,
        -0.152474 0.213546 0.136764,
        -0.158060 0.220140 0.140774,
        -0.160494 0.222719 0.142496,
        -0.171391 0.234269 0.150206,
        -0.103897 0.126388 0.100100,
        -0.111452 0.145609 0.106052,
        -0.113940 0.150888 0.107975,
        -0.120089 0.163937 0.112728,
        -0.129800 0.181372 0.120089,
        -0.090388 0.076169 0.089125,
        -0.092549 0.087192 0.090921,
        -0.097912 0.107898 0.095299,
        -0.083693 0.022367 0.083443,
        -0.085442 0.044384 0.084967,
        -0.088396 0.066007 0.087469,
        0.518136 0.489789 1.009096,
        0.515882 0.489268 1.024370,
        0.175859 0.551031 1.125507,
        0.223883 0.549503 1.128849,
        0.204452 0.550557 1.127515,
        0.263901 0.546380 1.131406,
        0.239881 0.548635 1.129947,
        0.270723 0.545739 1.131820,
        0.285021 0.543815 1.132463,
        0.349192 0.532695 1.133704,
        0.322951 0.537988 1.133751,
        0.302479 0.541465 1.133249,
        0.362550 0.529541 1.133148,
        0.350517 0.532382 1.133649,
        0.430419 0.510778 1.124071,
        0.415658 0.515292 1.127517,
        0.399252 0.520074 1.130206,
        0.374063 0.526823 1.132669,
        0.494507 0.491560 1.081617,
        0.490094 0.492615 1.087630,
        0.487777 0.493207 1.090434,
        0.485376 0.493844 1.093124,
        0.482918 0.494518 1.095674,
        0.480385 0.495231 1.098108,
        0.474756 0.496875 1.102916,
        0.473140 0.497359 1.104162,
        0.466032 0.499535 1.109048,
        0.458028 0.502046 1.113590,
        0.449132 0.504871 1.117711,
        0.444451 0.506359 1.119544,
        0.443607 0.506627 1.119874,
        0.435411 0.509206 1.122483,
        0.503946 0.489753 1.064596,
        0.500189 0.490382 1.072217,
        0.512909 0.489050 1.038291,
        0.510605 0.489082 1.046659,
        0.507430 0.489315 1.056105,
        0.496157 0.491194 1.079104,
        0.496146 0.491196 1.079121,
        0.520144 0.492659 0.957640,
        0.520142 0.492260 0.964130,
        0.520136 0.491198 0.981388,
        0.518765 0.490047 1.003240,
        0.518713 0.494326 0.932201,
        0.147190 0.627473 0.554437,
        0.113531 0.625426 0.521179,
        0.158593 0.628015 0.565581,
        0.080378 0.622724 0.487915,
        -0.063180 0.653252 0.641644,
        0.017342 0.653252 0.716839,
        -0.293441 0.390729 0.246085,
        -0.297811 0.385127 0.243700,
        -0.434094 0.255833 0.184683,
        -0.445591 0.258669 0.189750,
        -0.452933 0.236981 0.174274,
        -0.455341 0.228160 0.166943,
        -0.577996 -0.105941 0.064558,
        -0.579069 -0.104868 0.065723,
        -0.580142 -0.103796 0.066886,
        -0.615602 -0.047478 0.111863,
        -0.618648 -0.037748 0.117756,
        -0.624431 -0.004674 0.136150,
        -0.624590 -0.001023 0.138065,
        -0.624598 -0.000825 0.138169,
        -0.623159 0.035298 0.156854,
        -0.623007 0.036219 0.157331,
        -0.614189 0.075076 0.177874,
        -0.612283 0.080690 0.180990,
        -0.566343 0.180085 0.237344,
        -0.561990 0.187937 0.241511,
        -0.388744 0.457776 0.371207,
        -0.372386 0.478000 0.383683,
        -0.075720 0.653022 0.629948,
        -0.069367 0.653192 0.635872,
        -0.120375 0.647659 0.589454,
        -0.118928 0.647926 0.590738,
        -0.104397 0.650613 0.603628,
        -0.091185 0.651722 0.615754,
        -0.173977 0.632236 0.543233,
        -0.132067 0.645497 0.579082,
        -0.146543 0.641414 0.566600,
        -0.158775 0.637963 0.556052,
        -0.227826 0.606150 0.498659,
        -0.211125 0.615672 0.512304,
        -0.201105 0.620416 0.520603,
        -0.184575 0.628243 0.534295,
        -0.269086 0.578548 0.465262,
        -0.259306 0.585973 0.473124,
        -0.235606 0.601715 0.492302,
        -0.356346 0.496672 0.396093,
        -0.350870 0.502980 0.400339,
        -0.331056 0.524054 0.415896,
        -0.327857 0.527286 0.418422,
        -0.327338 0.527811 0.418831,
        -0.370066 0.480868 0.385452,
        -0.305036 0.549059 0.436514,
        -0.406984 0.433794 0.357589,
        -0.413267 0.425091 0.353009,
        -0.466677 0.347080 0.315157,
        -0.451100 0.370733 0.325981,
        -0.435154 0.394261 0.337202,
        -0.424836 0.409064 0.344578,
        -0.496831 0.299558 0.294223,
        -0.486068 0.316723 0.301725,
        -0.481818 0.323502 0.304688,
        -0.511952 0.274849 0.283405,
        -0.516103 0.267957 0.280349,
        -0.518496 0.263942 0.278535,
        -0.548220 0.212746 0.254622,
        -0.531891 0.241325 0.268360,
        -0.524720 0.253500 0.273819,
        -0.575378 0.163103 0.228095,
        -0.592136 0.129909 0.209238,
        -0.588314 0.137678 0.213770,
        -0.581796 0.150930 0.221501,
        -0.600726 0.110903 0.198134,
        -0.596373 0.120535 0.203761,
        -0.609146 0.089931 0.186118,
        -0.602780 0.106135 0.195367,
        -0.601339 0.109547 0.197342,
        -0.614398 0.074335 0.177474,
        -0.621655 0.044450 0.161596,
        -0.621069 0.048017 0.163445,
        -0.618111 0.061208 0.170394,
        -0.623447 0.033054 0.155698,
        -0.624929 0.006756 0.142143,
        -0.624704 0.018569 0.148249,
        -0.624576 0.020856 0.149426,
        -0.621387 -0.026514 0.124246,
        -0.623243 -0.015755 0.130205,
        -0.618780 -0.037327 0.118011,
        -0.603888 -0.073027 0.094483,
        -0.607539 -0.066399 0.099348,
        -0.611846 -0.057165 0.105656,
        -0.612695 -0.054975 0.107059,
        -0.584680 -0.099260 0.071807,
        -0.590994 -0.091993 0.078860,
        -0.593102 -0.089194 0.081315,
        -0.596917 -0.084129 0.085758,
        -0.602699 -0.075185 0.092898,
        -0.563316 -0.117733 0.049013,
        -0.565190 -0.116336 0.050989,
        -0.570961 -0.112037 0.057071,
        -0.542008 -0.129404 0.026427,
        -0.547665 -0.126850 0.032483,
        -0.548561 -0.126373 0.033432,
        -0.555595 -0.122627 0.040885,
        -0.494468 0.143784 0.048096,
        -0.495193 0.143438 0.045919,
        -0.486672 0.150626 0.071592,
        -0.488403 0.148976 0.066372,
        -0.490901 0.146597 0.058843,
        -0.493234 0.144374 0.051807,
        -0.484446 0.152747 0.078305,
        -0.483000 0.155052 0.082707,
        -0.478134 0.162808 0.097522,
        -0.478681 0.161936 0.095856,
        -0.482598 0.155693 0.083932,
        -0.473643 0.172470 0.111187,
        -0.477232 0.164246 0.100268,
        -0.465452 0.193963 0.136136,
        -0.469656 0.181603 0.123314,
        -0.471422 0.177558 0.117943,
        -0.458697 0.215861 0.156722,
        -0.461516 0.205534 0.148139,
        -0.447575 0.259158 0.190625,
        -0.448613 0.254863 0.187458,
        -0.432552 0.255453 0.184003,
        -0.411737 0.252160 0.179938,
        -0.418450 0.252522 0.180350,
        -0.418655 0.252534 0.180362,
        -0.429985 0.254913 0.183330,
        -0.408829 0.252003 0.179759,
        -0.399966 0.253059 0.180669,
        -0.388330 0.256498 0.183403,
        -0.389616 0.256086 0.183076,
        -0.398517 0.253232 0.180818,
        -0.399596 0.253104 0.180707,
        -0.361825 0.289129 0.201229,
        -0.363344 0.286478 0.199968,
        -0.371243 0.272042 0.192772,
        -0.386234 0.257814 0.184294,
        -0.375099 0.264806 0.189028,
        -0.343240 0.320589 0.215877,
        -0.353407 0.303816 0.208218,
        -0.307610 0.372565 0.238351,
        -0.320867 0.354351 0.230607,
        -0.333485 0.335804 0.222609,
        -0.275327 0.412222 0.255413,
        -0.256120 0.433100 0.264876,
        -0.201690 0.484381 0.291140,
        -0.208426 0.478347 0.287890,
        -0.231860 0.457354 0.276583,
        -0.254287 0.435093 0.265779,
        -0.155936 0.519718 0.314200,
        -0.171648 0.508452 0.306039,
        -0.099540 0.556034 0.345464,
        -0.111756 0.549076 0.338179,
        -0.134975 0.534233 0.325316,
        -0.141589 0.530006 0.321652,
        -0.083622 0.565100 0.354957,
        -0.070273 0.571855 0.363553,
        -0.056616 0.578765 0.372347,
        -0.040480 0.585969 0.383584,
        -0.010301 0.598285 0.405770,
        -0.030779 0.590299 0.390340,
        0.040338 0.614342 0.448309,
        0.020032 0.608587 0.430393,
        0.017680 0.607921 0.428319,
        -0.006006 0.599961 0.409007,
        0.050348 0.616801 0.457674,
        0.050207 0.616772 0.457534,
        0.050077 0.616740 0.457413,
        0.071359 0.621121 0.478446,
        -0.548845 0.211652 0.254096,
        -0.580371 0.153718 0.222984,
        -0.503950 0.139253 0.019587,
        -0.464674 0.196249 0.138507,
        -0.456412 0.224234 0.163680,
        -0.279491 0.570647 0.456898,
        -0.282320 0.568499 0.454624,
        0.106954 0.646973 0.800822,
        0.114282 0.645786 0.807644,
        0.201913 0.627578 0.887381,
        0.212878 0.624681 0.896835,
        0.370751 0.564414 1.017620,
        0.375765 0.561748 1.020969,
        0.462476 0.515916 1.050201,
        0.462838 0.516137 1.048487,
        0.445252 0.522751 1.058346,
        0.449769 0.520356 1.058873,
        0.453497 0.518519 1.058633,
        0.454299 0.518149 1.058467,
        0.456936 0.517029 1.057496,
        0.458032 0.516624 1.056835,
        0.459033 0.516299 1.056037,
        0.459944 0.516055 1.055094,
        0.460753 0.515896 1.054010,
        0.462071 0.515840 1.051396,
        0.418051 0.538322 1.047266,
        0.427972 0.532574 1.052262,
        0.436487 0.527663 1.055829,
        0.438069 0.526764 1.056365,
        0.439925 0.525709 1.056994,
        0.388779 0.554828 1.029662,
        0.391541 0.553287 1.031383,
        0.406687 0.544841 1.040822,
        0.277067 0.605100 0.948500,
        0.289343 0.600756 0.958017,
        0.290400 0.600381 0.958836,
        0.313021 0.591413 0.975987,
        0.332980 0.582681 0.990746,
        0.336436 0.581169 0.993302,
        0.351519 0.574056 1.004172,
        0.218825 0.623110 0.901963,
        0.238448 0.617590 0.918111,
        0.264802 0.609441 0.938993,
        0.139019 0.641780 0.830674,
        0.147034 0.640138 0.838028,
        0.168305 0.635781 0.857545,
        0.194819 0.629452 0.881264,
        0.081581 0.649764 0.777062,
        0.090891 0.648976 0.785797,
        0.052331 0.652238 0.749620,
        0.189128 0.629000 0.596732,
        0.219329 0.628160 0.629181,
        0.190691 0.628956 0.598411,
        0.190486 0.628962 0.598191,
        0.223337 0.627819 0.633738,
        0.274250 0.621810 0.693557,
        0.254986 0.624670 0.670249,
        0.247766 0.625743 0.661513,
        0.299534 0.616383 0.726019,
        0.284967 0.619510 0.707317,
        0.364693 0.593743 0.820474,
        0.345397 0.601902 0.790616,
        0.339729 0.603910 0.782355,
        0.339357 0.604042 0.781812,
        0.392453 0.579279 0.867264,
        0.382621 0.584880 0.849991,
        0.433486 0.551096 0.947302,
        0.423799 0.558750 0.926620,
        0.441974 0.543729 0.966832,
        0.440744 0.544796 0.964002,
        0.414296 0.565619 0.907544,
        0.411839 0.567217 0.902917,
        0.399167 0.575454 0.879058,
        0.459377 0.525307 1.016181,
        0.456214 0.529241 1.005275,
        0.463339 0.518510 1.037315,
        0.462627 0.520261 1.031315,
        0.461633 0.522030 1.025769,
        0.463220 0.516371 1.046672,
        0.463520 0.517223 1.042410,
        0.454845 0.530817 1.001012,
        0.452335 0.533483 0.993917,
        0.449114 0.536904 0.984811,
        0.324733 0.609223 0.760498,
        -0.500343 0.139252 0.018853,
        -0.497223 0.139104 0.018205,
        -0.402295 0.085611 -0.002451,
        -0.400168 0.082389 -0.002847,
        -0.423150 -0.105470 0.001618,
        -0.429627 -0.110830 0.003011,
        -0.534304 -0.131757 0.025091,
        -0.538961 -0.130335 0.025899,
        -0.511361 -0.135711 0.020813,
        -0.515111 -0.135308 0.021537,
        -0.518979 -0.134893 0.022284,
        -0.526626 -0.133581 0.023709,
        -0.493148 -0.135631 0.017102,
        -0.497549 -0.135951 0.018026,
        -0.505131 -0.136017 0.019576,
        -0.469317 -0.131284 0.011916,
        -0.475512 -0.132933 0.013294,
        -0.482757 -0.134402 0.014883,
        -0.490096 -0.135409 0.016462,
        -0.492193 -0.135561 0.016902,
        -0.454973 -0.126013 0.008681,
        -0.461978 -0.128855 0.010266,
        -0.469141 -0.131237 0.011877,
        -0.450433 -0.123822 0.007653,
        -0.436294 -0.115654 0.004478,
        -0.441341 -0.118885 0.005603,
        -0.448101 -0.122697 0.007126,
        -0.449206 -0.123230 0.007376,
        -0.416856 -0.099532 0.000301,
        -0.413757 -0.096198 -0.000326,
        -0.399602 -0.078167 -0.003062,
        -0.400980 -0.080336 -0.002813,
        -0.406809 -0.088223 -0.001708,
        -0.410750 -0.092963 -0.000935,
        -0.411819 -0.094113 -0.000719,
        -0.386027 -0.052352 -0.005407,
        -0.389619 -0.060420 -0.004815,
        -0.390518 -0.062440 -0.004666,
        -0.395530 -0.071757 -0.003800,
        -0.383553 -0.045706 -0.005801,
        -0.381750 -0.039682 -0.006078,
        -0.380117 -0.034226 -0.006330,
        -0.377587 -0.022215 -0.006704,
        -0.376661 -0.014678 -0.006837,
        -0.375606 0.001100 -0.006983,
        -0.376061 -0.009791 -0.006922,
        -0.377854 0.026954 -0.006639,
        -0.377635 0.025921 -0.006672,
        -0.376098 0.013680 -0.006905,
        -0.375845 0.007212 -0.006945,
        -0.380126 0.037681 -0.006289,
        -0.383461 0.048854 -0.005762,
        -0.387529 0.059374 -0.005095,
        -0.391125 0.066964 -0.004481,
        -0.396872 0.077398 -0.003461,
        -0.391805 0.068400 -0.004364,
        -0.416274 0.102217 0.000342,
        -0.413975 0.099915 -0.000138,
        -0.408010 0.093096 -0.001342,
        -0.402844 0.086330 -0.002344,
        -0.431651 0.115636 0.003648,
        -0.429394 0.113998 0.003148,
        -0.422965 0.108666 0.001751,
        -0.420169 0.106117 0.001155,
        -0.449322 0.126638 0.007624,
        -0.442565 0.122943 0.006090,
        -0.435927 0.118742 0.004596,
        -0.434108 0.117420 0.004193,
        -0.457380 0.130345 0.009459,
        -0.456214 0.129854 0.009194,
        -0.452711 0.128219 0.008396,
        -0.464446 0.133018 0.011063,
        -0.464988 0.133183 0.011184,
        -0.471568 0.135199 0.012665,
        -0.475451 0.136122 0.013526,
        -0.492854 0.138898 0.017297,
        -0.486044 0.138156 0.015846,
        -0.478761 0.136909 0.014260,
        0.293441 -0.390729 0.246085,
        0.297811 -0.385127 0.243700,
        0.434094 -0.255833 0.184683,
        0.445591 -0.258669 0.189750,
        0.452933 -0.236981 0.174274,
        0.455341 -0.228160 0.166943,
        0.577996 0.105941 0.064558,
        0.579069 0.104868 0.065723,
        0.580142 0.103796 0.066886,
        0.615602 0.047478 0.111863,
        0.618648 0.037748 0.117756,
        0.624431 0.004674 0.136150,
        0.624590 0.001023 0.138065,
        0.624598 0.000825 0.138169,
        0.623159 -0.035298 0.156854,
        0.623007 -0.036219 0.157331,
        0.614189 -0.075076 0.177874,
        0.612283 -0.080690 0.180990,
        0.566343 -0.180085 0.237344,
        0.561990 -0.187937 0.241511,
        0.388744 -0.457776 0.371207,
        0.372386 -0.478000 0.383683,
        0.075720 -0.653022 0.629948,
        0.069367 -0.653192 0.635872,
        0.063180 -0.653252 0.641644,
        0.120375 -0.647659 0.589454,
        0.118928 -0.647926 0.590738,
        0.104397 -0.650613 0.603628,
        0.091185 -0.651722 0.615754,
        0.173977 -0.632236 0.543233,
        0.132067 -0.645497 0.579082,
        0.146543 -0.641414 0.566600,
        0.158775 -0.637963 0.556052,
        0.227826 -0.606150 0.498659,
        0.211125 -0.615672 0.512304,
        0.201105 -0.620416 0.520603,
        0.184575 -0.628243 0.534295,
        0.269086 -0.578548 0.465262,
        0.259306 -0.585973 0.473124,
        0.235606 -0.601715 0.492302,
        0.356346 -0.496672 0.396093,
        0.350870 -0.502980 0.400339,
        0.331056 -0.524054 0.415896,
        0.327857 -0.527286 0.418422,
        0.327338 -0.527811 0.418831,
        0.370066 -0.480868 0.385452,
        0.305036 -0.549059 0.436514,
        0.406984 -0.433794 0.357589,
        0.413267 -0.425091 0.353009,
        0.466677 -0.347080 0.315157,
        0.451100 -0.370733 0.325981,
        0.435154 -0.394261 0.337202,
        0.424836 -0.409064 0.344578,
        0.496831 -0.299558 0.294223,
        0.486068 -0.316723 0.301725,
        0.481818 -0.323502 0.304688,
        0.511952 -0.274849 0.283405,
        0.516103 -0.267957 0.280349,
        0.518496 -0.263942 0.278535,
        0.548220 -0.212746 0.254622,
        0.531891 -0.241325 0.268360,
        0.524720 -0.253500 0.273819,
        0.575378 -0.163103 0.228095,
        0.592136 -0.129909 0.209238,
        0.588314 -0.137678 0.213770,
        0.581796 -0.150930 0.221501,
        0.600726 -0.110903 0.198134,
        0.596373 -0.120535 0.203761,
        0.609146 -0.089931 0.186118,
        0.602780 -0.106135 0.195367,
        0.601339 -0.109547 0.197342,
        0.614398 -0.074335 0.177474,
        0.621655 -0.044450 0.161596,
        0.621069 -0.048017 0.163445,
        0.618111 -0.061208 0.170394,
        0.623447 -0.033054 0.155698,
        0.624929 -0.006756 0.142143,
        0.624704 -0.018569 0.148249,
        0.624576 -0.020856 0.149426,
        0.621387 0.026514 0.124246,
        0.623243 0.015755 0.130205,
        0.618780 0.037327 0.118011,
        0.603888 0.073027 0.094483,
        0.607539 0.066399 0.099348,
        0.611846 0.057165 0.105656,
        0.612695 0.054975 0.107059,
        0.584680 0.099260 0.071807,
        0.590994 0.091993 0.078860,
        0.593102 0.089194 0.081315,
        0.596917 0.084129 0.085758,
        0.602699 0.075185 0.092898,
        0.563316 0.117733 0.049013,
        0.565190 0.116336 0.050989,
        0.570961 0.112037 0.057071,
        0.542008 0.129404 0.026427,
        0.547665 0.126850 0.032483,
        0.548561 0.126373 0.033432,
        0.555595 0.122627 0.040885,
        0.494468 -0.143784 0.048096,
        0.495193 -0.143438 0.045919,
        0.486672 -0.150626 0.071592,
        0.488403 -0.148976 0.066372,
        0.490901 -0.146597 0.058843,
        0.493234 -0.144374 0.051807,
        0.484446 -0.152747 0.078305,
        0.483000 -0.155052 0.082707,
        0.478134 -0.162808 0.097522,
        0.478681 -0.161936 0.095856,
        0.482598 -0.155693 0.083932,
        0.473643 -0.172470 0.111187,
        0.477232 -0.164246 0.100268,
        0.465452 -0.193963 0.136136,
        0.469656 -0.181603 0.123314,
        0.471422 -0.177558 0.117943,
        0.458697 -0.215861 0.156722,
        0.461516 -0.205534 0.148139,
        0.447575 -0.259158 0.190625,
        0.448613 -0.254863 0.187458,
        0.432552 -0.255453 0.184003,
        0.411737 -0.252160 0.179938,
        0.418450 -0.252522 0.180350,
        0.418655 -0.252534 0.180362,
        0.429985 -0.254913 0.183330,
        0.408829 -0.252003 0.179759,
        0.399966 -0.253059 0.180669,
        0.388330 -0.256498 0.183403,
        0.389616 -0.256086 0.183076,
        0.398517 -0.253232 0.180818,
        0.399596 -0.253104 0.180707,
        0.361825 -0.289129 0.201229,
        0.363344 -0.286478 0.199968,
        0.371243 -0.272042 0.192772,
        0.386234 -0.257814 0.184294,
        0.375099 -0.264806 0.189028,
        0.343240 -0.320589 0.215877,
        0.353407 -0.303816 0.208218,
        0.307610 -0.372565 0.238351,
        0.320867 -0.354351 0.230607,
        0.333485 -0.335804 0.222609,
        0.275327 -0.412222 0.255413,
        0.256120 -0.433100 0.264876,
        0.201690 -0.484381 0.291140,
        0.208426 -0.478347 0.287890,
        0.231860 -0.457354 0.276583,
        0.254287 -0.435093 0.265779,
        0.155936 -0.519718 0.314200,
        0.171648 -0.508452 0.306039,
        0.099540 -0.556034 0.345464,
        0.111756 -0.549076 0.338179,
        0.134975 -0.534233 0.325316,
        0.141589 -0.530006 0.321652,
        0.083622 -0.565100 0.354957,
        0.070273 -0.571855 0.363553,
        0.056616 -0.578765 0.372347,
        0.040480 -0.585969 0.383584,
        0.010301 -0.598285 0.405770,
        0.030779 -0.590299 0.390340,
        -0.040338 -0.614342 0.448309,
        -0.020032 -0.608587 0.430393,
        -0.017680 -0.607921 0.428319,
        0.006006 -0.599961 0.409007,
        -0.050348 -0.616801 0.457674,
        -0.050207 -0.616772 0.457534,
        -0.050077 -0.616740 0.457413,
        -0.071359 -0.621121 0.478446,
        -0.080378 -0.622724 0.487915,
        0.548845 -0.211652 0.254096,
        0.580371 -0.153718 0.222984,
        0.503950 -0.139253 0.019587,
        0.464674 -0.196249 0.138507,
        0.456412 -0.224234 0.163680,
        0.279491 -0.570647 0.456898,
        0.282320 -0.568499 0.454624,
        -0.147190 -0.627473 0.554437,
        -0.113531 -0.625426 0.521179,
        -0.158593 -0.628015 0.565581,
        -0.017342 -0.653252 0.716839,
        -0.106954 -0.646973 0.800822,
        -0.114282 -0.645786 0.807644,
        -0.201913 -0.627578 0.887381,
        -0.212878 -0.624681 0.896835,
        -0.370751 -0.564414 1.017620,
        -0.375765 -0.561748 1.020969,
        -0.189128 -0.629000 0.596732,
        -0.219329 -0.628160 0.629181,
        -0.190691 -0.628956 0.598411,
        -0.190486 -0.628962 0.598191,
        -0.223337 -0.627819 0.633738,
        -0.274250 -0.621810 0.693557,
        -0.254986 -0.624670 0.670249,
        -0.247766 -0.625743 0.661513,
        -0.299534 -0.616383 0.726019,
        -0.284967 -0.619510 0.707317,
        -0.364693 -0.593743 0.820474,
        -0.345397 -0.601902 0.790616,
        -0.339729 -0.603910 0.782355,
        -0.339357 -0.604042 0.781812,
        -0.392453 -0.579279 0.867264,
        -0.382621 -0.584880 0.849991,
        -0.434727 -0.550060 0.950063,
        -0.423799 -0.558750 0.926620,
        -0.414296 -0.565619 0.907544,
        -0.411839 -0.567217 0.902917,
        -0.399167 -0.575454 0.879058,
        -0.445464 -0.540478 0.975395,
        -0.444211 -0.541661 0.972278,
        -0.440692 -0.544778 0.964033,
        -0.460272 -0.524078 1.019702,
        -0.457741 -0.527404 1.010311,
        -0.462062 -0.521311 1.027981,
        -0.462880 -0.516101 1.048549,
        -0.463082 -0.516228 1.047576,
        -0.463333 -0.516537 1.045725,
        -0.463520 -0.517535 1.041084,
        -0.463122 -0.519150 1.035036,
        -0.456654 -0.528722 1.006692,
        -0.452429 -0.533430 0.994041,
        -0.451685 -0.534259 0.991812,
        -0.453497 -0.518519 1.058633,
        -0.449769 -0.520356 1.058873,
        -0.445252 -0.522751 1.058346,
        -0.454299 -0.518149 1.058467,
        -0.456959 -0.517020 1.057484,
        -0.458097 -0.516601 1.056789,
        -0.459108 -0.516277 1.055968,
        -0.460009 -0.516040 1.055017,
        -0.460802 -0.515889 1.053935,
        -0.461711 -0.515820 1.052260,
        -0.462724 -0.516003 1.049298,
        -0.418051 -0.538322 1.047266,
        -0.427972 -0.532574 1.052262,
        -0.436487 -0.527663 1.055829,
        -0.438069 -0.526764 1.056365,
        -0.439925 -0.525709 1.056994,
        -0.388779 -0.554828 1.029662,
        -0.391541 -0.553287 1.031383,
        -0.406687 -0.544841 1.040822,
        -0.277067 -0.605100 0.948500,
        -0.289343 -0.600756 0.958017,
        -0.290400 -0.600381 0.958836,
        -0.313021 -0.591413 0.975987,
        -0.332980 -0.582681 0.990746,
        -0.336436 -0.581169 0.993302,
        -0.351519 -0.574056 1.004172,
        -0.218825 -0.623110 0.901963,
        -0.238448 -0.617590 0.918111,
        -0.264802 -0.609441 0.938993,
        -0.139019 -0.641780 0.830674,
        -0.147034 -0.640138 0.838028,
        -0.168305 -0.635781 0.857545,
        -0.194819 -0.629452 0.881264,
        -0.081581 -0.649764 0.777062,
        -0.090891 -0.648976 0.785797,
        -0.052331 -0.652238 0.749620,
        -0.324733 -0.609223 0.760498,
        0.500343 -0.139252 0.018853,
        0.497223 -0.139104 0.018205,
        0.402295 -0.085611 -0.002451,
        0.400168 -0.082389 -0.002847,
        0.423150 0.105470 0.001618,
        0.429627 0.110830 0.003011,
        0.534304 0.131757 0.025091,
        0.538961 0.130335 0.025899,
        0.511361 0.135711 0.020813,
        0.515111 0.135308 0.021537,
        0.518979 0.134893 0.022284,
        0.526626 0.133581 0.023709,
        0.493148 0.135631 0.017102,
        0.497549 0.135951 0.018026,
        0.505131 0.136017 0.019576,
        0.469317 0.131284 0.011916,
        0.475512 0.132933 0.013294,
        0.482757 0.134402 0.014883,
        0.490096 0.135409 0.016462,
        0.492193 0.135561 0.016902,
        0.454973 0.126013 0.008681,
        0.461978 0.128855 0.010266,
        0.469141 0.131237 0.011877,
        0.450433 0.123822 0.007653,
        0.436294 0.115654 0.004478,
        0.441341 0.118885 0.005603,
        0.448101 0.122697 0.007126,
        0.449206 0.123230 0.007376,
        0.416856 0.099532 0.000301,
        0.413757 0.096198 -0.000326,
        0.399602 0.078167 -0.003062,
        0.400980 0.080336 -0.002813,
        0.406809 0.088223 -0.001708,
        0.410750 0.092963 -0.000935,
        0.411819 0.094113 -0.000719,
        0.386027 0.052352 -0.005407,
        0.389619 0.060420 -0.004815,
        0.390518 0.062440 -0.004666,
        0.395530 0.071757 -0.003800,
        0.383553 0.045706 -0.005801,
        0.381750 0.039682 -0.006078,
        0.380117 0.034226 -0.006330,
        0.377587 0.022215 -0.006704,
        0.376661 0.014678 -0.006837,
        0.375606 -0.001100 -0.006983,
        0.376061 0.009791 -0.006922,
        0.377854 -0.026954 -0.006639,
        0.377635 -0.025921 -0.006672,
        0.376098 -0.013680 -0.006905,
        0.375845 -0.007212 -0.006945,
        0.380126 -0.037681 -0.006289,
        0.383461 -0.048854 -0.005762,
        0.387529 -0.059374 -0.005095,
        0.391125 -0.066964 -0.004481,
        0.396872 -0.077398 -0.003461,
        0.391805 -0.068400 -0.004364,
        0.416274 -0.102217 0.000342,
        0.413975 -0.099915 -0.000138,
        0.408010 -0.093096 -0.001342,
        0.402844 -0.086330 -0.002344,
        0.431651 -0.115636 0.003648,
        0.429394 -0.113998 0.003148,
        0.422965 -0.108666 0.001751,
        0.420169 -0.106117 0.001155,
        0.449322 -0.126638 0.007624,
        0.442565 -0.122943 0.006090,
        0.435927 -0.118742 0.004596,
        0.434108 -0.117420 0.004193,
        0.457380 -0.130345 0.009459,
        0.456214 -0.129854 0.009194,
        0.452711 -0.128219 0.008396,
        0.464446 -0.133018 0.011063,
        0.464988 -0.133183 0.011184,
        0.471568 -0.135199 0.012665,
        0.475451 -0.136122 0.013526,
        0.492854 -0.138898 0.017297,
        0.486044 -0.138156 0.015846,
        0.478761 -0.136909 0.014260,
        0.439142 -0.221499 0.159117,
        0.490862 -0.141884 0.034349,
        0.469585 -0.156217 0.086706,
        0.463483 -0.168837 0.106893,
        0.448914 -0.174653 0.114862,
        0.472937 -0.151485 0.075975,
        0.476457 -0.147794 0.064990,
        0.458791 -0.152856 0.079711,
        0.455967 -0.156809 0.088930,
        0.453375 -0.161809 0.097940,
        0.466441 -0.162136 0.097008,
        0.424585 -0.164291 0.103802,
        0.441739 -0.158258 0.092295,
        0.423245 -0.168380 0.110603,
        0.439657 -0.162299 0.100130,
        0.422102 -0.173268 0.117170,
        0.437811 -0.167306 0.107765,
        0.432509 -0.193683 0.135267,
        0.445195 -0.189436 0.130478,
        0.478287 -0.144411 0.048532,
        0.405658 -0.179922 0.126376,
        0.388628 -0.187461 0.135509,
        0.406117 -0.175198 0.120659,
        0.388113 -0.178750 0.125232,
        0.406730 -0.171059 0.114682,
        0.390183 -0.171082 0.112497,
        0.418607 -0.161359 0.095738,
        0.342582 -0.202328 0.149552,
        0.347406 -0.210287 0.156878,
        0.390964 -0.208011 0.152929,
        0.419285 -0.197824 0.140526,
        0.376747 -0.214738 0.159951,
        0.356833 -0.226922 0.169981,
        0.354121 -0.221366 0.167075,
        0.418230 -0.224594 0.161276,
        0.394723 -0.230066 0.167522,
        0.337726 -0.194317 0.142178,
        0.347281 -0.189144 0.136798,
        0.353968 -0.186150 0.133062,
        0.359681 -0.183593 0.129871,
        0.379370 -0.174781 0.118873,
        0.443062 -0.154037 0.078485,
        0.452640 -0.151201 0.071640,
        0.464754 -0.147994 0.060726,
        0.465279 -0.147855 0.060253,
        0.420401 -0.160746 0.094680,
        0.427641 -0.158602 0.089506,
        0.436562 -0.155961 0.083131,
        0.372471 -0.258955 0.186737,
        0.388020 -0.171822 0.113773,
        0.311269 -0.014510 0.037326,
        0.166542 -0.055111 0.086580,
        0.289029 -0.222033 0.162188,
        0.287579 -0.222860 0.162756,
        0.274731 -0.215623 0.156103,
        0.225712 -0.260307 0.176723,
        0.277778 -0.228445 0.166596,
        0.273899 -0.230656 0.168117,
        0.246210 -0.247694 0.173062,
        0.347166 -0.178566 0.124001,
        0.331702 -0.197716 0.145467,
        0.358291 -0.182897 0.129541,
        0.430191 -0.154700 0.081131,
        0.421220 -0.152724 0.077799,
        0.412370 -0.150139 0.074491,
        0.403640 -0.146935 0.071211,
        0.402206 -0.146344 0.070671,
        0.393768 -0.142467 0.067490,
        0.385576 -0.138012 0.064398,
        0.377618 -0.132963 0.061396,
        0.261879 -0.207602 0.148361,
        0.249634 -0.198656 0.140876,
        0.237999 -0.188772 0.133659,
        0.226987 -0.177936 0.126726,
        0.359148 -0.117954 0.054467,
        0.362379 -0.120963 0.055672,
        0.369885 -0.127292 0.058485,
        0.222341 -0.172856 0.123770,
        0.212381 -0.160754 0.117368,
        0.345357 -0.102762 0.049370,
        0.352070 -0.110681 0.051839,
        0.339024 -0.094153 0.047065,
        0.203230 -0.147858 0.111404,
        0.194885 -0.134158 0.105893,
        0.187357 -0.119634 0.100858,
        0.327657 -0.074661 0.043000,
        0.333106 -0.084803 0.044935,
        0.180669 -0.104266 0.096332,
        0.175289 -0.089350 0.092652,
        0.307869 -0.211298 0.154806,
        0.298719 -0.216511 0.158391,
        0.345346 -0.177770 0.123090,
        0.334691 -0.172576 0.117731,
        0.324443 -0.166655 0.112533,
        0.314595 -0.159998 0.107500,
        0.305143 -0.152585 0.102633,
        0.296094 -0.144392 0.097943,
        0.292240 -0.140526 0.095937,
        0.283897 -0.131255 0.091576,
        0.276115 -0.121278 0.087492,
        0.268903 -0.110566 0.083693,
        0.262283 -0.099080 0.080198,
        0.256296 -0.086783 0.077033,
        0.251395 -0.074711 0.074440,
        0.246860 -0.060922 0.072039,
        0.323120 -0.064581 0.041407,
        0.318855 -0.052933 0.039928,
        0.315396 -0.040658 0.038740,
        0.312837 -0.027818 0.037865,
        0.243236 -0.046547 0.070117,
        0.170392 -0.072498 0.089269,
        0.163766 -0.037237 0.084617,
        0.162102 -0.018942 0.083417,
        0.238980 -0.016288 0.067838,
        0.240587 -0.031641 0.068706,
        0.310772 -0.000865 0.037144,
        0.238479 -0.000596 0.067544,
        0.161594 -0.000304 0.083012,
        0.341382 -0.265394 0.192225,
        0.333661 -0.265536 0.192825,
        0.321028 -0.236700 0.177675,
        0.366201 -0.264936 0.190296,
        0.314672 -0.223358 0.167906,
        0.248939 -0.257285 0.181643,
        0.284867 -0.246769 0.181242,
        0.248599 -0.267648 0.187380,
        0.239774 -0.267685 0.185244,
        0.285733 -0.266512 0.192176,
        0.285079 -0.266532 0.192092,
        0.264402 -0.267165 0.189421,
        0.251771 -0.267551 0.187790,
        0.326514 -0.265668 0.193380,
        0.318581 -0.265832 0.193146,
        0.292018 -0.266381 0.192362,
        0.162111 0.015825 0.083325,
        0.163812 0.034366 0.084449,
        0.166673 0.052587 0.086370,
        0.315417 0.037556 0.038641,
        0.312809 0.024447 0.037786,
        0.311241 0.010946 0.037283,
        0.170677 0.070418 0.089067,
        0.321578 0.057507 0.040707,
        0.318987 0.050162 0.039831,
        0.331698 0.079202 0.044200,
        0.326327 0.068733 0.042332,
        0.173648 0.080985 0.091066,
        0.179234 0.097440 0.094809,
        0.185770 0.113165 0.099162,
        0.193238 0.128165 0.104093,
        0.348461 0.103466 0.050194,
        0.344055 0.097983 0.048598,
        0.337621 0.088938 0.046293,
        0.355377 0.111129 0.052723,
        0.201644 0.142454 0.109587,
        0.207569 0.151293 0.113424,
        0.217125 0.163879 0.119553,
        0.227438 0.175610 0.126083,
        0.238516 0.186502 0.133005,
        0.250379 0.196558 0.140316,
        0.392275 0.138738 0.066489,
        0.384103 0.134141 0.063420,
        0.378063 0.130256 0.061155,
        0.370173 0.124485 0.058205,
        0.362615 0.118121 0.055394,
        0.259644 0.203433 0.145957,
        0.272403 0.211687 0.153631,
        0.285736 0.218994 0.161541,
        0.400668 0.142741 0.069642,
        0.299647 0.225354 0.169681,
        0.418174 0.149006 0.076194,
        0.409295 0.146163 0.072876,
        0.314144 0.230754 0.178050,
        0.327221 0.234644 0.185505,
        0.342241 0.238051 0.193966,
        0.357561 0.240426 0.202489,
        0.444307 0.153732 0.085844,
        0.435146 0.152667 0.082485,
        0.426106 0.150998 0.079144,
        0.453591 0.154185 0.089217,
        0.470676 0.153400 0.095326,
        0.462994 0.154012 0.092596,
        0.373162 0.241759 0.211065,
        0.389020 0.242028 0.219678,
        0.402000 0.241448 0.226654,
        0.417774 0.239774 0.235044,
        0.433455 0.237044 0.243290,
        0.449011 0.233255 0.251379,
        0.469540 0.181990 0.181667,
        0.457682 0.185217 0.176240,
        0.445702 0.187628 0.170703,
        0.433623 0.189225 0.165067,
        0.423662 0.189922 0.160380,
        0.411464 0.190020 0.154594,
        0.399429 0.189292 0.148835,
        0.387574 0.187758 0.143114,
        0.375909 0.185427 0.137437,
        0.365713 0.182689 0.132438,
        0.354359 0.178821 0.126826,
        0.343400 0.174205 0.121367,
        0.332827 0.168847 0.116060,
        0.322631 0.162744 0.110904,
        0.315169 0.157625 0.107108,
        0.305529 0.150081 0.102176,
        0.296422 0.141843 0.097491,
        0.287833 0.132889 0.093051,
        0.279759 0.123190 0.088863,
        0.274687 0.116319 0.086228,
        0.267393 0.105107 0.082433,
        0.260796 0.093198 0.079002,
        0.254921 0.080562 0.075952,
        0.249812 0.067182 0.073307,
        0.247058 0.058512 0.071886,
        0.243304 0.043759 0.069960,
        0.240591 0.028552 0.068580,
        0.238968 0.012985 0.067769,
        0.498463 0.147572 0.104932,
        0.489266 0.150144 0.101803,
        0.480000 0.152084 0.098599,
        0.507569 0.144363 0.107976,
        0.481242 0.177944 0.186966,
        0.464396 0.228401 0.259287,
        0.076356 -0.494976 0.320346,
        0.106840 -0.478315 0.304344,
        0.314884 -0.273325 0.196918,
        0.307294 -0.287443 0.203234,
        0.255354 -0.284276 0.197195,
        0.261294 -0.273607 0.192654,
        0.240331 -0.306324 0.206497,
        0.249143 -0.294087 0.201341,
        0.299225 -0.301202 0.209264,
        0.291234 -0.313730 0.214679,
        0.280516 -0.329110 0.221274,
        0.268834 -0.344339 0.227826,
        0.255963 -0.359617 0.234507,
        0.239057 -0.377780 0.242725,
        0.218944 -0.397176 0.252031,
        0.183508 -0.362435 0.231706,
        0.202827 -0.346214 0.223916,
        0.218602 -0.331169 0.217147,
        0.230210 -0.318647 0.211727,
        0.162058 -0.378396 0.240106,
        0.167274 -0.439153 0.275402,
        0.197102 -0.416108 0.261895,
        0.132228 -0.397988 0.251846,
        0.101771 -0.415646 0.264316,
        0.137243 -0.459737 0.289428,
        0.070493 -0.431839 0.277930,
        0.038740 -0.446690 0.292930,
        0.639191 0.048510 0.365417,
        0.476272 0.224587 0.266292,
        0.492884 0.218151 0.276064,
        0.509013 0.210569 0.285529,
        0.534230 0.132720 0.130786,
        0.524571 0.137708 0.122554,
        0.514648 0.141905 0.114068,
        0.524951 0.201646 0.294867,
        0.539604 0.192024 0.303451,
        0.552613 0.120419 0.146528,
        0.543797 0.126815 0.138952,
        0.561009 0.113351 0.153834,
        0.568975 0.105615 0.160902,
        0.553532 0.181428 0.311622,
        0.566728 0.169863 0.319392,
        0.579171 0.157325 0.326767,
        0.576498 0.097205 0.167761,
        0.583919 0.087600 0.174789,
        0.591438 0.143050 0.334114,
        0.601856 0.129024 0.340450,
        0.590220 0.078136 0.181058,
        0.595941 0.068159 0.187107,
        0.611318 0.114289 0.346327,
        0.619817 0.098847 0.351760,
        0.627333 0.082694 0.356761,
        0.633934 0.065529 0.361408,
        0.490435 0.175052 0.193364,
        0.503308 0.170096 0.202295,
        0.515822 0.164191 0.210963,
        0.528204 0.157185 0.219545,
        0.539603 0.149589 0.227476,
        0.550457 0.141189 0.235081,
        0.560756 0.131992 0.242376,
        0.570488 0.121993 0.249381,
        0.580106 0.110579 0.256460,
        0.588297 0.099335 0.262674,
        0.595762 0.087492 0.268558,
        0.602494 0.075045 0.274134,
        0.608477 0.061982 0.279422,
        0.613764 0.048049 0.284524,
        0.618009 0.034174 0.289131,
        0.601068 0.057665 0.192965,
        0.605583 0.046637 0.198664,
        0.609522 0.034856 0.204328,
        0.612619 0.023102 0.209620,
        0.615011 0.010964 0.214776,
        0.643344 0.031067 0.368974,
        0.646381 0.013190 0.372095,
        0.623927 0.005150 0.297513,
        0.621402 0.019883 0.293451,
        0.616681 -0.001587 0.219839,
        0.617599 -0.014587 0.224855,
        0.625558 -0.010046 0.301346,
        0.648276 -0.005121 0.374794,
        0.047419 -0.509195 0.336749,
        0.019489 -0.521566 0.353895,
        -0.007368 -0.532281 0.371779,
        -0.021143 -0.471281 0.325414,
        -0.077181 -0.491000 0.362089,
        -0.103704 -0.499381 0.382072,
        -0.129205 -0.506914 0.403194,
        -0.114564 -0.564295 0.461176,
        -0.174481 -0.519096 0.446298,
        -0.124206 -0.566386 0.471081,
        -0.164070 -0.516417 0.435661,
        -0.140383 -0.510062 0.413119,
        -0.081887 -0.556337 0.430288,
        -0.092314 -0.559059 0.439744,
        -0.058048 -0.549528 0.409953,
        -0.033218 -0.541554 0.390464,
        -0.049655 -0.481672 0.343211,
        0.008360 -0.459671 0.308653,
        0.232582 -0.557971 0.737366,
        0.192884 -0.600053 0.596562,
        0.275210 -0.552282 0.684826,
        0.254081 -0.556078 0.710311,
        0.209167 -0.575515 0.663950,
        0.216989 -0.592418 0.574496,
        0.241923 -0.582169 0.552009,
        0.295949 -0.546679 0.660365,
        0.264997 -0.570491 0.531372,
        0.356738 -0.518650 0.588956,
        0.393599 -0.491854 0.544630,
        0.355108 -0.502644 0.451064,
        0.391692 -0.463784 0.418879,
        0.429676 -0.456961 0.500808,
        0.409108 -0.442839 0.403972,
        0.472474 -0.403572 0.451676,
        0.505540 -0.355495 0.421243,
        0.517326 -0.337678 0.412871,
        0.593610 -0.135103 0.269136,
        0.648503 -0.008643 0.375259,
        0.617685 -0.017106 0.225806,
        0.617658 -0.030550 0.230783,
        0.617566 -0.033024 0.231685,
        0.648990 -0.027270 0.377446,
        0.648950 -0.030664 0.377798,
        0.648013 -0.049674 0.379519,
        0.645846 -0.068900 0.380865,
        0.616550 -0.047040 0.236735,
        0.614647 -0.061546 0.241909,
        0.611780 -0.076723 0.247331,
        0.642413 -0.088438 0.381885,
        0.637641 -0.108436 0.382637,
        0.631454 -0.128974 0.383203,
        0.607819 -0.092845 0.253170,
        0.602598 -0.110202 0.259605,
        0.601396 -0.113819 0.260968,
        0.630054 -0.133116 0.383303,
        0.621237 -0.156487 0.383866,
        0.610331 -0.181193 0.384613,
        0.597568 -0.206384 0.385588,
        0.571091 -0.185578 0.288379,
        0.583466 -0.159339 0.278545,
        0.555757 -0.215815 0.300155,
        0.540576 -0.243838 0.310522,
        0.583128 -0.232694 0.387796,
        0.569159 -0.256465 0.390763,
        0.556151 -0.277478 0.394350,
        0.526223 -0.268807 0.319602,
        0.522451 -0.275212 0.321985,
        0.508651 -0.298109 0.330689,
        0.552820 -0.282772 0.395465,
        0.540757 -0.301686 0.400176,
        0.528983 -0.319867 0.405926,
        0.625763 -0.012983 0.302050,
        0.626278 -0.028598 0.305613,
        0.626269 -0.031460 0.306236,
        0.625637 -0.047598 0.309605,
        0.623995 -0.064138 0.312848,
        0.621287 -0.081224 0.316049,
        0.617411 -0.099074 0.319318,
        0.612242 -0.117883 0.322780,
        0.611052 -0.121744 0.323502,
        0.603386 -0.144031 0.327802,
        0.593520 -0.168559 0.332786,
        0.581559 -0.194395 0.338078,
        0.567239 -0.222862 0.344932,
        0.553048 -0.248906 0.351487,
        0.539620 -0.271992 0.357737,
        0.536120 -0.277862 0.359467,
        0.523339 -0.298820 0.366118,
        0.510676 -0.318971 0.373371,
        0.497959 -0.338691 0.381444,
        0.484936 -0.358378 0.390606,
        0.471609 -0.377950 0.400927,
        0.494907 -0.320186 0.339523,
        0.481027 -0.341834 0.348777,
        0.466735 -0.363472 0.358758,
        0.452072 -0.384957 0.369520,
        0.442558 -0.398468 0.376793,
        0.426046 -0.421017 0.389924,
        0.462964 -0.390284 0.408110,
        0.493585 -0.373303 0.431136,
        0.447950 -0.410909 0.421394,
        0.485861 -0.384591 0.438234,
        0.432517 -0.430897 0.435922,
        0.373722 -0.483744 0.434589,
        0.416598 -0.450081 0.451572,
        0.458712 -0.422080 0.466703,
        0.400107 -0.468336 0.468228,
        0.444481 -0.439927 0.483136,
        0.351609 -0.505998 0.454174,
        0.382958 -0.485563 0.485795,
        0.330591 -0.524858 0.472890,
        0.379726 -0.488612 0.489117,
        0.414198 -0.473061 0.519579,
        0.411272 -0.475910 0.523139,
        0.360276 -0.505683 0.509129,
        0.309150 -0.541910 0.491988,
        0.287385 -0.557061 0.511408,
        0.340372 -0.520985 0.529541,
        0.320080 -0.534470 0.550277,
        0.375417 -0.506106 0.566598,
        0.299188 -0.546263 0.571487,
        0.277659 -0.556346 0.593283,
        0.337436 -0.529556 0.611775,
        0.254431 -0.564997 0.616880,
        0.317494 -0.538810 0.635153,
        0.232053 -0.571230 0.639882,
        0.168094 -0.605616 0.619776,
        0.142592 -0.608898 0.644482,
        0.185772 -0.577691 0.689533,
        0.116349 -0.609617 0.671113,
        0.161870 -0.577522 0.717235,
        0.210747 -0.557822 0.766757,
        -0.229081 -0.528382 0.500134,
        -0.201445 -0.524383 0.473080,
        -0.154434 -0.570507 0.500786,
        -0.238492 -0.529441 0.509255,
        -0.185195 -0.573624 0.530703,
        -0.195628 -0.574450 0.540771,
        0.109459 -0.609716 0.677598,
        0.154388 -0.577568 0.724357,
        0.202635 -0.557834 0.774570,
        0.102680 -0.609751 0.683943,
        0.146950 -0.577584 0.731348,
        0.194490 -0.557838 0.782257,
        -0.269797 -0.532455 0.541237,
        -0.285252 -0.576411 0.637757,
        -0.328783 -0.535217 0.609276,
        -0.300123 -0.534348 0.574755,
        -0.256685 -0.577059 0.604685,
        -0.311839 -0.574615 0.671035,
        -0.336928 -0.571704 0.704947,
        -0.355321 -0.535189 0.644527,
        -0.379925 -0.534311 0.680623,
        -0.422454 -0.530343 0.753970,
        -0.467769 -0.524396 0.916165,
        -0.483152 -0.513919 0.912635,
        -0.477116 -0.516768 0.890092,
        -0.452387 -0.534874 0.919693,
        -0.466525 -0.520737 0.856609,
        -0.431299 -0.546076 0.868115,
        -0.444436 -0.539511 0.898957,
        -0.439174 -0.527602 0.788372,
        -0.453870 -0.524377 0.822644,
        -0.416418 -0.552266 0.836783,
        -0.399831 -0.557970 0.805115,
        -0.381566 -0.563093 0.773248,
        -0.361627 -0.567547 0.741277,
        -0.403697 -0.532541 0.719547,
        -0.226451 -0.576458 0.572034,
        0.113968 -0.557838 0.857452,
        0.066427 -0.577584 0.806543,
        0.022158 -0.609751 0.759138,
        -0.486926 -0.498631 1.065037,
        -0.474870 -0.507186 1.056256,
        -0.481802 -0.502631 1.057945,
        -0.480763 -0.502666 1.060596,
        -0.483769 -0.502773 1.051556,
        -0.485405 -0.503285 1.043591,
        -0.486452 -0.504172 1.034627,
        -0.486884 -0.505459 1.024394,
        -0.486641 -0.507119 1.013035,
        -0.486384 -0.507797 1.008709,
        -0.484584 -0.510721 0.991137,
        -0.481498 -0.514081 0.972029,
        -0.480804 -0.514726 0.968425,
        -0.475018 -0.519304 0.942897,
        -0.144902 -0.571261 0.980928,
        -0.177032 -0.569594 1.001399,
        -0.198726 -0.592204 0.949784,
        -0.108265 -0.603046 0.877400,
        -0.014791 -0.609157 0.793463,
        0.072313 -0.557769 0.895188,
        0.024921 -0.557547 0.935383,
        0.027226 -0.577313 0.842533,
        -0.016851 -0.576440 0.881430,
        -0.035708 -0.575906 0.897473,
        -0.055876 -0.607248 0.831024,
        -0.073214 -0.606078 0.846593,
        -0.140831 -0.599554 0.904920,
        -0.074304 -0.574523 0.928998,
        0.004377 -0.557411 0.951851,
        -0.038149 -0.557060 0.983928,
        -0.110719 -0.572932 0.956845,
        -0.170907 -0.595878 0.929006,
        -0.154254 -0.555811 1.055595,
        -0.117469 -0.556233 1.035699,
        -0.078806 -0.556657 1.011876,
        -0.185743 -0.555446 1.070263,
        -0.191909 -0.559679 1.052461,
        -0.204250 -0.568149 1.016836,
        -0.216050 -0.582062 0.982772,
        -0.221946 -0.589014 0.965750,
        -0.284331 -0.553244 1.077687,
        -0.298527 -0.568574 1.025386,
        -0.341246 -0.556981 1.045682,
        -0.362772 -0.549882 1.055008,
        -0.473895 -0.507022 1.058485,
        -0.485426 -0.498667 1.067816,
        -0.471866 -0.507217 1.062537,
        -0.470284 -0.507502 1.064958,
        -0.468995 -0.507793 1.066604,
        -0.467600 -0.508153 1.068130,
        -0.466092 -0.508585 1.069538,
        -0.464451 -0.509096 1.070843,
        -0.460772 -0.510355 1.073098,
        -0.459694 -0.510747 1.073619,
        -0.454817 -0.512617 1.075380,
        -0.449104 -0.514939 1.076504,
        -0.445618 -0.510753 1.097186,
        -0.453367 -0.508031 1.094935,
        -0.460241 -0.505671 1.092118,
        -0.466247 -0.503689 1.088806,
        -0.467596 -0.503259 1.087925,
        -0.472281 -0.501823 1.084377,
        -0.474423 -0.501205 1.082456,
        -0.476425 -0.500654 1.080453,
        -0.478316 -0.500161 1.078347,
        -0.480103 -0.499726 1.076134,
        -0.482365 -0.499227 1.072961,
        -0.438385 -0.519491 1.076836,
        -0.442546 -0.517706 1.076926,
        -0.440761 -0.512471 1.098208,
        -0.428245 -0.523873 1.075763,
        -0.416639 -0.528854 1.073460,
        -0.383107 -0.542448 1.063008,
        -0.403522 -0.534342 1.069904,
        -0.378189 -0.533087 1.097439,
        -0.401039 -0.526069 1.099761,
        -0.415840 -0.521164 1.100255,
        -0.429062 -0.516598 1.099732,
        -0.355559 -0.539271 1.093843,
        -0.331680 -0.544904 1.089073,
        -0.313080 -0.548633 1.084849,
        -0.324461 -0.561939 1.037947,
        -0.273571 -0.573760 1.012757,
        -0.256589 -0.556366 1.070277,
        -0.245355 -0.578192 0.998022,
        -0.225026 -0.558357 1.061524,
        -0.161594 0.000304 0.083012,
        -0.238479 0.000596 0.067544,
        -0.162111 -0.015825 0.083325,
        -0.163812 -0.034366 0.084449,
        -0.166673 -0.052587 0.086370,
        -0.315417 -0.037556 0.038641,
        -0.312809 -0.024447 0.037786,
        -0.311241 -0.010946 0.037283,
        -0.170677 -0.070418 0.089067,
        -0.321578 -0.057507 0.040707,
        -0.318987 -0.050162 0.039831,
        -0.331698 -0.079202 0.044200,
        -0.326327 -0.068733 0.042332,
        -0.173648 -0.080985 0.091066,
        -0.179234 -0.097440 0.094809,
        -0.185770 -0.113165 0.099162,
        -0.193238 -0.128165 0.104093,
        -0.348461 -0.103466 0.050194,
        -0.344055 -0.097983 0.048598,
        -0.337621 -0.088938 0.046293,
        -0.355377 -0.111129 0.052723,
        -0.201644 -0.142454 0.109587,
        -0.207569 -0.151293 0.113424,
        -0.217125 -0.163879 0.119553,
        -0.227438 -0.175610 0.126083,
        -0.238516 -0.186502 0.133005,
        -0.250379 -0.196558 0.140316,
        -0.392275 -0.138738 0.066489,
        -0.384103 -0.134141 0.063420,
        -0.378063 -0.130256 0.061155,
        -0.370173 -0.124485 0.058205,
        -0.362615 -0.118121 0.055394,
        -0.259644 -0.203433 0.145957,
        -0.272403 -0.211687 0.153631,
        -0.285736 -0.218994 0.161541,
        -0.400668 -0.142741 0.069642,
        -0.299647 -0.225354 0.169681,
        -0.418174 -0.149006 0.076194,
        -0.409295 -0.146163 0.072876,
        -0.314144 -0.230754 0.178050,
        -0.327221 -0.234644 0.185505,
        -0.342241 -0.238051 0.193966,
        -0.357561 -0.240426 0.202489,
        -0.444307 -0.153732 0.085844,
        -0.435146 -0.152667 0.082485,
        -0.426106 -0.150998 0.079144,
        -0.453591 -0.154185 0.089217,
        -0.470676 -0.153400 0.095326,
        -0.462994 -0.154012 0.092596,
        -0.373162 -0.241759 0.211065,
        -0.389020 -0.242028 0.219678,
        -0.402000 -0.241448 0.226654,
        -0.417774 -0.239774 0.235044,
        -0.433455 -0.237044 0.243290,
        -0.449011 -0.233255 0.251379,
        -0.469540 -0.181990 0.181667,
        -0.457682 -0.185217 0.176240,
        -0.445702 -0.187628 0.170703,
        -0.433623 -0.189225 0.165067,
        -0.423662 -0.189922 0.160380,
        -0.411464 -0.190020 0.154594,
        -0.399429 -0.189292 0.148835,
        -0.387574 -0.187758 0.143114,
        -0.375909 -0.185427 0.137437,
        -0.365713 -0.182689 0.132438,
        -0.354359 -0.178821 0.126826,
        -0.343400 -0.174205 0.121367,
        -0.332827 -0.168847 0.116060,
        -0.322631 -0.162744 0.110904,
        -0.315169 -0.157625 0.107108,
        -0.305529 -0.150081 0.102176,
        -0.296422 -0.141843 0.097491,
        -0.287833 -0.132889 0.093051,
        -0.279759 -0.123190 0.088863,
        -0.274687 -0.116319 0.086228,
        -0.267393 -0.105107 0.082433,
        -0.260796 -0.093198 0.079002,
        -0.254921 -0.080562 0.075952,
        -0.249812 -0.067182 0.073307,
        -0.247058 -0.058512 0.071886,
        -0.243304 -0.043759 0.069960,
        -0.240591 -0.028552 0.068580,
        -0.238968 -0.012985 0.067769,
        -0.310772 0.000865 0.037144,
        -0.498463 -0.147572 0.104932,
        -0.489266 -0.150144 0.101803,
        -0.480000 -0.152084 0.098599,
        -0.507569 -0.144363 0.107976,
        -0.481242 -0.177944 0.186966,
        -0.464396 -0.228401 0.259287,
        -0.439142 0.221499 0.159117,
        -0.490862 0.141884 0.034349,
        -0.469585 0.156217 0.086706,
        -0.463483 0.168837 0.106893,
        -0.448914 0.174653 0.114862,
        -0.472937 0.151485 0.075975,
        -0.476457 0.147794 0.064990,
        -0.458791 0.152856 0.079711,
        -0.455967 0.156809 0.088930,
        -0.453375 0.161809 0.097940,
        -0.466441 0.162136 0.097008,
        -0.424585 0.164291 0.103802,
        -0.441739 0.158258 0.092295,
        -0.423245 0.168380 0.110603,
        -0.439657 0.162299 0.100130,
        -0.422102 0.173268 0.117170,
        -0.437811 0.167306 0.107765,
        -0.432509 0.193683 0.135267,
        -0.445195 0.189436 0.130478,
        -0.478287 0.144411 0.048532,
        -0.405658 0.179922 0.126376,
        -0.388628 0.187461 0.135509,
        -0.406117 0.175198 0.120659,
        -0.388113 0.178750 0.125232,
        -0.406730 0.171059 0.114682,
        -0.390183 0.171082 0.112497,
        -0.418607 0.161359 0.095738,
        -0.342582 0.202328 0.149552,
        -0.347406 0.210287 0.156878,
        -0.390964 0.208011 0.152929,
        -0.419285 0.197824 0.140526,
        -0.376747 0.214738 0.159951,
        -0.356833 0.226922 0.169981,
        -0.354121 0.221366 0.167075,
        -0.418230 0.224594 0.161276,
        -0.394723 0.230066 0.167522,
        -0.337726 0.194317 0.142178,
        -0.347281 0.189144 0.136798,
        -0.353968 0.186150 0.133062,
        -0.359681 0.183593 0.129871,
        -0.379370 0.174781 0.118873,
        -0.443062 0.154037 0.078485,
        -0.452640 0.151201 0.071640,
        -0.464754 0.147994 0.060726,
        -0.465279 0.147855 0.060253,
        -0.420401 0.160746 0.094680,
        -0.427641 0.158602 0.089506,
        -0.436562 0.155961 0.083131,
        -0.372471 0.258955 0.186737,
        -0.388020 0.171822 0.113773,
        -0.311269 0.014510 0.037326,
        -0.166542 0.055111 0.086580,
        -0.289029 0.222033 0.162188,
        -0.287579 0.222860 0.162756,
        -0.274731 0.215623 0.156103,
        -0.225712 0.260307 0.176723,
        -0.277778 0.228445 0.166596,
        -0.273899 0.230656 0.168117,
        -0.246210 0.247694 0.173062,
        -0.347166 0.178566 0.124001,
        -0.331702 0.197716 0.145467,
        -0.358291 0.182897 0.129541,
        -0.430191 0.154700 0.081131,
        -0.421220 0.152724 0.077799,
        -0.412370 0.150139 0.074491,
        -0.403640 0.146935 0.071211,
        -0.402206 0.146344 0.070671,
        -0.393768 0.142467 0.067490,
        -0.385576 0.138012 0.064398,
        -0.377618 0.132963 0.061396,
        -0.261879 0.207602 0.148361,
        -0.249634 0.198656 0.140876,
        -0.237999 0.188772 0.133659,
        -0.226987 0.177936 0.126726,
        -0.359148 0.117954 0.054467,
        -0.362379 0.120963 0.055672,
        -0.369885 0.127292 0.058485,
        -0.222341 0.172856 0.123770,
        -0.212381 0.160754 0.117368,
        -0.345357 0.102762 0.049370,
        -0.352070 0.110681 0.051839,
        -0.339024 0.094153 0.047065,
        -0.203230 0.147858 0.111404,
        -0.194885 0.134158 0.105893,
        -0.187357 0.119634 0.100858,
        -0.327657 0.074661 0.043000,
        -0.333106 0.084803 0.044935,
        -0.180669 0.104266 0.096332,
        -0.175289 0.089350 0.092652,
        -0.307869 0.211298 0.154806,
        -0.298719 0.216511 0.158391,
        -0.345346 0.177770 0.123090,
        -0.334691 0.172576 0.117731,
        -0.324443 0.166655 0.112533,
        -0.314595 0.159998 0.107500,
        -0.305143 0.152585 0.102633,
        -0.296094 0.144392 0.097943,
        -0.292240 0.140526 0.095937,
        -0.283897 0.131255 0.091576,
        -0.276115 0.121278 0.087492,
        -0.268903 0.110566 0.083693,
        -0.262283 0.099080 0.080198,
        -0.256296 0.086783 0.077033,
        -0.251395 0.074711 0.074440,
        -0.246860 0.060922 0.072039,
        -0.323120 0.064581 0.041407,
        -0.318855 0.052933 0.039928,
        -0.315396 0.040658 0.038740,
        -0.312837 0.027818 0.037865,
        -0.243236 0.046547 0.070117,
        -0.170392 0.072498 0.089269,
        -0.163766 0.037237 0.084617,
        -0.162102 0.018942 0.083417,
        -0.238980 0.016288 0.067838,
        -0.240587 0.031641 0.068706,
        -0.639191 -0.048510 0.365417,
        -0.476272 -0.224587 0.266292,
        -0.492884 -0.218151 0.276064,
        -0.509013 -0.210569 0.285529,
        -0.534230 -0.132720 0.130786,
        -0.524571 -0.137708 0.122554,
        -0.514648 -0.141905 0.114068,
        -0.524951 -0.201646 0.294867,
        -0.539604 -0.192024 0.303451,
        -0.552613 -0.120419 0.146528,
        -0.543797 -0.126815 0.138952,
        -0.561009 -0.113351 0.153834,
        -0.568975 -0.105615 0.160902,
        -0.553532 -0.181428 0.311622,
        -0.566728 -0.169863 0.319392,
        -0.579171 -0.157325 0.326767,
        -0.576498 -0.097205 0.167761,
        -0.583919 -0.087600 0.174789,
        -0.591438 -0.143050 0.334114,
        -0.601856 -0.129024 0.340450,
        -0.590220 -0.078136 0.181058,
        -0.595941 -0.068159 0.187107,
        -0.611318 -0.114289 0.346327,
        -0.619817 -0.098847 0.351760,
        -0.627333 -0.082694 0.356761,
        -0.633934 -0.065529 0.361408,
        -0.490435 -0.175052 0.193364,
        -0.503308 -0.170096 0.202295,
        -0.515822 -0.164191 0.210963,
        -0.528204 -0.157185 0.219545,
        -0.539603 -0.149589 0.227476,
        -0.550457 -0.141189 0.235081,
        -0.560756 -0.131992 0.242376,
        -0.570488 -0.121993 0.249381,
        -0.580106 -0.110579 0.256460,
        -0.588297 -0.099335 0.262674,
        -0.595762 -0.087492 0.268558,
        -0.602494 -0.075045 0.274134,
        -0.608477 -0.061982 0.279422,
        -0.613764 -0.048049 0.284524,
        -0.618009 -0.034174 0.289131,
        -0.601068 -0.057665 0.192965,
        -0.605583 -0.046637 0.198664,
        -0.609522 -0.034856 0.204328,
        -0.612619 -0.023102 0.209620,
        -0.615011 -0.010964 0.214776,
        -0.643344 -0.031067 0.368974,
        -0.646381 -0.013190 0.372095,
        -0.623927 -0.005150 0.297513,
        -0.621402 -0.019883 0.293451,
        -0.616681 0.001587 0.219839,
        -0.617599 0.014587 0.224855,
        -0.625558 0.010046 0.301346,
        -0.648276 0.005121 0.374794,
        -0.341382 0.265394 0.192225,
        -0.333661 0.265536 0.192825,
        -0.321028 0.236700 0.177675,
        -0.366201 0.264936 0.190296,
        -0.314672 0.223358 0.167906,
        -0.248939 0.257285 0.181643,
        -0.284867 0.246769 0.181242,
        -0.248599 0.267648 0.187380,
        -0.239774 0.267685 0.185244,
        -0.285733 0.266512 0.192176,
        -0.285079 0.266532 0.192092,
        -0.264402 0.267165 0.189421,
        -0.251771 0.267551 0.187790,
        -0.326514 0.265668 0.193380,
        -0.318581 0.265832 0.193146,
        -0.292018 0.266381 0.192362,
        -0.232582 0.557971 0.737366,
        -0.192884 0.600053 0.596562,
        -0.275210 0.552282 0.684826,
        -0.254081 0.556078 0.710311,
        -0.209167 0.575515 0.663950,
        -0.216989 0.592418 0.574496,
        -0.241923 0.582169 0.552009,
        -0.295949 0.546679 0.660365,
        -0.593610 0.135103 0.269136,
        -0.648503 0.008643 0.375259,
        -0.617685 0.017106 0.225806,
        -0.617658 0.030550 0.230783,
        -0.617566 0.033024 0.231685,
        -0.648990 0.027270 0.377446,
        -0.648950 0.030664 0.377798,
        -0.648013 0.049674 0.379519,
        -0.645846 0.068900 0.380865,
        -0.616550 0.047040 0.236735,
        -0.614647 0.061546 0.241909,
        -0.611780 0.076723 0.247331,
        -0.642413 0.088438 0.381885,
        -0.637641 0.108436 0.382637,
        -0.631454 0.128974 0.383203,
        -0.607819 0.092845 0.253170,
        -0.602598 0.110202 0.259605,
        -0.601396 0.113819 0.260968,
        -0.630054 0.133116 0.383303,
        -0.621237 0.156487 0.383866,
        -0.610331 0.181193 0.384613,
        -0.597568 0.206384 0.385588,
        -0.571091 0.185578 0.288379,
        -0.583466 0.159339 0.278545,
        -0.555757 0.215815 0.300155,
        -0.540576 0.243838 0.310522,
        -0.583128 0.232694 0.387796,
        -0.569159 0.256465 0.390763,
        -0.556151 0.277478 0.394350,
        -0.526223 0.268807 0.319602,
        -0.522451 0.275212 0.321985,
        -0.508651 0.298109 0.330689,
        -0.552820 0.282772 0.395465,
        -0.540757 0.301686 0.400176,
        -0.528983 0.319867 0.405926,
        -0.517326 0.337678 0.412871,
        -0.494907 0.320186 0.339523,
        -0.481027 0.341834 0.348777,
        -0.466735 0.363472 0.358758,
        -0.452072 0.384957 0.369520,
        -0.442558 0.398468 0.376793,
        -0.505540 0.355495 0.421243,
        -0.493585 0.373303 0.431136,
        -0.485861 0.384591 0.438234,
        -0.472474 0.403572 0.451676,
        -0.426046 0.421017 0.389924,
        -0.409108 0.442839 0.403972,
        -0.391692 0.463784 0.418879,
        -0.458712 0.422080 0.466703,
        -0.444481 0.439927 0.483136,
        -0.429676 0.456961 0.500808,
        -0.373722 0.483744 0.434589,
        -0.355108 0.502644 0.451064,
        -0.414198 0.473061 0.519579,
        -0.411272 0.475910 0.523139,
        -0.393599 0.491854 0.544630,
        -0.351609 0.505998 0.454174,
        -0.330591 0.524858 0.472890,
        -0.309150 0.541910 0.491988,
        -0.356738 0.518650 0.588956,
        -0.625763 0.012983 0.302050,
        -0.626278 0.028598 0.305613,
        -0.626269 0.031460 0.306236,
        -0.625637 0.047598 0.309605,
        -0.623995 0.064138 0.312848,
        -0.621287 0.081224 0.316049,
        -0.617411 0.099074 0.319318,
        -0.612242 0.117883 0.322780,
        -0.611052 0.121744 0.323502,
        -0.603386 0.144031 0.327802,
        -0.593520 0.168559 0.332786,
        -0.581559 0.194395 0.338078,
        -0.567239 0.222862 0.344932,
        -0.553048 0.248906 0.351487,
        -0.539620 0.271992 0.357737,
        -0.536120 0.277862 0.359467,
        -0.523339 0.298820 0.366118,
        -0.510676 0.318971 0.373371,
        -0.497959 0.338691 0.381444,
        -0.484936 0.358378 0.390606,
        -0.471609 0.377950 0.400927,
        -0.462964 0.390284 0.408110,
        -0.447950 0.410909 0.421394,
        -0.432517 0.430897 0.435922,
        -0.416598 0.450081 0.451572,
        -0.400107 0.468336 0.468228,
        -0.382958 0.485563 0.485795,
        -0.379726 0.488612 0.489117,
        -0.360276 0.505683 0.509129,
        -0.340372 0.520985 0.529541,
        -0.375417 0.506106 0.566598,
        -0.320080 0.534470 0.550277,
        -0.287385 0.557061 0.511408,
        -0.264997 0.570491 0.531372,
        -0.299188 0.546263 0.571487,
        -0.277659 0.556346 0.593283,
        -0.337436 0.529556 0.611775,
        -0.254431 0.564997 0.616880,
        -0.317494 0.538810 0.635153,
        -0.232053 0.571230 0.639882,
        -0.168094 0.605616 0.619776,
        -0.142592 0.608898 0.644482,
        -0.185772 0.577691 0.689533,
        -0.116349 0.609617 0.671113,
        -0.161870 0.577522 0.717235,
        -0.210747 0.557822 0.766757,
        -0.076356 0.494976 0.320346,
        -0.106840 0.478315 0.304344,
        -0.314884 0.273325 0.196918,
        -0.307294 0.287443 0.203234,
        -0.255354 0.284276 0.197195,
        -0.261294 0.273607 0.192654,
        -0.240331 0.306324 0.206497,
        -0.249143 0.294087 0.201341,
        -0.299225 0.301202 0.209264,
        -0.291234 0.313730 0.214679,
        -0.280516 0.329110 0.221274,
        -0.268834 0.344339 0.227826,
        -0.255963 0.359617 0.234507,
        -0.239057 0.377780 0.242725,
        -0.218944 0.397176 0.252031,
        -0.183508 0.362435 0.231706,
        -0.202827 0.346214 0.223916,
        -0.218602 0.331169 0.217147,
        -0.230210 0.318647 0.211727,
        -0.162058 0.378396 0.240106,
        -0.167274 0.439153 0.275402,
        -0.197102 0.416108 0.261895,
        -0.132228 0.397988 0.251846,
        -0.101771 0.415646 0.264316,
        -0.137243 0.459737 0.289428,
        -0.070493 0.431839 0.277930,
        -0.038740 0.446690 0.292930,
        -0.109459 0.609716 0.677598,
        -0.154388 0.577568 0.724357,
        -0.202635 0.557834 0.774570,
        -0.252570 0.551181 0.826539,
        -0.102680 0.609751 0.683943,
        -0.146950 0.577584 0.731348,
        -0.194490 0.557838 0.782257,
        -0.047419 0.509195 0.336749,
        -0.019489 0.521566 0.353895,
        0.007368 0.532281 0.371779,
        0.021143 0.471281 0.325414,
        0.077181 0.491000 0.362089,
        0.103704 0.499381 0.382072,
        0.129205 0.506914 0.403194,
        0.114564 0.564295 0.461176,
        0.174481 0.519096 0.446298,
        0.124206 0.566386 0.471081,
        0.164070 0.516417 0.435661,
        0.140383 0.510062 0.413119,
        0.081887 0.556337 0.430288,
        0.092314 0.559059 0.439744,
        0.058048 0.549528 0.409953,
        0.033218 0.541554 0.390464,
        0.049655 0.481672 0.343211,
        -0.008360 0.459671 0.308653,
        -0.113968 0.557838 0.857452,
        -0.066427 0.577584 0.806543,
        -0.022158 0.609751 0.759138,
        0.229081 0.528382 0.500134,
        0.201445 0.524383 0.473080,
        0.154434 0.570507 0.500786,
        0.238492 0.529441 0.509255,
        0.185195 0.573624 0.530703,
        0.195628 0.574450 0.540771,
        0.144902 0.571261 0.980928,
        0.177032 0.569594 1.001399,
        0.198726 0.592204 0.949784,
        0.108265 0.603046 0.877400,
        0.014791 0.609157 0.793463,
        -0.118961 0.551181 0.949667,
        -0.072313 0.557769 0.895188,
        -0.024921 0.557547 0.935383,
        -0.027226 0.577313 0.842533,
        0.016851 0.576440 0.881430,
        0.035708 0.575906 0.897473,
        0.055876 0.607248 0.831024,
        0.073214 0.606078 0.846593,
        0.140831 0.599554 0.904920,
        0.074304 0.574523 0.928998,
        -0.004377 0.557411 0.951851,
        -0.045772 0.551181 1.008007,
        0.000882 0.551181 1.040550,
        0.038149 0.557060 0.983928,
        0.110719 0.572932 0.956845,
        0.170907 0.595878 0.929006,
        0.154254 0.555811 1.055595,
        0.117469 0.556233 1.035699,
        0.078806 0.556657 1.011876,
        0.130926 0.551181 1.111097,
        0.089314 0.551181 1.091913,
        0.045980 0.551181 1.068480,
        0.185743 0.555446 1.070263,
        0.191909 0.559679 1.052461,
        0.204250 0.568149 1.016836,
        0.216050 0.582062 0.982772,
        0.221946 0.589014 0.965750,
        0.269797 0.532455 0.541237,
        0.285252 0.576411 0.637757,
        0.328783 0.535217 0.609276,
        0.300123 0.534348 0.574755,
        0.256685 0.577059 0.604685,
        0.311839 0.574615 0.671035,
        0.336928 0.571704 0.704947,
        0.355321 0.535189 0.644527,
        0.379925 0.534311 0.680623,
        0.422454 0.530343 0.753970,
        0.467769 0.524396 0.916165,
        0.483152 0.513919 0.912635,
        0.477116 0.516768 0.890092,
        0.452387 0.534874 0.919693,
        0.466525 0.520737 0.856609,
        0.431299 0.546076 0.868115,
        0.444436 0.539511 0.898957,
        0.439174 0.527602 0.788372,
        0.453870 0.524377 0.822644,
        0.416418 0.552266 0.836783,
        0.399831 0.557970 0.805115,
        0.381566 0.563093 0.773248,
        0.361627 0.567547 0.741277,
        0.403697 0.532541 0.719547,
        0.226451 0.576458 0.572034,
        0.284331 0.553244 1.077687,
        0.298527 0.568574 1.025386,
        0.341246 0.556981 1.045682,
        0.362772 0.549882 1.055008,
        0.468330 0.505471 1.077639,
        0.464419 0.509106 1.070866,
        0.460772 0.510355 1.073098,
        0.449104 0.514939 1.076504,
        0.454817 0.512617 1.075380,
        0.459694 0.510747 1.073619,
        0.445618 0.510753 1.097186,
        0.453367 0.508031 1.094935,
        0.460241 0.505671 1.092118,
        0.466247 0.503689 1.088806,
        0.467596 0.503259 1.087925,
        0.472240 0.501835 1.084412,
        0.438385 0.519491 1.076836,
        0.442546 0.517706 1.076926,
        0.440761 0.512471 1.098208,
        0.428245 0.523873 1.075763,
        0.416639 0.528854 1.073460,
        0.383107 0.542448 1.063008,
        0.403522 0.534342 1.069904,
        0.378189 0.533087 1.097439,
        0.401039 0.526069 1.099761,
        0.415840 0.521164 1.100255,
        0.429062 0.516598 1.099732,
        0.355559 0.539271 1.093843,
        0.331680 0.544904 1.089073,
        0.313080 0.548633 1.084849,
        0.324461 0.561939 1.037947,
        0.273571 0.573760 1.012757,
        0.256589 0.556366 1.070277,
        0.245355 0.578192 0.998022,
        0.225026 0.558357 1.061524,
        0.470106 0.504846 1.076078,
        0.471837 0.504361 1.074411,
        0.473493 0.503929 1.072599,
        0.475054 0.503559 1.070659,
        0.477909 0.503000 1.066352,
        0.478930 0.502848 1.064499,
        0.481293 0.502641 1.059293,
        0.483285 0.502705 1.053351,
        0.484885 0.503059 1.046554,
        0.486050 0.503723 1.038828,
        0.486639 0.504495 1.031868,
        0.486872 0.506062 1.020110,
        0.486262 0.508067 1.007022,
        0.485828 0.508891 1.001965,
        0.483391 0.512144 0.982960,
        0.479518 0.515852 0.962143,
        0.474204 0.519868 0.939739,
      ]
    }
    coordIndex [
      936, 935, 1154, -1,
      1155, 989, 920, -1,
      921, 925, 1156, -1,
      1156, 925, 926, -1,
      931, 1157, 927, -1,
      927, 1157, 928, -1,
      931, 930, 1157, -1,
      1157, 930, 934, -1,
      1157, 934, 1158, -1,
      921, 1156, 922, -1,
      922, 1156, 1159, -1,
      922, 1159, 923, -1,
      923, 1159, 924, -1,
      924, 1159, 1160, -1,
      924, 1160, 919, -1,
      1161, 1160, 1162, -1,
      1162, 1160, 1159, -1,
      1162, 1159, 1163, -1,
      1163, 1159, 1156, -1,
      1163, 1156, 1164, -1,
      1164, 1156, 926, -1,
      1164, 926, 929, -1,
      1165, 1166, 1167, -1,
      1167, 1166, 1168, -1,
      1167, 1168, 1169, -1,
      1169, 1168, 1170, -1,
      1169, 1170, 1171, -1,
      1171, 1170, 1158, -1,
      1171, 1158, 1172, -1,
      919, 1160, 920, -1,
      920, 1160, 1173, -1,
      920, 1173, 1155, -1,
      1174, 1175, 1176, -1,
      1176, 1175, 1177, -1,
      1176, 1177, 1178, -1,
      1179, 1180, 1165, -1,
      1181, 1177, 1182, -1,
      1182, 1177, 1175, -1,
      1182, 1175, 1183, -1,
      1183, 1175, 1174, -1,
      1183, 1174, 1184, -1,
      1185, 1186, 1187, -1,
      940, 944, 1188, -1,
      1188, 944, 1189, -1,
      1189, 944, 945, -1,
      1189, 945, 949, -1,
      949, 948, 1189, -1,
      1189, 948, 947, -1,
      1189, 947, 1185, -1,
      935, 991, 1154, -1,
      1154, 991, 826, -1,
      1154, 826, 825, -1,
      823, 938, 824, -1,
      824, 938, 937, -1,
      932, 990, 1172, -1,
      1158, 934, 1172, -1,
      1172, 934, 933, -1,
      1172, 933, 932, -1,
      943, 942, 1188, -1,
      1188, 942, 941, -1,
      1188, 941, 940, -1,
      939, 1154, 823, -1,
      823, 1154, 825, -1,
      823, 825, 938, -1,
      1190, 1191, 1181, -1,
      1181, 1191, 1192, -1,
      1181, 1192, 1177, -1,
      1177, 1192, 1193, -1,
      1177, 1193, 1194, -1,
      1195, 1196, 1161, -1,
      1161, 1196, 1197, -1,
      1161, 1197, 1160, -1,
      1160, 1197, 1198, -1,
      1160, 1198, 1173, -1,
      1180, 1199, 1165, -1,
      1165, 1199, 1200, -1,
      1165, 1200, 1166, -1,
      1166, 1200, 1201, -1,
      1201, 1195, 1166, -1,
      1166, 1195, 1161, -1,
      1166, 1161, 1168, -1,
      1168, 1161, 1162, -1,
      1168, 1162, 1170, -1,
      1170, 1162, 1163, -1,
      1170, 1163, 1158, -1,
      1158, 1163, 1164, -1,
      1158, 1164, 1157, -1,
      1157, 1164, 929, -1,
      1157, 929, 928, -1,
      1185, 947, 1186, -1,
      1186, 947, 946, -1,
      1186, 946, 1202, -1,
      1202, 946, 953, -1,
      1202, 953, 954, -1,
      1187, 1182, 1185, -1,
      1185, 1182, 1183, -1,
      1185, 1183, 1189, -1,
      1189, 1183, 1184, -1,
      1189, 1184, 1188, -1,
      1188, 1184, 1154, -1,
      1188, 1154, 943, -1,
      943, 1154, 939, -1,
      990, 936, 1172, -1,
      1172, 936, 1154, -1,
      1172, 1154, 1171, -1,
      1171, 1154, 1184, -1,
      1171, 1184, 1169, -1,
      1169, 1184, 1174, -1,
      1169, 1174, 1167, -1,
      1167, 1174, 1176, -1,
      1167, 1176, 1165, -1,
      1165, 1176, 1178, -1,
      1165, 1178, 1179, -1,
      1179, 1178, 1177, -1,
      1179, 1177, 1203, -1,
      1203, 1177, 1194, -1,
      1125, 1124, 1204, -1,
      306, 311, 1205, -1,
      1206, 1207, 1208, -1,
      1209, 291, 290, -1,
      1207, 1210, 1208, -1,
      1208, 1210, 1211, -1,
      1208, 1211, 1212, -1,
      1213, 1190, 1214, -1,
      1194, 1193, 1215, -1,
      1215, 1193, 1192, -1,
      1215, 1192, 1213, -1,
      1213, 1192, 1191, -1,
      1213, 1191, 1190, -1,
      1216, 1201, 1200, -1,
      1200, 1199, 1216, -1,
      1216, 1199, 1180, -1,
      1216, 1180, 1179, -1,
      1216, 1153, 1152, -1,
      1201, 1216, 1195, -1,
      1195, 1216, 1152, -1,
      1195, 1152, 1196, -1,
      1151, 1077, 1155, -1,
      1155, 1077, 1076, -1,
      1155, 1076, 989, -1,
      1155, 1173, 1151, -1,
      1151, 1173, 1198, -1,
      1151, 1198, 1152, -1,
      1152, 1198, 1197, -1,
      1152, 1197, 1196, -1,
      1217, 1149, 1150, -1,
      1203, 1218, 1179, -1,
      1179, 1218, 1217, -1,
      1179, 1217, 1216, -1,
      1216, 1217, 1150, -1,
      1216, 1150, 1153, -1,
      1149, 1217, 1148, -1,
      1148, 1217, 1218, -1,
      1148, 1218, 1147, -1,
      1147, 1218, 1219, -1,
      1147, 1219, 1144, -1,
      1144, 1219, 1220, -1,
      1144, 1220, 1145, -1,
      1145, 1220, 1146, -1,
      1146, 1220, 1221, -1,
      1146, 1221, 1140, -1,
      1140, 1221, 1222, -1,
      1140, 1222, 1141, -1,
      1141, 1222, 1223, -1,
      1141, 1223, 1142, -1,
      1212, 1209, 1208, -1,
      1208, 1209, 290, -1,
      1208, 290, 1224, -1,
      1224, 290, 289, -1,
      1224, 289, 1225, -1,
      1225, 289, 300, -1,
      1225, 300, 1226, -1,
      1226, 300, 299, -1,
      1226, 299, 1227, -1,
      1228, 1138, 1229, -1,
      1229, 1138, 1137, -1,
      1229, 1137, 1230, -1,
      1230, 1137, 1136, -1,
      1230, 1136, 1223, -1,
      1223, 1136, 1143, -1,
      1223, 1143, 1142, -1,
      299, 298, 1227, -1,
      1227, 298, 297, -1,
      1227, 297, 1231, -1,
      1231, 297, 296, -1,
      1231, 296, 1232, -1,
      1233, 1133, 1234, -1,
      1234, 1133, 1132, -1,
      1234, 1132, 1228, -1,
      1228, 1132, 1139, -1,
      1228, 1139, 1138, -1,
      1235, 1135, 1233, -1,
      1233, 1135, 1134, -1,
      1233, 1134, 1133, -1,
      296, 295, 1232, -1,
      1232, 295, 305, -1,
      1232, 305, 1236, -1,
      1236, 305, 304, -1,
      1236, 304, 1237, -1,
      1237, 304, 303, -1,
      1237, 303, 1238, -1,
      1239, 1130, 1240, -1,
      1240, 1130, 1079, -1,
      1240, 1079, 1235, -1,
      1235, 1079, 1078, -1,
      1235, 1078, 1135, -1,
      303, 302, 1238, -1,
      1238, 302, 301, -1,
      1238, 301, 1241, -1,
      1241, 301, 308, -1,
      1241, 308, 1242, -1,
      1214, 1243, 1213, -1,
      1213, 1243, 1244, -1,
      1213, 1244, 1245, -1,
      1245, 1244, 1206, -1,
      1245, 1206, 1246, -1,
      1246, 1206, 1208, -1,
      1246, 1208, 1247, -1,
      1247, 1208, 1224, -1,
      1247, 1224, 1248, -1,
      1248, 1224, 1225, -1,
      1248, 1225, 1249, -1,
      1249, 1225, 1226, -1,
      1249, 1226, 1250, -1,
      1250, 1226, 1227, -1,
      1250, 1227, 1251, -1,
      1251, 1227, 1231, -1,
      1251, 1231, 1252, -1,
      1252, 1231, 1232, -1,
      1252, 1232, 1253, -1,
      1253, 1232, 1236, -1,
      1253, 1236, 1254, -1,
      1254, 1236, 1237, -1,
      1254, 1237, 1255, -1,
      1255, 1237, 1238, -1,
      1255, 1238, 1256, -1,
      1256, 1238, 1241, -1,
      1256, 1241, 1257, -1,
      1257, 1241, 1242, -1,
      1257, 1242, 1258, -1,
      1203, 1194, 1218, -1,
      1218, 1194, 1215, -1,
      1218, 1215, 1219, -1,
      1219, 1215, 1213, -1,
      1219, 1213, 1220, -1,
      1220, 1213, 1245, -1,
      1220, 1245, 1221, -1,
      1221, 1245, 1246, -1,
      1221, 1246, 1222, -1,
      1222, 1246, 1247, -1,
      1222, 1247, 1223, -1,
      1223, 1247, 1248, -1,
      1223, 1248, 1230, -1,
      1230, 1248, 1249, -1,
      1230, 1249, 1229, -1,
      1229, 1249, 1250, -1,
      1229, 1250, 1228, -1,
      1228, 1250, 1251, -1,
      1228, 1251, 1234, -1,
      1234, 1251, 1252, -1,
      1234, 1252, 1233, -1,
      1233, 1252, 1253, -1,
      1233, 1253, 1235, -1,
      1235, 1253, 1254, -1,
      1235, 1254, 1240, -1,
      1240, 1254, 1255, -1,
      1240, 1255, 1239, -1,
      1239, 1255, 1256, -1,
      1239, 1256, 1259, -1,
      1259, 1256, 1257, -1,
      1259, 1257, 1260, -1,
      1260, 1257, 1258, -1,
      1260, 1258, 1261, -1,
      1122, 1126, 1261, -1,
      1261, 1126, 1127, -1,
      1261, 1127, 1260, -1,
      1260, 1127, 1128, -1,
      1260, 1128, 1259, -1,
      1259, 1128, 1129, -1,
      1259, 1129, 1239, -1,
      1239, 1129, 1131, -1,
      1239, 1131, 1130, -1,
      1123, 1122, 1262, -1,
      1262, 1122, 1261, -1,
      1262, 1261, 1263, -1,
      1263, 1261, 1258, -1,
      1263, 1258, 1264, -1,
      1264, 1258, 1242, -1,
      1264, 1242, 307, -1,
      307, 1242, 308, -1,
      310, 309, 1265, -1,
      1265, 309, 1266, -1,
      1265, 1266, 1267, -1,
      311, 310, 1205, -1,
      1205, 310, 1265, -1,
      1205, 1265, 1268, -1,
      1268, 1265, 1267, -1,
      1268, 1267, 1204, -1,
      1124, 1123, 1204, -1,
      1204, 1123, 1262, -1,
      1204, 1262, 1268, -1,
      1268, 1262, 1263, -1,
      1268, 1263, 1205, -1,
      1205, 1263, 1264, -1,
      1205, 1264, 306, -1,
      306, 1264, 307, -1,
      1120, 1125, 1269, -1,
      1269, 1125, 1204, -1,
      1269, 1204, 1270, -1,
      1270, 1204, 1267, -1,
      1270, 1267, 1271, -1,
      1271, 1267, 1266, -1,
      1271, 1266, 47, -1,
      47, 1266, 309, -1,
      1272, 1273, 1274, -1,
      954, 1275, 1202, -1,
      1202, 1275, 1272, -1,
      1202, 1272, 1186, -1,
      1186, 1272, 1274, -1,
      1186, 1274, 1187, -1,
      1187, 1274, 1276, -1,
      1187, 1276, 1182, -1,
      291, 1209, 1277, -1,
      1277, 1209, 1212, -1,
      1277, 1212, 1278, -1,
      1212, 1211, 1278, -1,
      1278, 1211, 1210, -1,
      1278, 1210, 1274, -1,
      1274, 1210, 1207, -1,
      1207, 1206, 1274, -1,
      1274, 1206, 1244, -1,
      1274, 1244, 1276, -1,
      1276, 1244, 1243, -1,
      1276, 1243, 1182, -1,
      1182, 1243, 1214, -1,
      1182, 1214, 1181, -1,
      1181, 1214, 1190, -1,
      1279, 1280, 1277, -1,
      1277, 1280, 291, -1,
      1281, 1282, 1278, -1,
      1278, 1282, 1283, -1,
      1278, 1283, 1277, -1,
      1277, 1283, 1284, -1,
      1277, 1284, 1279, -1,
      1273, 1285, 1274, -1,
      1274, 1285, 1286, -1,
      1274, 1286, 1278, -1,
      1278, 1286, 1287, -1,
      1278, 1287, 1281, -1,
      1271, 47, 46, -1,
      1270, 1271, 1288, -1,
      1271, 46, 1288, -1,
      1288, 46, 45, -1,
      1288, 45, 1289, -1,
      1289, 45, 108, -1,
      1289, 108, 1290, -1,
      1291, 1118, 1292, -1,
      1292, 1118, 1119, -1,
      1292, 1119, 1293, -1,
      1293, 1119, 1121, -1,
      1293, 1121, 1120, -1,
      108, 107, 1290, -1,
      1290, 107, 52, -1,
      1290, 52, 1294, -1,
      1295, 1115, 1296, -1,
      1296, 1115, 1116, -1,
      1296, 1116, 1291, -1,
      1291, 1116, 1117, -1,
      1291, 1117, 1118, -1,
      1297, 1113, 1298, -1,
      1298, 1113, 1112, -1,
      1298, 1112, 1295, -1,
      1295, 1112, 1111, -1,
      1295, 1111, 1115, -1,
      52, 51, 1294, -1,
      1294, 51, 50, -1,
      1294, 50, 1299, -1,
      1299, 50, 49, -1,
      1299, 49, 1300, -1,
      1300, 49, 48, -1,
      1300, 48, 1301, -1,
      1301, 48, 59, -1,
      1301, 59, 1302, -1,
      1303, 1108, 1304, -1,
      1304, 1108, 1107, -1,
      1304, 1107, 1305, -1,
      1305, 1107, 1106, -1,
      1305, 1106, 1297, -1,
      1297, 1106, 1114, -1,
      1297, 1114, 1113, -1,
      1306, 1110, 1303, -1,
      1303, 1110, 1109, -1,
      1303, 1109, 1108, -1,
      59, 58, 1302, -1,
      1302, 58, 57, -1,
      1302, 57, 1307, -1,
      1307, 57, 56, -1,
      1307, 56, 1308, -1,
      1308, 56, 55, -1,
      1308, 55, 1309, -1,
      1309, 55, 54, -1,
      1309, 54, 1310, -1,
      54, 53, 1310, -1,
      1310, 53, 61, -1,
      1310, 61, 1311, -1,
      1311, 61, 60, -1,
      1311, 60, 1312, -1,
      1313, 1101, 1314, -1,
      1314, 1101, 1100, -1,
      1314, 1100, 1315, -1,
      1315, 1100, 1081, -1,
      1315, 1081, 1316, -1,
      1316, 1081, 1080, -1,
      1316, 1080, 1317, -1,
      1317, 1080, 1104, -1,
      1317, 1104, 1306, -1,
      1306, 1104, 1105, -1,
      1306, 1105, 1110, -1,
      60, 62, 1312, -1,
      1312, 62, 63, -1,
      1312, 63, 1318, -1,
      1318, 63, 64, -1,
      1318, 64, 1319, -1,
      1319, 64, 69, -1,
      1319, 69, 1320, -1,
      1321, 1103, 1313, -1,
      1313, 1103, 1102, -1,
      1313, 1102, 1101, -1,
      69, 68, 1320, -1,
      1320, 68, 67, -1,
      1320, 67, 1322, -1,
      1323, 1097, 1324, -1,
      1324, 1097, 1096, -1,
      1324, 1096, 1321, -1,
      1321, 1096, 1099, -1,
      1321, 1099, 1103, -1,
      67, 66, 1322, -1,
      1322, 66, 65, -1,
      1322, 65, 1325, -1,
      1325, 65, 73, -1,
      1325, 73, 1326, -1,
      1326, 73, 72, -1,
      1326, 72, 1327, -1,
      1327, 72, 71, -1,
      1327, 71, 1328, -1,
      1329, 1093, 1330, -1,
      1330, 1093, 1092, -1,
      1330, 1092, 1331, -1,
      1331, 1092, 1091, -1,
      1331, 1091, 1323, -1,
      1323, 1091, 1098, -1,
      1323, 1098, 1097, -1,
      1332, 1095, 1329, -1,
      1329, 1095, 1094, -1,
      1329, 1094, 1093, -1,
      1333, 1090, 1334, -1,
      1334, 1090, 1089, -1,
      1334, 1089, 1332, -1,
      1332, 1089, 1088, -1,
      1332, 1088, 1095, -1,
      71, 70, 1328, -1,
      1328, 70, 77, -1,
      1328, 77, 1335, -1,
      1335, 77, 76, -1,
      1335, 76, 1336, -1,
      1336, 76, 75, -1,
      1336, 75, 1337, -1,
      1337, 75, 74, -1,
      1337, 74, 1338, -1,
      74, 81, 1338, -1,
      1338, 81, 80, -1,
      1338, 80, 1339, -1,
      1339, 80, 79, -1,
      1339, 79, 1340, -1,
      1340, 1341, 1339, -1,
      1339, 1341, 1342, -1,
      1339, 1342, 1338, -1,
      1338, 1342, 1343, -1,
      1338, 1343, 1337, -1,
      1337, 1343, 1344, -1,
      1337, 1344, 1336, -1,
      1336, 1344, 1345, -1,
      1336, 1345, 1335, -1,
      1335, 1345, 1346, -1,
      1335, 1346, 1328, -1,
      1328, 1346, 1347, -1,
      1328, 1347, 1327, -1,
      1327, 1347, 1348, -1,
      1327, 1348, 1326, -1,
      1326, 1348, 1349, -1,
      1326, 1349, 1325, -1,
      1325, 1349, 1350, -1,
      1325, 1350, 1322, -1,
      1322, 1350, 1351, -1,
      1322, 1351, 1320, -1,
      1320, 1351, 1352, -1,
      1320, 1352, 1319, -1,
      1319, 1352, 1353, -1,
      1319, 1353, 1318, -1,
      1318, 1353, 1354, -1,
      1318, 1354, 1312, -1,
      1312, 1354, 1355, -1,
      1312, 1355, 1311, -1,
      1311, 1355, 1356, -1,
      1311, 1356, 1310, -1,
      1310, 1356, 1357, -1,
      1310, 1357, 1309, -1,
      1309, 1357, 1358, -1,
      1309, 1358, 1308, -1,
      1308, 1358, 1359, -1,
      1308, 1359, 1307, -1,
      1307, 1359, 1360, -1,
      1307, 1360, 1302, -1,
      1302, 1360, 1361, -1,
      1302, 1361, 1301, -1,
      1301, 1361, 1362, -1,
      1301, 1362, 1300, -1,
      1300, 1362, 1363, -1,
      1300, 1363, 1299, -1,
      1299, 1363, 1364, -1,
      1299, 1364, 1294, -1,
      1294, 1364, 1365, -1,
      1294, 1365, 1290, -1,
      1290, 1365, 1366, -1,
      1290, 1366, 1289, -1,
      1289, 1366, 1367, -1,
      1289, 1367, 1288, -1,
      1288, 1367, 1368, -1,
      1288, 1368, 1270, -1,
      1270, 1368, 1269, -1,
      1341, 1369, 1342, -1,
      1342, 1369, 1370, -1,
      1342, 1370, 1343, -1,
      1343, 1370, 1371, -1,
      1343, 1371, 1344, -1,
      1344, 1371, 1333, -1,
      1344, 1333, 1345, -1,
      1345, 1333, 1334, -1,
      1345, 1334, 1346, -1,
      1346, 1334, 1332, -1,
      1346, 1332, 1347, -1,
      1347, 1332, 1329, -1,
      1347, 1329, 1348, -1,
      1348, 1329, 1330, -1,
      1348, 1330, 1349, -1,
      1349, 1330, 1331, -1,
      1349, 1331, 1350, -1,
      1350, 1331, 1323, -1,
      1350, 1323, 1351, -1,
      1351, 1323, 1324, -1,
      1351, 1324, 1352, -1,
      1352, 1324, 1321, -1,
      1352, 1321, 1353, -1,
      1353, 1321, 1313, -1,
      1353, 1313, 1354, -1,
      1354, 1313, 1314, -1,
      1354, 1314, 1355, -1,
      1355, 1314, 1315, -1,
      1355, 1315, 1356, -1,
      1356, 1315, 1316, -1,
      1356, 1316, 1357, -1,
      1357, 1316, 1317, -1,
      1357, 1317, 1358, -1,
      1358, 1317, 1306, -1,
      1358, 1306, 1359, -1,
      1359, 1306, 1303, -1,
      1359, 1303, 1360, -1,
      1360, 1303, 1304, -1,
      1360, 1304, 1361, -1,
      1361, 1304, 1305, -1,
      1361, 1305, 1362, -1,
      1362, 1305, 1297, -1,
      1362, 1297, 1363, -1,
      1363, 1297, 1298, -1,
      1363, 1298, 1364, -1,
      1364, 1298, 1295, -1,
      1364, 1295, 1365, -1,
      1365, 1295, 1296, -1,
      1365, 1296, 1366, -1,
      1366, 1296, 1291, -1,
      1366, 1291, 1367, -1,
      1367, 1291, 1292, -1,
      1367, 1292, 1368, -1,
      1368, 1292, 1293, -1,
      1368, 1293, 1269, -1,
      1269, 1293, 1120, -1,
      1083, 1082, 1369, -1,
      1369, 1082, 1087, -1,
      1369, 1087, 1370, -1,
      1370, 1087, 1086, -1,
      1370, 1086, 1371, -1,
      1371, 1086, 1085, -1,
      1371, 1085, 1333, -1,
      1333, 1085, 1084, -1,
      1333, 1084, 1090, -1,
      915, 1083, 1372, -1,
      1372, 1083, 1369, -1,
      1372, 1369, 1373, -1,
      1373, 1369, 1341, -1,
      1373, 1341, 1374, -1,
      1374, 1341, 1340, -1,
      1374, 1340, 78, -1,
      78, 1340, 79, -1,
      970, 969, 1375, -1,
      966, 971, 1376, -1,
      1285, 1273, 951, -1,
      951, 1273, 1272, -1,
      951, 1272, 952, -1,
      952, 1272, 1275, -1,
      952, 1275, 954, -1,
      1281, 1287, 1377, -1,
      1377, 1287, 1286, -1,
      1377, 1286, 1285, -1,
      1281, 1377, 1282, -1,
      1282, 1377, 1378, -1,
      1282, 1378, 1283, -1,
      1379, 1280, 1380, -1,
      1380, 1280, 1279, -1,
      1380, 1279, 1284, -1,
      1285, 951, 1377, -1,
      1377, 951, 950, -1,
      1377, 950, 1378, -1,
      1381, 293, 1382, -1,
      1382, 293, 292, -1,
      1382, 292, 1379, -1,
      1379, 292, 291, -1,
      1379, 291, 1280, -1,
      950, 956, 1378, -1,
      1378, 956, 955, -1,
      1378, 955, 1383, -1,
      1383, 955, 959, -1,
      1383, 959, 1384, -1,
      1384, 959, 958, -1,
      1384, 958, 1385, -1,
      1385, 958, 957, -1,
      1385, 957, 1386, -1,
      1386, 957, 822, -1,
      1386, 822, 1387, -1,
      822, 821, 1387, -1,
      1387, 821, 960, -1,
      1387, 960, 1388, -1,
      1388, 960, 961, -1,
      1388, 961, 1389, -1,
      1390, 284, 1391, -1,
      1391, 284, 288, -1,
      1391, 288, 1392, -1,
      1392, 288, 287, -1,
      1392, 287, 1393, -1,
      1393, 287, 286, -1,
      1393, 286, 1381, -1,
      1381, 286, 294, -1,
      1381, 294, 293, -1,
      1394, 283, 1390, -1,
      1390, 283, 285, -1,
      1390, 285, 284, -1,
      962, 1395, 963, -1,
      963, 1395, 1396, -1,
      963, 1396, 964, -1,
      964, 1396, 1389, -1,
      964, 1389, 965, -1,
      965, 1389, 961, -1,
      1284, 1283, 1380, -1,
      1380, 1283, 1378, -1,
      1380, 1378, 1379, -1,
      1379, 1378, 1383, -1,
      1379, 1383, 1382, -1,
      1382, 1383, 1384, -1,
      1382, 1384, 1381, -1,
      1381, 1384, 1385, -1,
      1381, 1385, 1393, -1,
      1393, 1385, 1386, -1,
      1393, 1386, 1392, -1,
      1392, 1386, 1387, -1,
      1392, 1387, 1391, -1,
      1391, 1387, 1388, -1,
      1391, 1388, 1390, -1,
      1390, 1388, 1389, -1,
      1390, 1389, 1394, -1,
      1394, 1389, 1396, -1,
      1394, 1396, 1397, -1,
      1397, 1396, 1395, -1,
      1397, 1395, 1398, -1,
      281, 280, 1398, -1,
      1398, 280, 279, -1,
      1398, 279, 1397, -1,
      1397, 279, 278, -1,
      1397, 278, 1394, -1,
      1394, 278, 282, -1,
      1394, 282, 283, -1,
      967, 966, 1399, -1,
      1399, 966, 1376, -1,
      1399, 1376, 1400, -1,
      277, 281, 1400, -1,
      1400, 281, 1398, -1,
      1400, 1398, 1399, -1,
      1399, 1398, 1395, -1,
      1399, 1395, 967, -1,
      967, 1395, 962, -1,
      121, 277, 1401, -1,
      1401, 277, 1400, -1,
      1401, 1400, 1375, -1,
      1375, 1400, 1376, -1,
      1375, 1376, 970, -1,
      970, 1376, 971, -1,
      99, 105, 1402, -1,
      78, 85, 1374, -1,
      1374, 85, 1403, -1,
      1374, 1403, 1373, -1,
      85, 84, 1403, -1,
      1403, 84, 83, -1,
      1403, 83, 1404, -1,
      1404, 83, 82, -1,
      1404, 82, 1405, -1,
      1406, 918, 1407, -1,
      1407, 918, 917, -1,
      1407, 917, 1408, -1,
      1408, 917, 916, -1,
      1408, 916, 915, -1,
      82, 86, 1405, -1,
      1405, 86, 87, -1,
      1405, 87, 1409, -1,
      1409, 87, 92, -1,
      1409, 92, 1410, -1,
      828, 827, 1411, -1,
      1411, 827, 914, -1,
      1411, 914, 1412, -1,
      1412, 914, 913, -1,
      1412, 913, 1406, -1,
      1406, 913, 912, -1,
      1406, 912, 918, -1,
      828, 1411, 829, -1,
      829, 1411, 1413, -1,
      829, 1413, 907, -1,
      907, 1413, 1414, -1,
      907, 1414, 908, -1,
      92, 91, 1410, -1,
      1410, 91, 90, -1,
      1410, 90, 1415, -1,
      1415, 90, 89, -1,
      1415, 89, 1416, -1,
      1416, 89, 88, -1,
      1416, 88, 1417, -1,
      908, 1414, 909, -1,
      909, 1414, 1418, -1,
      909, 1418, 910, -1,
      910, 1418, 1419, -1,
      910, 1419, 911, -1,
      88, 93, 1417, -1,
      1417, 93, 94, -1,
      1417, 94, 1420, -1,
      1420, 94, 98, -1,
      1420, 98, 1421, -1,
      911, 1419, 903, -1,
      903, 1419, 1422, -1,
      903, 1422, 904, -1,
      904, 1422, 1423, -1,
      904, 1423, 905, -1,
      98, 97, 1421, -1,
      1421, 97, 96, -1,
      1421, 96, 1424, -1,
      1424, 96, 95, -1,
      1424, 95, 1425, -1,
      95, 102, 1425, -1,
      1425, 102, 101, -1,
      1425, 101, 1426, -1,
      1426, 101, 100, -1,
      1426, 100, 1427, -1,
      1372, 1373, 1428, -1,
      1428, 1373, 1403, -1,
      1428, 1403, 1429, -1,
      1429, 1403, 1404, -1,
      1429, 1404, 1430, -1,
      1430, 1404, 1405, -1,
      1430, 1405, 1431, -1,
      1431, 1405, 1409, -1,
      1431, 1409, 1432, -1,
      1432, 1409, 1410, -1,
      1432, 1410, 1433, -1,
      1433, 1410, 1415, -1,
      1433, 1415, 1434, -1,
      1434, 1415, 1416, -1,
      1434, 1416, 1435, -1,
      1435, 1416, 1417, -1,
      1435, 1417, 1436, -1,
      1436, 1417, 1420, -1,
      1436, 1420, 1437, -1,
      1437, 1420, 1421, -1,
      1437, 1421, 1438, -1,
      1438, 1421, 1424, -1,
      1438, 1424, 1439, -1,
      1439, 1424, 1425, -1,
      1439, 1425, 1440, -1,
      1440, 1425, 1426, -1,
      1440, 1426, 1441, -1,
      1441, 1426, 1427, -1,
      1441, 1427, 1442, -1,
      915, 1372, 1408, -1,
      1408, 1372, 1428, -1,
      1408, 1428, 1407, -1,
      1407, 1428, 1429, -1,
      1407, 1429, 1406, -1,
      1406, 1429, 1430, -1,
      1406, 1430, 1412, -1,
      1412, 1430, 1431, -1,
      1412, 1431, 1411, -1,
      1411, 1431, 1432, -1,
      1411, 1432, 1413, -1,
      1413, 1432, 1433, -1,
      1413, 1433, 1414, -1,
      1414, 1433, 1434, -1,
      1414, 1434, 1418, -1,
      1418, 1434, 1435, -1,
      1418, 1435, 1419, -1,
      1419, 1435, 1436, -1,
      1419, 1436, 1422, -1,
      1422, 1436, 1437, -1,
      1422, 1437, 1423, -1,
      1423, 1437, 1438, -1,
      1423, 1438, 1443, -1,
      1443, 1438, 1439, -1,
      1443, 1439, 1444, -1,
      1444, 1439, 1440, -1,
      1444, 1440, 1445, -1,
      1445, 1440, 1441, -1,
      1445, 1441, 1446, -1,
      1446, 1441, 1442, -1,
      1446, 1442, 1447, -1,
      1447, 901, 1446, -1,
      1446, 901, 900, -1,
      1446, 900, 1445, -1,
      1445, 900, 902, -1,
      1445, 902, 1444, -1,
      1444, 902, 831, -1,
      1444, 831, 1443, -1,
      1443, 831, 830, -1,
      1443, 830, 1423, -1,
      1423, 830, 906, -1,
      1423, 906, 905, -1,
      104, 103, 1448, -1,
      1448, 103, 1449, -1,
      1448, 1449, 1450, -1,
      105, 104, 1402, -1,
      1402, 104, 1448, -1,
      1402, 1448, 1451, -1,
      1451, 1448, 1450, -1,
      1451, 1450, 1452, -1,
      834, 833, 1447, -1,
      1447, 833, 832, -1,
      1447, 832, 901, -1,
      897, 834, 1452, -1,
      1452, 834, 1447, -1,
      1452, 1447, 1451, -1,
      1451, 1447, 1442, -1,
      1451, 1442, 1402, -1,
      1402, 1442, 1427, -1,
      1402, 1427, 99, -1,
      99, 1427, 100, -1,
      898, 897, 1453, -1,
      1453, 897, 1452, -1,
      1453, 1452, 1454, -1,
      1454, 1452, 1450, -1,
      1454, 1450, 1455, -1,
      1455, 1450, 1449, -1,
      1455, 1449, 106, -1,
      106, 1449, 103, -1,
      968, 972, 1456, -1,
      973, 974, 1457, -1,
      975, 977, 1458, -1,
      120, 119, 1459, -1,
      112, 118, 1460, -1,
      113, 1461, 1462, -1,
      1463, 985, 986, -1,
      1464, 207, 111, -1,
      1465, 1464, 1466, -1,
      1464, 111, 1466, -1,
      1466, 111, 110, -1,
      1466, 110, 1467, -1,
      1468, 984, 1469, -1,
      1469, 984, 983, -1,
      1469, 983, 1463, -1,
      1463, 983, 982, -1,
      1463, 982, 985, -1,
      110, 109, 1467, -1,
      1467, 109, 114, -1,
      1467, 114, 1462, -1,
      1462, 114, 115, -1,
      1462, 115, 113, -1,
      986, 1465, 1463, -1,
      1463, 1465, 1466, -1,
      1463, 1466, 1469, -1,
      1469, 1466, 1467, -1,
      1469, 1467, 1468, -1,
      1468, 1467, 1462, -1,
      1468, 1462, 1470, -1,
      1470, 1462, 1461, -1,
      1470, 1461, 1471, -1,
      976, 981, 1471, -1,
      1471, 981, 980, -1,
      1471, 980, 1470, -1,
      1470, 980, 979, -1,
      1470, 979, 1468, -1,
      1468, 979, 978, -1,
      1468, 978, 984, -1,
      977, 976, 1458, -1,
      1458, 976, 1471, -1,
      1458, 1471, 1460, -1,
      1460, 1471, 1461, -1,
      1460, 1461, 112, -1,
      112, 1461, 113, -1,
      120, 1459, 116, -1,
      974, 975, 1457, -1,
      1457, 975, 1458, -1,
      1457, 1458, 1472, -1,
      1472, 1458, 1460, -1,
      1472, 1460, 117, -1,
      117, 1460, 118, -1,
      119, 122, 1459, -1,
      1459, 122, 1473, -1,
      1459, 1473, 1456, -1,
      972, 973, 1456, -1,
      1456, 973, 1457, -1,
      1456, 1457, 1459, -1,
      1459, 1457, 1472, -1,
      1459, 1472, 116, -1,
      116, 1472, 117, -1,
      969, 968, 1375, -1,
      1375, 968, 1456, -1,
      1375, 1456, 1401, -1,
      1401, 1456, 1473, -1,
      1401, 1473, 121, -1,
      121, 1473, 122, -1,
      226, 225, 1474, -1,
      852, 853, 1475, -1,
      1476, 1477, 1478, -1,
      850, 857, 1479, -1,
      856, 855, 1480, -1,
      273, 272, 1481, -1,
      854, 860, 1482, -1,
      276, 271, 1483, -1,
      267, 266, 1484, -1,
      864, 863, 1485, -1,
      861, 866, 1486, -1,
      263, 262, 1487, -1,
      842, 841, 1488, -1,
      260, 259, 1489, -1,
      256, 1490, 1491, -1,
      885, 884, 1492, -1,
      1455, 106, 233, -1,
      1454, 1455, 1493, -1,
      898, 1494, 899, -1,
      899, 1494, 1495, -1,
      899, 1495, 896, -1,
      896, 1495, 1496, -1,
      893, 836, 1496, -1,
      1496, 836, 835, -1,
      1496, 835, 896, -1,
      1455, 233, 1493, -1,
      1493, 233, 232, -1,
      1493, 232, 1497, -1,
      1497, 232, 229, -1,
      1497, 229, 1498, -1,
      1498, 229, 230, -1,
      1498, 230, 1499, -1,
      1499, 230, 231, -1,
      1499, 231, 1500, -1,
      893, 1496, 894, -1,
      894, 1496, 1501, -1,
      894, 1501, 1502, -1,
      1503, 892, 1502, -1,
      1502, 892, 895, -1,
      1502, 895, 894, -1,
      231, 237, 1500, -1,
      1500, 237, 236, -1,
      1500, 236, 1504, -1,
      1504, 236, 235, -1,
      1504, 235, 1505, -1,
      889, 838, 1503, -1,
      1503, 838, 837, -1,
      1503, 837, 892, -1,
      1505, 235, 1506, -1,
      1506, 235, 234, -1,
      1506, 234, 242, -1,
      1503, 1507, 889, -1,
      889, 1507, 1508, -1,
      889, 1508, 890, -1,
      890, 1508, 1509, -1,
      890, 1509, 891, -1,
      891, 1509, 887, -1,
      1492, 884, 1509, -1,
      1509, 884, 888, -1,
      1509, 888, 887, -1,
      242, 241, 1506, -1,
      1506, 241, 240, -1,
      1506, 240, 1510, -1,
      1510, 240, 239, -1,
      1510, 239, 1511, -1,
      1511, 239, 238, -1,
      1511, 238, 1512, -1,
      1512, 238, 247, -1,
      1512, 247, 1513, -1,
      1514, 883, 1515, -1,
      1515, 883, 988, -1,
      1515, 988, 1492, -1,
      1492, 988, 886, -1,
      1492, 886, 885, -1,
      1516, 840, 1514, -1,
      1514, 840, 839, -1,
      1514, 839, 883, -1,
      1517, 880, 1516, -1,
      1516, 880, 987, -1,
      1516, 987, 840, -1,
      247, 246, 1513, -1,
      1513, 246, 245, -1,
      1513, 245, 1518, -1,
      1518, 245, 244, -1,
      1518, 244, 1519, -1,
      1519, 244, 243, -1,
      1519, 243, 1520, -1,
      878, 879, 1517, -1,
      879, 882, 1517, -1,
      1517, 882, 881, -1,
      1517, 881, 880, -1,
      1517, 1521, 878, -1,
      878, 1521, 1522, -1,
      878, 1522, 877, -1,
      877, 1522, 1523, -1,
      243, 253, 1520, -1,
      1520, 253, 252, -1,
      1520, 252, 1524, -1,
      1524, 252, 251, -1,
      1524, 251, 1525, -1,
      1525, 251, 250, -1,
      1525, 250, 1526, -1,
      1526, 250, 249, -1,
      1526, 249, 1491, -1,
      1491, 249, 248, -1,
      1491, 248, 256, -1,
      1453, 1454, 1527, -1,
      1527, 1454, 1493, -1,
      1527, 1493, 1528, -1,
      1528, 1493, 1497, -1,
      1528, 1497, 1529, -1,
      1529, 1497, 1498, -1,
      1529, 1498, 1530, -1,
      1530, 1498, 1499, -1,
      1530, 1499, 1531, -1,
      1531, 1499, 1500, -1,
      1531, 1500, 1532, -1,
      1532, 1500, 1504, -1,
      1532, 1504, 1533, -1,
      1533, 1504, 1505, -1,
      1533, 1505, 1534, -1,
      1534, 1505, 1506, -1,
      1534, 1506, 1535, -1,
      1535, 1506, 1510, -1,
      1535, 1510, 1536, -1,
      1536, 1510, 1511, -1,
      1536, 1511, 1537, -1,
      1537, 1511, 1512, -1,
      1537, 1512, 1538, -1,
      1538, 1512, 1513, -1,
      1538, 1513, 1539, -1,
      1539, 1513, 1518, -1,
      1539, 1518, 1540, -1,
      1540, 1518, 1519, -1,
      1540, 1519, 1541, -1,
      1541, 1519, 1520, -1,
      1541, 1520, 1542, -1,
      1542, 1520, 1524, -1,
      1542, 1524, 1543, -1,
      1543, 1524, 1525, -1,
      1543, 1525, 1544, -1,
      1544, 1525, 1526, -1,
      1544, 1526, 1545, -1,
      1545, 1526, 1491, -1,
      1545, 1491, 1546, -1,
      1546, 1491, 1490, -1,
      1546, 1490, 1547, -1,
      898, 1453, 1494, -1,
      1494, 1453, 1527, -1,
      1494, 1527, 1495, -1,
      1495, 1527, 1528, -1,
      1495, 1528, 1496, -1,
      1496, 1528, 1529, -1,
      1496, 1529, 1501, -1,
      1501, 1529, 1530, -1,
      1501, 1530, 1502, -1,
      1502, 1530, 1531, -1,
      1502, 1531, 1503, -1,
      1503, 1531, 1532, -1,
      1503, 1532, 1507, -1,
      1507, 1532, 1533, -1,
      1507, 1533, 1508, -1,
      1508, 1533, 1534, -1,
      1508, 1534, 1509, -1,
      1509, 1534, 1535, -1,
      1509, 1535, 1492, -1,
      1492, 1535, 1536, -1,
      1492, 1536, 1515, -1,
      1515, 1536, 1537, -1,
      1515, 1537, 1514, -1,
      1514, 1537, 1538, -1,
      1514, 1538, 1516, -1,
      1516, 1538, 1539, -1,
      1516, 1539, 1517, -1,
      1517, 1539, 1540, -1,
      1517, 1540, 1521, -1,
      1521, 1540, 1541, -1,
      1521, 1541, 1522, -1,
      1522, 1541, 1542, -1,
      1522, 1542, 1523, -1,
      1523, 1542, 1543, -1,
      1523, 1543, 1548, -1,
      1548, 1543, 1544, -1,
      1548, 1544, 1549, -1,
      1549, 1544, 1545, -1,
      1549, 1545, 1550, -1,
      1550, 1545, 1546, -1,
      1550, 1546, 1551, -1,
      1551, 1546, 1547, -1,
      1551, 1547, 1552, -1,
      869, 873, 1552, -1,
      1552, 873, 872, -1,
      1552, 872, 1551, -1,
      1551, 872, 871, -1,
      1551, 871, 1550, -1,
      1550, 871, 870, -1,
      1550, 870, 1549, -1,
      1549, 870, 876, -1,
      1549, 876, 1548, -1,
      1548, 876, 875, -1,
      1548, 875, 1523, -1,
      1523, 875, 874, -1,
      1523, 874, 877, -1,
      868, 869, 1553, -1,
      1553, 869, 1552, -1,
      1553, 1552, 1554, -1,
      1554, 1552, 1547, -1,
      1554, 1547, 1555, -1,
      1555, 1547, 1490, -1,
      1555, 1490, 255, -1,
      255, 1490, 256, -1,
      841, 868, 1488, -1,
      1488, 868, 1553, -1,
      1488, 1553, 1556, -1,
      1556, 1553, 1554, -1,
      1556, 1554, 1557, -1,
      1557, 1554, 1555, -1,
      1557, 1555, 254, -1,
      254, 1555, 255, -1,
      866, 842, 1486, -1,
      1486, 842, 1488, -1,
      1486, 1488, 1558, -1,
      1558, 1488, 1556, -1,
      1558, 1556, 1489, -1,
      1489, 1556, 1557, -1,
      1489, 1557, 260, -1,
      260, 1557, 254, -1,
      862, 861, 1559, -1,
      1559, 861, 1486, -1,
      1559, 1486, 1560, -1,
      1560, 1486, 1558, -1,
      1560, 1558, 1561, -1,
      1561, 1558, 1489, -1,
      1561, 1489, 258, -1,
      258, 1489, 259, -1,
      863, 862, 1485, -1,
      1485, 862, 1559, -1,
      1485, 1559, 1562, -1,
      1562, 1559, 1560, -1,
      1562, 1560, 1563, -1,
      1563, 1560, 1561, -1,
      1563, 1561, 257, -1,
      257, 1561, 258, -1,
      865, 864, 1564, -1,
      1564, 864, 1485, -1,
      1564, 1485, 1565, -1,
      1565, 1485, 1562, -1,
      1565, 1562, 1487, -1,
      1487, 1562, 1563, -1,
      1487, 1563, 263, -1,
      263, 1563, 257, -1,
      867, 865, 1566, -1,
      1566, 865, 1564, -1,
      1566, 1564, 1567, -1,
      1567, 1564, 1565, -1,
      1567, 1565, 1568, -1,
      1568, 1565, 1487, -1,
      1568, 1487, 261, -1,
      261, 1487, 262, -1,
      261, 268, 1568, -1,
      1568, 268, 1569, -1,
      1568, 1569, 1567, -1,
      1567, 1569, 1570, -1,
      1567, 1570, 1566, -1,
      1566, 1570, 1571, -1,
      1566, 1571, 867, -1,
      276, 1483, 264, -1,
      858, 992, 1571, -1,
      1571, 992, 993, -1,
      1571, 993, 867, -1,
      859, 858, 1572, -1,
      1572, 858, 1571, -1,
      1572, 1571, 1573, -1,
      1573, 1571, 1570, -1,
      1573, 1570, 1484, -1,
      1484, 1570, 1569, -1,
      1484, 1569, 267, -1,
      267, 1569, 268, -1,
      860, 859, 1482, -1,
      1482, 859, 1572, -1,
      1482, 1572, 1574, -1,
      1574, 1572, 1573, -1,
      1574, 1573, 1575, -1,
      1575, 1573, 1484, -1,
      1575, 1484, 265, -1,
      265, 1484, 266, -1,
      855, 854, 1480, -1,
      1480, 854, 1482, -1,
      1480, 1482, 1576, -1,
      1576, 1482, 1574, -1,
      1576, 1574, 1483, -1,
      1483, 1574, 1575, -1,
      1483, 1575, 264, -1,
      264, 1575, 265, -1,
      857, 856, 1479, -1,
      1479, 856, 1480, -1,
      1479, 1480, 1577, -1,
      1577, 1480, 1576, -1,
      1577, 1576, 1578, -1,
      1578, 1576, 1483, -1,
      1578, 1483, 270, -1,
      270, 1483, 271, -1,
      853, 850, 1475, -1,
      1475, 850, 1479, -1,
      1475, 1479, 1579, -1,
      1579, 1479, 1577, -1,
      1579, 1577, 1580, -1,
      1580, 1577, 1578, -1,
      1580, 1578, 269, -1,
      269, 1578, 270, -1,
      272, 228, 1481, -1,
      1481, 228, 1476, -1,
      1481, 1476, 1581, -1,
      1581, 1476, 1478, -1,
      1581, 1478, 1582, -1,
      851, 852, 1582, -1,
      1582, 852, 1475, -1,
      1582, 1475, 1581, -1,
      1581, 1475, 1579, -1,
      1581, 1579, 1481, -1,
      1481, 1579, 1580, -1,
      1481, 1580, 273, -1,
      273, 1580, 269, -1,
      228, 227, 1476, -1,
      1476, 227, 275, -1,
      1476, 275, 1477, -1,
      1477, 275, 274, -1,
      1477, 274, 226, -1,
      849, 848, 1583, -1,
      1583, 848, 847, -1,
      1583, 847, 846, -1,
      226, 1474, 1477, -1,
      1477, 1474, 1584, -1,
      1477, 1584, 1478, -1,
      1478, 1584, 1583, -1,
      1478, 1583, 1582, -1,
      1582, 1583, 846, -1,
      1582, 846, 851, -1,
      843, 849, 1585, -1,
      1585, 849, 1583, -1,
      1585, 1583, 1586, -1,
      1586, 1583, 1584, -1,
      1586, 1584, 1587, -1,
      1587, 1584, 1474, -1,
      1587, 1474, 222, -1,
      222, 1474, 225, -1,
      208, 207, 1464, -1,
      1588, 1589, 1590, -1,
      1589, 1588, 209, -1,
      1591, 205, 204, -1,
      994, 996, 1592, -1,
      1592, 996, 1593, -1,
      1591, 204, 1588, -1,
      1588, 204, 203, -1,
      1588, 203, 209, -1,
      995, 994, 1590, -1,
      1590, 994, 1592, -1,
      1590, 1592, 1588, -1,
      1588, 1592, 1593, -1,
      1588, 1593, 1591, -1,
      986, 995, 1465, -1,
      1465, 995, 1590, -1,
      1465, 1590, 1464, -1,
      1464, 1590, 1589, -1,
      1464, 1589, 208, -1,
      208, 1589, 209, -1,
      844, 843, 1594, -1,
      1594, 843, 1585, -1,
      1594, 1585, 1595, -1,
      1595, 1585, 1586, -1,
      1595, 1586, 1596, -1,
      1596, 1586, 1587, -1,
      1596, 1587, 223, -1,
      223, 1587, 222, -1,
      845, 844, 1597, -1,
      1597, 844, 1594, -1,
      1597, 1594, 1598, -1,
      1598, 1594, 1595, -1,
      1598, 1595, 1599, -1,
      1599, 1595, 1596, -1,
      1599, 1596, 224, -1,
      224, 1596, 223, -1,
      199, 206, 1600, -1,
      1008, 1011, 1601, -1,
      1602, 1603, 1604, -1,
      1010, 1009, 1605, -1,
      1013, 1012, 1606, -1,
      196, 197, 1607, -1,
      192, 195, 1608, -1,
      191, 194, 1609, -1,
      1610, 1611, 1612, -1,
      1611, 187, 186, -1,
      1610, 1612, 1613, -1,
      1611, 186, 1612, -1,
      1612, 186, 185, -1,
      1612, 185, 1614, -1,
      1615, 1023, 1616, -1,
      1616, 1023, 1022, -1,
      1616, 1022, 1021, -1,
      190, 1617, 189, -1,
      189, 1617, 1618, -1,
      189, 1618, 188, -1,
      188, 1618, 1614, -1,
      188, 1614, 184, -1,
      184, 1614, 185, -1,
      1021, 1613, 1616, -1,
      1616, 1613, 1612, -1,
      1616, 1612, 1615, -1,
      1615, 1612, 1614, -1,
      1615, 1614, 1619, -1,
      1619, 1614, 1618, -1,
      1619, 1618, 1620, -1,
      1620, 1618, 1617, -1,
      1620, 1617, 1621, -1,
      1016, 1015, 1621, -1,
      1621, 1015, 1014, -1,
      1621, 1014, 1620, -1,
      1620, 1014, 1019, -1,
      1620, 1019, 1619, -1,
      1619, 1019, 1018, -1,
      1619, 1018, 1615, -1,
      1615, 1018, 1024, -1,
      1615, 1024, 1023, -1,
      1622, 1075, 1017, -1,
      1017, 1016, 1622, -1,
      1622, 1016, 1621, -1,
      1622, 1621, 1609, -1,
      1609, 1621, 1617, -1,
      1609, 1617, 191, -1,
      191, 1617, 190, -1,
      1012, 1075, 1606, -1,
      1606, 1075, 1622, -1,
      1606, 1622, 1623, -1,
      1623, 1622, 1609, -1,
      1623, 1609, 193, -1,
      193, 1609, 194, -1,
      1009, 1013, 1605, -1,
      1605, 1013, 1606, -1,
      1605, 1606, 1608, -1,
      1608, 1606, 1623, -1,
      1608, 1623, 192, -1,
      192, 1623, 193, -1,
      1011, 1010, 1601, -1,
      1601, 1010, 1605, -1,
      1601, 1605, 1607, -1,
      1607, 1605, 1608, -1,
      1607, 1608, 196, -1,
      196, 1608, 195, -1,
      1005, 1008, 1604, -1,
      1604, 1008, 1601, -1,
      1604, 1601, 1602, -1,
      1602, 1601, 1607, -1,
      1602, 1607, 198, -1,
      198, 1607, 197, -1,
      198, 202, 1602, -1,
      1602, 202, 201, -1,
      1602, 201, 1603, -1,
      1603, 201, 200, -1,
      1603, 200, 199, -1,
      1006, 1624, 1007, -1,
      1007, 1624, 1004, -1,
      199, 1600, 1603, -1,
      1603, 1600, 1624, -1,
      1603, 1624, 1604, -1,
      1604, 1624, 1006, -1,
      1604, 1006, 1005, -1,
      996, 1004, 1593, -1,
      1593, 1004, 1624, -1,
      1593, 1624, 1591, -1,
      1591, 1624, 1600, -1,
      1591, 1600, 205, -1,
      205, 1600, 206, -1,
      224, 221, 1599, -1,
      1599, 221, 1625, -1,
      1599, 1625, 1598, -1,
      1598, 1625, 1626, -1,
      1598, 1626, 1597, -1,
      1597, 1626, 1627, -1,
      1597, 1627, 845, -1,
      845, 1627, 997, -1,
      1628, 350, 349, -1,
      1032, 1629, 1630, -1,
      1630, 1629, 1631, -1,
      1630, 1631, 1628, -1,
      1628, 349, 1630, -1,
      1630, 349, 348, -1,
      1630, 348, 1632, -1,
      1632, 348, 347, -1,
      1632, 347, 1633, -1,
      1633, 347, 346, -1,
      1633, 346, 1634, -1,
      1634, 346, 345, -1,
      1634, 345, 1635, -1,
      1635, 345, 313, -1,
      1635, 313, 1636, -1,
      1032, 1630, 1033, -1,
      1033, 1630, 1632, -1,
      1033, 1632, 1034, -1,
      1034, 1632, 1633, -1,
      1034, 1633, 1035, -1,
      1035, 1633, 1634, -1,
      1035, 1634, 1030, -1,
      1030, 1634, 1635, -1,
      1030, 1635, 1028, -1,
      1028, 1635, 1636, -1,
      1028, 1636, 1029, -1,
      1029, 1636, 1637, -1,
      1029, 1637, 1036, -1,
      1036, 1637, 1037, -1,
      1037, 1637, 1638, -1,
      1037, 1638, 1038, -1,
      1038, 1638, 1639, -1,
      1038, 1639, 1025, -1,
      1025, 1639, 1640, -1,
      1025, 1640, 1026, -1,
      313, 312, 1636, -1,
      1636, 312, 356, -1,
      1636, 356, 1637, -1,
      1637, 356, 355, -1,
      1637, 355, 1638, -1,
      1638, 355, 354, -1,
      1638, 354, 1639, -1,
      1639, 354, 353, -1,
      1639, 353, 1640, -1,
      1640, 353, 352, -1,
      1640, 352, 1641, -1,
      1641, 352, 357, -1,
      1641, 357, 187, -1,
      187, 1611, 1641, -1,
      1641, 1611, 1610, -1,
      1641, 1610, 1613, -1,
      1026, 1640, 1027, -1,
      1027, 1640, 1641, -1,
      1027, 1641, 1020, -1,
      1020, 1641, 1613, -1,
      1020, 1613, 1021, -1,
      1642, 1643, 1644, -1,
      1069, 1068, 1645, -1,
      1646, 1074, 997, -1,
      1625, 221, 220, -1,
      1626, 1625, 1647, -1,
      1625, 220, 1647, -1,
      1647, 220, 219, -1,
      1647, 219, 1648, -1,
      1627, 1626, 1649, -1,
      1649, 1626, 1647, -1,
      1649, 1647, 1650, -1,
      1650, 1647, 1648, -1,
      1650, 1648, 1651, -1,
      1074, 1646, 1072, -1,
      1072, 1646, 1652, -1,
      1072, 1652, 1073, -1,
      1073, 1652, 1653, -1,
      1073, 1653, 998, -1,
      997, 1627, 1646, -1,
      1646, 1627, 1649, -1,
      1646, 1649, 1652, -1,
      1652, 1649, 1650, -1,
      1652, 1650, 1653, -1,
      1653, 1650, 1651, -1,
      1653, 1651, 1645, -1,
      1645, 1068, 1653, -1,
      1653, 1068, 999, -1,
      1653, 999, 998, -1,
      1070, 1069, 1654, -1,
      1654, 1069, 1645, -1,
      1654, 1645, 1655, -1,
      1655, 1645, 1651, -1,
      1655, 1651, 1656, -1,
      1656, 1651, 1648, -1,
      1656, 1648, 218, -1,
      218, 1648, 219, -1,
      218, 217, 1656, -1,
      1656, 217, 1657, -1,
      1656, 1657, 1655, -1,
      1655, 1657, 1658, -1,
      1655, 1658, 1654, -1,
      1654, 1658, 1659, -1,
      1654, 1659, 1070, -1,
      1660, 1643, 1661, -1,
      1661, 1643, 1642, -1,
      1661, 1642, 1662, -1,
      1065, 1001, 1659, -1,
      1001, 1000, 1659, -1,
      1659, 1000, 1071, -1,
      1659, 1071, 1070, -1,
      213, 1660, 214, -1,
      214, 1660, 1661, -1,
      214, 1661, 215, -1,
      215, 1661, 1662, -1,
      215, 1662, 216, -1,
      213, 1663, 1660, -1,
      1660, 1663, 1664, -1,
      1660, 1664, 1643, -1,
      1643, 1664, 1665, -1,
      1643, 1665, 1644, -1,
      1644, 1665, 1666, -1,
      1644, 1666, 1667, -1,
      217, 216, 1657, -1,
      1657, 216, 1662, -1,
      1657, 1662, 1658, -1,
      1658, 1662, 1642, -1,
      1658, 1642, 1659, -1,
      1659, 1642, 1644, -1,
      1659, 1644, 1065, -1,
      1065, 1644, 1667, -1,
      1065, 1667, 1066, -1,
      317, 319, 1668, -1,
      1062, 1061, 1669, -1,
      1064, 1670, 1671, -1,
      1032, 1031, 1629, -1,
      1629, 1031, 1672, -1,
      1629, 1672, 1631, -1,
      350, 1628, 1673, -1,
      1031, 1049, 1672, -1,
      1672, 1049, 1048, -1,
      1672, 1048, 1674, -1,
      1674, 1048, 1047, -1,
      1674, 1047, 1675, -1,
      1675, 1047, 1046, -1,
      1675, 1046, 1676, -1,
      1676, 1046, 1045, -1,
      1676, 1045, 1677, -1,
      1677, 1045, 1044, -1,
      1677, 1044, 1678, -1,
      1678, 1044, 1043, -1,
      1678, 1043, 1679, -1,
      1679, 1043, 1042, -1,
      1679, 1042, 1680, -1,
      1680, 1042, 1039, -1,
      1680, 1039, 1681, -1,
      1681, 1039, 1040, -1,
      1681, 1040, 1682, -1,
      1682, 1040, 1041, -1,
      1682, 1041, 1683, -1,
      1683, 1041, 1054, -1,
      1684, 340, 1685, -1,
      1685, 340, 339, -1,
      1685, 339, 1686, -1,
      1686, 339, 338, -1,
      1686, 338, 1687, -1,
      1687, 338, 337, -1,
      1687, 337, 1688, -1,
      1688, 337, 336, -1,
      1688, 336, 1689, -1,
      1689, 336, 335, -1,
      1689, 335, 1690, -1,
      1690, 335, 334, -1,
      1690, 334, 1691, -1,
      1691, 334, 333, -1,
      1691, 333, 1692, -1,
      1692, 333, 332, -1,
      1692, 332, 1693, -1,
      1693, 332, 331, -1,
      1693, 331, 1694, -1,
      1694, 331, 330, -1,
      1694, 330, 1673, -1,
      1673, 330, 351, -1,
      1673, 351, 350, -1,
      1053, 1695, 1054, -1,
      1054, 1695, 1696, -1,
      1054, 1696, 1683, -1,
      1697, 342, 1684, -1,
      1684, 342, 341, -1,
      1684, 341, 340, -1,
      1053, 1052, 1695, -1,
      1695, 1052, 1051, -1,
      1695, 1051, 1698, -1,
      1698, 1051, 1050, -1,
      1698, 1050, 1699, -1,
      1699, 1050, 1057, -1,
      1056, 1700, 1057, -1,
      1057, 1700, 1701, -1,
      1057, 1701, 1699, -1,
      1702, 328, 1703, -1,
      1703, 328, 327, -1,
      1703, 327, 1704, -1,
      1704, 327, 326, -1,
      1704, 326, 1705, -1,
      1705, 326, 344, -1,
      1705, 344, 1697, -1,
      1697, 344, 343, -1,
      1697, 343, 342, -1,
      1706, 324, 1702, -1,
      1702, 324, 329, -1,
      1702, 329, 328, -1,
      1056, 1055, 1700, -1,
      1700, 1055, 1003, -1,
      1700, 1003, 1671, -1,
      1671, 1003, 1002, -1,
      1671, 1002, 1064, -1,
      1628, 1631, 1673, -1,
      1673, 1631, 1672, -1,
      1673, 1672, 1694, -1,
      1694, 1672, 1674, -1,
      1694, 1674, 1693, -1,
      1693, 1674, 1675, -1,
      1693, 1675, 1692, -1,
      1692, 1675, 1676, -1,
      1692, 1676, 1691, -1,
      1691, 1676, 1677, -1,
      1691, 1677, 1690, -1,
      1690, 1677, 1678, -1,
      1690, 1678, 1689, -1,
      1689, 1678, 1679, -1,
      1689, 1679, 1688, -1,
      1688, 1679, 1680, -1,
      1688, 1680, 1687, -1,
      1687, 1680, 1681, -1,
      1687, 1681, 1686, -1,
      1686, 1681, 1682, -1,
      1686, 1682, 1685, -1,
      1685, 1682, 1683, -1,
      1685, 1683, 1684, -1,
      1684, 1683, 1696, -1,
      1684, 1696, 1697, -1,
      1697, 1696, 1695, -1,
      1697, 1695, 1705, -1,
      1705, 1695, 1698, -1,
      1705, 1698, 1704, -1,
      1704, 1698, 1699, -1,
      1704, 1699, 1703, -1,
      1703, 1699, 1701, -1,
      1703, 1701, 1702, -1,
      1702, 1701, 1700, -1,
      1702, 1700, 1706, -1,
      1706, 1700, 1671, -1,
      1706, 1671, 1707, -1,
      1707, 1671, 1670, -1,
      1707, 1670, 1708, -1,
      320, 323, 1708, -1,
      1708, 323, 322, -1,
      1708, 322, 1707, -1,
      1707, 322, 321, -1,
      1707, 321, 1706, -1,
      1706, 321, 325, -1,
      1706, 325, 324, -1,
      319, 320, 1668, -1,
      1668, 320, 1708, -1,
      1668, 1708, 1709, -1,
      1709, 1708, 1670, -1,
      1709, 1670, 1063, -1,
      1063, 1670, 1064, -1,
      1061, 1060, 1669, -1,
      1669, 1060, 1710, -1,
      1669, 1710, 1711, -1,
      318, 317, 1711, -1,
      1711, 317, 1668, -1,
      1711, 1668, 1669, -1,
      1669, 1668, 1709, -1,
      1669, 1709, 1062, -1,
      1062, 1709, 1063, -1,
      1060, 1059, 1712, -1,
      1712, 1059, 1058, -1,
      1713, 316, 315, -1,
      1060, 1712, 1710, -1,
      1710, 1712, 1713, -1,
      1710, 1713, 1711, -1,
      1711, 1713, 315, -1,
      1711, 315, 318, -1,
      1058, 1067, 1712, -1,
      1712, 1067, 1066, -1,
      1712, 1066, 1667, -1,
      1667, 1666, 1712, -1,
      1712, 1666, 1665, -1,
      1712, 1665, 1713, -1,
      1713, 1665, 1664, -1,
      1713, 1664, 1663, -1,
      316, 1713, 314, -1,
      314, 1713, 1663, -1,
      314, 1663, 213, -1,
      1714, 125, 124, -1,
      1715, 1714, 1716, -1,
      1714, 124, 1716, -1,
      1716, 124, 123, -1,
      1716, 123, 1717, -1,
      1717, 123, 212, -1,
      1717, 212, 1718, -1,
      1719, 785, 1720, -1,
      1720, 785, 786, -1,
      1720, 786, 1721, -1,
      1721, 786, 788, -1,
      1721, 788, 787, -1,
      212, 211, 1718, -1,
      1718, 211, 130, -1,
      1718, 130, 1722, -1,
      1723, 782, 1724, -1,
      1724, 782, 783, -1,
      1724, 783, 1719, -1,
      1719, 783, 784, -1,
      1719, 784, 785, -1,
      1725, 780, 1726, -1,
      1726, 780, 779, -1,
      1726, 779, 1723, -1,
      1723, 779, 778, -1,
      1723, 778, 782, -1,
      130, 129, 1722, -1,
      1722, 129, 128, -1,
      1722, 128, 1727, -1,
      1727, 128, 127, -1,
      1727, 127, 1728, -1,
      1728, 127, 126, -1,
      1728, 126, 1729, -1,
      1729, 126, 137, -1,
      1729, 137, 1730, -1,
      1731, 775, 1732, -1,
      1732, 775, 774, -1,
      1732, 774, 1733, -1,
      1733, 774, 773, -1,
      1733, 773, 1725, -1,
      1725, 773, 781, -1,
      1725, 781, 780, -1,
      1734, 777, 1731, -1,
      1731, 777, 776, -1,
      1731, 776, 775, -1,
      137, 136, 1730, -1,
      1730, 136, 135, -1,
      1730, 135, 1735, -1,
      1735, 135, 134, -1,
      1735, 134, 1736, -1,
      1736, 134, 133, -1,
      1736, 133, 1737, -1,
      1737, 133, 132, -1,
      1737, 132, 1738, -1,
      132, 131, 1738, -1,
      1738, 131, 139, -1,
      1738, 139, 1739, -1,
      1739, 139, 138, -1,
      1739, 138, 1740, -1,
      1741, 768, 1742, -1,
      1742, 768, 767, -1,
      1742, 767, 1743, -1,
      1743, 767, 748, -1,
      1743, 748, 1744, -1,
      1744, 748, 747, -1,
      1744, 747, 1745, -1,
      1745, 747, 771, -1,
      1745, 771, 1734, -1,
      1734, 771, 772, -1,
      1734, 772, 777, -1,
      138, 140, 1740, -1,
      1740, 140, 141, -1,
      1740, 141, 1746, -1,
      1746, 141, 142, -1,
      1746, 142, 1747, -1,
      1747, 142, 147, -1,
      1747, 147, 1748, -1,
      1749, 770, 1741, -1,
      1741, 770, 769, -1,
      1741, 769, 768, -1,
      147, 146, 1748, -1,
      1748, 146, 145, -1,
      1748, 145, 1750, -1,
      1751, 764, 1752, -1,
      1752, 764, 763, -1,
      1752, 763, 1749, -1,
      1749, 763, 766, -1,
      1749, 766, 770, -1,
      145, 144, 1750, -1,
      1750, 144, 143, -1,
      1750, 143, 1753, -1,
      1753, 143, 151, -1,
      1753, 151, 1754, -1,
      1754, 151, 150, -1,
      1754, 150, 1755, -1,
      1755, 150, 149, -1,
      1755, 149, 1756, -1,
      1757, 760, 1758, -1,
      1758, 760, 759, -1,
      1758, 759, 1759, -1,
      1759, 759, 758, -1,
      1759, 758, 1751, -1,
      1751, 758, 765, -1,
      1751, 765, 764, -1,
      1760, 762, 1757, -1,
      1757, 762, 761, -1,
      1757, 761, 760, -1,
      1761, 757, 1762, -1,
      1762, 757, 756, -1,
      1762, 756, 1760, -1,
      1760, 756, 755, -1,
      1760, 755, 762, -1,
      149, 148, 1756, -1,
      1756, 148, 155, -1,
      1756, 155, 1763, -1,
      1763, 155, 154, -1,
      1763, 154, 1764, -1,
      1764, 154, 153, -1,
      1764, 153, 1765, -1,
      1765, 153, 152, -1,
      1765, 152, 1766, -1,
      152, 159, 1766, -1,
      1766, 159, 158, -1,
      1766, 158, 1767, -1,
      1767, 158, 157, -1,
      1767, 157, 1768, -1,
      1768, 1769, 1767, -1,
      1767, 1769, 1770, -1,
      1767, 1770, 1766, -1,
      1766, 1770, 1771, -1,
      1766, 1771, 1765, -1,
      1765, 1771, 1772, -1,
      1765, 1772, 1764, -1,
      1764, 1772, 1773, -1,
      1764, 1773, 1763, -1,
      1763, 1773, 1774, -1,
      1763, 1774, 1756, -1,
      1756, 1774, 1775, -1,
      1756, 1775, 1755, -1,
      1755, 1775, 1776, -1,
      1755, 1776, 1754, -1,
      1754, 1776, 1777, -1,
      1754, 1777, 1753, -1,
      1753, 1777, 1778, -1,
      1753, 1778, 1750, -1,
      1750, 1778, 1779, -1,
      1750, 1779, 1748, -1,
      1748, 1779, 1780, -1,
      1748, 1780, 1747, -1,
      1747, 1780, 1781, -1,
      1747, 1781, 1746, -1,
      1746, 1781, 1782, -1,
      1746, 1782, 1740, -1,
      1740, 1782, 1783, -1,
      1740, 1783, 1739, -1,
      1739, 1783, 1784, -1,
      1739, 1784, 1738, -1,
      1738, 1784, 1785, -1,
      1738, 1785, 1737, -1,
      1737, 1785, 1786, -1,
      1737, 1786, 1736, -1,
      1736, 1786, 1787, -1,
      1736, 1787, 1735, -1,
      1735, 1787, 1788, -1,
      1735, 1788, 1730, -1,
      1730, 1788, 1789, -1,
      1730, 1789, 1729, -1,
      1729, 1789, 1790, -1,
      1729, 1790, 1728, -1,
      1728, 1790, 1791, -1,
      1728, 1791, 1727, -1,
      1727, 1791, 1792, -1,
      1727, 1792, 1722, -1,
      1722, 1792, 1793, -1,
      1722, 1793, 1718, -1,
      1718, 1793, 1794, -1,
      1718, 1794, 1717, -1,
      1717, 1794, 1795, -1,
      1717, 1795, 1716, -1,
      1716, 1795, 1796, -1,
      1716, 1796, 1715, -1,
      1715, 1796, 1797, -1,
      1769, 1798, 1770, -1,
      1770, 1798, 1799, -1,
      1770, 1799, 1771, -1,
      1771, 1799, 1800, -1,
      1771, 1800, 1772, -1,
      1772, 1800, 1761, -1,
      1772, 1761, 1773, -1,
      1773, 1761, 1762, -1,
      1773, 1762, 1774, -1,
      1774, 1762, 1760, -1,
      1774, 1760, 1775, -1,
      1775, 1760, 1757, -1,
      1775, 1757, 1776, -1,
      1776, 1757, 1758, -1,
      1776, 1758, 1777, -1,
      1777, 1758, 1759, -1,
      1777, 1759, 1778, -1,
      1778, 1759, 1751, -1,
      1778, 1751, 1779, -1,
      1779, 1751, 1752, -1,
      1779, 1752, 1780, -1,
      1780, 1752, 1749, -1,
      1780, 1749, 1781, -1,
      1781, 1749, 1741, -1,
      1781, 1741, 1782, -1,
      1782, 1741, 1742, -1,
      1782, 1742, 1783, -1,
      1783, 1742, 1743, -1,
      1783, 1743, 1784, -1,
      1784, 1743, 1744, -1,
      1784, 1744, 1785, -1,
      1785, 1744, 1745, -1,
      1785, 1745, 1786, -1,
      1786, 1745, 1734, -1,
      1786, 1734, 1787, -1,
      1787, 1734, 1731, -1,
      1787, 1731, 1788, -1,
      1788, 1731, 1732, -1,
      1788, 1732, 1789, -1,
      1789, 1732, 1733, -1,
      1789, 1733, 1790, -1,
      1790, 1733, 1725, -1,
      1790, 1725, 1791, -1,
      1791, 1725, 1726, -1,
      1791, 1726, 1792, -1,
      1792, 1726, 1723, -1,
      1792, 1723, 1793, -1,
      1793, 1723, 1724, -1,
      1793, 1724, 1794, -1,
      1794, 1724, 1719, -1,
      1794, 1719, 1795, -1,
      1795, 1719, 1720, -1,
      1795, 1720, 1796, -1,
      1796, 1720, 1721, -1,
      1796, 1721, 1797, -1,
      1797, 1721, 787, -1,
      750, 749, 1798, -1,
      1798, 749, 754, -1,
      1798, 754, 1799, -1,
      1799, 754, 753, -1,
      1799, 753, 1800, -1,
      1800, 753, 752, -1,
      1800, 752, 1761, -1,
      1761, 752, 751, -1,
      1761, 751, 757, -1,
      588, 750, 1801, -1,
      1801, 750, 1798, -1,
      1801, 1798, 1802, -1,
      1802, 1798, 1769, -1,
      1802, 1769, 1803, -1,
      1803, 1769, 1768, -1,
      1803, 1768, 156, -1,
      156, 1768, 157, -1,
      609, 608, 1804, -1,
      1805, 661, 593, -1,
      594, 598, 1806, -1,
      1806, 598, 599, -1,
      604, 1807, 600, -1,
      600, 1807, 601, -1,
      604, 603, 1807, -1,
      1807, 603, 607, -1,
      1807, 607, 1808, -1,
      594, 1806, 595, -1,
      595, 1806, 1809, -1,
      595, 1809, 596, -1,
      596, 1809, 597, -1,
      597, 1809, 1810, -1,
      597, 1810, 592, -1,
      1811, 1810, 1812, -1,
      1812, 1810, 1809, -1,
      1812, 1809, 1813, -1,
      1813, 1809, 1806, -1,
      1813, 1806, 1814, -1,
      1814, 1806, 599, -1,
      1814, 599, 602, -1,
      1815, 1816, 1817, -1,
      1817, 1816, 1818, -1,
      1817, 1818, 1819, -1,
      1819, 1818, 1820, -1,
      1819, 1820, 1821, -1,
      1821, 1820, 1808, -1,
      1821, 1808, 1822, -1,
      592, 1810, 593, -1,
      593, 1810, 1823, -1,
      593, 1823, 1805, -1,
      1824, 1825, 1826, -1,
      1826, 1825, 1827, -1,
      1826, 1827, 1828, -1,
      1829, 1830, 1815, -1,
      1831, 1827, 1832, -1,
      1832, 1827, 1825, -1,
      1832, 1825, 1833, -1,
      1833, 1825, 1824, -1,
      1833, 1824, 1834, -1,
      1835, 1836, 1837, -1,
      613, 617, 1838, -1,
      1838, 617, 1839, -1,
      1839, 617, 618, -1,
      1839, 618, 622, -1,
      622, 621, 1839, -1,
      1839, 621, 620, -1,
      1839, 620, 1835, -1,
      608, 663, 1804, -1,
      1804, 663, 500, -1,
      1804, 500, 499, -1,
      610, 498, 611, -1,
      611, 498, 499, -1,
      605, 662, 1822, -1,
      1808, 607, 1822, -1,
      1822, 607, 606, -1,
      1822, 606, 605, -1,
      616, 615, 1838, -1,
      1838, 615, 614, -1,
      1838, 614, 613, -1,
      499, 498, 1804, -1,
      1804, 498, 497, -1,
      1804, 497, 612, -1,
      1840, 1841, 1831, -1,
      1831, 1841, 1842, -1,
      1831, 1842, 1827, -1,
      1827, 1842, 1843, -1,
      1827, 1843, 1844, -1,
      1845, 1846, 1811, -1,
      1811, 1846, 1847, -1,
      1811, 1847, 1810, -1,
      1810, 1847, 1848, -1,
      1810, 1848, 1823, -1,
      1830, 1849, 1815, -1,
      1815, 1849, 1850, -1,
      1815, 1850, 1816, -1,
      1816, 1850, 1851, -1,
      1851, 1845, 1816, -1,
      1816, 1845, 1811, -1,
      1816, 1811, 1818, -1,
      1818, 1811, 1812, -1,
      1818, 1812, 1820, -1,
      1820, 1812, 1813, -1,
      1820, 1813, 1808, -1,
      1808, 1813, 1814, -1,
      1808, 1814, 1807, -1,
      1807, 1814, 602, -1,
      1807, 602, 601, -1,
      1835, 620, 1836, -1,
      1836, 620, 619, -1,
      1836, 619, 1852, -1,
      1852, 619, 626, -1,
      1852, 626, 627, -1,
      1837, 1832, 1835, -1,
      1835, 1832, 1833, -1,
      1835, 1833, 1839, -1,
      1839, 1833, 1834, -1,
      1839, 1834, 1838, -1,
      1838, 1834, 1804, -1,
      1838, 1804, 616, -1,
      616, 1804, 612, -1,
      662, 609, 1822, -1,
      1822, 609, 1804, -1,
      1822, 1804, 1821, -1,
      1821, 1804, 1834, -1,
      1821, 1834, 1819, -1,
      1819, 1834, 1824, -1,
      1819, 1824, 1817, -1,
      1817, 1824, 1826, -1,
      1817, 1826, 1815, -1,
      1815, 1826, 1828, -1,
      1815, 1828, 1829, -1,
      1829, 1828, 1827, -1,
      1829, 1827, 1853, -1,
      1853, 1827, 1844, -1,
      792, 791, 1854, -1,
      439, 444, 1855, -1,
      1856, 1857, 1858, -1,
      1859, 424, 423, -1,
      1857, 1860, 1858, -1,
      1858, 1860, 1861, -1,
      1858, 1861, 1862, -1,
      1863, 1840, 1864, -1,
      1844, 1843, 1865, -1,
      1865, 1843, 1842, -1,
      1865, 1842, 1863, -1,
      1863, 1842, 1841, -1,
      1863, 1841, 1840, -1,
      1866, 1851, 1850, -1,
      1850, 1849, 1866, -1,
      1866, 1849, 1830, -1,
      1866, 1830, 1829, -1,
      1866, 820, 819, -1,
      1851, 1866, 1845, -1,
      1845, 1866, 819, -1,
      1845, 819, 1846, -1,
      818, 744, 1805, -1,
      1805, 744, 743, -1,
      1805, 743, 661, -1,
      1805, 1823, 818, -1,
      818, 1823, 1848, -1,
      818, 1848, 819, -1,
      819, 1848, 1847, -1,
      819, 1847, 1846, -1,
      1867, 816, 817, -1,
      1853, 1868, 1829, -1,
      1829, 1868, 1867, -1,
      1829, 1867, 1866, -1,
      1866, 1867, 817, -1,
      1866, 817, 820, -1,
      816, 1867, 815, -1,
      815, 1867, 1868, -1,
      815, 1868, 814, -1,
      814, 1868, 1869, -1,
      814, 1869, 811, -1,
      811, 1869, 1870, -1,
      811, 1870, 812, -1,
      812, 1870, 813, -1,
      813, 1870, 1871, -1,
      813, 1871, 807, -1,
      807, 1871, 1872, -1,
      807, 1872, 808, -1,
      808, 1872, 1873, -1,
      808, 1873, 809, -1,
      1862, 1859, 1858, -1,
      1858, 1859, 423, -1,
      1858, 423, 1874, -1,
      1874, 423, 422, -1,
      1874, 422, 1875, -1,
      1875, 422, 433, -1,
      1875, 433, 1876, -1,
      1876, 433, 432, -1,
      1876, 432, 1877, -1,
      1878, 805, 1879, -1,
      1879, 805, 804, -1,
      1879, 804, 1880, -1,
      1880, 804, 803, -1,
      1880, 803, 1873, -1,
      1873, 803, 810, -1,
      1873, 810, 809, -1,
      432, 431, 1877, -1,
      1877, 431, 430, -1,
      1877, 430, 1881, -1,
      1881, 430, 429, -1,
      1881, 429, 1882, -1,
      1883, 800, 1884, -1,
      1884, 800, 799, -1,
      1884, 799, 1878, -1,
      1878, 799, 806, -1,
      1878, 806, 805, -1,
      1885, 802, 1883, -1,
      1883, 802, 801, -1,
      1883, 801, 800, -1,
      429, 428, 1882, -1,
      1882, 428, 438, -1,
      1882, 438, 1886, -1,
      1886, 438, 437, -1,
      1886, 437, 1887, -1,
      1887, 437, 436, -1,
      1887, 436, 1888, -1,
      1889, 797, 1890, -1,
      1890, 797, 746, -1,
      1890, 746, 1885, -1,
      1885, 746, 745, -1,
      1885, 745, 802, -1,
      436, 435, 1888, -1,
      1888, 435, 434, -1,
      1888, 434, 1891, -1,
      1891, 434, 441, -1,
      1891, 441, 1892, -1,
      1864, 1893, 1863, -1,
      1863, 1893, 1894, -1,
      1863, 1894, 1895, -1,
      1895, 1894, 1856, -1,
      1895, 1856, 1896, -1,
      1896, 1856, 1858, -1,
      1896, 1858, 1897, -1,
      1897, 1858, 1874, -1,
      1897, 1874, 1898, -1,
      1898, 1874, 1875, -1,
      1898, 1875, 1899, -1,
      1899, 1875, 1876, -1,
      1899, 1876, 1900, -1,
      1900, 1876, 1877, -1,
      1900, 1877, 1901, -1,
      1901, 1877, 1881, -1,
      1901, 1881, 1902, -1,
      1902, 1881, 1882, -1,
      1902, 1882, 1903, -1,
      1903, 1882, 1886, -1,
      1903, 1886, 1904, -1,
      1904, 1886, 1887, -1,
      1904, 1887, 1905, -1,
      1905, 1887, 1888, -1,
      1905, 1888, 1906, -1,
      1906, 1888, 1891, -1,
      1906, 1891, 1907, -1,
      1907, 1891, 1892, -1,
      1907, 1892, 1908, -1,
      1853, 1844, 1868, -1,
      1868, 1844, 1865, -1,
      1868, 1865, 1869, -1,
      1869, 1865, 1863, -1,
      1869, 1863, 1870, -1,
      1870, 1863, 1895, -1,
      1870, 1895, 1871, -1,
      1871, 1895, 1896, -1,
      1871, 1896, 1872, -1,
      1872, 1896, 1897, -1,
      1872, 1897, 1873, -1,
      1873, 1897, 1898, -1,
      1873, 1898, 1880, -1,
      1880, 1898, 1899, -1,
      1880, 1899, 1879, -1,
      1879, 1899, 1900, -1,
      1879, 1900, 1878, -1,
      1878, 1900, 1901, -1,
      1878, 1901, 1884, -1,
      1884, 1901, 1902, -1,
      1884, 1902, 1883, -1,
      1883, 1902, 1903, -1,
      1883, 1903, 1885, -1,
      1885, 1903, 1904, -1,
      1885, 1904, 1890, -1,
      1890, 1904, 1905, -1,
      1890, 1905, 1889, -1,
      1889, 1905, 1906, -1,
      1889, 1906, 1909, -1,
      1909, 1906, 1907, -1,
      1909, 1907, 1910, -1,
      1910, 1907, 1908, -1,
      1910, 1908, 1911, -1,
      789, 793, 1911, -1,
      1911, 793, 794, -1,
      1911, 794, 1910, -1,
      1910, 794, 795, -1,
      1910, 795, 1909, -1,
      1909, 795, 796, -1,
      1909, 796, 1889, -1,
      1889, 796, 798, -1,
      1889, 798, 797, -1,
      790, 789, 1912, -1,
      1912, 789, 1911, -1,
      1912, 1911, 1913, -1,
      1913, 1911, 1908, -1,
      1913, 1908, 1914, -1,
      1914, 1908, 1892, -1,
      1914, 1892, 440, -1,
      440, 1892, 441, -1,
      443, 442, 1915, -1,
      1915, 442, 1916, -1,
      1915, 1916, 1917, -1,
      444, 443, 1855, -1,
      1855, 443, 1915, -1,
      1855, 1915, 1918, -1,
      1918, 1915, 1917, -1,
      1918, 1917, 1854, -1,
      791, 790, 1854, -1,
      1854, 790, 1912, -1,
      1854, 1912, 1918, -1,
      1918, 1912, 1913, -1,
      1918, 1913, 1855, -1,
      1855, 1913, 1914, -1,
      1855, 1914, 439, -1,
      439, 1914, 440, -1,
      787, 792, 1797, -1,
      1797, 792, 1854, -1,
      1797, 1854, 1715, -1,
      1715, 1854, 1917, -1,
      1715, 1917, 1714, -1,
      1714, 1917, 1916, -1,
      1714, 1916, 125, -1,
      125, 1916, 442, -1,
      177, 183, 1919, -1,
      156, 163, 1803, -1,
      1803, 163, 1920, -1,
      1803, 1920, 1802, -1,
      163, 162, 1920, -1,
      1920, 162, 161, -1,
      1920, 161, 1921, -1,
      1921, 161, 160, -1,
      1921, 160, 1922, -1,
      1923, 591, 1924, -1,
      1924, 591, 590, -1,
      1924, 590, 1925, -1,
      1925, 590, 589, -1,
      1925, 589, 588, -1,
      160, 164, 1922, -1,
      1922, 164, 165, -1,
      1922, 165, 1926, -1,
      1926, 165, 170, -1,
      1926, 170, 1927, -1,
      502, 501, 1928, -1,
      1928, 501, 587, -1,
      1928, 587, 1929, -1,
      1929, 587, 586, -1,
      1929, 586, 1923, -1,
      1923, 586, 585, -1,
      1923, 585, 591, -1,
      502, 1928, 503, -1,
      503, 1928, 1930, -1,
      503, 1930, 580, -1,
      580, 1930, 1931, -1,
      580, 1931, 581, -1,
      170, 169, 1927, -1,
      1927, 169, 168, -1,
      1927, 168, 1932, -1,
      1932, 168, 167, -1,
      1932, 167, 1933, -1,
      1933, 167, 166, -1,
      1933, 166, 1934, -1,
      581, 1931, 582, -1,
      582, 1931, 1935, -1,
      582, 1935, 583, -1,
      583, 1935, 1936, -1,
      583, 1936, 584, -1,
      166, 171, 1934, -1,
      1934, 171, 172, -1,
      1934, 172, 1937, -1,
      1937, 172, 176, -1,
      1937, 176, 1938, -1,
      584, 1936, 576, -1,
      576, 1936, 1939, -1,
      576, 1939, 577, -1,
      577, 1939, 1940, -1,
      577, 1940, 578, -1,
      176, 175, 1938, -1,
      1938, 175, 174, -1,
      1938, 174, 1941, -1,
      1941, 174, 173, -1,
      1941, 173, 1942, -1,
      173, 180, 1942, -1,
      1942, 180, 179, -1,
      1942, 179, 1943, -1,
      1943, 179, 178, -1,
      1943, 178, 1944, -1,
      1801, 1802, 1945, -1,
      1945, 1802, 1920, -1,
      1945, 1920, 1946, -1,
      1946, 1920, 1921, -1,
      1946, 1921, 1947, -1,
      1947, 1921, 1922, -1,
      1947, 1922, 1948, -1,
      1948, 1922, 1926, -1,
      1948, 1926, 1949, -1,
      1949, 1926, 1927, -1,
      1949, 1927, 1950, -1,
      1950, 1927, 1932, -1,
      1950, 1932, 1951, -1,
      1951, 1932, 1933, -1,
      1951, 1933, 1952, -1,
      1952, 1933, 1934, -1,
      1952, 1934, 1953, -1,
      1953, 1934, 1937, -1,
      1953, 1937, 1954, -1,
      1954, 1937, 1938, -1,
      1954, 1938, 1955, -1,
      1955, 1938, 1941, -1,
      1955, 1941, 1956, -1,
      1956, 1941, 1942, -1,
      1956, 1942, 1957, -1,
      1957, 1942, 1943, -1,
      1957, 1943, 1958, -1,
      1958, 1943, 1944, -1,
      1958, 1944, 1959, -1,
      588, 1801, 1925, -1,
      1925, 1801, 1945, -1,
      1925, 1945, 1924, -1,
      1924, 1945, 1946, -1,
      1924, 1946, 1923, -1,
      1923, 1946, 1947, -1,
      1923, 1947, 1929, -1,
      1929, 1947, 1948, -1,
      1929, 1948, 1928, -1,
      1928, 1948, 1949, -1,
      1928, 1949, 1930, -1,
      1930, 1949, 1950, -1,
      1930, 1950, 1931, -1,
      1931, 1950, 1951, -1,
      1931, 1951, 1935, -1,
      1935, 1951, 1952, -1,
      1935, 1952, 1936, -1,
      1936, 1952, 1953, -1,
      1936, 1953, 1939, -1,
      1939, 1953, 1954, -1,
      1939, 1954, 1940, -1,
      1940, 1954, 1955, -1,
      1940, 1955, 1960, -1,
      1960, 1955, 1956, -1,
      1960, 1956, 1961, -1,
      1961, 1956, 1957, -1,
      1961, 1957, 1962, -1,
      1962, 1957, 1958, -1,
      1962, 1958, 1963, -1,
      1963, 1958, 1959, -1,
      1963, 1959, 1964, -1,
      1964, 574, 1963, -1,
      1963, 574, 573, -1,
      1963, 573, 1962, -1,
      1962, 573, 575, -1,
      1962, 575, 1961, -1,
      1961, 575, 505, -1,
      1961, 505, 1960, -1,
      1960, 505, 504, -1,
      1960, 504, 1940, -1,
      1940, 504, 579, -1,
      1940, 579, 578, -1,
      182, 181, 1965, -1,
      1965, 181, 1966, -1,
      1965, 1966, 1967, -1,
      183, 182, 1919, -1,
      1919, 182, 1965, -1,
      1919, 1965, 1968, -1,
      1968, 1965, 1967, -1,
      1968, 1967, 1969, -1,
      508, 507, 1964, -1,
      1964, 507, 506, -1,
      1964, 506, 574, -1,
      570, 508, 1969, -1,
      1969, 508, 1964, -1,
      1969, 1964, 1968, -1,
      1968, 1964, 1959, -1,
      1968, 1959, 1919, -1,
      1919, 1959, 1944, -1,
      1919, 1944, 177, -1,
      177, 1944, 178, -1,
      571, 570, 1970, -1,
      1970, 570, 1969, -1,
      1970, 1969, 1971, -1,
      1971, 1969, 1967, -1,
      1971, 1967, 1972, -1,
      1972, 1967, 1966, -1,
      1972, 1966, 210, -1,
      210, 1966, 181, -1,
      1973, 1974, 1975, -1,
      627, 1976, 1852, -1,
      1852, 1976, 1973, -1,
      1852, 1973, 1836, -1,
      1836, 1973, 1975, -1,
      1836, 1975, 1837, -1,
      1837, 1975, 1977, -1,
      1837, 1977, 1832, -1,
      424, 1859, 1978, -1,
      1978, 1859, 1862, -1,
      1978, 1862, 1979, -1,
      1862, 1861, 1979, -1,
      1979, 1861, 1860, -1,
      1979, 1860, 1975, -1,
      1975, 1860, 1857, -1,
      1857, 1856, 1975, -1,
      1975, 1856, 1894, -1,
      1975, 1894, 1977, -1,
      1977, 1894, 1893, -1,
      1977, 1893, 1832, -1,
      1832, 1893, 1864, -1,
      1832, 1864, 1831, -1,
      1831, 1864, 1840, -1,
      1980, 1981, 1978, -1,
      1978, 1981, 424, -1,
      1982, 1983, 1979, -1,
      1979, 1983, 1984, -1,
      1979, 1984, 1978, -1,
      1978, 1984, 1985, -1,
      1978, 1985, 1980, -1,
      1974, 1986, 1975, -1,
      1975, 1986, 1987, -1,
      1975, 1987, 1979, -1,
      1979, 1987, 1988, -1,
      1979, 1988, 1982, -1,
      359, 358, 1989, -1,
      525, 526, 1990, -1,
      1991, 1992, 1993, -1,
      523, 530, 1994, -1,
      529, 528, 1995, -1,
      406, 405, 1996, -1,
      558, 557, 1997, -1,
      1972, 210, 366, -1,
      1971, 1972, 1998, -1,
      571, 1999, 572, -1,
      572, 1999, 2000, -1,
      572, 2000, 569, -1,
      569, 2000, 2001, -1,
      566, 510, 2001, -1,
      2001, 510, 509, -1,
      2001, 509, 569, -1,
      1972, 366, 1998, -1,
      1998, 366, 365, -1,
      1998, 365, 2002, -1,
      2002, 365, 362, -1,
      2002, 362, 2003, -1,
      2003, 362, 363, -1,
      2003, 363, 2004, -1,
      2004, 363, 364, -1,
      2004, 364, 2005, -1,
      566, 2001, 567, -1,
      567, 2001, 2006, -1,
      567, 2006, 2007, -1,
      2008, 565, 2007, -1,
      2007, 565, 568, -1,
      2007, 568, 567, -1,
      364, 370, 2005, -1,
      2005, 370, 369, -1,
      2005, 369, 2009, -1,
      2009, 369, 368, -1,
      2009, 368, 2010, -1,
      562, 512, 2008, -1,
      2008, 512, 511, -1,
      2008, 511, 565, -1,
      2010, 368, 2011, -1,
      2011, 368, 367, -1,
      2011, 367, 375, -1,
      2008, 2012, 562, -1,
      562, 2012, 2013, -1,
      562, 2013, 563, -1,
      563, 2013, 2014, -1,
      563, 2014, 564, -1,
      564, 2014, 560, -1,
      1997, 557, 2014, -1,
      2014, 557, 561, -1,
      2014, 561, 560, -1,
      375, 374, 2011, -1,
      2011, 374, 373, -1,
      2011, 373, 2015, -1,
      2015, 373, 372, -1,
      2015, 372, 2016, -1,
      2016, 372, 371, -1,
      2016, 371, 2017, -1,
      2017, 371, 380, -1,
      2017, 380, 2018, -1,
      2019, 556, 2020, -1,
      2020, 556, 660, -1,
      2020, 660, 1997, -1,
      1997, 660, 559, -1,
      1997, 559, 558, -1,
      2021, 514, 2019, -1,
      2019, 514, 513, -1,
      2019, 513, 556, -1,
      2022, 553, 2021, -1,
      2021, 553, 659, -1,
      2021, 659, 514, -1,
      380, 379, 2018, -1,
      2018, 379, 378, -1,
      2018, 378, 2023, -1,
      2023, 378, 377, -1,
      2023, 377, 2024, -1,
      2024, 377, 376, -1,
      2024, 376, 2025, -1,
      551, 552, 2022, -1,
      552, 555, 2022, -1,
      2022, 555, 554, -1,
      2022, 554, 553, -1,
      2022, 2026, 551, -1,
      551, 2026, 2027, -1,
      551, 2027, 550, -1,
      550, 2027, 2028, -1,
      550, 2028, 547, -1,
      376, 386, 2025, -1,
      2025, 386, 385, -1,
      2025, 385, 2029, -1,
      2029, 385, 384, -1,
      2029, 384, 2030, -1,
      2030, 384, 383, -1,
      2030, 383, 2031, -1,
      2031, 383, 382, -1,
      2031, 382, 2032, -1,
      547, 2028, 548, -1,
      548, 2028, 2033, -1,
      548, 2033, 549, -1,
      549, 2033, 2034, -1,
      549, 2034, 543, -1,
      543, 2034, 2035, -1,
      543, 2035, 544, -1,
      544, 2035, 2036, -1,
      544, 2036, 545, -1,
      545, 2036, 2037, -1,
      545, 2037, 546, -1,
      382, 381, 2032, -1,
      2032, 381, 389, -1,
      2032, 389, 2038, -1,
      2038, 389, 388, -1,
      2038, 388, 2039, -1,
      2039, 388, 387, -1,
      2039, 387, 2040, -1,
      2040, 387, 393, -1,
      2040, 393, 2041, -1,
      546, 2037, 542, -1,
      542, 2037, 2042, -1,
      542, 2042, 541, -1,
      541, 2042, 2043, -1,
      541, 2043, 515, -1,
      515, 2043, 516, -1,
      516, 2043, 2044, -1,
      516, 2044, 539, -1,
      393, 392, 2041, -1,
      2041, 392, 391, -1,
      2041, 391, 2045, -1,
      2045, 391, 390, -1,
      2045, 390, 2046, -1,
      2046, 390, 396, -1,
      2046, 396, 2047, -1,
      539, 2044, 534, -1,
      534, 2044, 2048, -1,
      534, 2048, 535, -1,
      535, 2048, 2049, -1,
      535, 2049, 536, -1,
      396, 395, 2047, -1,
      2047, 395, 394, -1,
      2047, 394, 2050, -1,
      2050, 394, 401, -1,
      2050, 401, 2051, -1,
      2051, 401, 400, -1,
      2051, 400, 2052, -1,
      536, 2049, 537, -1,
      537, 2049, 2053, -1,
      537, 2053, 538, -1,
      538, 2053, 2054, -1,
      538, 2054, 540, -1,
      540, 2054, 2055, -1,
      540, 2055, 665, -1,
      398, 397, 2056, -1,
      2056, 397, 409, -1,
      2056, 409, 404, -1,
      1970, 1971, 2057, -1,
      2057, 1971, 1998, -1,
      2057, 1998, 2058, -1,
      2058, 1998, 2002, -1,
      2058, 2002, 2059, -1,
      2059, 2002, 2003, -1,
      2059, 2003, 2060, -1,
      2060, 2003, 2004, -1,
      2060, 2004, 2061, -1,
      2061, 2004, 2005, -1,
      2061, 2005, 2062, -1,
      2062, 2005, 2009, -1,
      2062, 2009, 2063, -1,
      2063, 2009, 2010, -1,
      2063, 2010, 2064, -1,
      2064, 2010, 2011, -1,
      2064, 2011, 2065, -1,
      2065, 2011, 2015, -1,
      2065, 2015, 2066, -1,
      2066, 2015, 2016, -1,
      2066, 2016, 2067, -1,
      2067, 2016, 2017, -1,
      2067, 2017, 2068, -1,
      2068, 2017, 2018, -1,
      2068, 2018, 2069, -1,
      2069, 2018, 2023, -1,
      2069, 2023, 2070, -1,
      2070, 2023, 2024, -1,
      2070, 2024, 2071, -1,
      2071, 2024, 2025, -1,
      2071, 2025, 2072, -1,
      2072, 2025, 2029, -1,
      2072, 2029, 2073, -1,
      2073, 2029, 2030, -1,
      2073, 2030, 2074, -1,
      2074, 2030, 2031, -1,
      2074, 2031, 2075, -1,
      2075, 2031, 2032, -1,
      2075, 2032, 2076, -1,
      2076, 2032, 2038, -1,
      2076, 2038, 2077, -1,
      2077, 2038, 2039, -1,
      2077, 2039, 2078, -1,
      2078, 2039, 2040, -1,
      2078, 2040, 2079, -1,
      2079, 2040, 2041, -1,
      2079, 2041, 2080, -1,
      2080, 2041, 2045, -1,
      2080, 2045, 2081, -1,
      2081, 2045, 2046, -1,
      2081, 2046, 2082, -1,
      2082, 2046, 2047, -1,
      2082, 2047, 2083, -1,
      2083, 2047, 2050, -1,
      2083, 2050, 2084, -1,
      2084, 2050, 2051, -1,
      2084, 2051, 2085, -1,
      2085, 2051, 2052, -1,
      2085, 2052, 2086, -1,
      2086, 2052, 2087, -1,
      2086, 2087, 2088, -1,
      571, 1970, 1999, -1,
      1999, 1970, 2057, -1,
      1999, 2057, 2000, -1,
      2000, 2057, 2058, -1,
      2000, 2058, 2001, -1,
      2001, 2058, 2059, -1,
      2001, 2059, 2006, -1,
      2006, 2059, 2060, -1,
      2006, 2060, 2007, -1,
      2007, 2060, 2061, -1,
      2007, 2061, 2008, -1,
      2008, 2061, 2062, -1,
      2008, 2062, 2012, -1,
      2012, 2062, 2063, -1,
      2012, 2063, 2013, -1,
      2013, 2063, 2064, -1,
      2013, 2064, 2014, -1,
      2014, 2064, 2065, -1,
      2014, 2065, 1997, -1,
      1997, 2065, 2066, -1,
      1997, 2066, 2020, -1,
      2020, 2066, 2067, -1,
      2020, 2067, 2019, -1,
      2019, 2067, 2068, -1,
      2019, 2068, 2021, -1,
      2021, 2068, 2069, -1,
      2021, 2069, 2022, -1,
      2022, 2069, 2070, -1,
      2022, 2070, 2026, -1,
      2026, 2070, 2071, -1,
      2026, 2071, 2027, -1,
      2027, 2071, 2072, -1,
      2027, 2072, 2028, -1,
      2028, 2072, 2073, -1,
      2028, 2073, 2033, -1,
      2033, 2073, 2074, -1,
      2033, 2074, 2034, -1,
      2034, 2074, 2075, -1,
      2034, 2075, 2035, -1,
      2035, 2075, 2076, -1,
      2035, 2076, 2036, -1,
      2036, 2076, 2077, -1,
      2036, 2077, 2037, -1,
      2037, 2077, 2078, -1,
      2037, 2078, 2042, -1,
      2042, 2078, 2079, -1,
      2042, 2079, 2043, -1,
      2043, 2079, 2080, -1,
      2043, 2080, 2044, -1,
      2044, 2080, 2081, -1,
      2044, 2081, 2048, -1,
      2048, 2081, 2082, -1,
      2048, 2082, 2049, -1,
      2049, 2082, 2083, -1,
      2049, 2083, 2053, -1,
      2053, 2083, 2084, -1,
      2053, 2084, 2054, -1,
      2054, 2084, 2085, -1,
      2054, 2085, 2055, -1,
      2055, 2085, 2086, -1,
      2055, 2086, 2089, -1,
      2089, 2086, 2088, -1,
      2089, 2088, 2090, -1,
      527, 533, 2090, -1,
      2090, 533, 532, -1,
      2090, 532, 2089, -1,
      2089, 532, 531, -1,
      2089, 531, 2055, -1,
      2055, 531, 664, -1,
      2055, 664, 665, -1,
      528, 527, 1995, -1,
      1995, 527, 2090, -1,
      1995, 2090, 2091, -1,
      2091, 2090, 2088, -1,
      2091, 2088, 2056, -1,
      2056, 2088, 2087, -1,
      2056, 2087, 398, -1,
      398, 2087, 2052, -1,
      398, 2052, 399, -1,
      399, 2052, 400, -1,
      530, 529, 1994, -1,
      1994, 529, 1995, -1,
      1994, 1995, 2092, -1,
      2092, 1995, 2091, -1,
      2092, 2091, 2093, -1,
      2093, 2091, 2056, -1,
      2093, 2056, 403, -1,
      403, 2056, 404, -1,
      526, 523, 1990, -1,
      1990, 523, 1994, -1,
      1990, 1994, 2094, -1,
      2094, 1994, 2092, -1,
      2094, 2092, 2095, -1,
      2095, 2092, 2093, -1,
      2095, 2093, 402, -1,
      402, 2093, 403, -1,
      405, 361, 1996, -1,
      1996, 361, 1991, -1,
      1996, 1991, 2096, -1,
      2096, 1991, 1993, -1,
      2096, 1993, 2097, -1,
      524, 525, 2097, -1,
      2097, 525, 1990, -1,
      2097, 1990, 2096, -1,
      2096, 1990, 2094, -1,
      2096, 2094, 1996, -1,
      1996, 2094, 2095, -1,
      1996, 2095, 406, -1,
      406, 2095, 402, -1,
      361, 360, 1991, -1,
      1991, 360, 408, -1,
      1991, 408, 1992, -1,
      1992, 408, 407, -1,
      1992, 407, 359, -1,
      522, 521, 2098, -1,
      2098, 521, 520, -1,
      2098, 520, 519, -1,
      359, 1989, 1992, -1,
      1992, 1989, 2099, -1,
      1992, 2099, 1993, -1,
      1993, 2099, 2098, -1,
      1993, 2098, 2097, -1,
      2097, 2098, 519, -1,
      2097, 519, 524, -1,
      517, 522, 2100, -1,
      2100, 522, 2098, -1,
      2100, 2098, 2101, -1,
      2101, 2098, 2099, -1,
      2101, 2099, 2102, -1,
      2102, 2099, 1989, -1,
      2102, 1989, 3, -1,
      3, 1989, 358, -1,
      643, 642, 2103, -1,
      639, 644, 2104, -1,
      1986, 1974, 624, -1,
      624, 1974, 1973, -1,
      624, 1973, 625, -1,
      625, 1973, 1976, -1,
      625, 1976, 627, -1,
      1982, 1988, 2105, -1,
      2105, 1988, 1987, -1,
      2105, 1987, 1986, -1,
      1982, 2105, 1983, -1,
      1983, 2105, 2106, -1,
      1983, 2106, 1984, -1,
      2107, 1981, 2108, -1,
      2108, 1981, 1980, -1,
      2108, 1980, 1985, -1,
      1986, 624, 2105, -1,
      2105, 624, 623, -1,
      2105, 623, 2106, -1,
      2109, 426, 2110, -1,
      2110, 426, 425, -1,
      2110, 425, 2107, -1,
      2107, 425, 424, -1,
      2107, 424, 1981, -1,
      623, 629, 2106, -1,
      2106, 629, 628, -1,
      2106, 628, 2111, -1,
      2111, 628, 632, -1,
      2111, 632, 2112, -1,
      2112, 632, 631, -1,
      2112, 631, 2113, -1,
      2113, 631, 630, -1,
      2113, 630, 2114, -1,
      2114, 630, 496, -1,
      2114, 496, 2115, -1,
      496, 495, 2115, -1,
      2115, 495, 633, -1,
      2115, 633, 2116, -1,
      2116, 633, 634, -1,
      2116, 634, 2117, -1,
      2118, 417, 2119, -1,
      2119, 417, 421, -1,
      2119, 421, 2120, -1,
      2120, 421, 420, -1,
      2120, 420, 2121, -1,
      2121, 420, 419, -1,
      2121, 419, 2109, -1,
      2109, 419, 427, -1,
      2109, 427, 426, -1,
      2122, 416, 2118, -1,
      2118, 416, 418, -1,
      2118, 418, 417, -1,
      635, 2123, 636, -1,
      636, 2123, 2124, -1,
      636, 2124, 637, -1,
      637, 2124, 2117, -1,
      637, 2117, 638, -1,
      638, 2117, 634, -1,
      1985, 1984, 2108, -1,
      2108, 1984, 2106, -1,
      2108, 2106, 2107, -1,
      2107, 2106, 2111, -1,
      2107, 2111, 2110, -1,
      2110, 2111, 2112, -1,
      2110, 2112, 2109, -1,
      2109, 2112, 2113, -1,
      2109, 2113, 2121, -1,
      2121, 2113, 2114, -1,
      2121, 2114, 2120, -1,
      2120, 2114, 2115, -1,
      2120, 2115, 2119, -1,
      2119, 2115, 2116, -1,
      2119, 2116, 2118, -1,
      2118, 2116, 2117, -1,
      2118, 2117, 2122, -1,
      2122, 2117, 2124, -1,
      2122, 2124, 2125, -1,
      2125, 2124, 2123, -1,
      2125, 2123, 2126, -1,
      414, 413, 2126, -1,
      2126, 413, 412, -1,
      2126, 412, 2125, -1,
      2125, 412, 411, -1,
      2125, 411, 2122, -1,
      2122, 411, 415, -1,
      2122, 415, 416, -1,
      640, 639, 2127, -1,
      2127, 639, 2104, -1,
      2127, 2104, 2128, -1,
      410, 414, 2128, -1,
      2128, 414, 2126, -1,
      2128, 2126, 2127, -1,
      2127, 2126, 2123, -1,
      2127, 2123, 640, -1,
      640, 2123, 635, -1,
      43, 410, 2129, -1,
      2129, 410, 2128, -1,
      2129, 2128, 2103, -1,
      2103, 2128, 2104, -1,
      2103, 2104, 643, -1,
      643, 2104, 644, -1,
      518, 517, 2130, -1,
      2130, 517, 2100, -1,
      2130, 2100, 2131, -1,
      2131, 2100, 2101, -1,
      2131, 2101, 2132, -1,
      2132, 2101, 2102, -1,
      2132, 2102, 2133, -1,
      2133, 2102, 3, -1,
      493, 518, 2134, -1,
      2134, 518, 2130, -1,
      2134, 2130, 2135, -1,
      2135, 2130, 2131, -1,
      2135, 2131, 2136, -1,
      2136, 2131, 2132, -1,
      2136, 2132, 2, -1,
      2, 2132, 2133, -1,
      641, 645, 2137, -1,
      646, 647, 2138, -1,
      648, 650, 2139, -1,
      42, 41, 2140, -1,
      34, 40, 2141, -1,
      35, 2142, 2143, -1,
      2144, 658, 492, -1,
      2145, 31, 30, -1,
      2146, 2145, 2147, -1,
      2145, 30, 2147, -1,
      2147, 30, 29, -1,
      2147, 29, 2148, -1,
      2149, 657, 2150, -1,
      2150, 657, 656, -1,
      2150, 656, 2144, -1,
      2144, 656, 655, -1,
      2144, 655, 658, -1,
      29, 28, 2148, -1,
      2148, 28, 36, -1,
      2148, 36, 2143, -1,
      2143, 36, 37, -1,
      2143, 37, 35, -1,
      492, 2146, 2144, -1,
      2144, 2146, 2147, -1,
      2144, 2147, 2150, -1,
      2150, 2147, 2148, -1,
      2150, 2148, 2149, -1,
      2149, 2148, 2143, -1,
      2149, 2143, 2151, -1,
      2151, 2143, 2142, -1,
      2151, 2142, 2152, -1,
      649, 654, 2152, -1,
      2152, 654, 653, -1,
      2152, 653, 2151, -1,
      2151, 653, 652, -1,
      2151, 652, 2149, -1,
      2149, 652, 651, -1,
      2149, 651, 657, -1,
      650, 649, 2139, -1,
      2139, 649, 2152, -1,
      2139, 2152, 2141, -1,
      2141, 2152, 2142, -1,
      2141, 2142, 34, -1,
      34, 2142, 35, -1,
      2153, 39, 38, -1,
      647, 648, 2138, -1,
      2138, 648, 2139, -1,
      2138, 2139, 2153, -1,
      2153, 2139, 2141, -1,
      2153, 2141, 39, -1,
      39, 2141, 40, -1,
      41, 44, 2140, -1,
      2140, 44, 2154, -1,
      2140, 2154, 2137, -1,
      645, 646, 2137, -1,
      2137, 646, 2138, -1,
      2137, 2138, 2140, -1,
      2140, 2138, 2153, -1,
      2140, 2153, 42, -1,
      42, 2153, 38, -1,
      642, 641, 2103, -1,
      2103, 641, 2137, -1,
      2103, 2137, 2129, -1,
      2129, 2137, 2154, -1,
      2129, 2154, 43, -1,
      43, 2154, 44, -1,
      2, 4, 2136, -1,
      2136, 4, 2155, -1,
      2136, 2155, 2135, -1,
      2135, 2155, 2156, -1,
      2135, 2156, 2134, -1,
      2134, 2156, 2157, -1,
      2134, 2157, 493, -1,
      493, 2157, 494, -1,
      32, 31, 2145, -1,
      2158, 2159, 2160, -1,
      2159, 2158, 33, -1,
      2161, 26, 25, -1,
      489, 491, 2162, -1,
      2162, 491, 2163, -1,
      2161, 25, 2158, -1,
      2158, 25, 24, -1,
      2158, 24, 33, -1,
      490, 489, 2160, -1,
      2160, 489, 2162, -1,
      2160, 2162, 2158, -1,
      2158, 2162, 2163, -1,
      2158, 2163, 2161, -1,
      492, 490, 2146, -1,
      2146, 490, 2160, -1,
      2146, 2160, 2145, -1,
      2145, 2160, 2159, -1,
      2145, 2159, 32, -1,
      32, 2159, 33, -1,
      2164, 2165, 2166, -1,
      703, 702, 2167, -1,
      2168, 708, 494, -1,
      2155, 4, 2169, -1,
      2156, 2155, 2170, -1,
      2155, 2169, 2170, -1,
      2170, 2169, 1, -1,
      2170, 1, 2171, -1,
      2157, 2156, 2172, -1,
      2172, 2156, 2170, -1,
      2172, 2170, 2173, -1,
      2173, 2170, 2171, -1,
      2173, 2171, 2174, -1,
      708, 2168, 706, -1,
      706, 2168, 2175, -1,
      706, 2175, 707, -1,
      707, 2175, 2176, -1,
      707, 2176, 666, -1,
      494, 2157, 2168, -1,
      2168, 2157, 2172, -1,
      2168, 2172, 2175, -1,
      2175, 2172, 2173, -1,
      2175, 2173, 2176, -1,
      2176, 2173, 2174, -1,
      2176, 2174, 2167, -1,
      2167, 702, 2176, -1,
      2176, 702, 667, -1,
      2176, 667, 666, -1,
      704, 703, 2177, -1,
      2177, 703, 2167, -1,
      2177, 2167, 2178, -1,
      2178, 2167, 2174, -1,
      2178, 2174, 2179, -1,
      2179, 2174, 2171, -1,
      2179, 2171, 2180, -1,
      2180, 2171, 1, -1,
      2180, 2181, 2179, -1,
      2179, 2181, 2182, -1,
      2179, 2182, 2178, -1,
      2178, 2182, 2183, -1,
      2178, 2183, 2177, -1,
      2177, 2183, 2184, -1,
      2177, 2184, 704, -1,
      2185, 2165, 2186, -1,
      2186, 2165, 2164, -1,
      2186, 2164, 2187, -1,
      699, 669, 2184, -1,
      669, 668, 2184, -1,
      2184, 668, 705, -1,
      2184, 705, 704, -1,
      0, 2185, 2188, -1,
      2188, 2185, 2186, -1,
      2188, 2186, 2189, -1,
      2189, 2186, 2187, -1,
      2189, 2187, 2190, -1,
      0, 2191, 2185, -1,
      2185, 2191, 2192, -1,
      2185, 2192, 2165, -1,
      2165, 2192, 2193, -1,
      2165, 2193, 2166, -1,
      2166, 2193, 2194, -1,
      2166, 2194, 2195, -1,
      2181, 2190, 2182, -1,
      2182, 2190, 2187, -1,
      2182, 2187, 2183, -1,
      2183, 2187, 2164, -1,
      2183, 2164, 2184, -1,
      2184, 2164, 2166, -1,
      2184, 2166, 699, -1,
      699, 2166, 2195, -1,
      699, 2195, 700, -1,
      20, 27, 2196, -1,
      713, 716, 2197, -1,
      2198, 2199, 2200, -1,
      715, 714, 2201, -1,
      718, 717, 2202, -1,
      17, 18, 2203, -1,
      13, 16, 2204, -1,
      12, 15, 2205, -1,
      2206, 2207, 2208, -1,
      2207, 8, 7, -1,
      2206, 2208, 2209, -1,
      2207, 7, 2208, -1,
      2208, 7, 6, -1,
      2208, 6, 2210, -1,
      2211, 730, 2212, -1,
      2212, 730, 729, -1,
      2212, 729, 726, -1,
      11, 2213, 10, -1,
      10, 2213, 2214, -1,
      10, 2214, 9, -1,
      9, 2214, 2210, -1,
      9, 2210, 5, -1,
      5, 2210, 6, -1,
      726, 2209, 2212, -1,
      2212, 2209, 2208, -1,
      2212, 2208, 2211, -1,
      2211, 2208, 2210, -1,
      2211, 2210, 2215, -1,
      2215, 2210, 2214, -1,
      2215, 2214, 2216, -1,
      2216, 2214, 2213, -1,
      2216, 2213, 2217, -1,
      721, 720, 2217, -1,
      2217, 720, 719, -1,
      2217, 719, 2216, -1,
      2216, 719, 724, -1,
      2216, 724, 2215, -1,
      2215, 724, 723, -1,
      2215, 723, 2211, -1,
      2211, 723, 731, -1,
      2211, 731, 730, -1,
      2218, 742, 722, -1,
      722, 721, 2218, -1,
      2218, 721, 2217, -1,
      2218, 2217, 2205, -1,
      2205, 2217, 2213, -1,
      2205, 2213, 12, -1,
      12, 2213, 11, -1,
      717, 742, 2202, -1,
      2202, 742, 2218, -1,
      2202, 2218, 2219, -1,
      2219, 2218, 2205, -1,
      2219, 2205, 14, -1,
      14, 2205, 15, -1,
      714, 718, 2201, -1,
      2201, 718, 2202, -1,
      2201, 2202, 2204, -1,
      2204, 2202, 2219, -1,
      2204, 2219, 13, -1,
      13, 2219, 14, -1,
      716, 715, 2197, -1,
      2197, 715, 2201, -1,
      2197, 2201, 2203, -1,
      2203, 2201, 2204, -1,
      2203, 2204, 17, -1,
      17, 2204, 16, -1,
      710, 713, 2200, -1,
      2200, 713, 2197, -1,
      2200, 2197, 2198, -1,
      2198, 2197, 2203, -1,
      2198, 2203, 19, -1,
      19, 2203, 18, -1,
      19, 23, 2198, -1,
      2198, 23, 22, -1,
      2198, 22, 2199, -1,
      2199, 22, 21, -1,
      2199, 21, 20, -1,
      711, 2220, 712, -1,
      712, 2220, 709, -1,
      20, 2196, 2199, -1,
      2199, 2196, 2220, -1,
      2199, 2220, 2200, -1,
      2200, 2220, 711, -1,
      2200, 711, 710, -1,
      491, 709, 2163, -1,
      2163, 709, 2220, -1,
      2163, 2220, 2161, -1,
      2161, 2220, 2196, -1,
      2161, 2196, 26, -1,
      26, 2196, 27, -1,
      450, 452, 2221, -1,
      696, 695, 2222, -1,
      698, 2223, 2224, -1,
      2225, 2226, 2227, -1,
      688, 2228, 674, -1,
      674, 2228, 2229, -1,
      674, 2229, 675, -1,
      675, 2229, 2230, -1,
      675, 2230, 676, -1,
      676, 2230, 2227, -1,
      676, 2227, 677, -1,
      677, 2227, 2226, -1,
      677, 2226, 678, -1,
      2231, 472, 2232, -1,
      2232, 472, 471, -1,
      2232, 471, 2233, -1,
      2233, 471, 470, -1,
      2233, 470, 2234, -1,
      2234, 470, 469, -1,
      2234, 469, 2235, -1,
      2235, 469, 468, -1,
      2235, 468, 2236, -1,
      687, 2237, 688, -1,
      688, 2237, 2238, -1,
      688, 2238, 2228, -1,
      2239, 474, 2231, -1,
      2231, 474, 473, -1,
      2231, 473, 472, -1,
      687, 686, 2237, -1,
      2237, 686, 685, -1,
      2237, 685, 2240, -1,
      2240, 685, 684, -1,
      2240, 684, 2241, -1,
      2241, 684, 691, -1,
      690, 2242, 691, -1,
      691, 2242, 2243, -1,
      691, 2243, 2241, -1,
      2244, 461, 2245, -1,
      2245, 461, 460, -1,
      2245, 460, 2246, -1,
      2246, 460, 459, -1,
      2246, 459, 2247, -1,
      2247, 459, 476, -1,
      2247, 476, 2239, -1,
      2239, 476, 475, -1,
      2239, 475, 474, -1,
      2248, 457, 2244, -1,
      2244, 457, 462, -1,
      2244, 462, 461, -1,
      690, 689, 2242, -1,
      2242, 689, 671, -1,
      2242, 671, 2224, -1,
      2224, 671, 670, -1,
      2224, 670, 698, -1,
      2236, 2225, 2235, -1,
      2235, 2225, 2227, -1,
      2235, 2227, 2234, -1,
      2234, 2227, 2230, -1,
      2234, 2230, 2233, -1,
      2233, 2230, 2229, -1,
      2233, 2229, 2232, -1,
      2232, 2229, 2228, -1,
      2232, 2228, 2231, -1,
      2231, 2228, 2238, -1,
      2231, 2238, 2239, -1,
      2239, 2238, 2237, -1,
      2239, 2237, 2247, -1,
      2247, 2237, 2240, -1,
      2247, 2240, 2246, -1,
      2246, 2240, 2241, -1,
      2246, 2241, 2245, -1,
      2245, 2241, 2243, -1,
      2245, 2243, 2244, -1,
      2244, 2243, 2242, -1,
      2244, 2242, 2248, -1,
      2248, 2242, 2224, -1,
      2248, 2224, 2249, -1,
      2249, 2224, 2223, -1,
      2249, 2223, 2250, -1,
      453, 456, 2250, -1,
      2250, 456, 455, -1,
      2250, 455, 2249, -1,
      2249, 455, 454, -1,
      2249, 454, 2248, -1,
      2248, 454, 458, -1,
      2248, 458, 457, -1,
      452, 453, 2221, -1,
      2221, 453, 2250, -1,
      2221, 2250, 2251, -1,
      2251, 2250, 2223, -1,
      2251, 2223, 697, -1,
      697, 2223, 698, -1,
      695, 694, 2222, -1,
      2222, 694, 2252, -1,
      2222, 2252, 2253, -1,
      451, 450, 2253, -1,
      2253, 450, 2221, -1,
      2253, 2221, 2222, -1,
      2222, 2221, 2251, -1,
      2222, 2251, 696, -1,
      696, 2251, 697, -1,
      694, 693, 2254, -1,
      2254, 693, 692, -1,
      2255, 449, 448, -1,
      694, 2254, 2252, -1,
      2252, 2254, 2255, -1,
      2252, 2255, 2253, -1,
      2253, 2255, 448, -1,
      2253, 448, 451, -1,
      692, 701, 2254, -1,
      2254, 701, 700, -1,
      2254, 700, 2195, -1,
      2195, 2194, 2254, -1,
      2254, 2194, 2193, -1,
      2254, 2193, 2255, -1,
      2255, 2193, 2192, -1,
      2255, 2192, 2191, -1,
      449, 2255, 447, -1,
      447, 2255, 2191, -1,
      447, 2191, 0, -1,
      2236, 468, 467, -1,
      2226, 2225, 2256, -1,
      2256, 2225, 2236, -1,
      679, 678, 2226, -1,
      2236, 467, 2256, -1,
      2256, 467, 466, -1,
      2256, 466, 2257, -1,
      2257, 466, 465, -1,
      2257, 465, 2258, -1,
      2258, 465, 464, -1,
      2258, 464, 2259, -1,
      2259, 464, 463, -1,
      2259, 463, 2260, -1,
      2260, 463, 483, -1,
      2260, 483, 2261, -1,
      2226, 2256, 679, -1,
      679, 2256, 2257, -1,
      679, 2257, 680, -1,
      680, 2257, 2258, -1,
      680, 2258, 681, -1,
      681, 2258, 2259, -1,
      681, 2259, 682, -1,
      682, 2259, 2260, -1,
      682, 2260, 683, -1,
      683, 2260, 2261, -1,
      683, 2261, 672, -1,
      672, 2261, 673, -1,
      673, 2261, 2262, -1,
      673, 2262, 737, -1,
      737, 2262, 2263, -1,
      737, 2263, 738, -1,
      738, 2263, 2264, -1,
      738, 2264, 734, -1,
      734, 2264, 2265, -1,
      734, 2265, 735, -1,
      735, 2265, 2266, -1,
      735, 2266, 736, -1,
      736, 2266, 2267, -1,
      736, 2267, 732, -1,
      732, 2267, 2268, -1,
      732, 2268, 733, -1,
      733, 2268, 2269, -1,
      733, 2269, 739, -1,
      483, 482, 2261, -1,
      2261, 482, 478, -1,
      2261, 478, 2262, -1,
      2262, 478, 477, -1,
      2262, 477, 2263, -1,
      2263, 477, 481, -1,
      2263, 481, 2264, -1,
      2264, 481, 480, -1,
      2264, 480, 2265, -1,
      2265, 480, 479, -1,
      2265, 479, 2266, -1,
      2266, 479, 446, -1,
      2266, 446, 2267, -1,
      2267, 446, 445, -1,
      2267, 445, 2268, -1,
      2268, 445, 487, -1,
      2268, 487, 2269, -1,
      2269, 487, 486, -1,
      2269, 486, 2270, -1,
      2270, 486, 485, -1,
      2270, 485, 2271, -1,
      739, 2269, 740, -1,
      740, 2269, 2270, -1,
      740, 2270, 741, -1,
      741, 2270, 2271, -1,
      741, 2271, 727, -1,
      485, 484, 2271, -1,
      2271, 484, 488, -1,
      2271, 488, 2272, -1,
      2272, 488, 8, -1,
      8, 2207, 2272, -1,
      2272, 2207, 2206, -1,
      2272, 2206, 2209, -1,
      727, 2271, 728, -1,
      728, 2271, 2272, -1,
      728, 2272, 725, -1,
      725, 2272, 2209, -1,
      725, 2209, 726, -1,
    ]
  }
}

Shape {
  appearance Appearance {
    material Material {
      diffuseColor 0.0000 0.0000 0.0000
      specularColor 0.0000 0.0000 0.0000
      ambientIntensity 0.2
      transparency 0.0000
      shininess 0.5
    }
  }
  geometry IndexedFaceSet {
    ccw TRUE
    solid FALSE
    coord DEF co Coordinate {
      point [
        -0.109550 0.551181 1.101934,
        -0.109550 0.551181 1.117948,
        -0.106161 0.551181 1.116106,
        -0.106161 0.551181 1.117948,
        -0.104304 0.551181 1.117948,
        -0.105706 0.551181 1.110981,
        -0.105706 0.551181 1.109147,
        -0.106525 0.551181 1.103760,
        -0.104304 0.551181 1.103760,
        -0.104304 0.551181 1.109147,
        -0.099980 0.551181 1.109147,
        -0.099980 0.551181 1.103760,
        -0.104304 0.551181 1.116106,
        -0.104304 0.551181 1.110981,
        -0.099980 0.551181 1.116106,
        -0.099980 0.551181 1.110981,
        -0.097912 0.551181 1.101934,
        -0.104304 0.551181 1.101934,
        -0.106525 0.551181 1.101934,
        -0.097912 0.551181 1.117948,
        -0.094024 0.551181 1.117767,
        -0.094707 0.551181 1.117563,
        -0.094707 0.551181 1.115402,
        -0.094024 0.551181 1.102332,
        -0.094525 0.551181 1.102505,
        -0.094707 0.551181 1.102598,
        -0.094707 0.551181 1.104579,
        -0.085100 0.551181 1.111757,
        -0.094024 0.551181 1.104276,
        -0.085606 0.551181 1.113187,
        -0.086351 0.551181 1.114330,
        -0.084887 0.551181 1.109761,
        -0.084888 0.551181 1.109611,
        -0.093068 0.551181 1.103852,
        -0.091244 0.551181 1.103529,
        -0.092817 0.551181 1.116138,
        -0.090933 0.551181 1.116352,
        -0.090224 0.551181 1.116319,
        -0.088843 0.551181 1.116034,
        -0.094451 0.551181 1.115538,
        -0.094024 0.551181 1.115695,
        -0.087593 0.551181 1.115432,
        -0.086569 0.551181 1.114575,
        -0.085140 0.551181 1.107646,
        -0.085644 0.551181 1.106341,
        -0.086459 0.551181 1.105193,
        -0.087920 0.551181 1.104090,
        -0.089081 0.551181 1.103671,
        -0.090573 0.551181 1.103506,
        -0.086852 0.551181 1.104811,
        -0.091059 0.551181 1.118218,
        -0.092557 0.551181 1.118083,
        -0.093131 0.551181 1.118032,
        -0.089696 0.551181 1.118083,
        -0.088774 0.551181 1.117981,
        -0.087073 0.551181 1.117365,
        -0.083919 0.551181 1.114427,
        -0.085030 0.551181 1.115860,
        -0.085498 0.551181 1.116302,
        -0.083138 0.551181 1.112663,
        -0.083433 0.551181 1.113331,
        -0.083433 0.551181 1.105980,
        -0.082972 0.551181 1.107279,
        -0.082717 0.551181 1.109638,
        -0.082754 0.551181 1.110594,
        -0.087484 0.551181 1.102097,
        -0.085985 0.551181 1.102829,
        -0.084772 0.551181 1.103850,
        -0.084503 0.551181 1.104153,
        -0.083585 0.551181 1.105554,
        -0.092841 0.551181 1.101925,
        -0.090274 0.551181 1.101664,
        -0.089202 0.551181 1.101721,
        -0.114119 0.551181 1.117948,
        -0.116668 0.551181 1.117653,
        -0.122528 0.551181 1.109009,
        -0.122119 0.551181 1.107153,
        -0.118587 0.551181 1.116925,
        -0.120173 0.551181 1.115828,
        -0.120839 0.551181 1.115163,
        -0.121307 0.551181 1.105509,
        -0.120173 0.551181 1.104178,
        -0.119874 0.551181 1.103912,
        -0.121804 0.551181 1.113734,
        -0.122365 0.551181 1.112174,
        -0.122588 0.551181 1.110146,
        -0.118303 0.551181 1.102876,
        -0.116430 0.551181 1.102204,
        -0.113955 0.551181 1.101934,
        -0.075685 0.551181 1.117948,
        -0.075685 0.551181 1.103760,
        -0.082062 0.551181 1.103760,
        -0.073617 0.551181 1.101934,
        -0.073617 0.551181 1.117948,
        -0.082062 0.551181 1.101934,
        -0.090913 0.551181 1.118219,
        -0.082062 0.551575 1.103760,
        -0.082062 0.551575 1.101934,
        -0.075685 0.551575 1.103760,
        -0.075685 0.551575 1.117948,
        -0.073617 0.551575 1.117948,
        -0.073617 0.551575 1.101934,
        -0.090274 0.551575 1.101664,
        -0.094525 0.551575 1.102505,
        -0.092841 0.551575 1.101925,
        -0.094707 0.551575 1.102598,
        -0.094707 0.551575 1.104579,
        -0.093068 0.551575 1.103852,
        -0.091244 0.551575 1.103529,
        -0.090573 0.551575 1.103506,
        -0.089081 0.551575 1.103671,
        -0.087920 0.551575 1.104090,
        -0.086852 0.551575 1.104811,
        -0.086459 0.551575 1.105193,
        -0.085644 0.551575 1.106341,
        -0.085140 0.551575 1.107646,
        -0.084888 0.551575 1.109611,
        -0.084887 0.551575 1.109761,
        -0.085100 0.551575 1.111757,
        -0.085606 0.551575 1.113187,
        -0.086351 0.551575 1.114330,
        -0.086569 0.551575 1.114575,
        -0.087593 0.551575 1.115432,
        -0.088843 0.551575 1.116034,
        -0.090224 0.551575 1.116319,
        -0.090933 0.551575 1.116352,
        -0.094451 0.551575 1.115538,
        -0.092817 0.551575 1.116138,
        -0.094707 0.551575 1.115402,
        -0.094707 0.551575 1.117563,
        -0.090913 0.551575 1.118219,
        -0.091059 0.551575 1.118218,
        -0.093131 0.551575 1.118032,
        -0.088774 0.551575 1.117981,
        -0.087073 0.551575 1.117365,
        -0.085498 0.551575 1.116302,
        -0.085030 0.551575 1.115860,
        -0.083138 0.551575 1.112663,
        -0.083919 0.551575 1.114427,
        -0.082754 0.551575 1.110594,
        -0.082717 0.551575 1.109638,
        -0.083585 0.551575 1.105554,
        -0.082972 0.551575 1.107279,
        -0.084503 0.551575 1.104153,
        -0.084772 0.551575 1.103850,
        -0.085985 0.551575 1.102829,
        -0.087484 0.551575 1.102097,
        -0.089202 0.551575 1.101721,
        -0.106525 0.551575 1.103760,
        -0.106525 0.551575 1.101934,
        -0.099980 0.551575 1.103760,
        -0.099980 0.551575 1.109147,
        -0.105706 0.551575 1.109147,
        -0.105706 0.551575 1.110981,
        -0.099980 0.551575 1.110981,
        -0.099980 0.551575 1.116106,
        -0.106161 0.551575 1.116106,
        -0.106161 0.551575 1.117948,
        -0.097912 0.551575 1.117948,
        -0.097912 0.551575 1.101934,
        -0.120372 0.551575 1.109178,
        -0.122528 0.551575 1.109009,
        -0.120415 0.551575 1.110089,
        -0.122588 0.551575 1.110146,
        -0.120226 0.551575 1.111893,
        -0.122365 0.551575 1.112174,
        -0.119800 0.551575 1.113116,
        -0.121804 0.551575 1.113734,
        -0.119204 0.551575 1.114044,
        -0.120839 0.551575 1.115163,
        -0.118658 0.551575 1.114600,
        -0.120173 0.551575 1.115828,
        -0.117427 0.551575 1.115407,
        -0.118587 0.551575 1.116925,
        -0.116025 0.551575 1.115896,
        -0.116668 0.551575 1.117653,
        -0.114037 0.551575 1.116106,
        -0.114119 0.551575 1.117948,
        -0.111618 0.551575 1.116106,
        -0.109550 0.551575 1.117948,
        -0.111618 0.551575 1.103760,
        -0.109550 0.551575 1.101934,
        -0.113943 0.551575 1.103760,
        -0.113955 0.551575 1.101934,
        -0.115939 0.551575 1.103970,
        -0.116430 0.551575 1.102204,
        -0.117319 0.551575 1.104454,
        -0.118303 0.551575 1.102876,
        -0.118385 0.551575 1.105143,
        -0.119874 0.551575 1.103912,
        -0.118704 0.551575 1.105430,
        -0.120173 0.551575 1.104178,
        -0.119540 0.551575 1.106484,
        -0.121307 0.551575 1.105509,
        -0.120077 0.551575 1.107687,
        -0.122119 0.551575 1.107153,
        -0.114037 0.551181 1.116106,
        -0.111618 0.551181 1.116106,
        -0.111618 0.551181 1.103760,
        -0.113943 0.551181 1.103760,
        -0.118704 0.551181 1.105430,
        -0.118385 0.551181 1.105143,
        -0.117319 0.551181 1.104454,
        -0.115939 0.551181 1.103970,
        -0.120415 0.551181 1.110089,
        -0.120372 0.551181 1.109178,
        -0.120077 0.551181 1.107687,
        -0.119540 0.551181 1.106484,
        -0.118658 0.551181 1.114600,
        -0.119204 0.551181 1.114044,
        -0.119800 0.551181 1.113116,
        -0.120226 0.551181 1.111893,
        -0.116025 0.551181 1.115896,
        -0.117427 0.551181 1.115407,
      ]
    }
    coordIndex [
      96, 97, 91, -1,
      91, 97, 94, -1,
      98, 96, 90, -1,
      90, 96, 91, -1,
      99, 98, 89, -1,
      89, 98, 90, -1,
      100, 99, 93, -1,
      93, 99, 89, -1,
      101, 100, 92, -1,
      92, 100, 93, -1,
      97, 101, 94, -1,
      94, 101, 92, -1,
      99, 100, 98, -1,
      98, 100, 101, -1,
      98, 101, 96, -1,
      96, 101, 97, -1,
      102, 71, 70, -1,
      23, 103, 70, -1,
      70, 103, 104, -1,
      70, 104, 102, -1,
      23, 24, 103, -1,
      103, 24, 25, -1,
      103, 25, 105, -1,
      106, 105, 26, -1,
      26, 105, 25, -1,
      106, 26, 28, -1,
      106, 28, 107, -1,
      28, 33, 107, -1,
      107, 33, 34, -1,
      107, 34, 108, -1,
      108, 34, 48, -1,
      108, 48, 109, -1,
      109, 48, 47, -1,
      109, 47, 110, -1,
      110, 47, 46, -1,
      110, 46, 111, -1,
      111, 46, 49, -1,
      111, 49, 112, -1,
      112, 49, 45, -1,
      112, 45, 113, -1,
      113, 45, 44, -1,
      113, 44, 114, -1,
      114, 44, 43, -1,
      114, 43, 115, -1,
      115, 43, 32, -1,
      115, 32, 116, -1,
      116, 32, 31, -1,
      116, 31, 117, -1,
      117, 31, 27, -1,
      117, 27, 118, -1,
      118, 27, 29, -1,
      118, 29, 119, -1,
      119, 29, 30, -1,
      119, 30, 120, -1,
      120, 30, 42, -1,
      120, 42, 121, -1,
      121, 42, 41, -1,
      121, 41, 122, -1,
      122, 41, 38, -1,
      122, 38, 123, -1,
      123, 38, 37, -1,
      123, 37, 124, -1,
      124, 37, 36, -1,
      124, 36, 125, -1,
      125, 36, 35, -1,
      40, 126, 35, -1,
      35, 126, 127, -1,
      35, 127, 125, -1,
      40, 39, 126, -1,
      126, 39, 22, -1,
      126, 22, 128, -1,
      129, 128, 21, -1,
      21, 128, 22, -1,
      95, 130, 131, -1,
      129, 21, 20, -1,
      129, 20, 132, -1,
      20, 52, 132, -1,
      132, 52, 51, -1,
      132, 51, 131, -1,
      131, 51, 50, -1,
      131, 50, 95, -1,
      130, 95, 133, -1,
      133, 95, 53, -1,
      53, 54, 133, -1,
      133, 54, 55, -1,
      133, 55, 134, -1,
      134, 55, 58, -1,
      134, 58, 135, -1,
      135, 58, 57, -1,
      135, 57, 136, -1,
      136, 57, 56, -1,
      60, 137, 56, -1,
      56, 137, 138, -1,
      56, 138, 136, -1,
      60, 59, 137, -1,
      137, 59, 64, -1,
      137, 64, 139, -1,
      139, 64, 63, -1,
      139, 63, 140, -1,
      140, 63, 62, -1,
      61, 141, 62, -1,
      62, 141, 142, -1,
      62, 142, 140, -1,
      61, 69, 141, -1,
      141, 69, 68, -1,
      141, 68, 143, -1,
      143, 68, 67, -1,
      143, 67, 144, -1,
      144, 67, 66, -1,
      144, 66, 145, -1,
      145, 66, 65, -1,
      145, 65, 146, -1,
      146, 65, 72, -1,
      146, 72, 147, -1,
      147, 72, 71, -1,
      147, 71, 102, -1,
      126, 128, 129, -1,
      114, 115, 142, -1,
      118, 119, 138, -1,
      142, 115, 140, -1,
      138, 119, 136, -1,
      126, 129, 127, -1,
      127, 129, 132, -1,
      127, 132, 125, -1,
      125, 132, 131, -1,
      125, 131, 124, -1,
      124, 131, 130, -1,
      124, 130, 123, -1,
      123, 130, 133, -1,
      123, 133, 122, -1,
      105, 106, 103, -1,
      103, 106, 107, -1,
      103, 107, 104, -1,
      104, 107, 102, -1,
      133, 134, 122, -1,
      122, 134, 135, -1,
      122, 135, 121, -1,
      121, 135, 136, -1,
      121, 136, 120, -1,
      120, 136, 119, -1,
      142, 141, 114, -1,
      114, 141, 143, -1,
      114, 143, 113, -1,
      113, 143, 144, -1,
      113, 144, 112, -1,
      112, 144, 145, -1,
      112, 145, 111, -1,
      111, 145, 146, -1,
      111, 146, 110, -1,
      110, 146, 147, -1,
      110, 147, 109, -1,
      109, 147, 102, -1,
      109, 102, 108, -1,
      108, 102, 107, -1,
      115, 116, 140, -1,
      140, 116, 117, -1,
      140, 117, 139, -1,
      139, 117, 118, -1,
      139, 118, 137, -1,
      137, 118, 138, -1,
      148, 149, 7, -1,
      7, 149, 18, -1,
      11, 150, 8, -1,
      8, 150, 148, -1,
      8, 148, 7, -1,
      151, 150, 10, -1,
      10, 150, 11, -1,
      6, 152, 9, -1,
      9, 152, 151, -1,
      9, 151, 10, -1,
      153, 152, 5, -1,
      5, 152, 6, -1,
      15, 154, 13, -1,
      13, 154, 153, -1,
      13, 153, 5, -1,
      155, 154, 14, -1,
      14, 154, 15, -1,
      2, 156, 12, -1,
      12, 156, 155, -1,
      12, 155, 14, -1,
      157, 156, 3, -1,
      3, 156, 2, -1,
      19, 158, 4, -1,
      4, 158, 157, -1,
      4, 157, 3, -1,
      159, 158, 16, -1,
      16, 158, 19, -1,
      18, 149, 17, -1,
      17, 149, 159, -1,
      17, 159, 16, -1,
      159, 149, 148, -1,
      148, 150, 159, -1,
      159, 150, 151, -1,
      159, 151, 158, -1,
      156, 157, 155, -1,
      155, 157, 158, -1,
      155, 158, 154, -1,
      154, 158, 151, -1,
      154, 151, 153, -1,
      153, 151, 152, -1,
      160, 161, 162, -1,
      162, 161, 163, -1,
      162, 163, 164, -1,
      164, 163, 165, -1,
      164, 165, 166, -1,
      166, 165, 167, -1,
      166, 167, 168, -1,
      168, 167, 169, -1,
      168, 169, 170, -1,
      170, 169, 171, -1,
      170, 171, 172, -1,
      172, 171, 173, -1,
      172, 173, 174, -1,
      174, 173, 175, -1,
      174, 175, 176, -1,
      176, 175, 177, -1,
      176, 177, 178, -1,
      178, 177, 179, -1,
      178, 179, 180, -1,
      180, 179, 181, -1,
      180, 181, 182, -1,
      182, 181, 183, -1,
      182, 183, 184, -1,
      184, 183, 185, -1,
      184, 185, 186, -1,
      186, 185, 187, -1,
      186, 187, 188, -1,
      188, 187, 189, -1,
      188, 189, 190, -1,
      190, 189, 191, -1,
      190, 191, 192, -1,
      192, 191, 193, -1,
      192, 193, 194, -1,
      194, 193, 195, -1,
      194, 195, 160, -1,
      160, 195, 161, -1,
      183, 181, 88, -1,
      88, 181, 0, -1,
      183, 88, 87, -1,
      183, 87, 185, -1,
      185, 87, 86, -1,
      185, 86, 187, -1,
      187, 86, 82, -1,
      187, 82, 189, -1,
      189, 82, 81, -1,
      189, 81, 191, -1,
      191, 81, 80, -1,
      191, 80, 193, -1,
      193, 80, 76, -1,
      193, 76, 195, -1,
      195, 76, 75, -1,
      195, 75, 161, -1,
      161, 75, 85, -1,
      161, 85, 163, -1,
      163, 85, 84, -1,
      163, 84, 165, -1,
      165, 84, 83, -1,
      165, 83, 167, -1,
      167, 83, 79, -1,
      167, 79, 169, -1,
      169, 79, 78, -1,
      169, 78, 171, -1,
      171, 78, 77, -1,
      171, 77, 173, -1,
      173, 77, 74, -1,
      173, 74, 175, -1,
      175, 74, 73, -1,
      175, 73, 177, -1,
      179, 177, 1, -1,
      1, 177, 73, -1,
      181, 179, 0, -1,
      0, 179, 1, -1,
      176, 178, 196, -1,
      196, 178, 197, -1,
      178, 180, 197, -1,
      197, 180, 198, -1,
      180, 182, 198, -1,
      198, 182, 199, -1,
      190, 200, 201, -1,
      190, 201, 188, -1,
      188, 201, 202, -1,
      188, 202, 186, -1,
      186, 202, 203, -1,
      186, 203, 184, -1,
      184, 203, 199, -1,
      184, 199, 182, -1,
      162, 204, 205, -1,
      162, 205, 160, -1,
      160, 205, 206, -1,
      160, 206, 194, -1,
      194, 206, 207, -1,
      194, 207, 192, -1,
      192, 207, 200, -1,
      192, 200, 190, -1,
      170, 208, 209, -1,
      170, 209, 168, -1,
      168, 209, 210, -1,
      168, 210, 166, -1,
      166, 210, 211, -1,
      166, 211, 164, -1,
      164, 211, 204, -1,
      164, 204, 162, -1,
      176, 196, 212, -1,
      176, 212, 174, -1,
      174, 212, 213, -1,
      174, 213, 172, -1,
      172, 213, 208, -1,
      172, 208, 170, -1,
    ]
  }
}

Shape {
  appearance Appearance {
    material Material {
      diffuseColor 0.7137 0.5294 0.2980
      specularColor 0.8902 0.6627 0.3725
      ambientIntensity 0.2
      transparency 0.0000
      shininess 0.5
    }
  }
  geometry IndexedFaceSet {
    ccw TRUE
    solid FALSE
    coord DEF co Coordinate {
      point [
        -0.114037 0.551181 1.116106,
        -0.111618 0.551181 1.116106,
        -0.111618 0.551181 1.103760,
        -0.113943 0.551181 1.103760,
        -0.118704 0.551181 1.105430,
        -0.118385 0.551181 1.105143,
        -0.117319 0.551181 1.104454,
        -0.115939 0.551181 1.103970,
        -0.120415 0.551181 1.110089,
        -0.120372 0.551181 1.109178,
        -0.120077 0.551181 1.107687,
        -0.119540 0.551181 1.106484,
        -0.118658 0.551181 1.114600,
        -0.119204 0.551181 1.114044,
        -0.119800 0.551181 1.113116,
        -0.120226 0.551181 1.111893,
        -0.116025 0.551181 1.115896,
        -0.117427 0.551181 1.115407,
      ]
    }
    coordIndex [
      1, 2, 0, -1,
      0, 2, 3, -1,
      0, 3, 7, -1,
      7, 6, 0, -1,
      0, 6, 5, -1,
      0, 5, 4, -1,
      4, 11, 0, -1,
      0, 11, 10, -1,
      0, 10, 9, -1,
      9, 8, 0, -1,
      0, 8, 15, -1,
      0, 15, 14, -1,
      14, 13, 0, -1,
      0, 13, 12, -1,
      0, 12, 16, -1,
      16, 12, 17, -1,
    ]
  }
}

Shape {
  appearance Appearance {
    material Material {
      diffuseColor 0.0000 0.0000 0.0000
      specularColor 0.0000 0.0000 0.0000
      ambientIntensity 0.2
      transparency 0.0000
      shininess 0.5
    }
  }
  geometry IndexedFaceSet {
    ccw TRUE
    solid FALSE
    coord DEF co Coordinate {
      point [
        -0.131786 0.551181 1.117948,
        -0.137886 0.551181 1.101934,
        -0.133968 0.551181 1.106314,
        -0.128092 0.551181 1.106314,
        -0.135602 0.551181 1.101934,
        -0.123476 0.551181 1.101934,
        -0.125761 0.551181 1.101934,
        -0.127300 0.551181 1.106314,
        -0.129576 0.551181 1.117948,
        -0.128092 0.551181 1.114052,
        -0.127955 0.551575 1.108124,
        -0.130350 0.551575 1.114780,
        -0.129576 0.551575 1.117948,
        -0.123476 0.551575 1.101934,
        -0.125761 0.551575 1.101934,
        -0.127300 0.551575 1.106314,
        -0.130488 0.551575 1.115258,
        -0.130611 0.551575 1.115902,
        -0.131786 0.551575 1.117948,
        -0.130661 0.551575 1.115902,
        -0.130790 0.551575 1.115224,
        -0.130910 0.551575 1.114780,
        -0.133330 0.551575 1.108124,
        -0.137886 0.551575 1.101934,
        -0.135602 0.551575 1.101934,
        -0.133968 0.551575 1.106314,
        -0.127955 0.551181 1.108124,
        -0.133330 0.551181 1.108124,
        -0.130910 0.551181 1.114780,
        -0.130661 0.551181 1.115902,
        -0.130790 0.551181 1.115224,
        -0.130611 0.551181 1.115902,
        -0.130350 0.551181 1.114780,
        -0.130488 0.551181 1.115258,
      ]
    }
    coordIndex [
      10, 11, 12, -1,
      13, 14, 15, -1,
      11, 16, 12, -1,
      12, 16, 17, -1,
      12, 17, 18, -1,
      18, 17, 19, -1,
      18, 19, 20, -1,
      20, 21, 18, -1,
      18, 21, 22, -1,
      18, 22, 23, -1,
      24, 23, 25, -1,
      25, 23, 22, -1,
      25, 22, 15, -1,
      15, 22, 10, -1,
      15, 10, 13, -1,
      13, 10, 12, -1,
      18, 23, 0, -1,
      0, 23, 1, -1,
      12, 18, 8, -1,
      8, 18, 0, -1,
      5, 13, 9, -1,
      9, 13, 12, -1,
      9, 12, 8, -1,
      14, 13, 6, -1,
      6, 13, 5, -1,
      15, 14, 7, -1,
      7, 14, 6, -1,
      2, 25, 3, -1,
      3, 25, 15, -1,
      3, 15, 7, -1,
      24, 25, 4, -1,
      4, 25, 2, -1,
      23, 24, 1, -1,
      1, 24, 4, -1,
      10, 22, 26, -1,
      26, 22, 27, -1,
      22, 21, 27, -1,
      27, 21, 28, -1,
      19, 29, 30, -1,
      19, 30, 20, -1,
      20, 30, 28, -1,
      20, 28, 21, -1,
      19, 17, 29, -1,
      29, 17, 31, -1,
      11, 32, 33, -1,
      11, 33, 16, -1,
      16, 33, 31, -1,
      16, 31, 17, -1,
      11, 10, 32, -1,
      32, 10, 26, -1,
    ]
  }
}

Shape {
  appearance Appearance {
    material Material {
      diffuseColor 0.7137 0.5294 0.2980
      specularColor 0.8902 0.6627 0.3725
      ambientIntensity 0.2
      transparency 0.0000
      shininess 0.5
    }
  }
  geometry IndexedFaceSet {
    ccw TRUE
    solid FALSE
    coord DEF co Coordinate {
      point [
        -0.127955 0.551181 1.108124,
        -0.133330 0.551181 1.108124,
        -0.130910 0.551181 1.114780,
        -0.130661 0.551181 1.115902,
        -0.130790 0.551181 1.115224,
        -0.130611 0.551181 1.115902,
        -0.130350 0.551181 1.114780,
        -0.130488 0.551181 1.115258,
      ]
    }
    coordIndex [
      3, 5, 4, -1,
      4, 5, 7, -1,
      4, 7, 2, -1,
      2, 7, 6, -1,
      2, 6, 1, -1,
      1, 6, 0, -1,
    ]
  }
}

Shape {
  appearance Appearance {
    material Material {
      diffuseColor 0.0000 0.0000 0.0000
      specularColor 0.0000 0.0000 0.0000
      ambientIntensity 0.2
      transparency 0.0000
      shininess 0.5
    }
  }
  geometry IndexedFaceSet {
    ccw TRUE
    solid FALSE
    coord DEF co Coordinate {
      point [
        -0.084983 0.551181 1.082007,
        -0.085267 0.551181 1.085216,
        -0.084575 0.551181 1.081438,
        -0.084293 0.551181 1.080735,
        -0.084491 0.551181 1.078004,
        -0.084249 0.551181 1.078683,
        -0.090439 0.551181 1.088115,
        -0.091279 0.551181 1.087855,
        -0.091942 0.551181 1.087470,
        -0.092474 0.551181 1.086955,
        -0.092881 0.551181 1.086300,
        -0.085608 0.551181 1.082537,
        -0.086482 0.551181 1.082972,
        -0.086550 0.551181 1.086039,
        -0.087944 0.551181 1.083325,
        -0.089696 0.551181 1.086529,
        -0.089017 0.551181 1.086600,
        -0.087803 0.551181 1.086472,
        -0.085808 0.551181 1.076689,
        -0.085132 0.551181 1.077160,
        -0.084908 0.551181 1.077387,
        -0.091334 0.551181 1.078298,
        -0.091281 0.551181 1.078298,
        -0.091334 0.551181 1.076530,
        -0.090969 0.551181 1.077822,
        -0.090335 0.551181 1.077141,
        -0.084150 0.551181 1.079592,
        -0.084158 0.551181 1.079880,
        -0.085267 0.551181 1.087165,
        -0.085807 0.551181 1.087470,
        -0.087322 0.551181 1.088020,
        -0.089206 0.551181 1.088229,
        -0.093192 0.551181 1.085376,
        -0.093340 0.551181 1.083890,
        -0.093340 0.551181 1.076530,
        -0.091334 0.551181 1.083800,
        -0.091264 0.551181 1.084687,
        -0.091057 0.551181 1.085401,
        -0.090821 0.551181 1.085814,
        -0.090518 0.551181 1.086137,
        -0.090162 0.551181 1.086366,
        -0.088868 0.551181 1.076395,
        -0.088811 0.551181 1.076374,
        -0.087777 0.551181 1.076260,
        -0.086613 0.551181 1.076395,
        -0.086577 0.551181 1.076399,
        -0.089624 0.551181 1.076668,
        -0.081866 0.551181 1.092544,
        -0.081866 0.551181 1.090702,
        -0.082230 0.551181 1.078356,
        -0.082230 0.551181 1.076530,
        -0.073617 0.551181 1.076530,
        -0.073617 0.551181 1.092544,
        -0.075685 0.551181 1.083743,
        -0.075685 0.551181 1.078356,
        -0.081411 0.551181 1.083743,
        -0.081411 0.551181 1.085577,
        -0.075685 0.551181 1.085577,
        -0.075685 0.551181 1.090702,
        -0.082230 0.551575 1.078356,
        -0.082230 0.551575 1.076530,
        -0.075685 0.551575 1.078356,
        -0.075685 0.551575 1.083743,
        -0.081411 0.551575 1.083743,
        -0.081411 0.551575 1.085577,
        -0.075685 0.551575 1.085577,
        -0.075685 0.551575 1.090702,
        -0.081866 0.551575 1.090702,
        -0.081866 0.551575 1.092544,
        -0.073617 0.551575 1.092544,
        -0.073617 0.551575 1.076530,
        -0.091334 0.551575 1.076530,
        -0.093340 0.551575 1.076530,
        -0.091334 0.551575 1.078298,
        -0.093340 0.551575 1.083890,
        -0.091334 0.551575 1.083800,
        -0.086987 0.551575 1.081411,
        -0.087469 0.551575 1.081637,
        -0.091281 0.551575 1.078298,
        -0.090223 0.551575 1.078593,
        -0.090969 0.551575 1.077822,
        -0.089656 0.551575 1.078210,
        -0.088657 0.551575 1.081909,
        -0.091334 0.551575 1.082269,
        -0.091334 0.551575 1.081172,
        -0.091332 0.551575 1.081039,
        -0.091203 0.551575 1.080144,
        -0.090909 0.551575 1.079428,
        -0.090474 0.551575 1.078839,
        -0.091264 0.551575 1.084687,
        -0.093192 0.551575 1.085376,
        -0.091057 0.551575 1.085401,
        -0.092881 0.551575 1.086300,
        -0.090821 0.551575 1.085814,
        -0.092474 0.551575 1.086955,
        -0.090518 0.551575 1.086137,
        -0.091942 0.551575 1.087470,
        -0.090162 0.551575 1.086366,
        -0.091279 0.551575 1.087855,
        -0.089696 0.551575 1.086529,
        -0.090439 0.551575 1.088115,
        -0.089017 0.551575 1.086600,
        -0.089206 0.551575 1.088229,
        -0.087803 0.551575 1.086472,
        -0.087322 0.551575 1.088020,
        -0.086550 0.551575 1.086039,
        -0.085807 0.551575 1.087470,
        -0.085267 0.551575 1.085216,
        -0.085267 0.551575 1.087165,
        -0.086595 0.551575 1.078593,
        -0.085132 0.551575 1.077160,
        -0.086766 0.551575 1.078421,
        -0.085808 0.551575 1.076689,
        -0.087165 0.551575 1.078148,
        -0.086577 0.551575 1.076399,
        -0.087619 0.551575 1.077981,
        -0.087777 0.551575 1.076260,
        -0.088297 0.551575 1.077905,
        -0.088811 0.551575 1.076374,
        -0.089048 0.551575 1.077989,
        -0.089624 0.551575 1.076668,
        -0.090335 0.551575 1.077141,
        -0.086202 0.551575 1.080074,
        -0.084158 0.551575 1.079880,
        -0.086184 0.551575 1.079756,
        -0.084150 0.551575 1.079592,
        -0.086235 0.551575 1.079295,
        -0.084249 0.551575 1.078683,
        -0.086367 0.551575 1.078931,
        -0.084491 0.551575 1.078004,
        -0.084908 0.551575 1.077387,
        -0.087944 0.551575 1.083325,
        -0.086482 0.551575 1.082972,
        -0.086717 0.551575 1.081205,
        -0.085608 0.551575 1.082537,
        -0.086476 0.551575 1.080907,
        -0.084983 0.551575 1.082007,
        -0.086300 0.551575 1.080533,
        -0.084575 0.551575 1.081438,
        -0.084293 0.551575 1.080735,
        -0.086717 0.551181 1.081205,
        -0.086987 0.551181 1.081411,
        -0.087469 0.551181 1.081637,
        -0.088657 0.551181 1.081909,
        -0.086184 0.551181 1.079756,
        -0.086202 0.551181 1.080074,
        -0.086300 0.551181 1.080533,
        -0.086476 0.551181 1.080907,
        -0.086766 0.551181 1.078421,
        -0.086595 0.551181 1.078593,
        -0.086367 0.551181 1.078931,
        -0.086235 0.551181 1.079295,
        -0.088297 0.551181 1.077905,
        -0.087619 0.551181 1.077981,
        -0.087165 0.551181 1.078148,
        -0.090474 0.551181 1.078839,
        -0.090223 0.551181 1.078593,
        -0.089656 0.551181 1.078210,
        -0.089048 0.551181 1.077989,
        -0.091334 0.551181 1.081172,
        -0.091332 0.551181 1.081039,
        -0.091203 0.551181 1.080144,
        -0.090909 0.551181 1.079428,
        -0.091334 0.551181 1.082269,
      ]
    }
    coordIndex [
      59, 60, 49, -1,
      49, 60, 50, -1,
      61, 59, 54, -1,
      54, 59, 49, -1,
      62, 61, 53, -1,
      53, 61, 54, -1,
      63, 62, 55, -1,
      55, 62, 53, -1,
      64, 63, 56, -1,
      56, 63, 55, -1,
      65, 64, 57, -1,
      57, 64, 56, -1,
      66, 65, 58, -1,
      58, 65, 57, -1,
      67, 66, 48, -1,
      48, 66, 58, -1,
      68, 67, 47, -1,
      47, 67, 48, -1,
      69, 68, 52, -1,
      52, 68, 47, -1,
      70, 69, 51, -1,
      51, 69, 52, -1,
      60, 70, 50, -1,
      50, 70, 51, -1,
      67, 68, 66, -1,
      66, 68, 69, -1,
      66, 69, 65, -1,
      60, 59, 70, -1,
      70, 59, 61, -1,
      70, 61, 62, -1,
      63, 64, 62, -1,
      62, 64, 65, -1,
      62, 65, 70, -1,
      70, 65, 69, -1,
      71, 72, 73, -1,
      73, 72, 74, -1,
      75, 76, 77, -1,
      78, 79, 80, -1,
      80, 79, 81, -1,
      82, 83, 74, -1,
      74, 83, 84, -1,
      84, 85, 74, -1,
      74, 85, 86, -1,
      74, 86, 73, -1,
      73, 86, 87, -1,
      73, 87, 78, -1,
      78, 87, 88, -1,
      78, 88, 79, -1,
      77, 82, 75, -1,
      75, 82, 74, -1,
      75, 74, 89, -1,
      89, 74, 90, -1,
      89, 90, 91, -1,
      91, 90, 92, -1,
      91, 92, 93, -1,
      93, 92, 94, -1,
      93, 94, 95, -1,
      95, 94, 96, -1,
      95, 96, 97, -1,
      97, 96, 98, -1,
      97, 98, 99, -1,
      99, 98, 100, -1,
      99, 100, 101, -1,
      101, 100, 102, -1,
      101, 102, 103, -1,
      103, 102, 104, -1,
      103, 104, 105, -1,
      105, 104, 106, -1,
      105, 106, 107, -1,
      107, 106, 108, -1,
      109, 110, 111, -1,
      111, 110, 112, -1,
      111, 112, 113, -1,
      113, 112, 114, -1,
      113, 114, 115, -1,
      115, 114, 116, -1,
      115, 116, 117, -1,
      117, 116, 118, -1,
      117, 118, 119, -1,
      119, 118, 120, -1,
      119, 120, 81, -1,
      81, 120, 121, -1,
      81, 121, 80, -1,
      122, 123, 124, -1,
      124, 123, 125, -1,
      124, 125, 126, -1,
      126, 125, 127, -1,
      126, 127, 128, -1,
      128, 127, 129, -1,
      128, 129, 109, -1,
      109, 129, 130, -1,
      109, 130, 110, -1,
      75, 131, 76, -1,
      76, 131, 132, -1,
      76, 132, 133, -1,
      133, 132, 134, -1,
      133, 134, 135, -1,
      135, 134, 136, -1,
      135, 136, 137, -1,
      137, 136, 138, -1,
      137, 138, 122, -1,
      122, 138, 139, -1,
      122, 139, 123, -1,
      102, 31, 30, -1,
      102, 30, 104, -1,
      104, 30, 29, -1,
      104, 29, 106, -1,
      106, 29, 28, -1,
      106, 28, 108, -1,
      107, 108, 1, -1,
      1, 108, 28, -1,
      107, 1, 13, -1,
      107, 13, 105, -1,
      105, 13, 17, -1,
      105, 17, 103, -1,
      103, 17, 16, -1,
      103, 16, 101, -1,
      101, 16, 15, -1,
      101, 15, 99, -1,
      99, 15, 40, -1,
      99, 40, 97, -1,
      97, 40, 39, -1,
      97, 39, 95, -1,
      95, 39, 38, -1,
      95, 38, 93, -1,
      93, 38, 37, -1,
      93, 37, 91, -1,
      91, 37, 36, -1,
      91, 36, 89, -1,
      89, 36, 35, -1,
      89, 35, 75, -1,
      131, 75, 14, -1,
      14, 75, 35, -1,
      131, 14, 12, -1,
      131, 12, 132, -1,
      132, 12, 11, -1,
      132, 11, 134, -1,
      134, 11, 0, -1,
      134, 0, 136, -1,
      136, 0, 2, -1,
      136, 2, 138, -1,
      138, 2, 3, -1,
      138, 3, 139, -1,
      139, 3, 27, -1,
      139, 27, 123, -1,
      123, 27, 26, -1,
      123, 26, 125, -1,
      125, 26, 5, -1,
      125, 5, 127, -1,
      127, 5, 4, -1,
      127, 4, 129, -1,
      129, 4, 20, -1,
      129, 20, 130, -1,
      130, 20, 19, -1,
      130, 19, 110, -1,
      43, 116, 44, -1,
      44, 116, 114, -1,
      44, 114, 45, -1,
      45, 114, 112, -1,
      45, 112, 18, -1,
      18, 112, 110, -1,
      18, 110, 19, -1,
      116, 43, 42, -1,
      116, 42, 118, -1,
      118, 42, 41, -1,
      118, 41, 120, -1,
      41, 46, 120, -1,
      120, 46, 25, -1,
      120, 25, 121, -1,
      121, 25, 24, -1,
      121, 24, 80, -1,
      80, 24, 22, -1,
      80, 22, 78, -1,
      73, 78, 21, -1,
      21, 78, 22, -1,
      71, 73, 23, -1,
      23, 73, 21, -1,
      72, 71, 34, -1,
      34, 71, 23, -1,
      74, 72, 33, -1,
      33, 72, 34, -1,
      74, 33, 32, -1,
      74, 32, 90, -1,
      90, 32, 10, -1,
      90, 10, 92, -1,
      92, 10, 9, -1,
      92, 9, 94, -1,
      94, 9, 8, -1,
      94, 8, 96, -1,
      96, 8, 7, -1,
      96, 7, 98, -1,
      98, 7, 6, -1,
      98, 6, 100, -1,
      100, 6, 31, -1,
      100, 31, 102, -1,
      133, 140, 141, -1,
      133, 141, 76, -1,
      76, 141, 142, -1,
      76, 142, 77, -1,
      77, 142, 143, -1,
      77, 143, 82, -1,
      124, 144, 145, -1,
      124, 145, 122, -1,
      122, 145, 146, -1,
      122, 146, 137, -1,
      137, 146, 147, -1,
      137, 147, 135, -1,
      135, 147, 140, -1,
      135, 140, 133, -1,
      111, 148, 149, -1,
      111, 149, 109, -1,
      109, 149, 150, -1,
      109, 150, 128, -1,
      128, 150, 151, -1,
      128, 151, 126, -1,
      126, 151, 144, -1,
      126, 144, 124, -1,
      117, 152, 153, -1,
      117, 153, 115, -1,
      115, 153, 154, -1,
      115, 154, 113, -1,
      113, 154, 148, -1,
      113, 148, 111, -1,
      88, 155, 156, -1,
      88, 156, 79, -1,
      79, 156, 157, -1,
      79, 157, 81, -1,
      81, 157, 158, -1,
      81, 158, 119, -1,
      119, 158, 152, -1,
      119, 152, 117, -1,
      84, 159, 160, -1,
      84, 160, 85, -1,
      85, 160, 161, -1,
      85, 161, 86, -1,
      86, 161, 162, -1,
      86, 162, 87, -1,
      87, 162, 155, -1,
      87, 155, 88, -1,
      84, 83, 159, -1,
      159, 83, 163, -1,
      83, 82, 163, -1,
      163, 82, 143, -1,
    ]
  }
}

Shape {
  appearance Appearance {
    material Material {
      diffuseColor 0.7137 0.5294 0.2980
      specularColor 0.8902 0.6627 0.3725
      ambientIntensity 0.2
      transparency 0.0000
      shininess 0.5
    }
  }
  geometry IndexedFaceSet {
    ccw TRUE
    solid FALSE
    coord DEF co Coordinate {
      point [
        -0.086717 0.551181 1.081205,
        -0.086987 0.551181 1.081411,
        -0.087469 0.551181 1.081637,
        -0.088657 0.551181 1.081909,
        -0.086184 0.551181 1.079756,
        -0.086202 0.551181 1.080074,
        -0.086300 0.551181 1.080533,
        -0.086476 0.551181 1.080907,
        -0.086766 0.551181 1.078421,
        -0.086595 0.551181 1.078593,
        -0.086367 0.551181 1.078931,
        -0.086235 0.551181 1.079295,
        -0.088297 0.551181 1.077905,
        -0.087619 0.551181 1.077981,
        -0.087165 0.551181 1.078148,
        -0.090474 0.551181 1.078839,
        -0.090223 0.551181 1.078593,
        -0.089656 0.551181 1.078210,
        -0.089048 0.551181 1.077989,
        -0.091334 0.551181 1.081172,
        -0.091332 0.551181 1.081039,
        -0.091203 0.551181 1.080144,
        -0.090909 0.551181 1.079428,
        -0.091334 0.551181 1.082269,
      ]
    }
    coordIndex [
      23, 3, 19, -1,
      19, 3, 2, -1,
      2, 1, 19, -1,
      19, 1, 0, -1,
      19, 0, 20, -1,
      20, 0, 21, -1,
      21, 0, 7, -1,
      21, 7, 22, -1,
      9, 8, 16, -1,
      9, 16, 10, -1,
      17, 16, 18, -1,
      18, 16, 12, -1,
      7, 6, 22, -1,
      22, 6, 5, -1,
      22, 5, 15, -1,
      15, 5, 4, -1,
      15, 4, 16, -1,
      16, 4, 11, -1,
      16, 11, 10, -1,
      8, 14, 16, -1,
      16, 14, 13, -1,
      16, 13, 12, -1,
    ]
  }
}

Shape {
  appearance Appearance {
    material Material {
      diffuseColor 0.0000 0.0000 0.0000
      specularColor 0.0000 0.0000 0.0000
      ambientIntensity 0.2
      transparency 0.0000
      shininess 0.5
    }
  }
  geometry IndexedFaceSet {
    ccw TRUE
    solid FALSE
    coord DEF co Coordinate {
      point [
        -0.100791 0.551181 1.076430,
        -0.100453 0.551181 1.076395,
        -0.126580 0.551181 1.076530,
        -0.123032 0.551181 1.076530,
        -0.126215 0.551181 1.090702,
        -0.126580 0.551181 1.078356,
        -0.123032 0.551181 1.085577,
        -0.125761 0.551181 1.085577,
        -0.125761 0.551181 1.083743,
        -0.123032 0.551181 1.078356,
        -0.123032 0.551181 1.083743,
        -0.120034 0.551181 1.083743,
        -0.120034 0.551181 1.078356,
        -0.123032 0.551181 1.090702,
        -0.120034 0.551181 1.090702,
        -0.120034 0.551181 1.085577,
        -0.115805 0.551181 1.087967,
        -0.111243 0.551181 1.076395,
        -0.117967 0.551181 1.076530,
        -0.110058 0.551181 1.079370,
        -0.110304 0.551181 1.078429,
        -0.110357 0.551181 1.078429,
        -0.117967 0.551181 1.092544,
        -0.123032 0.551181 1.092544,
        -0.126215 0.551181 1.092544,
        -0.110449 0.551181 1.078821,
        -0.110602 0.551181 1.079354,
        -0.108038 0.551181 1.085182,
        -0.113726 0.551181 1.087967,
        -0.096058 0.551181 1.079002,
        -0.096058 0.551181 1.076931,
        -0.096842 0.551181 1.078517,
        -0.096985 0.551181 1.078463,
        -0.096985 0.551181 1.082717,
        -0.096639 0.551181 1.083071,
        -0.096378 0.551181 1.083489,
        -0.096157 0.551181 1.084102,
        -0.096070 0.551181 1.084881,
        -0.096150 0.551181 1.085598,
        -0.096967 0.551181 1.082728,
        -0.096985 0.551181 1.076607,
        -0.097493 0.551181 1.076430,
        -0.097839 0.551181 1.076395,
        -0.099161 0.551181 1.076260,
        -0.103234 0.551181 1.087722,
        -0.103234 0.551181 1.085773,
        -0.097356 0.551181 1.087320,
        -0.097950 0.551181 1.087676,
        -0.102633 0.551181 1.081959,
        -0.103111 0.551181 1.081532,
        -0.103687 0.551181 1.078835,
        -0.103441 0.551181 1.078199,
        -0.103067 0.551181 1.077670,
        -0.096388 0.551181 1.086244,
        -0.096761 0.551181 1.086786,
        -0.096985 0.551181 1.086987,
        -0.099051 0.551181 1.088069,
        -0.100524 0.551181 1.088229,
        -0.101630 0.551181 1.088154,
        -0.103485 0.551181 1.080980,
        -0.103700 0.551181 1.080388,
        -0.103783 0.551181 1.079641,
        -0.102493 0.551181 1.077169,
        -0.101890 0.551181 1.076812,
        -0.101301 0.551181 1.082700,
        -0.102776 0.551181 1.086035,
        -0.100524 0.551181 1.083014,
        -0.101645 0.551181 1.086450,
        -0.099283 0.551181 1.083554,
        -0.098137 0.551181 1.085061,
        -0.099197 0.551181 1.086413,
        -0.098748 0.551181 1.086174,
        -0.098252 0.551181 1.084442,
        -0.098406 0.551181 1.084177,
        -0.099734 0.551181 1.086556,
        -0.098163 0.551181 1.084745,
        -0.100328 0.551181 1.086600,
        -0.098576 0.551181 1.083996,
        -0.098445 0.551181 1.085907,
        -0.098273 0.551181 1.085652,
        -0.098174 0.551181 1.085381,
        -0.098100 0.551181 1.078044,
        -0.099108 0.551181 1.081557,
        -0.097912 0.551181 1.082105,
        -0.099357 0.551181 1.077897,
        -0.099446 0.551181 1.077898,
        -0.100425 0.551181 1.081005,
        -0.100474 0.551181 1.078013,
        -0.101724 0.551181 1.079444,
        -0.101704 0.551181 1.079694,
        -0.100992 0.551181 1.078202,
        -0.101175 0.551181 1.078313,
        -0.101405 0.551181 1.078517,
        -0.101580 0.551181 1.078776,
        -0.101682 0.551181 1.079062,
        -0.101613 0.551181 1.080007,
        -0.101457 0.551181 1.080273,
        -0.101207 0.551181 1.080533,
        -0.108038 0.551181 1.079798,
        -0.104826 0.551181 1.087967,
        -0.107070 0.551181 1.087967,
        -0.109245 0.551181 1.076395,
        -0.109313 0.551181 1.076554,
        -0.108433 0.551181 1.074475,
        -0.108041 0.551181 1.073755,
        -0.105240 0.551181 1.073091,
        -0.105240 0.551181 1.071306,
        -0.105650 0.551181 1.072957,
        -0.106378 0.551181 1.072862,
        -0.106859 0.551181 1.072916,
        -0.108038 0.551181 1.071500,
        -0.107344 0.551181 1.071236,
        -0.106533 0.551181 1.071143,
        -0.106091 0.551181 1.071159,
        -0.107299 0.551181 1.073081,
        -0.107667 0.551181 1.073336,
        -0.110615 0.551181 1.074802,
        -0.109707 0.551181 1.073034,
        -0.108972 0.551181 1.072152,
        -0.108836 0.551181 1.072027,
        -0.108135 0.551181 1.071537,
        -0.142173 0.551181 1.081748,
        -0.141362 0.551181 1.080105,
        -0.136722 0.551181 1.092248,
        -0.138641 0.551181 1.091521,
        -0.134173 0.551181 1.092544,
        -0.140227 0.551181 1.090423,
        -0.140893 0.551181 1.089758,
        -0.141859 0.551181 1.088329,
        -0.140227 0.551181 1.078773,
        -0.139928 0.551181 1.078507,
        -0.138357 0.551181 1.077471,
        -0.136484 0.551181 1.076800,
        -0.134009 0.551181 1.076530,
        -0.129604 0.551181 1.076530,
        -0.129604 0.551181 1.092544,
        -0.142420 0.551181 1.086770,
        -0.142643 0.551181 1.084741,
        -0.142582 0.551181 1.083605,
        -0.096058 0.551575 1.079002,
        -0.096842 0.551575 1.078517,
        -0.099357 0.551575 1.077897,
        -0.098100 0.551575 1.078044,
        -0.096058 0.551575 1.076931,
        -0.097493 0.551575 1.076430,
        -0.099161 0.551575 1.076260,
        -0.100791 0.551575 1.076430,
        -0.101890 0.551575 1.076812,
        -0.102493 0.551575 1.077169,
        -0.103067 0.551575 1.077670,
        -0.103441 0.551575 1.078199,
        -0.103687 0.551575 1.078835,
        -0.103783 0.551575 1.079641,
        -0.103700 0.551575 1.080388,
        -0.103485 0.551575 1.080980,
        -0.103111 0.551575 1.081532,
        -0.102633 0.551575 1.081959,
        -0.101301 0.551575 1.082700,
        -0.100524 0.551575 1.083014,
        -0.099283 0.551575 1.083554,
        -0.098576 0.551575 1.083996,
        -0.098406 0.551575 1.084177,
        -0.098252 0.551575 1.084442,
        -0.098163 0.551575 1.084745,
        -0.098137 0.551575 1.085061,
        -0.098174 0.551575 1.085381,
        -0.098273 0.551575 1.085652,
        -0.098445 0.551575 1.085907,
        -0.098748 0.551575 1.086174,
        -0.099197 0.551575 1.086413,
        -0.099734 0.551575 1.086556,
        -0.100328 0.551575 1.086600,
        -0.101645 0.551575 1.086450,
        -0.102776 0.551575 1.086035,
        -0.103234 0.551575 1.085773,
        -0.103234 0.551575 1.087722,
        -0.101630 0.551575 1.088154,
        -0.100524 0.551575 1.088229,
        -0.099051 0.551575 1.088069,
        -0.097950 0.551575 1.087676,
        -0.097356 0.551575 1.087320,
        -0.096761 0.551575 1.086786,
        -0.096388 0.551575 1.086244,
        -0.096150 0.551575 1.085598,
        -0.096070 0.551575 1.084881,
        -0.096157 0.551575 1.084102,
        -0.096378 0.551575 1.083489,
        -0.096639 0.551575 1.083071,
        -0.099108 0.551575 1.081557,
        -0.097912 0.551575 1.082105,
        -0.096967 0.551575 1.082728,
        -0.100425 0.551575 1.081005,
        -0.101207 0.551575 1.080533,
        -0.101457 0.551575 1.080273,
        -0.101613 0.551575 1.080007,
        -0.101704 0.551575 1.079694,
        -0.101724 0.551575 1.079444,
        -0.101682 0.551575 1.079062,
        -0.101580 0.551575 1.078776,
        -0.101405 0.551575 1.078517,
        -0.101175 0.551575 1.078313,
        -0.100992 0.551575 1.078202,
        -0.100474 0.551575 1.078013,
        -0.099446 0.551575 1.077898,
        -0.113726 0.551575 1.087967,
        -0.115805 0.551575 1.087967,
        -0.110602 0.551575 1.079354,
        -0.110449 0.551575 1.078821,
        -0.110357 0.551575 1.078429,
        -0.110304 0.551575 1.078429,
        -0.110058 0.551575 1.079370,
        -0.107070 0.551575 1.087967,
        -0.104826 0.551575 1.087967,
        -0.109313 0.551575 1.076554,
        -0.108433 0.551575 1.074475,
        -0.108041 0.551575 1.073755,
        -0.107667 0.551575 1.073336,
        -0.107299 0.551575 1.073081,
        -0.106859 0.551575 1.072916,
        -0.106378 0.551575 1.072862,
        -0.105650 0.551575 1.072957,
        -0.105240 0.551575 1.073091,
        -0.105240 0.551575 1.071306,
        -0.106091 0.551575 1.071159,
        -0.106533 0.551575 1.071143,
        -0.107344 0.551575 1.071236,
        -0.108135 0.551575 1.071537,
        -0.108836 0.551575 1.072027,
        -0.108972 0.551575 1.072152,
        -0.109707 0.551575 1.073034,
        -0.110615 0.551575 1.074802,
        -0.126580 0.551575 1.078356,
        -0.126580 0.551575 1.076530,
        -0.120034 0.551575 1.078356,
        -0.120034 0.551575 1.083743,
        -0.125761 0.551575 1.083743,
        -0.125761 0.551575 1.085577,
        -0.120034 0.551575 1.085577,
        -0.120034 0.551575 1.090702,
        -0.126215 0.551575 1.090702,
        -0.126215 0.551575 1.092544,
        -0.117967 0.551575 1.092544,
        -0.117967 0.551575 1.076530,
        -0.140426 0.551575 1.083774,
        -0.142582 0.551575 1.083605,
        -0.140469 0.551575 1.084684,
        -0.142643 0.551575 1.084741,
        -0.140281 0.551575 1.086488,
        -0.142420 0.551575 1.086770,
        -0.139854 0.551575 1.087712,
        -0.141859 0.551575 1.088329,
        -0.139258 0.551575 1.088639,
        -0.140893 0.551575 1.089758,
        -0.138713 0.551575 1.089195,
        -0.140227 0.551575 1.090423,
        -0.137481 0.551575 1.090003,
        -0.138641 0.551575 1.091521,
        -0.136080 0.551575 1.090491,
        -0.136722 0.551575 1.092248,
        -0.134091 0.551575 1.090702,
        -0.134173 0.551575 1.092544,
        -0.131672 0.551575 1.090702,
        -0.129604 0.551575 1.092544,
        -0.131672 0.551575 1.078356,
        -0.129604 0.551575 1.076530,
        -0.133997 0.551575 1.078356,
        -0.134009 0.551575 1.076530,
        -0.135993 0.551575 1.078566,
        -0.136484 0.551575 1.076800,
        -0.137373 0.551575 1.079049,
        -0.138357 0.551575 1.077471,
        -0.138440 0.551575 1.079739,
        -0.139928 0.551575 1.078507,
        -0.138757 0.551575 1.080026,
        -0.140227 0.551575 1.078773,
        -0.139594 0.551575 1.081080,
        -0.141362 0.551575 1.080105,
        -0.140131 0.551575 1.082283,
        -0.142173 0.551575 1.081748,
        -0.134091 0.551181 1.090702,
        -0.131672 0.551181 1.090702,
        -0.131672 0.551181 1.078356,
        -0.133997 0.551181 1.078356,
        -0.138757 0.551181 1.080026,
        -0.138440 0.551181 1.079739,
        -0.137373 0.551181 1.079049,
        -0.135993 0.551181 1.078566,
        -0.140469 0.551181 1.084684,
        -0.140426 0.551181 1.083774,
        -0.140131 0.551181 1.082283,
        -0.139594 0.551181 1.081080,
        -0.138713 0.551181 1.089195,
        -0.139258 0.551181 1.088639,
        -0.139854 0.551181 1.087712,
        -0.140281 0.551181 1.086488,
        -0.136080 0.551181 1.090491,
        -0.137481 0.551181 1.090003,
      ]
    }
    coordIndex [
      29, 139, 140, -1,
      141, 84, 81, -1,
      141, 81, 142, -1,
      142, 81, 32, -1,
      142, 32, 140, -1,
      140, 32, 31, -1,
      140, 31, 29, -1,
      143, 139, 30, -1,
      30, 139, 29, -1,
      143, 30, 144, -1,
      144, 30, 40, -1,
      43, 145, 42, -1,
      42, 145, 144, -1,
      42, 144, 41, -1,
      41, 144, 40, -1,
      145, 43, 146, -1,
      146, 43, 1, -1,
      1, 0, 146, -1,
      146, 0, 63, -1,
      146, 63, 147, -1,
      147, 63, 62, -1,
      147, 62, 148, -1,
      148, 62, 52, -1,
      148, 52, 149, -1,
      149, 52, 51, -1,
      149, 51, 150, -1,
      150, 51, 50, -1,
      150, 50, 151, -1,
      151, 50, 61, -1,
      151, 61, 152, -1,
      152, 61, 60, -1,
      152, 60, 153, -1,
      153, 60, 59, -1,
      153, 59, 154, -1,
      154, 59, 49, -1,
      154, 49, 155, -1,
      155, 49, 48, -1,
      155, 48, 156, -1,
      156, 48, 64, -1,
      156, 64, 157, -1,
      157, 64, 66, -1,
      157, 66, 158, -1,
      158, 66, 68, -1,
      158, 68, 159, -1,
      159, 68, 77, -1,
      159, 77, 160, -1,
      160, 77, 73, -1,
      160, 73, 161, -1,
      161, 73, 72, -1,
      161, 72, 162, -1,
      162, 72, 75, -1,
      162, 75, 163, -1,
      163, 75, 69, -1,
      163, 69, 164, -1,
      164, 69, 80, -1,
      164, 80, 165, -1,
      165, 80, 79, -1,
      165, 79, 166, -1,
      166, 79, 78, -1,
      166, 78, 167, -1,
      167, 78, 71, -1,
      167, 71, 168, -1,
      168, 71, 70, -1,
      168, 70, 169, -1,
      169, 70, 74, -1,
      169, 74, 170, -1,
      170, 74, 76, -1,
      170, 76, 171, -1,
      171, 76, 67, -1,
      171, 67, 172, -1,
      172, 67, 65, -1,
      172, 65, 173, -1,
      173, 65, 45, -1,
      173, 45, 174, -1,
      175, 174, 44, -1,
      44, 174, 45, -1,
      175, 44, 58, -1,
      175, 58, 176, -1,
      176, 58, 57, -1,
      176, 57, 177, -1,
      177, 57, 56, -1,
      177, 56, 178, -1,
      178, 56, 47, -1,
      178, 47, 179, -1,
      179, 47, 46, -1,
      179, 46, 180, -1,
      180, 46, 181, -1,
      181, 46, 55, -1,
      55, 54, 181, -1,
      181, 54, 53, -1,
      181, 53, 182, -1,
      182, 53, 38, -1,
      182, 38, 183, -1,
      183, 38, 37, -1,
      183, 37, 184, -1,
      184, 37, 36, -1,
      184, 36, 185, -1,
      185, 36, 35, -1,
      185, 35, 186, -1,
      186, 35, 34, -1,
      186, 34, 187, -1,
      82, 188, 189, -1,
      187, 34, 39, -1,
      187, 39, 190, -1,
      190, 39, 33, -1,
      190, 33, 189, -1,
      189, 33, 83, -1,
      189, 83, 82, -1,
      188, 82, 86, -1,
      188, 86, 191, -1,
      191, 86, 97, -1,
      191, 97, 192, -1,
      192, 97, 96, -1,
      192, 96, 193, -1,
      193, 96, 95, -1,
      193, 95, 194, -1,
      194, 95, 89, -1,
      194, 89, 195, -1,
      195, 89, 88, -1,
      195, 88, 196, -1,
      196, 88, 94, -1,
      196, 94, 197, -1,
      197, 94, 93, -1,
      197, 93, 198, -1,
      198, 93, 92, -1,
      198, 92, 199, -1,
      199, 92, 91, -1,
      199, 91, 200, -1,
      200, 91, 90, -1,
      200, 90, 201, -1,
      201, 90, 87, -1,
      201, 87, 202, -1,
      202, 87, 85, -1,
      202, 85, 203, -1,
      203, 85, 84, -1,
      203, 84, 141, -1,
      167, 168, 179, -1,
      179, 168, 178, -1,
      191, 158, 188, -1,
      188, 158, 159, -1,
      147, 148, 199, -1,
      199, 148, 149, -1,
      199, 149, 198, -1,
      198, 149, 150, -1,
      198, 150, 197, -1,
      197, 150, 151, -1,
      197, 151, 196, -1,
      196, 151, 152, -1,
      196, 152, 195, -1,
      195, 152, 153, -1,
      195, 153, 194, -1,
      194, 153, 154, -1,
      194, 154, 193, -1,
      193, 154, 155, -1,
      193, 155, 192, -1,
      192, 155, 156, -1,
      192, 156, 191, -1,
      191, 156, 157, -1,
      191, 157, 158, -1,
      145, 141, 144, -1,
      144, 141, 142, -1,
      144, 142, 143, -1,
      143, 142, 140, -1,
      143, 140, 139, -1,
      199, 200, 147, -1,
      147, 200, 201, -1,
      147, 201, 146, -1,
      146, 201, 202, -1,
      146, 202, 145, -1,
      145, 202, 203, -1,
      145, 203, 141, -1,
      179, 180, 167, -1,
      167, 180, 181, -1,
      167, 181, 166, -1,
      166, 181, 182, -1,
      166, 182, 165, -1,
      165, 182, 183, -1,
      165, 183, 164, -1,
      164, 183, 184, -1,
      164, 184, 163, -1,
      163, 184, 185, -1,
      163, 185, 162, -1,
      162, 185, 186, -1,
      162, 186, 161, -1,
      161, 186, 187, -1,
      161, 187, 160, -1,
      160, 187, 190, -1,
      160, 190, 159, -1,
      159, 190, 189, -1,
      159, 189, 188, -1,
      168, 169, 178, -1,
      178, 169, 170, -1,
      178, 170, 177, -1,
      177, 170, 171, -1,
      177, 171, 176, -1,
      176, 171, 172, -1,
      176, 172, 175, -1,
      175, 172, 173, -1,
      175, 173, 174, -1,
      204, 205, 28, -1,
      28, 205, 16, -1,
      206, 204, 26, -1,
      26, 204, 28, -1,
      206, 26, 25, -1,
      206, 25, 207, -1,
      207, 25, 21, -1,
      207, 21, 208, -1,
      209, 208, 20, -1,
      20, 208, 21, -1,
      210, 209, 19, -1,
      19, 209, 20, -1,
      100, 211, 27, -1,
      27, 211, 210, -1,
      27, 210, 19, -1,
      212, 211, 99, -1,
      99, 211, 100, -1,
      102, 213, 98, -1,
      98, 213, 212, -1,
      98, 212, 99, -1,
      103, 214, 101, -1,
      101, 214, 213, -1,
      101, 213, 102, -1,
      214, 103, 104, -1,
      214, 104, 215, -1,
      215, 104, 115, -1,
      215, 115, 216, -1,
      216, 115, 114, -1,
      216, 114, 217, -1,
      217, 114, 109, -1,
      217, 109, 218, -1,
      218, 109, 108, -1,
      218, 108, 219, -1,
      219, 108, 107, -1,
      219, 107, 220, -1,
      220, 107, 105, -1,
      220, 105, 221, -1,
      222, 221, 106, -1,
      106, 221, 105, -1,
      222, 106, 113, -1,
      222, 113, 223, -1,
      223, 113, 112, -1,
      223, 112, 224, -1,
      224, 112, 111, -1,
      224, 111, 225, -1,
      225, 111, 110, -1,
      225, 110, 226, -1,
      110, 120, 226, -1,
      226, 120, 119, -1,
      226, 119, 227, -1,
      227, 119, 118, -1,
      227, 118, 228, -1,
      228, 118, 117, -1,
      228, 117, 229, -1,
      229, 117, 116, -1,
      229, 116, 230, -1,
      16, 205, 17, -1,
      17, 205, 230, -1,
      17, 230, 116, -1,
      207, 208, 230, -1,
      205, 204, 230, -1,
      230, 204, 206, -1,
      230, 206, 207, -1,
      211, 212, 210, -1,
      210, 212, 213, -1,
      210, 213, 209, -1,
      229, 215, 228, -1,
      228, 215, 216, -1,
      221, 222, 220, -1,
      220, 222, 223, -1,
      220, 223, 219, -1,
      219, 223, 224, -1,
      219, 224, 218, -1,
      218, 224, 225, -1,
      218, 225, 217, -1,
      217, 225, 226, -1,
      217, 226, 216, -1,
      216, 226, 227, -1,
      216, 227, 228, -1,
      208, 209, 230, -1,
      230, 209, 213, -1,
      230, 213, 229, -1,
      229, 213, 214, -1,
      229, 214, 215, -1,
      231, 232, 5, -1,
      5, 232, 2, -1,
      12, 233, 9, -1,
      9, 233, 231, -1,
      9, 231, 5, -1,
      234, 233, 11, -1,
      11, 233, 12, -1,
      8, 235, 10, -1,
      10, 235, 234, -1,
      10, 234, 11, -1,
      236, 235, 7, -1,
      7, 235, 8, -1,
      15, 237, 6, -1,
      6, 237, 236, -1,
      6, 236, 7, -1,
      238, 237, 14, -1,
      14, 237, 15, -1,
      4, 239, 13, -1,
      13, 239, 238, -1,
      13, 238, 14, -1,
      240, 239, 24, -1,
      24, 239, 4, -1,
      22, 241, 23, -1,
      23, 241, 240, -1,
      23, 240, 24, -1,
      242, 241, 18, -1,
      18, 241, 22, -1,
      2, 232, 3, -1,
      3, 232, 242, -1,
      3, 242, 18, -1,
      242, 232, 231, -1,
      231, 233, 242, -1,
      242, 233, 234, -1,
      242, 234, 241, -1,
      239, 240, 238, -1,
      238, 240, 241, -1,
      238, 241, 237, -1,
      237, 241, 234, -1,
      237, 234, 236, -1,
      236, 234, 235, -1,
      243, 244, 245, -1,
      245, 244, 246, -1,
      245, 246, 247, -1,
      247, 246, 248, -1,
      247, 248, 249, -1,
      249, 248, 250, -1,
      249, 250, 251, -1,
      251, 250, 252, -1,
      251, 252, 253, -1,
      253, 252, 254, -1,
      253, 254, 255, -1,
      255, 254, 256, -1,
      255, 256, 257, -1,
      257, 256, 258, -1,
      257, 258, 259, -1,
      259, 258, 260, -1,
      259, 260, 261, -1,
      261, 260, 262, -1,
      261, 262, 263, -1,
      263, 262, 264, -1,
      263, 264, 265, -1,
      265, 264, 266, -1,
      265, 266, 267, -1,
      267, 266, 268, -1,
      267, 268, 269, -1,
      269, 268, 270, -1,
      269, 270, 271, -1,
      271, 270, 272, -1,
      271, 272, 273, -1,
      273, 272, 274, -1,
      273, 274, 275, -1,
      275, 274, 276, -1,
      275, 276, 277, -1,
      277, 276, 278, -1,
      277, 278, 243, -1,
      243, 278, 244, -1,
      266, 264, 133, -1,
      133, 264, 134, -1,
      266, 133, 132, -1,
      266, 132, 268, -1,
      268, 132, 131, -1,
      268, 131, 270, -1,
      270, 131, 130, -1,
      270, 130, 272, -1,
      272, 130, 129, -1,
      272, 129, 274, -1,
      274, 129, 122, -1,
      274, 122, 276, -1,
      276, 122, 121, -1,
      276, 121, 278, -1,
      278, 121, 138, -1,
      278, 138, 244, -1,
      244, 138, 137, -1,
      244, 137, 246, -1,
      246, 137, 136, -1,
      246, 136, 248, -1,
      248, 136, 128, -1,
      248, 128, 250, -1,
      250, 128, 127, -1,
      250, 127, 252, -1,
      252, 127, 126, -1,
      252, 126, 254, -1,
      254, 126, 124, -1,
      254, 124, 256, -1,
      256, 124, 123, -1,
      256, 123, 258, -1,
      258, 123, 125, -1,
      258, 125, 260, -1,
      262, 260, 135, -1,
      135, 260, 125, -1,
      264, 262, 134, -1,
      134, 262, 135, -1,
      259, 261, 279, -1,
      279, 261, 280, -1,
      261, 263, 280, -1,
      280, 263, 281, -1,
      263, 265, 281, -1,
      281, 265, 282, -1,
      273, 283, 284, -1,
      273, 284, 271, -1,
      271, 284, 285, -1,
      271, 285, 269, -1,
      269, 285, 286, -1,
      269, 286, 267, -1,
      267, 286, 282, -1,
      267, 282, 265, -1,
      245, 287, 288, -1,
      245, 288, 243, -1,
      243, 288, 289, -1,
      243, 289, 277, -1,
      277, 289, 290, -1,
      277, 290, 275, -1,
      275, 290, 283, -1,
      275, 283, 273, -1,
      253, 291, 292, -1,
      253, 292, 251, -1,
      251, 292, 293, -1,
      251, 293, 249, -1,
      249, 293, 294, -1,
      249, 294, 247, -1,
      247, 294, 287, -1,
      247, 287, 245, -1,
      259, 279, 295, -1,
      259, 295, 257, -1,
      257, 295, 296, -1,
      257, 296, 255, -1,
      255, 296, 291, -1,
      255, 291, 253, -1,
    ]
  }
}

Shape {
  appearance Appearance {
    material Material {
      diffuseColor 0.7137 0.5294 0.2980
      specularColor 0.8902 0.6627 0.3725
      ambientIntensity 0.2
      transparency 0.0000
      shininess 0.5
    }
  }
  geometry IndexedFaceSet {
    ccw TRUE
    solid FALSE
    coord DEF co Coordinate {
      point [
        -0.134091 0.551181 1.090702,
        -0.131672 0.551181 1.090702,
        -0.131672 0.551181 1.078356,
        -0.133997 0.551181 1.078356,
        -0.138757 0.551181 1.080026,
        -0.138440 0.551181 1.079739,
        -0.137373 0.551181 1.079049,
        -0.135993 0.551181 1.078566,
        -0.140469 0.551181 1.084684,
        -0.140426 0.551181 1.083774,
        -0.140131 0.551181 1.082283,
        -0.139594 0.551181 1.081080,
        -0.138713 0.551181 1.089195,
        -0.139258 0.551181 1.088639,
        -0.139854 0.551181 1.087712,
        -0.140281 0.551181 1.086488,
        -0.136080 0.551181 1.090491,
        -0.137481 0.551181 1.090003,
      ]
    }
    coordIndex [
      1, 2, 0, -1,
      0, 2, 3, -1,
      0, 3, 7, -1,
      7, 6, 0, -1,
      0, 6, 5, -1,
      0, 5, 4, -1,
      4, 11, 0, -1,
      0, 11, 10, -1,
      0, 10, 9, -1,
      9, 8, 0, -1,
      0, 8, 15, -1,
      0, 15, 14, -1,
      14, 13, 0, -1,
      0, 13, 12, -1,
      0, 12, 16, -1,
      16, 12, 17, -1,
    ]
  }
}

Shape {
  appearance Appearance {
    material Material {
      diffuseColor 0.0000 0.0000 0.0000
      specularColor 0.0000 0.0000 0.0000
      ambientIntensity 0.2
      transparency 0.0000
      shininess 0.5
    }
  }
  geometry IndexedFaceSet {
    ccw TRUE
    solid FALSE
    coord DEF co Coordinate {
      point [
        -0.143531 0.551181 1.076530,
        -0.145815 0.551181 1.076530,
        -0.155656 0.551181 1.076530,
        -0.154022 0.551181 1.080910,
        -0.147354 0.551181 1.080910,
        -0.149630 0.551181 1.092544,
        -0.151841 0.551181 1.092544,
        -0.157940 0.551181 1.076530,
        -0.148009 0.551575 1.082719,
        -0.150404 0.551575 1.089375,
        -0.149630 0.551575 1.092544,
        -0.143531 0.551575 1.076530,
        -0.145815 0.551575 1.076530,
        -0.147354 0.551575 1.080910,
        -0.150543 0.551575 1.089853,
        -0.150666 0.551575 1.090497,
        -0.151841 0.551575 1.092544,
        -0.150715 0.551575 1.090497,
        -0.150844 0.551575 1.089820,
        -0.150965 0.551575 1.089375,
        -0.153384 0.551575 1.082719,
        -0.157940 0.551575 1.076530,
        -0.155656 0.551575 1.076530,
        -0.154022 0.551575 1.080910,
        -0.148009 0.551181 1.082719,
        -0.153384 0.551181 1.082719,
        -0.150965 0.551181 1.089375,
        -0.150715 0.551181 1.090497,
        -0.150844 0.551181 1.089820,
        -0.150666 0.551181 1.090497,
        -0.150404 0.551181 1.089375,
        -0.150543 0.551181 1.089853,
      ]
    }
    coordIndex [
      8, 9, 10, -1,
      11, 12, 13, -1,
      9, 14, 10, -1,
      10, 14, 15, -1,
      10, 15, 16, -1,
      16, 15, 17, -1,
      16, 17, 18, -1,
      18, 19, 16, -1,
      16, 19, 20, -1,
      16, 20, 21, -1,
      22, 21, 23, -1,
      23, 21, 20, -1,
      23, 20, 13, -1,
      13, 20, 8, -1,
      13, 8, 11, -1,
      11, 8, 10, -1,
      16, 21, 6, -1,
      6, 21, 7, -1,
      10, 16, 5, -1,
      5, 16, 6, -1,
      11, 10, 0, -1,
      0, 10, 5, -1,
      12, 11, 1, -1,
      1, 11, 0, -1,
      13, 12, 4, -1,
      4, 12, 1, -1,
      23, 13, 3, -1,
      3, 13, 4, -1,
      22, 23, 2, -1,
      2, 23, 3, -1,
      21, 22, 7, -1,
      7, 22, 2, -1,
      8, 20, 24, -1,
      24, 20, 25, -1,
      20, 19, 25, -1,
      25, 19, 26, -1,
      17, 27, 28, -1,
      17, 28, 18, -1,
      18, 28, 26, -1,
      18, 26, 19, -1,
      17, 15, 27, -1,
      27, 15, 29, -1,
      9, 30, 31, -1,
      9, 31, 14, -1,
      14, 31, 29, -1,
      14, 29, 15, -1,
      9, 8, 30, -1,
      30, 8, 24, -1,
    ]
  }
}

Shape {
  appearance Appearance {
    material Material {
      diffuseColor 0.7137 0.5294 0.2980
      specularColor 0.8902 0.6627 0.3725
      ambientIntensity 0.2
      transparency 0.0000
      shininess 0.5
    }
  }
  geometry IndexedFaceSet {
    ccw TRUE
    solid FALSE
    coord DEF co Coordinate {
      point [
        -0.148009 0.551181 1.082719,
        -0.153384 0.551181 1.082719,
        -0.150965 0.551181 1.089375,
        -0.150715 0.551181 1.090497,
        -0.150844 0.551181 1.089820,
        -0.150666 0.551181 1.090497,
        -0.150404 0.551181 1.089375,
        -0.150543 0.551181 1.089853,
      ]
    }
    coordIndex [
      3, 5, 4, -1,
      4, 5, 7, -1,
      4, 7, 2, -1,
      2, 7, 6, -1,
      2, 6, 1, -1,
      1, 6, 0, -1,
    ]
  }
}

Shape {
  appearance Appearance {
    material Material {
      diffuseColor 0.0000 0.0000 0.0000
      specularColor 0.0000 0.0000 0.0000
      ambientIntensity 0.2
      transparency 0.0000
      shininess 0.5
    }
  }
  geometry IndexedFaceSet {
    ccw TRUE
    solid FALSE
    coord DEF co Coordinate {
      point [
        -0.038497 0.551181 1.119483,
        -0.040529 0.551181 1.118083,
        -0.043082 0.551181 1.116324,
        -0.046953 0.551181 1.111810,
        -0.059601 0.551181 1.097104,
        -0.058519 0.551181 1.099738,
        -0.056165 0.551181 1.102956,
        -0.053050 0.551181 1.105543,
        -0.049230 0.551181 1.107330,
        -0.049648 0.551181 1.107191,
        -0.032832 0.551181 1.121630,
        -0.013935 0.551181 1.117804,
        -0.014393 0.551181 1.118083,
        -0.017041 0.551181 1.119696,
        -0.022314 0.551181 1.121636,
        -0.027597 0.551181 1.122245,
        0.011844 0.551181 1.097104,
        0.011398 0.551181 1.099760,
        0.009622 0.551181 1.103883,
        0.006787 0.551181 1.107557,
        0.006170 0.551181 1.108148,
        0.002575 0.551181 1.110734,
        -0.001630 0.551181 1.112419,
        -0.006306 0.551181 1.113022,
        -0.010559 0.551181 1.114770,
        -0.007615 0.551181 1.112951,
        -0.008925 0.551181 1.112795,
        -0.000459 0.551181 1.077083,
        0.003674 0.551181 1.079054,
        0.007357 0.551181 1.082167,
        0.009867 0.551181 1.085713,
        0.011543 0.551181 1.089941,
        0.012139 0.551181 1.094578,
        0.012117 0.551181 1.095475,
        -0.001752 0.551181 1.076702,
        -0.001897 0.551181 1.076395,
        -0.002949 0.551181 1.074171,
        -0.004664 0.551181 1.072095,
        -0.006907 0.551181 1.070437,
        -0.017263 0.551181 1.070051,
        -0.009547 0.551181 1.069358,
        -0.007852 0.551181 1.070051,
        -0.015439 0.551181 1.069328,
        -0.012568 0.551181 1.068960,
        -0.012240 0.551181 1.068964,
        -0.023195 0.551181 1.076395,
        -0.023086 0.551181 1.075998,
        -0.021663 0.551181 1.073515,
        -0.020222 0.551181 1.071935,
        -0.017969 0.551181 1.070331,
        -0.019026 0.551181 1.089850,
        -0.021107 0.551181 1.087974,
        -0.036365 0.551181 1.095944,
        -0.058628 0.551181 1.084891,
        -0.056289 0.551181 1.081598,
        -0.053350 0.551181 1.093589,
        -0.052743 0.551181 1.095755,
        -0.051959 0.551181 1.097104,
        0.004670 0.551181 1.097104,
        -0.038556 0.551181 1.083420,
        -0.039439 0.551181 1.083533,
        -0.039894 0.551181 1.089909,
        -0.039549 0.551181 1.083526,
        -0.059944 0.551181 1.096269,
        -0.060502 0.551181 1.092414,
        -0.060022 0.551181 1.088515,
        -0.036604 0.551181 1.082096,
        -0.037075 0.551181 1.082615,
        -0.037775 0.551181 1.083111,
        -0.053356 0.551181 1.079084,
        -0.049898 0.551181 1.077339,
        -0.045928 0.551181 1.076474,
        -0.036167 0.551181 1.081320,
        -0.023954 0.551181 1.081484,
        -0.035938 0.551181 1.080453,
        -0.039211 0.551181 1.076474,
        -0.038569 0.551181 1.076578,
        -0.037816 0.551181 1.076874,
        -0.037078 0.551181 1.077399,
        -0.036813 0.551181 1.077669,
        -0.036317 0.551181 1.078384,
        -0.036017 0.551181 1.079156,
        -0.035909 0.551181 1.080004,
        -0.023954 0.551181 1.080345,
        -0.023846 0.551181 1.078783,
        -0.009745 0.551181 1.091483,
        -0.012568 0.551181 1.091845,
        -0.013833 0.551181 1.091777,
        -0.016592 0.551181 1.091122,
        -0.039891 0.551181 1.083450,
        -0.040122 0.551181 1.083420,
        -0.045245 0.551181 1.083420,
        -0.003062 0.551181 1.086685,
        0.004765 0.551181 1.092681,
        0.003863 0.551181 1.089936,
        0.002728 0.551181 1.088051,
        0.000706 0.551181 1.085932,
        -0.001866 0.551181 1.084330,
        0.004966 0.551181 1.094805,
        -0.004925 0.551181 1.088857,
        -0.007238 0.551181 1.090496,
        -0.051095 0.551181 1.086237,
        -0.052337 0.551181 1.087967,
        -0.053145 0.551181 1.089987,
        -0.053443 0.551181 1.092300,
        -0.047428 0.551181 1.083856,
        -0.049420 0.551181 1.084820,
        -0.027711 0.551181 1.115413,
        -0.027117 0.551181 1.115403,
        -0.043651 0.551181 1.101181,
        -0.016885 0.551181 1.111262,
        -0.014294 0.551181 1.108239,
        -0.012454 0.551181 1.104483,
        -0.011602 0.551181 1.104947,
        -0.009048 0.551181 1.105870,
        -0.044562 0.551181 1.101181,
        -0.051626 0.551181 1.097677,
        -0.050550 0.551181 1.098852,
        -0.048796 0.551181 1.100105,
        -0.046816 0.551181 1.100891,
        -0.023326 0.551181 1.114821,
        -0.019636 0.551181 1.113272,
        -0.041039 0.551181 1.108262,
        -0.038414 0.551181 1.111286,
        -0.042861 0.551181 1.104627,
        -0.035296 0.551181 1.113489,
        -0.031738 0.551181 1.114896,
        -0.002072 0.551181 1.105324,
        0.000410 0.551181 1.103900,
        -0.004858 0.551181 1.106083,
        0.001991 0.551181 1.102459,
        0.003594 0.551181 1.100206,
        -0.006420 0.551181 1.106191,
        0.004597 0.551181 1.097676,
        -0.002949 0.551575 1.074171,
        -0.004664 0.551575 1.072095,
        -0.001866 0.551575 1.084330,
        -0.039894 0.551575 1.089909,
        -0.036365 0.551575 1.095944,
        -0.021107 0.551575 1.087974,
        -0.013402 0.551575 1.084569,
        -0.014459 0.551575 1.084191,
        0.000706 0.551575 1.085932,
        -0.000459 0.551575 1.077083,
        -0.001752 0.551575 1.076702,
        -0.016592 0.551575 1.091122,
        -0.013833 0.551575 1.091777,
        -0.011341 0.551575 1.084529,
        -0.015376 0.551575 1.083572,
        -0.016109 0.551575 1.082754,
        -0.023954 0.551575 1.081484,
        -0.019636 0.551575 1.113272,
        -0.023326 0.551575 1.114821,
        -0.022314 0.551575 1.121636,
        -0.008026 0.551575 1.079905,
        -0.008082 0.551575 1.081015,
        -0.008418 0.551575 1.082086,
        -0.003062 0.551575 1.086685,
        -0.009006 0.551575 1.083028,
        -0.004925 0.551575 1.088857,
        -0.009456 0.551575 1.083504,
        -0.007238 0.551575 1.090496,
        -0.010346 0.551575 1.084137,
        -0.009745 0.551575 1.091483,
        -0.012568 0.551575 1.091845,
        -0.043651 0.551575 1.101181,
        -0.044562 0.551575 1.101181,
        -0.049230 0.551575 1.107330,
        -0.046816 0.551575 1.100891,
        -0.049648 0.551575 1.107191,
        -0.048796 0.551575 1.100105,
        -0.053050 0.551575 1.105543,
        -0.056165 0.551575 1.102956,
        -0.016604 0.551575 1.081819,
        -0.016864 0.551575 1.080763,
        -0.023954 0.551575 1.080345,
        -0.016865 0.551575 1.079721,
        -0.023846 0.551575 1.078783,
        -0.012454 0.551575 1.084672,
        -0.019026 0.551575 1.089850,
        -0.027597 0.551575 1.122245,
        -0.050550 0.551575 1.098852,
        -0.051626 0.551575 1.097677,
        -0.058519 0.551575 1.099738,
        -0.052743 0.551575 1.095755,
        -0.059944 0.551575 1.096269,
        -0.053350 0.551575 1.093589,
        -0.060502 0.551575 1.092414,
        -0.053443 0.551575 1.092300,
        -0.060022 0.551575 1.088515,
        -0.053145 0.551575 1.089987,
        -0.058628 0.551575 1.084891,
        -0.052337 0.551575 1.087967,
        -0.056289 0.551575 1.081598,
        -0.051095 0.551575 1.086237,
        -0.053356 0.551575 1.079084,
        -0.049420 0.551575 1.084820,
        -0.049898 0.551575 1.077339,
        -0.047428 0.551575 1.083856,
        -0.045928 0.551575 1.076474,
        -0.045245 0.551575 1.083420,
        -0.039211 0.551575 1.076474,
        -0.040122 0.551575 1.083420,
        -0.038569 0.551575 1.076578,
        -0.011602 0.551575 1.104947,
        -0.012454 0.551575 1.104483,
        -0.008925 0.551575 1.112795,
        -0.014294 0.551575 1.108239,
        -0.010559 0.551575 1.114770,
        -0.016885 0.551575 1.111262,
        -0.013935 0.551575 1.117804,
        -0.017041 0.551575 1.119696,
        -0.027117 0.551575 1.115403,
        -0.027711 0.551575 1.115413,
        -0.032832 0.551575 1.121630,
        -0.031738 0.551575 1.114896,
        -0.038497 0.551575 1.119483,
        -0.035296 0.551575 1.113489,
        -0.043082 0.551575 1.116324,
        -0.038414 0.551575 1.111286,
        -0.046953 0.551575 1.111810,
        -0.041039 0.551575 1.108262,
        -0.042861 0.551575 1.104627,
        0.004597 0.551575 1.097676,
        0.012117 0.551575 1.095475,
        0.004966 0.551575 1.094805,
        0.012139 0.551575 1.094578,
        0.004765 0.551575 1.092681,
        0.011543 0.551575 1.089941,
        0.003863 0.551575 1.089936,
        0.009867 0.551575 1.085713,
        0.002728 0.551575 1.088051,
        0.007357 0.551575 1.082167,
        0.003674 0.551575 1.079054,
        -0.009048 0.551575 1.105870,
        -0.007615 0.551575 1.112951,
        -0.006420 0.551575 1.106191,
        -0.006306 0.551575 1.113022,
        -0.004858 0.551575 1.106083,
        -0.001630 0.551575 1.112419,
        -0.002072 0.551575 1.105324,
        0.002575 0.551575 1.110734,
        0.000410 0.551575 1.103900,
        0.006170 0.551575 1.108148,
        0.001991 0.551575 1.102459,
        0.006787 0.551575 1.107557,
        0.003594 0.551575 1.100206,
        0.009622 0.551575 1.103883,
        0.011398 0.551575 1.099760,
        -0.008237 0.551575 1.078837,
        -0.008687 0.551575 1.077880,
        -0.039549 0.551575 1.083526,
        -0.036813 0.551575 1.077669,
        -0.037078 0.551575 1.077399,
        -0.023086 0.551575 1.075998,
        -0.016593 0.551575 1.078629,
        -0.021663 0.551575 1.073515,
        -0.016064 0.551575 1.077650,
        -0.020222 0.551575 1.071935,
        -0.015446 0.551575 1.076952,
        -0.017969 0.551575 1.070331,
        -0.014581 0.551575 1.076332,
        -0.015439 0.551575 1.069328,
        -0.013595 0.551575 1.075938,
        -0.012568 0.551575 1.068960,
        -0.012454 0.551575 1.075791,
        -0.012240 0.551575 1.068964,
        -0.012260 0.551575 1.075795,
        -0.009547 0.551575 1.069358,
        -0.011238 0.551575 1.075962,
        -0.006907 0.551575 1.070437,
        -0.010209 0.551575 1.076404,
        -0.009337 0.551575 1.077072,
        -0.039891 0.551575 1.083450,
        -0.037816 0.551575 1.076874,
        -0.035909 0.551575 1.080004,
        -0.036017 0.551575 1.079156,
        -0.036317 0.551575 1.078384,
        -0.038556 0.551575 1.083420,
        -0.037775 0.551575 1.083111,
        -0.035938 0.551575 1.080453,
        -0.037075 0.551575 1.082615,
        -0.036604 0.551575 1.082096,
        -0.036167 0.551575 1.081320,
        -0.039439 0.551575 1.083533,
        -0.012454 0.551181 1.084672,
        -0.013402 0.551181 1.084569,
        -0.014459 0.551181 1.084191,
        -0.015376 0.551181 1.083572,
        -0.016109 0.551181 1.082754,
        -0.016604 0.551181 1.081819,
        -0.016864 0.551181 1.080763,
        -0.016865 0.551181 1.079721,
        -0.016593 0.551181 1.078629,
        -0.016064 0.551181 1.077650,
        -0.015446 0.551181 1.076952,
        -0.014581 0.551181 1.076332,
        -0.013595 0.551181 1.075938,
        -0.012454 0.551181 1.075791,
        -0.012260 0.551181 1.075795,
        -0.011238 0.551181 1.075962,
        -0.010209 0.551181 1.076404,
        -0.009337 0.551181 1.077072,
        -0.008687 0.551181 1.077880,
        -0.008237 0.551181 1.078837,
        -0.008026 0.551181 1.079905,
        -0.008082 0.551181 1.081015,
        -0.008418 0.551181 1.082086,
        -0.009006 0.551181 1.083028,
        -0.009456 0.551181 1.083504,
        -0.010346 0.551181 1.084137,
        -0.011341 0.551181 1.084529,
      ]
    }
    coordIndex [
      134, 135, 136, -1,
      137, 138, 139, -1,
      140, 141, 137, -1,
      142, 143, 136, -1,
      136, 143, 144, -1,
      136, 144, 134, -1,
      145, 146, 147, -1,
      141, 148, 137, -1,
      137, 148, 149, -1,
      137, 149, 150, -1,
      151, 152, 153, -1,
      154, 155, 136, -1,
      136, 155, 156, -1,
      136, 156, 157, -1,
      157, 156, 158, -1,
      157, 158, 159, -1,
      159, 158, 160, -1,
      159, 160, 161, -1,
      161, 160, 162, -1,
      161, 162, 163, -1,
      163, 162, 147, -1,
      163, 147, 164, -1,
      164, 147, 146, -1,
      165, 166, 167, -1,
      167, 166, 168, -1,
      167, 168, 169, -1,
      169, 168, 170, -1,
      169, 170, 171, -1,
      171, 170, 172, -1,
      149, 173, 150, -1,
      150, 173, 174, -1,
      150, 174, 175, -1,
      175, 174, 176, -1,
      175, 176, 177, -1,
      140, 137, 178, -1,
      178, 137, 139, -1,
      178, 139, 147, -1,
      147, 139, 179, -1,
      147, 179, 145, -1,
      153, 152, 180, -1,
      170, 181, 172, -1,
      172, 181, 182, -1,
      172, 182, 183, -1,
      183, 182, 184, -1,
      183, 184, 185, -1,
      185, 184, 186, -1,
      185, 186, 187, -1,
      187, 186, 188, -1,
      187, 188, 189, -1,
      189, 188, 190, -1,
      189, 190, 191, -1,
      191, 190, 192, -1,
      191, 192, 193, -1,
      193, 192, 194, -1,
      193, 194, 195, -1,
      195, 194, 196, -1,
      195, 196, 197, -1,
      197, 196, 198, -1,
      197, 198, 199, -1,
      199, 198, 200, -1,
      199, 200, 201, -1,
      201, 200, 202, -1,
      201, 202, 203, -1,
      204, 205, 206, -1,
      206, 205, 207, -1,
      206, 207, 208, -1,
      208, 207, 209, -1,
      208, 209, 210, -1,
      210, 209, 151, -1,
      210, 151, 211, -1,
      211, 151, 153, -1,
      152, 212, 180, -1,
      180, 212, 213, -1,
      180, 213, 214, -1,
      214, 213, 215, -1,
      214, 215, 216, -1,
      216, 215, 217, -1,
      216, 217, 218, -1,
      218, 217, 219, -1,
      218, 219, 220, -1,
      220, 219, 221, -1,
      220, 221, 167, -1,
      167, 221, 222, -1,
      167, 222, 165, -1,
      223, 224, 225, -1,
      225, 224, 226, -1,
      225, 226, 227, -1,
      227, 226, 228, -1,
      227, 228, 229, -1,
      229, 228, 230, -1,
      229, 230, 231, -1,
      231, 230, 232, -1,
      231, 232, 142, -1,
      142, 232, 233, -1,
      142, 233, 143, -1,
      204, 206, 234, -1,
      234, 206, 235, -1,
      234, 235, 236, -1,
      236, 235, 237, -1,
      236, 237, 238, -1,
      238, 237, 239, -1,
      238, 239, 240, -1,
      240, 239, 241, -1,
      240, 241, 242, -1,
      242, 241, 243, -1,
      242, 243, 244, -1,
      244, 243, 245, -1,
      244, 245, 246, -1,
      246, 245, 247, -1,
      246, 247, 223, -1,
      223, 247, 248, -1,
      223, 248, 224, -1,
      154, 136, 249, -1,
      249, 136, 135, -1,
      249, 135, 250, -1,
      251, 252, 253, -1,
      177, 176, 254, -1,
      254, 176, 255, -1,
      254, 255, 256, -1,
      256, 255, 257, -1,
      256, 257, 258, -1,
      258, 257, 259, -1,
      258, 259, 260, -1,
      260, 259, 261, -1,
      260, 261, 262, -1,
      262, 261, 263, -1,
      262, 263, 264, -1,
      264, 263, 265, -1,
      264, 265, 266, -1,
      266, 265, 267, -1,
      266, 267, 268, -1,
      268, 267, 269, -1,
      268, 269, 270, -1,
      270, 269, 271, -1,
      270, 271, 135, -1,
      135, 271, 272, -1,
      135, 272, 250, -1,
      202, 273, 203, -1,
      203, 273, 251, -1,
      203, 251, 274, -1,
      274, 251, 253, -1,
      275, 276, 251, -1,
      251, 276, 277, -1,
      251, 277, 252, -1,
      278, 279, 280, -1,
      279, 281, 280, -1,
      280, 281, 282, -1,
      280, 282, 283, -1,
      275, 251, 280, -1,
      280, 251, 284, -1,
      280, 284, 278, -1,
      187, 64, 63, -1,
      187, 63, 185, -1,
      185, 63, 4, -1,
      185, 4, 183, -1,
      4, 5, 183, -1,
      183, 5, 6, -1,
      183, 6, 172, -1,
      172, 6, 7, -1,
      172, 7, 171, -1,
      171, 7, 9, -1,
      171, 9, 169, -1,
      169, 9, 8, -1,
      169, 8, 167, -1,
      167, 8, 3, -1,
      167, 3, 220, -1,
      220, 3, 2, -1,
      220, 2, 218, -1,
      216, 218, 1, -1,
      1, 218, 2, -1,
      1, 0, 216, -1,
      216, 0, 10, -1,
      216, 10, 214, -1,
      214, 10, 15, -1,
      214, 15, 180, -1,
      180, 15, 14, -1,
      180, 14, 153, -1,
      153, 14, 13, -1,
      153, 13, 211, -1,
      211, 13, 210, -1,
      210, 13, 12, -1,
      210, 12, 11, -1,
      210, 11, 24, -1,
      210, 24, 208, -1,
      208, 24, 26, -1,
      208, 26, 206, -1,
      206, 26, 25, -1,
      206, 25, 235, -1,
      235, 25, 23, -1,
      235, 23, 237, -1,
      237, 23, 22, -1,
      237, 22, 239, -1,
      239, 22, 21, -1,
      239, 21, 241, -1,
      241, 21, 20, -1,
      241, 20, 243, -1,
      243, 20, 19, -1,
      243, 19, 245, -1,
      32, 226, 224, -1,
      245, 19, 18, -1,
      245, 18, 247, -1,
      247, 18, 17, -1,
      247, 17, 248, -1,
      248, 17, 16, -1,
      248, 16, 224, -1,
      224, 16, 33, -1,
      224, 33, 32, -1,
      226, 32, 31, -1,
      226, 31, 228, -1,
      228, 31, 30, -1,
      228, 30, 230, -1,
      230, 30, 29, -1,
      230, 29, 232, -1,
      232, 29, 28, -1,
      232, 28, 233, -1,
      233, 28, 27, -1,
      233, 27, 143, -1,
      143, 27, 34, -1,
      143, 34, 144, -1,
      144, 34, 35, -1,
      144, 35, 134, -1,
      35, 36, 134, -1,
      134, 36, 37, -1,
      134, 37, 135, -1,
      135, 37, 38, -1,
      135, 38, 270, -1,
      270, 38, 41, -1,
      270, 41, 268, -1,
      41, 40, 268, -1,
      268, 40, 44, -1,
      268, 44, 266, -1,
      266, 44, 43, -1,
      266, 43, 264, -1,
      83, 175, 177, -1,
      264, 43, 42, -1,
      39, 260, 42, -1,
      42, 260, 262, -1,
      42, 262, 264, -1,
      39, 49, 260, -1,
      260, 49, 48, -1,
      260, 48, 258, -1,
      258, 48, 47, -1,
      258, 47, 256, -1,
      256, 47, 46, -1,
      256, 46, 254, -1,
      254, 46, 45, -1,
      254, 45, 177, -1,
      177, 45, 84, -1,
      177, 84, 83, -1,
      150, 175, 73, -1,
      73, 175, 83, -1,
      137, 150, 61, -1,
      61, 150, 73, -1,
      138, 137, 52, -1,
      52, 137, 61, -1,
      139, 138, 51, -1,
      51, 138, 52, -1,
      139, 51, 50, -1,
      139, 50, 179, -1,
      179, 50, 88, -1,
      179, 88, 145, -1,
      145, 88, 87, -1,
      145, 87, 146, -1,
      146, 87, 86, -1,
      146, 86, 164, -1,
      164, 86, 85, -1,
      164, 85, 163, -1,
      163, 85, 100, -1,
      163, 100, 161, -1,
      161, 100, 99, -1,
      161, 99, 159, -1,
      159, 99, 92, -1,
      159, 92, 157, -1,
      157, 92, 97, -1,
      157, 97, 136, -1,
      136, 97, 96, -1,
      136, 96, 142, -1,
      142, 96, 95, -1,
      142, 95, 231, -1,
      231, 95, 94, -1,
      231, 94, 229, -1,
      229, 94, 93, -1,
      229, 93, 227, -1,
      227, 93, 98, -1,
      227, 98, 225, -1,
      225, 98, 223, -1,
      223, 98, 58, -1,
      58, 133, 223, -1,
      223, 133, 131, -1,
      223, 131, 246, -1,
      246, 131, 130, -1,
      246, 130, 244, -1,
      244, 130, 128, -1,
      244, 128, 242, -1,
      242, 128, 127, -1,
      242, 127, 240, -1,
      240, 127, 129, -1,
      240, 129, 238, -1,
      238, 129, 132, -1,
      238, 132, 236, -1,
      236, 132, 114, -1,
      236, 114, 234, -1,
      234, 114, 113, -1,
      234, 113, 204, -1,
      204, 113, 112, -1,
      204, 112, 205, -1,
      205, 112, 111, -1,
      205, 111, 207, -1,
      207, 111, 110, -1,
      207, 110, 209, -1,
      209, 110, 121, -1,
      209, 121, 151, -1,
      151, 121, 120, -1,
      151, 120, 152, -1,
      152, 120, 108, -1,
      152, 108, 212, -1,
      212, 108, 107, -1,
      212, 107, 213, -1,
      213, 107, 126, -1,
      213, 126, 215, -1,
      215, 126, 125, -1,
      215, 125, 217, -1,
      217, 125, 123, -1,
      217, 123, 219, -1,
      219, 123, 122, -1,
      219, 122, 221, -1,
      221, 122, 124, -1,
      221, 124, 222, -1,
      222, 124, 109, -1,
      222, 109, 165, -1,
      166, 165, 115, -1,
      115, 165, 109, -1,
      166, 115, 119, -1,
      166, 119, 168, -1,
      168, 119, 118, -1,
      168, 118, 170, -1,
      170, 118, 117, -1,
      170, 117, 181, -1,
      181, 117, 116, -1,
      181, 116, 182, -1,
      182, 116, 57, -1,
      182, 57, 184, -1,
      57, 56, 184, -1,
      184, 56, 55, -1,
      184, 55, 186, -1,
      186, 55, 104, -1,
      186, 104, 188, -1,
      188, 104, 103, -1,
      188, 103, 190, -1,
      190, 103, 102, -1,
      190, 102, 192, -1,
      192, 102, 101, -1,
      192, 101, 194, -1,
      194, 101, 106, -1,
      194, 106, 196, -1,
      196, 106, 105, -1,
      196, 105, 198, -1,
      198, 105, 91, -1,
      198, 91, 200, -1,
      202, 200, 90, -1,
      90, 200, 91, -1,
      202, 90, 89, -1,
      202, 89, 273, -1,
      273, 89, 62, -1,
      273, 62, 251, -1,
      251, 62, 60, -1,
      251, 60, 284, -1,
      284, 60, 59, -1,
      284, 59, 278, -1,
      278, 59, 68, -1,
      278, 68, 279, -1,
      279, 68, 67, -1,
      279, 67, 281, -1,
      281, 67, 66, -1,
      281, 66, 282, -1,
      282, 66, 72, -1,
      282, 72, 283, -1,
      283, 72, 74, -1,
      283, 74, 280, -1,
      280, 74, 82, -1,
      280, 82, 275, -1,
      275, 82, 81, -1,
      275, 81, 276, -1,
      276, 81, 80, -1,
      276, 80, 277, -1,
      277, 80, 79, -1,
      277, 79, 252, -1,
      252, 79, 78, -1,
      252, 78, 253, -1,
      253, 78, 77, -1,
      253, 77, 274, -1,
      274, 77, 76, -1,
      274, 76, 203, -1,
      203, 76, 75, -1,
      203, 75, 201, -1,
      199, 201, 71, -1,
      71, 201, 75, -1,
      199, 71, 70, -1,
      199, 70, 197, -1,
      197, 70, 69, -1,
      197, 69, 195, -1,
      195, 69, 54, -1,
      195, 54, 193, -1,
      193, 54, 53, -1,
      193, 53, 191, -1,
      191, 53, 65, -1,
      191, 65, 189, -1,
      189, 65, 64, -1,
      189, 64, 187, -1,
      178, 285, 286, -1,
      178, 286, 140, -1,
      140, 286, 287, -1,
      140, 287, 141, -1,
      141, 287, 288, -1,
      141, 288, 148, -1,
      148, 288, 289, -1,
      148, 289, 149, -1,
      149, 289, 290, -1,
      149, 290, 173, -1,
      173, 290, 291, -1,
      173, 291, 174, -1,
      174, 291, 292, -1,
      174, 292, 176, -1,
      176, 292, 293, -1,
      176, 293, 255, -1,
      255, 293, 294, -1,
      255, 294, 257, -1,
      257, 294, 295, -1,
      257, 295, 259, -1,
      259, 295, 296, -1,
      259, 296, 261, -1,
      261, 296, 297, -1,
      261, 297, 263, -1,
      263, 297, 298, -1,
      263, 298, 265, -1,
      265, 298, 299, -1,
      265, 299, 267, -1,
      267, 299, 300, -1,
      267, 300, 269, -1,
      269, 300, 301, -1,
      269, 301, 271, -1,
      271, 301, 302, -1,
      271, 302, 272, -1,
      272, 302, 303, -1,
      272, 303, 250, -1,
      250, 303, 304, -1,
      250, 304, 249, -1,
      249, 304, 305, -1,
      249, 305, 154, -1,
      154, 305, 306, -1,
      154, 306, 155, -1,
      155, 306, 307, -1,
      155, 307, 156, -1,
      156, 307, 308, -1,
      156, 308, 158, -1,
      158, 308, 309, -1,
      158, 309, 160, -1,
      160, 309, 310, -1,
      160, 310, 162, -1,
      162, 310, 311, -1,
      162, 311, 147, -1,
      147, 311, 285, -1,
      147, 285, 178, -1,
    ]
  }
}

Shape {
  appearance Appearance {
    material Material {
      diffuseColor 0.7137 0.5294 0.2980
      specularColor 0.8902 0.6627 0.3725
      ambientIntensity 0.2
      transparency 0.0000
      shininess 0.5
    }
  }
  geometry IndexedFaceSet {
    ccw TRUE
    solid FALSE
    coord DEF co Coordinate {
      point [
        -0.012454 0.551181 1.084672,
        -0.013402 0.551181 1.084569,
        -0.014459 0.551181 1.084191,
        -0.015376 0.551181 1.083572,
        -0.016109 0.551181 1.082754,
        -0.016604 0.551181 1.081819,
        -0.016864 0.551181 1.080763,
        -0.016865 0.551181 1.079721,
        -0.016593 0.551181 1.078629,
        -0.016064 0.551181 1.077650,
        -0.015446 0.551181 1.076952,
        -0.014581 0.551181 1.076332,
        -0.013595 0.551181 1.075938,
        -0.012454 0.551181 1.075791,
        -0.012260 0.551181 1.075795,
        -0.011238 0.551181 1.075962,
        -0.010209 0.551181 1.076404,
        -0.009337 0.551181 1.077072,
        -0.008687 0.551181 1.077880,
        -0.008237 0.551181 1.078837,
        -0.008026 0.551181 1.079905,
        -0.008082 0.551181 1.081015,
        -0.008418 0.551181 1.082086,
        -0.009006 0.551181 1.083028,
        -0.009456 0.551181 1.083504,
        -0.010346 0.551181 1.084137,
        -0.011341 0.551181 1.084529,
      ]
    }
    coordIndex [
      14, 24, 23, -1,
      12, 11, 1, -1,
      0, 26, 14, -1,
      14, 26, 25, -1,
      14, 25, 24, -1,
      19, 18, 23, -1,
      23, 18, 17, -1,
      0, 14, 1, -1,
      1, 14, 13, -1,
      1, 13, 12, -1,
      22, 21, 23, -1,
      23, 21, 20, -1,
      23, 20, 19, -1,
      17, 16, 23, -1,
      23, 16, 15, -1,
      23, 15, 14, -1,
      11, 10, 1, -1,
      1, 10, 9, -1,
      1, 9, 8, -1,
      8, 7, 1, -1,
      1, 7, 6, -1,
      1, 6, 5, -1,
      5, 4, 1, -1,
      1, 4, 3, -1,
      1, 3, 2, -1,
    ]
  }
}
