ISO-10303-21;
HEADER;
FILE_DESCRIPTION (( 'STEP AP214' ),
    '1' );
FILE_NAME ('TO-92-3_L4.6-W3.6-P1.27-L_1.STEP',
    '2023-12-21T06:04:00',
    ( 'PC' ),
    ( 'Microsoft' ),
    'SwSTEP 2.0',
    'SolidWorks 2020',
    '' );
FILE_SCHEMA (( 'AUTOMOTIVE_DESIGN' ));
ENDSEC;

DATA;
#1 = EDGE_CURVE ( 'NONE', #9372, #11752, #11282, .T. ) ;
#2 = CARTESIAN_POINT ( 'NONE',  ( -0.7746514886687700940, 1.300000000000000044, -1.700186032104093803 ) ) ;
#3 = UNCERTAINTY_MEASURE_WITH_UNIT (LENGTH_MEASURE( 1.000000000000000082E-05 ), #3984, 'distance_accuracy_value', 'NONE');
#4 = CARTESIAN_POINT ( 'NONE',  ( -0.3414363528354890098, 1.300000000000000044, -1.377549150671263600 ) ) ;
#5 = ORIENTED_EDGE ( 'NONE', *, *, #10664, .F. ) ;
#6 = CARTESIAN_POINT ( 'NONE',  ( 0.8149593761715847595, 1.310000000000000053, -1.419603610333215693 ) ) ;
#7 = EDGE_CURVE ( 'NONE', #10355, #10215, #6668, .T. ) ;
#8 = CARTESIAN_POINT ( 'NONE',  ( -0.9851504788270765145, 1.300000000000000044, -1.702785426896082255 ) ) ;
#9 = ADVANCED_FACE ( 'NONE', ( #4876 ), #4066, .T. ) ;
#10 = CARTESIAN_POINT ( 'NONE',  ( 0.1977663620164519243, -2.293304398789766108, -0.7300969592754836812 ) ) ;
#11 = ORIENTED_EDGE ( 'NONE', *, *, #11603, .F. ) ;
#13 = EDGE_CURVE ( 'NONE', #10081, #10204, #10723, .T. ) ;
#12 = CARTESIAN_POINT ( 'NONE',  ( -0.4226934339952500563, 1.310000000000000053, -1.926749282070603364 ) ) ;
#14 = CARTESIAN_POINT ( 'NONE',  ( -0.1729955703921096100, 1.300000000000000044, -1.820797950398037601 ) ) ;
#15 = CARTESIAN_POINT ( 'NONE',  ( -0.1483013198792975385, 1.300000000000000044, -1.533200910743974354 ) ) ;
#16 = B_SPLINE_CURVE_WITH_KNOTS ( 'NONE', 3,
 ( #3383, #4088, #6860, #7836 ),
 .UNSPECIFIED., .F., .F.,
 ( 4, 4 ),
 ( 0.0000000000000000000, 1.000000000000000000 ),
 .UNSPECIFIED. ) ;
#17 = B_SPLINE_CURVE_WITH_KNOTS ( 'NONE', 3,
 ( #1611, #1742, #11913, #3616 ),
 .UNSPECIFIED., .F., .F.,
 ( 4, 4 ),
 ( 2.000000000000000000, 3.000000000000000000 ),
 .UNSPECIFIED. ) ;
#18 = CARTESIAN_POINT ( 'NONE',  ( 0.3811632525793582915, 1.300000000000000044, -1.374778009425431158 ) ) ;
#19 = EDGE_CURVE ( 'NONE', #6296, #4672, #1367, .T. ) ;
#20 = CARTESIAN_POINT ( 'NONE',  ( -0.8482143612475412375, 1.300000000000000044, -1.732106600136071872 ) ) ;
#21 = ORIENTED_EDGE ( 'NONE', *, *, #2971, .F. ) ;
#22 = DIRECTION ( 'NONE',  ( 0.0000000000000000000, -0.0000000000000000000, -1.000000000000000000 ) ) ;
#23 = UNCERTAINTY_MEASURE_WITH_UNIT (LENGTH_MEASURE( 1.000000000000000082E-05 ), #4485, 'distance_accuracy_value', 'NONE');
#24 = SURFACE_STYLE_FILL_AREA ( #10312 ) ;
#25 = CARTESIAN_POINT ( 'NONE',  ( -0.1689405145182395207, 1.310000000000000053, -1.758204523835003918 ) ) ;
#26 = EDGE_CURVE ( 'NONE', #5990, #11779, #623, .T. ) ;
#27 = CARTESIAN_POINT ( 'NONE',  ( -0.7439266422419614777, 1.310000000000000053, -1.700186032104093803 ) ) ;
#28 = ORIENTED_EDGE ( 'NONE', *, *, #5896, .T. ) ;
#29 = ORIENTED_EDGE ( 'NONE', *, *, #1039, .F. ) ;
#30 = CARTESIAN_POINT ( 'NONE',  ( -0.9430922711114669843, 1.310000000000000053, -1.824541078896672941 ) ) ;
#31 = CARTESIAN_POINT ( 'NONE',  ( -0.3185616786762481278, 1.310000000000000053, -1.862804170216505684 ) ) ;
#32 = ADVANCED_FACE ( 'NONE', ( #8951 ), #11629, .F. ) ;
#33 = CARTESIAN_POINT ( 'NONE',  ( 0.3623654303939469745, 1.300000000000000044, -1.567094298974051281 ) ) ;
#34 = DIRECTION ( 'NONE',  ( 0.0000000000000000000, -1.000000000000000000, 0.0000000000000000000 ) ) ;
#35 = PRESENTATION_STYLE_ASSIGNMENT (( #963 ) ) ;
#36 = FILL_AREA_STYLE ('',( #6313 ) ) ;
#37 = VERTEX_POINT ( 'NONE', #686 ) ;
#38 = SURFACE_SIDE_STYLE ('',( #3029 ) ) ;
#39 = ORIENTED_EDGE ( 'NONE', *, *, #4976, .T. ) ;
#40 = ORIENTED_EDGE ( 'NONE', *, *, #8877, .F. ) ;
#41 = LINE ( 'NONE', #99, #6764 ) ;
#42 = CARTESIAN_POINT ( 'NONE',  ( -0.3414363528354893984, 1.300000000000000044, -1.442637996233387732 ) ) ;
#43 = VERTEX_POINT ( 'NONE', #574 ) ;
#44 = CARTESIAN_POINT ( 'NONE',  ( -0.7322293656828651187, 1.300000000000000044, -1.386906971918539400 ) ) ;
#45 = DIRECTION ( 'NONE',  ( 8.762561441588716833E-15, -0.0000000000000000000, 1.000000000000000000 ) ) ;
#46 =( LENGTH_UNIT ( ) NAMED_UNIT ( * ) SI_UNIT ( .MILLI., .METRE. ) );
#47 = LINE ( 'NONE', #907, #3478 ) ;
#48 =( NAMED_UNIT ( * ) PLANE_ANGLE_UNIT ( ) SI_UNIT ( $, .RADIAN. ) );
#49 = CARTESIAN_POINT ( 'NONE',  ( -0.1978751135184828591, -2.293292016193823724, -0.7300568446979007753 ) ) ;
#50 = CARTESIAN_POINT ( 'NONE',  ( -0.3613997048289033787, 1.310000000000000053, -1.832963118018944959 ) ) ;
#51 = DIRECTION ( 'NONE',  ( -1.000000000000000000, 0.0000000000000000000, 6.914753392094648140E-15 ) ) ;
#52 = ORIENTED_EDGE ( 'NONE', *, *, #722, .T. ) ;
#53 = CARTESIAN_POINT ( 'NONE',  ( -0.1864604354083122251, 1.300000000000000044, -1.883599328542719498 ) ) ;
#54 = PRESENTATION_STYLE_ASSIGNMENT (( #113 ) ) ;
#55 = FACE_OUTER_BOUND ( 'NONE', #2732, .T. ) ;
#56 = AXIS2_PLACEMENT_3D ( 'NONE', #6257, #4433, #9758 ) ;
#57 = DIRECTION ( 'NONE',  ( -0.3658589216693627355, -0.0000000000000000000, -0.9306703226357500025 ) ) ;
#58 = CARTESIAN_POINT ( 'NONE',  ( -0.1830292342842217701, 1.310000000000000053, -1.530393564370344794 ) ) ;
#59 = CARTESIAN_POINT ( 'NONE',  ( -0.8339176898992247677, 1.300000000000000044, -1.835770464392572299 ) ) ;
#60 = FILL_AREA_STYLE_COLOUR ( '', #11523 ) ;
#61 = VECTOR ( 'NONE', #2078, 1000.000000000000000 ) ;
#62 = CARTESIAN_POINT ( 'NONE',  ( -0.8832542030290820856, 1.310000000000000053, -1.775880408413037737 ) ) ;
#63 = ORIENTED_EDGE ( 'NONE', *, *, #7255, .T. ) ;
#64 = CARTESIAN_POINT ( 'NONE',  ( -0.2571119858219442222, 1.300000000000000044, -1.786693890742894419 ) ) ;
#65 = SURFACE_STYLE_FILL_AREA ( #8424 ) ;
#66 = CARTESIAN_POINT ( 'NONE',  ( -0.7342568936201437912, 1.310000000000000053, -1.394393228915806304 ) ) ;
#67 = CARTESIAN_POINT ( 'NONE',  ( 0.1787250486992051079, 1.300000000000000044, -1.778208403813768435 ) ) ;
#68 = EDGE_CURVE ( 'NONE', #1215, #1004, #7946, .T. ) ;
#69 = B_SPLINE_CURVE_WITH_KNOTS ( 'NONE', 3,
 ( #5805, #3677, #6701, #9252 ),
 .UNSPECIFIED., .F., .F.,
 ( 4, 4 ),
 ( 17.00000000000000000, 18.00000000000000000 ),
 .UNSPECIFIED. ) ;
#70 =( LENGTH_UNIT ( ) NAMED_UNIT ( * ) SI_UNIT ( .MILLI., .METRE. ) );
#71 = CARTESIAN_POINT ( 'NONE',  ( -0.6688561206834826578, 1.300000000000000044, -1.788565454991518644 ) ) ;
#72 = ORIENTED_EDGE ( 'NONE', *, *, #5115, .F. ) ;
#73 = STYLED_ITEM ( 'NONE', ( #528 ), #4560 ) ;
#74 = SURFACE_SIDE_STYLE ('',( #5572 ) ) ;
#75 = CARTESIAN_POINT ( 'NONE',  ( 1.060777222749669679, 1.300000000000000044, -1.765194552374765191 ) ) ;
#76 = FACE_OUTER_BOUND ( 'NONE', #4308, .T. ) ;
#77 =( NAMED_UNIT ( * ) PLANE_ANGLE_UNIT ( ) SI_UNIT ( $, .RADIAN. ) );
#78 = EDGE_LOOP ( 'NONE', ( #1129, #11271, #11339, #4707 ) ) ;
#79 = ORIENTED_EDGE ( 'NONE', *, *, #4415, .F. ) ;
#80 = CARTESIAN_POINT ( 'NONE',  ( -0.3273476330695158643, 1.300000000000000044, -1.788669430783029757 ) ) ;
#81 = EDGE_CURVE ( 'NONE', #7790, #739, #3968, .T. ) ;
#82 = EDGE_CURVE ( 'NONE', #2264, #5990, #3365, .T. ) ;
#83 = DIRECTION ( 'NONE',  ( 1.000000000000000000, -0.0000000000000000000, -8.279859545650748409E-15 ) ) ;
#84 = UNCERTAINTY_MEASURE_WITH_UNIT (LENGTH_MEASURE( 1.000000000000000082E-05 ), #10423, 'distance_accuracy_value', 'NONE');
#85 = UNCERTAINTY_MEASURE_WITH_UNIT (LENGTH_MEASURE( 1.000000000000000082E-05 ), #140, 'distance_accuracy_value', 'NONE');
#86 = VECTOR ( 'NONE', #1444, 1000.000000000000000 ) ;
#87 = CARTESIAN_POINT ( 'NONE',  ( -0.6183238859512261154, 1.300000000000000044, -1.510014309210187200 ) ) ;
#88 = FACE_OUTER_BOUND ( 'NONE', #11328, .T. ) ;
#89 =( NAMED_UNIT ( * ) SI_UNIT ( $, .STERADIAN. ) SOLID_ANGLE_UNIT ( ) );
#90 = EDGE_CURVE ( 'NONE', #1863, #8274, #6238, .T. ) ;
#91 =( LENGTH_UNIT ( ) NAMED_UNIT ( * ) SI_UNIT ( .MILLI., .METRE. ) );
#92 = CARTESIAN_POINT ( 'NONE',  ( 0.7397680598499239979, 1.300000000000000044, -1.776762438707540026 ) ) ;
#93 = CARTESIAN_POINT ( 'NONE',  ( -0.3180417997179912359, 1.310000000000000053, -1.771825352538485943 ) ) ;
#94 = ORIENTED_EDGE ( 'NONE', *, *, #3684, .T. ) ;
#95 = CARTESIAN_POINT ( 'NONE',  ( -0.9514103344436132259, 1.310000000000000053, -1.801562428945911565 ) ) ;
#96 = ORIENTED_EDGE ( 'NONE', *, *, #3195, .T. ) ;
#97 = ORIENTED_EDGE ( 'NONE', *, *, #10304, .T. ) ;
#98 = EDGE_CURVE ( 'NONE', #477, #9699, #5152, .T. ) ;
#99 = CARTESIAN_POINT ( 'NONE',  ( -0.2316379168720967274, 1.310000000000000053, -1.880168127418621715 ) ) ;
#100 = ORIENTED_EDGE ( 'NONE', *, *, #1639, .F. ) ;
#101 = CARTESIAN_POINT ( 'NONE',  ( -0.9851504788270762925, 1.300000000000000044, -1.702785426896082033 ) ) ;
#102 = EDGE_CURVE ( 'NONE', #8798, #9020, #8836, .T. ) ;
#103 = CARTESIAN_POINT ( 'NONE',  ( -0.1160168365777151239, 1.310000000000000053, -1.856981525884834783 ) ) ;
#104 = DIRECTION ( 'NONE',  ( -1.000000000000000000, -0.0000000000000000000, 8.286713734081931002E-15 ) ) ;
#105 = CARTESIAN_POINT ( 'NONE',  ( -0.3483507429787457976, 1.310000000000000053, -1.797819300447283108 ) ) ;
#106 = ADVANCED_FACE ( 'NONE', ( #6105 ), #1657, .F. ) ;
#107 = STYLED_ITEM ( 'NONE', ( #7990 ), #7399 ) ;
#108 = DIRECTION ( 'NONE',  ( -5.531802713675572731E-15, 0.0000000000000000000, -1.000000000000000000 ) ) ;
#109 = CARTESIAN_POINT ( 'NONE',  ( -0.2046042110481660070, 1.310000000000000053, -1.731586721177126975 ) ) ;
#110 = DIRECTION ( 'NONE',  ( 1.000000000000000000, 0.0000000000000000000, -6.353357572162296932E-15 ) ) ;
#111 = ORIENTED_EDGE ( 'NONE', *, *, #10427, .T. ) ;
#112 = PLANE ( 'NONE',  #8985 ) ;
#113 = SURFACE_STYLE_USAGE ( .BOTH. , #2983 ) ;
#114 =( NAMED_UNIT ( * ) SI_UNIT ( $, .STERADIAN. ) SOLID_ANGLE_UNIT ( ) );
#115 = CARTESIAN_POINT ( 'NONE',  ( -0.3613997048289033787, 1.300000000000000044, -1.832963118018944959 ) ) ;
#116 = DIRECTION ( 'NONE',  ( 1.000000000000000000, 0.0000000000000000000, -9.268842769272253381E-15 ) ) ;
#117 = FILL_AREA_STYLE ('',( #1840 ) ) ;
#118 = SURFACE_STYLE_USAGE ( .BOTH. , #989 ) ;
#119 = PRESENTATION_LAYER_ASSIGNMENT (  '', '', ( #10225 ) ) ;
#120 = CARTESIAN_POINT ( 'NONE',  ( 0.4722604332932418547, 1.310000000000000053, -1.836047890636272051 ) ) ;
#121 = VERTEX_POINT ( 'NONE', #4675 ) ;
#122 = CARTESIAN_POINT ( 'NONE',  ( 0.4664764625475318338, 1.310000000000000053, -1.633609631596778300 ) ) ;
#123 = PRESENTATION_LAYER_ASSIGNMENT (  '', '', ( #1301 ) ) ;
#124 = CARTESIAN_POINT ( 'NONE',  ( -0.2571119858219447774, 1.300000000000000044, -1.880168127418621937 ) ) ;
#125 = ORIENTED_EDGE ( 'NONE', *, *, #9530, .F. ) ;
#126 = DIRECTION ( 'NONE',  ( 1.000000000000000000, 0.0000000000000000000, 0.0000000000000000000 ) ) ;
#127 = ORIENTED_EDGE ( 'NONE', *, *, #9355, .F. ) ;
#128 = CARTESIAN_POINT ( 'NONE',  ( -0.2316379168720962833, 1.300000000000000044, -1.807281097484693566 ) ) ;
#129 = PRESENTATION_STYLE_ASSIGNMENT (( #3874 ) ) ;
#130 = VECTOR ( 'NONE', #7066, 1000.000000000000000 ) ;
#131 = B_SPLINE_CURVE_WITH_KNOTS ( 'NONE', 3,
 ( #9520, #11342, #3154, #8839 ),
 .UNSPECIFIED., .F., .F.,
 ( 4, 4 ),
 ( 8.000000000000000000, 9.000000000000000000 ),
 .UNSPECIFIED. ) ;
#132 = CARTESIAN_POINT ( 'NONE',  ( -0.3458553239796599010, 1.300000000000000044, -1.752277903711820128 ) ) ;
#133 =( GEOMETRIC_REPRESENTATION_CONTEXT ( 3 ) GLOBAL_UNCERTAINTY_ASSIGNED_CONTEXT ( ( #4687 ) ) GLOBAL_UNIT_ASSIGNED_CONTEXT ( ( #1127, #11465, #4874 ) ) REPRESENTATION_CONTEXT ( 'NONE', 'WORKASPACE' ) );
#134 = AXIS2_PLACEMENT_3D ( 'NONE', #2084, #9320, #4784 ) ;
#135 = MECHANICAL_DESIGN_GEOMETRIC_PRESENTATION_REPRESENTATION (  '', ( #8119 ), #9067 ) ;
#136 = EDGE_LOOP ( 'NONE', ( #2093, #1487, #9404, #8212 ) ) ;
#137 = CARTESIAN_POINT ( 'NONE',  ( -0.1545918552727806872, 1.310000000000000053, -1.769849812498350827 ) ) ;
#138 = COLOUR_RGB ( '',1.000000000000000000, 1.000000000000000000, 1.000000000000000000 ) ;
#139 = PRESENTATION_LAYER_ASSIGNMENT (  '', '', ( #2108 ) ) ;
#140 =( LENGTH_UNIT ( ) NAMED_UNIT ( * ) SI_UNIT ( .MILLI., .METRE. ) );
#141 = VERTEX_POINT ( 'NONE', #8372 ) ;
#142 = ORIENTED_EDGE ( 'NONE', *, *, #7088, .F. ) ;
#143 =( LENGTH_UNIT ( ) NAMED_UNIT ( * ) SI_UNIT ( .MILLI., .METRE. ) );
#144 = EDGE_CURVE ( 'NONE', #10007, #4139, #7391, .T. ) ;
#145 = STYLED_ITEM ( 'NONE', ( #7636 ), #11890 ) ;
#146 = B_SPLINE_CURVE_WITH_KNOTS ( 'NONE', 3,
 ( #6064, #5160, #6243, #9925 ),
 .UNSPECIFIED., .F., .F.,
 ( 4, 4 ),
 ( 3.000000000000000000, 4.000000000000000000 ),
 .UNSPECIFIED. ) ;
#147 = CARTESIAN_POINT ( 'NONE',  ( -0.5961250544382042937, 1.300000000000000044, -1.700186032104094691 ) ) ;
#148 = MECHANICAL_DESIGN_GEOMETRIC_PRESENTATION_REPRESENTATION (  '', ( #10461 ), #9855 ) ;
#149 = STYLED_ITEM ( 'NONE', ( #7610 ), #8803 ) ;
#150 = DIRECTION ( 'NONE',  ( -0.0000000000000000000, -1.000000000000000000, -0.0000000000000000000 ) ) ;
#151 =( LENGTH_UNIT ( ) NAMED_UNIT ( * ) SI_UNIT ( .MILLI., .METRE. ) );
#152 =( NAMED_UNIT ( * ) PLANE_ANGLE_UNIT ( ) SI_UNIT ( $, .RADIAN. ) );
#153 = STYLED_ITEM ( 'NONE', ( #4561 ), #4062 ) ;
#154 = VECTOR ( 'NONE', #7147, 1000.000000000000000 ) ;
#155 = VECTOR ( 'NONE', #6219, 1000.000000000000000 ) ;
#156 = STYLED_ITEM ( 'NONE', ( #11389 ), #10802 ) ;
#157 =( LENGTH_UNIT ( ) NAMED_UNIT ( * ) SI_UNIT ( .MILLI., .METRE. ) );
#158 =( NAMED_UNIT ( * ) SI_UNIT ( $, .STERADIAN. ) SOLID_ANGLE_UNIT ( ) );
#159 =( LENGTH_UNIT ( ) NAMED_UNIT ( * ) SI_UNIT ( .MILLI., .METRE. ) );
#160 = EDGE_CURVE ( 'NONE', #10366, #8087, #303, .T. ) ;
#161 = MECHANICAL_DESIGN_GEOMETRIC_PRESENTATION_REPRESENTATION (  '', ( #3884 ), #4238 ) ;
#162 = ORIENTED_EDGE ( 'NONE', *, *, #10798, .F. ) ;
#163 = LINE ( 'NONE', #5851, #3515 ) ;
#164 = PRESENTATION_LAYER_ASSIGNMENT (  '', '', ( #11247 ) ) ;
#165 = VERTEX_POINT ( 'NONE', #10039 ) ;
#166 = ORIENTED_EDGE ( 'NONE', *, *, #4717, .T. ) ;
#167 = EDGE_CURVE ( 'NONE', #4939, #1428, #1727, .T. ) ;
#168 = DIRECTION ( 'NONE',  ( -1.000000000000000000, -0.0000000000000000000, 7.474873201226372758E-15 ) ) ;
#169 = B_SPLINE_CURVE_WITH_KNOTS ( 'NONE', 3,
 ( #2967, #1203, #4814, #8503 ),
 .UNSPECIFIED., .F., .F.,
 ( 4, 4 ),
 ( 0.0000000000000000000, 1.000000000000000000 ),
 .UNSPECIFIED. ) ;
#170 = DIRECTION ( 'NONE',  ( -1.000000000000000000, 0.0000000000000000000, 5.962800923771145230E-15 ) ) ;
#171 = VERTEX_POINT ( 'NONE', #812 ) ;
#172 = CARTESIAN_POINT ( 'NONE',  ( -1.048523723827850418, 1.310000000000000053, -1.880168127418615942 ) ) ;
#173 = FILL_AREA_STYLE ('',( #2923 ) ) ;
#174 = CARTESIAN_POINT ( 'NONE',  ( 1.020000000000000018, 0.2000000000000000111, -2.250000000000000000 ) ) ;
#175 = CARTESIAN_POINT ( 'NONE',  ( -0.3190295697387553475, 1.300000000000000044, -1.735433825467276314 ) ) ;
#176 = SURFACE_STYLE_USAGE ( .BOTH. , #9238 ) ;
#177 = CARTESIAN_POINT ( 'NONE',  ( -0.2457266366380703171, 1.310000000000000053, -1.350723396430359768 ) ) ;
#178 =( GEOMETRIC_REPRESENTATION_CONTEXT ( 3 ) GLOBAL_UNCERTAINTY_ASSIGNED_CONTEXT ( ( #7661 ) ) GLOBAL_UNIT_ASSIGNED_CONTEXT ( ( #3059, #1179, #8656 ) ) REPRESENTATION_CONTEXT ( 'NONE', 'WORKASPACE' ) );
#179 = ADVANCED_FACE ( 'NONE', ( #4536 ), #8784, .F. ) ;
#180 = B_SPLINE_CURVE_WITH_KNOTS ( 'NONE', 3,
 ( #9476, #10567, #175, #2192 ),
 .UNSPECIFIED., .F., .F.,
 ( 4, 4 ),
 ( 7.000000000000000000, 8.000000000000000000 ),
 .UNSPECIFIED. ) ;
#181 = CARTESIAN_POINT ( 'NONE',  ( 0.8149593761715847595, 1.300000000000000044, -1.419603610333215693 ) ) ;
#182 =( NAMED_UNIT ( * ) PLANE_ANGLE_UNIT ( ) SI_UNIT ( $, .RADIAN. ) );
#183 = ORIENTED_EDGE ( 'NONE', *, *, #1439, .F. ) ;
#184 = DIRECTION ( 'NONE',  ( 1.000000000000000000, 0.0000000000000000000, -9.268842769272767719E-15 ) ) ;
#185 = SURFACE_SIDE_STYLE ('',( #2079 ) ) ;
#186 = CARTESIAN_POINT ( 'NONE',  ( -0.006634303781056453270, 1.310000000000000053, -1.557531245985790402 ) ) ;
#187 = CARTESIAN_POINT ( 'NONE',  ( -0.5441891465163621877, 1.300000000000000044, -1.377549150671262490 ) ) ;
#188 = EDGE_CURVE ( 'NONE', #4274, #6886, #4971, .T. ) ;
#189 = AXIS2_PLACEMENT_3D ( 'NONE', #1146, #4937, #8444 ) ;
#190 = ORIENTED_EDGE ( 'NONE', *, *, #4735, .T. ) ;
#191 = CARTESIAN_POINT ( 'NONE',  ( -0.5210025449839603695, 1.310000000000000053, -1.354154597554452000 ) ) ;
#192 =( NAMED_UNIT ( * ) PLANE_ANGLE_UNIT ( ) SI_UNIT ( $, .RADIAN. ) );
#193 = VECTOR ( 'NONE', #2522, 1000.000000000000000 ) ;
#194 = DIRECTION ( 'NONE',  ( 1.000000000000000000, 0.0000000000000000000, -5.962800923771145230E-15 ) ) ;
#195 = PRESENTATION_STYLE_ASSIGNMENT (( #118 ) ) ;
#196 = CARTESIAN_POINT ( 'NONE',  ( -0.3151824654486039545, 1.310000000000000053, -1.354154597554453554 ) ) ;
#197 = ORIENTED_EDGE ( 'NONE', *, *, #9386, .F. ) ;
#198 =( NAMED_UNIT ( * ) PLANE_ANGLE_UNIT ( ) SI_UNIT ( $, .RADIAN. ) );
#199 = CARTESIAN_POINT ( 'NONE',  ( 0.3739333167267185898, 1.310000000000000053, -1.567094298974051503 ) ) ;
#200 = LINE ( 'NONE', #3237, #11228 ) ;
#201 = ORIENTED_EDGE ( 'NONE', *, *, #7851, .F. ) ;
#202 = UNCERTAINTY_MEASURE_WITH_UNIT (LENGTH_MEASURE( 1.000000000000000082E-05 ), #5537, 'distance_accuracy_value', 'NONE');
#203 = CARTESIAN_POINT ( 'NONE',  ( -0.1885919391364143105, 1.310000000000000053, -1.793868220364237542 ) ) ;
#204 = ORIENTED_EDGE ( 'NONE', *, *, #1, .F. ) ;
#205 = FILL_AREA_STYLE ('',( #5821 ) ) ;
#206 =( NAMED_UNIT ( * ) SI_UNIT ( $, .STERADIAN. ) SOLID_ANGLE_UNIT ( ) );
#207 = DIRECTION ( 'NONE',  ( 1.000000000000000000, -0.0000000000000000000, -7.825477009640629733E-15 ) ) ;
#208 = AXIS2_PLACEMENT_3D ( 'NONE', #9688, #6970, #8902 ) ;
#209 = CARTESIAN_POINT ( 'NONE',  ( -0.3596321163711002078, 1.310000000000000053, -1.752277903711819906 ) ) ;
#210 = DIRECTION ( 'NONE',  ( 1.000000000000000000, 0.0000000000000000000, -9.310221531588248143E-15 ) ) ;
#211 = ORIENTED_EDGE ( 'NONE', *, *, #10921, .F. ) ;
#212 =( NAMED_UNIT ( * ) PLANE_ANGLE_UNIT ( ) SI_UNIT ( $, .RADIAN. ) );
#213 = COLOUR_RGB ( '',1.000000000000000000, 1.000000000000000000, 1.000000000000000000 ) ;
#214 = ADVANCED_FACE ( 'NONE', ( #4919 ), #4733, .F. ) ;
#215 = SURFACE_STYLE_USAGE ( .BOTH. , #74 ) ;
#216 = CARTESIAN_POINT ( 'NONE',  ( -0.7294740072049898938, 1.300000000000000044, -1.386283117168074064 ) ) ;
#217 = CARTESIAN_POINT ( 'NONE',  ( -1.048523723827850418, 1.300000000000000044, -1.880168127418615942 ) ) ;
#218 = ORIENTED_EDGE ( 'NONE', *, *, #7103, .F. ) ;
#219 = FILL_AREA_STYLE ('',( #8556 ) ) ;
#220 = SURFACE_SIDE_STYLE ('',( #6669 ) ) ;
#221 = UNCERTAINTY_MEASURE_WITH_UNIT (LENGTH_MEASURE( 1.000000000000000082E-05 ), #4844, 'distance_accuracy_value', 'NONE');
#222 = CARTESIAN_POINT ( 'NONE',  ( -0.1662371439361186309, 1.310000000000000053, -1.831299505351968282 ) ) ;
#223 = FILL_AREA_STYLE_COLOUR ( '', #3685 ) ;
#224 = CARTESIAN_POINT ( 'NONE',  ( 1.014505594678532185, 1.300000000000000044, -1.486119025696001517 ) ) ;
#225 = CARTESIAN_POINT ( 'NONE',  ( -0.2420874839309559157, 1.310000000000000053, -1.537567893993073254 ) ) ;
#226 = ORIENTED_EDGE ( 'NONE', *, *, #1555, .F. ) ;
#227 = CARTESIAN_POINT ( 'NONE',  ( -0.4082407989589754704, 1.300000000000000044, -1.923837959904068917 ) ) ;
#228 = ORIENTED_EDGE ( 'NONE', *, *, #5114, .T. ) ;
#229 = ORIENTED_EDGE ( 'NONE', *, *, #7589, .T. ) ;
#230 = LINE ( 'NONE', #6920, #7164 ) ;
#231 = EDGE_CURVE ( 'NONE', #11718, #4315, #11452, .T. ) ;
#232 = ORIENTED_EDGE ( 'NONE', *, *, #4928, .T. ) ;
#233 = SURFACE_STYLE_FILL_AREA ( #5059 ) ;
#234 = EDGE_CURVE ( 'NONE', #11369, #9335, #6777, .T. ) ;
#235 = CARTESIAN_POINT ( 'NONE',  ( 0.8467710773767120891, 1.300000000000000044, -1.503470786245107549 ) ) ;
#236 =( LENGTH_UNIT ( ) NAMED_UNIT ( * ) SI_UNIT ( .MILLI., .METRE. ) );
#237 = EDGE_CURVE ( 'NONE', #8979, #1205, #3838, .T. ) ;
#238 = CARTESIAN_POINT ( 'NONE',  ( -0.5774613998394066972, 1.310000000000000053, -1.548069448946994831 ) ) ;
#239 = SURFACE_SIDE_STYLE ('',( #7801 ) ) ;
#240 = AXIS2_PLACEMENT_3D ( 'NONE', #3390, #2535, #6308 ) ;
#241 = CARTESIAN_POINT ( 'NONE',  ( -0.4182744628510884910, 1.310000000000000053, -1.948584198313327409 ) ) ;
#242 = CARTESIAN_POINT ( 'NONE',  ( -0.1689925024139932730, 1.310000000000000053, -1.736057680217743870 ) ) ;
#243 = FACE_OUTER_BOUND ( 'NONE', #2318, .T. ) ;
#244 = ORIENTED_EDGE ( 'NONE', *, *, #10633, .T. ) ;
#245 = LINE ( 'NONE', #9649, #6714 ) ;
#246 = DIRECTION ( 'NONE',  ( -1.000000000000000000, 0.0000000000000000000, 7.474873201047746250E-15 ) ) ;
#247 = SURFACE_STYLE_USAGE ( .BOTH. , #7628 ) ;
#248 = LINE ( 'NONE', #6697, #2087 ) ;
#249 = ORIENTED_EDGE ( 'NONE', *, *, #4588, .T. ) ;
#250 = EDGE_CURVE ( 'NONE', #8916, #11927, #10171, .T. ) ;
#251 = CARTESIAN_POINT ( 'NONE',  ( 0.4216509374834165325, 1.300000000000000044, -1.792668275519048393 ) ) ;
#252 = CARTESIAN_POINT ( 'NONE',  ( -0.03288819116795127506, 1.310000000000000053, -1.788565454991522419 ) ) ;
#253 = CARTESIAN_POINT ( 'NONE',  ( -0.8832542030290820856, 1.300000000000000044, -1.775880408413037737 ) ) ;
#254 = DIRECTION ( 'NONE',  ( -8.243041988643191949E-15, -0.0000000000000000000, -1.000000000000000000 ) ) ;
#255 = ORIENTED_EDGE ( 'NONE', *, *, #10305, .T. ) ;
#256 = CARTESIAN_POINT ( 'NONE',  ( -0.4763449424777507213, 1.300000000000000044, -1.844296479306360093 ) ) ;
#257 = ADVANCED_FACE ( 'NONE', ( #7641 ), #7044, .F. ) ;
#258 = CARTESIAN_POINT ( 'NONE',  ( -0.2744759430247428744, 1.300000000000000044, -1.523947065288208336 ) ) ;
#259 = CARTESIAN_POINT ( 'NONE',  ( 0.9696799868750548557, 1.310000000000000053, -1.441293417891135853 ) ) ;
#260 = VERTEX_POINT ( 'NONE', #1533 ) ;
#261 = CARTESIAN_POINT ( 'NONE',  ( 0.8482170700629673155, 1.300000000000000044, -1.416711638750715041 ) ) ;
#262 = ORIENTED_EDGE ( 'NONE', *, *, #8329, .F. ) ;
#263 = CARTESIAN_POINT ( 'NONE',  ( -0.4642317627526042489, 1.300000000000000044, -1.933091805359838489 ) ) ;
#264 = DIRECTION ( 'NONE',  ( -9.566466160600327215E-15, -0.0000000000000000000, -1.000000000000000000 ) ) ;
#265 = FILL_AREA_STYLE ('',( #8601 ) ) ;
#266 = EDGE_CURVE ( 'NONE', #5512, #2746, #11713, .T. ) ;
#267 = COLOUR_RGB ( '',1.000000000000000000, 1.000000000000000000, 1.000000000000000000 ) ;
#268 =( LENGTH_UNIT ( ) NAMED_UNIT ( * ) SI_UNIT ( .MILLI., .METRE. ) );
#269 = DIRECTION ( 'NONE',  ( 0.0000000000000000000, -0.0000000000000000000, 1.000000000000000000 ) ) ;
#270 = ORIENTED_EDGE ( 'NONE', *, *, #1807, .F. ) ;
#271 =( GEOMETRIC_REPRESENTATION_CONTEXT ( 3 ) GLOBAL_UNCERTAINTY_ASSIGNED_CONTEXT ( ( #7880 ) ) GLOBAL_UNIT_ASSIGNED_CONTEXT ( ( #2609, #9831, #8220 ) ) REPRESENTATION_CONTEXT ( 'NONE', 'WORKASPACE' ) );
#272 = ORIENTED_EDGE ( 'NONE', *, *, #4902, .F. ) ;
#273 =( NAMED_UNIT ( * ) PLANE_ANGLE_UNIT ( ) SI_UNIT ( $, .RADIAN. ) );
#274 = CARTESIAN_POINT ( 'NONE',  ( 0.8265272900843712023, 1.310000000000000053, -1.864967689208255619 ) ) ;
#275 = FILL_AREA_STYLE ('',( #7660 ) ) ;
#276 = B_SPLINE_CURVE_WITH_KNOTS ( 'NONE', 3,
 ( #6521, #3805, #7505, #11202 ),
 .UNSPECIFIED., .F., .F.,
 ( 4, 4 ),
 ( 26.00000000000000000, 27.00000000000000000 ),
 .UNSPECIFIED. ) ;
#277 = FILL_AREA_STYLE_COLOUR ( '', #9322 ) ;
#278 = PRESENTATION_LAYER_ASSIGNMENT (  '', '', ( #7476 ) ) ;
#279 = DIRECTION ( 'NONE',  ( 1.000000000000000000, -0.0000000000000000000, -6.209894659238447454E-15 ) ) ;
#280 = APPLICATION_CONTEXT ( 'automotive_design' ) ;
#281 = AXIS2_PLACEMENT_3D ( 'NONE', #7685, #7564, #3044 ) ;
#282 = PLANE ( 'NONE',  #7145 ) ;
#283 = ORIENTED_EDGE ( 'NONE', *, *, #8782, .T. ) ;
#284 = ORIENTED_EDGE ( 'NONE', *, *, #8878, .T. ) ;
#285 = ORIENTED_EDGE ( 'NONE', *, *, #266, .T. ) ;
#286 = CARTESIAN_POINT ( 'NONE',  ( -0.1564114316263434667, 1.310000000000000053, -1.501800221670943625 ) ) ;
#287 = CARTESIAN_POINT ( 'NONE',  ( -0.2316379168720965054, 1.300000000000000044, -1.821213853564091378 ) ) ;
#288 = EDGE_CURVE ( 'NONE', #7684, #4323, #384, .T. ) ;
#289 = CARTESIAN_POINT ( 'NONE',  ( 1.082467030307590283, 1.310000000000000053, -1.588784106533361662 ) ) ;
#290 = CARTESIAN_POINT ( 'NONE',  ( 0.6240890862035279874, 1.310000000000000053, -1.831709884997493765 ) ) ;
#291 = LINE ( 'NONE', #7731, #3085 ) ;
#292 = STYLED_ITEM ( 'NONE', ( #7051 ), #929 ) ;
#293 = CARTESIAN_POINT ( 'NONE',  ( -0.1545918552727805206, 1.310000000000000053, -1.745103574089093001 ) ) ;
#294 = B_SPLINE_CURVE_WITH_KNOTS ( 'NONE', 3,
 ( #7244, #7302, #9312, #725 ),
 .UNSPECIFIED., .F., .F.,
 ( 4, 4 ),
 ( 2.000000000000000000, 3.000000000000000000 ),
 .UNSPECIFIED. ) ;
#295 = CARTESIAN_POINT ( 'NONE',  ( -0.5187670654636578060, 1.300000000000000044, -1.534344644452003248 ) ) ;
#296 = ORIENTED_EDGE ( 'NONE', *, *, #7384, .T. ) ;
#297 = SURFACE_STYLE_FILL_AREA ( #1964 ) ;
#298 = CARTESIAN_POINT ( 'NONE',  ( -0.8339176898992247677, 1.310000000000000053, -1.835770464392572299 ) ) ;
#299 = CARTESIAN_POINT ( 'NONE',  ( -0.3414363528354900645, 1.310000000000000053, -1.534344644452004358 ) ) ;
#300 = DIRECTION ( 'NONE',  ( -0.5048830486499299441, 0.0000000000000000000, -0.8631877589412123575 ) ) ;
#301 = ORIENTED_EDGE ( 'NONE', *, *, #1275, .T. ) ;
#302 = DIRECTION ( 'NONE',  ( -0.0000000000000000000, -1.000000000000000000, -0.0000000000000000000 ) ) ;
#304 = EDGE_CURVE ( 'NONE', #10659, #1540, #8587, .T. ) ;
#303 = B_SPLINE_CURVE_WITH_KNOTS ( 'NONE', 3,
 ( #7319, #8240, #10, #871, #9194, #5383, #2820, #8122, #3494, #9068, #3751, #10109, #7202, #1784, #6463, #7449, #2709, #11147 ),
 .UNSPECIFIED., .F., .F.,
 ( 4, 2, 2, 2, 2, 2, 2, 2, 4 ),
 ( 0.0000000000000000000, 0.0002951375324437821557, 0.0005902750648875644199, 0.0008854125973313466298, 0.001180550129775128623, 0.001475687662218910833, 0.001770825194662692826, 0.002065962727106475036, 0.002361100259550257246 ),
 .UNSPECIFIED. ) ;
#305 = B_SPLINE_CURVE_WITH_KNOTS ( 'NONE', 3,
 ( #11276, #9511, #1190, #8605 ),
 .UNSPECIFIED., .F., .F.,
 ( 4, 4 ),
 ( 3.000000000000000000, 4.000000000000000000 ),
 .UNSPECIFIED. ) ;
#306 = SURFACE_STYLE_FILL_AREA ( #7692 ) ;
#307 = FILL_AREA_STYLE_COLOUR ( '', #1233 ) ;
#308 = CARTESIAN_POINT ( 'NONE',  ( 1.014505594678532185, 1.310000000000000053, -1.486119025696001517 ) ) ;
#309 = ORIENTED_EDGE ( 'NONE', *, *, #10052, .T. ) ;
#310 = CARTESIAN_POINT ( 'NONE',  ( -0.1830292342842217701, 1.310000000000000053, -1.530393564370344794 ) ) ;
#311 = ORIENTED_EDGE ( 'NONE', *, *, #3238, .F. ) ;
#312 = UNCERTAINTY_MEASURE_WITH_UNIT (LENGTH_MEASURE( 1.000000000000000082E-05 ), #10831, 'distance_accuracy_value', 'NONE');
#313 = CARTESIAN_POINT ( 'NONE',  ( -0.2500000000000000000, 0.2000000000000000111, -7.249999999999999112 ) ) ;
#314 = EDGE_LOOP ( 'NONE', ( #7656, #10808, #211, #1778 ) ) ;
#315 = FACE_OUTER_BOUND ( 'NONE', #6043, .T. ) ;
#316 = DIRECTION ( 'NONE',  ( 0.0000000000000000000, 1.000000000000000000, 0.0000000000000000000 ) ) ;
#317 = SURFACE_STYLE_FILL_AREA ( #8255 ) ;
#318 = PRESENTATION_LAYER_ASSIGNMENT (  '', '', ( #1098 ) ) ;
#319 = FACE_OUTER_BOUND ( 'NONE', #3464, .T. ) ;
#320 = ORIENTED_EDGE ( 'NONE', *, *, #2751, .F. ) ;
#321 = SURFACE_SIDE_STYLE ('',( #2890 ) ) ;
#322 = PRESENTATION_LAYER_ASSIGNMENT (  '', '', ( #7330 ) ) ;
#323 = LINE ( 'NONE', #4060, #1638 ) ;
#324 = CARTESIAN_POINT ( 'NONE',  ( -0.1697203329552827156, 1.300000000000000044, -1.516148880916399655 ) ) ;
#325 = VECTOR ( 'NONE', #3394, 1000.000000000000000 ) ;
#326 = EDGE_LOOP ( 'NONE', ( #8134, #6900, #5899, #5075 ) ) ;
#327 = ORIENTED_EDGE ( 'NONE', *, *, #7748, .T. ) ;
#328 = CARTESIAN_POINT ( 'NONE',  ( 0.8004995320456289587, 1.310000000000000053, -1.776762438707540470 ) ) ;
#329 = EDGE_CURVE ( 'NONE', #11834, #8408, #10741, .T. ) ;
#330 = COLOUR_RGB ( '',1.000000000000000000, 1.000000000000000000, 1.000000000000000000 ) ;
#331 =( GEOMETRIC_REPRESENTATION_CONTEXT ( 3 ) GLOBAL_UNCERTAINTY_ASSIGNED_CONTEXT ( ( #10846 ) ) GLOBAL_UNIT_ASSIGNED_CONTEXT ( ( #9923, #6602, #10308 ) ) REPRESENTATION_CONTEXT ( 'NONE', 'WORKASPACE' ) );
#332 = CARTESIAN_POINT ( 'NONE',  ( -0.5978926428953114103, 1.300000000000000044, -1.381084327586869609 ) ) ;
#333 = UNCERTAINTY_MEASURE_WITH_UNIT (LENGTH_MEASURE( 1.000000000000000082E-05 ), #9123, 'distance_accuracy_value', 'NONE');
#334 = MECHANICAL_DESIGN_GEOMETRIC_PRESENTATION_REPRESENTATION (  '', ( #10626 ), #5803 ) ;
#335 = SURFACE_STYLE_FILL_AREA ( #9570 ) ;
#336 = FILL_AREA_STYLE ('',( #1140 ) ) ;
#337 = PRESENTATION_LAYER_ASSIGNMENT (  '', '', ( #5597 ) ) ;
#338 =( LENGTH_UNIT ( ) NAMED_UNIT ( * ) SI_UNIT ( .MILLI., .METRE. ) );
#339 = COLOUR_RGB ( '',1.000000000000000000, 1.000000000000000000, 1.000000000000000000 ) ;
#340 = PRESENTATION_LAYER_ASSIGNMENT (  '', '', ( #6168 ) ) ;
#341 = STYLED_ITEM ( 'NONE', ( #10070 ), #9888 ) ;
#342 =( NAMED_UNIT ( * ) SI_UNIT ( $, .STERADIAN. ) SOLID_ANGLE_UNIT ( ) );
#343 = CARTESIAN_POINT ( 'NONE',  ( -0.2134941412322430287, 1.310000000000000053, -1.858749114343337894 ) ) ;
#344 = ORIENTED_EDGE ( 'NONE', *, *, #234, .T. ) ;
#345 = LINE ( 'NONE', #3329, #2939 ) ;
#346 =( GEOMETRIC_REPRESENTATION_CONTEXT ( 3 ) GLOBAL_UNCERTAINTY_ASSIGNED_CONTEXT ( ( #3 ) ) GLOBAL_UNIT_ASSIGNED_CONTEXT ( ( #3984, #11145, #9373 ) ) REPRESENTATION_CONTEXT ( 'NONE', 'WORKASPACE' ) );
#347 = ORIENTED_EDGE ( 'NONE', *, *, #8665, .T. ) ;
#348 = ORIENTED_EDGE ( 'NONE', *, *, #5849, .T. ) ;
#349 = LINE ( 'NONE', #7671, #10842 ) ;
#350 = CARTESIAN_POINT ( 'NONE',  ( -0.3483507429787464083, 1.310000000000000053, -1.883599328542718165 ) ) ;
#351 = AXIS2_PLACEMENT_3D ( 'NONE', #3851, #10219, #6641 ) ;
#352 = FILL_AREA_STYLE_COLOUR ( '', #2487 ) ;
#353 = VECTOR ( 'NONE', #7043, 1000.000000000000000 ) ;
#354 = FILL_AREA_STYLE ('',( #9640 ) ) ;
#355 = CARTESIAN_POINT ( 'NONE',  ( 1.020000000000000018, -0.2000000000000000111, -7.249999999999999112 ) ) ;
#356 = STYLED_ITEM ( 'NONE', ( #3593 ), #5773 ) ;
#357 = FILL_AREA_STYLE_COLOUR ( '', #1296 ) ;
#358 = AXIS2_PLACEMENT_3D ( 'NONE', #500, #4230, #7941 ) ;
#359 = B_SPLINE_SURFACE_WITH_KNOTS ( 'NONE', 3, 1, ( 
 ( #11379, #2155 ),
 ( #3060, #5871 ),
 ( #310, #7817 ),
 ( #10536, #1279 ) ),
 .UNSPECIFIED., .F., .F., .F.,
 ( 4, 4 ),
 ( 2, 2 ),
 ( 11.00000000000000000, 12.00000000000000000 ),
 ( 0.0000000000000000000, 1.000000000000000000 ),
 .UNSPECIFIED. ) ;
#360 = CARTESIAN_POINT ( 'NONE',  ( -0.5961250544382048489, 1.310000000000000053, -1.788565454991518644 ) ) ;
#361 = VECTOR ( 'NONE', #4142, 1000.000000000000000 ) ;
#362 = PRESENTATION_STYLE_ASSIGNMENT (( #8699 ) ) ;
#363 = ADVANCED_FACE ( 'NONE', ( #1354 ), #1808, .F. ) ;
#364 = B_SPLINE_CURVE_WITH_KNOTS ( 'NONE', 3,
 ( #1910, #9972, #10226, #2628 ),
 .UNSPECIFIED., .F., .F.,
 ( 4, 4 ),
 ( 12.00000000000000000, 13.00000000000000000 ),
 .UNSPECIFIED. ) ;
#365 = CARTESIAN_POINT ( 'NONE',  ( -0.5446050496838034105, 1.300000000000000044, -1.534344644452003026 ) ) ;
#366 =( GEOMETRIC_REPRESENTATION_CONTEXT ( 3 ) GLOBAL_UNCERTAINTY_ASSIGNED_CONTEXT ( ( #9144 ) ) GLOBAL_UNIT_ASSIGNED_CONTEXT ( ( #590, #9808, #3628 ) ) REPRESENTATION_CONTEXT ( 'NONE', 'WORKASPACE' ) );
#367 = EDGE_LOOP ( 'NONE', ( #6944, #4422, #3818, #11849 ) ) ;
#368 = DIRECTION ( 'NONE',  ( 0.0000000000000000000, -1.000000000000000000, 0.0000000000000000000 ) ) ;
#369 = MECHANICAL_DESIGN_GEOMETRIC_PRESENTATION_REPRESENTATION (  '', ( #2500 ), #8139 ) ;
#370 = CARTESIAN_POINT ( 'NONE',  ( -0.7988778481190772496, 1.310000000000000053, -1.700186032104093581 ) ) ;
#371 = SURFACE_SIDE_STYLE ('',( #1268 ) ) ;
#372 = ORIENTED_EDGE ( 'NONE', *, *, #7453, .T. ) ;
#373 = CARTESIAN_POINT ( 'NONE',  ( -0.1885919391364143105, 1.300000000000000044, -1.793868220364237542 ) ) ;
#374 = SURFACE_SIDE_STYLE ('',( #11442 ) ) ;
#375 = ADVANCED_FACE ( 'NONE', ( #5195 ), #5086, .F. ) ;
#376 = DIRECTION ( 'NONE',  ( 3.876374764046011028E-15, -0.0000000000000000000, 1.000000000000000000 ) ) ;
#377 = AXIS2_PLACEMENT_3D ( 'NONE', #2326, #5253, #661 ) ;
#378 = CARTESIAN_POINT ( 'NONE',  ( -0.7439266422419614777, 1.310000000000000053, -1.700186032104093803 ) ) ;
#379 = ORIENTED_EDGE ( 'NONE', *, *, #6123, .F. ) ;
#380 =( NAMED_UNIT ( * ) PLANE_ANGLE_UNIT ( ) SI_UNIT ( $, .RADIAN. ) );
#381 = FACE_OUTER_BOUND ( 'NONE', #698, .T. ) ;
#382 =( NAMED_UNIT ( * ) PLANE_ANGLE_UNIT ( ) SI_UNIT ( $, .RADIAN. ) );
#383 = VERTEX_POINT ( 'NONE', #2806 ) ;
#384 = LINE ( 'NONE', #11662, #11022 ) ;
#385 = CARTESIAN_POINT ( 'NONE',  ( -0.2316379168720962833, 1.310000000000000053, -1.807281097484693566 ) ) ;
#386 =( LENGTH_UNIT ( ) NAMED_UNIT ( * ) SI_UNIT ( .MILLI., .METRE. ) );
#387 = MECHANICAL_DESIGN_GEOMETRIC_PRESENTATION_REPRESENTATION (  '', ( #3894 ), #11624 ) ;
#388 = EDGE_CURVE ( 'NONE', #1236, #6886, #1774, .T. ) ;
#389 = VECTOR ( 'NONE', #11538, 1000.000000000000000 ) ;
#390 = EDGE_CURVE ( 'NONE', #4497, #11757, #7282, .T. ) ;
#391 = SURFACE_SIDE_STYLE ('',( #5932 ) ) ;
#392 = CARTESIAN_POINT ( 'NONE',  ( 1.520000000000000018, 0.2000000000000000111, -2.250000000000000000 ) ) ;
#393 = EDGE_LOOP ( 'NONE', ( #10385, #12020, #3719, #4131 ) ) ;
#394 = CARTESIAN_POINT ( 'NONE',  ( 0.7701337683681047652, 1.300000000000000044, -1.525160593804412157 ) ) ;
#395 =( NAMED_UNIT ( * ) PLANE_ANGLE_UNIT ( ) SI_UNIT ( $, .RADIAN. ) );
#396 = COLOUR_RGB ( '',1.000000000000000000, 1.000000000000000000, 1.000000000000000000 ) ;
#397 = CARTESIAN_POINT ( 'NONE',  ( -0.9857743335775431825, 1.310000000000000053, -1.702785426896082255 ) ) ;
#398 = PRESENTATION_STYLE_ASSIGNMENT (( #9686 ) ) ;
#399 = ORIENTED_EDGE ( 'NONE', *, *, #1479, .T. ) ;
#400 = VERTEX_POINT ( 'NONE', #6333 ) ;
#401 = SURFACE_STYLE_USAGE ( .BOTH. , #9620 ) ;
#402 = DIRECTION ( 'NONE',  ( -0.0000000000000000000, -0.0000000000000000000, -1.000000000000000000 ) ) ;
#403 = B_SPLINE_CURVE_WITH_KNOTS ( 'NONE', 3,
 ( #3569, #1938, #6533, #11064 ),
 .UNSPECIFIED., .F., .F.,
 ( 4, 4 ),
 ( 3.000000000000000000, 4.000000000000000000 ),
 .UNSPECIFIED. ) ;
#404 = EDGE_CURVE ( 'NONE', #7193, #1587, #9910, .T. ) ;
#405 = CARTESIAN_POINT ( 'NONE',  ( -0.2744759430247428744, 1.310000000000000053, -1.523947065288207892 ) ) ;
#406 = CARTESIAN_POINT ( 'NONE',  ( 0.7961615539861747193, 1.300000000000000044, -1.395021831191410877 ) ) ;
#407 = CARTESIAN_POINT ( 'NONE',  ( -0.6688561206834823247, 1.310000000000000053, -1.765274877666221265 ) ) ;
#408 = LINE ( 'NONE', #6914, #7569 ) ;
#409 = EDGE_CURVE ( 'NONE', #8596, #8979, #4591, .T. ) ;
#410 = AXIS2_PLACEMENT_3D ( 'NONE', #8461, #8584, #246 ) ;
#411 = CARTESIAN_POINT ( 'NONE',  ( -0.2500000000000000000, -0.2000000000000000111, -2.250000000000000000 ) ) ;
#412 = SURFACE_STYLE_USAGE ( .BOTH. , #7717 ) ;
#413 = DIRECTION ( 'NONE',  ( -0.0000000000000000000, -1.000000000000000000, -0.0000000000000000000 ) ) ;
#414 = EDGE_LOOP ( 'NONE', ( #8797, #2559, #11130, #11906 ) ) ;
#415 = VERTEX_POINT ( 'NONE', #5552 ) ;
#416 = CARTESIAN_POINT ( 'NONE',  ( -0.4082407989589754149, 1.310000000000000053, -1.923837959904069361 ) ) ;
#417 = EDGE_CURVE ( 'NONE', #6316, #1069, #11616, .T. ) ;
#418 = EDGE_CURVE ( 'NONE', #4942, #3928, #2755, .T. ) ;
#419 = CARTESIAN_POINT ( 'NONE',  ( -0.4765009061650222755, 1.310000000000000053, -1.902107019452861758 ) ) ;
#420 = PRESENTATION_STYLE_ASSIGNMENT (( #6866 ) ) ;
#421 = SURFACE_SIDE_STYLE ('',( #6688 ) ) ;
#422 = CARTESIAN_POINT ( 'NONE',  ( -0.1308853747807336154, 1.300000000000000044, -1.514693219833828763 ) ) ;
#423 = CARTESIAN_POINT ( 'NONE',  ( -0.9430922711114669843, 1.310000000000000053, -1.824541078896672941 ) ) ;
#424 = FILL_AREA_STYLE ('',( #9646 ) ) ;
#425 = ORIENTED_EDGE ( 'NONE', *, *, #8074, .F. ) ;
#426 = SURFACE_STYLE_FILL_AREA ( #8769 ) ;
#427 = CARTESIAN_POINT ( 'NONE',  ( -0.5961250544382046268, 1.310000000000000053, -1.765274877666221709 ) ) ;
#428 = ORIENTED_EDGE ( 'NONE', *, *, #10768, .T. ) ;
#429 = CARTESIAN_POINT ( 'NONE',  ( -0.8065200688036155974, 1.300000000000000044, -1.676791478987284645 ) ) ;
#430 = CARTESIAN_POINT ( 'NONE',  ( -0.1697203329552827156, 1.310000000000000053, -1.516148880916399655 ) ) ;
#431 =( GEOMETRIC_REPRESENTATION_CONTEXT ( 3 ) GLOBAL_UNCERTAINTY_ASSIGNED_CONTEXT ( ( #2449 ) ) GLOBAL_UNIT_ASSIGNED_CONTEXT ( ( #10736, #7799, #4262 ) ) REPRESENTATION_CONTEXT ( 'NONE', 'WORKASPACE' ) );
#432 = SURFACE_STYLE_USAGE ( .BOTH. , #6884 ) ;
#433 = B_SPLINE_SURFACE_WITH_KNOTS ( 'NONE', 3, 1, ( 
 ( #7003, #8276 ),
 ( #3645, #4381 ),
 ( #10939, #10083 ),
 ( #1633, #2670 ) ),
 .UNSPECIFIED., .F., .F., .F.,
 ( 4, 4 ),
 ( 2, 2 ),
 ( 5.000000000000000000, 6.000000000000000000 ),
 ( 0.0000000000000000000, 1.000000000000000000 ),
 .UNSPECIFIED. ) ;
#434 = ORIENTED_EDGE ( 'NONE', *, *, #4748, .F. ) ;
#435 = SURFACE_STYLE_USAGE ( .BOTH. , #7752 ) ;
#436 = LINE ( 'NONE', #1527, #6600 ) ;
#437 = CARTESIAN_POINT ( 'NONE',  ( 1.014505594678532185, 1.310000000000000053, -1.486119025696001517 ) ) ;
#438 = ORIENTED_EDGE ( 'NONE', *, *, #3311, .F. ) ;
#439 = FILL_AREA_STYLE ('',( #8776 ) ) ;
#440 = CARTESIAN_POINT ( 'NONE',  ( -0.5424215580592551822, 1.310000000000000053, -1.734913946509704319 ) ) ;
#441 = CARTESIAN_POINT ( 'NONE',  ( 0.5778174857137977627, 1.310000000000000053, -1.299586672418065580 ) ) ;
#442 = DIRECTION ( 'NONE',  ( -1.000000000000000000, 0.0000000000000000000, 0.0000000000000000000 ) ) ;
#443 =( NAMED_UNIT ( * ) SI_UNIT ( $, .STERADIAN. ) SOLID_ANGLE_UNIT ( ) );
#444 = EDGE_LOOP ( 'NONE', ( #4102, #1241, #5320, #4676 ) ) ;
#445 = UNCERTAINTY_MEASURE_WITH_UNIT (LENGTH_MEASURE( 1.000000000000000082E-05 ), #4265, 'distance_accuracy_value', 'NONE');
#446 = LINE ( 'NONE', #4129, #4642 ) ;
#447 = EDGE_CURVE ( 'NONE', #3420, #4803, #11847, .T. ) ;
#448 = ORIENTED_EDGE ( 'NONE', *, *, #7471, .T. ) ;
#449 = FILL_AREA_STYLE ('',( #6001 ) ) ;
#450 = PRESENTATION_LAYER_ASSIGNMENT (  '', '', ( #2231 ) ) ;
#451 =( NAMED_UNIT ( * ) SI_UNIT ( $, .STERADIAN. ) SOLID_ANGLE_UNIT ( ) );
#452 = B_SPLINE_SURFACE_WITH_KNOTS ( 'NONE', 3, 1, ( 
 ( #2206, #3860 ),
 ( #8590, #11321 ),
 ( #4727, #8416 ),
 ( #62, #3799 ) ),
 .UNSPECIFIED., .F., .F., .F.,
 ( 4, 4 ),
 ( 2, 2 ),
 ( 4.000000000000000000, 5.000000000000000000 ),
 ( 0.0000000000000000000, 1.000000000000000000 ),
 .UNSPECIFIED. ) ;
#453 = CARTESIAN_POINT ( 'NONE',  ( -0.5210025449839604805, 1.300000000000000044, -1.354154597554451556 ) ) ;
#454 = PRESENTATION_STYLE_ASSIGNMENT (( #6852 ) ) ;
#455 = CARTESIAN_POINT ( 'NONE',  ( 0.4361107540293536755, 1.310000000000000053, -1.327060428313795892 ) ) ;
#456 = LINE ( 'NONE', #581, #5592 ) ;
#457 = VECTOR ( 'NONE', #4110, 1000.000000000000000 ) ;
#458 = PRESENTATION_STYLE_ASSIGNMENT (( #4991 ) ) ;
#459 = CARTESIAN_POINT ( 'NONE',  ( -0.1736194251418753109, 1.300000000000000044, -1.856149719552735666 ) ) ;
#460 = FILL_AREA_STYLE_COLOUR ( '', #339 ) ;
#461 = B_SPLINE_CURVE_WITH_KNOTS ( 'NONE', 3,
 ( #11614, #11508, #2214, #3190 ),
 .UNSPECIFIED., .F., .F.,
 ( 4, 4 ),
 ( 1.000000000000000000, 2.000000000000000000 ),
 .UNSPECIFIED. ) ;
#462 = EDGE_CURVE ( 'NONE', #5852, #6553, #3955, .T. ) ;
#463 = ORIENTED_EDGE ( 'NONE', *, *, #824, .T. ) ;
#464 = ORIENTED_EDGE ( 'NONE', *, *, #8522, .F. ) ;
#465 =( NAMED_UNIT ( * ) PLANE_ANGLE_UNIT ( ) SI_UNIT ( $, .RADIAN. ) );
#466 = STYLED_ITEM ( 'NONE', ( #5013 ), #2984 ) ;
#467 = FACE_OUTER_BOUND ( 'NONE', #8387, .T. ) ;
#469 = SURFACE_STYLE_USAGE ( .BOTH. , #7797 ) ;
#468 = COLOUR_RGB ( '',1.000000000000000000, 1.000000000000000000, 1.000000000000000000 ) ;
#470 = CARTESIAN_POINT ( 'NONE',  ( -0.2022127678405898632, 1.300000000000000044, -1.752277903711821239 ) ) ;
#471 = FILL_AREA_STYLE_COLOUR ( '', #9878 ) ;
#472 = DIRECTION ( 'NONE',  ( 1.000000000000000000, 0.0000000000000000000, -5.524475822672532312E-15 ) ) ;
#473 = DIRECTION ( 'NONE',  ( -0.0000000000000000000, -1.000000000000000000, -0.0000000000000000000 ) ) ;
#474 = PRESENTATION_LAYER_ASSIGNMENT (  '', '', ( #2610 ) ) ;
#475 = LINE ( 'NONE', #11588, #389 ) ;
#476 = CARTESIAN_POINT ( 'NONE',  ( 0.3811632525793582915, 1.310000000000000053, -1.374778009425431158 ) ) ;
#477 = VERTEX_POINT ( 'NONE', #4391 ) ;
#478 = CARTESIAN_POINT ( 'NONE',  ( -0.03288819116794932523, 1.300000000000000044, -1.534344644452006579 ) ) ;
#479 = ORIENTED_EDGE ( 'NONE', *, *, #11462, .T. ) ;
#480 = ADVANCED_FACE ( 'NONE', ( #1648 ), #5208, .T. ) ;
#481 = LINE ( 'NONE', #8811, #5612 ) ;
#482 = VERTEX_POINT ( 'NONE', #3792 ) ;
#483 = ADVANCED_FACE ( 'NONE', ( #9539 ), #4781, .F. ) ;
#484 = CARTESIAN_POINT ( 'NONE',  ( -0.5978926428953125205, 1.300000000000000044, -1.529041879079284350 ) ) ;
#485 = PRESENTATION_STYLE_ASSIGNMENT (( #9659 ) ) ;
#486 = PRESENTATION_LAYER_ASSIGNMENT (  '', '', ( #9227 ) ) ;
#487 = EDGE_LOOP ( 'NONE', ( #4217, #967, #1764, #11885 ) ) ;
#488 = CARTESIAN_POINT ( 'NONE',  ( 0.6240890862035279874, 1.300000000000000044, -1.823033984037227606 ) ) ;
#489 = SURFACE_STYLE_USAGE ( .BOTH. , #10707 ) ;
#490 = ORIENTED_EDGE ( 'NONE', *, *, #2534, .T. ) ;
#491 = FILL_AREA_STYLE ('',( #558 ) ) ;
#492 = CARTESIAN_POINT ( 'NONE',  ( -0.6009599287491100839, 1.300000000000000044, -1.428601264362468592 ) ) ;
#493 = CARTESIAN_POINT ( 'NONE',  ( -0.4082407989589756370, 1.310000000000000053, -1.946504682480286963 ) ) ;
#494 = FILL_AREA_STYLE_COLOUR ( '', #9309 ) ;
#495 = LINE ( 'NONE', #3359, #4082 ) ;
#496 = ORIENTED_EDGE ( 'NONE', *, *, #910, .T. ) ;
#497 =( LENGTH_UNIT ( ) NAMED_UNIT ( * ) SI_UNIT ( .MILLI., .METRE. ) );
#498 = STYLED_ITEM ( 'NONE', ( #8072 ), #7183 ) ;
#499 = VECTOR ( 'NONE', #1746, 1000.000000000000114 ) ;
#500 = CARTESIAN_POINT ( 'NONE',  ( -0.2916319486438345709, 1.310000000000000053, -1.875073313628925264 ) ) ;
#501 = DIRECTION ( 'NONE',  ( 9.351971403878175235E-15, -0.0000000000000000000, 1.000000000000000000 ) ) ;
#502 = PLANE ( 'NONE',  #5976 ) ;
#503 = DIRECTION ( 'NONE',  ( -1.000000000000000000, 0.0000000000000000000, 6.353357572162941432E-15 ) ) ;
#504 = APPLICATION_CONTEXT ( 'automotive_design' ) ;
#505 =( GEOMETRIC_REPRESENTATION_CONTEXT ( 3 ) GLOBAL_UNCERTAINTY_ASSIGNED_CONTEXT ( ( #9792 ) ) GLOBAL_UNIT_ASSIGNED_CONTEXT ( ( #950, #1861, #11946 ) ) REPRESENTATION_CONTEXT ( 'NONE', 'WORKASPACE' ) );
#506 = COLOUR_RGB ( '',1.000000000000000000, 1.000000000000000000, 1.000000000000000000 ) ;
#507 = FILL_AREA_STYLE ('',( #10781 ) ) ;
#508 = FILL_AREA_STYLE_COLOUR ( '', #7560 ) ;
#509 = EDGE_CURVE ( 'NONE', #4656, #2156, #6512, .T. ) ;
#510 = EDGE_LOOP ( 'NONE', ( #4335, #10273, #4742, #769 ) ) ;
#511 = STYLED_ITEM ( 'NONE', ( #7439 ), #2867 ) ;
#512 = VECTOR ( 'NONE', #7580, 1000.000000000000000 ) ;
#513 = CARTESIAN_POINT ( 'NONE',  ( -0.1850047743250530230, 1.300000000000000044, -1.862700194424997457 ) ) ;
#514 = CARTESIAN_POINT ( 'NONE',  ( 0.4216509374834165325, 1.300000000000000044, -1.792668275519048393 ) ) ;
#515 = ADVANCED_FACE ( 'NONE', ( #6640 ), #2934, .F. ) ;
#516 =( LENGTH_UNIT ( ) NAMED_UNIT ( * ) SI_UNIT ( .MILLI., .METRE. ) );
#517 =( GEOMETRIC_REPRESENTATION_CONTEXT ( 3 ) GLOBAL_UNCERTAINTY_ASSIGNED_CONTEXT ( ( #2615 ) ) GLOBAL_UNIT_ASSIGNED_CONTEXT ( ( #268, #4924, #8481 ) ) REPRESENTATION_CONTEXT ( 'NONE', 'WORKASPACE' ) );
#518 = VERTEX_POINT ( 'NONE', #4028 ) ;
#519 = ORIENTED_EDGE ( 'NONE', *, *, #3973, .T. ) ;
#520 = VECTOR ( 'NONE', #3502, 999.9999999999998863 ) ;
#521 =( LENGTH_UNIT ( ) NAMED_UNIT ( * ) SI_UNIT ( .MILLI., .METRE. ) );
#522 = AXIS2_PLACEMENT_3D ( 'NONE', #6128, #10874, #11825 ) ;
#523 = DIRECTION ( 'NONE',  ( -0.9400931103999058402, 0.0000000000000000000, -0.3409177962187225908 ) ) ;
#524 = COLOUR_RGB ( '',1.000000000000000000, 1.000000000000000000, 1.000000000000000000 ) ;
#525 = STYLED_ITEM ( 'NONE', ( #9978 ), #7891 ) ;
#526 = DIRECTION ( 'NONE',  ( -0.0000000000000000000, -1.000000000000000000, -0.0000000000000000000 ) ) ;
#527 =( NAMED_UNIT ( * ) SI_UNIT ( $, .STERADIAN. ) SOLID_ANGLE_UNIT ( ) );
#528 = PRESENTATION_STYLE_ASSIGNMENT (( #8155 ) ) ;
#529 = FACE_OUTER_BOUND ( 'NONE', #8502, .T. ) ;
#530 = VECTOR ( 'NONE', #11983, 1000.000000000000000 ) ;
#531 = VECTOR ( 'NONE', #659, 1000.000000000000000 ) ;
#532 = VECTOR ( 'NONE', #10480, 1000.000000000000000 ) ;
#533 = DIRECTION ( 'NONE',  ( 0.3559357243643003210, -0.0000000000000000000, -0.9345104387438702975 ) ) ;
#534 = EDGE_CURVE ( 'NONE', #4638, #5852, #5122, .T. ) ;
#535 = EDGE_CURVE ( 'NONE', #11610, #4672, #6534, .T. ) ;
#536 = ORIENTED_EDGE ( 'NONE', *, *, #8663, .F. ) ;
#537 = FILL_AREA_STYLE ('',( #8863 ) ) ;
#538 = ORIENTED_EDGE ( 'NONE', *, *, #11659, .F. ) ;
#539 = ORIENTED_EDGE ( 'NONE', *, *, #390, .T. ) ;
#540 = PRESENTATION_STYLE_ASSIGNMENT (( #11595 ) ) ;
#541 =( GEOMETRIC_REPRESENTATION_CONTEXT ( 3 ) GLOBAL_UNCERTAINTY_ASSIGNED_CONTEXT ( ( #23 ) ) GLOBAL_UNIT_ASSIGNED_CONTEXT ( ( #4485, #2824, #7263 ) ) REPRESENTATION_CONTEXT ( 'NONE', 'WORKASPACE' ) );
#542 = ORIENTED_EDGE ( 'NONE', *, *, #4184, .F. ) ;
#543 =( GEOMETRIC_REPRESENTATION_CONTEXT ( 3 ) GLOBAL_UNCERTAINTY_ASSIGNED_CONTEXT ( ( #7523 ) ) GLOBAL_UNIT_ASSIGNED_CONTEXT ( ( #8235, #8368, #4038 ) ) REPRESENTATION_CONTEXT ( 'NONE', 'WORKASPACE' ) );
#544 = LINE ( 'NONE', #7008, #2646 ) ;
#545 = DIRECTION ( 'NONE',  ( 6.959364704394804340E-15, -0.0000000000000000000, 1.000000000000000000 ) ) ;
#546 = ADVANCED_FACE ( 'NONE', ( #4833 ), #1492, .F. ) ;
#547 = STYLED_ITEM ( 'NONE', ( #2463 ), #8828 ) ;
#548 =( NAMED_UNIT ( * ) PLANE_ANGLE_UNIT ( ) SI_UNIT ( $, .RADIAN. ) );
#549 = VERTEX_POINT ( 'NONE', #5912 ) ;
#550 = CARTESIAN_POINT ( 'NONE',  ( -0.3414363528354895094, 1.300000000000000044, -1.442637996233387510 ) ) ;
#551 =( GEOMETRIC_REPRESENTATION_CONTEXT ( 3 ) GLOBAL_UNCERTAINTY_ASSIGNED_CONTEXT ( ( #6349 ) ) GLOBAL_UNIT_ASSIGNED_CONTEXT ( ( #8493, #1137, #9216 ) ) REPRESENTATION_CONTEXT ( 'NONE', 'WORKASPACE' ) );
#552 = STYLED_ITEM ( 'NONE', ( #5102 ), #10041 ) ;
#553 = LINE ( 'NONE', #3354, #9104 ) ;
#554 = STYLED_ITEM ( 'NONE', ( #3301 ), #5703 ) ;
#555 = CARTESIAN_POINT ( 'NONE',  ( -0.1697203329552827156, 1.300000000000000044, -1.516148880916399655 ) ) ;
#556 = EDGE_CURVE ( 'NONE', #8001, #11636, #8580, .T. ) ;
#557 = EDGE_LOOP ( 'NONE', ( #11439, #5934, #8091, #9528 ) ) ;
#558 = FILL_AREA_STYLE_COLOUR ( '', #524 ) ;
#559 = CARTESIAN_POINT ( 'NONE',  ( 1.020000000000000018, 0.2000000000000000111, -7.249999999999999112 ) ) ;
#560 = B_SPLINE_CURVE_WITH_KNOTS ( 'NONE', 3,
 ( #10131, #885, #5406, #4694 ),
 .UNSPECIFIED., .F., .F.,
 ( 4, 4 ),
 ( 2.000000000000000000, 3.000000000000000000 ),
 .UNSPECIFIED. ) ;
#561 =( GEOMETRIC_REPRESENTATION_CONTEXT ( 3 ) GLOBAL_UNCERTAINTY_ASSIGNED_CONTEXT ( ( #6773 ) ) GLOBAL_UNIT_ASSIGNED_CONTEXT ( ( #3372, #3322, #8837 ) ) REPRESENTATION_CONTEXT ( 'NONE', 'WORKASPACE' ) );
#562 = CARTESIAN_POINT ( 'NONE',  ( -0.4199380755173778290, 1.300000000000000044, -1.377549150671262490 ) ) ;
#563 =( GEOMETRIC_REPRESENTATION_CONTEXT ( 3 ) GLOBAL_UNCERTAINTY_ASSIGNED_CONTEXT ( ( #6671 ) ) GLOBAL_UNIT_ASSIGNED_CONTEXT ( ( #706, #2738, #11070 ) ) REPRESENTATION_CONTEXT ( 'NONE', 'WORKASPACE' ) );
#564 = LINE ( 'NONE', #4295, #3878 ) ;
#565 = CARTESIAN_POINT ( 'NONE',  ( -0.3028613341397398684, 1.310000000000000053, -1.880688006377570831 ) ) ;
#566 = ORIENTED_EDGE ( 'NONE', *, *, #652, .F. ) ;
#567 = CARTESIAN_POINT ( 'NONE',  ( -0.5792289882979033688, 1.310000000000000053, -1.513133582959742540 ) ) ;
#568 = UNCERTAINTY_MEASURE_WITH_UNIT (LENGTH_MEASURE( 1.000000000000000082E-05 ), #5196, 'distance_accuracy_value', 'NONE');
#569 = AXIS2_PLACEMENT_3D ( 'NONE', #7662, #10442, #1944 ) ;
#570 = LINE ( 'NONE', #1411, #5156 ) ;
#571 = CARTESIAN_POINT ( 'NONE',  ( -0.3309347978801828738, 1.300000000000000044, -1.754045492170317244 ) ) ;
#572 = SURFACE_STYLE_FILL_AREA ( #7943 ) ;
#573 = UNCERTAINTY_MEASURE_WITH_UNIT (LENGTH_MEASURE( 1.000000000000000082E-05 ), #10805, 'distance_accuracy_value', 'NONE');
#574 = CARTESIAN_POINT ( 'NONE',  ( -1.020000000000000018, -0.2000000000000000111, -2.250000000000000000 ) ) ;
#575 = CARTESIAN_POINT ( 'NONE',  ( 0.2944040223455988148, 1.310000000000000053, -1.876535520380984590 ) ) ;
#576 = COLOUR_RGB ( '',1.000000000000000000, 1.000000000000000000, 1.000000000000000000 ) ;
#577 = CARTESIAN_POINT ( 'NONE',  ( -0.4182744628510884910, 1.300000000000000044, -1.948584198313327409 ) ) ;
#578 = EDGE_CURVE ( 'NONE', #3384, #10717, #11736, .T. ) ;
#579 = FACE_OUTER_BOUND ( 'NONE', #3952, .T. ) ;
#580 = ORIENTED_EDGE ( 'NONE', *, *, #2194, .T. ) ;
#581 = CARTESIAN_POINT ( 'NONE',  ( -0.5160117069857841354, 1.310000000000000053, -1.734913946509704541 ) ) ;
#582 = PRESENTATION_LAYER_ASSIGNMENT (  '', '', ( #787 ) ) ;
#583 = FILL_AREA_STYLE ('',( #1484 ) ) ;
#584 = CARTESIAN_POINT ( 'NONE',  ( -0.4199380755173776070, 1.310000000000000053, -1.354154597554452666 ) ) ;
#585 = PRESENTATION_STYLE_ASSIGNMENT (( #4313 ) ) ;
#586 = VERTEX_POINT ( 'NONE', #8702 ) ;
#587 = VERTEX_POINT ( 'NONE', #767 ) ;
#588 = PRESENTATION_STYLE_ASSIGNMENT (( #3332 ) ) ;
#589 = PLANE ( 'NONE',  #8129 ) ;
#590 =( LENGTH_UNIT ( ) NAMED_UNIT ( * ) SI_UNIT ( .MILLI., .METRE. ) );
#591 =( NAMED_UNIT ( * ) PLANE_ANGLE_UNIT ( ) SI_UNIT ( $, .RADIAN. ) );
#592 = FILL_AREA_STYLE ('',( #9707 ) ) ;
#593 = CARTESIAN_POINT ( 'NONE',  ( -0.3335341926714792682, 1.300000000000000044, -1.862804170216505684 ) ) ;
#594 = EDGE_CURVE ( 'NONE', #6296, #11845, #10165, .T. ) ;
#595 = LINE ( 'NONE', #10689, #9448 ) ;
#596 = ORIENTED_EDGE ( 'NONE', *, *, #4342, .F. ) ;
#597 = LINE ( 'NONE', #2370, #10975 ) ;
#598 = EDGE_CURVE ( 'NONE', #10081, #733, #3122, .T. ) ;
#599 = VERTEX_POINT ( 'NONE', #2530 ) ;
#600 = VERTEX_POINT ( 'NONE', #6249 ) ;
#601 = CARTESIAN_POINT ( 'NONE',  ( -0.5187670654636578060, 1.300000000000000044, -1.534344644452003026 ) ) ;
#602 = EDGE_CURVE ( 'NONE', #3395, #5785, #6702, .T. ) ;
#603 = CARTESIAN_POINT ( 'NONE',  ( -0.2571119858219448884, 1.310000000000000053, -1.880168127418621715 ) ) ;
#604 = ORIENTED_EDGE ( 'NONE', *, *, #11571, .F. ) ;
#605 = LINE ( 'NONE', #7984, #3239 ) ;
#606 = CARTESIAN_POINT ( 'NONE',  ( -0.1775185173277805117, 1.300000000000000044, -1.816430967148946030 ) ) ;
#607 = SURFACE_STYLE_FILL_AREA ( #8816 ) ;
#608 = ORIENTED_EDGE ( 'NONE', *, *, #5114, .F. ) ;
#609 = FACE_OUTER_BOUND ( 'NONE', #11154, .T. ) ;
#610 = SURFACE_SIDE_STYLE ('',( #10826 ) ) ;
#611 = VERTEX_POINT ( 'NONE', #5071 ) ;
#612 = CARTESIAN_POINT ( 'NONE',  ( -0.3335341926714792682, 1.300000000000000044, -1.862804170216505684 ) ) ;
#613 =( NAMED_UNIT ( * ) PLANE_ANGLE_UNIT ( ) SI_UNIT ( $, .RADIAN. ) );
#614 = LINE ( 'NONE', #731, #2861 ) ;
#615 = EDGE_CURVE ( 'NONE', #11334, #8915, #1266, .T. ) ;
#616 = EDGE_CURVE ( 'NONE', #10121, #6351, #10576, .T. ) ;
#617 = CARTESIAN_POINT ( 'NONE',  ( -0.3310387736723940377, 1.310000000000000053, -1.883599328542718609 ) ) ;
#618 = ORIENTED_EDGE ( 'NONE', *, *, #1886, .F. ) ;
#619 = LINE ( 'NONE', #3421, #3673 ) ;
#620 = ADVANCED_FACE ( 'NONE', ( #6185 ), #10154, .F. ) ;
#621 = B_SPLINE_SURFACE_WITH_KNOTS ( 'NONE', 3, 1, ( 
 ( #6191, #11871 ),
 ( #9030, #9997 ),
 ( #5409, #3570 ),
 ( #2414, #10985 ) ),
 .UNSPECIFIED., .F., .F., .F.,
 ( 4, 4 ),
 ( 2, 2 ),
 ( 7.000000000000000000, 8.000000000000000000 ),
 ( 0.0000000000000000000, 1.000000000000000000 ),
 .UNSPECIFIED. ) ;
#622 = FILL_AREA_STYLE ('',( #11908 ) ) ;
#623 = LINE ( 'NONE', #6907, #2930 ) ;
#624 = EDGE_CURVE ( 'NONE', #4175, #10121, #10127, .T. ) ;
#625 = LINE ( 'NONE', #8010, #1149 ) ;
#626 = SURFACE_SIDE_STYLE ('',( #1606 ) ) ;
#627 = EDGE_CURVE ( 'NONE', #10732, #6524, #2204, .T. ) ;
#628 = CARTESIAN_POINT ( 'NONE',  ( -0.3081121116173938246, 1.310000000000000053, -1.743128034048955888 ) ) ;
#629 = UNCERTAINTY_MEASURE_WITH_UNIT (LENGTH_MEASURE( 1.000000000000000082E-05 ), #5119, 'distance_accuracy_value', 'NONE');
#630 = FILL_AREA_STYLE ('',( #5277 ) ) ;
#631 = ORIENTED_EDGE ( 'NONE', *, *, #5528, .F. ) ;
#632 = CARTESIAN_POINT ( 'NONE',  ( -0.6688561206834823247, 1.300000000000000044, -1.765274877666221709 ) ) ;
#633 = UNCERTAINTY_MEASURE_WITH_UNIT (LENGTH_MEASURE( 1.000000000000000082E-05 ), #386, 'distance_accuracy_value', 'NONE');
#634 = CARTESIAN_POINT ( 'NONE',  ( -0.3570327215798038689, 1.310000000000000053, -1.829323965311829614 ) ) ;
#635 = AXIS2_PLACEMENT_3D ( 'NONE', #7227, #2537, #5291 ) ;
#636 = CARTESIAN_POINT ( 'NONE',  ( -0.3458553239796599010, 1.300000000000000044, -1.752277903711820128 ) ) ;
#637 = ORIENTED_EDGE ( 'NONE', *, *, #10115, .F. ) ;
#638 = ORIENTED_EDGE ( 'NONE', *, *, #6466, .F. ) ;
#639 = CARTESIAN_POINT ( 'NONE',  ( -0.3842743789874545346, 1.300000000000000044, -1.864467782882105684 ) ) ;
#640 = SURFACE_STYLE_USAGE ( .BOTH. , #6072 ) ;
#641 = AXIS2_PLACEMENT_3D ( 'NONE', #2141, #5740, #7806 ) ;
#642 = SURFACE_STYLE_USAGE ( .BOTH. , #10871 ) ;
#643 = PLANE ( 'NONE',  #240 ) ;
#644 = FILL_AREA_STYLE_COLOUR ( '', #761 ) ;
#645 =( LENGTH_UNIT ( ) NAMED_UNIT ( * ) SI_UNIT ( .MILLI., .METRE. ) );
#646 =( GEOMETRIC_REPRESENTATION_CONTEXT ( 3 ) GLOBAL_UNCERTAINTY_ASSIGNED_CONTEXT ( ( #1602 ) ) GLOBAL_UNIT_ASSIGNED_CONTEXT ( ( #151, #1971, #4726 ) ) REPRESENTATION_CONTEXT ( 'NONE', 'WORKASPACE' ) );
#647 = CARTESIAN_POINT ( 'NONE',  ( -0.03288819116795170527, 1.310000000000000053, -1.856981525884835449 ) ) ;
#648 = CARTESIAN_POINT ( 'NONE',  ( 0.1613731916207246375, 1.300000000000000044, -1.591676091905864343 ) ) ;
#649 = DIRECTION ( 'NONE',  ( 1.000000000000000000, 0.0000000000000000000, -9.268842769272767719E-15 ) ) ;
#650 = CARTESIAN_POINT ( 'NONE',  ( -0.3180417997179912359, 1.300000000000000044, -1.777647996870159064 ) ) ;
#651 = ORIENTED_EDGE ( 'NONE', *, *, #1, .T. ) ;
#652 = EDGE_CURVE ( 'NONE', #2504, #11927, #2648, .T. ) ;
#653 = CARTESIAN_POINT ( 'NONE',  ( -0.4629840532530526409, 1.310000000000000053, -1.354154597554452444 ) ) ;
#654 = ORIENTED_EDGE ( 'NONE', *, *, #6705, .T. ) ;
#655 = ORIENTED_EDGE ( 'NONE', *, *, #2800, .F. ) ;
#656 =( NAMED_UNIT ( * ) PLANE_ANGLE_UNIT ( ) SI_UNIT ( $, .RADIAN. ) );
#657 = B_SPLINE_CURVE_WITH_KNOTS ( 'NONE', 3,
 ( #8316, #7267, #10972, #3695 ),
 .UNSPECIFIED., .F., .F.,
 ( 4, 4 ),
 ( 4.000000000000000000, 5.000000000000000000 ),
 .UNSPECIFIED. ) ;
#658 = ORIENTED_EDGE ( 'NONE', *, *, #7296, .T. ) ;
#659 = DIRECTION ( 'NONE',  ( 1.000000000000000000, -0.0000000000000000000, -2.981400461857163762E-15 ) ) ;
#660 = CARTESIAN_POINT ( 'NONE',  ( -0.5446050496838034105, 1.310000000000000053, -1.534344644452003026 ) ) ;
#661 = DIRECTION ( 'NONE',  ( -1.000000000000000000, 0.0000000000000000000, -0.0000000000000000000 ) ) ;
#662 =( NAMED_UNIT ( * ) PLANE_ANGLE_UNIT ( ) SI_UNIT ( $, .RADIAN. ) );
#663 = FILL_AREA_STYLE_COLOUR ( '', #7931 ) ;
#664 = PRESENTATION_LAYER_ASSIGNMENT (  '', '', ( #466 ) ) ;
#665 = ORIENTED_EDGE ( 'NONE', *, *, #8713, .T. ) ;
#666 = MECHANICAL_DESIGN_GEOMETRIC_PRESENTATION_REPRESENTATION (  '', ( #73 ), #8061 ) ;
#667 = PRESENTATION_STYLE_ASSIGNMENT (( #5308 ) ) ;
#668 = UNCERTAINTY_MEASURE_WITH_UNIT (LENGTH_MEASURE( 1.000000000000000082E-05 ), #9519, 'distance_accuracy_value', 'NONE');
#669 = PLANE ( 'NONE',  #11565 ) ;
#670 = ORIENTED_EDGE ( 'NONE', *, *, #6728, .F. ) ;
#671 = CARTESIAN_POINT ( 'NONE',  ( 0.3623654303939469745, 1.300000000000000044, -1.567094298974051281 ) ) ;
#672 = FACE_OUTER_BOUND ( 'NONE', #1399, .T. ) ;
#673 = CARTESIAN_POINT ( 'NONE',  ( 0.8149593761715847595, 1.300000000000000044, -1.419603610333215693 ) ) ;
#674 = CARTESIAN_POINT ( 'NONE',  ( -0.1662371439361188530, 1.300000000000000044, -1.846168043554988980 ) ) ;
#675 = EDGE_CURVE ( 'NONE', #1864, #4115, #4553, .T. ) ;
#676 = ORIENTED_EDGE ( 'NONE', *, *, #4878, .T. ) ;
#677 = VECTOR ( 'NONE', #6999, 1000.000000000000000 ) ;
#678 = LINE ( 'NONE', #8111, #6896 ) ;
#679 = CARTESIAN_POINT ( 'NONE',  ( -1.027780553396013374, 1.310000000000000053, -1.824541078896672497 ) ) ;
#680 = DIRECTION ( 'NONE',  ( -0.0000000000000000000, -1.000000000000000000, -0.0000000000000000000 ) ) ;
#681 = FILL_AREA_STYLE_COLOUR ( '', #5989 ) ;
#682 = ORIENTED_EDGE ( 'NONE', *, *, #2178, .F. ) ;
#683 = CARTESIAN_POINT ( 'NONE',  ( -0.1729955703921096100, 1.310000000000000053, -1.820797950398037601 ) ) ;
#684 = CARTESIAN_POINT ( 'NONE',  ( -0.4082407989589754149, 1.310000000000000053, -1.923837959904069361 ) ) ;
#685 = CARTESIAN_POINT ( 'NONE',  ( -0.4245649982445673931, 1.310000000000000053, -1.557531245985787294 ) ) ;
#686 = CARTESIAN_POINT ( 'NONE',  ( -1.000071004927248319, 1.310000000000000053, -1.676791478987283091 ) ) ;
#687 = FILL_AREA_STYLE ('',( #11630 ) ) ;
#688 = CARTESIAN_POINT ( 'NONE',  ( 0.3811632525793582915, 1.310000000000000053, -1.374778009425431158 ) ) ;
#689 = AXIS2_PLACEMENT_3D ( 'NONE', #2893, #11278, #10369 ) ;
#690 = LINE ( 'NONE', #5332, #6024 ) ;
#691 = CARTESIAN_POINT ( 'NONE',  ( -0.4892379406406404674, 1.310000000000000053, -1.377549150671262490 ) ) ;
#692 = ORIENTED_EDGE ( 'NONE', *, *, #237, .F. ) ;
#693 = PLANE ( 'NONE',  #2464 ) ;
#694 = DIRECTION ( 'NONE',  ( -0.0000000000000000000, -1.000000000000000000, -0.0000000000000000000 ) ) ;
#695 = SURFACE_SIDE_STYLE ('',( #765 ) ) ;
#696 = EDGE_CURVE ( 'NONE', #10507, #1575, #5707, .T. ) ;
#697 = CARTESIAN_POINT ( 'NONE',  ( -0.3596321163711002078, 1.300000000000000044, -1.752277903711819906 ) ) ;
#698 = EDGE_LOOP ( 'NONE', ( #6362, #3049, #10272, #7858 ) ) ;
#699 = ORIENTED_EDGE ( 'NONE', *, *, #2411, .T. ) ;
#700 = CARTESIAN_POINT ( 'NONE',  ( -0.3897331080481359900, 1.300000000000000044, -1.853966227928184329 ) ) ;
#701 = AXIS2_PLACEMENT_3D ( 'NONE', #6824, #1339, #7913 ) ;
#702 =( LENGTH_UNIT ( ) NAMED_UNIT ( * ) SI_UNIT ( .MILLI., .METRE. ) );
#703 = SURFACE_STYLE_FILL_AREA ( #1437 ) ;
#704 = LINE ( 'NONE', #9940, #5582 ) ;
#705 = AXIS2_PLACEMENT_3D ( 'NONE', #3577, #9292, #1816 ) ;
#706 =( LENGTH_UNIT ( ) NAMED_UNIT ( * ) SI_UNIT ( .MILLI., .METRE. ) );
#707 = CARTESIAN_POINT ( 'NONE',  ( -0.3180417997179912359, 1.310000000000000053, -1.771825352538485943 ) ) ;
#708 = ORIENTED_EDGE ( 'NONE', *, *, #2950, .F. ) ;
#709 = ORIENTED_EDGE ( 'NONE', *, *, #11716, .F. ) ;
#710 = ORIENTED_EDGE ( 'NONE', *, *, #2278, .F. ) ;
#711 = DIRECTION ( 'NONE',  ( -1.000000000000000000, 0.0000000000000000000, 7.825477009640629733E-15 ) ) ;
#712 = MECHANICAL_DESIGN_GEOMETRIC_PRESENTATION_REPRESENTATION (  '', ( #3644 ), #2669 ) ;
#713 = CARTESIAN_POINT ( 'NONE',  ( -0.9514103344436132259, 1.310000000000000053, -1.801562428945911565 ) ) ;
#714 = STYLED_ITEM ( 'NONE', ( #2021 ), #8355 ) ;
#715 = ORIENTED_EDGE ( 'NONE', *, *, #7, .T. ) ;
#716 = DIRECTION ( 'NONE',  ( -0.0000000000000000000, -1.000000000000000000, -0.0000000000000000000 ) ) ;
#717 = PRESENTATION_LAYER_ASSIGNMENT (  '', '', ( #5978 ) ) ;
#718 = CARTESIAN_POINT ( 'NONE',  ( -0.006634303781055152227, 1.310000000000000053, -1.354154597554455774 ) ) ;
#719 = FACE_OUTER_BOUND ( 'NONE', #4875, .T. ) ;
#720 = B_SPLINE_SURFACE_WITH_KNOTS ( 'NONE', 3, 1, ( 
 ( #3842, #908 ),
 ( #2857, #11939 ),
 ( #12014, #7367 ),
 ( #10210, #4646 ) ),
 .UNSPECIFIED., .F., .F., .F.,
 ( 4, 4 ),
 ( 2, 2 ),
 ( 3.000000000000000000, 4.000000000000000000 ),
 ( 0.0000000000000000000, 1.000000000000000000 ),
 .UNSPECIFIED. ) ;
#721 = DIRECTION ( 'NONE',  ( -0.1387416884823346186, 0.0000000000000000000, -0.9903286039881262770 ) ) ;
#722 = EDGE_CURVE ( 'NONE', #10301, #8596, #7462, .T. ) ;
#723 = ORIENTED_EDGE ( 'NONE', *, *, #11697, .T. ) ;
#724 = PRESENTATION_LAYER_ASSIGNMENT (  '', '', ( #9071 ) ) ;
#725 = CARTESIAN_POINT ( 'NONE',  ( -0.7756912465852897620, 1.310000000000000053, -1.676791478987284645 ) ) ;
#726 = CARTESIAN_POINT ( 'NONE',  ( -0.7736117307536444221, 1.300000000000000044, -1.880168127418618162 ) ) ;
#727 = ORIENTED_EDGE ( 'NONE', *, *, #3080, .T. ) ;
#728 =( NAMED_UNIT ( * ) PLANE_ANGLE_UNIT ( ) SI_UNIT ( $, .RADIAN. ) );
#729 =( GEOMETRIC_REPRESENTATION_CONTEXT ( 3 ) GLOBAL_UNCERTAINTY_ASSIGNED_CONTEXT ( ( #8719 ) ) GLOBAL_UNIT_ASSIGNED_CONTEXT ( ( #773, #3275, #5658 ) ) REPRESENTATION_CONTEXT ( 'NONE', 'WORKASPACE' ) );
#730 = CARTESIAN_POINT ( 'NONE',  ( -0.2916319486438345709, 1.300000000000000044, -1.875073313628925264 ) ) ;
#731 = CARTESIAN_POINT ( 'NONE',  ( -0.4082407989589756370, 1.300000000000000044, -1.946504682480286963 ) ) ;
#732 = DIRECTION ( 'NONE',  ( -1.000000000000000000, -0.0000000000000000000, 5.962800923658062020E-15 ) ) ;
#733 = VERTEX_POINT ( 'NONE', #5464 ) ;
#734 = VECTOR ( 'NONE', #7938, 1000.000000000000000 ) ;
#735 =( NAMED_UNIT ( * ) SI_UNIT ( $, .STERADIAN. ) SOLID_ANGLE_UNIT ( ) );
#736 = AXIS2_PLACEMENT_3D ( 'NONE', #7712, #9623, #6910 ) ;
#737 = FILL_AREA_STYLE ('',( #7195 ) ) ;
#738 = PRESENTATION_STYLE_ASSIGNMENT (( #11098 ) ) ;
#739 = VERTEX_POINT ( 'NONE', #1862 ) ;
#740 = B_SPLINE_CURVE_WITH_KNOTS ( 'NONE', 3,
 ( #7408, #11114, #2778, #6481 ),
 .UNSPECIFIED., .F., .F.,
 ( 4, 4 ),
 ( 9.000000000000000000, 10.00000000000000000 ),
 .UNSPECIFIED. ) ;
#741 = CARTESIAN_POINT ( 'NONE',  ( -0.5160117069857841354, 1.310000000000000053, -1.734913946509704541 ) ) ;
#742 = VECTOR ( 'NONE', #3554, 1000.000000000000000 ) ;
#743 = CARTESIAN_POINT ( 'NONE',  ( 0.9263003717578298657, 1.310000000000000053, -1.503470786245108215 ) ) ;
#744 = CARTESIAN_POINT ( 'NONE',  ( -0.9719975411854099301, 1.310000000000000053, -1.676791478987283313 ) ) ;
#745 = CARTESIAN_POINT ( 'NONE',  ( -0.1657172649778616835, 1.310000000000000053, -1.551708601654118835 ) ) ;
#747 = ADVANCED_FACE ( 'NONE', ( #11216, #2834, #7407, #6529, #9151, #827, #7517, #2895, #8254, #1803, #1011, #8433, #6610, #951 ), #112, .F. ) ;
#746 = UNCERTAINTY_MEASURE_WITH_UNIT (LENGTH_MEASURE( 1.000000000000000082E-05 ), #2813, 'distance_accuracy_value', 'NONE');
#748 = B_SPLINE_CURVE_WITH_KNOTS ( 'NONE', 3,
 ( #1768, #2748, #9236, #4643 ),
 .UNSPECIFIED., .F., .F.,
 ( 4, 4 ),
 ( 0.0000000000000000000, 1.000000000000000000 ),
 .UNSPECIFIED. ) ;
#749 = PRESENTATION_LAYER_ASSIGNMENT (  '', '', ( #9674 ) ) ;
#750 = ADVANCED_FACE ( 'NONE', ( #4103 ), #8460, .F. ) ;
#751 = STYLED_ITEM ( 'NONE', ( #11693 ), #10477 ) ;
#752 = EDGE_CURVE ( 'NONE', #739, #5026, #9421, .T. ) ;
#754 = SURFACE_STYLE_USAGE ( .BOTH. , #11679 ) ;
#753 = UNCERTAINTY_MEASURE_WITH_UNIT (LENGTH_MEASURE( 1.000000000000000082E-05 ), #7211, 'distance_accuracy_value', 'NONE');
#755 = VECTOR ( 'NONE', #7638, 1000.000000000000000 ) ;
#756 = SURFACE_STYLE_USAGE ( .BOTH. , #9017 ) ;
#757 =( GEOMETRIC_REPRESENTATION_CONTEXT ( 3 ) GLOBAL_UNCERTAINTY_ASSIGNED_CONTEXT ( ( #8003 ) ) GLOBAL_UNIT_ASSIGNED_CONTEXT ( ( #9024, #4611, #11864 ) ) REPRESENTATION_CONTEXT ( 'NONE', 'WORKASPACE' ) );
#758 = LINE ( 'NONE', #10918, #11952 ) ;
#759 = ORIENTED_EDGE ( 'NONE', *, *, #11263, .T. ) ;
#760 = FILL_AREA_STYLE_COLOUR ( '', #4839 ) ;
#761 = COLOUR_RGB ( '',1.000000000000000000, 1.000000000000000000, 1.000000000000000000 ) ;
#762 = B_SPLINE_CURVE_WITH_KNOTS ( 'NONE', 3,
 ( #2058, #10557, #1311, #3897 ),
 .UNSPECIFIED., .F., .F.,
 ( 4, 4 ),
 ( 8.000000000000000000, 9.000000000000000000 ),
 .UNSPECIFIED. ) ;
#763 = ORIENTED_EDGE ( 'NONE', *, *, #9426, .T. ) ;
#764 = LINE ( 'NONE', #6245, #3422 ) ;
#765 = SURFACE_STYLE_FILL_AREA ( #7219 ) ;
#766 = CARTESIAN_POINT ( 'NONE',  ( -0.03288819116794802072, 1.310000000000000053, -1.354154597554455330 ) ) ;
#767 = CARTESIAN_POINT ( 'NONE',  ( -0.4245649982445671711, 1.310000000000000053, -1.534344644452003692 ) ) ;
#768 = VECTOR ( 'NONE', #2033, 1000.000000000000000 ) ;
#769 = ORIENTED_EDGE ( 'NONE', *, *, #6407, .T. ) ;
#770 = ORIENTED_EDGE ( 'NONE', *, *, #11245, .T. ) ;
#771 = CARTESIAN_POINT ( 'NONE',  ( -0.2744759430247430965, 1.310000000000000053, -1.549109206863514832 ) ) ;
#772 =( GEOMETRIC_REPRESENTATION_CONTEXT ( 3 ) GLOBAL_UNCERTAINTY_ASSIGNED_CONTEXT ( ( #799 ) ) GLOBAL_UNIT_ASSIGNED_CONTEXT ( ( #6350, #3430, #7151 ) ) REPRESENTATION_CONTEXT ( 'NONE', 'WORKASPACE' ) );
#773 =( LENGTH_UNIT ( ) NAMED_UNIT ( * ) SI_UNIT ( .MILLI., .METRE. ) );
#774 = SURFACE_STYLE_USAGE ( .BOTH. , #7100 ) ;
#775 =( NAMED_UNIT ( * ) SI_UNIT ( $, .STERADIAN. ) SOLID_ANGLE_UNIT ( ) );
#776 =( GEOMETRIC_REPRESENTATION_CONTEXT ( 3 ) GLOBAL_UNCERTAINTY_ASSIGNED_CONTEXT ( ( #1607 ) ) GLOBAL_UNIT_ASSIGNED_CONTEXT ( ( #4454, #1579, #3729 ) ) REPRESENTATION_CONTEXT ( 'NONE', 'WORKASPACE' ) );
#777 =( LENGTH_UNIT ( ) NAMED_UNIT ( * ) SI_UNIT ( .MILLI., .METRE. ) );
#778 = LINE ( 'NONE', #4507, #3052 ) ;
#779 = ADVANCED_FACE ( 'NONE', ( #8583 ), #6572, .F. ) ;
#780 = AXIS2_PLACEMENT_3D ( 'NONE', #6872, #649, #2366 ) ;
#781 = EDGE_CURVE ( 'NONE', #1512, #1584, #11313, .T. ) ;
#782 = CARTESIAN_POINT ( 'NONE',  ( -0.3206411945092867422, 1.310000000000000053, -1.761219821793045925 ) ) ;
#783 = ORIENTED_EDGE ( 'NONE', *, *, #2270, .T. ) ;
#784 = EDGE_CURVE ( 'NONE', #4165, #2746, #9488, .T. ) ;
#785 = ORIENTED_EDGE ( 'NONE', *, *, #11051, .F. ) ;
#786 = ORIENTED_EDGE ( 'NONE', *, *, #675, .F. ) ;
#787 = STYLED_ITEM ( 'NONE', ( #9843 ), #2388 ) ;
#788 = FACE_OUTER_BOUND ( 'NONE', #8988, .T. ) ;
#789 = PRESENTATION_LAYER_ASSIGNMENT (  '', '', ( #6037 ) ) ;
#790 = CARTESIAN_POINT ( 'NONE',  ( -0.3570327215798038689, 1.310000000000000053, -1.829323965311829614 ) ) ;
#791 = VERTEX_POINT ( 'NONE', #10523 ) ;
#792 =( NAMED_UNIT ( * ) SI_UNIT ( $, .STERADIAN. ) SOLID_ANGLE_UNIT ( ) );
#793 = CARTESIAN_POINT ( 'NONE',  ( 0.7686878032611732525, 1.310000000000000053, -1.976308602054442698 ) ) ;
#794 = PRESENTATION_STYLE_ASSIGNMENT (( #6215 ) ) ;
#795 = VECTOR ( 'NONE', #9026, 1000.000000000000000 ) ;
#796 = SURFACE_SIDE_STYLE ('',( #3475 ) ) ;
#797 = EDGE_CURVE ( 'NONE', #8880, #3056, #245, .T. ) ;
#798 = CARTESIAN_POINT ( 'NONE',  ( 0.0000000000000000000, 1.309999999999999609, 0.0000000000000000000 ) ) ;
#799 = UNCERTAINTY_MEASURE_WITH_UNIT (LENGTH_MEASURE( 1.000000000000000082E-05 ), #6350, 'distance_accuracy_value', 'NONE');
#800 = ORIENTED_EDGE ( 'NONE', *, *, #3160, .F. ) ;
#801 = CARTESIAN_POINT ( 'NONE',  ( -0.1785062873485450397, 1.310000000000000053, -1.860516702800447897 ) ) ;
#802 = PRESENTATION_STYLE_ASSIGNMENT (( #4469 ) ) ;
#803 = LINE ( 'NONE', #10953, #9460 ) ;
#804 =( NAMED_UNIT ( * ) PLANE_ANGLE_UNIT ( ) SI_UNIT ( $, .RADIAN. ) );
#805 = ORIENTED_EDGE ( 'NONE', *, *, #12016, .F. ) ;
#806 = CARTESIAN_POINT ( 'NONE',  ( -0.1890078423031585353, 1.300000000000000044, -1.560962447109883744 ) ) ;
#807 =( NAMED_UNIT ( * ) SI_UNIT ( $, .STERADIAN. ) SOLID_ANGLE_UNIT ( ) );
#808 = CARTESIAN_POINT ( 'NONE',  ( 0.7701337683681047652, 1.300000000000000044, -1.525160593804412157 ) ) ;
#809 = VERTEX_POINT ( 'NONE', #653 ) ;
#810 = LINE ( 'NONE', #2761, #5036 ) ;
#811 = DIRECTION ( 'NONE',  ( -0.8840949502478780975, 0.0000000000000000000, 0.4673073067545617798 ) ) ;
#812 = CARTESIAN_POINT ( 'NONE',  ( -0.1864604354083122251, 1.300000000000000044, -1.883599328542719498 ) ) ;
#813 = FILL_AREA_STYLE ('',( #8948 ) ) ;
#814 = CARTESIAN_POINT ( 'NONE',  ( -0.1528762547114260184, 1.310000000000000053, -1.872161991463786812 ) ) ;
#815 = EDGE_CURVE ( 'NONE', #8288, #1863, #1506, .T. ) ;
#816 = PRESENTATION_STYLE_ASSIGNMENT (( #3879 ) ) ;
#817 = CARTESIAN_POINT ( 'NONE',  ( 0.8467710773767120891, 1.310000000000000053, -1.503470786245107549 ) ) ;
#818 = COLOUR_RGB ( '',1.000000000000000000, 1.000000000000000000, 1.000000000000000000 ) ;
#819 = CARTESIAN_POINT ( 'NONE',  ( -0.8556486303490516976, 1.300000000000000044, -1.751238145795297019 ) ) ;
#820 = ORIENTED_EDGE ( 'NONE', *, *, #3978, .F. ) ;
#821 = SURFACE_SIDE_STYLE ('',( #9989 ) ) ;
#822 = ORIENTED_EDGE ( 'NONE', *, *, #26, .T. ) ;
#823 = CARTESIAN_POINT ( 'NONE',  ( 0.6240890862035279874, 1.310000000000000053, -1.831709884997493765 ) ) ;
#824 = EDGE_CURVE ( 'NONE', #5785, #6337, #597, .T. ) ;
#825 = CARTESIAN_POINT ( 'NONE',  ( -0.4737455476857673764, 1.300000000000000044, -1.853342373177716995 ) ) ;
#826 = CARTESIAN_POINT ( 'NONE',  ( 0.2495784421214472248, 1.310000000000000053, -1.679881287246549615 ) ) ;
#827 = FACE_BOUND ( 'NONE', #6629, .T. ) ;
#828 = CARTESIAN_POINT ( 'NONE',  ( 1.897366596101027536, 1.300000000000000044, -2.250000000000000000 ) ) ;
#829 = ORIENTED_EDGE ( 'NONE', *, *, #1015, .T. ) ;
#830 = ORIENTED_EDGE ( 'NONE', *, *, #1647, .F. ) ;
#831 = CARTESIAN_POINT ( 'NONE',  ( -1.897366596101027536, 1.300000000000000044, 2.250000000000000000 ) ) ;
#832 = CARTESIAN_POINT ( 'NONE',  ( 0.5778174857137977627, 1.300000000000000044, -1.299586672418065580 ) ) ;
#833 = CARTESIAN_POINT ( 'NONE',  ( 0.5763715206068691366, 1.300000000000000044, -1.386345902652514672 ) ) ;
#834 = CARTESIAN_POINT ( 'NONE',  ( -0.1697203329552827156, 1.310000000000000053, -1.516148880916399655 ) ) ;
#835 = FILL_AREA_STYLE ('',( #9941 ) ) ;
#836 = EDGE_CURVE ( 'NONE', #6751, #5481, #8309, .T. ) ;
#837 = FACE_OUTER_BOUND ( 'NONE', #7121, .T. ) ;
#838 = ORIENTED_EDGE ( 'NONE', *, *, #7618, .F. ) ;
#839 = CARTESIAN_POINT ( 'NONE',  ( -0.3458553239796599010, 1.310000000000000053, -1.752277903711820128 ) ) ;
#840 = ORIENTED_EDGE ( 'NONE', *, *, #3701, .F. ) ;
#841 = ORIENTED_EDGE ( 'NONE', *, *, #2007, .F. ) ;
#842 =( NAMED_UNIT ( * ) PLANE_ANGLE_UNIT ( ) SI_UNIT ( $, .RADIAN. ) );
#843 = ORIENTED_EDGE ( 'NONE', *, *, #1886, .T. ) ;
#844 = CARTESIAN_POINT ( 'NONE',  ( -0.9818232534944985046, 1.300000000000000044, -1.717030110348640282 ) ) ;
#845 = PRESENTATION_LAYER_ASSIGNMENT (  '', '', ( #1415 ) ) ;
#846 = UNCERTAINTY_MEASURE_WITH_UNIT (LENGTH_MEASURE( 1.000000000000000082E-05 ), #4084, 'distance_accuracy_value', 'NONE');
#847 = CARTESIAN_POINT ( 'NONE',  ( -0.3570327215798038689, 1.300000000000000044, -1.829323965311829614 ) ) ;
#848 = SURFACE_STYLE_FILL_AREA ( #5488 ) ;
#849 =( LENGTH_UNIT ( ) NAMED_UNIT ( * ) SI_UNIT ( .MILLI., .METRE. ) );
#850 = B_SPLINE_CURVE_WITH_KNOTS ( 'NONE', 3,
 ( #2747, #4579, #11302, #5541 ),
 .UNSPECIFIED., .F., .F.,
 ( 4, 4 ),
 ( 5.000000000000000000, 6.000000000000000000 ),
 .UNSPECIFIED. ) ;
#851 = FILL_AREA_STYLE ('',( #9178 ) ) ;
#852 =( GEOMETRIC_REPRESENTATION_CONTEXT ( 3 ) GLOBAL_UNCERTAINTY_ASSIGNED_CONTEXT ( ( #5387 ) ) GLOBAL_UNIT_ASSIGNED_CONTEXT ( ( #4522, #2680, #3896 ) ) REPRESENTATION_CONTEXT ( 'NONE', 'WORKASPACE' ) );
#853 = ORIENTED_EDGE ( 'NONE', *, *, #11951, .T. ) ;
#854 = SURFACE_STYLE_USAGE ( .BOTH. , #8294 ) ;
#855 = DIRECTION ( 'NONE',  ( -0.3559357243643003210, 0.0000000000000000000, 0.9345104387438702975 ) ) ;
#856 = SURFACE_SIDE_STYLE ('',( #11948 ) ) ;
#857 = CARTESIAN_POINT ( 'NONE',  ( -0.3721611992623068965, 1.310000000000000053, -1.733666237010166533 ) ) ;
#858 = SURFACE_STYLE_USAGE ( .BOTH. , #917 ) ;
#859 = EDGE_CURVE ( 'NONE', #5123, #4820, #5247, .T. ) ;
#860 = ORIENTED_EDGE ( 'NONE', *, *, #3309, .T. ) ;
#861 = B_SPLINE_CURVE_WITH_KNOTS ( 'NONE', 3,
 ( #10775, #8241, #5385, #684 ),
 .UNSPECIFIED., .F., .F.,
 ( 4, 4 ),
 ( 4.000000000000000000, 5.000000000000000000 ),
 .UNSPECIFIED. ) ;
#862 = SURFACE_STYLE_FILL_AREA ( #9187 ) ;
#863 =( GEOMETRIC_REPRESENTATION_CONTEXT ( 3 ) GLOBAL_UNCERTAINTY_ASSIGNED_CONTEXT ( ( #7089 ) ) GLOBAL_UNIT_ASSIGNED_CONTEXT ( ( #4516, #842, #6379 ) ) REPRESENTATION_CONTEXT ( 'NONE', 'WORKASPACE' ) );
#864 = CARTESIAN_POINT ( 'NONE',  ( 0.8843667493268569935, 1.310000000000000053, -1.726152804996228474 ) ) ;
#865 = UNCERTAINTY_MEASURE_WITH_UNIT (LENGTH_MEASURE( 1.000000000000000082E-05 ), #7269, 'distance_accuracy_value', 'NONE');
#866 = CARTESIAN_POINT ( 'NONE',  ( -0.7938350222251354671, 1.310000000000000053, -1.557531245985784629 ) ) ;
#867 = ORIENTED_EDGE ( 'NONE', *, *, #7247, .T. ) ;
#868 = VECTOR ( 'NONE', #9091, 1000.000000000000000 ) ;
#869 = CARTESIAN_POINT ( 'NONE',  ( 0.9060565982561902265, 1.310000000000000053, -1.877981485487228541 ) ) ;
#870 = MECHANICAL_DESIGN_GEOMETRIC_PRESENTATION_REPRESENTATION (  '', ( #4583 ), #10641 ) ;
#871 = CARTESIAN_POINT ( 'NONE',  ( 0.3791516430885806810, -2.270374557423716411, -0.6545205385866508241 ) ) ;
#872 = ORIENTED_EDGE ( 'NONE', *, *, #11412, .T. ) ;
#873 = DIRECTION ( 'NONE',  ( 6.338874234249405575E-15, -0.0000000000000000000, 1.000000000000000000 ) ) ;
#874 = CARTESIAN_POINT ( 'NONE',  ( -0.5978926428953114103, 1.300000000000000044, -1.381084327586869609 ) ) ;
#875 = CARTESIAN_POINT ( 'NONE',  ( 0.1599272265137982318, 1.300000000000000044, -1.729044817950138091 ) ) ;
#876 = FILL_AREA_STYLE_COLOUR ( '', #1334 ) ;
#877 = ORIENTED_EDGE ( 'NONE', *, *, #3606, .F. ) ;
#878 = VECTOR ( 'NONE', #8623, 1000.000000000000114 ) ;
#879 = CARTESIAN_POINT ( 'NONE',  ( -0.9879578252020935203, 1.310000000000000053, -1.714222763975011388 ) ) ;
#880 = DIRECTION ( 'NONE',  ( -0.0000000000000000000, -1.000000000000000000, -0.0000000000000000000 ) ) ;
#881 = PRESENTATION_STYLE_ASSIGNMENT (( #9209 ) ) ;
#882 = CARTESIAN_POINT ( 'NONE',  ( -0.8057922382630184899, 1.310000000000000053, -1.880168127418617718 ) ) ;
#883 = VERTEX_POINT ( 'NONE', #4324 ) ;
#884 = ORIENTED_EDGE ( 'NONE', *, *, #5255, .T. ) ;
#885 = CARTESIAN_POINT ( 'NONE',  ( -0.5446050496838034105, 1.300000000000000044, -1.534344644452003026 ) ) ;
#886 = B_SPLINE_CURVE_WITH_KNOTS ( 'NONE', 3,
 ( #9724, #8818, #3234, #10704 ),
 .UNSPECIFIED., .F., .F.,
 ( 4, 4 ),
 ( 13.00000000000000000, 14.00000000000000000 ),
 .UNSPECIFIED. ) ;
#887 =( LENGTH_UNIT ( ) NAMED_UNIT ( * ) SI_UNIT ( .MILLI., .METRE. ) );
#888 = EDGE_CURVE ( 'NONE', #2043, #1223, #11492, .T. ) ;
#889 = CARTESIAN_POINT ( 'NONE',  ( -0.5441891465163621877, 1.300000000000000044, -1.377549150671262490 ) ) ;
#890 = CARTESIAN_POINT ( 'NONE',  ( -0.5424215580592551822, 1.310000000000000053, -1.734913946509704319 ) ) ;
#891 =( NAMED_UNIT ( * ) PLANE_ANGLE_UNIT ( ) SI_UNIT ( $, .RADIAN. ) );
#892 =( LENGTH_UNIT ( ) NAMED_UNIT ( * ) SI_UNIT ( .MILLI., .METRE. ) );
#893 = B_SPLINE_CURVE_WITH_KNOTS ( 'NONE', 3,
 ( #5877, #1804, #4974, #9558 ),
 .UNSPECIFIED., .F., .F.,
 ( 4, 4 ),
 ( 7.000000000000000000, 8.000000000000000000 ),
 .UNSPECIFIED. ) ;
#894 = FILL_AREA_STYLE_COLOUR ( '', #576 ) ;
#895 = CARTESIAN_POINT ( 'NONE',  ( 0.7137403018118727571, 1.300000000000000044, -1.801344231639346205 ) ) ;
#896 = PRESENTATION_STYLE_ASSIGNMENT (( #5477 ) ) ;
#897 = EDGE_LOOP ( 'NONE', ( #4514, #2140, #1645, #1061 ) ) ;
#898 = FACE_OUTER_BOUND ( 'NONE', #10994, .T. ) ;
#899 = VERTEX_POINT ( 'NONE', #11592 ) ;
#900 = ORIENTED_EDGE ( 'NONE', *, *, #6585, .F. ) ;
#901 = FILL_AREA_STYLE_COLOUR ( '', #10756 ) ;
#902 = VERTEX_POINT ( 'NONE', #6875 ) ;
#903 = CARTESIAN_POINT ( 'NONE',  ( -0.7176727548557708669, 1.310000000000000053, -1.880168127418618385 ) ) ;
#904 = EDGE_CURVE ( 'NONE', #1252, #5919, #9764, .T. ) ;
#905 = CARTESIAN_POINT ( 'NONE',  ( -0.3414363528354896204, 1.310000000000000053, -1.465928573558684667 ) ) ;
#906 = MECHANICAL_DESIGN_GEOMETRIC_PRESENTATION_REPRESENTATION (  '', ( #3827 ), #5381 ) ;
#907 = CARTESIAN_POINT ( 'NONE',  ( -0.4892379406406404674, 1.310000000000000053, -1.377549150671262490 ) ) ;
#908 = CARTESIAN_POINT ( 'NONE',  ( -0.6285655014263664686, 1.300000000000000044, -1.453243526978823086 ) ) ;
#910 = EDGE_CURVE ( 'NONE', #10121, #5248, #7855, .T. ) ;
#909 = CARTESIAN_POINT ( 'NONE',  ( -0.4611502492331482905, -2.254418649096864069, 0.5995248380056491522 ) ) ;
#911 = ADVANCED_FACE ( 'NONE', ( #1573 ), #4199, .F. ) ;
#912 = CARTESIAN_POINT ( 'NONE',  ( -0.6009599287491100839, 1.300000000000000044, -1.428601264362468592 ) ) ;
#913 = CARTESIAN_POINT ( 'NONE',  ( -0.6792536998472828991, 1.310000000000000053, -1.880168127418618607 ) ) ;
#914 = UNCERTAINTY_MEASURE_WITH_UNIT (LENGTH_MEASURE( 1.000000000000000082E-05 ), #3914, 'distance_accuracy_value', 'NONE');
#915 =( NAMED_UNIT ( * ) SI_UNIT ( $, .STERADIAN. ) SOLID_ANGLE_UNIT ( ) );
#916 = ORIENTED_EDGE ( 'NONE', *, *, #8465, .T. ) ;
#917 = SURFACE_SIDE_STYLE ('',( #5497 ) ) ;
#918 = VECTOR ( 'NONE', #9848, 1000.000000000000000 ) ;
#919 = CARTESIAN_POINT ( 'NONE',  ( -0.5978926428953125205, 1.310000000000000053, -1.529041879079284350 ) ) ;
#920 =( GEOMETRIC_REPRESENTATION_CONTEXT ( 3 ) GLOBAL_UNCERTAINTY_ASSIGNED_CONTEXT ( ( #3425 ) ) GLOBAL_UNIT_ASSIGNED_CONTEXT ( ( #5845, #4008, #5333 ) ) REPRESENTATION_CONTEXT ( 'NONE', 'WORKASPACE' ) );
#921 = EDGE_CURVE ( 'NONE', #7222, #9944, #8974, .T. ) ;
#922 = VECTOR ( 'NONE', #3435, 1000.000000000000000 ) ;
#923 = FILL_AREA_STYLE ('',( #3743 ) ) ;
#924 = CARTESIAN_POINT ( 'NONE',  ( -0.1864604354083122251, 1.300000000000000044, -1.883599328542719498 ) ) ;
#925 = CARTESIAN_POINT ( 'NONE',  ( 0.8308652405638100591, 1.310000000000000053, -1.685665175252900161 ) ) ;
#926 = VECTOR ( 'NONE', #10612, 1000.000000000000000 ) ;
#927 = EDGE_LOOP ( 'NONE', ( #7561, #11269, #1711, #3722 ) ) ;
#928 = CARTESIAN_POINT ( 'NONE',  ( 1.082467030307590283, 1.310000000000000053, -1.588784106533361662 ) ) ;
#929 = ADVANCED_FACE ( 'NONE', ( #8032 ), #11700, .F. ) ;
#930 = COLOUR_RGB ( '',1.000000000000000000, 1.000000000000000000, 1.000000000000000000 ) ;
#931 = STYLED_ITEM ( 'NONE', ( #3419 ), #5400 ) ;
#932 = CARTESIAN_POINT ( 'NONE',  ( -0.4642317627526042489, 1.310000000000000053, -1.933091805359838489 ) ) ;
#933 = CARTESIAN_POINT ( 'NONE',  ( -0.1685246113514925759, 1.300000000000000044, -1.825164933645750942 ) ) ;
#934 = CARTESIAN_POINT ( 'NONE',  ( -0.2916319486438345709, 1.310000000000000053, -1.875073313628925264 ) ) ;
#935 = ADVANCED_FACE ( 'NONE', ( #7291 ), #10202, .F. ) ;
#936 = COLOUR_RGB ( '',1.000000000000000000, 1.000000000000000000, 1.000000000000000000 ) ;
#937 =( GEOMETRIC_REPRESENTATION_CONTEXT ( 3 ) GLOBAL_UNCERTAINTY_ASSIGNED_CONTEXT ( ( #9984 ) ) GLOBAL_UNIT_ASSIGNED_CONTEXT ( ( #1435, #6923, #2362 ) ) REPRESENTATION_CONTEXT ( 'NONE', 'WORKASPACE' ) );
#938 = AXIS2_PLACEMENT_3D ( 'NONE', #1699, #721, #10212 ) ;
#939 = CARTESIAN_POINT ( 'NONE',  ( -0.6285655014263664686, 1.300000000000000044, -1.453243526978823086 ) ) ;
#940 = VECTOR ( 'NONE', #873, 1000.000000000000000 ) ;
#941 = SURFACE_SIDE_STYLE ('',( #11153 ) ) ;
#942 = VERTEX_POINT ( 'NONE', #839 ) ;
#943 = SURFACE_STYLE_FILL_AREA ( #2642 ) ;
#944 =( GEOMETRIC_REPRESENTATION_CONTEXT ( 3 ) GLOBAL_UNCERTAINTY_ASSIGNED_CONTEXT ( ( #3137 ) ) GLOBAL_UNIT_ASSIGNED_CONTEXT ( ( #11820, #465, #10793 ) ) REPRESENTATION_CONTEXT ( 'NONE', 'WORKASPACE' ) );
#945 = PRESENTATION_LAYER_ASSIGNMENT (  '', '', ( #2309 ) ) ;
#946 =( NAMED_UNIT ( * ) PLANE_ANGLE_UNIT ( ) SI_UNIT ( $, .RADIAN. ) );
#947 = VECTOR ( 'NONE', #473, 1000.000000000000000 ) ;
#948 = DIRECTION ( 'NONE',  ( 1.000000000000000000, -0.0000000000000000000, -1.651872968765436802E-14 ) ) ;
#949 = LINE ( 'NONE', #1010, #530 ) ;
#950 =( LENGTH_UNIT ( ) NAMED_UNIT ( * ) SI_UNIT ( .MILLI., .METRE. ) );
#951 = FACE_BOUND ( 'NONE', #1927, .T. ) ;
#952 = EDGE_LOOP ( 'NONE', ( #2091, #4706, #9787, #1765 ) ) ;
#953 = ORIENTED_EDGE ( 'NONE', *, *, #4735, .F. ) ;
#954 = VECTOR ( 'NONE', #993, 1000.000000000000000 ) ;
#955 = CARTESIAN_POINT ( 'NONE',  ( -0.2990142298495890305, 1.310000000000000053, -1.797091469905306216 ) ) ;
#956 = VECTOR ( 'NONE', #5338, 1000.000000000000000 ) ;
#957 = CARTESIAN_POINT ( 'NONE',  ( -0.6967216328409046033, 1.310000000000000053, -1.478925547511695582 ) ) ;
#958 = COLOUR_RGB ( '',1.000000000000000000, 1.000000000000000000, 1.000000000000000000 ) ;
#959 =( NAMED_UNIT ( * ) PLANE_ANGLE_UNIT ( ) SI_UNIT ( $, .RADIAN. ) );
#960 = CARTESIAN_POINT ( 'NONE',  ( -0.8339176898992247677, 1.310000000000000053, -1.835770464392572299 ) ) ;
#961 = FACE_OUTER_BOUND ( 'NONE', #5055, .T. ) ;
#962 = LINE ( 'NONE', #11826, #7388 ) ;
#963 = SURFACE_STYLE_USAGE ( .BOTH. , #3637 ) ;
#964 = ORIENTED_EDGE ( 'NONE', *, *, #2603, .F. ) ;
#965 = AXIS2_PLACEMENT_3D ( 'NONE', #8921, #9809, #8026 ) ;
#966 = EDGE_LOOP ( 'NONE', ( #1691, #10976, #8162, #1640 ) ) ;
#967 = ORIENTED_EDGE ( 'NONE', *, *, #5924, .F. ) ;
#968 = SURFACE_SIDE_STYLE ('',( #4708 ) ) ;
#969 = EDGE_LOOP ( 'NONE', ( #8908, #2956, #2569, #1949 ) ) ;
#970 = CARTESIAN_POINT ( 'NONE',  ( -0.7310856319748282317, 1.300000000000000044, -1.380148545461863607 ) ) ;
#971 = UNCERTAINTY_MEASURE_WITH_UNIT (LENGTH_MEASURE( 1.000000000000000082E-05 ), #5704, 'distance_accuracy_value', 'NONE');
#972 =( NAMED_UNIT ( * ) PLANE_ANGLE_UNIT ( ) SI_UNIT ( $, .RADIAN. ) );
#973 = VECTOR ( 'NONE', #1442, 1000.000000000000000 ) ;
#974 = CARTESIAN_POINT ( 'NONE',  ( -0.6746267771193935614, 1.310000000000000053, -1.700186032104094247 ) ) ;
#975 = CARTESIAN_POINT ( 'NONE',  ( -0.4617299128059281221, -2.254283447918952632, -0.5989624280206137241 ) ) ;
#976 = FACE_OUTER_BOUND ( 'NONE', #6949, .T. ) ;
#977 = EDGE_CURVE ( 'NONE', #2420, #10762, #5591, .T. ) ;
#978 = LINE ( 'NONE', #2614, #10661 ) ;
#979 = STYLED_ITEM ( 'NONE', ( #802 ), #2387 ) ;
#980 = EDGE_CURVE ( 'NONE', #7540, #6156, #5256, .T. ) ;
#981 = ORIENTED_EDGE ( 'NONE', *, *, #7981, .T. ) ;
#982 = FACE_OUTER_BOUND ( 'NONE', #9487, .T. ) ;
#983 = CARTESIAN_POINT ( 'NONE',  ( -0.1689405145182395207, 1.300000000000000044, -1.758204523835003918 ) ) ;
#984 = SURFACE_SIDE_STYLE ('',( #5742 ) ) ;
#985 = DIRECTION ( 'NONE',  ( 0.5048830486499299441, 0.0000000000000000000, 0.8631877589412123575 ) ) ;
#986 = PRESENTATION_LAYER_ASSIGNMENT (  '', '', ( #5667 ) ) ;
#987 = CARTESIAN_POINT ( 'NONE',  ( -0.4199380755173776070, 1.310000000000000053, -1.354154597554452666 ) ) ;
#988 = SURFACE_SIDE_STYLE ('',( #7499 ) ) ;
#989 = SURFACE_SIDE_STYLE ('',( #11195 ) ) ;
#990 = DIRECTION ( 'NONE',  ( -0.3493954794691522814, -0.0000000000000000000, -0.9369753459544820640 ) ) ;
#991 = EDGE_LOOP ( 'NONE', ( #9564, #3465, #3999, #379, #7052, #4201, #4378, #10587 ) ) ;
#992 = LINE ( 'NONE', #8469, #4254 ) ;
#993 = DIRECTION ( 'NONE',  ( -1.000000000000000000, -0.0000000000000000000, -0.0000000000000000000 ) ) ;
#994 = ADVANCED_FACE ( 'NONE', ( #898 ), #5306, .T. ) ;
#995 = SURFACE_SIDE_STYLE ('',( #9329 ) ) ;
#996 = ORIENTED_EDGE ( 'NONE', *, *, #8160, .F. ) ;
#997 = CARTESIAN_POINT ( 'NONE',  ( 0.2500000000000000000, -0.2000000000000000111, -7.249999999999999112 ) ) ;
#998 = CARTESIAN_POINT ( 'NONE',  ( 0.6240890862035279874, 1.310000000000000053, -1.831709884997493765 ) ) ;
#999 = CARTESIAN_POINT ( 'NONE',  ( -0.2219681682502721298, 1.310000000000000053, -1.537567893993073476 ) ) ;
#1000 = EDGE_CURVE ( 'NONE', #5925, #11540, #5393, .T. ) ;
#1001 =( NAMED_UNIT ( * ) PLANE_ANGLE_UNIT ( ) SI_UNIT ( $, .RADIAN. ) );
#1002 = CYLINDRICAL_SURFACE ( 'NONE', #7948, 2.299999999999999822 ) ;
#1003 = DIRECTION ( 'NONE',  ( 1.000000000000000000, 0.0000000000000000000, -9.310221531588334918E-15 ) ) ;
#1004 = VERTEX_POINT ( 'NONE', #9351 ) ;
#1005 = CARTESIAN_POINT ( 'NONE',  ( -0.9851504788270762925, 1.310000000000000053, -1.702785426896082033 ) ) ;
#1006 = EDGE_CURVE ( 'NONE', #2650, #2018, #7719, .T. ) ;
#1007 = UNCERTAINTY_MEASURE_WITH_UNIT (LENGTH_MEASURE( 1.000000000000000082E-05 ), #10431, 'distance_accuracy_value', 'NONE');
#1008 = ADVANCED_FACE ( 'NONE', ( #3831 ), #5722, .F. ) ;
#1009 = DIRECTION ( 'NONE',  ( -0.0000000000000000000, 1.000000000000000000, -0.0000000000000000000 ) ) ;
#1010 = CARTESIAN_POINT ( 'NONE',  ( -0.2500000000000000000, 0.2000000000000000111, -7.249999999999999112 ) ) ;
#1011 = FACE_BOUND ( 'NONE', #2921, .T. ) ;
#1012 = VERTEX_POINT ( 'NONE', #6677 ) ;
#1013 = ORIENTED_EDGE ( 'NONE', *, *, #8878, .F. ) ;
#1014 = CARTESIAN_POINT ( 'NONE',  ( 0.9913697944336655743, 1.310000000000000053, -1.648069503302061811 ) ) ;
#1015 = EDGE_CURVE ( 'NONE', #7895, #10274, #169, .T. ) ;
#1016 = CARTESIAN_POINT ( 'NONE',  ( -0.3046289225975433723, 1.310000000000000053, -1.858125259592870560 ) ) ;
#1017 = CARTESIAN_POINT ( 'NONE',  ( -0.1222033961796834683, 1.310000000000000053, -1.459690026060962875 ) ) ;
#1018 =( NAMED_UNIT ( * ) PLANE_ANGLE_UNIT ( ) SI_UNIT ( $, .RADIAN. ) );
#1019 = DIRECTION ( 'NONE',  ( -1.000000000000000000, -0.0000000000000000000, -0.0000000000000000000 ) ) ;
#1020 = DIRECTION ( 'NONE',  ( -1.000000000000000000, 0.0000000000000000000, 9.566466160600328792E-15 ) ) ;
#1021 = CARTESIAN_POINT ( 'NONE',  ( -0.3897331080481357679, 1.310000000000000053, -1.840657326599245192 ) ) ;
#1022 = FILL_AREA_STYLE_COLOUR ( '', #1757 ) ;
#1023 =( NAMED_UNIT ( * ) PLANE_ANGLE_UNIT ( ) SI_UNIT ( $, .RADIAN. ) );
#1024 = SURFACE_STYLE_FILL_AREA ( #9165 ) ;
#1025 = ORIENTED_EDGE ( 'NONE', *, *, #1647, .T. ) ;
#1026 = CARTESIAN_POINT ( 'NONE',  ( -0.4314793883885169046, 1.300000000000000044, -1.734913946509704985 ) ) ;
#1027 = ORIENTED_EDGE ( 'NONE', *, *, #7049, .T. ) ;
#1028 = EDGE_LOOP ( 'NONE', ( #3120, #542, #11175, #7001, #6242, #7928, #8166, #2896 ) ) ;
#1029 = SURFACE_STYLE_FILL_AREA ( #1954 ) ;
#1030 = ORIENTED_EDGE ( 'NONE', *, *, #10036, .F. ) ;
#1031 = LINE ( 'NONE', #9173, #5224 ) ;
#1032 = DIRECTION ( 'NONE',  ( 1.000000000000000000, 0.0000000000000000000, -6.338874234248783953E-15 ) ) ;
#1033 = CARTESIAN_POINT ( 'NONE',  ( -0.3180417997179912359, 1.300000000000000044, -1.766002708208199712 ) ) ;
#1034 = PLANE ( 'NONE',  #3691 ) ;
#1035 = LINE ( 'NONE', #10337, #8250 ) ;
#1036 = CARTESIAN_POINT ( 'NONE',  ( -0.6548576946909072660, -2.205156299878932913, -0.3784548397478752491 ) ) ;
#1037 = B_SPLINE_SURFACE_WITH_KNOTS ( 'NONE', 3, 1, ( 
 ( #6525, #4596 ),
 ( #6515, #10104 ),
 ( #10907, #5559 ),
 ( #7442, #2627 ) ),
 .UNSPECIFIED., .F., .F., .F.,
 ( 4, 4 ),
 ( 2, 2 ),
 ( 5.000000000000000000, 6.000000000000000000 ),
 ( 0.0000000000000000000, 1.000000000000000000 ),
 .UNSPECIFIED. ) ;
#1038 = CARTESIAN_POINT ( 'NONE',  ( -0.9514103344436132259, 1.310000000000000053, -1.801562428945911565 ) ) ;
#1039 = EDGE_CURVE ( 'NONE', #6722, #6464, #163, .T. ) ;
#1040 = DIRECTION ( 'NONE',  ( -0.0000000000000000000, -1.000000000000000000, -0.0000000000000000000 ) ) ;
#1041 = EDGE_LOOP ( 'NONE', ( #2704, #4957, #10562, #822 ) ) ;
#1042 = CARTESIAN_POINT ( 'NONE',  ( -0.1113899138498325447, 1.310000000000000053, -1.676791478987289530 ) ) ;
#1043 = CARTESIAN_POINT ( 'NONE',  ( -1.020000000000000018, 0.2000000000000000111, -2.250000000000000000 ) ) ;
#1044 = CARTESIAN_POINT ( 'NONE',  ( -0.7736117307536444221, 1.310000000000000053, -1.880168127418618162 ) ) ;
#1045 = CARTESIAN_POINT ( 'NONE',  ( 0.3855012030594882622, 1.310000000000000053, -1.465875197034322897 ) ) ;
#1046 = CARTESIAN_POINT ( 'NONE',  ( -0.3868737737780583719, 1.310000000000000053, -1.823085417812717157 ) ) ;
#1047 = CARTESIAN_POINT ( 'NONE',  ( -0.8525813444966405807, 1.300000000000000044, -1.703721209019702254 ) ) ;
#1048 = PRESENTATION_LAYER_ASSIGNMENT (  '', '', ( #5346 ) ) ;
#1049 = CARTESIAN_POINT ( 'NONE',  ( -0.4245649982445673931, 1.300000000000000044, -1.557531245985787294 ) ) ;
#1050 = EDGE_LOOP ( 'NONE', ( #11988, #5884 ) ) ;
#1051 = PLANE ( 'NONE',  #6761 ) ;
#1052 = EDGE_CURVE ( 'NONE', #5809, #11334, #11416, .T. ) ;
#1053 = ORIENTED_EDGE ( 'NONE', *, *, #6922, .T. ) ;
#1054 = EDGE_LOOP ( 'NONE', ( #1335, #7963, #11236, #7239 ) ) ;
#1055 = DIRECTION ( 'NONE',  ( -0.0000000000000000000, -0.0000000000000000000, 1.000000000000000000 ) ) ;
#1056 = CARTESIAN_POINT ( 'NONE',  ( -1.020000000000000018, -0.2000000000000000111, -2.250000000000000000 ) ) ;
#1057 = MECHANICAL_DESIGN_GEOMETRIC_PRESENTATION_REPRESENTATION (  '', ( #9969 ), #4777 ) ;
#1058 = FILL_AREA_STYLE ('',( #3937 ) ) ;
#1059 = CARTESIAN_POINT ( 'NONE',  ( 1.020000000000000018, 0.2000000000000000111, -7.249999999999999112 ) ) ;
#1061 = ORIENTED_EDGE ( 'NONE', *, *, #11260, .T. ) ;
#1060 = PRESENTATION_LAYER_ASSIGNMENT (  '', '', ( #9009 ) ) ;
#1062 = CARTESIAN_POINT ( 'NONE',  ( -0.3827667300091261993, 1.300000000000000044, -1.762779458667128596 ) ) ;
#1063 = ADVANCED_FACE ( 'NONE', ( #2182 ), #4705, .T. ) ;
#1064 = EDGE_CURVE ( 'NONE', #7810, #4150, #1253, .T. ) ;
#1065 = PRESENTATION_STYLE_ASSIGNMENT (( #215 ) ) ;
#1066 =( NAMED_UNIT ( * ) PLANE_ANGLE_UNIT ( ) SI_UNIT ( $, .RADIAN. ) );
#1067 = DIRECTION ( 'NONE',  ( 0.0000000000000000000, -0.0000000000000000000, -1.000000000000000000 ) ) ;
#1068 = CARTESIAN_POINT ( 'NONE',  ( 0.7383220947436867077, 1.310000000000000053, -1.889549482140070902 ) ) ;
#1069 = VERTEX_POINT ( 'NONE', #8913 ) ;
#1070 = EDGE_LOOP ( 'NONE', ( #682, #7581, #6626, #7000, #4889, #11447, #5069, #8317 ) ) ;
#1071 = FILL_AREA_STYLE ('',( #9391 ) ) ;
#1072 = SURFACE_STYLE_FILL_AREA ( #4756 ) ;
#1073 = UNCERTAINTY_MEASURE_WITH_UNIT (LENGTH_MEASURE( 1.000000000000000082E-05 ), #1347, 'distance_accuracy_value', 'NONE');
#1074 = UNCERTAINTY_MEASURE_WITH_UNIT (LENGTH_MEASURE( 1.000000000000000082E-05 ), #5618, 'distance_accuracy_value', 'NONE');
#1075 = FILL_AREA_STYLE_COLOUR ( '', #3698 ) ;
#1076 = CARTESIAN_POINT ( 'NONE',  ( -0.1113899138498327668, 1.310000000000000053, -1.700186032104098244 ) ) ;
#1077 = DIRECTION ( 'NONE',  ( -1.000000000000000000, -0.0000000000000000000, 8.286713734008088888E-15 ) ) ;
#1078 = EDGE_CURVE ( 'NONE', #11460, #171, #345, .T. ) ;
#1079 = CARTESIAN_POINT ( 'NONE',  ( -0.6398468748194138245, 1.310000000000000053, -1.557531245985785961 ) ) ;
#1080 = VERTEX_POINT ( 'NONE', #11477 ) ;
#1081 = DIRECTION ( 'NONE',  ( -1.000000000000000000, 0.0000000000000000000, 7.463408671483709080E-15 ) ) ;
#1082 = ORIENTED_EDGE ( 'NONE', *, *, #4040, .F. ) ;
#1083 = VERTEX_POINT ( 'NONE', #9749 ) ;
#1084 = CARTESIAN_POINT ( 'NONE',  ( -0.6967216328409048254, 1.300000000000000044, -1.478925547511695582 ) ) ;
#1085 = VERTEX_POINT ( 'NONE', #8754 ) ;
#1086 = CARTESIAN_POINT ( 'NONE',  ( -0.7342568936201437912, 1.300000000000000044, -1.394393228915806304 ) ) ;
#1087 = CARTESIAN_POINT ( 'NONE',  ( -0.7649817400469530737, 1.300000000000000044, -1.478925547511695138 ) ) ;
#1088 = FILL_AREA_STYLE ('',( #10335 ) ) ;
#1089 = LINE ( 'NONE', #7619, #11239 ) ;
#1090 = SURFACE_STYLE_FILL_AREA ( #10152 ) ;
#1091 = CARTESIAN_POINT ( 'NONE',  ( -0.2617908964455761822, 1.310000000000000053, -1.353530742803988662 ) ) ;
#1092 = VECTOR ( 'NONE', #11812, 1000.000000000000000 ) ;
#1093 = FILL_AREA_STYLE ('',( #9536 ) ) ;
#1094 = LINE ( 'NONE', #7803, #8914 ) ;
#1095 = ORIENTED_EDGE ( 'NONE', *, *, #4299, .T. ) ;
#1096 = SURFACE_STYLE_USAGE ( .BOTH. , #3043 ) ;
#1097 = FILL_AREA_STYLE_COLOUR ( '', #1690 ) ;
#1098 = STYLED_ITEM ( 'NONE', ( #6638 ), #7484 ) ;
#1099 = VERTEX_POINT ( 'NONE', #6184 ) ;
#1100 = LINE ( 'NONE', #7567, #4644 ) ;
#1101 = DIRECTION ( 'NONE',  ( -9.268842769272253381E-15, 0.0000000000000000000, -1.000000000000000000 ) ) ;
#1102 =( NAMED_UNIT ( * ) PLANE_ANGLE_UNIT ( ) SI_UNIT ( $, .RADIAN. ) );
#1103 = EDGE_CURVE ( 'NONE', #5420, #4765, #16, .T. ) ;
#1104 = VECTOR ( 'NONE', #9592, 1000.000000000000000 ) ;
#1105 = CARTESIAN_POINT ( 'NONE',  ( -0.4694305523338104802, 1.310000000000000053, -1.844088527723333648 ) ) ;
#1106 = PRESENTATION_LAYER_ASSIGNMENT (  '', '', ( #7516 ) ) ;
#1107 = VERTEX_POINT ( 'NONE', #11687 ) ;
#1108 = FILL_AREA_STYLE_COLOUR ( '', #5218 ) ;
#1109 = AXIS2_PLACEMENT_3D ( 'NONE', #6077, #5352, #2418 ) ;
#1110 = CARTESIAN_POINT ( 'NONE',  ( 1.082467030307589395, 1.300000000000000044, -1.708801030658500419 ) ) ;
#1111 = ORIENTED_EDGE ( 'NONE', *, *, #9251, .T. ) ;
#1112 =( LENGTH_UNIT ( ) NAMED_UNIT ( * ) SI_UNIT ( .MILLI., .METRE. ) );
#1113 = EDGE_LOOP ( 'NONE', ( #4279, #11683, #5726, #7094 ) ) ;
#1114 = CARTESIAN_POINT ( 'NONE',  ( -0.4469717813413128238, 1.310000000000000053, -1.948584198313327409 ) ) ;
#1115 = CARTESIAN_POINT ( 'NONE',  ( -0.7736117307536444221, 1.300000000000000044, -1.880168127418617940 ) ) ;
#1116 = CARTESIAN_POINT ( 'NONE',  ( -0.6746267771193935614, 1.310000000000000053, -1.700186032104094247 ) ) ;
#1117 = MECHANICAL_DESIGN_GEOMETRIC_PRESENTATION_REPRESENTATION (  '', ( #7330 ), #8310 ) ;
#1118 = STYLED_ITEM ( 'NONE', ( #9247 ), #480 ) ;
#1119 = CARTESIAN_POINT ( 'NONE',  ( -0.3719012597835185119, 1.300000000000000044, -1.755813080627426581 ) ) ;
#1120 = PRESENTATION_LAYER_ASSIGNMENT (  '', '', ( #10817 ) ) ;
#1121 = LINE ( 'NONE', #392, #3267 ) ;
#1122 = ORIENTED_EDGE ( 'NONE', *, *, #4125, .T. ) ;
#1123 = STYLED_ITEM ( 'NONE', ( #9203 ), #11542 ) ;
#1124 = VECTOR ( 'NONE', #5126, 1000.000000000000000 ) ;
#1125 = ADVANCED_FACE ( 'NONE', ( #7092 ), #9631, .T. ) ;
#1126 =( NAMED_UNIT ( * ) PLANE_ANGLE_UNIT ( ) SI_UNIT ( $, .RADIAN. ) );
#1127 =( LENGTH_UNIT ( ) NAMED_UNIT ( * ) SI_UNIT ( .MILLI., .METRE. ) );
#1128 = EDGE_CURVE ( 'NONE', #10703, #8927, #10613, .T. ) ;
#1129 = ORIENTED_EDGE ( 'NONE', *, *, #4168, .T. ) ;
#1130 = CARTESIAN_POINT ( 'NONE',  ( -0.2316379168720967274, 1.310000000000000053, -1.857709356426818115 ) ) ;
#1131 = MECHANICAL_DESIGN_GEOMETRIC_PRESENTATION_REPRESENTATION (  '', ( #7551 ), #543 ) ;
#1132 = DIRECTION ( 'NONE',  ( 1.874503502708142439E-14, -0.0000000000000000000, 1.000000000000000000 ) ) ;
#1133 = VECTOR ( 'NONE', #3077, 1000.000000000000114 ) ;
#1134 = CARTESIAN_POINT ( 'NONE',  ( -0.8730125875525542867, 1.310000000000000053, -1.832651190643018513 ) ) ;
#1135 = B_SPLINE_SURFACE_WITH_KNOTS ( 'NONE', 3, 1, ( 
 ( #3496, #10968 ),
 ( #2712, #4349 ),
 ( #2634, #8949 ),
 ( #8058, #7204 ) ),
 .UNSPECIFIED., .F., .F., .F.,
 ( 4, 4 ),
 ( 2, 2 ),
 ( 8.000000000000000000, 9.000000000000000000 ),
 ( 0.0000000000000000000, 1.000000000000000000 ),
 .UNSPECIFIED. ) ;
#1136 = B_SPLINE_CURVE_WITH_KNOTS ( 'NONE', 3,
 ( #4133, #1305, #10437, #9692 ),
 .UNSPECIFIED., .F., .F.,
 ( 4, 4 ),
 ( 9.000000000000000000, 10.00000000000000000 ),
 .UNSPECIFIED. ) ;
#1137 =( NAMED_UNIT ( * ) PLANE_ANGLE_UNIT ( ) SI_UNIT ( $, .RADIAN. ) );
#1138 = STYLED_ITEM ( 'NONE', ( #9390 ), #9060 ) ;
#1139 = CARTESIAN_POINT ( 'NONE',  ( -0.6792536998472828991, 1.310000000000000053, -1.880168127418618607 ) ) ;
#1140 = FILL_AREA_STYLE_COLOUR ( '', #4424 ) ;
#1141 =( GEOMETRIC_REPRESENTATION_CONTEXT ( 3 ) GLOBAL_UNCERTAINTY_ASSIGNED_CONTEXT ( ( #1733 ) ) GLOBAL_UNIT_ASSIGNED_CONTEXT ( ( #8204, #8024, #2593 ) ) REPRESENTATION_CONTEXT ( 'NONE', 'WORKASPACE' ) );
#1142 = VECTOR ( 'NONE', #9499, 1000.000000000000000 ) ;
#1143 = STYLED_ITEM ( 'NONE', ( #10518 ), #5860 ) ;
#1144 = VECTOR ( 'NONE', #2342, 1000.000000000000000 ) ;
#1145 = DIRECTION ( 'NONE',  ( 0.0000000000000000000, 0.0000000000000000000, -1.000000000000000000 ) ) ;
#1146 = CARTESIAN_POINT ( 'NONE',  ( -1.048523723827850418, 1.310000000000000053, -1.880168127418615942 ) ) ;
#1147 = PRESENTATION_STYLE_ASSIGNMENT (( #412 ) ) ;
#1148 = ADVANCED_FACE ( 'NONE', ( #6013 ), #10678, .T. ) ;
#1149 = VECTOR ( 'NONE', #11676, 1000.000000000000000 ) ;
#1150 = EDGE_LOOP ( 'NONE', ( #296, #7025, #2847, #1177, #9904, #5302, #4257 ) ) ;
#1151 = ORIENTED_EDGE ( 'NONE', *, *, #11051, .T. ) ;
#1152 = EDGE_LOOP ( 'NONE', ( #228, #9599, #8271, #7575 ) ) ;
#1153 = CARTESIAN_POINT ( 'NONE',  ( 0.8265272900843716464, 1.300000000000000044, -1.801344231639347093 ) ) ;
#1154 = DIRECTION ( 'NONE',  ( -0.0000000000000000000, -1.000000000000000000, -0.0000000000000000000 ) ) ;
#1155 = MECHANICAL_DESIGN_GEOMETRIC_PRESENTATION_REPRESENTATION (  '', ( #4094 ), #11445 ) ;
#1156 = ORIENTED_EDGE ( 'NONE', *, *, #6209, .F. ) ;
#1157 = PRESENTATION_STYLE_ASSIGNMENT (( #6557 ) ) ;
#1158 = EDGE_CURVE ( 'NONE', #6014, #1189, #7406, .T. ) ;
#1159 = SURFACE_STYLE_FILL_AREA ( #1088 ) ;
#1160 = PLANE ( 'NONE',  #6790 ) ;
#1161 = CARTESIAN_POINT ( 'NONE',  ( -0.6398468748194138245, 1.300000000000000044, -1.557531245985786184 ) ) ;
#1162 =( GEOMETRIC_REPRESENTATION_CONTEXT ( 3 ) GLOBAL_UNCERTAINTY_ASSIGNED_CONTEXT ( ( #4006 ) ) GLOBAL_UNIT_ASSIGNED_CONTEXT ( ( #10705, #6143, #9905 ) ) REPRESENTATION_CONTEXT ( 'NONE', 'WORKASPACE' ) );
#1163 = EDGE_CURVE ( 'NONE', #1252, #9357, #2776, .T. ) ;
#1164 = PRESENTATION_LAYER_ASSIGNMENT (  '', '', ( #9682 ) ) ;
#1165 = EDGE_CURVE ( 'NONE', #4820, #2650, #4364, .T. ) ;
#1166 = SURFACE_STYLE_FILL_AREA ( #1263 ) ;
#1167 = ORIENTED_EDGE ( 'NONE', *, *, #11487, .F. ) ;
#1168 = CARTESIAN_POINT ( 'NONE',  ( -0.4199380755173778290, 1.310000000000000053, -1.377549150671262934 ) ) ;
#1169 = STYLED_ITEM ( 'NONE', ( #9475 ), #1664 ) ;
#1170 = PLANE ( 'NONE',  #7749 ) ;
#1171 = SURFACE_STYLE_FILL_AREA ( #5797 ) ;
#1172 = EDGE_LOOP ( 'NONE', ( #204, #7456, #7814, #3580 ) ) ;
#1173 = PRESENTATION_STYLE_ASSIGNMENT (( #2375 ) ) ;
#1174 = B_SPLINE_CURVE_WITH_KNOTS ( 'NONE', 3,
 ( #6236, #9011, #10112, #3368 ),
 .UNSPECIFIED., .F., .F.,
 ( 4, 4 ),
 ( 16.00000000000000000, 17.00000000000000000 ),
 .UNSPECIFIED. ) ;
#1175 = VECTOR ( 'NONE', #11138, 1000.000000000000227 ) ;
#1176 = CARTESIAN_POINT ( 'NONE',  ( -0.3827667300091259217, 1.310000000000000053, -1.738033220259265654 ) ) ;
#1177 = ORIENTED_EDGE ( 'NONE', *, *, #10132, .T. ) ;
#1178 = SURFACE_STYLE_FILL_AREA ( #3802 ) ;
#1179 =( NAMED_UNIT ( * ) PLANE_ANGLE_UNIT ( ) SI_UNIT ( $, .RADIAN. ) );
#1180 = CARTESIAN_POINT ( 'NONE',  ( -0.2990142298495890305, 1.300000000000000044, -1.797091469905306216 ) ) ;
#1181 = EDGE_LOOP ( 'NONE', ( #4792, #2598, #953, #6919 ) ) ;
#1182 = UNCERTAINTY_MEASURE_WITH_UNIT (LENGTH_MEASURE( 1.000000000000000082E-05 ), #2199, 'distance_accuracy_value', 'NONE');
#1183 = CARTESIAN_POINT ( 'NONE',  ( 0.8366491837301970325, 1.310000000000000053, -1.416711638750715041 ) ) ;
#1184 = ORIENTED_EDGE ( 'NONE', *, *, #10858, .F. ) ;
#1185 = LINE ( 'NONE', #6895, #9647 ) ;
#1186 = PRESENTATION_LAYER_ASSIGNMENT (  '', '', ( #6421 ) ) ;
#1187 = B_SPLINE_CURVE_WITH_KNOTS ( 'NONE', 3,
 ( #10234, #745, #11203, #9198 ),
 .UNSPECIFIED., .F., .F.,
 ( 4, 4 ),
 ( 1.000000000000000000, 2.000000000000000000 ),
 .UNSPECIFIED. ) ;
#1188 = CARTESIAN_POINT ( 'NONE',  ( -0.7649817400469530737, 1.310000000000000053, -1.478925547511695138 ) ) ;
#1189 = VERTEX_POINT ( 'NONE', #9993 ) ;
#1190 = CARTESIAN_POINT ( 'NONE',  ( -0.6183238859512255603, 1.310000000000000053, -1.399072139539447868 ) ) ;
#1191 = EDGE_CURVE ( 'NONE', #5202, #5578, #8959, .T. ) ;
#1192 = SURFACE_STYLE_USAGE ( .BOTH. , #6608 ) ;
#1193 = ORIENTED_EDGE ( 'NONE', *, *, #81, .T. ) ;
#1194 = LINE ( 'NONE', #11283, #4859 ) ;
#1195 = CARTESIAN_POINT ( 'NONE',  ( -0.1662371439361186309, 1.310000000000000053, -1.839201665516672968 ) ) ;
#1196 = UNCERTAINTY_MEASURE_WITH_UNIT (LENGTH_MEASURE( 1.000000000000000082E-05 ), #6050, 'distance_accuracy_value', 'NONE');
#1197 = CARTESIAN_POINT ( 'NONE',  ( -0.3483507429787457976, 1.310000000000000053, -1.797819300447283108 ) ) ;
#1198 = SURFACE_SIDE_STYLE ('',( #4076 ) ) ;
#1199 =( NAMED_UNIT ( * ) PLANE_ANGLE_UNIT ( ) SI_UNIT ( $, .RADIAN. ) );
#1200 = LINE ( 'NONE', #3948, #7172 ) ;
#1201 = DIRECTION ( 'NONE',  ( -5.531802713675572731E-15, 0.0000000000000000000, -1.000000000000000000 ) ) ;
#1202 = EDGE_LOOP ( 'NONE', ( #665, #3833, #9172, #301 ) ) ;
#1203 = CARTESIAN_POINT ( 'NONE',  ( 0.3189857601166845025, 1.310000000000000053, -1.445631382162657852 ) ) ;
#1204 = ORIENTED_EDGE ( 'NONE', *, *, #1620, .T. ) ;
#1205 = VERTEX_POINT ( 'NONE', #7220 ) ;
#1206 = DIRECTION ( 'NONE',  ( -0.0000000000000000000, -1.000000000000000000, -0.0000000000000000000 ) ) ;
#1207 = CARTESIAN_POINT ( 'NONE',  ( -0.3483507429787464083, 1.300000000000000044, -1.883599328542718165 ) ) ;
#1208 =( NAMED_UNIT ( * ) SI_UNIT ( $, .STERADIAN. ) SOLID_ANGLE_UNIT ( ) );
#1209 = DIRECTION ( 'NONE',  ( -1.000000000000000000, 0.0000000000000000000, 6.353357572162941432E-15 ) ) ;
#1210 = CARTESIAN_POINT ( 'NONE',  ( -0.2262831636029221938, 1.310000000000000053, -1.350723396430359990 ) ) ;
#1211 = STYLED_ITEM ( 'NONE', ( #2811 ), #1915 ) ;
#1212 = SURFACE_STYLE_USAGE ( .BOTH. , #9584 ) ;
#1213 = CARTESIAN_POINT ( 'NONE',  ( -0.1856806169712742205, 1.300000000000000044, -1.731586721177127197 ) ) ;
#1214 = CARTESIAN_POINT ( 'NONE',  ( -0.5792289882979033688, 1.310000000000000053, -1.513133582959742540 ) ) ;
#1215 = VERTEX_POINT ( 'NONE', #3565 ) ;
#1216 = SURFACE_STYLE_FILL_AREA ( #9538 ) ;
#1217 = FILL_AREA_STYLE_COLOUR ( '', #1977 ) ;
#1218 = SURFACE_STYLE_USAGE ( .BOTH. , #3123 ) ;
#1219 = CARTESIAN_POINT ( 'NONE',  ( 0.4216508823233783843, 1.310000000000000053, -1.710246968184711669 ) ) ;
#1220 = EDGE_LOOP ( 'NONE', ( #5594, #2369, #5754, #8592 ) ) ;
#1221 = CARTESIAN_POINT ( 'NONE',  ( -0.8321501014421142095, 1.300000000000000044, -1.685733397068509998 ) ) ;
#1222 = FILL_AREA_STYLE_COLOUR ( '', #3670 ) ;
#1223 = VERTEX_POINT ( 'NONE', #5517 ) ;
#1224 = CARTESIAN_POINT ( 'NONE',  ( -0.4763449424777507213, 1.310000000000000053, -1.844296479306360093 ) ) ;
#1225 = CARTESIAN_POINT ( 'NONE',  ( -0.7439266422419624769, 1.310000000000000053, -1.856981525884830342 ) ) ;
#1226 = ADVANCED_FACE ( 'NONE', ( #11815 ), #11963, .F. ) ;
#1227 = ORIENTED_EDGE ( 'NONE', *, *, #11716, .T. ) ;
#1228 = CARTESIAN_POINT ( 'NONE',  ( 0.0000000000000000000, 0.0000000000000000000, -2.250000000000000000 ) ) ;
#1229 = ORIENTED_EDGE ( 'NONE', *, *, #11787, .T. ) ;
#1230 = CARTESIAN_POINT ( 'NONE',  ( -0.8333458230445190962, 1.310000000000000053, -1.719317577764704508 ) ) ;
#1231 = DIRECTION ( 'NONE',  ( -0.0000000000000000000, -1.000000000000000000, -0.0000000000000000000 ) ) ;
#1232 = DIRECTION ( 'NONE',  ( 1.000000000000000000, 0.0000000000000000000, -8.286713734081932580E-15 ) ) ;
#1233 = COLOUR_RGB ( '',1.000000000000000000, 1.000000000000000000, 1.000000000000000000 ) ;
#1234 = FACE_BOUND ( 'NONE', #1050, .T. ) ;
#1235 = DIRECTION ( 'NONE',  ( 0.0000000000000000000, 0.0000000000000000000, -1.000000000000000000 ) ) ;
#1236 = VERTEX_POINT ( 'NONE', #5401 ) ;
#1237 = CARTESIAN_POINT ( 'NONE',  ( -0.3180417997179912359, 1.300000000000000044, -1.766002708208199712 ) ) ;
#1238 = LINE ( 'NONE', #4001, #4179 ) ;
#1239 = FACE_OUTER_BOUND ( 'NONE', #7854, .T. ) ;
#1240 = PRESENTATION_LAYER_ASSIGNMENT (  '', '', ( #7271 ) ) ;
#1241 = ORIENTED_EDGE ( 'NONE', *, *, #2241, .F. ) ;
#1242 = VERTEX_POINT ( 'NONE', #766 ) ;
#1243 =( NAMED_UNIT ( * ) PLANE_ANGLE_UNIT ( ) SI_UNIT ( $, .RADIAN. ) );
#1244 = LINE ( 'NONE', #5043, #4079 ) ;
#1245 =( NAMED_UNIT ( * ) PLANE_ANGLE_UNIT ( ) SI_UNIT ( $, .RADIAN. ) );
#1246 = LINE ( 'NONE', #8559, #5066 ) ;
#1247 = SURFACE_STYLE_USAGE ( .BOTH. , #1198 ) ;
#1248 = PRESENTATION_LAYER_ASSIGNMENT (  '', '', ( #7455 ) ) ;
#1249 = CARTESIAN_POINT ( 'NONE',  ( -0.4892379406406413556, 1.310000000000000053, -1.534344644452003248 ) ) ;
#1250 = FACE_OUTER_BOUND ( 'NONE', #11375, .T. ) ;
#1251 = FILL_AREA_STYLE ('',( #460 ) ) ;
#1252 = VERTEX_POINT ( 'NONE', #4495 ) ;
#1253 = LINE ( 'NONE', #1378, #6818 ) ;
#1254 = ORIENTED_EDGE ( 'NONE', *, *, #8384, .F. ) ;
#1255 = ORIENTED_EDGE ( 'NONE', *, *, #4415, .T. ) ;
#1257 = ADVANCED_FACE ( 'NONE', ( #8198 ), #2379, .F. ) ;
#1256 = CARTESIAN_POINT ( 'NONE',  ( -0.2046042110481660070, 1.310000000000000053, -1.731586721177126975 ) ) ;
#1258 = PRESENTATION_STYLE_ASSIGNMENT (( #2188 ) ) ;
#1259 = CARTESIAN_POINT ( 'NONE',  ( 1.014505594678532185, 1.300000000000000044, -1.486119025696001517 ) ) ;
#1260 = DIRECTION ( 'NONE',  ( -9.351971403879836576E-15, 0.0000000000000000000, -1.000000000000000000 ) ) ;
#1261 = CARTESIAN_POINT ( 'NONE',  ( -0.3236045045701886891, 1.300000000000000044, -1.785342205450451525 ) ) ;
#1262 = FACE_OUTER_BOUND ( 'NONE', #8434, .T. ) ;
#1263 = FILL_AREA_STYLE ('',( #6692 ) ) ;
#1264 = SURFACE_STYLE_FILL_AREA ( #424 ) ;
#1265 = ORIENTED_EDGE ( 'NONE', *, *, #5856, .T. ) ;
#1266 = LINE ( 'NONE', #4104, #3393 ) ;
#1267 = FACE_OUTER_BOUND ( 'NONE', #11598, .T. ) ;
#1268 = SURFACE_STYLE_FILL_AREA ( #10632 ) ;
#1269 = EDGE_CURVE ( 'NONE', #11738, #7743, #11014, .T. ) ;
#1270 = ORIENTED_EDGE ( 'NONE', *, *, #5555, .T. ) ;
#1271 = SURFACE_STYLE_FILL_AREA ( #9594 ) ;
#1272 = EDGE_CURVE ( 'NONE', #9633, #7422, #1307, .T. ) ;
#1273 = VECTOR ( 'NONE', #5051, 1000.000000000000000 ) ;
#1274 = FACE_OUTER_BOUND ( 'NONE', #10888, .T. ) ;
#1275 = EDGE_CURVE ( 'NONE', #6664, #6679, #3737, .T. ) ;
#1276 = PLANE ( 'NONE',  #2985 ) ;
#1277 = CARTESIAN_POINT ( 'NONE',  ( 0.4274348530697836823, 1.310000000000000053, -1.791222310412815988 ) ) ;
#1278 = ORIENTED_EDGE ( 'NONE', *, *, #7020, .F. ) ;
#1279 = CARTESIAN_POINT ( 'NONE',  ( -0.1697203329552827156, 1.300000000000000044, -1.516148880916399655 ) ) ;
#1280 =( GEOMETRIC_REPRESENTATION_CONTEXT ( 3 ) GLOBAL_UNCERTAINTY_ASSIGNED_CONTEXT ( ( #6321 ) ) GLOBAL_UNIT_ASSIGNED_CONTEXT ( ( #11011, #6397, #4778 ) ) REPRESENTATION_CONTEXT ( 'NONE', 'WORKASPACE' ) );
#1281 = ORIENTED_EDGE ( 'NONE', *, *, #11376, .F. ) ;
#1282 = UNCERTAINTY_MEASURE_WITH_UNIT (LENGTH_MEASURE( 1.000000000000000082E-05 ), #7966, 'distance_accuracy_value', 'NONE');
#1283 = CARTESIAN_POINT ( 'NONE',  ( -0.8525813444966405807, 1.300000000000000044, -1.703721209019702254 ) ) ;
#1284 = DIRECTION ( 'NONE',  ( -0.3667976789509180824, -0.0000000000000000000, 0.9303007377811860490 ) ) ;
#1285 = FACE_OUTER_BOUND ( 'NONE', #5721, .T. ) ;
#1286 = EDGE_CURVE ( 'NONE', #6363, #5768, #4526, .T. ) ;
#1287 = CARTESIAN_POINT ( 'NONE',  ( -0.4199380755173778290, 1.310000000000000053, -1.377549150671262934 ) ) ;
#1288 = AXIS2_PLACEMENT_3D ( 'NONE', #1838, #8050, #2691 ) ;
#1289 = AXIS2_PLACEMENT_3D ( 'NONE', #1547, #7143, #5271 ) ;
#1290 = EDGE_CURVE ( 'NONE', #11845, #5159, #1646, .T. ) ;
#1291 =( GEOMETRIC_REPRESENTATION_CONTEXT ( 3 ) GLOBAL_UNCERTAINTY_ASSIGNED_CONTEXT ( ( #12009 ) ) GLOBAL_UNIT_ASSIGNED_CONTEXT ( ( #11433, #6997, #1387 ) ) REPRESENTATION_CONTEXT ( 'NONE', 'WORKASPACE' ) );
#1292 = LINE ( 'NONE', #1059, #5033 ) ;
#1293 = ORIENTED_EDGE ( 'NONE', *, *, #9753, .T. ) ;
#1294 = CARTESIAN_POINT ( 'NONE',  ( -0.3570327215798038689, 1.310000000000000053, -1.829323965311829614 ) ) ;
#1295 = EDGE_CURVE ( 'NONE', #1069, #7422, #5368, .T. ) ;
#1296 = COLOUR_RGB ( '',1.000000000000000000, 1.000000000000000000, 1.000000000000000000 ) ;
#1297 = UNCERTAINTY_MEASURE_WITH_UNIT (LENGTH_MEASURE( 1.000000000000000082E-05 ), #3632, 'distance_accuracy_value', 'NONE');
#1298 = CARTESIAN_POINT ( 'NONE',  ( -0.3081121116173938246, 1.310000000000000053, -1.743128034048955888 ) ) ;
#1299 = PLANE ( 'NONE',  #2675 ) ;
#1300 = PRESENTATION_LAYER_ASSIGNMENT (  '', '', ( #3644 ) ) ;
#1301 = STYLED_ITEM ( 'NONE', ( #5531 ), #7698 ) ;
#1302 = ORIENTED_EDGE ( 'NONE', *, *, #11373, .T. ) ;
#1303 = VERTEX_POINT ( 'NONE', #6331 ) ;
#1304 = STYLED_ITEM ( 'NONE', ( #6057 ), #3658 ) ;
#1305 = CARTESIAN_POINT ( 'NONE',  ( 0.8872587622807702745, 1.310000000000000053, -1.935820972311117272 ) ) ;
#1306 = PRESENTATION_LAYER_ASSIGNMENT (  '', '', ( #8119 ) ) ;
#1307 = B_SPLINE_CURVE_WITH_KNOTS ( 'NONE', 3,
 ( #10951, #5617, #11137, #7436 ),
 .UNSPECIFIED., .F., .F.,
 ( 4, 4 ),
 ( 3.000000000000000000, 4.000000000000000000 ),
 .UNSPECIFIED. ) ;
#1308 = PRESENTATION_STYLE_ASSIGNMENT (( #9693 ) ) ;
#1309 =( GEOMETRIC_REPRESENTATION_CONTEXT ( 3 ) GLOBAL_UNCERTAINTY_ASSIGNED_CONTEXT ( ( #8053 ) ) GLOBAL_UNIT_ASSIGNED_CONTEXT ( ( #1999, #152, #9459 ) ) REPRESENTATION_CONTEXT ( 'NONE', 'WORKASPACE' ) );
#1310 = CARTESIAN_POINT ( 'NONE',  ( -0.2219681682502721298, 1.300000000000000044, -1.537567893993073476 ) ) ;
#1311 = CARTESIAN_POINT ( 'NONE',  ( -0.2038763805068725954, 1.310000000000000053, -1.374429876923095817 ) ) ;
#1312 = DIRECTION ( 'NONE',  ( -1.000000000000000000, 0.0000000000000000000, 8.210589067460483331E-15 ) ) ;
#1313 = MECHANICAL_DESIGN_GEOMETRIC_PRESENTATION_REPRESENTATION (  '', ( #2295 ), #7739 ) ;
#1314 = CARTESIAN_POINT ( 'NONE',  ( 0.7513359461826958352, 1.300000000000000044, -1.355980173450014092 ) ) ;
#1315 = FACE_OUTER_BOUND ( 'NONE', #9766, .T. ) ;
#1316 = DIRECTION ( 'NONE',  ( -0.9409537876827116509, 0.0000000000000000000, -0.3385350342956523484 ) ) ;
#1317 = VECTOR ( 'NONE', #5935, 1000.000000000000000 ) ;
#1318 = ORIENTED_EDGE ( 'NONE', *, *, #11308, .F. ) ;
#1319 = ORIENTED_EDGE ( 'NONE', *, *, #11657, .F. ) ;
#1320 = CARTESIAN_POINT ( 'NONE',  ( -0.2571119858219437226, 1.310000000000000053, -1.749886460504244567 ) ) ;
#1321 = CARTESIAN_POINT ( 'NONE',  ( -0.3624914506404855463, 1.300000000000000044, -1.879752224252568382 ) ) ;
#1322 = MECHANICAL_DESIGN_GEOMETRIC_PRESENTATION_REPRESENTATION (  '', ( #10044 ), #4431 ) ;
#1323 = DIRECTION ( 'NONE',  ( 0.0000000000000000000, -1.000000000000000000, 0.0000000000000000000 ) ) ;
#1324 = STYLED_ITEM ( 'NONE', ( #5234 ), #4074 ) ;
#1325 =( NAMED_UNIT ( * ) SI_UNIT ( $, .STERADIAN. ) SOLID_ANGLE_UNIT ( ) );
#1326 =( GEOMETRIC_REPRESENTATION_CONTEXT ( 3 ) GLOBAL_UNCERTAINTY_ASSIGNED_CONTEXT ( ( #9569 ) ) GLOBAL_UNIT_ASSIGNED_CONTEXT ( ( #7301, #10017, #6449 ) ) REPRESENTATION_CONTEXT ( 'NONE', 'WORKASPACE' ) );
#1327 = B_SPLINE_CURVE_WITH_KNOTS ( 'NONE', 3,
 ( #2730, #882, #8664, #9211 ),
 .UNSPECIFIED., .F., .F.,
 ( 4, 4 ),
 ( 5.000000000000000000, 6.000000000000000000 ),
 .UNSPECIFIED. ) ;
#1328 = B_SPLINE_SURFACE_WITH_KNOTS ( 'NONE', 3, 1, ( 
 ( #9175, #7728 ),
 ( #2070, #7676 ),
 ( #238, #2243 ),
 ( #5904, #10515 ) ),
 .UNSPECIFIED., .F., .F., .F.,
 ( 4, 4 ),
 ( 2, 2 ),
 ( 5.000000000000000000, 6.000000000000000000 ),
 ( 0.0000000000000000000, 1.000000000000000000 ),
 .UNSPECIFIED. ) ;
#1329 = FILL_AREA_STYLE_COLOUR ( '', #10278 ) ;
#1330 = STYLED_ITEM ( 'NONE', ( #7341 ), #8997 ) ;
#1331 = SURFACE_SIDE_STYLE ('',( #5958 ) ) ;
#1332 = B_SPLINE_CURVE_WITH_KNOTS ( 'NONE', 3,
 ( #3991, #3065, #11385, #10417 ),
 .UNSPECIFIED., .F., .F.,
 ( 4, 4 ),
 ( 1.000000000000000000, 2.000000000000000000 ),
 .UNSPECIFIED. ) ;
#1333 = PRESENTATION_STYLE_ASSIGNMENT (( #11364 ) ) ;
#1334 = COLOUR_RGB ( '',1.000000000000000000, 1.000000000000000000, 1.000000000000000000 ) ;
#1335 = ORIENTED_EDGE ( 'NONE', *, *, #7787, .T. ) ;
#1336 = DIRECTION ( 'NONE',  ( -0.0000000000000000000, -1.000000000000000000, -0.0000000000000000000 ) ) ;
#1337 = FILL_AREA_STYLE_COLOUR ( '', #7688 ) ;
#1338 = PRESENTATION_LAYER_ASSIGNMENT (  '', '', ( #9300 ) ) ;
#1339 = DIRECTION ( 'NONE',  ( -0.1333547648937708774, 0.0000000000000000000, -0.9910683662997861187 ) ) ;
#1340 = ORIENTED_EDGE ( 'NONE', *, *, #9204, .F. ) ;
#1341 = MECHANICAL_DESIGN_GEOMETRIC_PRESENTATION_REPRESENTATION (  '', ( #11247 ), #6789 ) ;
#1342 = FILL_AREA_STYLE ('',( #1450 ) ) ;
#1343 =( NAMED_UNIT ( * ) SI_UNIT ( $, .STERADIAN. ) SOLID_ANGLE_UNIT ( ) );
#1344 = VECTOR ( 'NONE', #207, 1000.000000000000000 ) ;
#1345 = CARTESIAN_POINT ( 'NONE',  ( -0.9879578252020935203, 1.300000000000000044, -1.714222763975011388 ) ) ;
#1346 = VECTOR ( 'NONE', #9032, 1000.000000000000000 ) ;
#1347 =( LENGTH_UNIT ( ) NAMED_UNIT ( * ) SI_UNIT ( .MILLI., .METRE. ) );
#1348 = ORIENTED_EDGE ( 'NONE', *, *, #2917, .F. ) ;
#1349 = ADVANCED_FACE ( 'NONE', ( #982 ), #10097, .T. ) ;
#1350 = LINE ( 'NONE', #10759, #9280 ) ;
#1351 = PRESENTATION_STYLE_ASSIGNMENT (( #10356 ) ) ;
#1352 = FILL_AREA_STYLE_COLOUR ( '', #7765 ) ;
#1353 = EDGE_LOOP ( 'NONE', ( #9134, #7642, #11384, #11899 ) ) ;
#1354 = FACE_OUTER_BOUND ( 'NONE', #4799, .T. ) ;
#1355 = CARTESIAN_POINT ( 'NONE',  ( -0.1515765573154281010, 1.310000000000000053, -1.380668424420818718 ) ) ;
#1356 = LINE ( 'NONE', #2269, #2509 ) ;
#1357 = PRESENTATION_LAYER_ASSIGNMENT (  '', '', ( #2339 ) ) ;
#1358 = MECHANICAL_DESIGN_GEOMETRIC_PRESENTATION_REPRESENTATION (  '', ( #4486 ), #776 ) ;
#1359 = DIRECTION ( 'NONE',  ( 0.0000000000000000000, -0.0000000000000000000, 1.000000000000000000 ) ) ;
#1360 = SURFACE_SIDE_STYLE ('',( #9735 ) ) ;
#1361 = ADVANCED_FACE ( 'NONE', ( #11846 ), #3351, .T. ) ;
#1362 = ORIENTED_EDGE ( 'NONE', *, *, #231, .T. ) ;
#1363 = PRESENTATION_STYLE_ASSIGNMENT (( #10594 ) ) ;
#1364 = EDGE_CURVE ( 'NONE', #9377, #4472, #6762, .T. ) ;
#1365 = CARTESIAN_POINT ( 'NONE',  ( -0.9719975411854103742, 1.300000000000000044, -1.676791478987283757 ) ) ;
#1366 = ORIENTED_EDGE ( 'NONE', *, *, #11444, .F. ) ;
#1367 = LINE ( 'NONE', #10668, #3320 ) ;
#1368 = AXIS2_PLACEMENT_3D ( 'NONE', #11112, #11916, #7276 ) ;
#1369 =( NAMED_UNIT ( * ) SI_UNIT ( $, .STERADIAN. ) SOLID_ANGLE_UNIT ( ) );
#1370 = EDGE_CURVE ( 'NONE', #8183, #5670, #1901, .T. ) ;
#1371 = CARTESIAN_POINT ( 'NONE',  ( 0.9060565982561902265, 1.310000000000000053, -1.877981485487228541 ) ) ;
#1372 = CARTESIAN_POINT ( 'NONE',  ( -0.7736117307536444221, 1.310000000000000053, -1.880168127418617940 ) ) ;
#1373 = EDGE_CURVE ( 'NONE', #2643, #8979, #3858, .T. ) ;
#1374 = SURFACE_SIDE_STYLE ('',( #7959 ) ) ;
#1375 = CARTESIAN_POINT ( 'NONE',  ( -0.3310387736723940377, 1.300000000000000044, -1.883599328542718609 ) ) ;
#1376 = CARTESIAN_POINT ( 'NONE',  ( -0.2042402957771748684, 1.300000000000000044, -1.862700194424997235 ) ) ;
#1377 = EDGE_CURVE ( 'NONE', #8055, #1012, #3493, .T. ) ;
#1378 = CARTESIAN_POINT ( 'NONE',  ( -0.4141674190814600975, 1.310000000000000053, -1.442637996233387510 ) ) ;
#1379 = ORIENTED_EDGE ( 'NONE', *, *, #2052, .F. ) ;
#1380 = ORIENTED_EDGE ( 'NONE', *, *, #8870, .F. ) ;
#1381 = FACE_OUTER_BOUND ( 'NONE', #1150, .T. ) ;
#1382 = DIRECTION ( 'NONE',  ( 1.000000000000000000, 0.0000000000000000000, 0.0000000000000000000 ) ) ;
#1383 = DIRECTION ( 'NONE',  ( 0.0000000000000000000, -0.0000000000000000000, 1.000000000000000000 ) ) ;
#1384 =( LENGTH_UNIT ( ) NAMED_UNIT ( * ) SI_UNIT ( .MILLI., .METRE. ) );
#1385 = DIRECTION ( 'NONE',  ( -0.0000000000000000000, -1.000000000000000000, -0.0000000000000000000 ) ) ;
#1386 = SURFACE_STYLE_USAGE ( .BOTH. , #1331 ) ;
#1387 =( NAMED_UNIT ( * ) SI_UNIT ( $, .STERADIAN. ) SOLID_ANGLE_UNIT ( ) );
#1388 = ORIENTED_EDGE ( 'NONE', *, *, #3829, .T. ) ;
#1389 = CARTESIAN_POINT ( 'NONE',  ( -0.4694305523338104802, 1.310000000000000053, -1.844088527723333648 ) ) ;
#1390 = ORIENTED_EDGE ( 'NONE', *, *, #1420, .T. ) ;
#1391 = DIRECTION ( 'NONE',  ( -0.0000000000000000000, -1.000000000000000000, -0.0000000000000000000 ) ) ;
#1392 = ORIENTED_EDGE ( 'NONE', *, *, #9608, .F. ) ;
#1393 = LINE ( 'NONE', #11496, #5585 ) ;
#1394 = CARTESIAN_POINT ( 'NONE',  ( -0.1497569809625639847, 1.300000000000000044, -1.482460724427307364 ) ) ;
#1395 = VECTOR ( 'NONE', #11066, 1000.000000000000000 ) ;
#1396 = LINE ( 'NONE', #3406, #11887 ) ;
#1397 = B_SPLINE_SURFACE_WITH_KNOTS ( 'NONE', 3, 1, ( 
 ( #4363, #2529 ),
 ( #9025, #514 ),
 ( #11733, #1485 ),
 ( #9929, #9992 ) ),
 .UNSPECIFIED., .F., .F., .F.,
 ( 4, 4 ),
 ( 2, 2 ),
 ( 26.00000000000000000, 27.00000000000000000 ),
 ( 0.0000000000000000000, 1.000000000000000000 ),
 .UNSPECIFIED. ) ;
#1398 = CARTESIAN_POINT ( 'NONE',  ( -0.1515765573154281010, 1.310000000000000053, -1.380668424420818718 ) ) ;
#1399 = EDGE_LOOP ( 'NONE', ( #7689, #10883, #8658, #347 ) ) ;
#1400 = CARTESIAN_POINT ( 'NONE',  ( -0.6746267771193933394, 1.310000000000000053, -1.676791478987285311 ) ) ;
#1401 = FACE_OUTER_BOUND ( 'NONE', #7095, .T. ) ;
#1402 = CARTESIAN_POINT ( 'NONE',  ( -0.7271345518931686680, 1.309999999999999609, -1.394393228915806748 ) ) ;
#1403 = EDGE_LOOP ( 'NONE', ( #7818, #1156, #655, #1255 ) ) ;
#1404 = SURFACE_SIDE_STYLE ('',( #9728 ) ) ;
#1405 = SURFACE_STYLE_FILL_AREA ( #2336 ) ;
#1406 = CARTESIAN_POINT ( 'NONE',  ( 0.1613731916207246375, 1.310000000000000053, -1.591676091905864343 ) ) ;
#1407 = DIRECTION ( 'NONE',  ( 8.286713734008088888E-15, -0.0000000000000000000, 1.000000000000000000 ) ) ;
#1408 = ORIENTED_EDGE ( 'NONE', *, *, #288, .F. ) ;
#1409 = UNCERTAINTY_MEASURE_WITH_UNIT (LENGTH_MEASURE( 1.000000000000000082E-05 ), #1980, 'distance_accuracy_value', 'NONE');
#1410 = EDGE_CURVE ( 'NONE', #5578, #3817, #7691, .T. ) ;
#1411 = CARTESIAN_POINT ( 'NONE',  ( -0.7173088395840806486, 1.310000000000000053, -1.354154597554450667 ) ) ;
#1412 = CARTESIAN_POINT ( 'NONE',  ( -0.3897331080481357679, 1.300000000000000044, -1.840657326599245192 ) ) ;
#1413 = CARTESIAN_POINT ( 'NONE',  ( -0.03288819116794802072, 1.300000000000000044, -1.354154597554455330 ) ) ;
#1414 = SURFACE_STYLE_FILL_AREA ( #687 ) ;
#1415 = STYLED_ITEM ( 'NONE', ( #8464 ), #4740 ) ;
#1416 = CARTESIAN_POINT ( 'NONE',  ( -0.7271345518931688900, 1.310000000000000053, -1.394393228915806526 ) ) ;
#1417 = B_SPLINE_SURFACE_WITH_KNOTS ( 'NONE', 3, 1, ( 
 ( #2858, #11360 ),
 ( #1091, #9415 ),
 ( #177, #9479 ),
 ( #1210, #4826 ) ),
 .UNSPECIFIED., .F., .F., .F.,
 ( 4, 4 ),
 ( 2, 2 ),
 ( 5.000000000000000000, 6.000000000000000000 ),
 ( 0.0000000000000000000, 1.000000000000000000 ),
 .UNSPECIFIED. ) ;
#1418 = CARTESIAN_POINT ( 'NONE',  ( -0.2571119858219437226, 1.310000000000000053, -1.749886460504244567 ) ) ;
#1419 = ADVANCED_FACE ( 'NONE', ( #4725 ), #5625, .F. ) ;
#1420 = EDGE_CURVE ( 'NONE', #5672, #10081, #6579, .T. ) ;
#1421 = CARTESIAN_POINT ( 'NONE',  ( 0.9060565982561902265, 1.300000000000000044, -1.877981485487228541 ) ) ;
#1422 = LINE ( 'NONE', #1372, #11407 ) ;
#1423 = AXIS2_PLACEMENT_3D ( 'NONE', #5431, #8284, #9956 ) ;
#1424 = CARTESIAN_POINT ( 'NONE',  ( -0.3733569208660932892, 1.300000000000000044, -1.872058015672275921 ) ) ;
#1425 = LINE ( 'NONE', #5162, #1273 ) ;
#1426 = CARTESIAN_POINT ( 'NONE',  ( -0.5961250544382052929, 1.300000000000000044, -1.856981525884831896 ) ) ;
#1427 = PRESENTATION_STYLE_ASSIGNMENT (( #6068 ) ) ;
#1428 = VERTEX_POINT ( 'NONE', #7632 ) ;
#1429 = ORIENTED_EDGE ( 'NONE', *, *, #8640, .T. ) ;
#1430 = FILL_AREA_STYLE ('',( #9752 ) ) ;
#1431 = EDGE_CURVE ( 'NONE', #6758, #2333, #2085, .T. ) ;
#1432 = STYLED_ITEM ( 'NONE', ( #5596 ), #3172 ) ;
#1433 = LINE ( 'NONE', #4368, #2109 ) ;
#1435 =( LENGTH_UNIT ( ) NAMED_UNIT ( * ) SI_UNIT ( .MILLI., .METRE. ) );
#1434 = COLOUR_RGB ( '',1.000000000000000000, 1.000000000000000000, 1.000000000000000000 ) ;
#1436 = LINE ( 'NONE', #1495, #8734 ) ;
#1437 = FILL_AREA_STYLE ('',( #8922 ) ) ;
#1438 = PLANE ( 'NONE',  #2859 ) ;
#1439 = EDGE_CURVE ( 'NONE', #1772, #5123, #605, .T. ) ;
#1440 = DIRECTION ( 'NONE',  ( 0.0000000000000000000, -0.0000000000000000000, 1.000000000000000000 ) ) ;
#1441 = VECTOR ( 'NONE', #7077, 1000.000000000000000 ) ;
#1442 = DIRECTION ( 'NONE',  ( -0.0000000000000000000, -1.000000000000000000, -0.0000000000000000000 ) ) ;
#1443 = EDGE_LOOP ( 'NONE', ( #8586, #10509, #8472, #3849 ) ) ;
#1444 = DIRECTION ( 'NONE',  ( 6.338874234248783164E-15, -0.0000000000000000000, 1.000000000000000000 ) ) ;
#1445 = VERTEX_POINT ( 'NONE', #8039 ) ;
#1446 = ORIENTED_EDGE ( 'NONE', *, *, #1373, .F. ) ;
#1447 = FACE_OUTER_BOUND ( 'NONE', #7272, .T. ) ;
#1448 = ORIENTED_EDGE ( 'NONE', *, *, #2711, .F. ) ;
#1449 = FACE_OUTER_BOUND ( 'NONE', #11415, .T. ) ;
#1450 = FILL_AREA_STYLE_COLOUR ( '', #8367 ) ;
#1451 = STYLED_ITEM ( 'NONE', ( #3640 ), #935 ) ;
#1452 = CARTESIAN_POINT ( 'NONE',  ( -0.5774613998394066972, 1.310000000000000053, -1.548069448946994831 ) ) ;
#1453 = ORIENTED_EDGE ( 'NONE', *, *, #7390, .T. ) ;
#1454 = PRESENTATION_STYLE_ASSIGNMENT (( #435 ) ) ;
#1455 = CARTESIAN_POINT ( 'NONE',  ( -0.2134941412322430287, 1.310000000000000053, -1.858749114343337894 ) ) ;
#1456 = ORIENTED_EDGE ( 'NONE', *, *, #6327, .T. ) ;
#1457 = CARTESIAN_POINT ( 'NONE',  ( -0.4765009061650227196, 1.300000000000000044, -1.902107019452860870 ) ) ;
#1458 = EDGE_CURVE ( 'NONE', #8055, #4638, #9596, .T. ) ;
#1459 = FILL_AREA_STYLE ('',( #3313 ) ) ;
#1460 = SURFACE_STYLE_USAGE ( .BOTH. , #1360 ) ;
#1461 = ORIENTED_EDGE ( 'NONE', *, *, #2767, .F. ) ;
#1462 = CARTESIAN_POINT ( 'NONE',  ( -0.1662371439361186309, 1.310000000000000053, -1.839201665516672968 ) ) ;
#1463 = STYLED_ITEM ( 'NONE', ( #10249 ), #7324 ) ;
#1464 = FILL_AREA_STYLE_COLOUR ( '', #4979 ) ;
#1465 = CARTESIAN_POINT ( 'NONE',  ( -0.2218122045630092076, 1.300000000000000044, -1.752277903711821017 ) ) ;
#1466 = CARTESIAN_POINT ( 'NONE',  ( 0.9913697944336653523, 1.300000000000000044, -1.707354982812206545 ) ) ;
#1467 = B_SPLINE_CURVE_WITH_KNOTS ( 'NONE', 3,
 ( #9447, #216, #3941, #11336 ),
 .UNSPECIFIED., .F., .F.,
 ( 4, 4 ),
 ( 3.000000000000000000, 4.000000000000000000 ),
 .UNSPECIFIED. ) ;
#1468 = FILL_AREA_STYLE ('',( #3371 ) ) ;
#1469 = CARTESIAN_POINT ( 'NONE',  ( -1.020000000000000018, 0.2000000000000000111, -2.250000000000000000 ) ) ;
#1470 = MECHANICAL_DESIGN_GEOMETRIC_PRESENTATION_REPRESENTATION (  '', ( #5955 ), #505 ) ;
#1471 =( GEOMETRIC_REPRESENTATION_CONTEXT ( 3 ) GLOBAL_UNCERTAINTY_ASSIGNED_CONTEXT ( ( #9234 ) ) GLOBAL_UNIT_ASSIGNED_CONTEXT ( ( #3918, #182, #9486 ) ) REPRESENTATION_CONTEXT ( 'NONE', 'WORKASPACE' ) );
#1472 = CARTESIAN_POINT ( 'NONE',  ( -0.1497569809625637904, 1.310000000000000053, -1.432552344444132153 ) ) ;
#1473 = SURFACE_SIDE_STYLE ('',( #11519 ) ) ;
#1474 = EDGE_CURVE ( 'NONE', #5310, #9092, #544, .T. ) ;
#1475 = ORIENTED_EDGE ( 'NONE', *, *, #8223, .T. ) ;
#1476 = DIRECTION ( 'NONE',  ( -6.209894659237971771E-15, 0.0000000000000000000, -1.000000000000000000 ) ) ;
#1477 = COLOUR_RGB ( '',1.000000000000000000, 1.000000000000000000, 1.000000000000000000 ) ;
#1478 = STYLED_ITEM ( 'NONE', ( #2538 ), #11164 ) ;
#1479 = EDGE_CURVE ( 'NONE', #9944, #2329, #6034, .T. ) ;
#1480 = STYLED_ITEM ( 'NONE', ( #2158 ), #257 ) ;
#1481 = ADVANCED_FACE ( 'NONE', ( #1274 ), #7055, .F. ) ;
#1482 = MECHANICAL_DESIGN_GEOMETRIC_PRESENTATION_REPRESENTATION (  '', ( #9052 ), #8488 ) ;
#1483 = UNCERTAINTY_MEASURE_WITH_UNIT (LENGTH_MEASURE( 1.000000000000000082E-05 ), #5183, 'distance_accuracy_value', 'NONE');
#1484 = FILL_AREA_STYLE_COLOUR ( '', #4804 ) ;
#1485 = CARTESIAN_POINT ( 'NONE',  ( 0.4245429228566187096, 1.300000000000000044, -1.791222310412815988 ) ) ;
#1486 = ORIENTED_EDGE ( 'NONE', *, *, #462, .F. ) ;
#1487 = ORIENTED_EDGE ( 'NONE', *, *, #9334, .F. ) ;
#1488 = MECHANICAL_DESIGN_GEOMETRIC_PRESENTATION_REPRESENTATION (  '', ( #11031 ), #2462 ) ;
#1489 = LINE ( 'NONE', #8148, #5993 ) ;
#1490 = PRESENTATION_LAYER_ASSIGNMENT (  '', '', ( #9645 ) ) ;
#1491 = FACE_OUTER_BOUND ( 'NONE', #6694, .T. ) ;
#1492 = B_SPLINE_SURFACE_WITH_KNOTS ( 'NONE', 3, 1, ( 
 ( #7494, #8960 ),
 ( #2587, #9873 ),
 ( #10865, #2458 ),
 ( #2198, #5402 ) ),
 .UNSPECIFIED., .F., .F., .F.,
 ( 4, 4 ),
 ( 2, 2 ),
 ( 1.000000000000000000, 2.000000000000000000 ),
 ( 0.0000000000000000000, 1.000000000000000000 ),
 .UNSPECIFIED. ) ;
#1493 = SURFACE_STYLE_FILL_AREA ( #6125 ) ;
#1494 = PRESENTATION_LAYER_ASSIGNMENT (  '', '', ( #11023 ) ) ;
#1495 = CARTESIAN_POINT ( 'NONE',  ( -0.2500000000000000000, 0.2000000000000000111, -2.250000000000000000 ) ) ;
#1496 = SURFACE_SIDE_STYLE ('',( #703 ) ) ;
#1497 = VECTOR ( 'NONE', #8786, 1000.000000000000114 ) ;
#1498 = VECTOR ( 'NONE', #8414, 1000.000000000000000 ) ;
#1499 = VECTOR ( 'NONE', #10030, 1000.000000000000000 ) ;
#1500 = FILL_AREA_STYLE_COLOUR ( '', #10469 ) ;
#1501 = ADVANCED_FACE ( 'NONE', ( #9772 ), #7916, .T. ) ;
#1502 = PRESENTATION_LAYER_ASSIGNMENT (  '', '', ( #11962 ) ) ;
#1503 = FACE_OUTER_BOUND ( 'NONE', #7132, .T. ) ;
#1504 = MECHANICAL_DESIGN_GEOMETRIC_PRESENTATION_REPRESENTATION (  '', ( #3659 ), #8710 ) ;
#1505 = ORIENTED_EDGE ( 'NONE', *, *, #1474, .T. ) ;
#1506 = LINE ( 'NONE', #478, #677 ) ;
#1507 = EDGE_LOOP ( 'NONE', ( #4423, #2581, #6084, #4360 ) ) ;
#1508 = ORIENTED_EDGE ( 'NONE', *, *, #3448, .T. ) ;
#1509 = EDGE_CURVE ( 'NONE', #7979, #9994, #5017, .T. ) ;
#1510 = STYLED_ITEM ( 'NONE', ( #8007 ), #3662 ) ;
#1511 = STYLED_ITEM ( 'NONE', ( #4143 ), #9690 ) ;
#1512 = VERTEX_POINT ( 'NONE', #3347 ) ;
#1513 = FILL_AREA_STYLE ('',( #1692 ) ) ;
#1514 =( GEOMETRIC_REPRESENTATION_CONTEXT ( 3 ) GLOBAL_UNCERTAINTY_ASSIGNED_CONTEXT ( ( #221 ) ) GLOBAL_UNIT_ASSIGNED_CONTEXT ( ( #4844, #5019, #11322 ) ) REPRESENTATION_CONTEXT ( 'NONE', 'WORKASPACE' ) );
#1515 = PRESENTATION_STYLE_ASSIGNMENT (( #6938 ) ) ;
#1516 = CARTESIAN_POINT ( 'NONE',  ( 0.8149593761715847595, 1.300000000000000044, -1.419603610333215693 ) ) ;
#1517 = CARTESIAN_POINT ( 'NONE',  ( -0.8730125875525533985, 1.300000000000000044, -1.721709020972280513 ) ) ;
#1518 = VECTOR ( 'NONE', #4894, 1000.000000000000000 ) ;
#1519 = CARTESIAN_POINT ( 'NONE',  ( -0.9869180672841945112, 1.300000000000000044, -1.709543853351372045 ) ) ;
#1520 = EDGE_CURVE ( 'NONE', #11349, #4277, #6213, .T. ) ;
#1521 = CARTESIAN_POINT ( 'NONE',  ( -0.4892379406406413556, 1.300000000000000044, -1.534344644452003248 ) ) ;
#1522 = VERTEX_POINT ( 'NONE', #11836 ) ;
#1523 = APPLICATION_PROTOCOL_DEFINITION ( 'draft international standard', 'automotive_design', 1998, #280 ) ;
#1524 = B_SPLINE_CURVE_WITH_KNOTS ( 'NONE', 3,
 ( #924, #11259, #10293, #5687 ),
 .UNSPECIFIED., .F., .F.,
 ( 4, 4 ),
 ( 6.000000000000000000, 7.000000000000000000 ),
 .UNSPECIFIED. ) ;
#1525 = MECHANICAL_DESIGN_GEOMETRIC_PRESENTATION_REPRESENTATION (  '', ( #11052 ), #5826 ) ;
#1526 = EDGE_CURVE ( 'NONE', #9335, #11661, #3678, .T. ) ;
#1527 = CARTESIAN_POINT ( 'NONE',  ( -0.2744759430247415422, 1.310000000000000053, -1.359041459761119564 ) ) ;
#1528 = VECTOR ( 'NONE', #3458, 1000.000000000000000 ) ;
#1529 = MECHANICAL_DESIGN_GEOMETRIC_PRESENTATION_REPRESENTATION (  '', ( #6385 ), #2502 ) ;
#1530 =( LENGTH_UNIT ( ) NAMED_UNIT ( * ) SI_UNIT ( .MILLI., .METRE. ) );
#1531 = ORIENTED_EDGE ( 'NONE', *, *, #4888, .T. ) ;
#1532 = COLOUR_RGB ( '',0.5019607843137254832, 0.2509803921568627416, 0.0000000000000000000 ) ;
#1533 = CARTESIAN_POINT ( 'NONE',  ( -0.4599687552957064662, 1.310000000000000053, -1.879856200044076386 ) ) ;
#1534 = SURFACE_SIDE_STYLE ('',( #10025 ) ) ;
#1535 = DIRECTION ( 'NONE',  ( 1.000000000000000000, 0.0000000000000000000, -8.286713734008088888E-15 ) ) ;
#1536 = VECTOR ( 'NONE', #1724, 1000.000000000000000 ) ;
#1537 =( GEOMETRIC_REPRESENTATION_CONTEXT ( 3 ) GLOBAL_UNCERTAINTY_ASSIGNED_CONTEXT ( ( #3594 ) ) GLOBAL_UNIT_ASSIGNED_CONTEXT ( ( #7429, #11938, #3652 ) ) REPRESENTATION_CONTEXT ( 'NONE', 'WORKASPACE' ) );
#1538 = CARTESIAN_POINT ( 'NONE',  ( -0.7500144755889455173, -2.174276497284000076, 0.1976356817705530455 ) ) ;
#1539 =( NAMED_UNIT ( * ) PLANE_ANGLE_UNIT ( ) SI_UNIT ( $, .RADIAN. ) );
#1540 = VERTEX_POINT ( 'NONE', #6386 ) ;
#1541 = DIRECTION ( 'NONE',  ( -0.0000000000000000000, -1.000000000000000000, -0.0000000000000000000 ) ) ;
#1542 = MECHANICAL_DESIGN_GEOMETRIC_PRESENTATION_REPRESENTATION (  '', ( #11999 ), #9697 ) ;
#1543 = PRESENTATION_LAYER_ASSIGNMENT (  '', '', ( #8744 ) ) ;
#1544 = FILL_AREA_STYLE ('',( #3556 ) ) ;
#1545 = FILL_AREA_STYLE ('',( #5270 ) ) ;
#1546 = UNCERTAINTY_MEASURE_WITH_UNIT (LENGTH_MEASURE( 1.000000000000000082E-05 ), #11753, 'distance_accuracy_value', 'NONE');
#1547 = CARTESIAN_POINT ( 'NONE',  ( -1.020000000000000018, 0.2000000000000000111, -7.249999999999999112 ) ) ;
#1548 = CARTESIAN_POINT ( 'NONE',  ( 0.0000000000000000000, 0.0000000000000000000, -2.250000000000000000 ) ) ;
#1549 = CARTESIAN_POINT ( 'NONE',  ( -1.897366596101027536, 1.300000000000000044, 2.250000000000000000 ) ) ;
#1550 = CARTESIAN_POINT ( 'NONE',  ( -0.1711240061427868886, 1.310000000000000053, -1.396992623706414305 ) ) ;
#1551 = CARTESIAN_POINT ( 'NONE',  ( -0.3190295697387553475, 1.310000000000000053, -1.735433825467276314 ) ) ;
#1552 = LINE ( 'NONE', #6978, #5405 ) ;
#1553 = ORIENTED_EDGE ( 'NONE', *, *, #2180, .F. ) ;
#1554 = LINE ( 'NONE', #5222, #10245 ) ;
#1555 = EDGE_CURVE ( 'NONE', #6524, #10732, #4260, .T. ) ;
#1556 = COLOUR_RGB ( '',1.000000000000000000, 1.000000000000000000, 1.000000000000000000 ) ;
#1557 = FACE_OUTER_BOUND ( 'NONE', #6549, .T. ) ;
#1558 = FILL_AREA_STYLE ('',( #9800 ) ) ;
#1559 = DIRECTION ( 'NONE',  ( -1.000000000000000000, -0.0000000000000000000, 7.474873201226372758E-15 ) ) ;
#1560 = EDGE_LOOP ( 'NONE', ( #1362, #5761, #10067, #3512, #11127, #9254, #4793, #8755, #654, #4043, #7669, #2003, #10807, #4382, #10650 ) ) ;
#1561 = EDGE_LOOP ( 'NONE', ( #1025, #29, #9825, #9229 ) ) ;
#1562 = CARTESIAN_POINT ( 'NONE',  ( -0.3842743789874545346, 1.310000000000000053, -1.864467782882105684 ) ) ;
#1563 = STYLED_ITEM ( 'NONE', ( #8398 ), #1063 ) ;
#1564 = DIRECTION ( 'NONE',  ( -0.3409177962187225908, 0.0000000000000000000, 0.9400931103999058402 ) ) ;
#1565 = CARTESIAN_POINT ( 'NONE',  ( -0.1515765573154281010, 1.310000000000000053, -1.380668424420818718 ) ) ;
#1566 = CARTESIAN_POINT ( 'NONE',  ( -0.4314793883885169046, 1.310000000000000053, -1.734913946509704985 ) ) ;
#1567 = CARTESIAN_POINT ( 'NONE',  ( -0.4343387226585955774, 1.310000000000000053, -1.926749282070603364 ) ) ;
#1568 = B_SPLINE_CURVE_WITH_KNOTS ( 'NONE', 3,
 ( #6304, #3568, #9996, #9094 ),
 .UNSPECIFIED., .F., .F.,
 ( 4, 4 ),
 ( 5.000000000000000000, 6.000000000000000000 ),
 .UNSPECIFIED. ) ;
#1569 = ADVANCED_FACE ( 'NONE', ( #6446 ), #8121, .F. ) ;
#1570 = MECHANICAL_DESIGN_GEOMETRIC_PRESENTATION_REPRESENTATION (  '', ( #5275 ), #8043 ) ;
#1571 = CARTESIAN_POINT ( 'NONE',  ( -0.4599687552957064662, 1.300000000000000044, -1.879856200044076386 ) ) ;
#1572 = ORIENTED_EDGE ( 'NONE', *, *, #2490, .F. ) ;
#1573 = FACE_OUTER_BOUND ( 'NONE', #8213, .T. ) ;
#1574 = ORIENTED_EDGE ( 'NONE', *, *, #2088, .T. ) ;
#1575 = VERTEX_POINT ( 'NONE', #4383 ) ;
#1576 = LINE ( 'NONE', #3344, #11039 ) ;
#1577 = CARTESIAN_POINT ( 'NONE',  ( -0.4029900214813191273, 1.310000000000000053, -1.734913946509705207 ) ) ;
#1578 = ORIENTED_EDGE ( 'NONE', *, *, #8512, .F. ) ;
#1579 =( NAMED_UNIT ( * ) PLANE_ANGLE_UNIT ( ) SI_UNIT ( $, .RADIAN. ) );
#1580 = SURFACE_STYLE_USAGE ( .BOTH. , #5362 ) ;
#1581 = SURFACE_STYLE_FILL_AREA ( #6269 ) ;
#1582 = PLANE ( 'NONE',  #11208 ) ;
#1583 = FACE_OUTER_BOUND ( 'NONE', #2897, .T. ) ;
#1584 = VERTEX_POINT ( 'NONE', #9954 ) ;
#1585 = CARTESIAN_POINT ( 'NONE',  ( 0.6240890862035279874, 1.300000000000000044, -1.827371934517356689 ) ) ;
#1586 = SURFACE_STYLE_FILL_AREA ( #11954 ) ;
#1587 = VERTEX_POINT ( 'NONE', #847 ) ;
#1588 = CARTESIAN_POINT ( 'NONE',  ( -0.1736194251418753109, 1.310000000000000053, -1.856149719552735666 ) ) ;
#1589 = CARTESIAN_POINT ( 'NONE',  ( 1.520000000000000018, 0.2000000000000000111, -7.249999999999999112 ) ) ;
#1590 = CARTESIAN_POINT ( 'NONE',  ( -0.9851504788270762925, 1.300000000000000044, -1.702785426896082033 ) ) ;
#1591 = DIRECTION ( 'NONE',  ( 0.3559357243698807460, -0.0000000000000000000, 0.9345104387417446645 ) ) ;
#1592 = VERTEX_POINT ( 'NONE', #10150 ) ;
#1593 =( LENGTH_UNIT ( ) NAMED_UNIT ( * ) SI_UNIT ( .MILLI., .METRE. ) );
#1594 = CARTESIAN_POINT ( 'NONE',  ( -0.1775185173277805117, 1.310000000000000053, -1.816430967148946030 ) ) ;
#1595 = EDGE_LOOP ( 'NONE', ( #11354, #3939, #2937, #9892 ) ) ;
#1596 = CARTESIAN_POINT ( 'NONE',  ( -0.3303629310268647590, 1.300000000000000044, -1.816326991357427589 ) ) ;
#1597 = EDGE_CURVE ( 'NONE', #5672, #11705, #8094, .T. ) ;
#1598 = B_SPLINE_SURFACE_WITH_KNOTS ( 'NONE', 3, 1, ( 
 ( #5705, #11214 ),
 ( #7653, #10313 ),
 ( #11279, #75 ),
 ( #3813, #2046 ) ),
 .UNSPECIFIED., .F., .F., .F.,
 ( 4, 4 ),
 ( 2, 2 ),
 ( 7.000000000000000000, 8.000000000000000000 ),
 ( 0.0000000000000000000, 1.000000000000000000 ),
 .UNSPECIFIED. ) ;
#1599 = CARTESIAN_POINT ( 'NONE',  ( -0.3635831964527602711, 1.310000000000000053, -1.856253695344243448 ) ) ;
#1600 = LINE ( 'NONE', #5324, #9824 ) ;
#1601 = SURFACE_STYLE_USAGE ( .BOTH. , #3497 ) ;
#1602 = UNCERTAINTY_MEASURE_WITH_UNIT (LENGTH_MEASURE( 1.000000000000000082E-05 ), #151, 'distance_accuracy_value', 'NONE');
#1603 = CARTESIAN_POINT ( 'NONE',  ( -0.6967216328409046033, 1.300000000000000044, -1.478925547511695582 ) ) ;
#1604 = DIRECTION ( 'NONE',  ( 9.268842769272767719E-15, -0.0000000000000000000, 1.000000000000000000 ) ) ;
#1605 = CARTESIAN_POINT ( 'NONE',  ( -0.3081121116173938246, 1.300000000000000044, -1.743128034048955888 ) ) ;
#1606 = SURFACE_STYLE_FILL_AREA ( #9077 ) ;
#1607 = UNCERTAINTY_MEASURE_WITH_UNIT (LENGTH_MEASURE( 1.000000000000000082E-05 ), #4454, 'distance_accuracy_value', 'NONE');
#1608 = CARTESIAN_POINT ( 'NONE',  ( -0.3180417997179912359, 1.300000000000000044, -1.771825352538485943 ) ) ;
#1609 = EDGE_LOOP ( 'NONE', ( #7294, #786, #11577, #8639 ) ) ;
#1610 = DIRECTION ( 'NONE',  ( -0.0000000000000000000, -1.000000000000000000, -0.0000000000000000000 ) ) ;
#1611 = CARTESIAN_POINT ( 'NONE',  ( -0.1222033961796834683, 1.310000000000000053, -1.459690026060962875 ) ) ;
#1612 = CARTESIAN_POINT ( 'NONE',  ( -0.5698711670506261262, 1.300000000000000044, -1.676791478987285977 ) ) ;
#1613 = COLOUR_RGB ( '',1.000000000000000000, 1.000000000000000000, 1.000000000000000000 ) ;
#1614 = CARTESIAN_POINT ( 'NONE',  ( 0.3001879930913122774, 1.310000000000000053, -1.567094298974051059 ) ) ;
#1615 = CARTESIAN_POINT ( 'NONE',  ( -0.03288819116795127506, 1.310000000000000053, -1.788565454991522419 ) ) ;
#1616 = ORIENTED_EDGE ( 'NONE', *, *, #652, .T. ) ;
#1617 = ORIENTED_EDGE ( 'NONE', *, *, #7919, .T. ) ;
#1618 = CARTESIAN_POINT ( 'NONE',  ( -0.3897331080481359900, 1.310000000000000053, -1.853966227928184329 ) ) ;
#1619 = SURFACE_STYLE_FILL_AREA ( #9807 ) ;
#1620 = EDGE_CURVE ( 'NONE', #5040, #10285, #1635, .T. ) ;
#1621 = FACE_OUTER_BOUND ( 'NONE', #2545, .T. ) ;
#1622 = LINE ( 'NONE', #5348, #1395 ) ;
#1623 =( NAMED_UNIT ( * ) PLANE_ANGLE_UNIT ( ) SI_UNIT ( $, .RADIAN. ) );
#1624 = MECHANICAL_DESIGN_GEOMETRIC_PRESENTATION_REPRESENTATION (  '', ( #4169 ), #2993 ) ;
#1625 = SURFACE_SIDE_STYLE ('',( #10002 ) ) ;
#1626 = B_SPLINE_CURVE_WITH_KNOTS ( 'NONE', 3,
 ( #8500, #7604, #5719, #2001 ),
 .UNSPECIFIED., .F., .F.,
 ( 4, 4 ),
 ( 15.00000000000000000, 16.00000000000000000 ),
 .UNSPECIFIED. ) ;
#1627 = CARTESIAN_POINT ( 'NONE',  ( -0.3199133639673110152, 1.300000000000000044, -1.782118955910767966 ) ) ;
#1628 = VERTEX_POINT ( 'NONE', #5427 ) ;
#1629 = ORIENTED_EDGE ( 'NONE', *, *, #10904, .F. ) ;
#1630 = EDGE_LOOP ( 'NONE', ( #692, #1446, #7907, #3150 ) ) ;
#1631 = CARTESIAN_POINT ( 'NONE',  ( -0.2309620742265690030, 1.310000000000000053, -1.857709356426818115 ) ) ;
#1632 = PRESENTATION_LAYER_ASSIGNMENT (  '', '', ( #6888 ) ) ;
#1633 = CARTESIAN_POINT ( 'NONE',  ( -0.2316379168720963944, 1.310000000000000053, -1.821213853564091600 ) ) ;
#1634 = ORIENTED_EDGE ( 'NONE', *, *, #10426, .T. ) ;
#1635 = LINE ( 'NONE', #5361, #3121 ) ;
#1636 = SURFACE_STYLE_FILL_AREA ( #10891 ) ;
#1637 = CARTESIAN_POINT ( 'NONE',  ( -0.1729955703921096100, 1.300000000000000044, -1.820797950398037601 ) ) ;
#1638 = VECTOR ( 'NONE', #7775, 1000.000000000000000 ) ;
#1639 = EDGE_CURVE ( 'NONE', #1772, #10357, #7298, .T. ) ;
#1640 = ORIENTED_EDGE ( 'NONE', *, *, #7837, .T. ) ;
#1641 =( GEOMETRIC_REPRESENTATION_CONTEXT ( 3 ) GLOBAL_UNCERTAINTY_ASSIGNED_CONTEXT ( ( #2281 ) ) GLOBAL_UNIT_ASSIGNED_CONTEXT ( ( #11486, #5905, #3217 ) ) REPRESENTATION_CONTEXT ( 'NONE', 'WORKASPACE' ) );
#1642 = CARTESIAN_POINT ( 'NONE',  ( 0.7918235759260240370, 1.310000000000000053, -1.512146714784001311 ) ) ;
#1643 = UNCERTAINTY_MEASURE_WITH_UNIT (LENGTH_MEASURE( 1.000000000000000082E-05 ), #7597, 'distance_accuracy_value', 'NONE');
#1644 = PLANE ( 'NONE',  #11388 ) ;
#1645 = ORIENTED_EDGE ( 'NONE', *, *, #8648, .F. ) ;
#1646 = LINE ( 'NONE', #1773, #9042 ) ;
#1647 = EDGE_CURVE ( 'NONE', #518, #6464, #11001, .T. ) ;
#1648 = FACE_OUTER_BOUND ( 'NONE', #1353, .T. ) ;
#1649 = CARTESIAN_POINT ( 'NONE',  ( -0.8339176898992247677, 1.310000000000000053, -1.835770464392572299 ) ) ;
#1650 = DIRECTION ( 'NONE',  ( -0.0000000000000000000, -1.000000000000000000, -0.0000000000000000000 ) ) ;
#1651 = ORIENTED_EDGE ( 'NONE', *, *, #4959, .T. ) ;
#1652 = VECTOR ( 'NONE', #5961, 1000.000000000000000 ) ;
#1653 = PRESENTATION_STYLE_ASSIGNMENT (( #10224 ) ) ;
#1654 = ORIENTED_EDGE ( 'NONE', *, *, #535, .T. ) ;
#1655 =( LENGTH_UNIT ( ) NAMED_UNIT ( * ) SI_UNIT ( .MILLI., .METRE. ) );
#1656 =( NAMED_UNIT ( * ) SI_UNIT ( $, .STERADIAN. ) SOLID_ANGLE_UNIT ( ) );
#1657 = PLANE ( 'NONE',  #2273 ) ;
#1658 = CARTESIAN_POINT ( 'NONE',  ( 0.9913697944336661294, 1.310000000000000053, -1.568540208920252255 ) ) ;
#1659 =( NAMED_UNIT ( * ) PLANE_ANGLE_UNIT ( ) SI_UNIT ( $, .RADIAN. ) );
#1660 = EDGE_CURVE ( 'NONE', #8408, #1236, #748, .T. ) ;
#1661 = CARTESIAN_POINT ( 'NONE',  ( -0.1568793226888454129, 1.310000000000000053, -1.412173089285363670 ) ) ;
#1662 = CARTESIAN_POINT ( 'NONE',  ( 0.8192973266510215069, 1.300000000000000044, -1.503470786245107327 ) ) ;
#1663 = CARTESIAN_POINT ( 'NONE',  ( 0.7686878032611732525, 1.310000000000000053, -1.976308602054442698 ) ) ;
#1664 = ADVANCED_FACE ( 'NONE', ( #2676 ), #7137, .F. ) ;
#1665 = VERTEX_POINT ( 'NONE', #3841 ) ;
#1666 =( NAMED_UNIT ( * ) SI_UNIT ( $, .STERADIAN. ) SOLID_ANGLE_UNIT ( ) );
#1667 = ADVANCED_FACE ( 'NONE', ( #3036 ), #8453, .F. ) ;
#1668 = CARTESIAN_POINT ( 'NONE',  ( -0.1515765573154281010, 1.310000000000000053, -1.380668424420818718 ) ) ;
#1669 = LINE ( 'NONE', #9089, #10827 ) ;
#1670 =( GEOMETRIC_REPRESENTATION_CONTEXT ( 3 ) GLOBAL_UNCERTAINTY_ASSIGNED_CONTEXT ( ( #8950 ) ) GLOBAL_UNIT_ASSIGNED_CONTEXT ( ( #6700, #192, #1970 ) ) REPRESENTATION_CONTEXT ( 'NONE', 'WORKASPACE' ) );
#1671 = STYLED_ITEM ( 'NONE', ( #5794 ), #7520 ) ;
#1672 = FILL_AREA_STYLE ('',( #3920 ) ) ;
#1673 = ORIENTED_EDGE ( 'NONE', *, *, #8845, .T. ) ;
#1674 = VERTEX_POINT ( 'NONE', #9304 ) ;
#1675 = CARTESIAN_POINT ( 'NONE',  ( -0.7992937512851248094, 1.310000000000000053, -1.856981525884830120 ) ) ;
#1676 =( NAMED_UNIT ( * ) PLANE_ANGLE_UNIT ( ) SI_UNIT ( $, .RADIAN. ) );
#1677 = MECHANICAL_DESIGN_GEOMETRIC_PRESENTATION_REPRESENTATION (  '', ( #511 ), #9445 ) ;
#1678 = PRESENTATION_STYLE_ASSIGNMENT (( #11872 ) ) ;
#1679 = CARTESIAN_POINT ( 'NONE',  ( -0.9879578252020935203, 1.300000000000000044, -1.714222763975011388 ) ) ;
#1680 = SURFACE_SIDE_STYLE ('',( #2470 ) ) ;
#1681 = DIRECTION ( 'NONE',  ( -0.0000000000000000000, -1.000000000000000000, -0.0000000000000000000 ) ) ;
#1682 = LINE ( 'NONE', #10076, #1528 ) ;
#1683 = PRESENTATION_STYLE_ASSIGNMENT (( #2846 ) ) ;
#1684 = EDGE_LOOP ( 'NONE', ( #7894, #11, #618, #1030, #262, #6147, #6709, #9805, #10384, #11930, #7293, #8933, #709, #3211, #5850 ) ) ;
#1685 =( GEOMETRIC_REPRESENTATION_CONTEXT ( 3 ) GLOBAL_UNCERTAINTY_ASSIGNED_CONTEXT ( ( #7313 ) ) GLOBAL_UNIT_ASSIGNED_CONTEXT ( ( #6197, #10686, #7047 ) ) REPRESENTATION_CONTEXT ( 'NONE', 'WORKASPACE' ) );
#1686 = ORIENTED_EDGE ( 'NONE', *, *, #10280, .F. ) ;
#1687 = ORIENTED_EDGE ( 'NONE', *, *, #859, .F. ) ;
#1688 = CARTESIAN_POINT ( 'NONE',  ( -0.1864604354083122251, 1.310000000000000053, -1.883599328542719498 ) ) ;
#1689 = VECTOR ( 'NONE', #1706, 1000.000000000000000 ) ;
#1690 = COLOUR_RGB ( '',1.000000000000000000, 1.000000000000000000, 1.000000000000000000 ) ;
#1691 = ORIENTED_EDGE ( 'NONE', *, *, #2399, .T. ) ;
#1692 = FILL_AREA_STYLE_COLOUR ( '', #8322 ) ;
#1693 = UNCERTAINTY_MEASURE_WITH_UNIT (LENGTH_MEASURE( 1.000000000000000082E-05 ), #7303, 'distance_accuracy_value', 'NONE');
#1694 = AXIS2_PLACEMENT_3D ( 'NONE', #8553, #2168, #9562 ) ;
#1695 = DIRECTION ( 'NONE',  ( -1.000000000000000000, -0.0000000000000000000, -0.0000000000000000000 ) ) ;
#1696 = PRESENTATION_LAYER_ASSIGNMENT (  '', '', ( #9842 ) ) ;
#1697 = LINE ( 'NONE', #6507, #2714 ) ;
#1698 = VECTOR ( 'NONE', #2402, 1000.000000000000000 ) ;
#1699 = CARTESIAN_POINT ( 'NONE',  ( -0.1885919391364143660, 1.310000000000000053, -1.793868220364237320 ) ) ;
#1700 = FACE_BOUND ( 'NONE', #3596, .T. ) ;
#1701 = STYLED_ITEM ( 'NONE', ( #1258 ), #3209 ) ;
#1702 = COLOUR_RGB ( '',1.000000000000000000, 1.000000000000000000, 1.000000000000000000 ) ;
#1703 = ORIENTED_EDGE ( 'NONE', *, *, #3524, .F. ) ;
#1704 = CARTESIAN_POINT ( 'NONE',  ( -0.2060598721307327907, 1.310000000000000053, -1.883599328542719498 ) ) ;
#1705 = STYLED_ITEM ( 'NONE', ( #2068 ), #9733 ) ;
#1706 = DIRECTION ( 'NONE',  ( -0.0000000000000000000, -1.000000000000000000, -0.0000000000000000000 ) ) ;
#1707 = LINE ( 'NONE', #1966, #2736 ) ;
#1708 = STYLED_ITEM ( 'NONE', ( #9324 ), #5476 ) ;
#1709 =( NAMED_UNIT ( * ) PLANE_ANGLE_UNIT ( ) SI_UNIT ( $, .RADIAN. ) );
#1710 = PRESENTATION_STYLE_ASSIGNMENT (( #7124 ) ) ;
#1711 = ORIENTED_EDGE ( 'NONE', *, *, #11618, .T. ) ;
#1712 = STYLED_ITEM ( 'NONE', ( #1363 ), #11647 ) ;
#1713 = COLOUR_RGB ( '',1.000000000000000000, 1.000000000000000000, 1.000000000000000000 ) ;
#1714 = SURFACE_STYLE_USAGE ( .BOTH. , #12027 ) ;
#1715 = AXIS2_PLACEMENT_3D ( 'NONE', #957, #9281, #7522 ) ;
#1716 =( NAMED_UNIT ( * ) SI_UNIT ( $, .STERADIAN. ) SOLID_ANGLE_UNIT ( ) );
#1717 = AXIS2_PLACEMENT_3D ( 'NONE', #4005, #7711, #2051 ) ;
#1718 = MECHANICAL_DESIGN_GEOMETRIC_PRESENTATION_REPRESENTATION (  '', ( #156 ), #3280 ) ;
#1719 = EDGE_CURVE ( 'NONE', #3434, #5178, #2133, .T. ) ;
#1720 = UNCERTAINTY_MEASURE_WITH_UNIT (LENGTH_MEASURE( 1.000000000000000082E-05 ), #11108, 'distance_accuracy_value', 'NONE');
#1721 = SURFACE_SIDE_STYLE ('',( #11025 ) ) ;
#1722 = VERTEX_POINT ( 'NONE', #2925 ) ;
#1723 = CARTESIAN_POINT ( 'NONE',  ( 2.299999999999999822, 2.816687638038912056E-16, -2.250000000000000000 ) ) ;
#1724 = DIRECTION ( 'NONE',  ( -0.0000000000000000000, -1.000000000000000000, -0.0000000000000000000 ) ) ;
#1725 = B_SPLINE_CURVE_WITH_KNOTS ( 'NONE', 3,
 ( #3292, #7237, #9895, #10885 ),
 .UNSPECIFIED., .F., .F.,
 ( 4, 4 ),
 ( 7.000000000000000000, 8.000000000000000000 ),
 .UNSPECIFIED. ) ;
#1726 =( GEOMETRIC_REPRESENTATION_CONTEXT ( 3 ) GLOBAL_UNCERTAINTY_ASSIGNED_CONTEXT ( ( #11406 ) ) GLOBAL_UNIT_ASSIGNED_CONTEXT ( ( #5107, #11572, #4480 ) ) REPRESENTATION_CONTEXT ( 'NONE', 'WORKASPACE' ) );
#1727 = LINE ( 'NONE', #5449, #11746 ) ;
#1728 = FACE_OUTER_BOUND ( 'NONE', #11607, .T. ) ;
#1729 = SURFACE_STYLE_USAGE ( .BOTH. , #10042 ) ;
#1730 = CARTESIAN_POINT ( 'NONE',  ( -0.2262831636029221938, 1.300000000000000044, -1.350723396430359990 ) ) ;
#1731 = VECTOR ( 'NONE', #11534, 1000.000000000000000 ) ;
#1733 = UNCERTAINTY_MEASURE_WITH_UNIT (LENGTH_MEASURE( 1.000000000000000082E-05 ), #8204, 'distance_accuracy_value', 'NONE');
#1732 = CARTESIAN_POINT ( 'NONE',  ( 0.6862664959268371945, 1.310000000000000053, -1.704462997438308980 ) ) ;
#1734 = PRESENTATION_LAYER_ASSIGNMENT (  '', '', ( #5064 ) ) ;
#1735 =( NAMED_UNIT ( * ) SI_UNIT ( $, .STERADIAN. ) SOLID_ANGLE_UNIT ( ) );
#1736 = EDGE_CURVE ( 'NONE', #2966, #7215, #5730, .T. ) ;
#1737 = STYLED_ITEM ( 'NONE', ( #8725 ), #2727 ) ;
#1738 = FILL_AREA_STYLE_COLOUR ( '', #7532 ) ;
#1739 = ORIENTED_EDGE ( 'NONE', *, *, #904, .T. ) ;
#1740 = DIRECTION ( 'NONE',  ( 0.0000000000000000000, -1.000000000000000000, 0.0000000000000000000 ) ) ;
#1741 = VERTEX_POINT ( 'NONE', #174 ) ;
#1742 = CARTESIAN_POINT ( 'NONE',  ( -0.1222033961796836626, 1.310000000000000053, -1.490154933008988491 ) ) ;
#1743 = CARTESIAN_POINT ( 'NONE',  ( -0.7332691235993779033, 1.310000000000000053, -1.391585882542178521 ) ) ;
#1744 = CARTESIAN_POINT ( 'NONE',  ( -0.4747853056036676067, 1.300000000000000044, -1.849391293096057653 ) ) ;
#1745 = SURFACE_STYLE_FILL_AREA ( #10063 ) ;
#1746 = DIRECTION ( 'NONE',  ( 0.8863488427958585714, 0.0000000000000000000, -0.4630180653867000395 ) ) ;
#1747 = CIRCLE ( 'NONE', #8546, 2.299999999999999822 ) ;
#1748 = ORIENTED_EDGE ( 'NONE', *, *, #9253, .T. ) ;
#1749 = ORIENTED_EDGE ( 'NONE', *, *, #7032, .F. ) ;
#1750 = CARTESIAN_POINT ( 'NONE',  ( -0.6792536998472828991, 1.310000000000000053, -1.880168127418618607 ) ) ;
#1751 = FACE_OUTER_BOUND ( 'NONE', #4891, .T. ) ;
#1752 = CARTESIAN_POINT ( 'NONE',  ( -0.1403991597152868254, 1.300000000000000044, -1.854278155302721665 ) ) ;
#1753 = B_SPLINE_CURVE_WITH_KNOTS ( 'NONE', 3,
 ( #4273, #7906, #11589, #6261 ),
 .UNSPECIFIED., .F., .F.,
 ( 4, 4 ),
 ( 16.00000000000000000, 17.00000000000000000 ),
 .UNSPECIFIED. ) ;
#1754 = CARTESIAN_POINT ( 'NONE',  ( -0.5935256596462119560, 1.310000000000000053, -1.409469718701858776 ) ) ;
#1755 = CARTESIAN_POINT ( 'NONE',  ( -0.2744759430247430965, 1.300000000000000044, -1.549109206863515054 ) ) ;
#1756 = ADVANCED_FACE ( 'NONE', ( #3911 ), #7617, .F. ) ;
#1757 = COLOUR_RGB ( '',1.000000000000000000, 1.000000000000000000, 1.000000000000000000 ) ;
#1758 = CARTESIAN_POINT ( 'NONE',  ( -0.4141674190814603196, 1.310000000000000053, -1.465928573558684223 ) ) ;
#1759 = EDGE_CURVE ( 'NONE', #11661, #8468, #9705, .T. ) ;
#1760 = SURFACE_SIDE_STYLE ('',( #9106 ) ) ;
#1761 = PLANE ( 'NONE',  #9265 ) ;
#1762 = EDGE_LOOP ( 'NONE', ( #7791, #320, #10693, #8078, #9225, #6676, #8165 ) ) ;
#1763 = DIRECTION ( 'NONE',  ( 1.000000000000000000, 0.0000000000000000000, -6.662906143883823286E-15 ) ) ;
#1764 = ORIENTED_EDGE ( 'NONE', *, *, #6569, .F. ) ;
#1765 = ORIENTED_EDGE ( 'NONE', *, *, #7296, .F. ) ;
#1766 = CARTESIAN_POINT ( 'NONE',  ( -0.3437758081473130112, 1.310000000000000053, -1.821317829355607820 ) ) ;
#1767 = ORIENTED_EDGE ( 'NONE', *, *, #5316, .F. ) ;
#1768 = CARTESIAN_POINT ( 'NONE',  ( -0.3335341926714792682, 1.300000000000000044, -1.862804170216505684 ) ) ;
#1769 = FILL_AREA_STYLE_COLOUR ( '', #8534 ) ;
#1770 = UNCERTAINTY_MEASURE_WITH_UNIT (LENGTH_MEASURE( 1.000000000000000082E-05 ), #8829, 'distance_accuracy_value', 'NONE');
#1771 =( NAMED_UNIT ( * ) PLANE_ANGLE_UNIT ( ) SI_UNIT ( $, .RADIAN. ) );
#1772 = VERTEX_POINT ( 'NONE', #6989 ) ;
#1773 = CARTESIAN_POINT ( 'NONE',  ( -0.2316379168720961723, 1.310000000000000053, -1.787837624449537532 ) ) ;
#1774 = LINE ( 'NONE', #730, #6943 ) ;
#1775 = CARTESIAN_POINT ( 'NONE',  ( -0.8339176898992247677, 1.300000000000000044, -1.835770464392572299 ) ) ;
#1776 = CARTESIAN_POINT ( 'NONE',  ( -0.3607238621826807656, 1.300000000000000044, -1.731586721177126087 ) ) ;
#1777 = CARTESIAN_POINT ( 'NONE',  ( -0.3414363528354890098, 1.310000000000000053, -1.377549150671263600 ) ) ;
#1778 = ORIENTED_EDGE ( 'NONE', *, *, #6564, .T. ) ;
#1779 = CARTESIAN_POINT ( 'NONE',  ( 0.7686877756811558715, 1.310000000000000053, -1.685665175252899717 ) ) ;
#1780 = CARTESIAN_POINT ( 'NONE',  ( 0.7701337959481215911, 1.310000000000000053, -1.889549482140071346 ) ) ;
#1781 = ORIENTED_EDGE ( 'NONE', *, *, #5115, .T. ) ;
#1782 = DIRECTION ( 'NONE',  ( -0.0000000000000000000, -1.000000000000000000, -0.0000000000000000000 ) ) ;
#1783 = CARTESIAN_POINT ( 'NONE',  ( 0.4274348530697836823, 1.310000000000000053, -1.791222310412815988 ) ) ;
#1784 = CARTESIAN_POINT ( 'NONE',  ( 0.4610342558878171570, -2.254437898958841391, 0.5995750358212912356 ) ) ;
#1785 = VERTEX_POINT ( 'NONE', #7968 ) ;
#1786 = CARTESIAN_POINT ( 'NONE',  ( 0.9913697944336655743, 1.300000000000000044, -1.648069503302061811 ) ) ;
#1787 = CARTESIAN_POINT ( 'NONE',  ( -0.5978926428953114103, 1.310000000000000053, -1.381084327586869609 ) ) ;
#1788 = LINE ( 'NONE', #7395, #3082 ) ;
#1789 = FACE_OUTER_BOUND ( 'NONE', #3608, .T. ) ;
#1790 = ADVANCED_FACE ( 'NONE', ( #11644 ), #8328, .F. ) ;
#1791 = FACE_OUTER_BOUND ( 'NONE', #9381, .T. ) ;
#1792 = VECTOR ( 'NONE', #11788, 1000.000000000000227 ) ;
#1793 =( NAMED_UNIT ( * ) PLANE_ANGLE_UNIT ( ) SI_UNIT ( $, .RADIAN. ) );
#1794 = ORIENTED_EDGE ( 'NONE', *, *, #81, .F. ) ;
#1795 = CARTESIAN_POINT ( 'NONE',  ( -0.4082407989589754704, 1.300000000000000044, -1.923837959904068917 ) ) ;
#1796 = ADVANCED_FACE ( 'NONE', ( #11423 ), #3113, .F. ) ;
#1797 = ORIENTED_EDGE ( 'NONE', *, *, #2534, .F. ) ;
#1798 = ADVANCED_FACE ( 'NONE', ( #3571 ), #643, .T. ) ;
#1799 =( LENGTH_UNIT ( ) NAMED_UNIT ( * ) SI_UNIT ( .MILLI., .METRE. ) );
#1800 = CARTESIAN_POINT ( 'NONE',  ( -0.3081121116173938246, 1.300000000000000044, -1.743128034048955888 ) ) ;
#1801 = PRESENTATION_STYLE_ASSIGNMENT (( #10125 ) ) ;
#1802 = PRESENTATION_STYLE_ASSIGNMENT (( #3510 ) ) ;
#1803 = FACE_BOUND ( 'NONE', #4547, .T. ) ;
#1804 = CARTESIAN_POINT ( 'NONE',  ( 1.082467030307589395, 1.310000000000000053, -1.708801030658500419 ) ) ;
#1805 = ORIENTED_EDGE ( 'NONE', *, *, #10427, .F. ) ;
#1806 = ORIENTED_EDGE ( 'NONE', *, *, #8782, .F. ) ;
#1807 = EDGE_CURVE ( 'NONE', #5123, #1987, #6255, .T. ) ;
#1808 = B_SPLINE_SURFACE_WITH_KNOTS ( 'NONE', 3, 1, ( 
 ( #10588, #1283 ),
 ( #2266, #10830 ),
 ( #5028, #7819 ),
 ( #11506, #5979 ) ),
 .UNSPECIFIED., .F., .F., .F.,
 ( 4, 4 ),
 ( 2, 2 ),
 ( 2.000000000000000000, 3.000000000000000000 ),
 ( 0.0000000000000000000, 1.000000000000000000 ),
 .UNSPECIFIED. ) ;
#1809 = EDGE_CURVE ( 'NONE', #121, #9372, #10340, .T. ) ;
#1810 = CARTESIAN_POINT ( 'NONE',  ( 0.6414409157026885744, 1.300000000000000044, -1.299586672418066025 ) ) ;
#1811 = SURFACE_STYLE_FILL_AREA ( #4696 ) ;
#1812 = CARTESIAN_POINT ( 'NONE',  ( 0.2495784421214476134, 1.300000000000000044, -1.617703849943914918 ) ) ;
#1813 = PLANE ( 'NONE',  #9886 ) ;
#1814 = EDGE_CURVE ( 'NONE', #9712, #3378, #11741, .T. ) ;
#1815 = CARTESIAN_POINT ( 'NONE',  ( 0.7137403018118727571, 1.310000000000000053, -1.801344231639346205 ) ) ;
#1816 = DIRECTION ( 'NONE',  ( -1.000000000000000000, 0.0000000000000000000, 2.981400461857164551E-15 ) ) ;
#1817 = ORIENTED_EDGE ( 'NONE', *, *, #7995, .F. ) ;
#1818 =( NAMED_UNIT ( * ) SI_UNIT ( $, .STERADIAN. ) SOLID_ANGLE_UNIT ( ) );
#1819 = EDGE_LOOP ( 'NONE', ( #1151, #10467, #9821, #8654 ) ) ;
#1820 = ORIENTED_EDGE ( 'NONE', *, *, #2541, .T. ) ;
#1821 = CARTESIAN_POINT ( 'NONE',  ( -0.1729955703921096100, 1.300000000000000044, -1.820797950398037601 ) ) ;
#1822 = FACE_OUTER_BOUND ( 'NONE', #4845, .T. ) ;
#1823 = ORIENTED_EDGE ( 'NONE', *, *, #9001, .T. ) ;
#1824 = CARTESIAN_POINT ( 'NONE',  ( -0.9841627088063191753, 1.300000000000000044, -1.708919998602292711 ) ) ;
#1825 =( GEOMETRIC_REPRESENTATION_CONTEXT ( 3 ) GLOBAL_UNCERTAINTY_ASSIGNED_CONTEXT ( ( #9013 ) ) GLOBAL_UNIT_ASSIGNED_CONTEXT ( ( #7863, #6035, #9774 ) ) REPRESENTATION_CONTEXT ( 'NONE', 'WORKASPACE' ) );
#1826 = UNCERTAINTY_MEASURE_WITH_UNIT (LENGTH_MEASURE( 1.000000000000000082E-05 ), #4668, 'distance_accuracy_value', 'NONE');
#1827 = EDGE_CURVE ( 'NONE', #8257, #3133, #1622, .T. ) ;
#1828 = SURFACE_STYLE_FILL_AREA ( #8982 ) ;
#1829 = SURFACE_STYLE_USAGE ( .BOTH. , #7550 ) ;
#1830 = CARTESIAN_POINT ( 'NONE',  ( -0.7300150446537351234, -2.181428646958420536, -0.1978501973809586589 ) ) ;
#1831 = FILL_AREA_STYLE_COLOUR ( '', #6876 ) ;
#1832 = STYLED_ITEM ( 'NONE', ( #7620 ), #4434 ) ;
#1833 = B_SPLINE_CURVE_WITH_KNOTS ( 'NONE', 3,
 ( #3350, #1345, #1519, #8773 ),
 .UNSPECIFIED., .F., .F.,
 ( 4, 4 ),
 ( 1.000000000000000000, 2.000000000000000000 ),
 .UNSPECIFIED. ) ;
#1834 = ORIENTED_EDGE ( 'NONE', *, *, #9174, .F. ) ;
#1835 = CARTESIAN_POINT ( 'NONE',  ( 0.7961615539861747193, 1.310000000000000053, -1.395021831191410877 ) ) ;
#1836 = PRESENTATION_STYLE_ASSIGNMENT (( #7377 ) ) ;
#1837 = CARTESIAN_POINT ( 'NONE',  ( -0.3483507429787453535, 1.310000000000000053, -1.731586721177126087 ) ) ;
#1838 = CARTESIAN_POINT ( 'NONE',  ( -0.7173088395840806486, 1.310000000000000053, -1.354154597554450667 ) ) ;
#1839 = CARTESIAN_POINT ( 'NONE',  ( -0.1864604354083122251, 1.300000000000000044, -1.883599328542719498 ) ) ;
#1840 = FILL_AREA_STYLE_COLOUR ( '', #3974 ) ;
#1841 = PRESENTATION_LAYER_ASSIGNMENT (  '', '', ( #3798 ) ) ;
#1842 = VERTEX_POINT ( 'NONE', #10927 ) ;
#1843 = DIRECTION ( 'NONE',  ( 0.0000000000000000000, 0.0000000000000000000, 1.000000000000000000 ) ) ;
#1844 = CARTESIAN_POINT ( 'NONE',  ( -0.6183238859512261154, 1.310000000000000053, -1.510014309210187200 ) ) ;
#1845 = AXIS2_PLACEMENT_3D ( 'NONE', #8232, #7311, #11021 ) ;
#1846 = FILL_AREA_STYLE_COLOUR ( '', #3054 ) ;
#1847 = ORIENTED_EDGE ( 'NONE', *, *, #11902, .F. ) ;
#1848 = CARTESIAN_POINT ( 'NONE',  ( 0.5763715206068691366, 1.300000000000000044, -1.386345902652514672 ) ) ;
#1849 = CARTESIAN_POINT ( 'NONE',  ( -0.1515765573154281010, 1.300000000000000044, -1.380668424420818718 ) ) ;
#1850 = EDGE_CURVE ( 'NONE', #6141, #8880, #7014, .T. ) ;
#1851 = FILL_AREA_STYLE ('',( #1983 ) ) ;
#1852 = CARTESIAN_POINT ( 'NONE',  ( -0.7173088395840808706, 1.300000000000000044, -1.354154597554450223 ) ) ;
#1853 =( LENGTH_UNIT ( ) NAMED_UNIT ( * ) SI_UNIT ( .MILLI., .METRE. ) );
#1854 = ORIENTED_EDGE ( 'NONE', *, *, #4976, .F. ) ;
#1855 = FILL_AREA_STYLE ('',( #3759 ) ) ;
#1856 = MECHANICAL_DESIGN_GEOMETRIC_PRESENTATION_REPRESENTATION (  '', ( #7701 ), #10311 ) ;
#1857 = UNCERTAINTY_MEASURE_WITH_UNIT (LENGTH_MEASURE( 1.000000000000000082E-05 ), #6526, 'distance_accuracy_value', 'NONE');
#1858 = SURFACE_SIDE_STYLE ('',( #24 ) ) ;
#1859 = DIRECTION ( 'NONE',  ( -1.000000000000000000, -0.0000000000000000000, 7.681361410846067112E-15 ) ) ;
#1860 = CARTESIAN_POINT ( 'NONE',  ( -0.03288819116795170527, 1.310000000000000053, -1.856981525884835449 ) ) ;
#1861 =( NAMED_UNIT ( * ) PLANE_ANGLE_UNIT ( ) SI_UNIT ( $, .RADIAN. ) );
#1862 = CARTESIAN_POINT ( 'NONE',  ( -0.2917879123311050149, 1.310000000000000053, -1.774112819954545062 ) ) ;
#1863 = VERTEX_POINT ( 'NONE', #2469 ) ;
#1864 = VERTEX_POINT ( 'NONE', #8205 ) ;
#1865 = FILL_AREA_STYLE ('',( #2653 ) ) ;
#1866 = FILL_AREA_STYLE_COLOUR ( '', #6798 ) ;
#1867 = FILL_AREA_STYLE_COLOUR ( '', #9408 ) ;
#1868 = EDGE_CURVE ( 'NONE', #2018, #2779, #7285, .T. ) ;
#1869 =( NAMED_UNIT ( * ) SI_UNIT ( $, .STERADIAN. ) SOLID_ANGLE_UNIT ( ) );
#1870 = SURFACE_STYLE_FILL_AREA ( #11413 ) ;
#1871 = COLOUR_RGB ( '',1.000000000000000000, 1.000000000000000000, 1.000000000000000000 ) ;
#1872 = SURFACE_STYLE_FILL_AREA ( #10198 ) ;
#1873 = CARTESIAN_POINT ( 'NONE',  ( -1.020000000000000018, 0.2000000000000000111, -7.249999999999999112 ) ) ;
#1874 = ORIENTED_EDGE ( 'NONE', *, *, #3317, .F. ) ;
#1875 =( NAMED_UNIT ( * ) PLANE_ANGLE_UNIT ( ) SI_UNIT ( $, .RADIAN. ) );
#1876 = ORIENTED_EDGE ( 'NONE', *, *, #8261, .T. ) ;
#1877 = ORIENTED_EDGE ( 'NONE', *, *, #10143, .F. ) ;
#1878 = SURFACE_SIDE_STYLE ('',( #7612 ) ) ;
#1879 = VERTEX_POINT ( 'NONE', #9159 ) ;
#1880 = DIRECTION ( 'NONE',  ( -9.351971403878175235E-15, 0.0000000000000000000, -1.000000000000000000 ) ) ;
#1881 = DIRECTION ( 'NONE',  ( -1.000000000000000000, -0.0000000000000000000, 7.929618338664232836E-15 ) ) ;
#1882 = VECTOR ( 'NONE', #3791, 1000.000000000000000 ) ;
#1883 = DIRECTION ( 'NONE',  ( 0.0000000000000000000, 0.0000000000000000000, -1.000000000000000000 ) ) ;
#1884 = DIRECTION ( 'NONE',  ( 1.000000000000000000, 0.0000000000000000000, -0.0000000000000000000 ) ) ;
#1885 = DIRECTION ( 'NONE',  ( 0.0000000000000000000, -1.000000000000000000, 0.0000000000000000000 ) ) ;
#1886 = EDGE_CURVE ( 'NONE', #11297, #8231, #8186, .T. ) ;
#1887 = FILL_AREA_STYLE_COLOUR ( '', #11981 ) ;
#1888 = CARTESIAN_POINT ( 'NONE',  ( -0.9235448222848102739, 1.300000000000000044, -1.880168127418616608 ) ) ;
#1889 =( GEOMETRIC_REPRESENTATION_CONTEXT ( 3 ) GLOBAL_UNCERTAINTY_ASSIGNED_CONTEXT ( ( #7126 ) ) GLOBAL_UNIT_ASSIGNED_CONTEXT ( ( #5100, #7080, #7030 ) ) REPRESENTATION_CONTEXT ( 'NONE', 'WORKASPACE' ) );
#1890 = DIRECTION ( 'NONE',  ( 0.0000000000000000000, 0.0000000000000000000, 1.000000000000000000 ) ) ;
#1891 = EDGE_CURVE ( 'NONE', #4820, #7482, #11925, .T. ) ;
#1892 =( GEOMETRIC_REPRESENTATION_CONTEXT ( 3 ) GLOBAL_UNCERTAINTY_ASSIGNED_CONTEXT ( ( #2674 ) ) GLOBAL_UNIT_ASSIGNED_CONTEXT ( ( #4128, #8898, #2394 ) ) REPRESENTATION_CONTEXT ( 'NONE', 'WORKASPACE' ) );
#1893 = ORIENTED_EDGE ( 'NONE', *, *, #10519, .F. ) ;
#1894 = CARTESIAN_POINT ( 'NONE',  ( -0.1403991597152866311, 1.310000000000000053, -1.841281181348327634 ) ) ;
#1895 =( LENGTH_UNIT ( ) NAMED_UNIT ( * ) SI_UNIT ( .MILLI., .METRE. ) );
#1896 = CARTESIAN_POINT ( 'NONE',  ( -0.3607238621826807656, 1.310000000000000053, -1.731586721177126087 ) ) ;
#1897 = SURFACE_SIDE_STYLE ('',( #9541 ) ) ;
#1898 = PRESENTATION_LAYER_ASSIGNMENT (  '', '', ( #7134 ) ) ;
#1899 = LINE ( 'NONE', #3924, #1498 ) ;
#1900 = VECTOR ( 'NONE', #8068, 1000.000000000000000 ) ;
#1901 = B_SPLINE_CURVE_WITH_KNOTS ( 'NONE', 3,
 ( #3979, #251, #11318, #10474 ),
 .UNSPECIFIED., .F., .F.,
 ( 4, 4 ),
 ( 26.00000000000000000, 27.00000000000000000 ),
 .UNSPECIFIED. ) ;
#1902 = VECTOR ( 'NONE', #9695, 1000.000000000000000 ) ;
#1903 =( NAMED_UNIT ( * ) SI_UNIT ( $, .STERADIAN. ) SOLID_ANGLE_UNIT ( ) );
#1904 = EDGE_CURVE ( 'NONE', #3056, #883, #5996, .T. ) ;
#1905 = FILL_AREA_STYLE ('',( #60 ) ) ;
#1906 = EDGE_CURVE ( 'NONE', #7086, #2744, #5289, .T. ) ;
#1907 = B_SPLINE_CURVE_WITH_KNOTS ( 'NONE', 3,
 ( #4462, #3661, #7491, #9049 ),
 .UNSPECIFIED., .F., .F.,
 ( 4, 4 ),
 ( 7.000000000000000000, 8.000000000000000000 ),
 .UNSPECIFIED. ) ;
#1908 = EDGE_CURVE ( 'NONE', #3482, #4290, #11901, .T. ) ;
#1909 = VECTOR ( 'NONE', #8143, 1000.000000000000000 ) ;
#1910 = CARTESIAN_POINT ( 'NONE',  ( -0.2744759430247428744, 1.300000000000000044, -1.523947065288208336 ) ) ;
#1911 = ORIENTED_EDGE ( 'NONE', *, *, #5611, .T. ) ;
#1912 = VECTOR ( 'NONE', #11158, 1000.000000000000000 ) ;
#1913 = CARTESIAN_POINT ( 'NONE',  ( 0.9913697944336655743, 1.300000000000000044, -1.648069503302061811 ) ) ;
#1914 = PRESENTATION_LAYER_ASSIGNMENT (  '', '', ( #1708 ) ) ;
#1915 = ADVANCED_FACE ( 'NONE', ( #11141 ), #2280, .F. ) ;
#1916 = MECHANICAL_DESIGN_GEOMETRIC_PRESENTATION_REPRESENTATION (  '', ( #1712 ), #8894 ) ;
#1917 = B_SPLINE_SURFACE_WITH_KNOTS ( 'NONE', 3, 1, ( 
 ( #5319, #6959 ),
 ( #565, #5267 ),
 ( #7024, #10658 ),
 ( #617, #10716 ) ),
 .UNSPECIFIED., .F., .F., .F.,
 ( 4, 4 ),
 ( 2, 2 ),
 ( 19.00000000000000000, 20.00000000000000000 ),
 ( 0.0000000000000000000, 1.000000000000000000 ),
 .UNSPECIFIED. ) ;
#1918 = CARTESIAN_POINT ( 'NONE',  ( 0.8149593761715847595, 1.310000000000000053, -1.419603610333215693 ) ) ;
#1919 = CARTESIAN_POINT ( 'NONE',  ( -1.020000000000000018, 0.2000000000000000111, -7.249999999999999112 ) ) ;
#1920 = CARTESIAN_POINT ( 'NONE',  ( -0.3645709664735256039, 1.310000000000000053, -1.803849896361983118 ) ) ;
#1921 = CARTESIAN_POINT ( 'NONE',  ( -0.3151824654486052313, 1.310000000000000053, -1.557531245985788182 ) ) ;
#1922 = COLOUR_RGB ( '',1.000000000000000000, 1.000000000000000000, 1.000000000000000000 ) ;
#1923 = STYLED_ITEM ( 'NONE', ( #3657 ), #5778 ) ;
#1924 = STYLED_ITEM ( 'NONE', ( #1454 ), #7861 ) ;
#1925 = SURFACE_STYLE_FILL_AREA ( #9508 ) ;
#1926 = CARTESIAN_POINT ( 'NONE',  ( 0.9508821922696598650, 1.310000000000000053, -1.866413599154459924 ) ) ;
#1927 = EDGE_LOOP ( 'NONE', ( #5564, #4915, #785, #1461, #5438, #3647, #3401, #5334, #218, #10733, #1486, #3444, #2361, #5784, #6078, #6807, #2995, #1318, #6678, #11392, #7606, #8608, #1993, #964, #4969, #638, #3291, #1874, #5231, #2258, #7777, #9868, #7983 ) ) ;
#1928 = CARTESIAN_POINT ( 'NONE',  ( -0.7730918517946856472, 1.310000000000000053, -1.501904197462452295 ) ) ;
#1929 = VECTOR ( 'NONE', #8917, 1000.000000000000000 ) ;
#1930 = MECHANICAL_DESIGN_GEOMETRIC_PRESENTATION_REPRESENTATION (  '', ( #1324 ), #6570 ) ;
#1931 = PRESENTATION_LAYER_ASSIGNMENT (  '', '', ( #8903 ) ) ;
#1932 = CARTESIAN_POINT ( 'NONE',  ( -1.897366596101027536, 1.300000000000000044, 2.250000000000000000 ) ) ;
#1933 = CARTESIAN_POINT ( 'NONE',  ( 0.7137403018118723130, 1.310000000000000053, -1.863521668941986453 ) ) ;
#1934 = ORIENTED_EDGE ( 'NONE', *, *, #4080, .T. ) ;
#1935 = VERTEX_POINT ( 'NONE', #4593 ) ;
#1936 =( NAMED_UNIT ( * ) PLANE_ANGLE_UNIT ( ) SI_UNIT ( $, .RADIAN. ) );
#1937 = COLOUR_RGB ( '',1.000000000000000000, 1.000000000000000000, 1.000000000000000000 ) ;
#1938 = CARTESIAN_POINT ( 'NONE',  ( -0.1319771205930077296, 1.310000000000000053, -1.400631776413535867 ) ) ;
#1939 = COLOUR_RGB ( '',0.7529411764705882248, 0.7529411764705882248, 0.7529411764705882248 ) ;
#1940 =( NAMED_UNIT ( * ) SI_UNIT ( $, .STERADIAN. ) SOLID_ANGLE_UNIT ( ) );
#1941 = UNCERTAINTY_MEASURE_WITH_UNIT (LENGTH_MEASURE( 1.000000000000000082E-05 ), #4907, 'distance_accuracy_value', 'NONE');
#1942 = EDGE_CURVE ( 'NONE', #9944, #2663, #678, .T. ) ;
#1943 = STYLED_ITEM ( 'NONE', ( #6745 ), #10412 ) ;
#1944 = DIRECTION ( 'NONE',  ( 0.0000000000000000000, 0.0000000000000000000, -1.000000000000000000 ) ) ;
#1945 = SURFACE_SIDE_STYLE ('',( #6539 ) ) ;
#1946 = CARTESIAN_POINT ( 'NONE',  ( 0.0000000000000000000, -1.500000000000000000, 0.0000000000000000000 ) ) ;
#1947 = MECHANICAL_DESIGN_GEOMETRIC_PRESENTATION_REPRESENTATION (  '', ( #10077 ), #1162 ) ;
#1948 = SURFACE_STYLE_FILL_AREA ( #11174 ) ;
#1949 = ORIENTED_EDGE ( 'NONE', *, *, #7264, .T. ) ;
#1950 = MECHANICAL_DESIGN_GEOMETRIC_PRESENTATION_REPRESENTATION (  '', ( #10869 ), #6404 ) ;
#1951 = ORIENTED_EDGE ( 'NONE', *, *, #9008, .F. ) ;
#1952 = VERTEX_POINT ( 'NONE', #2564 ) ;
#1953 = DIRECTION ( 'NONE',  ( 8.087211335137715864E-15, -0.0000000000000000000, 1.000000000000000000 ) ) ;
#1954 = FILL_AREA_STYLE ('',( #10276 ) ) ;
#1955 = VECTOR ( 'NONE', #4824, 1000.000000000000000 ) ;
#1956 = ORIENTED_EDGE ( 'NONE', *, *, #6111, .F. ) ;
#1957 = CARTESIAN_POINT ( 'NONE',  ( -0.6009599287491103059, 1.310000000000000053, -1.479341450679135361 ) ) ;
#1958 = SURFACE_STYLE_FILL_AREA ( #10151 ) ;
#1959 = CARTESIAN_POINT ( 'NONE',  ( -0.2407357986398914185, 1.300000000000000044, -1.560962447109883522 ) ) ;
#1960 = CARTESIAN_POINT ( 'NONE',  ( -0.09833573756029338753, -2.299999999999999822, 0.7500000000000000000 ) ) ;
#1961 = ADVANCED_FACE ( 'NONE', ( #8363 ), #4531, .F. ) ;
#1962 = MECHANICAL_DESIGN_GEOMETRIC_PRESENTATION_REPRESENTATION (  '', ( #8929 ), #7796 ) ;
#1963 = ORIENTED_EDGE ( 'NONE', *, *, #7611, .T. ) ;
#1964 = FILL_AREA_STYLE ('',( #4953 ) ) ;
#1965 = SURFACE_STYLE_USAGE ( .BOTH. , #185 ) ;
#1966 = CARTESIAN_POINT ( 'NONE',  ( -0.1528762547114260184, 1.310000000000000053, -1.872161991463786812 ) ) ;
#1967 = PRESENTATION_STYLE_ASSIGNMENT (( #6513 ) ) ;
#1968 = CARTESIAN_POINT ( 'NONE',  ( -0.1697203329552827156, 1.310000000000000053, -1.516148880916399655 ) ) ;
#1969 = MECHANICAL_DESIGN_GEOMETRIC_PRESENTATION_REPRESENTATION (  '', ( #1563 ), #7605 ) ;
#1970 =( NAMED_UNIT ( * ) SI_UNIT ( $, .STERADIAN. ) SOLID_ANGLE_UNIT ( ) );
#1971 =( NAMED_UNIT ( * ) PLANE_ANGLE_UNIT ( ) SI_UNIT ( $, .RADIAN. ) );
#1972 = B_SPLINE_CURVE_WITH_KNOTS ( 'NONE', 3,
 ( #8054, #11717, #7197, #11957 ),
 .UNSPECIFIED., .F., .F.,
 ( 4, 4 ),
 ( 27.00000000000000000, 28.00000000000000000 ),
 .UNSPECIFIED. ) ;
#1973 = DIRECTION ( 'NONE',  ( 1.000000000000000000, -0.0000000000000000000, -7.724035640601776206E-15 ) ) ;
#1974 = CARTESIAN_POINT ( 'NONE',  ( -0.2916319486438345709, 1.310000000000000053, -1.875073313628925264 ) ) ;
#1975 = ORIENTED_EDGE ( 'NONE', *, *, #1295, .T. ) ;
#1976 = CARTESIAN_POINT ( 'NONE',  ( -0.7271345518931688900, 1.310000000000000053, -1.394393228915806526 ) ) ;
#1977 = COLOUR_RGB ( '',1.000000000000000000, 1.000000000000000000, 1.000000000000000000 ) ;
#1978 = DIRECTION ( 'NONE',  ( 0.0000000000000000000, 0.0000000000000000000, -1.000000000000000000 ) ) ;
#1979 = ORIENTED_EDGE ( 'NONE', *, *, #6962, .F. ) ;
#1980 =( LENGTH_UNIT ( ) NAMED_UNIT ( * ) SI_UNIT ( .MILLI., .METRE. ) );
#1981 = CARTESIAN_POINT ( 'NONE',  ( 0.0000000000000000000, 0.0000000000000000000, 2.250000000000000000 ) ) ;
#1982 = CARTESIAN_POINT ( 'NONE',  ( -0.1403991597152866311, 1.310000000000000053, -1.841281181348327634 ) ) ;
#1983 = FILL_AREA_STYLE_COLOUR ( '', #9397 ) ;
#1984 = ADVANCED_FACE ( 'NONE', ( #2697 ), #1598, .F. ) ;
#1985 = PRESENTATION_STYLE_ASSIGNMENT (( #3756 ) ) ;
#1986 = CARTESIAN_POINT ( 'NONE',  ( 0.9899238569074473304, 1.310000000000000053, -1.843277826490301585 ) ) ;
#1987 = VERTEX_POINT ( 'NONE', #5883 ) ;
#1988 = PLANE ( 'NONE',  #4853 ) ;
#1989 = PRESENTATION_STYLE_ASSIGNMENT (( #5652 ) ) ;
#1990 =( NAMED_UNIT ( * ) SI_UNIT ( $, .STERADIAN. ) SOLID_ANGLE_UNIT ( ) );
#1991 = FILL_AREA_STYLE ('',( #3622 ) ) ;
#1992 = VERTEX_POINT ( 'NONE', #5836 ) ;
#1993 = ORIENTED_EDGE ( 'NONE', *, *, #4871, .F. ) ;
#1994 = CARTESIAN_POINT ( 'NONE',  ( 0.8004995320456289587, 1.300000000000000044, -1.776762438707540470 ) ) ;
#1995 = CARTESIAN_POINT ( 'NONE',  ( -0.3142986712193585053, 1.300000000000000044, -1.809880492276675135 ) ) ;
#1996 = COLOUR_RGB ( '',1.000000000000000000, 1.000000000000000000, 1.000000000000000000 ) ;
#1997 =( NAMED_UNIT ( * ) PLANE_ANGLE_UNIT ( ) SI_UNIT ( $, .RADIAN. ) );
#1998 = DIRECTION ( 'NONE',  ( -1.000000000000000000, -0.0000000000000000000, 5.524475822672533101E-15 ) ) ;
#1999 =( LENGTH_UNIT ( ) NAMED_UNIT ( * ) SI_UNIT ( .MILLI., .METRE. ) );
#2000 = DIRECTION ( 'NONE',  ( -7.899581905746808426E-15, 0.0000000000000000000, -1.000000000000000000 ) ) ;
#2001 = CARTESIAN_POINT ( 'NONE',  ( -0.3483507429787457976, 1.300000000000000044, -1.797819300447283108 ) ) ;
#2002 = CARTESIAN_POINT ( 'NONE',  ( -0.1403991597152866311, 1.300000000000000044, -1.841281181348327634 ) ) ;
#2003 = ORIENTED_EDGE ( 'NONE', *, *, #8004, .T. ) ;
#2004 = FILL_AREA_STYLE ('',( #10327 ) ) ;
#2005 = VERTEX_POINT ( 'NONE', #4982 ) ;
#2006 = EDGE_LOOP ( 'NONE', ( #8531, #448, #4090, #232, #8200, #3638 ) ) ;
#2007 = EDGE_CURVE ( 'NONE', #10993, #8798, #1238, .T. ) ;
#2008 = SURFACE_SIDE_STYLE ('',( #1029 ) ) ;
#2009 = ORIENTED_EDGE ( 'NONE', *, *, #5042, .T. ) ;
#2010 = CARTESIAN_POINT ( 'NONE',  ( -0.9830709629954320627, 1.300000000000000044, -1.713702885017445388 ) ) ;
#2011 = SURFACE_SIDE_STYLE ('',( #1159 ) ) ;
#2012 = CARTESIAN_POINT ( 'NONE',  ( -0.4182744628510884910, 1.310000000000000053, -1.948584198313327409 ) ) ;
#2013 = FACE_OUTER_BOUND ( 'NONE', #10811, .T. ) ;
#2014 = CARTESIAN_POINT ( 'NONE',  ( -0.3180417997179912359, 1.310000000000000053, -1.771825352538485943 ) ) ;
#2015 = EDGE_CURVE ( 'NONE', #9005, #5800, #2832, .T. ) ;
#2016 = CARTESIAN_POINT ( 'NONE',  ( -0.1545918552727805206, 1.300000000000000044, -1.745103574089093001 ) ) ;
#2017 = DIRECTION ( 'NONE',  ( 1.000000000000000000, 0.0000000000000000000, -0.0000000000000000000 ) ) ;
#2018 = VERTEX_POINT ( 'NONE', #9384 ) ;
#2019 = CARTESIAN_POINT ( 'NONE',  ( 0.5763715206068691366, 1.300000000000000044, -1.386345902652514672 ) ) ;
#2020 = STYLED_ITEM ( 'NONE', ( #5857 ), #4502 ) ;
#2021 = PRESENTATION_STYLE_ASSIGNMENT (( #2690 ) ) ;
#2022 = PLANE ( 'NONE',  #701 ) ;
#2023 = ORIENTED_EDGE ( 'NONE', *, *, #6717, .T. ) ;
#2024 = CARTESIAN_POINT ( 'NONE',  ( -0.3635831964527600491, 1.300000000000000044, -1.837538052849685188 ) ) ;
#2025 = SURFACE_STYLE_USAGE ( .BOTH. , #8649 ) ;
#2026 = SURFACE_STYLE_FILL_AREA ( #117 ) ;
#2027 = EDGE_CURVE ( 'NONE', #1099, #7215, #2894, .T. ) ;
#2028 = CARTESIAN_POINT ( 'NONE',  ( 9.184850993605150903E-17, -1.500000000000000000, 0.7500000000000001110 ) ) ;
#2029 = ADVANCED_FACE ( 'NONE', ( #9513 ), #7514, .F. ) ;
#2030 = VECTOR ( 'NONE', #5018, 1000.000000000000000 ) ;
#2031 = ORIENTED_EDGE ( 'NONE', *, *, #68, .F. ) ;
#2032 = EDGE_CURVE ( 'NONE', #4609, #10993, #1467, .T. ) ;
#2033 = DIRECTION ( 'NONE',  ( -0.3315284183576373556, -0.0000000000000000000, 0.9434452330799512065 ) ) ;
#2034 = VERTEX_POINT ( 'NONE', #5766 ) ;
#2035 = UNCERTAINTY_MEASURE_WITH_UNIT (LENGTH_MEASURE( 1.000000000000000082E-05 ), #7744, 'distance_accuracy_value', 'NONE');
#2036 = CARTESIAN_POINT ( 'NONE',  ( -0.4892379406406413556, 1.310000000000000053, -1.534344644452003248 ) ) ;
#2037 = VERTEX_POINT ( 'NONE', #3012 ) ;
#2038 = CARTESIAN_POINT ( 'NONE',  ( -0.6183238859512255603, 1.300000000000000044, -1.399072139539447868 ) ) ;
#2039 = CARTESIAN_POINT ( 'NONE',  ( -0.5978926428953125205, 1.300000000000000044, -1.529041879079284350 ) ) ;
#2040 = CARTESIAN_POINT ( 'NONE',  ( -0.1528762547114260184, 1.310000000000000053, -1.872161991463786812 ) ) ;
#2041 = DIRECTION ( 'NONE',  ( 1.000000000000000000, -0.0000000000000000000, -7.474873200869004569E-15 ) ) ;
#2043 = VERTEX_POINT ( 'NONE', #6720 ) ;
#2042 = COLOUR_RGB ( '',0.2509803921568627416, 0.2509803921568627416, 0.2509803921568627416 ) ;
#2044 = LINE ( 'NONE', #8429, #3641 ) ;
#2045 =( NAMED_UNIT ( * ) SI_UNIT ( $, .STERADIAN. ) SOLID_ANGLE_UNIT ( ) );
#2046 = CARTESIAN_POINT ( 'NONE',  ( 1.021735571901198902, 1.300000000000000044, -1.808574112331950756 ) ) ;
#2047 = SURFACE_SIDE_STYLE ('',( #7776 ) ) ;
#2048 = EDGE_CURVE ( 'NONE', #3836, #2374, #323, .T. ) ;
#2049 = EDGE_LOOP ( 'NONE', ( #6684, #2753, #805, #3868 ) ) ;
#2050 = ORIENTED_EDGE ( 'NONE', *, *, #10426, .F. ) ;
#2051 = DIRECTION ( 'NONE',  ( 6.397207432700281273E-15, 0.0000000000000000000, 1.000000000000000000 ) ) ;
#2052 = EDGE_CURVE ( 'NONE', #11369, #4452, #9615, .T. ) ;
#2053 = PRESENTATION_STYLE_ASSIGNMENT (( #8438 ) ) ;
#2054 = UNCERTAINTY_MEASURE_WITH_UNIT (LENGTH_MEASURE( 1.000000000000000082E-05 ), #10300, 'distance_accuracy_value', 'NONE');
#2055 = PRESENTATION_LAYER_ASSIGNMENT (  '', '', ( #10395 ) ) ;
#2056 = ADVANCED_FACE ( 'NONE', ( #6103 ), #6162, .F. ) ;
#2057 = CARTESIAN_POINT ( 'NONE',  ( 1.520000000000000018, -0.2000000000000000111, -7.249999999999999112 ) ) ;
#2058 = CARTESIAN_POINT ( 'NONE',  ( -0.1711240061427868886, 1.310000000000000053, -1.396992623706414305 ) ) ;
#2059 = CYLINDRICAL_SURFACE ( 'NONE', #11063, 0.7500000000000001110 ) ;
#2060 =( LENGTH_UNIT ( ) NAMED_UNIT ( * ) SI_UNIT ( .MILLI., .METRE. ) );
#2061 = CARTESIAN_POINT ( 'NONE',  ( -0.006634303781056453270, 1.300000000000000044, -1.557531245985790624 ) ) ;
#2062 = ORIENTED_EDGE ( 'NONE', *, *, #9199, .T. ) ;
#2063 = B_SPLINE_CURVE_WITH_KNOTS ( 'NONE', 3,
 ( #9561, #1237, #4981, #9382 ),
 .UNSPECIFIED., .F., .F.,
 ( 4, 4 ),
 ( 12.00000000000000000, 13.00000000000000000 ),
 .UNSPECIFIED. ) ;
#2064 = ORIENTED_EDGE ( 'NONE', *, *, #11657, .T. ) ;
#2065 = ORIENTED_EDGE ( 'NONE', *, *, #8283, .F. ) ;
#2066 = LINE ( 'NONE', #416, #8338 ) ;
#2067 = ORIENTED_EDGE ( 'NONE', *, *, #8230, .F. ) ;
#2068 = PRESENTATION_STYLE_ASSIGNMENT (( #6741 ) ) ;
#2069 = DIRECTION ( 'NONE',  ( -0.0000000000000000000, -1.000000000000000000, -0.0000000000000000000 ) ) ;
#2070 = CARTESIAN_POINT ( 'NONE',  ( -0.5511035366603118657, 1.310000000000000053, -1.557531245985786850 ) ) ;
#2071 = SURFACE_STYLE_FILL_AREA ( #3038 ) ;
#2072 = CARTESIAN_POINT ( 'NONE',  ( -0.2916319486438343489, 1.310000000000000053, -1.848767438346978098 ) ) ;
#2073 = B_SPLINE_CURVE_WITH_KNOTS ( 'NONE', 3,
 ( #11884, #2745, #8932, #9823 ),
 .UNSPECIFIED., .F., .F.,
 ( 4, 4 ),
 ( 5.000000000000000000, 6.000000000000000000 ),
 .UNSPECIFIED. ) ;
#2074 = VECTOR ( 'NONE', #4749, 1000.000000000000000 ) ;
#2075 = SURFACE_STYLE_FILL_AREA ( #7558 ) ;
#2076 = CARTESIAN_POINT ( 'NONE',  ( -0.5647763532609274550, 1.300000000000000044, -1.527274290620787456 ) ) ;
#2077 = ORIENTED_EDGE ( 'NONE', *, *, #9613, .F. ) ;
#2078 = DIRECTION ( 'NONE',  ( -0.0000000000000000000, -1.000000000000000000, -0.0000000000000000000 ) ) ;
#2079 = SURFACE_STYLE_FILL_AREA ( #2143 ) ;
#2080 = DIRECTION ( 'NONE',  ( 1.000000000000000000, -0.0000000000000000000, -0.0000000000000000000 ) ) ;
#2081 = FILL_AREA_STYLE_COLOUR ( '', #8862 ) ;
#2082 = PRESENTATION_LAYER_ASSIGNMENT (  '', '', ( #11564 ) ) ;
#2083 = ORIENTED_EDGE ( 'NONE', *, *, #9283, .F. ) ;
#2084 = CARTESIAN_POINT ( 'NONE',  ( 0.0000000000000000000, -1.500000000000000000, 0.0000000000000000000 ) ) ;
#2085 = LINE ( 'NONE', #9494, #5575 ) ;
#2086 = DIRECTION ( 'NONE',  ( 5.962800923771145230E-15, -0.0000000000000000000, 1.000000000000000000 ) ) ;
#2088 = EDGE_CURVE ( 'NONE', #383, #10973, #570, .T. ) ;
#2087 = VECTOR ( 'NONE', #11139, 1000.000000000000000 ) ;
#2089 = FACE_OUTER_BOUND ( 'NONE', #11669, .T. ) ;
#2090 = VECTOR ( 'NONE', #8009, 1000.000000000000000 ) ;
#2091 = ORIENTED_EDGE ( 'NONE', *, *, #5882, .T. ) ;
#2092 = CARTESIAN_POINT ( 'NONE',  ( -0.9430922711114669843, 1.310000000000000053, -1.824541078896672941 ) ) ;
#2093 = ORIENTED_EDGE ( 'NONE', *, *, #1006, .T. ) ;
#2094 = VERTEX_POINT ( 'NONE', #3367 ) ;
#2095 = CARTESIAN_POINT ( 'NONE',  ( -0.4246689740367723953, 1.310000000000000053, -1.948584198313327409 ) ) ;
#2096 = DIRECTION ( 'NONE',  ( 1.000000000000000000, 0.0000000000000000000, -7.057494494354875275E-15 ) ) ;
#2097 = PLANE ( 'NONE',  #6016 ) ;
#2098 = AXIS2_PLACEMENT_3D ( 'NONE', #6541, #4699, #9286 ) ;
#2099 = VECTOR ( 'NONE', #11104, 1000.000000000000000 ) ;
#2100 = COLOUR_RGB ( '',1.000000000000000000, 1.000000000000000000, 1.000000000000000000 ) ;
#2101 = COLOUR_RGB ( '',1.000000000000000000, 1.000000000000000000, 1.000000000000000000 ) ;
#2102 = ORIENTED_EDGE ( 'NONE', *, *, #1719, .T. ) ;
#2103 = CARTESIAN_POINT ( 'NONE',  ( -0.2262831636029221938, 1.310000000000000053, -1.350723396430359990 ) ) ;
#2104 = AXIS2_PLACEMENT_3D ( 'NONE', #10996, #3723, #8215 ) ;
#2105 = CARTESIAN_POINT ( 'NONE',  ( -0.1528762547114260184, 1.310000000000000053, -1.872161991463786812 ) ) ;
#2106 =( LENGTH_UNIT ( ) NAMED_UNIT ( * ) SI_UNIT ( .MILLI., .METRE. ) );
#2107 =( NAMED_UNIT ( * ) SI_UNIT ( $, .STERADIAN. ) SOLID_ANGLE_UNIT ( ) );
#2108 = STYLED_ITEM ( 'NONE', ( #9638 ), #3993 ) ;
#2109 = VECTOR ( 'NONE', #8022, 1000.000000000000000 ) ;
#2110 = ORIENTED_EDGE ( 'NONE', *, *, #10446, .F. ) ;
#2111 = PRESENTATION_STYLE_ASSIGNMENT (( #3015 ) ) ;
#2112 = STYLED_ITEM ( 'NONE', ( #2612 ), #5807 ) ;
#2113 = PLANE ( 'NONE',  #9095 ) ;
#2114 = CARTESIAN_POINT ( 'NONE',  ( -0.8832542030290820856, 1.310000000000000053, -1.807385073277584242 ) ) ;
#2115 = EDGE_CURVE ( 'NONE', #6156, #4813, #9857, .T. ) ;
#2116 = B_SPLINE_SURFACE_WITH_KNOTS ( 'NONE', 3, 1, ( 
 ( #4393, #10099 ),
 ( #857, #10162 ),
 ( #1896, #1776 ),
 ( #1837, #3740 ) ),
 .UNSPECIFIED., .F., .F., .F.,
 ( 4, 4 ),
 ( 2, 2 ),
 ( 8.000000000000000000, 9.000000000000000000 ),
 ( 0.0000000000000000000, 1.000000000000000000 ),
 .UNSPECIFIED. ) ;
#2117 = PRESENTATION_LAYER_ASSIGNMENT (  '', '', ( #9282 ) ) ;
#2118 = CARTESIAN_POINT ( 'NONE',  ( -0.3273476330695158643, 1.310000000000000053, -1.788669430783029757 ) ) ;
#2119 = SURFACE_STYLE_USAGE ( .BOTH. , #6673 ) ;
#2120 = B_SPLINE_CURVE_WITH_KNOTS ( 'NONE', 3,
 ( #33, #4565, #1812, #9160 ),
 .UNSPECIFIED., .F., .F.,
 ( 4, 4 ),
 ( 23.00000000000000000, 24.00000000000000000 ),
 .UNSPECIFIED. ) ;
#2121 = MECHANICAL_DESIGN_GEOMETRIC_PRESENTATION_REPRESENTATION (  '', ( #11608 ), #11434 ) ;
#2122 = LINE ( 'NONE', #11346, #9863 ) ;
#2123 = SURFACE_STYLE_FILL_AREA ( #11171 ) ;
#2124 =( LENGTH_UNIT ( ) NAMED_UNIT ( * ) SI_UNIT ( .MILLI., .METRE. ) );
#2125 = ORIENTED_EDGE ( 'NONE', *, *, #3898, .T. ) ;
#2126 =( NAMED_UNIT ( * ) SI_UNIT ( $, .STERADIAN. ) SOLID_ANGLE_UNIT ( ) );
#2127 = VECTOR ( 'NONE', #4732, 1000.000000000000000 ) ;
#2128 = ORIENTED_EDGE ( 'NONE', *, *, #1064, .F. ) ;
#2129 = ORIENTED_EDGE ( 'NONE', *, *, #2241, .T. ) ;
#2130 = VECTOR ( 'NONE', #3707, 1000.000000000000000 ) ;
#2131 = CARTESIAN_POINT ( 'NONE',  ( 0.2495784421214472248, 1.310000000000000053, -1.679881287246549615 ) ) ;
#2132 = CARTESIAN_POINT ( 'NONE',  ( -0.3733569208660932892, 1.310000000000000053, -1.872058015672275921 ) ) ;
#2133 = LINE ( 'NONE', #974, #7188 ) ;
#2134 = PRESENTATION_STYLE_ASSIGNMENT (( #9477 ) ) ;
#2135 = CARTESIAN_POINT ( 'NONE',  ( 0.3811632525793582915, 1.300000000000000044, -1.374778009425431158 ) ) ;
#2136 = EDGE_CURVE ( 'NONE', #6874, #2419, #8671, .T. ) ;
#2137 = AXIS2_PLACEMENT_3D ( 'NONE', #798, #3846, #8635 ) ;
#2138 = MECHANICAL_DESIGN_GEOMETRIC_PRESENTATION_REPRESENTATION (  '', ( #11251 ), #5843 ) ;
#2139 = PLANE ( 'NONE',  #5014 ) ;
#2140 = ORIENTED_EDGE ( 'NONE', *, *, #6863, .F. ) ;
#2141 = CARTESIAN_POINT ( 'NONE',  ( 0.0000000000000000000, 1.310000000000000053, 0.0000000000000000000 ) ) ;
#2142 =( GEOMETRIC_REPRESENTATION_CONTEXT ( 3 ) GLOBAL_UNCERTAINTY_ASSIGNED_CONTEXT ( ( #4412 ) ) GLOBAL_UNIT_ASSIGNED_CONTEXT ( ( #5187, #7115, #2376 ) ) REPRESENTATION_CONTEXT ( 'NONE', 'WORKASPACE' ) );
#2143 = FILL_AREA_STYLE ('',( #1217 ) ) ;
#2144 = CARTESIAN_POINT ( 'NONE',  ( -0.6688561206834809925, 1.310000000000000053, -1.557531245985785739 ) ) ;
#2145 = MECHANICAL_DESIGN_GEOMETRIC_PRESENTATION_REPRESENTATION (  '', ( #6992 ), #7191 ) ;
#2146 = ORIENTED_EDGE ( 'NONE', *, *, #5608, .T. ) ;
#2147 = CARTESIAN_POINT ( 'NONE',  ( -0.7756912465852897620, 1.300000000000000044, -1.676791478987284423 ) ) ;
#2148 = CARTESIAN_POINT ( 'NONE',  ( -0.7734557670649857553, 1.310000000000000053, -1.856981525884830342 ) ) ;
#2149 = CARTESIAN_POINT ( 'NONE',  ( -0.8945355764193555492, 1.310000000000000053, -1.880168127418617052 ) ) ;
#2150 = FILL_AREA_STYLE ('',( #307 ) ) ;
#2151 = CARTESIAN_POINT ( 'NONE',  ( -0.4763449424777506658, 1.300000000000000044, -1.844296479306359871 ) ) ;
#2152 = ORIENTED_EDGE ( 'NONE', *, *, #7453, .F. ) ;
#2153 = CARTESIAN_POINT ( 'NONE',  ( -0.7294740072049898938, 1.300000000000000044, -1.386283117168074064 ) ) ;
#2154 = FILL_AREA_STYLE_COLOUR ( '', #8742 ) ;
#2155 = CARTESIAN_POINT ( 'NONE',  ( -0.2219681682502721298, 1.300000000000000044, -1.537567893993073476 ) ) ;
#2156 = VERTEX_POINT ( 'NONE', #7824 ) ;
#2157 = UNCERTAINTY_MEASURE_WITH_UNIT (LENGTH_MEASURE( 1.000000000000000082E-05 ), #3067, 'distance_accuracy_value', 'NONE');
#2158 = PRESENTATION_STYLE_ASSIGNMENT (( #11200 ) ) ;
#2159 = ORIENTED_EDGE ( 'NONE', *, *, #7206, .F. ) ;
#2160 = SURFACE_STYLE_USAGE ( .BOTH. , #4219 ) ;
#2161 = SURFACE_SIDE_STYLE ('',( #7932 ) ) ;
#2162 = CARTESIAN_POINT ( 'NONE',  ( 0.8872587622807702745, 1.300000000000000044, -1.935820972311117272 ) ) ;
#2163 = SURFACE_STYLE_FILL_AREA ( #6785 ) ;
#2164 = SURFACE_SIDE_STYLE ('',( #10493 ) ) ;
#2165 = ORIENTED_EDGE ( 'NONE', *, *, #6151, .T. ) ;
#2166 = PLANE ( 'NONE',  #4440 ) ;
#2167 = ADVANCED_FACE ( 'NONE', ( #3148 ), #8834, .F. ) ;
#2168 = DIRECTION ( 'NONE',  ( 1.000000000000000000, 0.0000000000000000000, -9.351971403879836576E-15 ) ) ;
#2169 = ORIENTED_EDGE ( 'NONE', *, *, #10947, .T. ) ;
#2170 = ORIENTED_EDGE ( 'NONE', *, *, #418, .T. ) ;
#2171 =( NAMED_UNIT ( * ) SI_UNIT ( $, .STERADIAN. ) SOLID_ANGLE_UNIT ( ) );
#2172 = DIRECTION ( 'NONE',  ( -0.0000000000000000000, -1.000000000000000000, -0.0000000000000000000 ) ) ;
#2173 = UNCERTAINTY_MEASURE_WITH_UNIT (LENGTH_MEASURE( 1.000000000000000082E-05 ), #157, 'distance_accuracy_value', 'NONE');
#2174 = FILL_AREA_STYLE ('',( #11287 ) ) ;
#2175 = ADVANCED_FACE ( 'NONE', ( #3319 ), #4535, .F. ) ;
#2176 = CARTESIAN_POINT ( 'NONE',  ( -1.019670441649668469, 1.310000000000000053, -1.801562428945911121 ) ) ;
#2177 = CARTESIAN_POINT ( 'NONE',  ( -0.4737455476857673764, 1.310000000000000053, -1.853342373177716995 ) ) ;
#2178 = EDGE_CURVE ( 'NONE', #1189, #6080, #4483, .T. ) ;
#2179 = CARTESIAN_POINT ( 'NONE',  ( -0.006634303781055152227, 1.310000000000000053, -1.354154597554455774 ) ) ;
#2180 = EDGE_CURVE ( 'NONE', #2419, #1428, #10843, .T. ) ;
#2181 = ORIENTED_EDGE ( 'NONE', *, *, #7256, .F. ) ;
#2182 = FACE_OUTER_BOUND ( 'NONE', #3888, .T. ) ;
#2183 = ORIENTED_EDGE ( 'NONE', *, *, #598, .F. ) ;
#2184 = ORIENTED_EDGE ( 'NONE', *, *, #8209, .T. ) ;
#2185 = EDGE_CURVE ( 'NONE', #3781, #10717, #6413, .T. ) ;
#2186 = CARTESIAN_POINT ( 'NONE',  ( -0.1697203329552827156, 1.310000000000000053, -1.516148880916399655 ) ) ;
#2187 = B_SPLINE_CURVE_WITH_KNOTS ( 'NONE', 3,
 ( #4604, #11273, #1920, #7645 ),
 .UNSPECIFIED., .F., .F.,
 ( 4, 4 ),
 ( 15.00000000000000000, 16.00000000000000000 ),
 .UNSPECIFIED. ) ;
#2188 = SURFACE_STYLE_USAGE ( .BOTH. , #10512 ) ;
#2189 = SURFACE_SIDE_STYLE ('',( #233 ) ) ;
#2190 = CARTESIAN_POINT ( 'NONE',  ( 1.082467030307590283, 1.300000000000000044, -1.588784106533361662 ) ) ;
#2191 = FILL_AREA_STYLE_COLOUR ( '', #1996 ) ;
#2192 = CARTESIAN_POINT ( 'NONE',  ( -0.3081121116173938246, 1.300000000000000044, -1.743128034048955888 ) ) ;
#2193 = MECHANICAL_DESIGN_GEOMETRIC_PRESENTATION_REPRESENTATION (  '', ( #3550 ), #431 ) ;
#2194 = EDGE_CURVE ( 'NONE', #1592, #10838, #3825, .T. ) ;
#2195 = DIRECTION ( 'NONE',  ( -0.0000000000000000000, -1.000000000000000000, -0.0000000000000000000 ) ) ;
#2196 = CARTESIAN_POINT ( 'NONE',  ( 0.8366491837301970325, 1.300000000000000044, -1.416711638750715041 ) ) ;
#2197 = ORIENTED_EDGE ( 'NONE', *, *, #7390, .F. ) ;
#2198 = CARTESIAN_POINT ( 'NONE',  ( -0.3335341926714792682, 1.310000000000000053, -1.862804170216505684 ) ) ;
#2199 =( LENGTH_UNIT ( ) NAMED_UNIT ( * ) SI_UNIT ( .MILLI., .METRE. ) );
#2200 = B_SPLINE_CURVE_WITH_KNOTS ( 'NONE', 3,
 ( #4897, #6630, #11243, #235 ),
 .UNSPECIFIED., .F., .F.,
 ( 4, 4 ),
 ( 18.00000000000000000, 19.00000000000000000 ),
 .UNSPECIFIED. ) ;
#2201 = ADVANCED_FACE ( 'NONE', ( #1728 ), #11672, .F. ) ;
#2202 = ORIENTED_EDGE ( 'NONE', *, *, #10375, .F. ) ;
#2203 = PRESENTATION_STYLE_ASSIGNMENT (( #10752 ) ) ;
#2204 = B_SPLINE_CURVE_WITH_KNOTS ( 'NONE', 3,
 ( #10980, #1068, #1933, #9274, #3761, #11113, #11159 ),
 .UNSPECIFIED., .F., .F.,
 ( 4, 3, 4 ),
 ( 0.0000000000000000000, 1.000000000000000000, 2.000000000000000000 ),
 .UNSPECIFIED. ) ;
#2205 = EDGE_CURVE ( 'NONE', #11752, #2643, #3674, .T. ) ;
#2206 = CARTESIAN_POINT ( 'NONE',  ( -0.8525813444966419130, 1.310000000000000053, -1.851678760512114108 ) ) ;
#2207 = DIRECTION ( 'NONE',  ( 0.3409177962187225353, -0.0000000000000000000, -0.9400931103999057292 ) ) ;
#2208 = ORIENTED_EDGE ( 'NONE', *, *, #8524, .T. ) ;
#2209 = CARTESIAN_POINT ( 'NONE',  ( -0.8556486303490521417, 1.300000000000000044, -1.776608238953634400 ) ) ;
#2210 = ORIENTED_EDGE ( 'NONE', *, *, #4040, .T. ) ;
#2211 = B_SPLINE_SURFACE_WITH_KNOTS ( 'NONE', 3, 1, ( 
 ( #7696, #8715 ),
 ( #4916, #5023 ),
 ( #11449, #10482 ),
 ( #199, #11502 ) ),
 .UNSPECIFIED., .F., .F., .F.,
 ( 4, 4 ),
 ( 2, 2 ),
 ( 21.00000000000000000, 22.00000000000000000 ),
 ( 0.0000000000000000000, 1.000000000000000000 ),
 .UNSPECIFIED. ) ;
#2212 = SURFACE_STYLE_FILL_AREA ( #5873 ) ;
#2213 = CARTESIAN_POINT ( 'NONE',  ( 1.020000000000000018, -0.2000000000000000111, -7.249999999999999112 ) ) ;
#2214 = CARTESIAN_POINT ( 'NONE',  ( -0.4642317627526042489, 1.310000000000000053, -1.933091805359838489 ) ) ;
#2215 = B_SPLINE_CURVE_WITH_KNOTS ( 'NONE', 3,
 ( #5002, #7800, #4899, #4947 ),
 .UNSPECIFIED., .F., .F.,
 ( 4, 4 ),
 ( 35.00000000000000000, 36.00000000000000000 ),
 .UNSPECIFIED. ) ;
#2216 = MECHANICAL_DESIGN_GEOMETRIC_PRESENTATION_REPRESENTATION (  '', ( #11692 ), #10555 ) ;
#2217 = DIRECTION ( 'NONE',  ( 0.0000000000000000000, -1.000000000000000000, 0.0000000000000000000 ) ) ;
#2218 = ORIENTED_EDGE ( 'NONE', *, *, #10931, .T. ) ;
#2219 = CARTESIAN_POINT ( 'NONE',  ( -0.3897331080481357679, 1.310000000000000053, -1.840657326599245192 ) ) ;
#2220 = CARTESIAN_POINT ( 'NONE',  ( 0.1599272265137985372, 1.310000000000000053, -1.678435266980274898 ) ) ;
#2221 = CARTESIAN_POINT ( 'NONE',  ( -0.8525813444966405807, 1.310000000000000053, -1.703721209019702254 ) ) ;
#2222 = SURFACE_STYLE_FILL_AREA ( #9515 ) ;
#2223 = MECHANICAL_DESIGN_GEOMETRIC_PRESENTATION_REPRESENTATION (  '', ( #6490 ), #8819 ) ;
#2224 = EDGE_LOOP ( 'NONE', ( #40, #1572, #2794, #3542 ) ) ;
#2225 = ORIENTED_EDGE ( 'NONE', *, *, #9334, .T. ) ;
#2226 =( NAMED_UNIT ( * ) PLANE_ANGLE_UNIT ( ) SI_UNIT ( $, .RADIAN. ) );
#2227 = CARTESIAN_POINT ( 'NONE',  ( -0.2744759430247415422, 1.310000000000000053, -1.359041459761119564 ) ) ;
#2228 = CARTESIAN_POINT ( 'NONE',  ( -1.020000000000000018, -0.2000000000000000111, -7.249999999999999112 ) ) ;
#2229 = COLOUR_RGB ( '',1.000000000000000000, 1.000000000000000000, 1.000000000000000000 ) ;
#2230 = FILL_AREA_STYLE ('',( #10556 ) ) ;
#2231 = STYLED_ITEM ( 'NONE', ( #2134 ), #4520 ) ;
#2232 = FACE_OUTER_BOUND ( 'NONE', #326, .T. ) ;
#2233 = LINE ( 'NONE', #8563, #926 ) ;
#2234 = SURFACE_STYLE_FILL_AREA ( #11528 ) ;
#2235 = VERTEX_POINT ( 'NONE', #5565 ) ;
#2236 = ORIENTED_EDGE ( 'NONE', *, *, #7904, .T. ) ;
#2237 = DIRECTION ( 'NONE',  ( -0.3315284183576373556, -0.0000000000000000000, 0.9434452330799512065 ) ) ;
#2238 = SURFACE_STYLE_USAGE ( .BOTH. , #9579 ) ;
#2239 = PRESENTATION_LAYER_ASSIGNMENT (  '', '', ( #292 ) ) ;
#2240 = CARTESIAN_POINT ( 'NONE',  ( 0.2500000000000000000, 0.2000000000000000111, -7.249999999999999112 ) ) ;
#2241 = EDGE_CURVE ( 'NONE', #6787, #3817, #11272, .T. ) ;
#2242 = CARTESIAN_POINT ( 'NONE',  ( 1.057885247718629795, 1.310000000000000053, -1.529498627023216706 ) ) ;
#2243 = CARTESIAN_POINT ( 'NONE',  ( -0.5774613998394066972, 1.300000000000000044, -1.548069448946994831 ) ) ;
#2244 = SURFACE_SIDE_STYLE ('',( #2071 ) ) ;
#2245 = CARTESIAN_POINT ( 'NONE',  ( -0.5199627870660614715, 1.310000000000000053, -1.377549150671262490 ) ) ;
#2246 = FILL_AREA_STYLE_COLOUR ( '', #3500 ) ;
#2247 = ORIENTED_EDGE ( 'NONE', *, *, #9741, .T. ) ;
#2248 = CARTESIAN_POINT ( 'NONE',  ( -0.3733569208660932892, 1.310000000000000053, -1.872058015672275921 ) ) ;
#2249 = DIRECTION ( 'NONE',  ( -0.0000000000000000000, -1.000000000000000000, -0.0000000000000000000 ) ) ;
#2250 = LINE ( 'NONE', #4956, #1104 ) ;
#2251 = ORIENTED_EDGE ( 'NONE', *, *, #3176, .T. ) ;
#2252 = LINE ( 'NONE', #6033, #4421 ) ;
#2253 = EDGE_CURVE ( 'NONE', #599, #2791, #6595, .T. ) ;
#2254 =( NAMED_UNIT ( * ) SI_UNIT ( $, .STERADIAN. ) SOLID_ANGLE_UNIT ( ) );
#2255 = ADVANCED_FACE ( 'NONE', ( #2948 ), #4144, .F. ) ;
#2256 = LINE ( 'NONE', #4210, #7265 ) ;
#2257 = CARTESIAN_POINT ( 'NONE',  ( -0.2917879123311050149, 1.300000000000000044, -1.774112819954545062 ) ) ;
#2258 = ORIENTED_EDGE ( 'NONE', *, *, #10691, .F. ) ;
#2259 =( NAMED_UNIT ( * ) SI_UNIT ( $, .STERADIAN. ) SOLID_ANGLE_UNIT ( ) );
#2260 = EDGE_CURVE ( 'NONE', #6120, #611, #5639, .T. ) ;
#2261 = PRESENTATION_STYLE_ASSIGNMENT (( #6889 ) ) ;
#2262 = SURFACE_STYLE_FILL_AREA ( #6890 ) ;
#2263 =( GEOMETRIC_REPRESENTATION_CONTEXT ( 3 ) GLOBAL_UNCERTAINTY_ASSIGNED_CONTEXT ( ( #1693 ) ) GLOBAL_UNIT_ASSIGNED_CONTEXT ( ( #7303, #9243, #915 ) ) REPRESENTATION_CONTEXT ( 'NONE', 'WORKASPACE' ) );
#2264 = VERTEX_POINT ( 'NONE', #7582 ) ;
#2265 = UNCERTAINTY_MEASURE_WITH_UNIT (LENGTH_MEASURE( 1.000000000000000082E-05 ), #521, 'distance_accuracy_value', 'NONE');
#2266 = CARTESIAN_POINT ( 'NONE',  ( -0.8321501014421142095, 1.310000000000000053, -1.685733397068509998 ) ) ;
#2267 = CARTESIAN_POINT ( 'NONE',  ( -0.4725498260833626007, 1.310000000000000053, -1.856045743761215894 ) ) ;
#2268 = CARTESIAN_POINT ( 'NONE',  ( -0.1711759940385402246, 1.310000000000000053, -1.360705072426718010 ) ) ;
#2269 = CARTESIAN_POINT ( 'NONE',  ( -0.7746514886687700940, 1.310000000000000053, -1.700186032104093581 ) ) ;
#2270 = EDGE_CURVE ( 'NONE', #5180, #9712, #1332, .T. ) ;
#2271 = STYLED_ITEM ( 'NONE', ( #11898 ), #2825 ) ;
#2272 = ADVANCED_FACE ( 'NONE', ( #8374 ), #11772, .F. ) ;
#2273 = AXIS2_PLACEMENT_3D ( 'NONE', #9138, #2572, #11102 ) ;
#2274 = VECTOR ( 'NONE', #2542, 1000.000000000000000 ) ;
#2275 = SURFACE_STYLE_USAGE ( .BOTH. , #391 ) ;
#2276 = VERTEX_POINT ( 'NONE', #385 ) ;
#2277 = SURFACE_SIDE_STYLE ('',( #8832 ) ) ;
#2278 = EDGE_CURVE ( 'NONE', #10285, #2821, #9671, .T. ) ;
#2279 = COLOUR_RGB ( '',0.7529411764705882248, 0.7529411764705882248, 0.7529411764705882248 ) ;
#2280 = B_SPLINE_SURFACE_WITH_KNOTS ( 'NONE', 3, 1, ( 
 ( #5444, #9002 ),
 ( #3676, #11094 ),
 ( #5501, #806 ),
 ( #4475, #9129 ) ),
 .UNSPECIFIED., .F., .F., .F.,
 ( 4, 4 ),
 ( 2, 2 ),
 ( 1.000000000000000000, 2.000000000000000000 ),
 ( 0.0000000000000000000, 1.000000000000000000 ),
 .UNSPECIFIED. ) ;
#2281 = UNCERTAINTY_MEASURE_WITH_UNIT (LENGTH_MEASURE( 1.000000000000000082E-05 ), #11486, 'distance_accuracy_value', 'NONE');
#2282 = SURFACE_STYLE_USAGE ( .BOTH. , #5937 ) ;
#2283 = VECTOR ( 'NONE', #7451, 1000.000000000000000 ) ;
#2284 = ORIENTED_EDGE ( 'NONE', *, *, #5711, .F. ) ;
#2285 = SURFACE_STYLE_USAGE ( .BOTH. , #6166 ) ;
#2286 = CARTESIAN_POINT ( 'NONE',  ( 0.2481324218544830040, 1.310000000000000053, -1.853399692555409262 ) ) ;
#2287 = MECHANICAL_DESIGN_GEOMETRIC_PRESENTATION_REPRESENTATION (  '', ( #5978 ), #10455 ) ;
#2288 = CARTESIAN_POINT ( 'NONE',  ( -0.5978926428953114103, 1.300000000000000044, -1.381084327586869609 ) ) ;
#2289 = VECTOR ( 'NONE', #4925, 1000.000000000000000 ) ;
#2290 = SURFACE_SIDE_STYLE ('',( #11567 ) ) ;
#2291 = SURFACE_STYLE_USAGE ( .BOTH. , #1473 ) ;
#2292 =( NAMED_UNIT ( * ) PLANE_ANGLE_UNIT ( ) SI_UNIT ( $, .RADIAN. ) );
#2293 = FILL_AREA_STYLE ('',( #9744 ) ) ;
#2294 = SURFACE_SIDE_STYLE ('',( #4083 ) ) ;
#2295 = STYLED_ITEM ( 'NONE', ( #6858 ), #3340 ) ;
#2296 = VECTOR ( 'NONE', #45, 1000.000000000000000 ) ;
#2297 = MECHANICAL_DESIGN_GEOMETRIC_PRESENTATION_REPRESENTATION (  '', ( #341 ), #11979 ) ;
#2298 = PRESENTATION_LAYER_ASSIGNMENT (  '', '', ( #4053 ) ) ;
#2299 = CARTESIAN_POINT ( 'NONE',  ( -0.2207204587507351212, 1.310000000000000053, -1.850846954178625214 ) ) ;
#2300 = CARTESIAN_POINT ( 'NONE',  ( -1.020000000000000018, -0.2000000000000000111, -7.249999999999999112 ) ) ;
#2301 = PRESENTATION_LAYER_ASSIGNMENT (  '', '', ( #145 ) ) ;
#2302 = VECTOR ( 'NONE', #11149, 1000.000000000000000 ) ;
#2303 = ORIENTED_EDGE ( 'NONE', *, *, #1526, .F. ) ;
#2304 = EDGE_LOOP ( 'NONE', ( #10882, #1805, #4325, #3330 ) ) ;
#2305 = CARTESIAN_POINT ( 'NONE',  ( -0.4629840532530526409, 1.310000000000000053, -1.354154597554452444 ) ) ;
#2306 =( LENGTH_UNIT ( ) NAMED_UNIT ( * ) SI_UNIT ( .MILLI., .METRE. ) );
#2307 = FILL_AREA_STYLE_COLOUR ( '', #1702 ) ;
#2308 = DIRECTION ( 'NONE',  ( 1.000000000000000000, 0.0000000000000000000, -9.351971403879836576E-15 ) ) ;
#2309 = STYLED_ITEM ( 'NONE', ( #10411 ), #10116 ) ;
#2310 = SURFACE_STYLE_USAGE ( .BOTH. , #2363 ) ;
#2311 = COLOUR_RGB ( '',1.000000000000000000, 1.000000000000000000, 1.000000000000000000 ) ;
#2312 = COLOUR_RGB ( '',1.000000000000000000, 1.000000000000000000, 1.000000000000000000 ) ;
#2313 =( LENGTH_UNIT ( ) NAMED_UNIT ( * ) SI_UNIT ( .MILLI., .METRE. ) );
#2314 = AXIS2_PLACEMENT_3D ( 'NONE', #1548, #8905, #4304 ) ;
#2315 = STYLED_ITEM ( 'NONE', ( #10108 ), #6393 ) ;
#2316 = CARTESIAN_POINT ( 'NONE',  ( -0.3185616786762481278, 1.310000000000000053, -1.862804170216505684 ) ) ;
#2317 =( LENGTH_UNIT ( ) NAMED_UNIT ( * ) SI_UNIT ( .MILLI., .METRE. ) );
#2318 = EDGE_LOOP ( 'NONE', ( #9837, #2461, #2957, #8928 ) ) ;
#2319 = CARTESIAN_POINT ( 'NONE',  ( -0.3483507429787464083, 1.310000000000000053, -1.883599328542718165 ) ) ;
#2320 = DIRECTION ( 'NONE',  ( 0.0000000000000000000, 1.000000000000000000, 0.0000000000000000000 ) ) ;
#2321 = ORIENTED_EDGE ( 'NONE', *, *, #7082, .F. ) ;
#2322 = DIRECTION ( 'NONE',  ( -0.0000000000000000000, -1.000000000000000000, -0.0000000000000000000 ) ) ;
#2323 = EDGE_CURVE ( 'NONE', #1303, #3395, #3517, .T. ) ;
#2324 =( GEOMETRIC_REPRESENTATION_CONTEXT ( 3 ) GLOBAL_UNCERTAINTY_ASSIGNED_CONTEXT ( ( #6797 ) ) GLOBAL_UNIT_ASSIGNED_CONTEXT ( ( #6450, #3788, #7433 ) ) REPRESENTATION_CONTEXT ( 'NONE', 'WORKASPACE' ) );
#2325 = DIRECTION ( 'NONE',  ( -0.0000000000000000000, -1.000000000000000000, -0.0000000000000000000 ) ) ;
#2326 = CARTESIAN_POINT ( 'NONE',  ( 0.0000000000000000000, 0.0000000000000000000, -7.249999999999999112 ) ) ;
#2327 = CARTESIAN_POINT ( 'NONE',  ( -0.1497569809625639847, 1.310000000000000053, -1.482460724427307364 ) ) ;
#2328 = PRESENTATION_STYLE_ASSIGNMENT (( #10702 ) ) ;
#2329 = VERTEX_POINT ( 'NONE', #8661 ) ;
#2330 = CARTESIAN_POINT ( 'NONE',  ( -0.8525813444966419130, 1.300000000000000044, -1.851678760512114108 ) ) ;
#2331 = CARTESIAN_POINT ( 'NONE',  ( -0.1930628981770302621, 1.310000000000000053, -1.862700194424997457 ) ) ;
#2332 = CARTESIAN_POINT ( 'NONE',  ( -0.4629840532530541397, 1.310000000000000053, -1.557531245985787072 ) ) ;
#2333 = VERTEX_POINT ( 'NONE', #8885 ) ;
#2334 = VECTOR ( 'NONE', #5529, 1000.000000000000000 ) ;
#2335 =( LENGTH_UNIT ( ) NAMED_UNIT ( * ) SI_UNIT ( .MILLI., .METRE. ) );
#2336 = FILL_AREA_STYLE ('',( #10652 ) ) ;
#2337 = CARTESIAN_POINT ( 'NONE',  ( -0.1779019280595936503, 1.310000000000000053, -1.734952937431353925 ) ) ;
#2338 = ADVANCED_FACE ( 'NONE', ( #315 ), #9605, .F. ) ;
#2339 = STYLED_ITEM ( 'NONE', ( #4489 ), #10784 ) ;
#2340 = EDGE_CURVE ( 'NONE', #6496, #6553, #6045, .T. ) ;
#2341 = B_SPLINE_CURVE_WITH_KNOTS ( 'NONE', 3,
 ( #10628, #4762, #4703, #7289 ),
 .UNSPECIFIED., .F., .F.,
 ( 4, 4 ),
 ( 8.000000000000000000, 9.000000000000000000 ),
 .UNSPECIFIED. ) ;
#2342 = DIRECTION ( 'NONE',  ( 8.762561441588716833E-15, -0.0000000000000000000, 1.000000000000000000 ) ) ;
#2343 = EDGE_LOOP ( 'NONE', ( #10821, #7304, #10982, #11862 ) ) ;
#2344 = EDGE_CURVE ( 'NONE', #4002, #11718, #5927, .T. ) ;
#2345 = SURFACE_SIDE_STYLE ('',( #10774 ) ) ;
#2346 =( GEOMETRIC_REPRESENTATION_CONTEXT ( 3 ) GLOBAL_UNCERTAINTY_ASSIGNED_CONTEXT ( ( #11622 ) ) GLOBAL_UNIT_ASSIGNED_CONTEXT ( ( #2506, #11782, #8290 ) ) REPRESENTATION_CONTEXT ( 'NONE', 'WORKASPACE' ) );
#2347 = SURFACE_SIDE_STYLE ('',( #572 ) ) ;
#2348 = CARTESIAN_POINT ( 'NONE',  ( 0.2495784421214468085, 1.310000000000000053, -1.739166766756693239 ) ) ;
#2349 = CARTESIAN_POINT ( 'NONE',  ( 0.3450135733147712824, 1.310000000000000053, -1.880873470861114116 ) ) ;
#2350 = EDGE_CURVE ( 'NONE', #9727, #3056, #3235, .T. ) ;
#2351 = SURFACE_STYLE_USAGE ( .BOTH. , #2521 ) ;
#2352 = CARTESIAN_POINT ( 'NONE',  ( -0.1857326048670288055, 1.310000000000000053, -1.813519644983799584 ) ) ;
#2353 =( GEOMETRIC_REPRESENTATION_CONTEXT ( 3 ) GLOBAL_UNCERTAINTY_ASSIGNED_CONTEXT ( ( #7142 ) ) GLOBAL_UNIT_ASSIGNED_CONTEXT ( ( #11059, #4613, #8144 ) ) REPRESENTATION_CONTEXT ( 'NONE', 'WORKASPACE' ) );
#2354 = CARTESIAN_POINT ( 'NONE',  ( -0.3733569208660932892, 1.310000000000000053, -1.872058015672275921 ) ) ;
#2355 = CARTESIAN_POINT ( 'NONE',  ( 0.1599272265137985372, 1.300000000000000044, -1.678435266980274898 ) ) ;
#2356 = FILL_AREA_STYLE_COLOUR ( '', #4271 ) ;
#2357 = SURFACE_STYLE_USAGE ( .BOTH. , #8752 ) ;
#2358 = LINE ( 'NONE', #3328, #1909 ) ;
#2359 = SURFACE_STYLE_FILL_AREA ( #8684 ) ;
#2360 = ORIENTED_EDGE ( 'NONE', *, *, #6635, .T. ) ;
#2361 = ORIENTED_EDGE ( 'NONE', *, *, #11697, .F. ) ;
#2362 =( NAMED_UNIT ( * ) SI_UNIT ( $, .STERADIAN. ) SOLID_ANGLE_UNIT ( ) );
#2363 = SURFACE_SIDE_STYLE ('',( #6990 ) ) ;
#2364 = FACE_OUTER_BOUND ( 'NONE', #8399, .T. ) ;
#2365 =( LENGTH_UNIT ( ) NAMED_UNIT ( * ) SI_UNIT ( .MILLI., .METRE. ) );
#2366 = DIRECTION ( 'NONE',  ( -9.268842769272767719E-15, 0.0000000000000000000, -1.000000000000000000 ) ) ;
#2367 = ADVANCED_FACE ( 'NONE', ( #4292 ), #8722, .F. ) ;
#2368 = CARTESIAN_POINT ( 'NONE',  ( -0.2309620742265690030, 1.310000000000000053, -1.857709356426818115 ) ) ;
#2369 = ORIENTED_EDGE ( 'NONE', *, *, #6581, .F. ) ;
#2370 = CARTESIAN_POINT ( 'NONE',  ( -0.7746514886687700940, 1.310000000000000053, -1.700186032104093803 ) ) ;
#2371 = ORIENTED_EDGE ( 'NONE', *, *, #6863, .T. ) ;
#2372 = ORIENTED_EDGE ( 'NONE', *, *, #2692, .T. ) ;
#2373 = DIRECTION ( 'NONE',  ( -7.825477009640629733E-15, 0.0000000000000000000, -1.000000000000000000 ) ) ;
#2374 = VERTEX_POINT ( 'NONE', #5370 ) ;
#2375 = SURFACE_STYLE_USAGE ( .BOTH. , #3295 ) ;
#2376 =( NAMED_UNIT ( * ) SI_UNIT ( $, .STERADIAN. ) SOLID_ANGLE_UNIT ( ) );
#2377 =( LENGTH_UNIT ( ) NAMED_UNIT ( * ) SI_UNIT ( .MILLI., .METRE. ) );
#2378 = MECHANICAL_DESIGN_GEOMETRIC_PRESENTATION_REPRESENTATION (  '', ( #11309 ), #5499 ) ;
#2379 = B_SPLINE_SURFACE_WITH_KNOTS ( 'NONE', 3, 1, ( 
 ( #11866, #53 ),
 ( #1704, #2687 ),
 ( #8358, #5551 ),
 ( #4657, #10216 ) ),
 .UNSPECIFIED., .F., .F., .F.,
 ( 4, 4 ),
 ( 2, 2 ),
 ( 6.000000000000000000, 7.000000000000000000 ),
 ( 0.0000000000000000000, 1.000000000000000000 ),
 .UNSPECIFIED. ) ;
#2380 = ORIENTED_EDGE ( 'NONE', *, *, #10115, .T. ) ;
#2381 =( NAMED_UNIT ( * ) SI_UNIT ( $, .STERADIAN. ) SOLID_ANGLE_UNIT ( ) );
#2382 = SURFACE_STYLE_FILL_AREA ( #4162 ) ;
#2383 = ORIENTED_EDGE ( 'NONE', *, *, #3845, .F. ) ;
#2384 = CARTESIAN_POINT ( 'NONE',  ( -0.5786571214431913690, 1.300000000000000044, -1.396680696331872085 ) ) ;
#2385 = CARTESIAN_POINT ( 'NONE',  ( -0.03288819116794802072, 1.310000000000000053, -1.354154597554455330 ) ) ;
#2386 = CARTESIAN_POINT ( 'NONE',  ( 0.3493515237949004759, 1.300000000000000044, -1.880873470861114116 ) ) ;
#2387 = ADVANCED_FACE ( 'NONE', ( #672 ), #8181, .F. ) ;
#2388 = ADVANCED_FACE ( 'NONE', ( #10903 ), #11034, .T. ) ;
#2389 = EDGE_CURVE ( 'NONE', #7320, #3758, #1707, .T. ) ;
#2390 = EDGE_CURVE ( 'NONE', #7718, #5768, #10178, .T. ) ;
#2391 = CARTESIAN_POINT ( 'NONE',  ( -0.4763449424777507213, 1.310000000000000053, -1.844296479306360093 ) ) ;
#2392 = ORIENTED_EDGE ( 'NONE', *, *, #4928, .F. ) ;
#2393 = UNCERTAINTY_MEASURE_WITH_UNIT (LENGTH_MEASURE( 1.000000000000000082E-05 ), #1895, 'distance_accuracy_value', 'NONE');
#2394 =( NAMED_UNIT ( * ) SI_UNIT ( $, .STERADIAN. ) SOLID_ANGLE_UNIT ( ) );
#2395 =( LENGTH_UNIT ( ) NAMED_UNIT ( * ) SI_UNIT ( .MILLI., .METRE. ) );
#2396 = UNCERTAINTY_MEASURE_WITH_UNIT (LENGTH_MEASURE( 1.000000000000000082E-05 ), #8017, 'distance_accuracy_value', 'NONE');
#2397 = LINE ( 'NONE', #1469, #4869 ) ;
#2398 = CARTESIAN_POINT ( 'NONE',  ( -1.520000000000000018, 0.2000000000000000111, -2.250000000000000000 ) ) ;
#2399 = EDGE_CURVE ( 'NONE', #7757, #11911, #8411, .T. ) ;
#2400 = CARTESIAN_POINT ( 'NONE',  ( 0.7253081605639314366, 1.300000000000000044, -1.685665175252899495 ) ) ;
#2401 = CARTESIAN_POINT ( 'NONE',  ( 0.2500000000000000000, -0.2000000000000000111, -7.249999999999999112 ) ) ;
#2402 = DIRECTION ( 'NONE',  ( 9.310221531588248143E-15, -0.0000000000000000000, 1.000000000000000000 ) ) ;
#2403 = ORIENTED_EDGE ( 'NONE', *, *, #2565, .T. ) ;
#2404 = LINE ( 'NONE', #407, #9466 ) ;
#2405 = ADVANCED_FACE ( 'NONE', ( #55 ), #10038, .F. ) ;
#2406 = CARTESIAN_POINT ( 'NONE',  ( 0.6414409157026885744, 1.300000000000000044, -1.299586672418066025 ) ) ;
#2407 = CARTESIAN_POINT ( 'NONE',  ( 0.8308652405638100591, 1.300000000000000044, -1.685665175252900161 ) ) ;
#2408 =( NAMED_UNIT ( * ) SI_UNIT ( $, .STERADIAN. ) SOLID_ANGLE_UNIT ( ) );
#2409 = EDGE_LOOP ( 'NONE', ( #9510, #10011, #9037, #10328, #9492, #5950, #10296, #96 ) ) ;
#2410 = ORIENTED_EDGE ( 'NONE', *, *, #4827, .F. ) ;
#2411 = EDGE_CURVE ( 'NONE', #1242, #3105, #5516, .T. ) ;
#2412 = COLOUR_RGB ( '',1.000000000000000000, 1.000000000000000000, 1.000000000000000000 ) ;
#2414 = CARTESIAN_POINT ( 'NONE',  ( -0.2744759430247418197, 1.310000000000000053, -1.386491068751103617 ) ) ;
#2413 = VECTOR ( 'NONE', #10945, 1000.000000000000000 ) ;
#2415 = PRESENTATION_STYLE_ASSIGNMENT (( #5001 ) ) ;
#2416 = LINE ( 'NONE', #647, #3630 ) ;
#2417 = PRESENTATION_STYLE_ASSIGNMENT (( #8924 ) ) ;
#2418 = DIRECTION ( 'NONE',  ( -1.000000000000000000, 0.0000000000000000000, 7.825477009576044113E-15 ) ) ;
#2419 = VERTEX_POINT ( 'NONE', #1612 ) ;
#2420 = VERTEX_POINT ( 'NONE', #9088 ) ;
#2421 = ORIENTED_EDGE ( 'NONE', *, *, #2340, .T. ) ;
#2422 =( NAMED_UNIT ( * ) PLANE_ANGLE_UNIT ( ) SI_UNIT ( $, .RADIAN. ) );
#2423 = ORIENTED_EDGE ( 'NONE', *, *, #5634, .F. ) ;
#2424 =( NAMED_UNIT ( * ) PLANE_ANGLE_UNIT ( ) SI_UNIT ( $, .RADIAN. ) );
#2425 =( NAMED_UNIT ( * ) PLANE_ANGLE_UNIT ( ) SI_UNIT ( $, .RADIAN. ) );
#2426 = FILL_AREA_STYLE_COLOUR ( '', #9870 ) ;
#2427 = CARTESIAN_POINT ( 'NONE',  ( -0.1976378330084630486, 1.300000000000000044, -1.811856032316820020 ) ) ;
#2428 =( GEOMETRIC_REPRESENTATION_CONTEXT ( 3 ) GLOBAL_UNCERTAINTY_ASSIGNED_CONTEXT ( ( #573 ) ) GLOBAL_UNIT_ASSIGNED_CONTEXT ( ( #10805, #3288, #6205 ) ) REPRESENTATION_CONTEXT ( 'NONE', 'WORKASPACE' ) );
#2429 = CARTESIAN_POINT ( 'NONE',  ( -0.5511035366603118657, 1.310000000000000053, -1.557531245985786850 ) ) ;
#2430 = ORIENTED_EDGE ( 'NONE', *, *, #9754, .F. ) ;
#2431 = DIRECTION ( 'NONE',  ( -0.0000000000000000000, -1.000000000000000000, -0.0000000000000000000 ) ) ;
#2432 = PRESENTATION_STYLE_ASSIGNMENT (( #8821 ) ) ;
#2433 = ORIENTED_EDGE ( 'NONE', *, *, #10062, .T. ) ;
#2434 = CARTESIAN_POINT ( 'NONE',  ( -0.3635831964527602711, 1.300000000000000044, -1.843152745598332087 ) ) ;
#2435 = LINE ( 'NONE', #6150, #6356 ) ;
#2436 = CARTESIAN_POINT ( 'NONE',  ( -0.4029900214813189052, 1.300000000000000044, -1.734913946509705429 ) ) ;
#2437 = B_SPLINE_CURVE_WITH_KNOTS ( 'NONE', 3,
 ( #5685, #6577, #4407, #1839 ),
 .UNSPECIFIED., .F., .F.,
 ( 4, 4 ),
 ( 7.000000000000000000, 8.000000000000000000 ),
 .UNSPECIFIED. ) ;
#2438 = EDGE_CURVE ( 'NONE', #3642, #9947, #11734, .T. ) ;
#2439 = CARTESIAN_POINT ( 'NONE',  ( -0.1611943180414919241, 1.300000000000000044, -1.879752224252569270 ) ) ;
#2440 = DIRECTION ( 'NONE',  ( 0.0000000000000000000, -1.000000000000000000, 0.0000000000000000000 ) ) ;
#2441 = ORIENTED_EDGE ( 'NONE', *, *, #9394, .F. ) ;
#2442 = CARTESIAN_POINT ( 'NONE',  ( -0.5424215580592551822, 1.310000000000000053, -1.734913946509704319 ) ) ;
#2443 =( GEOMETRIC_REPRESENTATION_CONTEXT ( 3 ) GLOBAL_UNCERTAINTY_ASSIGNED_CONTEXT ( ( #5600 ) ) GLOBAL_UNIT_ASSIGNED_CONTEXT ( ( #1799, #9207, #11732 ) ) REPRESENTATION_CONTEXT ( 'NONE', 'WORKASPACE' ) );
#2444 = DIRECTION ( 'NONE',  ( -0.0000000000000000000, -1.000000000000000000, -0.0000000000000000000 ) ) ;
#2445 = DIRECTION ( 'NONE',  ( -0.0000000000000000000, -1.000000000000000000, -0.0000000000000000000 ) ) ;
#2446 = SURFACE_STYLE_USAGE ( .BOTH. , #10780 ) ;
#2447 = STYLED_ITEM ( 'NONE', ( #2432 ), #7405 ) ;
#2448 = EDGE_CURVE ( 'NONE', #7790, #7923, #3438, .T. ) ;
#2449 = UNCERTAINTY_MEASURE_WITH_UNIT (LENGTH_MEASURE( 1.000000000000000082E-05 ), #10736, 'distance_accuracy_value', 'NONE');
#2450 = LINE ( 'NONE', #8907, #8876 ) ;
#2451 = ORIENTED_EDGE ( 'NONE', *, *, #3098, .T. ) ;
#2452 =( NAMED_UNIT ( * ) SI_UNIT ( $, .STERADIAN. ) SOLID_ANGLE_UNIT ( ) );
#2453 = B_SPLINE_CURVE_WITH_KNOTS ( 'NONE', 3,
 ( #7666, #8682, #7834, #10677 ),
 .UNSPECIFIED., .F., .F.,
 ( 4, 4 ),
 ( 5.000000000000000000, 6.000000000000000000 ),
 .UNSPECIFIED. ) ;
#2454 = STYLED_ITEM ( 'NONE', ( #8123 ), #7860 ) ;
#2455 = UNCERTAINTY_MEASURE_WITH_UNIT (LENGTH_MEASURE( 1.000000000000000082E-05 ), #11129, 'distance_accuracy_value', 'NONE');
#2456 = DIRECTION ( 'NONE',  ( 7.343273320719415212E-15, -0.0000000000000000000, 1.000000000000000000 ) ) ;
#2457 = FILL_AREA_STYLE_COLOUR ( '', #9902 ) ;
#2458 = CARTESIAN_POINT ( 'NONE',  ( -0.3535495325606460293, 1.300000000000000044, -1.862804170216505462 ) ) ;
#2459 = PRESENTATION_LAYER_ASSIGNMENT (  '', '', ( #6784 ) ) ;
#2460 = EDGE_LOOP ( 'NONE', ( #900, #9108, #2760, #9181 ) ) ;
#2461 = ORIENTED_EDGE ( 'NONE', *, *, #10305, .F. ) ;
#2462 =( GEOMETRIC_REPRESENTATION_CONTEXT ( 3 ) GLOBAL_UNCERTAINTY_ASSIGNED_CONTEXT ( ( #7207 ) ) GLOBAL_UNIT_ASSIGNED_CONTEXT ( ( #5946, #2292, #6729 ) ) REPRESENTATION_CONTEXT ( 'NONE', 'WORKASPACE' ) );
#2463 = PRESENTATION_STYLE_ASSIGNMENT (( #5167 ) ) ;
#2464 = AXIS2_PLACEMENT_3D ( 'NONE', #3561, #1740, #22 ) ;
#2465 =( NAMED_UNIT ( * ) SI_UNIT ( $, .STERADIAN. ) SOLID_ANGLE_UNIT ( ) );
#2466 = B_SPLINE_SURFACE_WITH_KNOTS ( 'NONE', 3, 1, ( 
 ( #4071, #3258 ),
 ( #1418, #5841 ),
 ( #11405, #10602 ),
 ( #5103, #11470 ) ),
 .UNSPECIFIED., .F., .F., .F.,
 ( 4, 4 ),
 ( 2, 2 ),
 ( 1.000000000000000000, 2.000000000000000000 ),
 ( 0.0000000000000000000, 1.000000000000000000 ),
 .UNSPECIFIED. ) ;
#2467 = B_SPLINE_CURVE_WITH_KNOTS ( 'NONE', 3,
 ( #8177, #11135, #1642, #5613 ),
 .UNSPECIFIED., .F., .F.,
 ( 4, 4 ),
 ( 19.00000000000000000, 20.00000000000000000 ),
 .UNSPECIFIED. ) ;
#2468 = VECTOR ( 'NONE', #8182, 1000.000000000000000 ) ;
#2469 = CARTESIAN_POINT ( 'NONE',  ( -0.03288819116794932523, 1.300000000000000044, -1.534344644452006134 ) ) ;
#2470 = SURFACE_STYLE_FILL_AREA ( #9884 ) ;
#2471 = MECHANICAL_DESIGN_GEOMETRIC_PRESENTATION_REPRESENTATION (  '', ( #1304 ), #4420 ) ;
#2472 = MECHANICAL_DESIGN_GEOMETRIC_PRESENTATION_REPRESENTATION (  '', ( #7338 ), #9462 ) ;
#2473 = AXIS2_PLACEMENT_3D ( 'NONE', #11905, #10960, #8417 ) ;
#2474 = SURFACE_STYLE_FILL_AREA ( #7104 ) ;
#2475 =( GEOMETRIC_REPRESENTATION_CONTEXT ( 3 ) GLOBAL_UNCERTAINTY_ASSIGNED_CONTEXT ( ( #6097 ) ) GLOBAL_UNIT_ASSIGNED_CONTEXT ( ( #1655, #2705, #4599 ) ) REPRESENTATION_CONTEXT ( 'NONE', 'WORKASPACE' ) );
#2476 = B_SPLINE_CURVE_WITH_KNOTS ( 'NONE', 3,
 ( #11730, #8793, #8844, #3263 ),
 .UNSPECIFIED., .F., .F.,
 ( 4, 4 ),
 ( 1.000000000000000000, 2.000000000000000000 ),
 .UNSPECIFIED. ) ;
#2477 = CARTESIAN_POINT ( 'NONE',  ( -0.3185616786762481278, 1.300000000000000044, -1.862804170216505684 ) ) ;
#2478 = SURFACE_STYLE_USAGE ( .BOTH. , #9762 ) ;
#2479 = MECHANICAL_DESIGN_GEOMETRIC_PRESENTATION_REPRESENTATION (  '', ( #4246 ), #9660 ) ;
#2480 = EDGE_LOOP ( 'NONE', ( #4837, #1893, #6643, #1651 ) ) ;
#2481 = SURFACE_STYLE_USAGE ( .BOTH. , #5124 ) ;
#2482 = EDGE_LOOP ( 'NONE', ( #5134, #8169, #7075, #727 ) ) ;
#2483 = EDGE_LOOP ( 'NONE', ( #11115, #1122, #5914, #4123, #3578, #8418, #3987, #2555, #10350, #10332, #3562, #9114, #63, #7435 ) ) ;
#2484 =( LENGTH_UNIT ( ) NAMED_UNIT ( * ) SI_UNIT ( .MILLI., .METRE. ) );
#2485 = DIRECTION ( 'NONE',  ( 0.9345104387438649685, 0.0000000000000000000, -0.3559357243643141988 ) ) ;
#2486 = VECTOR ( 'NONE', #1881, 1000.000000000000000 ) ;
#2487 = COLOUR_RGB ( '',1.000000000000000000, 1.000000000000000000, 1.000000000000000000 ) ;
#2488 = EDGE_LOOP ( 'NONE', ( #6409, #2914, #4911, #6704 ) ) ;
#2489 = SURFACE_SIDE_STYLE ('',( #8934 ) ) ;
#2490 = EDGE_CURVE ( 'NONE', #9335, #8535, #8142, .T. ) ;
#2491 = PRODUCT_DEFINITION_FORMATION_WITH_SPECIFIED_SOURCE ( 'хн╨н', '', #4678, .NOT_KNOWN. ) ;
#2492 = CARTESIAN_POINT ( 'NONE',  ( 0.8004995320456282926, 1.310000000000000053, -1.889549482140071346 ) ) ;
#2493 = VECTOR ( 'NONE', #5269, 1000.000000000000000 ) ;
#2494 = PLANE ( 'NONE',  #7682 ) ;
#2495 = PLANE ( 'NONE',  #1423 ) ;
#2496 = CARTESIAN_POINT ( 'NONE',  ( -0.2990142298495890305, 1.300000000000000044, -1.797091469905306216 ) ) ;
#2497 = EDGE_LOOP ( 'NONE', ( #9852, #7118, #10256, #283 ) ) ;
#2498 = SHAPE_DEFINITION_REPRESENTATION ( #4559, #7861 ) ;
#2499 = MECHANICAL_DESIGN_GEOMETRIC_PRESENTATION_REPRESENTATION (  '', ( #6582 ), #551 ) ;
#2500 = STYLED_ITEM ( 'NONE', ( #7009 ), #10175 ) ;
#2501 = VECTOR ( 'NONE', #533, 1000.000000000000000 ) ;
#2502 =( GEOMETRIC_REPRESENTATION_CONTEXT ( 3 ) GLOBAL_UNCERTAINTY_ASSIGNED_CONTEXT ( ( #1770 ) ) GLOBAL_UNIT_ASSIGNED_CONTEXT ( ( #8829, #4225, #7822 ) ) REPRESENTATION_CONTEXT ( 'NONE', 'WORKASPACE' ) );
#2503 =( NAMED_UNIT ( * ) PLANE_ANGLE_UNIT ( ) SI_UNIT ( $, .RADIAN. ) );
#2504 = VERTEX_POINT ( 'NONE', #11110 ) ;
#2505 = CARTESIAN_POINT ( 'NONE',  ( -0.1403991597152866311, 1.300000000000000044, -1.841281181348327634 ) ) ;
#2506 =( LENGTH_UNIT ( ) NAMED_UNIT ( * ) SI_UNIT ( .MILLI., .METRE. ) );
#2507 = CARTESIAN_POINT ( 'NONE',  ( -0.3607238621826807656, 1.300000000000000044, -1.731586721177126087 ) ) ;
#2508 = VERTEX_POINT ( 'NONE', #1668 ) ;
#2509 = VECTOR ( 'NONE', #5983, 1000.000000000000000 ) ;
#2510 = UNCERTAINTY_MEASURE_WITH_UNIT (LENGTH_MEASURE( 1.000000000000000082E-05 ), #2632, 'distance_accuracy_value', 'NONE');
#2511 = STYLED_ITEM ( 'NONE', ( #8347 ), #10343 ) ;
#2512 = DIRECTION ( 'NONE',  ( -1.000000000000000000, 0.0000000000000000000, 8.279859545650748409E-15 ) ) ;
#2513 = CARTESIAN_POINT ( 'NONE',  ( -0.1857326048670288055, 1.310000000000000053, -1.813519644983799584 ) ) ;
#2514 = EDGE_LOOP ( 'NONE', ( #7221, #2202, #10031, #1111 ) ) ;
#2515 = CARTESIAN_POINT ( 'NONE',  ( 1.014505594678532185, 1.310000000000000053, -1.486119025696001517 ) ) ;
#2516 = PRESENTATION_LAYER_ASSIGNMENT (  '', '', ( #11999 ) ) ;
#2517 = CARTESIAN_POINT ( 'NONE',  ( -0.4763449424777507213, 1.300000000000000044, -1.844296479306360093 ) ) ;
#2518 =( GEOMETRIC_REPRESENTATION_CONTEXT ( 3 ) GLOBAL_UNCERTAINTY_ASSIGNED_CONTEXT ( ( #9018 ) ) GLOBAL_UNIT_ASSIGNED_CONTEXT ( ( #3229, #2425, #2254 ) ) REPRESENTATION_CONTEXT ( 'NONE', 'WORKASPACE' ) );
#2519 = CARTESIAN_POINT ( 'NONE',  ( 0.2495784421214472248, 1.310000000000000053, -1.679881287246549615 ) ) ;
#2520 =( GEOMETRIC_REPRESENTATION_CONTEXT ( 3 ) GLOBAL_UNCERTAINTY_ASSIGNED_CONTEXT ( ( #11888 ) ) GLOBAL_UNIT_ASSIGNED_CONTEXT ( ( #8860, #5293, #10688 ) ) REPRESENTATION_CONTEXT ( 'NONE', 'WORKASPACE' ) );
#2521 = SURFACE_SIDE_STYLE ('',( #5330 ) ) ;
#2522 = DIRECTION ( 'NONE',  ( -0.0000000000000000000, -1.000000000000000000, -0.0000000000000000000 ) ) ;
#2523 = EDGE_CURVE ( 'NONE', #2005, #10373, #6476, .T. ) ;
#2524 = ORIENTED_EDGE ( 'NONE', *, *, #418, .F. ) ;
#2525 = CARTESIAN_POINT ( 'NONE',  ( -0.006634303781057320631, 1.310000000000000053, -1.676791478987290196 ) ) ;
#2526 = PRESENTATION_LAYER_ASSIGNMENT (  '', '', ( #8929 ) ) ;
#2527 = DIRECTION ( 'NONE',  ( -1.000000000000000000, -0.0000000000000000000, 5.524475822672533101E-15 ) ) ;
#2528 = SURFACE_STYLE_FILL_AREA ( #5461 ) ;
#2529 = CARTESIAN_POINT ( 'NONE',  ( 0.4187589521102142442, 1.300000000000000044, -1.792668275519048393 ) ) ;
#2530 = CARTESIAN_POINT ( 'NONE',  ( -0.3414363528354893984, 1.310000000000000053, -1.442637996233387732 ) ) ;
#2531 = ORIENTED_EDGE ( 'NONE', *, *, #3160, .T. ) ;
#2532 = ORIENTED_EDGE ( 'NONE', *, *, #7393, .F. ) ;
#2533 = FILL_AREA_STYLE_COLOUR ( '', #10254 ) ;
#2534 = EDGE_CURVE ( 'NONE', #10703, #43, #4689, .T. ) ;
#2535 = DIRECTION ( 'NONE',  ( 1.000000000000000000, 0.0000000000000000000, -1.556335539511384660E-14 ) ) ;
#2536 = CARTESIAN_POINT ( 'NONE',  ( -0.4226934339952500563, 1.300000000000000044, -1.926749282070603364 ) ) ;
#2537 = DIRECTION ( 'NONE',  ( 1.000000000000000000, 0.0000000000000000000, -6.662906143884111220E-15 ) ) ;
#2538 = PRESENTATION_STYLE_ASSIGNMENT (( #10797 ) ) ;
#2539 = ADVANCED_FACE ( 'NONE', ( #5399 ), #9835, .F. ) ;
#2540 = CARTESIAN_POINT ( 'NONE',  ( 0.3030799233044778607, 1.300000000000000044, -1.489010997278496173 ) ) ;
#2541 = EDGE_CURVE ( 'NONE', #2746, #10361, #3617, .T. ) ;
#2542 = DIRECTION ( 'NONE',  ( -0.3658589216693627355, -0.0000000000000000000, -0.9306703226357500025 ) ) ;
#2543 = ORIENTED_EDGE ( 'NONE', *, *, #8670, .T. ) ;
#2544 = ORIENTED_EDGE ( 'NONE', *, *, #9976, .F. ) ;
#2545 = EDGE_LOOP ( 'NONE', ( #9876, #7695, #1254, #5708 ) ) ;
#2546 = CARTESIAN_POINT ( 'NONE',  ( -0.1976378330084628543, 1.310000000000000053, -1.811856032316819798 ) ) ;
#2547 = ORIENTED_EDGE ( 'NONE', *, *, #675, .T. ) ;
#2548 =( NAMED_UNIT ( * ) PLANE_ANGLE_UNIT ( ) SI_UNIT ( $, .RADIAN. ) );
#2549 = CARTESIAN_POINT ( 'NONE',  ( -0.5187670654636578060, 1.310000000000000053, -1.534344644452003026 ) ) ;
#2550 =( NAMED_UNIT ( * ) PLANE_ANGLE_UNIT ( ) SI_UNIT ( $, .RADIAN. ) );
#2551 = LINE ( 'NONE', #3472, #2802 ) ;
#2552 = EDGE_CURVE ( 'NONE', #4115, #1584, #9928, .T. ) ;
#2553 = CARTESIAN_POINT ( 'NONE',  ( 0.6240890862035279874, 1.310000000000000053, -1.827371934517356689 ) ) ;
#2554 = CARTESIAN_POINT ( 'NONE',  ( -0.5786571214431913690, 1.310000000000000053, -1.396680696331872085 ) ) ;
#2555 = ORIENTED_EDGE ( 'NONE', *, *, #8384, .T. ) ;
#2556 = DIRECTION ( 'NONE',  ( -0.0000000000000000000, -1.000000000000000000, -0.0000000000000000000 ) ) ;
#2557 = CARTESIAN_POINT ( 'NONE',  ( -0.8525813444966419130, 1.300000000000000044, -1.851678760512114108 ) ) ;
#2558 = EDGE_CURVE ( 'NONE', #4472, #11478, #4253, .T. ) ;
#2559 = ORIENTED_EDGE ( 'NONE', *, *, #1736, .F. ) ;
#2560 = CARTESIAN_POINT ( 'NONE',  ( -0.1686805750394584913, 1.310000000000000053, -1.851782736303636101 ) ) ;
#2561 = VERTEX_POINT ( 'NONE', #6424 ) ;
#2562 = PRESENTATION_LAYER_ASSIGNMENT (  '', '', ( #10719 ) ) ;
#2563 = ADVANCED_FACE ( 'NONE', ( #10862 ), #5465, .F. ) ;
#2564 = CARTESIAN_POINT ( 'NONE',  ( -0.2571119858219442222, 1.310000000000000053, -1.786693890742894419 ) ) ;
#2565 = EDGE_CURVE ( 'NONE', #9377, #482, #1327, .T. ) ;
#2566 = CARTESIAN_POINT ( 'NONE',  ( 0.7397680598499239979, 1.300000000000000044, -1.776762438707540026 ) ) ;
#2567 = CARTESIAN_POINT ( 'NONE',  ( -0.7499927591887473044, -2.174283988172446502, -0.09890022871519246750 ) ) ;
#2568 = CARTESIAN_POINT ( 'NONE',  ( -0.1976378330084628543, 1.300000000000000044, -1.811856032316820020 ) ) ;
#2569 = ORIENTED_EDGE ( 'NONE', *, *, #980, .F. ) ;
#2570 = DIRECTION ( 'NONE',  ( 1.000000000000000000, 0.0000000000000000000, 0.0000000000000000000 ) ) ;
#2571 = CARTESIAN_POINT ( 'NONE',  ( -0.3842743789874545346, 1.300000000000000044, -1.864467782882105684 ) ) ;
#2572 = DIRECTION ( 'NONE',  ( 1.000000000000000000, 0.0000000000000000000, -8.617725714964501747E-15 ) ) ;
#2573 =( NAMED_UNIT ( * ) SI_UNIT ( $, .STERADIAN. ) SOLID_ANGLE_UNIT ( ) );
#2574 = CARTESIAN_POINT ( 'NONE',  ( -0.2316379168720958670, 1.300000000000000044, -1.787837624449537310 ) ) ;
#2575 = CARTESIAN_POINT ( 'NONE',  ( 0.9046105641992142621, 1.300000000000000044, -1.781100334026238574 ) ) ;
#2576 = UNCERTAINTY_MEASURE_WITH_UNIT (LENGTH_MEASURE( 1.000000000000000082E-05 ), #5626, 'distance_accuracy_value', 'NONE');
#2577 = CARTESIAN_POINT ( 'NONE',  ( -0.4226934339952500563, 1.300000000000000044, -1.926749282070603364 ) ) ;
#2578 = UNCERTAINTY_MEASURE_WITH_UNIT (LENGTH_MEASURE( 1.000000000000000082E-05 ), #3959, 'distance_accuracy_value', 'NONE');
#2579 = DIRECTION ( 'NONE',  ( 1.000000000000000000, 0.0000000000000000000, 0.0000000000000000000 ) ) ;
#2580 = DIRECTION ( 'NONE',  ( 0.2524218971878639528, -0.0000000000000000000, 0.9676172723861843350 ) ) ;
#2581 = ORIENTED_EDGE ( 'NONE', *, *, #7965, .F. ) ;
#2582 = SURFACE_STYLE_FILL_AREA ( #1855 ) ;
#2583 = CARTESIAN_POINT ( 'NONE',  ( 0.2134287628575559093, 1.310000000000000053, -1.815804048184584740 ) ) ;
#2584 = PRESENTATION_STYLE_ASSIGNMENT (( #7218 ) ) ;
#2585 = CARTESIAN_POINT ( 'NONE',  ( 0.7513359461826958352, 1.300000000000000044, -1.355980173450014092 ) ) ;
#2586 = FILL_AREA_STYLE_COLOUR ( '', #10893 ) ;
#2587 = CARTESIAN_POINT ( 'NONE',  ( -0.3635831964527602711, 1.310000000000000053, -1.856253695344243448 ) ) ;
#2588 = ORIENTED_EDGE ( 'NONE', *, *, #3829, .F. ) ;
#2589 = EDGE_LOOP ( 'NONE', ( #4015, #2146, #9603, #9375, #3193, #9450, #2236, #9817, #6336, #11210, #5190, #2693, #2218, #3034, #3682, #1193, #1270, #8526, #5872, #348, #580 ) ) ;
#2590 = CARTESIAN_POINT ( 'NONE',  ( -0.9719975411854099301, 1.300000000000000044, -1.676791478987283313 ) ) ;
#2591 = CARTESIAN_POINT ( 'NONE',  ( -0.1545918552727806872, 1.300000000000000044, -1.769849812498350827 ) ) ;
#2592 = B_SPLINE_CURVE_WITH_KNOTS ( 'NONE', 3,
 ( #5213, #575, #7031, #10724 ),
 .UNSPECIFIED., .F., .F.,
 ( 4, 4 ),
 ( 33.00000000000000000, 34.00000000000000000 ),
 .UNSPECIFIED. ) ;
#2593 =( NAMED_UNIT ( * ) SI_UNIT ( $, .STERADIAN. ) SOLID_ANGLE_UNIT ( ) );
#2594 = PRESENTATION_STYLE_ASSIGNMENT (( #9938 ) ) ;
#2595 =( GEOMETRIC_REPRESENTATION_CONTEXT ( 3 ) GLOBAL_UNCERTAINTY_ASSIGNED_CONTEXT ( ( #746 ) ) GLOBAL_UNIT_ASSIGNED_CONTEXT ( ( #2813, #4841, #9369 ) ) REPRESENTATION_CONTEXT ( 'NONE', 'WORKASPACE' ) );
#2596 = CARTESIAN_POINT ( 'NONE',  ( 0.2206586987101976649, 1.300000000000000044, -1.515038755317931418 ) ) ;
#2597 =( NAMED_UNIT ( * ) SI_UNIT ( $, .STERADIAN. ) SOLID_ANGLE_UNIT ( ) );
#2598 = ORIENTED_EDGE ( 'NONE', *, *, #3699, .F. ) ;
#2599 = VECTOR ( 'NONE', #10886, 1000.000000000000000 ) ;
#2600 = ORIENTED_EDGE ( 'NONE', *, *, #188, .T. ) ;
#2601 = EDGE_LOOP ( 'NONE', ( #10598, #4598, #6232, #5939 ) ) ;
#2602 = SURFACE_SIDE_STYLE ('',( #11703 ) ) ;
#2603 = EDGE_CURVE ( 'NONE', #5768, #4086, #8594, .T. ) ;
#2604 = CARTESIAN_POINT ( 'NONE',  ( -0.2744759430247418197, 1.310000000000000053, -1.386491068751103617 ) ) ;
#2605 = ORIENTED_EDGE ( 'NONE', *, *, #9580, .F. ) ;
#2606 = CARTESIAN_POINT ( 'NONE',  ( -0.3414363528354893984, 1.310000000000000053, -1.442637996233387732 ) ) ;
#2607 = CARTESIAN_POINT ( 'NONE',  ( 0.7686878032611732525, 1.300000000000000044, -1.976308602054442698 ) ) ;
#2608 = DIRECTION ( 'NONE',  ( 6.397207432700281273E-15, 0.0000000000000000000, 1.000000000000000000 ) ) ;
#2609 =( LENGTH_UNIT ( ) NAMED_UNIT ( * ) SI_UNIT ( .MILLI., .METRE. ) );
#2610 = STYLED_ITEM ( 'NONE', ( #10250 ), #1984 ) ;
#2611 = SURFACE_SIDE_STYLE ('',( #10091 ) ) ;
#2612 = PRESENTATION_STYLE_ASSIGNMENT (( #10896 ) ) ;
#2613 = VECTOR ( 'NONE', #3768, 1000.000000000000000 ) ;
#2614 = CARTESIAN_POINT ( 'NONE',  ( -0.4487913576948704963, 1.310000000000000053, -1.906266051118935101 ) ) ;
#2615 = UNCERTAINTY_MEASURE_WITH_UNIT (LENGTH_MEASURE( 1.000000000000000082E-05 ), #268, 'distance_accuracy_value', 'NONE');
#2616 = FACE_OUTER_BOUND ( 'NONE', #1113, .T. ) ;
#2617 = ORIENTED_EDGE ( 'NONE', *, *, #6996, .T. ) ;
#2618 = CARTESIAN_POINT ( 'NONE',  ( -0.9235448222848102739, 1.310000000000000053, -1.880168127418616830 ) ) ;
#2619 = DIRECTION ( 'NONE',  ( 9.351971403878175235E-15, -0.0000000000000000000, 1.000000000000000000 ) ) ;
#2620 = CARTESIAN_POINT ( 'NONE',  ( -0.8484223128319555718, 1.310000000000000053, -1.821733732521657378 ) ) ;
#2621 = CARTESIAN_POINT ( 'NONE',  ( 0.3536895294343773144, 1.310000000000000053, -1.792668275519047727 ) ) ;
#2622 = FILL_AREA_STYLE ('',( #10954 ) ) ;
#2623 = ORIENTED_EDGE ( 'NONE', *, *, #9008, .T. ) ;
#2624 = EDGE_CURVE ( 'NONE', #7086, #141, #893, .T. ) ;
#2625 = AXIS2_PLACEMENT_3D ( 'NONE', #6079, #10630, #6027 ) ;
#2626 = B_SPLINE_CURVE_WITH_KNOTS ( 'NONE', 3,
 ( #7334, #7217, #8319, #11980 ),
 .UNSPECIFIED., .F., .F.,
 ( 4, 4 ),
 ( 2.000000000000000000, 3.000000000000000000 ),
 .UNSPECIFIED. ) ;
#2627 = CARTESIAN_POINT ( 'NONE',  ( 1.014505594678532185, 1.300000000000000044, -1.486119025696001517 ) ) ;
#2628 = CARTESIAN_POINT ( 'NONE',  ( -0.2219681682502721298, 1.300000000000000044, -1.537567893993073476 ) ) ;
#2629 = VERTEX_POINT ( 'NONE', #2649 ) ;
#2630 = CARTESIAN_POINT ( 'NONE',  ( -0.1160168365777153460, 1.310000000000000053, -1.880168127418622603 ) ) ;
#2631 = CARTESIAN_POINT ( 'NONE',  ( -0.5978926428953125205, 1.310000000000000053, -1.529041879079284350 ) ) ;
#2632 =( LENGTH_UNIT ( ) NAMED_UNIT ( * ) SI_UNIT ( .MILLI., .METRE. ) );
#2633 = PRESENTATION_STYLE_ASSIGNMENT (( #4348 ) ) ;
#2634 = CARTESIAN_POINT ( 'NONE',  ( 0.9508821922696598650, 1.310000000000000053, -1.866413599154459924 ) ) ;
#2635 = EDGE_CURVE ( 'NONE', #1741, #4575, #4923, .T. ) ;
#2636 = CARTESIAN_POINT ( 'NONE',  ( 0.6602387378880940627, 1.310000000000000053, -1.734828733536504686 ) ) ;
#2637 = EDGE_CURVE ( 'NONE', #6751, #1935, #10065, .T. ) ;
#2638 = STYLED_ITEM ( 'NONE', ( #1989 ), #7310 ) ;
#2639 = CARTESIAN_POINT ( 'NONE',  ( -0.4487913576948705519, 1.310000000000000053, -1.906266051118935101 ) ) ;
#2640 = CARTESIAN_POINT ( 'NONE',  ( -0.8556486303490516976, 1.310000000000000053, -1.751238145795297019 ) ) ;
#2641 = ORIENTED_EDGE ( 'NONE', *, *, #11555, .T. ) ;
#2642 = FILL_AREA_STYLE ('',( #760 ) ) ;
#2643 = VERTEX_POINT ( 'NONE', #828 ) ;
#2644 = CARTESIAN_POINT ( 'NONE',  ( -0.2917879123311050149, 1.310000000000000053, -1.761219821793046147 ) ) ;
#2645 = CARTESIAN_POINT ( 'NONE',  ( -0.4732256687281972685, 1.300000000000000044, -1.856045743761215894 ) ) ;
#2646 = VECTOR ( 'NONE', #3403, 1000.000000000000000 ) ;
#2647 = FILL_AREA_STYLE_COLOUR ( '', #12026 ) ;
#2648 = LINE ( 'NONE', #3815, #5775 ) ;
#2649 = CARTESIAN_POINT ( 'NONE',  ( -0.3151824654486039545, 1.300000000000000044, -1.354154597554453998 ) ) ;
#2650 = VERTEX_POINT ( 'NONE', #5519 ) ;
#2651 = EDGE_LOOP ( 'NONE', ( #11552, #11809, #6263, #7909 ) ) ;
#2652 = DIRECTION ( 'NONE',  ( -0.0000000000000000000, -1.000000000000000000, -0.0000000000000000000 ) ) ;
#2653 = FILL_AREA_STYLE_COLOUR ( '', #4437 ) ;
#2654 = CARTESIAN_POINT ( 'NONE',  ( -0.9889455952214717405, 1.300000000000000044, -1.717030110348640282 ) ) ;
#2655 = CARTESIAN_POINT ( 'NONE',  ( 0.7513359461826958352, 1.300000000000000044, -1.355980173450014092 ) ) ;
#2656 = PRESENTATION_STYLE_ASSIGNMENT (( #4622 ) ) ;
#2657 = LINE ( 'NONE', #4758, #4369 ) ;
#2658 = COLOUR_RGB ( '',0.7529411764705882248, 0.7529411764705882248, 0.7529411764705882248 ) ;
#2659 = PRESENTATION_STYLE_ASSIGNMENT (( #10930 ) ) ;
#2660 = COLOUR_RGB ( '',1.000000000000000000, 1.000000000000000000, 1.000000000000000000 ) ;
#2661 = CARTESIAN_POINT ( 'NONE',  ( -0.3236045045701886891, 1.310000000000000053, -1.785342205450451525 ) ) ;
#2662 =( NAMED_UNIT ( * ) PLANE_ANGLE_UNIT ( ) SI_UNIT ( $, .RADIAN. ) );
#2663 = VERTEX_POINT ( 'NONE', #5824 ) ;
#2664 = FILL_AREA_STYLE ('',( #5533 ) ) ;
#2665 = STYLED_ITEM ( 'NONE', ( #2659 ), #11226 ) ;
#2666 = ORIENTED_EDGE ( 'NONE', *, *, #3575, .T. ) ;
#2667 = ORIENTED_EDGE ( 'NONE', *, *, #2558, .F. ) ;
#2668 = LINE ( 'NONE', #5725, #7344 ) ;
#2669 =( GEOMETRIC_REPRESENTATION_CONTEXT ( 3 ) GLOBAL_UNCERTAINTY_ASSIGNED_CONTEXT ( ( #6536 ) ) GLOBAL_UNIT_ASSIGNED_CONTEXT ( ( #3306, #6093, #3597 ) ) REPRESENTATION_CONTEXT ( 'NONE', 'WORKASPACE' ) );
#2670 = CARTESIAN_POINT ( 'NONE',  ( -0.2316379168720963944, 1.300000000000000044, -1.821213853564091600 ) ) ;
#2671 = VECTOR ( 'NONE', #11664, 1000.000000000000000 ) ;
#2672 = ORIENTED_EDGE ( 'NONE', *, *, #3078, .F. ) ;
#2673 = FACE_OUTER_BOUND ( 'NONE', #2589, .T. ) ;
#2674 = UNCERTAINTY_MEASURE_WITH_UNIT (LENGTH_MEASURE( 1.000000000000000082E-05 ), #4128, 'distance_accuracy_value', 'NONE');
#2675 = AXIS2_PLACEMENT_3D ( 'NONE', #3013, #6905, #10597 ) ;
#2676 = FACE_OUTER_BOUND ( 'NONE', #5870, .T. ) ;
#2677 = VECTOR ( 'NONE', #985, 1000.000000000000000 ) ;
#2678 = CARTESIAN_POINT ( 'NONE',  ( 0.8149593761715847595, 1.310000000000000053, -1.419603610333215693 ) ) ;
#2679 = DIRECTION ( 'NONE',  ( -1.000000000000000000, 0.0000000000000000000, 1.651872968765437117E-14 ) ) ;
#2680 =( NAMED_UNIT ( * ) PLANE_ANGLE_UNIT ( ) SI_UNIT ( $, .RADIAN. ) );
#2681 = CARTESIAN_POINT ( 'NONE',  ( -0.6009599287491100839, 1.300000000000000044, -1.453971357520802199 ) ) ;
#2682 = FILL_AREA_STYLE ('',( #4585 ) ) ;
#2683 = COLOUR_RGB ( '',1.000000000000000000, 1.000000000000000000, 1.000000000000000000 ) ;
#2684 = CARTESIAN_POINT ( 'NONE',  ( 0.0000000000000000000, 0.0000000000000000000, 2.250000000000000000 ) ) ;
#2685 = AXIS2_PLACEMENT_3D ( 'NONE', #5118, #5169, #3112 ) ;
#2686 = ORIENTED_EDGE ( 'NONE', *, *, #8993, .F. ) ;
#2687 = CARTESIAN_POINT ( 'NONE',  ( -0.2060598721307327907, 1.300000000000000044, -1.883599328542719498 ) ) ;
#2688 = VECTOR ( 'NONE', #3388, 1000.000000000000000 ) ;
#2689 = VECTOR ( 'NONE', #10295, 1000.000000000000000 ) ;
#2690 = SURFACE_STYLE_USAGE ( .BOTH. , #9423 ) ;
#2691 = DIRECTION ( 'NONE',  ( -1.000000000000000000, 0.0000000000000000000, -0.0000000000000000000 ) ) ;
#2692 = EDGE_CURVE ( 'NONE', #1004, #4329, #4554, .T. ) ;
#2693 = ORIENTED_EDGE ( 'NONE', *, *, #8194, .T. ) ;
#2694 = VECTOR ( 'NONE', #5702, 1000.000000000000000 ) ;
#2695 = MECHANICAL_DESIGN_GEOMETRIC_PRESENTATION_REPRESENTATION (  '', ( #9481 ), #6964 ) ;
#2696 = MECHANICAL_DESIGN_GEOMETRIC_PRESENTATION_REPRESENTATION (  '', ( #1138 ), #7568 ) ;
#2697 = FACE_OUTER_BOUND ( 'NONE', #7315, .T. ) ;
#2698 = B_SPLINE_CURVE_WITH_KNOTS ( 'NONE', 3,
 ( #2354, #9867, #5392, #3262 ),
 .UNSPECIFIED., .F., .F.,
 ( 4, 4 ),
 ( 17.00000000000000000, 18.00000000000000000 ),
 .UNSPECIFIED. ) ;
#2699 = PRESENTATION_LAYER_ASSIGNMENT (  '', '', ( #4078 ) ) ;
#2700 = CARTESIAN_POINT ( 'NONE',  ( 0.7686877756811558715, 1.300000000000000044, -1.685665175252899717 ) ) ;
#2701 = MECHANICAL_DESIGN_GEOMETRIC_PRESENTATION_REPRESENTATION (  '', ( #7945 ), #3679 ) ;
#2702 = VECTOR ( 'NONE', #9776, 1000.000000000000000 ) ;
#2703 = COLOUR_RGB ( '',1.000000000000000000, 1.000000000000000000, 1.000000000000000000 ) ;
#2704 = ORIENTED_EDGE ( 'NONE', *, *, #9453, .T. ) ;
#2705 =( NAMED_UNIT ( * ) PLANE_ANGLE_UNIT ( ) SI_UNIT ( $, .RADIAN. ) );
#2706 = SURFACE_STYLE_FILL_AREA ( #11853 ) ;
#2707 = EDGE_CURVE ( 'NONE', #4555, #2504, #740, .T. ) ;
#2708 = VECTOR ( 'NONE', #8561, 1000.000000000000000 ) ;
#2709 = CARTESIAN_POINT ( 'NONE',  ( 0.09836123239817595731, -2.300000000000000711, 0.7500000000000003331 ) ) ;
#2711 = EDGE_CURVE ( 'NONE', #9718, #9973, #2936, .T. ) ;
#2710 = PRESENTATION_STYLE_ASSIGNMENT (( #5384 ) ) ;
#2712 = CARTESIAN_POINT ( 'NONE',  ( 0.9899238569074473304, 1.310000000000000053, -1.843277826490301585 ) ) ;
#2713 = DIRECTION ( 'NONE',  ( -6.397207432700280485E-15, -0.0000000000000000000, -1.000000000000000000 ) ) ;
#2714 = VECTOR ( 'NONE', #9305, 1000.000000000000000 ) ;
#2715 =( LENGTH_UNIT ( ) NAMED_UNIT ( * ) SI_UNIT ( .MILLI., .METRE. ) );
#2716 = MECHANICAL_DESIGN_GEOMETRIC_PRESENTATION_REPRESENTATION (  '', ( #7779 ), #7379 ) ;
#2717 = FILL_AREA_STYLE_COLOUR ( '', #3310 ) ;
#2718 = EDGE_CURVE ( 'NONE', #4803, #3343, #9436, .T. ) ;
#2719 = SURFACE_STYLE_USAGE ( .BOTH. , #11106 ) ;
#2720 = ORIENTED_EDGE ( 'NONE', *, *, #6650, .T. ) ;
#2721 = PRESENTATION_STYLE_ASSIGNMENT (( #10181 ) ) ;
#2722 = COLOUR_RGB ( '',1.000000000000000000, 1.000000000000000000, 1.000000000000000000 ) ;
#2723 = ORIENTED_EDGE ( 'NONE', *, *, #5555, .F. ) ;
#2724 = CARTESIAN_POINT ( 'NONE',  ( -0.7332691235993779033, 1.310000000000000053, -1.391585882542178521 ) ) ;
#2725 = CARTESIAN_POINT ( 'NONE',  ( -0.03288819116795105996, 1.300000000000000044, -1.765274877666225706 ) ) ;
#2726 = CARTESIAN_POINT ( 'NONE',  ( -0.3335341926714792682, 1.310000000000000053, -1.862804170216505684 ) ) ;
#2727 = ADVANCED_FACE ( 'NONE', ( #3935 ), #2097, .T. ) ;
#2728 =( NAMED_UNIT ( * ) SI_UNIT ( $, .STERADIAN. ) SOLID_ANGLE_UNIT ( ) );
#2729 = VECTOR ( 'NONE', #3171, 1000.000000000000000 ) ;
#2730 = CARTESIAN_POINT ( 'NONE',  ( -0.7736117307536444221, 1.310000000000000053, -1.880168127418618162 ) ) ;
#2731 = EDGE_LOOP ( 'NONE', ( #9362, #3241, #125, #9471 ) ) ;
#2732 = EDGE_LOOP ( 'NONE', ( #9678, #7502, #10563, #5356 ) ) ;
#2733 = DIRECTION ( 'NONE',  ( 0.0000000000000000000, -1.000000000000000000, 0.0000000000000000000 ) ) ;
#2734 =( NAMED_UNIT ( * ) PLANE_ANGLE_UNIT ( ) SI_UNIT ( $, .RADIAN. ) );
#2735 = CARTESIAN_POINT ( 'NONE',  ( -0.4765009061650227196, 1.300000000000000044, -1.902107019452860870 ) ) ;
#2736 = VECTOR ( 'NONE', #11093, 1000.000000000000000 ) ;
#2737 = FILL_AREA_STYLE ('',( #9346 ) ) ;
#2738 =( NAMED_UNIT ( * ) PLANE_ANGLE_UNIT ( ) SI_UNIT ( $, .RADIAN. ) );
#2739 = CARTESIAN_POINT ( 'NONE',  ( -0.2181730518558842036, 1.300000000000000044, -1.560962447109883744 ) ) ;
#2740 = CARTESIAN_POINT ( 'NONE',  ( 0.7701337959481215911, 1.300000000000000044, -1.889549482140071346 ) ) ;
#2741 = SURFACE_SIDE_STYLE ('',( #1024 ) ) ;
#2742 = EDGE_LOOP ( 'NONE', ( #4952, #3294, #4187, #7268, #6210, #6611 ) ) ;
#2743 = ORIENTED_EDGE ( 'NONE', *, *, #8223, .F. ) ;
#2744 = VERTEX_POINT ( 'NONE', #5198 ) ;
#2745 = CARTESIAN_POINT ( 'NONE',  ( -0.2617908964455761822, 1.300000000000000044, -1.353530742803988662 ) ) ;
#2746 = VERTEX_POINT ( 'NONE', #562 ) ;
#2747 = CARTESIAN_POINT ( 'NONE',  ( -0.2207204587507351212, 1.300000000000000044, -1.850846954178625214 ) ) ;
#2748 = CARTESIAN_POINT ( 'NONE',  ( -0.3185616786762481278, 1.300000000000000044, -1.862804170216505684 ) ) ;
#2749 = CARTESIAN_POINT ( 'NONE',  ( 1.897366596101027536, 1.300000000000000044, 2.250000000000000000 ) ) ;
#2750 = FILL_AREA_STYLE ('',( #663 ) ) ;
#2751 = EDGE_CURVE ( 'NONE', #5785, #4175, #1356, .T. ) ;
#2752 = UNCERTAINTY_MEASURE_WITH_UNIT (LENGTH_MEASURE( 1.000000000000000082E-05 ), #6470, 'distance_accuracy_value', 'NONE');
#2753 = ORIENTED_EDGE ( 'NONE', *, *, #5985, .F. ) ;
#2754 = CARTESIAN_POINT ( 'NONE',  ( -0.1930628981770302621, 1.310000000000000053, -1.862700194424997457 ) ) ;
#2755 = LINE ( 'NONE', #4659, #4830 ) ;
#2756 = CARTESIAN_POINT ( 'NONE',  ( -0.8945355764193555492, 1.300000000000000044, -1.880168127418617052 ) ) ;
#2757 = FILL_AREA_STYLE ('',( #8412 ) ) ;
#2758 = PRESENTATION_STYLE_ASSIGNMENT (( #11095 ) ) ;
#2759 = CARTESIAN_POINT ( 'NONE',  ( -0.4141674190814600975, 1.300000000000000044, -1.442637996233387510 ) ) ;
#2760 = ORIENTED_EDGE ( 'NONE', *, *, #6816, .T. ) ;
#2761 = CARTESIAN_POINT ( 'NONE',  ( -0.1545918552727804651, 1.310000000000000053, -1.745103574089092779 ) ) ;
#2762 = CARTESIAN_POINT ( 'NONE',  ( -0.2262831636029221938, 1.300000000000000044, -1.350723396430359990 ) ) ;
#2763 = ORIENTED_EDGE ( 'NONE', *, *, #594, .T. ) ;
#2764 = CARTESIAN_POINT ( 'NONE',  ( -0.03288819116795127506, 1.300000000000000044, -1.788565454991522419 ) ) ;
#2765 = DIRECTION ( 'NONE',  ( -1.000000000000000000, -0.0000000000000000000, 5.120907607230319081E-15 ) ) ;
#2766 = B_SPLINE_CURVE_WITH_KNOTS ( 'NONE', 3,
 ( #6968, #4231, #10666, #7942 ),
 .UNSPECIFIED., .F., .F.,
 ( 4, 4 ),
 ( 8.000000000000000000, 9.000000000000000000 ),
 .UNSPECIFIED. ) ;
#2767 = EDGE_CURVE ( 'NONE', #2374, #8088, #7821, .T. ) ;
#2768 = ADVANCED_FACE ( 'NONE', ( #5090 ), #9731, .F. ) ;
#2769 = CARTESIAN_POINT ( 'NONE',  ( -0.5978926428953125205, 1.310000000000000053, -1.529041879079284350 ) ) ;
#2770 = PRESENTATION_LAYER_ASSIGNMENT (  '', '', ( #1211 ) ) ;
#2771 =( NAMED_UNIT ( * ) SI_UNIT ( $, .STERADIAN. ) SOLID_ANGLE_UNIT ( ) );
#2772 = ORIENTED_EDGE ( 'NONE', *, *, #4184, .T. ) ;
#2773 = DIRECTION ( 'NONE',  ( 0.0000000000000000000, -1.000000000000000000, 0.0000000000000000000 ) ) ;
#2774 = CARTESIAN_POINT ( 'NONE',  ( -0.2917879123311050149, 1.300000000000000044, -1.774112819954545062 ) ) ;
#2775 = DIRECTION ( 'NONE',  ( -0.0000000000000000000, -1.000000000000000000, -0.0000000000000000000 ) ) ;
#2776 = LINE ( 'NONE', #11984, #6047 ) ;
#2777 = CARTESIAN_POINT ( 'NONE',  ( -0.1847968227420257459, 1.310000000000000053, -1.752277903711821239 ) ) ;
#2778 = CARTESIAN_POINT ( 'NONE',  ( -0.1568793226888454129, 1.310000000000000053, -1.412173089285363670 ) ) ;
#2779 = VERTEX_POINT ( 'NONE', #2436 ) ;
#2780 = ORIENTED_EDGE ( 'NONE', *, *, #9530, .T. ) ;
#2781 = CARTESIAN_POINT ( 'NONE',  ( -0.5786571214431913690, 1.310000000000000053, -1.396680696331872085 ) ) ;
#2782 = EDGE_CURVE ( 'NONE', #6032, #4002, #461, .T. ) ;
#2783 = CARTESIAN_POINT ( 'NONE',  ( -0.3483507429787457976, 1.310000000000000053, -1.797819300447283108 ) ) ;
#2784 = EDGE_CURVE ( 'NONE', #3513, #3384, #3141, .T. ) ;
#2785 = CARTESIAN_POINT ( 'NONE',  ( 0.1599272265137985372, 1.310000000000000053, -1.678435266980274898 ) ) ;
#2786 = LINE ( 'NONE', #6260, #2334 ) ;
#2787 = PLANE ( 'NONE',  #6347 ) ;
#2788 = ORIENTED_EDGE ( 'NONE', *, *, #8753, .F. ) ;
#2789 = CARTESIAN_POINT ( 'NONE',  ( 0.1599272265137985372, 1.310000000000000053, -1.678435266980274898 ) ) ;
#2790 = ADVANCED_FACE ( 'NONE', ( #5266 ), #8222, .T. ) ;
#2791 = VERTEX_POINT ( 'NONE', #1777 ) ;
#2792 = ORIENTED_EDGE ( 'NONE', *, *, #9103, .F. ) ;
#2793 = VECTOR ( 'NONE', #10468, 1000.000000000000000 ) ;
#2794 = ORIENTED_EDGE ( 'NONE', *, *, #1526, .T. ) ;
#2795 = SURFACE_STYLE_FILL_AREA ( #10149 ) ;
#2796 = EDGE_CURVE ( 'NONE', #10717, #6906, #10832, .T. ) ;
#2797 = UNCERTAINTY_MEASURE_WITH_UNIT (LENGTH_MEASURE( 1.000000000000000082E-05 ), #10362, 'distance_accuracy_value', 'NONE');
#2798 =( NAMED_UNIT ( * ) SI_UNIT ( $, .STERADIAN. ) SOLID_ANGLE_UNIT ( ) );
#2799 = SURFACE_STYLE_FILL_AREA ( #8349 ) ;
#2800 = EDGE_CURVE ( 'NONE', #2561, #383, #5554, .T. ) ;
#2801 =( NAMED_UNIT ( * ) PLANE_ANGLE_UNIT ( ) SI_UNIT ( $, .RADIAN. ) );
#2802 = VECTOR ( 'NONE', #545, 1000.000000000000000 ) ;
#2803 = FACE_OUTER_BOUND ( 'NONE', #7883, .T. ) ;
#2804 = ORIENTED_EDGE ( 'NONE', *, *, #329, .T. ) ;
#2805 = DIRECTION ( 'NONE',  ( -0.0000000000000000000, -1.000000000000000000, -0.0000000000000000000 ) ) ;
#2806 = CARTESIAN_POINT ( 'NONE',  ( -0.7453823033245314811, 1.310000000000000053, -1.354154597554450667 ) ) ;
#2807 = CARTESIAN_POINT ( 'NONE',  ( 0.9899238569074473304, 1.300000000000000044, -1.843277826490301585 ) ) ;
#2808 = CARTESIAN_POINT ( 'NONE',  ( -0.3303629310268647590, 1.300000000000000044, -1.816326991357427589 ) ) ;
#2809 = SURFACE_STYLE_USAGE ( .BOTH. , #3975 ) ;
#2810 = CARTESIAN_POINT ( 'NONE',  ( -0.2004451793827844441, 1.310000000000000053, -1.537567893993073476 ) ) ;
#2811 = PRESENTATION_STYLE_ASSIGNMENT (( #10223 ) ) ;
#2812 = COLOUR_RGB ( '',1.000000000000000000, 1.000000000000000000, 1.000000000000000000 ) ;
#2813 =( LENGTH_UNIT ( ) NAMED_UNIT ( * ) SI_UNIT ( .MILLI., .METRE. ) );
#2814 =( GEOMETRIC_REPRESENTATION_CONTEXT ( 3 ) GLOBAL_UNCERTAINTY_ASSIGNED_CONTEXT ( ( #6054 ) ) GLOBAL_UNIT_ASSIGNED_CONTEXT ( ( #645, #7169, #10135 ) ) REPRESENTATION_CONTEXT ( 'NONE', 'WORKASPACE' ) );
#2815 =( NAMED_UNIT ( * ) PLANE_ANGLE_UNIT ( ) SI_UNIT ( $, .RADIAN. ) );
#2816 = UNCERTAINTY_MEASURE_WITH_UNIT (LENGTH_MEASURE( 1.000000000000000082E-05 ), #3697, 'distance_accuracy_value', 'NONE');
#2817 = CARTESIAN_POINT ( 'NONE',  ( -0.2917879123311050149, 1.310000000000000053, -1.774112819954545062 ) ) ;
#2818 = ORIENTED_EDGE ( 'NONE', *, *, #7827, .T. ) ;
#2819 = CARTESIAN_POINT ( 'NONE',  ( -0.9841627088063191753, 1.300000000000000044, -1.708919998602292711 ) ) ;
#2820 = CARTESIAN_POINT ( 'NONE',  ( 0.6549071269351784963, -2.205140212119558019, -0.3783134734508796782 ) ) ;
#2821 = VERTEX_POINT ( 'NONE', #8291 ) ;
#2822 = SURFACE_STYLE_FILL_AREA ( #205 ) ;
#2823 = CARTESIAN_POINT ( 'NONE',  ( 0.7686877756811558715, 1.310000000000000053, -1.685665175252899717 ) ) ;
#2824 =( NAMED_UNIT ( * ) PLANE_ANGLE_UNIT ( ) SI_UNIT ( $, .RADIAN. ) );
#2825 = ADVANCED_FACE ( 'NONE', ( #6401 ), #3547, .F. ) ;
#2826 =( NAMED_UNIT ( * ) SI_UNIT ( $, .STERADIAN. ) SOLID_ANGLE_UNIT ( ) );
#2827 =( NAMED_UNIT ( * ) PLANE_ANGLE_UNIT ( ) SI_UNIT ( $, .RADIAN. ) );
#2828 = CARTESIAN_POINT ( 'NONE',  ( -0.8556486303490521417, 1.310000000000000053, -1.776608238953634400 ) ) ;
#2829 = ORIENTED_EDGE ( 'NONE', *, *, #6581, .T. ) ;
#2830 = UNCERTAINTY_MEASURE_WITH_UNIT (LENGTH_MEASURE( 1.000000000000000082E-05 ), #7473, 'distance_accuracy_value', 'NONE');
#2831 =( LENGTH_UNIT ( ) NAMED_UNIT ( * ) SI_UNIT ( .MILLI., .METRE. ) );
#2832 = LINE ( 'NONE', #4746, #10766 ) ;
#2833 = PLANE ( 'NONE',  #10447 ) ;
#2834 = FACE_BOUND ( 'NONE', #11235, .T. ) ;
#2835 = ORIENTED_EDGE ( 'NONE', *, *, #7229, .F. ) ;
#2836 = ORIENTED_EDGE ( 'NONE', *, *, #9523, .T. ) ;
#2837 = DIRECTION ( 'NONE',  ( 9.268842769272767719E-15, -0.0000000000000000000, 1.000000000000000000 ) ) ;
#2838 = ADVANCED_FACE ( 'NONE', ( #7253 ), #6367, .T. ) ;
#2839 = PRESENTATION_LAYER_ASSIGNMENT (  '', '', ( #498 ) ) ;
#2840 = SURFACE_SIDE_STYLE ('',( #3710 ) ) ;
#2841 = CARTESIAN_POINT ( 'NONE',  ( 0.7686878032611732525, 1.300000000000000044, -1.976308602054442698 ) ) ;
#2842 = CARTESIAN_POINT ( 'NONE',  ( -0.7938350222251354671, 1.300000000000000044, -1.557531245985784629 ) ) ;
#2843 = FILL_AREA_STYLE ('',( #1867 ) ) ;
#2844 = FILL_AREA_STYLE_COLOUR ( '', #11085 ) ;
#2845 = CARTESIAN_POINT ( 'NONE',  ( -0.8484223128319555718, 1.310000000000000053, -1.821733732521657378 ) ) ;
#2846 = SURFACE_STYLE_USAGE ( .BOTH. , #10992 ) ;
#2847 = ORIENTED_EDGE ( 'NONE', *, *, #9015, .T. ) ;
#2848 = VERTEX_POINT ( 'NONE', #4909 ) ;
#2849 = EDGE_LOOP ( 'NONE', ( #4972, #4046, #9169, #2836 ) ) ;
#2850 = CARTESIAN_POINT ( 'NONE',  ( 0.4722604332932418547, 1.300000000000000044, -1.836047890636272051 ) ) ;
#2851 = VECTOR ( 'NONE', #12024, 1000.000000000000000 ) ;
#2852 = ORIENTED_EDGE ( 'NONE', *, *, #2253, .T. ) ;
#2853 = PRESENTATION_STYLE_ASSIGNMENT (( #8452 ) ) ;
#2854 = CARTESIAN_POINT ( 'NONE',  ( -0.1686805750394584913, 1.300000000000000044, -1.851782736303636101 ) ) ;
#2855 = MECHANICAL_DESIGN_GEOMETRIC_PRESENTATION_REPRESENTATION (  '', ( #1301 ), #3245 ) ;
#2856 = SURFACE_STYLE_USAGE ( .BOTH. , #2011 ) ;
#2857 = CARTESIAN_POINT ( 'NONE',  ( -0.6285655014263662466, 1.310000000000000053, -1.423090547406723472 ) ) ;
#2858 = CARTESIAN_POINT ( 'NONE',  ( -0.2744759430247415977, 1.310000000000000053, -1.359041459761119786 ) ) ;
#2859 = AXIS2_PLACEMENT_3D ( 'NONE', #8083, #7171, #472 ) ;
#2860 = CARTESIAN_POINT ( 'NONE',  ( -0.5978926428953114103, 1.310000000000000053, -1.381084327586869609 ) ) ;
#2861 = VECTOR ( 'NONE', #4470, 1000.000000000000000 ) ;
#2862 = ORIENTED_EDGE ( 'NONE', *, *, #3078, .T. ) ;
#2863 =( NAMED_UNIT ( * ) SI_UNIT ( $, .STERADIAN. ) SOLID_ANGLE_UNIT ( ) );
#2864 = PRESENTATION_STYLE_ASSIGNMENT (( #1965 ) ) ;
#2865 =( NAMED_UNIT ( * ) SI_UNIT ( $, .STERADIAN. ) SOLID_ANGLE_UNIT ( ) );
#2866 = CARTESIAN_POINT ( 'NONE',  ( -0.3483507429787457976, 1.300000000000000044, -1.797819300447283108 ) ) ;
#2867 = ADVANCED_FACE ( 'NONE', ( #7687 ), #8023, .F. ) ;
#2868 = CARTESIAN_POINT ( 'NONE',  ( -0.8525813444966405807, 1.310000000000000053, -1.703721209019702254 ) ) ;
#2869 =( GEOMETRIC_REPRESENTATION_CONTEXT ( 3 ) GLOBAL_UNCERTAINTY_ASSIGNED_CONTEXT ( ( #11361 ) ) GLOBAL_UNIT_ASSIGNED_CONTEXT ( ( #3826, #1199, #89 ) ) REPRESENTATION_CONTEXT ( 'NONE', 'WORKASPACE' ) );
#2870 = VECTOR ( 'NONE', #9672, 1000.000000000000000 ) ;
#2871 = CARTESIAN_POINT ( 'NONE',  ( 0.6240890862035273212, 1.300000000000000044, -1.911239179379300657 ) ) ;
#2872 = MECHANICAL_DESIGN_GEOMETRIC_PRESENTATION_REPRESENTATION (  '', ( #3455 ), #4237 ) ;
#2873 = CARTESIAN_POINT ( 'NONE',  ( -0.006634303781057320631, 1.310000000000000053, -1.676791478987290196 ) ) ;
#2874 = ORIENTED_EDGE ( 'NONE', *, *, #5322, .T. ) ;
#2875 =( LENGTH_UNIT ( ) NAMED_UNIT ( * ) SI_UNIT ( .MILLI., .METRE. ) );
#2876 = VECTOR ( 'NONE', #6812, 1000.000000000000000 ) ;
#2877 = PRESENTATION_LAYER_ASSIGNMENT (  '', '', ( #6182 ) ) ;
#2878 = CARTESIAN_POINT ( 'NONE',  ( 0.3450135733147712269, 1.310000000000000053, -1.880873470861114116 ) ) ;
#2879 = VECTOR ( 'NONE', #254, 1000.000000000000000 ) ;
#2880 = VERTEX_POINT ( 'NONE', #1043 ) ;
#2881 = DIRECTION ( 'NONE',  ( -0.0000000000000000000, -1.000000000000000000, -0.0000000000000000000 ) ) ;
#2882 = DIRECTION ( 'NONE',  ( -6.397207432700280485E-15, -0.0000000000000000000, -1.000000000000000000 ) ) ;
#2883 = AXIS2_PLACEMENT_3D ( 'NONE', #3225, #2320, #6029 ) ;
#2884 =( GEOMETRIC_REPRESENTATION_CONTEXT ( 3 ) GLOBAL_UNCERTAINTY_ASSIGNED_CONTEXT ( ( #11804 ) ) GLOBAL_UNIT_ASSIGNED_CONTEXT ( ( #11285, #1997, #1940 ) ) REPRESENTATION_CONTEXT ( 'NONE', 'WORKASPACE' ) );
#2885 = MECHANICAL_DESIGN_GEOMETRIC_PRESENTATION_REPRESENTATION (  '', ( #5039 ), #9298 ) ;
#2886 = PRESENTATION_LAYER_ASSIGNMENT (  '', '', ( #2112 ) ) ;
#2887 = CARTESIAN_POINT ( 'NONE',  ( 0.5778174857137977627, 1.300000000000000044, -1.299586672418065580 ) ) ;
#2888 = CARTESIAN_POINT ( 'NONE',  ( -0.6688561206834823247, 1.310000000000000053, -1.765274877666221265 ) ) ;
#2889 = EDGE_LOOP ( 'NONE', ( #11312, #5532, #11218, #7125 ) ) ;
#2890 = SURFACE_STYLE_FILL_AREA ( #4057 ) ;
#2891 = EDGE_CURVE ( 'NONE', #5421, #400, #8361, .T. ) ;
#2892 = STYLED_ITEM ( 'NONE', ( #7486 ), #10298 ) ;
#2893 = CARTESIAN_POINT ( 'NONE',  ( -0.03288819116794802072, 1.310000000000000053, -1.354154597554455330 ) ) ;
#2894 = LINE ( 'NONE', #2954, #4785 ) ;
#2895 = FACE_BOUND ( 'NONE', #11495, .T. ) ;
#2896 = ORIENTED_EDGE ( 'NONE', *, *, #7284, .F. ) ;
#2897 = EDGE_LOOP ( 'NONE', ( #9736, #272, #996, #6441 ) ) ;
#2898 = CARTESIAN_POINT ( 'NONE',  ( 0.8265272900843716464, 1.300000000000000044, -1.801344231639347093 ) ) ;
#2899 = STYLED_ITEM ( 'NONE', ( #7664 ), #6106 ) ;
#2900 = PRESENTATION_LAYER_ASSIGNMENT (  '', '', ( #1737 ) ) ;
#2901 = UNCERTAINTY_MEASURE_WITH_UNIT (LENGTH_MEASURE( 1.000000000000000082E-05 ), #9665, 'distance_accuracy_value', 'NONE');
#2902 = UNCERTAINTY_MEASURE_WITH_UNIT (LENGTH_MEASURE( 1.000000000000000082E-05 ), #6400, 'distance_accuracy_value', 'NONE');
#2903 = MECHANICAL_DESIGN_GEOMETRIC_PRESENTATION_REPRESENTATION (  '', ( #6598 ), #6605 ) ;
#2904 = CARTESIAN_POINT ( 'NONE',  ( -0.3355617206080711568, 1.310000000000000053, -1.792828462449102878 ) ) ;
#2905 = PRESENTATION_STYLE_ASSIGNMENT (( #10264 ) ) ;
#2906 = FILL_AREA_STYLE ('',( #2962 ) ) ;
#2907 = VECTOR ( 'NONE', #2431, 1000.000000000000000 ) ;
#2908 = SURFACE_STYLE_FILL_AREA ( #4761 ) ;
#2909 = CARTESIAN_POINT ( 'NONE',  ( 0.7701337959481223683, 1.300000000000000044, -1.776762438707540248 ) ) ;
#2910 = PLANE ( 'NONE',  #10433 ) ;
#2911 = ORIENTED_EDGE ( 'NONE', *, *, #7905, .F. ) ;
#2912 = CARTESIAN_POINT ( 'NONE',  ( -0.8184772848414899604, 1.310000000000000053, -1.706528555394717817 ) ) ;
#2913 = AXIS2_PLACEMENT_3D ( 'NONE', #10852, #2579, #11909 ) ;
#2914 = ORIENTED_EDGE ( 'NONE', *, *, #2136, .F. ) ;
#2915 = EDGE_LOOP ( 'NONE', ( #6188, #11466, #11829, #7518 ) ) ;
#2916 = SURFACE_STYLE_USAGE ( .BOTH. , #968 ) ;
#2917 = EDGE_CURVE ( 'NONE', #3014, #260, #2987, .T. ) ;
#2918 = FACE_OUTER_BOUND ( 'NONE', #4602, .T. ) ;
#2919 = AXIS2_PLACEMENT_3D ( 'NONE', #9658, #10639, #6086 ) ;
#2920 = EDGE_CURVE ( 'NONE', #9467, #8582, #6642, .T. ) ;
#2921 = EDGE_LOOP ( 'NONE', ( #7504, #2383, #1553, #5127, #6623, #11652, #2544, #127, #11217, #838, #142, #3951 ) ) ;
#2922 = LINE ( 'NONE', #844, #6360 ) ;
#2923 = FILL_AREA_STYLE_COLOUR ( '', #5615 ) ;
#2924 = MECHANICAL_DESIGN_GEOMETRIC_PRESENTATION_REPRESENTATION (  '', ( #4691 ), #2520 ) ;
#2925 = CARTESIAN_POINT ( 'NONE',  ( -0.7756912465852897620, 1.300000000000000044, -1.676791478987284423 ) ) ;
#2926 = EDGE_CURVE ( 'NONE', #2848, #8179, #248, .T. ) ;
#2927 = CARTESIAN_POINT ( 'NONE',  ( -0.3570327215798038689, 1.310000000000000053, -1.829323965311829614 ) ) ;
#2928 = SURFACE_STYLE_USAGE ( .BOTH. , #11489 ) ;
#2929 = MECHANICAL_DESIGN_GEOMETRIC_PRESENTATION_REPRESENTATION (  '', ( #6811 ), #4492 ) ;
#2930 = VECTOR ( 'NONE', #5326, 1000.000000000000000 ) ;
#2931 = SURFACE_SIDE_STYLE ('',( #7559 ) ) ;
#2932 = ORIENTED_EDGE ( 'NONE', *, *, #7748, .F. ) ;
#2933 = FILL_AREA_STYLE_COLOUR ( '', #8615 ) ;
#2934 = PLANE ( 'NONE',  #281 ) ;
#2935 = CARTESIAN_POINT ( 'NONE',  ( -0.4599687552957064662, 1.310000000000000053, -1.879856200044076386 ) ) ;
#2936 = B_SPLINE_CURVE_WITH_KNOTS ( 'NONE', 3,
 ( #10189, #9505, #2038, #5757 ),
 .UNSPECIFIED., .F., .F.,
 ( 4, 4 ),
 ( 3.000000000000000000, 4.000000000000000000 ),
 .UNSPECIFIED. ) ;
#2937 = ORIENTED_EDGE ( 'NONE', *, *, #10895, .T. ) ;
#2938 = CARTESIAN_POINT ( 'NONE',  ( 2.299999999999999822, 2.816687638038912056E-16, 2.250000000000000000 ) ) ;
#2939 = VECTOR ( 'NONE', #413, 1000.000000000000000 ) ;
#2940 = CARTESIAN_POINT ( 'NONE',  ( 0.2500000000000000000, 0.2000000000000000111, -2.250000000000000000 ) ) ;
#2941 = DIRECTION ( 'NONE',  ( -7.724035640601777784E-15, 0.0000000000000000000, -1.000000000000000000 ) ) ;
#2942 = EDGE_LOOP ( 'NONE', ( #3061, #8540, #4615, #3566 ) ) ;
#2943 = SURFACE_STYLE_USAGE ( .BOTH. , #9549 ) ;
#2944 = ADVANCED_FACE ( 'NONE', ( #10349 ), #2022, .T. ) ;
#2945 = ORIENTED_EDGE ( 'NONE', *, *, #3293, .F. ) ;
#2946 = CARTESIAN_POINT ( 'NONE',  ( 0.8366491837301970325, 1.300000000000000044, -1.416711638750715041 ) ) ;
#2947 = EDGE_LOOP ( 'NONE', ( #4395, #5885, #1687, #8386 ) ) ;
#2948 = FACE_OUTER_BOUND ( 'NONE', #8774, .T. ) ;
#2949 = CARTESIAN_POINT ( 'NONE',  ( -0.3458553239796599010, 1.300000000000000044, -1.752277903711820128 ) ) ;
#2950 = EDGE_CURVE ( 'NONE', #4139, #3233, #5963, .T. ) ;
#2951 = ADVANCED_FACE ( 'NONE', ( #1447 ), #8643, .F. ) ;
#2952 = DIRECTION ( 'NONE',  ( -0.0000000000000000000, 1.000000000000000000, -0.0000000000000000000 ) ) ;
#2953 = ORIENTED_EDGE ( 'NONE', *, *, #1078, .F. ) ;
#2954 = CARTESIAN_POINT ( 'NONE',  ( -0.5189230291509292492, 1.300000000000000044, -1.557531245985786850 ) ) ;
#2955 = SURFACE_SIDE_STYLE ('',( #2222 ) ) ;
#2956 = ORIENTED_EDGE ( 'NONE', *, *, #2115, .F. ) ;
#2957 = ORIENTED_EDGE ( 'NONE', *, *, #11165, .F. ) ;
#2958 = FACE_OUTER_BOUND ( 'NONE', #2480, .T. ) ;
#2959 = VECTOR ( 'NONE', #8331, 1000.000000000000000 ) ;
#2960 =( NAMED_UNIT ( * ) SI_UNIT ( $, .STERADIAN. ) SOLID_ANGLE_UNIT ( ) );
#2961 = CARTESIAN_POINT ( 'NONE',  ( -0.3458553239796599010, 1.310000000000000053, -1.752277903711820128 ) ) ;
#2962 = FILL_AREA_STYLE_COLOUR ( '', #5207 ) ;
#2963 = PLANE ( 'NONE',  #3910 ) ;
#2964 = CARTESIAN_POINT ( 'NONE',  ( -0.5961250544382048489, 1.310000000000000053, -1.788565454991518644 ) ) ;
#2965 = FILL_AREA_STYLE ('',( #11231 ) ) ;
#2966 = VERTEX_POINT ( 'NONE', #4029 ) ;
#2967 = CARTESIAN_POINT ( 'NONE',  ( 0.3030799233044778607, 1.310000000000000053, -1.489010997278496173 ) ) ;
#2968 = ORIENTED_EDGE ( 'NONE', *, *, #598, .T. ) ;
#2969 = ORIENTED_EDGE ( 'NONE', *, *, #9827, .F. ) ;
#2970 = DIRECTION ( 'NONE',  ( -0.0000000000000000000, -1.000000000000000000, -0.0000000000000000000 ) ) ;
#2971 = EDGE_CURVE ( 'NONE', #549, #6806, #2250, .T. ) ;
#2972 = VERTEX_POINT ( 'NONE', #4105 ) ;
#2973 =( NAMED_UNIT ( * ) PLANE_ANGLE_UNIT ( ) SI_UNIT ( $, .RADIAN. ) );
#2974 = DIRECTION ( 'NONE',  ( 1.000000000000000000, 0.0000000000000000000, -9.351971403878175235E-15 ) ) ;
#2975 = SURFACE_STYLE_FILL_AREA ( #11304 ) ;
#2976 = LINE ( 'NONE', #11305, #8354 ) ;
#2977 = CARTESIAN_POINT ( 'NONE',  ( -0.1483013198792975385, 1.300000000000000044, -1.533200910743974354 ) ) ;
#2978 = B_SPLINE_SURFACE_WITH_KNOTS ( 'NONE', 3, 1, ( 
 ( #5245, #8029 ),
 ( #9891, #1627 ),
 ( #5294, #650 ),
 ( #707, #11827 ) ),
 .UNSPECIFIED., .F., .F., .F.,
 ( 4, 4 ),
 ( 2, 2 ),
 ( 13.00000000000000000, 14.00000000000000000 ),
 ( 0.0000000000000000000, 1.000000000000000000 ),
 .UNSPECIFIED. ) ;
#2979 = CARTESIAN_POINT ( 'NONE',  ( -0.3335341926714792682, 1.310000000000000053, -1.862804170216505684 ) ) ;
#2980 = FILL_AREA_STYLE_COLOUR ( '', #6929 ) ;
#2981 = ORIENTED_EDGE ( 'NONE', *, *, #1052, .F. ) ;
#2982 = CARTESIAN_POINT ( 'NONE',  ( -0.03288819116795105996, 1.310000000000000053, -1.765274877666225706 ) ) ;
#2983 = SURFACE_SIDE_STYLE ('',( #7627 ) ) ;
#2984 = ADVANCED_FACE ( 'NONE', ( #7809 ), #433, .T. ) ;
#2985 = AXIS2_PLACEMENT_3D ( 'NONE', #4284, #6325, #5305 ) ;
#2986 = DIRECTION ( 'NONE',  ( -1.000000000000000000, 0.0000000000000000000, 7.825477009640651821E-15 ) ) ;
#2987 = LINE ( 'NONE', #2935, #11194 ) ;
#2988 = ORIENTED_EDGE ( 'NONE', *, *, #404, .T. ) ;
#2989 = DIRECTION ( 'NONE',  ( 1.000000000000000000, -0.0000000000000000000, -5.962800923771144441E-15 ) ) ;
#2990 = DIRECTION ( 'NONE',  ( -7.463408671483709080E-15, -0.0000000000000000000, -1.000000000000000000 ) ) ;
#2991 = CARTESIAN_POINT ( 'NONE',  ( -0.3812070931343504165, 1.310000000000000053, -1.816638918731964480 ) ) ;
#2992 = CARTESIAN_POINT ( 'NONE',  ( -0.1515765573154281010, 1.310000000000000053, -1.380668424420818718 ) ) ;
#2993 =( GEOMETRIC_REPRESENTATION_CONTEXT ( 3 ) GLOBAL_UNCERTAINTY_ASSIGNED_CONTEXT ( ( #8060 ) ) GLOBAL_UNIT_ASSIGNED_CONTEXT ( ( #849, #3591, #4457 ) ) REPRESENTATION_CONTEXT ( 'NONE', 'WORKASPACE' ) );
#2994 = DIRECTION ( 'NONE',  ( 0.0000000000000000000, 0.0000000000000000000, -1.000000000000000000 ) ) ;
#2995 = ORIENTED_EDGE ( 'NONE', *, *, #3382, .F. ) ;
#2996 = CARTESIAN_POINT ( 'NONE',  ( -0.7294740072049898938, 1.310000000000000053, -1.386283117168074064 ) ) ;
#2997 = SURFACE_SIDE_STYLE ('',( #4164 ) ) ;
#2998 = ORIENTED_EDGE ( 'NONE', *, *, #8279, .T. ) ;
#2999 = UNCERTAINTY_MEASURE_WITH_UNIT (LENGTH_MEASURE( 1.000000000000000082E-05 ), #10082, 'distance_accuracy_value', 'NONE');
#3000 = EDGE_CURVE ( 'NONE', #2094, #8732, #4328, .T. ) ;
#3001 =( NAMED_UNIT ( * ) SI_UNIT ( $, .STERADIAN. ) SOLID_ANGLE_UNIT ( ) );
#3002 = ORIENTED_EDGE ( 'NONE', *, *, #1286, .T. ) ;
#3003 = CARTESIAN_POINT ( 'NONE',  ( -0.1662371439361186309, 1.300000000000000044, -1.831299505351968282 ) ) ;
#3004 = SURFACE_SIDE_STYLE ('',( #317 ) ) ;
#3005 = AXIS2_PLACEMENT_3D ( 'NONE', #8507, #4818, #170 ) ;
#3006 = SURFACE_STYLE_USAGE ( .BOTH. , #5646 ) ;
#3007 = FILL_AREA_STYLE ('',( #6842 ) ) ;
#3009 = VERTEX_POINT ( 'NONE', #11704 ) ;
#3008 = AXIS2_PLACEMENT_3D ( 'NONE', #5037, #8897, #3196 ) ;
#3010 = FACE_OUTER_BOUND ( 'NONE', #9619, .T. ) ;
#3011 = EDGE_CURVE ( 'NONE', #11099, #7193, #11190, .T. ) ;
#3012 = CARTESIAN_POINT ( 'NONE',  ( -0.4487913576948705519, 1.310000000000000053, -1.906266051118935101 ) ) ;
#3013 = CARTESIAN_POINT ( 'NONE',  ( -0.2571119858219442222, 1.310000000000000053, -1.786693890742894419 ) ) ;
#3014 = VERTEX_POINT ( 'NONE', #1577 ) ;
#3015 = SURFACE_STYLE_USAGE ( .BOTH. , #3943 ) ;
#3016 = CARTESIAN_POINT ( 'NONE',  ( -0.7649817400469530737, 1.300000000000000044, -1.478925547511695138 ) ) ;
#3017 = B_SPLINE_CURVE_WITH_KNOTS ( 'NONE', 3,
 ( #9952, #9041, #7240, #5185 ),
 .UNSPECIFIED., .F., .F.,
 ( 4, 4 ),
 ( 19.00000000000000000, 20.00000000000000000 ),
 .UNSPECIFIED. ) ;
#3018 = EDGE_CURVE ( 'NONE', #3928, #9751, #7238, .T. ) ;
#3019 = PRESENTATION_STYLE_ASSIGNMENT (( #10503 ) ) ;
#3020 = UNCERTAINTY_MEASURE_WITH_UNIT (LENGTH_MEASURE( 1.000000000000000082E-05 ), #8633, 'distance_accuracy_value', 'NONE');
#3021 = COLOUR_RGB ( '',1.000000000000000000, 1.000000000000000000, 1.000000000000000000 ) ;
#3022 = LINE ( 'NONE', #11343, #8544 ) ;
#3023 = SURFACE_STYLE_FILL_AREA ( #336 ) ;
#3024 = LINE ( 'NONE', #11410, #10037 ) ;
#3025 = FACE_OUTER_BOUND ( 'NONE', #952, .T. ) ;
#3026 = SURFACE_SIDE_STYLE ('',( #2908 ) ) ;
#3027 = LINE ( 'NONE', #6916, #6556 ) ;
#3028 = EDGE_LOOP ( 'NONE', ( #6734, #4039, #3972, #9841 ) ) ;
#3029 = SURFACE_STYLE_FILL_AREA ( #2004 ) ;
#3030 = ORIENTED_EDGE ( 'NONE', *, *, #11412, .F. ) ;
#3031 = ORIENTED_EDGE ( 'NONE', *, *, #9355, .T. ) ;
#3032 = SURFACE_STYLE_FILL_AREA ( #11480 ) ;
#3033 = CARTESIAN_POINT ( 'NONE',  ( -0.3310387736723940377, 1.300000000000000044, -1.883599328542718609 ) ) ;
#3034 = ORIENTED_EDGE ( 'NONE', *, *, #7637, .T. ) ;
#3035 = DIRECTION ( 'NONE',  ( 0.9676172723861844460, 0.0000000000000000000, -0.2524218971878640638 ) ) ;
#3036 = FACE_OUTER_BOUND ( 'NONE', #9228, .T. ) ;
#3037 = CARTESIAN_POINT ( 'NONE',  ( 0.0000000000000000000, -2.299999999999999822, -0.7500000000000001110 ) ) ;
#3038 = FILL_AREA_STYLE ('',( #10568 ) ) ;
#3039 = FILL_AREA_STYLE ('',( #11428 ) ) ;
#3040 = CARTESIAN_POINT ( 'NONE',  ( -0.3159622838856524507, 1.300000000000000044, -1.883599328542718609 ) ) ;
#3041 = FILL_AREA_STYLE_COLOUR ( '', #506 ) ;
#3042 = VERTEX_POINT ( 'NONE', #11932 ) ;
#3043 = SURFACE_SIDE_STYLE ('',( #297 ) ) ;
#3044 = DIRECTION ( 'NONE',  ( -1.000000000000000000, 0.0000000000000000000, 6.209894659238446665E-15 ) ) ;
#3045 = FACE_OUTER_BOUND ( 'NONE', #8822, .T. ) ;
#3046 = CARTESIAN_POINT ( 'NONE',  ( -0.3645709664735256039, 1.300000000000000044, -1.803849896361983118 ) ) ;
#3047 = PRESENTATION_LAYER_ASSIGNMENT (  '', '', ( #5955 ) ) ;
#3048 = COLOUR_RGB ( '',1.000000000000000000, 1.000000000000000000, 1.000000000000000000 ) ;
#3049 = ORIENTED_EDGE ( 'NONE', *, *, #9253, .F. ) ;
#3050 = CARTESIAN_POINT ( 'NONE',  ( -0.2316379168720965054, 1.300000000000000044, -1.821213853564091378 ) ) ;
#3051 = PRESENTATION_LAYER_ASSIGNMENT (  '', '', ( #5199 ) ) ;
#3052 = VECTOR ( 'NONE', #11926, 1000.000000000000000 ) ;
#3053 = CARTESIAN_POINT ( 'NONE',  ( 0.7686878032611732525, 1.300000000000000044, -1.976308602054442698 ) ) ;
#3054 = COLOUR_RGB ( '',1.000000000000000000, 1.000000000000000000, 1.000000000000000000 ) ;
#3055 = LINE ( 'NONE', #6651, #11044 ) ;
#3056 = VERTEX_POINT ( 'NONE', #5359 ) ;
#3057 = CARTESIAN_POINT ( 'NONE',  ( -0.4747853056036676067, 1.300000000000000044, -1.849391293096057653 ) ) ;
#3058 = VECTOR ( 'NONE', #11626, 1000.000000000000114 ) ;
#3059 =( LENGTH_UNIT ( ) NAMED_UNIT ( * ) SI_UNIT ( .MILLI., .METRE. ) );
#3060 = CARTESIAN_POINT ( 'NONE',  ( -0.2004451793827844441, 1.310000000000000053, -1.537567893993073476 ) ) ;
#3061 = ORIENTED_EDGE ( 'NONE', *, *, #5238, .T. ) ;
#3062 = VECTOR ( 'NONE', #5878, 1000.000000000000000 ) ;
#3063 = DIRECTION ( 'NONE',  ( -0.0000000000000000000, -1.000000000000000000, -0.0000000000000000000 ) ) ;
#3064 = VERTEX_POINT ( 'NONE', #2546 ) ;
#3065 = CARTESIAN_POINT ( 'NONE',  ( 0.4361107540293536755, 1.300000000000000044, -1.327060428313795892 ) ) ;
#3066 =( GEOMETRIC_REPRESENTATION_CONTEXT ( 3 ) GLOBAL_UNCERTAINTY_ASSIGNED_CONTEXT ( ( #6237 ) ) GLOBAL_UNIT_ASSIGNED_CONTEXT ( ( #4608, #1793, #2771 ) ) REPRESENTATION_CONTEXT ( 'NONE', 'WORKASPACE' ) );
#3067 =( LENGTH_UNIT ( ) NAMED_UNIT ( * ) SI_UNIT ( .MILLI., .METRE. ) );
#3068 = COLOUR_RGB ( '',1.000000000000000000, 1.000000000000000000, 1.000000000000000000 ) ;
#3069 = B_SPLINE_CURVE_WITH_KNOTS ( 'NONE', 3,
 ( #8046, #6144, #11710, #9051 ),
 .UNSPECIFIED., .F., .F.,
 ( 4, 4 ),
 ( 3.000000000000000000, 4.000000000000000000 ),
 .UNSPECIFIED. ) ;
#3070 = VECTOR ( 'NONE', #6712, 1000.000000000000000 ) ;
#3071 = EDGE_CURVE ( 'NONE', #2329, #7810, #4577, .T. ) ;
#3072 = VECTOR ( 'NONE', #2775, 1000.000000000000000 ) ;
#3073 = DIRECTION ( 'NONE',  ( -0.0000000000000000000, -0.0000000000000000000, 1.000000000000000000 ) ) ;
#3074 = STYLED_ITEM ( 'NONE', ( #4054 ), #5382 ) ;
#3075 =( NAMED_UNIT ( * ) SI_UNIT ( $, .STERADIAN. ) SOLID_ANGLE_UNIT ( ) );
#3076 = VERTEX_POINT ( 'NONE', #6208 ) ;
#3077 = DIRECTION ( 'NONE',  ( -0.3667976789509180824, -0.0000000000000000000, 0.9303007377811860490 ) ) ;
#3078 = EDGE_CURVE ( 'NONE', #5809, #2034, #5301, .T. ) ;
#3079 = COLOUR_RGB ( '',1.000000000000000000, 1.000000000000000000, 1.000000000000000000 ) ;
#3080 = EDGE_CURVE ( 'NONE', #1083, #6429, #4449, .T. ) ;
#3081 =( NAMED_UNIT ( * ) SI_UNIT ( $, .STERADIAN. ) SOLID_ANGLE_UNIT ( ) );
#3082 = VECTOR ( 'NONE', #11151, 1000.000000000000000 ) ;
#3083 = ORIENTED_EDGE ( 'NONE', *, *, #10898, .F. ) ;
#3084 =( NAMED_UNIT ( * ) SI_UNIT ( $, .STERADIAN. ) SOLID_ANGLE_UNIT ( ) );
#3085 = VECTOR ( 'NONE', #10800, 1000.000000000000114 ) ;
#3086 = DIRECTION ( 'NONE',  ( -0.0000000000000000000, -1.000000000000000000, -0.0000000000000000000 ) ) ;
#3087 = MECHANICAL_DESIGN_GEOMETRIC_PRESENTATION_REPRESENTATION (  '', ( #4441 ), #4069 ) ;
#3088 = B_SPLINE_SURFACE_WITH_KNOTS ( 'NONE', 3, 1, ( 
 ( #5076, #10696 ),
 ( #8813, #10636 ),
 ( #8771, #4205 ),
 ( #6826, #3127 ) ),
 .UNSPECIFIED., .F., .F., .F.,
 ( 4, 4 ),
 ( 2, 2 ),
 ( 27.00000000000000000, 28.00000000000000000 ),
 ( 0.0000000000000000000, 1.000000000000000000 ),
 .UNSPECIFIED. ) ;
#3089 = EDGE_CURVE ( 'NONE', #6880, #2419, #10810, .T. ) ;
#3090 = CARTESIAN_POINT ( 'NONE',  ( -0.1775185173277805117, 1.310000000000000053, -1.816430967148946030 ) ) ;
#3091 = SURFACE_SIDE_STYLE ('',( #335 ) ) ;
#3092 = FACE_OUTER_BOUND ( 'NONE', #3302, .T. ) ;
#3093 = CARTESIAN_POINT ( 'NONE',  ( -0.4599687552957064662, 1.310000000000000053, -1.879856200044076386 ) ) ;
#3094 = COLOUR_RGB ( '',1.000000000000000000, 1.000000000000000000, 1.000000000000000000 ) ;
#3095 = STYLED_ITEM ( 'NONE', ( #3634 ), #6101 ) ;
#3096 = MECHANICAL_DESIGN_GEOMETRIC_PRESENTATION_REPRESENTATION (  '', ( #6784 ), #8874 ) ;
#3097 = FILL_AREA_STYLE ('',( #6288 ) ) ;
#3098 = EDGE_CURVE ( 'NONE', #3774, #6264, #2073, .T. ) ;
#3099 = CARTESIAN_POINT ( 'NONE',  ( 0.0000000000000000000, 0.0000000000000000000, 2.250000000000000000 ) ) ;
#3100 = SURFACE_STYLE_FILL_AREA ( #1251 ) ;
#3101 = VERTEX_POINT ( 'NONE', #3533 ) ;
#3102 = CARTESIAN_POINT ( 'NONE',  ( -0.7988778481190772496, 1.310000000000000053, -1.700186032104093581 ) ) ;
#3103 = COLOUR_RGB ( '',0.2509803921568627416, 0.2509803921568627416, 0.2509803921568627416 ) ;
#3104 = ORIENTED_EDGE ( 'NONE', *, *, #329, .F. ) ;
#3105 = VERTEX_POINT ( 'NONE', #8977 ) ;
#3106 = STYLED_ITEM ( 'NONE', ( #11918 ), #2563 ) ;
#3107 = CARTESIAN_POINT ( 'NONE',  ( -0.2744759430247418752, 1.300000000000000044, -1.386491068751103395 ) ) ;
#3108 = ADVANCED_FACE ( 'NONE', ( #7112 ), #8036, .F. ) ;
#3109 = FILL_AREA_STYLE_COLOUR ( '', #138 ) ;
#3110 = PRESENTATION_LAYER_ASSIGNMENT (  '', '', ( #751 ) ) ;
#3111 = DIRECTION ( 'NONE',  ( -0.2524218971878640083, 0.0000000000000000000, -0.9676172723861843350 ) ) ;
#3112 = DIRECTION ( 'NONE',  ( 5.531802713675573520E-15, 0.0000000000000000000, 1.000000000000000000 ) ) ;
#3113 = PLANE ( 'NONE',  #5695 ) ;
#3114 = CARTESIAN_POINT ( 'NONE',  ( -0.4732256687281972685, 1.300000000000000044, -1.856045743761215894 ) ) ;
#3115 = CARTESIAN_POINT ( 'NONE',  ( -0.3483507429787457976, 1.300000000000000044, -1.797819300447283108 ) ) ;
#3116 = SURFACE_STYLE_FILL_AREA ( #7730 ) ;
#3117 = AXIS2_PLACEMENT_3D ( 'NONE', #9498, #3866, #8101 ) ;
#3118 = VECTOR ( 'NONE', #7226, 1000.000000000000000 ) ;
#3119 = DIRECTION ( 'NONE',  ( -0.0000000000000000000, -1.000000000000000000, -0.0000000000000000000 ) ) ;
#3120 = ORIENTED_EDGE ( 'NONE', *, *, #11787, .F. ) ;
#3121 = VECTOR ( 'NONE', #1695, 1000.000000000000000 ) ;
#3122 = LINE ( 'NONE', #11816, #5542 ) ;
#3123 = SURFACE_SIDE_STYLE ('',( #9540 ) ) ;
#3124 =( LENGTH_UNIT ( ) NAMED_UNIT ( * ) SI_UNIT ( .MILLI., .METRE. ) );
#3125 = PRESENTATION_LAYER_ASSIGNMENT (  '', '', ( #5847 ) ) ;
#3126 = ORIENTED_EDGE ( 'NONE', *, *, #8845, .F. ) ;
#3127 = CARTESIAN_POINT ( 'NONE',  ( 0.4722604332932418547, 1.300000000000000044, -1.836047890636272051 ) ) ;
#3128 = SURFACE_STYLE_FILL_AREA ( #4960 ) ;
#3129 = FILL_AREA_STYLE_COLOUR ( '', #8440 ) ;
#3130 = LINE ( 'NONE', #10532, #8618 ) ;
#3131 = COLOUR_RGB ( '',1.000000000000000000, 1.000000000000000000, 1.000000000000000000 ) ;
#3132 = CARTESIAN_POINT ( 'NONE',  ( 0.0000000000000000000, -1.500000000000000000, 0.0000000000000000000 ) ) ;
#3133 = VERTEX_POINT ( 'NONE', #11300 ) ;
#3134 = DIRECTION ( 'NONE',  ( -0.0000000000000000000, -0.0000000000000000000, -1.000000000000000000 ) ) ;
#3135 = LINE ( 'NONE', #9550, #10288 ) ;
#3136 = ORIENTED_EDGE ( 'NONE', *, *, #6229, .F. ) ;
#3137 = UNCERTAINTY_MEASURE_WITH_UNIT (LENGTH_MEASURE( 1.000000000000000082E-05 ), #11820, 'distance_accuracy_value', 'NONE');
#3138 = VERTEX_POINT ( 'NONE', #7481 ) ;
#3139 =( NAMED_UNIT ( * ) SI_UNIT ( $, .STERADIAN. ) SOLID_ANGLE_UNIT ( ) );
#3140 =( NAMED_UNIT ( * ) PLANE_ANGLE_UNIT ( ) SI_UNIT ( $, .RADIAN. ) );
#3141 = LINE ( 'NONE', #7021, #3485 ) ;
#3142 =( GEOMETRIC_REPRESENTATION_CONTEXT ( 3 ) GLOBAL_UNCERTAINTY_ASSIGNED_CONTEXT ( ( #2902 ) ) GLOBAL_UNIT_ASSIGNED_CONTEXT ( ( #6400, #4468, #3668 ) ) REPRESENTATION_CONTEXT ( 'NONE', 'WORKASPACE' ) );
#3143 = CARTESIAN_POINT ( 'NONE',  ( -0.1723717156423362207, 1.300000000000000044, -1.883599328542719498 ) ) ;
#3144 = LINE ( 'NONE', #10365, #11769 ) ;
#3145 = ORIENTED_EDGE ( 'NONE', *, *, #7977, .T. ) ;
#3146 =( NAMED_UNIT ( * ) PLANE_ANGLE_UNIT ( ) SI_UNIT ( $, .RADIAN. ) );
#3147 = EDGE_CURVE ( 'NONE', #3928, #4155, #6552, .T. ) ;
#3148 = FACE_OUTER_BOUND ( 'NONE', #367, .T. ) ;
#3149 = EDGE_CURVE ( 'NONE', #4150, #12004, #5674, .T. ) ;
#3150 = ORIENTED_EDGE ( 'NONE', *, *, #11835, .F. ) ;
#3151 = ORIENTED_EDGE ( 'NONE', *, *, #5143, .F. ) ;
#3152 = CARTESIAN_POINT ( 'NONE',  ( -0.1113899138498325447, 1.310000000000000053, -1.676791478987289530 ) ) ;
#3153 =( LENGTH_UNIT ( ) NAMED_UNIT ( * ) SI_UNIT ( .MILLI., .METRE. ) );
#3154 = CARTESIAN_POINT ( 'NONE',  ( -0.1445581913806669172, 1.300000000000000044, -1.864571758675003910 ) ) ;
#3155 = CARTESIAN_POINT ( 'NONE',  ( 0.7701337959481215911, 1.310000000000000053, -1.889549482140071346 ) ) ;
#3156 = CARTESIAN_POINT ( 'NONE',  ( -0.3309347978801828738, 1.310000000000000053, -1.754045492170317244 ) ) ;
#3157 = CARTESIAN_POINT ( 'NONE',  ( 0.4303267832829452133, 1.310000000000000053, -1.880873470861115004 ) ) ;
#3158 =( NAMED_UNIT ( * ) SI_UNIT ( $, .STERADIAN. ) SOLID_ANGLE_UNIT ( ) );
#3159 = CARTESIAN_POINT ( 'NONE',  ( -0.1930628981770302621, 1.310000000000000053, -1.862700194424997457 ) ) ;
#3160 = EDGE_CURVE ( 'NONE', #6316, #9633, #11179, .T. ) ;
#3161 = ORIENTED_EDGE ( 'NONE', *, *, #3995, .T. ) ;
#3162 = ORIENTED_EDGE ( 'NONE', *, *, #1868, .T. ) ;
#3163 = LINE ( 'NONE', #7722, #3474 ) ;
#3164 =( NAMED_UNIT ( * ) PLANE_ANGLE_UNIT ( ) SI_UNIT ( $, .RADIAN. ) );
#3165 = LINE ( 'NONE', #9704, #9074 ) ;
#3166 = ADVANCED_FACE ( 'NONE', ( #7542 ), #8569, .F. ) ;
#3167 = SURFACE_SIDE_STYLE ('',( #9582 ) ) ;
#3168 = CARTESIAN_POINT ( 'NONE',  ( -0.3897331080481357679, 1.310000000000000053, -1.831091553768939173 ) ) ;
#3169 = B_SPLINE_CURVE_WITH_KNOTS ( 'NONE', 3,
 ( #8743, #1134, #2114, #4880 ),
 .UNSPECIFIED., .F., .F.,
 ( 4, 4 ),
 ( 4.000000000000000000, 5.000000000000000000 ),
 .UNSPECIFIED. ) ;
#3170 = DIRECTION ( 'NONE',  ( -0.0000000000000000000, -1.000000000000000000, -0.0000000000000000000 ) ) ;
#3171 = DIRECTION ( 'NONE',  ( 6.662906143884110431E-15, -0.0000000000000000000, 1.000000000000000000 ) ) ;
#3172 = ADVANCED_FACE ( 'NONE', ( #2918 ), #9231, .F. ) ;
#3173 = FACE_OUTER_BOUND ( 'NONE', #7544, .T. ) ;
#3174 = ORIENTED_EDGE ( 'NONE', *, *, #2891, .F. ) ;
#3175 = CARTESIAN_POINT ( 'NONE',  ( 0.8482170700629673155, 1.310000000000000053, -1.416711638750715041 ) ) ;
#3176 = EDGE_CURVE ( 'NONE', #7222, #5394, #3956, .T. ) ;
#3177 = SURFACE_STYLE_USAGE ( .BOTH. , #5010 ) ;
#3178 = ORIENTED_EDGE ( 'NONE', *, *, #8164, .T. ) ;
#3179 = ADVANCED_FACE ( 'NONE', ( #1822 ), #5117, .F. ) ;
#3180 = DIRECTION ( 'NONE',  ( -6.338874234249406364E-15, 0.0000000000000000000, -1.000000000000000000 ) ) ;
#3181 = FILL_AREA_STYLE ('',( #11499 ) ) ;
#3182 = LINE ( 'NONE', #6885, #10647 ) ;
#3183 = ORIENTED_EDGE ( 'NONE', *, *, #9473, .T. ) ;
#3184 = SURFACE_STYLE_FILL_AREA ( #4214 ) ;
#3185 = CARTESIAN_POINT ( 'NONE',  ( 1.082467030307589839, 1.300000000000000044, -1.650961543834610357 ) ) ;
#3186 = CARTESIAN_POINT ( 'NONE',  ( 0.4216508823233783843, 1.310000000000000053, -1.710246968184711669 ) ) ;
#3187 = EDGE_LOOP ( 'NONE', ( #6804, #538, #6652, #6317 ) ) ;
#3188 = CARTESIAN_POINT ( 'NONE',  ( -0.1403991597152866311, 1.300000000000000044, -1.814143499732879361 ) ) ;
#3189 = CARTESIAN_POINT ( 'NONE',  ( -0.5792289882979033688, 1.300000000000000044, -1.513133582959742540 ) ) ;
#3190 = CARTESIAN_POINT ( 'NONE',  ( -0.4765009061650222755, 1.310000000000000053, -1.902107019452861758 ) ) ;
#3191 = MECHANICAL_DESIGN_GEOMETRIC_PRESENTATION_REPRESENTATION (  '', ( #7062 ), #9572 ) ;
#3192 = CARTESIAN_POINT ( 'NONE',  ( -0.2316379168720965054, 1.310000000000000053, -1.821213853564091378 ) ) ;
#3193 = ORIENTED_EDGE ( 'NONE', *, *, #5153, .T. ) ;
#3194 = CARTESIAN_POINT ( 'NONE',  ( 0.0000000000000000000, 1.310000000000000053, 0.0000000000000000000 ) ) ;
#3195 = EDGE_CURVE ( 'NONE', #4277, #902, #8628, .T. ) ;
#3196 = DIRECTION ( 'NONE',  ( 0.0000000000000000000, -0.0000000000000000000, -1.000000000000000000 ) ) ;
#3197 = SURFACE_STYLE_FILL_AREA ( #2965 ) ;
#3198 = FACE_OUTER_BOUND ( 'NONE', #2482, .T. ) ;
#3199 = ORIENTED_EDGE ( 'NONE', *, *, #10561, .T. ) ;
#3200 = FILL_AREA_STYLE_COLOUR ( '', #8527 ) ;
#3201 =( GEOMETRIC_REPRESENTATION_CONTEXT ( 3 ) GLOBAL_UNCERTAINTY_ASSIGNED_CONTEXT ( ( #5204 ) ) GLOBAL_UNIT_ASSIGNED_CONTEXT ( ( #10720, #395, #10545 ) ) REPRESENTATION_CONTEXT ( 'NONE', 'WORKASPACE' ) );
#3202 =( LENGTH_UNIT ( ) NAMED_UNIT ( * ) SI_UNIT ( .MILLI., .METRE. ) );
#3203 = CARTESIAN_POINT ( 'NONE',  ( -0.4141674190814603196, 1.310000000000000053, -1.465928573558684223 ) ) ;
#3204 = VECTOR ( 'NONE', #6127, 1000.000000000000000 ) ;
#3205 = CARTESIAN_POINT ( 'NONE',  ( -0.8525813444966419130, 1.300000000000000044, -1.851678760512114108 ) ) ;
#3206 = FILL_AREA_STYLE ('',( #2356 ) ) ;
#3207 = FILL_AREA_STYLE_COLOUR ( '', #8085 ) ;
#3208 =( NAMED_UNIT ( * ) SI_UNIT ( $, .STERADIAN. ) SOLID_ANGLE_UNIT ( ) );
#3209 = ADVANCED_FACE ( 'NONE', ( #7723 ), #7419, .F. ) ;
#3210 = SURFACE_SIDE_STYLE ('',( #2234 ) ) ;
#3211 = ORIENTED_EDGE ( 'NONE', *, *, #3461, .F. ) ;
#3212 = ORIENTED_EDGE ( 'NONE', *, *, #11032, .F. ) ;
#3213 = LINE ( 'NONE', #4998, #5046 ) ;
#3214 = VECTOR ( 'NONE', #4275, 1000.000000000000114 ) ;
#3215 = CARTESIAN_POINT ( 'NONE',  ( -0.6285655014263664686, 1.300000000000000044, -1.453243526978823086 ) ) ;
#3216 = SURFACE_STYLE_USAGE ( .BOTH. , #7967 ) ;
#3217 =( NAMED_UNIT ( * ) SI_UNIT ( $, .STERADIAN. ) SOLID_ANGLE_UNIT ( ) );
#3218 = CARTESIAN_POINT ( 'NONE',  ( -0.6398468748194138245, 1.300000000000000044, -1.557531245985785961 ) ) ;
#3219 = EDGE_CURVE ( 'NONE', #3624, #1083, #10380, .T. ) ;
#3220 = FILL_AREA_STYLE ('',( #9889 ) ) ;
#3221 = EDGE_CURVE ( 'NONE', #11945, #6880, #5588, .T. ) ;
#3222 = CARTESIAN_POINT ( 'NONE',  ( -0.5187670654636578060, 1.310000000000000053, -1.534344644452003248 ) ) ;
#3223 = ORIENTED_EDGE ( 'NONE', *, *, #10604, .T. ) ;
#3224 = FILL_AREA_STYLE_COLOUR ( '', #3602 ) ;
#3225 = CARTESIAN_POINT ( 'NONE',  ( -1.020000000000000018, -0.2000000000000000111, -7.249999999999999112 ) ) ;
#3226 =( NAMED_UNIT ( * ) PLANE_ANGLE_UNIT ( ) SI_UNIT ( $, .RADIAN. ) );
#3227 = ORIENTED_EDGE ( 'NONE', *, *, #1827, .F. ) ;
#3228 = MECHANICAL_DESIGN_GEOMETRIC_PRESENTATION_REPRESENTATION (  '', ( #498 ), #2443 ) ;
#3229 =( LENGTH_UNIT ( ) NAMED_UNIT ( * ) SI_UNIT ( .MILLI., .METRE. ) );
#3230 = CARTESIAN_POINT ( 'NONE',  ( 0.7759177391145102298, 1.300000000000000044, -1.373332023633489829 ) ) ;
#3231 = CARTESIAN_POINT ( 'NONE',  ( -0.1564114316263434667, 1.310000000000000053, -1.501800221670943625 ) ) ;
#3232 = FILL_AREA_STYLE_COLOUR ( '', #9385 ) ;
#3233 = VERTEX_POINT ( 'NONE', #9164 ) ;
#3235 = B_SPLINE_CURVE_WITH_KNOTS ( 'NONE', 3,
 ( #11554, #492, #7017, #2384 ),
 .UNSPECIFIED., .F., .F.,
 ( 4, 4 ),
 ( 4.000000000000000000, 5.000000000000000000 ),
 .UNSPECIFIED. ) ;
#3234 = CARTESIAN_POINT ( 'NONE',  ( -0.3180417997179912359, 1.310000000000000053, -1.777647996870159064 ) ) ;
#3236 = LINE ( 'NONE', #10646, #4100 ) ;
#3237 = CARTESIAN_POINT ( 'NONE',  ( -0.4029900214813191273, 1.310000000000000053, -1.734913946509705207 ) ) ;
#3238 = EDGE_CURVE ( 'NONE', #11819, #10950, #1626, .T. ) ;
#3239 = VECTOR ( 'NONE', #11706, 1000.000000000000000 ) ;
#3240 = MECHANICAL_DESIGN_GEOMETRIC_PRESENTATION_REPRESENTATION (  '', ( #1671 ), #1291 ) ;
#3241 = ORIENTED_EDGE ( 'NONE', *, *, #5354, .F. ) ;
#3242 = CARTESIAN_POINT ( 'NONE',  ( -0.1564634195227937452, 1.310000000000000053, -1.798339179404846666 ) ) ;
#3243 = DIRECTION ( 'NONE',  ( -0.0000000000000000000, -1.000000000000000000, -0.0000000000000000000 ) ) ;
#3244 =( NAMED_UNIT ( * ) SI_UNIT ( $, .STERADIAN. ) SOLID_ANGLE_UNIT ( ) );
#3245 =( GEOMETRIC_REPRESENTATION_CONTEXT ( 3 ) GLOBAL_UNCERTAINTY_ASSIGNED_CONTEXT ( ( #5486 ) ) GLOBAL_UNIT_ASSIGNED_CONTEXT ( ( #7825, #8785, #3900 ) ) REPRESENTATION_CONTEXT ( 'NONE', 'WORKASPACE' ) );
#3246 = LINE ( 'NONE', #8779, #9301 ) ;
#3247 = ORIENTED_EDGE ( 'NONE', *, *, #8870, .T. ) ;
#3248 =( GEOMETRIC_REPRESENTATION_CONTEXT ( 3 ) GLOBAL_UNCERTAINTY_ASSIGNED_CONTEXT ( ( #4399 ) ) GLOBAL_UNIT_ASSIGNED_CONTEXT ( ( #1384, #3281, #9759 ) ) REPRESENTATION_CONTEXT ( 'NONE', 'WORKASPACE' ) );
#3249 = B_SPLINE_SURFACE_WITH_KNOTS ( 'NONE', 3, 1, ( 
 ( #3159, #4938 ),
 ( #5052, #1376 ),
 ( #343, #5109 ),
 ( #2299, #8796 ) ),
 .UNSPECIFIED., .F., .F., .F.,
 ( 4, 4 ),
 ( 2, 2 ),
 ( 4.000000000000000000, 5.000000000000000000 ),
 ( 0.0000000000000000000, 1.000000000000000000 ),
 .UNSPECIFIED. ) ;
#3250 = UNCERTAINTY_MEASURE_WITH_UNIT (LENGTH_MEASURE( 1.000000000000000082E-05 ), #10090, 'distance_accuracy_value', 'NONE');
#3251 =( NAMED_UNIT ( * ) PLANE_ANGLE_UNIT ( ) SI_UNIT ( $, .RADIAN. ) );
#3252 = CARTESIAN_POINT ( 'NONE',  ( -0.8730125875525533985, 1.310000000000000053, -1.721709020972280513 ) ) ;
#3253 = VECTOR ( 'NONE', #7376, 1000.000000000000000 ) ;
#3254 = VECTOR ( 'NONE', #2096, 1000.000000000000000 ) ;
#3255 = CARTESIAN_POINT ( 'NONE',  ( -0.2917879123311050149, 1.310000000000000053, -1.761219821793046147 ) ) ;
#3256 = DIRECTION ( 'NONE',  ( 1.000000000000000000, -0.0000000000000000000, -0.0000000000000000000 ) ) ;
#3257 = PRESENTATION_LAYER_ASSIGNMENT (  '', '', ( #7927 ) ) ;
#3258 = CARTESIAN_POINT ( 'NONE',  ( -0.2571119858219441112, 1.300000000000000044, -1.786693890742894641 ) ) ;
#3259 = VECTOR ( 'NONE', #279, 1000.000000000000000 ) ;
#3260 = FILL_AREA_STYLE_COLOUR ( '', #4686 ) ;
#3261 = EDGE_CURVE ( 'NONE', #4656, #1303, #10339, .T. ) ;
#3262 = CARTESIAN_POINT ( 'NONE',  ( -0.3897331080481357679, 1.310000000000000053, -1.840657326599245192 ) ) ;
#3263 = CARTESIAN_POINT ( 'NONE',  ( -0.2046042110481660070, 1.300000000000000044, -1.731586721177126975 ) ) ;
#3264 = PLANE ( 'NONE',  #6005 ) ;
#3265 = MECHANICAL_DESIGN_GEOMETRIC_PRESENTATION_REPRESENTATION (  '', ( #1701 ), #10045 ) ;
#3266 = DIRECTION ( 'NONE',  ( 6.338874234249405575E-15, -0.0000000000000000000, 1.000000000000000000 ) ) ;
#3267 = VECTOR ( 'NONE', #4867, 1000.000000000000000 ) ;
#3268 = CARTESIAN_POINT ( 'NONE',  ( -0.2134941412322430287, 1.300000000000000044, -1.858749114343337894 ) ) ;
#3269 = CARTESIAN_POINT ( 'NONE',  ( -0.7271345518931688900, 1.310000000000000053, -1.394393228915806304 ) ) ;
#3270 = COLOUR_RGB ( '',1.000000000000000000, 1.000000000000000000, 1.000000000000000000 ) ;
#3271 = PRESENTATION_LAYER_ASSIGNMENT (  '', '', ( #8519 ) ) ;
#3272 = VERTEX_POINT ( 'NONE', #2061 ) ;
#3273 = EDGE_LOOP ( 'NONE', ( #4213, #4326, #11128, #9593 ) ) ;
#3274 = VECTOR ( 'NONE', #11220, 1000.000000000000000 ) ;
#3275 =( NAMED_UNIT ( * ) PLANE_ANGLE_UNIT ( ) SI_UNIT ( $, .RADIAN. ) );
#3276 = FACE_OUTER_BOUND ( 'NONE', #4892, .T. ) ;
#3277 = CARTESIAN_POINT ( 'NONE',  ( -0.2316379168720959780, 1.300000000000000044, -1.764131143958194370 ) ) ;
#3278 = COLOUR_RGB ( '',1.000000000000000000, 1.000000000000000000, 1.000000000000000000 ) ;
#3279 = CARTESIAN_POINT ( 'NONE',  ( -0.2181730518558842036, 1.310000000000000053, -1.560962447109883744 ) ) ;
#3280 =( GEOMETRIC_REPRESENTATION_CONTEXT ( 3 ) GLOBAL_UNCERTAINTY_ASSIGNED_CONTEXT ( ( #6396 ) ) GLOBAL_UNIT_ASSIGNED_CONTEXT ( ( #8547, #2827, #3880 ) ) REPRESENTATION_CONTEXT ( 'NONE', 'WORKASPACE' ) );
#3281 =( NAMED_UNIT ( * ) PLANE_ANGLE_UNIT ( ) SI_UNIT ( $, .RADIAN. ) );
#3282 = B_SPLINE_SURFACE_WITH_KNOTS ( 'NONE', 3, 1, ( 
 ( #817, #7213 ),
 ( #10916, #1662 ),
 ( #3558, #6294 ),
 ( #11105, #3612 ) ),
 .UNSPECIFIED., .F., .F., .F.,
 ( 4, 4 ),
 ( 2, 2 ),
 ( 19.00000000000000000, 20.00000000000000000 ),
 ( 0.0000000000000000000, 1.000000000000000000 ),
 .UNSPECIFIED. ) ;
#3283 = CARTESIAN_POINT ( 'NONE',  ( -0.3151824654486052313, 1.300000000000000044, -1.557531245985788182 ) ) ;
#3284 = STYLED_ITEM ( 'NONE', ( #458 ), #6222 ) ;
#3285 = ADVANCED_FACE ( 'NONE', ( #837 ), #6161, .T. ) ;
#3286 = CARTESIAN_POINT ( 'NONE',  ( -0.9857743335775431825, 1.300000000000000044, -1.702785426896082255 ) ) ;
#3287 = EDGE_LOOP ( 'NONE', ( #4365, #3361, #7586, #3484, #6452, #2303, #11828 ) ) ;
#3288 =( NAMED_UNIT ( * ) PLANE_ANGLE_UNIT ( ) SI_UNIT ( $, .RADIAN. ) );
#3289 = EDGE_CURVE ( 'NONE', #6906, #4115, #2233, .T. ) ;
#3290 = ORIENTED_EDGE ( 'NONE', *, *, #5508, .T. ) ;
#3291 = ORIENTED_EDGE ( 'NONE', *, *, #7049, .F. ) ;
#3292 = CARTESIAN_POINT ( 'NONE',  ( -0.2265431030823970848, 1.300000000000000044, -1.374429876923095817 ) ) ;
#3293 = EDGE_CURVE ( 'NONE', #7422, #11417, #9007, .T. ) ;
#3294 = ORIENTED_EDGE ( 'NONE', *, *, #102, .T. ) ;
#3295 = SURFACE_SIDE_STYLE ('',( #1271 ) ) ;
#3296 = COLOUR_RGB ( '',1.000000000000000000, 1.000000000000000000, 1.000000000000000000 ) ;
#3297 = DIRECTION ( 'NONE',  ( -1.000000000000000000, 0.0000000000000000000, -0.0000000000000000000 ) ) ;
#3298 = CARTESIAN_POINT ( 'NONE',  ( -0.006634303781058838514, 1.300000000000000044, -1.880168127418623714 ) ) ;
#3299 = CARTESIAN_POINT ( 'NONE',  ( -0.7304617772257490094, 1.310000000000000053, -1.380148545461863385 ) ) ;
#3300 = PRESENTATION_LAYER_ASSIGNMENT (  '', '', ( #11251 ) ) ;
#3301 = PRESENTATION_STYLE_ASSIGNMENT (( #7865 ) ) ;
#3302 = EDGE_LOOP ( 'NONE', ( #3776, #5251, #5285, #3002 ) ) ;
#3303 = DIRECTION ( 'NONE',  ( 1.000000000000000000, 0.0000000000000000000, -5.962800923658062808E-15 ) ) ;
#3304 = ORIENTED_EDGE ( 'NONE', *, *, #4755, .F. ) ;
#3305 = VECTOR ( 'NONE', #8458, 1000.000000000000000 ) ;
#3306 =( LENGTH_UNIT ( ) NAMED_UNIT ( * ) SI_UNIT ( .MILLI., .METRE. ) );
#3307 = DIRECTION ( 'NONE',  ( -1.000000000000000000, 0.0000000000000000000, -0.0000000000000000000 ) ) ;
#3308 = CARTESIAN_POINT ( 'NONE',  ( -0.5978926428953125205, 1.310000000000000053, -1.529041879079284350 ) ) ;
#3309 = EDGE_CURVE ( 'NONE', #791, #4452, #3027, .T. ) ;
#3310 = COLOUR_RGB ( '',0.7529411764705882248, 0.7529411764705882248, 0.7529411764705882248 ) ;
#3311 = EDGE_CURVE ( 'NONE', #6722, #415, #8573, .T. ) ;
#3312 = VECTOR ( 'NONE', #6544, 1000.000000000000000 ) ;
#3313 = FILL_AREA_STYLE_COLOUR ( '', #10470 ) ;
#3314 = EDGE_LOOP ( 'NONE', ( #1654, #8843, #1703, #2641 ) ) ;
#3315 = CARTESIAN_POINT ( 'NONE',  ( 0.5763715206068691366, 1.300000000000000044, -1.386345902652514672 ) ) ;
#3316 = B_SPLINE_CURVE_WITH_KNOTS ( 'NONE', 3,
 ( #9726, #9667, #259, #437 ),
 .UNSPECIFIED., .F., .F.,
 ( 4, 4 ),
 ( 5.000000000000000000, 6.000000000000000000 ),
 .UNSPECIFIED. ) ;
#3317 = EDGE_CURVE ( 'NONE', #1223, #11144, #2453, .T. ) ;
#3318 = ADVANCED_FACE ( 'NONE', ( #1315 ), #3249, .T. ) ;
#3319 = FACE_OUTER_BOUND ( 'NONE', #5820, .T. ) ;
#3320 = VECTOR ( 'NONE', #10778, 1000.000000000000000 ) ;
#3321 = PRESENTATION_STYLE_ASSIGNMENT (( #9070 ) ) ;
#3322 =( NAMED_UNIT ( * ) PLANE_ANGLE_UNIT ( ) SI_UNIT ( $, .RADIAN. ) );
#3323 = CARTESIAN_POINT ( 'NONE',  ( -0.4127637458946532556, 1.300000000000000044, -1.947856367771343633 ) ) ;
#3324 = CARTESIAN_POINT ( 'NONE',  ( -0.4629840532530526409, 1.310000000000000053, -1.354154597554452444 ) ) ;
#3325 = DIRECTION ( 'NONE',  ( -0.0000000000000000000, -1.000000000000000000, -0.0000000000000000000 ) ) ;
#3326 = EDGE_LOOP ( 'NONE', ( #1934, #2792, #8225, #5230 ) ) ;
#3327 = CARTESIAN_POINT ( 'NONE',  ( 0.5778174857137977627, 1.300000000000000044, -1.299586672418065580 ) ) ;
#3328 = CARTESIAN_POINT ( 'NONE',  ( -0.1160168365777153460, 1.300000000000000044, -1.880168127418622603 ) ) ;
#3329 = CARTESIAN_POINT ( 'NONE',  ( -0.1864604354083122251, 1.310000000000000053, -1.883599328542719498 ) ) ;
#3330 = ORIENTED_EDGE ( 'NONE', *, *, #1191, .F. ) ;
#3331 = ORIENTED_EDGE ( 'NONE', *, *, #904, .F. ) ;
#3332 = SURFACE_STYLE_USAGE ( .BOTH. , #11642 ) ;
#3333 = DIRECTION ( 'NONE',  ( -6.338874234248783953E-15, 0.0000000000000000000, -1.000000000000000000 ) ) ;
#3334 = SURFACE_SIDE_STYLE ('',( #6020 ) ) ;
#3335 = CARTESIAN_POINT ( 'NONE',  ( 1.014505594678532185, 1.300000000000000044, -1.486119025696001517 ) ) ;
#3336 =( NAMED_UNIT ( * ) PLANE_ANGLE_UNIT ( ) SI_UNIT ( $, .RADIAN. ) );
#3337 =( LENGTH_UNIT ( ) NAMED_UNIT ( * ) SI_UNIT ( .MILLI., .METRE. ) );
#3338 = B_SPLINE_CURVE_WITH_KNOTS ( 'NONE', 3,
 ( #11150, #5641, #10418, #2823 ),
 .UNSPECIFIED., .F., .F.,
 ( 4, 4 ),
 ( 15.00000000000000000, 16.00000000000000000 ),
 .UNSPECIFIED. ) ;
#3339 = ORIENTED_EDGE ( 'NONE', *, *, #9145, .T. ) ;
#3340 = ADVANCED_FACE ( 'NONE', ( #4085 ), #282, .T. ) ;
#3341 = CARTESIAN_POINT ( 'NONE',  ( -0.7439266422419624769, 1.310000000000000053, -1.856981525884830342 ) ) ;
#3342 = ORIENTED_EDGE ( 'NONE', *, *, #2115, .T. ) ;
#3343 = VERTEX_POINT ( 'NONE', #1426 ) ;
#3344 = CARTESIAN_POINT ( 'NONE',  ( -0.6688561206834809925, 1.300000000000000044, -1.557531245985785739 ) ) ;
#3345 =( NAMED_UNIT ( * ) PLANE_ANGLE_UNIT ( ) SI_UNIT ( $, .RADIAN. ) );
#3346 = ORIENTED_EDGE ( 'NONE', *, *, #3018, .T. ) ;
#3347 = CARTESIAN_POINT ( 'NONE',  ( -0.03288819116795105996, 1.310000000000000053, -1.765274877666225706 ) ) ;
#3348 = CARTESIAN_POINT ( 'NONE',  ( -0.8832542030290820856, 1.310000000000000053, -1.775880408413037737 ) ) ;
#3349 = COLOUR_RGB ( '',1.000000000000000000, 1.000000000000000000, 1.000000000000000000 ) ;
#3350 = CARTESIAN_POINT ( 'NONE',  ( -0.9889455952214717405, 1.300000000000000044, -1.717030110348640282 ) ) ;
#3351 = B_SPLINE_SURFACE_WITH_KNOTS ( 'NONE', 3, 1, ( 
 ( #2148, #6646 ),
 ( #5686, #11441 ),
 ( #7498, #10352 ),
 ( #8588, #59 ) ),
 .UNSPECIFIED., .F., .F., .F.,
 ( 4, 4 ),
 ( 2, 2 ),
 ( 2.000000000000000000, 3.000000000000000000 ),
 ( 0.0000000000000000000, 1.000000000000000000 ),
 .UNSPECIFIED. ) ;
#3352 = ORIENTED_EDGE ( 'NONE', *, *, #7926, .T. ) ;
#3353 = FILL_AREA_STYLE_COLOUR ( '', #1532 ) ;
#3354 = CARTESIAN_POINT ( 'NONE',  ( -0.006634303781058838514, 1.300000000000000044, -1.880168127418623492 ) ) ;
#3355 = ORIENTED_EDGE ( 'NONE', *, *, #82, .T. ) ;
#3356 = CARTESIAN_POINT ( 'NONE',  ( -0.1689925024139932730, 1.300000000000000044, -1.736057680217743870 ) ) ;
#3357 = CARTESIAN_POINT ( 'NONE',  ( -0.4082407989589753039, 1.310000000000000053, -1.923837959904069583 ) ) ;
#3358 = CARTESIAN_POINT ( 'NONE',  ( 0.8149593761715847595, 1.310000000000000053, -1.419603610333215693 ) ) ;
#3359 = CARTESIAN_POINT ( 'NONE',  ( 1.020000000000000018, 0.2000000000000000111, -2.250000000000000000 ) ) ;
#3360 = DIRECTION ( 'NONE',  ( -0.0000000000000000000, -1.000000000000000000, -0.0000000000000000000 ) ) ;
#3361 = ORIENTED_EDGE ( 'NONE', *, *, #11618, .F. ) ;
#3362 = LINE ( 'NONE', #9612, #734 ) ;
#3363 = UNCERTAINTY_MEASURE_WITH_UNIT (LENGTH_MEASURE( 1.000000000000000082E-05 ), #3495, 'distance_accuracy_value', 'NONE');
#3364 = EDGE_CURVE ( 'NONE', #10204, #5112, #2358, .T. ) ;
#3365 = B_SPLINE_CURVE_WITH_KNOTS ( 'NONE', 3,
 ( #2519, #2348, #6058, #9739 ),
 .UNSPECIFIED., .F., .F.,
 ( 4, 4 ),
 ( 24.00000000000000000, 25.00000000000000000 ),
 .UNSPECIFIED. ) ;
#3366 = B_SPLINE_CURVE_WITH_KNOTS ( 'NONE', 3,
 ( #11425, #6867, #2012, #6813 ),
 .UNSPECIFIED., .F., .F.,
 ( 4, 4 ),
 ( 2.000000000000000000, 3.000000000000000000 ),
 .UNSPECIFIED. ) ;
#3367 = CARTESIAN_POINT ( 'NONE',  ( -0.2744759430247418197, 1.310000000000000053, -1.386491068751103617 ) ) ;
#3368 = CARTESIAN_POINT ( 'NONE',  ( 0.9046105641992142621, 1.310000000000000053, -1.781100334026238574 ) ) ;
#3369 = SURFACE_STYLE_FILL_AREA ( #1545 ) ;
#3370 = UNCERTAINTY_MEASURE_WITH_UNIT (LENGTH_MEASURE( 1.000000000000000082E-05 ), #5783, 'distance_accuracy_value', 'NONE');
#3371 = FILL_AREA_STYLE_COLOUR ( '', #10103 ) ;
#3372 =( LENGTH_UNIT ( ) NAMED_UNIT ( * ) SI_UNIT ( .MILLI., .METRE. ) );
#3373 = VECTOR ( 'NONE', #9721, 1000.000000000000000 ) ;
#3374 = CARTESIAN_POINT ( 'NONE',  ( -0.6688561206834825468, 1.310000000000000053, -1.788565454991518200 ) ) ;
#3375 = SURFACE_STYLE_USAGE ( .BOTH. , #626 ) ;
#3376 = CARTESIAN_POINT ( 'NONE',  ( -0.3483507429787453535, 1.310000000000000053, -1.731586721177126087 ) ) ;
#3377 = CARTESIAN_POINT ( 'NONE',  ( -0.4725498260833626007, 1.310000000000000053, -1.856045743761215894 ) ) ;
#3378 = VERTEX_POINT ( 'NONE', #2585 ) ;
#3379 = DIRECTION ( 'NONE',  ( -1.000000000000000000, 0.0000000000000000000, 6.209894659237971771E-15 ) ) ;
#3380 = PRESENTATION_LAYER_ASSIGNMENT (  '', '', ( #11533 ) ) ;
#3381 = PRESENTATION_STYLE_ASSIGNMENT (( #7091 ) ) ;
#3382 = EDGE_CURVE ( 'NONE', #4868, #6806, #9303, .T. ) ;
#3383 = CARTESIAN_POINT ( 'NONE',  ( -0.2181730518558842036, 1.310000000000000053, -1.560962447109883744 ) ) ;
#3384 = VERTEX_POINT ( 'NONE', #9748 ) ;
#3385 = VERTEX_POINT ( 'NONE', #3439 ) ;
#3386 = SURFACE_SIDE_STYLE ('',( #7964 ) ) ;
#3387 = VECTOR ( 'NONE', #5483, 1000.000000000000000 ) ;
#3388 = DIRECTION ( 'NONE',  ( -8.762561441094621694E-15, -0.0000000000000000000, -1.000000000000000000 ) ) ;
#3389 = AXIS2_PLACEMENT_3D ( 'NONE', #355, #5062, #1383 ) ;
#3390 = CARTESIAN_POINT ( 'NONE',  ( -0.2316379168720965054, 1.310000000000000053, -1.821213853564091378 ) ) ;
#3391 = CARTESIAN_POINT ( 'NONE',  ( -0.1056192574146080088, 1.310000000000000053, -1.765274877666225040 ) ) ;
#3392 = PLANE ( 'NONE',  #5318 ) ;
#3393 = VECTOR ( 'NONE', #9931, 1000.000000000000000 ) ;
#3394 = DIRECTION ( 'NONE',  ( -0.0000000000000000000, -1.000000000000000000, -0.0000000000000000000 ) ) ;
#3395 = VERTEX_POINT ( 'NONE', #6119 ) ;
#3396 = CARTESIAN_POINT ( 'NONE',  ( -0.3151824654486052313, 1.310000000000000053, -1.557531245985788182 ) ) ;
#3397 = EDGE_LOOP ( 'NONE', ( #759, #79, #11690, #3901 ) ) ;
#3398 = ORIENTED_EDGE ( 'NONE', *, *, #409, .T. ) ;
#3399 = DIRECTION ( 'NONE',  ( -1.000000000000000000, -0.0000000000000000000, 7.474873201226315960E-15 ) ) ;
#3400 = CARTESIAN_POINT ( 'NONE',  ( -1.000071004927248319, 1.310000000000000053, -1.676791478987283091 ) ) ;
#3401 = ORIENTED_EDGE ( 'NONE', *, *, #1370, .F. ) ;
#3402 = DIRECTION ( 'NONE',  ( 0.0000000000000000000, -0.0000000000000000000, -1.000000000000000000 ) ) ;
#3403 = DIRECTION ( 'NONE',  ( -0.8840949502478780975, 0.0000000000000000000, 0.4673073067545617798 ) ) ;
#3404 = CARTESIAN_POINT ( 'NONE',  ( -0.4141674190814603196, 1.300000000000000044, -1.465928573558684223 ) ) ;
#3405 = DIRECTION ( 'NONE',  ( -0.0000000000000000000, -1.000000000000000000, -0.0000000000000000000 ) ) ;
#3406 = CARTESIAN_POINT ( 'NONE',  ( -0.4765009061650222755, 1.310000000000000053, -1.902107019452861758 ) ) ;
#3407 = FILL_AREA_STYLE_COLOUR ( '', #8335 ) ;
#3408 = ORIENTED_EDGE ( 'NONE', *, *, #11740, .F. ) ;
#3409 = LINE ( 'NONE', #10823, #11817 ) ;
#3410 = FILL_AREA_STYLE ('',( #9839 ) ) ;
#3411 = VERTEX_POINT ( 'NONE', #584 ) ;
#3412 = LINE ( 'NONE', #11848, #11205 ) ;
#3413 = SURFACE_SIDE_STYLE ('',( #8108 ) ) ;
#3414 = ORIENTED_EDGE ( 'NONE', *, *, #1906, .F. ) ;
#3415 = ADVANCED_FACE ( 'NONE', ( #4312 ), #1397, .F. ) ;
#3416 = B_SPLINE_CURVE_WITH_KNOTS ( 'NONE', 3,
 ( #7487, #8405, #5544, #4715 ),
 .UNSPECIFIED., .F., .F.,
 ( 4, 4 ),
 ( 22.00000000000000000, 23.00000000000000000 ),
 .UNSPECIFIED. ) ;
#3417 =( NAMED_UNIT ( * ) SI_UNIT ( $, .STERADIAN. ) SOLID_ANGLE_UNIT ( ) );
#3418 = UNCERTAINTY_MEASURE_WITH_UNIT (LENGTH_MEASURE( 1.000000000000000082E-05 ), #497, 'distance_accuracy_value', 'NONE');
#3419 = PRESENTATION_STYLE_ASSIGNMENT (( #1460 ) ) ;
#3420 = VERTEX_POINT ( 'NONE', #11686 ) ;
#3421 = CARTESIAN_POINT ( 'NONE',  ( -0.4246689740367723953, 1.310000000000000053, -1.948584198313327409 ) ) ;
#3422 = VECTOR ( 'NONE', #9927, 1000.000000000000227 ) ;
#3423 = CARTESIAN_POINT ( 'NONE',  ( -0.5199627870660614715, 1.310000000000000053, -1.377549150671262490 ) ) ;
#3424 = CARTESIAN_POINT ( 'NONE',  ( 0.9913697944336653523, 1.310000000000000053, -1.707354982812206545 ) ) ;
#3425 = UNCERTAINTY_MEASURE_WITH_UNIT (LENGTH_MEASURE( 1.000000000000000082E-05 ), #5845, 'distance_accuracy_value', 'NONE');
#3426 =( NAMED_UNIT ( * ) PLANE_ANGLE_UNIT ( ) SI_UNIT ( $, .RADIAN. ) );
#3427 = EDGE_CURVE ( 'NONE', #8927, #7979, #8073, .T. ) ;
#3428 = FILL_AREA_STYLE ('',( #11727 ) ) ;
#3429 = EDGE_CURVE ( 'NONE', #8732, #3774, #1669, .T. ) ;
#3430 =( NAMED_UNIT ( * ) PLANE_ANGLE_UNIT ( ) SI_UNIT ( $, .RADIAN. ) );
#3431 = UNCERTAINTY_MEASURE_WITH_UNIT (LENGTH_MEASURE( 1.000000000000000082E-05 ), #2106, 'distance_accuracy_value', 'NONE');
#3432 = ADVANCED_FACE ( 'NONE', ( #6247 ), #4252, .F. ) ;
#3433 = SURFACE_STYLE_USAGE ( .BOTH. , #11728 ) ;
#3434 = VERTEX_POINT ( 'NONE', #6478 ) ;
#3435 = DIRECTION ( 'NONE',  ( -0.0000000000000000000, -1.000000000000000000, -0.0000000000000000000 ) ) ;
#3436 = UNCERTAINTY_MEASURE_WITH_UNIT (LENGTH_MEASURE( 1.000000000000000082E-05 ), #9912, 'distance_accuracy_value', 'NONE');
#3437 = CARTESIAN_POINT ( 'NONE',  ( -0.7310856319748282317, 1.310000000000000053, -1.380148545461863607 ) ) ;
#3438 = LINE ( 'NONE', #4418, #4111 ) ;
#3439 = CARTESIAN_POINT ( 'NONE',  ( 0.4274348530697836823, 1.310000000000000053, -1.791222310412815988 ) ) ;
#3440 = B_SPLINE_CURVE_WITH_KNOTS ( 'NONE', 3,
 ( #10570, #8858, #6130, #2245 ),
 .UNSPECIFIED., .F., .F.,
 ( 4, 4 ),
 ( 5.000000000000000000, 6.000000000000000000 ),
 .UNSPECIFIED. ) ;
#3441 = CARTESIAN_POINT ( 'NONE',  ( 0.3001879930913122774, 1.300000000000000044, -1.567094298974051059 ) ) ;
#3442 = CARTESIAN_POINT ( 'NONE',  ( -0.2218122045630092076, 1.310000000000000053, -1.752277903711821017 ) ) ;
#3443 = COLOUR_RGB ( '',1.000000000000000000, 1.000000000000000000, 1.000000000000000000 ) ;
#3444 = ORIENTED_EDGE ( 'NONE', *, *, #534, .F. ) ;
#3445 = ORIENTED_EDGE ( 'NONE', *, *, #13, .T. ) ;
#3446 =( GEOMETRIC_REPRESENTATION_CONTEXT ( 3 ) GLOBAL_UNCERTAINTY_ASSIGNED_CONTEXT ( ( #7783 ) ) GLOBAL_UNIT_ASSIGNED_CONTEXT ( ( #1853, #10242, #7768 ) ) REPRESENTATION_CONTEXT ( 'NONE', 'WORKASPACE' ) );
#3447 = CARTESIAN_POINT ( 'NONE',  ( -0.3897331080481357679, 1.310000000000000053, -1.840657326599245192 ) ) ;
#3448 = EDGE_CURVE ( 'NONE', #5800, #5202, #949, .T. ) ;
#3449 = PRESENTATION_LAYER_ASSIGNMENT (  '', '', ( #10441 ) ) ;
#3450 = CARTESIAN_POINT ( 'NONE',  ( 1.520000000000000018, -0.2000000000000000111, -7.249999999999999112 ) ) ;
#3451 = B_SPLINE_SURFACE_WITH_KNOTS ( 'NONE', 3, 1, ( 
 ( #10177, #132 ),
 ( #209, #8545 ),
 ( #4865, #1119 ),
 ( #9438, #3936 ) ),
 .UNSPECIFIED., .F., .F., .F.,
 ( 4, 4 ),
 ( 2, 2 ),
 ( 10.00000000000000000, 11.00000000000000000 ),
 ( 0.0000000000000000000, 1.000000000000000000 ),
 .UNSPECIFIED. ) ;
#3452 = FILL_AREA_STYLE ('',( #8919 ) ) ;
#3453 =( GEOMETRIC_REPRESENTATION_CONTEXT ( 3 ) GLOBAL_UNCERTAINTY_ASSIGNED_CONTEXT ( ( #8280 ) ) GLOBAL_UNIT_ASSIGNED_CONTEXT ( ( #4404, #7078, #6290 ) ) REPRESENTATION_CONTEXT ( 'NONE', 'WORKASPACE' ) );
#3454 = DIRECTION ( 'NONE',  ( -0.9345104387417485503, 0.0000000000000000000, -0.3559357243698709761 ) ) ;
#3455 = STYLED_ITEM ( 'NONE', ( #3381 ), #3415 ) ;
#3456 = EDGE_CURVE ( 'NONE', #11082, #1236, #6609, .T. ) ;
#3457 = STYLED_ITEM ( 'NONE', ( #10513 ), #9732 ) ;
#3458 = DIRECTION ( 'NONE',  ( -0.0000000000000000000, -1.000000000000000000, -0.0000000000000000000 ) ) ;
#3459 = VECTOR ( 'NONE', #6286, 1000.000000000000000 ) ;
#3460 = CARTESIAN_POINT ( 'NONE',  ( -0.8180353877273899288, 1.310000000000000053, -1.683510914521796353 ) ) ;
#3461 = EDGE_CURVE ( 'NONE', #7828, #10357, #4681, .T. ) ;
#3462 = COLOUR_RGB ( '',1.000000000000000000, 1.000000000000000000, 1.000000000000000000 ) ;
#3463 = VERTEX_POINT ( 'NONE', #10979 ) ;
#3464 = EDGE_LOOP ( 'NONE', ( #596, #2430, #2772, #12007 ) ) ;
#3465 = ORIENTED_EDGE ( 'NONE', *, *, #11263, .F. ) ;
#3466 = COLOUR_RGB ( '',1.000000000000000000, 1.000000000000000000, 1.000000000000000000 ) ;
#3467 = PRESENTATION_LAYER_ASSIGNMENT (  '', '', ( #2500 ) ) ;
#3468 = EDGE_LOOP ( 'NONE', ( #6277, #8116, #8373, #2547 ) ) ;
#3469 = CARTESIAN_POINT ( 'NONE',  ( -0.3483507429787457976, 1.310000000000000053, -1.797819300447283108 ) ) ;
#3470 =( GEOMETRIC_REPRESENTATION_CONTEXT ( 3 ) GLOBAL_UNCERTAINTY_ASSIGNED_CONTEXT ( ( #1073 ) ) GLOBAL_UNIT_ASSIGNED_CONTEXT ( ( #1347, #548, #8986 ) ) REPRESENTATION_CONTEXT ( 'NONE', 'WORKASPACE' ) );
#3471 = CARTESIAN_POINT ( 'NONE',  ( 0.6891585088800569192, 1.310000000000000053, -1.976308602054442254 ) ) ;
#3472 = CARTESIAN_POINT ( 'NONE',  ( -0.2571119858219442222, 1.310000000000000053, -1.786693890742894419 ) ) ;
#3473 = B_SPLINE_CURVE_WITH_KNOTS ( 'NONE', 3,
 ( #1688, #5299, #9038, #1631 ),
 .UNSPECIFIED., .F., .F.,
 ( 4, 4 ),
 ( 6.000000000000000000, 7.000000000000000000 ),
 .UNSPECIFIED. ) ;
#3474 = VECTOR ( 'NONE', #6737, 1000.000000000000114 ) ;
#3475 = SURFACE_STYLE_FILL_AREA ( #6216 ) ;
#3476 = FILL_AREA_STYLE ('',( #3733 ) ) ;
#3477 = EDGE_LOOP ( 'NONE', ( #4447, #10919, #5853, #9543 ) ) ;
#3478 = VECTOR ( 'NONE', #7299, 1000.000000000000000 ) ;
#3479 = CARTESIAN_POINT ( 'NONE',  ( -0.6746267771193935614, 1.310000000000000053, -1.700186032104094247 ) ) ;
#3480 = UNCERTAINTY_MEASURE_WITH_UNIT (LENGTH_MEASURE( 1.000000000000000082E-05 ), #6060, 'distance_accuracy_value', 'NONE');
#3481 = CARTESIAN_POINT ( 'NONE',  ( -0.8057922382630184899, 1.300000000000000044, -1.880168127418617718 ) ) ;
#3482 = VERTEX_POINT ( 'NONE', #4690 ) ;
#3483 =( NAMED_UNIT ( * ) PLANE_ANGLE_UNIT ( ) SI_UNIT ( $, .RADIAN. ) );
#3484 = ORIENTED_EDGE ( 'NONE', *, *, #1850, .F. ) ;
#3485 = VECTOR ( 'NONE', #10590, 1000.000000000000000 ) ;
#3486 =( LENGTH_UNIT ( ) NAMED_UNIT ( * ) SI_UNIT ( .MILLI., .METRE. ) );
#3487 = PRESENTATION_LAYER_ASSIGNMENT (  '', '', ( #2892 ) ) ;
#3488 = DIRECTION ( 'NONE',  ( 9.310221531588333340E-15, -0.0000000000000000000, 1.000000000000000000 ) ) ;
#3489 = FACE_OUTER_BOUND ( 'NONE', #8020, .T. ) ;
#3490 = CARTESIAN_POINT ( 'NONE',  ( -0.1857326048670288055, 1.300000000000000044, -1.813519644983799584 ) ) ;
#3491 = ORIENTED_EDGE ( 'NONE', *, *, #10984, .F. ) ;
#3492 = MECHANICAL_DESIGN_GEOMETRIC_PRESENTATION_REPRESENTATION (  '', ( #4479 ), #178 ) ;
#3493 = B_SPLINE_CURVE_WITH_KNOTS ( 'NONE', 3,
 ( #5746, #5804, #1045, #9545 ),
 .UNSPECIFIED., .F., .F.,
 ( 4, 4 ),
 ( 21.00000000000000000, 22.00000000000000000 ),
 .UNSPECIFIED. ) ;
#3494 = CARTESIAN_POINT ( 'NONE',  ( 0.7499518828888207533, -2.174298088103993276, -0.09897113983046172681 ) ) ;
#3495 =( LENGTH_UNIT ( ) NAMED_UNIT ( * ) SI_UNIT ( .MILLI., .METRE. ) );
#3496 = CARTESIAN_POINT ( 'NONE',  ( 1.021735571901198902, 1.310000000000000053, -1.808574112331950756 ) ) ;
#3497 = SURFACE_SIDE_STYLE ('',( #11722 ) ) ;
#3498 = SURFACE_STYLE_FILL_AREA ( #11675 ) ;
#3499 = CARTESIAN_POINT ( 'NONE',  ( -0.1864604354083122251, 1.310000000000000053, -1.883599328542719498 ) ) ;
#3500 = COLOUR_RGB ( '',1.000000000000000000, 1.000000000000000000, 1.000000000000000000 ) ;
#3501 = PRESENTATION_STYLE_ASSIGNMENT (( #4684 ) ) ;
#3502 = DIRECTION ( 'NONE',  ( 0.9903286039881262770, -0.0000000000000000000, -0.1387416884823346186 ) ) ;
#3503 = ORIENTED_EDGE ( 'NONE', *, *, #7766, .T. ) ;
#3504 = CARTESIAN_POINT ( 'NONE',  ( -0.2219681682502721298, 1.310000000000000053, -1.537567893993073476 ) ) ;
#3505 = STYLED_ITEM ( 'NONE', ( #2584 ), #2539 ) ;
#3506 = EDGE_CURVE ( 'NONE', #11561, #3272, #5706, .T. ) ;
#3507 = CARTESIAN_POINT ( 'NONE',  ( 0.0000000000000000000, -1.500000000000000000, -0.7500000000000001110 ) ) ;
#3508 = FILL_AREA_STYLE_COLOUR ( '', #396 ) ;
#3509 = PRESENTATION_STYLE_ASSIGNMENT (( #4419 ) ) ;
#3510 = SURFACE_STYLE_USAGE ( .BOTH. , #6248 ) ;
#3511 = SURFACE_STYLE_FILL_AREA ( #1672 ) ;
#3512 = ORIENTED_EDGE ( 'NONE', *, *, #1439, .T. ) ;
#3513 = VERTEX_POINT ( 'NONE', #1860 ) ;
#3514 = CARTESIAN_POINT ( 'NONE',  ( -0.2265431030823970848, 1.310000000000000053, -1.374429876923095817 ) ) ;
#3515 = VECTOR ( 'NONE', #5897, 1000.000000000000000 ) ;
#3516 = DIRECTION ( 'NONE',  ( -0.0000000000000000000, -0.0000000000000000000, 1.000000000000000000 ) ) ;
#3517 = B_SPLINE_CURVE_WITH_KNOTS ( 'NONE', 3,
 ( #5875, #11663, #4118, #1230 ),
 .UNSPECIFIED., .F., .F.,
 ( 4, 4 ),
 ( 4.000000000000000000, 5.000000000000000000 ),
 .UNSPECIFIED. ) ;
#3518 = SURFACE_STYLE_FILL_AREA ( #4430 ) ;
#3519 = DIRECTION ( 'NONE',  ( 1.000000000000000000, 0.0000000000000000000, 0.0000000000000000000 ) ) ;
#3520 = DIRECTION ( 'NONE',  ( -0.0000000000000000000, -1.000000000000000000, -0.0000000000000000000 ) ) ;
#3521 = PLANE ( 'NONE',  #56 ) ;
#3522 = STYLED_ITEM ( 'NONE', ( #2864 ), #515 ) ;
#3523 = DIRECTION ( 'NONE',  ( -1.000000000000000000, 0.0000000000000000000, 8.944201385487094213E-15 ) ) ;
#3524 = EDGE_CURVE ( 'NONE', #1665, #6296, #9563, .T. ) ;
#3525 = EDGE_CURVE ( 'NONE', #1879, #4609, #11057, .T. ) ;
#3526 = CARTESIAN_POINT ( 'NONE',  ( -0.1056192574146083141, 1.300000000000000044, -1.788565454991522197 ) ) ;
#3527 = CARTESIAN_POINT ( 'NONE',  ( -0.8228442680905884155, 1.300000000000000044, -1.557531245985784629 ) ) ;
#3528 = EDGE_LOOP ( 'NONE', ( #5535, #72, #5424, #2064 ) ) ;
#3529 = SURFACE_STYLE_FILL_AREA ( #2664 ) ;
#3530 = ORIENTED_EDGE ( 'NONE', *, *, #9100, .T. ) ;
#3531 = ORIENTED_EDGE ( 'NONE', *, *, #9100, .F. ) ;
#3532 = CARTESIAN_POINT ( 'NONE',  ( -0.1545918552727804651, 1.310000000000000053, -1.745103574089092779 ) ) ;
#3533 = CARTESIAN_POINT ( 'NONE',  ( -0.5210025449839604805, 1.300000000000000044, -1.354154597554451556 ) ) ;
#3534 = EDGE_CURVE ( 'NONE', #10838, #8408, #7515, .T. ) ;
#3535 = EDGE_LOOP ( 'NONE', ( #1027, #3414, #3408, #5647 ) ) ;
#3536 = DIRECTION ( 'NONE',  ( 0.9434452330824976141, -0.0000000000000000000, 0.3315284183503908744 ) ) ;
#3537 = CARTESIAN_POINT ( 'NONE',  ( 0.2011378526013803958, 1.310000000000000053, -1.560948850741269878 ) ) ;
#3538 = EDGE_CURVE ( 'NONE', #2156, #10130, #6528, .T. ) ;
#3539 = CARTESIAN_POINT ( 'NONE',  ( 0.3030799233044778607, 1.310000000000000053, -1.489010997278496173 ) ) ;
#3540 = ADVANCED_FACE ( 'NONE', ( #76 ), #2833, .F. ) ;
#3541 = FILL_AREA_STYLE ('',( #4389 ) ) ;
#3542 = ORIENTED_EDGE ( 'NONE', *, *, #1759, .T. ) ;
#3543 = CARTESIAN_POINT ( 'NONE',  ( 0.9060565982561902265, 1.310000000000000053, -1.877981485487228541 ) ) ;
#3544 = CARTESIAN_POINT ( 'NONE',  ( 0.3667033808740775003, 1.300000000000000044, -1.567094298974051503 ) ) ;
#3545 = CARTESIAN_POINT ( 'NONE',  ( -0.8556486303490521417, 1.310000000000000053, -1.801978332111965342 ) ) ;
#3546 = CARTESIAN_POINT ( 'NONE',  ( 0.8265272625043550425, 1.310000000000000053, -1.418157617646961022 ) ) ;
#3547 = PLANE ( 'NONE',  #1288 ) ;
#3548 = ADVANCED_FACE ( 'NONE', ( #3198 ), #1299, .F. ) ;
#3549 = ORIENTED_EDGE ( 'NONE', *, *, #8789, .T. ) ;
#3550 = STYLED_ITEM ( 'NONE', ( #420 ), #1756 ) ;
#3551 = SURFACE_STYLE_USAGE ( .BOTH. , #5975 ) ;
#3552 = ORIENTED_EDGE ( 'NONE', *, *, #784, .F. ) ;
#3553 = CARTESIAN_POINT ( 'NONE',  ( -0.3812070931343504165, 1.300000000000000044, -1.816638918731964480 ) ) ;
#3554 = DIRECTION ( 'NONE',  ( -0.0000000000000000000, -1.000000000000000000, -0.0000000000000000000 ) ) ;
#3555 =( NAMED_UNIT ( * ) PLANE_ANGLE_UNIT ( ) SI_UNIT ( $, .RADIAN. ) );
#3556 = FILL_AREA_STYLE_COLOUR ( '', #7726 ) ;
#3557 = UNCERTAINTY_MEASURE_WITH_UNIT (LENGTH_MEASURE( 1.000000000000000082E-05 ), #9581, 'distance_accuracy_value', 'NONE');
#3558 = CARTESIAN_POINT ( 'NONE',  ( 0.7918235759260240370, 1.310000000000000053, -1.512146714784001311 ) ) ;
#3559 = CARTESIAN_POINT ( 'NONE',  ( -0.8556486303490521417, 1.300000000000000044, -1.776608238953634400 ) ) ;
#3560 = ORIENTED_EDGE ( 'NONE', *, *, #815, .T. ) ;
#3561 = CARTESIAN_POINT ( 'NONE',  ( 1.020000000000000018, 0.2000000000000000111, -7.249999999999999112 ) ) ;
#3562 = ORIENTED_EDGE ( 'NONE', *, *, #8160, .T. ) ;
#3563 = FILL_AREA_STYLE ('',( #3207 ) ) ;
#3564 = CARTESIAN_POINT ( 'NONE',  ( 0.3536895294343773699, 1.300000000000000044, -1.792668275519047949 ) ) ;
#3565 = CARTESIAN_POINT ( 'NONE',  ( -0.006634303781056453270, 1.310000000000000053, -1.557531245985790402 ) ) ;
#3566 = ORIENTED_EDGE ( 'NONE', *, *, #10718, .T. ) ;
#3567 = ORIENTED_EDGE ( 'NONE', *, *, #5833, .T. ) ;
#3568 = CARTESIAN_POINT ( 'NONE',  ( -0.2279987641649743046, 1.310000000000000053, -1.843048769806822529 ) ) ;
#3569 = CARTESIAN_POINT ( 'NONE',  ( -0.1515765573154281010, 1.310000000000000053, -1.380668424420818718 ) ) ;
#3570 = CARTESIAN_POINT ( 'NONE',  ( -0.2599193321962646741, 1.300000000000000044, -1.378380957004756269 ) ) ;
#3571 = FACE_OUTER_BOUND ( 'NONE', #1595, .T. ) ;
#3572 = LINE ( 'NONE', #6370, #3118 ) ;
#3573 = CARTESIAN_POINT ( 'NONE',  ( -0.7304617772257490094, 1.300000000000000044, -1.380148545461863385 ) ) ;
#3574 = CARTESIAN_POINT ( 'NONE',  ( -0.1885919391364143660, 1.310000000000000053, -1.793868220364237320 ) ) ;
#3575 = EDGE_CURVE ( 'NONE', #8104, #6014, #10498, .T. ) ;
#3576 = PLANE ( 'NONE',  #189 ) ;
#3577 = CARTESIAN_POINT ( 'NONE',  ( -0.3414363528354893984, 1.310000000000000053, -1.442637996233387732 ) ) ;
#3578 = ORIENTED_EDGE ( 'NONE', *, *, #8648, .T. ) ;
#3579 = AXIS2_PLACEMENT_3D ( 'NONE', #3400, #2485, #8090 ) ;
#3580 = ORIENTED_EDGE ( 'NONE', *, *, #11835, .T. ) ;
#3581 = EDGE_LOOP ( 'NONE', ( #372, #6588, #6175, #5977 ) ) ;
#3582 = DIRECTION ( 'NONE',  ( 1.000000000000000000, 0.0000000000000000000, -8.087211335137715864E-15 ) ) ;
#3583 = VECTOR ( 'NONE', #3405, 1000.000000000000000 ) ;
#3584 = ORIENTED_EDGE ( 'NONE', *, *, #5255, .F. ) ;
#3585 = PRESENTATION_STYLE_ASSIGNMENT (( #7182 ) ) ;
#3586 = CARTESIAN_POINT ( 'NONE',  ( 0.8004995320456289587, 1.310000000000000053, -1.776762438707540470 ) ) ;
#3587 = CARTESIAN_POINT ( 'NONE',  ( 0.3811632525793582915, 1.310000000000000053, -1.374778009425431158 ) ) ;
#3588 = CARTESIAN_POINT ( 'NONE',  ( 0.6240890862035279874, 1.310000000000000053, -1.817250013290828470 ) ) ;
#3589 = STYLED_ITEM ( 'NONE', ( #7460 ), #2029 ) ;
#3590 = EDGE_CURVE ( 'NONE', #7625, #8324, #446, .T. ) ;
#3591 =( NAMED_UNIT ( * ) PLANE_ANGLE_UNIT ( ) SI_UNIT ( $, .RADIAN. ) );
#3592 = EDGE_CURVE ( 'NONE', #5480, #9712, #4929, .T. ) ;
#3593 = PRESENTATION_STYLE_ASSIGNMENT (( #7243 ) ) ;
#3594 = UNCERTAINTY_MEASURE_WITH_UNIT (LENGTH_MEASURE( 1.000000000000000082E-05 ), #7429, 'distance_accuracy_value', 'NONE');
#3595 = LINE ( 'NONE', #2860, #9440 ) ;
#3596 = EDGE_LOOP ( 'NONE', ( #2981, #7161, #11658, #6428, #2181, #11933 ) ) ;
#3597 =( NAMED_UNIT ( * ) SI_UNIT ( $, .STERADIAN. ) SOLID_ANGLE_UNIT ( ) );
#3598 =( NAMED_UNIT ( * ) SI_UNIT ( $, .STERADIAN. ) SOLID_ANGLE_UNIT ( ) );
#3599 =( NAMED_UNIT ( * ) SI_UNIT ( $, .STERADIAN. ) SOLID_ANGLE_UNIT ( ) );
#3600 = EDGE_LOOP ( 'NONE', ( #8767, #8808, #3777, #8555 ) ) ;
#3601 = ADVANCED_FACE ( 'NONE', ( #1239 ), #4983, .F. ) ;
#3602 = COLOUR_RGB ( '',1.000000000000000000, 1.000000000000000000, 1.000000000000000000 ) ;
#3603 = FILL_AREA_STYLE_COLOUR ( '', #2042 ) ;
#3604 = SURFACE_STYLE_FILL_AREA ( #737 ) ;
#3605 = ORIENTED_EDGE ( 'NONE', *, *, #696, .T. ) ;
#3606 = EDGE_CURVE ( 'NONE', #7423, #8916, #9717, .T. ) ;
#3607 = CARTESIAN_POINT ( 'NONE',  ( 0.9552201151690786762, 1.300000000000000044, -1.757964533782069294 ) ) ;
#3608 = EDGE_LOOP ( 'NONE', ( #11549, #8817, #6550, #6502 ) ) ;
#3609 = CARTESIAN_POINT ( 'NONE',  ( -0.3159622838856524507, 1.310000000000000053, -1.883599328542718609 ) ) ;
#3610 = CARTESIAN_POINT ( 'NONE',  ( 0.5778174857137977627, 1.310000000000000053, -1.299586672418065580 ) ) ;
#3611 = VECTOR ( 'NONE', #3266, 1000.000000000000000 ) ;
#3612 = CARTESIAN_POINT ( 'NONE',  ( 0.7701337683681047652, 1.300000000000000044, -1.525160593804412157 ) ) ;
#3613 = ORIENTED_EDGE ( 'NONE', *, *, #10946, .T. ) ;
#3614 = VECTOR ( 'NONE', #6479, 1000.000000000000000 ) ;
#3615 = ORIENTED_EDGE ( 'NONE', *, *, #2340, .F. ) ;
#3616 = CARTESIAN_POINT ( 'NONE',  ( -0.1483013198792975385, 1.310000000000000053, -1.533200910743974354 ) ) ;
#3617 = LINE ( 'NONE', #7335, #5443 ) ;
#3618 = CARTESIAN_POINT ( 'NONE',  ( -0.2022127678405898632, 1.310000000000000053, -1.752277903711821239 ) ) ;
#3619 = MECHANICAL_DESIGN_GEOMETRIC_PRESENTATION_REPRESENTATION (  '', ( #11564 ), #6145 ) ;
#3620 =( GEOMETRIC_REPRESENTATION_CONTEXT ( 3 ) GLOBAL_UNCERTAINTY_ASSIGNED_CONTEXT ( ( #4640 ) ) GLOBAL_UNIT_ASSIGNED_CONTEXT ( ( #6820, #7853, #10521 ) ) REPRESENTATION_CONTEXT ( 'NONE', 'WORKASPACE' ) );
#3621 = CARTESIAN_POINT ( 'NONE',  ( 0.2500000000000000000, 0.2000000000000000111, -2.250000000000000000 ) ) ;
#3622 = FILL_AREA_STYLE_COLOUR ( '', #3732 ) ;
#3623 = ORIENTED_EDGE ( 'NONE', *, *, #11185, .T. ) ;
#3624 = VERTEX_POINT ( 'NONE', #11338 ) ;
#3625 = LINE ( 'NONE', #771, #3875 ) ;
#3626 = CARTESIAN_POINT ( 'NONE',  ( -0.2916319486438343489, 1.310000000000000053, -1.848767438346978098 ) ) ;
#3627 = EDGE_CURVE ( 'NONE', #4106, #3042, #7416, .T. ) ;
#3628 =( NAMED_UNIT ( * ) SI_UNIT ( $, .STERADIAN. ) SOLID_ANGLE_UNIT ( ) );
#3629 =( GEOMETRIC_REPRESENTATION_CONTEXT ( 3 ) GLOBAL_UNCERTAINTY_ASSIGNED_CONTEXT ( ( #6117 ) ) GLOBAL_UNIT_ASSIGNED_CONTEXT ( ( #3124, #7740, #10749 ) ) REPRESENTATION_CONTEXT ( 'NONE', 'WORKASPACE' ) );
#3630 = VECTOR ( 'NONE', #8027, 1000.000000000000000 ) ;
#3631 = CARTESIAN_POINT ( 'NONE',  ( -0.4246689740367723953, 1.300000000000000044, -1.948584198313327409 ) ) ;
#3632 =( LENGTH_UNIT ( ) NAMED_UNIT ( * ) SI_UNIT ( .MILLI., .METRE. ) );
#3633 = AXIS2_PLACEMENT_3D ( 'NONE', #313, #126, #1978 ) ;
#3634 = PRESENTATION_STYLE_ASSIGNMENT (( #8266 ) ) ;
#3635 = VECTOR ( 'NONE', #3963, 1000.000000000000000 ) ;
#3636 = DIRECTION ( 'NONE',  ( -0.0000000000000000000, -1.000000000000000000, -0.0000000000000000000 ) ) ;
#3637 = SURFACE_SIDE_STYLE ('',( #6620 ) ) ;
#3638 = ORIENTED_EDGE ( 'NONE', *, *, #9542, .T. ) ;
#3639 = ADVANCED_FACE ( 'NONE', ( #8672 ), #8966, .F. ) ;
#3640 = PRESENTATION_STYLE_ASSIGNMENT (( #9945 ) ) ;
#3641 = VECTOR ( 'NONE', #11461, 1000.000000000000000 ) ;
#3642 = VERTEX_POINT ( 'NONE', #7140 ) ;
#3643 = ORIENTED_EDGE ( 'NONE', *, *, #9982, .F. ) ;
#3644 = STYLED_ITEM ( 'NONE', ( #5139 ), #375 ) ;
#3645 = CARTESIAN_POINT ( 'NONE',  ( -0.2279987641649743046, 1.310000000000000053, -1.843048769806822529 ) ) ;
#3646 = CIRCLE ( 'NONE', #5974, 2.299999999999999822 ) ;
#3647 = ORIENTED_EDGE ( 'NONE', *, *, #5469, .F. ) ;
#3648 = DIRECTION ( 'NONE',  ( -0.0000000000000000000, -1.000000000000000000, -0.0000000000000000000 ) ) ;
#3649 = UNCERTAINTY_MEASURE_WITH_UNIT (LENGTH_MEASURE( 1.000000000000000082E-05 ), #2060, 'distance_accuracy_value', 'NONE');
#3650 = CARTESIAN_POINT ( 'NONE',  ( -0.2744759430247428744, 1.300000000000000044, -1.523947065288207892 ) ) ;
#3651 = VECTOR ( 'NONE', #10222, 1000.000000000000000 ) ;
#3652 =( NAMED_UNIT ( * ) SI_UNIT ( $, .STERADIAN. ) SOLID_ANGLE_UNIT ( ) );
#3653 = SURFACE_STYLE_FILL_AREA ( #11306 ) ;
#3654 = PRESENTATION_LAYER_ASSIGNMENT (  '', '', ( #8886 ) ) ;
#3655 = AXIS2_PLACEMENT_3D ( 'NONE', #4743, #9336, #7705 ) ;
#3656 = PRESENTATION_STYLE_ASSIGNMENT (( #8221 ) ) ;
#3657 = PRESENTATION_STYLE_ASSIGNMENT (( #9242 ) ) ;
#3658 = ADVANCED_FACE ( 'NONE', ( #5386 ), #502, .F. ) ;
#3659 = STYLED_ITEM ( 'NONE', ( #8703 ), #8443 ) ;
#3660 = EDGE_CURVE ( 'NONE', #8582, #2374, #10158, .T. ) ;
#3661 = CARTESIAN_POINT ( 'NONE',  ( -0.3324424468592034887, 1.310000000000000053, -1.731586721177126087 ) ) ;
#3662 = ADVANCED_FACE ( 'NONE', ( #8899 ), #10926, .F. ) ;
#3663 = FILL_AREA_STYLE ('',( #10157 ) ) ;
#3664 = MECHANICAL_DESIGN_GEOMETRIC_PRESENTATION_REPRESENTATION (  '', ( #10835 ), #11042 ) ;
#3665 = ORIENTED_EDGE ( 'NONE', *, *, #3317, .T. ) ;
#3666 = CARTESIAN_POINT ( 'NONE',  ( 0.0000000000000000000, 0.0000000000000000000, 2.250000000000000000 ) ) ;
#3667 = MECHANICAL_DESIGN_GEOMETRIC_PRESENTATION_REPRESENTATION (  '', ( #6182 ), #729 ) ;
#3668 =( NAMED_UNIT ( * ) SI_UNIT ( $, .STERADIAN. ) SOLID_ANGLE_UNIT ( ) );
#3669 = CARTESIAN_POINT ( 'NONE',  ( 1.021735571901198902, 1.300000000000000044, -1.808574112331950756 ) ) ;
#3670 = COLOUR_RGB ( '',1.000000000000000000, 1.000000000000000000, 1.000000000000000000 ) ;
#3671 = CARTESIAN_POINT ( 'NONE',  ( -0.3570327215798038689, 1.300000000000000044, -1.829323965311829614 ) ) ;
#3672 =( LENGTH_UNIT ( ) NAMED_UNIT ( * ) SI_UNIT ( .MILLI., .METRE. ) );
#3673 = VECTOR ( 'NONE', #1541, 1000.000000000000000 ) ;
#3674 = CIRCLE ( 'NONE', #7554, 2.299999999999999822 ) ;
#3675 = MECHANICAL_DESIGN_GEOMETRIC_PRESENTATION_REPRESENTATION (  '', ( #9293 ), #9083 ) ;
#3676 = CARTESIAN_POINT ( 'NONE',  ( -0.1657172649778616835, 1.310000000000000053, -1.551708601654118835 ) ) ;
#3677 = CARTESIAN_POINT ( 'NONE',  ( 0.9552201151690786762, 1.310000000000000053, -1.757964533782069294 ) ) ;
#3678 = B_SPLINE_CURVE_WITH_KNOTS ( 'NONE', 3,
 ( #2549, #660, #10088, #7184 ),
 .UNSPECIFIED., .F., .F.,
 ( 4, 4 ),
 ( 2.000000000000000000, 3.000000000000000000 ),
 .UNSPECIFIED. ) ;
#3679 =( GEOMETRIC_REPRESENTATION_CONTEXT ( 3 ) GLOBAL_UNCERTAINTY_ASSIGNED_CONTEXT ( ( #4464 ) ) GLOBAL_UNIT_ASSIGNED_CONTEXT ( ( #3153, #4239, #451 ) ) REPRESENTATION_CONTEXT ( 'NONE', 'WORKASPACE' ) );
#3680 = VECTOR ( 'NONE', #680, 1000.000000000000000 ) ;
#3681 = FILL_AREA_STYLE ('',( #7444 ) ) ;
#3682 = ORIENTED_EDGE ( 'NONE', *, *, #6648, .T. ) ;
#3683 = CARTESIAN_POINT ( 'NONE',  ( -1.020000000000000018, 0.2000000000000000111, -7.249999999999999112 ) ) ;
#3684 = EDGE_CURVE ( 'NONE', #8925, #7386, #3690, .T. ) ;
#3685 = COLOUR_RGB ( '',1.000000000000000000, 1.000000000000000000, 1.000000000000000000 ) ;
#3686 = PRESENTATION_LAYER_ASSIGNMENT (  '', '', ( #8906 ) ) ;
#3687 = ORIENTED_EDGE ( 'NONE', *, *, #10052, .F. ) ;
#3688 = CARTESIAN_POINT ( 'NONE',  ( -0.5698711670506276805, 1.300000000000000044, -1.880168127418619495 ) ) ;
#3689 = CARTESIAN_POINT ( 'NONE',  ( 0.6891585088800569192, 1.310000000000000053, -1.976308602054442254 ) ) ;
#3690 = LINE ( 'NONE', #6344, #10266 ) ;
#3691 = AXIS2_PLACEMENT_3D ( 'NONE', #11837, #5543, #2608 ) ;
#3692 = EDGE_CURVE ( 'NONE', #4323, #3781, #8242, .T. ) ;
#3693 = CARTESIAN_POINT ( 'NONE',  ( -0.6285655014263669127, 1.300000000000000044, -1.484748191843367149 ) ) ;
#3694 = VECTOR ( 'NONE', #3119, 1000.000000000000000 ) ;
#3695 = CARTESIAN_POINT ( 'NONE',  ( -0.8333458230445190962, 1.300000000000000044, -1.719317577764704508 ) ) ;
#3696 = ORIENTED_EDGE ( 'NONE', *, *, #7534, .T. ) ;
#3697 =( LENGTH_UNIT ( ) NAMED_UNIT ( * ) SI_UNIT ( .MILLI., .METRE. ) );
#3698 = COLOUR_RGB ( '',0.7529411764705882248, 0.7529411764705882248, 0.7529411764705882248 ) ;
#3699 = EDGE_CURVE ( 'NONE', #1842, #9958, #1788, .T. ) ;
#3700 = VECTOR ( 'NONE', #9044, 1000.000000000000000 ) ;
#3701 = EDGE_CURVE ( 'NONE', #2235, #1252, #8191, .T. ) ;
#3702 = CARTESIAN_POINT ( 'NONE',  ( -0.2990142298495890305, 1.310000000000000053, -1.797091469905306216 ) ) ;
#3703 = CARTESIAN_POINT ( 'NONE',  ( -0.3081121116173938246, 1.310000000000000053, -1.743128034048955888 ) ) ;
#3704 = CARTESIAN_POINT ( 'NONE',  ( -0.2916319486438343489, 1.310000000000000053, -1.848767438346978098 ) ) ;
#3705 = CARTESIAN_POINT ( 'NONE',  ( -0.1689405145182395207, 1.300000000000000044, -1.758204523835003918 ) ) ;
#3706 = VECTOR ( 'NONE', #7230, 1000.000000000000000 ) ;
#3707 = DIRECTION ( 'NONE',  ( 9.351971403879836576E-15, -0.0000000000000000000, 1.000000000000000000 ) ) ;
#3708 = ORIENTED_EDGE ( 'NONE', *, *, #4806, .T. ) ;
#3709 = ORIENTED_EDGE ( 'NONE', *, *, #5982, .T. ) ;
#3710 = SURFACE_STYLE_FILL_AREA ( #1865 ) ;
#3711 = CARTESIAN_POINT ( 'NONE',  ( -0.5786571214431913690, 1.300000000000000044, -1.396680696331872085 ) ) ;
#3712 = DIRECTION ( 'NONE',  ( 7.752749528092233471E-15, -0.0000000000000000000, 1.000000000000000000 ) ) ;
#3713 = PRESENTATION_LAYER_ASSIGNMENT (  '', '', ( #979 ) ) ;
#3714 =( NAMED_UNIT ( * ) SI_UNIT ( $, .STERADIAN. ) SOLID_ANGLE_UNIT ( ) );
#3715 = SURFACE_STYLE_FILL_AREA ( #10138 ) ;
#3716 = CARTESIAN_POINT ( 'NONE',  ( -0.1657172649778616835, 1.300000000000000044, -1.551708601654118835 ) ) ;
#3717 = DIRECTION ( 'NONE',  ( 1.000000000000000000, 0.0000000000000000000, -6.338874234249406364E-15 ) ) ;
#3718 = CARTESIAN_POINT ( 'NONE',  ( -0.1160168365777151239, 1.310000000000000053, -1.856981525884834783 ) ) ;
#3719 = ORIENTED_EDGE ( 'NONE', *, *, #5994, .T. ) ;
#3720 = SURFACE_STYLE_FILL_AREA ( #10881 ) ;
#3721 = ORIENTED_EDGE ( 'NONE', *, *, #8524, .F. ) ;
#3722 = ORIENTED_EDGE ( 'NONE', *, *, #10280, .T. ) ;
#3723 = DIRECTION ( 'NONE',  ( -7.057494494354876064E-15, 0.0000000000000000000, -1.000000000000000000 ) ) ;
#3724 = B_SPLINE_CURVE_WITH_KNOTS ( 'NONE', 3,
 ( #6830, #8533, #9323, #8652 ),
 .UNSPECIFIED., .F., .F.,
 ( 4, 4 ),
 ( 20.00000000000000000, 21.00000000000000000 ),
 .UNSPECIFIED. ) ;
#3725 = DIRECTION ( 'NONE',  ( 1.000000000000000000, -0.0000000000000000000, -2.981400461857163762E-15 ) ) ;
#3726 = EDGE_LOOP ( 'NONE', ( #6654, #3491, #4376, #6069 ) ) ;
#3727 = DIRECTION ( 'NONE',  ( 1.000000000000000000, -0.0000000000000000000, -7.825477009640650244E-15 ) ) ;
#3728 = CARTESIAN_POINT ( 'NONE',  ( -0.1662371439361188530, 1.300000000000000044, -1.846168043554988980 ) ) ;
#3729 =( NAMED_UNIT ( * ) SI_UNIT ( $, .STERADIAN. ) SOLID_ANGLE_UNIT ( ) );
#3730 = LINE ( 'NONE', #8282, #5336 ) ;
#3731 = CARTESIAN_POINT ( 'NONE',  ( -0.1976116453627854430, -2.293309074294795469, 0.7301047761390191404 ) ) ;
#3732 = COLOUR_RGB ( '',0.2509803921568627416, 0.2509803921568627416, 0.2509803921568627416 ) ;
#3733 = FILL_AREA_STYLE_COLOUR ( '', #7348 ) ;
#3734 = EDGE_CURVE ( 'NONE', #4274, #6751, #3949, .T. ) ;
#3735 = PLANE ( 'NONE',  #2137 ) ;
#3736 = ORIENTED_EDGE ( 'NONE', *, *, #10524, .F. ) ;
#3737 = LINE ( 'NONE', #2618, #1882 ) ;
#3738 = DIRECTION ( 'NONE',  ( -8.243041988643191949E-15, -0.0000000000000000000, -1.000000000000000000 ) ) ;
#3739 = FILL_AREA_STYLE_COLOUR ( '', #7980 ) ;
#3740 = CARTESIAN_POINT ( 'NONE',  ( -0.3483507429787453535, 1.300000000000000044, -1.731586721177126087 ) ) ;
#3741 = CARTESIAN_POINT ( 'NONE',  ( -0.5637885832387815599, 1.310000000000000053, -1.383891673960499169 ) ) ;
#3742 = CARTESIAN_POINT ( 'NONE',  ( -0.5961250544382046268, 1.300000000000000044, -1.765274877666221709 ) ) ;
#3743 = FILL_AREA_STYLE_COLOUR ( '', #6456 ) ;
#3744 = CARTESIAN_POINT ( 'NONE',  ( -0.6688561206834825468, 1.310000000000000053, -1.788565454991518200 ) ) ;
#3745 = CARTESIAN_POINT ( 'NONE',  ( -0.1885919391364143105, 1.300000000000000044, -1.793868220364237542 ) ) ;
#3746 = EDGE_LOOP ( 'NONE', ( #3665, #9149, #9296, #6986 ) ) ;
#3747 = CARTESIAN_POINT ( 'NONE',  ( -0.4732256687281971574, 1.300000000000000044, -1.856045743761216338 ) ) ;
#3748 = B_SPLINE_CURVE_WITH_KNOTS ( 'NONE', 3,
 ( #1424, #2571, #11638, #8750 ),
 .UNSPECIFIED., .F., .F.,
 ( 4, 4 ),
 ( 17.00000000000000000, 18.00000000000000000 ),
 .UNSPECIFIED. ) ;
#3749 = LINE ( 'NONE', #1783, #1536 ) ;
#3750 = EDGE_CURVE ( 'NONE', #6264, #10481, #11876, .T. ) ;
#3751 = CARTESIAN_POINT ( 'NONE',  ( 0.7304283984399698726, -2.181297414302775906, 0.1968224543080442646 ) ) ;
#3752 = FILL_AREA_STYLE_COLOUR ( '', #9289 ) ;
#3753 = LINE ( 'NONE', #1115, #2283 ) ;
#3754 = CARTESIAN_POINT ( 'NONE',  ( 0.1787250486992051079, 1.310000000000000053, -1.778208403813768435 ) ) ;
#3755 = CARTESIAN_POINT ( 'NONE',  ( 0.5055181271853212976, 1.300000000000000044, -1.299586672418065136 ) ) ;
#3756 = SURFACE_STYLE_USAGE ( .BOTH. , #10307 ) ;
#3757 = B_SPLINE_CURVE_WITH_KNOTS ( 'NONE', 3,
 ( #4932, #9452, #5840, #11517 ),
 .UNSPECIFIED., .F., .F.,
 ( 4, 4 ),
 ( 5.000000000000000000, 6.000000000000000000 ),
 .UNSPECIFIED. ) ;
#3758 = VERTEX_POINT ( 'NONE', #10174 ) ;
#3759 = FILL_AREA_STYLE_COLOUR ( '', #4241 ) ;
#3760 = CARTESIAN_POINT ( 'NONE',  ( -0.006634303781056453270, 1.300000000000000044, -1.557531245985790402 ) ) ;
#3761 = CARTESIAN_POINT ( 'NONE',  ( 0.7137403018118727571, 1.310000000000000053, -1.801344231639346205 ) ) ;
#3762 = ORIENTED_EDGE ( 'NONE', *, *, #2260, .T. ) ;
#3763 = ORIENTED_EDGE ( 'NONE', *, *, #5186, .F. ) ;
#3764 = CARTESIAN_POINT ( 'NONE',  ( -1.520000000000000018, -0.2000000000000000111, -7.249999999999999112 ) ) ;
#3765 = SURFACE_SIDE_STYLE ('',( #4753 ) ) ;
#3766 = CARTESIAN_POINT ( 'NONE',  ( -0.1515765573154281010, 1.300000000000000044, -1.380668424420818718 ) ) ;
#3767 = CARTESIAN_POINT ( 'NONE',  ( -0.2744759430247430965, 1.310000000000000053, -1.549109206863515054 ) ) ;
#3768 = DIRECTION ( 'NONE',  ( -0.0000000000000000000, -1.000000000000000000, -0.0000000000000000000 ) ) ;
#3769 = LINE ( 'NONE', #3574, #11941 ) ;
#3770 = SURFACE_SIDE_STYLE ('',( #1870 ) ) ;
#3771 = EDGE_CURVE ( 'NONE', #11738, #7320, #11058, .T. ) ;
#3772 = CARTESIAN_POINT ( 'NONE',  ( 0.6240890862035279874, 1.310000000000000053, -1.817250013290828248 ) ) ;
#3773 =( LENGTH_UNIT ( ) NAMED_UNIT ( * ) SI_UNIT ( .MILLI., .METRE. ) );
#3774 = VERTEX_POINT ( 'NONE', #4539 ) ;
#3775 = PRESENTATION_STYLE_ASSIGNMENT (( #6805 ) ) ;
#3776 = ORIENTED_EDGE ( 'NONE', *, *, #2603, .T. ) ;
#3777 = ORIENTED_EDGE ( 'NONE', *, *, #3261, .T. ) ;
#3778 =( GEOMETRIC_REPRESENTATION_CONTEXT ( 3 ) GLOBAL_UNCERTAINTY_ASSIGNED_CONTEXT ( ( #10320 ) ) GLOBAL_UNIT_ASSIGNED_CONTEXT ( ( #4027, #10346, #6695 ) ) REPRESENTATION_CONTEXT ( 'NONE', 'WORKASPACE' ) );
#3779 = FILL_AREA_STYLE_COLOUR ( '', #936 ) ;
#3780 =( LENGTH_UNIT ( ) NAMED_UNIT ( * ) SI_UNIT ( .MILLI., .METRE. ) );
#3781 = VERTEX_POINT ( 'NONE', #7321 ) ;
#3782 = PLANE ( 'NONE',  #11969 ) ;
#3783 = UNCERTAINTY_MEASURE_WITH_UNIT (LENGTH_MEASURE( 1.000000000000000082E-05 ), #1530, 'distance_accuracy_value', 'NONE');
#3784 = LINE ( 'NONE', #1087, #7155 ) ;
#3785 =( NAMED_UNIT ( * ) PLANE_ANGLE_UNIT ( ) SI_UNIT ( $, .RADIAN. ) );
#3786 = CARTESIAN_POINT ( 'NONE',  ( 1.020000000000000018, -0.2000000000000000111, -7.249999999999999112 ) ) ;
#3787 = CARTESIAN_POINT ( 'NONE',  ( 0.3464595384217015739, 1.310000000000000053, -1.406589731314186187 ) ) ;
#3788 =( NAMED_UNIT ( * ) PLANE_ANGLE_UNIT ( ) SI_UNIT ( $, .RADIAN. ) );
#3789 = PRESENTATION_LAYER_ASSIGNMENT (  '', '', ( #6490 ) ) ;
#3790 = ORIENTED_EDGE ( 'NONE', *, *, #6217, .F. ) ;
#3791 = DIRECTION ( 'NONE',  ( -0.0000000000000000000, -1.000000000000000000, -0.0000000000000000000 ) ) ;
#3792 = CARTESIAN_POINT ( 'NONE',  ( -0.8525813444966419130, 1.310000000000000053, -1.851678760512114108 ) ) ;
#3793 = CARTESIAN_POINT ( 'NONE',  ( 0.2495784421214472248, 1.300000000000000044, -1.679881287246549615 ) ) ;
#3794 = SURFACE_STYLE_USAGE ( .BOTH. , #1897 ) ;
#3795 = DIRECTION ( 'NONE',  ( 1.000000000000000000, -0.0000000000000000000, -8.210589067460481754E-15 ) ) ;
#3796 = VECTOR ( 'NONE', #6055, 1000.000000000000000 ) ;
#3797 = EDGE_CURVE ( 'NONE', #8645, #9699, #6107, .T. ) ;
#3798 = STYLED_ITEM ( 'NONE', ( #6195 ), #4567 ) ;
#3799 = CARTESIAN_POINT ( 'NONE',  ( -0.8832542030290820856, 1.300000000000000044, -1.775880408413037737 ) ) ;
#3800 = CARTESIAN_POINT ( 'NONE',  ( 0.5778174857137977627, 1.310000000000000053, -1.299586672418065580 ) ) ;
#3801 = ORIENTED_EDGE ( 'NONE', *, *, #3592, .T. ) ;
#3802 = FILL_AREA_STYLE ('',( #3864 ) ) ;
#3803 = LINE ( 'NONE', #64, #7369 ) ;
#3804 = CARTESIAN_POINT ( 'NONE',  ( -0.3414363528354890098, 1.310000000000000053, -1.377549150671263600 ) ) ;
#3805 = CARTESIAN_POINT ( 'NONE',  ( 0.4216509374834165325, 1.310000000000000053, -1.792668275519048393 ) ) ;
#3806 = DIRECTION ( 'NONE',  ( 1.000000000000000000, -0.0000000000000000000, -7.825477009576042535E-15 ) ) ;
#3807 = VECTOR ( 'NONE', #4906, 1000.000000000000000 ) ;
#3808 = B_SPLINE_CURVE_WITH_KNOTS ( 'NONE', 3,
 ( #4417, #879, #8140, #6423 ),
 .UNSPECIFIED., .F., .F.,
 ( 4, 4 ),
 ( 1.000000000000000000, 2.000000000000000000 ),
 .UNSPECIFIED. ) ;
#3809 = CARTESIAN_POINT ( 'NONE',  ( -0.7734557670649858663, 1.310000000000000053, -1.856981525884830120 ) ) ;
#3810 = ORIENTED_EDGE ( 'NONE', *, *, #3176, .F. ) ;
#3811 = B_SPLINE_CURVE_WITH_KNOTS ( 'NONE', 3,
 ( #9534, #8632, #5792, #2135 ),
 .UNSPECIFIED., .F., .F.,
 ( 4, 4 ),
 ( 0.0000000000000000000, 1.000000000000000000 ),
 .UNSPECIFIED. ) ;
#3812 = UNCERTAINTY_MEASURE_WITH_UNIT (LENGTH_MEASURE( 1.000000000000000082E-05 ), #159, 'distance_accuracy_value', 'NONE');
#3813 = CARTESIAN_POINT ( 'NONE',  ( 1.021735571901198902, 1.310000000000000053, -1.808574112331950756 ) ) ;
#3814 = CARTESIAN_POINT ( 'NONE',  ( 0.3536895294343773144, 1.310000000000000053, -1.792668275519047727 ) ) ;
#3815 = CARTESIAN_POINT ( 'NONE',  ( -0.1711240061427868886, 1.310000000000000053, -1.396992623706414305 ) ) ;
#3816 = EDGE_CURVE ( 'NONE', #415, #9548, #5697, .T. ) ;
#3817 = VERTEX_POINT ( 'NONE', #7452 ) ;
#3818 = ORIENTED_EDGE ( 'NONE', *, *, #5608, .F. ) ;
#3819 = CARTESIAN_POINT ( 'NONE',  ( -1.897366596101027536, 1.300000000000000044, -2.250000000000000000 ) ) ;
#3820 = COLOUR_RGB ( '',1.000000000000000000, 1.000000000000000000, 1.000000000000000000 ) ;
#3821 = PRESENTATION_STYLE_ASSIGNMENT (( #8203 ) ) ;
#3822 = SURFACE_SIDE_STYLE ('',( #1072 ) ) ;
#3823 = CARTESIAN_POINT ( 'NONE',  ( -0.6285655014263669127, 1.300000000000000044, -1.484748191843367149 ) ) ;
#3824 = SURFACE_STYLE_FILL_AREA ( #7525 ) ;
#3825 = B_SPLINE_CURVE_WITH_KNOTS ( 'NONE', 3,
 ( #6465, #1599, #4603, #10173 ),
 .UNSPECIFIED., .F., .F.,
 ( 4, 4 ),
 ( 1.000000000000000000, 2.000000000000000000 ),
 .UNSPECIFIED. ) ;
#3826 =( LENGTH_UNIT ( ) NAMED_UNIT ( * ) SI_UNIT ( .MILLI., .METRE. ) );
#3827 = STYLED_ITEM ( 'NONE', ( #10022 ), #1349 ) ;
#3828 = AXIS2_PLACEMENT_3D ( 'NONE', #2684, #1890, #2017 ) ;
#3829 = EDGE_CURVE ( 'NONE', #2629, #5919, #10113, .T. ) ;
#3830 = ORIENTED_EDGE ( 'NONE', *, *, #8293, .F. ) ;
#3831 = FACE_OUTER_BOUND ( 'NONE', #4244, .T. ) ;
#3832 = ORIENTED_EDGE ( 'NONE', *, *, #10529, .T. ) ;
#3833 = ORIENTED_EDGE ( 'NONE', *, *, #5945, .F. ) ;
#3834 = DIRECTION ( 'NONE',  ( -0.0000000000000000000, -1.000000000000000000, -0.0000000000000000000 ) ) ;
#3835 = COLOUR_RGB ( '',1.000000000000000000, 1.000000000000000000, 1.000000000000000000 ) ;
#3836 = VERTEX_POINT ( 'NONE', #8376 ) ;
#3837 = PLANE ( 'NONE',  #4064 ) ;
#3838 = CIRCLE ( 'NONE', #4223, 2.299999999999999822 ) ;
#3839 = CARTESIAN_POINT ( 'NONE',  ( -0.7176727548557694236, 1.310000000000000053, -1.676791478987285089 ) ) ;
#3840 = EDGE_CURVE ( 'NONE', #477, #5420, #1187, .T. ) ;
#3841 = CARTESIAN_POINT ( 'NONE',  ( -0.1545918552727806872, 1.310000000000000053, -1.769849812498350827 ) ) ;
#3842 = CARTESIAN_POINT ( 'NONE',  ( -0.6285655014263664686, 1.310000000000000053, -1.453243526978823086 ) ) ;
#3843 = FILL_AREA_STYLE_COLOUR ( '', #2703 ) ;
#3844 = ADVANCED_FACE ( 'NONE', ( #6597 ), #9235, .F. ) ;
#3845 = EDGE_CURVE ( 'NONE', #1428, #3420, #8572, .T. ) ;
#3846 = DIRECTION ( 'NONE',  ( 0.0000000000000000000, -1.000000000000000000, 0.0000000000000000000 ) ) ;
#3847 = DIRECTION ( 'NONE',  ( -0.0000000000000000000, -1.000000000000000000, -0.0000000000000000000 ) ) ;
#3848 =( GEOMETRIC_REPRESENTATION_CONTEXT ( 3 ) GLOBAL_UNCERTAINTY_ASSIGNED_CONTEXT ( ( #2157 ) ) GLOBAL_UNIT_ASSIGNED_CONTEXT ( ( #3067, #3140, #10541 ) ) REPRESENTATION_CONTEXT ( 'NONE', 'WORKASPACE' ) );
#3849 = ORIENTED_EDGE ( 'NONE', *, *, #7229, .T. ) ;
#3850 = DIRECTION ( 'NONE',  ( 0.0000000000000000000, -0.0000000000000000000, -1.000000000000000000 ) ) ;
#3851 = CARTESIAN_POINT ( 'NONE',  ( -0.4487913576948704963, 1.310000000000000053, -1.906266051118935101 ) ) ;
#3852 = CARTESIAN_POINT ( 'NONE',  ( -0.5199627870660614715, 1.300000000000000044, -1.377549150671262490 ) ) ;
#3853 = VECTOR ( 'NONE', #3887, 1000.000000000000000 ) ;
#3854 = COLOUR_RGB ( '',1.000000000000000000, 1.000000000000000000, 1.000000000000000000 ) ;
#3855 = CARTESIAN_POINT ( 'NONE',  ( -0.1564634195227937452, 1.310000000000000053, -1.798339179404846666 ) ) ;
#3856 = PRESENTATION_LAYER_ASSIGNMENT (  '', '', ( #11404 ) ) ;
#3857 =( GEOMETRIC_REPRESENTATION_CONTEXT ( 3 ) GLOBAL_UNCERTAINTY_ASSIGNED_CONTEXT ( ( #1720 ) ) GLOBAL_UNIT_ASSIGNED_CONTEXT ( ( #11108, #6472, #6352 ) ) REPRESENTATION_CONTEXT ( 'NONE', 'WORKASPACE' ) );
#3858 = LINE ( 'NONE', #11258, #8479 ) ;
#3859 = VECTOR ( 'NONE', #9112, 1000.000000000000000 ) ;
#3860 = CARTESIAN_POINT ( 'NONE',  ( -0.8525813444966419130, 1.300000000000000044, -1.851678760512114108 ) ) ;
#3861 = VECTOR ( 'NONE', #9291, 1000.000000000000000 ) ;
#3862 = FACE_OUTER_BOUND ( 'NONE', #10021, .T. ) ;
#3863 = ORIENTED_EDGE ( 'NONE', *, *, #3524, .T. ) ;
#3864 = FILL_AREA_STYLE_COLOUR ( '', #3079 ) ;
#3865 = STYLED_ITEM ( 'NONE', ( #4503 ), #4055 ) ;
#3866 = DIRECTION ( 'NONE',  ( 0.0000000000000000000, 0.0000000000000000000, -1.000000000000000000 ) ) ;
#3867 = VECTOR ( 'NONE', #3360, 1000.000000000000000 ) ;
#3868 = ORIENTED_EDGE ( 'NONE', *, *, #7842, .T. ) ;
#3869 = COLOUR_RGB ( '',1.000000000000000000, 1.000000000000000000, 1.000000000000000000 ) ;
#3870 = SURFACE_SIDE_STYLE ('',( #2212 ) ) ;
#3871 = ORIENTED_EDGE ( 'NONE', *, *, #8947, .T. ) ;
#3872 =( NAMED_UNIT ( * ) PLANE_ANGLE_UNIT ( ) SI_UNIT ( $, .RADIAN. ) );
#3873 = DIRECTION ( 'NONE',  ( 0.9910683662997861187, 0.0000000000000000000, -0.1333547648937709051 ) ) ;
#3874 = SURFACE_STYLE_USAGE ( .BOTH. , #9379 ) ;
#3875 = VECTOR ( 'NONE', #2652, 1000.000000000000000 ) ;
#3876 = PRESENTATION_LAYER_ASSIGNMENT (  '', '', ( #153 ) ) ;
#3877 = MECHANICAL_DESIGN_GEOMETRIC_PRESENTATION_REPRESENTATION (  '', ( #2309 ), #9664 ) ;
#3878 = VECTOR ( 'NONE', #6957, 1000.000000000000000 ) ;
#3879 = SURFACE_STYLE_USAGE ( .BOTH. , #5759 ) ;
#3880 =( NAMED_UNIT ( * ) SI_UNIT ( $, .STERADIAN. ) SOLID_ANGLE_UNIT ( ) );
#3881 = CARTESIAN_POINT ( 'NONE',  ( -0.03288819116795105996, 1.310000000000000053, -1.765274877666225706 ) ) ;
#3882 = VERTEX_POINT ( 'NONE', #5729 ) ;
#3883 = CARTESIAN_POINT ( 'NONE',  ( -0.9841627088063191753, 1.310000000000000053, -1.708919998602292711 ) ) ;
#3884 = STYLED_ITEM ( 'NONE', ( #6167 ), #9158 ) ;
#3885 = PRESENTATION_LAYER_ASSIGNMENT (  '', '', ( #2315 ) ) ;
#3886 = CARTESIAN_POINT ( 'NONE',  ( 1.020000000000000018, 0.2000000000000000111, -7.249999999999999112 ) ) ;
#3887 = DIRECTION ( 'NONE',  ( 1.000000000000000000, 0.0000000000000000000, 0.0000000000000000000 ) ) ;
#3888 = EDGE_LOOP ( 'NONE', ( #841, #3687, #7655, #519 ) ) ;
#3889 = EDGE_LOOP ( 'NONE', ( #2372, #10191, #10487, #699, #11435, #10936 ) ) ;
#3890 = AXIS2_PLACEMENT_3D ( 'NONE', #913, #11008, #6568 ) ;
#3891 = CARTESIAN_POINT ( 'NONE',  ( -0.1319771205930077296, 1.300000000000000044, -1.400631776413535867 ) ) ;
#3892 = UNCERTAINTY_MEASURE_WITH_UNIT (LENGTH_MEASURE( 1.000000000000000082E-05 ), #2365, 'distance_accuracy_value', 'NONE');
#3893 = UNCERTAINTY_MEASURE_WITH_UNIT (LENGTH_MEASURE( 1.000000000000000082E-05 ), #6752, 'distance_accuracy_value', 'NONE');
#3894 = STYLED_ITEM ( 'NONE', ( #6194 ), #10499 ) ;
#3895 = CARTESIAN_POINT ( 'NONE',  ( -0.5978926428953125205, 1.300000000000000044, -1.529041879079284350 ) ) ;
#3896 =( NAMED_UNIT ( * ) SI_UNIT ( $, .STERADIAN. ) SOLID_ANGLE_UNIT ( ) );
#3897 = CARTESIAN_POINT ( 'NONE',  ( -0.2265431030823970848, 1.310000000000000053, -1.374429876923095817 ) ) ;
#3898 = EDGE_CURVE ( 'NONE', #11636, #4545, #7546, .T. ) ;
#3899 = PRESENTATION_LAYER_ASSIGNMENT (  '', '', ( #10299 ) ) ;
#3900 =( NAMED_UNIT ( * ) SI_UNIT ( $, .STERADIAN. ) SOLID_ANGLE_UNIT ( ) );
#3901 = ORIENTED_EDGE ( 'NONE', *, *, #8841, .T. ) ;
#3902 = SURFACE_STYLE_FILL_AREA ( #9527 ) ;
#3903 = ORIENTED_EDGE ( 'NONE', *, *, #5322, .F. ) ;
#3904 = ORIENTED_EDGE ( 'NONE', *, *, #4439, .F. ) ;
#3905 = DIRECTION ( 'NONE',  ( -0.0000000000000000000, -0.0000000000000000000, 1.000000000000000000 ) ) ;
#3906 = DIRECTION ( 'NONE',  ( -1.000000000000000000, 0.0000000000000000000, 7.463408671483702769E-15 ) ) ;
#3907 = ORIENTED_EDGE ( 'NONE', *, *, #10664, .T. ) ;
#3908 = SURFACE_SIDE_STYLE ('',( #8344 ) ) ;
#3909 = FACE_OUTER_BOUND ( 'NONE', #11265, .T. ) ;
#3910 = AXIS2_PLACEMENT_3D ( 'NONE', #3772, #7603, #10379 ) ;
#3911 = FACE_OUTER_BOUND ( 'NONE', #8109, .T. ) ;
#3912 = CARTESIAN_POINT ( 'NONE',  ( -1.027780553396013374, 1.310000000000000053, -1.824541078896672497 ) ) ;
#3913 = DIRECTION ( 'NONE',  ( -0.0000000000000000000, -1.000000000000000000, -0.0000000000000000000 ) ) ;
#3914 =( LENGTH_UNIT ( ) NAMED_UNIT ( * ) SI_UNIT ( .MILLI., .METRE. ) );
#3915 = EDGE_CURVE ( 'NONE', #5919, #5616, #9474, .T. ) ;
#3916 = LINE ( 'NONE', #10394, #10059 ) ;
#3917 = CARTESIAN_POINT ( 'NONE',  ( 0.8265272625043550425, 1.300000000000000044, -1.418157617646961022 ) ) ;
#3918 =( LENGTH_UNIT ( ) NAMED_UNIT ( * ) SI_UNIT ( .MILLI., .METRE. ) );
#3919 = ORIENTED_EDGE ( 'NONE', *, *, #1458, .F. ) ;
#3920 = FILL_AREA_STYLE_COLOUR ( '', #9210 ) ;
#3921 = FACE_OUTER_BOUND ( 'NONE', #3581, .T. ) ;
#3922 = FILL_AREA_STYLE ('',( #5864 ) ) ;
#3923 = ORIENTED_EDGE ( 'NONE', *, *, #8745, .F. ) ;
#3924 = CARTESIAN_POINT ( 'NONE',  ( -0.4314793883885169046, 1.310000000000000053, -1.734913946509704985 ) ) ;
#3925 =( NAMED_UNIT ( * ) PLANE_ANGLE_UNIT ( ) SI_UNIT ( $, .RADIAN. ) );
#3926 =( LENGTH_UNIT ( ) NAMED_UNIT ( * ) SI_UNIT ( .MILLI., .METRE. ) );
#3927 = EDGE_CURVE ( 'NONE', #9020, #8701, #3784, .T. ) ;
#3928 = VERTEX_POINT ( 'NONE', #3839 ) ;
#3929 = FACE_OUTER_BOUND ( 'NONE', #8686, .T. ) ;
#3930 = EDGE_CURVE ( 'NONE', #4016, #5394, #7616, .T. ) ;
#3931 = ORIENTED_EDGE ( 'NONE', *, *, #8406, .T. ) ;
#3932 = CARTESIAN_POINT ( 'NONE',  ( -0.1497569809625637904, 1.300000000000000044, -1.432552344444132153 ) ) ;
#3933 = ORIENTED_EDGE ( 'NONE', *, *, #11391, .T. ) ;
#3934 = SURFACE_SIDE_STYLE ('',( #2822 ) ) ;
#3935 = FACE_OUTER_BOUND ( 'NONE', #5898, .T. ) ;
#3936 = CARTESIAN_POINT ( 'NONE',  ( -0.3827667300091260327, 1.300000000000000044, -1.762779458667128596 ) ) ;
#3937 = FILL_AREA_STYLE_COLOUR ( '', #6972 ) ;
#3938 = LINE ( 'NONE', #11459, #10241 ) ;
#3939 = ORIENTED_EDGE ( 'NONE', *, *, #1520, .F. ) ;
#3940 = LINE ( 'NONE', #2103, #10451 ) ;
#3941 = CARTESIAN_POINT ( 'NONE',  ( -0.7283822613927150025, 1.300000000000000044, -1.391066003583226740 ) ) ;
#3942 = ORIENTED_EDGE ( 'NONE', *, *, #1128, .T. ) ;
#3943 = SURFACE_SIDE_STYLE ('',( #4986 ) ) ;
#3944 = LINE ( 'NONE', #7657, #10642 ) ;
#3945 = FACE_OUTER_BOUND ( 'NONE', #11702, .T. ) ;
#3946 = SURFACE_STYLE_USAGE ( .BOTH. , #3091 ) ;
#3947 = SURFACE_SIDE_STYLE ('',( #3023 ) ) ;
#3948 = CARTESIAN_POINT ( 'NONE',  ( -0.7730918517946856472, 1.300000000000000044, -1.501904197462452295 ) ) ;
#3949 = B_SPLINE_CURVE_WITH_KNOTS ( 'NONE', 3,
 ( #4605, #9142, #3609, #4737 ),
 .UNSPECIFIED., .F., .F.,
 ( 4, 4 ),
 ( 19.00000000000000000, 20.00000000000000000 ),
 .UNSPECIFIED. ) ;
#3950 = CARTESIAN_POINT ( 'NONE',  ( -0.2219681682502721298, 1.310000000000000053, -1.537567893993073476 ) ) ;
#3951 = ORIENTED_EDGE ( 'NONE', *, *, #2718, .F. ) ;
#3952 = EDGE_LOOP ( 'NONE', ( #1453, #2128, #10804, #11418 ) ) ;
#3953 = ORIENTED_EDGE ( 'NONE', *, *, #2891, .T. ) ;
#3954 = SURFACE_STYLE_USAGE ( .BOTH. , #10454 ) ;
#3955 = B_SPLINE_CURVE_WITH_KNOTS ( 'NONE', 3,
 ( #7192, #8994, #3544, #671 ),
 .UNSPECIFIED., .F., .F.,
 ( 4, 4 ),
 ( 22.00000000000000000, 23.00000000000000000 ),
 .UNSPECIFIED. ) ;
#3956 = LINE ( 'NONE', #11353, #5148 ) ;
#3957 = ORIENTED_EDGE ( 'NONE', *, *, #11320, .F. ) ;
#3958 = CARTESIAN_POINT ( 'NONE',  ( -0.4029900214813191273, 1.310000000000000053, -1.734913946509705207 ) ) ;
#3959 =( LENGTH_UNIT ( ) NAMED_UNIT ( * ) SI_UNIT ( .MILLI., .METRE. ) );
#3960 = PRESENTATION_STYLE_ASSIGNMENT (( #2856 ) ) ;
#3961 =( NAMED_UNIT ( * ) PLANE_ANGLE_UNIT ( ) SI_UNIT ( $, .RADIAN. ) );
#3962 = CARTESIAN_POINT ( 'NONE',  ( -0.8556486303490521417, 1.310000000000000053, -1.776608238953634400 ) ) ;
#3963 = DIRECTION ( 'NONE',  ( -0.0000000000000000000, 1.000000000000000000, -0.0000000000000000000 ) ) ;
#3964 = EDGE_CURVE ( 'NONE', #9958, #10382, #2200, .T. ) ;
#3965 = B_SPLINE_SURFACE_WITH_KNOTS ( 'NONE', 3, 1, ( 
 ( #4193, #10393 ),
 ( #3168, #6926 ),
 ( #11359, #5120 ),
 ( #11535, #7900 ) ),
 .UNSPECIFIED., .F., .F., .F.,
 ( 4, 4 ),
 ( 2, 2 ),
 ( 16.00000000000000000, 17.00000000000000000 ),
 ( 0.0000000000000000000, 1.000000000000000000 ),
 .UNSPECIFIED. ) ;
#3966 = UNCERTAINTY_MEASURE_WITH_UNIT (LENGTH_MEASURE( 1.000000000000000082E-05 ), #10857, 'distance_accuracy_value', 'NONE');
#3967 = CARTESIAN_POINT ( 'NONE',  ( -0.4182744628510884910, 1.300000000000000044, -1.948584198313327409 ) ) ;
#3968 = B_SPLINE_CURVE_WITH_KNOTS ( 'NONE', 3,
 ( #4303, #11562, #3255, #7829 ),
 .UNSPECIFIED., .F., .F.,
 ( 4, 4 ),
 ( 6.000000000000000000, 7.000000000000000000 ),
 .UNSPECIFIED. ) ;
#3969 = B_SPLINE_CURVE_WITH_KNOTS ( 'NONE', 3,
 ( #7346, #5664, #4759, #6311 ),
 .UNSPECIFIED., .F., .F.,
 ( 4, 4 ),
 ( 4.000000000000000000, 5.000000000000000000 ),
 .UNSPECIFIED. ) ;
#3970 = CARTESIAN_POINT ( 'NONE',  ( -0.3028613341397398684, 1.300000000000000044, -1.880688006377570831 ) ) ;
#3971 = SURFACE_STYLE_FILL_AREA ( #11490 ) ;
#3972 = ORIENTED_EDGE ( 'NONE', *, *, #624, .T. ) ;
#3973 = EDGE_CURVE ( 'NONE', #1785, #8798, #11356, .T. ) ;
#3974 = COLOUR_RGB ( '',1.000000000000000000, 1.000000000000000000, 1.000000000000000000 ) ;
#3975 = SURFACE_SIDE_STYLE ('',( #1171 ) ) ;
#3976 = ORIENTED_EDGE ( 'NONE', *, *, #7479, .F. ) ;
#3977 = FACE_OUTER_BOUND ( 'NONE', #8357, .T. ) ;
#3978 = EDGE_CURVE ( 'NONE', #9277, #9633, #8729, .T. ) ;
#3979 = CARTESIAN_POINT ( 'NONE',  ( 0.4187589521102142442, 1.300000000000000044, -1.792668275519048393 ) ) ;
#3980 = FACE_OUTER_BOUND ( 'NONE', #4198, .T. ) ;
#3981 = ADVANCED_FACE ( 'NONE', ( #3909 ), #9358, .F. ) ;
#3982 = LINE ( 'NONE', #7634, #4251 ) ;
#3983 = ORIENTED_EDGE ( 'NONE', *, *, #3364, .T. ) ;
#3984 =( LENGTH_UNIT ( ) NAMED_UNIT ( * ) SI_UNIT ( .MILLI., .METRE. ) );
#3985 = FACE_OUTER_BOUND ( 'NONE', #927, .T. ) ;
#3986 = CARTESIAN_POINT ( 'NONE',  ( -0.2917879123311052370, 1.300000000000000044, -1.783054738035770637 ) ) ;
#3987 = ORIENTED_EDGE ( 'NONE', *, *, #11330, .T. ) ;
#3988 = UNCERTAINTY_MEASURE_WITH_UNIT (LENGTH_MEASURE( 1.000000000000000082E-05 ), #143, 'distance_accuracy_value', 'NONE');
#3989 = CARTESIAN_POINT ( 'NONE',  ( -0.1568793226888454129, 1.300000000000000044, -1.412173089285363670 ) ) ;
#3990 = ORIENTED_EDGE ( 'NONE', *, *, #5164, .F. ) ;
#3991 = CARTESIAN_POINT ( 'NONE',  ( 0.3811632525793582915, 1.300000000000000044, -1.374778009425431158 ) ) ;
#3992 = PLANE ( 'NONE',  #6750 ) ;
#3993 = ADVANCED_FACE ( 'NONE', ( #3276 ), #7725, .T. ) ;
#3994 = SURFACE_STYLE_FILL_AREA ( #265 ) ;
#3995 = EDGE_CURVE ( 'NONE', #3233, #3434, #5000, .T. ) ;
#3996 =( GEOMETRIC_REPRESENTATION_CONTEXT ( 3 ) GLOBAL_UNCERTAINTY_ASSIGNED_CONTEXT ( ( #8495 ) ) GLOBAL_UNIT_ASSIGNED_CONTEXT ( ( #9590, #8145, #8076 ) ) REPRESENTATION_CONTEXT ( 'NONE', 'WORKASPACE' ) );
#3997 = CARTESIAN_POINT ( 'NONE',  ( 1.897366596101027536, 1.300000000000000044, 2.250000000000000000 ) ) ;
#3999 = ORIENTED_EDGE ( 'NONE', *, *, #10529, .F. ) ;
#3998 = MECHANICAL_DESIGN_GEOMETRIC_PRESENTATION_REPRESENTATION (  '', ( #3589 ), #6305 ) ;
#4000 = CARTESIAN_POINT ( 'NONE',  ( -0.006634303781055223351, 1.300000000000000044, -1.354154597554456219 ) ) ;
#4001 = CARTESIAN_POINT ( 'NONE',  ( -0.7271345518931688900, 1.300000000000000044, -1.394393228915806304 ) ) ;
#4002 = VERTEX_POINT ( 'NONE', #419 ) ;
#4003 = VERTEX_POINT ( 'NONE', #8854 ) ;
#4004 = FILL_AREA_STYLE ('',( #5710 ) ) ;
#4005 = CARTESIAN_POINT ( 'NONE',  ( -0.006634303781056453270, 1.310000000000000053, -1.557531245985790402 ) ) ;
#4006 = UNCERTAINTY_MEASURE_WITH_UNIT (LENGTH_MEASURE( 1.000000000000000082E-05 ), #10705, 'distance_accuracy_value', 'NONE');
#4007 = COLOUR_RGB ( '',1.000000000000000000, 1.000000000000000000, 1.000000000000000000 ) ;
#4008 =( NAMED_UNIT ( * ) PLANE_ANGLE_UNIT ( ) SI_UNIT ( $, .RADIAN. ) );
#4009 = PLANE ( 'NONE',  #8120 ) ;
#4010 = FILL_AREA_STYLE ('',( #223 ) ) ;
#4011 =( NAMED_UNIT ( * ) SI_UNIT ( $, .STERADIAN. ) SOLID_ANGLE_UNIT ( ) );
#4012 = SURFACE_STYLE_FILL_AREA ( #5781 ) ;
#4013 = ORIENTED_EDGE ( 'NONE', *, *, #1736, .T. ) ;
#4014 = CARTESIAN_POINT ( 'NONE',  ( -0.4132316369571542025, 1.300000000000000044, -1.925813499945592699 ) ) ;
#4015 = ORIENTED_EDGE ( 'NONE', *, *, #9901, .T. ) ;
#4016 = VERTEX_POINT ( 'NONE', #4191 ) ;
#4017 = CARTESIAN_POINT ( 'NONE',  ( -0.1497569809625639847, 1.310000000000000053, -1.482460724427307364 ) ) ;
#4018 = ADVANCED_FACE ( 'NONE', ( #8690 ), #4333, .F. ) ;
#4019 = DIRECTION ( 'NONE',  ( 1.556335539511384660E-14, 0.0000000000000000000, 1.000000000000000000 ) ) ;
#4020 = FILL_AREA_STYLE ('',( #2307 ) ) ;
#4021 = CARTESIAN_POINT ( 'NONE',  ( -0.2316379168720961723, 1.310000000000000053, -1.787837624449537532 ) ) ;
#4022 =( LENGTH_UNIT ( ) NAMED_UNIT ( * ) SI_UNIT ( .MILLI., .METRE. ) );
#4023 = CARTESIAN_POINT ( 'NONE',  ( -0.3303629310268647590, 1.310000000000000053, -1.816326991357427589 ) ) ;
#4024 = PRESENTATION_LAYER_ASSIGNMENT (  '', '', ( #5569 ) ) ;
#4025 = SURFACE_STYLE_FILL_AREA ( #1093 ) ;
#4026 = ORIENTED_EDGE ( 'NONE', *, *, #1078, .T. ) ;
#4027 =( LENGTH_UNIT ( ) NAMED_UNIT ( * ) SI_UNIT ( .MILLI., .METRE. ) );
#4028 = CARTESIAN_POINT ( 'NONE',  ( -0.2744759430247430965, 1.300000000000000044, -1.549109206863514832 ) ) ;
#4029 = CARTESIAN_POINT ( 'NONE',  ( -0.5189230291509292492, 1.310000000000000053, -1.557531245985787072 ) ) ;
#4030 = VECTOR ( 'NONE', #2990, 1000.000000000000000 ) ;
#4031 = ORIENTED_EDGE ( 'NONE', *, *, #3429, .F. ) ;
#4032 = PRESENTATION_STYLE_ASSIGNMENT (( #11370 ) ) ;
#4033 = CARTESIAN_POINT ( 'NONE',  ( -0.6688561206834825468, 1.310000000000000053, -1.788565454991518200 ) ) ;
#4034 = AXIS2_PLACEMENT_3D ( 'NONE', #6491, #1020, #11998 ) ;
#4035 =( NAMED_UNIT ( * ) SI_UNIT ( $, .STERADIAN. ) SOLID_ANGLE_UNIT ( ) );
#4036 = EDGE_CURVE ( 'NONE', #4366, #2156, #5964, .T. ) ;
#4037 = VECTOR ( 'NONE', #503, 1000.000000000000000 ) ;
#4038 =( NAMED_UNIT ( * ) SI_UNIT ( $, .STERADIAN. ) SOLID_ANGLE_UNIT ( ) );
#4039 = ORIENTED_EDGE ( 'NONE', *, *, #5643, .F. ) ;
#4040 = EDGE_CURVE ( 'NONE', #9947, #5656, #3165, .T. ) ;
#4041 = FILL_AREA_STYLE ('',( #9430 ) ) ;
#4042 = LINE ( 'NONE', #11551, #5236 ) ;
#4043 = ORIENTED_EDGE ( 'NONE', *, *, #9949, .T. ) ;
#4044 = VECTOR ( 'NONE', #10333, 1000.000000000000000 ) ;
#4045 = CARTESIAN_POINT ( 'NONE',  ( -0.5160117069857841354, 1.310000000000000053, -1.734913946509704541 ) ) ;
#4046 = ORIENTED_EDGE ( 'NONE', *, *, #7611, .F. ) ;
#4047 = FILL_AREA_STYLE ('',( #7930 ) ) ;
#4048 = COLOUR_RGB ( '',1.000000000000000000, 1.000000000000000000, 1.000000000000000000 ) ;
#4049 = CARTESIAN_POINT ( 'NONE',  ( -0.2262831636029221938, 1.310000000000000053, -1.350723396430359990 ) ) ;
#4050 =( NAMED_UNIT ( * ) PLANE_ANGLE_UNIT ( ) SI_UNIT ( $, .RADIAN. ) );
#4051 = COLOUR_RGB ( '',1.000000000000000000, 1.000000000000000000, 1.000000000000000000 ) ;
#4052 = CARTESIAN_POINT ( 'NONE',  ( -0.3827667300091259217, 1.310000000000000053, -1.738033220259265654 ) ) ;
#4053 = STYLED_ITEM ( 'NONE', ( #6716 ), #5373 ) ;
#4054 = PRESENTATION_STYLE_ASSIGNMENT (( #5879 ) ) ;
#4055 = ADVANCED_FACE ( 'NONE', ( #8081 ), #11580, .F. ) ;
#4056 = ORIENTED_EDGE ( 'NONE', *, *, #7596, .F. ) ;
#4057 = FILL_AREA_STYLE ('',( #7587 ) ) ;
#4058 = B_SPLINE_CURVE_WITH_KNOTS ( 'NONE', 3,
 ( #9544, #1221, #429, #2147 ),
 .UNSPECIFIED., .F., .F.,
 ( 4, 4 ),
 ( 2.000000000000000000, 3.000000000000000000 ),
 .UNSPECIFIED. ) ;
#4059 = PRESENTATION_LAYER_ASSIGNMENT (  '', '', ( #10044 ) ) ;
#4060 = CARTESIAN_POINT ( 'NONE',  ( 0.4303267832829452133, 1.310000000000000053, -1.880873470861115004 ) ) ;
#4061 = CARTESIAN_POINT ( 'NONE',  ( 0.5778174857137977627, 1.310000000000000053, -1.299586672418065580 ) ) ;
#4062 = ADVANCED_FACE ( 'NONE', ( #1621 ), #621, .F. ) ;
#4063 = STYLED_ITEM ( 'NONE', ( #1157 ), #3981 ) ;
#4064 = AXIS2_PLACEMENT_3D ( 'NONE', #6019, #3035, #3111 ) ;
#4065 = VERTEX_POINT ( 'NONE', #2654 ) ;
#4066 = PLANE ( 'NONE',  #208 ) ;
#4067 =( GEOMETRIC_REPRESENTATION_CONTEXT ( 3 ) GLOBAL_UNCERTAINTY_ASSIGNED_CONTEXT ( ( #10440 ) ) GLOBAL_UNIT_ASSIGNED_CONTEXT ( ( #6326, #9483, #4903 ) ) REPRESENTATION_CONTEXT ( 'NONE', 'WORKASPACE' ) );
#4068 = CARTESIAN_POINT ( 'NONE',  ( 0.8004995320456282926, 1.310000000000000053, -1.889549482140071346 ) ) ;
#4069 =( GEOMETRIC_REPRESENTATION_CONTEXT ( 3 ) GLOBAL_UNCERTAINTY_ASSIGNED_CONTEXT ( ( #3363 ) ) GLOBAL_UNIT_ASSIGNED_CONTEXT ( ( #3495, #3555, #9010 ) ) REPRESENTATION_CONTEXT ( 'NONE', 'WORKASPACE' ) );
#4070 = B_SPLINE_SURFACE_WITH_KNOTS ( 'NONE', 3, 1, ( 
 ( #11030, #8 ),
 ( #7447, #2819 ),
 ( #10229, #6519 ),
 ( #5635, #9328 ) ),
 .UNSPECIFIED., .F., .F., .F.,
 ( 4, 4 ),
 ( 2, 2 ),
 ( 3.000000000000000000, 4.000000000000000000 ),
 ( 0.0000000000000000000, 1.000000000000000000 ),
 .UNSPECIFIED. ) ;
#4071 = CARTESIAN_POINT ( 'NONE',  ( -0.2571119858219441112, 1.310000000000000053, -1.786693890742894641 ) ) ;
#4072 = B_SPLINE_CURVE_WITH_KNOTS ( 'NONE', 3,
 ( #5913, #10400, #9651, #5011 ),
 .UNSPECIFIED., .F., .F.,
 ( 4, 4 ),
 ( 7.000000000000000000, 8.000000000000000000 ),
 .UNSPECIFIED. ) ;
#4073 = PRESENTATION_STYLE_ASSIGNMENT (( #3946 ) ) ;
#4074 = ADVANCED_FACE ( 'NONE', ( #10072 ), #9935, .F. ) ;
#4075 = ADVANCED_FACE ( 'NONE', ( #3945 ), #4807, .T. ) ;
#4076 = SURFACE_STYLE_FILL_AREA ( #2230 ) ;
#4077 = CARTESIAN_POINT ( 'NONE',  ( 0.7253081605639314366, 1.300000000000000044, -1.685665175252899495 ) ) ;
#4078 = STYLED_ITEM ( 'NONE', ( #1308 ), #4183 ) ;
#4079 = VECTOR ( 'NONE', #10552, 1000.000000000000000 ) ;
#4080 = EDGE_CURVE ( 'NONE', #10361, #2629, #6535, .T. ) ;
#4081 = MECHANICAL_DESIGN_GEOMETRIC_PRESENTATION_REPRESENTATION (  '', ( #9300 ), #4463 ) ;
#4082 = VECTOR ( 'NONE', #4977, 1000.000000000000000 ) ;
#4083 = SURFACE_STYLE_FILL_AREA ( #3097 ) ;
#4084 =( LENGTH_UNIT ( ) NAMED_UNIT ( * ) SI_UNIT ( .MILLI., .METRE. ) );
#4085 = FACE_OUTER_BOUND ( 'NONE', #7464, .T. ) ;
#4086 = VERTEX_POINT ( 'NONE', #2841 ) ;
#4087 = ADVANCED_FACE ( 'NONE', ( #11993 ), #10261, .F. ) ;
#4088 = CARTESIAN_POINT ( 'NONE',  ( -0.2407357986398914185, 1.310000000000000053, -1.560962447109883522 ) ) ;
#4089 = ORIENTED_EDGE ( 'NONE', *, *, #4341, .F. ) ;
#4090 = ORIENTED_EDGE ( 'NONE', *, *, #6585, .T. ) ;
#4091 = COLOUR_RGB ( '',1.000000000000000000, 1.000000000000000000, 1.000000000000000000 ) ;
#4092 = LINE ( 'NONE', #2131, #8896 ) ;
#4093 =( LENGTH_UNIT ( ) NAMED_UNIT ( * ) SI_UNIT ( .MILLI., .METRE. ) );
#4094 = STYLED_ITEM ( 'NONE', ( #4331 ), #10220 ) ;
#4095 = SURFACE_SIDE_STYLE ('',( #10389 ) ) ;
#4096 =( NAMED_UNIT ( * ) SI_UNIT ( $, .STERADIAN. ) SOLID_ANGLE_UNIT ( ) );
#4097 = FILL_AREA_STYLE_COLOUR ( '', #3349 ) ;
#4098 = SURFACE_STYLE_FILL_AREA ( #354 ) ;
#4099 = CARTESIAN_POINT ( 'NONE',  ( -0.1222033961796836626, 1.310000000000000053, -1.490154933008988491 ) ) ;
#4100 = VECTOR ( 'NONE', #8882, 1000.000000000000000 ) ;
#4101 =( NAMED_UNIT ( * ) SI_UNIT ( $, .STERADIAN. ) SOLID_ANGLE_UNIT ( ) );
#4102 = ORIENTED_EDGE ( 'NONE', *, *, #1410, .T. ) ;
#4103 = FACE_OUTER_BOUND ( 'NONE', #3889, .T. ) ;
#4104 = CARTESIAN_POINT ( 'NONE',  ( -1.019670441649668469, 1.310000000000000053, -1.801562428945911121 ) ) ;
#4105 = CARTESIAN_POINT ( 'NONE',  ( 1.520000000000000018, -0.2000000000000000111, -2.250000000000000000 ) ) ;
#4106 = VERTEX_POINT ( 'NONE', #2227 ) ;
#4107 = FILL_AREA_STYLE ('',( #5866 ) ) ;
#4108 = CARTESIAN_POINT ( 'NONE',  ( 0.5763715206068691366, 1.310000000000000053, -1.386345902652514672 ) ) ;
#4109 = EDGE_CURVE ( 'NONE', #6496, #2264, #10314, .T. ) ;
#4110 = DIRECTION ( 'NONE',  ( -1.000000000000000000, -0.0000000000000000000, 5.962800923658062020E-15 ) ) ;
#4111 = VECTOR ( 'NONE', #880, 1000.000000000000000 ) ;
#4112 = ORIENTED_EDGE ( 'NONE', *, *, #10524, .T. ) ;
#4113 = SURFACE_SIDE_STYLE ('',( #5922 ) ) ;
#4114 = CARTESIAN_POINT ( 'NONE',  ( -0.03288819116795062281, 1.310000000000000053, -1.700186032104098688 ) ) ;
#4115 = VERTEX_POINT ( 'NONE', #6004 ) ;
#4116 = UNCERTAINTY_MEASURE_WITH_UNIT (LENGTH_MEASURE( 1.000000000000000082E-05 ), #10983, 'distance_accuracy_value', 'NONE');
#4117 = PRESENTATION_STYLE_ASSIGNMENT (( #6226 ) ) ;
#4118 = CARTESIAN_POINT ( 'NONE',  ( -0.8482143612475412375, 1.310000000000000053, -1.732106600136071872 ) ) ;
#4119 = VECTOR ( 'NONE', #9090, 1000.000000000000000 ) ;
#4120 = PRESENTATION_LAYER_ASSIGNMENT (  '', '', ( #9909 ) ) ;
#4121 = FACE_OUTER_BOUND ( 'NONE', #9750, .T. ) ;
#4122 = SURFACE_STYLE_FILL_AREA ( #3007 ) ;
#4123 = ORIENTED_EDGE ( 'NONE', *, *, #9374, .T. ) ;
#4124 = PRESENTATION_STYLE_ASSIGNMENT (( #11719 ) ) ;
#4125 = EDGE_CURVE ( 'NONE', #4765, #6722, #11518, .T. ) ;
#4126 = UNCERTAINTY_MEASURE_WITH_UNIT (LENGTH_MEASURE( 1.000000000000000082E-05 ), #2377, 'distance_accuracy_value', 'NONE');
#4127 = CARTESIAN_POINT ( 'NONE',  ( -0.5698711670506261262, 1.310000000000000053, -1.676791478987285977 ) ) ;
#4128 =( LENGTH_UNIT ( ) NAMED_UNIT ( * ) SI_UNIT ( .MILLI., .METRE. ) );
#4129 = CARTESIAN_POINT ( 'NONE',  ( -0.9857743335775431825, 1.300000000000000044, -1.702785426896082033 ) ) ;
#4130 = EDGE_LOOP ( 'NONE', ( #2605, #6398, #867, #2862 ) ) ;
#4131 = ORIENTED_EDGE ( 'NONE', *, *, #7856, .T. ) ;
#4132 = LINE ( 'NONE', #4877, #7557 ) ;
#4133 = CARTESIAN_POINT ( 'NONE',  ( 0.9060565982561902265, 1.310000000000000053, -1.877981485487228541 ) ) ;
#4134 = CARTESIAN_POINT ( 'NONE',  ( -0.3257879961947383607, 1.300000000000000044, -1.757684644877441027 ) ) ;
#4135 = CARTESIAN_POINT ( 'NONE',  ( 0.4534626111085245381, 1.310000000000000053, -1.879427505754882599 ) ) ;
#4136 = CARTESIAN_POINT ( 'NONE',  ( 0.2500000000000000000, 0.2000000000000000111, -7.249999999999999112 ) ) ;
#4137 = CARTESIAN_POINT ( 'NONE',  ( -0.1930628981770302621, 1.300000000000000044, -1.862700194424997457 ) ) ;
#4138 = DIRECTION ( 'NONE',  ( -0.3385350343141430018, 0.0000000000000000000, 0.9409537876760590835 ) ) ;
#4139 = VERTEX_POINT ( 'NONE', #9568 ) ;
#4140 = ORIENTED_EDGE ( 'NONE', *, *, #8670, .F. ) ;
#4141 = VECTOR ( 'NONE', #4319, 1000.000000000000000 ) ;
#4142 = DIRECTION ( 'NONE',  ( -0.0000000000000000000, -1.000000000000000000, -0.0000000000000000000 ) ) ;
#4143 = PRESENTATION_STYLE_ASSIGNMENT (( #10207 ) ) ;
#4144 = B_SPLINE_SURFACE_WITH_KNOTS ( 'NONE', 3, 1, ( 
 ( #2095, #8475 ),
 ( #1114, #4794 ),
 ( #932, #263 ),
 ( #4677, #4857 ) ),
 .UNSPECIFIED., .F., .F., .F.,
 ( 4, 4 ),
 ( 2, 2 ),
 ( 1.000000000000000000, 2.000000000000000000 ),
 ( 0.0000000000000000000, 1.000000000000000000 ),
 .UNSPECIFIED. ) ;
#4145 = CARTESIAN_POINT ( 'NONE',  ( -0.8194650548622567365, 1.300000000000000044, -1.849911172055004993 ) ) ;
#4146 = CARTESIAN_POINT ( 'NONE',  ( 0.2944040223455988148, 1.300000000000000044, -1.876535520380984590 ) ) ;
#4147 = EDGE_CURVE ( 'NONE', #9973, #3101, #10585, .T. ) ;
#4148 = SURFACE_STYLE_USAGE ( .BOTH. , #4269 ) ;
#4149 = CARTESIAN_POINT ( 'NONE',  ( -0.3046289225975433723, 1.310000000000000053, -1.858125259592870560 ) ) ;
#4150 = VERTEX_POINT ( 'NONE', #10554 ) ;
#4151 = CARTESIAN_POINT ( 'NONE',  ( -0.3310387736723940377, 1.310000000000000053, -1.883599328542718609 ) ) ;
#4152 = SURFACE_SIDE_STYLE ('',( #426 ) ) ;
#4153 = LINE ( 'NONE', #5796, #7154 ) ;
#4154 = FILL_AREA_STYLE_COLOUR ( '', #11903 ) ;
#4155 = VERTEX_POINT ( 'NONE', #4178 ) ;
#4156 = CARTESIAN_POINT ( 'NONE',  ( -0.1403991597152866311, 1.300000000000000044, -1.841281181348327634 ) ) ;
#4157 = CARTESIAN_POINT ( 'NONE',  ( -0.1697203329552827156, 1.300000000000000044, -1.516148880916399655 ) ) ;
#4158 = PRESENTATION_STYLE_ASSIGNMENT (( #432 ) ) ;
#4159 = CARTESIAN_POINT ( 'NONE',  ( -0.2941793555386828518, 1.300000000000000044, -1.790748946616070869 ) ) ;
#4160 = VERTEX_POINT ( 'NONE', #1195 ) ;
#4161 = APPLICATION_PROTOCOL_DEFINITION ( 'draft international standard', 'automotive_design', 1998, #504 ) ;
#4162 = FILL_AREA_STYLE ('',( #4288 ) ) ;
#4163 = COLOUR_RGB ( '',1.000000000000000000, 1.000000000000000000, 1.000000000000000000 ) ;
#4164 = SURFACE_STYLE_FILL_AREA ( #6947 ) ;
#4165 = VERTEX_POINT ( 'NONE', #6796 ) ;
#4166 = CARTESIAN_POINT ( 'NONE',  ( -0.1403991597152866311, 1.310000000000000053, -1.841281181348327634 ) ) ;
#4167 = CARTESIAN_POINT ( 'NONE',  ( 0.6414409157026885744, 1.310000000000000053, -1.299586672418066025 ) ) ;
#4168 = EDGE_CURVE ( 'NONE', #7743, #3758, #131, .T. ) ;
#4169 = STYLED_ITEM ( 'NONE', ( #5547 ), #4975 ) ;
#4170 =( NAMED_UNIT ( * ) PLANE_ANGLE_UNIT ( ) SI_UNIT ( $, .RADIAN. ) );
#4171 = ORIENTED_EDGE ( 'NONE', *, *, #5680, .F. ) ;
#4172 = CARTESIAN_POINT ( 'NONE',  ( 0.7426600452231272298, 1.300000000000000044, -1.444185389475020065 ) ) ;
#4173 =( NAMED_UNIT ( * ) SI_UNIT ( $, .STERADIAN. ) SOLID_ANGLE_UNIT ( ) );
#4174 = CARTESIAN_POINT ( 'NONE',  ( -0.7271345518931688900, 1.310000000000000053, -1.394393228915806304 ) ) ;
#4175 = VERTEX_POINT ( 'NONE', #7886 ) ;
#4176 = CARTESIAN_POINT ( 'NONE',  ( -0.1138853328496115674, 1.310000000000000053, -1.557531245985789514 ) ) ;
#4177 = PLANE ( 'NONE',  #6193 ) ;
#4179 = VECTOR ( 'NONE', #7706, 1000.000000000000114 ) ;
#4178 = CARTESIAN_POINT ( 'NONE',  ( -0.7176727548557708669, 1.310000000000000053, -1.880168127418618385 ) ) ;
#4180 = EDGE_CURVE ( 'NONE', #10905, #1189, #10439, .T. ) ;
#4181 = CARTESIAN_POINT ( 'NONE',  ( 0.5055181271853212976, 1.310000000000000053, -1.299586672418065136 ) ) ;
#4182 =( GEOMETRIC_REPRESENTATION_CONTEXT ( 3 ) GLOBAL_UNCERTAINTY_ASSIGNED_CONTEXT ( ( #9683 ) ) GLOBAL_UNIT_ASSIGNED_CONTEXT ( ( #5350, #11694, #7970 ) ) REPRESENTATION_CONTEXT ( 'NONE', 'WORKASPACE' ) );
#4183 = ADVANCED_FACE ( 'NONE', ( #8677 ), #2466, .F. ) ;
#4184 = EDGE_CURVE ( 'NONE', #3064, #3009, #5098, .T. ) ;
#4185 =( NAMED_UNIT ( * ) PLANE_ANGLE_UNIT ( ) SI_UNIT ( $, .RADIAN. ) );
#4186 = ORIENTED_EDGE ( 'NONE', *, *, #11659, .T. ) ;
#4187 = ORIENTED_EDGE ( 'NONE', *, *, #3927, .T. ) ;
#4188 = FACE_OUTER_BOUND ( 'NONE', #1443, .T. ) ;
#4189 = AXIS2_PLACEMENT_3D ( 'NONE', #4573, #1763, #10079 ) ;
#4190 = FACE_OUTER_BOUND ( 'NONE', #4802, .T. ) ;
#4191 = CARTESIAN_POINT ( 'NONE',  ( -0.4245649982445671711, 1.300000000000000044, -1.534344644452003692 ) ) ;
#4192 =( NAMED_UNIT ( * ) SI_UNIT ( $, .STERADIAN. ) SOLID_ANGLE_UNIT ( ) );
#4193 = CARTESIAN_POINT ( 'NONE',  ( -0.3897331080481357679, 1.310000000000000053, -1.840657326599245192 ) ) ;
#4194 = CARTESIAN_POINT ( 'NONE',  ( -0.4629840532530526409, 1.310000000000000053, -1.354154597554452444 ) ) ;
#4195 = LINE ( 'NONE', #7903, #8728 ) ;
#4196 = SURFACE_STYLE_FILL_AREA ( #3220 ) ;
#4197 = LINE ( 'NONE', #1571, #2274 ) ;
#4198 = EDGE_LOOP ( 'NONE', ( #4200, #11593, #7805, #255 ) ) ;
#4199 = PLANE ( 'NONE',  #2625 ) ;
#4200 = ORIENTED_EDGE ( 'NONE', *, *, #2185, .T. ) ;
#4201 = ORIENTED_EDGE ( 'NONE', *, *, #8489, .F. ) ;
#4202 = FILL_AREA_STYLE ('',( #10009 ) ) ;
#4203 = ADVANCED_FACE ( 'NONE', ( #5155 ), #10819, .F. ) ;
#4204 = VERTEX_POINT ( 'NONE', #8012 ) ;
#4205 = CARTESIAN_POINT ( 'NONE',  ( 0.4722604332932420768, 1.300000000000000044, -1.811466152864494861 ) ) ;
#4206 =( GEOMETRIC_REPRESENTATION_CONTEXT ( 3 ) GLOBAL_UNCERTAINTY_ASSIGNED_CONTEXT ( ( #971 ) ) GLOBAL_UNIT_ASSIGNED_CONTEXT ( ( #5704, #4872, #2045 ) ) REPRESENTATION_CONTEXT ( 'NONE', 'WORKASPACE' ) );
#4207 = DIRECTION ( 'NONE',  ( -1.000000000000000000, -0.0000000000000000000, 5.962800923714327524E-15 ) ) ;
#4208 = LINE ( 'NONE', #3299, #3583 ) ;
#4209 = ADVANCED_FACE ( 'NONE', ( #5390 ), #9738, .F. ) ;
#4210 = CARTESIAN_POINT ( 'NONE',  ( -0.3812070931343504165, 1.310000000000000053, -1.816638918731964480 ) ) ;
#4211 = ADVANCED_FACE ( 'NONE', ( #8065 ), #7921, .F. ) ;
#4212 = SURFACE_SIDE_STYLE ('',( #4285 ) ) ;
#4213 = ORIENTED_EDGE ( 'NONE', *, *, #3238, .T. ) ;
#4214 = FILL_AREA_STYLE ('',( #3353 ) ) ;
#4215 = DIRECTION ( 'NONE',  ( 0.9445574604294385557, 0.0000000000000000000, -0.3283461648125187149 ) ) ;
#4216 = COLOUR_RGB ( '',1.000000000000000000, 1.000000000000000000, 1.000000000000000000 ) ;
#4217 = ORIENTED_EDGE ( 'NONE', *, *, #7088, .T. ) ;
#4218 = SURFACE_STYLE_USAGE ( .BOTH. , #1404 ) ;
#4219 = SURFACE_SIDE_STYLE ('',( #5980 ) ) ;
#4220 = SURFACE_STYLE_USAGE ( .BOTH. , #2161 ) ;
#4221 = FILL_AREA_STYLE ('',( #10712 ) ) ;
#4222 = VECTOR ( 'NONE', #11256, 1000.000000000000000 ) ;
#4223 = AXIS2_PLACEMENT_3D ( 'NONE', #1228, #11270, #5755 ) ;
#4224 = COLOUR_RGB ( '',1.000000000000000000, 1.000000000000000000, 1.000000000000000000 ) ;
#4225 =( NAMED_UNIT ( * ) PLANE_ANGLE_UNIT ( ) SI_UNIT ( $, .RADIAN. ) );
#4226 = ORIENTED_EDGE ( 'NONE', *, *, #11894, .T. ) ;
#4227 = CARTESIAN_POINT ( 'NONE',  ( 0.7701337959481223683, 1.310000000000000053, -1.776762438707540248 ) ) ;
#4228 = UNCERTAINTY_MEASURE_WITH_UNIT (LENGTH_MEASURE( 1.000000000000000082E-05 ), #11454, 'distance_accuracy_value', 'NONE');
#4229 = PRESENTATION_LAYER_ASSIGNMENT (  '', '', ( #6537 ) ) ;
#4230 = DIRECTION ( 'NONE',  ( -1.000000000000000000, 0.0000000000000000000, 8.243041988643191949E-15 ) ) ;
#4231 = CARTESIAN_POINT ( 'NONE',  ( -0.1854206774917970535, 1.300000000000000044, -1.381916133920364276 ) ) ;
#4232 = CARTESIAN_POINT ( 'NONE',  ( 0.4722604332932417437, 1.300000000000000044, -1.859183663301810174 ) ) ;
#4233 =( GEOMETRIC_REPRESENTATION_CONTEXT ( 3 ) GLOBAL_UNCERTAINTY_ASSIGNED_CONTEXT ( ( #9345 ) ) GLOBAL_UNIT_ASSIGNED_CONTEXT ( ( #1112, #10415, #3001 ) ) REPRESENTATION_CONTEXT ( 'NONE', 'WORKASPACE' ) );
#4234 = B_SPLINE_CURVE_WITH_KNOTS ( 'NONE', 3,
 ( #4476, #8366, #5377, #8113, #11789, #2566, #9971 ),
 .UNSPECIFIED., .F., .F.,
 ( 4, 3, 4 ),
 ( 0.0000000000000000000, 1.000000000000000000, 2.000000000000000000 ),
 .UNSPECIFIED. ) ;
#4235 = CARTESIAN_POINT ( 'NONE',  ( -0.006634303781058838514, 1.310000000000000053, -1.880168127418623492 ) ) ;
#4236 = FACE_BOUND ( 'NONE', #11326, .T. ) ;
#4237 =( GEOMETRIC_REPRESENTATION_CONTEXT ( 3 ) GLOBAL_UNCERTAINTY_ASSIGNED_CONTEXT ( ( #6473 ) ) GLOBAL_UNIT_ASSIGNED_CONTEXT ( ( #10863, #5339, #7159 ) ) REPRESENTATION_CONTEXT ( 'NONE', 'WORKASPACE' ) );
#4238 =( GEOMETRIC_REPRESENTATION_CONTEXT ( 3 ) GLOBAL_UNCERTAINTY_ASSIGNED_CONTEXT ( ( #10538 ) ) GLOBAL_UNIT_ASSIGNED_CONTEXT ( ( #5272, #3426, #7144 ) ) REPRESENTATION_CONTEXT ( 'NONE', 'WORKASPACE' ) );
#4239 =( NAMED_UNIT ( * ) PLANE_ANGLE_UNIT ( ) SI_UNIT ( $, .RADIAN. ) );
#4240 = CARTESIAN_POINT ( 'NONE',  ( 0.7686877756811558715, 1.300000000000000044, -1.685665175252899717 ) ) ;
#4241 = COLOUR_RGB ( '',0.7529411764705882248, 0.7529411764705882248, 0.7529411764705882248 ) ;
#4242 =( NAMED_UNIT ( * ) PLANE_ANGLE_UNIT ( ) SI_UNIT ( $, .RADIAN. ) );
#4243 = LINE ( 'NONE', #6174, #6364 ) ;
#4244 = EDGE_LOOP ( 'NONE', ( #8809, #6960, #9195, #10727 ) ) ;
#4245 = CARTESIAN_POINT ( 'NONE',  ( -0.8525813444966405807, 1.310000000000000053, -1.703721209019702254 ) ) ;
#4246 = STYLED_ITEM ( 'NONE', ( #8642 ), #8421 ) ;
#4247 = ADVANCED_FACE ( 'NONE', ( #1789 ), #6073, .F. ) ;
#4248 = STYLED_ITEM ( 'NONE', ( #1147 ), #3318 ) ;
#4249 = COLOUR_RGB ( '',1.000000000000000000, 1.000000000000000000, 1.000000000000000000 ) ;
#4250 = FACE_OUTER_BOUND ( 'NONE', #1507, .T. ) ;
#4251 = VECTOR ( 'NONE', #9598, 1000.000000000000000 ) ;
#4252 = PLANE ( 'NONE',  #4835 ) ;
#4253 = B_SPLINE_CURVE_WITH_KNOTS ( 'NONE', 3,
 ( #10124, #5573, #9272, #7158 ),
 .UNSPECIFIED., .F., .F.,
 ( 4, 4 ),
 ( 5.000000000000000000, 6.000000000000000000 ),
 .UNSPECIFIED. ) ;
#4254 = VECTOR ( 'NONE', #5633, 1000.000000000000000 ) ;
#4255 = VECTOR ( 'NONE', #11720, 1000.000000000000114 ) ;
#4256 = VERTEX_POINT ( 'NONE', #7508 ) ;
#4257 = ORIENTED_EDGE ( 'NONE', *, *, #5244, .T. ) ;
#4258 = SURFACE_STYLE_FILL_AREA ( #1430 ) ;
#4259 = LINE ( 'NONE', #2591, #2688 ) ;
#4260 = B_SPLINE_CURVE_WITH_KNOTS ( 'NONE', 3,
 ( #12012, #3586, #4521, #10943, #2492, #10890 ),
 .UNSPECIFIED., .F., .F.,
 ( 4, 2, 4 ),
 ( 2.000000000000000000, 3.000000000000000000, 4.000000000000000000 ),
 .UNSPECIFIED. ) ;
#4261 =( NAMED_UNIT ( * ) PLANE_ANGLE_UNIT ( ) SI_UNIT ( $, .RADIAN. ) );
#4262 =( NAMED_UNIT ( * ) SI_UNIT ( $, .STERADIAN. ) SOLID_ANGLE_UNIT ( ) );
#4263 = MECHANICAL_DESIGN_GEOMETRIC_PRESENTATION_REPRESENTATION (  '', ( #9489 ), #7563 ) ;
#4264 = SURFACE_SIDE_STYLE ('',( #8855 ) ) ;
#4265 =( LENGTH_UNIT ( ) NAMED_UNIT ( * ) SI_UNIT ( .MILLI., .METRE. ) );
#4266 =( GEOMETRIC_REPRESENTATION_CONTEXT ( 3 ) GLOBAL_UNCERTAINTY_ASSIGNED_CONTEXT ( ( #9179 ) ) GLOBAL_UNIT_ASSIGNED_CONTEXT ( ( #1593, #11790, #3417 ) ) REPRESENTATION_CONTEXT ( 'NONE', 'WORKASPACE' ) );
#4267 = ADVANCED_FACE ( 'NONE', ( #7397 ), #3451, .F. ) ;
#4268 = FACE_OUTER_BOUND ( 'NONE', #8939, .T. ) ;
#4269 = SURFACE_SIDE_STYLE ('',( #8763 ) ) ;
#4270 = STYLED_ITEM ( 'NONE', ( #10849 ), #9156 ) ;
#4271 = COLOUR_RGB ( '',1.000000000000000000, 1.000000000000000000, 1.000000000000000000 ) ;
#4272 = CARTESIAN_POINT ( 'NONE',  ( -0.5698711670506261262, 1.310000000000000053, -1.676791478987285977 ) ) ;
#4273 = CARTESIAN_POINT ( 'NONE',  ( -0.3897331080481357679, 1.300000000000000044, -1.840657326599245192 ) ) ;
#4274 = VERTEX_POINT ( 'NONE', #934 ) ;
#4275 = DIRECTION ( 'NONE',  ( 0.2524218971878639528, -0.0000000000000000000, 0.9676172723861843350 ) ) ;
#4276 = ORIENTED_EDGE ( 'NONE', *, *, #7206, .T. ) ;
#4277 = VERTEX_POINT ( 'NONE', #3050 ) ;
#4278 = SURFACE_SIDE_STYLE ('',( #9653 ) ) ;
#4279 = ORIENTED_EDGE ( 'NONE', *, *, #2558, .T. ) ;
#4280 = PRESENTATION_LAYER_ASSIGNMENT (  '', '', ( #4479 ) ) ;
#4281 = SURFACE_SIDE_STYLE ('',( #9828 ) ) ;
#4282 = FACE_OUTER_BOUND ( 'NONE', #3397, .T. ) ;
#4283 = ADVANCED_FACE ( 'NONE', ( #3980 ), #4961, .F. ) ;
#4284 = CARTESIAN_POINT ( 'NONE',  ( -1.897366596101027536, 1.300000000000000044, 2.250000000000000000 ) ) ;
#4285 = SURFACE_STYLE_FILL_AREA ( #10643 ) ;
#4286 = ORIENTED_EDGE ( 'NONE', *, *, #1906, .T. ) ;
#4287 = COLOUR_RGB ( '',1.000000000000000000, 1.000000000000000000, 1.000000000000000000 ) ;
#4288 = FILL_AREA_STYLE_COLOUR ( '', #3296 ) ;
#4289 = SURFACE_STYLE_FILL_AREA ( #3410 ) ;
#4290 = VERTEX_POINT ( 'NONE', #2149 ) ;
#4291 = CARTESIAN_POINT ( 'NONE',  ( -0.1403991597152866311, 1.310000000000000053, -1.814143499732879361 ) ) ;
#4292 = FACE_OUTER_BOUND ( 'NONE', #8400, .T. ) ;
#4293 = LINE ( 'NONE', #8107, #4416 ) ;
#4294 = SURFACE_STYLE_FILL_AREA ( #7069 ) ;
#4295 = CARTESIAN_POINT ( 'NONE',  ( -0.6746267771193933394, 1.310000000000000053, -1.676791478987285311 ) ) ;
#4296 = DIRECTION ( 'NONE',  ( -0.0000000000000000000, -1.000000000000000000, -0.0000000000000000000 ) ) ;
#4297 = ORIENTED_EDGE ( 'NONE', *, *, #9407, .F. ) ;
#4298 = FILL_AREA_STYLE_COLOUR ( '', #3270 ) ;
#4299 = EDGE_CURVE ( 'NONE', #10007, #5278, #10475, .T. ) ;
#4300 = DIRECTION ( 'NONE',  ( 1.000000000000000000, -0.0000000000000000000, -0.0000000000000000000 ) ) ;
#4301 = FILL_AREA_STYLE ('',( #5507 ) ) ;
#4302 = SURFACE_STYLE_USAGE ( .BOTH. , #2347 ) ;
#4303 = CARTESIAN_POINT ( 'NONE',  ( -0.3081121116173938246, 1.310000000000000053, -1.743128034048955888 ) ) ;
#4304 = DIRECTION ( 'NONE',  ( 1.000000000000000000, 0.0000000000000000000, -0.0000000000000000000 ) ) ;
#4305 = DIRECTION ( 'NONE',  ( 0.3667976789509180824, 0.0000000000000000000, -0.9303007377811861600 ) ) ;
#4306 = CARTESIAN_POINT ( 'NONE',  ( -0.1711240061427868886, 1.300000000000000044, -1.396992623706414305 ) ) ;
#4307 = CARTESIAN_POINT ( 'NONE',  ( -0.4629840532530541397, 1.300000000000000044, -1.557531245985787072 ) ) ;
#4308 = EDGE_LOOP ( 'NONE', ( #4572, #7629, #860, #5246, #10066, #5478, #5966 ) ) ;
#4309 = DIRECTION ( 'NONE',  ( -0.0000000000000000000, -1.000000000000000000, -0.0000000000000000000 ) ) ;
#4310 = UNCERTAINTY_MEASURE_WITH_UNIT (LENGTH_MEASURE( 1.000000000000000082E-05 ), #7307, 'distance_accuracy_value', 'NONE');
#4311 = PRESENTATION_STYLE_ASSIGNMENT (( #2357 ) ) ;
#4312 = FACE_OUTER_BOUND ( 'NONE', #2889, .T. ) ;
#4313 = SURFACE_STYLE_USAGE ( .BOTH. , #3210 ) ;
#4314 = ORIENTED_EDGE ( 'NONE', *, *, #11623, .T. ) ;
#4315 = VERTEX_POINT ( 'NONE', #9720 ) ;
#4316 = PLANE ( 'NONE',  #8724 ) ;
#4317 = CARTESIAN_POINT ( 'NONE',  ( 1.520000000000000018, 0.2000000000000000111, -7.249999999999999112 ) ) ;
#4318 = FILL_AREA_STYLE_COLOUR ( '', #6380 ) ;
#4319 = DIRECTION ( 'NONE',  ( -0.0000000000000000000, -1.000000000000000000, -0.0000000000000000000 ) ) ;
#4320 = FILL_AREA_STYLE ('',( #6925 ) ) ;
#4321 =( NAMED_UNIT ( * ) PLANE_ANGLE_UNIT ( ) SI_UNIT ( $, .RADIAN. ) );
#4322 = EDGE_CURVE ( 'NONE', #5656, #10159, #7257, .T. ) ;
#4323 = VERTEX_POINT ( 'NONE', #7747 ) ;
#4324 = CARTESIAN_POINT ( 'NONE',  ( -0.5199627870660614715, 1.300000000000000044, -1.377549150671262490 ) ) ;
#4325 = ORIENTED_EDGE ( 'NONE', *, *, #1410, .F. ) ;
#4326 = ORIENTED_EDGE ( 'NONE', *, *, #4717, .F. ) ;
#4327 = CARTESIAN_POINT ( 'NONE',  ( 0.4187589521102141887, 1.310000000000000053, -1.792668275519048171 ) ) ;
#4328 = LINE ( 'NONE', #2604, #3387 ) ;
#4329 = VERTEX_POINT ( 'NONE', #11371 ) ;
#4330 = PLANE ( 'NONE',  #9642 ) ;
#4331 = PRESENTATION_STYLE_ASSIGNMENT (( #1580 ) ) ;
#4332 = DIRECTION ( 'NONE',  ( 1.000000000000000000, 0.0000000000000000000, -3.876374764046011028E-15 ) ) ;
#4333 = B_SPLINE_SURFACE_WITH_KNOTS ( 'NONE', 3, 1, ( 
 ( #9755, #1259 ),
 ( #2242, #5060 ),
 ( #289, #2190 ),
 ( #11483, #5952 ) ),
 .UNSPECIFIED., .F., .F., .F.,
 ( 4, 4 ),
 ( 2, 2 ),
 ( 6.000000000000000000, 7.000000000000000000 ),
 ( 0.0000000000000000000, 1.000000000000000000 ),
 .UNSPECIFIED. ) ;
#4334 = CARTESIAN_POINT ( 'NONE',  ( -0.2917879123311052370, 1.310000000000000053, -1.783054738035770637 ) ) ;
#4335 = ORIENTED_EDGE ( 'NONE', *, *, #3797, .T. ) ;
#4336 = PLANE ( 'NONE',  #3890 ) ;
#4337 = CARTESIAN_POINT ( 'NONE',  ( -0.8321501014421153197, 1.310000000000000053, -1.870706330381208149 ) ) ;
#4338 = ORIENTED_EDGE ( 'NONE', *, *, #2205, .T. ) ;
#4339 = ADVANCED_FACE ( 'NONE', ( #6882 ), #6271, .F. ) ;
#4340 = DIRECTION ( 'NONE',  ( -0.0000000000000000000, -1.000000000000000000, -0.0000000000000000000 ) ) ;
#4341 = EDGE_CURVE ( 'NONE', #5656, #4609, #4208, .T. ) ;
#4342 = EDGE_CURVE ( 'NONE', #4003, #8622, #8978, .T. ) ;
#4343 = CARTESIAN_POINT ( 'NONE',  ( -0.3483507429787457976, 1.300000000000000044, -1.797819300447283108 ) ) ;
#4344 = FACE_OUTER_BOUND ( 'NONE', #1202, .T. ) ;
#4345 = ORIENTED_EDGE ( 'NONE', *, *, #9145, .F. ) ;
#4346 = SURFACE_STYLE_FILL_AREA ( #8002 ) ;
#4347 = EDGE_CURVE ( 'NONE', #1083, #1952, #2551, .T. ) ;
#4348 = SURFACE_STYLE_USAGE ( .BOTH. , #8306 ) ;
#4349 = CARTESIAN_POINT ( 'NONE',  ( 0.9899238569074473304, 1.300000000000000044, -1.843277826490301585 ) ) ;
#4350 =( NAMED_UNIT ( * ) SI_UNIT ( $, .STERADIAN. ) SOLID_ANGLE_UNIT ( ) );
#4351 = UNCERTAINTY_MEASURE_WITH_UNIT (LENGTH_MEASURE( 1.000000000000000082E-05 ), #11176, 'distance_accuracy_value', 'NONE');
#4352 = CARTESIAN_POINT ( 'NONE',  ( -0.1483013198792975385, 1.310000000000000053, -1.533200910743974354 ) ) ;
#4353 = SURFACE_SIDE_STYLE ('',( #1414 ) ) ;
#4354 = PRESENTATION_LAYER_ASSIGNMENT (  '', '', ( #7062 ) ) ;
#4355 = ADVANCED_FACE ( 'NONE', ( #9900 ), #2494, .F. ) ;
#4356 = CARTESIAN_POINT ( 'NONE',  ( 0.7253081605639314366, 1.310000000000000053, -1.685665175252899495 ) ) ;
#4357 = CARTESIAN_POINT ( 'NONE',  ( -0.3081121116173938246, 1.300000000000000044, -1.743128034048955888 ) ) ;
#4358 = SURFACE_STYLE_FILL_AREA ( #630 ) ;
#4359 = EDGE_CURVE ( 'NONE', #5310, #8831, #4456, .T. ) ;
#4360 = ORIENTED_EDGE ( 'NONE', *, *, #9394, .T. ) ;
#4361 = CARTESIAN_POINT ( 'NONE',  ( 0.2134287628575559093, 1.300000000000000044, -1.815804048184584740 ) ) ;
#4362 =( GEOMETRIC_REPRESENTATION_CONTEXT ( 3 ) GLOBAL_UNCERTAINTY_ASSIGNED_CONTEXT ( ( #3250 ) ) GLOBAL_UNIT_ASSIGNED_CONTEXT ( ( #10090, #48, #4773 ) ) REPRESENTATION_CONTEXT ( 'NONE', 'WORKASPACE' ) );
#4363 = CARTESIAN_POINT ( 'NONE',  ( 0.4187589521102142442, 1.310000000000000053, -1.792668275519048393 ) ) ;
#4364 = LINE ( 'NONE', #6426, #4119 ) ;
#4365 = ORIENTED_EDGE ( 'NONE', *, *, #5825, .F. ) ;
#4366 = VERTEX_POINT ( 'NONE', #8041 ) ;
#4367 = CARTESIAN_POINT ( 'NONE',  ( -0.1854206774917970535, 1.310000000000000053, -1.381916133920364276 ) ) ;
#4368 = CARTESIAN_POINT ( 'NONE',  ( -0.9235448222848102739, 1.310000000000000053, -1.880168127418616830 ) ) ;
#4369 = VECTOR ( 'NONE', #1019, 1000.000000000000000 ) ;
#4370 =( NAMED_UNIT ( * ) SI_UNIT ( $, .STERADIAN. ) SOLID_ANGLE_UNIT ( ) );
#4371 = FACE_OUTER_BOUND ( 'NONE', #11103, .T. ) ;
#4372 =( GEOMETRIC_REPRESENTATION_CONTEXT ( 3 ) GLOBAL_UNCERTAINTY_ASSIGNED_CONTEXT ( ( #1941 ) ) GLOBAL_UNIT_ASSIGNED_CONTEXT ( ( #4907, #9364, #6574 ) ) REPRESENTATION_CONTEXT ( 'NONE', 'WORKASPACE' ) );
#4373 = CARTESIAN_POINT ( 'NONE',  ( 0.2206586987101976649, 1.310000000000000053, -1.515038755317931418 ) ) ;
#4374 = CARTESIAN_POINT ( 'NONE',  ( -0.3046289225975433723, 1.300000000000000044, -1.858125259592870560 ) ) ;
#4375 = DIRECTION ( 'NONE',  ( -0.0000000000000000000, -1.000000000000000000, -0.0000000000000000000 ) ) ;
#4376 = ORIENTED_EDGE ( 'NONE', *, *, #7926, .F. ) ;
#4377 = CARTESIAN_POINT ( 'NONE',  ( -0.3624914506404855463, 1.310000000000000053, -1.879752224252568382 ) ) ;
#4378 = ORIENTED_EDGE ( 'NONE', *, *, #6039, .F. ) ;
#4379 = ORIENTED_EDGE ( 'NONE', *, *, #7566, .F. ) ;
#4380 = FILL_AREA_STYLE_COLOUR ( '', #5984 ) ;
#4381 = CARTESIAN_POINT ( 'NONE',  ( -0.2279987641649743046, 1.300000000000000044, -1.843048769806822529 ) ) ;
#4382 = ORIENTED_EDGE ( 'NONE', *, *, #2782, .T. ) ;
#4383 = CARTESIAN_POINT ( 'NONE',  ( 0.6602387378880939517, 1.310000000000000053, -1.734828733536504464 ) ) ;
#4384 = PLANE ( 'NONE',  #7958 ) ;
#4385 = FILL_AREA_STYLE_COLOUR ( '', #468 ) ;
#4386 = CARTESIAN_POINT ( 'NONE',  ( -0.3257879961947383607, 1.310000000000000053, -1.757684644877441027 ) ) ;
#4387 = ORIENTED_EDGE ( 'NONE', *, *, #250, .T. ) ;
#4388 = CARTESIAN_POINT ( 'NONE',  ( 0.7701337959481223683, 1.310000000000000053, -1.776762438707540248 ) ) ;
#4389 = FILL_AREA_STYLE_COLOUR ( '', #11000 ) ;
#4390 = EDGE_LOOP ( 'NONE', ( #229, #11987, #1348, #10403 ) ) ;
#4391 = CARTESIAN_POINT ( 'NONE',  ( -0.1483013198792975385, 1.310000000000000053, -1.533200910743974354 ) ) ;
#4392 = DIRECTION ( 'NONE',  ( -1.000000000000000000, 0.0000000000000000000, -0.0000000000000000000 ) ) ;
#4393 = CARTESIAN_POINT ( 'NONE',  ( -0.3827667300091258107, 1.310000000000000053, -1.738033220259266098 ) ) ;
#4394 =( NAMED_UNIT ( * ) SI_UNIT ( $, .STERADIAN. ) SOLID_ANGLE_UNIT ( ) );
#4395 = ORIENTED_EDGE ( 'NONE', *, *, #5179, .T. ) ;
#4396 =( NAMED_UNIT ( * ) PLANE_ANGLE_UNIT ( ) SI_UNIT ( $, .RADIAN. ) );
#4397 = ADVANCED_FACE ( 'NONE', ( #8173 ), #4428, .F. ) ;
#4398 = CARTESIAN_POINT ( 'NONE',  ( -0.5991786372872289768, -2.221705051657340668, -0.4614493072686728370 ) ) ;
#4399 = UNCERTAINTY_MEASURE_WITH_UNIT (LENGTH_MEASURE( 1.000000000000000082E-05 ), #1384, 'distance_accuracy_value', 'NONE');
#4400 = LINE ( 'NONE', #11668, #3867 ) ;
#4401 = ORIENTED_EDGE ( 'NONE', *, *, #9890, .F. ) ;
#4402 = DIRECTION ( 'NONE',  ( -0.0000000000000000000, -1.000000000000000000, -0.0000000000000000000 ) ) ;
#4403 = AXIS2_PLACEMENT_3D ( 'NONE', #9180, #51, #8356 ) ;
#4404 =( LENGTH_UNIT ( ) NAMED_UNIT ( * ) SI_UNIT ( .MILLI., .METRE. ) );
#4405 = UNCERTAINTY_MEASURE_WITH_UNIT (LENGTH_MEASURE( 1.000000000000000082E-05 ), #4884, 'distance_accuracy_value', 'NONE');
#4406 = PRESENTATION_STYLE_ASSIGNMENT (( #7208 ) ) ;
#4407 = CARTESIAN_POINT ( 'NONE',  ( -0.1723717156423362207, 1.300000000000000044, -1.883599328542719498 ) ) ;
#4408 = STYLED_ITEM ( 'NONE', ( #6904 ), #7709 ) ;
#4409 = EDGE_CURVE ( 'NONE', #6141, #9727, #8984, .T. ) ;
#4410 = PRESENTATION_STYLE_ASSIGNMENT (( #9922 ) ) ;
#4411 = SURFACE_STYLE_FILL_AREA ( #10179 ) ;
#4412 = UNCERTAINTY_MEASURE_WITH_UNIT (LENGTH_MEASURE( 1.000000000000000082E-05 ), #5187, 'distance_accuracy_value', 'NONE');
#4413 = CARTESIAN_POINT ( 'NONE',  ( -0.6746267771193935614, 1.310000000000000053, -1.700186032104094247 ) ) ;
#4414 = VERTEX_POINT ( 'NONE', #8516 ) ;
#4415 = EDGE_CURVE ( 'NONE', #2561, #7639, #3730, .T. ) ;
#4416 = VECTOR ( 'NONE', #9845, 1000.000000000000000 ) ;
#4417 = CARTESIAN_POINT ( 'NONE',  ( -0.9889455952214717405, 1.310000000000000053, -1.717030110348640282 ) ) ;
#4418 = CARTESIAN_POINT ( 'NONE',  ( -0.3081121116173938246, 1.310000000000000053, -1.743128034048955888 ) ) ;
#4419 = SURFACE_STYLE_USAGE ( .BOTH. , #695 ) ;
#4420 =( GEOMETRIC_REPRESENTATION_CONTEXT ( 3 ) GLOBAL_UNCERTAINTY_ASSIGNED_CONTEXT ( ( #9269 ) ) GLOBAL_UNIT_ASSIGNED_CONTEXT ( ( #2395, #9012, #5150 ) ) REPRESENTATION_CONTEXT ( 'NONE', 'WORKASPACE' ) );
#4421 = VECTOR ( 'NONE', #6085, 1000.000000000000227 ) ;
#4422 = ORIENTED_EDGE ( 'NONE', *, *, #188, .F. ) ;
#4423 = ORIENTED_EDGE ( 'NONE', *, *, #9595, .F. ) ;
#4424 = COLOUR_RGB ( '',1.000000000000000000, 1.000000000000000000, 1.000000000000000000 ) ;
#4425 =( NAMED_UNIT ( * ) PLANE_ANGLE_UNIT ( ) SI_UNIT ( $, .RADIAN. ) );
#4426 = VECTOR ( 'NONE', #7036, 1000.000000000000000 ) ;
#4427 = PRESENTATION_STYLE_ASSIGNMENT (( #640 ) ) ;
#4428 = B_SPLINE_SURFACE_WITH_KNOTS ( 'NONE', 3, 1, ( 
 ( #3348, #11654 ),
 ( #7056, #11838 ),
 ( #10754, #1517 ),
 ( #10816, #5304 ) ),
 .UNSPECIFIED., .F., .F., .F.,
 ( 4, 4 ),
 ( 2, 2 ),
 ( 3.000000000000000000, 4.000000000000000000 ),
 ( 0.0000000000000000000, 1.000000000000000000 ),
 .UNSPECIFIED. ) ;
#4429 = EDGE_CURVE ( 'NONE', #1012, #6496, #3416, .T. ) ;
#4430 = FILL_AREA_STYLE ('',( #4318 ) ) ;
#4431 =( GEOMETRIC_REPRESENTATION_CONTEXT ( 3 ) GLOBAL_UNCERTAINTY_ASSIGNED_CONTEXT ( ( #7758 ) ) GLOBAL_UNIT_ASSIGNED_CONTEXT ( ( #10748, #2422, #11931 ) ) REPRESENTATION_CONTEXT ( 'NONE', 'WORKASPACE' ) );
#4432 = CARTESIAN_POINT ( 'NONE',  ( -0.4725498260833626007, 1.310000000000000053, -1.856045743761215894 ) ) ;
#4433 = DIRECTION ( 'NONE',  ( -1.000000000000000000, 0.0000000000000000000, 8.762561441094621694E-15 ) ) ;
#4434 = ADVANCED_FACE ( 'NONE', ( #6388 ), #720, .F. ) ;
#4435 = SURFACE_STYLE_FILL_AREA ( #8923 ) ;
#4436 = PRESENTATION_LAYER_ASSIGNMENT (  '', '', ( #6181 ) ) ;
#4437 = COLOUR_RGB ( '',1.000000000000000000, 1.000000000000000000, 1.000000000000000000 ) ;
#4438 = MECHANICAL_DESIGN_GEOMETRIC_PRESENTATION_REPRESENTATION (  '', ( #1708 ), #11783 ) ;
#4439 = EDGE_CURVE ( 'NONE', #8201, #518, #11121, .T. ) ;
#4440 = AXIS2_PLACEMENT_3D ( 'NONE', #3194, #8781, #6961 ) ;
#4441 = STYLED_ITEM ( 'NONE', ( #2633 ), #2201 ) ;
#4442 =( LENGTH_UNIT ( ) NAMED_UNIT ( * ) SI_UNIT ( .MILLI., .METRE. ) );
#4443 = CARTESIAN_POINT ( 'NONE',  ( 0.2134287628575559093, 1.310000000000000053, -1.815804048184584740 ) ) ;
#4444 = VECTOR ( 'NONE', #5358, 1000.000000000000000 ) ;
#4445 = ORIENTED_EDGE ( 'NONE', *, *, #2637, .T. ) ;
#4446 = ORIENTED_EDGE ( 'NONE', *, *, #1809, .T. ) ;
#4447 = ORIENTED_EDGE ( 'NONE', *, *, #2718, .T. ) ;
#4448 = CARTESIAN_POINT ( 'NONE',  ( -0.1689925024139932730, 1.310000000000000053, -1.736057680217743870 ) ) ;
#4449 = LINE ( 'NONE', #603, #11708 ) ;
#4450 = VECTOR ( 'NONE', #2172, 1000.000000000000000 ) ;
#4451 = PRESENTATION_LAYER_ASSIGNMENT (  '', '', ( #5039 ) ) ;
#4452 = VERTEX_POINT ( 'NONE', #5677 ) ;
#4453 =( NAMED_UNIT ( * ) SI_UNIT ( $, .STERADIAN. ) SOLID_ANGLE_UNIT ( ) );
#4454 =( LENGTH_UNIT ( ) NAMED_UNIT ( * ) SI_UNIT ( .MILLI., .METRE. ) );
#4455 = CARTESIAN_POINT ( 'NONE',  ( 0.7513359461826958352, 1.300000000000000044, -1.355980173450014092 ) ) ;
#4456 = LINE ( 'NONE', #3588, #2413 ) ;
#4457 =( NAMED_UNIT ( * ) SI_UNIT ( $, .STERADIAN. ) SOLID_ANGLE_UNIT ( ) );
#4458 = MECHANICAL_DESIGN_GEOMETRIC_PRESENTATION_REPRESENTATION (  '', ( #3284 ), #11806 ) ;
#4459 =( LENGTH_UNIT ( ) NAMED_UNIT ( * ) SI_UNIT ( .MILLI., .METRE. ) );
#4460 = ORIENTED_EDGE ( 'NONE', *, *, #6327, .F. ) ;
#4461 =( GEOMETRIC_REPRESENTATION_CONTEXT ( 3 ) GLOBAL_UNCERTAINTY_ASSIGNED_CONTEXT ( ( #753 ) ) GLOBAL_UNIT_ASSIGNED_CONTEXT ( ( #7211, #10118, #5509 ) ) REPRESENTATION_CONTEXT ( 'NONE', 'WORKASPACE' ) );
#4462 = CARTESIAN_POINT ( 'NONE',  ( -0.3483507429787453535, 1.310000000000000053, -1.731586721177126087 ) ) ;
#4463 =( GEOMETRIC_REPRESENTATION_CONTEXT ( 3 ) GLOBAL_UNCERTAINTY_ASSIGNED_CONTEXT ( ( #4989 ) ) GLOBAL_UNIT_ASSIGNED_CONTEXT ( ( #2313, #3336, #4570 ) ) REPRESENTATION_CONTEXT ( 'NONE', 'WORKASPACE' ) );
#4464 = UNCERTAINTY_MEASURE_WITH_UNIT (LENGTH_MEASURE( 1.000000000000000082E-05 ), #3153, 'distance_accuracy_value', 'NONE');
#4465 = SURFACE_SIDE_STYLE ('',( #4289 ) ) ;
#4466 = EDGE_LOOP ( 'NONE', ( #10995, #226 ) ) ;
#4467 =( NAMED_UNIT ( * ) SI_UNIT ( $, .STERADIAN. ) SOLID_ANGLE_UNIT ( ) );
#4468 =( NAMED_UNIT ( * ) PLANE_ANGLE_UNIT ( ) SI_UNIT ( $, .RADIAN. ) );
#4469 = SURFACE_STYLE_USAGE ( .BOTH. , #6280 ) ;
#4470 = DIRECTION ( 'NONE',  ( -9.566466160600327215E-15, -0.0000000000000000000, -1.000000000000000000 ) ) ;
#4471 =( NAMED_UNIT ( * ) PLANE_ANGLE_UNIT ( ) SI_UNIT ( $, .RADIAN. ) );
#4472 = VERTEX_POINT ( 'NONE', #9414 ) ;
#4473 = PRESENTATION_LAYER_ASSIGNMENT (  '', '', ( #2899 ) ) ;
#4474 = MECHANICAL_DESIGN_GEOMETRIC_PRESENTATION_REPRESENTATION (  '', ( #3106 ), #11249 ) ;
#4475 = CARTESIAN_POINT ( 'NONE',  ( -0.2181730518558842036, 1.310000000000000053, -1.560962447109883744 ) ) ;
#4476 = CARTESIAN_POINT ( 'NONE',  ( 0.7701337959481215911, 1.300000000000000044, -1.889549482140071346 ) ) ;
#4477 = FACE_OUTER_BOUND ( 'NONE', #10005, .T. ) ;
#4478 = EDGE_LOOP ( 'NONE', ( #5403, #829, #2009, #3178, #539, #2998, #8451, #6207, #9632, #884, #5459, #3352, #39, #1505, #10398, #3605, #3145, #2818, #190, #284, #4511, #676, #7823, #7279, #11340, #3355, #7609, #981, #5397, #10615, #2433, #9553, #8892 ) ) ;
#4479 = STYLED_ITEM ( 'NONE', ( #1351 ), #6435 ) ;
#4480 =( NAMED_UNIT ( * ) SI_UNIT ( $, .STERADIAN. ) SOLID_ANGLE_UNIT ( ) );
#4481 = MECHANICAL_DESIGN_GEOMETRIC_PRESENTATION_REPRESENTATION (  '', ( #8175 ), #772 ) ;
#4482 =( LENGTH_UNIT ( ) NAMED_UNIT ( * ) SI_UNIT ( .MILLI., .METRE. ) );
#4483 = LINE ( 'NONE', #7203, #4255 ) ;
#4484 = DIRECTION ( 'NONE',  ( -0.0000000000000000000, -1.000000000000000000, -0.0000000000000000000 ) ) ;
#4485 =( LENGTH_UNIT ( ) NAMED_UNIT ( * ) SI_UNIT ( .MILLI., .METRE. ) );
#4486 = STYLED_ITEM ( 'NONE', ( #8171 ), #1569 ) ;
#4487 = MECHANICAL_DESIGN_GEOMETRIC_PRESENTATION_REPRESENTATION (  '', ( #5847 ), #5074 ) ;
#4488 = EDGE_CURVE ( 'NONE', #611, #10703, #1035, .T. ) ;
#4489 = PRESENTATION_STYLE_ASSIGNMENT (( #756 ) ) ;
#4490 = ORIENTED_EDGE ( 'NONE', *, *, #5882, .F. ) ;
#4491 =( NAMED_UNIT ( * ) PLANE_ANGLE_UNIT ( ) SI_UNIT ( $, .RADIAN. ) );
#4492 =( GEOMETRIC_REPRESENTATION_CONTEXT ( 3 ) GLOBAL_UNCERTAINTY_ASSIGNED_CONTEXT ( ( #568 ) ) GLOBAL_UNIT_ASSIGNED_CONTEXT ( ( #5196, #5312, #5495 ) ) REPRESENTATION_CONTEXT ( 'NONE', 'WORKASPACE' ) );
#4493 = CLOSED_SHELL ( 'NONE', ( #6129, #9967, #10859, #747, #9156, #1349, #7484, #5580, #9746, #214, #929, #10499, #10662, #2727, #11522, #2387, #4520, #2029, #10220, #10784, #32, #7648, #8443, #11226, #1756, #7310, #7322, #4355, #9907, #8577, #750, #10506, #106, #11525, #10116, #4339, #4203, #8803, #4062, #6106, #11015, #5703, #4074, #11041, #1915, #5373, #3601, #8421, #3981, #5068, #5242, #7673, #4560, #2768, #1419, #10963, #10298, #3658, #9866, #5965, #4945, #10343, #4247, #4434, #7891, #11164, #6218, #6480, #3993, #11122, #7507, #480, #5778, #2838, #3540, #10631, #11542, #2825, #375, #7489, #9512, #11583, #4087, #10247, #4075, #9, #7183, #1501, #11877, #1063, #10041, #3844, #7520, #4283, #6494, #7698, #6053, #935, #11172, #779, #11408, #1008, #2367, #11647, #8098, #6727, #4540, #620, #1790, #5773, #257, #4055, #10877, #1257, #7709, #9609, #1481, #3548, #4183, #5382, #11268, #2790, #7071, #3318, #2984, #1798, #2944, #1961, #6853, #2167, #5400, #3179, #8828, #4502, #2867, #4501, #7631, #1664, #5016, #4267, #5692, #8353, #10730, #2539, #5698, #9888, #8355, #11731, #546, #9521, #6222, #9733, #11900, #2338, #9690, #7399, #9732, #11332, #8371, #10477, #2272, #11184, #5860, #2255, #9985, #1148, #9535, #8551, #3209, #4731, #10802, #3172, #911, #2563, #6870, #515, #3166, #6645, #5296, #6879, #4682, #7405, #4893, #4397, #363, #483, #4567, #8627, #7465, #3340, #1361, #2388, #5263, #994, #8859, #6707, #3108, #4740, #1796, #6954, #5476, #10412, #7007, #4797, #7454, #4975, #10544, #6101, #6393, #1125, #2056, #4999, #6065, #5807, #4211, #7127, #10175, #179, #7324, #4018, #1984, #7860, #5092, #1569, #1667, #7022, #2951, #11890, #4209, #7371, #3639, #2175, #10794, #2201, #6435, #9060, #1226, #2405, #3432, #3415, #9480, #8644, #10887, #9158, #3662, #3285, #8997, #4967 ) ) ;
#4494 = ORIENTED_EDGE ( 'NONE', *, *, #10946, .F. ) ;
#4495 = CARTESIAN_POINT ( 'NONE',  ( -0.3151824654486052313, 1.310000000000000053, -1.557531245985788182 ) ) ;
#4496 = PRESENTATION_STYLE_ASSIGNMENT (( #3177 ) ) ;
#4497 = VERTEX_POINT ( 'NONE', #8454 ) ;
#4498 = VERTEX_POINT ( 'NONE', #5489 ) ;
#4499 = LINE ( 'NONE', #2590, #11050 ) ;
#4500 = STYLED_ITEM ( 'NONE', ( #585 ), #1125 ) ;
#4501 = ADVANCED_FACE ( 'NONE', ( #2013 ), #7448, .F. ) ;
#4502 = ADVANCED_FACE ( 'NONE', ( #6814 ), #3965, .F. ) ;
#4503 = PRESENTATION_STYLE_ASSIGNMENT (( #774 ) ) ;
#4504 = CARTESIAN_POINT ( 'NONE',  ( 0.0000000000000000000, 0.0000000000000000000, 2.250000000000000000 ) ) ;
#4505 = CARTESIAN_POINT ( 'NONE',  ( -0.9857743335775431825, 1.310000000000000053, -1.702785426896082255 ) ) ;
#4506 = SURFACE_STYLE_USAGE ( .BOTH. , #1680 ) ;
#4507 = CARTESIAN_POINT ( 'NONE',  ( -0.8228442680905884155, 1.300000000000000044, -1.557531245985784629 ) ) ;
#4508 = CARTESIAN_POINT ( 'NONE',  ( -0.6746267771193935614, 1.300000000000000044, -1.676791478987285311 ) ) ;
#4509 = EDGE_CURVE ( 'NONE', #1303, #10130, #6746, .T. ) ;
#4510 = DIRECTION ( 'NONE',  ( -0.0000000000000000000, 0.0000000000000000000, 1.000000000000000000 ) ) ;
#4511 = ORIENTED_EDGE ( 'NONE', *, *, #6681, .T. ) ;
#4512 = CARTESIAN_POINT ( 'NONE',  ( -0.8333458230445190962, 1.310000000000000053, -1.719317577764704508 ) ) ;
#4513 = ORIENTED_EDGE ( 'NONE', *, *, #921, .T. ) ;
#4514 = ORIENTED_EDGE ( 'NONE', *, *, #3606, .T. ) ;
#4515 = PLANE ( 'NONE',  #2104 ) ;
#4516 =( LENGTH_UNIT ( ) NAMED_UNIT ( * ) SI_UNIT ( .MILLI., .METRE. ) );
#4517 = ORIENTED_EDGE ( 'NONE', *, *, #2448, .T. ) ;
#4518 = FILL_AREA_STYLE ('',( #11886 ) ) ;
#4519 = UNCERTAINTY_MEASURE_WITH_UNIT (LENGTH_MEASURE( 1.000000000000000082E-05 ), #6375, 'distance_accuracy_value', 'NONE');
#4520 = ADVANCED_FACE ( 'NONE', ( #10457 ), #11426, .F. ) ;
#4521 = CARTESIAN_POINT ( 'NONE',  ( 0.8265272900843716464, 1.310000000000000053, -1.801344231639347093 ) ) ;
#4522 =( LENGTH_UNIT ( ) NAMED_UNIT ( * ) SI_UNIT ( .MILLI., .METRE. ) );
#4523 = SURFACE_STYLE_FILL_AREA ( #851 ) ;
#4524 = FACE_OUTER_BOUND ( 'NONE', #3028, .T. ) ;
#4525 = ORIENTED_EDGE ( 'NONE', *, *, #11330, .F. ) ;
#4526 = LINE ( 'NONE', #3543, #10799 ) ;
#4527 = FILL_AREA_STYLE_COLOUR ( '', #6355 ) ;
#4528 = CARTESIAN_POINT ( 'NONE',  ( -0.3719012597835185119, 1.310000000000000053, -1.755813080627426581 ) ) ;
#4529 = CARTESIAN_POINT ( 'NONE',  ( -0.7453823033245314811, 1.310000000000000053, -1.354154597554450667 ) ) ;
#4530 = ORIENTED_EDGE ( 'NONE', *, *, #4359, .F. ) ;
#4531 = PLANE ( 'NONE',  #1845 ) ;
#4532 = FILL_AREA_STYLE_COLOUR ( '', #8517 ) ;
#4533 = ORIENTED_EDGE ( 'NONE', *, *, #6590, .F. ) ;
#4534 = CARTESIAN_POINT ( 'NONE',  ( -0.7746514886687700940, 1.300000000000000044, -1.700186032104093803 ) ) ;
#4535 = B_SPLINE_SURFACE_WITH_KNOTS ( 'NONE', 3, 1, ( 
 ( #9069, #1786 ),
 ( #1658, #9977 ),
 ( #743, #11036 ),
 ( #5506, #11854 ) ),
 .UNSPECIFIED., .F., .F., .F.,
 ( 4, 4 ),
 ( 2, 2 ),
 ( 18.00000000000000000, 19.00000000000000000 ),
 ( 0.0000000000000000000, 1.000000000000000000 ),
 .UNSPECIFIED. ) ;
#4536 = FACE_OUTER_BOUND ( 'NONE', #11253, .T. ) ;
#4537 = CARTESIAN_POINT ( 'NONE',  ( 0.6674687013214487541, 1.300000000000000044, -1.386345902652515116 ) ) ;
#4538 = DIRECTION ( 'NONE',  ( -0.0000000000000000000, -1.000000000000000000, -0.0000000000000000000 ) ) ;
#4539 = CARTESIAN_POINT ( 'NONE',  ( -0.2744759430247415977, 1.300000000000000044, -1.359041459761119786 ) ) ;
#4540 = ADVANCED_FACE ( 'NONE', ( #8761 ), #3521, .F. ) ;
#4542 = UNCERTAINTY_MEASURE_WITH_UNIT (LENGTH_MEASURE( 1.000000000000000082E-05 ), #6670, 'distance_accuracy_value', 'NONE');
#4541 = CARTESIAN_POINT ( 'NONE',  ( 0.5055181271853212976, 1.310000000000000053, -1.299586672418065136 ) ) ;
#4543 = LINE ( 'NONE', #2639, #193 ) ;
#4544 = CARTESIAN_POINT ( 'NONE',  ( 0.9060565982561902265, 1.310000000000000053, -1.877981485487228541 ) ) ;
#4545 = VERTEX_POINT ( 'NONE', #10685 ) ;
#4546 = B_SPLINE_CURVE_WITH_KNOTS ( 'NONE', 3,
 ( #6154, #5093, #11556, #7072 ),
 .UNSPECIFIED., .F., .F.,
 ( 4, 4 ),
 ( 11.00000000000000000, 12.00000000000000000 ),
 .UNSPECIFIED. ) ;
#4547 = EDGE_LOOP ( 'NONE', ( #4926, #3104, #197, #2152, #9714, #6723, #8015, #11729, #11851, #8770, #5379, #9388, #604, #5750, #1380, #311, #4056, #7595, #2321, #10315, #9700 ) ) ;
#4548 = CARTESIAN_POINT ( 'NONE',  ( -0.3733569208660932892, 1.310000000000000053, -1.872058015672275921 ) ) ;
#4549 = CARTESIAN_POINT ( 'NONE',  ( -0.2972466413917861372, 1.310000000000000053, -1.750926218420765235 ) ) ;
#4550 = AXIS2_PLACEMENT_3D ( 'NONE', #3744, #2086, #194 ) ;
#4551 = DIRECTION ( 'NONE',  ( -6.664894986923658622E-15, 0.0000000000000000000, -1.000000000000000000 ) ) ;
#4552 = PRESENTATION_STYLE_ASSIGNMENT (( #9150 ) ) ;
#4553 = LINE ( 'NONE', #10187, #2074 ) ;
#4554 = LINE ( 'NONE', #11986, #2130 ) ;
#4555 = VERTEX_POINT ( 'NONE', #10738 ) ;
#4556 = ORIENTED_EDGE ( 'NONE', *, *, #5454, .T. ) ;
#4557 = FILL_AREA_STYLE ('',( #9155 ) ) ;
#4558 = CARTESIAN_POINT ( 'NONE',  ( -0.2990142298495890305, 1.300000000000000044, -1.797091469905306216 ) ) ;
#4559 = PRODUCT_DEFINITION_SHAPE ( 'NONE', 'NONE',  #9880 ) ;
#4560 = ADVANCED_FACE ( 'NONE', ( #10796 ), #11824, .F. ) ;
#4561 = PRESENTATION_STYLE_ASSIGNMENT (( #8151 ) ) ;
#4562 = CARTESIAN_POINT ( 'NONE',  ( 0.7007263952121400852, 1.300000000000000044, -1.319830492461156579 ) ) ;
#4563 = EDGE_CURVE ( 'NONE', #586, #10007, #8856, .T. ) ;
#4564 =( LENGTH_UNIT ( ) NAMED_UNIT ( * ) SI_UNIT ( .MILLI., .METRE. ) );
#4565 = CARTESIAN_POINT ( 'NONE',  ( 0.3001879930913122774, 1.300000000000000044, -1.567094298974051059 ) ) ;
#4566 = STYLED_ITEM ( 'NONE', ( #3656 ), #4999 ) ;
#4567 = ADVANCED_FACE ( 'NONE', ( #2364 ), #3392, .F. ) ;
#4568 = CARTESIAN_POINT ( 'NONE',  ( -0.1729955703921096100, 1.310000000000000053, -1.820797950398037601 ) ) ;
#4569 = EDGE_CURVE ( 'NONE', #3138, #5504, #10075, .T. ) ;
#4570 =( NAMED_UNIT ( * ) SI_UNIT ( $, .STERADIAN. ) SOLID_ANGLE_UNIT ( ) );
#4571 = LINE ( 'NONE', #7418, #3706 ) ;
#4572 = ORIENTED_EDGE ( 'NONE', *, *, #1904, .T. ) ;
#4573 = CARTESIAN_POINT ( 'NONE',  ( -0.03288819116795062281, 1.310000000000000053, -1.700186032104098688 ) ) ;
#4574 = ORIENTED_EDGE ( 'NONE', *, *, #9473, .F. ) ;
#4575 = VERTEX_POINT ( 'NONE', #11874 ) ;
#4576 =( GEOMETRIC_REPRESENTATION_CONTEXT ( 3 ) GLOBAL_UNCERTAINTY_ASSIGNED_CONTEXT ( ( #11513 ) ) GLOBAL_UNIT_ASSIGNED_CONTEXT ( ( #9119, #662, #5363 ) ) REPRESENTATION_CONTEXT ( 'NONE', 'WORKASPACE' ) );
#4577 = LINE ( 'NONE', #7359, #9395 ) ;
#4578 = ORIENTED_EDGE ( 'NONE', *, *, #4569, .F. ) ;
#4579 = CARTESIAN_POINT ( 'NONE',  ( -0.2279987641649743046, 1.300000000000000044, -1.843048769806822529 ) ) ;
#4580 = CARTESIAN_POINT ( 'NONE',  ( 0.6240890862035279874, 1.300000000000000044, -1.831709884997493765 ) ) ;
#4581 = SURFACE_SIDE_STYLE ('',( #848 ) ) ;
#4582 = EDGE_CURVE ( 'NONE', #10096, #8599, #8393, .T. ) ;
#4583 = STYLED_ITEM ( 'NONE', ( #10596 ), #2167 ) ;
#4584 = FILL_AREA_STYLE_COLOUR ( '', #5620 ) ;
#4585 = FILL_AREA_STYLE_COLOUR ( '', #9691 ) ;
#4586 = UNCERTAINTY_MEASURE_WITH_UNIT (LENGTH_MEASURE( 1.000000000000000082E-05 ), #6538, 'distance_accuracy_value', 'NONE');
#4587 = SURFACE_SIDE_STYLE ('',( #7434 ) ) ;
#4588 = EDGE_CURVE ( 'NONE', #2972, #2821, #2657, .T. ) ;
#4589 = ORIENTED_EDGE ( 'NONE', *, *, #5691, .T. ) ;
#4590 = FILL_AREA_STYLE_COLOUR ( '', #7316 ) ;
#4591 = LINE ( 'NONE', #12022, #3253 ) ;
#4592 = SURFACE_STYLE_FILL_AREA ( #2757 ) ;
#4593 = CARTESIAN_POINT ( 'NONE',  ( -0.3310387736723940377, 1.300000000000000044, -1.883599328542718609 ) ) ;
#4594 = EDGE_CURVE ( 'NONE', #6553, #6483, #2120, .T. ) ;
#4595 = DIRECTION ( 'NONE',  ( -1.000000000000000000, 0.0000000000000000000, 7.724035640601777784E-15 ) ) ;
#4596 = CARTESIAN_POINT ( 'NONE',  ( 0.8482170700629673155, 1.300000000000000044, -1.416711638750715041 ) ) ;
#4597 = CARTESIAN_POINT ( 'NONE',  ( -0.2917879123311052370, 1.310000000000000053, -1.783054738035770637 ) ) ;
#4598 = ORIENTED_EDGE ( 'NONE', *, *, #11260, .F. ) ;
#4599 =( NAMED_UNIT ( * ) SI_UNIT ( $, .STERADIAN. ) SOLID_ANGLE_UNIT ( ) );
#4600 = FACE_OUTER_BOUND ( 'NONE', #10329, .T. ) ;
#4601 =( NAMED_UNIT ( * ) SI_UNIT ( $, .STERADIAN. ) SOLID_ANGLE_UNIT ( ) );
#4602 = EDGE_LOOP ( 'NONE', ( #3031, #11653, #708, #11197 ) ) ;
#4603 = CARTESIAN_POINT ( 'NONE',  ( -0.3535495325606460293, 1.310000000000000053, -1.862804170216505462 ) ) ;
#4604 = CARTESIAN_POINT ( 'NONE',  ( -0.3812070931343504165, 1.310000000000000053, -1.816638918731964480 ) ) ;
#4605 = CARTESIAN_POINT ( 'NONE',  ( -0.2916319486438345709, 1.310000000000000053, -1.875073313628925264 ) ) ;
#4606 =( LENGTH_UNIT ( ) NAMED_UNIT ( * ) SI_UNIT ( .MILLI., .METRE. ) );
#4607 = PRESENTATION_LAYER_ASSIGNMENT (  '', '', ( #1463 ) ) ;
#4608 =( LENGTH_UNIT ( ) NAMED_UNIT ( * ) SI_UNIT ( .MILLI., .METRE. ) );
#4609 = VERTEX_POINT ( 'NONE', #3573 ) ;
#4610 = CARTESIAN_POINT ( 'NONE',  ( -0.7332691235993779033, 1.300000000000000044, -1.391585882542178521 ) ) ;
#4611 =( NAMED_UNIT ( * ) PLANE_ANGLE_UNIT ( ) SI_UNIT ( $, .RADIAN. ) );
#4612 =( GEOMETRIC_REPRESENTATION_CONTEXT ( 3 ) GLOBAL_UNCERTAINTY_ASSIGNED_CONTEXT ( ( #8403 ) ) GLOBAL_UNIT_ASSIGNED_CONTEXT ( ( #11777, #2503, #5366 ) ) REPRESENTATION_CONTEXT ( 'NONE', 'WORKASPACE' ) );
#4613 =( NAMED_UNIT ( * ) PLANE_ANGLE_UNIT ( ) SI_UNIT ( $, .RADIAN. ) );
#4614 = CARTESIAN_POINT ( 'NONE',  ( -0.3310387736723940377, 1.310000000000000053, -1.883599328542718609 ) ) ;
#4615 = ORIENTED_EDGE ( 'NONE', *, *, #5982, .F. ) ;
#4616 = ORIENTED_EDGE ( 'NONE', *, *, #556, .T. ) ;
#4617 =( LENGTH_UNIT ( ) NAMED_UNIT ( * ) SI_UNIT ( .MILLI., .METRE. ) );
#4618 = FILL_AREA_STYLE_COLOUR ( '', #7944 ) ;
#4619 = EDGE_CURVE ( 'NONE', #7290, #11099, #7798, .T. ) ;
#4620 = STYLED_ITEM ( 'NONE', ( #7785 ), #11268 ) ;
#4621 = CARTESIAN_POINT ( 'NONE',  ( 1.082467030307589839, 1.310000000000000053, -1.650961543834610357 ) ) ;
#4622 = SURFACE_STYLE_USAGE ( .BOTH. , #11873 ) ;
#4623 = PRESENTATION_LAYER_ASSIGNMENT (  '', '', ( #7912 ) ) ;
#4624 = CARTESIAN_POINT ( 'NONE',  ( -0.1138853328496115674, 1.310000000000000053, -1.557531245985789514 ) ) ;
#4625 = VECTOR ( 'NONE', #4484, 1000.000000000000000 ) ;
#4626 = PRESENTATION_LAYER_ASSIGNMENT (  '', '', ( #6747 ) ) ;
#4627 = FACE_OUTER_BOUND ( 'NONE', #6499, .T. ) ;
#4628 = VECTOR ( 'NONE', #9442, 1000.000000000000000 ) ;
#4629 = CARTESIAN_POINT ( 'NONE',  ( -0.3180417997179912359, 1.310000000000000053, -1.766002708208199712 ) ) ;
#4630 = ORIENTED_EDGE ( 'NONE', *, *, #7596, .T. ) ;
#4631 = SURFACE_SIDE_STYLE ('',( #3720 ) ) ;
#4632 = MECHANICAL_DESIGN_GEOMETRIC_PRESENTATION_REPRESENTATION (  '', ( #9645 ), #11953 ) ;
#4633 = ORIENTED_EDGE ( 'NONE', *, *, #1942, .F. ) ;
#4634 = ORIENTED_EDGE ( 'NONE', *, *, #10406, .T. ) ;
#4635 =( NAMED_UNIT ( * ) PLANE_ANGLE_UNIT ( ) SI_UNIT ( $, .RADIAN. ) );
#4636 = FILL_AREA_STYLE ('',( #901 ) ) ;
#4637 =( GEOMETRIC_REPRESENTATION_CONTEXT ( 3 ) GLOBAL_UNCERTAINTY_ASSIGNED_CONTEXT ( ( #7640 ) ) GLOBAL_UNIT_ASSIGNED_CONTEXT ( ( #5553, #9317, #6455 ) ) REPRESENTATION_CONTEXT ( 'NONE', 'WORKASPACE' ) );
#4638 = VERTEX_POINT ( 'NONE', #833 ) ;
#4639 = FILL_AREA_STYLE_COLOUR ( '', #3443 ) ;
#4640 = UNCERTAINTY_MEASURE_WITH_UNIT (LENGTH_MEASURE( 1.000000000000000082E-05 ), #6820, 'distance_accuracy_value', 'NONE');
#4641 =( GEOMETRIC_REPRESENTATION_CONTEXT ( 3 ) GLOBAL_UNCERTAINTY_ASSIGNED_CONTEXT ( ( #5650 ) ) GLOBAL_UNIT_ASSIGNED_CONTEXT ( ( #2124, #11575, #3208 ) ) REPRESENTATION_CONTEXT ( 'NONE', 'WORKASPACE' ) );
#4642 = VECTOR ( 'NONE', #6791, 1000.000000000000000 ) ;
#4643 = CARTESIAN_POINT ( 'NONE',  ( -0.2916319486438342934, 1.300000000000000044, -1.848767438346977876 ) ) ;
#4644 = VECTOR ( 'NONE', #6291, 1000.000000000000000 ) ;
#4645 = SURFACE_STYLE_USAGE ( .BOTH. , #4581 ) ;
#4646 = CARTESIAN_POINT ( 'NONE',  ( -0.5978926428953114103, 1.300000000000000044, -1.381084327586869609 ) ) ;
#4647 = MECHANICAL_DESIGN_GEOMETRIC_PRESENTATION_REPRESENTATION (  '', ( #4053 ), #9076 ) ;
#4648 = CARTESIAN_POINT ( 'NONE',  ( -0.3791105784816492519, -2.270378382862994648, -0.6545324486406429720 ) ) ;
#4649 =( GEOMETRIC_REPRESENTATION_CONTEXT ( 3 ) GLOBAL_UNCERTAINTY_ASSIGNED_CONTEXT ( ( #9132 ) ) GLOBAL_UNIT_ASSIGNED_CONTEXT ( ( #4927, #3146, #5762 ) ) REPRESENTATION_CONTEXT ( 'NONE', 'WORKASPACE' ) );
#4650 = DIRECTION ( 'NONE',  ( 0.0000000000000000000, -0.0000000000000000000, -1.000000000000000000 ) ) ;
#4651 = B_SPLINE_SURFACE_WITH_KNOTS ( 'NONE', 3, 1, ( 
 ( #7472, #459 ),
 ( #8795, #6118 ),
 ( #10559, #513 ),
 ( #9629, #8848 ) ),
 .UNSPECIFIED., .F., .F., .F.,
 ( 4, 4 ),
 ( 2, 2 ),
 ( 3.000000000000000000, 4.000000000000000000 ),
 ( 0.0000000000000000000, 1.000000000000000000 ),
 .UNSPECIFIED. ) ;
#4652 = B_SPLINE_CURVE_WITH_KNOTS ( 'NONE', 3,
 ( #6644, #2810, #58, #1968 ),
 .UNSPECIFIED., .F., .F.,
 ( 4, 4 ),
 ( 11.00000000000000000, 12.00000000000000000 ),
 .UNSPECIFIED. ) ;
#4653 = CARTESIAN_POINT ( 'NONE',  ( -0.7746514886687700940, 1.310000000000000053, -1.700186032104093803 ) ) ;
#4654 = PRESENTATION_LAYER_ASSIGNMENT (  '', '', ( #4246 ) ) ;
#4655 = MECHANICAL_DESIGN_GEOMETRIC_PRESENTATION_REPRESENTATION (  '', ( #2108 ), #6769 ) ;
#4656 = VERTEX_POINT ( 'NONE', #960 ) ;
#4657 = CARTESIAN_POINT ( 'NONE',  ( -0.2309620742265690030, 1.310000000000000053, -1.857709356426818115 ) ) ;
#4658 = PRESENTATION_LAYER_ASSIGNMENT (  '', '', ( #1705 ) ) ;
#4659 = CARTESIAN_POINT ( 'NONE',  ( -0.7176727548557694236, 1.310000000000000053, -1.676791478987285089 ) ) ;
#4660 = CARTESIAN_POINT ( 'NONE',  ( 0.2944040223455993699, 1.300000000000000044, -1.788330325038918422 ) ) ;
#4661 = CARTESIAN_POINT ( 'NONE',  ( -0.3812070931343504165, 1.300000000000000044, -1.816638918731964480 ) ) ;
#4662 =( GEOMETRIC_REPRESENTATION_CONTEXT ( 3 ) GLOBAL_UNCERTAINTY_ASSIGNED_CONTEXT ( ( #8297 ) ) GLOBAL_UNIT_ASSIGNED_CONTEXT ( ( #10535, #380, #2259 ) ) REPRESENTATION_CONTEXT ( 'NONE', 'WORKASPACE' ) );
#4663 = PRESENTATION_LAYER_ASSIGNMENT (  '', '', ( #10841 ) ) ;
#4664 = CARTESIAN_POINT ( 'NONE',  ( -0.1662371439361186309, 1.300000000000000044, -1.839201665516672968 ) ) ;
#4665 = B_SPLINE_CURVE_WITH_KNOTS ( 'NONE', 3,
 ( #11293, #11559, #3252, #2221 ),
 .UNSPECIFIED., .F., .F.,
 ( 4, 4 ),
 ( 3.000000000000000000, 4.000000000000000000 ),
 .UNSPECIFIED. ) ;
#4666 = CARTESIAN_POINT ( 'NONE',  ( -0.3897331080481357679, 1.310000000000000053, -1.840657326599245192 ) ) ;
#4667 = PRESENTATION_LAYER_ASSIGNMENT (  '', '', ( #8138 ) ) ;
#4668 =( LENGTH_UNIT ( ) NAMED_UNIT ( * ) SI_UNIT ( .MILLI., .METRE. ) );
#4669 = AXIS2_PLACEMENT_3D ( 'NONE', #8697, #9761, #1440 ) ;
#4670 = PRESENTATION_LAYER_ASSIGNMENT (  '', '', ( #156 ) ) ;
#4671 = CARTESIAN_POINT ( 'NONE',  ( -0.2309620742265690307, 1.300000000000000044, -1.857709356426818115 ) ) ;
#4672 = VERTEX_POINT ( 'NONE', #11225 ) ;
#4673 = CARTESIAN_POINT ( 'NONE',  ( -0.1736194251418753109, 1.310000000000000053, -1.856149719552735666 ) ) ;
#4675 = CARTESIAN_POINT ( 'NONE',  ( -2.299999999999999822, 0.0000000000000000000, 2.250000000000000000 ) ) ;
#4674 =( GEOMETRIC_REPRESENTATION_CONTEXT ( 3 ) GLOBAL_UNCERTAINTY_ASSIGNED_CONTEXT ( ( #8071 ) ) GLOBAL_UNIT_ASSIGNED_CONTEXT ( ( #5142, #9783, #3244 ) ) REPRESENTATION_CONTEXT ( 'NONE', 'WORKASPACE' ) );
#4676 = ORIENTED_EDGE ( 'NONE', *, *, #10798, .T. ) ;
#4677 = CARTESIAN_POINT ( 'NONE',  ( -0.4765009061650223310, 1.310000000000000053, -1.902107019452861980 ) ) ;
#4678 = PRODUCT ( 'TO-92-3_L4.6-W3.6-P1.27-L_1', 'TO-92-3_L4.6-W3.6-P1.27-L_1', '', ( #7989 ) ) ;
#4679 = CARTESIAN_POINT ( 'NONE',  ( -0.9818232534944985046, 1.309999999999999609, -1.717030110348640948 ) ) ;
#4680 = CARTESIAN_POINT ( 'NONE',  ( -0.1308853747807336154, 1.300000000000000044, -1.514693219833828763 ) ) ;
#4681 = B_SPLINE_CURVE_WITH_KNOTS ( 'NONE', 3,
 ( #8487, #1744, #825, #2645 ),
 .UNSPECIFIED., .F., .F.,
 ( 4, 4 ),
 ( 12.00000000000000000, 13.00000000000000000 ),
 .UNSPECIFIED. ) ;
#4682 = ADVANCED_FACE ( 'NONE', ( #88 ), #11997, .F. ) ;
#4683 = PRESENTATION_LAYER_ASSIGNMENT (  '', '', ( #6023 ) ) ;
#4684 = SURFACE_STYLE_USAGE ( .BOTH. , #5510 ) ;
#4685 = ORIENTED_EDGE ( 'NONE', *, *, #4439, .T. ) ;
#4686 = COLOUR_RGB ( '',1.000000000000000000, 1.000000000000000000, 1.000000000000000000 ) ;
#4687 = UNCERTAINTY_MEASURE_WITH_UNIT (LENGTH_MEASURE( 1.000000000000000082E-05 ), #1127, 'distance_accuracy_value', 'NONE');
#4688 = B_SPLINE_CURVE_WITH_KNOTS ( 'NONE', 3,
 ( #224, #10269, #11291, #7531 ),
 .UNSPECIFIED., .F., .F.,
 ( 4, 4 ),
 ( 6.000000000000000000, 7.000000000000000000 ),
 .UNSPECIFIED. ) ;
#4689 = LINE ( 'NONE', #11914, #10306 ) ;
#4690 = CARTESIAN_POINT ( 'NONE',  ( -0.9719975411854099301, 1.310000000000000053, -1.676791478987283313 ) ) ;
#4691 = STYLED_ITEM ( 'NONE', ( #6931 ), #6870 ) ;
#4692 = ORIENTED_EDGE ( 'NONE', *, *, #3147, .T. ) ;
#4693 = ORIENTED_EDGE ( 'NONE', *, *, #5624, .F. ) ;
#4694 = CARTESIAN_POINT ( 'NONE',  ( -0.5792289882979033688, 1.300000000000000044, -1.513133582959742540 ) ) ;
#4695 = CARTESIAN_POINT ( 'NONE',  ( -0.3303629310268647590, 1.300000000000000044, -1.816326991357427589 ) ) ;
#4696 = FILL_AREA_STYLE ('',( #644 ) ) ;
#4697 = CARTESIAN_POINT ( 'NONE',  ( -0.3303629310268647590, 1.310000000000000053, -1.816326991357427589 ) ) ;
#4698 =( GEOMETRIC_REPRESENTATION_CONTEXT ( 3 ) GLOBAL_UNCERTAINTY_ASSIGNED_CONTEXT ( ( #7027 ) ) GLOBAL_UNIT_ASSIGNED_CONTEXT ( ( #8106, #613, #3598 ) ) REPRESENTATION_CONTEXT ( 'NONE', 'WORKASPACE' ) );
#4699 = DIRECTION ( 'NONE',  ( -0.0000000000000000000, 0.0000000000000000000, -1.000000000000000000 ) ) ;
#4700 =( NAMED_UNIT ( * ) SI_UNIT ( $, .STERADIAN. ) SOLID_ANGLE_UNIT ( ) );
#4701 = PRESENTATION_STYLE_ASSIGNMENT (( #5586 ) ) ;
#4702 =( NAMED_UNIT ( * ) PLANE_ANGLE_UNIT ( ) SI_UNIT ( $, .RADIAN. ) );
#4703 = CARTESIAN_POINT ( 'NONE',  ( -0.3607238621826807656, 1.310000000000000053, -1.731586721177126087 ) ) ;
#4704 = EDGE_LOOP ( 'NONE', ( #1388, #3331, #840, #10828 ) ) ;
#4705 = PLANE ( 'NONE',  #5089 ) ;
#4706 = ORIENTED_EDGE ( 'NONE', *, *, #10143, .T. ) ;
#4707 = ORIENTED_EDGE ( 'NONE', *, *, #1269, .T. ) ;
#4708 = SURFACE_STYLE_FILL_AREA ( #5482 ) ;
#4709 = SURFACE_STYLE_USAGE ( .BOTH. , #1878 ) ;
#4710 = ORIENTED_EDGE ( 'NONE', *, *, #2637, .F. ) ;
#4711 =( NAMED_UNIT ( * ) PLANE_ANGLE_UNIT ( ) SI_UNIT ( $, .RADIAN. ) );
#4712 = DIRECTION ( 'NONE',  ( -9.351971403878175235E-15, 0.0000000000000000000, -1.000000000000000000 ) ) ;
#4713 = VECTOR ( 'NONE', #8641, 1000.000000000000000 ) ;
#4714 = FILL_AREA_STYLE ('',( #7675 ) ) ;
#4715 = CARTESIAN_POINT ( 'NONE',  ( 0.3623654303939469745, 1.310000000000000053, -1.567094298974051281 ) ) ;
#4716 = CARTESIAN_POINT ( 'NONE',  ( -0.7173088395840806486, 1.310000000000000053, -1.354154597554450667 ) ) ;
#4717 = EDGE_CURVE ( 'NONE', #9516, #10950, #11119, .T. ) ;
#4718 = CARTESIAN_POINT ( 'NONE',  ( -0.3635831964527602711, 1.310000000000000053, -1.843152745598332087 ) ) ;
#4719 = B_SPLINE_CURVE_WITH_KNOTS ( 'NONE', 3,
 ( #3895, #87, #3823, #7713 ),
 .UNSPECIFIED., .F., .F.,
 ( 4, 4 ),
 ( 4.000000000000000000, 5.000000000000000000 ),
 .UNSPECIFIED. ) ;
#4720 = SURFACE_STYLE_FILL_AREA ( #2682 ) ;
#4721 = ORIENTED_EDGE ( 'NONE', *, *, #6681, .F. ) ;
#4722 = CARTESIAN_POINT ( 'NONE',  ( 0.4722604332932450744, 1.300000000000000044, -1.386345902652514006 ) ) ;
#4723 =( LENGTH_UNIT ( ) NAMED_UNIT ( * ) SI_UNIT ( .MILLI., .METRE. ) );
#4724 = CARTESIAN_POINT ( 'NONE',  ( -0.4487913576948705519, 1.300000000000000044, -1.906266051118935101 ) ) ;
#4725 = FACE_OUTER_BOUND ( 'NONE', #8945, .T. ) ;
#4726 =( NAMED_UNIT ( * ) SI_UNIT ( $, .STERADIAN. ) SOLID_ANGLE_UNIT ( ) );
#4727 = CARTESIAN_POINT ( 'NONE',  ( -0.8832542030290820856, 1.310000000000000053, -1.807385073277584242 ) ) ;
#4728 = SURFACE_STYLE_FILL_AREA ( #8298 ) ;
#4729 = ORIENTED_EDGE ( 'NONE', *, *, #3797, .F. ) ;
#4730 = CARTESIAN_POINT ( 'NONE',  ( -0.4737455476857673764, 1.300000000000000044, -1.853342373177716995 ) ) ;
#4731 = ADVANCED_FACE ( 'NONE', ( #11169 ), #10196, .F. ) ;
#4732 = DIRECTION ( 'NONE',  ( -0.0000000000000000000, -1.000000000000000000, -0.0000000000000000000 ) ) ;
#4733 = PLANE ( 'NONE',  #3633 ) ;
#4734 = ORIENTED_EDGE ( 'NONE', *, *, #9827, .T. ) ;
#4735 = EDGE_CURVE ( 'NONE', #549, #1842, #69, .T. ) ;
#4736 = CARTESIAN_POINT ( 'NONE',  ( -1.520000000000000018, -0.2000000000000000111, -2.250000000000000000 ) ) ;
#4737 = CARTESIAN_POINT ( 'NONE',  ( -0.3310387736723940377, 1.310000000000000053, -1.883599328542718609 ) ) ;
#4738 = CARTESIAN_POINT ( 'NONE',  ( -0.6183238859512261154, 1.300000000000000044, -1.510014309210187200 ) ) ;
#4739 = FACE_OUTER_BOUND ( 'NONE', #9526, .T. ) ;
#4740 = ADVANCED_FACE ( 'NONE', ( #8415 ), #6580, .F. ) ;
#4741 = CARTESIAN_POINT ( 'NONE',  ( -0.8333458230445190962, 1.300000000000000044, -1.719317577764704508 ) ) ;
#4742 = ORIENTED_EDGE ( 'NONE', *, *, #7255, .F. ) ;
#4743 = CARTESIAN_POINT ( 'NONE',  ( -0.7453823033245314811, 1.310000000000000053, -1.354154597554450667 ) ) ;
#4744 = B_SPLINE_CURVE_WITH_KNOTS ( 'NONE', 3,
 ( #2817, #4597, #11196, #11143 ),
 .UNSPECIFIED., .F., .F.,
 ( 4, 4 ),
 ( 5.000000000000000000, 6.000000000000000000 ),
 .UNSPECIFIED. ) ;
#4745 = CARTESIAN_POINT ( 'NONE',  ( -0.03288819116794932523, 1.310000000000000053, -1.534344644452006579 ) ) ;
#4746 = CARTESIAN_POINT ( 'NONE',  ( -0.2500000000000000000, 0.2000000000000000111, -7.249999999999999112 ) ) ;
#4747 =( NAMED_UNIT ( * ) PLANE_ANGLE_UNIT ( ) SI_UNIT ( $, .RADIAN. ) );
#4748 = EDGE_CURVE ( 'NONE', #171, #5560, #1524, .T. ) ;
#4749 = DIRECTION ( 'NONE',  ( -0.0000000000000000000, -1.000000000000000000, -0.0000000000000000000 ) ) ;
#4750 = VERTEX_POINT ( 'NONE', #7441 ) ;
#4751 = ORIENTED_EDGE ( 'NONE', *, *, #8267, .F. ) ;
#4752 = CARTESIAN_POINT ( 'NONE',  ( -0.4082407989589754704, 1.310000000000000053, -1.946504682480287185 ) ) ;
#4753 = SURFACE_STYLE_FILL_AREA ( #1071 ) ;
#4754 = B_SPLINE_SURFACE_WITH_KNOTS ( 'NONE', 3, 1, ( 
 ( #5947, #3327 ),
 ( #6183, #2406 ),
 ( #9872, #9747 ),
 ( #7789, #1314 ) ),
 .UNSPECIFIED., .F., .F., .F.,
 ( 4, 4 ),
 ( 2, 2 ),
 ( 2.000000000000000000, 3.000000000000000000 ),
 ( 0.0000000000000000000, 1.000000000000000000 ),
 .UNSPECIFIED. ) ;
#4755 = EDGE_CURVE ( 'NONE', #11701, #9770, #5182, .T. ) ;
#4756 = FILL_AREA_STYLE ('',( #5660 ) ) ;
#4757 = UNCERTAINTY_MEASURE_WITH_UNIT (LENGTH_MEASURE( 1.000000000000000082E-05 ), #11060, 'distance_accuracy_value', 'NONE');
#4758 = CARTESIAN_POINT ( 'NONE',  ( 1.020000000000000018, -0.2000000000000000111, -2.250000000000000000 ) ) ;
#4759 = CARTESIAN_POINT ( 'NONE',  ( -0.3142986712193585053, 1.300000000000000044, -1.809880492276675135 ) ) ;
#4760 = CARTESIAN_POINT ( 'NONE',  ( 0.1599272265137985372, 1.310000000000000053, -1.678435266980274898 ) ) ;
#4761 = FILL_AREA_STYLE ('',( #1022 ) ) ;
#4762 = CARTESIAN_POINT ( 'NONE',  ( -0.3721611992623068965, 1.310000000000000053, -1.733666237010166533 ) ) ;
#4763 = ORIENTED_EDGE ( 'NONE', *, *, #10194, .T. ) ;
#4764 = FILL_AREA_STYLE_COLOUR ( '', #213 ) ;
#4765 = VERTEX_POINT ( 'NONE', #10405 ) ;
#4766 = VERTEX_POINT ( 'NONE', #4786 ) ;
#4767 = SURFACE_STYLE_USAGE ( .BOTH. , #2008 ) ;
#4768 = ORIENTED_EDGE ( 'NONE', *, *, #4946, .F. ) ;
#4769 = CARTESIAN_POINT ( 'NONE',  ( -0.6792536998472826770, 1.310000000000000053, -1.856981525884830786 ) ) ;
#4770 = STYLED_ITEM ( 'NONE', ( #11605 ), #4945 ) ;
#4771 = CARTESIAN_POINT ( 'NONE',  ( -0.3206411945092867422, 1.300000000000000044, -1.761219821793045925 ) ) ;
#4772 =( NAMED_UNIT ( * ) SI_UNIT ( $, .STERADIAN. ) SOLID_ANGLE_UNIT ( ) );
#4773 =( NAMED_UNIT ( * ) SI_UNIT ( $, .STERADIAN. ) SOLID_ANGLE_UNIT ( ) );
#4774 = CARTESIAN_POINT ( 'NONE',  ( -0.09981887921298966682, -2.299999999999999822, -0.7500000000000003331 ) ) ;
#4775 = CARTESIAN_POINT ( 'NONE',  ( -0.4127637458946532556, 1.310000000000000053, -1.947856367771343633 ) ) ;
#4776 = LINE ( 'NONE', #6819, #3694 ) ;
#4777 =( GEOMETRIC_REPRESENTATION_CONTEXT ( 3 ) GLOBAL_UNCERTAINTY_ASSIGNED_CONTEXT ( ( #4126 ) ) GLOBAL_UNIT_ASSIGNED_CONTEXT ( ( #2377, #10700, #1343 ) ) REPRESENTATION_CONTEXT ( 'NONE', 'WORKASPACE' ) );
#4778 =( NAMED_UNIT ( * ) SI_UNIT ( $, .STERADIAN. ) SOLID_ANGLE_UNIT ( ) );
#4779 = ORIENTED_EDGE ( 'NONE', *, *, #11667, .F. ) ;
#4780 = CARTESIAN_POINT ( 'NONE',  ( -1.897366596101027536, 1.300000000000000044, 2.250000000000000000 ) ) ;
#4781 = PLANE ( 'NONE',  #410 ) ;
#4782 =( NAMED_UNIT ( * ) SI_UNIT ( $, .STERADIAN. ) SOLID_ANGLE_UNIT ( ) );
#4783 =( NAMED_UNIT ( * ) SI_UNIT ( $, .STERADIAN. ) SOLID_ANGLE_UNIT ( ) );
#4784 = DIRECTION ( 'NONE',  ( 0.0000000000000000000, 0.0000000000000000000, 1.000000000000000000 ) ) ;
#4785 = VECTOR ( 'NONE', #10370, 1000.000000000000000 ) ;
#4786 = CARTESIAN_POINT ( 'NONE',  ( 0.2134287628575559093, 1.300000000000000044, -1.815804048184584740 ) ) ;
#4787 = DIRECTION ( 'NONE',  ( -0.3315284183503908744, -0.0000000000000000000, 0.9434452330824976141 ) ) ;
#4788 = ORIENTED_EDGE ( 'NONE', *, *, #6332, .F. ) ;
#4789 = DIRECTION ( 'NONE',  ( -0.8863488427958585714, 0.0000000000000000000, 0.4630180653867000395 ) ) ;
#4790 = LINE ( 'NONE', #5448, #6200 ) ;
#4791 = B_SPLINE_CURVE_WITH_KNOTS ( 'NONE', 3,
 ( #7840, #11531, #1153, #10511, #9578, #8757 ),
 .UNSPECIFIED., .F., .F.,
 ( 4, 2, 4 ),
 ( 2.000000000000000000, 3.000000000000000000, 4.000000000000000000 ),
 .UNSPECIFIED. ) ;
#4792 = ORIENTED_EDGE ( 'NONE', *, *, #6346, .T. ) ;
#4793 = ORIENTED_EDGE ( 'NONE', *, *, #7566, .T. ) ;
#4794 = CARTESIAN_POINT ( 'NONE',  ( -0.4469717813413128238, 1.300000000000000044, -1.948584198313327409 ) ) ;
#4795 = LINE ( 'NONE', #128, #11411 ) ;
#4796 = SURFACE_STYLE_FILL_AREA ( #8477 ) ;
#4797 = ADVANCED_FACE ( 'NONE', ( #8295 ), #10354, .F. ) ;
#4798 = CARTESIAN_POINT ( 'NONE',  ( 0.0000000000000000000, 1.310000000000000053, 0.0000000000000000000 ) ) ;
#4799 = EDGE_LOOP ( 'NONE', ( #8712, #9449, #5863, #872 ) ) ;
#4800 = B_SPLINE_CURVE_WITH_KNOTS ( 'NONE', 3,
 ( #373, #4958, #8646, #4156 ),
 .UNSPECIFIED., .F., .F.,
 ( 4, 4 ),
 ( 9.000000000000000000, 10.00000000000000000 ),
 .UNSPECIFIED. ) ;
#4801 =( NAMED_UNIT ( * ) SI_UNIT ( $, .STERADIAN. ) SOLID_ANGLE_UNIT ( ) );
#4802 = EDGE_LOOP ( 'NONE', ( #8780, #6028, #7060, #9668 ) ) ;
#4803 = VERTEX_POINT ( 'NONE', #4962 ) ;
#4804 = COLOUR_RGB ( '',1.000000000000000000, 1.000000000000000000, 1.000000000000000000 ) ;
#4805 = CYLINDRICAL_SURFACE ( 'NONE', #5423, 2.299999999999999822 ) ;
#4806 = EDGE_CURVE ( 'NONE', #2005, #7236, #7693, .T. ) ;
#4807 = PLANE ( 'NONE',  #1715 ) ;
#4808 = FILL_AREA_STYLE ('',( #1075 ) ) ;
#4809 = FACE_OUTER_BOUND ( 'NONE', #4390, .T. ) ;
#4810 = SURFACE_STYLE_USAGE ( .BOTH. , #3770 ) ;
#4811 = CARTESIAN_POINT ( 'NONE',  ( -0.5518313672022860938, 1.310000000000000053, -1.354154597554452000 ) ) ;
#4812 = CARTESIAN_POINT ( 'NONE',  ( 1.021735571901198902, 1.300000000000000044, -1.808574112331950756 ) ) ;
#4813 = VERTEX_POINT ( 'NONE', #10407 ) ;
#4814 = CARTESIAN_POINT ( 'NONE',  ( 0.3464595384217015739, 1.310000000000000053, -1.406589731314186187 ) ) ;
#4815 = ORIENTED_EDGE ( 'NONE', *, *, #90, .T. ) ;
#4816 = VERTEX_POINT ( 'NONE', #9495 ) ;
#4817 = FACE_OUTER_BOUND ( 'NONE', #8604, .T. ) ;
#4818 = DIRECTION ( 'NONE',  ( -5.962800923771145230E-15, 0.0000000000000000000, -1.000000000000000000 ) ) ;
#4819 = STYLED_ITEM ( 'NONE', ( #10471 ), #2944 ) ;
#4820 = VERTEX_POINT ( 'NONE', #1105 ) ;
#4821 = EDGE_CURVE ( 'NONE', #7639, #7254, #3130, .T. ) ;
#4822 = DIRECTION ( 'NONE',  ( 0.3416038306815562531, 0.0000000000000000000, 0.9398440417769783339 ) ) ;
#4823 = VECTOR ( 'NONE', #6025, 1000.000000000000000 ) ;
#4824 = DIRECTION ( 'NONE',  ( -0.0000000000000000000, -1.000000000000000000, -0.0000000000000000000 ) ) ;
#4825 = CARTESIAN_POINT ( 'NONE',  ( -0.4199380755173776070, 1.300000000000000044, -1.354154597554452666 ) ) ;
#4826 = CARTESIAN_POINT ( 'NONE',  ( -0.2262831636029221938, 1.300000000000000044, -1.350723396430359990 ) ) ;
#4827 = EDGE_CURVE ( 'NONE', #2333, #899, #6180, .T. ) ;
#4828 =( NAMED_UNIT ( * ) PLANE_ANGLE_UNIT ( ) SI_UNIT ( $, .RADIAN. ) );
#4829 = COLOUR_RGB ( '',1.000000000000000000, 1.000000000000000000, 1.000000000000000000 ) ;
#4830 = VECTOR ( 'NONE', #9125, 1000.000000000000000 ) ;
#4831 = PRESENTATION_LAYER_ASSIGNMENT (  '', '', ( #2454 ) ) ;
#4832 = EDGE_LOOP ( 'NONE', ( #5911, #11774, #7039, #8992, #2410, #11883, #2667 ) ) ;
#4833 = FACE_OUTER_BOUND ( 'NONE', #7635, .T. ) ;
#4834 = CARTESIAN_POINT ( 'NONE',  ( -0.5199627870660614715, 1.310000000000000053, -1.377549150671262490 ) ) ;
#4835 = AXIS2_PLACEMENT_3D ( 'NONE', #3814, #4551, #11111 ) ;
#4836 = AXIS2_PLACEMENT_3D ( 'NONE', #10812, #3536, #11763 ) ;
#4837 = ORIENTED_EDGE ( 'NONE', *, *, #11603, .T. ) ;
#4838 = LINE ( 'NONE', #191, #11207 ) ;
#4839 = COLOUR_RGB ( '',1.000000000000000000, 1.000000000000000000, 1.000000000000000000 ) ;
#4840 = B_SPLINE_CURVE_WITH_KNOTS ( 'NONE', 3,
 ( #1005, #3883, #10367, #8669 ),
 .UNSPECIFIED., .F., .F.,
 ( 4, 4 ),
 ( 3.000000000000000000, 4.000000000000000000 ),
 .UNSPECIFIED. ) ;
#4841 =( NAMED_UNIT ( * ) PLANE_ANGLE_UNIT ( ) SI_UNIT ( $, .RADIAN. ) );
#4842 = DIRECTION ( 'NONE',  ( 0.3559357243698807460, -0.0000000000000000000, 0.9345104387417446645 ) ) ;
#4843 =( GEOMETRIC_REPRESENTATION_CONTEXT ( 3 ) GLOBAL_UNCERTAINTY_ASSIGNED_CONTEXT ( ( #5281 ) ) GLOBAL_UNIT_ASSIGNED_CONTEXT ( ( #4093, #3164, #8688 ) ) REPRESENTATION_CONTEXT ( 'NONE', 'WORKASPACE' ) );
#4844 =( LENGTH_UNIT ( ) NAMED_UNIT ( * ) SI_UNIT ( .MILLI., .METRE. ) );
#4845 = EDGE_LOOP ( 'NONE', ( #6825, #2835, #10537, #4445 ) ) ;
#4846 = SURFACE_STYLE_FILL_AREA ( #5689 ) ;
#4847 = VECTOR ( 'NONE', #3806, 1000.000000000000000 ) ;
#4848 = COLOUR_RGB ( '',0.2509803921568627416, 0.2509803921568627416, 0.2509803921568627416 ) ;
#4849 = CARTESIAN_POINT ( 'NONE',  ( 1.021735571901198902, 1.300000000000000044, -1.808574112331950756 ) ) ;
#4850 = VECTOR ( 'NONE', #4296, 1000.000000000000000 ) ;
#4851 = ORIENTED_EDGE ( 'NONE', *, *, #409, .F. ) ;
#4852 = UNCERTAINTY_MEASURE_WITH_UNIT (LENGTH_MEASURE( 1.000000000000000082E-05 ), #9472, 'distance_accuracy_value', 'NONE');
#4853 = AXIS2_PLACEMENT_3D ( 'NONE', #1928, #11393, #6719 ) ;
#4854 = PRESENTATION_LAYER_ASSIGNMENT (  '', '', ( #9481 ) ) ;
#4855 = B_SPLINE_SURFACE_WITH_KNOTS ( 'NONE', 3, 1, ( 
 ( #7246, #726 ),
 ( #7064, #3481 ),
 ( #4337, #6224 ),
 ( #10900, #2557 ) ),
 .UNSPECIFIED., .F., .F., .F.,
 ( 4, 4 ),
 ( 2, 2 ),
 ( 5.000000000000000000, 6.000000000000000000 ),
 ( 0.0000000000000000000, 1.000000000000000000 ),
 .UNSPECIFIED. ) ;
#4856 = VERTEX_POINT ( 'NONE', #2028 ) ;
#4857 = CARTESIAN_POINT ( 'NONE',  ( -0.4765009061650223310, 1.300000000000000044, -1.902107019452861980 ) ) ;
#4858 =( NAMED_UNIT ( * ) PLANE_ANGLE_UNIT ( ) SI_UNIT ( $, .RADIAN. ) );
#4859 = VECTOR ( 'NONE', #11468, 1000.000000000000000 ) ;
#4860 = CARTESIAN_POINT ( 'NONE',  ( -0.5961250544382052929, 1.300000000000000044, -1.856981525884831452 ) ) ;
#4861 = COLOUR_RGB ( '',1.000000000000000000, 1.000000000000000000, 1.000000000000000000 ) ;
#4862 = PRESENTATION_LAYER_ASSIGNMENT (  '', '', ( #7945 ) ) ;
#4863 = VECTOR ( 'NONE', #2195, 1000.000000000000000 ) ;
#4864 = COLOUR_RGB ( '',1.000000000000000000, 1.000000000000000000, 1.000000000000000000 ) ;
#4865 = CARTESIAN_POINT ( 'NONE',  ( -0.3719012597835185119, 1.310000000000000053, -1.755813080627426581 ) ) ;
#4866 = PLANE ( 'NONE',  #9087 ) ;
#4867 = DIRECTION ( 'NONE',  ( 0.0000000000000000000, -1.000000000000000000, 0.0000000000000000000 ) ) ;
#4868 = VERTEX_POINT ( 'NONE', #10478 ) ;
#4869 = VECTOR ( 'NONE', #3256, 1000.000000000000000 ) ;
#4870 =( GEOMETRIC_REPRESENTATION_CONTEXT ( 3 ) GLOBAL_UNCERTAINTY_ASSIGNED_CONTEXT ( ( #5842 ) ) GLOBAL_UNIT_ASSIGNED_CONTEXT ( ( #91, #7529, #11229 ) ) REPRESENTATION_CONTEXT ( 'NONE', 'WORKASPACE' ) );
#4871 = EDGE_CURVE ( 'NONE', #4086, #4918, #8637, .T. ) ;
#4872 =( NAMED_UNIT ( * ) PLANE_ANGLE_UNIT ( ) SI_UNIT ( $, .RADIAN. ) );
#4873 = SURFACE_STYLE_FILL_AREA ( #10430 ) ;
#4874 =( NAMED_UNIT ( * ) SI_UNIT ( $, .STERADIAN. ) SOLID_ANGLE_UNIT ( ) );
#4875 = EDGE_LOOP ( 'NONE', ( #11049, #10997, #3083, #11895 ) ) ;
#4876 = FACE_OUTER_BOUND ( 'NONE', #3187, .T. ) ;
#4877 = CARTESIAN_POINT ( 'NONE',  ( -0.5189230291509292492, 1.310000000000000053, -1.557531245985786850 ) ) ;
#4878 = EDGE_CURVE ( 'NONE', #3138, #8055, #3724, .T. ) ;
#4879 = VECTOR ( 'NONE', #8045, 1000.000000000000000 ) ;
#4880 = CARTESIAN_POINT ( 'NONE',  ( -0.8832542030290820856, 1.310000000000000053, -1.775880408413037737 ) ) ;
#4881 =( NAMED_UNIT ( * ) SI_UNIT ( $, .STERADIAN. ) SOLID_ANGLE_UNIT ( ) );
#4882 = UNCERTAINTY_MEASURE_WITH_UNIT (LENGTH_MEASURE( 1.000000000000000082E-05 ), #10167, 'distance_accuracy_value', 'NONE');
#4883 = FACE_OUTER_BOUND ( 'NONE', #7356, .T. ) ;
#4884 =( LENGTH_UNIT ( ) NAMED_UNIT ( * ) SI_UNIT ( .MILLI., .METRE. ) );
#4885 = CARTESIAN_POINT ( 'NONE',  ( -0.1685246113514925759, 1.300000000000000044, -1.825164933645750942 ) ) ;
#4886 = VECTOR ( 'NONE', #7365, 1000.000000000000000 ) ;
#4887 = LINE ( 'NONE', #1021, #2708 ) ;
#4888 = EDGE_CURVE ( 'NONE', #37, #3482, #6766, .T. ) ;
#4889 = ORIENTED_EDGE ( 'NONE', *, *, #8713, .F. ) ;
#4890 =( NAMED_UNIT ( * ) PLANE_ANGLE_UNIT ( ) SI_UNIT ( $, .RADIAN. ) );
#4891 = EDGE_LOOP ( 'NONE', ( #770, #4693, #8146, #5466 ) ) ;
#4892 = EDGE_LOOP ( 'NONE', ( #8787, #1686, #11516, #9202 ) ) ;
#4893 = ADVANCED_FACE ( 'NONE', ( #2089 ), #452, .F. ) ;
#4894 = DIRECTION ( 'NONE',  ( 1.000000000000000000, -0.0000000000000000000, -7.474873200869004569E-15 ) ) ;
#4895 = ORIENTED_EDGE ( 'NONE', *, *, #6039, .T. ) ;
#4896 = PLANE ( 'NONE',  #9849 ) ;
#4897 = CARTESIAN_POINT ( 'NONE',  ( 0.9913697944336655743, 1.300000000000000044, -1.648069503302061811 ) ) ;
#4898 = VECTOR ( 'NONE', #5893, 1000.000000000000000 ) ;
#4899 = CARTESIAN_POINT ( 'NONE',  ( 0.2206586987101976649, 1.300000000000000044, -1.515038755317931418 ) ) ;
#4900 = CARTESIAN_POINT ( 'NONE',  ( -0.3355617206080711568, 1.300000000000000044, -1.792828462449102878 ) ) ;
#4901 = PLANE ( 'NONE',  #522 ) ;
#4902 = EDGE_CURVE ( 'NONE', #2508, #10481, #7572, .T. ) ;
#4903 =( NAMED_UNIT ( * ) SI_UNIT ( $, .STERADIAN. ) SOLID_ANGLE_UNIT ( ) );
#4904 = CARTESIAN_POINT ( 'NONE',  ( -0.2916319486438346265, 1.300000000000000044, -1.875073313628925264 ) ) ;
#4905 = ORIENTED_EDGE ( 'NONE', *, *, #6883, .T. ) ;
#4906 = DIRECTION ( 'NONE',  ( -0.0000000000000000000, -1.000000000000000000, -0.0000000000000000000 ) ) ;
#4907 =( LENGTH_UNIT ( ) NAMED_UNIT ( * ) SI_UNIT ( .MILLI., .METRE. ) );
#4908 = LINE ( 'NONE', #2144, #1124 ) ;
#4909 = CARTESIAN_POINT ( 'NONE',  ( -0.2316379168720967274, 1.300000000000000044, -1.857709356426818115 ) ) ;
#4910 = EDGE_CURVE ( 'NONE', #4204, #3343, #11707, .T. ) ;
#4911 = ORIENTED_EDGE ( 'NONE', *, *, #11317, .F. ) ;
#4912 =( LENGTH_UNIT ( ) NAMED_UNIT ( * ) SI_UNIT ( .MILLI., .METRE. ) );
#4913 = DIRECTION ( 'NONE',  ( -0.0000000000000000000, -1.000000000000000000, -0.0000000000000000000 ) ) ;
#4914 = DIRECTION ( 'NONE',  ( 1.000000000000000000, 0.0000000000000000000, -8.762561441588716833E-15 ) ) ;
#4915 = ORIENTED_EDGE ( 'NONE', *, *, #11352, .F. ) ;
#4916 = CARTESIAN_POINT ( 'NONE',  ( 0.4722604332932450744, 1.310000000000000053, -1.386345902652514006 ) ) ;
#4917 =( LENGTH_UNIT ( ) NAMED_UNIT ( * ) SI_UNIT ( .MILLI., .METRE. ) );
#4918 = VERTEX_POINT ( 'NONE', #11655 ) ;
#4919 = FACE_OUTER_BOUND ( 'NONE', #557, .T. ) ;
#4920 = ORIENTED_EDGE ( 'NONE', *, *, #11462, .F. ) ;
#4921 =( NAMED_UNIT ( * ) SI_UNIT ( $, .STERADIAN. ) SOLID_ANGLE_UNIT ( ) );
#4922 = CARTESIAN_POINT ( 'NONE',  ( 0.7007263952121400852, 1.310000000000000053, -1.319830492461156579 ) ) ;
#4923 = LINE ( 'NONE', #7700, #6987 ) ;
#4924 =( NAMED_UNIT ( * ) PLANE_ANGLE_UNIT ( ) SI_UNIT ( $, .RADIAN. ) );
#4925 = DIRECTION ( 'NONE',  ( 0.5048830486499299441, 0.0000000000000000000, 0.8631877589412123575 ) ) ;
#4926 = ORIENTED_EDGE ( 'NONE', *, *, #1660, .F. ) ;
#4927 =( LENGTH_UNIT ( ) NAMED_UNIT ( * ) SI_UNIT ( .MILLI., .METRE. ) );
#4928 = EDGE_CURVE ( 'NONE', #4065, #7625, #1833, .T. ) ;
#4929 = LINE ( 'NONE', #4061, #11764 ) ;
#4930 = ORIENTED_EDGE ( 'NONE', *, *, #2523, .F. ) ;
#4931 = LINE ( 'NONE', #10502, #10654 ) ;
#4932 = CARTESIAN_POINT ( 'NONE',  ( -0.4487913576948705519, 1.310000000000000053, -1.906266051118935101 ) ) ;
#4933 = MECHANICAL_DESIGN_GEOMETRIC_PRESENTATION_REPRESENTATION (  '', ( #10719 ), #10917 ) ;
#4934 = DIRECTION ( 'NONE',  ( -1.000000000000000000, -0.0000000000000000000, 7.929618338613993440E-15 ) ) ;
#4935 = CARTESIAN_POINT ( 'NONE',  ( -0.1662371439361186309, 1.310000000000000053, -1.839201665516672968 ) ) ;
#4936 = CARTESIAN_POINT ( 'NONE',  ( -0.4199380755173778290, 1.310000000000000053, -1.377549150671262934 ) ) ;
#4937 = DIRECTION ( 'NONE',  ( -0.9369753459439760235, 0.0000000000000000000, 0.3493954794973263001 ) ) ;
#4938 = CARTESIAN_POINT ( 'NONE',  ( -0.1930628981770302621, 1.300000000000000044, -1.862700194424997457 ) ) ;
#4939 = VERTEX_POINT ( 'NONE', #10755 ) ;
#4940 = CARTESIAN_POINT ( 'NONE',  ( -0.4226934339952500563, 1.300000000000000044, -1.926749282070603364 ) ) ;
#4941 = ORIENTED_EDGE ( 'NONE', *, *, #2692, .F. ) ;
#4942 = VERTEX_POINT ( 'NONE', #6942 ) ;
#4943 = CARTESIAN_POINT ( 'NONE',  ( -0.7342568936201437912, 1.300000000000000044, -1.394393228915806304 ) ) ;
#4944 = EDGE_CURVE ( 'NONE', #3384, #1445, #10701, .T. ) ;
#4945 = ADVANCED_FACE ( 'NONE', ( #7986 ), #7812, .F. ) ;
#4946 = EDGE_CURVE ( 'NONE', #9770, #11819, #2256, .T. ) ;
#4947 = CARTESIAN_POINT ( 'NONE',  ( 0.3030799233044778607, 1.300000000000000044, -1.489010997278496173 ) ) ;
#4948 = B_SPLINE_SURFACE_WITH_KNOTS ( 'NONE', 3, 1, ( 
 ( #2979, #593 ),
 ( #2316, #2477 ),
 ( #4149, #4374 ),
 ( #7048, #10743 ) ),
 .UNSPECIFIED., .F., .F., .F.,
 ( 4, 4 ),
 ( 2, 2 ),
 ( 0.0000000000000000000, 1.000000000000000000 ),
 ( 0.0000000000000000000, 1.000000000000000000 ),
 .UNSPECIFIED. ) ;
#4949 = CARTESIAN_POINT ( 'NONE',  ( -0.4082407989589754704, 1.300000000000000044, -1.946504682480287185 ) ) ;
#4950 = CARTESIAN_POINT ( 'NONE',  ( -1.019670441649668469, 1.310000000000000053, -1.801562428945911121 ) ) ;
#4951 = PRESENTATION_LAYER_ASSIGNMENT (  '', '', ( #5910 ) ) ;
#4952 = ORIENTED_EDGE ( 'NONE', *, *, #2007, .T. ) ;
#4953 = FILL_AREA_STYLE_COLOUR ( '', #267 ) ;
#4954 = COLOUR_RGB ( '',0.2509803921568627416, 0.2509803921568627416, 0.2509803921568627416 ) ;
#4955 =( NAMED_UNIT ( * ) PLANE_ANGLE_UNIT ( ) SI_UNIT ( $, .RADIAN. ) );
#4956 = CARTESIAN_POINT ( 'NONE',  ( 0.9046105641992142621, 1.310000000000000053, -1.781100334026238574 ) ) ;
#4957 = ORIENTED_EDGE ( 'NONE', *, *, #6939, .F. ) ;
#4958 = CARTESIAN_POINT ( 'NONE',  ( -0.1564634195227937452, 1.300000000000000044, -1.798339179404846666 ) ) ;
#4959 = EDGE_CURVE ( 'NONE', #4002, #8231, #1396, .T. ) ;
#4960 = FILL_AREA_STYLE ('',( #9321 ) ) ;
#4961 = PLANE ( 'NONE',  #7868 ) ;
#4962 = CARTESIAN_POINT ( 'NONE',  ( -0.6792536998472826770, 1.300000000000000044, -1.856981525884830564 ) ) ;
#4963 = CARTESIAN_POINT ( 'NONE',  ( -0.2917879123311050149, 1.310000000000000053, -1.774112819954545062 ) ) ;
#4964 = ORIENTED_EDGE ( 'NONE', *, *, #10768, .F. ) ;
#4965 = CARTESIAN_POINT ( 'NONE',  ( -0.4737455476857673764, 1.310000000000000053, -1.853342373177716995 ) ) ;
#4966 = MECHANICAL_DESIGN_GEOMETRIC_PRESENTATION_REPRESENTATION (  '', ( #1832 ), #4362 ) ;
#4967 = ADVANCED_FACE ( 'NONE', ( #5917 ), #1276, .F. ) ;
#4968 = LINE ( 'NONE', #11378, #755 ) ;
#4969 = ORIENTED_EDGE ( 'NONE', *, *, #2390, .F. ) ;
#4970 = UNCERTAINTY_MEASURE_WITH_UNIT (LENGTH_MEASURE( 1.000000000000000082E-05 ), #4723, 'distance_accuracy_value', 'NONE');
#4971 = LINE ( 'NONE', #8473, #6527 ) ;
#4972 = ORIENTED_EDGE ( 'NONE', *, *, #11087, .T. ) ;
#4973 = CARTESIAN_POINT ( 'NONE',  ( -0.5961250544382042937, 1.310000000000000053, -1.700186032104094691 ) ) ;
#4974 = CARTESIAN_POINT ( 'NONE',  ( 1.060777222749669679, 1.310000000000000053, -1.765194552374765191 ) ) ;
#4975 = ADVANCED_FACE ( 'NONE', ( #8096 ), #2495, .T. ) ;
#4976 = EDGE_CURVE ( 'NONE', #7235, #5310, #8931, .T. ) ;
#4977 = DIRECTION ( 'NONE',  ( -0.0000000000000000000, 1.000000000000000000, -0.0000000000000000000 ) ) ;
#4978 = CARTESIAN_POINT ( 'NONE',  ( 0.6240890862035279874, 1.310000000000000053, -1.817250013290828470 ) ) ;
#4980 = ORIENTED_EDGE ( 'NONE', *, *, #11373, .F. ) ;
#4979 = COLOUR_RGB ( '',0.2509803921568627416, 0.2509803921568627416, 0.2509803921568627416 ) ;
#4981 = CARTESIAN_POINT ( 'NONE',  ( -0.3206411945092867422, 1.300000000000000044, -1.761219821793045925 ) ) ;
#4982 = CARTESIAN_POINT ( 'NONE',  ( -0.6884035695101458074, 1.310000000000000053, -1.501904197462452961 ) ) ;
#4983 = PLANE ( 'NONE',  #1694 ) ;
#4984 = B_SPLINE_CURVE_WITH_KNOTS ( 'NONE', 3,
 ( #6982, #10676, #11476, #10729 ),
 .UNSPECIFIED., .F., .F.,
 ( 4, 4 ),
 ( 24.00000000000000000, 25.00000000000000000 ),
 .UNSPECIFIED. ) ;
#4985 = ORIENTED_EDGE ( 'NONE', *, *, #9219, .T. ) ;
#4986 = SURFACE_STYLE_FILL_AREA ( #219 ) ;
#4987 = CARTESIAN_POINT ( 'NONE',  ( 0.7701337959481223683, 1.300000000000000044, -1.776762438707540248 ) ) ;
#4988 = DIRECTION ( 'NONE',  ( 8.617725714964500169E-15, -0.0000000000000000000, 1.000000000000000000 ) ) ;
#4989 = UNCERTAINTY_MEASURE_WITH_UNIT (LENGTH_MEASURE( 1.000000000000000082E-05 ), #2313, 'distance_accuracy_value', 'NONE');
#4990 = SURFACE_STYLE_USAGE ( .BOTH. , #5890 ) ;
#4991 = SURFACE_STYLE_USAGE ( .BOTH. , #1374 ) ;
#4992 = FACE_OUTER_BOUND ( 'NONE', #7577, .T. ) ;
#4993 = ORIENTED_EDGE ( 'NONE', *, *, #3701, .T. ) ;
#4994 = MECHANICAL_DESIGN_GEOMETRIC_PRESENTATION_REPRESENTATION (  '', ( #10221 ), #6520 ) ;
#4995 = DIRECTION ( 'NONE',  ( -0.3385350342956522929, 0.0000000000000000000, 0.9409537876827115399 ) ) ;
#4996 = EDGE_LOOP ( 'NONE', ( #9027, #6657, #3643, #3696 ) ) ;
#4997 = ORIENTED_EDGE ( 'NONE', *, *, #7070, .F. ) ;
#4998 = CARTESIAN_POINT ( 'NONE',  ( -1.000071004927248319, 1.310000000000000053, -1.676791478987283091 ) ) ;
#4999 = ADVANCED_FACE ( 'NONE', ( #11004, #8174 ), #1582, .F. ) ;
#5000 = LINE ( 'NONE', #5902, #2876 ) ;
#5001 = SURFACE_STYLE_USAGE ( .BOTH. , #3334 ) ;
#5002 = CARTESIAN_POINT ( 'NONE',  ( 0.1599272265137985372, 1.300000000000000044, -1.678435266980274898 ) ) ;
#5003 =( NAMED_UNIT ( * ) SI_UNIT ( $, .STERADIAN. ) SOLID_ANGLE_UNIT ( ) );
#5004 = PRESENTATION_LAYER_ASSIGNMENT (  '', '', ( #10221 ) ) ;
#5005 = SURFACE_SIDE_STYLE ('',( #2474 ) ) ;
#5006 = SURFACE_SIDE_STYLE ('',( #1166 ) ) ;
#5007 = FACE_OUTER_BOUND ( 'NONE', #2224, .T. ) ;
#5008 = ORIENTED_EDGE ( 'NONE', *, *, #1295, .F. ) ;
#5009 = MECHANICAL_DESIGN_GEOMETRIC_PRESENTATION_REPRESENTATION (  '', ( #11394 ), #11570 ) ;
#5010 = SURFACE_SIDE_STYLE ('',( #3511 ) ) ;
#5011 = CARTESIAN_POINT ( 'NONE',  ( -0.2744759430247418197, 1.310000000000000053, -1.386491068751103617 ) ) ;
#5012 =( GEOMETRIC_REPRESENTATION_CONTEXT ( 3 ) GLOBAL_UNCERTAINTY_ASSIGNED_CONTEXT ( ( #5714 ) ) GLOBAL_UNIT_ASSIGNED_CONTEXT ( ( #6656, #10360, #11383 ) ) REPRESENTATION_CONTEXT ( 'NONE', 'WORKASPACE' ) );
#5013 = PRESENTATION_STYLE_ASSIGNMENT (( #9716 ) ) ;
#5014 = AXIS2_PLACEMENT_3D ( 'NONE', #6693, #10466, #8766 ) ;
#5015 = VERTEX_POINT ( 'NONE', #11891 ) ;
#5016 = ADVANCED_FACE ( 'NONE', ( #719 ), #10553, .F. ) ;
#5017 = LINE ( 'NONE', #10698, #5070 ) ;
#5018 = DIRECTION ( 'NONE',  ( -0.0000000000000000000, -1.000000000000000000, -0.0000000000000000000 ) ) ;
#5019 =( NAMED_UNIT ( * ) PLANE_ANGLE_UNIT ( ) SI_UNIT ( $, .RADIAN. ) );
#5020 = EDGE_LOOP ( 'NONE', ( #3933, #4920, #8739, #1876 ) ) ;
#5021 = CARTESIAN_POINT ( 'NONE',  ( -0.8832542030290820856, 1.300000000000000044, -1.807385073277584242 ) ) ;
#5022 =( GEOMETRIC_REPRESENTATION_CONTEXT ( 3 ) GLOBAL_UNCERTAINTY_ASSIGNED_CONTEXT ( ( #4519 ) ) GLOBAL_UNIT_ASSIGNED_CONTEXT ( ( #6375, #10200, #11073 ) ) REPRESENTATION_CONTEXT ( 'NONE', 'WORKASPACE' ) );
#5023 = CARTESIAN_POINT ( 'NONE',  ( 0.4722604332932450744, 1.300000000000000044, -1.386345902652514006 ) ) ;
#5024 = CARTESIAN_POINT ( 'NONE',  ( 9.184850993605150903E-17, -1.500000000000000000, 0.7500000000000001110 ) ) ;
#5025 =( GEOMETRIC_REPRESENTATION_CONTEXT ( 3 ) GLOBAL_UNCERTAINTY_ASSIGNED_CONTEXT ( ( #1007 ) ) GLOBAL_UNIT_ASSIGNED_CONTEXT ( ( #10431, #10372, #2107 ) ) REPRESENTATION_CONTEXT ( 'NONE', 'WORKASPACE' ) );
#5026 = VERTEX_POINT ( 'NONE', #6007 ) ;
#5027 = CIRCLE ( 'NONE', #134, 0.7500000000000001110 ) ;
#5028 = CARTESIAN_POINT ( 'NONE',  ( -0.8065200688036155974, 1.310000000000000053, -1.676791478987284645 ) ) ;
#5029 = CARTESIAN_POINT ( 'NONE',  ( 0.4216508823233790504, 1.300000000000000044, -1.710246968184711447 ) ) ;
#5030 = SURFACE_SIDE_STYLE ('',( #4294 ) ) ;
#5031 = STYLED_ITEM ( 'NONE', ( #11227 ), #11332 ) ;
#5032 = VECTOR ( 'NONE', #10870, 1000.000000000000000 ) ;
#5033 = VECTOR ( 'NONE', #2952, 1000.000000000000000 ) ;
#5034 = ORIENTED_EDGE ( 'NONE', *, *, #167, .F. ) ;
#5035 = CARTESIAN_POINT ( 'NONE',  ( -0.7649817400469530737, 1.310000000000000053, -1.478925547511695138 ) ) ;
#5036 = VECTOR ( 'NONE', #4402, 1000.000000000000000 ) ;
#5037 = CARTESIAN_POINT ( 'NONE',  ( -1.897366596101027536, 1.300000000000000044, 2.250000000000000000 ) ) ;
#5038 = VECTOR ( 'NONE', #2882, 1000.000000000000000 ) ;
#5039 = STYLED_ITEM ( 'NONE', ( #3821 ), #9907 ) ;
#5040 = VERTEX_POINT ( 'NONE', #2057 ) ;
#5041 = ORIENTED_EDGE ( 'NONE', *, *, #11665, .T. ) ;
#5042 = EDGE_CURVE ( 'NONE', #10274, #5480, #10095, .T. ) ;
#5043 = CARTESIAN_POINT ( 'NONE',  ( -0.2744759430247415422, 1.310000000000000053, -1.359041459761119564 ) ) ;
#5044 = B_SPLINE_SURFACE_WITH_KNOTS ( 'NONE', 3, 1, ( 
 ( #7438, #2808 ),
 ( #8360, #9365 ),
 ( #12023, #11949 ),
 ( #11189, #3671 ) ),
 .UNSPECIFIED., .F., .F., .F.,
 ( 4, 4 ),
 ( 2, 2 ),
 ( 3.000000000000000000, 4.000000000000000000 ),
 ( 0.0000000000000000000, 1.000000000000000000 ),
 .UNSPECIFIED. ) ;
#5045 = CARTESIAN_POINT ( 'NONE',  ( 0.3623654303939469745, 1.310000000000000053, -1.567094298974051281 ) ) ;
#5046 = VECTOR ( 'NONE', #2970, 1000.000000000000000 ) ;
#5047 = CARTESIAN_POINT ( 'NONE',  ( -0.3458553239796599010, 1.300000000000000044, -1.752277903711820128 ) ) ;
#5048 = MECHANICAL_DESIGN_GEOMETRIC_PRESENTATION_REPRESENTATION (  '', ( #8138 ), #2884 ) ;
#5049 = COLOUR_RGB ( '',1.000000000000000000, 1.000000000000000000, 1.000000000000000000 ) ;
#5050 = CARTESIAN_POINT ( 'NONE',  ( -0.4763449424777507213, 1.310000000000000053, -1.844296479306360093 ) ) ;
#5051 = DIRECTION ( 'NONE',  ( -0.0000000000000000000, -1.000000000000000000, -0.0000000000000000000 ) ) ;
#5052 = CARTESIAN_POINT ( 'NONE',  ( -0.2042402957771748684, 1.310000000000000053, -1.862700194424997235 ) ) ;
#5053 = FILL_AREA_STYLE_COLOUR ( '', #9708 ) ;
#5054 = ORIENTED_EDGE ( 'NONE', *, *, #5764, .T. ) ;
#5055 = EDGE_LOOP ( 'NONE', ( #10542, #3762, #9036, #3942 ) ) ;
#5056 =( GEOMETRIC_REPRESENTATION_CONTEXT ( 3 ) GLOBAL_UNCERTAINTY_ASSIGNED_CONTEXT ( ( #8911 ) ) GLOBAL_UNIT_ASSIGNED_CONTEXT ( ( #3672, #804, #8229 ) ) REPRESENTATION_CONTEXT ( 'NONE', 'WORKASPACE' ) );
#5057 = LINE ( 'NONE', #10564, #361 ) ;
#5058 = AXIS2_PLACEMENT_3D ( 'NONE', #2401, #6062, #10603 ) ;
#5059 = FILL_AREA_STYLE ('',( #8571 ) ) ;
#5060 = CARTESIAN_POINT ( 'NONE',  ( 1.057885247718629795, 1.300000000000000044, -1.529498627023216706 ) ) ;
#5061 = SURFACE_STYLE_USAGE ( .BOTH. , #4264 ) ;
#5062 = DIRECTION ( 'NONE',  ( -0.0000000000000000000, 1.000000000000000000, 0.0000000000000000000 ) ) ;
#5063 = CARTESIAN_POINT ( 'NONE',  ( -0.1308853747807336154, 1.310000000000000053, -1.514693219833828763 ) ) ;
#5064 = STYLED_ITEM ( 'NONE', ( #2261 ), #6480 ) ;
#5065 = CARTESIAN_POINT ( 'NONE',  ( -0.3180417997179912359, 1.310000000000000053, -1.771825352538485943 ) ) ;
#5066 = VECTOR ( 'NONE', #150, 1000.000000000000000 ) ;
#5067 =( NAMED_UNIT ( * ) PLANE_ANGLE_UNIT ( ) SI_UNIT ( $, .RADIAN. ) );
#5068 = ADVANCED_FACE ( 'NONE', ( #5891 ), #9625, .F. ) ;
#5069 = ORIENTED_EDGE ( 'NONE', *, *, #2399, .F. ) ;
#5070 = VECTOR ( 'NONE', #8873, 1000.000000000000000 ) ;
#5071 = CARTESIAN_POINT ( 'NONE',  ( -1.020000000000000018, 0.2000000000000000111, -7.249999999999999112 ) ) ;
#5072 = DIRECTION ( 'NONE',  ( -7.825477009640651821E-15, 0.0000000000000000000, -1.000000000000000000 ) ) ;
#5073 =( LENGTH_UNIT ( ) NAMED_UNIT ( * ) SI_UNIT ( .MILLI., .METRE. ) );
#5074 =( GEOMETRIC_REPRESENTATION_CONTEXT ( 3 ) GLOBAL_UNCERTAINTY_ASSIGNED_CONTEXT ( ( #11084 ) ) GLOBAL_UNIT_ASSIGNED_CONTEXT ( ( #3337, #5416, #2597 ) ) REPRESENTATION_CONTEXT ( 'NONE', 'WORKASPACE' ) );
#5075 = ORIENTED_EDGE ( 'NONE', *, *, #10519, .T. ) ;
#5076 = CARTESIAN_POINT ( 'NONE',  ( 0.4274348530697836823, 1.310000000000000053, -1.791222310412815988 ) ) ;
#5077 = FILL_AREA_STYLE ('',( #7811 ) ) ;
#5078 = CARTESIAN_POINT ( 'NONE',  ( -0.7294740072049898938, 1.310000000000000053, -1.386283117168074064 ) ) ;
#5079 = SURFACE_STYLE_FILL_AREA ( #3181 ) ;
#5080 =( LENGTH_UNIT ( ) NAMED_UNIT ( * ) SI_UNIT ( .MILLI., .METRE. ) );
#5081 = EDGE_LOOP ( 'NONE', ( #4387, #566, #11737, #2371 ) ) ;
#5082 = CARTESIAN_POINT ( 'NONE',  ( -0.2990142298495890305, 1.300000000000000044, -1.797091469905306216 ) ) ;
#5083 = CARTESIAN_POINT ( 'NONE',  ( -0.9235448222848102739, 1.300000000000000044, -1.880168127418616830 ) ) ;
#5084 = DIRECTION ( 'NONE',  ( -1.000000000000000000, 0.0000000000000000000, 7.343273320719413634E-15 ) ) ;
#5085 = ORIENTED_EDGE ( 'NONE', *, *, #6113, .T. ) ;
#5086 = PLANE ( 'NONE',  #7526 ) ;
#5087 = DIRECTION ( 'NONE',  ( 0.0000000000000000000, 0.0000000000000000000, -1.000000000000000000 ) ) ;
#5088 = CARTESIAN_POINT ( 'NONE',  ( -0.5937336112306265123, 1.300000000000000044, -1.499096851088824733 ) ) ;
#5089 = AXIS2_PLACEMENT_3D ( 'NONE', #3269, #6984, #4138 ) ;
#5090 = FACE_OUTER_BOUND ( 'NONE', #9611, .T. ) ;
#5091 = EDGE_CURVE ( 'NONE', #7215, #10190, #9206, .T. ) ;
#5092 = ADVANCED_FACE ( 'NONE', ( #3092 ), #8422, .F. ) ;
#5093 = CARTESIAN_POINT ( 'NONE',  ( -0.3309347978801828738, 1.310000000000000053, -1.754045492170317244 ) ) ;
#5094 = VERTEX_POINT ( 'NONE', #691 ) ;
#5095 = CARTESIAN_POINT ( 'NONE',  ( -0.4725498260833626007, 1.300000000000000044, -1.856045743761215894 ) ) ;
#5096 = UNCERTAINTY_MEASURE_WITH_UNIT (LENGTH_MEASURE( 1.000000000000000082E-05 ), #5732, 'distance_accuracy_value', 'NONE');
#5097 = CARTESIAN_POINT ( 'NONE',  ( -0.6792536998472826770, 1.310000000000000053, -1.856981525884830786 ) ) ;
#5098 = B_SPLINE_CURVE_WITH_KNOTS ( 'NONE', 3,
 ( #10671, #2352, #3090, #9742 ),
 .UNSPECIFIED., .F., .F.,
 ( 4, 4 ),
 ( 0.0000000000000000000, 1.000000000000000000 ),
 .UNSPECIFIED. ) ;
#5099 = ORIENTED_EDGE ( 'NONE', *, *, #7794, .T. ) ;
#5100 =( LENGTH_UNIT ( ) NAMED_UNIT ( * ) SI_UNIT ( .MILLI., .METRE. ) );
#5101 = CARTESIAN_POINT ( 'NONE',  ( 0.2134287628575559093, 1.310000000000000053, -1.815804048184584740 ) ) ;
#5102 = PRESENTATION_STYLE_ASSIGNMENT (( #2351 ) ) ;
#5103 = CARTESIAN_POINT ( 'NONE',  ( -0.2046042110481660070, 1.310000000000000053, -1.731586721177126975 ) ) ;
#5104 = CARTESIAN_POINT ( 'NONE',  ( -0.1830292342842217701, 1.300000000000000044, -1.530393564370344794 ) ) ;
#5105 =( NAMED_UNIT ( * ) SI_UNIT ( $, .STERADIAN. ) SOLID_ANGLE_UNIT ( ) );
#5106 = CARTESIAN_POINT ( 'NONE',  ( -0.2316379168720962833, 1.310000000000000053, -1.807281097484693566 ) ) ;
#5107 =( LENGTH_UNIT ( ) NAMED_UNIT ( * ) SI_UNIT ( .MILLI., .METRE. ) );
#5108 = EDGE_CURVE ( 'NONE', #7751, #3463, #9926, .T. ) ;
#5109 = CARTESIAN_POINT ( 'NONE',  ( -0.2134941412322430287, 1.300000000000000044, -1.858749114343337894 ) ) ;
#5110 =( NAMED_UNIT ( * ) PLANE_ANGLE_UNIT ( ) SI_UNIT ( $, .RADIAN. ) );
#5111 = VERTEX_POINT ( 'NONE', #11635 ) ;
#5112 = VERTEX_POINT ( 'NONE', #7214 ) ;
#5113 = FILL_AREA_STYLE_COLOUR ( '', #7763 ) ;
#5114 = EDGE_CURVE ( 'NONE', #8274, #11561, #758, .T. ) ;
#5115 = EDGE_CURVE ( 'NONE', #8861, #4868, #10855, .T. ) ;
#5116 = DIRECTION ( 'NONE',  ( -7.611275996530358629E-15, 0.0000000000000000000, -1.000000000000000000 ) ) ;
#5117 = B_SPLINE_SURFACE_WITH_KNOTS ( 'NONE', 3, 1, ( 
 ( #5539, #3033 ),
 ( #350, #1207 ),
 ( #10565, #1321 ),
 ( #2132, #5854 ) ),
 .UNSPECIFIED., .F., .F., .F.,
 ( 4, 4 ),
 ( 2, 2 ),
 ( 18.00000000000000000, 19.00000000000000000 ),
 ( 0.0000000000000000000, 1.000000000000000000 ),
 .UNSPECIFIED. ) ;
#5118 = CARTESIAN_POINT ( 'NONE',  ( -0.4892379406406404674, 1.310000000000000053, -1.377549150671262490 ) ) ;
#5119 =( LENGTH_UNIT ( ) NAMED_UNIT ( * ) SI_UNIT ( .MILLI., .METRE. ) );
#5120 = CARTESIAN_POINT ( 'NONE',  ( -0.3868737737780583719, 1.300000000000000044, -1.823085417812717157 ) ) ;
#5121 = PRESENTATION_STYLE_ASSIGNMENT (( #1386 ) ) ;
#5122 = B_SPLINE_CURVE_WITH_KNOTS ( 'NONE', 3,
 ( #2019, #4722, #10347, #5741 ),
 .UNSPECIFIED., .F., .F.,
 ( 4, 4 ),
 ( 21.00000000000000000, 22.00000000000000000 ),
 .UNSPECIFIED. ) ;
#5123 = VERTEX_POINT ( 'NONE', #3377 ) ;
#5124 = SURFACE_SIDE_STYLE ('',( #8768 ) ) ;
#5125 = ORIENTED_EDGE ( 'NONE', *, *, #8389, .T. ) ;
#5126 = DIRECTION ( 'NONE',  ( -0.0000000000000000000, -1.000000000000000000, -0.0000000000000000000 ) ) ;
#5127 = ORIENTED_EDGE ( 'NONE', *, *, #3089, .F. ) ;
#5128 = LINE ( 'NONE', #5967, #10814 ) ;
#5129 = CARTESIAN_POINT ( 'NONE',  ( -0.4141674190814603196, 1.310000000000000053, -1.465928573558684223 ) ) ;
#5130 = CARTESIAN_POINT ( 'NONE',  ( 0.7961615539861747193, 1.300000000000000044, -1.395021831191410877 ) ) ;
#5131 = CARTESIAN_POINT ( 'NONE',  ( -0.1497569809625639847, 1.310000000000000053, -1.458130389185492204 ) ) ;
#5132 = SURFACE_STYLE_USAGE ( .BOTH. , #7057 ) ;
#5133 =( NAMED_UNIT ( * ) PLANE_ANGLE_UNIT ( ) SI_UNIT ( $, .RADIAN. ) );
#5134 = ORIENTED_EDGE ( 'NONE', *, *, #6229, .T. ) ;
#5135 = DIRECTION ( 'NONE',  ( -0.0000000000000000000, -0.0000000000000000000, 1.000000000000000000 ) ) ;
#5136 = DIRECTION ( 'NONE',  ( -7.463408671483709080E-15, -0.0000000000000000000, -1.000000000000000000 ) ) ;
#5137 = ORIENTED_EDGE ( 'NONE', *, *, #11745, .F. ) ;
#5138 = B_SPLINE_SURFACE_WITH_KNOTS ( 'NONE', 3, 1, ( 
 ( #2040, #10769 ),
 ( #6841, #2439 ),
 ( #7767, #3143 ),
 ( #9734, #5987 ) ),
 .UNSPECIFIED., .F., .F., .F.,
 ( 4, 4 ),
 ( 2, 2 ),
 ( 7.000000000000000000, 8.000000000000000000 ),
 ( 0.0000000000000000000, 1.000000000000000000 ),
 .UNSPECIFIED. ) ;
#5139 = PRESENTATION_STYLE_ASSIGNMENT (( #4218 ) ) ;
#5140 = SURFACE_SIDE_STYLE ('',( #1405 ) ) ;
#5141 = CARTESIAN_POINT ( 'NONE',  ( -1.027780553396013596, 1.300000000000000044, -1.824541078896672941 ) ) ;
#5142 =( LENGTH_UNIT ( ) NAMED_UNIT ( * ) SI_UNIT ( .MILLI., .METRE. ) );
#5143 = EDGE_CURVE ( 'NONE', #5159, #5540, #8842, .T. ) ;
#5144 = CARTESIAN_POINT ( 'NONE',  ( -0.1160168365777151239, 1.300000000000000044, -1.856981525884834783 ) ) ;
#5145 = CARTESIAN_POINT ( 'NONE',  ( -0.3414363528354900090, 1.300000000000000044, -1.534344644452004358 ) ) ;
#5146 = ORIENTED_EDGE ( 'NONE', *, *, #9219, .F. ) ;
#5147 = DIRECTION ( 'NONE',  ( -0.0000000000000000000, -1.000000000000000000, -0.0000000000000000000 ) ) ;
#5148 = VECTOR ( 'NONE', #6443, 1000.000000000000000 ) ;
#5149 = CARTESIAN_POINT ( 'NONE',  ( -0.2316379168720967274, 1.310000000000000053, -1.857709356426818115 ) ) ;
#5150 =( NAMED_UNIT ( * ) SI_UNIT ( $, .STERADIAN. ) SOLID_ANGLE_UNIT ( ) );
#5151 = VECTOR ( 'NONE', #9306, 1000.000000000000000 ) ;
#5152 = LINE ( 'NONE', #4352, #9264 ) ;
#5153 = EDGE_CURVE ( 'NONE', #5481, #11701, #2698, .T. ) ;
#5154 = CARTESIAN_POINT ( 'NONE',  ( -0.006634303781058838514, 1.310000000000000053, -1.880168127418623492 ) ) ;
#5156 = VECTOR ( 'NONE', #4300, 1000.000000000000000 ) ;
#5155 = FACE_OUTER_BOUND ( 'NONE', #5081, .T. ) ;
#5157 = DIRECTION ( 'NONE',  ( -7.463408671483701192E-15, -0.0000000000000000000, -1.000000000000000000 ) ) ;
#5158 = LINE ( 'NONE', #7034, #1698 ) ;
#5159 = VERTEX_POINT ( 'NONE', #7887 ) ;
#5160 = CARTESIAN_POINT ( 'NONE',  ( -0.1319771205930077296, 1.300000000000000044, -1.400631776413535867 ) ) ;
#5161 = CARTESIAN_POINT ( 'NONE',  ( 0.4722604332932418547, 1.310000000000000053, -1.836047890636272051 ) ) ;
#5162 = CARTESIAN_POINT ( 'NONE',  ( -0.7756912465852897620, 1.310000000000000053, -1.676791478987284645 ) ) ;
#5163 = CARTESIAN_POINT ( 'NONE',  ( 0.9046105641992142621, 1.300000000000000044, -1.781100334026238574 ) ) ;
#5164 = EDGE_CURVE ( 'NONE', #3009, #8622, #2450, .T. ) ;
#5165 = ORIENTED_EDGE ( 'NONE', *, *, #5945, .T. ) ;
#5166 = ORIENTED_EDGE ( 'NONE', *, *, #6844, .T. ) ;
#5167 = SURFACE_STYLE_USAGE ( .BOTH. , #3386 ) ;
#5168 = COLOUR_RGB ( '',1.000000000000000000, 1.000000000000000000, 1.000000000000000000 ) ;
#5169 = DIRECTION ( 'NONE',  ( -1.000000000000000000, 0.0000000000000000000, 5.531802713675573520E-15 ) ) ;
#5170 = CARTESIAN_POINT ( 'NONE',  ( -0.2218122045630092076, 1.310000000000000053, -1.752277903711821017 ) ) ;
#5171 = CARTESIAN_POINT ( 'NONE',  ( -0.1515765573154281010, 1.300000000000000044, -1.380668424420818718 ) ) ;
#5172 = FILL_AREA_STYLE_COLOUR ( '', #4829 ) ;
#5173 = CARTESIAN_POINT ( 'NONE',  ( 0.3536895294343773699, 1.310000000000000053, -1.792668275519047949 ) ) ;
#5174 = FACE_OUTER_BOUND ( 'NONE', #314, .T. ) ;
#5175 = CARTESIAN_POINT ( 'NONE',  ( -0.7439266422419614777, 1.300000000000000044, -1.700186032104093803 ) ) ;
#5176 = EDGE_LOOP ( 'NONE', ( #10453, #11125, #7962, #11762, #9294, #5723, #7720, #7053, #3530, #9428, #1390, #2968 ) ) ;
#5177 = DIRECTION ( 'NONE',  ( -0.0000000000000000000, -1.000000000000000000, -0.0000000000000000000 ) ) ;
#5178 = VERTEX_POINT ( 'NONE', #4413 ) ;
#5179 = EDGE_CURVE ( 'NONE', #1987, #2650, #4243, .T. ) ;
#5180 = VERTEX_POINT ( 'NONE', #8133 ) ;
#5181 = CARTESIAN_POINT ( 'NONE',  ( 0.4664764625475318338, 1.300000000000000044, -1.633609631596778300 ) ) ;
#5182 = B_SPLINE_CURVE_WITH_KNOTS ( 'NONE', 3,
 ( #4666, #6647, #1046, #2991 ),
 .UNSPECIFIED., .F., .F.,
 ( 4, 4 ),
 ( 16.00000000000000000, 17.00000000000000000 ),
 .UNSPECIFIED. ) ;
#5183 =( LENGTH_UNIT ( ) NAMED_UNIT ( * ) SI_UNIT ( .MILLI., .METRE. ) );
#5184 = EDGE_LOOP ( 'NONE', ( #4630, #4768, #3304, #2165 ) ) ;
#5185 = CARTESIAN_POINT ( 'NONE',  ( 0.7701337683681047652, 1.300000000000000044, -1.525160593804412157 ) ) ;
#5186 = EDGE_CURVE ( 'NONE', #8428, #4065, #1552, .T. ) ;
#5187 =( LENGTH_UNIT ( ) NAMED_UNIT ( * ) SI_UNIT ( .MILLI., .METRE. ) );
#5188 = CARTESIAN_POINT ( 'NONE',  ( -0.2316379168720967274, 1.310000000000000053, -1.857709356426818115 ) ) ;
#5189 = CARTESIAN_POINT ( 'NONE',  ( -0.1960781961343697755, 1.310000000000000053, -1.350723396430360213 ) ) ;
#5190 = ORIENTED_EDGE ( 'NONE', *, *, #10898, .T. ) ;
#5191 = DIRECTION ( 'NONE',  ( 0.3416038306902495214, 0.0000000000000000000, 0.9398440417738186392 ) ) ;
#5192 = CARTESIAN_POINT ( 'NONE',  ( -0.1930628981770302621, 1.300000000000000044, -1.862700194424997457 ) ) ;
#5193 = COLOUR_RGB ( '',1.000000000000000000, 1.000000000000000000, 1.000000000000000000 ) ;
#5194 = ORIENTED_EDGE ( 'NONE', *, *, #304, .F. ) ;
#5195 = FACE_OUTER_BOUND ( 'NONE', #5514, .T. ) ;
#5196 =( LENGTH_UNIT ( ) NAMED_UNIT ( * ) SI_UNIT ( .MILLI., .METRE. ) );
#5197 = CARTESIAN_POINT ( 'NONE',  ( -0.1138853328496113593, 1.300000000000000044, -1.534344644452005690 ) ) ;
#5198 = CARTESIAN_POINT ( 'NONE',  ( 1.082467030307589839, 1.300000000000000044, -1.650961543834610357 ) ) ;
#5199 = STYLED_ITEM ( 'NONE', ( #1710 ), #2838 ) ;
#5200 = VECTOR ( 'NONE', #9685, 1000.000000000000000 ) ;
#5201 = LINE ( 'NONE', #3192, #6159 ) ;
#5202 = VERTEX_POINT ( 'NONE', #6295 ) ;
#5203 =( NAMED_UNIT ( * ) SI_UNIT ( $, .STERADIAN. ) SOLID_ANGLE_UNIT ( ) );
#5204 = UNCERTAINTY_MEASURE_WITH_UNIT (LENGTH_MEASURE( 1.000000000000000082E-05 ), #10720, 'distance_accuracy_value', 'NONE');
#5205 = STYLED_ITEM ( 'NONE', ( #1985 ), #10859 ) ;
#5206 = PRESENTATION_LAYER_ASSIGNMENT (  '', '', ( #11586 ) ) ;
#5207 = COLOUR_RGB ( '',1.000000000000000000, 1.000000000000000000, 1.000000000000000000 ) ;
#5208 = B_SPLINE_SURFACE_WITH_KNOTS ( 'NONE', 3, 1, ( 
 ( #6279, #7250 ),
 ( #8227, #11896 ),
 ( #11016, #9183 ),
 ( #10399, #11436 ) ),
 .UNSPECIFIED., .F., .F., .F.,
 ( 4, 4 ),
 ( 2, 2 ),
 ( 3.000000000000000000, 4.000000000000000000 ),
 ( 0.0000000000000000000, 1.000000000000000000 ),
 .UNSPECIFIED. ) ;
#5209 = CARTESIAN_POINT ( 'NONE',  ( -0.2316379168720959780, 1.300000000000000044, -1.764131143958194370 ) ) ;
#5210 = CARTESIAN_POINT ( 'NONE',  ( 0.4534626111085245381, 1.300000000000000044, -1.879427505754882599 ) ) ;
#5211 = UNCERTAINTY_MEASURE_WITH_UNIT (LENGTH_MEASURE( 1.000000000000000082E-05 ), #6278, 'distance_accuracy_value', 'NONE');
#5212 = FILL_AREA_STYLE_COLOUR ( '', #8868 ) ;
#5213 = CARTESIAN_POINT ( 'NONE',  ( 0.3450135733147712269, 1.310000000000000053, -1.880873470861114116 ) ) ;
#5214 = COLOUR_RGB ( '',1.000000000000000000, 1.000000000000000000, 1.000000000000000000 ) ;
#5215 = MECHANICAL_DESIGN_GEOMETRIC_PRESENTATION_REPRESENTATION (  '', ( #6169 ), #7742 ) ;
#5216 =( NAMED_UNIT ( * ) PLANE_ANGLE_UNIT ( ) SI_UNIT ( $, .RADIAN. ) );
#5217 = FILL_AREA_STYLE_COLOUR ( '', #4861 ) ;
#5218 = COLOUR_RGB ( '',1.000000000000000000, 1.000000000000000000, 1.000000000000000000 ) ;
#5219 = EDGE_CURVE ( 'NONE', #5278, #11450, #5158, .T. ) ;
#5220 = CARTESIAN_POINT ( 'NONE',  ( -0.1885919391364143660, 1.300000000000000044, -1.793868220364237320 ) ) ;
#5221 = ORIENTED_EDGE ( 'NONE', *, *, #6244, .F. ) ;
#5222 = CARTESIAN_POINT ( 'NONE',  ( -0.2046042110481660070, 1.310000000000000053, -1.731586721177126975 ) ) ;
#5223 = MECHANICAL_DESIGN_GEOMETRIC_PRESENTATION_REPRESENTATION (  '', ( #6181 ), #937 ) ;
#5224 = VECTOR ( 'NONE', #3727, 1000.000000000000000 ) ;
#5225 = CARTESIAN_POINT ( 'NONE',  ( -0.8333458230445190962, 1.310000000000000053, -1.719317577764704508 ) ) ;
#5226 = CIRCLE ( 'NONE', #11970, 0.7500000000000001110 ) ;
#5227 = DIRECTION ( 'NONE',  ( -0.0000000000000000000, -0.0000000000000000000, 1.000000000000000000 ) ) ;
#5228 = SURFACE_SIDE_STYLE ('',( #2359 ) ) ;
#5229 = VECTOR ( 'NONE', #5991, 1000.000000000000114 ) ;
#5230 = ORIENTED_EDGE ( 'NONE', *, *, #8128, .T. ) ;
#5231 = ORIENTED_EDGE ( 'NONE', *, *, #6844, .F. ) ;
#5232 = CARTESIAN_POINT ( 'NONE',  ( -0.1854206774917970535, 1.300000000000000044, -1.381916133920364276 ) ) ;
#5233 = CARTESIAN_POINT ( 'NONE',  ( -0.4763449424777506658, 1.310000000000000053, -1.844296479306359871 ) ) ;
#5234 = PRESENTATION_STYLE_ASSIGNMENT (( #642 ) ) ;
#5235 = PRESENTATION_LAYER_ASSIGNMENT (  '', '', ( #6582 ) ) ;
#5236 = VECTOR ( 'NONE', #7756, 1000.000000000000000 ) ;
#5237 = DIRECTION ( 'NONE',  ( -1.000000000000000000, 0.0000000000000000000, 0.0000000000000000000 ) ) ;
#5238 = EDGE_CURVE ( 'NONE', #6378, #1099, #6114, .T. ) ;
#5239 = PRESENTATION_STYLE_ASSIGNMENT (( #9099 ) ) ;
#5240 = PRESENTATION_LAYER_ASSIGNMENT (  '', '', ( #6010 ) ) ;
#5241 = FACE_OUTER_BOUND ( 'NONE', #8685, .T. ) ;
#5242 = ADVANCED_FACE ( 'NONE', ( #579 ), #8014, .F. ) ;
#5243 = MECHANICAL_DESIGN_GEOMETRIC_PRESENTATION_REPRESENTATION (  '', ( #3095 ), #563 ) ;
#5244 = EDGE_CURVE ( 'NONE', #10130, #9276, #657, .T. ) ;
#5245 = CARTESIAN_POINT ( 'NONE',  ( -0.3236045045701886891, 1.310000000000000053, -1.785342205450451525 ) ) ;
#5246 = ORIENTED_EDGE ( 'NONE', *, *, #5763, .T. ) ;
#5247 = LINE ( 'NONE', #1389, #3214 ) ;
#5248 = VERTEX_POINT ( 'NONE', #3809 ) ;
#5249 = VERTEX_POINT ( 'NONE', #11209 ) ;
#5250 = CARTESIAN_POINT ( 'NONE',  ( -0.5792289882979033688, 1.300000000000000044, -1.513133582959742540 ) ) ;
#5251 = ORIENTED_EDGE ( 'NONE', *, *, #6486, .F. ) ;
#5252 = COLOUR_RGB ( '',1.000000000000000000, 1.000000000000000000, 1.000000000000000000 ) ;
#5253 = DIRECTION ( 'NONE',  ( 0.0000000000000000000, 0.0000000000000000000, -1.000000000000000000 ) ) ;
#5254 = FILL_AREA_STYLE ('',( #4385 ) ) ;
#5255 = EDGE_CURVE ( 'NONE', #141, #6363, #6040, .T. ) ;
#5256 = B_SPLINE_CURVE_WITH_KNOTS ( 'NONE', 3,
 ( #12003, #5419, #5355, #2789 ),
 .UNSPECIFIED., .F., .F.,
 ( 4, 4 ),
 ( 34.00000000000000000, 35.00000000000000000 ),
 .UNSPECIFIED. ) ;
#5257 =( GEOMETRIC_REPRESENTATION_CONTEXT ( 3 ) GLOBAL_UNCERTAINTY_ASSIGNED_CONTEXT ( ( #9050 ) ) GLOBAL_UNIT_ASSIGNED_CONTEXT ( ( #4564, #959, #5349 ) ) REPRESENTATION_CONTEXT ( 'NONE', 'WORKASPACE' ) );
#5258 = ORIENTED_EDGE ( 'NONE', *, *, #5711, .T. ) ;
#5259 = DIRECTION ( 'NONE',  ( 1.000000000000000000, 0.0000000000000000000, 0.0000000000000000000 ) ) ;
#5260 = B_SPLINE_CURVE_WITH_KNOTS ( 'NONE', 3,
 ( #181, #3917, #2196, #7623 ),
 .UNSPECIFIED., .F., .F.,
 ( 4, 4 ),
 ( 4.000000000000000000, 5.000000000000000000 ),
 .UNSPECIFIED. ) ;
#5261 = VECTOR ( 'NONE', #716, 1000.000000000000000 ) ;
#5262 = CARTESIAN_POINT ( 'NONE',  ( -0.03288819116794932523, 1.310000000000000053, -1.534344644452006579 ) ) ;
#5263 = ADVANCED_FACE ( 'NONE', ( #5700 ), #10359, .T. ) ;
#5264 = ORIENTED_EDGE ( 'NONE', *, *, #4582, .F. ) ;
#5265 = CARTESIAN_POINT ( 'NONE',  ( -0.4245649982445671711, 1.300000000000000044, -1.534344644452003692 ) ) ;
#5266 = FACE_OUTER_BOUND ( 'NONE', #7511, .T. ) ;
#5267 = CARTESIAN_POINT ( 'NONE',  ( -0.3028613341397398684, 1.300000000000000044, -1.880688006377570831 ) ) ;
#5268 = ORIENTED_EDGE ( 'NONE', *, *, #1163, .T. ) ;
#5269 = DIRECTION ( 'NONE',  ( -7.463408671483701192E-15, -0.0000000000000000000, -1.000000000000000000 ) ) ;
#5270 = FILL_AREA_STYLE_COLOUR ( '', #6948 ) ;
#5271 = DIRECTION ( 'NONE',  ( 0.0000000000000000000, 0.0000000000000000000, -1.000000000000000000 ) ) ;
#5272 =( LENGTH_UNIT ( ) NAMED_UNIT ( * ) SI_UNIT ( .MILLI., .METRE. ) );
#5273 = CARTESIAN_POINT ( 'NONE',  ( 0.6862664959268371945, 1.300000000000000044, -1.704462997438308980 ) ) ;
#5274 = CARTESIAN_POINT ( 'NONE',  ( -0.3324424468592034887, 1.300000000000000044, -1.731586721177126087 ) ) ;
#5275 = STYLED_ITEM ( 'NONE', ( #881 ), #747 ) ;
#5276 = UNCERTAINTY_MEASURE_WITH_UNIT (LENGTH_MEASURE( 1.000000000000000082E-05 ), #6457, 'distance_accuracy_value', 'NONE');
#5277 = FILL_AREA_STYLE_COLOUR ( '', #4048 ) ;
#5278 = VERTEX_POINT ( 'NONE', #71 ) ;
#5279 = CARTESIAN_POINT ( 'NONE',  ( 0.1599272265137982318, 1.300000000000000044, -1.729044817950138091 ) ) ;
#5280 = B_SPLINE_CURVE_WITH_KNOTS ( 'NONE', 3,
 ( #9624, #6112, #406, #5944 ),
 .UNSPECIFIED., .F., .F.,
 ( 4, 4 ),
 ( 3.000000000000000000, 4.000000000000000000 ),
 .UNSPECIFIED. ) ;
#5281 = UNCERTAINTY_MEASURE_WITH_UNIT (LENGTH_MEASURE( 1.000000000000000082E-05 ), #4093, 'distance_accuracy_value', 'NONE');
#5282 = FILL_AREA_STYLE_COLOUR ( '', #7892 ) ;
#5283 = SURFACE_SIDE_STYLE ('',( #10788 ) ) ;
#5284 = CARTESIAN_POINT ( 'NONE',  ( -0.2316379168720961723, 1.310000000000000053, -1.787837624449537532 ) ) ;
#5285 = ORIENTED_EDGE ( 'NONE', *, *, #9915, .F. ) ;
#5286 = ORIENTED_EDGE ( 'NONE', *, *, #11856, .F. ) ;
#5287 = CARTESIAN_POINT ( 'NONE',  ( -0.2265431030823970848, 1.300000000000000044, -1.374429876923095817 ) ) ;
#5288 = CARTESIAN_POINT ( 'NONE',  ( -0.1976378330084628543, 1.310000000000000053, -1.811856032316819798 ) ) ;
#5289 = LINE ( 'NONE', #4621, #2959 ) ;
#5290 = FACE_OUTER_BOUND ( 'NONE', #444, .T. ) ;
#5291 = DIRECTION ( 'NONE',  ( -6.662906143884111220E-15, 0.0000000000000000000, -1.000000000000000000 ) ) ;
#5292 = SURFACE_STYLE_USAGE ( .BOTH. , #7417 ) ;
#5293 =( NAMED_UNIT ( * ) PLANE_ANGLE_UNIT ( ) SI_UNIT ( $, .RADIAN. ) );
#5294 = CARTESIAN_POINT ( 'NONE',  ( -0.3180417997179912359, 1.310000000000000053, -1.777647996870159064 ) ) ;
#5295 = ORIENTED_EDGE ( 'NONE', *, *, #10137, .T. ) ;
#5296 = ADVANCED_FACE ( 'NONE', ( #10053 ), #10120, .F. ) ;
#5297 = EDGE_LOOP ( 'NONE', ( #5701, #1379, #344, #9432 ) ) ;
#5298 = ORIENTED_EDGE ( 'NONE', *, *, #5528, .T. ) ;
#5299 = CARTESIAN_POINT ( 'NONE',  ( -0.2060598721307327907, 1.310000000000000053, -1.883599328542719498 ) ) ;
#5300 = EDGE_CURVE ( 'NONE', #1864, #1512, #9509, .T. ) ;
#5301 = LINE ( 'NONE', #713, #7681 ) ;
#5302 = ORIENTED_EDGE ( 'NONE', *, *, #3538, .T. ) ;
#5303 = CARTESIAN_POINT ( 'NONE',  ( 0.6240890862035273212, 1.310000000000000053, -1.911239179379300657 ) ) ;
#5304 = CARTESIAN_POINT ( 'NONE',  ( -0.8525813444966405807, 1.300000000000000044, -1.703721209019702254 ) ) ;
#5305 = DIRECTION ( 'NONE',  ( 0.0000000000000000000, -0.0000000000000000000, -1.000000000000000000 ) ) ;
#5306 = B_SPLINE_SURFACE_WITH_KNOTS ( 'NONE', 3, 1, ( 
 ( #4512, #10450 ),
 ( #2912, #11348 ),
 ( #3102, #6624 ),
 ( #7537, #7668 ) ),
 .UNSPECIFIED., .F., .F., .F.,
 ( 4, 4 ),
 ( 2, 2 ),
 ( 5.000000000000000000, 6.000000000000000000 ),
 ( 0.0000000000000000000, 1.000000000000000000 ),
 .UNSPECIFIED. ) ;
#5307 = EDGE_LOOP ( 'NONE', ( #9933, #8740, #3227, #8369 ) ) ;
#5308 = SURFACE_STYLE_USAGE ( .BOTH. , #7119 ) ;
#5309 = UNCERTAINTY_MEASURE_WITH_UNIT (LENGTH_MEASURE( 1.000000000000000082E-05 ), #10209, 'distance_accuracy_value', 'NONE');
#5310 = VERTEX_POINT ( 'NONE', #4978 ) ;
#5311 = CARTESIAN_POINT ( 'NONE',  ( -0.1930628981770302621, 1.310000000000000053, -1.862700194424997457 ) ) ;
#5312 =( NAMED_UNIT ( * ) PLANE_ANGLE_UNIT ( ) SI_UNIT ( $, .RADIAN. ) );
#5313 = CARTESIAN_POINT ( 'NONE',  ( -0.03288819116794802072, 1.300000000000000044, -1.354154597554455330 ) ) ;
#5314 = EDGE_CURVE ( 'NONE', #9086, #11705, #3938, .T. ) ;
#5315 = ORIENTED_EDGE ( 'NONE', *, *, #9657, .F. ) ;
#5316 = EDGE_CURVE ( 'NONE', #9092, #10507, #11274, .T. ) ;
#5317 = SURFACE_STYLE_FILL_AREA ( #6634 ) ;
#5318 = AXIS2_PLACEMENT_3D ( 'NONE', #8333, #7469, #5526 ) ;
#5319 = CARTESIAN_POINT ( 'NONE',  ( -0.2916319486438346265, 1.310000000000000053, -1.875073313628925264 ) ) ;
#5320 = ORIENTED_EDGE ( 'NONE', *, *, #9710, .F. ) ;
#5321 = CARTESIAN_POINT ( 'NONE',  ( -0.1662371439361186309, 1.310000000000000053, -1.831299505351968282 ) ) ;
#5322 = EDGE_CURVE ( 'NONE', #3101, #6378, #3144, .T. ) ;
#5323 = AXIS2_PLACEMENT_3D ( 'NONE', #1042, #184, #7626 ) ;
#5324 = CARTESIAN_POINT ( 'NONE',  ( -0.4245649982445673931, 1.310000000000000053, -1.557531245985787294 ) ) ;
#5325 = CARTESIAN_POINT ( 'NONE',  ( -0.2262831636029221938, 1.310000000000000053, -1.350723396430359990 ) ) ;
#5326 = DIRECTION ( 'NONE',  ( -0.0000000000000000000, -1.000000000000000000, -0.0000000000000000000 ) ) ;
#5327 = EDGE_CURVE ( 'NONE', #10285, #8257, #1292, .T. ) ;
#5328 = FACE_BOUND ( 'NONE', #2651, .T. ) ;
#5329 = PRESENTATION_LAYER_ASSIGNMENT (  '', '', ( #4169 ) ) ;
#5330 = SURFACE_STYLE_FILL_AREA ( #507 ) ;
#5331 = EDGE_CURVE ( 'NONE', #4575, #2972, #1121, .T. ) ;
#5332 = CARTESIAN_POINT ( 'NONE',  ( 0.2500000000000000000, 0.2000000000000000111, -7.249999999999999112 ) ) ;
#5333 =( NAMED_UNIT ( * ) SI_UNIT ( $, .STERADIAN. ) SOLID_ANGLE_UNIT ( ) );
#5334 = ORIENTED_EDGE ( 'NONE', *, *, #9453, .F. ) ;
#5335 = FILL_AREA_STYLE ('',( #10920 ) ) ;
#5336 = VECTOR ( 'NONE', #3913, 1000.000000000000000 ) ;
#5337 = CARTESIAN_POINT ( 'NONE',  ( -0.5189230291509292492, 1.300000000000000044, -1.557531245985787072 ) ) ;
#5338 = DIRECTION ( 'NONE',  ( 1.000000000000000000, -0.0000000000000000000, -8.944201385487092635E-15 ) ) ;
#5339 =( NAMED_UNIT ( * ) PLANE_ANGLE_UNIT ( ) SI_UNIT ( $, .RADIAN. ) );
#5340 = CARTESIAN_POINT ( 'NONE',  ( 0.2495784421214476134, 1.310000000000000053, -1.617703849943914918 ) ) ;
#5341 = CARTESIAN_POINT ( 'NONE',  ( -0.7439266422419624769, 1.310000000000000053, -1.856981525884830342 ) ) ;
#5342 = ORIENTED_EDGE ( 'NONE', *, *, #9601, .F. ) ;
#5343 = VERTEX_POINT ( 'NONE', #1188 ) ;
#5344 =( GEOMETRIC_REPRESENTATION_CONTEXT ( 3 ) GLOBAL_UNCERTAINTY_ASSIGNED_CONTEXT ( ( #8067 ) ) GLOBAL_UNIT_ASSIGNED_CONTEXT ( ( #10497, #1126, #3081 ) ) REPRESENTATION_CONTEXT ( 'NONE', 'WORKASPACE' ) );
#5345 = SURFACE_STYLE_USAGE ( .BOTH. , #9096 ) ;
#5347 = SURFACE_STYLE_FILL_AREA ( #3452 ) ;
#5346 = STYLED_ITEM ( 'NONE', ( #11288 ), #4731 ) ;
#5348 = CARTESIAN_POINT ( 'NONE',  ( 1.020000000000000018, 0.2000000000000000111, -7.249999999999999112 ) ) ;
#5349 =( NAMED_UNIT ( * ) SI_UNIT ( $, .STERADIAN. ) SOLID_ANGLE_UNIT ( ) );
#5350 =( LENGTH_UNIT ( ) NAMED_UNIT ( * ) SI_UNIT ( .MILLI., .METRE. ) );
#5351 = SURFACE_SIDE_STYLE ('',( #11695 ) ) ;
#5352 = DIRECTION ( 'NONE',  ( -7.825477009576044113E-15, 0.0000000000000000000, -1.000000000000000000 ) ) ;
#5353 = ORIENTED_EDGE ( 'NONE', *, *, #8377, .T. ) ;
#5354 = EDGE_CURVE ( 'NONE', #599, #12004, #10592, .T. ) ;
#5355 = CARTESIAN_POINT ( 'NONE',  ( 0.1599272265137982318, 1.310000000000000053, -1.729044817950138091 ) ) ;
#5356 = ORIENTED_EDGE ( 'NONE', *, *, #8745, .T. ) ;
#5357 = ORIENTED_EDGE ( 'NONE', *, *, #3364, .F. ) ;
#5358 = DIRECTION ( 'NONE',  ( -8.762561441094621694E-15, -0.0000000000000000000, -1.000000000000000000 ) ) ;
#5359 = CARTESIAN_POINT ( 'NONE',  ( -0.5786571214431913690, 1.300000000000000044, -1.396680696331872085 ) ) ;
#5360 = EDGE_LOOP ( 'NONE', ( #11620, #10144, #8236, #4013 ) ) ;
#5361 = CARTESIAN_POINT ( 'NONE',  ( 1.020000000000000018, -0.2000000000000000111, -7.249999999999999112 ) ) ;
#5362 = SURFACE_SIDE_STYLE ('',( #1636 ) ) ;
#5363 =( NAMED_UNIT ( * ) SI_UNIT ( $, .STERADIAN. ) SOLID_ANGLE_UNIT ( ) );
#5364 = B_SPLINE_CURVE_WITH_KNOTS ( 'NONE', 3,
 ( #101, #1824, #2010, #9233 ),
 .UNSPECIFIED., .F., .F.,
 ( 4, 4 ),
 ( 3.000000000000000000, 4.000000000000000000 ),
 .UNSPECIFIED. ) ;
#5365 = ORIENTED_EDGE ( 'NONE', *, *, #8267, .T. ) ;
#5366 =( NAMED_UNIT ( * ) SI_UNIT ( $, .STERADIAN. ) SOLID_ANGLE_UNIT ( ) );
#5367 = EDGE_LOOP ( 'NONE', ( #4616, #4297, #8852, #2360 ) ) ;
#5368 = LINE ( 'NONE', #2754, #8857 ) ;
#5369 = SURFACE_STYLE_USAGE ( .BOTH. , #5494 ) ;
#5370 = CARTESIAN_POINT ( 'NONE',  ( 0.4303267832829449913, 1.300000000000000044, -1.880873470861114338 ) ) ;
#5371 = CARTESIAN_POINT ( 'NONE',  ( -0.1138853328496113593, 1.300000000000000044, -1.534344644452005912 ) ) ;
#5372 = CARTESIAN_POINT ( 'NONE',  ( -0.1686805750394584913, 1.300000000000000044, -1.851782736303636101 ) ) ;
#5373 = ADVANCED_FACE ( 'NONE', ( #7649 ), #11333, .T. ) ;
#5374 = COLOUR_RGB ( '',1.000000000000000000, 1.000000000000000000, 1.000000000000000000 ) ;
#5375 = ORIENTED_EDGE ( 'NONE', *, *, #11248, .F. ) ;
#5376 =( NAMED_UNIT ( * ) PLANE_ANGLE_UNIT ( ) SI_UNIT ( $, .RADIAN. ) );
#5377 = CARTESIAN_POINT ( 'NONE',  ( 0.7137403018118723130, 1.300000000000000044, -1.863521668941986453 ) ) ;
#5378 = CARTESIAN_POINT ( 'NONE',  ( -0.8525813444966419130, 1.310000000000000053, -1.851678760512114108 ) ) ;
#5379 = ORIENTED_EDGE ( 'NONE', *, *, #556, .F. ) ;
#5380 = CARTESIAN_POINT ( 'NONE',  ( 1.057885247718629795, 1.310000000000000053, -1.529498627023216706 ) ) ;
#5381 =( GEOMETRIC_REPRESENTATION_CONTEXT ( 3 ) GLOBAL_UNCERTAINTY_ASSIGNED_CONTEXT ( ( #5211 ) ) GLOBAL_UNIT_ASSIGNED_CONTEXT ( ( #6278, #728, #4467 ) ) REPRESENTATION_CONTEXT ( 'NONE', 'WORKASPACE' ) );
#5382 = ADVANCED_FACE ( 'NONE', ( #319 ), #5610, .T. ) ;
#5383 = CARTESIAN_POINT ( 'NONE',  ( 0.5992089403283766824, -2.221694497967908521, -0.4613920241328881011 ) ) ;
#5384 = SURFACE_STYLE_USAGE ( .BOTH. , #10111 ) ;
#5385 = CARTESIAN_POINT ( 'NONE',  ( -0.4132316369571542025, 1.310000000000000053, -1.925813499945592699 ) ) ;
#5386 = FACE_OUTER_BOUND ( 'NONE', #11860, .T. ) ;
#5387 = UNCERTAINTY_MEASURE_WITH_UNIT (LENGTH_MEASURE( 1.000000000000000082E-05 ), #4522, 'distance_accuracy_value', 'NONE');
#5388 = COLOUR_RGB ( '',1.000000000000000000, 1.000000000000000000, 1.000000000000000000 ) ;
#5390 = FACE_OUTER_BOUND ( 'NONE', #3528, .T. ) ;
#5389 = UNCERTAINTY_MEASURE_WITH_UNIT (LENGTH_MEASURE( 1.000000000000000082E-05 ), #7266, 'distance_accuracy_value', 'NONE');
#5391 = SURFACE_STYLE_FILL_AREA ( #8132 ) ;
#5392 = CARTESIAN_POINT ( 'NONE',  ( -0.3897331080481359900, 1.310000000000000053, -1.853966227928184329 ) ) ;
#5393 = B_SPLINE_CURVE_WITH_KNOTS ( 'NONE', 3,
 ( #4940, #11295, #4014, #227 ),
 .UNSPECIFIED., .F., .F.,
 ( 4, 4 ),
 ( 4.000000000000000000, 5.000000000000000000 ),
 .UNSPECIFIED. ) ;
#5394 = VERTEX_POINT ( 'NONE', #5145 ) ;
#5395 = SURFACE_SIDE_STYLE ('',( #943 ) ) ;
#5396 = PRESENTATION_LAYER_ASSIGNMENT (  '', '', ( #714 ) ) ;
#5397 = ORIENTED_EDGE ( 'NONE', *, *, #5680, .T. ) ;
#5398 = DIRECTION ( 'NONE',  ( -0.0000000000000000000, -1.000000000000000000, -0.0000000000000000000 ) ) ;
#5399 = FACE_OUTER_BOUND ( 'NONE', #8147, .T. ) ;
#5400 = ADVANCED_FACE ( 'NONE', ( #9786 ), #1917, .F. ) ;
#5401 = CARTESIAN_POINT ( 'NONE',  ( -0.2916319486438342934, 1.300000000000000044, -1.848767438346977876 ) ) ;
#5402 = CARTESIAN_POINT ( 'NONE',  ( -0.3335341926714792682, 1.300000000000000044, -1.862804170216505684 ) ) ;
#5403 = ORIENTED_EDGE ( 'NONE', *, *, #8074, .T. ) ;
#5404 = ORIENTED_EDGE ( 'NONE', *, *, #7787, .F. ) ;
#5405 = VECTOR ( 'NONE', #9081, 1000.000000000000000 ) ;
#5406 = CARTESIAN_POINT ( 'NONE',  ( -0.5647763532609274550, 1.300000000000000044, -1.527274290620787456 ) ) ;
#5407 = PRESENTATION_LAYER_ASSIGNMENT (  '', '', ( #10626 ) ) ;
#5408 = DIRECTION ( 'NONE',  ( 0.0000000000000000000, -1.000000000000000000, 0.0000000000000000000 ) ) ;
#5409 = CARTESIAN_POINT ( 'NONE',  ( -0.2599193321962646741, 1.310000000000000053, -1.378380957004756269 ) ) ;
#5410 = COLOUR_RGB ( '',1.000000000000000000, 1.000000000000000000, 1.000000000000000000 ) ;
#5411 = LINE ( 'NONE', #7286, #9109 ) ;
#5412 = MECHANICAL_DESIGN_GEOMETRIC_PRESENTATION_REPRESENTATION (  '', ( #10824 ), #7934 ) ;
#5413 = SURFACE_STYLE_USAGE ( .BOTH. , #7470 ) ;
#5414 = AXIS2_PLACEMENT_3D ( 'NONE', #905, #1032, #3333 ) ;
#5415 = PRESENTATION_LAYER_ASSIGNMENT (  '', '', ( #931 ) ) ;
#5416 =( NAMED_UNIT ( * ) PLANE_ANGLE_UNIT ( ) SI_UNIT ( $, .RADIAN. ) );
#5417 =( GEOMETRIC_REPRESENTATION_CONTEXT ( 3 ) GLOBAL_UNCERTAINTY_ASSIGNED_CONTEXT ( ( #8597 ) ) GLOBAL_UNIT_ASSIGNED_CONTEXT ( ( #9214, #2226, #9566 ) ) REPRESENTATION_CONTEXT ( 'NONE', 'WORKASPACE' ) );
#5418 = ORIENTED_EDGE ( 'NONE', *, *, #9741, .F. ) ;
#5419 = CARTESIAN_POINT ( 'NONE',  ( 0.1787250486992051079, 1.310000000000000053, -1.778208403813768435 ) ) ;
#5420 = VERTEX_POINT ( 'NONE', #9004 ) ;
#5421 = VERTEX_POINT ( 'NONE', #8830 ) ;
#5422 = CARTESIAN_POINT ( 'NONE',  ( -0.2046042110481660070, 1.310000000000000053, -1.731586721177126975 ) ) ;
#5423 = AXIS2_PLACEMENT_3D ( 'NONE', #9622, #6909, #8610 ) ;
#5424 = ORIENTED_EDGE ( 'NONE', *, *, #7977, .F. ) ;
#5425 = SURFACE_STYLE_USAGE ( .BOTH. , #2489 ) ;
#5426 = COLOUR_RGB ( '',1.000000000000000000, 1.000000000000000000, 1.000000000000000000 ) ;
#5427 = CARTESIAN_POINT ( 'NONE',  ( -0.5961250544382042937, 1.300000000000000044, -1.700186032104094691 ) ) ;
#5428 = LINE ( 'NONE', #6561, #7176 ) ;
#5429 = SURFACE_SIDE_STYLE ('',( #6324 ) ) ;
#5430 = PRESENTATION_LAYER_ASSIGNMENT (  '', '', ( #3884 ) ) ;
#5431 = CARTESIAN_POINT ( 'NONE',  ( -1.019670441649668469, 1.310000000000000053, -1.801562428945911121 ) ) ;
#5432 = VECTOR ( 'NONE', #1077, 1000.000000000000000 ) ;
#5433 = CARTESIAN_POINT ( 'NONE',  ( -0.5935256596462119560, 1.300000000000000044, -1.409469718701858776 ) ) ;
#5434 = EDGE_CURVE ( 'NONE', #8019, #7828, #7936, .T. ) ;
#5435 = VECTOR ( 'NONE', #6323, 1000.000000000000000 ) ;
#5436 = SURFACE_STYLE_USAGE ( .BOTH. , #11843 ) ;
#5437 = UNCERTAINTY_MEASURE_WITH_UNIT (LENGTH_MEASURE( 1.000000000000000082E-05 ), #8983, 'distance_accuracy_value', 'NONE');
#5438 = ORIENTED_EDGE ( 'NONE', *, *, #3660, .F. ) ;
#5439 = CARTESIAN_POINT ( 'NONE',  ( 0.8149593761715847595, 1.310000000000000053, -1.419603610333215693 ) ) ;
#5440 = FILL_AREA_STYLE_COLOUR ( '', #3131 ) ;
#5441 = CARTESIAN_POINT ( 'NONE',  ( -0.3827667300091260327, 1.310000000000000053, -1.762779458667128596 ) ) ;
#5442 = ORIENTED_EDGE ( 'NONE', *, *, #4180, .F. ) ;
#5443 = VECTOR ( 'NONE', #10185, 1000.000000000000000 ) ;
#5444 = CARTESIAN_POINT ( 'NONE',  ( -0.1483013198792975385, 1.310000000000000053, -1.533200910743974354 ) ) ;
#5445 = PRESENTATION_LAYER_ASSIGNMENT (  '', '', ( #7381 ) ) ;
#5446 = ORIENTED_EDGE ( 'NONE', *, *, #6287, .T. ) ;
#5447 = CARTESIAN_POINT ( 'NONE',  ( -0.7304617772257490094, 1.310000000000000053, -1.380148545461863607 ) ) ;
#5448 = CARTESIAN_POINT ( 'NONE',  ( -0.6398468748194138245, 1.310000000000000053, -1.557531245985785961 ) ) ;
#5449 = CARTESIAN_POINT ( 'NONE',  ( -0.5698711670506276805, 1.310000000000000053, -1.880168127418619495 ) ) ;
#5450 = CARTESIAN_POINT ( 'NONE',  ( 0.7426600452231272298, 1.300000000000000044, -1.444185389475020065 ) ) ;
#5451 = CARTESIAN_POINT ( 'NONE',  ( -0.4141674190814600975, 1.310000000000000053, -1.442637996233387510 ) ) ;
#5452 = CARTESIAN_POINT ( 'NONE',  ( -0.1960781961343697755, 1.300000000000000044, -1.350723396430360213 ) ) ;
#5453 = EDGE_CURVE ( 'NONE', #4329, #8288, #4400, .T. ) ;
#5454 = EDGE_CURVE ( 'NONE', #2880, #43, #7074, .T. ) ;
#5455 = EDGE_CURVE ( 'NONE', #1445, #6906, #8115, .T. ) ;
#5456 = ORIENTED_EDGE ( 'NONE', *, *, #7471, .F. ) ;
#5457 = CARTESIAN_POINT ( 'NONE',  ( -0.2219681682502721298, 1.300000000000000044, -1.537567893993073476 ) ) ;
#5458 =( GEOMETRIC_REPRESENTATION_CONTEXT ( 3 ) GLOBAL_UNCERTAINTY_ASSIGNED_CONTEXT ( ( #9914 ) ) GLOBAL_UNIT_ASSIGNED_CONTEXT ( ( #9517, #273, #3084 ) ) REPRESENTATION_CONTEXT ( 'NONE', 'WORKASPACE' ) );
#5459 = ORIENTED_EDGE ( 'NONE', *, *, #9915, .T. ) ;
#5460 = CARTESIAN_POINT ( 'NONE',  ( -0.1113899138498327668, 1.300000000000000044, -1.700186032104098244 ) ) ;
#5461 = FILL_AREA_STYLE ('',( #3508 ) ) ;
#5462 = CARTESIAN_POINT ( 'NONE',  ( -0.7310856319748282317, 1.300000000000000044, -1.380148545461863385 ) ) ;
#5463 = SURFACE_SIDE_STYLE ('',( #1745 ) ) ;
#5464 = CARTESIAN_POINT ( 'NONE',  ( -0.1160168365777153460, 1.310000000000000053, -1.880168127418622603 ) ) ;
#5465 = PLANE ( 'NONE',  #11992 ) ;
#5466 = ORIENTED_EDGE ( 'NONE', *, *, #11667, .T. ) ;
#5467 = ORIENTED_EDGE ( 'NONE', *, *, #10858, .T. ) ;
#5468 = CARTESIAN_POINT ( 'NONE',  ( -0.8194650548622567365, 1.310000000000000053, -1.849911172055004993 ) ) ;
#5469 = EDGE_CURVE ( 'NONE', #5670, #8582, #1972, .T. ) ;
#5470 = DIRECTION ( 'NONE',  ( 1.000000000000000000, -0.0000000000000000000, -7.611275996530357052E-15 ) ) ;
#5471 = SURFACE_STYLE_FILL_AREA ( #10928 ) ;
#5472 = CARTESIAN_POINT ( 'NONE',  ( 0.7701337683681047652, 1.310000000000000053, -1.525160593804412157 ) ) ;
#5473 = EDGE_CURVE ( 'NONE', #6464, #9548, #364, .T. ) ;
#5474 = DIRECTION ( 'NONE',  ( -0.0000000000000000000, -1.000000000000000000, -0.0000000000000000000 ) ) ;
#5475 =( NAMED_UNIT ( * ) PLANE_ANGLE_UNIT ( ) SI_UNIT ( $, .RADIAN. ) );
#5476 = ADVANCED_FACE ( 'NONE', ( #4344 ), #6516, .F. ) ;
#5477 = SURFACE_STYLE_USAGE ( .BOTH. , #9224 ) ;
#5478 = ORIENTED_EDGE ( 'NONE', *, *, #8051, .T. ) ;
#5479 = EDGE_CURVE ( 'NONE', #10732, #10758, #9190, .T. ) ;
#5480 = VERTEX_POINT ( 'NONE', #3800 ) ;
#5481 = VERTEX_POINT ( 'NONE', #9133 ) ;
#5482 = FILL_AREA_STYLE ('',( #10146 ) ) ;
#5483 = DIRECTION ( 'NONE',  ( -0.0000000000000000000, -1.000000000000000000, -0.0000000000000000000 ) ) ;
#5484 = ORIENTED_EDGE ( 'NONE', *, *, #9370, .T. ) ;
#5485 = CARTESIAN_POINT ( 'NONE',  ( -0.6009599287491100839, 1.310000000000000053, -1.453971357520802199 ) ) ;
#5486 = UNCERTAINTY_MEASURE_WITH_UNIT (LENGTH_MEASURE( 1.000000000000000082E-05 ), #7825, 'distance_accuracy_value', 'NONE');
#5487 = B_SPLINE_CURVE_WITH_KNOTS ( 'NONE', 3,
 ( #3185, #1110, #5812, #4849 ),
 .UNSPECIFIED., .F., .F.,
 ( 4, 4 ),
 ( 7.000000000000000000, 8.000000000000000000 ),
 .UNSPECIFIED. ) ;
#5488 = FILL_AREA_STYLE ('',( #1769 ) ) ;
#5489 = CARTESIAN_POINT ( 'NONE',  ( -0.1113899138498327390, 1.300000000000000044, -1.700186032104098688 ) ) ;
#5490 = PRESENTATION_STYLE_ASSIGNMENT (( #11771 ) ) ;
#5491 = PRESENTATION_STYLE_ASSIGNMENT (( #10344 ) ) ;
#5492 = ORIENTED_EDGE ( 'NONE', *, *, #7954, .F. ) ;
#5493 = DIRECTION ( 'NONE',  ( -1.000000000000000000, 0.0000000000000000000, 0.0000000000000000000 ) ) ;
#5494 = SURFACE_SIDE_STYLE ('',( #11781 ) ) ;
#5495 =( NAMED_UNIT ( * ) SI_UNIT ( $, .STERADIAN. ) SOLID_ANGLE_UNIT ( ) );
#5496 = LINE ( 'NONE', #9184, #8137 ) ;
#5497 = SURFACE_STYLE_FILL_AREA ( #8998 ) ;
#5498 = ORIENTED_EDGE ( 'NONE', *, *, #250, .F. ) ;
#5499 =( GEOMETRIC_REPRESENTATION_CONTEXT ( 3 ) GLOBAL_UNCERTAINTY_ASSIGNED_CONTEXT ( ( #9865 ) ) GLOBAL_UNIT_ASSIGNED_CONTEXT ( ( #702, #5524, #4370 ) ) REPRESENTATION_CONTEXT ( 'NONE', 'WORKASPACE' ) );
#5500 = B_SPLINE_CURVE_WITH_KNOTS ( 'NONE', 3,
 ( #8593, #3986, #11503, #1180 ),
 .UNSPECIFIED., .F., .F.,
 ( 4, 4 ),
 ( 5.000000000000000000, 6.000000000000000000 ),
 .UNSPECIFIED. ) ;
#5501 = CARTESIAN_POINT ( 'NONE',  ( -0.1890078423031585353, 1.310000000000000053, -1.560962447109883744 ) ) ;
#5502 = CARTESIAN_POINT ( 'NONE',  ( 0.8843667493268569935, 1.300000000000000044, -1.726152804996228474 ) ) ;
#5503 = LINE ( 'NONE', #866, #8326 ) ;
#5504 = VERTEX_POINT ( 'NONE', #808 ) ;
#5505 = CARTESIAN_POINT ( 'NONE',  ( -0.3257879961947383607, 1.310000000000000053, -1.757684644877441027 ) ) ;
#5506 = CARTESIAN_POINT ( 'NONE',  ( 0.8467710773767120891, 1.310000000000000053, -1.503470786245107549 ) ) ;
#5507 = FILL_AREA_STYLE_COLOUR ( '', #6946 ) ;
#5508 = EDGE_CURVE ( 'NONE', #482, #11478, #7501, .T. ) ;
#5509 =( NAMED_UNIT ( * ) SI_UNIT ( $, .STERADIAN. ) SOLID_ANGLE_UNIT ( ) );
#5510 = SURFACE_SIDE_STYLE ('',( #5391 ) ) ;
#5511 = PRESENTATION_STYLE_ASSIGNMENT (( #7400 ) ) ;
#5512 = VERTEX_POINT ( 'NONE', #4 ) ;
#5513 = SURFACE_STYLE_USAGE ( .BOTH. , #821 ) ;
#5514 = EDGE_LOOP ( 'NONE', ( #4895, #4460, #1749, #1911 ) ) ;
#5515 = LINE ( 'NONE', #4548, #9431 ) ;
#5516 = LINE ( 'NONE', #6299, #9333 ) ;
#5517 = CARTESIAN_POINT ( 'NONE',  ( 0.8482170700629673155, 1.300000000000000044, -1.416711638750715041 ) ) ;
#5518 = DIRECTION ( 'NONE',  ( -6.914753392094647351E-15, 0.0000000000000000000, -1.000000000000000000 ) ) ;
#5519 = CARTESIAN_POINT ( 'NONE',  ( -0.4694305523338100361, 1.300000000000000044, -1.844088527723333426 ) ) ;
#5520 = ORIENTED_EDGE ( 'NONE', *, *, #3915, .F. ) ;
#5521 = ORIENTED_EDGE ( 'NONE', *, *, #7479, .T. ) ;
#5522 = CARTESIAN_POINT ( 'NONE',  ( 0.7701337959481223683, 1.310000000000000053, -1.776762438707540248 ) ) ;
#5523 =( NAMED_UNIT ( * ) PLANE_ANGLE_UNIT ( ) SI_UNIT ( $, .RADIAN. ) );
#5524 =( NAMED_UNIT ( * ) PLANE_ANGLE_UNIT ( ) SI_UNIT ( $, .RADIAN. ) );
#5525 = LINE ( 'NONE', #890, #10663 ) ;
#5526 = DIRECTION ( 'NONE',  ( 7.463408671483709080E-15, 0.0000000000000000000, 1.000000000000000000 ) ) ;
#5527 = PRESENTATION_STYLE_ASSIGNMENT (( #5292 ) ) ;
#5528 = EDGE_CURVE ( 'NONE', #10373, #11882, #5503, .T. ) ;
#5529 = DIRECTION ( 'NONE',  ( -0.0000000000000000000, -1.000000000000000000, -0.0000000000000000000 ) ) ;
#5530 = DIRECTION ( 'NONE',  ( -6.338874234249406364E-15, 0.0000000000000000000, -1.000000000000000000 ) ) ;
#5531 = PRESENTATION_STYLE_ASSIGNMENT (( #6437 ) ) ;
#5532 = ORIENTED_EDGE ( 'NONE', *, *, #6259, .F. ) ;
#5533 = FILL_AREA_STYLE_COLOUR ( '', #3021 ) ;
#5534 = PRESENTATION_LAYER_ASSIGNMENT (  '', '', ( #8634 ) ) ;
#5535 = ORIENTED_EDGE ( 'NONE', *, *, #11308, .T. ) ;
#5536 = EDGE_LOOP ( 'NONE', ( #11162, #100, #3790, #12002 ) ) ;
#5537 =( LENGTH_UNIT ( ) NAMED_UNIT ( * ) SI_UNIT ( .MILLI., .METRE. ) );
#5538 = PRESENTATION_LAYER_ASSIGNMENT (  '', '', ( #9969 ) ) ;
#5539 = CARTESIAN_POINT ( 'NONE',  ( -0.3310387736723940377, 1.310000000000000053, -1.883599328542718609 ) ) ;
#5540 = VERTEX_POINT ( 'NONE', #3745 ) ;
#5541 = CARTESIAN_POINT ( 'NONE',  ( -0.2316379168720965054, 1.300000000000000044, -1.821213853564091378 ) ) ;
#5542 = VECTOR ( 'NONE', #6822, 1000.000000000000000 ) ;
#5543 = DIRECTION ( 'NONE',  ( -1.000000000000000000, 0.0000000000000000000, 6.397207432700281273E-15 ) ) ;
#5544 = CARTESIAN_POINT ( 'NONE',  ( 0.3667033808740775003, 1.310000000000000053, -1.567094298974051503 ) ) ;
#5545 = COLOUR_RGB ( '',0.7529411764705882248, 0.7529411764705882248, 0.7529411764705882248 ) ;
#5546 = SURFACE_SIDE_STYLE ('',( #2799 ) ) ;
#5547 = PRESENTATION_STYLE_ASSIGNMENT (( #6270 ) ) ;
#5548 = CARTESIAN_POINT ( 'NONE',  ( -0.6009599287491100839, 1.310000000000000053, -1.453971357520802199 ) ) ;
#5549 = UNCERTAINTY_MEASURE_WITH_UNIT (LENGTH_MEASURE( 1.000000000000000082E-05 ), #7488, 'distance_accuracy_value', 'NONE');
#5550 = ORIENTED_EDGE ( 'NONE', *, *, #10779, .F. ) ;
#5551 = CARTESIAN_POINT ( 'NONE',  ( -0.2209284103344479055, 1.300000000000000044, -1.874969337837415262 ) ) ;
#5552 = CARTESIAN_POINT ( 'NONE',  ( -0.2219681682502721298, 1.310000000000000053, -1.537567893993073476 ) ) ;
#5553 =( LENGTH_UNIT ( ) NAMED_UNIT ( * ) SI_UNIT ( .MILLI., .METRE. ) );
#5554 = LINE ( 'NONE', #4529, #8100 ) ;
#5555 = EDGE_CURVE ( 'NONE', #739, #7290, #4744, .T. ) ;
#5556 = CARTESIAN_POINT ( 'NONE',  ( 0.3739333167267185898, 1.310000000000000053, -1.567094298974051503 ) ) ;
#5557 = MECHANICAL_DESIGN_GEOMETRIC_PRESENTATION_REPRESENTATION (  '', ( #10395 ), #2428 ) ;
#5558 = SURFACE_STYLE_FILL_AREA ( #8184 ) ;
#5559 = CARTESIAN_POINT ( 'NONE',  ( 0.9696799868750548557, 1.300000000000000044, -1.441293417891135853 ) ) ;
#5560 = VERTEX_POINT ( 'NONE', #4671 ) ;
#5561 = CARTESIAN_POINT ( 'NONE',  ( -0.3635831964527602711, 1.310000000000000053, -1.843152745598332087 ) ) ;
#5562 =( NAMED_UNIT ( * ) PLANE_ANGLE_UNIT ( ) SI_UNIT ( $, .RADIAN. ) );
#5563 = CARTESIAN_POINT ( 'NONE',  ( 0.8265272625043550425, 1.310000000000000053, -1.418157617646961022 ) ) ;
#5564 = ORIENTED_EDGE ( 'NONE', *, *, #10368, .F. ) ;
#5565 = CARTESIAN_POINT ( 'NONE',  ( -0.3151824654486039545, 1.310000000000000053, -1.354154597554453554 ) ) ;
#5566 = CARTESIAN_POINT ( 'NONE',  ( -0.5210025449839603695, 1.310000000000000053, -1.354154597554452000 ) ) ;
#5567 = CARTESIAN_POINT ( 'NONE',  ( -0.1403991597152868254, 1.310000000000000053, -1.854278155302721665 ) ) ;
#5568 = SURFACE_SIDE_STYLE ('',( #8244 ) ) ;
#5569 = STYLED_ITEM ( 'NONE', ( #1065 ), #7322 ) ;
#5570 = FILL_AREA_STYLE_COLOUR ( '', #8550 ) ;
#5571 = VERTEX_POINT ( 'NONE', #5631 ) ;
#5572 = SURFACE_STYLE_FILL_AREA ( #6607 ) ;
#5573 = CARTESIAN_POINT ( 'NONE',  ( -0.8057922382630184899, 1.300000000000000044, -1.880168127418617718 ) ) ;
#5574 =( NAMED_UNIT ( * ) PLANE_ANGLE_UNIT ( ) SI_UNIT ( $, .RADIAN. ) );
#5575 = VECTOR ( 'NONE', #2325, 1000.000000000000000 ) ;
#5576 = CARTESIAN_POINT ( 'NONE',  ( -1.897366596101027536, 1.300000000000000044, 2.250000000000000000 ) ) ;
#5577 = ORIENTED_EDGE ( 'NONE', *, *, #462, .T. ) ;
#5578 = VERTEX_POINT ( 'NONE', #9063 ) ;
#5579 = CARTESIAN_POINT ( 'NONE',  ( -0.3355617206080711568, 1.300000000000000044, -1.792828462449102878 ) ) ;
#5580 = ADVANCED_FACE ( 'NONE', ( #4477 ), #7385, .F. ) ;
#5581 = PRESENTATION_STYLE_ASSIGNMENT (( #8330 ) ) ;
#5582 = VECTOR ( 'NONE', #10740, 1000.000000000000114 ) ;
#5583 = VECTOR ( 'NONE', #6163, 1000.000000000000000 ) ;
#5584 = DIRECTION ( 'NONE',  ( 1.000000000000000000, 0.0000000000000000000, -7.899581905746808426E-15 ) ) ;
#5585 = VECTOR ( 'NONE', #6937, 1000.000000000000000 ) ;
#5586 = SURFACE_STYLE_USAGE ( .BOTH. , #10991 ) ;
#5587 = COLOUR_RGB ( '',1.000000000000000000, 1.000000000000000000, 1.000000000000000000 ) ;
#5588 = LINE ( 'NONE', #8395, #6955 ) ;
#5589 = FILL_AREA_STYLE_COLOUR ( '', #2660 ) ;
#5590 = ORIENTED_EDGE ( 'NONE', *, *, #11805, .T. ) ;
#5591 = LINE ( 'NONE', #9167, #11363 ) ;
#5592 = VECTOR ( 'NONE', #4309, 1000.000000000000000 ) ;
#5593 = ORIENTED_EDGE ( 'NONE', *, *, #7098, .F. ) ;
#5594 = ORIENTED_EDGE ( 'NONE', *, *, #3429, .T. ) ;
#5595 = DIRECTION ( 'NONE',  ( 0.3897582650654531911, -0.0000000000000000000, -0.9209172030172787515 ) ) ;
#5596 = PRESENTATION_STYLE_ASSIGNMENT (( #4709 ) ) ;
#5597 = STYLED_ITEM ( 'NONE', ( #1967 ), #8371 ) ;
#5598 = ORIENTED_EDGE ( 'NONE', *, *, #8128, .F. ) ;
#5599 = DIRECTION ( 'NONE',  ( 1.000000000000000000, 0.0000000000000000000, -9.351971403878175235E-15 ) ) ;
#5600 = UNCERTAINTY_MEASURE_WITH_UNIT (LENGTH_MEASURE( 1.000000000000000082E-05 ), #1799, 'distance_accuracy_value', 'NONE');
#5601 = CARTESIAN_POINT ( 'NONE',  ( -0.4245649982445673931, 1.300000000000000044, -1.557531245985787294 ) ) ;
#5602 = EDGE_CURVE ( 'NONE', #4750, #7828, #5918, .T. ) ;
#5603 = VECTOR ( 'NONE', #11222, 1000.000000000000000 ) ;
#5604 =( NAMED_UNIT ( * ) SI_UNIT ( $, .STERADIAN. ) SOLID_ANGLE_UNIT ( ) );
#5605 = CARTESIAN_POINT ( 'NONE',  ( -0.2595034290295187840, 1.300000000000000044, -1.557011367028222626 ) ) ;
#5606 = MECHANICAL_DESIGN_GEOMETRIC_PRESENTATION_REPRESENTATION (  '', ( #931 ), #7745 ) ;
#5608 = EDGE_CURVE ( 'NONE', #11082, #4274, #9371, .T. ) ;
#5607 = PRESENTATION_STYLE_ASSIGNMENT (( #10211 ) ) ;
#5609 = CIRCLE ( 'NONE', #10638, 2.299999999999999822 ) ;
#5610 = B_SPLINE_SURFACE_WITH_KNOTS ( 'NONE', 3, 1, ( 
 ( #7703, #2568 ),
 ( #2513, #3490 ),
 ( #1594, #9677 ),
 ( #6098, #6231 ) ),
 .UNSPECIFIED., .F., .F., .F.,
 ( 4, 4 ),
 ( 2, 2 ),
 ( 0.0000000000000000000, 1.000000000000000000 ),
 ( 0.0000000000000000000, 1.000000000000000000 ),
 .UNSPECIFIED. ) ;
#5611 = EDGE_CURVE ( 'NONE', #10973, #10791, #8467, .T. ) ;
#5612 = VECTOR ( 'NONE', #2080, 1000.000000000000000 ) ;
#5613 = CARTESIAN_POINT ( 'NONE',  ( 0.7701337683681047652, 1.310000000000000053, -1.525160593804412157 ) ) ;
#5614 = CARTESIAN_POINT ( 'NONE',  ( -0.9514103344436132259, 1.310000000000000053, -1.801562428945911565 ) ) ;
#5615 = COLOUR_RGB ( '',1.000000000000000000, 1.000000000000000000, 1.000000000000000000 ) ;
#5616 = VERTEX_POINT ( 'NONE', #1049 ) ;
#5617 = CARTESIAN_POINT ( 'NONE',  ( -0.1785062873485450397, 1.300000000000000044, -1.860516702800447897 ) ) ;
#5618 =( LENGTH_UNIT ( ) NAMED_UNIT ( * ) SI_UNIT ( .MILLI., .METRE. ) );
#5619 =( NAMED_UNIT ( * ) PLANE_ANGLE_UNIT ( ) SI_UNIT ( $, .RADIAN. ) );
#5620 = COLOUR_RGB ( '',1.000000000000000000, 1.000000000000000000, 1.000000000000000000 ) ;
#5621 = CARTESIAN_POINT ( 'NONE',  ( -0.3754884245948870714, 1.300000000000000044, -1.810192419651218243 ) ) ;
#5622 = COLOUR_RGB ( '',1.000000000000000000, 1.000000000000000000, 1.000000000000000000 ) ;
#5623 = CARTESIAN_POINT ( 'NONE',  ( -0.1611943180414919241, 1.310000000000000053, -1.879752224252569270 ) ) ;
#5624 = EDGE_CURVE ( 'NONE', #11099, #11756, #3982, .T. ) ;
#5625 = PLANE ( 'NONE',  #7715 ) ;
#5626 =( LENGTH_UNIT ( ) NAMED_UNIT ( * ) SI_UNIT ( .MILLI., .METRE. ) );
#5627 = STYLED_ITEM ( 'NONE', ( #4410 ), #4211 ) ;
#5628 = CARTESIAN_POINT ( 'NONE',  ( 0.8308652405638100591, 1.300000000000000044, -1.685665175252900161 ) ) ;
#5629 = PRESENTATION_LAYER_ASSIGNMENT (  '', '', ( #552 ) ) ;
#5630 = VECTOR ( 'NONE', #1385, 1000.000000000000000 ) ;
#5631 = CARTESIAN_POINT ( 'NONE',  ( -0.5978926428953114103, 1.310000000000000053, -1.381084327586869609 ) ) ;
#5632 = ORIENTED_EDGE ( 'NONE', *, *, #2178, .T. ) ;
#5633 = DIRECTION ( 'NONE',  ( -0.0000000000000000000, -1.000000000000000000, -0.0000000000000000000 ) ) ;
#5634 = EDGE_CURVE ( 'NONE', #400, #2005, #3055, .T. ) ;
#5635 = CARTESIAN_POINT ( 'NONE',  ( -0.9818232534944985046, 1.310000000000000053, -1.717030110348640726 ) ) ;
#5637 =( NAMED_UNIT ( * ) SI_UNIT ( $, .STERADIAN. ) SOLID_ANGLE_UNIT ( ) );
#5636 = MECHANICAL_DESIGN_GEOMETRIC_PRESENTATION_REPRESENTATION (  '', ( #10853 ), #5056 ) ;
#5638 = EDGE_LOOP ( 'NONE', ( #3871, #11529, #3531, #1265 ) ) ;
#5639 = LINE ( 'NONE', #1919, #2302 ) ;
#5640 = B_SPLINE_SURFACE_WITH_KNOTS ( 'NONE', 3, 1, ( 
 ( #11861, #8380 ),
 ( #9268, #8135 ),
 ( #10122, #11810 ),
 ( #3504, #5457 ) ),
 .UNSPECIFIED., .F., .F., .F.,
 ( 4, 4 ),
 ( 2, 2 ),
 ( 12.00000000000000000, 13.00000000000000000 ),
 ( 0.0000000000000000000, 1.000000000000000000 ),
 .UNSPECIFIED. ) ;
#5641 = CARTESIAN_POINT ( 'NONE',  ( 0.6862664959268371945, 1.310000000000000053, -1.704462997438308980 ) ) ;
#5642 = FILL_AREA_STYLE_COLOUR ( '', #4249 ) ;
#5643 = EDGE_CURVE ( 'NONE', #4175, #7539, #8653, .T. ) ;
#5644 = VECTOR ( 'NONE', #4207, 1000.000000000000000 ) ;
#5645 = CARTESIAN_POINT ( 'NONE',  ( 0.4361107540293536755, 1.300000000000000044, -1.327060428313795892 ) ) ;
#5646 = SURFACE_SIDE_STYLE ('',( #1925 ) ) ;
#5647 = ORIENTED_EDGE ( 'NONE', *, *, #11398, .T. ) ;
#5648 = CARTESIAN_POINT ( 'NONE',  ( -0.1545918552727807427, 1.300000000000000044, -1.769849812498351049 ) ) ;
#5649 = MECHANICAL_DESIGN_GEOMETRIC_PRESENTATION_REPRESENTATION (  '', ( #7381 ), #5257 ) ;
#5650 = UNCERTAINTY_MEASURE_WITH_UNIT (LENGTH_MEASURE( 1.000000000000000082E-05 ), #2124, 'distance_accuracy_value', 'NONE');
#5651 = AXIS2_PLACEMENT_3D ( 'NONE', #290, #7428, #1883 ) ;
#5652 = SURFACE_STYLE_USAGE ( .BOTH. , #1858 ) ;
#5653 = DIRECTION ( 'NONE',  ( 0.0000000000000000000, -1.000000000000000000, 0.0000000000000000000 ) ) ;
#5654 = CARTESIAN_POINT ( 'NONE',  ( -0.2022127678405898632, 1.310000000000000053, -1.752277903711821239 ) ) ;
#5655 = VERTEX_POINT ( 'NONE', #7813 ) ;
#5656 = VERTEX_POINT ( 'NONE', #11446 ) ;
#5657 = CARTESIAN_POINT ( 'NONE',  ( 0.9913697944336661294, 1.310000000000000053, -1.568540208920252255 ) ) ;
#5658 =( NAMED_UNIT ( * ) SI_UNIT ( $, .STERADIAN. ) SOLID_ANGLE_UNIT ( ) );
#5659 = B_SPLINE_CURVE_WITH_KNOTS ( 'NONE', 3,
 ( #6383, #10085, #1957, #5485 ),
 .UNSPECIFIED., .F., .F.,
 ( 4, 4 ),
 ( 3.000000000000000000, 4.000000000000000000 ),
 .UNSPECIFIED. ) ;
#5660 = FILL_AREA_STYLE_COLOUR ( '', #11800 ) ;
#5661 = LINE ( 'NONE', #1139, #8918 ) ;
#5662 = SURFACE_STYLE_USAGE ( .BOTH. , #1945 ) ;
#5663 = VECTOR ( 'NONE', #1859, 1000.000000000000000 ) ;
#5664 = CARTESIAN_POINT ( 'NONE',  ( -0.3037971162647429280, 1.300000000000000044, -1.803433993194542895 ) ) ;
#5665 = CARTESIAN_POINT ( 'NONE',  ( -0.6009599287491100839, 1.310000000000000053, -1.453971357520802199 ) ) ;
#5666 = CARTESIAN_POINT ( 'NONE',  ( 0.7137403018118723130, 1.310000000000000053, -1.863521668941986453 ) ) ;
#5667 = STYLED_ITEM ( 'NONE', ( #1427 ), #1148 ) ;
#5668 = B_SPLINE_CURVE_WITH_KNOTS ( 'NONE', 3,
 ( #5422, #6265, #4448, #3532 ),
 .UNSPECIFIED., .F., .F.,
 ( 4, 4 ),
 ( 0.0000000000000000000, 1.000000000000000000 ),
 .UNSPECIFIED. ) ;
#5669 = FILL_AREA_STYLE_COLOUR ( '', #5388 ) ;
#5670 = VERTEX_POINT ( 'NONE', #8591 ) ;
#5671 = ORIENTED_EDGE ( 'NONE', *, *, #6648, .F. ) ;
#5672 = VERTEX_POINT ( 'NONE', #2873 ) ;
#5673 = PRESENTATION_STYLE_ASSIGNMENT (( #7424 ) ) ;
#5674 = LINE ( 'NONE', #42, #6691 ) ;
#5675 = VERTEX_POINT ( 'NONE', #308 ) ;
#5676 = FILL_AREA_STYLE ('',( #4639 ) ) ;
#5677 = CARTESIAN_POINT ( 'NONE',  ( -0.4892379406406413556, 1.300000000000000044, -1.534344644452003248 ) ) ;
#5678 = CARTESIAN_POINT ( 'NONE',  ( -0.4082407989589754704, 1.310000000000000053, -1.946504682480287185 ) ) ;
#5679 = CARTESIAN_POINT ( 'NONE',  ( -0.1689925024139932730, 1.300000000000000044, -1.736057680217743870 ) ) ;
#5680 = EDGE_CURVE ( 'NONE', #3385, #9467, #9073, .T. ) ;
#5681 = ORIENTED_EDGE ( 'NONE', *, *, #5764, .F. ) ;
#5682 = FILL_AREA_STYLE_COLOUR ( '', #9340 ) ;
#5683 = SURFACE_SIDE_STYLE ('',( #10286 ) ) ;
#5684 = CARTESIAN_POINT ( 'NONE',  ( -0.6688561206834809925, 1.310000000000000053, -1.557531245985785739 ) ) ;
#5685 = CARTESIAN_POINT ( 'NONE',  ( -0.1528762547114260184, 1.300000000000000044, -1.872161991463786812 ) ) ;
#5686 = CARTESIAN_POINT ( 'NONE',  ( -0.7992937512851248094, 1.310000000000000053, -1.856981525884830120 ) ) ;
#5687 = CARTESIAN_POINT ( 'NONE',  ( -0.2309620742265690307, 1.300000000000000044, -1.857709356426818115 ) ) ;
#5688 = ORIENTED_EDGE ( 'NONE', *, *, #6705, .F. ) ;
#5689 = FILL_AREA_STYLE ('',( #1108 ) ) ;
#5690 = CARTESIAN_POINT ( 'NONE',  ( -0.6285655014263669127, 1.310000000000000053, -1.484748191843367149 ) ) ;
#5691 = EDGE_CURVE ( 'NONE', #3411, #2235, #6767, .T. ) ;
#5692 = ADVANCED_FACE ( 'NONE', ( #3862 ), #7574, .F. ) ;
#5693 = CARTESIAN_POINT ( 'NONE',  ( 0.8265272625043550425, 1.300000000000000044, -1.418157617646961022 ) ) ;
#5694 = CARTESIAN_POINT ( 'NONE',  ( 0.0000000000000000000, 0.0000000000000000000, -2.250000000000000000 ) ) ;
#5695 = AXIS2_PLACEMENT_3D ( 'NONE', #10986, #3454, #10134 ) ;
#5696 = CARTESIAN_POINT ( 'NONE',  ( 0.3030799233044778607, 1.310000000000000053, -1.489010997278496173 ) ) ;
#5697 = LINE ( 'NONE', #999, #8513 ) ;
#5698 = ADVANCED_FACE ( 'NONE', ( #9547 ), #6003, .F. ) ;
#5699 = LINE ( 'NONE', #3997, #3062 ) ;
#5700 = FACE_OUTER_BOUND ( 'NONE', #2915, .T. ) ;
#5701 = ORIENTED_EDGE ( 'NONE', *, *, #5763, .F. ) ;
#5702 = DIRECTION ( 'NONE',  ( 1.000000000000000000, 0.0000000000000000000, 0.0000000000000000000 ) ) ;
#5703 = ADVANCED_FACE ( 'NONE', ( #1583 ), #10651, .F. ) ;
#5704 =( LENGTH_UNIT ( ) NAMED_UNIT ( * ) SI_UNIT ( .MILLI., .METRE. ) );
#5705 = CARTESIAN_POINT ( 'NONE',  ( 1.082467030307589839, 1.310000000000000053, -1.650961543834610357 ) ) ;
#5706 = LINE ( 'NONE', #3760, #1912 ) ;
#5707 = LINE ( 'NONE', #10064, #499 ) ;
#5708 = ORIENTED_EDGE ( 'NONE', *, *, #977, .T. ) ;
#5709 = ORIENTED_EDGE ( 'NONE', *, *, #9244, .T. ) ;
#5710 = FILL_AREA_STYLE_COLOUR ( '', #11604 ) ;
#5711 = EDGE_CURVE ( 'NONE', #4497, #3378, #11656, .T. ) ;
#5712 = PLANE ( 'NONE',  #1717 ) ;
#5713 = UNCERTAINTY_MEASURE_WITH_UNIT (LENGTH_MEASURE( 1.000000000000000082E-05 ), #7734, 'distance_accuracy_value', 'NONE');
#5714 = UNCERTAINTY_MEASURE_WITH_UNIT (LENGTH_MEASURE( 1.000000000000000082E-05 ), #6656, 'distance_accuracy_value', 'NONE');
#5715 = FACE_OUTER_BOUND ( 'NONE', #7040, .T. ) ;
#5716 = CARTESIAN_POINT ( 'NONE',  ( -0.1685246113514925759, 1.310000000000000053, -1.825164933645750942 ) ) ;
#5717 = MECHANICAL_DESIGN_GEOMETRIC_PRESENTATION_REPRESENTATION (  '', ( #3798 ), #2814 ) ;
#5718 = SURFACE_SIDE_STYLE ('',( #2123 ) ) ;
#5719 = CARTESIAN_POINT ( 'NONE',  ( -0.3645709664735256039, 1.300000000000000044, -1.803849896361983118 ) ) ;
#5720 = CARTESIAN_POINT ( 'NONE',  ( -0.3236045045701886891, 1.300000000000000044, -1.785342205450451525 ) ) ;
#5721 = EDGE_LOOP ( 'NONE', ( #11294, #6821, #3863, #2763, #7704, #4985, #5724, #2062, #2208, #715, #9551, #8775, #9389, #10692 ) ) ;
#5722 = PLANE ( 'NONE',  #8764 ) ;
#5723 = ORIENTED_EDGE ( 'NONE', *, *, #5300, .T. ) ;
#5724 = ORIENTED_EDGE ( 'NONE', *, *, #3771, .T. ) ;
#5725 = CARTESIAN_POINT ( 'NONE',  ( -0.4487913576948704963, 1.300000000000000044, -1.906266051118935101 ) ) ;
#5726 = ORIENTED_EDGE ( 'NONE', *, *, #2565, .F. ) ;
#5727 = DIRECTION ( 'NONE',  ( 0.0000000000000000000, 0.0000000000000000000, 1.000000000000000000 ) ) ;
#5728 = AXIS2_PLACEMENT_3D ( 'NONE', #7500, #6583, #6703 ) ;
#5729 = CARTESIAN_POINT ( 'NONE',  ( -0.3733569208660932892, 1.300000000000000044, -1.872058015672275921 ) ) ;
#5730 = LINE ( 'NONE', #9413, #1955 ) ;
#5731 = DIRECTION ( 'NONE',  ( 1.000000000000000000, 0.0000000000000000000, -5.120907607230319081E-15 ) ) ;
#5732 =( LENGTH_UNIT ( ) NAMED_UNIT ( * ) SI_UNIT ( .MILLI., .METRE. ) );
#5733 = SURFACE_STYLE_USAGE ( .BOTH. , #239 ) ;
#5734 = CARTESIAN_POINT ( 'NONE',  ( 0.3739333167267185343, 1.300000000000000044, -1.567094298974051503 ) ) ;
#5735 = AXIS2_PLACEMENT_3D ( 'NONE', #6501, #3906, #9297 ) ;
#5736 = CARTESIAN_POINT ( 'NONE',  ( -0.3310387736723940377, 1.310000000000000053, -1.883599328542718609 ) ) ;
#5737 = MECHANICAL_DESIGN_GEOMETRIC_PRESENTATION_REPRESENTATION (  '', ( #11533 ), #9778 ) ;
#5738 = SURFACE_STYLE_FILL_AREA ( #7624 ) ;
#5739 = ORIENTED_EDGE ( 'NONE', *, *, #10358, .F. ) ;
#5740 = DIRECTION ( 'NONE',  ( 0.0000000000000000000, -1.000000000000000000, 0.0000000000000000000 ) ) ;
#5741 = CARTESIAN_POINT ( 'NONE',  ( 0.3739333167267185343, 1.300000000000000044, -1.567094298974051503 ) ) ;
#5742 = SURFACE_STYLE_FILL_AREA ( #7378 ) ;
#5743 = EDGE_LOOP ( 'NONE', ( #7410, #6985, #10679, #5895 ) ) ;
#5744 = CARTESIAN_POINT ( 'NONE',  ( -0.3635831964527602711, 1.300000000000000044, -1.843152745598332087 ) ) ;
#5745 = STYLED_ITEM ( 'NONE', ( #10956 ), #1961 ) ;
#5746 = CARTESIAN_POINT ( 'NONE',  ( 0.5763715206068691366, 1.310000000000000053, -1.386345902652514672 ) ) ;
#5747 = COLOUR_RGB ( '',1.000000000000000000, 1.000000000000000000, 1.000000000000000000 ) ;
#5748 = CARTESIAN_POINT ( 'NONE',  ( 0.6240890862035277653, 1.300000000000000044, -1.831709884997493987 ) ) ;
#5749 = CARTESIAN_POINT ( 'NONE',  ( 0.4520166460015968557, 1.310000000000000053, -1.791222310412815988 ) ) ;
#5750 = ORIENTED_EDGE ( 'NONE', *, *, #5108, .F. ) ;
#5751 = CARTESIAN_POINT ( 'NONE',  ( -0.7938350222251354671, 1.310000000000000053, -1.557531245985784629 ) ) ;
#5752 = LINE ( 'NONE', #2092, #768 ) ;
#5753 = EDGE_CURVE ( 'NONE', #2966, #8099, #10674, .T. ) ;
#5754 = ORIENTED_EDGE ( 'NONE', *, *, #9964, .F. ) ;
#5755 = DIRECTION ( 'NONE',  ( 1.000000000000000000, 0.0000000000000000000, 0.0000000000000000000 ) ) ;
#5756 = CARTESIAN_POINT ( 'NONE',  ( -0.7746514886687700940, 1.300000000000000044, -1.700186032104093581 ) ) ;
#5757 = CARTESIAN_POINT ( 'NONE',  ( -0.5978926428953114103, 1.300000000000000044, -1.381084327586869609 ) ) ;
#5758 = PRESENTATION_LAYER_ASSIGNMENT (  '', '', ( #1451 ) ) ;
#5759 = SURFACE_SIDE_STYLE ('',( #6660 ) ) ;
#5760 = FILL_AREA_STYLE_COLOUR ( '', #4864 ) ;
#5761 = ORIENTED_EDGE ( 'NONE', *, *, #8651, .T. ) ;
#5762 =( NAMED_UNIT ( * ) SI_UNIT ( $, .STERADIAN. ) SOLID_ANGLE_UNIT ( ) );
#5763 = EDGE_CURVE ( 'NONE', #4452, #8535, #8879, .T. ) ;
#5764 = EDGE_CURVE ( 'NONE', #10373, #7707, #3182, .T. ) ;
#5765 = FACE_OUTER_BOUND ( 'NONE', #3746, .T. ) ;
#5766 = CARTESIAN_POINT ( 'NONE',  ( -0.9514103344436132259, 1.300000000000000044, -1.801562428945911787 ) ) ;
#5767 = PRESENTATION_STYLE_ASSIGNMENT (( #11396 ) ) ;
#5768 = VERTEX_POINT ( 'NONE', #9122 ) ;
#5769 = ORIENTED_EDGE ( 'NONE', *, *, #8560, .F. ) ;
#5770 = CARTESIAN_POINT ( 'NONE',  ( 0.3739333167267185898, 1.310000000000000053, -1.567094298974051503 ) ) ;
#5771 = MECHANICAL_DESIGN_GEOMETRIC_PRESENTATION_REPRESENTATION (  '', ( #10990 ), #7710 ) ;
#5772 = CARTESIAN_POINT ( 'NONE',  ( 0.9913697944336655743, 1.300000000000000044, -1.648069503302061811 ) ) ;
#5773 = ADVANCED_FACE ( 'NONE', ( #9177 ), #8352, .F. ) ;
#5774 = DIRECTION ( 'NONE',  ( -1.000000000000000000, -0.0000000000000000000, 8.286713734081931002E-15 ) ) ;
#5775 = VECTOR ( 'NONE', #6359, 1000.000000000000000 ) ;
#5776 = CARTESIAN_POINT ( 'NONE',  ( -0.5511035366603118657, 1.300000000000000044, -1.557531245985786850 ) ) ;
#5777 = PRESENTATION_STYLE_ASSIGNMENT (( #4810 ) ) ;
#5778 = ADVANCED_FACE ( 'NONE', ( #976 ), #10462, .T. ) ;
#5779 = VECTOR ( 'NONE', #11187, 1000.000000000000000 ) ;
#5780 = LINE ( 'NONE', #1079, #3312 ) ;
#5781 = FILL_AREA_STYLE ('',( #6012 ) ) ;
#5782 = ORIENTED_EDGE ( 'NONE', *, *, #4322, .T. ) ;
#5783 =( LENGTH_UNIT ( ) NAMED_UNIT ( * ) SI_UNIT ( .MILLI., .METRE. ) );
#5784 = ORIENTED_EDGE ( 'NONE', *, *, #9525, .F. ) ;
#5785 = VERTEX_POINT ( 'NONE', #4653 ) ;
#5786 = LINE ( 'NONE', #11419, #11431 ) ;
#5787 = PRESENTATION_LAYER_ASSIGNMENT (  '', '', ( #11394 ) ) ;
#5788 = ORIENTED_EDGE ( 'NONE', *, *, #3098, .F. ) ;
#5789 = SURFACE_STYLE_FILL_AREA ( #173 ) ;
#5790 = SURFACE_SIDE_STYLE ('',( #11357 ) ) ;
#5791 = CARTESIAN_POINT ( 'NONE',  ( -0.3273476330695158643, 1.310000000000000053, -1.788669430783029757 ) ) ;
#5792 = CARTESIAN_POINT ( 'NONE',  ( 0.3464595384217015739, 1.300000000000000044, -1.406589731314186187 ) ) ;
#5793 =( GEOMETRIC_REPRESENTATION_CONTEXT ( 3 ) GLOBAL_UNCERTAINTY_ASSIGNED_CONTEXT ( ( #11097 ) ) GLOBAL_UNIT_ASSIGNED_CONTEXT ( ( #11170, #891, #1869 ) ) REPRESENTATION_CONTEXT ( 'NONE', 'WORKASPACE' ) );
#5794 = PRESENTATION_STYLE_ASSIGNMENT (( #8638 ) ) ;
#5795 = ORIENTED_EDGE ( 'NONE', *, *, #2926, .F. ) ;
#5796 = CARTESIAN_POINT ( 'NONE',  ( -0.4082407989589754704, 1.310000000000000053, -1.946504682480287185 ) ) ;
#5797 = FILL_AREA_STYLE ('',( #2081 ) ) ;
#5798 = MECHANICAL_DESIGN_GEOMETRIC_PRESENTATION_REPRESENTATION (  '', ( #6168 ), #133 ) ;
#5799 = VECTOR ( 'NONE', #9115, 1000.000000000000000 ) ;
#5800 = VERTEX_POINT ( 'NONE', #7432 ) ;
#5801 = DIRECTION ( 'NONE',  ( -0.0000000000000000000, -1.000000000000000000, -0.0000000000000000000 ) ) ;
#5802 = VECTOR ( 'NONE', #6831, 1000.000000000000000 ) ;
#5803 =( GEOMETRIC_REPRESENTATION_CONTEXT ( 3 ) GLOBAL_UNCERTAINTY_ASSIGNED_CONTEXT ( ( #865 ) ) GLOBAL_UNIT_ASSIGNED_CONTEXT ( ( #7269, #4491, #1666 ) ) REPRESENTATION_CONTEXT ( 'NONE', 'WORKASPACE' ) );
#5804 = CARTESIAN_POINT ( 'NONE',  ( 0.4722604332932450744, 1.310000000000000053, -1.386345902652514006 ) ) ;
#5805 = CARTESIAN_POINT ( 'NONE',  ( 0.9046105641992142621, 1.310000000000000053, -1.781100334026238574 ) ) ;
#5806 = B_SPLINE_CURVE_WITH_KNOTS ( 'NONE', 3,
 ( #4724, #11316, #10915, #2577 ),
 .UNSPECIFIED., .F., .F.,
 ( 4, 4 ),
 ( 5.000000000000000000, 6.000000000000000000 ),
 .UNSPECIFIED. ) ;
#5807 = ADVANCED_FACE ( 'NONE', ( #12017 ), #6462, .F. ) ;
#5808 = AXIS2_PLACEMENT_3D ( 'NONE', #7358, #1953, #3582 ) ;
#5809 = VERTEX_POINT ( 'NONE', #1038 ) ;
#5810 = PRESENTATION_LAYER_ASSIGNMENT (  '', '', ( #3865 ) ) ;
#5811 = MECHANICAL_DESIGN_GEOMETRIC_PRESENTATION_REPRESENTATION (  '', ( #11043 ), #11424 ) ;
#5812 = CARTESIAN_POINT ( 'NONE',  ( 1.060777222749669679, 1.300000000000000044, -1.765194552374765191 ) ) ;
#5813 =( GEOMETRIC_REPRESENTATION_CONTEXT ( 3 ) GLOBAL_UNCERTAINTY_ASSIGNED_CONTEXT ( ( #10319 ) ) GLOBAL_UNIT_ASSIGNED_CONTEXT ( ( #11794, #1539, #11619 ) ) REPRESENTATION_CONTEXT ( 'NONE', 'WORKASPACE' ) );
#5814 = LINE ( 'NONE', #3186, #1142 ) ;
#5815 = VERTEX_POINT ( 'NONE', #2014 ) ;
#5816 = UNCERTAINTY_MEASURE_WITH_UNIT (LENGTH_MEASURE( 1.000000000000000082E-05 ), #6211, 'distance_accuracy_value', 'NONE');
#5817 = STYLED_ITEM ( 'NONE', ( #4124 ), #11731 ) ;
#5818 = COLOUR_RGB ( '',1.000000000000000000, 1.000000000000000000, 1.000000000000000000 ) ;
#5819 = B_SPLINE_SURFACE_WITH_KNOTS ( 'NONE', 3, 1, ( 
 ( #5522, #6849 ),
 ( #328, #1994 ),
 ( #9518, #2898 ),
 ( #274, #8674 ),
 ( #4068, #10317 ),
 ( #9451, #8741 ) ),
 .UNSPECIFIED., .F., .F., .F.,
 ( 4, 2, 4 ),
 ( 2, 2 ),
 ( 2.000000000000000000, 3.000000000000000000, 4.000000000000000000 ),
 ( 0.0000000000000000000, 1.000000000000000000 ),
 .UNSPECIFIED. ) ;
#5820 = EDGE_LOOP ( 'NONE', ( #8435, #11928, #1013, #9655 ) ) ;
#5821 = FILL_AREA_STYLE_COLOUR ( '', #5818 ) ;
#5822 = FACE_BOUND ( 'NONE', #1028, .T. ) ;
#5823 = VECTOR ( 'NONE', #2837, 1000.000000000000000 ) ;
#5824 = CARTESIAN_POINT ( 'NONE',  ( -0.3414363528354896204, 1.300000000000000044, -1.465928573558685111 ) ) ;
#5825 = EDGE_CURVE ( 'NONE', #5094, #11369, #3916, .T. ) ;
#5826 =( GEOMETRIC_REPRESENTATION_CONTEXT ( 3 ) GLOBAL_UNCERTAINTY_ASSIGNED_CONTEXT ( ( #7212 ) ) GLOBAL_UNIT_ASSIGNED_CONTEXT ( ( #9016, #9862, #6293 ) ) REPRESENTATION_CONTEXT ( 'NONE', 'WORKASPACE' ) );
#5827 = VECTOR ( 'NONE', #402, 1000.000000000000000 ) ;
#5828 =( GEOMETRIC_REPRESENTATION_CONTEXT ( 3 ) GLOBAL_UNCERTAINTY_ASSIGNED_CONTEXT ( ( #8494 ) ) GLOBAL_UNIT_ASSIGNED_CONTEXT ( ( #5080, #5133, #9903 ) ) REPRESENTATION_CONTEXT ( 'NONE', 'WORKASPACE' ) );
#5829 = SURFACE_STYLE_FILL_AREA ( #1058 ) ;
#5830 =( NAMED_UNIT ( * ) PLANE_ANGLE_UNIT ( ) SI_UNIT ( $, .RADIAN. ) );
#5831 = EDGE_LOOP ( 'NONE', ( #6438, #9893, #2031, #5353 ) ) ;
#5832 = MECHANICAL_DESIGN_GEOMETRIC_PRESENTATION_REPRESENTATION (  '', ( #2899 ), #4870 ) ;
#5833 = EDGE_CURVE ( 'NONE', #587, #4016, #7680, .T. ) ;
#5834 = MECHANICAL_DESIGN_GEOMETRIC_PRESENTATION_REPRESENTATION (  '', ( #7774 ), #9675 ) ;
#5835 = PLANE ( 'NONE',  #689 ) ;
#5836 = CARTESIAN_POINT ( 'NONE',  ( -0.4082407989589754704, 1.300000000000000044, -1.946504682480287185 ) ) ;
#5837 = FILL_AREA_STYLE_COLOUR ( '', #10238 ) ;
#5838 = ORIENTED_EDGE ( 'NONE', *, *, #3525, .F. ) ;
#5839 = DIRECTION ( 'NONE',  ( 1.000000000000000000, 0.0000000000000000000, -1.874503502708142439E-14 ) ) ;
#5840 = CARTESIAN_POINT ( 'NONE',  ( -0.4343387226585955774, 1.310000000000000053, -1.926749282070603364 ) ) ;
#5841 = CARTESIAN_POINT ( 'NONE',  ( -0.2571119858219437226, 1.300000000000000044, -1.749886460504244567 ) ) ;
#5842 = UNCERTAINTY_MEASURE_WITH_UNIT (LENGTH_MEASURE( 1.000000000000000082E-05 ), #91, 'distance_accuracy_value', 'NONE');
#5843 =( GEOMETRIC_REPRESENTATION_CONTEXT ( 3 ) GLOBAL_UNCERTAINTY_ASSIGNED_CONTEXT ( ( #4586 ) ) GLOBAL_UNIT_ASSIGNED_CONTEXT ( ( #6538, #10263, #6614 ) ) REPRESENTATION_CONTEXT ( 'NONE', 'WORKASPACE' ) );
#5844 = SURFACE_STYLE_FILL_AREA ( #2174 ) ;
#5845 =( LENGTH_UNIT ( ) NAMED_UNIT ( * ) SI_UNIT ( .MILLI., .METRE. ) );
#5846 = B_SPLINE_CURVE_WITH_KNOTS ( 'NONE', 3,
 ( #1375, #7037, #7890, #11574 ),
 .UNSPECIFIED., .F., .F.,
 ( 4, 4 ),
 ( 18.00000000000000000, 19.00000000000000000 ),
 .UNSPECIFIED. ) ;
#5847 = STYLED_ITEM ( 'NONE', ( #5121 ), #6879 ) ;
#5848 = DIRECTION ( 'NONE',  ( 0.0000000000000000000, 0.0000000000000000000, 1.000000000000000000 ) ) ;
#5849 = EDGE_CURVE ( 'NONE', #7193, #1592, #8511, .T. ) ;
#5850 = ORIENTED_EDGE ( 'NONE', *, *, #5602, .F. ) ;
#5851 = CARTESIAN_POINT ( 'NONE',  ( -0.2744759430247428744, 1.310000000000000053, -1.523947065288207892 ) ) ;
#5852 = VERTEX_POINT ( 'NONE', #5734 ) ;
#5853 = ORIENTED_EDGE ( 'NONE', *, *, #8847, .F. ) ;
#5854 = CARTESIAN_POINT ( 'NONE',  ( -0.3733569208660932892, 1.300000000000000044, -1.872058015672275921 ) ) ;
#5855 = VECTOR ( 'NONE', #1284, 1000.000000000000114 ) ;
#5856 = EDGE_CURVE ( 'NONE', #8599, #4498, #7622, .T. ) ;
#5857 = PRESENTATION_STYLE_ASSIGNMENT (( #10516 ) ) ;
#5858 = CARTESIAN_POINT ( 'NONE',  ( 0.2134287628575559093, 1.300000000000000044, -1.815804048184584740 ) ) ;
#5859 = DIRECTION ( 'NONE',  ( -0.0000000000000000000, -1.000000000000000000, -0.0000000000000000000 ) ) ;
#5860 = ADVANCED_FACE ( 'NONE', ( #10283 ), #6776, .F. ) ;
#5861 = CARTESIAN_POINT ( 'NONE',  ( -0.2046042110481660070, 1.300000000000000044, -1.731586721177126975 ) ) ;
#5862 = CARTESIAN_POINT ( 'NONE',  ( -0.5647763532609274550, 1.310000000000000053, -1.527274290620787456 ) ) ;
#5863 = ORIENTED_EDGE ( 'NONE', *, *, #6661, .F. ) ;
#5864 = FILL_AREA_STYLE_COLOUR ( '', #1477 ) ;
#5865 = ORIENTED_EDGE ( 'NONE', *, *, #2136, .T. ) ;
#5866 = FILL_AREA_STYLE_COLOUR ( '', #3854 ) ;
#5867 = FILL_AREA_STYLE_COLOUR ( '', #10958 ) ;
#5868 = CARTESIAN_POINT ( 'NONE',  ( -0.6884035695101458074, 1.310000000000000053, -1.501904197462452961 ) ) ;
#5869 = SURFACE_STYLE_USAGE ( .BOTH. , #11264 ) ;
#5870 = EDGE_LOOP ( 'NONE', ( #7670, #6793, #8448, #7190 ) ) ;
#5871 = CARTESIAN_POINT ( 'NONE',  ( -0.2004451793827844441, 1.300000000000000044, -1.537567893993073476 ) ) ;
#5872 = ORIENTED_EDGE ( 'NONE', *, *, #3011, .T. ) ;
#5873 = FILL_AREA_STYLE ('',( #6593 ) ) ;
#5874 = ORIENTED_EDGE ( 'NONE', *, *, #11444, .T. ) ;
#5875 = CARTESIAN_POINT ( 'NONE',  ( -0.8556486303490521417, 1.310000000000000053, -1.776608238953634400 ) ) ;
#5876 = CARTESIAN_POINT ( 'NONE',  ( -0.6009599287491100839, 1.300000000000000044, -1.453971357520802199 ) ) ;
#5877 = CARTESIAN_POINT ( 'NONE',  ( 1.082467030307589839, 1.310000000000000053, -1.650961543834610357 ) ) ;
#5878 = DIRECTION ( 'NONE',  ( -0.0000000000000000000, -0.0000000000000000000, -1.000000000000000000 ) ) ;
#5879 = SURFACE_STYLE_USAGE ( .BOTH. , #2164 ) ;
#5880 = ORIENTED_EDGE ( 'NONE', *, *, #4594, .T. ) ;
#5881 = FILL_AREA_STYLE_COLOUR ( '', #5992 ) ;
#5882 = EDGE_CURVE ( 'NONE', #4414, #4856, #5226, .T. ) ;
#5883 = CARTESIAN_POINT ( 'NONE',  ( -0.4725498260833627118, 1.300000000000000044, -1.856045743761215450 ) ) ;
#5884 = ORIENTED_EDGE ( 'NONE', *, *, #11007, .F. ) ;
#5885 = ORIENTED_EDGE ( 'NONE', *, *, #1165, .F. ) ;
#5886 = LINE ( 'NONE', #3152, #11613 ) ;
#5887 = CARTESIAN_POINT ( 'NONE',  ( -0.7310856319748282317, 1.310000000000000053, -1.380148545461863607 ) ) ;
#5888 = PRESENTATION_LAYER_ASSIGNMENT (  '', '', ( #11309 ) ) ;
#5889 = CARTESIAN_POINT ( 'NONE',  ( -1.077532969691917364, 1.310000000000000053, -1.880168127418615720 ) ) ;
#5890 = SURFACE_SIDE_STYLE ('',( #5844 ) ) ;
#5891 = FACE_OUTER_BOUND ( 'NONE', #8445, .T. ) ;
#5892 = DIRECTION ( 'NONE',  ( 0.3658589216693627910, 0.0000000000000000000, 0.9306703226357500025 ) ) ;
#5893 = DIRECTION ( 'NONE',  ( -0.0000000000000000000, -1.000000000000000000, -0.0000000000000000000 ) ) ;
#5894 =( LENGTH_UNIT ( ) NAMED_UNIT ( * ) SI_UNIT ( .MILLI., .METRE. ) );
#5895 = ORIENTED_EDGE ( 'NONE', *, *, #7028, .T. ) ;
#5896 = EDGE_CURVE ( 'NONE', #2276, #3064, #291, .T. ) ;
#5897 = DIRECTION ( 'NONE',  ( -0.0000000000000000000, -1.000000000000000000, -0.0000000000000000000 ) ) ;
#5898 = EDGE_LOOP ( 'NONE', ( #11233, #428, #9040, #4112 ) ) ;
#5899 = ORIENTED_EDGE ( 'NONE', *, *, #231, .F. ) ;
#5900 = DIRECTION ( 'NONE',  ( -1.000000000000000000, -0.0000000000000000000, -0.0000000000000000000 ) ) ;
#5901 = SURFACE_STYLE_FILL_AREA ( #6809 ) ;
#5902 = CARTESIAN_POINT ( 'NONE',  ( -0.5961250544382042937, 1.310000000000000053, -1.700186032104094691 ) ) ;
#5903 = CARTESIAN_POINT ( 'NONE',  ( -0.2316379168720961723, 1.300000000000000044, -1.787837624449537532 ) ) ;
#5904 = CARTESIAN_POINT ( 'NONE',  ( -0.5978926428953125205, 1.310000000000000053, -1.529041879079284350 ) ) ;
#5905 =( NAMED_UNIT ( * ) PLANE_ANGLE_UNIT ( ) SI_UNIT ( $, .RADIAN. ) );
#5906 =( LENGTH_UNIT ( ) NAMED_UNIT ( * ) SI_UNIT ( .MILLI., .METRE. ) );
#5907 = B_SPLINE_SURFACE_WITH_KNOTS ( 'NONE', 3, 1, ( 
 ( #955, #4558 ),
 ( #9157, #7466 ),
 ( #8260, #1995 ),
 ( #11922, #4695 ) ),
 .UNSPECIFIED., .F., .F., .F.,
 ( 4, 4 ),
 ( 2, 2 ),
 ( 4.000000000000000000, 5.000000000000000000 ),
 ( 0.0000000000000000000, 1.000000000000000000 ),
 .UNSPECIFIED. ) ;
#5908 = DIRECTION ( 'NONE',  ( 0.0000000000000000000, 0.0000000000000000000, 1.000000000000000000 ) ) ;
#5909 = CARTESIAN_POINT ( 'NONE',  ( -0.8832542030290820856, 1.310000000000000053, -1.775880408413037737 ) ) ;
#5910 = STYLED_ITEM ( 'NONE', ( #11254 ), #750 ) ;
#5911 = ORIENTED_EDGE ( 'NONE', *, *, #7973, .F. ) ;
#5912 = CARTESIAN_POINT ( 'NONE',  ( 0.9046105641992142621, 1.310000000000000053, -1.781100334026238574 ) ) ;
#5913 = CARTESIAN_POINT ( 'NONE',  ( -0.2265431030823970848, 1.310000000000000053, -1.374429876923095817 ) ) ;
#5914 = ORIENTED_EDGE ( 'NONE', *, *, #3311, .T. ) ;
#5915 =( NAMED_UNIT ( * ) SI_UNIT ( $, .STERADIAN. ) SOLID_ANGLE_UNIT ( ) );
#5916 = CARTESIAN_POINT ( 'NONE',  ( -0.7310856319748282317, 1.310000000000000053, -1.380148545461863385 ) ) ;
#5917 = FACE_OUTER_BOUND ( 'NONE', #10027, .T. ) ;
#5918 = LINE ( 'NONE', #2151, #7148 ) ;
#5919 = VERTEX_POINT ( 'NONE', #3283 ) ;
#5920 = DIRECTION ( 'NONE',  ( 1.000000000000000000, 0.0000000000000000000, 0.0000000000000000000 ) ) ;
#5921 = MECHANICAL_DESIGN_GEOMETRIC_PRESENTATION_REPRESENTATION (  '', ( #6888 ), #8636 ) ;
#5922 = SURFACE_STYLE_FILL_AREA ( #7816 ) ;
#5923 = LINE ( 'NONE', #5024, #11791 ) ;
#5924 = EDGE_CURVE ( 'NONE', #586, #11543, #9814, .T. ) ;
#5925 = VERTEX_POINT ( 'NONE', #6198 ) ;
#5926 = UNCERTAINTY_MEASURE_WITH_UNIT (LENGTH_MEASURE( 1.000000000000000082E-05 ), #4912, 'distance_accuracy_value', 'NONE');
#5927 = LINE ( 'NONE', #440, #5855 ) ;
#5928 = LINE ( 'NONE', #7018, #8124 ) ;
#5929 = CARTESIAN_POINT ( 'NONE',  ( -0.1662371439361186309, 1.310000000000000053, -1.839201665516672968 ) ) ;
#5930 = VECTOR ( 'NONE', #1154, 1000.000000000000000 ) ;
#5931 = COLOUR_RGB ( '',1.000000000000000000, 1.000000000000000000, 1.000000000000000000 ) ;
#5932 = SURFACE_STYLE_FILL_AREA ( #1459 ) ;
#5933 = DIRECTION ( 'NONE',  ( 0.0000000000000000000, 1.000000000000000000, 0.0000000000000000000 ) ) ;
#5934 = ORIENTED_EDGE ( 'NONE', *, *, #3448, .F. ) ;
#5935 = DIRECTION ( 'NONE',  ( -0.0000000000000000000, -1.000000000000000000, -0.0000000000000000000 ) ) ;
#5936 = B_SPLINE_CURVE_WITH_KNOTS ( 'NONE', 3,
 ( #6228, #8049, #2507, #6334 ),
 .UNSPECIFIED., .F., .F.,
 ( 4, 4 ),
 ( 8.000000000000000000, 9.000000000000000000 ),
 .UNSPECIFIED. ) ;
#5937 = SURFACE_SIDE_STYLE ('',( #3197 ) ) ;
#5938 = CARTESIAN_POINT ( 'NONE',  ( -0.2617908964455761822, 1.310000000000000053, -1.353530742803988662 ) ) ;
#5939 = ORIENTED_EDGE ( 'NONE', *, *, #3816, .T. ) ;
#5940 = ORIENTED_EDGE ( 'NONE', *, *, #7973, .T. ) ;
#5941 = DIRECTION ( 'NONE',  ( -1.000000000000000000, -0.0000000000000000000, 3.876374764046011028E-15 ) ) ;
#5942 = FILL_AREA_STYLE_COLOUR ( '', #3278 ) ;
#5943 = CARTESIAN_POINT ( 'NONE',  ( 0.3001879930913122774, 1.310000000000000053, -1.567094298974051059 ) ) ;
#5944 = CARTESIAN_POINT ( 'NONE',  ( 0.8149593761715847595, 1.300000000000000044, -1.419603610333215693 ) ) ;
#5945 = EDGE_CURVE ( 'NONE', #8925, #9537, #10687, .T. ) ;
#5946 =( LENGTH_UNIT ( ) NAMED_UNIT ( * ) SI_UNIT ( .MILLI., .METRE. ) );
#5947 = CARTESIAN_POINT ( 'NONE',  ( 0.5778174857137977627, 1.310000000000000053, -1.299586672418065580 ) ) ;
#5948 = COLOUR_RGB ( '',1.000000000000000000, 1.000000000000000000, 1.000000000000000000 ) ;
#5949 = ORIENTED_EDGE ( 'NONE', *, *, #1639, .T. ) ;
#5950 = ORIENTED_EDGE ( 'NONE', *, *, #3293, .T. ) ;
#5951 = CARTESIAN_POINT ( 'NONE',  ( -0.1222033961796834683, 1.300000000000000044, -1.459690026060962875 ) ) ;
#5952 = CARTESIAN_POINT ( 'NONE',  ( 1.082467030307589839, 1.300000000000000044, -1.650961543834610357 ) ) ;
#5953 = FACE_OUTER_BOUND ( 'NONE', #6225, .T. ) ;
#5954 = CARTESIAN_POINT ( 'NONE',  ( 0.3450135733147712824, 1.300000000000000044, -1.880873470861114116 ) ) ;
#5955 = STYLED_ITEM ( 'NONE', ( #4552 ), #1257 ) ;
#5956 = STYLED_ITEM ( 'NONE', ( #5491 ), #7465 ) ;
#5957 = CARTESIAN_POINT ( 'NONE',  ( -0.4246689740367723953, 1.310000000000000053, -1.948584198313327409 ) ) ;
#5958 = SURFACE_STYLE_FILL_AREA ( #6076 ) ;
#5959 = ORIENTED_EDGE ( 'NONE', *, *, #11509, .F. ) ;
#5960 = MECHANICAL_DESIGN_GEOMETRIC_PRESENTATION_REPRESENTATION (  '', ( #4819 ), #3629 ) ;
#5961 = DIRECTION ( 'NONE',  ( -1.000000000000000000, 0.0000000000000000000, 7.343273320719413634E-15 ) ) ;
#5962 = CARTESIAN_POINT ( 'NONE',  ( -0.1545918552727807427, 1.310000000000000053, -1.769849812498351049 ) ) ;
#5963 = LINE ( 'NONE', #427, #11006 ) ;
#5964 = B_SPLINE_CURVE_WITH_KNOTS ( 'NONE', 3,
 ( #6865, #8759, #4145, #7841 ),
 .UNSPECIFIED., .F., .F.,
 ( 4, 4 ),
 ( 2.000000000000000000, 3.000000000000000000 ),
 .UNSPECIFIED. ) ;
#5965 = ADVANCED_FACE ( 'NONE', ( #1262, #6993 ), #8805, .T. ) ;
#5966 = ORIENTED_EDGE ( 'NONE', *, *, #2350, .T. ) ;
#5967 = CARTESIAN_POINT ( 'NONE',  ( -0.3827667300091260327, 1.310000000000000053, -1.762779458667128596 ) ) ;
#5968 = DIRECTION ( 'NONE',  ( -1.000000000000000000, -0.0000000000000000000, 5.962800923714327524E-15 ) ) ;
#5969 = PRESENTATION_LAYER_ASSIGNMENT (  '', '', ( #8496 ) ) ;
#5970 = SURFACE_STYLE_FILL_AREA ( #9834 ) ;
#5971 = COLOUR_RGB ( '',1.000000000000000000, 1.000000000000000000, 1.000000000000000000 ) ;
#5972 = ORIENTED_EDGE ( 'NONE', *, *, #9608, .T. ) ;
#5973 = B_SPLINE_CURVE_WITH_KNOTS ( 'NONE', 3,
 ( #6405, #6283, #9188, #2 ),
 .UNSPECIFIED., .F., .F.,
 ( 4, 4 ),
 ( 5.000000000000000000, 6.000000000000000000 ),
 .UNSPECIFIED. ) ;
#5974 = AXIS2_PLACEMENT_3D ( 'NONE', #1981, #6659, #8307 ) ;
#5975 = SURFACE_SIDE_STYLE ('',( #2262 ) ) ;
#5976 = AXIS2_PLACEMENT_3D ( 'NONE', #685, #11627, #11560 ) ;
#5977 = ORIENTED_EDGE ( 'NONE', *, *, #5624, .T. ) ;
#5978 = STYLED_ITEM ( 'NONE', ( #2853 ), #9609 ) ;
#5979 = CARTESIAN_POINT ( 'NONE',  ( -0.7756912465852896510, 1.300000000000000044, -1.676791478987285089 ) ) ;
#5980 = SURFACE_STYLE_FILL_AREA ( #4047 ) ;
#5981 = MECHANICAL_DESIGN_GEOMETRIC_PRESENTATION_REPRESENTATION (  '', ( #11586 ), #3066 ) ;
#5982 = EDGE_CURVE ( 'NONE', #809, #10141, #4195, .T. ) ;
#5983 = DIRECTION ( 'NONE',  ( 1.000000000000000000, 0.0000000000000000000, -7.057494494354875275E-15 ) ) ;
#5984 = COLOUR_RGB ( '',1.000000000000000000, 1.000000000000000000, 1.000000000000000000 ) ;
#5985 = EDGE_CURVE ( 'NONE', #5815, #3463, #11488, .T. ) ;
#5986 = AXIS2_PLACEMENT_3D ( 'NONE', #103, #2974, #4712 ) ;
#5987 = CARTESIAN_POINT ( 'NONE',  ( -0.1864604354083122251, 1.300000000000000044, -1.883599328542719498 ) ) ;
#5988 = PRESENTATION_LAYER_ASSIGNMENT (  '', '', ( #11043 ) ) ;
#5989 = COLOUR_RGB ( '',1.000000000000000000, 1.000000000000000000, 1.000000000000000000 ) ;
#5990 = VERTEX_POINT ( 'NONE', #5173 ) ;
#5991 = DIRECTION ( 'NONE',  ( -0.3315284183503908744, -0.0000000000000000000, 0.9434452330824976141 ) ) ;
#5992 = COLOUR_RGB ( '',1.000000000000000000, 1.000000000000000000, 1.000000000000000000 ) ;
#5993 = VECTOR ( 'NONE', #7223, 1000.000000000000000 ) ;
#5994 = EDGE_CURVE ( 'NONE', #8880, #4816, #3440, .T. ) ;
#5995 = CARTESIAN_POINT ( 'NONE',  ( -0.2744759430247415422, 1.310000000000000053, -1.359041459761119564 ) ) ;
#5996 = B_SPLINE_CURVE_WITH_KNOTS ( 'NONE', 3,
 ( #3711, #9217, #889, #11994 ),
 .UNSPECIFIED., .F., .F.,
 ( 4, 4 ),
 ( 5.000000000000000000, 6.000000000000000000 ),
 .UNSPECIFIED. ) ;
#5997 =( GEOMETRIC_REPRESENTATION_CONTEXT ( 3 ) GLOBAL_UNCERTAINTY_ASSIGNED_CONTEXT ( ( #10970 ) ) GLOBAL_UNIT_ASSIGNED_CONTEXT ( ( #10504, #1245, #8612 ) ) REPRESENTATION_CONTEXT ( 'NONE', 'WORKASPACE' ) );
#5998 = VECTOR ( 'NONE', #5084, 1000.000000000000000 ) ;
#5999 = ORIENTED_EDGE ( 'NONE', *, *, #10375, .T. ) ;
#6000 = MECHANICAL_DESIGN_GEOMETRIC_PRESENTATION_REPRESENTATION (  '', ( #8716 ), #5828 ) ;
#6001 = FILL_AREA_STYLE_COLOUR ( '', #7368 ) ;
#6002 = FILL_AREA_STYLE ('',( #5942 ) ) ;
#6003 = B_SPLINE_SURFACE_WITH_KNOTS ( 'NONE', 3, 1, ( 
 ( #4963, #2257 ),
 ( #4334, #7987 ),
 ( #9662, #4159 ),
 ( #9722, #2496 ) ),
 .UNSPECIFIED., .F., .F., .F.,
 ( 4, 4 ),
 ( 2, 2 ),
 ( 5.000000000000000000, 6.000000000000000000 ),
 ( 0.0000000000000000000, 1.000000000000000000 ),
 .UNSPECIFIED. ) ;
#6004 = CARTESIAN_POINT ( 'NONE',  ( -0.1056192574146080088, 1.300000000000000044, -1.765274877666225040 ) ) ;
#6005 = AXIS2_PLACEMENT_3D ( 'NONE', #741, #9627, #1312 ) ;
#6006 =( NAMED_UNIT ( * ) SI_UNIT ( $, .STERADIAN. ) SOLID_ANGLE_UNIT ( ) );
#6007 = CARTESIAN_POINT ( 'NONE',  ( -0.2917879123311050149, 1.300000000000000044, -1.774112819954545062 ) ) ;
#6008 = SURFACE_SIDE_STYLE ('',( #7087 ) ) ;
#6009 = COLOUR_RGB ( '',1.000000000000000000, 1.000000000000000000, 1.000000000000000000 ) ;
#6010 = STYLED_ITEM ( 'NONE', ( #5527 ), #6065 ) ;
#6011 = DIRECTION ( 'NONE',  ( -0.0000000000000000000, -1.000000000000000000, -0.0000000000000000000 ) ) ;
#6012 = FILL_AREA_STYLE_COLOUR ( '', #2683 ) ;
#6013 = FACE_OUTER_BOUND ( 'NONE', #1560, .T. ) ;
#6014 = VERTEX_POINT ( 'NONE', #11696 ) ;
#6015 = ORIENTED_EDGE ( 'NONE', *, *, #8847, .T. ) ;
#6016 = AXIS2_PLACEMENT_3D ( 'NONE', #8778, #9846, #442 ) ;
#6017 = LINE ( 'NONE', #9806, #1929 ) ;
#6018 =( GEOMETRIC_REPRESENTATION_CONTEXT ( 3 ) GLOBAL_UNCERTAINTY_ASSIGNED_CONTEXT ( ( #8102 ) ) GLOBAL_UNIT_ASSIGNED_CONTEXT ( ( #777, #8392, #10074 ) ) REPRESENTATION_CONTEXT ( 'NONE', 'WORKASPACE' ) );
#6019 = CARTESIAN_POINT ( 'NONE',  ( -0.4694305523338104802, 1.310000000000000053, -1.844088527723333648 ) ) ;
#6020 = SURFACE_STYLE_FILL_AREA ( #8692 ) ;
#6021 =( NAMED_UNIT ( * ) PLANE_ANGLE_UNIT ( ) SI_UNIT ( $, .RADIAN. ) );
#6022 = PRESENTATION_STYLE_ASSIGNMENT (( #10623 ) ) ;
#6023 = STYLED_ITEM ( 'NONE', ( #10948 ), #6645 ) ;
#6024 = VECTOR ( 'NONE', #10971, 1000.000000000000000 ) ;
#6025 = DIRECTION ( 'NONE',  ( -1.000000000000000000, -0.0000000000000000000, 5.962800923771144441E-15 ) ) ;
#6026 = EDGE_LOOP ( 'NONE', ( #3503, #6015, #8624, #9894, #7697, #9577, #3161, #2102, #10500, #9402, #3907, #244 ) ) ;
#6027 = DIRECTION ( 'NONE',  ( -6.662906143883845374E-15, 0.0000000000000000000, -1.000000000000000000 ) ) ;
#6028 = ORIENTED_EDGE ( 'NONE', *, *, #5434, .F. ) ;
#6029 = DIRECTION ( 'NONE',  ( 0.0000000000000000000, -0.0000000000000000000, 1.000000000000000000 ) ) ;
#6030 = SURFACE_STYLE_USAGE ( .BOTH. , #4278 ) ;
#6031 = PRESENTATION_LAYER_ASSIGNMENT (  '', '', ( #7593 ) ) ;
#6032 = VERTEX_POINT ( 'NONE', #5957 ) ;
#6033 = CARTESIAN_POINT ( 'NONE',  ( -0.7649817400469530737, 1.310000000000000053, -1.478925547511695138 ) ) ;
#6034 = LINE ( 'NONE', #5129, #9439 ) ;
#6035 =( NAMED_UNIT ( * ) PLANE_ANGLE_UNIT ( ) SI_UNIT ( $, .RADIAN. ) );
#6036 = PRESENTATION_LAYER_ASSIGNMENT (  '', '', ( #6811 ) ) ;
#6037 = STYLED_ITEM ( 'NONE', ( #8062 ), #32 ) ;
#6038 = ORIENTED_EDGE ( 'NONE', *, *, #10036, .T. ) ;
#6039 = EDGE_CURVE ( 'NONE', #10791, #11074, #6871, .T. ) ;
#6040 = B_SPLINE_CURVE_WITH_KNOTS ( 'NONE', 3,
 ( #9201, #1986, #1926, #4544 ),
 .UNSPECIFIED., .F., .F.,
 ( 4, 4 ),
 ( 8.000000000000000000, 9.000000000000000000 ),
 .UNSPECIFIED. ) ;
#6041 = LINE ( 'NONE', #3479, #4879 ) ;
#6042 = DIRECTION ( 'NONE',  ( 0.0000000000000000000, -1.000000000000000000, 0.0000000000000000000 ) ) ;
#6043 = EDGE_LOOP ( 'NONE', ( #1227, #270, #183, #5949 ) ) ;
#6044 =( NAMED_UNIT ( * ) SI_UNIT ( $, .STERADIAN. ) SOLID_ANGLE_UNIT ( ) );
#6045 = LINE ( 'NONE', #9729, #7396 ) ;
#6046 = CARTESIAN_POINT ( 'NONE',  ( 0.5763715206068691366, 1.310000000000000053, -1.386345902652514672 ) ) ;
#6047 = VECTOR ( 'NONE', #8253, 1000.000000000000000 ) ;
#6048 = DIRECTION ( 'NONE',  ( -1.000000000000000000, 0.0000000000000000000, 0.0000000000000000000 ) ) ;
#6049 = LINE ( 'NONE', #5144, #918 ) ;
#6050 =( LENGTH_UNIT ( ) NAMED_UNIT ( * ) SI_UNIT ( .MILLI., .METRE. ) );
#6051 = ORIENTED_EDGE ( 'NONE', *, *, #6474, .F. ) ;
#6052 = LINE ( 'NONE', #5035, #8518 ) ;
#6053 = ADVANCED_FACE ( 'NONE', ( #9644 ), #6930, .F. ) ;
#6054 = UNCERTAINTY_MEASURE_WITH_UNIT (LENGTH_MEASURE( 1.000000000000000082E-05 ), #645, 'distance_accuracy_value', 'NONE');
#6055 = DIRECTION ( 'NONE',  ( -0.0000000000000000000, -1.000000000000000000, -0.0000000000000000000 ) ) ;
#6056 = FACE_OUTER_BOUND ( 'NONE', #2343, .T. ) ;
#6057 = PRESENTATION_STYLE_ASSIGNMENT (( #1601 ) ) ;
#6058 = CARTESIAN_POINT ( 'NONE',  ( 0.2944040223455993699, 1.310000000000000053, -1.788330325038918422 ) ) ;
#6059 = FACE_OUTER_BOUND ( 'NONE', #1819, .T. ) ;
#6060 =( LENGTH_UNIT ( ) NAMED_UNIT ( * ) SI_UNIT ( .MILLI., .METRE. ) );
#6061 = CARTESIAN_POINT ( 'NONE',  ( 0.2495784421214472248, 1.310000000000000053, -1.679881287246549615 ) ) ;
#6062 = DIRECTION ( 'NONE',  ( 0.0000000000000000000, 1.000000000000000000, 0.0000000000000000000 ) ) ;
#6063 = CARTESIAN_POINT ( 'NONE',  ( -0.3236045045701886891, 1.300000000000000044, -1.785342205450451525 ) ) ;
#6064 = CARTESIAN_POINT ( 'NONE',  ( -0.1515765573154281010, 1.300000000000000044, -1.380668424420818718 ) ) ;
#6065 = ADVANCED_FACE ( 'NONE', ( #9102 ), #6869, .F. ) ;
#6066 =( LENGTH_UNIT ( ) NAMED_UNIT ( * ) SI_UNIT ( .MILLI., .METRE. ) );
#6067 = EDGE_CURVE ( 'NONE', #2329, #1522, #10876, .T. ) ;
#6068 = SURFACE_STYLE_USAGE ( .BOTH. , #5228 ) ;
#6069 = ORIENTED_EDGE ( 'NONE', *, *, #6486, .T. ) ;
#6070 = EDGE_LOOP ( 'NONE', ( #2666, #5342, #8341, #3199 ) ) ;
#6071 = DIRECTION ( 'NONE',  ( -0.0000000000000000000, -1.000000000000000000, -0.0000000000000000000 ) ) ;
#6072 = SURFACE_SIDE_STYLE ('',( #9879 ) ) ;
#6073 = B_SPLINE_SURFACE_WITH_KNOTS ( 'NONE', 3, 1, ( 
 ( #2769, #2039 ),
 ( #11971, #4738 ),
 ( #8426, #3693 ),
 ( #8478, #939 ) ),
 .UNSPECIFIED., .F., .F., .F.,
 ( 4, 4 ),
 ( 2, 2 ),
 ( 4.000000000000000000, 5.000000000000000000 ),
 ( 0.0000000000000000000, 1.000000000000000000 ),
 .UNSPECIFIED. ) ;
#6074 =( LENGTH_UNIT ( ) NAMED_UNIT ( * ) SI_UNIT ( .MILLI., .METRE. ) );
#6075 = CARTESIAN_POINT ( 'NONE',  ( -0.4487913576948705519, 1.300000000000000044, -1.906266051118935101 ) ) ;
#6076 = FILL_AREA_STYLE ('',( #2246 ) ) ;
#6077 = CARTESIAN_POINT ( 'NONE',  ( -0.03288819116795170527, 1.310000000000000053, -1.856981525884835449 ) ) ;
#6078 = ORIENTED_EDGE ( 'NONE', *, *, #3964, .F. ) ;
#6079 = CARTESIAN_POINT ( 'NONE',  ( -0.5961250544382042937, 1.310000000000000053, -1.700186032104094691 ) ) ;
#6080 = VERTEX_POINT ( 'NONE', #11749 ) ;
#6081 = ORIENTED_EDGE ( 'NONE', *, *, #98, .T. ) ;
#6082 = SURFACE_STYLE_FILL_AREA ( #4202 ) ;
#6083 =( NAMED_UNIT ( * ) SI_UNIT ( $, .STERADIAN. ) SOLID_ANGLE_UNIT ( ) );
#6084 = ORIENTED_EDGE ( 'NONE', *, *, #2438, .T. ) ;
#6085 = DIRECTION ( 'NONE',  ( 0.3416038306815562531, 0.0000000000000000000, 0.9398440417769783339 ) ) ;
#6086 = DIRECTION ( 'NONE',  ( 1.000000000000000000, 0.0000000000000000000, -0.0000000000000000000 ) ) ;
#6087 = CARTESIAN_POINT ( 'NONE',  ( -0.1711759940385402246, 1.300000000000000044, -1.360705072426718010 ) ) ;
#6088 = VERTEX_POINT ( 'NONE', #2661 ) ;
#6089 = CARTESIAN_POINT ( 'NONE',  ( -0.2500000000000000000, -0.2000000000000000111, -7.249999999999999112 ) ) ;
#6090 = PLANE ( 'NONE',  #9874 ) ;
#6091 = PRESENTATION_LAYER_ASSIGNMENT (  '', '', ( #7857 ) ) ;
#6092 = ORIENTED_EDGE ( 'NONE', *, *, #2523, .T. ) ;
#6093 =( NAMED_UNIT ( * ) PLANE_ANGLE_UNIT ( ) SI_UNIT ( $, .RADIAN. ) );
#6094 = PRESENTATION_STYLE_ASSIGNMENT (( #8824 ) ) ;
#6095 = SURFACE_STYLE_FILL_AREA ( #4221 ) ;
#6096 = EDGE_CURVE ( 'NONE', #8937, #3420, #1682, .T. ) ;
#6097 = UNCERTAINTY_MEASURE_WITH_UNIT (LENGTH_MEASURE( 1.000000000000000082E-05 ), #1655, 'distance_accuracy_value', 'NONE');
#6098 = CARTESIAN_POINT ( 'NONE',  ( -0.1729955703921096100, 1.310000000000000053, -1.820797950398037601 ) ) ;
#6099 = ORIENTED_EDGE ( 'NONE', *, *, #7919, .F. ) ;
#6100 = DIRECTION ( 'NONE',  ( 1.000000000000000000, -0.0000000000000000000, -0.0000000000000000000 ) ) ;
#6101 = ADVANCED_FACE ( 'NONE', ( #9162 ), #8208, .T. ) ;
#6102 =( GEOMETRIC_REPRESENTATION_CONTEXT ( 3 ) GLOBAL_UNCERTAINTY_ASSIGNED_CONTEXT ( ( #9871 ) ) GLOBAL_UNIT_ASSIGNED_CONTEXT ( ( #3780, #7672, #10331 ) ) REPRESENTATION_CONTEXT ( 'NONE', 'WORKASPACE' ) );
#6103 = FACE_OUTER_BOUND ( 'NONE', #2006, .T. ) ;
#6104 = STYLED_ITEM ( 'NONE', ( #6139 ), #4355 ) ;
#6105 = FACE_OUTER_BOUND ( 'NONE', #1561, .T. ) ;
#6106 = ADVANCED_FACE ( 'NONE', ( #8442 ), #6618, .F. ) ;
#6107 = B_SPLINE_CURVE_WITH_KNOTS ( 'NONE', 3,
 ( #11037, #6415, #4680, #15 ),
 .UNSPECIFIED., .F., .F.,
 ( 4, 4 ),
 ( 2.000000000000000000, 3.000000000000000000 ),
 .UNSPECIFIED. ) ;
#6108 = PRESENTATION_LAYER_ASSIGNMENT (  '', '', ( #9781 ) ) ;
#6109 = CARTESIAN_POINT ( 'NONE',  ( -0.2917879123311050149, 1.300000000000000044, -1.774112819954545062 ) ) ;
#6110 = PRESENTATION_LAYER_ASSIGNMENT (  '', '', ( #4583 ) ) ;
#6111 = EDGE_CURVE ( 'NONE', #2791, #4165, #9524, .T. ) ;
#6112 = CARTESIAN_POINT ( 'NONE',  ( 0.7759177391145102298, 1.300000000000000044, -1.373332023633489829 ) ) ;
#6113 = EDGE_CURVE ( 'NONE', #1722, #9751, #2122, .T. ) ;
#6114 = LINE ( 'NONE', #4307, #1900 ) ;
#6115 = ORIENTED_EDGE ( 'NONE', *, *, #3930, .F. ) ;
#6116 = FACE_OUTER_BOUND ( 'NONE', #9961, .T. ) ;
#6117 = UNCERTAINTY_MEASURE_WITH_UNIT (LENGTH_MEASURE( 1.000000000000000082E-05 ), #3124, 'distance_accuracy_value', 'NONE');
#6118 = CARTESIAN_POINT ( 'NONE',  ( -0.1785062873485450397, 1.300000000000000044, -1.860516702800447897 ) ) ;
#6119 = CARTESIAN_POINT ( 'NONE',  ( -0.8333458230445190962, 1.310000000000000053, -1.719317577764704508 ) ) ;
#6120 = VERTEX_POINT ( 'NONE', #11290 ) ;
#6121 = EDGE_LOOP ( 'NONE', ( #6740, #5550, #5688, #8034 ) ) ;
#6122 = LINE ( 'NONE', #10681, #11232 ) ;
#6123 = EDGE_CURVE ( 'NONE', #7236, #7707, #1200, .T. ) ;
#6124 = VECTOR ( 'NONE', #1336, 1000.000000000000000 ) ;
#6125 = FILL_AREA_STYLE ('',( #8967 ) ) ;
#6126 = FILL_AREA_STYLE ('',( #471 ) ) ;
#6127 = DIRECTION ( 'NONE',  ( -1.000000000000000000, -0.0000000000000000000, 5.962800923771144441E-15 ) ) ;
#6128 = CARTESIAN_POINT ( 'NONE',  ( -0.4892379406406413556, 1.310000000000000053, -1.534344644452003248 ) ) ;
#6129 = ADVANCED_FACE ( 'NONE', ( #3025 ), #2059, .F. ) ;
#6130 = CARTESIAN_POINT ( 'NONE',  ( -0.5441891465163621877, 1.310000000000000053, -1.377549150671262490 ) ) ;
#6131 = LINE ( 'NONE', #7850, #8751 ) ;
#6132 = ORIENTED_EDGE ( 'NONE', *, *, #11546, .T. ) ;
#6133 = DIRECTION ( 'NONE',  ( -0.0000000000000000000, -1.000000000000000000, -0.0000000000000000000 ) ) ;
#6134 = VERTEX_POINT ( 'NONE', #10268 ) ;
#6135 = EDGE_LOOP ( 'NONE', ( #8047, #3976, #9777, #6319 ) ) ;
#6136 = ORIENTED_EDGE ( 'NONE', *, *, #8382, .T. ) ;
#6137 = DIRECTION ( 'NONE',  ( 0.0000000000000000000, -1.000000000000000000, 0.0000000000000000000 ) ) ;
#6138 = VECTOR ( 'NONE', #2773, 1000.000000000000000 ) ;
#6139 = PRESENTATION_STYLE_ASSIGNMENT (( #9773 ) ) ;
#6140 = CARTESIAN_POINT ( 'NONE',  ( -0.5978926428953125205, 1.310000000000000053, -1.529041879079284350 ) ) ;
#6141 = VERTEX_POINT ( 'NONE', #5665 ) ;
#6142 = DIRECTION ( 'NONE',  ( 0.0000000000000000000, 0.0000000000000000000, 1.000000000000000000 ) ) ;
#6143 =( NAMED_UNIT ( * ) PLANE_ANGLE_UNIT ( ) SI_UNIT ( $, .RADIAN. ) );
#6144 = CARTESIAN_POINT ( 'NONE',  ( -0.3437758081473130112, 1.300000000000000044, -1.821317829355607820 ) ) ;
#6145 =( GEOMETRIC_REPRESENTATION_CONTEXT ( 3 ) GLOBAL_UNCERTAINTY_ASSIGNED_CONTEXT ( ( #11724 ) ) GLOBAL_UNIT_ASSIGNED_CONTEXT ( ( #11193, #3925, #10530 ) ) REPRESENTATION_CONTEXT ( 'NONE', 'WORKASPACE' ) );
#6146 =( GEOMETRIC_REPRESENTATION_CONTEXT ( 3 ) GLOBAL_UNCERTAINTY_ASSIGNED_CONTEXT ( ( #3783 ) ) GLOBAL_UNIT_ASSIGNED_CONTEXT ( ( #1530, #9906, #8991 ) ) REPRESENTATION_CONTEXT ( 'NONE', 'WORKASPACE' ) );
#6147 = ORIENTED_EDGE ( 'NONE', *, *, #1000, .F. ) ;
#6148 = CARTESIAN_POINT ( 'NONE',  ( -0.4199380755173778290, 1.300000000000000044, -1.377549150671262934 ) ) ;
#6149 = SURFACE_STYLE_USAGE ( .BOTH. , #856 ) ;
#6150 = CARTESIAN_POINT ( 'NONE',  ( -0.1160168365777151239, 1.310000000000000053, -1.856981525884834783 ) ) ;
#6151 = EDGE_CURVE ( 'NONE', #11701, #7721, #4887, .T. ) ;
#6152 = MECHANICAL_DESIGN_GEOMETRIC_PRESENTATION_REPRESENTATION (  '', ( #4620 ), #2869 ) ;
#6153 = MECHANICAL_DESIGN_GEOMETRIC_PRESENTATION_REPRESENTATION (  '', ( #10225 ), #5012 ) ;
#6154 = CARTESIAN_POINT ( 'NONE',  ( -0.3257879961947383607, 1.310000000000000053, -1.757684644877441027 ) ) ;
#6155 = CARTESIAN_POINT ( 'NONE',  ( -1.020000000000000018, 0.2000000000000000111, -2.250000000000000000 ) ) ;
#6156 = VERTEX_POINT ( 'NONE', #4760 ) ;
#6157 = FILL_AREA_STYLE ('',( #5881 ) ) ;
#6158 = UNCERTAINTY_MEASURE_WITH_UNIT (LENGTH_MEASURE( 1.000000000000000082E-05 ), #9684, 'distance_accuracy_value', 'NONE');
#6159 = VECTOR ( 'NONE', #7023, 1000.000000000000000 ) ;
#6160 = STYLED_ITEM ( 'NONE', ( #10244 ), #11522 ) ;
#6161 = B_SPLINE_SURFACE_WITH_KNOTS ( 'NONE', 3, 1, ( 
 ( #11072, #2740 ),
 ( #6436, #12001 ),
 ( #5666, #6495 ),
 ( #10140, #9348 ),
 ( #1815, #895 ),
 ( #11173, #92 ),
 ( #7533, #2909 ) ),
 .UNSPECIFIED., .F., .F., .F.,
 ( 4, 3, 4 ),
 ( 2, 2 ),
 ( 0.0000000000000000000, 1.000000000000000000, 2.000000000000000000 ),
 ( 0.0000000000000000000, 1.000000000000000000 ),
 .UNSPECIFIED. ) ;
#6162 = PLANE ( 'NONE',  #3008 ) ;
#6163 = DIRECTION ( 'NONE',  ( -0.0000000000000000000, -1.000000000000000000, -0.0000000000000000000 ) ) ;
#6164 = PRESENTATION_LAYER_ASSIGNMENT (  '', '', ( #9061 ) ) ;
#6165 = UNCERTAINTY_MEASURE_WITH_UNIT (LENGTH_MEASURE( 1.000000000000000082E-05 ), #7355, 'distance_accuracy_value', 'NONE');
#6166 = SURFACE_SIDE_STYLE ('',( #10599 ) ) ;
#6167 = PRESENTATION_STYLE_ASSIGNMENT (( #2446 ) ) ;
#6168 = STYLED_ITEM ( 'NONE', ( #5767 ), #3601 ) ;
#6169 = STYLED_ITEM ( 'NONE', ( #3585 ), #9521 ) ;
#6170 =( NAMED_UNIT ( * ) SI_UNIT ( $, .STERADIAN. ) SOLID_ANGLE_UNIT ( ) );
#6171 = VECTOR ( 'NONE', #8944, 1000.000000000000000 ) ;
#6172 = VECTOR ( 'NONE', #1782, 1000.000000000000000 ) ;
#6173 =( LENGTH_UNIT ( ) NAMED_UNIT ( * ) SI_UNIT ( .MILLI., .METRE. ) );
#6174 = CARTESIAN_POINT ( 'NONE',  ( -0.4694305523338104802, 1.300000000000000044, -1.844088527723333648 ) ) ;
#6175 = ORIENTED_EDGE ( 'NONE', *, *, #3011, .F. ) ;
#6176 = PLANE ( 'NONE',  #7538 ) ;
#6177 = COLOUR_RGB ( '',1.000000000000000000, 1.000000000000000000, 1.000000000000000000 ) ;
#6178 = EDGE_CURVE ( 'NONE', #3105, #1215, #408, .T. ) ;
#6179 = EDGE_CURVE ( 'NONE', #3882, #7721, #3748, .T. ) ;
#6180 = B_SPLINE_CURVE_WITH_KNOTS ( 'NONE', 3,
 ( #253, #11261, #8466, #1047 ),
 .UNSPECIFIED., .F., .F.,
 ( 4, 4 ),
 ( 3.000000000000000000, 4.000000000000000000 ),
 .UNSPECIFIED. ) ;
#6181 = STYLED_ITEM ( 'NONE', ( #7045 ), #4018 ) ;
#6182 = STYLED_ITEM ( 'NONE', ( #9029 ), #9866 ) ;
#6183 = CARTESIAN_POINT ( 'NONE',  ( 0.6414409157026885744, 1.310000000000000053, -1.299586672418066025 ) ) ;
#6184 = CARTESIAN_POINT ( 'NONE',  ( -0.4629840532530541397, 1.300000000000000044, -1.557531245985787072 ) ) ;
#6185 = FACE_OUTER_BOUND ( 'NONE', #3314, .T. ) ;
#6186 = COLOUR_RGB ( '',1.000000000000000000, 1.000000000000000000, 1.000000000000000000 ) ;
#6187 = ORIENTED_EDGE ( 'NONE', *, *, #5143, .T. ) ;
#6188 = ORIENTED_EDGE ( 'NONE', *, *, #5244, .F. ) ;
#6189 = VECTOR ( 'NONE', #7793, 1000.000000000000000 ) ;
#6190 = DIRECTION ( 'NONE',  ( 0.0000000000000000000, 1.000000000000000000, 0.0000000000000000000 ) ) ;
#6191 = CARTESIAN_POINT ( 'NONE',  ( -0.2265431030823970848, 1.310000000000000053, -1.374429876923095817 ) ) ;
#6192 = CARTESIAN_POINT ( 'NONE',  ( -0.4029900214813191273, 1.300000000000000044, -1.734913946509705207 ) ) ;
#6193 = AXIS2_PLACEMENT_3D ( 'NONE', #1549, #11566, #10725 ) ;
#6194 = PRESENTATION_STYLE_ASSIGNMENT (( #5061 ) ) ;
#6195 = PRESENTATION_STYLE_ASSIGNMENT (( #4506 ) ) ;
#6196 = MECHANICAL_DESIGN_GEOMETRIC_PRESENTATION_REPRESENTATION (  '', ( #8903 ), #8156 ) ;
#6197 =( LENGTH_UNIT ( ) NAMED_UNIT ( * ) SI_UNIT ( .MILLI., .METRE. ) );
#6198 = CARTESIAN_POINT ( 'NONE',  ( -0.4226934339952500563, 1.300000000000000044, -1.926749282070603364 ) ) ;
#6199 = EDGE_CURVE ( 'NONE', #9467, #3836, #6329, .T. ) ;
#6200 = VECTOR ( 'NONE', #9136, 1000.000000000000000 ) ;
#6201 = VECTOR ( 'NONE', #9152, 1000.000000000000000 ) ;
#6202 = PLANE ( 'NONE',  #780 ) ;
#6203 = PRESENTATION_STYLE_ASSIGNMENT (( #2478 ) ) ;
#6204 = ORIENTED_EDGE ( 'NONE', *, *, #7225, .F. ) ;
#6205 =( NAMED_UNIT ( * ) SI_UNIT ( $, .STERADIAN. ) SOLID_ANGLE_UNIT ( ) );
#6206 = ORIENTED_EDGE ( 'NONE', *, *, #8731, .T. ) ;
#6207 = ORIENTED_EDGE ( 'NONE', *, *, #11740, .T. ) ;
#6208 = CARTESIAN_POINT ( 'NONE',  ( -0.1697203329552827156, 1.310000000000000053, -1.516148880916399655 ) ) ;
#6209 = EDGE_CURVE ( 'NONE', #383, #7254, #9745, .T. ) ;
#6210 = ORIENTED_EDGE ( 'NONE', *, *, #3525, .T. ) ;
#6211 =( LENGTH_UNIT ( ) NAMED_UNIT ( * ) SI_UNIT ( .MILLI., .METRE. ) );
#6212 = COLOUR_RGB ( '',1.000000000000000000, 1.000000000000000000, 1.000000000000000000 ) ;
#6213 = LINE ( 'NONE', #11937, #5261 ) ;
#6214 = SURFACE_STYLE_USAGE ( .BOTH. , #9045 ) ;
#6215 = SURFACE_STYLE_USAGE ( .BOTH. , #5429 ) ;
#6216 = FILL_AREA_STYLE ('',( #9241 ) ) ;
#6217 = EDGE_CURVE ( 'NONE', #8019, #1772, #10551, .T. ) ;
#6218 = ADVANCED_FACE ( 'NONE', ( #11474 ), #7889, .F. ) ;
#6219 = DIRECTION ( 'NONE',  ( -1.000000000000000000, 0.0000000000000000000, 7.343273320721139662E-15 ) ) ;
#6220 = ORIENTED_EDGE ( 'NONE', *, *, #3080, .F. ) ;
#6221 = MECHANICAL_DESIGN_GEOMETRIC_PRESENTATION_REPRESENTATION (  '', ( #1169 ), #11458 ) ;
#6222 = ADVANCED_FACE ( 'NONE', ( #2232 ), #3264, .F. ) ;
#6223 = CARTESIAN_POINT ( 'NONE',  ( -0.2042402957771748684, 1.310000000000000053, -1.862700194424997235 ) ) ;
#6224 = CARTESIAN_POINT ( 'NONE',  ( -0.8321501014421153197, 1.300000000000000044, -1.870706330381208149 ) ) ;
#6225 = EDGE_LOOP ( 'NONE', ( #9648, #6471, #7760, #5165 ) ) ;
#6226 = SURFACE_STYLE_USAGE ( .BOTH. , #8823 ) ;
#6227 = DIRECTION ( 'NONE',  ( 7.929618338613898777E-15, -0.0000000000000000000, 1.000000000000000000 ) ) ;
#6228 = CARTESIAN_POINT ( 'NONE',  ( -0.3827667300091258107, 1.300000000000000044, -1.738033220259266098 ) ) ;
#6229 = EDGE_CURVE ( 'NONE', #6429, #5249, #3803, .T. ) ;
#6230 = ORIENTED_EDGE ( 'NONE', *, *, #390, .F. ) ;
#6231 = CARTESIAN_POINT ( 'NONE',  ( -0.1729955703921096100, 1.300000000000000044, -1.820797950398037601 ) ) ;
#6232 = ORIENTED_EDGE ( 'NONE', *, *, #9374, .F. ) ;
#6233 = CARTESIAN_POINT ( 'NONE',  ( -0.1403991597152866311, 1.310000000000000053, -1.841281181348327634 ) ) ;
#6234 = VECTOR ( 'NONE', #10383, 1000.000000000000000 ) ;
#6235 = B_SPLINE_CURVE_WITH_KNOTS ( 'NONE', 3,
 ( #3358, #3546, #9911, #8942 ),
 .UNSPECIFIED., .F., .F.,
 ( 4, 4 ),
 ( 4.000000000000000000, 5.000000000000000000 ),
 .UNSPECIFIED. ) ;
#6236 = CARTESIAN_POINT ( 'NONE',  ( 0.7686877756811558715, 1.310000000000000053, -1.685665175252899717 ) ) ;
#6237 = UNCERTAINTY_MEASURE_WITH_UNIT (LENGTH_MEASURE( 1.000000000000000082E-05 ), #4608, 'distance_accuracy_value', 'NONE');
#6238 = LINE ( 'NONE', #1413, #2090 ) ;
#6239 = SURFACE_SIDE_STYLE ('',( #11633 ) ) ;
#6240 =( NAMED_UNIT ( * ) PLANE_ANGLE_UNIT ( ) SI_UNIT ( $, .RADIAN. ) );
#6241 = UNCERTAINTY_MEASURE_WITH_UNIT (LENGTH_MEASURE( 1.000000000000000082E-05 ), #3486, 'distance_accuracy_value', 'NONE');
#6242 = ORIENTED_EDGE ( 'NONE', *, *, #8987, .F. ) ;
#6243 = CARTESIAN_POINT ( 'NONE',  ( -0.1222033961796832463, 1.300000000000000044, -1.426937651696874587 ) ) ;
#6244 = EDGE_CURVE ( 'NONE', #11381, #8088, #11961, .T. ) ;
#6245 = CARTESIAN_POINT ( 'NONE',  ( -0.9818232534944985046, 1.310000000000000053, -1.717030110348640282 ) ) ;
#6246 = CARTESIAN_POINT ( 'NONE',  ( -0.7322293656828651187, 1.310000000000000053, -1.386906971918539400 ) ) ;
#6247 = FACE_OUTER_BOUND ( 'NONE', #1041, .T. ) ;
#6248 = SURFACE_SIDE_STYLE ('',( #10126 ) ) ;
#6249 = CARTESIAN_POINT ( 'NONE',  ( -0.3827667300091260327, 1.310000000000000053, -1.762779458667128596 ) ) ;
#6250 = EDGE_LOOP ( 'NONE', ( #5632, #1806, #4980, #7401 ) ) ;
#6251 = ORIENTED_EDGE ( 'NONE', *, *, #5453, .T. ) ;
#6252 = CARTESIAN_POINT ( 'NONE',  ( -0.3733569208660932892, 1.310000000000000053, -1.872058015672275921 ) ) ;
#6253 = CARTESIAN_POINT ( 'NONE',  ( -0.2181730518558842036, 1.310000000000000053, -1.560962447109883744 ) ) ;
#6254 = CARTESIAN_POINT ( 'NONE',  ( -0.1445581913806669172, 1.300000000000000044, -1.864571758675003910 ) ) ;
#6255 = LINE ( 'NONE', #4432, #4141 ) ;
#6256 = LINE ( 'NONE', #3391, #1731 ) ;
#6257 = CARTESIAN_POINT ( 'NONE',  ( -0.1545918552727806872, 1.310000000000000053, -1.769849812498350827 ) ) ;
#6258 = CARTESIAN_POINT ( 'NONE',  ( -0.9857743335775431825, 1.310000000000000053, -1.702785426896082033 ) ) ;
#6259 = EDGE_CURVE ( 'NONE', #3385, #5670, #3749, .T. ) ;
#6260 = CARTESIAN_POINT ( 'NONE',  ( -0.03288819116795062281, 1.310000000000000053, -1.700186032104098688 ) ) ;
#6261 = CARTESIAN_POINT ( 'NONE',  ( -0.3812070931343504165, 1.300000000000000044, -1.816638918731964480 ) ) ;
#6262 = ORIENTED_EDGE ( 'NONE', *, *, #10718, .F. ) ;
#6263 = ORIENTED_EDGE ( 'NONE', *, *, #4588, .F. ) ;
#6264 = VERTEX_POINT ( 'NONE', #2762 ) ;
#6265 = CARTESIAN_POINT ( 'NONE',  ( -0.1856806169712742205, 1.310000000000000053, -1.731586721177127197 ) ) ;
#6266 = DIRECTION ( 'NONE',  ( -0.0000000000000000000, -1.000000000000000000, -0.0000000000000000000 ) ) ;
#6267 = EDGE_LOOP ( 'NONE', ( #6778, #8565, #3721, #4026 ) ) ;
#6268 = CARTESIAN_POINT ( 'NONE',  ( 0.7513359461826958352, 1.310000000000000053, -1.355980173450014092 ) ) ;
#6269 = FILL_AREA_STYLE ('',( #7300 ) ) ;
#6270 = SURFACE_STYLE_USAGE ( .BOTH. , #8350 ) ;
#6271 = B_SPLINE_SURFACE_WITH_KNOTS ( 'NONE', 3, 1, ( 
 ( #430, #4157 ),
 ( #3231, #6940 ),
 ( #2327, #1394 ),
 ( #5131, #8814 ) ),
 .UNSPECIFIED., .F., .F., .F.,
 ( 4, 4 ),
 ( 2, 2 ),
 ( 10.00000000000000000, 11.00000000000000000 ),
 ( 0.0000000000000000000, 1.000000000000000000 ),
 .UNSPECIFIED. ) ;
#6272 = FILL_AREA_STYLE ('',( #11134 ) ) ;
#6273 = ORIENTED_EDGE ( 'NONE', *, *, #10026, .T. ) ;
#6274 = CARTESIAN_POINT ( 'NONE',  ( 0.3623654303939469745, 1.300000000000000044, -1.567094298974051281 ) ) ;
#6275 = UNCERTAINTY_MEASURE_WITH_UNIT (LENGTH_MEASURE( 1.000000000000000082E-05 ), #4917, 'distance_accuracy_value', 'NONE');
#6276 = CARTESIAN_POINT ( 'NONE',  ( -0.4314793883885169046, 1.310000000000000053, -1.734913946509704985 ) ) ;
#6277 = ORIENTED_EDGE ( 'NONE', *, *, #2552, .T. ) ;
#6278 =( LENGTH_UNIT ( ) NAMED_UNIT ( * ) SI_UNIT ( .MILLI., .METRE. ) );
#6279 = CARTESIAN_POINT ( 'NONE',  ( -0.5792289882979033688, 1.310000000000000053, -1.513133582959742540 ) ) ;
#6280 = SURFACE_SIDE_STYLE ('',( #8048 ) ) ;
#6281 = FILL_AREA_STYLE ('',( #8996 ) ) ;
#6282 = EDGE_LOOP ( 'NONE', ( #10494, #1293, #1204, #8491 ) ) ;
#6283 = CARTESIAN_POINT ( 'NONE',  ( -0.8184772848414899604, 1.300000000000000044, -1.706528555394717817 ) ) ;
#6284 = SURFACE_SIDE_STYLE ('',( #4728 ) ) ;
#6285 = ORIENTED_EDGE ( 'NONE', *, *, #6962, .T. ) ;
#6286 = DIRECTION ( 'NONE',  ( -0.0000000000000000000, -0.0000000000000000000, 1.000000000000000000 ) ) ;
#6287 = EDGE_CURVE ( 'NONE', #8831, #8077, #8239, .T. ) ;
#6288 = FILL_AREA_STYLE_COLOUR ( '', #6976 ) ;
#6289 = PRESENTATION_STYLE_ASSIGNMENT (( #11798 ) ) ;
#6290 =( NAMED_UNIT ( * ) SI_UNIT ( $, .STERADIAN. ) SOLID_ANGLE_UNIT ( ) );
#6291 = DIRECTION ( 'NONE',  ( -0.0000000000000000000, -1.000000000000000000, -0.0000000000000000000 ) ) ;
#6292 =( GEOMETRIC_REPRESENTATION_CONTEXT ( 3 ) GLOBAL_UNCERTAINTY_ASSIGNED_CONTEXT ( ( #2576 ) ) GLOBAL_UNIT_ASSIGNED_CONTEXT ( ( #5626, #1102, #10353 ) ) REPRESENTATION_CONTEXT ( 'NONE', 'WORKASPACE' ) );
#6293 =( NAMED_UNIT ( * ) SI_UNIT ( $, .STERADIAN. ) SOLID_ANGLE_UNIT ( ) );
#6294 = CARTESIAN_POINT ( 'NONE',  ( 0.7918235759260240370, 1.300000000000000044, -1.512146714784001311 ) ) ;
#6295 = CARTESIAN_POINT ( 'NONE',  ( -0.2500000000000000000, 0.2000000000000000111, -2.250000000000000000 ) ) ;
#6296 = VERTEX_POINT ( 'NONE', #9193 ) ;
#6297 = MECHANICAL_DESIGN_GEOMETRIC_PRESENTATION_REPRESENTATION (  '', ( #6104 ), #4576 ) ;
#6298 = SURFACE_STYLE_FILL_AREA ( #3563 ) ;
#6299 = CARTESIAN_POINT ( 'NONE',  ( -0.006634303781055152227, 1.310000000000000053, -1.354154597554455774 ) ) ;
#6300 = CARTESIAN_POINT ( 'NONE',  ( 0.7686877756811558715, 1.300000000000000044, -1.685665175252899717 ) ) ;
#6301 = CARTESIAN_POINT ( 'NONE',  ( 0.2495784421214472248, 1.300000000000000044, -1.679881287246549615 ) ) ;
#6302 = VERTEX_POINT ( 'NONE', #5505 ) ;
#6303 = ORIENTED_EDGE ( 'NONE', *, *, #1000, .T. ) ;
#6304 = CARTESIAN_POINT ( 'NONE',  ( -0.2207204587507351212, 1.310000000000000053, -1.850846954178625214 ) ) ;
#6305 =( GEOMETRIC_REPRESENTATION_CONTEXT ( 3 ) GLOBAL_UNCERTAINTY_ASSIGNED_CONTEXT ( ( #3431 ) ) GLOBAL_UNIT_ASSIGNED_CONTEXT ( ( #2106, #1066, #4801 ) ) REPRESENTATION_CONTEXT ( 'NONE', 'WORKASPACE' ) );
#6306 = CARTESIAN_POINT ( 'NONE',  ( -0.7176727548557694236, 1.300000000000000044, -1.676791478987284645 ) ) ;
#6307 = EDGE_CURVE ( 'NONE', #6302, #7357, #6461, .T. ) ;
#6308 = DIRECTION ( 'NONE',  ( -1.556335539511384660E-14, 0.0000000000000000000, -1.000000000000000000 ) ) ;
#6309 = CARTESIAN_POINT ( 'NONE',  ( -0.9889455952214719625, 1.310000000000000053, -1.717030110348640504 ) ) ;
#6310 = CARTESIAN_POINT ( 'NONE',  ( -0.6688561206834825468, 1.310000000000000053, -1.788565454991518200 ) ) ;
#6311 = CARTESIAN_POINT ( 'NONE',  ( -0.3303629310268647590, 1.300000000000000044, -1.816326991357427589 ) ) ;
#6312 =( NAMED_UNIT ( * ) SI_UNIT ( $, .STERADIAN. ) SOLID_ANGLE_UNIT ( ) );
#6313 = FILL_AREA_STYLE_COLOUR ( '', #11573 ) ;
#6314 = ORIENTED_EDGE ( 'NONE', *, *, #2920, .F. ) ;
#6315 = DIRECTION ( 'NONE',  ( 0.0000000000000000000, -1.000000000000000000, -0.0000000000000000000 ) ) ;
#6316 = VERTEX_POINT ( 'NONE', #4673 ) ;
#6317 = ORIENTED_EDGE ( 'NONE', *, *, #7965, .T. ) ;
#6318 = FILL_AREA_STYLE_COLOUR ( '', #2229 ) ;
#6319 = ORIENTED_EDGE ( 'NONE', *, *, #11750, .T. ) ;
#6320 = CARTESIAN_POINT ( 'NONE',  ( -0.3118422431420859731, 1.310000000000000053, -1.859294987248951481 ) ) ;
#6321 = UNCERTAINTY_MEASURE_WITH_UNIT (LENGTH_MEASURE( 1.000000000000000082E-05 ), #11011, 'distance_accuracy_value', 'NONE');
#6322 = CARTESIAN_POINT ( 'NONE',  ( 0.6240890862035273212, 1.300000000000000044, -1.911239179379300657 ) ) ;
#6323 = DIRECTION ( 'NONE',  ( -0.0000000000000000000, -1.000000000000000000, -0.0000000000000000000 ) ) ;
#6324 = SURFACE_STYLE_FILL_AREA ( #5254 ) ;
#6325 = DIRECTION ( 'NONE',  ( 0.0000000000000000000, -1.000000000000000000, 0.0000000000000000000 ) ) ;
#6326 =( LENGTH_UNIT ( ) NAMED_UNIT ( * ) SI_UNIT ( .MILLI., .METRE. ) );
#6327 = EDGE_CURVE ( 'NONE', #5421, #11074, #4790, .T. ) ;
#6328 = LINE ( 'NONE', #6509, #11451 ) ;
#6329 = B_SPLINE_CURVE_WITH_KNOTS ( 'NONE', 3,
 ( #5161, #8680, #4135, #3157 ),
 .UNSPECIFIED., .F., .F.,
 ( 4, 4 ),
 ( 28.00000000000000000, 29.00000000000000000 ),
 .UNSPECIFIED. ) ;
#6330 = ORIENTED_EDGE ( 'NONE', *, *, #3627, .F. ) ;
#6331 = CARTESIAN_POINT ( 'NONE',  ( -0.8556486303490521417, 1.310000000000000053, -1.776608238953634400 ) ) ;
#6332 = EDGE_CURVE ( 'NONE', #8179, #6429, #6589, .T. ) ;
#6333 = CARTESIAN_POINT ( 'NONE',  ( -0.6688561206834809925, 1.310000000000000053, -1.557531245985785739 ) ) ;
#6334 = CARTESIAN_POINT ( 'NONE',  ( -0.3483507429787453535, 1.300000000000000044, -1.731586721177126087 ) ) ;
#6335 = VECTOR ( 'NONE', #2527, 1000.000000000000000 ) ;
#6336 = ORIENTED_EDGE ( 'NONE', *, *, #12016, .T. ) ;
#6337 = VERTEX_POINT ( 'NONE', #4534 ) ;
#6338 =( NAMED_UNIT ( * ) PLANE_ANGLE_UNIT ( ) SI_UNIT ( $, .RADIAN. ) );
#6339 = VECTOR ( 'NONE', #8935, 1000.000000000000000 ) ;
#6340 =( GEOMETRIC_REPRESENTATION_CONTEXT ( 3 ) GLOBAL_UNCERTAINTY_ASSIGNED_CONTEXT ( ( #10942 ) ) GLOBAL_UNIT_ASSIGNED_CONTEXT ( ( #7015, #1771, #11893 ) ) REPRESENTATION_CONTEXT ( 'NONE', 'WORKASPACE' ) );
#6341 = CARTESIAN_POINT ( 'NONE',  ( -0.6688561206834823247, 1.310000000000000053, -1.765274877666221265 ) ) ;
#6342 = CARTESIAN_POINT ( 'NONE',  ( 0.7701337683681047652, 1.300000000000000044, -1.525160593804412157 ) ) ;
#6343 = LINE ( 'NONE', #3423, #5583 ) ;
#6344 = CARTESIAN_POINT ( 'NONE',  ( -1.027780553396013374, 1.310000000000000053, -1.824541078896672497 ) ) ;
#6345 = AXIS2_PLACEMENT_3D ( 'NONE', #1219, #6878, #300 ) ;
#6346 = EDGE_CURVE ( 'NONE', #6806, #9958, #8238, .T. ) ;
#6347 = AXIS2_PLACEMENT_3D ( 'NONE', #1873, #9107, #4510 ) ;
#6349 = UNCERTAINTY_MEASURE_WITH_UNIT (LENGTH_MEASURE( 1.000000000000000082E-05 ), #8493, 'distance_accuracy_value', 'NONE');
#6348 = CARTESIAN_POINT ( 'NONE',  ( 0.6602387378880940627, 1.300000000000000044, -1.734828733536504686 ) ) ;
#6350 =( LENGTH_UNIT ( ) NAMED_UNIT ( * ) SI_UNIT ( .MILLI., .METRE. ) );
#6351 = VERTEX_POINT ( 'NONE', #7318 ) ;
#6352 =( NAMED_UNIT ( * ) SI_UNIT ( $, .STERADIAN. ) SOLID_ANGLE_UNIT ( ) );
#6353 =( GEOMETRIC_REPRESENTATION_CONTEXT ( 3 ) GLOBAL_UNCERTAINTY_ASSIGNED_CONTEXT ( ( #7443 ) ) GLOBAL_UNIT_ASSIGNED_CONTEXT ( ( #5906, #8694, #6991 ) ) REPRESENTATION_CONTEXT ( 'NONE', 'WORKASPACE' ) );
#6354 = EDGE_CURVE ( 'NONE', #8099, #5111, #7063, .T. ) ;
#6355 = COLOUR_RGB ( '',1.000000000000000000, 1.000000000000000000, 1.000000000000000000 ) ;
#6356 = VECTOR ( 'NONE', #11784, 1000.000000000000000 ) ;
#6357 = ORIENTED_EDGE ( 'NONE', *, *, #3456, .F. ) ;
#6358 = STYLED_ITEM ( 'NONE', ( #398 ), #3548 ) ;
#6359 = DIRECTION ( 'NONE',  ( -0.0000000000000000000, -1.000000000000000000, -0.0000000000000000000 ) ) ;
#6360 = VECTOR ( 'NONE', #12008, 1000.000000000000227 ) ;
#6361 = CARTESIAN_POINT ( 'NONE',  ( 0.9060565982561902265, 1.300000000000000044, -1.877981485487228541 ) ) ;
#6362 = ORIENTED_EDGE ( 'NONE', *, *, #534, .T. ) ;
#6363 = VERTEX_POINT ( 'NONE', #869 ) ;
#6364 = VECTOR ( 'NONE', #2580, 1000.000000000000114 ) ;
#6365 = FACE_OUTER_BOUND ( 'NONE', #7233, .T. ) ;
#6366 = VECTOR ( 'NONE', #8747, 1000.000000000000114 ) ;
#6367 = B_SPLINE_SURFACE_WITH_KNOTS ( 'NONE', 3, 1, ( 
 ( #11715, #6576 ),
 ( #3741, #10287 ),
 ( #9366, #187 ),
 ( #4834, #3852 ) ),
 .UNSPECIFIED., .F., .F., .F.,
 ( 4, 4 ),
 ( 2, 2 ),
 ( 5.000000000000000000, 6.000000000000000000 ),
 ( 0.0000000000000000000, 1.000000000000000000 ),
 .UNSPECIFIED. ) ;
#6368 = CARTESIAN_POINT ( 'NONE',  ( -0.1528762547114260184, 1.310000000000000053, -1.872161991463786812 ) ) ;
#6369 =( GEOMETRIC_REPRESENTATION_CONTEXT ( 3 ) GLOBAL_UNCERTAINTY_ASSIGNED_CONTEXT ( ( #202 ) ) GLOBAL_UNIT_ASSIGNED_CONTEXT ( ( #5537, #9170, #7480 ) ) REPRESENTATION_CONTEXT ( 'NONE', 'WORKASPACE' ) );
#6370 = CARTESIAN_POINT ( 'NONE',  ( 0.2500000000000000000, -0.2000000000000000111, -7.249999999999999112 ) ) ;
#6371 = PRESENTATION_LAYER_ASSIGNMENT (  '', '', ( #10824 ) ) ;
#6372 = MECHANICAL_DESIGN_GEOMETRIC_PRESENTATION_REPRESENTATION (  '', ( #1511 ), #7754 ) ;
#6373 = PRESENTATION_LAYER_ASSIGNMENT (  '', '', ( #10461 ) ) ;
#6374 = DIRECTION ( 'NONE',  ( 0.0000000000000000000, 1.000000000000000000, 0.0000000000000000000 ) ) ;
#6375 =( LENGTH_UNIT ( ) NAMED_UNIT ( * ) SI_UNIT ( .MILLI., .METRE. ) );
#6376 = ORIENTED_EDGE ( 'NONE', *, *, #3840, .F. ) ;
#6377 = ORIENTED_EDGE ( 'NONE', *, *, #1850, .T. ) ;
#6378 = VERTEX_POINT ( 'NONE', #7389 ) ;
#6379 =( NAMED_UNIT ( * ) SI_UNIT ( $, .STERADIAN. ) SOLID_ANGLE_UNIT ( ) );
#6380 = COLOUR_RGB ( '',1.000000000000000000, 1.000000000000000000, 1.000000000000000000 ) ;
#6381 = VECTOR ( 'NONE', #6973, 1000.000000000000000 ) ;
#6382 = ORIENTED_EDGE ( 'NONE', *, *, #8209, .F. ) ;
#6383 = CARTESIAN_POINT ( 'NONE',  ( -0.5792289882979033688, 1.310000000000000053, -1.513133582959742540 ) ) ;
#6384 = COLOUR_RGB ( '',1.000000000000000000, 1.000000000000000000, 1.000000000000000000 ) ;
#6385 = STYLED_ITEM ( 'NONE', ( #8890 ), #10887 ) ;
#6386 = CARTESIAN_POINT ( 'NONE',  ( -0.1545918552727805761, 1.300000000000000044, -1.745103574089092779 ) ) ;
#6387 = FILL_AREA_STYLE_COLOUR ( '', #958 ) ;
#6388 = FACE_OUTER_BOUND ( 'NONE', #6135, .T. ) ;
#6389 = COLOUR_RGB ( '',0.2509803921568627416, 0.2509803921568627416, 0.2509803921568627416 ) ;
#6390 = DIRECTION ( 'NONE',  ( 0.0000000000000000000, -1.000000000000000000, 0.0000000000000000000 ) ) ;
#6391 = VECTOR ( 'NONE', #6011, 1000.000000000000000 ) ;
#6392 = CARTESIAN_POINT ( 'NONE',  ( -0.5786571214431913690, 1.300000000000000044, -1.396680696331872085 ) ) ;
#6393 = ADVANCED_FACE ( 'NONE', ( #4600 ), #4070, .T. ) ;
#6394 = MECHANICAL_DESIGN_GEOMETRIC_PRESENTATION_REPRESENTATION (  '', ( #2511 ), #8727 ) ;
#6395 = DIRECTION ( 'NONE',  ( 0.3897582650654531911, -0.0000000000000000000, -0.9209172030172787515 ) ) ;
#6396 = UNCERTAINTY_MEASURE_WITH_UNIT (LENGTH_MEASURE( 1.000000000000000082E-05 ), #8547, 'distance_accuracy_value', 'NONE');
#6397 =( NAMED_UNIT ( * ) PLANE_ANGLE_UNIT ( ) SI_UNIT ( $, .RADIAN. ) );
#6398 = ORIENTED_EDGE ( 'NONE', *, *, #9887, .F. ) ;
#6399 = FILL_AREA_STYLE ('',( #8226 ) ) ;
#6400 =( LENGTH_UNIT ( ) NAMED_UNIT ( * ) SI_UNIT ( .MILLI., .METRE. ) );
#6401 = FACE_OUTER_BOUND ( 'NONE', #10578, .T. ) ;
#6402 = ORIENTED_EDGE ( 'NONE', *, *, #6859, .T. ) ;
#6403 = COLOUR_RGB ( '',1.000000000000000000, 1.000000000000000000, 1.000000000000000000 ) ;
#6404 =( GEOMETRIC_REPRESENTATION_CONTEXT ( 3 ) GLOBAL_UNCERTAINTY_ASSIGNED_CONTEXT ( ( #1643 ) ) GLOBAL_UNIT_ASSIGNED_CONTEXT ( ( #7597, #1018, #2960 ) ) REPRESENTATION_CONTEXT ( 'NONE', 'WORKASPACE' ) );
#6405 = CARTESIAN_POINT ( 'NONE',  ( -0.8333458230445190962, 1.300000000000000044, -1.719317577764704508 ) ) ;
#6406 = PRESENTATION_LAYER_ASSIGNMENT (  '', '', ( #4486 ) ) ;
#6407 = EDGE_CURVE ( 'NONE', #165, #8645, #4968, .T. ) ;
#6408 = SURFACE_STYLE_USAGE ( .BOTH. , #1721 ) ;
#6409 = ORIENTED_EDGE ( 'NONE', *, *, #3089, .T. ) ;
#6410 = PRESENTATION_LAYER_ASSIGNMENT (  '', '', ( #4691 ) ) ;
#6411 = SURFACE_STYLE_USAGE ( .BOTH. , #9258 ) ;
#6412 = B_SPLINE_CURVE_WITH_KNOTS ( 'NONE', 3,
 ( #2515, #5380, #928, #11027 ),
 .UNSPECIFIED., .F., .F.,
 ( 4, 4 ),
 ( 6.000000000000000000, 7.000000000000000000 ),
 .UNSPECIFIED. ) ;
#6413 = LINE ( 'NONE', #2764, #940 ) ;
#6414 = CARTESIAN_POINT ( 'NONE',  ( -0.3458553239796599010, 1.300000000000000044, -1.752277903711820128 ) ) ;
#6415 = CARTESIAN_POINT ( 'NONE',  ( -0.1222033961796836626, 1.300000000000000044, -1.490154933008988491 ) ) ;
#6416 = AXIS2_PLACEMENT_3D ( 'NONE', #1589, #4392, #9126 ) ;
#6417 =( NAMED_UNIT ( * ) PLANE_ANGLE_UNIT ( ) SI_UNIT ( $, .RADIAN. ) );
#6418 = EDGE_CURVE ( 'NONE', #6664, #8925, #5752, .T. ) ;
#6419 = PRESENTATION_STYLE_ASSIGNMENT (( #2719 ) ) ;
#6420 = ORIENTED_EDGE ( 'NONE', *, *, #602, .T. ) ;
#6421 = STYLED_ITEM ( 'NONE', ( #2111 ), #9 ) ;
#6422 = ORIENTED_EDGE ( 'NONE', *, *, #144, .F. ) ;
#6423 = CARTESIAN_POINT ( 'NONE',  ( -0.9857743335775431825, 1.310000000000000053, -1.702785426896082255 ) ) ;
#6424 = CARTESIAN_POINT ( 'NONE',  ( -0.8228442680905884155, 1.310000000000000053, -1.557531245985784629 ) ) ;
#6425 = FILL_AREA_STYLE ('',( #10186 ) ) ;
#6426 = CARTESIAN_POINT ( 'NONE',  ( -0.4694305523338104802, 1.310000000000000053, -1.844088527723333648 ) ) ;
#6427 = CARTESIAN_POINT ( 'NONE',  ( 0.8323112608307764448, 1.300000000000000044, -1.976308602054443142 ) ) ;
#6428 = ORIENTED_EDGE ( 'NONE', *, *, #6650, .F. ) ;
#6429 = VERTEX_POINT ( 'NONE', #124 ) ;
#6430 = SURFACE_STYLE_USAGE ( .BOTH. , #11921 ) ;
#6431 = DIRECTION ( 'NONE',  ( 0.0000000000000000000, 0.0000000000000000000, -1.000000000000000000 ) ) ;
#6432 = CARTESIAN_POINT ( 'NONE',  ( -0.9889455952214719625, 1.300000000000000044, -1.717030110348640504 ) ) ;
#6433 =( LENGTH_UNIT ( ) NAMED_UNIT ( * ) SI_UNIT ( .MILLI., .METRE. ) );
#6434 = DIRECTION ( 'NONE',  ( -8.944201385487094213E-15, 0.0000000000000000000, -1.000000000000000000 ) ) ;
#6435 = ADVANCED_FACE ( 'NONE', ( #381 ), #2211, .F. ) ;
#6436 = CARTESIAN_POINT ( 'NONE',  ( 0.7383220947436867077, 1.310000000000000053, -1.889549482140070902 ) ) ;
#6437 = SURFACE_STYLE_USAGE ( .BOTH. , #2741 ) ;
#6438 = ORIENTED_EDGE ( 'NONE', *, *, #7225, .T. ) ;
#6439 = FILL_AREA_STYLE_COLOUR ( '', #5168 ) ;
#6440 = ORIENTED_EDGE ( 'NONE', *, *, #8329, .T. ) ;
#6441 = ORIENTED_EDGE ( 'NONE', *, *, #11548, .T. ) ;
#6442 = FILL_AREA_STYLE ('',( #3779 ) ) ;
#6443 = DIRECTION ( 'NONE',  ( -0.0000000000000000000, -1.000000000000000000, -0.0000000000000000000 ) ) ;
#6444 = ORIENTED_EDGE ( 'NONE', *, *, #9407, .T. ) ;
#6445 = UNCERTAINTY_MEASURE_WITH_UNIT (LENGTH_MEASURE( 1.000000000000000082E-05 ), #2831, 'distance_accuracy_value', 'NONE');
#6446 = FACE_OUTER_BOUND ( 'NONE', #3726, .T. ) ;
#6447 = FACE_OUTER_BOUND ( 'NONE', #4704, .T. ) ;
#6448 = CARTESIAN_POINT ( 'NONE',  ( -0.2744759430247430965, 1.300000000000000044, -1.549109206863514832 ) ) ;
#6449 =( NAMED_UNIT ( * ) SI_UNIT ( $, .STERADIAN. ) SOLID_ANGLE_UNIT ( ) );
#6450 =( LENGTH_UNIT ( ) NAMED_UNIT ( * ) SI_UNIT ( .MILLI., .METRE. ) );
#6451 = DIRECTION ( 'NONE',  ( 6.353357572162296932E-15, -0.0000000000000000000, 1.000000000000000000 ) ) ;
#6452 = ORIENTED_EDGE ( 'NONE', *, *, #9636, .F. ) ;
#6453 = SURFACE_STYLE_USAGE ( .BOTH. , #11091 ) ;
#6454 = CARTESIAN_POINT ( 'NONE',  ( 0.9060565982561902265, 1.300000000000000044, -1.877981485487228541 ) ) ;
#6455 =( NAMED_UNIT ( * ) SI_UNIT ( $, .STERADIAN. ) SOLID_ANGLE_UNIT ( ) );
#6456 = COLOUR_RGB ( '',1.000000000000000000, 1.000000000000000000, 1.000000000000000000 ) ;
#6457 =( LENGTH_UNIT ( ) NAMED_UNIT ( * ) SI_UNIT ( .MILLI., .METRE. ) );
#6458 = FACE_OUTER_BOUND ( 'NONE', #7445, .T. ) ;
#6459 = ORIENTED_EDGE ( 'NONE', *, *, #9754, .T. ) ;
#6460 = FILL_AREA_STYLE ('',( #11796 ) ) ;
#6461 = LINE ( 'NONE', #8420, #742 ) ;
#6462 = B_SPLINE_SURFACE_WITH_KNOTS ( 'NONE', 3, 1, ( 
 ( #3539, #8579 ),
 ( #7555, #6636 ),
 ( #3787, #10341 ),
 ( #9416, #11250 ) ),
 .UNSPECIFIED., .F., .F., .F.,
 ( 4, 4 ),
 ( 2, 2 ),
 ( 0.0000000000000000000, 1.000000000000000000 ),
 ( 0.0000000000000000000, 1.000000000000000000 ),
 .UNSPECIFIED. ) ;
#6463 = CARTESIAN_POINT ( 'NONE',  ( 0.3783001218938392696, -2.270502405292103010, 0.6549522224670019099 ) ) ;
#6464 = VERTEX_POINT ( 'NONE', #258 ) ;
#6465 = CARTESIAN_POINT ( 'NONE',  ( -0.3635831964527602711, 1.310000000000000053, -1.843152745598332087 ) ) ;
#6466 = EDGE_CURVE ( 'NONE', #2744, #7718, #5487, .T. ) ;
#6467 = CARTESIAN_POINT ( 'NONE',  ( -0.5774613998394053649, 1.300000000000000044, -1.363096515634291350 ) ) ;
#6468 = CARTESIAN_POINT ( 'NONE',  ( -0.1711759940385402246, 1.300000000000000044, -1.360705072426718010 ) ) ;
#6469 =( NAMED_UNIT ( * ) SI_UNIT ( $, .STERADIAN. ) SOLID_ANGLE_UNIT ( ) );
#6470 =( LENGTH_UNIT ( ) NAMED_UNIT ( * ) SI_UNIT ( .MILLI., .METRE. ) );
#6471 = ORIENTED_EDGE ( 'NONE', *, *, #10561, .F. ) ;
#6472 =( NAMED_UNIT ( * ) PLANE_ANGLE_UNIT ( ) SI_UNIT ( $, .RADIAN. ) );
#6473 = UNCERTAINTY_MEASURE_WITH_UNIT (LENGTH_MEASURE( 1.000000000000000082E-05 ), #10863, 'distance_accuracy_value', 'NONE');
#6474 = EDGE_CURVE ( 'NONE', #5248, #4366, #3135, .T. ) ;
#6475 = FACE_OUTER_BOUND ( 'NONE', #11180, .T. ) ;
#6476 = LINE ( 'NONE', #7403, #5663 ) ;
#6477 = STYLED_ITEM ( 'NONE', ( #4158 ), #4967 ) ;
#6478 = CARTESIAN_POINT ( 'NONE',  ( -0.5961250544382042937, 1.310000000000000053, -1.700186032104094691 ) ) ;
#6479 = DIRECTION ( 'NONE',  ( -1.000000000000000000, -0.0000000000000000000, -0.0000000000000000000 ) ) ;
#6480 = ADVANCED_FACE ( 'NONE', ( #3985 ), #10410, .T. ) ;
#6481 = CARTESIAN_POINT ( 'NONE',  ( -0.1711240061427868886, 1.310000000000000053, -1.396992623706414305 ) ) ;
#6482 = ORIENTED_EDGE ( 'NONE', *, *, #10114, .T. ) ;
#6483 = VERTEX_POINT ( 'NONE', #7869 ) ;
#6484 = DIRECTION ( 'NONE',  ( 0.0000000000000000000, -0.0000000000000000000, -1.000000000000000000 ) ) ;
#6485 = EDGE_CURVE ( 'NONE', #4918, #8831, #10825, .T. ) ;
#6486 = EDGE_CURVE ( 'NONE', #10145, #4086, #3236, .T. ) ;
#6487 = B_SPLINE_SURFACE_WITH_KNOTS ( 'NONE', 3, 1, ( 
 ( #4568, #11345 ),
 ( #5716, #4885 ),
 ( #222, #11473 ),
 ( #4935, #6617 ) ),
 .UNSPECIFIED., .F., .F., .F.,
 ( 4, 4 ),
 ( 2, 2 ),
 ( 1.000000000000000000, 2.000000000000000000 ),
 ( 0.0000000000000000000, 1.000000000000000000 ),
 .UNSPECIFIED. ) ;
#6488 = CARTESIAN_POINT ( 'NONE',  ( -0.1222033961796832463, 1.310000000000000053, -1.426937651696874587 ) ) ;
#6489 =( NAMED_UNIT ( * ) PLANE_ANGLE_UNIT ( ) SI_UNIT ( $, .RADIAN. ) );
#6490 = STYLED_ITEM ( 'NONE', ( #11045 ), #4267 ) ;
#6491 = CARTESIAN_POINT ( 'NONE',  ( -0.4082407989589756370, 1.310000000000000053, -1.946504682480286963 ) ) ;
#6492 = SURFACE_STYLE_FILL_AREA ( #4010 ) ;
#6493 = DIRECTION ( 'NONE',  ( 6.662906143883821708E-15, -0.0000000000000000000, 1.000000000000000000 ) ) ;
#6494 = ADVANCED_FACE ( 'NONE', ( #1401 ), #6090, .F. ) ;
#6495 = CARTESIAN_POINT ( 'NONE',  ( 0.7137403018118723130, 1.300000000000000044, -1.863521668941986453 ) ) ;
#6496 = VERTEX_POINT ( 'NONE', #9838 ) ;
#6497 = VECTOR ( 'NONE', #11833, 1000.000000000000000 ) ;
#6498 = ORIENTED_EDGE ( 'NONE', *, *, #10290, .F. ) ;
#6499 = EDGE_LOOP ( 'NONE', ( #9295, #6772, #9342, #11018 ) ) ;
#6500 = CARTESIAN_POINT ( 'NONE',  ( 0.4722604332932418547, 1.310000000000000053, -1.836047890636272051 ) ) ;
#6501 = CARTESIAN_POINT ( 'NONE',  ( -0.5698711670506276805, 1.310000000000000053, -1.880168127418619495 ) ) ;
#6502 = ORIENTED_EDGE ( 'NONE', *, *, #9307, .T. ) ;
#6503 = FACE_OUTER_BOUND ( 'NONE', #4996, .T. ) ;
#6504 = EDGE_CURVE ( 'NONE', #11911, #6679, #11775, .T. ) ;
#6505 = PRESENTATION_LAYER_ASSIGNMENT (  '', '', ( #10763 ) ) ;
#6506 = CARTESIAN_POINT ( 'NONE',  ( -0.3206411945092867422, 1.310000000000000053, -1.761219821793045925 ) ) ;
#6507 = CARTESIAN_POINT ( 'NONE',  ( 1.020000000000000018, 0.2000000000000000111, -7.249999999999999112 ) ) ;
#6508 =( NAMED_UNIT ( * ) SI_UNIT ( $, .STERADIAN. ) SOLID_ANGLE_UNIT ( ) );
#6509 = CARTESIAN_POINT ( 'NONE',  ( -0.9857743335775431825, 1.310000000000000053, -1.702785426896082033 ) ) ;
#6510 = FILL_AREA_STYLE_COLOUR ( '', #7510 ) ;
#6511 = ORIENTED_EDGE ( 'NONE', *, *, #6209, .T. ) ;
#6512 = LINE ( 'NONE', #298, #4713 ) ;
#6513 = SURFACE_STYLE_USAGE ( .BOTH. , #984 ) ;
#6514 = LINE ( 'NONE', #11803, #11960 ) ;
#6515 = CARTESIAN_POINT ( 'NONE',  ( 0.9103945211556115913, 1.310000000000000053, -1.416711638750715485 ) ) ;
#6516 = PLANE ( 'NONE',  #2473 ) ;
#6517 = ORIENTED_EDGE ( 'NONE', *, *, #10931, .F. ) ;
#6518 = FACE_OUTER_BOUND ( 'NONE', #10277, .T. ) ;
#6519 = CARTESIAN_POINT ( 'NONE',  ( -0.9830709629954320627, 1.300000000000000044, -1.713702885017445388 ) ) ;
#6520 =( GEOMETRIC_REPRESENTATION_CONTEXT ( 3 ) GLOBAL_UNCERTAINTY_ASSIGNED_CONTEXT ( ( #11182 ) ) GLOBAL_UNIT_ASSIGNED_CONTEXT ( ( #8233, #11956, #807 ) ) REPRESENTATION_CONTEXT ( 'NONE', 'WORKASPACE' ) );
#6521 = CARTESIAN_POINT ( 'NONE',  ( 0.4187589521102141887, 1.310000000000000053, -1.792668275519048171 ) ) ;
#6522 = CARTESIAN_POINT ( 'NONE',  ( 0.1599272265137985372, 1.310000000000000053, -1.678435266980274898 ) ) ;
#6523 = FILL_AREA_STYLE ('',( #1738 ) ) ;
#6524 = VERTEX_POINT ( 'NONE', #4388 ) ;
#6525 = CARTESIAN_POINT ( 'NONE',  ( 0.8482170700629673155, 1.310000000000000053, -1.416711638750715041 ) ) ;
#6526 =( LENGTH_UNIT ( ) NAMED_UNIT ( * ) SI_UNIT ( .MILLI., .METRE. ) );
#6527 = VECTOR ( 'NONE', #3063, 1000.000000000000000 ) ;
#6528 = B_SPLINE_CURVE_WITH_KNOTS ( 'NONE', 3,
 ( #8432, #7404, #7461, #11215 ),
 .UNSPECIFIED., .F., .F.,
 ( 4, 4 ),
 ( 3.000000000000000000, 4.000000000000000000 ),
 .UNSPECIFIED. ) ;
#6529 = FACE_BOUND ( 'NONE', #7409, .T. ) ;
#6530 = ORIENTED_EDGE ( 'NONE', *, *, #7995, .T. ) ;
#6531 = ORIENTED_EDGE ( 'NONE', *, *, #7284, .T. ) ;
#6532 = CARTESIAN_POINT ( 'NONE',  ( -0.7734557670649858663, 1.310000000000000053, -1.856981525884830120 ) ) ;
#6533 = CARTESIAN_POINT ( 'NONE',  ( -0.1222033961796832463, 1.310000000000000053, -1.426937651696874587 ) ) ;
#6534 = B_SPLINE_CURVE_WITH_KNOTS ( 'NONE', 3,
 ( #10217, #983, #9422, #8410 ),
 .UNSPECIFIED., .F., .F.,
 ( 4, 4 ),
 ( 12.00000000000000000, 13.00000000000000000 ),
 .UNSPECIFIED. ) ;
#6535 = LINE ( 'NONE', #8391, #6782 ) ;
#6536 = UNCERTAINTY_MEASURE_WITH_UNIT (LENGTH_MEASURE( 1.000000000000000082E-05 ), #3306, 'distance_accuracy_value', 'NONE');
#6537 = STYLED_ITEM ( 'NONE', ( #10517 ), #11122 ) ;
#6538 =( LENGTH_UNIT ( ) NAMED_UNIT ( * ) SI_UNIT ( .MILLI., .METRE. ) );
#6539 = SURFACE_STYLE_FILL_AREA ( #2843 ) ;
#6540 = EDGE_CURVE ( 'NONE', #1069, #10057, #10401, .T. ) ;
#6541 = CARTESIAN_POINT ( 'NONE',  ( 0.0000000000000000000, 0.0000000000000000000, -7.249999999999999112 ) ) ;
#6542 =( GEOMETRIC_REPRESENTATION_CONTEXT ( 3 ) GLOBAL_UNCERTAINTY_ASSIGNED_CONTEXT ( ( #10246 ) ) GLOBAL_UNIT_ASSIGNED_CONTEXT ( ( #10776, #1659, #4350 ) ) REPRESENTATION_CONTEXT ( 'NONE', 'WORKASPACE' ) );
#6543 =( GEOMETRIC_REPRESENTATION_CONTEXT ( 3 ) GLOBAL_UNCERTAINTY_ASSIGNED_CONTEXT ( ( #5926 ) ) GLOBAL_UNIT_ASSIGNED_CONTEXT ( ( #4912, #2548, #8092 ) ) REPRESENTATION_CONTEXT ( 'NONE', 'WORKASPACE' ) );
#6544 = DIRECTION ( 'NONE',  ( 0.3559357243643003210, -0.0000000000000000000, -0.9345104387438702975 ) ) ;
#6545 =( NAMED_UNIT ( * ) SI_UNIT ( $, .STERADIAN. ) SOLID_ANGLE_UNIT ( ) );
#6546 = PLANE ( 'NONE',  #705 ) ;
#6547 = EDGE_LOOP ( 'NONE', ( #8459, #8340, #6735, #2988 ) ) ;
#6548 = MECHANICAL_DESIGN_GEOMETRIC_PRESENTATION_REPRESENTATION (  '', ( #5031 ), #1309 ) ;
#6549 = EDGE_LOOP ( 'NONE', ( #10449, #2284, #8305, #3801 ) ) ;
#6550 = ORIENTED_EDGE ( 'NONE', *, *, #6354, .F. ) ;
#6551 = SURFACE_STYLE_FILL_AREA ( #6442 ) ;
#6552 = LINE ( 'NONE', #9356, #11155 ) ;
#6553 = VERTEX_POINT ( 'NONE', #6274 ) ;
#6554 = LINE ( 'NONE', #903, #8695 ) ;
#6555 = UNCERTAINTY_MEASURE_WITH_UNIT (LENGTH_MEASURE( 1.000000000000000082E-05 ), #8765, 'distance_accuracy_value', 'NONE');
#6556 = VECTOR ( 'NONE', #1201, 1000.000000000000000 ) ;
#6557 = SURFACE_STYLE_USAGE ( .BOTH. , #11303 ) ;
#6558 = MECHANICAL_DESIGN_GEOMETRIC_PRESENTATION_REPRESENTATION (  '', ( #4063 ), #11968 ) ;
#6559 =( NAMED_UNIT ( * ) PLANE_ANGLE_UNIT ( ) SI_UNIT ( $, .RADIAN. ) );
#6560 = MECHANICAL_DESIGN_GEOMETRIC_PRESENTATION_REPRESENTATION (  '', ( #1705 ), #6958 ) ;
#6561 = CARTESIAN_POINT ( 'NONE',  ( -0.9851504788270762925, 1.310000000000000053, -1.702785426896082033 ) ) ;
#6562 = FILL_AREA_STYLE_COLOUR ( '', #11904 ) ;
#6563 = PRESENTATION_LAYER_ASSIGNMENT (  '', '', ( #3074 ) ) ;
#6564 = EDGE_CURVE ( 'NONE', #5178, #10388, #6041, .T. ) ;
#6565 = CARTESIAN_POINT ( 'NONE',  ( 9.182560094322733571E-17, -2.299999999999999822, 0.7500000000000001110 ) ) ;
#6566 = STYLED_ITEM ( 'NONE', ( #9255 ), #11877 ) ;
#6567 = MECHANICAL_DESIGN_GEOMETRIC_PRESENTATION_REPRESENTATION (  '', ( #11786 ), #6369 ) ;
#6568 = DIRECTION ( 'NONE',  ( 1.000000000000000000, 0.0000000000000000000, -7.929618338613993440E-15 ) ) ;
#6569 = EDGE_CURVE ( 'NONE', #4204, #586, #3409, .T. ) ;
#6570 =( GEOMETRIC_REPRESENTATION_CONTEXT ( 3 ) GLOBAL_UNCERTAINTY_ASSIGNED_CONTEXT ( ( #4542 ) ) GLOBAL_UNIT_ASSIGNED_CONTEXT ( ( #6670, #2734, #4881 ) ) REPRESENTATION_CONTEXT ( 'NONE', 'WORKASPACE' ) );
#6571 = ORIENTED_EDGE ( 'NONE', *, *, #1719, .F. ) ;
#6572 = PLANE ( 'NONE',  #5323 ) ;
#6573 = COLOUR_RGB ( '',0.2509803921568627416, 0.2509803921568627416, 0.2509803921568627416 ) ;
#6574 =( NAMED_UNIT ( * ) SI_UNIT ( $, .STERADIAN. ) SOLID_ANGLE_UNIT ( ) );
#6575 = CARTESIAN_POINT ( 'NONE',  ( 0.2495784421214472248, 1.310000000000000053, -1.679881287246549615 ) ) ;
#6576 = CARTESIAN_POINT ( 'NONE',  ( -0.5786571214431913690, 1.300000000000000044, -1.396680696331872085 ) ) ;
#6577 = CARTESIAN_POINT ( 'NONE',  ( -0.1611943180414919241, 1.300000000000000044, -1.879752224252569270 ) ) ;
#6578 = COLOUR_RGB ( '',1.000000000000000000, 1.000000000000000000, 1.000000000000000000 ) ;
#6579 = LINE ( 'NONE', #10291, #4030 ) ;
#6580 = PLANE ( 'NONE',  #10739 ) ;
#6581 = EDGE_CURVE ( 'NONE', #4106, #3774, #436, .T. ) ;
#6582 = STYLED_ITEM ( 'NONE', ( #2053 ), #4087 ) ;
#6583 = DIRECTION ( 'NONE',  ( 7.474873201226374336E-15, -0.0000000000000000000, 1.000000000000000000 ) ) ;
#6584 = PRESENTATION_LAYER_ASSIGNMENT (  '', '', ( #4094 ) ) ;
#6585 = EDGE_CURVE ( 'NONE', #8915, #4065, #9725, .T. ) ;
#6586 = VECTOR ( 'NONE', #3170, 1000.000000000000000 ) ;
#6587 = CARTESIAN_POINT ( 'NONE',  ( -0.7173088395840806486, 1.310000000000000053, -1.354154597554450667 ) ) ;
#6588 = ORIENTED_EDGE ( 'NONE', *, *, #404, .F. ) ;
#6589 = LINE ( 'NONE', #10034, #954 ) ;
#6590 = EDGE_CURVE ( 'NONE', #11705, #10204, #553, .T. ) ;
#6591 =( GEOMETRIC_REPRESENTATION_CONTEXT ( 3 ) GLOBAL_UNCERTAINTY_ASSIGNED_CONTEXT ( ( #2054 ) ) GLOBAL_UNIT_ASSIGNED_CONTEXT ( ( #10300, #5562, #10170 ) ) REPRESENTATION_CONTEXT ( 'NONE', 'WORKASPACE' ) );
#6593 = FILL_AREA_STYLE_COLOUR ( '', #2658 ) ;
#6592 = VECTOR ( 'NONE', #6048, 1000.000000000000000 ) ;
#6594 = ORIENTED_EDGE ( 'NONE', *, *, #4036, .F. ) ;
#6595 = LINE ( 'NONE', #3804, #11047 ) ;
#6596 = LINE ( 'NONE', #1056, #3070 ) ;
#6597 = FACE_OUTER_BOUND ( 'NONE', #9529, .T. ) ;
#6598 = STYLED_ITEM ( 'NONE', ( #11634 ), #10730 ) ;
#6599 = SURFACE_STYLE_USAGE ( .BOTH. , #5568 ) ;
#6600 = VECTOR ( 'NONE', #2556, 1000.000000000000000 ) ;
#6601 = CARTESIAN_POINT ( 'NONE',  ( 0.0000000000000000000, 0.0000000000000000000, 2.250000000000000000 ) ) ;
#6602 =( NAMED_UNIT ( * ) PLANE_ANGLE_UNIT ( ) SI_UNIT ( $, .RADIAN. ) );
#6603 = ORIENTED_EDGE ( 'NONE', *, *, #6354, .T. ) ;
#6604 = DIRECTION ( 'NONE',  ( -0.0000000000000000000, -1.000000000000000000, -0.0000000000000000000 ) ) ;
#6605 =( GEOMETRIC_REPRESENTATION_CONTEXT ( 3 ) GLOBAL_UNCERTAINTY_ASSIGNED_CONTEXT ( ( #11943 ) ) GLOBAL_UNIT_ASSIGNED_CONTEXT ( ( #6173, #9797, #1369 ) ) REPRESENTATION_CONTEXT ( 'NONE', 'WORKASPACE' ) );
#6606 = PRESENTATION_LAYER_ASSIGNMENT (  '', '', ( #10999 ) ) ;
#6607 = FILL_AREA_STYLE ('',( #9383 ) ) ;
#6608 = SURFACE_SIDE_STYLE ('',( #4873 ) ) ;
#6609 = LINE ( 'NONE', #3704, #7336 ) ;
#6610 = FACE_BOUND ( 'NONE', #1070, .T. ) ;
#6611 = ORIENTED_EDGE ( 'NONE', *, *, #2032, .T. ) ;
#6612 = VERTEX_POINT ( 'NONE', #8820 ) ;
#6613 = LINE ( 'NONE', #6724, #3274 ) ;
#6614 =( NAMED_UNIT ( * ) SI_UNIT ( $, .STERADIAN. ) SOLID_ANGLE_UNIT ( ) );
#6615 = SURFACE_SIDE_STYLE ('',( #3824 ) ) ;
#6616 = COLOUR_RGB ( '',1.000000000000000000, 1.000000000000000000, 1.000000000000000000 ) ;
#6617 = CARTESIAN_POINT ( 'NONE',  ( -0.1662371439361186309, 1.300000000000000044, -1.839201665516672968 ) ) ;
#6618 = PLANE ( 'NONE',  #11990 ) ;
#6619 = SURFACE_STYLE_USAGE ( .BOTH. , #3026 ) ;
#6620 = SURFACE_STYLE_FILL_AREA ( #11292 ) ;
#6621 =( GEOMETRIC_REPRESENTATION_CONTEXT ( 3 ) GLOBAL_UNCERTAINTY_ASSIGNED_CONTEXT ( ( #2396 ) ) GLOBAL_UNIT_ASSIGNED_CONTEXT ( ( #8017, #5110, #7893 ) ) REPRESENTATION_CONTEXT ( 'NONE', 'WORKASPACE' ) );
#6622 = DIRECTION ( 'NONE',  ( 0.0000000000000000000, 0.0000000000000000000, 1.000000000000000000 ) ) ;
#6623 = ORIENTED_EDGE ( 'NONE', *, *, #9019, .F. ) ;
#6624 = CARTESIAN_POINT ( 'NONE',  ( -0.7988778481190772496, 1.300000000000000044, -1.700186032104093581 ) ) ;
#6625 = ORIENTED_EDGE ( 'NONE', *, *, #7766, .F. ) ;
#6626 = ORIENTED_EDGE ( 'NONE', *, *, #3575, .F. ) ;
#6627 = CARTESIAN_POINT ( 'NONE',  ( -1.897366596101027536, 1.300000000000000044, 2.250000000000000000 ) ) ;
#6628 = FILL_AREA_STYLE_COLOUR ( '', #2812 ) ;
#6629 = EDGE_LOOP ( 'NONE', ( #2743, #6204, #7013, #608, #9443, #10345 ) ) ;
#6630 = CARTESIAN_POINT ( 'NONE',  ( 0.9913697944336661294, 1.300000000000000044, -1.568540208920252255 ) ) ;
#6631 = MECHANICAL_DESIGN_GEOMETRIC_PRESENTATION_REPRESENTATION (  '', ( #3522 ), #4372 ) ;
#6632 = CARTESIAN_POINT ( 'NONE',  ( -0.3257879961947383607, 1.310000000000000053, -1.757684644877441027 ) ) ;
#6633 = DIRECTION ( 'NONE',  ( -0.0000000000000000000, -1.000000000000000000, -0.0000000000000000000 ) ) ;
#6634 = FILL_AREA_STYLE ('',( #3843 ) ) ;
#6635 = EDGE_CURVE ( 'NONE', #942, #8001, #11660, .T. ) ;
#6636 = CARTESIAN_POINT ( 'NONE',  ( 0.3189857601166845025, 1.300000000000000044, -1.445631382162657852 ) ) ;
#6637 =( NAMED_UNIT ( * ) SI_UNIT ( $, .STERADIAN. ) SOLID_ANGLE_UNIT ( ) );
#6638 = PRESENTATION_STYLE_ASSIGNMENT (( #7492 ) ) ;
#6639 = VERTEX_POINT ( 'NONE', #5262 ) ;
#6640 = FACE_OUTER_BOUND ( 'NONE', #2488, .T. ) ;
#6641 = DIRECTION ( 'NONE',  ( -0.3897582650654532466, 0.0000000000000000000, 0.9209172030172787515 ) ) ;
#6642 = LINE ( 'NONE', #11368, #2851 ) ;
#6643 = ORIENTED_EDGE ( 'NONE', *, *, #2344, .F. ) ;
#6644 = CARTESIAN_POINT ( 'NONE',  ( -0.2219681682502721298, 1.310000000000000053, -1.537567893993073476 ) ) ;
#6645 = ADVANCED_FACE ( 'NONE', ( #609 ), #4336, .F. ) ;
#6646 = CARTESIAN_POINT ( 'NONE',  ( -0.7734557670649857553, 1.300000000000000044, -1.856981525884830342 ) ) ;
#6647 = CARTESIAN_POINT ( 'NONE',  ( -0.3897331080481357679, 1.310000000000000053, -1.831091553768939173 ) ) ;
#6648 = EDGE_CURVE ( 'NONE', #10937, #7790, #1907, .T. ) ;
#6649 = DIRECTION ( 'NONE',  ( -0.0000000000000000000, -1.000000000000000000, -0.0000000000000000000 ) ) ;
#6650 = EDGE_CURVE ( 'NONE', #7699, #10326, #6328, .T. ) ;
#6651 = CARTESIAN_POINT ( 'NONE',  ( -0.6884035695101458074, 1.310000000000000053, -1.501904197462452961 ) ) ;
#6652 = ORIENTED_EDGE ( 'NONE', *, *, #9437, .T. ) ;
#6653 = PRESENTATION_STYLE_ASSIGNMENT (( #7576 ) ) ;
#6654 = ORIENTED_EDGE ( 'NONE', *, *, #4871, .T. ) ;
#6655 = UNCERTAINTY_MEASURE_WITH_UNIT (LENGTH_MEASURE( 1.000000000000000082E-05 ), #2306, 'distance_accuracy_value', 'NONE');
#6656 =( LENGTH_UNIT ( ) NAMED_UNIT ( * ) SI_UNIT ( .MILLI., .METRE. ) );
#6657 = ORIENTED_EDGE ( 'NONE', *, *, #8640, .F. ) ;
#6658 =( NAMED_UNIT ( * ) PLANE_ANGLE_UNIT ( ) SI_UNIT ( $, .RADIAN. ) );
#6659 = DIRECTION ( 'NONE',  ( 0.0000000000000000000, 0.0000000000000000000, 1.000000000000000000 ) ) ;
#6660 = SURFACE_STYLE_FILL_AREA ( #9200 ) ;
#6661 = EDGE_CURVE ( 'NONE', #9232, #4942, #294, .T. ) ;
#6662 = DIRECTION ( 'NONE',  ( -1.000000000000000000, 0.0000000000000000000, 0.0000000000000000000 ) ) ;
#6663 = CARTESIAN_POINT ( 'NONE',  ( 0.4216508823233783843, 1.310000000000000053, -1.710246968184711669 ) ) ;
#6664 = VERTEX_POINT ( 'NONE', #10094 ) ;
#6665 = LINE ( 'NONE', #8484, #1133 ) ;
#6666 = DIRECTION ( 'NONE',  ( 0.0000000000000000000, 0.0000000000000000000, -1.000000000000000000 ) ) ;
#6667 = VERTEX_POINT ( 'NONE', #10213 ) ;
#6668 = LINE ( 'NONE', #1130, #9130 ) ;
#6669 = SURFACE_STYLE_FILL_AREA ( #6002 ) ;
#6670 =( LENGTH_UNIT ( ) NAMED_UNIT ( * ) SI_UNIT ( .MILLI., .METRE. ) );
#6671 = UNCERTAINTY_MEASURE_WITH_UNIT (LENGTH_MEASURE( 1.000000000000000082E-05 ), #706, 'distance_accuracy_value', 'NONE');
#6672 = PLANE ( 'NONE',  #569 ) ;
#6673 = SURFACE_SIDE_STYLE ('',( #10322 ) ) ;
#6674 = MECHANICAL_DESIGN_GEOMETRIC_PRESENTATION_REPRESENTATION (  '', ( #6477 ), #1825 ) ;
#6675 = DIRECTION ( 'NONE',  ( -1.000000000000000000, -0.0000000000000000000, 7.681361410846067112E-15 ) ) ;
#6676 = ORIENTED_EDGE ( 'NONE', *, *, #8971, .F. ) ;
#6677 = CARTESIAN_POINT ( 'NONE',  ( 0.3739333167267185898, 1.310000000000000053, -1.567094298974051503 ) ) ;
#6678 = ORIENTED_EDGE ( 'NONE', *, *, #8465, .F. ) ;
#6679 = VERTEX_POINT ( 'NONE', #1888 ) ;
#6680 = CARTESIAN_POINT ( 'NONE',  ( -0.1497569809625639847, 1.310000000000000053, -1.458130389185492204 ) ) ;
#6681 = EDGE_CURVE ( 'NONE', #10746, #3138, #2467, .T. ) ;
#6682 = B_SPLINE_CURVE_WITH_KNOTS ( 'NONE', 3,
 ( #11673, #571, #10844, #6414 ),
 .UNSPECIFIED., .F., .F.,
 ( 4, 4 ),
 ( 11.00000000000000000, 12.00000000000000000 ),
 .UNSPECIFIED. ) ;
#6683 = CARTESIAN_POINT ( 'NONE',  ( -0.1736194251418753109, 1.310000000000000053, -1.856149719552735666 ) ) ;
#6684 = ORIENTED_EDGE ( 'NONE', *, *, #5108, .T. ) ;
#6685 = CARTESIAN_POINT ( 'NONE',  ( -0.6792536998472828991, 1.300000000000000044, -1.880168127418618607 ) ) ;
#6686 = CARTESIAN_POINT ( 'NONE',  ( -0.3257879961947383607, 1.300000000000000044, -1.757684644877441027 ) ) ;
#6687 = CARTESIAN_POINT ( 'NONE',  ( -0.3483507429787453535, 1.310000000000000053, -1.731586721177126087 ) ) ;
#6688 = SURFACE_STYLE_FILL_AREA ( #7677 ) ;
#6689 = FACE_OUTER_BOUND ( 'NONE', #5297, .T. ) ;
#6690 = CARTESIAN_POINT ( 'NONE',  ( -0.4127637458946532556, 1.300000000000000044, -1.947856367771343633 ) ) ;
#6691 = VECTOR ( 'NONE', #3725, 1000.000000000000000 ) ;
#6692 = FILL_AREA_STYLE_COLOUR ( '', #8370 ) ;
#6693 = CARTESIAN_POINT ( 'NONE',  ( -0.6688561206834809925, 1.310000000000000053, -1.557531245985785739 ) ) ;
#6694 = EDGE_LOOP ( 'NONE', ( #4490, #6933 ) ) ;
#6695 =( NAMED_UNIT ( * ) SI_UNIT ( $, .STERADIAN. ) SOLID_ANGLE_UNIT ( ) );
#6696 = FILL_AREA_STYLE ('',( #6754 ) ) ;
#6697 = CARTESIAN_POINT ( 'NONE',  ( -0.2316379168720967274, 1.300000000000000044, -1.880168127418621715 ) ) ;
#6698 = ORIENTED_EDGE ( 'NONE', *, *, #8486, .F. ) ;
#6699 = CARTESIAN_POINT ( 'NONE',  ( -0.4245649982445673931, 1.310000000000000053, -1.557531245985787294 ) ) ;
#6700 =( LENGTH_UNIT ( ) NAMED_UNIT ( * ) SI_UNIT ( .MILLI., .METRE. ) );
#6701 = CARTESIAN_POINT ( 'NONE',  ( 0.9913697944336653523, 1.310000000000000053, -1.707354982812206545 ) ) ;
#6702 = B_SPLINE_CURVE_WITH_KNOTS ( 'NONE', 3,
 ( #10525, #11493, #370, #9650 ),
 .UNSPECIFIED., .F., .F.,
 ( 4, 4 ),
 ( 5.000000000000000000, 6.000000000000000000 ),
 .UNSPECIFIED. ) ;
#6703 = DIRECTION ( 'NONE',  ( 1.000000000000000000, 0.0000000000000000000, -7.474873201226374336E-15 ) ) ;
#6704 = ORIENTED_EDGE ( 'NONE', *, *, #3221, .T. ) ;
#6705 = EDGE_CURVE ( 'NONE', #260, #2037, #978, .T. ) ;
#6706 = CARTESIAN_POINT ( 'NONE',  ( -0.7283822613927150025, 1.310000000000000053, -1.391066003583226740 ) ) ;
#6707 = ADVANCED_FACE ( 'NONE', ( #10018, #1700 ), #3735, .F. ) ;
#6708 = FACE_OUTER_BOUND ( 'NONE', #2601, .T. ) ;
#6709 = ORIENTED_EDGE ( 'NONE', *, *, #9244, .F. ) ;
#6710 = ORIENTED_EDGE ( 'NONE', *, *, #7256, .T. ) ;
#6711 = DIRECTION ( 'NONE',  ( 0.0000000000000000000, 0.0000000000000000000, 1.000000000000000000 ) ) ;
#6712 = DIRECTION ( 'NONE',  ( -1.000000000000000000, 0.0000000000000000000, 0.0000000000000000000 ) ) ;
#6713 =( NAMED_UNIT ( * ) SI_UNIT ( $, .STERADIAN. ) SOLID_ANGLE_UNIT ( ) );
#6714 = VECTOR ( 'NONE', #10575, 1000.000000000000000 ) ;
#6715 = FACE_OUTER_BOUND ( 'NONE', #10695, .T. ) ;
#6716 = PRESENTATION_STYLE_ASSIGNMENT (( #9610 ) ) ;
#6717 = EDGE_CURVE ( 'NONE', #2791, #5512, #1094, .T. ) ;
#6718 = ORIENTED_EDGE ( 'NONE', *, *, #10117, .F. ) ;
#6719 = DIRECTION ( 'NONE',  ( 1.000000000000000000, 0.0000000000000000000, -7.681361410846068690E-15 ) ) ;
#6720 = CARTESIAN_POINT ( 'NONE',  ( 0.8482170700629673155, 1.310000000000000053, -1.416711638750715041 ) ) ;
#6721 = EDGE_CURVE ( 'NONE', #3233, #10129, #4776, .T. ) ;
#6722 = VERTEX_POINT ( 'NONE', #10465 ) ;
#6723 = ORIENTED_EDGE ( 'NONE', *, *, #10114, .F. ) ;
#6724 = CARTESIAN_POINT ( 'NONE',  ( -0.7439266422419614777, 1.300000000000000044, -1.700186032104093803 ) ) ;
#6725 =( GEOMETRIC_REPRESENTATION_CONTEXT ( 3 ) GLOBAL_UNCERTAINTY_ASSIGNED_CONTEXT ( ( #6445 ) ) GLOBAL_UNIT_ASSIGNED_CONTEXT ( ( #2831, #946, #9338 ) ) REPRESENTATION_CONTEXT ( 'NONE', 'WORKASPACE' ) );
#6726 =( NAMED_UNIT ( * ) SI_UNIT ( $, .STERADIAN. ) SOLID_ANGLE_UNIT ( ) );
#6727 = ADVANCED_FACE ( 'NONE', ( #8581 ), #11327, .F. ) ;
#6728 = EDGE_CURVE ( 'NONE', #12004, #5512, #9360, .T. ) ;
#6729 =( NAMED_UNIT ( * ) SI_UNIT ( $, .STERADIAN. ) SOLID_ANGLE_UNIT ( ) );
#6730 = SURFACE_STYLE_FILL_AREA ( #11875 ) ;
#6731 = SURFACE_STYLE_USAGE ( .BOTH. , #7602 ) ;
#6732 = MECHANICAL_DESIGN_GEOMETRIC_PRESENTATION_REPRESENTATION (  '', ( #11935 ), #1670 ) ;
#6733 = CARTESIAN_POINT ( 'NONE',  ( -0.2596074048210277319, 1.310000000000000053, -1.532992959160947022 ) ) ;
#6734 = ORIENTED_EDGE ( 'NONE', *, *, #9015, .F. ) ;
#6735 = ORIENTED_EDGE ( 'NONE', *, *, #5849, .F. ) ;
#6736 = ORIENTED_EDGE ( 'NONE', *, *, #3149, .F. ) ;
#6737 = DIRECTION ( 'NONE',  ( 0.3409177962187225353, -0.0000000000000000000, -0.9400931103999057292 ) ) ;
#6738 = MECHANICAL_DESIGN_GEOMETRIC_PRESENTATION_REPRESENTATION (  '', ( #2271 ), #7513 ) ;
#6739 = VECTOR ( 'NONE', #1681, 1000.000000000000000 ) ;
#6740 = ORIENTED_EDGE ( 'NONE', *, *, #8595, .T. ) ;
#6741 = SURFACE_STYLE_USAGE ( .BOTH. , #4095 ) ;
#6742 = VECTOR ( 'NONE', #7884, 1000.000000000000000 ) ;
#6743 = DIRECTION ( 'NONE',  ( -1.000000000000000000, -0.0000000000000000000, 7.929618338613993440E-15 ) ) ;
#6744 = VECTOR ( 'NONE', #501, 1000.000000000000000 ) ;
#6745 = PRESENTATION_STYLE_ASSIGNMENT (( #8515 ) ) ;
#6746 = LINE ( 'NONE', #3962, #10969 ) ;
#6747 = STYLED_ITEM ( 'NONE', ( #8602 ), #10877 ) ;
#6748 = DIRECTION ( 'NONE',  ( 0.0000000000000000000, 1.000000000000000000, 0.0000000000000000000 ) ) ;
#6749 = CARTESIAN_POINT ( 'NONE',  ( -0.3310387736723940377, 1.300000000000000044, -1.883599328542718609 ) ) ;
#6750 = AXIS2_PLACEMENT_3D ( 'NONE', #2337, #316, #9556 ) ;
#6751 = VERTEX_POINT ( 'NONE', #5736 ) ;
#6752 =( LENGTH_UNIT ( ) NAMED_UNIT ( * ) SI_UNIT ( .MILLI., .METRE. ) );
#6753 =( NAMED_UNIT ( * ) SI_UNIT ( $, .STERADIAN. ) SOLID_ANGLE_UNIT ( ) );
#6754 = FILL_AREA_STYLE_COLOUR ( '', #11590 ) ;
#6755 =( NAMED_UNIT ( * ) PLANE_ANGLE_UNIT ( ) SI_UNIT ( $, .RADIAN. ) );
#6756 = MECHANICAL_DESIGN_GEOMETRIC_PRESENTATION_REPRESENTATION (  '', ( #9066 ), #11206 ) ;
#6757 = VECTOR ( 'NONE', #11257, 1000.000000000000000 ) ;
#6758 = VERTEX_POINT ( 'NONE', #5909 ) ;
#6759 = LINE ( 'NONE', #10579, #10240 ) ;
#6760 = COLOUR_RGB ( '',1.000000000000000000, 1.000000000000000000, 1.000000000000000000 ) ;
#6761 = AXIS2_PLACEMENT_3D ( 'NONE', #122, #7446, #4789 ) ;
#6762 = LINE ( 'NONE', #9368, #7901 ) ;
#6763 = CARTESIAN_POINT ( 'NONE',  ( -0.7283822613927150025, 1.310000000000000053, -1.391066003583226740 ) ) ;
#6764 = VECTOR ( 'NONE', #3834, 1000.000000000000000 ) ;
#6765 = EDGE_CURVE ( 'NONE', #6886, #1935, #6840, .T. ) ;
#6766 = LINE ( 'NONE', #10294, #10363 ) ;
#6767 = LINE ( 'NONE', #196, #532 ) ;
#6768 = ORIENTED_EDGE ( 'NONE', *, *, #5479, .T. ) ;
#6769 =( GEOMETRIC_REPRESENTATION_CONTEXT ( 3 ) GLOBAL_UNCERTAINTY_ASSIGNED_CONTEXT ( ( #3557 ) ) GLOBAL_UNIT_ASSIGNED_CONTEXT ( ( #9581, #4261, #4096 ) ) REPRESENTATION_CONTEXT ( 'NONE', 'WORKASPACE' ) );
#6770 = COLOUR_RGB ( '',1.000000000000000000, 1.000000000000000000, 1.000000000000000000 ) ;
#6771 = CARTESIAN_POINT ( 'NONE',  ( -0.5961250544382047378, 1.300000000000000044, -1.765274877666222153 ) ) ;
#6772 = ORIENTED_EDGE ( 'NONE', *, *, #1275, .F. ) ;
#6773 = UNCERTAINTY_MEASURE_WITH_UNIT (LENGTH_MEASURE( 1.000000000000000082E-05 ), #3372, 'distance_accuracy_value', 'NONE');
#6774 = VECTOR ( 'NONE', #5135, 1000.000000000000000 ) ;
#6775 = MECHANICAL_DESIGN_GEOMETRIC_PRESENTATION_REPRESENTATION (  '', ( #8519 ), #7598 ) ;
#6776 = B_SPLINE_SURFACE_WITH_KNOTS ( 'NONE', 3, 1, ( 
 ( #5678, #4949 ),
 ( #4775, #6690 ),
 ( #241, #3967 ),
 ( #11362, #11430 ) ),
 .UNSPECIFIED., .F., .F., .F.,
 ( 4, 4 ),
 ( 2, 2 ),
 ( 2.000000000000000000, 3.000000000000000000 ),
 ( 0.0000000000000000000, 1.000000000000000000 ),
 .UNSPECIFIED. ) ;
#6777 = LINE ( 'NONE', #2036, #10608 ) ;
#6778 = ORIENTED_EDGE ( 'NONE', *, *, #4748, .T. ) ;
#6779 = DIRECTION ( 'NONE',  ( 6.662906143884110431E-15, -0.0000000000000000000, 1.000000000000000000 ) ) ;
#6780 = CARTESIAN_POINT ( 'NONE',  ( 0.3030799233044778607, 1.310000000000000053, -1.489010997278496173 ) ) ;
#6781 =( GEOMETRIC_REPRESENTATION_CONTEXT ( 3 ) GLOBAL_UNCERTAINTY_ASSIGNED_CONTEXT ( ( #2999 ) ) GLOBAL_UNIT_ASSIGNED_CONTEXT ( ( #10082, #4635, #11237 ) ) REPRESENTATION_CONTEXT ( 'NONE', 'WORKASPACE' ) );
#6782 = VECTOR ( 'NONE', #83, 1000.000000000000000 ) ;
#6783 = VECTOR ( 'NONE', #11469, 1000.000000000000000 ) ;
#6784 = STYLED_ITEM ( 'NONE', ( #5607 ), #11015 ) ;
#6785 = FILL_AREA_STYLE ('',( #7702 ) ) ;
#6786 = FILL_AREA_STYLE ('',( #11390 ) ) ;
#6787 = VERTEX_POINT ( 'NONE', #9585 ) ;
#6788 = FACE_OUTER_BOUND ( 'NONE', #5176, .T. ) ;
#6789 =( GEOMETRIC_REPRESENTATION_CONTEXT ( 3 ) GLOBAL_UNCERTAINTY_ASSIGNED_CONTEXT ( ( #2173 ) ) GLOBAL_UNIT_ASSIGNED_CONTEXT ( ( #157, #9288, #4700 ) ) REPRESENTATION_CONTEXT ( 'NONE', 'WORKASPACE' ) );
#6790 = AXIS2_PLACEMENT_3D ( 'NONE', #3912, #9533, #5731 ) ;
#6791 = DIRECTION ( 'NONE',  ( 1.000000000000000000, 0.0000000000000000000, 0.0000000000000000000 ) ) ;
#6792 = EDGE_LOOP ( 'NONE', ( #7362, #9053, #425, #3342 ) ) ;
#6793 = ORIENTED_EDGE ( 'NONE', *, *, #6307, .F. ) ;
#6794 = CARTESIAN_POINT ( 'NONE',  ( 0.4216508823233783843, 1.310000000000000053, -1.710246968184711669 ) ) ;
#6795 = CARTESIAN_POINT ( 'NONE',  ( -0.2316379168720967274, 1.310000000000000053, -1.880168127418621715 ) ) ;
#6796 = CARTESIAN_POINT ( 'NONE',  ( -0.4199380755173778290, 1.310000000000000053, -1.377549150671262934 ) ) ;
#6797 = UNCERTAINTY_MEASURE_WITH_UNIT (LENGTH_MEASURE( 1.000000000000000082E-05 ), #6450, 'distance_accuracy_value', 'NONE');
#6798 = COLOUR_RGB ( '',1.000000000000000000, 1.000000000000000000, 1.000000000000000000 ) ;
#6799 =( NAMED_UNIT ( * ) PLANE_ANGLE_UNIT ( ) SI_UNIT ( $, .RADIAN. ) );
#6800 = DIRECTION ( 'NONE',  ( -0.9306703226357500025, 0.0000000000000000000, 0.3658589216693627910 ) ) ;
#6801 = COLOUR_RGB ( '',1.000000000000000000, 1.000000000000000000, 1.000000000000000000 ) ;
#6802 =( NAMED_UNIT ( * ) PLANE_ANGLE_UNIT ( ) SI_UNIT ( $, .RADIAN. ) );
#6803 = SURFACE_SIDE_STYLE ('',( #3100 ) ) ;
#6804 = ORIENTED_EDGE ( 'NONE', *, *, #3927, .F. ) ;
#6805 = SURFACE_STYLE_USAGE ( .BOTH. , #38 ) ;
#6806 = VERTEX_POINT ( 'NONE', #9418 ) ;
#6807 = ORIENTED_EDGE ( 'NONE', *, *, #6346, .F. ) ;
#6808 = CARTESIAN_POINT ( 'NONE',  ( 1.520000000000000018, 0.2000000000000000111, -7.249999999999999112 ) ) ;
#6809 = FILL_AREA_STYLE ('',( #3109 ) ) ;
#6810 = CARTESIAN_POINT ( 'NONE',  ( -0.1483013198792975385, 1.300000000000000044, -1.533200910743974354 ) ) ;
#6811 = STYLED_ITEM ( 'NONE', ( #6094 ), #2367 ) ;
#6812 = DIRECTION ( 'NONE',  ( 6.662906143883843796E-15, -0.0000000000000000000, 1.000000000000000000 ) ) ;
#6813 = CARTESIAN_POINT ( 'NONE',  ( -0.4246689740367723953, 1.310000000000000053, -1.948584198313327409 ) ) ;
#6814 = FACE_OUTER_BOUND ( 'NONE', #5184, .T. ) ;
#6815 = SURFACE_STYLE_USAGE ( .BOTH. , #8576 ) ;
#6816 = EDGE_CURVE ( 'NONE', #11334, #8428, #8525, .T. ) ;
#6817 = CARTESIAN_POINT ( 'NONE',  ( -0.4245649982445671711, 1.310000000000000053, -1.534344644452003692 ) ) ;
#6818 = VECTOR ( 'NONE', #8850, 1000.000000000000000 ) ;
#6819 = CARTESIAN_POINT ( 'NONE',  ( -0.5961250544382046268, 1.310000000000000053, -1.765274877666221709 ) ) ;
#6820 =( LENGTH_UNIT ( ) NAMED_UNIT ( * ) SI_UNIT ( .MILLI., .METRE. ) );
#6821 = ORIENTED_EDGE ( 'NONE', *, *, #8512, .T. ) ;
#6822 = DIRECTION ( 'NONE',  ( -1.000000000000000000, -0.0000000000000000000, 7.929618338613898777E-15 ) ) ;
#6823 =( NAMED_UNIT ( * ) PLANE_ANGLE_UNIT ( ) SI_UNIT ( $, .RADIAN. ) );
#6824 = CARTESIAN_POINT ( 'NONE',  ( -0.2316379168720962833, 1.310000000000000053, -1.807281097484693566 ) ) ;
#6825 = ORIENTED_EDGE ( 'NONE', *, *, #7082, .T. ) ;
#6826 = CARTESIAN_POINT ( 'NONE',  ( 0.4722604332932418547, 1.310000000000000053, -1.836047890636272051 ) ) ;
#6827 = PRESENTATION_STYLE_ASSIGNMENT (( #2025 ) ) ;
#6828 = SURFACE_STYLE_USAGE ( .BOTH. , #374 ) ;
#6829 = PRESENTATION_LAYER_ASSIGNMENT (  '', '', ( #5275 ) ) ;
#6830 = CARTESIAN_POINT ( 'NONE',  ( 0.7701337683681047652, 1.310000000000000053, -1.525160593804412157 ) ) ;
#6831 = DIRECTION ( 'NONE',  ( -0.0000000000000000000, -1.000000000000000000, -0.0000000000000000000 ) ) ;
#6832 = ORIENTED_EDGE ( 'NONE', *, *, #4429, .F. ) ;
#6833 = CARTESIAN_POINT ( 'NONE',  ( -0.1711240061427868886, 1.300000000000000044, -1.396992623706414305 ) ) ;
#6834 = SURFACE_STYLE_FILL_AREA ( #4041 ) ;
#6835 = DIRECTION ( 'NONE',  ( -0.0000000000000000000, -1.000000000000000000, -0.0000000000000000000 ) ) ;
#6836 = ORIENTED_EDGE ( 'NONE', *, *, #7032, .T. ) ;
#6837 = PRESENTATION_STYLE_ASSIGNMENT (( #9376 ) ) ;
#6838 =( NAMED_UNIT ( * ) PLANE_ANGLE_UNIT ( ) SI_UNIT ( $, .RADIAN. ) );
#6839 =( NAMED_UNIT ( * ) PLANE_ANGLE_UNIT ( ) SI_UNIT ( $, .RADIAN. ) );
#6840 = B_SPLINE_CURVE_WITH_KNOTS ( 'NONE', 3,
 ( #4904, #3970, #3040, #6749 ),
 .UNSPECIFIED., .F., .F.,
 ( 4, 4 ),
 ( 19.00000000000000000, 20.00000000000000000 ),
 .UNSPECIFIED. ) ;
#6841 = CARTESIAN_POINT ( 'NONE',  ( -0.1611943180414919241, 1.310000000000000053, -1.879752224252569270 ) ) ;
#6842 = FILL_AREA_STYLE_COLOUR ( '', #9844 ) ;
#6843 = ORIENTED_EDGE ( 'NONE', *, *, #5354, .T. ) ;
#6844 = EDGE_CURVE ( 'NONE', #8339, #1223, #5260, .T. ) ;
#6845 = CARTESIAN_POINT ( 'NONE',  ( -0.4892379406406413556, 1.310000000000000053, -1.534344644452003248 ) ) ;
#6846 = CARTESIAN_POINT ( 'NONE',  ( -0.1497569809625639847, 1.300000000000000044, -1.482460724427307364 ) ) ;
#6847 = ORIENTED_EDGE ( 'NONE', *, *, #1364, .F. ) ;
#6848 = EDGE_LOOP ( 'NONE', ( #3832, #8549, #631, #5054 ) ) ;
#6849 = CARTESIAN_POINT ( 'NONE',  ( 0.7701337959481223683, 1.300000000000000044, -1.776762438707540248 ) ) ;
#6850 = SURFACE_STYLE_FILL_AREA ( #10601 ) ;
#6851 = CARTESIAN_POINT ( 'NONE',  ( -0.5774613998394053649, 1.300000000000000044, -1.363096515634291350 ) ) ;
#6852 = SURFACE_STYLE_USAGE ( .BOTH. , #8840 ) ;
#6853 = ADVANCED_FACE ( 'NONE', ( #10520 ), #4948, .F. ) ;
#6854 = CARTESIAN_POINT ( 'NONE',  ( -0.3309347978801828738, 1.300000000000000044, -1.754045492170317244 ) ) ;
#6855 = DIRECTION ( 'NONE',  ( -0.0000000000000000000, -0.0000000000000000000, 1.000000000000000000 ) ) ;
#6856 = EDGE_CURVE ( 'NONE', #9357, #587, #6131, .T. ) ;
#6857 = SURFACE_STYLE_FILL_AREA ( #583 ) ;
#6858 = PRESENTATION_STYLE_ASSIGNMENT (( #9630 ) ) ;
#6859 = EDGE_CURVE ( 'NONE', #10746, #10382, #475, .T. ) ;
#6860 = CARTESIAN_POINT ( 'NONE',  ( -0.2595034290295187840, 1.310000000000000053, -1.557011367028222626 ) ) ;
#6861 = ORIENTED_EDGE ( 'NONE', *, *, #6661, .T. ) ;
#6862 = EDGE_LOOP ( 'NONE', ( #4815, #1834, #2065, #7736 ) ) ;
#6863 = EDGE_CURVE ( 'NONE', #4555, #8916, #8806, .T. ) ;
#6864 = CARTESIAN_POINT ( 'NONE',  ( -0.2571119858219442222, 1.310000000000000053, -1.786693890742894419 ) ) ;
#6865 = CARTESIAN_POINT ( 'NONE',  ( -0.7734557670649858663, 1.300000000000000044, -1.856981525884830120 ) ) ;
#6866 = SURFACE_STYLE_USAGE ( .BOTH. , #7727 ) ;
#6867 = CARTESIAN_POINT ( 'NONE',  ( -0.4127637458946532556, 1.310000000000000053, -1.947856367771343633 ) ) ;
#6868 = VECTOR ( 'NONE', #9285, 1000.000000000000000 ) ;
#6869 = B_SPLINE_SURFACE_WITH_KNOTS ( 'NONE', 3, 1, ( 
 ( #2785, #10989 ),
 ( #8970, #648 ),
 ( #4373, #2596 ),
 ( #8084, #2540 ) ),
 .UNSPECIFIED., .F., .F., .F.,
 ( 4, 4 ),
 ( 2, 2 ),
 ( 35.00000000000000000, 36.00000000000000000 ),
 ( 0.0000000000000000000, 1.000000000000000000 ),
 .UNSPECIFIED. ) ;
#6870 = ADVANCED_FACE ( 'NONE', ( #5174 ), #6202, .F. ) ;
#6871 = LINE ( 'NONE', #3218, #2501 ) ;
#6872 = CARTESIAN_POINT ( 'NONE',  ( -0.6746267771193933394, 1.310000000000000053, -1.676791478987285311 ) ) ;
#6873 = PRESENTATION_STYLE_ASSIGNMENT (( #7683 ) ) ;
#6874 = VERTEX_POINT ( 'NONE', #4272 ) ;
#6875 = CARTESIAN_POINT ( 'NONE',  ( -0.2316379168720962833, 1.300000000000000044, -1.807281097484693566 ) ) ;
#6876 = COLOUR_RGB ( '',1.000000000000000000, 1.000000000000000000, 1.000000000000000000 ) ;
#6877 = DIRECTION ( 'NONE',  ( -0.0000000000000000000, -1.000000000000000000, -0.0000000000000000000 ) ) ;
#6878 = DIRECTION ( 'NONE',  ( 0.8631877589412123575, 0.0000000000000000000, -0.5048830486499299441 ) ) ;
#6879 = ADVANCED_FACE ( 'NONE', ( #1503, #9709 ), #10572, .T. ) ;
#6880 = VERTEX_POINT ( 'NONE', #4508 ) ;
#6881 =( NAMED_UNIT ( * ) PLANE_ANGLE_UNIT ( ) SI_UNIT ( $, .RADIAN. ) );
#6882 = FACE_OUTER_BOUND ( 'NONE', #897, .T. ) ;
#6883 = EDGE_CURVE ( 'NONE', #9699, #8201, #7852, .T. ) ;
#6884 = SURFACE_SIDE_STYLE ('',( #5079 ) ) ;
#6885 = CARTESIAN_POINT ( 'NONE',  ( -0.7730918517946856472, 1.310000000000000053, -1.501904197462452295 ) ) ;
#6886 = VERTEX_POINT ( 'NONE', #7352 ) ;
#6887 = CARTESIAN_POINT ( 'NONE',  ( 0.0000000000000000000, 0.0000000000000000000, 0.0000000000000000000 ) ) ;
#6888 = STYLED_ITEM ( 'NONE', ( #11244 ), #4501 ) ;
#6889 = SURFACE_STYLE_USAGE ( .BOTH. , #8537 ) ;
#6890 = FILL_AREA_STYLE ('',( #1352 ) ) ;
#6891 = ORIENTED_EDGE ( 'NONE', *, *, #2920, .T. ) ;
#6892 = UNCERTAINTY_MEASURE_WITH_UNIT (LENGTH_MEASURE( 1.000000000000000082E-05 ), #11083, 'distance_accuracy_value', 'NONE');
#6893 = CARTESIAN_POINT ( 'NONE',  ( -0.1564634195227937452, 1.300000000000000044, -1.798339179404846666 ) ) ;
#6894 = CARTESIAN_POINT ( 'NONE',  ( -0.4180145233723066012, 1.310000000000000053, -1.926749282070603364 ) ) ;
#6895 = CARTESIAN_POINT ( 'NONE',  ( -0.1885919391364143660, 1.310000000000000053, -1.793868220364237320 ) ) ;
#6896 = VECTOR ( 'NONE', #10906, 1000.000000000000000 ) ;
#6897 = PRESENTATION_STYLE_ASSIGNMENT (( #9607 ) ) ;
#6898 = MECHANICAL_DESIGN_GEOMETRIC_PRESENTATION_REPRESENTATION (  '', ( #2020 ), #1641 ) ;
#6899 = DIRECTION ( 'NONE',  ( 1.000000000000000000, 0.0000000000000000000, -0.0000000000000000000 ) ) ;
#6900 = ORIENTED_EDGE ( 'NONE', *, *, #11520, .F. ) ;
#6901 = AXIS2_PLACEMENT_3D ( 'NONE', #10935, #6315, #10006 ) ;
#6902 = UNCERTAINTY_MEASURE_WITH_UNIT (LENGTH_MEASURE( 1.000000000000000082E-05 ), #10531, 'distance_accuracy_value', 'NONE');
#6903 = SURFACE_STYLE_USAGE ( .BOTH. , #6967 ) ;
#6904 = PRESENTATION_STYLE_ASSIGNMENT (( #2282 ) ) ;
#6905 = DIRECTION ( 'NONE',  ( 1.000000000000000000, 0.0000000000000000000, -6.959364704394805918E-15 ) ) ;
#6906 = VERTEX_POINT ( 'NONE', #3526 ) ;
#6907 = CARTESIAN_POINT ( 'NONE',  ( 0.3536895294343773699, 1.310000000000000053, -1.792668275519047949 ) ) ;
#6908 = CARTESIAN_POINT ( 'NONE',  ( 0.2944040223455988148, 1.310000000000000053, -1.876535520380984590 ) ) ;
#6909 = DIRECTION ( 'NONE',  ( -0.0000000000000000000, -0.0000000000000000000, -1.000000000000000000 ) ) ;
#6910 = DIRECTION ( 'NONE',  ( 0.3493954794691522814, 0.0000000000000000000, 0.9369753459544820640 ) ) ;
#6911 = CARTESIAN_POINT ( 'NONE',  ( -0.5698711670506276805, 1.310000000000000053, -1.880168127418619495 ) ) ;
#6912 = CARTESIAN_POINT ( 'NONE',  ( -0.5189230291509292492, 1.300000000000000044, -1.557531245985787072 ) ) ;
#6913 = LINE ( 'NONE', #5106, #1902 ) ;
#6914 = CARTESIAN_POINT ( 'NONE',  ( -0.006634303781056453270, 1.310000000000000053, -1.557531245985790402 ) ) ;
#6915 =( NAMED_UNIT ( * ) PLANE_ANGLE_UNIT ( ) SI_UNIT ( $, .RADIAN. ) );
#6916 = CARTESIAN_POINT ( 'NONE',  ( -0.4892379406406404674, 1.300000000000000044, -1.377549150671262490 ) ) ;
#6917 = PRESENTATION_LAYER_ASSIGNMENT (  '', '', ( #107 ) ) ;
#6918 = ORIENTED_EDGE ( 'NONE', *, *, #7149, .T. ) ;
#6919 = ORIENTED_EDGE ( 'NONE', *, *, #2971, .T. ) ;
#6920 = CARTESIAN_POINT ( 'NONE',  ( -1.077532969691917364, 1.310000000000000053, -1.880168127418615720 ) ) ;
#6921 = CARTESIAN_POINT ( 'NONE',  ( -0.6009599287491100839, 1.300000000000000044, -1.453971357520802199 ) ) ;
#6922 = EDGE_CURVE ( 'NONE', #7699, #7625, #962, .T. ) ;
#6923 =( NAMED_UNIT ( * ) PLANE_ANGLE_UNIT ( ) SI_UNIT ( $, .RADIAN. ) );
#6924 = CARTESIAN_POINT ( 'NONE',  ( -0.2316379168720959780, 1.310000000000000053, -1.764131143958194370 ) ) ;
#6925 = FILL_AREA_STYLE_COLOUR ( '', #6009 ) ;
#6926 = CARTESIAN_POINT ( 'NONE',  ( -0.3897331080481357679, 1.300000000000000044, -1.831091553768939173 ) ) ;
#6927 = DIRECTION ( 'NONE',  ( -1.000000000000000000, 0.0000000000000000000, 7.474873200869006147E-15 ) ) ;
#6928 = PRESENTATION_LAYER_ASSIGNMENT (  '', '', ( #3827 ) ) ;
#6929 = COLOUR_RGB ( '',1.000000000000000000, 1.000000000000000000, 1.000000000000000000 ) ;
#6930 = PLANE ( 'NONE',  #11437 ) ;
#6931 = PRESENTATION_STYLE_ASSIGNMENT (( #11751 ) ) ;
#6932 = CARTESIAN_POINT ( 'NONE',  ( -0.5446050496838034105, 1.310000000000000053, -1.534344644452003026 ) ) ;
#6933 = ORIENTED_EDGE ( 'NONE', *, *, #9239, .F. ) ;
#6934 =( NAMED_UNIT ( * ) SI_UNIT ( $, .STERADIAN. ) SOLID_ANGLE_UNIT ( ) );
#6935 =( NAMED_UNIT ( * ) SI_UNIT ( $, .STERADIAN. ) SOLID_ANGLE_UNIT ( ) );
#6936 = EDGE_LOOP ( 'NONE', ( #4905, #2969, #6376, #6081 ) ) ;
#6937 = DIRECTION ( 'NONE',  ( 1.000000000000000000, 0.0000000000000000000, -6.664894986923657044E-15 ) ) ;
#6938 = SURFACE_STYLE_USAGE ( .BOTH. , #4281 ) ;
#6939 = EDGE_CURVE ( 'NONE', #8538, #8183, #4571, .T. ) ;
#6940 = CARTESIAN_POINT ( 'NONE',  ( -0.1564114316263434667, 1.300000000000000044, -1.501800221670943625 ) ) ;
#6941 = STYLED_ITEM ( 'NONE', ( #7678 ), #11041 ) ;
#6942 = CARTESIAN_POINT ( 'NONE',  ( -0.7756912465852897620, 1.310000000000000053, -1.676791478987284645 ) ) ;
#6943 = VECTOR ( 'NONE', #3738, 1000.000000000000000 ) ;
#6944 = ORIENTED_EDGE ( 'NONE', *, *, #388, .T. ) ;
#6945 =( LENGTH_UNIT ( ) NAMED_UNIT ( * ) SI_UNIT ( .MILLI., .METRE. ) );
#6946 = COLOUR_RGB ( '',1.000000000000000000, 1.000000000000000000, 1.000000000000000000 ) ;
#6947 = FILL_AREA_STYLE ('',( #10649 ) ) ;
#6948 = COLOUR_RGB ( '',1.000000000000000000, 1.000000000000000000, 1.000000000000000000 ) ;
#6949 = EDGE_LOOP ( 'NONE', ( #9995, #9353, #6377, #11699 ) ) ;
#6950 = COLOUR_RGB ( '',1.000000000000000000, 1.000000000000000000, 1.000000000000000000 ) ;
#6951 = CARTESIAN_POINT ( 'NONE',  ( -0.3535495325606460293, 1.300000000000000044, -1.862804170216505462 ) ) ;
#6952 = VECTOR ( 'NONE', #9798, 1000.000000000000000 ) ;
#6953 = CARTESIAN_POINT ( 'NONE',  ( 0.2206586987101976649, 1.310000000000000053, -1.515038755317931418 ) ) ;
#6954 = ADVANCED_FACE ( 'NONE', ( #4627 ), #1813, .F. ) ;
#6955 = VECTOR ( 'NONE', #11124, 1000.000000000000000 ) ;
#6956 = VECTOR ( 'NONE', #2713, 1000.000000000000000 ) ;
#6957 = DIRECTION ( 'NONE',  ( 9.268842769272767719E-15, -0.0000000000000000000, 1.000000000000000000 ) ) ;
#6958 =( GEOMETRIC_REPRESENTATION_CONTEXT ( 3 ) GLOBAL_UNCERTAINTY_ASSIGNED_CONTEXT ( ( #9433 ) ) GLOBAL_UNIT_ASSIGNED_CONTEXT ( ( #11482, #8629, #7724 ) ) REPRESENTATION_CONTEXT ( 'NONE', 'WORKASPACE' ) );
#6959 = CARTESIAN_POINT ( 'NONE',  ( -0.2916319486438346265, 1.300000000000000044, -1.875073313628925264 ) ) ;
#6960 = ORIENTED_EDGE ( 'NONE', *, *, #13, .F. ) ;
#6961 = DIRECTION ( 'NONE',  ( 0.0000000000000000000, 0.0000000000000000000, -1.000000000000000000 ) ) ;
#6962 = EDGE_CURVE ( 'NONE', #10096, #9166, #2786, .T. ) ;
#6963 = PRESENTATION_LAYER_ASSIGNMENT (  '', '', ( #6566 ) ) ;
#6964 =( GEOMETRIC_REPRESENTATION_CONTEXT ( 3 ) GLOBAL_UNCERTAINTY_ASSIGNED_CONTEXT ( ( #8833 ) ) GLOBAL_UNIT_ASSIGNED_CONTEXT ( ( #9196, #7138, #2573 ) ) REPRESENTATION_CONTEXT ( 'NONE', 'WORKASPACE' ) );
#6965 = B_SPLINE_CURVE_WITH_KNOTS ( 'NONE', 3,
 ( #4049, #7762, #2268, #1355 ),
 .UNSPECIFIED., .F., .F.,
 ( 4, 4 ),
 ( 4.000000000000000000, 5.000000000000000000 ),
 .UNSPECIFIED. ) ;
#6966 = MECHANICAL_DESIGN_GEOMETRIC_PRESENTATION_REPRESENTATION (  '', ( #149 ), #944 ) ;
#6967 = SURFACE_SIDE_STYLE ('',( #8736 ) ) ;
#6968 = CARTESIAN_POINT ( 'NONE',  ( -0.1711240061427868886, 1.300000000000000044, -1.396992623706414305 ) ) ;
#6969 = CARTESIAN_POINT ( 'NONE',  ( 0.9913697944336655743, 1.310000000000000053, -1.648069503302061811 ) ) ;
#6970 = DIRECTION ( 'NONE',  ( 0.9398440417769784450, 0.0000000000000000000, -0.3416038306815563086 ) ) ;
#6971 = MECHANICAL_DESIGN_GEOMETRIC_PRESENTATION_REPRESENTATION (  '', ( #356 ), #1326 ) ;
#6972 = COLOUR_RGB ( '',0.2509803921568627416, 0.2509803921568627416, 0.2509803921568627416 ) ;
#6973 = DIRECTION ( 'NONE',  ( -0.0000000000000000000, -1.000000000000000000, -0.0000000000000000000 ) ) ;
#6974 = B_SPLINE_SURFACE_WITH_KNOTS ( 'NONE', 3, 1, ( 
 ( #3279, #7413 ),
 ( #10195, #10987 ),
 ( #8263, #11068 ),
 ( #3767, #1755 ) ),
 .UNSPECIFIED., .F., .F., .F.,
 ( 4, 4 ),
 ( 2, 2 ),
 ( 0.0000000000000000000, 1.000000000000000000 ),
 ( 0.0000000000000000000, 1.000000000000000000 ),
 .UNSPECIFIED. ) ;
#6975 = CARTESIAN_POINT ( 'NONE',  ( 0.2495784421214476134, 1.310000000000000053, -1.617703849943914918 ) ) ;
#6976 = COLOUR_RGB ( '',1.000000000000000000, 1.000000000000000000, 1.000000000000000000 ) ;
#6977 = FILL_AREA_STYLE ('',( #3260 ) ) ;
#6978 = CARTESIAN_POINT ( 'NONE',  ( -0.9889455952214717405, 1.310000000000000053, -1.717030110348640282 ) ) ;
#6979 = LINE ( 'NONE', #7957, #922 ) ;
#6980 = VECTOR ( 'NONE', #7168, 1000.000000000000000 ) ;
#6981 = DIRECTION ( 'NONE',  ( -6.397207432700280485E-15, -0.0000000000000000000, -1.000000000000000000 ) ) ;
#6982 = CARTESIAN_POINT ( 'NONE',  ( 0.2495784421214472248, 1.300000000000000044, -1.679881287246549615 ) ) ;
#6983 = CARTESIAN_POINT ( 'NONE',  ( -0.2207204587507351212, 1.300000000000000044, -1.850846954178625214 ) ) ;
#6984 = DIRECTION ( 'NONE',  ( -0.9409537876760590835, 0.0000000000000000000, -0.3385350343141430018 ) ) ;
#6985 = ORIENTED_EDGE ( 'NONE', *, *, #8377, .F. ) ;
#6986 = ORIENTED_EDGE ( 'NONE', *, *, #888, .T. ) ;
#6987 = VECTOR ( 'NONE', #8543, 1000.000000000000000 ) ;
#6988 = MECHANICAL_DESIGN_GEOMETRIC_PRESENTATION_REPRESENTATION (  '', ( #9682 ), #6018 ) ;
#6989 = CARTESIAN_POINT ( 'NONE',  ( -0.4732256687281972685, 1.310000000000000053, -1.856045743761215894 ) ) ;
#6990 = SURFACE_STYLE_FILL_AREA ( #4320 ) ;
#6991 =( NAMED_UNIT ( * ) SI_UNIT ( $, .STERADIAN. ) SOLID_ANGLE_UNIT ( ) );
#6992 = STYLED_ITEM ( 'NONE', ( #4701 ), #7007 ) ;
#6993 = FACE_BOUND ( 'NONE', #3287, .T. ) ;
#6994 = MECHANICAL_DESIGN_GEOMETRIC_PRESENTATION_REPRESENTATION (  '', ( #2339 ), #11821 ) ;
#6995 = B_SPLINE_CURVE_WITH_KNOTS ( 'NONE', 3,
 ( #4361, #8070, #5279, #2355 ),
 .UNSPECIFIED., .F., .F.,
 ( 4, 4 ),
 ( 34.00000000000000000, 35.00000000000000000 ),
 .UNSPECIFIED. ) ;
#6996 = EDGE_CURVE ( 'NONE', #1584, #9166, #11879, .T. ) ;
#6997 =( NAMED_UNIT ( * ) PLANE_ANGLE_UNIT ( ) SI_UNIT ( $, .RADIAN. ) );
#6998 = ORIENTED_EDGE ( 'NONE', *, *, #8157, .F. ) ;
#6999 = DIRECTION ( 'NONE',  ( 1.000000000000000000, -0.0000000000000000000, -8.031410615056091925E-15 ) ) ;
#7000 = ORIENTED_EDGE ( 'NONE', *, *, #8791, .F. ) ;
#7001 = ORIENTED_EDGE ( 'NONE', *, *, #10895, .F. ) ;
#7002 = FACE_OUTER_BOUND ( 'NONE', #3477, .T. ) ;
#7003 = CARTESIAN_POINT ( 'NONE',  ( -0.2207204587507351212, 1.310000000000000053, -1.850846954178625214 ) ) ;
#7004 =( GEOMETRIC_REPRESENTATION_CONTEXT ( 3 ) GLOBAL_UNCERTAINTY_ASSIGNED_CONTEXT ( ( #3649 ) ) GLOBAL_UNIT_ASSIGNED_CONTEXT ( ( #2060, #6802, #4011 ) ) REPRESENTATION_CONTEXT ( 'NONE', 'WORKASPACE' ) );
#7005 = ORIENTED_EDGE ( 'NONE', *, *, #5219, .T. ) ;
#7006 = CARTESIAN_POINT ( 'NONE',  ( 0.4722604332932418547, 1.310000000000000053, -1.836047890636272051 ) ) ;
#7007 = ADVANCED_FACE ( 'NONE', ( #10004 ), #3576, .F. ) ;
#7008 = CARTESIAN_POINT ( 'NONE',  ( 0.6240890862035279874, 1.310000000000000053, -1.817250013290828248 ) ) ;
#7009 = PRESENTATION_STYLE_ASSIGNMENT (( #3551 ) ) ;
#7010 = SURFACE_SIDE_STYLE ('',( #306 ) ) ;
#7011 = DIRECTION ( 'NONE',  ( -0.0000000000000000000, -1.000000000000000000, -0.0000000000000000000 ) ) ;
#7012 = CARTESIAN_POINT ( 'NONE',  ( -0.1711759940385402246, 1.310000000000000053, -1.360705072426718010 ) ) ;
#7013 = ORIENTED_EDGE ( 'NONE', *, *, #3506, .F. ) ;
#7014 = B_SPLINE_CURVE_WITH_KNOTS ( 'NONE', 3,
 ( #7101, #10795, #1754, #9998 ),
 .UNSPECIFIED., .F., .F.,
 ( 4, 4 ),
 ( 4.000000000000000000, 5.000000000000000000 ),
 .UNSPECIFIED. ) ;
#7015 =( LENGTH_UNIT ( ) NAMED_UNIT ( * ) SI_UNIT ( .MILLI., .METRE. ) );
#7016 = ORIENTED_EDGE ( 'NONE', *, *, #2278, .T. ) ;
#7017 = CARTESIAN_POINT ( 'NONE',  ( -0.5935256596462119560, 1.300000000000000044, -1.409469718701858776 ) ) ;
#7018 = CARTESIAN_POINT ( 'NONE',  ( -0.4199380755173776070, 1.310000000000000053, -1.354154597554452666 ) ) ;
#7019 = AXIS2_PLACEMENT_3D ( 'NONE', #10790, #1316, #4995 ) ;
#7020 = EDGE_CURVE ( 'NONE', #8596, #121, #1747, .T. ) ;
#7021 = CARTESIAN_POINT ( 'NONE',  ( -0.03288819116795127506, 1.310000000000000053, -1.788565454991522419 ) ) ;
#7022 = ADVANCED_FACE ( 'NONE', ( #4992 ), #2963, .F. ) ;
#7023 = DIRECTION ( 'NONE',  ( 1.556335539511384660E-14, 0.0000000000000000000, 1.000000000000000000 ) ) ;
#7024 = CARTESIAN_POINT ( 'NONE',  ( -0.3159622838856524507, 1.310000000000000053, -1.883599328542718609 ) ) ;
#7025 = ORIENTED_EDGE ( 'NONE', *, *, #7905, .T. ) ;
#7026 = LINE ( 'NONE', #5095, #7553 ) ;
#7027 = UNCERTAINTY_MEASURE_WITH_UNIT (LENGTH_MEASURE( 1.000000000000000082E-05 ), #8106, 'distance_accuracy_value', 'NONE');
#7028 = EDGE_CURVE ( 'NONE', #3105, #11561, #8562, .T. ) ;
#7029 = CARTESIAN_POINT ( 'NONE',  ( 0.9552201151690786762, 1.310000000000000053, -1.757964533782069294 ) ) ;
#7030 =( NAMED_UNIT ( * ) SI_UNIT ( $, .STERADIAN. ) SOLID_ANGLE_UNIT ( ) );
#7031 = CARTESIAN_POINT ( 'NONE',  ( 0.2481324218544830040, 1.310000000000000053, -1.853399692555409262 ) ) ;
#7032 = EDGE_CURVE ( 'NONE', #10973, #5421, #5780, .T. ) ;
#7033 = CARTESIAN_POINT ( 'NONE',  ( -0.1497569809625637904, 1.300000000000000044, -1.432552344444132153 ) ) ;
#7034 = CARTESIAN_POINT ( 'NONE',  ( -0.6688561206834823247, 1.300000000000000044, -1.765274877666221265 ) ) ;
#7035 = ORIENTED_EDGE ( 'NONE', *, *, #5454, .F. ) ;
#7036 = DIRECTION ( 'NONE',  ( -0.0000000000000000000, -1.000000000000000000, -0.0000000000000000000 ) ) ;
#7037 = CARTESIAN_POINT ( 'NONE',  ( -0.3483507429787464083, 1.300000000000000044, -1.883599328542718165 ) ) ;
#7038 = FILL_AREA_STYLE_COLOUR ( '', #2100 ) ;
#7039 = ORIENTED_EDGE ( 'NONE', *, *, #6113, .F. ) ;
#7040 = EDGE_LOOP ( 'NONE', ( #7110, #1574, #6836, #3953, #11958, #6092, #5298, #763 ) ) ;
#7041 = VECTOR ( 'NONE', #5470, 1000.000000000000000 ) ;
#7042 = CARTESIAN_POINT ( 'NONE',  ( 0.4664764625475319448, 1.300000000000000044, -1.633609631596778300 ) ) ;
#7043 = DIRECTION ( 'NONE',  ( -0.0000000000000000000, -1.000000000000000000, -0.0000000000000000000 ) ) ;
#7044 = B_SPLINE_SURFACE_WITH_KNOTS ( 'NONE', 3, 1, ( 
 ( #203, #8721 ),
 ( #3242, #6893 ),
 ( #4291, #3188 ),
 ( #4166, #2505 ) ),
 .UNSPECIFIED., .F., .F., .F.,
 ( 4, 4 ),
 ( 2, 2 ),
 ( 9.000000000000000000, 10.00000000000000000 ),
 ( 0.0000000000000000000, 1.000000000000000000 ),
 .UNSPECIFIED. ) ;
#7045 = PRESENTATION_STYLE_ASSIGNMENT (( #3216 ) ) ;
#7046 = CARTESIAN_POINT ( 'NONE',  ( -0.2022127678405898632, 1.310000000000000053, -1.752277903711821239 ) ) ;
#7047 =( NAMED_UNIT ( * ) SI_UNIT ( $, .STERADIAN. ) SOLID_ANGLE_UNIT ( ) );
#7048 = CARTESIAN_POINT ( 'NONE',  ( -0.2916319486438344044, 1.310000000000000053, -1.848767438346978098 ) ) ;
#7049 = EDGE_CURVE ( 'NONE', #11144, #2744, #4688, .T. ) ;
#7050 = ORIENTED_EDGE ( 'NONE', *, *, #7773, .F. ) ;
#7051 = PRESENTATION_STYLE_ASSIGNMENT (( #9819 ) ) ;
#7052 = ORIENTED_EDGE ( 'NONE', *, *, #11677, .F. ) ;
#7053 = ORIENTED_EDGE ( 'NONE', *, *, #4582, .T. ) ;
#7054 = ORIENTED_EDGE ( 'NONE', *, *, #11548, .F. ) ;
#7055 = PLANE ( 'NONE',  #2919 ) ;
#7056 = CARTESIAN_POINT ( 'NONE',  ( -0.8832542030290818635, 1.310000000000000053, -1.745727428839554340 ) ) ;
#7057 = SURFACE_SIDE_STYLE ('',( #5970 ) ) ;
#7058 = MECHANICAL_DESIGN_GEOMETRIC_PRESENTATION_REPRESENTATION (  '', ( #5910 ), #3778 ) ;
#7059 = CARTESIAN_POINT ( 'NONE',  ( -0.5189230291509292492, 1.310000000000000053, -1.557531245985787072 ) ) ;
#7060 = ORIENTED_EDGE ( 'NONE', *, *, #8651, .F. ) ;
#7061 = CARTESIAN_POINT ( 'NONE',  ( -0.3458553239796599010, 1.310000000000000053, -1.752277903711820128 ) ) ;
#7062 = STYLED_ITEM ( 'NONE', ( #195 ), #4893 ) ;
#7063 = B_SPLINE_CURVE_WITH_KNOTS ( 'NONE', 3,
 ( #2631, #1844, #5690, #7261 ),
 .UNSPECIFIED., .F., .F.,
 ( 4, 4 ),
 ( 4.000000000000000000, 5.000000000000000000 ),
 .UNSPECIFIED. ) ;
#7064 = CARTESIAN_POINT ( 'NONE',  ( -0.8057922382630184899, 1.310000000000000053, -1.880168127418617718 ) ) ;
#7065 = EDGE_LOOP ( 'NONE', ( #5874, #9168, #4401, #11649 ) ) ;
#7066 = DIRECTION ( 'NONE',  ( -1.000000000000000000, -0.0000000000000000000, 8.286713734008088888E-15 ) ) ;
#7067 = FILL_AREA_STYLE ('',( #10098 ) ) ;
#7068 = LINE ( 'NONE', #2621, #2468 ) ;
#7069 = FILL_AREA_STYLE ('',( #494 ) ) ;
#7070 = EDGE_CURVE ( 'NONE', #5571, #7914, #11723, .T. ) ;
#7071 = ADVANCED_FACE ( 'NONE', ( #1250 ), #4651, .T. ) ;
#7072 = CARTESIAN_POINT ( 'NONE',  ( -0.3458553239796599010, 1.310000000000000053, -1.752277903711820128 ) ) ;
#7073 = PRODUCT_DEFINITION_CONTEXT ( 'detailed design', #280, 'design' ) ;
#7074 = LINE ( 'NONE', #6155, #11600 ) ;
#7075 = ORIENTED_EDGE ( 'NONE', *, *, #4347, .F. ) ;
#7076 = MECHANICAL_DESIGN_GEOMETRIC_PRESENTATION_REPRESENTATION (  '', ( #8634 ), #4843 ) ;
#7077 = DIRECTION ( 'NONE',  ( -0.0000000000000000000, -1.000000000000000000, -0.0000000000000000000 ) ) ;
#7078 =( NAMED_UNIT ( * ) PLANE_ANGLE_UNIT ( ) SI_UNIT ( $, .RADIAN. ) );
#7079 = VECTOR ( 'NONE', #4913, 1000.000000000000000 ) ;
#7080 =( NAMED_UNIT ( * ) PLANE_ANGLE_UNIT ( ) SI_UNIT ( $, .RADIAN. ) );
#7081 = CARTESIAN_POINT ( 'NONE',  ( -0.2207204587507351212, 1.310000000000000053, -1.850846954178625214 ) ) ;
#7082 = EDGE_CURVE ( 'NONE', #1935, #3882, #5846, .T. ) ;
#7083 = CARTESIAN_POINT ( 'NONE',  ( -0.3483507429787453535, 1.300000000000000044, -1.731586721177126087 ) ) ;
#7084 = UNCERTAINTY_MEASURE_WITH_UNIT (LENGTH_MEASURE( 1.000000000000000082E-05 ), #236, 'distance_accuracy_value', 'NONE');
#7085 = CARTESIAN_POINT ( 'NONE',  ( -0.3199133639673110152, 1.300000000000000044, -1.782118955910767966 ) ) ;
#7086 = VERTEX_POINT ( 'NONE', #7833 ) ;
#7087 = SURFACE_STYLE_FILL_AREA ( #2293 ) ;
#7088 = EDGE_CURVE ( 'NONE', #3343, #11543, #10611, .T. ) ;
#7089 = UNCERTAINTY_MEASURE_WITH_UNIT (LENGTH_MEASURE( 1.000000000000000082E-05 ), #4516, 'distance_accuracy_value', 'NONE');
#7090 = LINE ( 'NONE', #5225, #8471 ) ;
#7091 = SURFACE_STYLE_USAGE ( .BOTH. , #5283 ) ;
#7092 = FACE_OUTER_BOUND ( 'NONE', #4130, .T. ) ;
#7093 = CARTESIAN_POINT ( 'NONE',  ( -0.3827667300091261993, 1.300000000000000044, -1.762779458667128596 ) ) ;
#7094 = ORIENTED_EDGE ( 'NONE', *, *, #1364, .T. ) ;
#7095 = EDGE_LOOP ( 'NONE', ( #10856, #7475, #9497, #8607 ) ) ;
#7096 =( NAMED_UNIT ( * ) SI_UNIT ( $, .STERADIAN. ) SOLID_ANGLE_UNIT ( ) );
#7097 = PRESENTATION_LAYER_ASSIGNMENT (  '', '', ( #7701 ) ) ;
#7098 = EDGE_CURVE ( 'NONE', #3395, #9276, #7090, .T. ) ;
#7099 = DIRECTION ( 'NONE',  ( 0.0000000000000000000, -0.0000000000000000000, 1.000000000000000000 ) ) ;
#7100 = SURFACE_SIDE_STYLE ('',( #5347 ) ) ;
#7101 = CARTESIAN_POINT ( 'NONE',  ( -0.6009599287491100839, 1.310000000000000053, -1.453971357520802199 ) ) ;
#7102 = CARTESIAN_POINT ( 'NONE',  ( -0.4430207012596534266, 1.300000000000000044, -1.919990855613927572 ) ) ;
#7103 = EDGE_CURVE ( 'NONE', #6483, #11779, #4984, .T. ) ;
#7104 = FILL_AREA_STYLE ('',( #1500 ) ) ;
#7105 = CARTESIAN_POINT ( 'NONE',  ( -0.1497569809625639847, 1.310000000000000053, -1.458130389185492204 ) ) ;
#7106 = FACE_OUTER_BOUND ( 'NONE', #2049, .T. ) ;
#7107 = ORIENTED_EDGE ( 'NONE', *, *, #3219, .F. ) ;
#7108 = PRESENTATION_STYLE_ASSIGNMENT (( #2481 ) ) ;
#7109 = EDGE_LOOP ( 'NONE', ( #6187, #5375, #6998, #7113 ) ) ;
#7110 = ORIENTED_EDGE ( 'NONE', *, *, #2800, .T. ) ;
#7111 = LINE ( 'NONE', #8089, #3859 ) ;
#7112 = FACE_OUTER_BOUND ( 'NONE', #6250, .T. ) ;
#7113 = ORIENTED_EDGE ( 'NONE', *, *, #1290, .T. ) ;
#7114 =( LENGTH_UNIT ( ) NAMED_UNIT ( * ) SI_UNIT ( .MILLI., .METRE. ) );
#7115 =( NAMED_UNIT ( * ) PLANE_ANGLE_UNIT ( ) SI_UNIT ( $, .RADIAN. ) );
#7116 = SURFACE_STYLE_FILL_AREA ( #7985 ) ;
#7117 = CARTESIAN_POINT ( 'NONE',  ( -0.5961250544382052929, 1.310000000000000053, -1.856981525884831452 ) ) ;
#7118 = ORIENTED_EDGE ( 'NONE', *, *, #7837, .F. ) ;
#7119 = SURFACE_SIDE_STYLE ('',( #2382 ) ) ;
#7120 = STYLED_ITEM ( 'NONE', ( #6873 ), #7489 ) ;
#7121 = EDGE_LOOP ( 'NONE', ( #2532, #9588, #7181, #5041 ) ) ;
#7122 = FILL_AREA_STYLE ('',( #5440 ) ) ;
#7123 = FACE_OUTER_BOUND ( 'NONE', #2514, .T. ) ;
#7124 = SURFACE_STYLE_USAGE ( .BOTH. , #3413 ) ;
#7125 = ORIENTED_EDGE ( 'NONE', *, *, #6939, .T. ) ;
#7126 = UNCERTAINTY_MEASURE_WITH_UNIT (LENGTH_MEASURE( 1.000000000000000082E-05 ), #5100, 'distance_accuracy_value', 'NONE');
#7127 = ADVANCED_FACE ( 'NONE', ( #1557 ), #4754, .F. ) ;
#7128 =( GEOMETRIC_REPRESENTATION_CONTEXT ( 3 ) GLOBAL_UNCERTAINTY_ASSIGNED_CONTEXT ( ( #2510 ) ) GLOBAL_UNIT_ASSIGNED_CONTEXT ( ( #2632, #7262, #5637 ) ) REPRESENTATION_CONTEXT ( 'NONE', 'WORKASPACE' ) );
#7129 = COLOUR_RGB ( '',1.000000000000000000, 1.000000000000000000, 1.000000000000000000 ) ;
#7130 = LINE ( 'NONE', #7430, #3680 ) ;
#7131 =( NAMED_UNIT ( * ) SI_UNIT ( $, .STERADIAN. ) SOLID_ANGLE_UNIT ( ) );
#7132 = EDGE_LOOP ( 'NONE', ( #10435, #2403, #11504, #7877, #6861, #2170, #4692 ) ) ;
#7133 =( NAMED_UNIT ( * ) SI_UNIT ( $, .STERADIAN. ) SOLID_ANGLE_UNIT ( ) );
#7134 = STYLED_ITEM ( 'NONE', ( #1173 ), #9512 ) ;
#7135 = MECHANICAL_DESIGN_GEOMETRIC_PRESENTATION_REPRESENTATION (  '', ( #10817 ), #3446 ) ;
#7136 = B_SPLINE_CURVE_WITH_KNOTS ( 'NONE', 3,
 ( #1197, #2904, #2118, #9393 ),
 .UNSPECIFIED., .F., .F.,
 ( 4, 4 ),
 ( 14.00000000000000000, 15.00000000000000000 ),
 .UNSPECIFIED. ) ;
#7137 = B_SPLINE_SURFACE_WITH_KNOTS ( 'NONE', 3, 1, ( 
 ( #7547, #11132 ),
 ( #10279, #1033 ),
 ( #6506, #4771 ),
 ( #6632, #6686 ) ),
 .UNSPECIFIED., .F., .F., .F.,
 ( 4, 4 ),
 ( 2, 2 ),
 ( 12.00000000000000000, 13.00000000000000000 ),
 ( 0.0000000000000000000, 1.000000000000000000 ),
 .UNSPECIFIED. ) ;
#7138 =( NAMED_UNIT ( * ) PLANE_ANGLE_UNIT ( ) SI_UNIT ( $, .RADIAN. ) );
#7139 = FACE_OUTER_BOUND ( 'NONE', #8673, .T. ) ;
#7140 = CARTESIAN_POINT ( 'NONE',  ( -0.7342568936201437912, 1.310000000000000053, -1.394393228915806304 ) ) ;
#7141 = VECTOR ( 'NONE', #7252, 1000.000000000000000 ) ;
#7142 = UNCERTAINTY_MEASURE_WITH_UNIT (LENGTH_MEASURE( 1.000000000000000082E-05 ), #11059, 'distance_accuracy_value', 'NONE');
#7143 = DIRECTION ( 'NONE',  ( 0.0000000000000000000, -1.000000000000000000, -0.0000000000000000000 ) ) ;
#7144 =( NAMED_UNIT ( * ) SI_UNIT ( $, .STERADIAN. ) SOLID_ANGLE_UNIT ( ) );
#7145 = AXIS2_PLACEMENT_3D ( 'NONE', #11865, #2456, #7961 ) ;
#7146 = MECHANICAL_DESIGN_GEOMETRIC_PRESENTATION_REPRESENTATION (  '', ( #8883 ), #6542 ) ;
#7147 = DIRECTION ( 'NONE',  ( -1.000000000000000000, 0.0000000000000000000, 8.488310875113372635E-15 ) ) ;
#7148 = VECTOR ( 'NONE', #2207, 1000.000000000000114 ) ;
#7149 = EDGE_CURVE ( 'NONE', #4942, #1722, #1425, .T. ) ;
#7150 = VECTOR ( 'NONE', #5259, 1000.000000000000000 ) ;
#7151 =( NAMED_UNIT ( * ) SI_UNIT ( $, .STERADIAN. ) SOLID_ANGLE_UNIT ( ) );
#7152 = PRESENTATION_STYLE_ASSIGNMENT (( #3433 ) ) ;
#7153 = VERTEX_POINT ( 'NONE', #411 ) ;
#7154 = VECTOR ( 'NONE', #6877, 1000.000000000000000 ) ;
#7155 = VECTOR ( 'NONE', #4822, 1000.000000000000227 ) ;
#7156 = LINE ( 'NONE', #9023, #9249 ) ;
#7157 = AXIS2_PLACEMENT_3D ( 'NONE', #1176, #4914, #11374 ) ;
#7158 = CARTESIAN_POINT ( 'NONE',  ( -0.8525813444966419130, 1.300000000000000044, -1.851678760512114108 ) ) ;
#7159 =( NAMED_UNIT ( * ) SI_UNIT ( $, .STERADIAN. ) SOLID_ANGLE_UNIT ( ) );
#7160 = CARTESIAN_POINT ( 'NONE',  ( -0.2316379168720959780, 1.310000000000000053, -1.764131143958194370 ) ) ;
#7161 = ORIENTED_EDGE ( 'NONE', *, *, #7247, .F. ) ;
#7162 = ORIENTED_EDGE ( 'NONE', *, *, #7770, .F. ) ;
#7163 = CARTESIAN_POINT ( 'NONE',  ( -0.3897331080481357679, 1.300000000000000044, -1.840657326599245192 ) ) ;
#7164 = VECTOR ( 'NONE', #168, 1000.000000000000000 ) ;
#7165 = LINE ( 'NONE', #6253, #5032 ) ;
#7166 = COLOUR_RGB ( '',1.000000000000000000, 1.000000000000000000, 1.000000000000000000 ) ;
#7167 = FILL_AREA_STYLE_COLOUR ( '', #818 ) ;
#7168 = DIRECTION ( 'NONE',  ( 6.662906143883821708E-15, -0.0000000000000000000, 1.000000000000000000 ) ) ;
#7169 =( NAMED_UNIT ( * ) PLANE_ANGLE_UNIT ( ) SI_UNIT ( $, .RADIAN. ) );
#7170 =( GEOMETRIC_REPRESENTATION_CONTEXT ( 3 ) GLOBAL_UNCERTAINTY_ASSIGNED_CONTEXT ( ( #11286 ) ) GLOBAL_UNIT_ASSIGNED_CONTEXT ( ( #892, #7349, #6312 ) ) REPRESENTATION_CONTEXT ( 'NONE', 'WORKASPACE' ) );
#7171 = DIRECTION ( 'NONE',  ( 5.524475822672532312E-15, -0.0000000000000000000, 1.000000000000000000 ) ) ;
#7172 = VECTOR ( 'NONE', #6675, 1000.000000000000000 ) ;
#7173 = CARTESIAN_POINT ( 'NONE',  ( -0.4029900214813191273, 1.310000000000000053, -1.734913946509705207 ) ) ;
#7174 = ORIENTED_EDGE ( 'NONE', *, *, #6765, .T. ) ;
#7175 =( NAMED_UNIT ( * ) PLANE_ANGLE_UNIT ( ) SI_UNIT ( $, .RADIAN. ) );
#7176 = VECTOR ( 'NONE', #8172, 1000.000000000000000 ) ;
#7177 = VERTEX_POINT ( 'NONE', #4136 ) ;
#7178 = ORIENTED_EDGE ( 'NONE', *, *, #102, .F. ) ;
#7179 = PLANE ( 'NONE',  #10262 ) ;
#7180 = CARTESIAN_POINT ( 'NONE',  ( -0.7176727548557694236, 1.310000000000000053, -1.676791478987285089 ) ) ;
#7181 = ORIENTED_EDGE ( 'NONE', *, *, #627, .T. ) ;
#7182 = SURFACE_STYLE_USAGE ( .BOTH. , #9771 ) ;
#7183 = ADVANCED_FACE ( 'NONE', ( #4250 ), #11429, .T. ) ;
#7184 = CARTESIAN_POINT ( 'NONE',  ( -0.5792289882979033688, 1.310000000000000053, -1.513133582959742540 ) ) ;
#7185 = COLOUR_RGB ( '',1.000000000000000000, 1.000000000000000000, 1.000000000000000000 ) ;
#7186 = SURFACE_SIDE_STYLE ('',( #10092 ) ) ;
#7187 = ORIENTED_EDGE ( 'NONE', *, *, #4359, .T. ) ;
#7188 = VECTOR ( 'NONE', #104, 1000.000000000000000 ) ;
#7189 = DIRECTION ( 'NONE',  ( 6.338874234249405575E-15, -0.0000000000000000000, 1.000000000000000000 ) ) ;
#7190 = ORIENTED_EDGE ( 'NONE', *, *, #5985, .T. ) ;
#7191 =( GEOMETRIC_REPRESENTATION_CONTEXT ( 3 ) GLOBAL_UNCERTAINTY_ASSIGNED_CONTEXT ( ( #7297 ) ) GLOBAL_UNIT_ASSIGNED_CONTEXT ( ( #4442, #8620, #158 ) ) REPRESENTATION_CONTEXT ( 'NONE', 'WORKASPACE' ) );
#7192 = CARTESIAN_POINT ( 'NONE',  ( 0.3739333167267185343, 1.300000000000000044, -1.567094298974051503 ) ) ;
#7193 = VERTEX_POINT ( 'NONE', #634 ) ;
#7194 = AXIS2_PLACEMENT_3D ( 'NONE', #8941, #6227, #8995 ) ;
#7195 = FILL_AREA_STYLE_COLOUR ( '', #1871 ) ;
#7196 = DIRECTION ( 'NONE',  ( -8.279859545650748409E-15, 0.0000000000000000000, -1.000000000000000000 ) ) ;
#7197 = CARTESIAN_POINT ( 'NONE',  ( 0.4722604332932420768, 1.300000000000000044, -1.811466152864494861 ) ) ;
#7198 = ORIENTED_EDGE ( 'NONE', *, *, #9204, .T. ) ;
#7199 = SURFACE_STYLE_FILL_AREA ( #6460 ) ;
#7200 =( NAMED_UNIT ( * ) PLANE_ANGLE_UNIT ( ) SI_UNIT ( $, .RADIAN. ) );
#7201 = STYLED_ITEM ( 'NONE', ( #1802 ), #1226 ) ;
#7202 = CARTESIAN_POINT ( 'NONE',  ( 0.5992357601447607651, -2.221701899249248768, 0.4614751482429650387 ) ) ;
#7203 = CARTESIAN_POINT ( 'NONE',  ( -1.000071004927248319, 1.300000000000000044, -1.676791478987283091 ) ) ;
#7204 = CARTESIAN_POINT ( 'NONE',  ( 0.9060565982561902265, 1.300000000000000044, -1.877981485487228541 ) ) ;
#7205 = CARTESIAN_POINT ( 'NONE',  ( 0.2134287628575559093, 1.310000000000000053, -1.815804048184584740 ) ) ;
#7206 = EDGE_CURVE ( 'NONE', #9166, #4498, #8196, .T. ) ;
#7207 = UNCERTAINTY_MEASURE_WITH_UNIT (LENGTH_MEASURE( 1.000000000000000082E-05 ), #5946, 'distance_accuracy_value', 'NONE');
#7208 = SURFACE_STYLE_USAGE ( .BOTH. , #10914 ) ;
#7209 = CARTESIAN_POINT ( 'NONE',  ( -0.1723717156423362207, 1.310000000000000053, -1.883599328542719498 ) ) ;
#7210 =( GEOMETRIC_REPRESENTATION_CONTEXT ( 3 ) GLOBAL_UNCERTAINTY_ASSIGNED_CONTEXT ( ( #1074 ) ) GLOBAL_UNIT_ASSIGNED_CONTEXT ( ( #5618, #9316, #6753 ) ) REPRESENTATION_CONTEXT ( 'NONE', 'WORKASPACE' ) );
#7212 = UNCERTAINTY_MEASURE_WITH_UNIT (LENGTH_MEASURE( 1.000000000000000082E-05 ), #9016, 'distance_accuracy_value', 'NONE');
#7211 =( LENGTH_UNIT ( ) NAMED_UNIT ( * ) SI_UNIT ( .MILLI., .METRE. ) );
#7213 = CARTESIAN_POINT ( 'NONE',  ( 0.8467710773767120891, 1.300000000000000044, -1.503470786245107549 ) ) ;
#7214 = CARTESIAN_POINT ( 'NONE',  ( -0.1160168365777153460, 1.300000000000000044, -1.880168127418622603 ) ) ;
#7215 = VERTEX_POINT ( 'NONE', #5337 ) ;
#7216 = FACE_OUTER_BOUND ( 'NONE', #1403, .T. ) ;
#7217 = CARTESIAN_POINT ( 'NONE',  ( -0.1662371439361188530, 1.310000000000000053, -1.846168043554988980 ) ) ;
#7218 = SURFACE_STYLE_USAGE ( .BOTH. , #11813 ) ;
#7219 = FILL_AREA_STYLE ('',( #7038 ) ) ;
#7220 = CARTESIAN_POINT ( 'NONE',  ( -2.299999999999999822, 0.0000000000000000000, -2.250000000000000000 ) ) ;
#7221 = ORIENTED_EDGE ( 'NONE', *, *, #8301, .T. ) ;
#7222 = VERTEX_POINT ( 'NONE', #11863 ) ;
#7223 = DIRECTION ( 'NONE',  ( -0.0000000000000000000, -1.000000000000000000, -0.0000000000000000000 ) ) ;
#7224 = PLANE ( 'NONE',  #9654 ) ;
#7225 = EDGE_CURVE ( 'NONE', #3272, #10084, #7156, .T. ) ;
#7226 = DIRECTION ( 'NONE',  ( -1.000000000000000000, 0.0000000000000000000, 0.0000000000000000000 ) ) ;
#7227 = CARTESIAN_POINT ( 'NONE',  ( -0.3414363528354890098, 1.310000000000000053, -1.377549150671263600 ) ) ;
#7228 = LINE ( 'NONE', #4624, #7920 ) ;
#7229 = EDGE_CURVE ( 'NONE', #5481, #3882, #5515, .T. ) ;
#7230 = DIRECTION ( 'NONE',  ( -0.0000000000000000000, -1.000000000000000000, -0.0000000000000000000 ) ) ;
#7231 = STYLED_ITEM ( 'NONE', ( #2415 ), #1790 ) ;
#7232 = CARTESIAN_POINT ( 'NONE',  ( -0.3257879961947383607, 1.310000000000000053, -1.757684644877441027 ) ) ;
#7233 = EDGE_LOOP ( 'NONE', ( #2788, #8490, #11557, #6768 ) ) ;
#7234 =( NAMED_UNIT ( * ) SI_UNIT ( $, .STERADIAN. ) SOLID_ANGLE_UNIT ( ) );
#7235 = VERTEX_POINT ( 'NONE', #823 ) ;
#7236 = VERTEX_POINT ( 'NONE', #10977 ) ;
#7237 = CARTESIAN_POINT ( 'NONE',  ( -0.2439590481802665634, 1.300000000000000044, -1.374429876923095595 ) ) ;
#7238 = LINE ( 'NONE', #7180, #2599 ) ;
#7239 = ORIENTED_EDGE ( 'NONE', *, *, #19, .T. ) ;
#7240 = CARTESIAN_POINT ( 'NONE',  ( 0.7918235759260240370, 1.300000000000000044, -1.512146714784001311 ) ) ;
#7241 = DIRECTION ( 'NONE',  ( 0.0000000000000000000, 0.0000000000000000000, 1.000000000000000000 ) ) ;
#7242 = CARTESIAN_POINT ( 'NONE',  ( -0.1857326048670288055, 1.300000000000000044, -1.813519644983799584 ) ) ;
#7243 = SURFACE_STYLE_USAGE ( .BOTH. , #11773 ) ;
#7244 = CARTESIAN_POINT ( 'NONE',  ( -0.8525813444966405807, 1.310000000000000053, -1.703721209019702254 ) ) ;
#7245 = UNCERTAINTY_MEASURE_WITH_UNIT (LENGTH_MEASURE( 1.000000000000000082E-05 ), #10815, 'distance_accuracy_value', 'NONE');
#7246 = CARTESIAN_POINT ( 'NONE',  ( -0.7736117307536444221, 1.310000000000000053, -1.880168127418618162 ) ) ;
#7247 = EDGE_CURVE ( 'NONE', #7956, #5809, #764, .T. ) ;
#7248 = ORIENTED_EDGE ( 'NONE', *, *, #11726, .F. ) ;
#7249 = SURFACE_SIDE_STYLE ('',( #9182 ) ) ;
#7250 = CARTESIAN_POINT ( 'NONE',  ( -0.5792289882979033688, 1.300000000000000044, -1.513133582959742540 ) ) ;
#7251 = CARTESIAN_POINT ( 'NONE',  ( -0.8556486303490521417, 1.300000000000000044, -1.801978332111965342 ) ) ;
#7252 = DIRECTION ( 'NONE',  ( 7.220391078106139393E-15, -0.0000000000000000000, 1.000000000000000000 ) ) ;
#7253 = FACE_OUTER_BOUND ( 'NONE', #393, .T. ) ;
#7254 = VERTEX_POINT ( 'NONE', #8252 ) ;
#7255 = EDGE_CURVE ( 'NONE', #165, #477, #17, .T. ) ;
#7256 = EDGE_CURVE ( 'NONE', #8428, #7699, #3808, .T. ) ;
#7257 = B_SPLINE_CURVE_WITH_KNOTS ( 'NONE', 3,
 ( #8589, #5078, #6763, #7862 ),
 .UNSPECIFIED., .F., .F.,
 ( 4, 4 ),
 ( 3.000000000000000000, 4.000000000000000000 ),
 .UNSPECIFIED. ) ;
#7258 = CARTESIAN_POINT ( 'NONE',  ( -0.3257879961947383607, 1.300000000000000044, -1.757684644877441027 ) ) ;
#7259 = ORIENTED_EDGE ( 'NONE', *, *, #921, .F. ) ;
#7260 = CARTESIAN_POINT ( 'NONE',  ( 0.0000000000000000000, 0.0000000000000000000, -2.250000000000000000 ) ) ;
#7261 = CARTESIAN_POINT ( 'NONE',  ( -0.6285655014263664686, 1.310000000000000053, -1.453243526978823086 ) ) ;
#7262 =( NAMED_UNIT ( * ) PLANE_ANGLE_UNIT ( ) SI_UNIT ( $, .RADIAN. ) );
#7263 =( NAMED_UNIT ( * ) SI_UNIT ( $, .STERADIAN. ) SOLID_ANGLE_UNIT ( ) );
#7264 = EDGE_CURVE ( 'NONE', #7540, #4766, #11109, .T. ) ;
#7265 = VECTOR ( 'NONE', #8042, 1000.000000000000000 ) ;
#7266 =( LENGTH_UNIT ( ) NAMED_UNIT ( * ) SI_UNIT ( .MILLI., .METRE. ) );
#7267 = CARTESIAN_POINT ( 'NONE',  ( -0.8556486303490516976, 1.300000000000000044, -1.751238145795297019 ) ) ;
#7268 = ORIENTED_EDGE ( 'NONE', *, *, #9595, .T. ) ;
#7269 =( LENGTH_UNIT ( ) NAMED_UNIT ( * ) SI_UNIT ( .MILLI., .METRE. ) );
#7270 = MECHANICAL_DESIGN_GEOMETRIC_PRESENTATION_REPRESENTATION (  '', ( #466 ), #9775 ) ;
#7271 = STYLED_ITEM ( 'NONE', ( #794 ), #4397 ) ;
#7272 = EDGE_LOOP ( 'NONE', ( #5484, #1951, #1767, #2380 ) ) ;
#7273 = DIRECTION ( 'NONE',  ( -1.000000000000000000, -0.0000000000000000000, 8.087211335137715864E-15 ) ) ;
#7274 = CARTESIAN_POINT ( 'NONE',  ( -0.5187670654636578060, 1.310000000000000053, -1.534344644452003026 ) ) ;
#7275 = CARTESIAN_POINT ( 'NONE',  ( -1.520000000000000018, -0.2000000000000000111, -7.249999999999999112 ) ) ;
#7276 = DIRECTION ( 'NONE',  ( 0.0000000000000000000, -0.0000000000000000000, 1.000000000000000000 ) ) ;
#7277 = CARTESIAN_POINT ( 'NONE',  ( -0.1689405145182395207, 1.310000000000000053, -1.758204523835003918 ) ) ;
#7278 = ORIENTED_EDGE ( 'NONE', *, *, #1373, .T. ) ;
#7279 = ORIENTED_EDGE ( 'NONE', *, *, #4429, .T. ) ;
#7280 = CARTESIAN_POINT ( 'NONE',  ( 0.9263003717578298657, 1.310000000000000053, -1.503470786245108215 ) ) ;
#7281 = PRESENTATION_LAYER_ASSIGNMENT (  '', '', ( #5745 ) ) ;
#7282 = B_SPLINE_CURVE_WITH_KNOTS ( 'NONE', 3,
 ( #9962, #11947, #1835, #5439 ),
 .UNSPECIFIED., .F., .F.,
 ( 4, 4 ),
 ( 3.000000000000000000, 4.000000000000000000 ),
 .UNSPECIFIED. ) ;
#7283 = SURFACE_SIDE_STYLE ('',( #3518 ) ) ;
#7284 = EDGE_CURVE ( 'NONE', #4160, #6316, #2626, .T. ) ;
#7285 = LINE ( 'NONE', #6192, #7041 ) ;
#7286 = CARTESIAN_POINT ( 'NONE',  ( -0.4599687552957064662, 1.310000000000000053, -1.879856200044076386 ) ) ;
#7287 = CARTESIAN_POINT ( 'NONE',  ( -0.3037971162647429280, 1.310000000000000053, -1.803433993194542895 ) ) ;
#7288 = FILL_AREA_STYLE_COLOUR ( '', #9117 ) ;
#7289 = CARTESIAN_POINT ( 'NONE',  ( -0.3483507429787453535, 1.310000000000000053, -1.731586721177126087 ) ) ;
#7290 = VERTEX_POINT ( 'NONE', #3702 ) ;
#7291 = FACE_OUTER_BOUND ( 'NONE', #9082, .T. ) ;
#7292 = MECHANICAL_DESIGN_GEOMETRIC_PRESENTATION_REPRESENTATION (  '', ( #9227 ), #8273 ) ;
#7293 = ORIENTED_EDGE ( 'NONE', *, *, #1006, .F. ) ;
#7294 = ORIENTED_EDGE ( 'NONE', *, *, #3289, .T. ) ;
#7295 = EDGE_LOOP ( 'NONE', ( #5456, #2672, #8660, #7975 ) ) ;
#7296 = EDGE_CURVE ( 'NONE', #4414, #10366, #7402, .T. ) ;
#7297 = UNCERTAINTY_MEASURE_WITH_UNIT (LENGTH_MEASURE( 1.000000000000000082E-05 ), #4442, 'distance_accuracy_value', 'NONE');
#7298 = LINE ( 'NONE', #11086, #7383 ) ;
#7299 = DIRECTION ( 'NONE',  ( -0.0000000000000000000, -1.000000000000000000, -0.0000000000000000000 ) ) ;
#7300 = FILL_AREA_STYLE_COLOUR ( '', #1434 ) ;
#7301 =( LENGTH_UNIT ( ) NAMED_UNIT ( * ) SI_UNIT ( .MILLI., .METRE. ) );
#7302 = CARTESIAN_POINT ( 'NONE',  ( -0.8321501014421142095, 1.310000000000000053, -1.685733397068509998 ) ) ;
#7303 =( LENGTH_UNIT ( ) NAMED_UNIT ( * ) SI_UNIT ( .MILLI., .METRE. ) );
#7304 = ORIENTED_EDGE ( 'NONE', *, *, #7534, .F. ) ;
#7305 = CARTESIAN_POINT ( 'NONE',  ( -0.6792536998472826770, 1.300000000000000044, -1.856981525884830786 ) ) ;
#7306 = SURFACE_STYLE_USAGE ( .BOTH. , #1534 ) ;
#7307 =( LENGTH_UNIT ( ) NAMED_UNIT ( * ) SI_UNIT ( .MILLI., .METRE. ) );
#7308 = PRESENTATION_LAYER_ASSIGNMENT (  '', '', ( #2638 ) ) ;
#7309 = ORIENTED_EDGE ( 'NONE', *, *, #8406, .F. ) ;
#7310 = ADVANCED_FACE ( 'NONE', ( #6475 ), #10184, .F. ) ;
#7311 = DIRECTION ( 'NONE',  ( 0.0000000000000000000, -1.000000000000000000, 0.0000000000000000000 ) ) ;
#7312 =( GEOMETRIC_REPRESENTATION_CONTEXT ( 3 ) GLOBAL_UNCERTAINTY_ASSIGNED_CONTEXT ( ( #4757 ) ) GLOBAL_UNIT_ASSIGNED_CONTEXT ( ( #11060, #77, #9339 ) ) REPRESENTATION_CONTEXT ( 'NONE', 'WORKASPACE' ) );
#7313 = UNCERTAINTY_MEASURE_WITH_UNIT (LENGTH_MEASURE( 1.000000000000000082E-05 ), #6197, 'distance_accuracy_value', 'NONE');
#7314 =( NAMED_UNIT ( * ) SI_UNIT ( $, .STERADIAN. ) SOLID_ANGLE_UNIT ( ) );
#7315 = EDGE_LOOP ( 'NONE', ( #10614, #8325, #9574, #4286 ) ) ;
#7316 = COLOUR_RGB ( '',1.000000000000000000, 1.000000000000000000, 1.000000000000000000 ) ;
#7317 = MECHANICAL_DESIGN_GEOMETRIC_PRESENTATION_REPRESENTATION (  '', ( #9043 ), #3620 ) ;
#7318 = CARTESIAN_POINT ( 'NONE',  ( -0.7439266422419624769, 1.300000000000000044, -1.856981525884830342 ) ) ;
#7319 = CARTESIAN_POINT ( 'NONE',  ( 0.0000000000000000000, -2.299999999999999822, -0.7500000000000001110 ) ) ;
#7320 = VERTEX_POINT ( 'NONE', #2105 ) ;
#7321 = CARTESIAN_POINT ( 'NONE',  ( -0.03288819116795171915, 1.300000000000000044, -1.856981525884835449 ) ) ;
#7322 = ADVANCED_FACE ( 'NONE', ( #7590 ), #5835, .F. ) ;
#7323 = PRESENTATION_LAYER_ASSIGNMENT (  '', '', ( #11761 ) ) ;
#7324 = ADVANCED_FACE ( 'NONE', ( #5765 ), #1037, .F. ) ;
#7325 = CARTESIAN_POINT ( 'NONE',  ( 0.2500000000000000000, 0.2000000000000000111, -7.249999999999999112 ) ) ;
#7326 = MECHANICAL_DESIGN_GEOMETRIC_PRESENTATION_REPRESENTATION (  '', ( #9491 ), #4266 ) ;
#7327 = COLOUR_RGB ( '',1.000000000000000000, 1.000000000000000000, 1.000000000000000000 ) ;
#7328 = CARTESIAN_POINT ( 'NONE',  ( -0.4141674190814600975, 1.310000000000000053, -1.442637996233387510 ) ) ;
#7329 = ORIENTED_EDGE ( 'NONE', *, *, #4299, .F. ) ;
#7330 = STYLED_ITEM ( 'NONE', ( #8441 ), #11184 ) ;
#7331 = PRESENTATION_LAYER_ASSIGNMENT (  '', '', ( #10028 ) ) ;
#7332 = MECHANICAL_DESIGN_GEOMETRIC_PRESENTATION_REPRESENTATION (  '', ( #525 ), #7924 ) ;
#7333 = ORIENTED_EDGE ( 'NONE', *, *, #6883, .F. ) ;
#7334 = CARTESIAN_POINT ( 'NONE',  ( -0.1662371439361186309, 1.310000000000000053, -1.839201665516672968 ) ) ;
#7335 = CARTESIAN_POINT ( 'NONE',  ( -0.4199380755173776070, 1.300000000000000044, -1.354154597554452666 ) ) ;
#7336 = VECTOR ( 'NONE', #11915, 1000.000000000000000 ) ;
#7337 = SURFACE_SIDE_STYLE ('',( #9387 ) ) ;
#7338 = STYLED_ITEM ( 'NONE', ( #4032 ), #9480 ) ;
#7339 = VERTEX_POINT ( 'NONE', #9062 ) ;
#7340 = ORIENTED_EDGE ( 'NONE', *, *, #3534, .T. ) ;
#7341 = PRESENTATION_STYLE_ASSIGNMENT (( #6430 ) ) ;
#7342 =( GEOMETRIC_REPRESENTATION_CONTEXT ( 3 ) GLOBAL_UNCERTAINTY_ASSIGNED_CONTEXT ( ( #2816 ) ) GLOBAL_UNIT_ASSIGNED_CONTEXT ( ( #3697, #212, #10495 ) ) REPRESENTATION_CONTEXT ( 'NONE', 'WORKASPACE' ) );
#7343 =( NAMED_UNIT ( * ) PLANE_ANGLE_UNIT ( ) SI_UNIT ( $, .RADIAN. ) );
#7344 = VECTOR ( 'NONE', #5595, 1000.000000000000114 ) ;
#7345 = DIRECTION ( 'NONE',  ( 0.3283461648125187149, -0.0000000000000000000, 0.9445574604294384446 ) ) ;
#7346 = CARTESIAN_POINT ( 'NONE',  ( -0.2990142298495890305, 1.300000000000000044, -1.797091469905306216 ) ) ;
#7347 = COLOUR_RGB ( '',1.000000000000000000, 1.000000000000000000, 1.000000000000000000 ) ;
#7348 = COLOUR_RGB ( '',1.000000000000000000, 1.000000000000000000, 1.000000000000000000 ) ;
#7349 =( NAMED_UNIT ( * ) PLANE_ANGLE_UNIT ( ) SI_UNIT ( $, .RADIAN. ) );
#7350 = PRESENTATION_LAYER_ASSIGNMENT (  '', '', ( #1712 ) ) ;
#7351 = MECHANICAL_DESIGN_GEOMETRIC_PRESENTATION_REPRESENTATION (  '', ( #10841 ), #8895 ) ;
#7352 = CARTESIAN_POINT ( 'NONE',  ( -0.2916319486438346265, 1.300000000000000044, -1.875073313628925264 ) ) ;
#7353 = PRESENTATION_LAYER_ASSIGNMENT (  '', '', ( #9293 ) ) ;
#7354 = ORIENTED_EDGE ( 'NONE', *, *, #3427, .T. ) ;
#7355 =( LENGTH_UNIT ( ) NAMED_UNIT ( * ) SI_UNIT ( .MILLI., .METRE. ) );
#7356 = EDGE_LOOP ( 'NONE', ( #111, #7674, #3736, #2129 ) ) ;
#7357 = VERTEX_POINT ( 'NONE', #7258 ) ;
#7358 = CARTESIAN_POINT ( 'NONE',  ( -0.1138853328496115674, 1.310000000000000053, -1.557531245985789514 ) ) ;
#7359 = CARTESIAN_POINT ( 'NONE',  ( -0.4141674190814600975, 1.310000000000000053, -1.442637996233387510 ) ) ;
#7360 = PRESENTATION_LAYER_ASSIGNMENT (  '', '', ( #11608 ) ) ;
#7361 =( GEOMETRIC_REPRESENTATION_CONTEXT ( 3 ) GLOBAL_UNCERTAINTY_ASSIGNED_CONTEXT ( ( #3480 ) ) GLOBAL_UNIT_ASSIGNED_CONTEXT ( ( #6060, #5216, #6170 ) ) REPRESENTATION_CONTEXT ( 'NONE', 'WORKASPACE' ) );
#7362 = ORIENTED_EDGE ( 'NONE', *, *, #10368, .T. ) ;
#7363 = CARTESIAN_POINT ( 'NONE',  ( -0.7332691235993779033, 1.300000000000000044, -1.391585882542178521 ) ) ;
#7364 = MECHANICAL_DESIGN_GEOMETRIC_PRESENTATION_REPRESENTATION (  '', ( #1143 ), #10458 ) ;
#7365 = DIRECTION ( 'NONE',  ( 8.617725714964500169E-15, -0.0000000000000000000, 1.000000000000000000 ) ) ;
#7366 = SURFACE_SIDE_STYLE ('',( #1958 ) ) ;
#7367 = CARTESIAN_POINT ( 'NONE',  ( -0.6183238859512255603, 1.300000000000000044, -1.399072139539447868 ) ) ;
#7368 = COLOUR_RGB ( '',1.000000000000000000, 1.000000000000000000, 1.000000000000000000 ) ;
#7369 = VECTOR ( 'NONE', #7503, 1000.000000000000000 ) ;
#7370 = PRESENTATION_LAYER_ASSIGNMENT (  '', '', ( #3106 ) ) ;
#7371 = ADVANCED_FACE ( 'NONE', ( #6458 ), #8520, .F. ) ;
#7372 = PRESENTATION_STYLE_ASSIGNMENT (( #8407 ) ) ;
#7373 = UNCERTAINTY_MEASURE_WITH_UNIT (LENGTH_MEASURE( 1.000000000000000082E-05 ), #10684, 'distance_accuracy_value', 'NONE');
#7374 = ORIENTED_EDGE ( 'NONE', *, *, #8987, .T. ) ;
#7375 = FILL_AREA_STYLE ('',( #4590 ) ) ;
#7376 = DIRECTION ( 'NONE',  ( -0.0000000000000000000, -0.0000000000000000000, -1.000000000000000000 ) ) ;
#7377 = SURFACE_STYLE_USAGE ( .BOTH. , #5683 ) ;
#7378 = FILL_AREA_STYLE ('',( #1097 ) ) ;
#7379 =( GEOMETRIC_REPRESENTATION_CONTEXT ( 3 ) GLOBAL_UNCERTAINTY_ASSIGNED_CONTEXT ( ( #333 ) ) GLOBAL_UNIT_ASSIGNED_CONTEXT ( ( #9123, #11892, #11088 ) ) REPRESENTATION_CONTEXT ( 'NONE', 'WORKASPACE' ) );
#7380 = SURFACE_STYLE_FILL_AREA ( #923 ) ;
#7381 = STYLED_ITEM ( 'NONE', ( #2594 ), #10544 ) ;
#7382 = SURFACE_STYLE_USAGE ( .BOTH. , #988 ) ;
#7383 = VECTOR ( 'NONE', #9118, 1000.000000000000000 ) ;
#7384 = EDGE_CURVE ( 'NONE', #9276, #6337, #5973, .T. ) ;
#7385 = CYLINDRICAL_SURFACE ( 'NONE', #11219, 0.7500000000000001110 ) ;
#7386 = VERTEX_POINT ( 'NONE', #679 ) ;
#7387 = CARTESIAN_POINT ( 'NONE',  ( -0.2316379168720961723, 1.310000000000000053, -1.787837624449537532 ) ) ;
#7388 = VECTOR ( 'NONE', #3636, 1000.000000000000000 ) ;
#7389 = CARTESIAN_POINT ( 'NONE',  ( -0.4629840532530526409, 1.300000000000000044, -1.354154597554452666 ) ) ;
#7390 = EDGE_CURVE ( 'NONE', #1522, #4150, #11096, .T. ) ;
#7391 = LINE ( 'NONE', #6341, #10432 ) ;
#7393 = EDGE_CURVE ( 'NONE', #10758, #9951, #4234, .T. ) ;
#7392 = SURFACE_STYLE_FILL_AREA ( #622 ) ;
#7394 = CARTESIAN_POINT ( 'NONE',  ( 0.6240890862035273212, 1.310000000000000053, -1.911239179379300657 ) ) ;
#7395 = CARTESIAN_POINT ( 'NONE',  ( 0.9913697944336655743, 1.310000000000000053, -1.648069503302061811 ) ) ;
#7396 = VECTOR ( 'NONE', #8777, 1000.000000000000000 ) ;
#7397 = FACE_OUTER_BOUND ( 'NONE', #5367, .T. ) ;
#7398 = PLANE ( 'NONE',  #2913 ) ;
#7399 = ADVANCED_FACE ( 'NONE', ( #11850 ), #669, .F. ) ;
#7400 = SURFACE_STYLE_USAGE ( .BOTH. , #941 ) ;
#7401 = ORIENTED_EDGE ( 'NONE', *, *, #4180, .T. ) ;
#7402 = LINE ( 'NONE', #3507, #6138 ) ;
#7403 = CARTESIAN_POINT ( 'NONE',  ( -0.7730918517946856472, 1.310000000000000053, -1.501904197462452295 ) ) ;
#7404 = CARTESIAN_POINT ( 'NONE',  ( -0.8484223128319555718, 1.300000000000000044, -1.821733732521657378 ) ) ;
#7405 = ADVANCED_FACE ( 'NONE', ( #2616 ), #4855, .F. ) ;
#7406 = LINE ( 'NONE', #10864, #8564 ) ;
#7407 = FACE_BOUND ( 'NONE', #8668, .T. ) ;
#7408 = CARTESIAN_POINT ( 'NONE',  ( -0.1497569809625639847, 1.310000000000000053, -1.458130389185492204 ) ) ;
#7409 = EDGE_LOOP ( 'NONE', ( #3904, #7333, #4729, #1366, #8176, #5788, #4031, #6698, #7050, #5498, #877, #9424, #11869, #830 ) ) ;
#7410 = ORIENTED_EDGE ( 'NONE', *, *, #3506, .T. ) ;
#7411 = CARTESIAN_POINT ( 'NONE',  ( 0.8467710773767120891, 1.310000000000000053, -1.503470786245107549 ) ) ;
#7412 = SURFACE_STYLE_USAGE ( .BOTH. , #2840 ) ;
#7413 = CARTESIAN_POINT ( 'NONE',  ( -0.2181730518558842036, 1.300000000000000044, -1.560962447109883744 ) ) ;
#7414 = DIRECTION ( 'NONE',  ( 1.000000000000000000, 0.0000000000000000000, -7.752749528092233471E-15 ) ) ;
#7415 = SURFACE_STYLE_FILL_AREA ( #2737 ) ;
#7416 = B_SPLINE_CURVE_WITH_KNOTS ( 'NONE', 3,
 ( #5995, #5938, #9617, #5325 ),
 .UNSPECIFIED., .F., .F.,
 ( 4, 4 ),
 ( 5.000000000000000000, 6.000000000000000000 ),
 .UNSPECIFIED. ) ;
#7417 = SURFACE_SIDE_STYLE ('',( #3715 ) ) ;
#7418 = CARTESIAN_POINT ( 'NONE',  ( 0.4187589521102141887, 1.310000000000000053, -1.792668275519048171 ) ) ;
#7419 = PLANE ( 'NONE',  #8704 ) ;
#7420 = ORIENTED_EDGE ( 'NONE', *, *, #10586, .F. ) ;
#7421 = SURFACE_SIDE_STYLE ('',( #3529 ) ) ;
#7422 = VERTEX_POINT ( 'NONE', #5192 ) ;
#7423 = VERTEX_POINT ( 'NONE', #555 ) ;
#7424 = SURFACE_STYLE_USAGE ( .BOTH. , #9230 ) ;
#7425 = EDGE_LOOP ( 'NONE', ( #11501, #3030, #7162, #10925 ) ) ;
#7426 = SURFACE_SIDE_STYLE ('',( #2795 ) ) ;
#7427 = UNCERTAINTY_MEASURE_WITH_UNIT (LENGTH_MEASURE( 1.000000000000000082E-05 ), #3773, 'distance_accuracy_value', 'NONE');
#7428 = DIRECTION ( 'NONE',  ( 1.000000000000000000, 0.0000000000000000000, 0.0000000000000000000 ) ) ;
#7429 =( LENGTH_UNIT ( ) NAMED_UNIT ( * ) SI_UNIT ( .MILLI., .METRE. ) );
#7430 = CARTESIAN_POINT ( 'NONE',  ( 0.6240890862035279874, 1.310000000000000053, -1.831709884997493765 ) ) ;
#7431 = B_SPLINE_CURVE_WITH_KNOTS ( 'NONE', 3,
 ( #683, #11852, #5321, #9006 ),
 .UNSPECIFIED., .F., .F.,
 ( 4, 4 ),
 ( 1.000000000000000000, 2.000000000000000000 ),
 .UNSPECIFIED. ) ;
#7432 = CARTESIAN_POINT ( 'NONE',  ( -0.2500000000000000000, 0.2000000000000000111, -7.249999999999999112 ) ) ;
#7433 =( NAMED_UNIT ( * ) SI_UNIT ( $, .STERADIAN. ) SOLID_ANGLE_UNIT ( ) );
#7434 = SURFACE_STYLE_FILL_AREA ( #10284 ) ;
#7435 = ORIENTED_EDGE ( 'NONE', *, *, #3840, .T. ) ;
#7436 = CARTESIAN_POINT ( 'NONE',  ( -0.1930628981770302621, 1.300000000000000044, -1.862700194424997457 ) ) ;
#7437 = CARTESIAN_POINT ( 'NONE',  ( -0.6398468748194138245, 1.310000000000000053, -1.557531245985785961 ) ) ;
#7438 = CARTESIAN_POINT ( 'NONE',  ( -0.3303629310268647590, 1.310000000000000053, -1.816326991357427589 ) ) ;
#7439 = PRESENTATION_STYLE_ASSIGNMENT (( #3794 ) ) ;
#7440 = CARTESIAN_POINT ( 'NONE',  ( -0.03288819116795062281, 1.300000000000000044, -1.700186032104099576 ) ) ;
#7441 = CARTESIAN_POINT ( 'NONE',  ( -0.5160117069857845795, 1.300000000000000044, -1.734913946509704097 ) ) ;
#7442 = CARTESIAN_POINT ( 'NONE',  ( 1.014505594678532185, 1.310000000000000053, -1.486119025696001517 ) ) ;
#7443 = UNCERTAINTY_MEASURE_WITH_UNIT (LENGTH_MEASURE( 1.000000000000000082E-05 ), #5906, 'distance_accuracy_value', 'NONE');
#7444 = FILL_AREA_STYLE_COLOUR ( '', #6760 ) ;
#7445 = EDGE_LOOP ( 'NONE', ( #9325, #21, #10934, #1781 ) ) ;
#7446 = DIRECTION ( 'NONE',  ( -0.4630180653867000395, 0.0000000000000000000, -0.8863488427958585714 ) ) ;
#7447 = CARTESIAN_POINT ( 'NONE',  ( -0.9841627088063191753, 1.310000000000000053, -1.708919998602292711 ) ) ;
#7448 = B_SPLINE_SURFACE_WITH_KNOTS ( 'NONE', 3, 1, ( 
 ( #105, #3115 ),
 ( #7845, #4900 ),
 ( #5791, #10622 ),
 ( #8801, #1261 ) ),
 .UNSPECIFIED., .F., .F., .F.,
 ( 4, 4 ),
 ( 2, 2 ),
 ( 14.00000000000000000, 15.00000000000000000 ),
 ( 0.0000000000000000000, 1.000000000000000000 ),
 .UNSPECIFIED. ) ;
#7449 = CARTESIAN_POINT ( 'NONE',  ( 0.1976105648085850486, -2.293303778250527891, 0.7300845571681342516 ) ) ;
#7450 = SURFACE_STYLE_USAGE ( .BOTH. , #11201 ) ;
#7451 = DIRECTION ( 'NONE',  ( -1.000000000000000000, -0.0000000000000000000, 7.752749528092231894E-15 ) ) ;
#7452 = CARTESIAN_POINT ( 'NONE',  ( 0.2500000000000000000, -0.2000000000000000111, -2.250000000000000000 ) ) ;
#7453 = EDGE_CURVE ( 'NONE', #11756, #1587, #3069, .T. ) ;
#7454 = ADVANCED_FACE ( 'NONE', ( #10761 ), #1644, .T. ) ;
#7455 = STYLED_ITEM ( 'NONE', ( #5239 ), #4540 ) ;
#7456 = ORIENTED_EDGE ( 'NONE', *, *, #1809, .F. ) ;
#7457 = FACE_OUTER_BOUND ( 'NONE', #7608, .T. ) ;
#7458 = PRESENTATION_LAYER_ASSIGNMENT (  '', '', ( #11692 ) ) ;
#7459 = UNCERTAINTY_MEASURE_WITH_UNIT (LENGTH_MEASURE( 1.000000000000000082E-05 ), #10390, 'distance_accuracy_value', 'NONE');
#7460 = PRESENTATION_STYLE_ASSIGNMENT (( #1192 ) ) ;
#7461 = CARTESIAN_POINT ( 'NONE',  ( -0.8556486303490521417, 1.300000000000000044, -1.801978332111965342 ) ) ;
#7462 = LINE ( 'NONE', #5576, #3614 ) ;
#7463 = ORIENTED_EDGE ( 'NONE', *, *, #8749, .F. ) ;
#7464 = EDGE_LOOP ( 'NONE', ( #9897, #11347, #496, #9124 ) ) ;
#7465 = ADVANCED_FACE ( 'NONE', ( #4524 ), #9361, .T. ) ;
#7466 = CARTESIAN_POINT ( 'NONE',  ( -0.3037971162647429280, 1.300000000000000044, -1.803433993194542895 ) ) ;
#7467 = B_SPLINE_SURFACE_WITH_KNOTS ( 'NONE', 3, 1, ( 
 ( #1224, #256 ),
 ( #11377, #3057 ),
 ( #4965, #4730 ),
 ( #8655, #3747 ) ),
 .UNSPECIFIED., .F., .F., .F.,
 ( 4, 4 ),
 ( 2, 2 ),
 ( 12.00000000000000000, 13.00000000000000000 ),
 ( 0.0000000000000000000, 1.000000000000000000 ),
 .UNSPECIFIED. ) ;
#7468 = CARTESIAN_POINT ( 'NONE',  ( 0.4664764625475318338, 1.310000000000000053, -1.633609631596778300 ) ) ;
#7469 = DIRECTION ( 'NONE',  ( -1.000000000000000000, 0.0000000000000000000, 7.463408671483709080E-15 ) ) ;
#7470 = SURFACE_SIDE_STYLE ('',( #7415 ) ) ;
#7471 = EDGE_CURVE ( 'NONE', #2034, #8915, #8287, .T. ) ;
#7472 = CARTESIAN_POINT ( 'NONE',  ( -0.1736194251418753109, 1.310000000000000053, -1.856149719552735666 ) ) ;
#7473 =( LENGTH_UNIT ( ) NAMED_UNIT ( * ) SI_UNIT ( .MILLI., .METRE. ) );
#7474 =( NAMED_UNIT ( * ) SI_UNIT ( $, .STERADIAN. ) SOLID_ANGLE_UNIT ( ) );
#7475 = ORIENTED_EDGE ( 'NONE', *, *, #5455, .F. ) ;
#7476 = STYLED_ITEM ( 'NONE', ( #9171 ), #3108 ) ;
#7477 = ORIENTED_EDGE ( 'NONE', *, *, #535, .F. ) ;
#7478 = ORIENTED_EDGE ( 'NONE', *, *, #6485, .T. ) ;
#7479 = EDGE_CURVE ( 'NONE', #5571, #9973, #3595, .T. ) ;
#7480 =( NAMED_UNIT ( * ) SI_UNIT ( $, .STERADIAN. ) SOLID_ANGLE_UNIT ( ) );
#7481 = CARTESIAN_POINT ( 'NONE',  ( 0.7701337683681047652, 1.310000000000000053, -1.525160593804412157 ) ) ;
#7482 = VERTEX_POINT ( 'NONE', #11944 ) ;
#7483 = DIRECTION ( 'NONE',  ( -1.000000000000000000, 0.0000000000000000000, 0.0000000000000000000 ) ) ;
#7484 = ADVANCED_FACE ( 'NONE', ( #2803 ), #10214, .T. ) ;
#7485 = CARTESIAN_POINT ( 'NONE',  ( -0.1736194251418753109, 1.300000000000000044, -1.856149719552735666 ) ) ;
#7486 = PRESENTATION_STYLE_ASSIGNMENT (( #12013 ) ) ;
#7487 = CARTESIAN_POINT ( 'NONE',  ( 0.3739333167267185898, 1.310000000000000053, -1.567094298974051503 ) ) ;
#7488 =( LENGTH_UNIT ( ) NAMED_UNIT ( * ) SI_UNIT ( .MILLI., .METRE. ) );
#7489 = ADVANCED_FACE ( 'NONE', ( #3173 ), #2139, .F. ) ;
#7490 = CARTESIAN_POINT ( 'NONE',  ( -0.1113899138498327668, 1.310000000000000053, -1.700186032104098244 ) ) ;
#7491 = CARTESIAN_POINT ( 'NONE',  ( -0.3190295697387553475, 1.310000000000000053, -1.735433825467276314 ) ) ;
#7492 = SURFACE_STYLE_USAGE ( .BOTH. , #2931 ) ;
#7493 = ORIENTED_EDGE ( 'NONE', *, *, #4569, .T. ) ;
#7494 = CARTESIAN_POINT ( 'NONE',  ( -0.3635831964527602711, 1.310000000000000053, -1.843152745598332087 ) ) ;
#7495 = CARTESIAN_POINT ( 'NONE',  ( 0.2495784421214468085, 1.300000000000000044, -1.739166766756693239 ) ) ;
#7496 = CARTESIAN_POINT ( 'NONE',  ( -0.3483507429787457976, 1.310000000000000053, -1.797819300447283108 ) ) ;
#7497 = CARTESIAN_POINT ( 'NONE',  ( -0.1403991597152866311, 1.310000000000000053, -1.814143499732879361 ) ) ;
#7498 = CARTESIAN_POINT ( 'NONE',  ( -0.8194650548622567365, 1.310000000000000053, -1.849911172055004993 ) ) ;
#7499 = SURFACE_STYLE_FILL_AREA ( #1905 ) ;
#7500 = CARTESIAN_POINT ( 'NONE',  ( -1.077532969691917364, 1.310000000000000053, -1.880168127418615720 ) ) ;
#7501 = LINE ( 'NONE', #5378, #9478 ) ;
#7502 = ORIENTED_EDGE ( 'NONE', *, *, #26, .F. ) ;
#7503 = DIRECTION ( 'NONE',  ( 6.959364704394804340E-15, -0.0000000000000000000, 1.000000000000000000 ) ) ;
#7504 = ORIENTED_EDGE ( 'NONE', *, *, #447, .F. ) ;
#7505 = CARTESIAN_POINT ( 'NONE',  ( 0.4245429228566187096, 1.310000000000000053, -1.791222310412815988 ) ) ;
#7506 = CARTESIAN_POINT ( 'NONE',  ( -0.3151824654486052313, 1.300000000000000044, -1.557531245985788182 ) ) ;
#7507 = ADVANCED_FACE ( 'NONE', ( #5007 ), #9669, .T. ) ;
#7508 = CARTESIAN_POINT ( 'NONE',  ( -0.1113899138498325447, 1.310000000000000053, -1.676791478987289530 ) ) ;
#7509 = AXIS2_PLACEMENT_3D ( 'NONE', #3666, #8289, #5493 ) ;
#7510 = COLOUR_RGB ( '',1.000000000000000000, 1.000000000000000000, 1.000000000000000000 ) ;
#7511 = EDGE_LOOP ( 'NONE', ( #820, #7248, #6531, #2531 ) ) ;
#7512 = PRESENTATION_STYLE_ASSIGNMENT (( #7651 ) ) ;
#7513 =( GEOMETRIC_REPRESENTATION_CONTEXT ( 3 ) GLOBAL_UNCERTAINTY_ASSIGNED_CONTEXT ( ( #4310 ) ) GLOBAL_UNIT_ASSIGNED_CONTEXT ( ( #7307, #4471, #4394 ) ) REPRESENTATION_CONTEXT ( 'NONE', 'WORKASPACE' ) );
#7514 = PLANE ( 'NONE',  #10381 ) ;
#7515 = LINE ( 'NONE', #2726, #3072 ) ;
#7516 = STYLED_ITEM ( 'NONE', ( #4406 ), #106 ) ;
#7517 = FACE_BOUND ( 'NONE', #11136, .T. ) ;
#7518 = ORIENTED_EDGE ( 'NONE', *, *, #7098, .T. ) ;
#7519 = EDGE_LOOP ( 'NONE', ( #2169, #9111, #9350, #7016 ) ) ;
#7520 = ADVANCED_FACE ( 'NONE', ( #243 ), #9587, .F. ) ;
#7521 =( NAMED_UNIT ( * ) SI_UNIT ( $, .STERADIAN. ) SOLID_ANGLE_UNIT ( ) );
#7522 = DIRECTION ( 'NONE',  ( 1.000000000000000000, 0.0000000000000000000, -6.353357572162942221E-15 ) ) ;
#7523 = UNCERTAINTY_MEASURE_WITH_UNIT (LENGTH_MEASURE( 1.000000000000000082E-05 ), #8235, 'distance_accuracy_value', 'NONE');
#7524 = UNCERTAINTY_MEASURE_WITH_UNIT (LENGTH_MEASURE( 1.000000000000000082E-05 ), #2335, 'distance_accuracy_value', 'NONE');
#7525 = FILL_AREA_STYLE ('',( #8264 ) ) ;
#7526 = AXIS2_PLACEMENT_3D ( 'NONE', #7437, #8180, #855 ) ;
#7527 = CARTESIAN_POINT ( 'NONE',  ( -0.5698711670506261262, 1.310000000000000053, -1.676791478987285977 ) ) ;
#7528 = MECHANICAL_DESIGN_GEOMETRIC_PRESENTATION_REPRESENTATION (  '', ( #11023 ), #10029 ) ;
#7529 =( NAMED_UNIT ( * ) PLANE_ANGLE_UNIT ( ) SI_UNIT ( $, .RADIAN. ) );
#7530 = PRESENTATION_LAYER_ASSIGNMENT (  '', '', ( #8883 ) ) ;
#7531 = CARTESIAN_POINT ( 'NONE',  ( 1.082467030307589839, 1.300000000000000044, -1.650961543834610357 ) ) ;
#7532 = COLOUR_RGB ( '',1.000000000000000000, 1.000000000000000000, 1.000000000000000000 ) ;
#7533 = CARTESIAN_POINT ( 'NONE',  ( 0.7701337959481223683, 1.310000000000000053, -1.776762438707540248 ) ) ;
#7534 = EDGE_CURVE ( 'NONE', #10215, #2848, #595, .T. ) ;
#7535 = CARTESIAN_POINT ( 'NONE',  ( -0.7730918517946856472, 1.300000000000000044, -1.501904197462452517 ) ) ;
#7536 = ORIENTED_EDGE ( 'NONE', *, *, #447, .T. ) ;
#7537 = CARTESIAN_POINT ( 'NONE',  ( -0.7746514886687700940, 1.310000000000000053, -1.700186032104093803 ) ) ;
#7538 = AXIS2_PLACEMENT_3D ( 'NONE', #2525, #1476, #3379 ) ;
#7539 = VERTEX_POINT ( 'NONE', #5175 ) ;
#7540 = VERTEX_POINT ( 'NONE', #4443 ) ;
#7541 = CARTESIAN_POINT ( 'NONE',  ( 0.4722604332932417437, 1.300000000000000044, -1.859183663301810174 ) ) ;
#7542 = FACE_OUTER_BOUND ( 'NONE', #7937, .T. ) ;
#7543 = PRESENTATION_LAYER_ASSIGNMENT (  '', '', ( #3659 ) ) ;
#7544 = EDGE_LOOP ( 'NONE', ( #10123, #10472, #3174, #1456 ) ) ;
#7545 =( NAMED_UNIT ( * ) SI_UNIT ( $, .STERADIAN. ) SOLID_ANGLE_UNIT ( ) );
#7546 = LINE ( 'NONE', #8346, #2296 ) ;
#7547 = CARTESIAN_POINT ( 'NONE',  ( -0.3180417997179912359, 1.310000000000000053, -1.771825352538485943 ) ) ;
#7548 = PRESENTATION_LAYER_ASSIGNMENT (  '', '', ( #341 ) ) ;
#7549 = SURFACE_SIDE_STYLE ('',( #4098 ) ) ;
#7550 = SURFACE_SIDE_STYLE ('',( #1090 ) ) ;
#7551 = STYLED_ITEM ( 'NONE', ( #738 ), #5580 ) ;
#7552 = SURFACE_SIDE_STYLE ('',( #5317 ) ) ;
#7553 = VECTOR ( 'NONE', #6100, 1000.000000000000000 ) ;
#7554 = AXIS2_PLACEMENT_3D ( 'NONE', #5694, #6711, #9330 ) ;
#7555 = CARTESIAN_POINT ( 'NONE',  ( 0.3189857601166845025, 1.310000000000000053, -1.445631382162657852 ) ) ;
#7556 = B_SPLINE_CURVE_WITH_KNOTS ( 'NONE', 3,
 ( #8662, #1406, #6953, #6780 ),
 .UNSPECIFIED., .F., .F.,
 ( 4, 4 ),
 ( 35.00000000000000000, 36.00000000000000000 ),
 .UNSPECIFIED. ) ;
#7557 = VECTOR ( 'NONE', #5941, 1000.000000000000000 ) ;
#7558 = FILL_AREA_STYLE ('',( #10396 ) ) ;
#7559 = SURFACE_STYLE_FILL_AREA ( #3663 ) ;
#7560 = COLOUR_RGB ( '',1.000000000000000000, 1.000000000000000000, 1.000000000000000000 ) ;
#7561 = ORIENTED_EDGE ( 'NONE', *, *, #11924, .F. ) ;
#7562 = SURFACE_SIDE_STYLE ('',( #1216 ) ) ;
#7563 =( GEOMETRIC_REPRESENTATION_CONTEXT ( 3 ) GLOBAL_UNCERTAINTY_ASSIGNED_CONTEXT ( ( #668 ) ) GLOBAL_UNIT_ASSIGNED_CONTEXT ( ( #9519, #7658, #6726 ) ) REPRESENTATION_CONTEXT ( 'NONE', 'WORKASPACE' ) );
#7564 = DIRECTION ( 'NONE',  ( -6.209894659238446665E-15, 0.0000000000000000000, -1.000000000000000000 ) ) ;
#7565 = LINE ( 'NONE', #186, #11224 ) ;
#7566 = EDGE_CURVE ( 'NONE', #7482, #3014, #8807, .T. ) ;
#7567 = CARTESIAN_POINT ( 'NONE',  ( -0.3827667300091259217, 1.310000000000000053, -1.738033220259265654 ) ) ;
#7568 =( GEOMETRIC_REPRESENTATION_CONTEXT ( 3 ) GLOBAL_UNCERTAINTY_ASSIGNED_CONTEXT ( ( #3988 ) ) GLOBAL_UNIT_ASSIGNED_CONTEXT ( ( #143, #1243, #2171 ) ) REPRESENTATION_CONTEXT ( 'NONE', 'WORKASPACE' ) );
#7569 = VECTOR ( 'NONE', #6981, 1000.000000000000000 ) ;
#7570 = DIRECTION ( 'NONE',  ( -0.0000000000000000000, -1.000000000000000000, -0.0000000000000000000 ) ) ;
#7571 = MECHANICAL_DESIGN_GEOMETRIC_PRESENTATION_REPRESENTATION (  '', ( #9674 ), #10176 ) ;
#7572 = LINE ( 'NONE', #2992, #2030 ) ;
#7573 = MECHANICAL_DESIGN_GEOMETRIC_PRESENTATION_REPRESENTATION (  '', ( #751 ), #10655 ) ;
#7574 = PLANE ( 'NONE',  #7157 ) ;
#7575 = ORIENTED_EDGE ( 'NONE', *, *, #9174, .T. ) ;
#7576 = SURFACE_STYLE_USAGE ( .BOTH. , #11198 ) ;
#7577 = EDGE_LOOP ( 'NONE', ( #5446, #637, #8086, #7187 ) ) ;
#7578 = MECHANICAL_DESIGN_GEOMETRIC_PRESENTATION_REPRESENTATION (  '', ( #6023 ), #2324 ) ;
#7580 = DIRECTION ( 'NONE',  ( 1.000000000000000000, -0.0000000000000000000, -8.210589067460481754E-15 ) ) ;
#7579 = MECHANICAL_DESIGN_GEOMETRIC_PRESENTATION_REPRESENTATION (  '', ( #3505 ), #757 ) ;
#7581 = ORIENTED_EDGE ( 'NONE', *, *, #1158, .F. ) ;
#7582 = CARTESIAN_POINT ( 'NONE',  ( 0.2495784421214472248, 1.310000000000000053, -1.679881287246549615 ) ) ;
#7583 = CARTESIAN_POINT ( 'NONE',  ( -0.5774613998394053649, 1.310000000000000053, -1.363096515634291350 ) ) ;
#7584 = MECHANICAL_DESIGN_GEOMETRIC_PRESENTATION_REPRESENTATION (  '', ( #7593 ), #7972 ) ;
#7585 = CARTESIAN_POINT ( 'NONE',  ( -0.3335341926714792682, 1.310000000000000053, -1.862804170216505684 ) ) ;
#7586 = ORIENTED_EDGE ( 'NONE', *, *, #5994, .F. ) ;
#7587 = FILL_AREA_STYLE_COLOUR ( '', #3068 ) ;
#7588 = PRESENTATION_LAYER_ASSIGNMENT (  '', '', ( #8175 ) ) ;
#7589 = EDGE_CURVE ( 'NONE', #2779, #11148, #4197, .T. ) ;
#7590 = FACE_OUTER_BOUND ( 'NONE', #6862, .T. ) ;
#7591 = DIRECTION ( 'NONE',  ( 1.000000000000000000, 0.0000000000000000000, 0.0000000000000000000 ) ) ;
#7592 = FILL_AREA_STYLE ('',( #7826 ) ) ;
#7593 = STYLED_ITEM ( 'NONE', ( #10878 ), #6954 ) ;
#7594 = ORIENTED_EDGE ( 'NONE', *, *, #1509, .F. ) ;
#7595 = ORIENTED_EDGE ( 'NONE', *, *, #6179, .F. ) ;
#7596 = EDGE_CURVE ( 'NONE', #7721, #11819, #1753, .T. ) ;
#7597 =( LENGTH_UNIT ( ) NAMED_UNIT ( * ) SI_UNIT ( .MILLI., .METRE. ) );
#7598 =( GEOMETRIC_REPRESENTATION_CONTEXT ( 3 ) GLOBAL_UNCERTAINTY_ASSIGNED_CONTEXT ( ( #4228 ) ) GLOBAL_UNIT_ASSIGNED_CONTEXT ( ( #11454, #6838, #3139 ) ) REPRESENTATION_CONTEXT ( 'NONE', 'WORKASPACE' ) );
#7599 = MECHANICAL_DESIGN_GEOMETRIC_PRESENTATION_REPRESENTATION (  '', ( #6037 ), #1889 ) ;
#7600 = FILL_AREA_STYLE ('',( #1831 ) ) ;
#7601 = SURFACE_SIDE_STYLE ('',( #6730 ) ) ;
#7602 = SURFACE_SIDE_STYLE ('',( #6492 ) ) ;
#7603 = DIRECTION ( 'NONE',  ( 0.4673073067545617798, -0.0000000000000000000, 0.8840949502478780975 ) ) ;
#7604 = CARTESIAN_POINT ( 'NONE',  ( -0.3754884245948870714, 1.300000000000000044, -1.810192419651218243 ) ) ;
#7605 =( GEOMETRIC_REPRESENTATION_CONTEXT ( 3 ) GLOBAL_UNCERTAINTY_ASSIGNED_CONTEXT ( ( #3370 ) ) GLOBAL_UNIT_ASSIGNED_CONTEXT ( ( #5783, #4890, #2408 ) ) REPRESENTATION_CONTEXT ( 'NONE', 'WORKASPACE' ) );
#7606 = ORIENTED_EDGE ( 'NONE', *, *, #6287, .F. ) ;
#7607 = SURFACE_SIDE_STYLE ('',( #3902 ) ) ;
#7608 = EDGE_LOOP ( 'NONE', ( #10148, #8343, #438, #10231 ) ) ;
#7609 = ORIENTED_EDGE ( 'NONE', *, *, #8285, .T. ) ;
#7610 = PRESENTATION_STYLE_ASSIGNMENT (( #3954 ) ) ;
#7611 = EDGE_CURVE ( 'NONE', #10274, #5180, #9711, .T. ) ;
#7612 = SURFACE_STYLE_FILL_AREA ( #10387 ) ;
#7613 = EDGE_CURVE ( 'NONE', #10355, #5560, #8972, .T. ) ;
#7614 = ORIENTED_EDGE ( 'NONE', *, *, #10194, .F. ) ;
#7615 = CARTESIAN_POINT ( 'NONE',  ( -0.2316379168720967274, 1.310000000000000053, -1.880168127418621715 ) ) ;
#7616 = LINE ( 'NONE', #9302, #10253 ) ;
#7617 = PLANE ( 'NONE',  #7644 ) ;
#7618 = EDGE_CURVE ( 'NONE', #11543, #5278, #11698, .T. ) ;
#7619 = CARTESIAN_POINT ( 'NONE',  ( -0.6967216328409046033, 1.310000000000000053, -1.478925547511695582 ) ) ;
#7620 = PRESENTATION_STYLE_ASSIGNMENT (( #176 ) ) ;
#7621 =( NAMED_UNIT ( * ) PLANE_ANGLE_UNIT ( ) SI_UNIT ( $, .RADIAN. ) );
#7622 = LINE ( 'NONE', #7490, #4863 ) ;
#7623 = CARTESIAN_POINT ( 'NONE',  ( 0.8482170700629673155, 1.300000000000000044, -1.416711638750715041 ) ) ;
#7624 = FILL_AREA_STYLE ('',( #2980 ) ) ;
#7625 = VERTEX_POINT ( 'NONE', #3286 ) ;
#7626 = DIRECTION ( 'NONE',  ( -9.268842769272767719E-15, 0.0000000000000000000, -1.000000000000000000 ) ) ;
#7627 = SURFACE_STYLE_FILL_AREA ( #11314 ) ;
#7628 = SURFACE_SIDE_STYLE ('',( #11438 ) ) ;
#7629 = ORIENTED_EDGE ( 'NONE', *, *, #11924, .T. ) ;
#7630 = CARTESIAN_POINT ( 'NONE',  ( -0.5160117069857841354, 1.300000000000000044, -1.734913946509704541 ) ) ;
#7631 = ADVANCED_FACE ( 'NONE', ( #7106 ), #2978, .F. ) ;
#7632 = CARTESIAN_POINT ( 'NONE',  ( -0.5698711670506276805, 1.300000000000000044, -1.880168127418619495 ) ) ;
#7633 =( NAMED_UNIT ( * ) PLANE_ANGLE_UNIT ( ) SI_UNIT ( $, .RADIAN. ) );
#7634 = CARTESIAN_POINT ( 'NONE',  ( -0.3303629310268647590, 1.310000000000000053, -1.816326991357427589 ) ) ;
#7635 = EDGE_LOOP ( 'NONE', ( #2804, #10961, #8706, #9191 ) ) ;
#7636 = PRESENTATION_STYLE_ASSIGNMENT (( #2943 ) ) ;
#7637 = EDGE_CURVE ( 'NONE', #5015, #10937, #2341, .T. ) ;
#7638 = DIRECTION ( 'NONE',  ( -0.0000000000000000000, -1.000000000000000000, -0.0000000000000000000 ) ) ;
#7639 = VERTEX_POINT ( 'NONE', #3527 ) ;
#7640 = UNCERTAINTY_MEASURE_WITH_UNIT (LENGTH_MEASURE( 1.000000000000000082E-05 ), #5553, 'distance_accuracy_value', 'NONE');
#7641 = FACE_OUTER_BOUND ( 'NONE', #8956, .T. ) ;
#7642 = ORIENTED_EDGE ( 'NONE', *, *, #1759, .F. ) ;
#7643 = CARTESIAN_POINT ( 'NONE',  ( 0.5763715206068691366, 1.310000000000000053, -1.386345902652514672 ) ) ;
#7644 = AXIS2_PLACEMENT_3D ( 'NONE', #11484, #2308, #1260 ) ;
#7645 = CARTESIAN_POINT ( 'NONE',  ( -0.3483507429787457976, 1.310000000000000053, -1.797819300447283108 ) ) ;
#7646 = EDGE_CURVE ( 'NONE', #5815, #6302, #11038, .T. ) ;
#7647 = FILL_AREA_STYLE_COLOUR ( '', #9105 ) ;
#7648 = ADVANCED_FACE ( 'NONE', ( #8270 ), #2787, .F. ) ;
#7649 = FACE_OUTER_BOUND ( 'NONE', #2483, .T. ) ;
#7650 = EDGE_LOOP ( 'NONE', ( #5838, #2441, #2210, #11296 ) ) ;
#7651 = SURFACE_STYLE_USAGE ( .BOTH. , #321 ) ;
#7652 = FILL_AREA_STYLE_COLOUR ( '', #5948 ) ;
#7653 = CARTESIAN_POINT ( 'NONE',  ( 1.082467030307589395, 1.310000000000000053, -1.708801030658500419 ) ) ;
#7654 = CARTESIAN_POINT ( 'NONE',  ( -0.1564114316263434667, 1.300000000000000044, -1.501800221670943625 ) ) ;
#7655 = ORIENTED_EDGE ( 'NONE', *, *, #7781, .T. ) ;
#7656 = ORIENTED_EDGE ( 'NONE', *, *, #9019, .T. ) ;
#7657 = CARTESIAN_POINT ( 'NONE',  ( 0.4664764625475318338, 1.310000000000000053, -1.633609631596778300 ) ) ;
#7658 =( NAMED_UNIT ( * ) PLANE_ANGLE_UNIT ( ) SI_UNIT ( $, .RADIAN. ) );
#7659 = B_SPLINE_SURFACE_WITH_KNOTS ( 'NONE', 3, 1, ( 
 ( #6500, #2850 ),
 ( #8449, #7541 ),
 ( #8687, #10386 ),
 ( #8626, #9531 ) ),
 .UNSPECIFIED., .F., .F., .F.,
 ( 4, 4 ),
 ( 2, 2 ),
 ( 28.00000000000000000, 29.00000000000000000 ),
 ( 0.0000000000000000000, 1.000000000000000000 ),
 .UNSPECIFIED. ) ;
#7660 = FILL_AREA_STYLE_COLOUR ( '', #11978 ) ;
#7661 = UNCERTAINTY_MEASURE_WITH_UNIT (LENGTH_MEASURE( 1.000000000000000082E-05 ), #3059, 'distance_accuracy_value', 'NONE');
#7662 = CARTESIAN_POINT ( 'NONE',  ( 0.0000000000000000000, 1.309999999999999609, 0.0000000000000000000 ) ) ;
#7663 = MECHANICAL_DESIGN_GEOMETRIC_PRESENTATION_REPRESENTATION (  '', ( #7857 ), #2595 ) ;
#7664 = PRESENTATION_STYLE_ASSIGNMENT (( #6731 ) ) ;
#7665 = CARTESIAN_POINT ( 'NONE',  ( -0.5210025449839603695, 1.310000000000000053, -1.354154597554452000 ) ) ;
#7666 = CARTESIAN_POINT ( 'NONE',  ( 0.8482170700629673155, 1.300000000000000044, -1.416711638750715041 ) ) ;
#7667 = ORIENTED_EDGE ( 'NONE', *, *, #2389, .T. ) ;
#7668 = CARTESIAN_POINT ( 'NONE',  ( -0.7746514886687700940, 1.300000000000000044, -1.700186032104093803 ) ) ;
#7669 = ORIENTED_EDGE ( 'NONE', *, *, #7851, .T. ) ;
#7670 = ORIENTED_EDGE ( 'NONE', *, *, #11571, .T. ) ;
#7671 = CARTESIAN_POINT ( 'NONE',  ( -0.2316379168720967274, 1.300000000000000044, -1.857709356426818115 ) ) ;
#7672 =( NAMED_UNIT ( * ) PLANE_ANGLE_UNIT ( ) SI_UNIT ( $, .RADIAN. ) );
#7673 = ADVANCED_FACE ( 'NONE', ( #8396 ), #6546, .F. ) ;
#7674 = ORIENTED_EDGE ( 'NONE', *, *, #11972, .F. ) ;
#7675 = FILL_AREA_STYLE_COLOUR ( '', #6801 ) ;
#7676 = CARTESIAN_POINT ( 'NONE',  ( -0.5511035366603118657, 1.300000000000000044, -1.557531245985786850 ) ) ;
#7677 = FILL_AREA_STYLE ('',( #8575 ) ) ;
#7678 = PRESENTATION_STYLE_ASSIGNMENT (( #5733 ) ) ;
#7679 = B_SPLINE_CURVE_WITH_KNOTS ( 'NONE', 3,
 ( #11632, #3323, #577, #9795 ),
 .UNSPECIFIED., .F., .F.,
 ( 4, 4 ),
 ( 2.000000000000000000, 3.000000000000000000 ),
 .UNSPECIFIED. ) ;
#7680 = LINE ( 'NONE', #6817, #7947 ) ;
#7681 = VECTOR ( 'NONE', #6266, 1000.000000000000000 ) ;
#7682 = AXIS2_PLACEMENT_3D ( 'NONE', #718, #11003, #2679 ) ;
#7683 = SURFACE_STYLE_USAGE ( .BOTH. , #9419 ) ;
#7684 = VERTEX_POINT ( 'NONE', #3718 ) ;
#7685 = CARTESIAN_POINT ( 'NONE',  ( -0.5698711670506261262, 1.310000000000000053, -1.676791478987285977 ) ) ;
#7686 = CARTESIAN_POINT ( 'NONE',  ( -0.9889455952214717405, 1.310000000000000053, -1.717030110348640282 ) ) ;
#7687 = FACE_OUTER_BOUND ( 'NONE', #3273, .T. ) ;
#7688 = COLOUR_RGB ( '',1.000000000000000000, 1.000000000000000000, 1.000000000000000000 ) ;
#7689 = ORIENTED_EDGE ( 'NONE', *, *, #5331, .T. ) ;
#7690 = FACE_OUTER_BOUND ( 'NONE', #11026, .T. ) ;
#7691 = LINE ( 'NONE', #2940, #9256 ) ;
#7692 = FILL_AREA_STYLE ('',( #3129 ) ) ;
#7693 = LINE ( 'NONE', #5868, #9189 ) ;
#7694 = PRESENTATION_STYLE_ASSIGNMENT (( #5869 ) ) ;
#7695 = ORIENTED_EDGE ( 'NONE', *, *, #3000, .F. ) ;
#7696 = CARTESIAN_POINT ( 'NONE',  ( 0.5763715206068691366, 1.310000000000000053, -1.386345902652514672 ) ) ;
#7697 = ORIENTED_EDGE ( 'NONE', *, *, #144, .T. ) ;
#7698 = ADVANCED_FACE ( 'NONE', ( #9349 ), #1761, .F. ) ;
#7699 = VERTEX_POINT ( 'NONE', #397 ) ;
#7700 = CARTESIAN_POINT ( 'NONE',  ( 1.020000000000000018, 0.2000000000000000111, -2.250000000000000000 ) ) ;
#7701 = STYLED_ITEM ( 'NONE', ( #3775 ), #1008 ) ;
#7702 = FILL_AREA_STYLE_COLOUR ( '', #5426 ) ;
#7703 = CARTESIAN_POINT ( 'NONE',  ( -0.1976378330084628543, 1.310000000000000053, -1.811856032316820020 ) ) ;
#7704 = ORIENTED_EDGE ( 'NONE', *, *, #8157, .T. ) ;
#7705 = DIRECTION ( 'NONE',  ( -0.3559357243698808015, 0.0000000000000000000, -0.9345104387417446645 ) ) ;
#7706 = DIRECTION ( 'NONE',  ( 0.3385350343141428908, 0.0000000000000000000, -0.9409537876760590835 ) ) ;
#7707 = VERTEX_POINT ( 'NONE', #7535 ) ;
#7708 = CARTESIAN_POINT ( 'NONE',  ( -0.1113899138498325447, 1.300000000000000044, -1.676791478987288864 ) ) ;
#7709 = ADVANCED_FACE ( 'NONE', ( #6056 ), #2910, .F. ) ;
#7710 =( GEOMETRIC_REPRESENTATION_CONTEXT ( 3 ) GLOBAL_UNCERTAINTY_ASSIGNED_CONTEXT ( ( #846 ) ) GLOBAL_UNIT_ASSIGNED_CONTEXT ( ( #4084, #6915, #342 ) ) REPRESENTATION_CONTEXT ( 'NONE', 'WORKASPACE' ) );
#7711 = DIRECTION ( 'NONE',  ( -1.000000000000000000, 0.0000000000000000000, 6.397207432700281273E-15 ) ) ;
#7712 = CARTESIAN_POINT ( 'NONE',  ( -0.7938350222251354671, 1.310000000000000053, -1.557531245985784629 ) ) ;
#7713 = CARTESIAN_POINT ( 'NONE',  ( -0.6285655014263664686, 1.300000000000000044, -1.453243526978823086 ) ) ;
#7714 = CARTESIAN_POINT ( 'NONE',  ( -0.5978926428953125205, 1.300000000000000044, -1.529041879079284350 ) ) ;
#7715 = AXIS2_PLACEMENT_3D ( 'NONE', #987, #116, #1101 ) ;
#7716 = MECHANICAL_DESIGN_GEOMETRIC_PRESENTATION_REPRESENTATION (  '', ( #11936 ), #6340 ) ;
#7717 = SURFACE_SIDE_STYLE ('',( #4012 ) ) ;
#7718 = VERTEX_POINT ( 'NONE', #4812 ) ;
#7719 = LINE ( 'NONE', #1026, #878 ) ;
#7720 = ORIENTED_EDGE ( 'NONE', *, *, #10446, .T. ) ;
#7721 = VERTEX_POINT ( 'NONE', #1412 ) ;
#7722 = CARTESIAN_POINT ( 'NONE',  ( -0.4763449424777506658, 1.310000000000000053, -1.844296479306359871 ) ) ;
#7723 = FACE_OUTER_BOUND ( 'NONE', #487, .T. ) ;
#7724 =( NAMED_UNIT ( * ) SI_UNIT ( $, .STERADIAN. ) SOLID_ANGLE_UNIT ( ) );
#7725 = PLANE ( 'NONE',  #2685 ) ;
#7726 = COLOUR_RGB ( '',1.000000000000000000, 1.000000000000000000, 1.000000000000000000 ) ;
#7727 = SURFACE_SIDE_STYLE ('',( #2975 ) ) ;
#7728 = CARTESIAN_POINT ( 'NONE',  ( -0.5189230291509292492, 1.300000000000000044, -1.557531245985787072 ) ) ;
#7729 = DIRECTION ( 'NONE',  ( -0.0000000000000000000, -1.000000000000000000, -0.0000000000000000000 ) ) ;
#7730 = FILL_AREA_STYLE ('',( #357 ) ) ;
#7731 = CARTESIAN_POINT ( 'NONE',  ( -0.2316379168720962833, 1.310000000000000053, -1.807281097484693566 ) ) ;
#7732 = MECHANICAL_DESIGN_GEOMETRIC_PRESENTATION_REPRESENTATION (  '', ( #10441 ), #4649 ) ;
#7733 = B_SPLINE_CURVE_WITH_KNOTS ( 'NONE', 3,
 ( #9626, #9522, #4077, #8497 ),
 .UNSPECIFIED., .F., .F.,
 ( 4, 4 ),
 ( 15.00000000000000000, 16.00000000000000000 ),
 .UNSPECIFIED. ) ;
#7734 =( LENGTH_UNIT ( ) NAMED_UNIT ( * ) SI_UNIT ( .MILLI., .METRE. ) );
#7735 = MECHANICAL_DESIGN_GEOMETRIC_PRESENTATION_REPRESENTATION (  '', ( #9061 ), #3848 ) ;
#7736 = ORIENTED_EDGE ( 'NONE', *, *, #10904, .T. ) ;
#7737 = PRESENTATION_STYLE_ASSIGNMENT (( #1096 ) ) ;
#7738 = FILL_AREA_STYLE_COLOUR ( '', #3462 ) ;
#7739 =( GEOMETRIC_REPRESENTATION_CONTEXT ( 3 ) GLOBAL_UNCERTAINTY_ASSIGNED_CONTEXT ( ( #8430 ) ) GLOBAL_UNIT_ASSIGNED_CONTEXT ( ( #5894, #4185, #10560 ) ) REPRESENTATION_CONTEXT ( 'NONE', 'WORKASPACE' ) );
#7740 =( NAMED_UNIT ( * ) PLANE_ANGLE_UNIT ( ) SI_UNIT ( $, .RADIAN. ) );
#7741 = PRESENTATION_LAYER_ASSIGNMENT (  '', '', ( #1304 ) ) ;
#7742 =( GEOMETRIC_REPRESENTATION_CONTEXT ( 3 ) GLOBAL_UNCERTAINTY_ASSIGNED_CONTEXT ( ( #10414 ) ) GLOBAL_UNIT_ASSIGNED_CONTEXT ( ( #7114, #2424, #4453 ) ) REPRESENTATION_CONTEXT ( 'NONE', 'WORKASPACE' ) );
#7743 = VERTEX_POINT ( 'NONE', #2002 ) ;
#7744 =( LENGTH_UNIT ( ) NAMED_UNIT ( * ) SI_UNIT ( .MILLI., .METRE. ) );
#7745 =( GEOMETRIC_REPRESENTATION_CONTEXT ( 3 ) GLOBAL_UNCERTAINTY_ASSIGNED_CONTEXT ( ( #1196 ) ) GLOBAL_UNIT_ASSIGNED_CONTEXT ( ( #6050, #4170, #7131 ) ) REPRESENTATION_CONTEXT ( 'NONE', 'WORKASPACE' ) );
#7746 = DIRECTION ( 'NONE',  ( -1.000000000000000000, -0.0000000000000000000, -0.0000000000000000000 ) ) ;
#7747 = CARTESIAN_POINT ( 'NONE',  ( -0.1160168365777151239, 1.300000000000000044, -1.856981525884834117 ) ) ;
#7748 = EDGE_CURVE ( 'NONE', #5394, #2663, #8835, .T. ) ;
#7749 = AXIS2_PLACEMENT_3D ( 'NONE', #299, #5072, #2986 ) ;
#7750 = CARTESIAN_POINT ( 'NONE',  ( 0.4722604332932420768, 1.310000000000000053, -1.811466152864494861 ) ) ;
#7751 = VERTEX_POINT ( 'NONE', #5720 ) ;
#7752 = SURFACE_SIDE_STYLE ('',( #3184 ) ) ;
#7753 = MECHANICAL_DESIGN_GEOMETRIC_PRESENTATION_REPRESENTATION (  '', ( #3865 ), #366 ) ;
#7754 =( GEOMETRIC_REPRESENTATION_CONTEXT ( 3 ) GLOBAL_UNCERTAINTY_ASSIGNED_CONTEXT ( ( #4852 ) ) GLOBAL_UNIT_ASSIGNED_CONTEXT ( ( #9472, #11532, #8799 ) ) REPRESENTATION_CONTEXT ( 'NONE', 'WORKASPACE' ) );
#7755 = PRESENTATION_LAYER_ASSIGNMENT (  '', '', ( #1923 ) ) ;
#7756 = DIRECTION ( 'NONE',  ( 9.268842769272251804E-15, -0.0000000000000000000, 1.000000000000000000 ) ) ;
#7757 = VERTEX_POINT ( 'NONE', #1365 ) ;
#7758 = UNCERTAINTY_MEASURE_WITH_UNIT (LENGTH_MEASURE( 1.000000000000000082E-05 ), #10748, 'distance_accuracy_value', 'NONE');
#7759 = CARTESIAN_POINT ( 'NONE',  ( -0.1711240061427868886, 1.300000000000000044, -1.396992623706414305 ) ) ;
#7760 = ORIENTED_EDGE ( 'NONE', *, *, #3684, .F. ) ;
#7761 = PRESENTATION_STYLE_ASSIGNMENT (( #2160 ) ) ;
#7762 = CARTESIAN_POINT ( 'NONE',  ( -0.1960781961343697755, 1.310000000000000053, -1.350723396430360213 ) ) ;
#7763 = COLOUR_RGB ( '',1.000000000000000000, 1.000000000000000000, 1.000000000000000000 ) ;
#7764 = SURFACE_STYLE_USAGE ( .BOTH. , #3004 ) ;
#7765 = COLOUR_RGB ( '',1.000000000000000000, 1.000000000000000000, 1.000000000000000000 ) ;
#7766 = EDGE_CURVE ( 'NONE', #8937, #6134, #8501, .T. ) ;
#7767 = CARTESIAN_POINT ( 'NONE',  ( -0.1723717156423362207, 1.310000000000000053, -1.883599328542719498 ) ) ;
#7768 =( NAMED_UNIT ( * ) SI_UNIT ( $, .STERADIAN. ) SOLID_ANGLE_UNIT ( ) );
#7769 = ORIENTED_EDGE ( 'NONE', *, *, #304, .T. ) ;
#7770 = EDGE_CURVE ( 'NONE', #6758, #9232, #4665, .T. ) ;
#7771 = MECHANICAL_DESIGN_GEOMETRIC_PRESENTATION_REPRESENTATION (  '', ( #2315 ), #6591 ) ;
#7772 =( GEOMETRIC_REPRESENTATION_CONTEXT ( 3 ) GLOBAL_UNCERTAINTY_ASSIGNED_CONTEXT ( ( #633 ) ) GLOBAL_UNIT_ASSIGNED_CONTEXT ( ( #386, #6839, #11456 ) ) REPRESENTATION_CONTEXT ( 'NONE', 'WORKASPACE' ) );
#7773 = EDGE_CURVE ( 'NONE', #11927, #10762, #2766, .T. ) ;
#7774 = STYLED_ITEM ( 'NONE', ( #8095 ), #10247 ) ;
#7775 = DIRECTION ( 'NONE',  ( -0.0000000000000000000, -1.000000000000000000, -0.0000000000000000000 ) ) ;
#7776 = SURFACE_STYLE_FILL_AREA ( #7592 ) ;
#7777 = ORIENTED_EDGE ( 'NONE', *, *, #1814, .F. ) ;
#7778 = CARTESIAN_POINT ( 'NONE',  ( -0.2500000000000000000, -0.2000000000000000111, -7.249999999999999112 ) ) ;
#7779 = STYLED_ITEM ( 'NONE', ( #7372 ), #6707 ) ;
#7780 = LINE ( 'NONE', #147, #6783 ) ;
#7781 = EDGE_CURVE ( 'NONE', #10159, #1785, #9616, .T. ) ;
#7782 = CARTESIAN_POINT ( 'NONE',  ( -0.5518313672022860938, 1.300000000000000044, -1.354154597554452000 ) ) ;
#7783 = UNCERTAINTY_MEASURE_WITH_UNIT (LENGTH_MEASURE( 1.000000000000000082E-05 ), #1853, 'distance_accuracy_value', 'NONE');
#7784 = SURFACE_STYLE_USAGE ( .BOTH. , #3947 ) ;
#7785 = PRESENTATION_STYLE_ASSIGNMENT (( #8679 ) ) ;
#7786 = PRESENTATION_LAYER_ASSIGNMENT (  '', '', ( #9507 ) ) ;
#7787 = EDGE_CURVE ( 'NONE', #4672, #5159, #11463, .T. ) ;
#7788 =( GEOMETRIC_REPRESENTATION_CONTEXT ( 3 ) GLOBAL_UNCERTAINTY_ASSIGNED_CONTEXT ( ( #6555 ) ) GLOBAL_UNIT_ASSIGNED_CONTEXT ( ( #8765, #5067, #10801 ) ) REPRESENTATION_CONTEXT ( 'NONE', 'WORKASPACE' ) );
#7789 = CARTESIAN_POINT ( 'NONE',  ( 0.7513359461826958352, 1.310000000000000053, -1.355980173450014092 ) ) ;
#7790 = VERTEX_POINT ( 'NONE', #1298 ) ;
#7791 = ORIENTED_EDGE ( 'NONE', *, *, #624, .F. ) ;
#7792 = ORIENTED_EDGE ( 'NONE', *, *, #1158, .T. ) ;
#7793 = DIRECTION ( 'NONE',  ( -1.000000000000000000, -0.0000000000000000000, 5.120907607230319081E-15 ) ) ;
#7794 = EDGE_CURVE ( 'NONE', #9357, #5616, #1600, .T. ) ;
#7795 = DIRECTION ( 'NONE',  ( -1.000000000000000000, 0.0000000000000000000, 7.611275996530358629E-15 ) ) ;
#7796 =( GEOMETRIC_REPRESENTATION_CONTEXT ( 3 ) GLOBAL_UNCERTAINTY_ASSIGNED_CONTEXT ( ( #2393 ) ) GLOBAL_UNIT_ASSIGNED_CONTEXT ( ( #1895, #5619, #2865 ) ) REPRESENTATION_CONTEXT ( 'NONE', 'WORKASPACE' ) );
#7797 = SURFACE_SIDE_STYLE ('',( #11421 ) ) ;
#7798 = B_SPLINE_CURVE_WITH_KNOTS ( 'NONE', 3,
 ( #9396, #7287, #8439, #4697 ),
 .UNSPECIFIED., .F., .F.,
 ( 4, 4 ),
 ( 4.000000000000000000, 5.000000000000000000 ),
 .UNSPECIFIED. ) ;
#7799 =( NAMED_UNIT ( * ) PLANE_ANGLE_UNIT ( ) SI_UNIT ( $, .RADIAN. ) );
#7800 = CARTESIAN_POINT ( 'NONE',  ( 0.1613731916207246375, 1.300000000000000044, -1.591676091905864343 ) ) ;
#7801 = SURFACE_STYLE_FILL_AREA ( #3039 ) ;
#7802 = DIRECTION ( 'NONE',  ( -7.463408671483660171E-15, -0.0000000000000000000, -1.000000000000000000 ) ) ;
#7803 = CARTESIAN_POINT ( 'NONE',  ( -0.3414363528354890098, 1.310000000000000053, -1.377549150671263600 ) ) ;
#7804 = SURFACE_SIDE_STYLE ('',( #1264 ) ) ;
#7805 = ORIENTED_EDGE ( 'NONE', *, *, #2784, .F. ) ;
#7806 = DIRECTION ( 'NONE',  ( 0.0000000000000000000, 0.0000000000000000000, -1.000000000000000000 ) ) ;
#7807 = CARTESIAN_POINT ( 'NONE',  ( -0.3719012597835185119, 1.300000000000000044, -1.755813080627426581 ) ) ;
#7808 = CARTESIAN_POINT ( 'NONE',  ( -0.3335341926714792682, 1.300000000000000044, -1.862804170216505684 ) ) ;
#7809 = FACE_OUTER_BOUND ( 'NONE', #8961, .T. ) ;
#7810 = VERTEX_POINT ( 'NONE', #5451 ) ;
#7811 = FILL_AREA_STYLE_COLOUR ( '', #4216 ) ;
#7812 = PLANE ( 'NONE',  #8990 ) ;
#7813 = CARTESIAN_POINT ( 'NONE',  ( -0.2046042110481660070, 1.310000000000000053, -1.731586721177126975 ) ) ;
#7814 = ORIENTED_EDGE ( 'NONE', *, *, #11902, .T. ) ;
#7815 = CARTESIAN_POINT ( 'NONE',  ( -0.8945355764193553272, 1.300000000000000044, -1.880168127418617274 ) ) ;
#7816 = FILL_AREA_STYLE ('',( #2154 ) ) ;
#7817 = CARTESIAN_POINT ( 'NONE',  ( -0.1830292342842217701, 1.300000000000000044, -1.530393564370344794 ) ) ;
#7818 = ORIENTED_EDGE ( 'NONE', *, *, #4821, .T. ) ;
#7819 = CARTESIAN_POINT ( 'NONE',  ( -0.8065200688036155974, 1.300000000000000044, -1.676791478987284645 ) ) ;
#7820 = PRESENTATION_STYLE_ASSIGNMENT (( #4220 ) ) ;
#7821 = LINE ( 'NONE', #2386, #6592 ) ;
#7822 =( NAMED_UNIT ( * ) SI_UNIT ( $, .STERADIAN. ) SOLID_ANGLE_UNIT ( ) );
#7823 = ORIENTED_EDGE ( 'NONE', *, *, #1377, .T. ) ;
#7824 = CARTESIAN_POINT ( 'NONE',  ( -0.8339176898992247677, 1.300000000000000044, -1.835770464392572299 ) ) ;
#7825 =( LENGTH_UNIT ( ) NAMED_UNIT ( * ) SI_UNIT ( .MILLI., .METRE. ) );
#7826 = FILL_AREA_STYLE_COLOUR ( '', #5214 ) ;
#7827 = EDGE_CURVE ( 'NONE', #8861, #549, #1174, .T. ) ;
#7828 = VERTEX_POINT ( 'NONE', #2517 ) ;
#7829 = CARTESIAN_POINT ( 'NONE',  ( -0.2917879123311050149, 1.310000000000000053, -1.774112819954545062 ) ) ;
#7830 = SURFACE_STYLE_USAGE ( .BOTH. , #8675 ) ;
#7831 = CARTESIAN_POINT ( 'NONE',  ( 0.8467710773767120891, 1.310000000000000053, -1.503470786245107549 ) ) ;
#7832 = CARTESIAN_POINT ( 'NONE',  ( -0.4732256687281972685, 1.310000000000000053, -1.856045743761215894 ) ) ;
#7833 = CARTESIAN_POINT ( 'NONE',  ( 1.082467030307589839, 1.310000000000000053, -1.650961543834610357 ) ) ;
#7834 = CARTESIAN_POINT ( 'NONE',  ( 0.9696799868750548557, 1.300000000000000044, -1.441293417891135853 ) ) ;
#7835 = EDGE_CURVE ( 'NONE', #7357, #8001, #6682, .T. ) ;
#7836 = CARTESIAN_POINT ( 'NONE',  ( -0.2744759430247430965, 1.310000000000000053, -1.549109206863514832 ) ) ;
#7837 = EDGE_CURVE ( 'NONE', #3482, #7757, #9141, .T. ) ;
#7838 = EDGE_LOOP ( 'NONE', ( #10106, #6357, #8251, #7340 ) ) ;
#7839 = ORIENTED_EDGE ( 'NONE', *, *, #11671, .F. ) ;
#7840 = CARTESIAN_POINT ( 'NONE',  ( 0.7701337959481223683, 1.300000000000000044, -1.776762438707540248 ) ) ;
#7841 = CARTESIAN_POINT ( 'NONE',  ( -0.8339176898992247677, 1.300000000000000044, -1.835770464392572299 ) ) ;
#7842 = EDGE_CURVE ( 'NONE', #6088, #7751, #8190, .T. ) ;
#7843 =( NAMED_UNIT ( * ) PLANE_ANGLE_UNIT ( ) SI_UNIT ( $, .RADIAN. ) );
#7844 =( NAMED_UNIT ( * ) PLANE_ANGLE_UNIT ( ) SI_UNIT ( $, .RADIAN. ) );
#7845 = CARTESIAN_POINT ( 'NONE',  ( -0.3355617206080711568, 1.310000000000000053, -1.792828462449102878 ) ) ;
#7846 = COLOUR_RGB ( '',0.7529411764705882248, 0.7529411764705882248, 0.7529411764705882248 ) ;
#7847 = FACE_OUTER_BOUND ( 'NONE', #510, .T. ) ;
#7848 = B_SPLINE_SURFACE_WITH_KNOTS ( 'NONE', 3, 1, ( 
 ( #8506, #8964 ),
 ( #4367, #5232 ),
 ( #11578, #10734 ),
 ( #3514, #5287 ) ),
 .UNSPECIFIED., .F., .F., .F.,
 ( 4, 4 ),
 ( 2, 2 ),
 ( 8.000000000000000000, 9.000000000000000000 ),
 ( 0.0000000000000000000, 1.000000000000000000 ),
 .UNSPECIFIED. ) ;
#7849 = PRESENTATION_STYLE_ASSIGNMENT (( #4148 ) ) ;
#7850 = CARTESIAN_POINT ( 'NONE',  ( -0.4245649982445671711, 1.310000000000000053, -1.534344644452003692 ) ) ;
#7851 = EDGE_CURVE ( 'NONE', #8397, #1080, #861, .T. ) ;
#7852 = B_SPLINE_CURVE_WITH_KNOTS ( 'NONE', 3,
 ( #9033, #3716, #8159, #2739 ),
 .UNSPECIFIED., .F., .F.,
 ( 4, 4 ),
 ( 1.000000000000000000, 2.000000000000000000 ),
 .UNSPECIFIED. ) ;
#7853 =( NAMED_UNIT ( * ) PLANE_ANGLE_UNIT ( ) SI_UNIT ( $, .RADIAN. ) );
#7854 = EDGE_LOOP ( 'NONE', ( #2184, #8999, #8976, #5099 ) ) ;
#7855 = LINE ( 'NONE', #3341, #1652 ) ;
#7856 = EDGE_CURVE ( 'NONE', #4816, #883, #6343, .T. ) ;
#7857 = STYLED_ITEM ( 'NONE', ( #2758 ), #4797 ) ;
#7858 = ORIENTED_EDGE ( 'NONE', *, *, #1458, .T. ) ;
#7859 = FILL_AREA_STYLE_COLOUR ( '', #330 ) ;
#7860 = ADVANCED_FACE ( 'NONE', ( #11855 ), #1135, .F. ) ;
#7861 = ADVANCED_BREP_SHAPE_REPRESENTATION ( 'TO-92-3_L4.6-W3.6-P1.27-L_1', ( #10610, #10840 ), #4662 ) ;
#7862 = CARTESIAN_POINT ( 'NONE',  ( -0.7271345518931686680, 1.309999999999999609, -1.394393228915806748 ) ) ;
#7863 =( LENGTH_UNIT ( ) NAMED_UNIT ( * ) SI_UNIT ( .MILLI., .METRE. ) );
#7864 = PRESENTATION_LAYER_ASSIGNMENT (  '', '', ( #1432 ) ) ;
#7865 = SURFACE_STYLE_USAGE ( .BOTH. , #11606 ) ;
#7866 = ORIENTED_EDGE ( 'NONE', *, *, #8789, .F. ) ;
#7867 = LINE ( 'NONE', #6089, #6774 ) ;
#7868 = AXIS2_PLACEMENT_3D ( 'NONE', #252, #8650, #3180 ) ;
#7869 = CARTESIAN_POINT ( 'NONE',  ( 0.2495784421214472248, 1.300000000000000044, -1.679881287246549615 ) ) ;
#7870 = CARTESIAN_POINT ( 'NONE',  ( -0.7439266422419624769, 1.300000000000000044, -1.856981525884830342 ) ) ;
#7871 = EDGE_LOOP ( 'NONE', ( #6482, #4779, #2723, #10548 ) ) ;
#7872 = CARTESIAN_POINT ( 'NONE',  ( -0.2046042110481660070, 1.300000000000000044, -1.731586721177126975 ) ) ;
#7873 = CARTESIAN_POINT ( 'NONE',  ( -0.4132316369571542025, 1.300000000000000044, -1.925813499945592699 ) ) ;
#7874 = CARTESIAN_POINT ( 'NONE',  ( 0.7513359461826958352, 1.310000000000000053, -1.355980173450014092 ) ) ;
#7875 = MECHANICAL_DESIGN_GEOMETRIC_PRESENTATION_REPRESENTATION (  '', ( #9009 ), #3201 ) ;
#7876 = AXIS2_PLACEMENT_3D ( 'NONE', #10988, #3712, #7414 ) ;
#7877 = ORIENTED_EDGE ( 'NONE', *, *, #7770, .T. ) ;
#7878 = CARTESIAN_POINT ( 'NONE',  ( -0.006634303781057354459, 1.300000000000000044, -1.676791478987290418 ) ) ;
#7879 =( GEOMETRIC_REPRESENTATION_CONTEXT ( 3 ) GLOBAL_UNCERTAINTY_ASSIGNED_CONTEXT ( ( #1546 ) ) GLOBAL_UNIT_ASSIGNED_CONTEXT ( ( #11753, #7175, #7234 ) ) REPRESENTATION_CONTEXT ( 'NONE', 'WORKASPACE' ) );
#7880 = UNCERTAINTY_MEASURE_WITH_UNIT (LENGTH_MEASURE( 1.000000000000000082E-05 ), #2609, 'distance_accuracy_value', 'NONE');
#7881 = FILL_AREA_STYLE_COLOUR ( '', #9782 ) ;
#7882 = FILL_AREA_STYLE_COLOUR ( '', #3466 ) ;
#7883 = EDGE_LOOP ( 'NONE', ( #8884, #4446, #1617, #52 ) ) ;
#7884 = DIRECTION ( 'NONE',  ( -1.000000000000000000, -0.0000000000000000000, 8.087211335137715864E-15 ) ) ;
#7885 = CARTESIAN_POINT ( 'NONE',  ( -0.2917879123311050149, 1.300000000000000044, -1.761219821793046147 ) ) ;
#7886 = CARTESIAN_POINT ( 'NONE',  ( -0.7439266422419614777, 1.310000000000000053, -1.700186032104093803 ) ) ;
#7887 = CARTESIAN_POINT ( 'NONE',  ( -0.2316379168720958670, 1.300000000000000044, -1.787837624449537310 ) ) ;
#7888 = LINE ( 'NONE', #4245, #4426 ) ;
#7889 = PLANE ( 'NONE',  #11440 ) ;
#7890 = CARTESIAN_POINT ( 'NONE',  ( -0.3624914506404855463, 1.300000000000000044, -1.879752224252568382 ) ) ;
#7891 = ADVANCED_FACE ( 'NONE', ( #7139 ), #9482, .F. ) ;
#7892 = COLOUR_RGB ( '',1.000000000000000000, 1.000000000000000000, 1.000000000000000000 ) ;
#7893 =( NAMED_UNIT ( * ) SI_UNIT ( $, .STERADIAN. ) SOLID_ANGLE_UNIT ( ) );
#7894 = ORIENTED_EDGE ( 'NONE', *, *, #9163, .F. ) ;
#7895 = VERTEX_POINT ( 'NONE', #5696 ) ;
#7896 = FILL_AREA_STYLE ('',( #352 ) ) ;
#7897 = FILL_AREA_STYLE_COLOUR ( '', #1922 ) ;
#7898 = SURFACE_STYLE_USAGE ( .BOTH. , #3167 ) ;
#7899 = CARTESIAN_POINT ( 'NONE',  ( -0.03288819116795062281, 1.310000000000000053, -1.700186032104098688 ) ) ;
#7900 = CARTESIAN_POINT ( 'NONE',  ( -0.3812070931343504165, 1.300000000000000044, -1.816638918731964480 ) ) ;
#7901 = VECTOR ( 'NONE', #7570, 1000.000000000000000 ) ;
#7902 = PRESENTATION_LAYER_ASSIGNMENT (  '', '', ( #2447 ) ) ;
#7903 = CARTESIAN_POINT ( 'NONE',  ( -0.4629840532530541397, 1.310000000000000053, -1.557531245985787072 ) ) ;
#7904 = EDGE_CURVE ( 'NONE', #9770, #9516, #2187, .T. ) ;
#7905 = EDGE_CURVE ( 'NONE', #6337, #7539, #10302, .T. ) ;
#7906 = CARTESIAN_POINT ( 'NONE',  ( -0.3897331080481357679, 1.300000000000000044, -1.831091553768939173 ) ) ;
#7907 = ORIENTED_EDGE ( 'NONE', *, *, #2205, .F. ) ;
#7908 = PRESENTATION_LAYER_ASSIGNMENT (  '', '', ( #511 ) ) ;
#7909 = ORIENTED_EDGE ( 'NONE', *, *, #5331, .F. ) ;
#7910 = ORIENTED_EDGE ( 'NONE', *, *, #2260, .F. ) ;
#7911 = SURFACE_SIDE_STYLE ('',( #6082 ) ) ;
#7912 = STYLED_ITEM ( 'NONE', ( #6289 ), #179 ) ;
#7913 = DIRECTION ( 'NONE',  ( -0.9910683662997861187, 0.0000000000000000000, 0.1333547648937708774 ) ) ;
#7914 = VERTEX_POINT ( 'NONE', #8542 ) ;
#7915 = CARTESIAN_POINT ( 'NONE',  ( 0.3030799233044778607, 1.300000000000000044, -1.489010997278496173 ) ) ;
#7916 = PLANE ( 'NONE',  #11823 ) ;
#7917 = LINE ( 'NONE', #3404, #5644 ) ;
#7918 =( NAMED_UNIT ( * ) SI_UNIT ( $, .STERADIAN. ) SOLID_ANGLE_UNIT ( ) );
#7919 = EDGE_CURVE ( 'NONE', #9372, #10301, #3646, .T. ) ;
#7920 = VECTOR ( 'NONE', #10265, 1000.000000000000000 ) ;
#7921 = B_SPLINE_SURFACE_WITH_KNOTS ( 'NONE', 3, 1, ( 
 ( #688, #18 ),
 ( #8378, #5645 ),
 ( #4541, #3755 ),
 ( #3610, #2887 ) ),
 .UNSPECIFIED., .F., .F., .F.,
 ( 4, 4 ),
 ( 2, 2 ),
 ( 1.000000000000000000, 2.000000000000000000 ),
 ( 0.0000000000000000000, 1.000000000000000000 ),
 .UNSPECIFIED. ) ;
#7922 = PRESENTATION_LAYER_ASSIGNMENT (  '', '', ( #1118 ) ) ;
#7923 = VERTEX_POINT ( 'NONE', #9435 ) ;
#7924 =( GEOMETRIC_REPRESENTATION_CONTEXT ( 3 ) GLOBAL_UNCERTAINTY_ASSIGNED_CONTEXT ( ( #2797 ) ) GLOBAL_UNIT_ASSIGNED_CONTEXT ( ( #10362, #4858, #206 ) ) REPRESENTATION_CONTEXT ( 'NONE', 'WORKASPACE' ) );
#7925 = CARTESIAN_POINT ( 'NONE',  ( 0.6240890862035277653, 1.300000000000000044, -1.831709884997493987 ) ) ;
#7926 = EDGE_CURVE ( 'NONE', #10145, #7235, #9557, .T. ) ;
#7927 = STYLED_ITEM ( 'NONE', ( #3509 ), #3432 ) ;
#7928 = ORIENTED_EDGE ( 'NONE', *, *, #6540, .F. ) ;
#7929 = VECTOR ( 'NONE', #2989, 1000.000000000000000 ) ;
#7930 = FILL_AREA_STYLE_COLOUR ( '', #3869 ) ;
#7931 = COLOUR_RGB ( '',1.000000000000000000, 1.000000000000000000, 1.000000000000000000 ) ;
#7932 = SURFACE_STYLE_FILL_AREA ( #11455 ) ;
#7933 = PRESENTATION_LAYER_ASSIGNMENT (  '', '', ( #1123 ) ) ;
#7934 =( GEOMETRIC_REPRESENTATION_CONTEXT ( 3 ) GLOBAL_UNCERTAINTY_ASSIGNED_CONTEXT ( ( #2830 ) ) GLOBAL_UNIT_ASSIGNED_CONTEXT ( ( #7473, #4702, #8269 ) ) REPRESENTATION_CONTEXT ( 'NONE', 'WORKASPACE' ) );
#7935 = MECHANICAL_DESIGN_GEOMETRIC_PRESENTATION_REPRESENTATION (  '', ( #1510 ), #541 ) ;
#7936 = LINE ( 'NONE', #2391, #4850 ) ;
#7937 = EDGE_LOOP ( 'NONE', ( #10708, #5034, #5, #5865 ) ) ;
#7938 = DIRECTION ( 'NONE',  ( -0.0000000000000000000, -1.000000000000000000, -0.0000000000000000000 ) ) ;
#7939 = VECTOR ( 'NONE', #1055, 1000.000000000000000 ) ;
#7940 = PRESENTATION_LAYER_ASSIGNMENT (  '', '', ( #1138 ) ) ;
#7941 = DIRECTION ( 'NONE',  ( 8.243041988643191949E-15, 0.0000000000000000000, 1.000000000000000000 ) ) ;
#7942 = CARTESIAN_POINT ( 'NONE',  ( -0.2265431030823970848, 1.300000000000000044, -1.374429876923095817 ) ) ;
#7943 = FILL_AREA_STYLE ('',( #7882 ) ) ;
#7944 = COLOUR_RGB ( '',1.000000000000000000, 1.000000000000000000, 1.000000000000000000 ) ;
#7945 = STYLED_ITEM ( 'NONE', ( #3019 ), #9985 ) ;
#7946 = LINE ( 'NONE', #4176, #6742 ) ;
#7947 = VECTOR ( 'NONE', #5859, 1000.000000000000000 ) ;
#7948 = AXIS2_PLACEMENT_3D ( 'NONE', #6601, #10239, #6662 ) ;
#7949 = SURFACE_STYLE_USAGE ( .BOTH. , #4353 ) ;
#7950 = B_SPLINE_SURFACE_WITH_KNOTS ( 'NONE', 3, 1, ( 
 ( #9706, #6075 ),
 ( #8760, #7102 ),
 ( #1567, #11744 ),
 ( #9883, #2536 ) ),
 .UNSPECIFIED., .F., .F., .F.,
 ( 4, 4 ),
 ( 2, 2 ),
 ( 5.000000000000000000, 6.000000000000000000 ),
 ( 0.0000000000000000000, 1.000000000000000000 ),
 .UNSPECIFIED. ) ;
#7951 =( NAMED_UNIT ( * ) PLANE_ANGLE_UNIT ( ) SI_UNIT ( $, .RADIAN. ) );
#7952 = MECHANICAL_DESIGN_GEOMETRIC_PRESENTATION_REPRESENTATION (  '', ( #4270 ), #561 ) ;
#7953 = DIRECTION ( 'NONE',  ( -0.0000000000000000000, -1.000000000000000000, -0.0000000000000000000 ) ) ;
#7954 = EDGE_CURVE ( 'NONE', #8622, #9277, #8709, .T. ) ;
#7955 = CARTESIAN_POINT ( 'NONE',  ( 0.8872587622807702745, 1.310000000000000053, -1.935820972311117272 ) ) ;
#7956 = VERTEX_POINT ( 'NONE', #4679 ) ;
#7957 = CARTESIAN_POINT ( 'NONE',  ( 1.014505594678532185, 1.310000000000000053, -1.486119025696001517 ) ) ;
#7958 = AXIS2_PLACEMENT_3D ( 'NONE', #10944, #7241, #1884 ) ;
#7959 = SURFACE_STYLE_FILL_AREA ( #3206 ) ;
#7960 = DIRECTION ( 'NONE',  ( -0.0000000000000000000, -1.000000000000000000, -0.0000000000000000000 ) ) ;
#7961 = DIRECTION ( 'NONE',  ( 1.000000000000000000, 0.0000000000000000000, -7.343273320719415212E-15 ) ) ;
#7962 = ORIENTED_EDGE ( 'NONE', *, *, #2784, .T. ) ;
#7963 = ORIENTED_EDGE ( 'NONE', *, *, #1290, .F. ) ;
#7964 = SURFACE_STYLE_FILL_AREA ( #8079 ) ;
#7965 = EDGE_CURVE ( 'NONE', #3642, #8701, #8375, .T. ) ;
#7966 =( LENGTH_UNIT ( ) NAMED_UNIT ( * ) SI_UNIT ( .MILLI., .METRE. ) );
#7967 = SURFACE_SIDE_STYLE ('',( #8800 ) ) ;
#7968 = CARTESIAN_POINT ( 'NONE',  ( -0.6967216328409046033, 1.310000000000000053, -1.478925547511695582 ) ) ;
#7969 = PRESENTATION_LAYER_ASSIGNMENT (  '', '', ( #1169 ) ) ;
#7970 =( NAMED_UNIT ( * ) SI_UNIT ( $, .STERADIAN. ) SOLID_ANGLE_UNIT ( ) );
#7971 = PLANE ( 'NONE',  #4034 ) ;
#7972 =( GEOMETRIC_REPRESENTATION_CONTEXT ( 3 ) GLOBAL_UNCERTAINTY_ASSIGNED_CONTEXT ( ( #10086 ) ) GLOBAL_UNIT_ASSIGNED_CONTEXT ( ( #8336, #5475, #8268 ) ) REPRESENTATION_CONTEXT ( 'NONE', 'WORKASPACE' ) );
#7973 = EDGE_CURVE ( 'NONE', #1085, #4472, #3753, .T. ) ;
#7974 =( NAMED_UNIT ( * ) PLANE_ANGLE_UNIT ( ) SI_UNIT ( $, .RADIAN. ) );
#7975 = ORIENTED_EDGE ( 'NONE', *, *, #615, .T. ) ;
#7976 = SURFACE_STYLE_FILL_AREA ( #537 ) ;
#7977 = EDGE_CURVE ( 'NONE', #1575, #8861, #3338, .T. ) ;
#7978 = ORIENTED_EDGE ( 'NONE', *, *, #3147, .F. ) ;
#7979 = VERTEX_POINT ( 'NONE', #4736 ) ;
#7980 = COLOUR_RGB ( '',1.000000000000000000, 1.000000000000000000, 1.000000000000000000 ) ;
#7981 = EDGE_CURVE ( 'NONE', #8538, #3385, #276, .T. ) ;
#7982 = EDGE_CURVE ( 'NONE', #4290, #11911, #8476, .T. ) ;
#7983 = ORIENTED_EDGE ( 'NONE', *, *, #11087, .F. ) ;
#7984 = CARTESIAN_POINT ( 'NONE',  ( -0.4725498260833626007, 1.310000000000000053, -1.856045743761215894 ) ) ;
#7985 = FILL_AREA_STYLE ('',( #8040 ) ) ;
#7986 = FACE_OUTER_BOUND ( 'NONE', #414, .T. ) ;
#7987 = CARTESIAN_POINT ( 'NONE',  ( -0.2917879123311052370, 1.300000000000000044, -1.783054738035770637 ) ) ;
#7988 = ORIENTED_EDGE ( 'NONE', *, *, #7070, .T. ) ;
#7989 = PRODUCT_CONTEXT ( 'NONE', #504, 'mechanical' ) ;
#7990 = PRESENTATION_STYLE_ASSIGNMENT (( #489 ) ) ;
#7991 = ORIENTED_EDGE ( 'NONE', *, *, #7393, .T. ) ;
#7992 = CARTESIAN_POINT ( 'NONE',  ( -0.1545918552727805761, 1.300000000000000044, -1.745103574089092779 ) ) ;
#7993 = CARTESIAN_POINT ( 'NONE',  ( -0.4132316369571542025, 1.310000000000000053, -1.925813499945592699 ) ) ;
#7994 = LINE ( 'NONE', #5371, #2671 ) ;
#7995 = EDGE_CURVE ( 'NONE', #43, #7979, #6596, .T. ) ;
#7996 = PRESENTATION_LAYER_ASSIGNMENT (  '', '', ( #7201 ) ) ;
#7997 = PRESENTATION_STYLE_ASSIGNMENT (( #10767 ) ) ;
#7998 = EDGE_CURVE ( 'NONE', #902, #4003, #4795, .T. ) ;
#7999 = CARTESIAN_POINT ( 'NONE',  ( -0.3483507429787453535, 1.310000000000000053, -1.731586721177126087 ) ) ;
#8000 = FILL_AREA_STYLE ('',( #681 ) ) ;
#8001 = VERTEX_POINT ( 'NONE', #2949 ) ;
#8002 = FILL_AREA_STYLE ('',( #4298 ) ) ;
#8003 = UNCERTAINTY_MEASURE_WITH_UNIT (LENGTH_MEASURE( 1.000000000000000082E-05 ), #9024, 'distance_accuracy_value', 'NONE');
#8004 = EDGE_CURVE ( 'NONE', #1080, #8975, #9730, .T. ) ;
#8005 = SURFACE_STYLE_USAGE ( .BOTH. , #2345 ) ;
#8006 = SURFACE_STYLE_USAGE ( .BOTH. , #10912 ) ;
#8007 = PRESENTATION_STYLE_ASSIGNMENT (( #4302 ) ) ;
#8008 = UNCERTAINTY_MEASURE_WITH_UNIT (LENGTH_MEASURE( 1.000000000000000082E-05 ), #11075, 'distance_accuracy_value', 'NONE');
#8009 = DIRECTION ( 'NONE',  ( 7.220391078106139393E-15, -0.0000000000000000000, 1.000000000000000000 ) ) ;
#8010 = CARTESIAN_POINT ( 'NONE',  ( -0.3151824654486039545, 1.310000000000000053, -1.354154597554453554 ) ) ;
#8011 = CARTESIAN_POINT ( 'NONE',  ( -0.2972466413917861372, 1.300000000000000044, -1.750926218420765235 ) ) ;
#8012 = CARTESIAN_POINT ( 'NONE',  ( -0.5961250544382052929, 1.310000000000000053, -1.856981525884831452 ) ) ;
#8013 = LINE ( 'NONE', #3324, #8364 ) ;
#8014 = PLANE ( 'NONE',  #10035 ) ;
#8015 = ORIENTED_EDGE ( 'NONE', *, *, #10026, .F. ) ;
#8016 = CARTESIAN_POINT ( 'NONE',  ( -1.000071004927248319, 1.310000000000000053, -1.676791478987283091 ) ) ;
#8017 =( LENGTH_UNIT ( ) NAMED_UNIT ( * ) SI_UNIT ( .MILLI., .METRE. ) );
#8018 = SURFACE_STYLE_USAGE ( .BOTH. , #4152 ) ;
#8019 = VERTEX_POINT ( 'NONE', #8825 ) ;
#8020 = EDGE_LOOP ( 'NONE', ( #2451, #7054, #6330, #2829 ) ) ;
#8021 = PRESENTATION_LAYER_ASSIGNMENT (  '', '', ( #7231 ) ) ;
#8022 = DIRECTION ( 'NONE',  ( -1.000000000000000000, -0.0000000000000000000, 7.474873200868780532E-15 ) ) ;
#8023 = B_SPLINE_SURFACE_WITH_KNOTS ( 'NONE', 3, 1, ( 
 ( #10402, #4661 ),
 ( #8413, #5621 ),
 ( #8530, #3046 ),
 ( #7496, #2866 ) ),
 .UNSPECIFIED., .F., .F., .F.,
 ( 4, 4 ),
 ( 2, 2 ),
 ( 15.00000000000000000, 16.00000000000000000 ),
 ( 0.0000000000000000000, 1.000000000000000000 ),
 .UNSPECIFIED. ) ;
#8024 =( NAMED_UNIT ( * ) PLANE_ANGLE_UNIT ( ) SI_UNIT ( $, .RADIAN. ) );
#8025 = CARTESIAN_POINT ( 'NONE',  ( -0.4469717813413128238, 1.300000000000000044, -1.948584198313327409 ) ) ;
#8026 = DIRECTION ( 'NONE',  ( -0.0000000000000000000, 0.0000000000000000000, 1.000000000000000000 ) ) ;
#8027 = DIRECTION ( 'NONE',  ( 1.000000000000000000, -0.0000000000000000000, -7.825477009576042535E-15 ) ) ;
#8028 = DIRECTION ( 'NONE',  ( 9.351971403879836576E-15, -0.0000000000000000000, 1.000000000000000000 ) ) ;
#8029 = CARTESIAN_POINT ( 'NONE',  ( -0.3236045045701886891, 1.300000000000000044, -1.785342205450451525 ) ) ;
#8030 = ORIENTED_EDGE ( 'NONE', *, *, #6717, .F. ) ;
#8031 = EDGE_CURVE ( 'NONE', #3434, #1628, #8600, .T. ) ;
#8032 = FACE_OUTER_BOUND ( 'NONE', #9341, .T. ) ;
#8033 = EDGE_LOOP ( 'NONE', ( #11709, #8030, #10527, #6843 ) ) ;
#8034 = ORIENTED_EDGE ( 'NONE', *, *, #10514, .T. ) ;
#8035 = FILL_AREA_STYLE ('',( #4380 ) ) ;
#8036 = PLANE ( 'NONE',  #3579 ) ;
#8037 = ORIENTED_EDGE ( 'NONE', *, *, #1191, .T. ) ;
#8038 = PRESENTATION_STYLE_ASSIGNMENT (( #5425 ) ) ;
#8039 = CARTESIAN_POINT ( 'NONE',  ( -0.1056192574146082308, 1.310000000000000053, -1.788565454991522197 ) ) ;
#8040 = FILL_AREA_STYLE_COLOUR ( '', #5049 ) ;
#8041 = CARTESIAN_POINT ( 'NONE',  ( -0.7734557670649858663, 1.300000000000000044, -1.856981525884830120 ) ) ;
#8042 = DIRECTION ( 'NONE',  ( -0.0000000000000000000, -1.000000000000000000, -0.0000000000000000000 ) ) ;
#8043 =( GEOMETRIC_REPRESENTATION_CONTEXT ( 3 ) GLOBAL_UNCERTAINTY_ASSIGNED_CONTEXT ( ( #85 ) ) GLOBAL_UNIT_ASSIGNED_CONTEXT ( ( #140, #11280, #9793 ) ) REPRESENTATION_CONTEXT ( 'NONE', 'WORKASPACE' ) );
#8044 = ORIENTED_EDGE ( 'NONE', *, *, #3592, .F. ) ;
#8045 = DIRECTION ( 'NONE',  ( -0.0000000000000000000, -1.000000000000000000, -0.0000000000000000000 ) ) ;
#8046 = CARTESIAN_POINT ( 'NONE',  ( -0.3303629310268647590, 1.300000000000000044, -1.816326991357427589 ) ) ;
#8047 = ORIENTED_EDGE ( 'NONE', *, *, #2711, .T. ) ;
#8048 = SURFACE_STYLE_FILL_AREA ( #7067 ) ;
#8049 = CARTESIAN_POINT ( 'NONE',  ( -0.3721611992623068965, 1.300000000000000044, -1.733666237010166533 ) ) ;
#8050 = DIRECTION ( 'NONE',  ( 0.0000000000000000000, 0.0000000000000000000, -1.000000000000000000 ) ) ;
#8051 = EDGE_CURVE ( 'NONE', #8468, #9727, #8136, .T. ) ;
#8052 = MECHANICAL_DESIGN_GEOMETRIC_PRESENTATION_REPRESENTATION (  '', ( #7271 ), #271 ) ;
#8053 = UNCERTAINTY_MEASURE_WITH_UNIT (LENGTH_MEASURE( 1.000000000000000082E-05 ), #1999, 'distance_accuracy_value', 'NONE');
#8054 = CARTESIAN_POINT ( 'NONE',  ( 0.4274348530697836823, 1.300000000000000044, -1.791222310412815988 ) ) ;
#8055 = VERTEX_POINT ( 'NONE', #6046 ) ;
#8056 = SURFACE_SIDE_STYLE ('',( #4346 ) ) ;
#8057 = MECHANICAL_DESIGN_GEOMETRIC_PRESENTATION_REPRESENTATION (  '', ( #7476 ), #863 ) ;
#8058 = CARTESIAN_POINT ( 'NONE',  ( 0.9060565982561902265, 1.310000000000000053, -1.877981485487228541 ) ) ;
#8059 = CARTESIAN_POINT ( 'NONE',  ( 0.9046105641992142621, 1.310000000000000053, -1.781100334026238574 ) ) ;
#8060 = UNCERTAINTY_MEASURE_WITH_UNIT (LENGTH_MEASURE( 1.000000000000000082E-05 ), #849, 'distance_accuracy_value', 'NONE');
#8061 =( GEOMETRIC_REPRESENTATION_CONTEXT ( 3 ) GLOBAL_UNCERTAINTY_ASSIGNED_CONTEXT ( ( #445 ) ) GLOBAL_UNIT_ASSIGNED_CONTEXT ( ( #4265, #1623, #10873 ) ) REPRESENTATION_CONTEXT ( 'NONE', 'WORKASPACE' ) );
#8062 = PRESENTATION_STYLE_ASSIGNMENT (( #2285 ) ) ;
#8063 = SURFACE_STYLE_FILL_AREA ( #449 ) ;
#8064 = CARTESIAN_POINT ( 'NONE',  ( 0.4303267832829452133, 1.310000000000000053, -1.880873470861114782 ) ) ;
#8065 = FACE_OUTER_BOUND ( 'NONE', #11912, .T. ) ;
#8066 = LINE ( 'NONE', #6911, #11811 ) ;
#8067 = UNCERTAINTY_MEASURE_WITH_UNIT (LENGTH_MEASURE( 1.000000000000000082E-05 ), #10497, 'distance_accuracy_value', 'NONE');
#8068 = DIRECTION ( 'NONE',  ( -7.463408671483660171E-15, -0.0000000000000000000, -1.000000000000000000 ) ) ;
#8069 = ORIENTED_EDGE ( 'NONE', *, *, #977, .F. ) ;
#8070 = CARTESIAN_POINT ( 'NONE',  ( 0.1787250486992051079, 1.300000000000000044, -1.778208403813768435 ) ) ;
#8071 = UNCERTAINTY_MEASURE_WITH_UNIT (LENGTH_MEASURE( 1.000000000000000082E-05 ), #5142, 'distance_accuracy_value', 'NONE');
#8072 = PRESENTATION_STYLE_ASSIGNMENT (( #11054 ) ) ;
#8073 = LINE ( 'NONE', #7275, #9461 ) ;
#8074 = EDGE_CURVE ( 'NONE', #6156, #7895, #7556, .T. ) ;
#8075 = FILL_AREA_STYLE ('',( #2586 ) ) ;
#8076 =( NAMED_UNIT ( * ) SI_UNIT ( $, .STERADIAN. ) SOLID_ANGLE_UNIT ( ) );
#8077 = VERTEX_POINT ( 'NONE', #5029 ) ;
#8078 = ORIENTED_EDGE ( 'NONE', *, *, #2323, .F. ) ;
#8079 = FILL_AREA_STYLE ('',( #5113 ) ) ;
#8080 = LINE ( 'NONE', #3450, #10634 ) ;
#8081 = FACE_OUTER_BOUND ( 'NONE', #78, .T. ) ;
#8082 = DIRECTION ( 'NONE',  ( -0.0000000000000000000, 1.000000000000000000, -0.0000000000000000000 ) ) ;
#8083 = CARTESIAN_POINT ( 'NONE',  ( -0.1113899138498327668, 1.310000000000000053, -1.700186032104098244 ) ) ;
#8084 = CARTESIAN_POINT ( 'NONE',  ( 0.3030799233044778607, 1.310000000000000053, -1.489010997278496173 ) ) ;
#8085 = COLOUR_RGB ( '',1.000000000000000000, 1.000000000000000000, 1.000000000000000000 ) ;
#8086 = ORIENTED_EDGE ( 'NONE', *, *, #1474, .F. ) ;
#8087 = VERTEX_POINT ( 'NONE', #10489 ) ;
#8088 = VERTEX_POINT ( 'NONE', #10653 ) ;
#8089 = CARTESIAN_POINT ( 'NONE',  ( -0.006634303781057320631, 1.310000000000000053, -1.676791478987290196 ) ) ;
#8090 = DIRECTION ( 'NONE',  ( -0.3559357243643141988, 0.0000000000000000000, -0.9345104387438649685 ) ) ;
#8091 = ORIENTED_EDGE ( 'NONE', *, *, #2015, .F. ) ;
#8092 =( NAMED_UNIT ( * ) SI_UNIT ( $, .STERADIAN. ) SOLID_ANGLE_UNIT ( ) );
#8093 = MECHANICAL_DESIGN_GEOMETRIC_PRESENTATION_REPRESENTATION (  '', ( #107 ), #6146 ) ;
#8094 = LINE ( 'NONE', #8281, #3700 ) ;
#8095 = PRESENTATION_STYLE_ASSIGNMENT (( #6214 ) ) ;
#8096 = FACE_OUTER_BOUND ( 'NONE', #2460, .T. ) ;
#8097 = CARTESIAN_POINT ( 'NONE',  ( -0.5935256596462119560, 1.310000000000000053, -1.409469718701858776 ) ) ;
#8098 = ADVANCED_FACE ( 'NONE', ( #1285, #5822 ), #3992, .T. ) ;
#8099 = VERTEX_POINT ( 'NONE', #3308 ) ;
#8100 = VECTOR ( 'NONE', #1591, 1000.000000000000114 ) ;
#8101 = DIRECTION ( 'NONE',  ( -1.000000000000000000, 0.0000000000000000000, -0.0000000000000000000 ) ) ;
#8102 = UNCERTAINTY_MEASURE_WITH_UNIT (LENGTH_MEASURE( 1.000000000000000082E-05 ), #777, 'distance_accuracy_value', 'NONE');
#8103 =( GEOMETRIC_REPRESENTATION_CONTEXT ( 3 ) GLOBAL_UNCERTAINTY_ASSIGNED_CONTEXT ( ( #7427 ) ) GLOBAL_UNIT_ASSIGNED_CONTEXT ( ( #3773, #2662, #7474 ) ) REPRESENTATION_CONTEXT ( 'NONE', 'WORKASPACE' ) );
#8104 = VERTEX_POINT ( 'NONE', #5141 ) ;
#8105 = FILL_AREA_STYLE ('',( #4527 ) ) ;
#8106 =( LENGTH_UNIT ( ) NAMED_UNIT ( * ) SI_UNIT ( .MILLI., .METRE. ) );
#8107 = CARTESIAN_POINT ( 'NONE',  ( -0.03288819116794932523, 1.310000000000000053, -1.534344644452006579 ) ) ;
#8108 = SURFACE_STYLE_FILL_AREA ( #2622 ) ;
#8109 = EDGE_LOOP ( 'NONE', ( #1475, #10484, #4941, #3623 ) ) ;
#8110 = MECHANICAL_DESIGN_GEOMETRIC_PRESENTATION_REPRESENTATION (  '', ( #8496 ), #3248 ) ;
#8111 = CARTESIAN_POINT ( 'NONE',  ( -0.3414363528354896204, 1.310000000000000053, -1.465928573558684667 ) ) ;
#8112 = MECHANICAL_DESIGN_GEOMETRIC_PRESENTATION_REPRESENTATION (  '', ( #11761 ), #8103 ) ;
#8113 = CARTESIAN_POINT ( 'NONE',  ( 0.7137403018118725351, 1.300000000000000044, -1.833155960423808573 ) ) ;
#8114 = CARTESIAN_POINT ( 'NONE',  ( 0.0000000000000000000, -2.299999999999999822, -0.7500000000000001110 ) ) ;
#8115 = LINE ( 'NONE', #9851, #6171 ) ;
#8116 = ORIENTED_EDGE ( 'NONE', *, *, #781, .F. ) ;
#8117 = FACE_OUTER_BOUND ( 'NONE', #10534, .T. ) ;
#8118 = MECHANICAL_DESIGN_GEOMETRIC_PRESENTATION_REPRESENTATION (  '', ( #9842 ), #10829 ) ;
#8119 = STYLED_ITEM ( 'NONE', ( #5490 ), #5016 ) ;
#8120 = AXIS2_PLACEMENT_3D ( 'NONE', #3093, #6800, #5892 ) ;
#8121 = B_SPLINE_SURFACE_WITH_KNOTS ( 'NONE', 3, 1, ( 
 ( #793, #2607 ),
 ( #3471, #10813 ),
 ( #5303, #6322 ),
 ( #10015, #4580 ) ),
 .UNSPECIFIED., .F., .F., .F.,
 ( 4, 4 ),
 ( 2, 2 ),
 ( 10.00000000000000000, 11.00000000000000000 ),
 ( 0.0000000000000000000, 1.000000000000000000 ),
 .UNSPECIFIED. ) ;
#8122 = CARTESIAN_POINT ( 'NONE',  ( 0.7299143960640764872, -2.181460903714662170, -0.1981146221846679378 ) ) ;
#8123 = PRESENTATION_STYLE_ASSIGNMENT (( #1729 ) ) ;
#8124 = VECTOR ( 'NONE', #3243, 1000.000000000000000 ) ;
#8125 = CARTESIAN_POINT ( 'NONE',  ( -0.8333458230445190962, 1.300000000000000044, -1.719317577764704508 ) ) ;
#8126 = COLOUR_RGB ( '',1.000000000000000000, 1.000000000000000000, 1.000000000000000000 ) ;
#8127 = PRESENTATION_LAYER_ASSIGNMENT (  '', '', ( #1510 ) ) ;
#8128 = EDGE_CURVE ( 'NONE', #3411, #10361, #5928, .T. ) ;
#8129 = AXIS2_PLACEMENT_3D ( 'NONE', #9934, #6190, #7099 ) ;
#8130 = PRESENTATION_STYLE_ASSIGNMENT (( #3375 ) ) ;
#8131 = MECHANICAL_DESIGN_GEOMETRIC_PRESENTATION_REPRESENTATION (  '', ( #6566 ), #2475 ) ;
#8132 = FILL_AREA_STYLE ('',( #5570 ) ) ;
#8133 = CARTESIAN_POINT ( 'NONE',  ( 0.3811632525793582915, 1.300000000000000044, -1.374778009425431158 ) ) ;
#8134 = ORIENTED_EDGE ( 'NONE', *, *, #9163, .T. ) ;
#8135 = CARTESIAN_POINT ( 'NONE',  ( -0.2596074048210277319, 1.300000000000000044, -1.532992959160947022 ) ) ;
#8136 = B_SPLINE_CURVE_WITH_KNOTS ( 'NONE', 3,
 ( #3189, #5088, #11386, #5876 ),
 .UNSPECIFIED., .F., .F.,
 ( 4, 4 ),
 ( 3.000000000000000000, 4.000000000000000000 ),
 .UNSPECIFIED. ) ;
#8137 = VECTOR ( 'NONE', #1391, 1000.000000000000000 ) ;
#8138 = STYLED_ITEM ( 'NONE', ( #5581 ), #4075 ) ;
#8139 =( GEOMETRIC_REPRESENTATION_CONTEXT ( 3 ) GLOBAL_UNCERTAINTY_ASSIGNED_CONTEXT ( ( #7245 ) ) GLOBAL_UNIT_ASSIGNED_CONTEXT ( ( #10815, #10753, #9955 ) ) REPRESENTATION_CONTEXT ( 'NONE', 'WORKASPACE' ) );
#8140 = CARTESIAN_POINT ( 'NONE',  ( -0.9869180672841945112, 1.310000000000000053, -1.709543853351372045 ) ) ;
#8141 = PRESENTATION_LAYER_ASSIGNMENT (  '', '', ( #356 ) ) ;
#8142 = LINE ( 'NONE', #7274, #10884 ) ;
#8143 = DIRECTION ( 'NONE',  ( -1.000000000000000000, -0.0000000000000000000, 7.929618338613898777E-15 ) ) ;
#8144 =( NAMED_UNIT ( * ) SI_UNIT ( $, .STERADIAN. ) SOLID_ANGLE_UNIT ( ) );
#8145 =( NAMED_UNIT ( * ) PLANE_ANGLE_UNIT ( ) SI_UNIT ( $, .RADIAN. ) );
#8146 = ORIENTED_EDGE ( 'NONE', *, *, #4619, .F. ) ;
#8147 = EDGE_LOOP ( 'NONE', ( #6273, #9299, #1794, #4517 ) ) ;
#8148 = CARTESIAN_POINT ( 'NONE',  ( -0.4226934339952500563, 1.310000000000000053, -1.926749282070603364 ) ) ;
#8149 = EDGE_CURVE ( 'NONE', #10141, #1099, #9606, .T. ) ;
#8150 = PRESENTATION_LAYER_ASSIGNMENT (  '', '', ( #1330 ) ) ;
#8151 = SURFACE_STYLE_USAGE ( .BOTH. , #7283 ) ;
#8152 = PRESENTATION_LAYER_ASSIGNMENT (  '', '', ( #5627 ) ) ;
#8153 = SURFACE_STYLE_FILL_AREA ( #9031 ) ;
#8154 = PRESENTATION_LAYER_ASSIGNMENT (  '', '', ( #7774 ) ) ;
#8155 = SURFACE_STYLE_USAGE ( .BOTH. , #10000 ) ;
#8156 =( GEOMETRIC_REPRESENTATION_CONTEXT ( 3 ) GLOBAL_UNCERTAINTY_ASSIGNED_CONTEXT ( ( #3892 ) ) GLOBAL_UNIT_ASSIGNED_CONTEXT ( ( #2365, #4321, #4101 ) ) REPRESENTATION_CONTEXT ( 'NONE', 'WORKASPACE' ) );
#8157 = EDGE_CURVE ( 'NONE', #11845, #9314, #1185, .T. ) ;
#8158 = PRESENTATION_LAYER_ASSIGNMENT (  '', '', ( #10853 ) ) ;
#8159 = CARTESIAN_POINT ( 'NONE',  ( -0.1890078423031585353, 1.300000000000000044, -1.560962447109883744 ) ) ;
#8160 = EDGE_CURVE ( 'NONE', #3042, #2508, #6965, .T. ) ;
#8161 =( NAMED_UNIT ( * ) SI_UNIT ( $, .STERADIAN. ) SOLID_ANGLE_UNIT ( ) );
#8162 = ORIENTED_EDGE ( 'NONE', *, *, #1908, .F. ) ;
#8163 = PRESENTATION_LAYER_ASSIGNMENT (  '', '', ( #10869 ) ) ;
#8164 = EDGE_CURVE ( 'NONE', #5480, #4497, #12018, .T. ) ;
#8165 = ORIENTED_EDGE ( 'NONE', *, *, #910, .F. ) ;
#8166 = ORIENTED_EDGE ( 'NONE', *, *, #417, .F. ) ;
#8167 = PRESENTATION_STYLE_ASSIGNMENT (( #10938 ) ) ;
#8168 = CARTESIAN_POINT ( 'NONE',  ( -0.5698711670506261262, 1.300000000000000044, -1.676791478987285977 ) ) ;
#8169 = ORIENTED_EDGE ( 'NONE', *, *, #8261, .F. ) ;
#8170 = VECTOR ( 'NONE', #5191, 1000.000000000000000 ) ;
#8171 = PRESENTATION_STYLE_ASSIGNMENT (( #8218 ) ) ;
#8172 = DIRECTION ( 'NONE',  ( -0.0000000000000000000, -1.000000000000000000, -0.0000000000000000000 ) ) ;
#8173 = FACE_OUTER_BOUND ( 'NONE', #7425, .T. ) ;
#8174 = FACE_BOUND ( 'NONE', #4466, .T. ) ;
#8175 = STYLED_ITEM ( 'NONE', ( #3501 ), #10794 ) ;
#8176 = ORIENTED_EDGE ( 'NONE', *, *, #3750, .F. ) ;
#8177 = CARTESIAN_POINT ( 'NONE',  ( 0.8467710773767120891, 1.310000000000000053, -1.503470786245107549 ) ) ;
#8178 = SURFACE_STYLE_USAGE ( .BOTH. , #4465 ) ;
#8179 = VERTEX_POINT ( 'NONE', #10589 ) ;
#8180 = DIRECTION ( 'NONE',  ( -0.9345104387438702975, 0.0000000000000000000, -0.3559357243643003210 ) ) ;
#8181 = PLANE ( 'NONE',  #6416 ) ;
#8182 = DIRECTION ( 'NONE',  ( 1.000000000000000000, 0.0000000000000000000, -6.664894986923657044E-15 ) ) ;
#8183 = VERTEX_POINT ( 'NONE', #10711 ) ;
#8184 = FILL_AREA_STYLE ('',( #3603 ) ) ;
#8185 = VECTOR ( 'NONE', #2445, 1000.000000000000000 ) ;
#8186 = B_SPLINE_CURVE_WITH_KNOTS ( 'NONE', 3,
 ( #3631, #8025, #9881, #2735 ),
 .UNSPECIFIED., .F., .F.,
 ( 4, 4 ),
 ( 1.000000000000000000, 2.000000000000000000 ),
 .UNSPECIFIED. ) ;
#8187 = DIRECTION ( 'NONE',  ( -0.0000000000000000000, -1.000000000000000000, -0.0000000000000000000 ) ) ;
#8188 = ORIENTED_EDGE ( 'NONE', *, *, #1431, .F. ) ;
#8189 = PRESENTATION_LAYER_ASSIGNMENT (  '', '', ( #4500 ) ) ;
#8190 = LINE ( 'NONE', #9919, #11399 ) ;
#8191 = LINE ( 'NONE', #1921, #6956 ) ;
#8192 = UNCERTAINTY_MEASURE_WITH_UNIT (LENGTH_MEASURE( 1.000000000000000082E-05 ), #4606, 'distance_accuracy_value', 'NONE');
#8193 = ORIENTED_EDGE ( 'NONE', *, *, #4563, .F. ) ;
#8194 = EDGE_CURVE ( 'NONE', #942, #600, #9128, .T. ) ;
#8195 = ORIENTED_EDGE ( 'NONE', *, *, #2552, .F. ) ;
#8196 = LINE ( 'NONE', #5460, #6335 ) ;
#8197 = CARTESIAN_POINT ( 'NONE',  ( 0.8843667493268569935, 1.300000000000000044, -1.726152804996228474 ) ) ;
#8198 = FACE_OUTER_BOUND ( 'NONE', #6267, .T. ) ;
#8199 = CARTESIAN_POINT ( 'NONE',  ( -0.2022127678405898632, 1.310000000000000053, -1.752277903711821239 ) ) ;
#8200 = ORIENTED_EDGE ( 'NONE', *, *, #3590, .T. ) ;
#8201 = VERTEX_POINT ( 'NONE', #9055 ) ;
#8202 =( NAMED_UNIT ( * ) SI_UNIT ( $, .STERADIAN. ) SOLID_ANGLE_UNIT ( ) );
#8203 = SURFACE_STYLE_USAGE ( .BOTH. , #3765 ) ;
#8204 =( LENGTH_UNIT ( ) NAMED_UNIT ( * ) SI_UNIT ( .MILLI., .METRE. ) );
#8205 = CARTESIAN_POINT ( 'NONE',  ( -0.1056192574146080088, 1.310000000000000053, -1.765274877666225040 ) ) ;
#8206 = CARTESIAN_POINT ( 'NONE',  ( -0.9857743335775431825, 1.300000000000000044, -1.702785426896082255 ) ) ;
#8207 = FILL_AREA_STYLE_COLOUR ( '', #9820 ) ;
#8208 = PLANE ( 'NONE',  #9308 ) ;
#8209 = EDGE_CURVE ( 'NONE', #5616, #4016, #8887, .T. ) ;
#8210 = SURFACE_STYLE_USAGE ( .BOTH. , #1760 ) ;
#8211 = VECTOR ( 'NONE', #7345, 1000.000000000000114 ) ;
#8212 = ORIENTED_EDGE ( 'NONE', *, *, #1165, .T. ) ;
#8213 = EDGE_LOOP ( 'NONE', ( #9946, #9405, #9822, #11240 ) ) ;
#8214 = ORIENTED_EDGE ( 'NONE', *, *, #8971, .T. ) ;
#8215 = DIRECTION ( 'NONE',  ( -1.000000000000000000, 0.0000000000000000000, 7.057494494354876064E-15 ) ) ;
#8216 = CARTESIAN_POINT ( 'NONE',  ( -0.3526657383313973049, 1.310000000000000053, -1.825684812604707385 ) ) ;
#8217 = ORIENTED_EDGE ( 'NONE', *, *, #8004, .F. ) ;
#8218 = SURFACE_STYLE_USAGE ( .BOTH. , #9898 ) ;
#8219 = LINE ( 'NONE', #2678, #5435 ) ;
#8220 =( NAMED_UNIT ( * ) SI_UNIT ( $, .STERADIAN. ) SOLID_ANGLE_UNIT ( ) );
#8221 = SURFACE_STYLE_USAGE ( .BOTH. , #796 ) ;
#8222 = B_SPLINE_SURFACE_WITH_KNOTS ( 'NONE', 3, 1, ( 
 ( #5929, #9248 ),
 ( #10163, #674 ),
 ( #2560, #5372 ),
 ( #9056, #9185 ) ),
 .UNSPECIFIED., .F., .F., .F.,
 ( 4, 4 ),
 ( 2, 2 ),
 ( 2.000000000000000000, 3.000000000000000000 ),
 ( 0.0000000000000000000, 1.000000000000000000 ),
 .UNSPECIFIED. ) ;
#8223 = EDGE_CURVE ( 'NONE', #10084, #8288, #7994, .T. ) ;
#8224 = UNCERTAINTY_MEASURE_WITH_UNIT (LENGTH_MEASURE( 1.000000000000000082E-05 ), #887, 'distance_accuracy_value', 'NONE');
#8225 = ORIENTED_EDGE ( 'NONE', *, *, #5691, .F. ) ;
#8226 = FILL_AREA_STYLE_COLOUR ( '', #9812 ) ;
#8227 = CARTESIAN_POINT ( 'NONE',  ( -0.5937336112306265123, 1.310000000000000053, -1.499096851088824733 ) ) ;
#8228 = PRESENTATION_STYLE_ASSIGNMENT (( #7306 ) ) ;
#8229 =( NAMED_UNIT ( * ) SI_UNIT ( $, .STERADIAN. ) SOLID_ANGLE_UNIT ( ) );
#8230 = EDGE_CURVE ( 'NONE', #4329, #6639, #4293, .T. ) ;
#8231 = VERTEX_POINT ( 'NONE', #1457 ) ;
#8232 = CARTESIAN_POINT ( 'NONE',  ( -1.897366596101027536, 1.300000000000000044, 2.250000000000000000 ) ) ;
#8233 =( LENGTH_UNIT ( ) NAMED_UNIT ( * ) SI_UNIT ( .MILLI., .METRE. ) );
#8234 =( GEOMETRIC_REPRESENTATION_CONTEXT ( 3 ) GLOBAL_UNCERTAINTY_ASSIGNED_CONTEXT ( ( #11799 ) ) GLOBAL_UNIT_ASSIGNED_CONTEXT ( ( #9661, #9597, #10581 ) ) REPRESENTATION_CONTEXT ( 'NONE', 'WORKASPACE' ) );
#8235 =( LENGTH_UNIT ( ) NAMED_UNIT ( * ) SI_UNIT ( .MILLI., .METRE. ) );
#8236 = ORIENTED_EDGE ( 'NONE', *, *, #5753, .F. ) ;
#8237 = CARTESIAN_POINT ( 'NONE',  ( -0.3570327215798038689, 1.300000000000000044, -1.829323965311829614 ) ) ;
#8238 = B_SPLINE_CURVE_WITH_KNOTS ( 'NONE', 3,
 ( #11907, #3607, #10964, #1913 ),
 .UNSPECIFIED., .F., .F.,
 ( 4, 4 ),
 ( 17.00000000000000000, 18.00000000000000000 ),
 .UNSPECIFIED. ) ;
#8239 = LINE ( 'NONE', #11101, #9680 ) ;
#8240 = CARTESIAN_POINT ( 'NONE',  ( 0.09984475857492165762, -2.299999999999999822, -0.7500000000000001110 ) ) ;
#8241 = CARTESIAN_POINT ( 'NONE',  ( -0.4180145233723066012, 1.310000000000000053, -1.926749282070603364 ) ) ;
#8242 = LINE ( 'NONE', #9332, #4847 ) ;
#8243 = PRESENTATION_LAYER_ASSIGNMENT (  '', '', ( #4566 ) ) ;
#8244 = SURFACE_STYLE_FILL_AREA ( #1851 ) ;
#8245 = CARTESIAN_POINT ( 'NONE',  ( -0.2265431030823970848, 1.300000000000000044, -1.374429876923095817 ) ) ;
#8246 = B_SPLINE_CURVE_WITH_KNOTS ( 'NONE', 3,
 ( #8390, #31, #1016, #3626 ),
 .UNSPECIFIED., .F., .F.,
 ( 4, 4 ),
 ( 0.0000000000000000000, 1.000000000000000000 ),
 .UNSPECIFIED. ) ;
#8247 = SURFACE_STYLE_FILL_AREA ( #6523 ) ;
#8248 = ORIENTED_EDGE ( 'NONE', *, *, #9283, .T. ) ;
#8249 = FACE_OUTER_BOUND ( 'NONE', #5307, .T. ) ;
#8250 = VECTOR ( 'NONE', #1885, 1000.000000000000000 ) ;
#8251 = ORIENTED_EDGE ( 'NONE', *, *, #9901, .F. ) ;
#8252 = CARTESIAN_POINT ( 'NONE',  ( -0.7453823033245317031, 1.300000000000000044, -1.354154597554450667 ) ) ;
#8253 = DIRECTION ( 'NONE',  ( -1.000000000000000000, -0.0000000000000000000, 7.929618338664232836E-15 ) ) ;
#8254 = FACE_BOUND ( 'NONE', #991, .T. ) ;
#8255 = FILL_AREA_STYLE ('',( #7647 ) ) ;
#8256 = ORIENTED_EDGE ( 'NONE', *, *, #1479, .F. ) ;
#8257 = VERTEX_POINT ( 'NONE', #559 ) ;
#8258 = SURFACE_STYLE_FILL_AREA ( #4557 ) ;
#8259 = VECTOR ( 'NONE', #11558, 1000.000000000000000 ) ;
#8260 = CARTESIAN_POINT ( 'NONE',  ( -0.3142986712193585053, 1.310000000000000053, -1.809880492276675135 ) ) ;
#8261 = EDGE_CURVE ( 'NONE', #1952, #5249, #803, .T. ) ;
#8262 = CARTESIAN_POINT ( 'NONE',  ( -0.1403991597152868254, 1.310000000000000053, -1.854278155302721665 ) ) ;
#8263 = CARTESIAN_POINT ( 'NONE',  ( -0.2595034290295187840, 1.310000000000000053, -1.557011367028222626 ) ) ;
#8264 = FILL_AREA_STYLE_COLOUR ( '', #1613 ) ;
#8265 = LINE ( 'NONE', #834, #6739 ) ;
#8266 = SURFACE_STYLE_USAGE ( .BOTH. , #1625 ) ;
#8267 = EDGE_CURVE ( 'NONE', #10057, #11417, #3412, .T. ) ;
#8268 =( NAMED_UNIT ( * ) SI_UNIT ( $, .STERADIAN. ) SOLID_ANGLE_UNIT ( ) );
#8269 =( NAMED_UNIT ( * ) SI_UNIT ( $, .STERADIAN. ) SOLID_ANGLE_UNIT ( ) );
#8270 = FACE_OUTER_BOUND ( 'NONE', #9047, .T. ) ;
#8271 = ORIENTED_EDGE ( 'NONE', *, *, #2411, .F. ) ;
#8272 = SURFACE_STYLE_USAGE ( .BOTH. , #4631 ) ;
#8273 =( GEOMETRIC_REPRESENTATION_CONTEXT ( 3 ) GLOBAL_UNCERTAINTY_ASSIGNED_CONTEXT ( ( #6165 ) ) GLOBAL_UNIT_ASSIGNED_CONTEXT ( ( #7355, #10142, #1818 ) ) REPRESENTATION_CONTEXT ( 'NONE', 'WORKASPACE' ) );
#8274 = VERTEX_POINT ( 'NONE', #5313 ) ;
#8275 = EDGE_LOOP ( 'NONE', ( #11594, #11920, #8570, #6891 ) ) ;
#8276 = CARTESIAN_POINT ( 'NONE',  ( -0.2207204587507351212, 1.300000000000000044, -1.850846954178625214 ) ) ;
#8277 = EDGE_LOOP ( 'NONE', ( #6099, #651, #4338, #1184 ) ) ;
#8278 = FILL_AREA_STYLE_COLOUR ( '', #6770 ) ;
#8279 = EDGE_CURVE ( 'NONE', #11757, #2043, #6235, .T. ) ;
#8280 = UNCERTAINTY_MEASURE_WITH_UNIT (LENGTH_MEASURE( 1.000000000000000082E-05 ), #4404, 'distance_accuracy_value', 'NONE');
#8281 = CARTESIAN_POINT ( 'NONE',  ( -0.006634303781057320631, 1.310000000000000053, -1.676791478987290196 ) ) ;
#8282 = CARTESIAN_POINT ( 'NONE',  ( -0.8228442680905884155, 1.310000000000000053, -1.557531245985784629 ) ) ;
#8283 = EDGE_CURVE ( 'NONE', #6639, #1242, #11897, .T. ) ;
#8284 = DIRECTION ( 'NONE',  ( 0.9398440417738186392, 0.0000000000000000000, -0.3416038306902495769 ) ) ;
#8285 = EDGE_CURVE ( 'NONE', #5990, #8538, #7068, .T. ) ;
#8286 = DIRECTION ( 'NONE',  ( 1.000000000000000000, 0.0000000000000000000, 0.0000000000000000000 ) ) ;
#8287 = LINE ( 'NONE', #9313, #10228 ) ;
#8288 = VERTEX_POINT ( 'NONE', #5197 ) ;
#8289 = DIRECTION ( 'NONE',  ( -0.0000000000000000000, -0.0000000000000000000, -1.000000000000000000 ) ) ;
#8290 =( NAMED_UNIT ( * ) SI_UNIT ( $, .STERADIAN. ) SOLID_ANGLE_UNIT ( ) );
#8291 = CARTESIAN_POINT ( 'NONE',  ( 1.020000000000000018, -0.2000000000000000111, -2.250000000000000000 ) ) ;
#8292 =( GEOMETRIC_REPRESENTATION_CONTEXT ( 3 ) GLOBAL_UNCERTAINTY_ASSIGNED_CONTEXT ( ( #1826 ) ) GLOBAL_UNIT_ASSIGNED_CONTEXT ( ( #4668, #2815, #1716 ) ) REPRESENTATION_CONTEXT ( 'NONE', 'WORKASPACE' ) );
#8293 = EDGE_CURVE ( 'NONE', #733, #7684, #2435, .T. ) ;
#8294 = SURFACE_SIDE_STYLE ('',( #862 ) ) ;
#8295 = FACE_OUTER_BOUND ( 'NONE', #10690, .T. ) ;
#8296 = CARTESIAN_POINT ( 'NONE',  ( 0.9046105641992142621, 1.300000000000000044, -1.781100334026238574 ) ) ;
#8297 = UNCERTAINTY_MEASURE_WITH_UNIT (LENGTH_MEASURE( 1.000000000000000082E-05 ), #10535, 'distance_accuracy_value', 'NONE');
#8298 = FILL_AREA_STYLE ('',( #4532 ) ) ;
#8299 = ORIENTED_EDGE ( 'NONE', *, *, #4959, .F. ) ;
#8300 = LINE ( 'NONE', #2630, #6172 ) ;
#8301 = EDGE_CURVE ( 'NONE', #4545, #10110, #5936, .T. ) ;
#8302 = COLOUR_RGB ( '',1.000000000000000000, 1.000000000000000000, 1.000000000000000000 ) ;
#8303 = PRESENTATION_LAYER_ASSIGNMENT (  '', '', ( #11936 ) ) ;
#8304 =( NAMED_UNIT ( * ) PLANE_ANGLE_UNIT ( ) SI_UNIT ( $, .RADIAN. ) );
#8305 = ORIENTED_EDGE ( 'NONE', *, *, #8164, .F. ) ;
#8306 = SURFACE_SIDE_STYLE ('',( #10911 ) ) ;
#8307 = DIRECTION ( 'NONE',  ( 1.000000000000000000, 0.0000000000000000000, 0.0000000000000000000 ) ) ;
#8308 = CARTESIAN_POINT ( 'NONE',  ( 0.2134287628575559093, 1.300000000000000044, -1.815804048184584740 ) ) ;
#8309 = B_SPLINE_CURVE_WITH_KNOTS ( 'NONE', 3,
 ( #4151, #2319, #4377, #2248 ),
 .UNSPECIFIED., .F., .F.,
 ( 4, 4 ),
 ( 18.00000000000000000, 19.00000000000000000 ),
 .UNSPECIFIED. ) ;
#8310 =( GEOMETRIC_REPRESENTATION_CONTEXT ( 3 ) GLOBAL_UNCERTAINTY_ASSIGNED_CONTEXT ( ( #11793 ) ) GLOBAL_UNIT_ASSIGNED_CONTEXT ( ( #6433, #8394, #3714 ) ) REPRESENTATION_CONTEXT ( 'NONE', 'WORKASPACE' ) );
#8311 = PRESENTATION_LAYER_ASSIGNMENT (  '', '', ( #1480 ) ) ;
#8312 = PRESENTATION_LAYER_ASSIGNMENT (  '', '', ( #9052 ) ) ;
#8313 = CARTESIAN_POINT ( 'NONE',  ( -0.7176727548557708669, 1.300000000000000044, -1.880168127418618385 ) ) ;
#8314 = MECHANICAL_DESIGN_GEOMETRIC_PRESENTATION_REPRESENTATION (  '', ( #6747 ), #9829 ) ;
#8315 = PRESENTATION_LAYER_ASSIGNMENT (  '', '', ( #11031 ) ) ;
#8316 = CARTESIAN_POINT ( 'NONE',  ( -0.8556486303490521417, 1.300000000000000044, -1.776608238953634400 ) ) ;
#8317 = ORIENTED_EDGE ( 'NONE', *, *, #8910, .F. ) ;
#8318 = SURFACE_STYLE_USAGE ( .BOTH. , #10974 ) ;
#8319 = CARTESIAN_POINT ( 'NONE',  ( -0.1686805750394584913, 1.310000000000000053, -1.851782736303636101 ) ) ;
#8320 = CARTESIAN_POINT ( 'NONE',  ( -0.2972466413917861372, 1.300000000000000044, -1.750926218420765235 ) ) ;
#8321 = COLOUR_RGB ( '',0.2509803921568627416, 0.2509803921568627416, 0.2509803921568627416 ) ;
#8322 = COLOUR_RGB ( '',1.000000000000000000, 1.000000000000000000, 1.000000000000000000 ) ;
#8323 =( LENGTH_UNIT ( ) NAMED_UNIT ( * ) SI_UNIT ( .MILLI., .METRE. ) );
#8324 = VERTEX_POINT ( 'NONE', #1590 ) ;
#8325 = ORIENTED_EDGE ( 'NONE', *, *, #11894, .F. ) ;
#8326 = VECTOR ( 'NONE', #990, 1000.000000000000000 ) ;
#8327 = MECHANICAL_DESIGN_GEOMETRIC_PRESENTATION_REPRESENTATION (  '', ( #5817 ), #10050 ) ;
#8328 = B_SPLINE_SURFACE_WITH_KNOTS ( 'NONE', 3, 1, ( 
 ( #7046, #470 ),
 ( #5170, #8920 ),
 ( #6924, #3277 ),
 ( #4021, #5903 ) ),
 .UNSPECIFIED., .F., .F., .F.,
 ( 4, 4 ),
 ( 2, 2 ),
 ( 11.00000000000000000, 12.00000000000000000 ),
 ( 0.0000000000000000000, 1.000000000000000000 ),
 .UNSPECIFIED. ) ;
#8329 = EDGE_CURVE ( 'NONE', #11540, #1992, #614, .T. ) ;
#8330 = SURFACE_STYLE_USAGE ( .BOTH. , #11065 ) ;
#8331 = DIRECTION ( 'NONE',  ( -0.0000000000000000000, -1.000000000000000000, -0.0000000000000000000 ) ) ;
#8332 = FACE_OUTER_BOUND ( 'NONE', #9932, .T. ) ;
#8333 = CARTESIAN_POINT ( 'NONE',  ( -0.7176727548557708669, 1.310000000000000053, -1.880168127418618385 ) ) ;
#8334 = MECHANICAL_DESIGN_GEOMETRIC_PRESENTATION_REPRESENTATION (  '', ( #3457 ), #9075 ) ;
#8335 = COLOUR_RGB ( '',1.000000000000000000, 1.000000000000000000, 1.000000000000000000 ) ;
#8336 =( LENGTH_UNIT ( ) NAMED_UNIT ( * ) SI_UNIT ( .MILLI., .METRE. ) );
#8337 = CARTESIAN_POINT ( 'NONE',  ( -0.8556486303490521417, 1.310000000000000053, -1.801978332111965342 ) ) ;
#8338 = VECTOR ( 'NONE', #1206, 1000.000000000000000 ) ;
#8339 = VERTEX_POINT ( 'NONE', #673 ) ;
#8340 = ORIENTED_EDGE ( 'NONE', *, *, #9080, .F. ) ;
#8341 = ORIENTED_EDGE ( 'NONE', *, *, #11160, .F. ) ;
#8342 = MECHANICAL_DESIGN_GEOMETRIC_PRESENTATION_REPRESENTATION (  '', ( #4078 ), #5997 ) ;
#8343 = ORIENTED_EDGE ( 'NONE', *, *, #3816, .F. ) ;
#8344 = SURFACE_STYLE_FILL_AREA ( #5676 ) ;
#8345 = COLOUR_RGB ( '',1.000000000000000000, 1.000000000000000000, 1.000000000000000000 ) ;
#8346 = CARTESIAN_POINT ( 'NONE',  ( -0.3827667300091259217, 1.300000000000000044, -1.738033220259265654 ) ) ;
#8347 = PRESENTATION_STYLE_ASSIGNMENT (( #4645 ) ) ;
#8348 =( NAMED_UNIT ( * ) PLANE_ANGLE_UNIT ( ) SI_UNIT ( $, .RADIAN. ) );
#8349 = FILL_AREA_STYLE ('',( #1887 ) ) ;
#8350 = SURFACE_SIDE_STYLE ('',( #11940 ) ) ;
#8351 = B_SPLINE_SURFACE_WITH_KNOTS ( 'NONE', 3, 1, ( 
 ( #1294, #8237 ),
 ( #10962, #10032 ),
 ( #10839, #9192 ),
 ( #5561, #11100 ) ),
 .UNSPECIFIED., .F., .F., .F.,
 ( 4, 4 ),
 ( 2, 2 ),
 ( 2.000000000000000000, 3.000000000000000000 ),
 ( 0.0000000000000000000, 1.000000000000000000 ),
 .UNSPECIFIED. ) ;
#8352 = PLANE ( 'NONE',  #938 ) ;
#8353 = ADVANCED_FACE ( 'NONE', ( #7123 ), #2116, .F. ) ;
#8354 = VECTOR ( 'NONE', #5237, 1000.000000000000000 ) ;
#8355 = ADVANCED_FACE ( 'NONE', ( #3921 ), #5044, .F. ) ;
#8356 = DIRECTION ( 'NONE',  ( 6.914753392094648140E-15, 0.0000000000000000000, 1.000000000000000000 ) ) ;
#8357 = EDGE_LOOP ( 'NONE', ( #9410, #9153, #2423, #9576 ) ) ;
#8358 = CARTESIAN_POINT ( 'NONE',  ( -0.2209284103344479055, 1.310000000000000053, -1.874969337837415262 ) ) ;
#8359 = CARTESIAN_POINT ( 'NONE',  ( 0.2495784421214468085, 1.310000000000000053, -1.739166766756693239 ) ) ;
#8360 = CARTESIAN_POINT ( 'NONE',  ( -0.3437758081473130112, 1.310000000000000053, -1.821317829355607820 ) ) ;
#8361 = LINE ( 'NONE', #5684, #4222 ) ;
#8362 = CARTESIAN_POINT ( 'NONE',  ( -0.1885919391364143660, 1.310000000000000053, -1.793868220364237320 ) ) ;
#8363 = FACE_OUTER_BOUND ( 'NONE', #2409, .T. ) ;
#8364 = VECTOR ( 'NONE', #7953, 1000.000000000000000 ) ;
#8365 = SURFACE_SIDE_STYLE ('',( #2026 ) ) ;
#8366 = CARTESIAN_POINT ( 'NONE',  ( 0.7383220947436867077, 1.300000000000000044, -1.889549482140070902 ) ) ;
#8367 = COLOUR_RGB ( '',1.000000000000000000, 1.000000000000000000, 1.000000000000000000 ) ;
#8368 =( NAMED_UNIT ( * ) PLANE_ANGLE_UNIT ( ) SI_UNIT ( $, .RADIAN. ) );
#8369 = ORIENTED_EDGE ( 'NONE', *, *, #10260, .T. ) ;
#8370 = COLOUR_RGB ( '',1.000000000000000000, 1.000000000000000000, 1.000000000000000000 ) ;
#8371 = ADVANCED_FACE ( 'NONE', ( #11255 ), #8529, .F. ) ;
#8372 = CARTESIAN_POINT ( 'NONE',  ( 1.021735571901198902, 1.310000000000000053, -1.808574112331950756 ) ) ;
#8373 = ORIENTED_EDGE ( 'NONE', *, *, #5300, .F. ) ;
#8374 = FACE_OUTER_BOUND ( 'NONE', #11651, .T. ) ;
#8375 = LINE ( 'NONE', #66, #2099 ) ;
#8376 = CARTESIAN_POINT ( 'NONE',  ( 0.4303267832829452133, 1.310000000000000053, -1.880873470861115004 ) ) ;
#8377 = EDGE_CURVE ( 'NONE', #1215, #3272, #7565, .T. ) ;
#8378 = CARTESIAN_POINT ( 'NONE',  ( 0.4361107540293536755, 1.310000000000000053, -1.327060428313795892 ) ) ;
#8379 = ORIENTED_EDGE ( 'NONE', *, *, #888, .F. ) ;
#8380 = CARTESIAN_POINT ( 'NONE',  ( -0.2744759430247428744, 1.300000000000000044, -1.523947065288208336 ) ) ;
#8381 = PRESENTATION_LAYER_ASSIGNMENT (  '', '', ( #1563 ) ) ;
#8382 = EDGE_CURVE ( 'NONE', #4256, #9086, #5496, .T. ) ;
#8383 = EDGE_CURVE ( 'NONE', #400, #7339, #4908, .T. ) ;
#8384 = EDGE_CURVE ( 'NONE', #2420, #2094, #4072, .T. ) ;
#8385 = CARTESIAN_POINT ( 'NONE',  ( -0.1847968227420257459, 1.310000000000000053, -1.752277903711821239 ) ) ;
#8386 = ORIENTED_EDGE ( 'NONE', *, *, #1807, .T. ) ;
#8387 = EDGE_LOOP ( 'NONE', ( #3162, #6718, #4379, #2225 ) ) ;
#8388 = CARTESIAN_POINT ( 'NONE',  ( -0.1497569809625639847, 1.300000000000000044, -1.458130389185492204 ) ) ;
#8389 = EDGE_CURVE ( 'NONE', #7254, #10791, #481, .T. ) ;
#8390 = CARTESIAN_POINT ( 'NONE',  ( -0.3335341926714792682, 1.310000000000000053, -1.862804170216505684 ) ) ;
#8391 = CARTESIAN_POINT ( 'NONE',  ( -0.3151824654486039545, 1.300000000000000044, -1.354154597554453554 ) ) ;
#8392 =( NAMED_UNIT ( * ) PLANE_ANGLE_UNIT ( ) SI_UNIT ( $, .RADIAN. ) );
#8393 = LINE ( 'NONE', #1076, #10573 ) ;
#8394 =( NAMED_UNIT ( * ) PLANE_ANGLE_UNIT ( ) SI_UNIT ( $, .RADIAN. ) );
#8395 = CARTESIAN_POINT ( 'NONE',  ( -0.6746267771193933394, 1.310000000000000053, -1.676791478987285311 ) ) ;
#8396 = FACE_OUTER_BOUND ( 'NONE', #2731, .T. ) ;
#8397 = VERTEX_POINT ( 'NONE', #9591 ) ;
#8398 = PRESENTATION_STYLE_ASSIGNMENT (( #9575 ) ) ;
#8399 = EDGE_LOOP ( 'NONE', ( #8872, #1392, #7978, #3346 ) ) ;
#8400 = EDGE_LOOP ( 'NONE', ( #3983, #11281, #2183, #3445 ) ) ;
#8401 = ORIENTED_EDGE ( 'NONE', *, *, #4168, .F. ) ;
#8402 = LINE ( 'NONE', #172, #4044 ) ;
#8403 = UNCERTAINTY_MEASURE_WITH_UNIT (LENGTH_MEASURE( 1.000000000000000082E-05 ), #11777, 'distance_accuracy_value', 'NONE');
#8404 = SURFACE_STYLE_USAGE ( .BOTH. , #5790 ) ;
#8405 = CARTESIAN_POINT ( 'NONE',  ( 0.3695953662472811208, 1.310000000000000053, -1.567094298974051503 ) ) ;
#8406 = EDGE_CURVE ( 'NONE', #8975, #1992, #4153, .T. ) ;
#8407 = SURFACE_STYLE_USAGE ( .BOTH. , #11942 ) ;
#8408 = VERTEX_POINT ( 'NONE', #7808 ) ;
#8409 = SURFACE_STYLE_USAGE ( .BOTH. , #7249 ) ;
#8410 = CARTESIAN_POINT ( 'NONE',  ( -0.2022127678405898632, 1.300000000000000044, -1.752277903711821239 ) ) ;
#8411 = LINE ( 'NONE', #2756, #1175 ) ;
#8412 = FILL_AREA_STYLE_COLOUR ( '', #4051 ) ;
#8413 = CARTESIAN_POINT ( 'NONE',  ( -0.3754884245948870714, 1.310000000000000053, -1.810192419651218243 ) ) ;
#8414 = DIRECTION ( 'NONE',  ( -0.0000000000000000000, -1.000000000000000000, -0.0000000000000000000 ) ) ;
#8415 = FACE_OUTER_BOUND ( 'NONE', #2497, .T. ) ;
#8416 = CARTESIAN_POINT ( 'NONE',  ( -0.8832542030290820856, 1.300000000000000044, -1.807385073277584242 ) ) ;
#8417 = DIRECTION ( 'NONE',  ( 0.3315284183576373556, 0.0000000000000000000, -0.9434452330799512065 ) ) ;
#8418 = ORIENTED_EDGE ( 'NONE', *, *, #2707, .T. ) ;
#8419 = CARTESIAN_POINT ( 'NONE',  ( -0.7271345518931688900, 1.300000000000000044, -1.394393228915806526 ) ) ;
#8420 = CARTESIAN_POINT ( 'NONE',  ( -0.3257879961947383607, 1.310000000000000053, -1.757684644877441027 ) ) ;
#8421 = ADVANCED_FACE ( 'NONE', ( #1267 ), #1170, .F. ) ;
#8422 = B_SPLINE_SURFACE_WITH_KNOTS ( 'NONE', 3, 1, ( 
 ( #1371, #1421 ),
 ( #7955, #11682 ),
 ( #10726, #11808 ),
 ( #1663, #10672 ) ),
 .UNSPECIFIED., .F., .F., .F.,
 ( 4, 4 ),
 ( 2, 2 ),
 ( 9.000000000000000000, 10.00000000000000000 ),
 ( 0.0000000000000000000, 1.000000000000000000 ),
 .UNSPECIFIED. ) ;
#8423 = FILL_AREA_STYLE_COLOUR ( '', #11010 ) ;
#8424 = FILL_AREA_STYLE ('',( #3752 ) ) ;
#8425 = DIRECTION ( 'NONE',  ( -0.0000000000000000000, -1.000000000000000000, -0.0000000000000000000 ) ) ;
#8426 = CARTESIAN_POINT ( 'NONE',  ( -0.6285655014263669127, 1.310000000000000053, -1.484748191843367149 ) ) ;
#8427 = FILL_AREA_STYLE ('',( #9146 ) ) ;
#8428 = VERTEX_POINT ( 'NONE', #7686 ) ;
#8429 = CARTESIAN_POINT ( 'NONE',  ( -0.1545918552727806872, 1.310000000000000053, -1.769849812498350827 ) ) ;
#8430 = UNCERTAINTY_MEASURE_WITH_UNIT (LENGTH_MEASURE( 1.000000000000000082E-05 ), #5894, 'distance_accuracy_value', 'NONE');
#8431 = DIRECTION ( 'NONE',  ( -8.031410615056093503E-15, 0.0000000000000000000, -1.000000000000000000 ) ) ;
#8432 = CARTESIAN_POINT ( 'NONE',  ( -0.8339176898992247677, 1.300000000000000044, -1.835770464392572299 ) ) ;
#8433 = FACE_BOUND ( 'NONE', #4832, .T. ) ;
#8434 = EDGE_LOOP ( 'NONE', ( #1823, #9618, #6603, #4314, #7988, #3549, #3709 ) ) ;
#8435 = ORIENTED_EDGE ( 'NONE', *, *, #3964, .T. ) ;
#8436 = DIRECTION ( 'NONE',  ( 0.0000000000000000000, -1.000000000000000000, 0.0000000000000000000 ) ) ;
#8437 = LINE ( 'NONE', #9344, #5603 ) ;
#8438 = SURFACE_STYLE_USAGE ( .BOTH. , #3822 ) ;
#8439 = CARTESIAN_POINT ( 'NONE',  ( -0.3142986712193585053, 1.310000000000000053, -1.809880492276675135 ) ) ;
#8440 = COLOUR_RGB ( '',1.000000000000000000, 1.000000000000000000, 1.000000000000000000 ) ;
#8441 = PRESENTATION_STYLE_ASSIGNMENT (( #5413 ) ) ;
#8442 = FACE_OUTER_BOUND ( 'NONE', #1220, .T. ) ;
#8443 = ADVANCED_FACE ( 'NONE', ( #3045 ), #11541, .F. ) ;
#8444 = DIRECTION ( 'NONE',  ( 0.3493954794973263001, 0.0000000000000000000, 0.9369753459439760235 ) ) ;
#8445 = EDGE_LOOP ( 'NONE', ( #4763, #9420, #8256, #9213 ) ) ;
#8446 = DIRECTION ( 'NONE',  ( 7.463408671483709080E-15, 0.0000000000000000000, 1.000000000000000000 ) ) ;
#8447 = ORIENTED_EDGE ( 'NONE', *, *, #1520, .T. ) ;
#8448 = ORIENTED_EDGE ( 'NONE', *, *, #7646, .F. ) ;
#8449 = CARTESIAN_POINT ( 'NONE',  ( 0.4722604332932417437, 1.310000000000000053, -1.859183663301810174 ) ) ;
#8450 =( GEOMETRIC_REPRESENTATION_CONTEXT ( 3 ) GLOBAL_UNCERTAINTY_ASSIGNED_CONTEXT ( ( #10665 ) ) GLOBAL_UNIT_ASSIGNED_CONTEXT ( ( #4022, #6021, #9583 ) ) REPRESENTATION_CONTEXT ( 'NONE', 'WORKASPACE' ) );
#8451 = ORIENTED_EDGE ( 'NONE', *, *, #10093, .T. ) ;
#8452 = SURFACE_STYLE_USAGE ( .BOTH. , #3908 ) ;
#8453 = PLANE ( 'NONE',  #5651 ) ;
#8454 = CARTESIAN_POINT ( 'NONE',  ( 0.7513359461826958352, 1.310000000000000053, -1.355980173450014092 ) ) ;
#8455 = SURFACE_STYLE_USAGE ( .BOTH. , #7552 ) ;
#8456 = CARTESIAN_POINT ( 'NONE',  ( 0.0000000000000000000, -1.500000000000000000, 0.0000000000000000000 ) ) ;
#8457 = VECTOR ( 'NONE', #6133, 1000.000000000000000 ) ;
#8458 = DIRECTION ( 'NONE',  ( 0.3416038306902495214, 0.0000000000000000000, 0.9398440417738186392 ) ) ;
#8459 = ORIENTED_EDGE ( 'NONE', *, *, #9386, .T. ) ;
#8460 = PLANE ( 'NONE',  #641 ) ;
#8461 = CARTESIAN_POINT ( 'NONE',  ( -0.7176727548557694236, 1.310000000000000053, -1.676791478987285089 ) ) ;
#8462 = LINE ( 'NONE', #11544, #8498 ) ;
#8463 = DIRECTION ( 'NONE',  ( 0.0000000000000000000, -1.000000000000000000, 0.0000000000000000000 ) ) ;
#8464 = PRESENTATION_STYLE_ASSIGNMENT (( #7382 ) ) ;
#8465 = EDGE_CURVE ( 'NONE', #8812, #6667, #9715, .T. ) ;
#8466 = CARTESIAN_POINT ( 'NONE',  ( -0.8730125875525533985, 1.300000000000000044, -1.721709020972280513 ) ) ;
#8467 = LINE ( 'NONE', #6587, #2689 ) ;
#8468 = VERTEX_POINT ( 'NONE', #5250 ) ;
#8469 = CARTESIAN_POINT ( 'NONE',  ( 1.021735571901198902, 1.310000000000000053, -1.808574112331950756 ) ) ;
#8470 = DIRECTION ( 'NONE',  ( -0.0000000000000000000, -1.000000000000000000, -0.0000000000000000000 ) ) ;
#8471 = VECTOR ( 'NONE', #7960, 1000.000000000000000 ) ;
#8472 = ORIENTED_EDGE ( 'NONE', *, *, #5153, .F. ) ;
#8473 = CARTESIAN_POINT ( 'NONE',  ( -0.2916319486438345709, 1.310000000000000053, -1.875073313628925264 ) ) ;
#8474 = ORIENTED_EDGE ( 'NONE', *, *, #9784, .T. ) ;
#8475 = CARTESIAN_POINT ( 'NONE',  ( -0.4246689740367723953, 1.300000000000000044, -1.948584198313327409 ) ) ;
#8476 = LINE ( 'NONE', #9197, #11955 ) ;
#8477 = FILL_AREA_STYLE ('',( #5642 ) ) ;
#8478 = CARTESIAN_POINT ( 'NONE',  ( -0.6285655014263664686, 1.310000000000000053, -1.453243526978823086 ) ) ;
#8479 = VECTOR ( 'NONE', #7746, 1000.000000000000000 ) ;
#8480 = MECHANICAL_DESIGN_GEOMETRIC_PRESENTATION_REPRESENTATION (  '', ( #7120 ), #1471 ) ;
#8481 =( NAMED_UNIT ( * ) SI_UNIT ( $, .STERADIAN. ) SOLID_ANGLE_UNIT ( ) );
#8482 = DIRECTION ( 'NONE',  ( -0.0000000000000000000, -1.000000000000000000, -0.0000000000000000000 ) ) ;
#8483 = EDGE_LOOP ( 'NONE', ( #1302, #1531, #10680, #8474, #10416, #94, #10008, #6206 ) ) ;
#8484 = CARTESIAN_POINT ( 'NONE',  ( -0.5424215580592551822, 1.300000000000000044, -1.734913946509704319 ) ) ;
#8485 = PRESENTATION_LAYER_ASSIGNMENT (  '', '', ( #4819 ) ) ;
#8486 = EDGE_CURVE ( 'NONE', #10762, #8732, #1725, .T. ) ;
#8487 = CARTESIAN_POINT ( 'NONE',  ( -0.4763449424777507213, 1.300000000000000044, -1.844296479306360093 ) ) ;
#8488 =( GEOMETRIC_REPRESENTATION_CONTEXT ( 3 ) GLOBAL_UNCERTAINTY_ASSIGNED_CONTEXT ( ( #10208 ) ) GLOBAL_UNIT_ASSIGNED_CONTEXT ( ( #2317, #7974, #8161 ) ) REPRESENTATION_CONTEXT ( 'NONE', 'WORKASPACE' ) );
#8489 = EDGE_CURVE ( 'NONE', #11074, #7339, #1576, .T. ) ;
#8490 = ORIENTED_EDGE ( 'NONE', *, *, #11665, .F. ) ;
#8491 = ORIENTED_EDGE ( 'NONE', *, *, #5327, .T. ) ;
#8492 = CARTESIAN_POINT ( 'NONE',  ( -0.3414363528354896204, 1.310000000000000053, -1.465928573558684667 ) ) ;
#8493 =( LENGTH_UNIT ( ) NAMED_UNIT ( * ) SI_UNIT ( .MILLI., .METRE. ) );
#8494 = UNCERTAINTY_MEASURE_WITH_UNIT (LENGTH_MEASURE( 1.000000000000000082E-05 ), #5080, 'distance_accuracy_value', 'NONE');
#8495 = UNCERTAINTY_MEASURE_WITH_UNIT (LENGTH_MEASURE( 1.000000000000000082E-05 ), #9590, 'distance_accuracy_value', 'NONE');
#8496 = STYLED_ITEM ( 'NONE', ( #6022 ), #11172 ) ;
#8497 = CARTESIAN_POINT ( 'NONE',  ( 0.7686877756811558715, 1.300000000000000044, -1.685665175252899717 ) ) ;
#8498 = VECTOR ( 'NONE', #2322, 1000.000000000000000 ) ;
#8499 =( LENGTH_UNIT ( ) NAMED_UNIT ( * ) SI_UNIT ( .MILLI., .METRE. ) );
#8500 = CARTESIAN_POINT ( 'NONE',  ( -0.3812070931343504165, 1.300000000000000044, -1.816638918731964480 ) ) ;
#8501 = LINE ( 'NONE', #5097, #6744 ) ;
#8502 = EDGE_LOOP ( 'NONE', ( #4276, #11491, #5264, #6285 ) ) ;
#8503 = CARTESIAN_POINT ( 'NONE',  ( 0.3811632525793582915, 1.310000000000000053, -1.374778009425431158 ) ) ;
#8504 = EDGE_LOOP ( 'NONE', ( #9147, #11965, #4513, #399, #11453, #2780, #2852, #9465, #5295, #4589, #4993, #5268 ) ) ;
#8505 = ORIENTED_EDGE ( 'NONE', *, *, #2448, .F. ) ;
#8506 = CARTESIAN_POINT ( 'NONE',  ( -0.1711240061427868886, 1.310000000000000053, -1.396992623706414305 ) ) ;
#8507 = CARTESIAN_POINT ( 'NONE',  ( -0.5961250544382046268, 1.310000000000000053, -1.765274877666221709 ) ) ;
#8508 =( GEOMETRIC_REPRESENTATION_CONTEXT ( 3 ) GLOBAL_UNCERTAINTY_ASSIGNED_CONTEXT ( ( #9552 ) ) GLOBAL_UNIT_ASSIGNED_CONTEXT ( ( #2484, #656, #11758 ) ) REPRESENTATION_CONTEXT ( 'NONE', 'WORKASPACE' ) );
#8509 = ORIENTED_EDGE ( 'NONE', *, *, #6259, .T. ) ;
#8510 = PRESENTATION_LAYER_ASSIGNMENT (  '', '', ( #1701 ) ) ;
#8511 = B_SPLINE_CURVE_WITH_KNOTS ( 'NONE', 3,
 ( #2927, #50, #10463, #4718 ),
 .UNSPECIFIED., .F., .F.,
 ( 4, 4 ),
 ( 2.000000000000000000, 3.000000000000000000 ),
 .UNSPECIFIED. ) ;
#8512 = EDGE_CURVE ( 'NONE', #10880, #1665, #11832, .T. ) ;
#8513 = VECTOR ( 'NONE', #8425, 1000.000000000000000 ) ;
#8514 =( NAMED_UNIT ( * ) SI_UNIT ( $, .STERADIAN. ) SOLID_ANGLE_UNIT ( ) );
#8515 = SURFACE_STYLE_USAGE ( .BOTH. , #7549 ) ;
#8516 = CARTESIAN_POINT ( 'NONE',  ( 0.0000000000000000000, -1.500000000000000000, -0.7500000000000001110 ) ) ;
#8517 = COLOUR_RGB ( '',0.2509803921568627416, 0.2509803921568627416, 0.2509803921568627416 ) ;
#8518 = VECTOR ( 'NONE', #5147, 1000.000000000000000 ) ;
#8519 = STYLED_ITEM ( 'NONE', ( #7761 ), #2338 ) ;
#8520 = B_SPLINE_SURFACE_WITH_KNOTS ( 'NONE', 3, 1, ( 
 ( #1779, #2700 ),
 ( #925, #5628 ),
 ( #864, #5502 ),
 ( #11024, #8296 ) ),
 .UNSPECIFIED., .F., .F., .F.,
 ( 4, 4 ),
 ( 2, 2 ),
 ( 16.00000000000000000, 17.00000000000000000 ),
 ( 0.0000000000000000000, 1.000000000000000000 ),
 .UNSPECIFIED. ) ;
#8521 =( NAMED_UNIT ( * ) SI_UNIT ( $, .STERADIAN. ) SOLID_ANGLE_UNIT ( ) );
#8522 = EDGE_CURVE ( 'NONE', #4256, #5672, #7111, .T. ) ;
#8523 = MECHANICAL_DESIGN_GEOMETRIC_PRESENTATION_REPRESENTATION (  '', ( #547 ), #10055 ) ;
#8524 = EDGE_CURVE ( 'NONE', #11460, #10355, #3473, .T. ) ;
#8525 = LINE ( 'NONE', #4950, #3305 ) ;
#8526 = ORIENTED_EDGE ( 'NONE', *, *, #4619, .T. ) ;
#8527 = COLOUR_RGB ( '',0.2509803921568627416, 0.2509803921568627416, 0.2509803921568627416 ) ;
#8528 = PRESENTATION_LAYER_ASSIGNMENT (  '', '', ( #8716 ) ) ;
#8529 = PLANE ( 'NONE',  #351 ) ;
#8530 = CARTESIAN_POINT ( 'NONE',  ( -0.3645709664735256039, 1.310000000000000053, -1.803849896361983118 ) ) ;
#8531 = ORIENTED_EDGE ( 'NONE', *, *, #9580, .T. ) ;
#8532 = LINE ( 'NONE', #919, #6757 ) ;
#8533 = CARTESIAN_POINT ( 'NONE',  ( 0.7426600452231272298, 1.310000000000000053, -1.444185389475020065 ) ) ;
#8534 = COLOUR_RGB ( '',1.000000000000000000, 1.000000000000000000, 1.000000000000000000 ) ;
#8535 = VERTEX_POINT ( 'NONE', #601 ) ;
#8536 = FACE_OUTER_BOUND ( 'NONE', #5536, .T. ) ;
#8537 = SURFACE_SIDE_STYLE ('',( #6834 ) ) ;
#8538 = VERTEX_POINT ( 'NONE', #4327 ) ;
#8539 = MECHANICAL_DESIGN_GEOMETRIC_PRESENTATION_REPRESENTATION (  '', ( #5064 ), #10866 ) ;
#8540 = ORIENTED_EDGE ( 'NONE', *, *, #8149, .F. ) ;
#8541 =( NAMED_UNIT ( * ) SI_UNIT ( $, .STERADIAN. ) SOLID_ANGLE_UNIT ( ) );
#8542 = CARTESIAN_POINT ( 'NONE',  ( -0.5210025449839603695, 1.310000000000000053, -1.354154597554452000 ) ) ;
#8543 = DIRECTION ( 'NONE',  ( 1.000000000000000000, 0.0000000000000000000, 0.0000000000000000000 ) ) ;
#8544 = VECTOR ( 'NONE', #5774, 1000.000000000000000 ) ;
#8545 = CARTESIAN_POINT ( 'NONE',  ( -0.3596321163711002078, 1.300000000000000044, -1.752277903711819906 ) ) ;
#8546 = AXIS2_PLACEMENT_3D ( 'NONE', #3099, #5848, #11414 ) ;
#8547 =( LENGTH_UNIT ( ) NAMED_UNIT ( * ) SI_UNIT ( .MILLI., .METRE. ) );
#8548 = DIRECTION ( 'NONE',  ( 1.000000000000000000, -0.0000000000000000000, -6.209894659237971771E-15 ) ) ;
#8549 = ORIENTED_EDGE ( 'NONE', *, *, #8841, .F. ) ;
#8550 = COLOUR_RGB ( '',1.000000000000000000, 1.000000000000000000, 1.000000000000000000 ) ;
#8551 = ADVANCED_FACE ( 'NONE', ( #7002 ), #7179, .F. ) ;
#8552 = DIRECTION ( 'NONE',  ( -1.000000000000000000, 0.0000000000000000000, 8.031410615056093503E-15 ) ) ;
#8553 = CARTESIAN_POINT ( 'NONE',  ( -0.4245649982445671711, 1.310000000000000053, -1.534344644452003692 ) ) ;
#8554 = STYLED_ITEM ( 'NONE', ( #10324 ), #7071 ) ;
#8555 = ORIENTED_EDGE ( 'NONE', *, *, #4509, .T. ) ;
#8556 = FILL_AREA_STYLE_COLOUR ( '', #6616 ) ;
#8557 = LINE ( 'NONE', #6795, #5827 ) ;
#8558 = FILL_AREA_STYLE ('',( #4618 ) ) ;
#8559 = CARTESIAN_POINT ( 'NONE',  ( -1.027780553396013374, 1.310000000000000053, -1.824541078896672497 ) ) ;
#8560 = EDGE_CURVE ( 'NONE', #5655, #10880, #5668, .T. ) ;
#8561 = DIRECTION ( 'NONE',  ( -0.0000000000000000000, -1.000000000000000000, -0.0000000000000000000 ) ) ;
#8562 = LINE ( 'NONE', #2179, #4898 ) ;
#8563 = CARTESIAN_POINT ( 'NONE',  ( -0.1056192574146080088, 1.300000000000000044, -1.765274877666225040 ) ) ;
#8564 = VECTOR ( 'NONE', #1559, 1000.000000000000000 ) ;
#8565 = ORIENTED_EDGE ( 'NONE', *, *, #7613, .F. ) ;
#8566 = ORIENTED_EDGE ( 'NONE', *, *, #5238, .F. ) ;
#8567 = ORIENTED_EDGE ( 'NONE', *, *, #237, .T. ) ;
#8568 = FILL_AREA_STYLE_COLOUR ( '', #1713 ) ;
#8569 = PLANE ( 'NONE',  #5735 ) ;
#8570 = ORIENTED_EDGE ( 'NONE', *, *, #6199, .F. ) ;
#8571 = FILL_AREA_STYLE_COLOUR ( '', #8891 ) ;
#8572 = LINE ( 'NONE', #6685, #10046 ) ;
#8573 = B_SPLINE_CURVE_WITH_KNOTS ( 'NONE', 3,
 ( #11527, #6733, #225, #3950 ),
 .UNSPECIFIED., .F., .F.,
 ( 4, 4 ),
 ( 12.00000000000000000, 13.00000000000000000 ),
 .UNSPECIFIED. ) ;
#8574 = CARTESIAN_POINT ( 'NONE',  ( 0.8467710773767120891, 1.300000000000000044, -1.503470786245107549 ) ) ;
#8575 = FILL_AREA_STYLE_COLOUR ( '', #10183 ) ;
#8576 = SURFACE_SIDE_STYLE ('',( #3116 ) ) ;
#8577 = ADVANCED_FACE ( 'NONE', ( #9768 ), #9948, .F. ) ;
#8578 = UNCERTAINTY_MEASURE_WITH_UNIT (LENGTH_MEASURE( 1.000000000000000082E-05 ), #11512, 'distance_accuracy_value', 'NONE');
#8579 = CARTESIAN_POINT ( 'NONE',  ( 0.3030799233044778607, 1.300000000000000044, -1.489010997278496173 ) ) ;
#8580 = B_SPLINE_CURVE_WITH_KNOTS ( 'NONE', 3,
 ( #636, #697, #7807, #7093 ),
 .UNSPECIFIED., .F., .F.,
 ( 4, 4 ),
 ( 10.00000000000000000, 11.00000000000000000 ),
 .UNSPECIFIED. ) ;
#8581 = FACE_OUTER_BOUND ( 'NONE', #9765, .T. ) ;
#8582 = VERTEX_POINT ( 'NONE', #10275 ) ;
#8583 = FACE_OUTER_BOUND ( 'NONE', #5638, .T. ) ;
#8584 = DIRECTION ( 'NONE',  ( -7.474873201047746250E-15, 0.0000000000000000000, -1.000000000000000000 ) ) ;
#8585 = FILL_AREA_STYLE ('',( #7738 ) ) ;
#8586 = ORIENTED_EDGE ( 'NONE', *, *, #6179, .T. ) ;
#8587 = B_SPLINE_CURVE_WITH_KNOTS ( 'NONE', 3,
 ( #7872, #8940, #3356, #7992 ),
 .UNSPECIFIED., .F., .F.,
 ( 4, 4 ),
 ( 0.0000000000000000000, 1.000000000000000000 ),
 .UNSPECIFIED. ) ;
#8588 = CARTESIAN_POINT ( 'NONE',  ( -0.8339176898992247677, 1.310000000000000053, -1.835770464392572299 ) ) ;
#8589 = CARTESIAN_POINT ( 'NONE',  ( -0.7304617772257490094, 1.310000000000000053, -1.380148545461863385 ) ) ;
#8590 = CARTESIAN_POINT ( 'NONE',  ( -0.8730125875525542867, 1.310000000000000053, -1.832651190643018513 ) ) ;
#8591 = CARTESIAN_POINT ( 'NONE',  ( 0.4274348530697836823, 1.300000000000000044, -1.791222310412815988 ) ) ;
#8592 = ORIENTED_EDGE ( 'NONE', *, *, #3000, .T. ) ;
#8593 = CARTESIAN_POINT ( 'NONE',  ( -0.2917879123311050149, 1.300000000000000044, -1.774112819954545062 ) ) ;
#8594 = B_SPLINE_CURVE_WITH_KNOTS ( 'NONE', 3,
 ( #6361, #2162, #6427, #10128 ),
 .UNSPECIFIED., .F., .F.,
 ( 4, 4 ),
 ( 9.000000000000000000, 10.00000000000000000 ),
 .UNSPECIFIED. ) ;
#8595 = EDGE_CURVE ( 'NONE', #11148, #11689, #2668, .T. ) ;
#8596 = VERTEX_POINT ( 'NONE', #6627 ) ;
#8597 = UNCERTAINTY_MEASURE_WITH_UNIT (LENGTH_MEASURE( 1.000000000000000082E-05 ), #9214, 'distance_accuracy_value', 'NONE');
#8598 = CARTESIAN_POINT ( 'NONE',  ( -0.1497569809625639847, 1.300000000000000044, -1.458130389185492204 ) ) ;
#8599 = VERTEX_POINT ( 'NONE', #9354 ) ;
#8600 = LINE ( 'NONE', #4973, #9639 ) ;
#8601 = FILL_AREA_STYLE_COLOUR ( '', #1939 ) ;
#8602 = PRESENTATION_STYLE_ASSIGNMENT (( #3006 ) ) ;
#8603 = CARTESIAN_POINT ( 'NONE',  ( -0.2491708347361072107, 1.310000000000000053, -1.557999137048464711 ) ) ;
#8604 = EDGE_LOOP ( 'NONE', ( #10750, #8069, #4525, #1616 ) ) ;
#8605 = CARTESIAN_POINT ( 'NONE',  ( -0.5978926428953114103, 1.310000000000000053, -1.381084327586869609 ) ) ;
#8606 = DIRECTION ( 'NONE',  ( -0.0000000000000000000, -1.000000000000000000, -0.0000000000000000000 ) ) ;
#8607 = ORIENTED_EDGE ( 'NONE', *, *, #578, .T. ) ;
#8608 = ORIENTED_EDGE ( 'NONE', *, *, #6485, .F. ) ;
#8609 = DIRECTION ( 'NONE',  ( -0.0000000000000000000, -1.000000000000000000, -0.0000000000000000000 ) ) ;
#8610 = DIRECTION ( 'NONE',  ( -1.000000000000000000, 0.0000000000000000000, 0.0000000000000000000 ) ) ;
#8611 = B_SPLINE_SURFACE_WITH_KNOTS ( 'NONE', 3, 1, ( 
 ( #2349, #9740 ),
 ( #6908, #10600 ),
 ( #2286, #9689 ),
 ( #5101, #11563 ) ),
 .UNSPECIFIED., .F., .F., .F.,
 ( 4, 4 ),
 ( 2, 2 ),
 ( 33.00000000000000000, 34.00000000000000000 ),
 ( 0.0000000000000000000, 1.000000000000000000 ),
 .UNSPECIFIED. ) ;
#8612 =( NAMED_UNIT ( * ) SI_UNIT ( $, .STERADIAN. ) SOLID_ANGLE_UNIT ( ) );
#8613 = UNCERTAINTY_MEASURE_WITH_UNIT (LENGTH_MEASURE( 1.000000000000000082E-05 ), #338, 'distance_accuracy_value', 'NONE');
#8614 = PLANE ( 'NONE',  #5058 ) ;
#8615 = COLOUR_RGB ( '',1.000000000000000000, 1.000000000000000000, 1.000000000000000000 ) ;
#8616 = CARTESIAN_POINT ( 'NONE',  ( -0.5774613998394066972, 1.300000000000000044, -1.548069448946994831 ) ) ;
#8617 = LINE ( 'NONE', #7527, #3259 ) ;
#8618 = VECTOR ( 'NONE', #4842, 1000.000000000000114 ) ;
#8619 = FILL_AREA_STYLE_COLOUR ( '', #3103 ) ;
#8620 =( NAMED_UNIT ( * ) PLANE_ANGLE_UNIT ( ) SI_UNIT ( $, .RADIAN. ) );
#8621 = CARTESIAN_POINT ( 'NONE',  ( -0.2042402957771748684, 1.300000000000000044, -1.862700194424997235 ) ) ;
#8622 = VERTEX_POINT ( 'NONE', #1821 ) ;
#8623 = DIRECTION ( 'NONE',  ( 0.3283461648125187149, -0.0000000000000000000, 0.9445574604294384446 ) ) ;
#8624 = ORIENTED_EDGE ( 'NONE', *, *, #6569, .T. ) ;
#8625 = ORIENTED_EDGE ( 'NONE', *, *, #6996, .F. ) ;
#8627 = ADVANCED_FACE ( 'NONE', ( #788 ), #4515, .T. ) ;
#8626 = CARTESIAN_POINT ( 'NONE',  ( 0.4303267832829452133, 1.310000000000000053, -1.880873470861115004 ) ) ;
#8628 = LINE ( 'NONE', #287, #9652 ) ;
#8629 =( NAMED_UNIT ( * ) PLANE_ANGLE_UNIT ( ) SI_UNIT ( $, .RADIAN. ) );
#8630 = PRESENTATION_LAYER_ASSIGNMENT (  '', '', ( #1832 ) ) ;
#8631 = LINE ( 'NONE', #6687, #11617 ) ;
#8632 = CARTESIAN_POINT ( 'NONE',  ( 0.3189857601166845025, 1.300000000000000044, -1.445631382162657852 ) ) ;
#8633 =( LENGTH_UNIT ( ) NAMED_UNIT ( * ) SI_UNIT ( .MILLI., .METRE. ) );
#8634 = STYLED_ITEM ( 'NONE', ( #11481 ), #3179 ) ;
#8635 = DIRECTION ( 'NONE',  ( 0.0000000000000000000, 0.0000000000000000000, -1.000000000000000000 ) ) ;
#8636 =( GEOMETRIC_REPRESENTATION_CONTEXT ( 3 ) GLOBAL_UNCERTAINTY_ASSIGNED_CONTEXT ( ( #5096 ) ) GLOBAL_UNIT_ASSIGNED_CONTEXT ( ( #5732, #8348, #6508 ) ) REPRESENTATION_CONTEXT ( 'NONE', 'WORKASPACE' ) );
#8637 = B_SPLINE_CURVE_WITH_KNOTS ( 'NONE', 3,
 ( #3053, #11372, #2871, #5748 ),
 .UNSPECIFIED., .F., .F.,
 ( 4, 4 ),
 ( 10.00000000000000000, 11.00000000000000000 ),
 .UNSPECIFIED. ) ;
#8638 = SURFACE_STYLE_USAGE ( .BOTH. , #11311 ) ;
#8639 = ORIENTED_EDGE ( 'NONE', *, *, #5455, .T. ) ;
#8640 = EDGE_CURVE ( 'NONE', #3624, #8179, #41, .T. ) ;
#8641 = DIRECTION ( 'NONE',  ( -0.0000000000000000000, -1.000000000000000000, -0.0000000000000000000 ) ) ;
#8642 = PRESENTATION_STYLE_ASSIGNMENT (( #247 ) ) ;
#8643 = PLANE ( 'NONE',  #6345 ) ;
#8644 = ADVANCED_FACE ( 'NONE', ( #11079 ), #7659, .F. ) ;
#8645 = VERTEX_POINT ( 'NONE', #5951 ) ;
#8646 = CARTESIAN_POINT ( 'NONE',  ( -0.1403991597152866311, 1.300000000000000044, -1.814143499732879361 ) ) ;
#8647 = MECHANICAL_DESIGN_GEOMETRIC_PRESENTATION_REPRESENTATION (  '', ( #2610 ), #5344 ) ;
#8648 = EDGE_CURVE ( 'NONE', #3076, #4555, #9400, .T. ) ;
#8649 = SURFACE_SIDE_STYLE ('',( #3128 ) ) ;
#8650 = DIRECTION ( 'NONE',  ( 1.000000000000000000, 0.0000000000000000000, -6.338874234249406364E-15 ) ) ;
#8651 = EDGE_CURVE ( 'NONE', #4315, #8019, #3163, .T. ) ;
#8652 = CARTESIAN_POINT ( 'NONE',  ( 0.5763715206068691366, 1.310000000000000053, -1.386345902652514672 ) ) ;
#8653 = LINE ( 'NONE', #378, #5802 ) ;
#8654 = ORIENTED_EDGE ( 'NONE', *, *, #6244, .T. ) ;
#8655 = CARTESIAN_POINT ( 'NONE',  ( -0.4732256687281971574, 1.310000000000000053, -1.856045743761216338 ) ) ;
#8656 =( NAMED_UNIT ( * ) SI_UNIT ( $, .STERADIAN. ) SOLID_ANGLE_UNIT ( ) );
#8657 = CARTESIAN_POINT ( 'NONE',  ( -0.3483507429787453535, 1.300000000000000044, -1.731586721177126087 ) ) ;
#8658 = ORIENTED_EDGE ( 'NONE', *, *, #9753, .F. ) ;
#8659 = CARTESIAN_POINT ( 'NONE',  ( 0.8482170700629673155, 1.310000000000000053, -1.416711638750715041 ) ) ;
#8660 = ORIENTED_EDGE ( 'NONE', *, *, #1052, .T. ) ;
#8661 = CARTESIAN_POINT ( 'NONE',  ( -0.4141674190814603196, 1.310000000000000053, -1.465928573558684223 ) ) ;
#8662 = CARTESIAN_POINT ( 'NONE',  ( 0.1599272265137985372, 1.310000000000000053, -1.678435266980274898 ) ) ;
#8663 = EDGE_CURVE ( 'NONE', #5560, #2848, #349, .T. ) ;
#8664 = CARTESIAN_POINT ( 'NONE',  ( -0.8321501014421153197, 1.310000000000000053, -1.870706330381208149 ) ) ;
#8665 = EDGE_CURVE ( 'NONE', #3133, #4575, #9634, .T. ) ;
#8666 = DIRECTION ( 'NONE',  ( -0.0000000000000000000, -1.000000000000000000, -0.0000000000000000000 ) ) ;
#8667 = CARTESIAN_POINT ( 'NONE',  ( -0.3414363528354893984, 1.310000000000000053, -1.442637996233387732 ) ) ;
#8668 = EDGE_LOOP ( 'NONE', ( #4494, #5357, #4533, #11711, #10510, #2159, #8625, #8195, #9913, #10940, #11275, #11350 ) ) ;
#8669 = CARTESIAN_POINT ( 'NONE',  ( -0.9818232534944985046, 1.309999999999999609, -1.717030110348640948 ) ) ;
#8670 = EDGE_CURVE ( 'NONE', #1080, #11540, #2066, .T. ) ;
#8671 = LINE ( 'NONE', #4127, #8259 ) ;
#8672 = FACE_OUTER_BOUND ( 'NONE', #1181, .T. ) ;
#8673 = EDGE_LOOP ( 'NONE', ( #11077, #2083, #4997, #5521 ) ) ;
#8674 = CARTESIAN_POINT ( 'NONE',  ( 0.8265272900843712023, 1.300000000000000044, -1.864967689208255619 ) ) ;
#8675 = SURFACE_SIDE_STYLE ('',( #6850 ) ) ;
#8676 = B_SPLINE_CURVE_WITH_KNOTS ( 'NONE', 3,
 ( #1605, #8011, #7885, #6109 ),
 .UNSPECIFIED., .F., .F.,
 ( 4, 4 ),
 ( 6.000000000000000000, 7.000000000000000000 ),
 .UNSPECIFIED. ) ;
#8677 = FACE_OUTER_BOUND ( 'NONE', #5020, .T. ) ;
#8678 = DIRECTION ( 'NONE',  ( 1.000000000000000000, 0.0000000000000000000, -5.962800923714329101E-15 ) ) ;
#8679 = SURFACE_STYLE_USAGE ( .BOTH. , #7601 ) ;
#8680 = CARTESIAN_POINT ( 'NONE',  ( 0.4722604332932417437, 1.310000000000000053, -1.859183663301810174 ) ) ;
#8681 = MECHANICAL_DESIGN_GEOMETRIC_PRESENTATION_REPRESENTATION (  '', ( #5956 ), #1280 ) ;
#8682 = CARTESIAN_POINT ( 'NONE',  ( 0.9103945211556115913, 1.300000000000000044, -1.416711638750715485 ) ) ;
#8683 = EDGE_LOOP ( 'NONE', ( #10054, #7329, #8193, #9875 ) ) ;
#8684 = FILL_AREA_STYLE ('',( #2457 ) ) ;
#8685 = EDGE_LOOP ( 'NONE', ( #2874, #6262, #7866, #8248 ) ) ;
#8686 = EDGE_LOOP ( 'NONE', ( #11400, #10203, #6230, #5258 ) ) ;
#8687 = CARTESIAN_POINT ( 'NONE',  ( 0.4534626111085245381, 1.310000000000000053, -1.879427505754882599 ) ) ;
#8688 =( NAMED_UNIT ( * ) SI_UNIT ( $, .STERADIAN. ) SOLID_ANGLE_UNIT ( ) );
#8689 = COLOUR_RGB ( '',1.000000000000000000, 1.000000000000000000, 1.000000000000000000 ) ;
#8690 = FACE_OUTER_BOUND ( 'NONE', #3535, .T. ) ;
#8691 = MECHANICAL_DESIGN_GEOMETRIC_PRESENTATION_REPRESENTATION (  '', ( #10609 ), #5022 ) ;
#8692 = FILL_AREA_STYLE ('',( #2191 ) ) ;
#8693 = CARTESIAN_POINT ( 'NONE',  ( -0.7730918517946856472, 1.310000000000000053, -1.501904197462452295 ) ) ;
#8694 =( NAMED_UNIT ( * ) PLANE_ANGLE_UNIT ( ) SI_UNIT ( $, .RADIAN. ) );
#8695 = VECTOR ( 'NONE', #3648, 1000.000000000000000 ) ;
#8696 = AXIS2_PLACEMENT_3D ( 'NONE', #3203, #9458, #8678 ) ;
#8697 = CARTESIAN_POINT ( 'NONE',  ( -0.5633466861255432834, 1.310000000000000053, -1.360874033088444124 ) ) ;
#8698 = MECHANICAL_DESIGN_GEOMETRIC_PRESENTATION_REPRESENTATION (  '', ( #1123 ), #7342 ) ;
#8699 = SURFACE_STYLE_USAGE ( .BOTH. , #5006 ) ;
#8700 = VECTOR ( 'NONE', #264, 1000.000000000000000 ) ;
#8701 = VERTEX_POINT ( 'NONE', #4943 ) ;
#8702 = CARTESIAN_POINT ( 'NONE',  ( -0.5961250544382048489, 1.310000000000000053, -1.788565454991518644 ) ) ;
#8703 = PRESENTATION_STYLE_ASSIGNMENT (( #1218 ) ) ;
#8704 = AXIS2_PLACEMENT_3D ( 'NONE', #2964, #3717, #5530 ) ;
#8705 = PRESENTATION_LAYER_ASSIGNMENT (  '', '', ( #1511 ) ) ;
#8706 = ORIENTED_EDGE ( 'NONE', *, *, #2194, .F. ) ;
#8707 = SURFACE_SIDE_STYLE ('',( #9719 ) ) ;
#8708 = VECTOR ( 'NONE', #8946, 1000.000000000000000 ) ;
#8709 = B_SPLINE_CURVE_WITH_KNOTS ( 'NONE', 3,
 ( #14, #933, #3003, #9378 ),
 .UNSPECIFIED., .F., .F.,
 ( 4, 4 ),
 ( 1.000000000000000000, 2.000000000000000000 ),
 .UNSPECIFIED. ) ;
#8710 =( GEOMETRIC_REPRESENTATION_CONTEXT ( 3 ) GLOBAL_UNCERTAINTY_ASSIGNED_CONTEXT ( ( #1182 ) ) GLOBAL_UNIT_ASSIGNED_CONTEXT ( ( #2199, #4955, #6934 ) ) REPRESENTATION_CONTEXT ( 'NONE', 'WORKASPACE' ) );
#8711 = DIRECTION ( 'NONE',  ( 0.0000000000000000000, -1.000000000000000000, 0.0000000000000000000 ) ) ;
#8712 = ORIENTED_EDGE ( 'NONE', *, *, #9392, .T. ) ;
#8713 = EDGE_CURVE ( 'NONE', #6679, #9537, #5786, .T. ) ;
#8714 = MECHANICAL_DESIGN_GEOMETRIC_PRESENTATION_REPRESENTATION (  '', ( #552 ), #7361 ) ;
#8715 = CARTESIAN_POINT ( 'NONE',  ( 0.5763715206068691366, 1.300000000000000044, -1.386345902652514672 ) ) ;
#8716 = STYLED_ITEM ( 'NONE', ( #2328 ), #5698 ) ;
#8717 = CARTESIAN_POINT ( 'NONE',  ( 0.7686878032611732525, 1.310000000000000053, -1.976308602054442698 ) ) ;
#8718 = ORIENTED_EDGE ( 'NONE', *, *, #3845, .T. ) ;
#8719 = UNCERTAINTY_MEASURE_WITH_UNIT (LENGTH_MEASURE( 1.000000000000000082E-05 ), #773, 'distance_accuracy_value', 'NONE');
#8720 = B_SPLINE_SURFACE_WITH_KNOTS ( 'NONE', 3, 1, ( 
 ( #6268, #4455 ),
 ( #9830, #3230 ),
 ( #9899, #5130 ),
 ( #11602, #1516 ) ),
 .UNSPECIFIED., .F., .F., .F.,
 ( 4, 4 ),
 ( 2, 2 ),
 ( 3.000000000000000000, 4.000000000000000000 ),
 ( 0.0000000000000000000, 1.000000000000000000 ),
 .UNSPECIFIED. ) ;
#8721 = CARTESIAN_POINT ( 'NONE',  ( -0.1885919391364143105, 1.300000000000000044, -1.793868220364237542 ) ) ;
#8722 = PLANE ( 'NONE',  #7194 ) ;
#8723 = FILL_AREA_STYLE_COLOUR ( '', #10248 ) ;
#8724 = AXIS2_PLACEMENT_3D ( 'NONE', #831, #8436, #6484 ) ;
#8725 = PRESENTATION_STYLE_ASSIGNMENT (( #11666 ) ) ;
#8726 = PRESENTATION_LAYER_ASSIGNMENT (  '', '', ( #1324 ) ) ;
#8727 =( GEOMETRIC_REPRESENTATION_CONTEXT ( 3 ) GLOBAL_UNCERTAINTY_ASSIGNED_CONTEXT ( ( #5309 ) ) GLOBAL_UNIT_ASSIGNED_CONTEXT ( ( #10209, #3961, #4772 ) ) REPRESENTATION_CONTEXT ( 'NONE', 'WORKASPACE' ) );
#8728 = VECTOR ( 'NONE', #7802, 1000.000000000000000 ) ;
#8729 = B_SPLINE_CURVE_WITH_KNOTS ( 'NONE', 3,
 ( #9412, #3728, #2854, #7485 ),
 .UNSPECIFIED., .F., .F.,
 ( 4, 4 ),
 ( 2.000000000000000000, 3.000000000000000000 ),
 .UNSPECIFIED. ) ;
#8730 = CARTESIAN_POINT ( 'NONE',  ( 0.3493515237949004759, 1.310000000000000053, -1.880873470861114116 ) ) ;
#8731 = EDGE_CURVE ( 'NONE', #10868, #10905, #230, .T. ) ;
#8732 = VERTEX_POINT ( 'NONE', #3107 ) ;
#8733 =( NAMED_UNIT ( * ) PLANE_ANGLE_UNIT ( ) SI_UNIT ( $, .RADIAN. ) );
#8734 = VECTOR ( 'NONE', #8082, 1000.000000000000000 ) ;
#8735 = UNCERTAINTY_MEASURE_WITH_UNIT (LENGTH_MEASURE( 1.000000000000000082E-05 ), #2715, 'distance_accuracy_value', 'NONE');
#8736 = SURFACE_STYLE_FILL_AREA ( #11514 ) ;
#8737 = DIRECTION ( 'NONE',  ( -9.310221531588248143E-15, 0.0000000000000000000, -1.000000000000000000 ) ) ;
#8738 = EDGE_CURVE ( 'NONE', #1952, #5655, #9975, .T. ) ;
#8739 = ORIENTED_EDGE ( 'NONE', *, *, #8738, .F. ) ;
#8740 = ORIENTED_EDGE ( 'NONE', *, *, #8665, .F. ) ;
#8741 = CARTESIAN_POINT ( 'NONE',  ( 0.7701337959481215911, 1.300000000000000044, -1.889549482140071346 ) ) ;
#8742 = COLOUR_RGB ( '',1.000000000000000000, 1.000000000000000000, 1.000000000000000000 ) ;
#8743 = CARTESIAN_POINT ( 'NONE',  ( -0.8525813444966419130, 1.310000000000000053, -1.851678760512114108 ) ) ;
#8744 = STYLED_ITEM ( 'NONE', ( #454 ), #10662 ) ;
#8745 = EDGE_CURVE ( 'NONE', #2264, #6483, #4092, .T. ) ;
#8746 = PRESENTATION_STYLE_ASSIGNMENT (( #7784 ) ) ;
#8747 = DIRECTION ( 'NONE',  ( 0.3559357243643141988, -0.0000000000000000000, 0.9345104387438649685 ) ) ;
#8748 = COLOUR_RGB ( '',1.000000000000000000, 1.000000000000000000, 1.000000000000000000 ) ;
#8749 = EDGE_CURVE ( 'NONE', #6134, #4803, #5057, .T. ) ;
#8750 = CARTESIAN_POINT ( 'NONE',  ( -0.3897331080481357679, 1.300000000000000044, -1.840657326599245192 ) ) ;
#8751 = VECTOR ( 'NONE', #8028, 1000.000000000000000 ) ;
#8752 = SURFACE_SIDE_STYLE ('',( #6857 ) ) ;
#8753 = EDGE_CURVE ( 'NONE', #9951, #10758, #4791, .T. ) ;
#8754 = CARTESIAN_POINT ( 'NONE',  ( -0.7176727548557708669, 1.300000000000000044, -1.880168127418618385 ) ) ;
#8755 = ORIENTED_EDGE ( 'NONE', *, *, #2917, .T. ) ;
#8756 = ORIENTED_EDGE ( 'NONE', *, *, #11671, .T. ) ;
#8757 = CARTESIAN_POINT ( 'NONE',  ( 0.7701337959481215911, 1.300000000000000044, -1.889549482140071346 ) ) ;
#8758 = CARTESIAN_POINT ( 'NONE',  ( 0.5778174857137977627, 1.300000000000000044, -1.299586672418065580 ) ) ;
#8759 = CARTESIAN_POINT ( 'NONE',  ( -0.7992937512851248094, 1.300000000000000044, -1.856981525884830120 ) ) ;
#8760 = CARTESIAN_POINT ( 'NONE',  ( -0.4430207012596534266, 1.310000000000000053, -1.919990855613927572 ) ) ;
#8761 = FACE_OUTER_BOUND ( 'NONE', #9028, .T. ) ;
#8762 = CARTESIAN_POINT ( 'NONE',  ( -1.520000000000000018, 0.2000000000000000111, -7.249999999999999112 ) ) ;
#8763 = SURFACE_STYLE_FILL_AREA ( #11646 ) ;
#8764 = AXIS2_PLACEMENT_3D ( 'NONE', #9403, #1081, #8446 ) ;
#8765 =( LENGTH_UNIT ( ) NAMED_UNIT ( * ) SI_UNIT ( .MILLI., .METRE. ) );
#8766 = DIRECTION ( 'NONE',  ( 1.000000000000000000, 0.0000000000000000000, -7.474873201226317538E-15 ) ) ;
#8767 = ORIENTED_EDGE ( 'NONE', *, *, #3538, .F. ) ;
#8768 = SURFACE_STYLE_FILL_AREA ( #9713 ) ;
#8769 = FILL_AREA_STYLE ('',( #1337 ) ) ;
#8770 = ORIENTED_EDGE ( 'NONE', *, *, #3898, .F. ) ;
#8771 = CARTESIAN_POINT ( 'NONE',  ( 0.4722604332932420768, 1.310000000000000053, -1.811466152864494861 ) ) ;
#8772 = SURFACE_STYLE_FILL_AREA ( #5077 ) ;
#8773 = CARTESIAN_POINT ( 'NONE',  ( -0.9857743335775431825, 1.300000000000000044, -1.702785426896082255 ) ) ;
#8774 = EDGE_LOOP ( 'NONE', ( #843, #8299, #11785, #8756 ) ) ;
#8775 = ORIENTED_EDGE ( 'NONE', *, *, #3219, .T. ) ;
#8776 = FILL_AREA_STYLE_COLOUR ( '', #5971 ) ;
#8777 = DIRECTION ( 'NONE',  ( -0.0000000000000000000, -1.000000000000000000, -0.0000000000000000000 ) ) ;
#8778 = CARTESIAN_POINT ( 'NONE',  ( 0.0000000000000000000, 0.0000000000000000000, -7.249999999999999112 ) ) ;
#8779 = CARTESIAN_POINT ( 'NONE',  ( -0.03288819116794932523, 1.310000000000000053, -1.534344644452006579 ) ) ;
#8780 = ORIENTED_EDGE ( 'NONE', *, *, #5602, .T. ) ;
#8781 = DIRECTION ( 'NONE',  ( 0.0000000000000000000, -1.000000000000000000, 0.0000000000000000000 ) ) ;
#8782 = EDGE_CURVE ( 'NONE', #37, #6080, #3213, .T. ) ;
#8783 =( GEOMETRIC_REPRESENTATION_CONTEXT ( 3 ) GLOBAL_UNCERTAINTY_ASSIGNED_CONTEXT ( ( #10854 ) ) GLOBAL_UNIT_ASSIGNED_CONTEXT ( ( #6074, #10683, #1325 ) ) REPRESENTATION_CONTEXT ( 'NONE', 'WORKASPACE' ) );
#8784 = B_SPLINE_SURFACE_WITH_KNOTS ( 'NONE', 3, 1, ( 
 ( #1918, #11964 ),
 ( #5563, #5693 ),
 ( #1183, #2946 ),
 ( #8659, #261 ) ),
 .UNSPECIFIED., .F., .F., .F.,
 ( 4, 4 ),
 ( 2, 2 ),
 ( 4.000000000000000000, 5.000000000000000000 ),
 ( 0.0000000000000000000, 1.000000000000000000 ),
 .UNSPECIFIED. ) ;
#8785 =( NAMED_UNIT ( * ) PLANE_ANGLE_UNIT ( ) SI_UNIT ( $, .RADIAN. ) );
#8786 = DIRECTION ( 'NONE',  ( -0.3493954794973263556, -0.0000000000000000000, -0.9369753459439760235 ) ) ;
#8787 = ORIENTED_EDGE ( 'NONE', *, *, #3309, .F. ) ;
#8788 = CARTESIAN_POINT ( 'NONE',  ( -0.1497569809625639847, 1.310000000000000053, -1.458130389185492204 ) ) ;
#8789 = EDGE_CURVE ( 'NONE', #7914, #809, #10616, .T. ) ;
#8790 = CARTESIAN_POINT ( 'NONE',  ( -0.1697203329552827156, 1.300000000000000044, -1.516148880916399655 ) ) ;
#8791 = EDGE_CURVE ( 'NONE', #9537, #8104, #11351, .T. ) ;
#8792 = CARTESIAN_POINT ( 'NONE',  ( -0.3376412364411033318, 1.300000000000000044, -1.752277903711820128 ) ) ;
#8793 = CARTESIAN_POINT ( 'NONE',  ( -0.2571119858219437226, 1.300000000000000044, -1.749886460504244567 ) ) ;
#8794 = SURFACE_STYLE_USAGE ( .BOTH. , #2294 ) ;
#8795 = CARTESIAN_POINT ( 'NONE',  ( -0.1785062873485450397, 1.310000000000000053, -1.860516702800447897 ) ) ;
#8796 = CARTESIAN_POINT ( 'NONE',  ( -0.2207204587507351212, 1.300000000000000044, -1.850846954178625214 ) ) ;
#8797 = ORIENTED_EDGE ( 'NONE', *, *, #2027, .T. ) ;
#8798 = VERTEX_POINT ( 'NONE', #1084 ) ;
#8799 =( NAMED_UNIT ( * ) SI_UNIT ( $, .STERADIAN. ) SOLID_ANGLE_UNIT ( ) );
#8800 = SURFACE_STYLE_FILL_AREA ( #10682 ) ;
#8801 = CARTESIAN_POINT ( 'NONE',  ( -0.3236045045701886891, 1.310000000000000053, -1.785342205450451525 ) ) ;
#8802 = PLANE ( 'NONE',  #11754 ) ;
#8803 = ADVANCED_FACE ( 'NONE', ( #4817 ), #7848, .F. ) ;
#8804 = B_SPLINE_SURFACE_WITH_KNOTS ( 'NONE', 3, 1, ( 
 ( #6309, #6432 ),
 ( #9999, #1679 ),
 ( #9284, #9098 ),
 ( #4505, #8206 ) ),
 .UNSPECIFIED., .F., .F., .F.,
 ( 4, 4 ),
 ( 2, 2 ),
 ( 1.000000000000000000, 2.000000000000000000 ),
 ( 0.0000000000000000000, 1.000000000000000000 ),
 .UNSPECIFIED. ) ;
#8805 = PLANE ( 'NONE',  #4669 ) ;
#8806 = LINE ( 'NONE', #7105, #973 ) ;
#8807 = LINE ( 'NONE', #7173, #11012 ) ;
#8808 = ORIENTED_EDGE ( 'NONE', *, *, #509, .F. ) ;
#8809 = ORIENTED_EDGE ( 'NONE', *, *, #6590, .T. ) ;
#8810 = PRESENTATION_LAYER_ASSIGNMENT (  '', '', ( #6477 ) ) ;
#8811 = CARTESIAN_POINT ( 'NONE',  ( -0.7173088395840806486, 1.300000000000000044, -1.354154597554450667 ) ) ;
#8812 = VERTEX_POINT ( 'NONE', #7042 ) ;
#8813 = CARTESIAN_POINT ( 'NONE',  ( 0.4520166460015968557, 1.310000000000000053, -1.791222310412815988 ) ) ;
#8814 = CARTESIAN_POINT ( 'NONE',  ( -0.1497569809625639847, 1.300000000000000044, -1.458130389185492204 ) ) ;
#8815 = CARTESIAN_POINT ( 'NONE',  ( -0.1056192574146082308, 1.310000000000000053, -1.788565454991522197 ) ) ;
#8816 = FILL_AREA_STYLE ('',( #3407 ) ) ;
#8817 = ORIENTED_EDGE ( 'NONE', *, *, #11750, .F. ) ;
#8818 = CARTESIAN_POINT ( 'NONE',  ( -0.3199133639673110152, 1.310000000000000053, -1.782118955910767966 ) ) ;
#8819 =( GEOMETRIC_REPRESENTATION_CONTEXT ( 3 ) GLOBAL_UNCERTAINTY_ASSIGNED_CONTEXT ( ( #8735 ) ) GLOBAL_UNIT_ASSIGNED_CONTEXT ( ( #2715, #6417, #2826 ) ) REPRESENTATION_CONTEXT ( 'NONE', 'WORKASPACE' ) );
#8820 = CARTESIAN_POINT ( 'NONE',  ( -0.7938350222251352450, 1.300000000000000044, -1.557531245985784629 ) ) ;
#8821 = SURFACE_STYLE_USAGE ( .BOTH. , #610 ) ;
#8822 = EDGE_LOOP ( 'NONE', ( #6530, #10629, #11401, #490 ) ) ;
#8823 = SURFACE_SIDE_STYLE ('',( #9670 ) ) ;
#8824 = SURFACE_STYLE_USAGE ( .BOTH. , #5140 ) ;
#8825 = CARTESIAN_POINT ( 'NONE',  ( -0.4763449424777507213, 1.310000000000000053, -1.844296479306360093 ) ) ;
#8826 =( GEOMETRIC_REPRESENTATION_CONTEXT ( 3 ) GLOBAL_UNCERTAINTY_ASSIGNED_CONTEXT ( ( #5276 ) ) GLOBAL_UNIT_ASSIGNED_CONTEXT ( ( #6457, #5376, #735 ) ) REPRESENTATION_CONTEXT ( 'NONE', 'WORKASPACE' ) );
#8827 = B_SPLINE_CURVE_WITH_KNOTS ( 'NONE', 3,
 ( #11870, #5579, #80, #11117 ),
 .UNSPECIFIED., .F., .F.,
 ( 4, 4 ),
 ( 14.00000000000000000, 15.00000000000000000 ),
 .UNSPECIFIED. ) ;
#8828 = ADVANCED_FACE ( 'NONE', ( #4188 ), #9567, .F. ) ;
#8829 =( LENGTH_UNIT ( ) NAMED_UNIT ( * ) SI_UNIT ( .MILLI., .METRE. ) );
#8830 = CARTESIAN_POINT ( 'NONE',  ( -0.6398468748194138245, 1.310000000000000053, -1.557531245985785961 ) ) ;
#8831 = VERTEX_POINT ( 'NONE', #9701 ) ;
#8832 = SURFACE_STYLE_FILL_AREA ( #6157 ) ;
#8833 = UNCERTAINTY_MEASURE_WITH_UNIT (LENGTH_MEASURE( 1.000000000000000082E-05 ), #9196, 'distance_accuracy_value', 'NONE');
#8834 = PLANE ( 'NONE',  #358 ) ;
#8835 = LINE ( 'NONE', #9791, #5200 ) ;
#8836 = LINE ( 'NONE', #1603, #4037 ) ;
#8837 =( NAMED_UNIT ( * ) SI_UNIT ( $, .STERADIAN. ) SOLID_ANGLE_UNIT ( ) );
#8838 = CARTESIAN_POINT ( 'NONE',  ( -0.1138853328496115674, 1.300000000000000044, -1.557531245985789514 ) ) ;
#8839 = CARTESIAN_POINT ( 'NONE',  ( -0.1528762547114260184, 1.300000000000000044, -1.872161991463786812 ) ) ;
#8840 = SURFACE_SIDE_STYLE ('',( #10783 ) ) ;
#8841 = EDGE_CURVE ( 'NONE', #11882, #6612, #6122, .T. ) ;
#8842 = LINE ( 'NONE', #5220, #520 ) ;
#8843 = ORIENTED_EDGE ( 'NONE', *, *, #19, .F. ) ;
#8844 = CARTESIAN_POINT ( 'NONE',  ( -0.2395920649318639684, 1.300000000000000044, -1.731586721177126753 ) ) ;
#8845 = EDGE_CURVE ( 'NONE', #8397, #5925, #1489, .T. ) ;
#8846 = PRESENTATION_STYLE_ASSIGNMENT (( #8794 ) ) ;
#8847 = EDGE_CURVE ( 'NONE', #6134, #4204, #6017, .T. ) ;
#8848 = CARTESIAN_POINT ( 'NONE',  ( -0.1930628981770302621, 1.300000000000000044, -1.862700194424997457 ) ) ;
#8849 =( GEOMETRIC_REPRESENTATION_CONTEXT ( 3 ) GLOBAL_UNCERTAINTY_ASSIGNED_CONTEXT ( ( #9116 ) ) GLOBAL_UNIT_ASSIGNED_CONTEXT ( ( #8499, #9698, #3158 ) ) REPRESENTATION_CONTEXT ( 'NONE', 'WORKASPACE' ) );
#8850 = DIRECTION ( 'NONE',  ( -0.0000000000000000000, -1.000000000000000000, -0.0000000000000000000 ) ) ;
#8851 = ORIENTED_EDGE ( 'NONE', *, *, #1269, .F. ) ;
#8852 = ORIENTED_EDGE ( 'NONE', *, *, #8194, .F. ) ;
#8853 = FILL_AREA_STYLE ('',( #11691 ) ) ;
#8854 = CARTESIAN_POINT ( 'NONE',  ( -0.1976378330084630486, 1.300000000000000044, -1.811856032316820020 ) ) ;
#8855 = SURFACE_STYLE_FILL_AREA ( #6126 ) ;
#8856 = LINE ( 'NONE', #6310, #3204 ) ;
#8857 = VECTOR ( 'NONE', #2805, 1000.000000000000000 ) ;
#8858 = CARTESIAN_POINT ( 'NONE',  ( -0.5637885832387815599, 1.310000000000000053, -1.383891673960499169 ) ) ;
#8859 = ADVANCED_FACE ( 'NONE', ( #1381 ), #4316, .F. ) ;
#8860 =( LENGTH_UNIT ( ) NAMED_UNIT ( * ) SI_UNIT ( .MILLI., .METRE. ) );
#8861 = VERTEX_POINT ( 'NONE', #11989 ) ;
#8862 = COLOUR_RGB ( '',1.000000000000000000, 1.000000000000000000, 1.000000000000000000 ) ;
#8863 = FILL_AREA_STYLE_COLOUR ( '', #10773 ) ;
#8864 = PRESENTATION_LAYER_ASSIGNMENT (  '', '', ( #1478 ) ) ;
#8865 = EDGE_LOOP ( 'NONE', ( #9186, #1167, #28, #6459 ) ) ;
#8866 = ORIENTED_EDGE ( 'NONE', *, *, #824, .F. ) ;
#8867 = DIRECTION ( 'NONE',  ( 0.8863488427958585714, 0.0000000000000000000, -0.4630180653867000395 ) ) ;
#8868 = COLOUR_RGB ( '',1.000000000000000000, 1.000000000000000000, 1.000000000000000000 ) ;
#8869 = FILL_AREA_STYLE ('',( #9769 ) ) ;
#8870 = EDGE_CURVE ( 'NONE', #10950, #7751, #8827, .T. ) ;
#8871 = PRESENTATION_LAYER_ASSIGNMENT (  '', '', ( #10609 ) ) ;
#8872 = ORIENTED_EDGE ( 'NONE', *, *, #10782, .T. ) ;
#8873 = DIRECTION ( 'NONE',  ( -0.0000000000000000000, 1.000000000000000000, -0.0000000000000000000 ) ) ;
#8874 =( GEOMETRIC_REPRESENTATION_CONTEXT ( 3 ) GLOBAL_UNCERTAINTY_ASSIGNED_CONTEXT ( ( #5549 ) ) GLOBAL_UNIT_ASSIGNED_CONTEXT ( ( #7488, #11246, #8943 ) ) REPRESENTATION_CONTEXT ( 'NONE', 'WORKASPACE' ) );
#8875 =( NAMED_UNIT ( * ) SI_UNIT ( $, .STERADIAN. ) SOLID_ANGLE_UNIT ( ) );
#8876 = VECTOR ( 'NONE', #3325, 1000.000000000000000 ) ;
#8877 = EDGE_CURVE ( 'NONE', #8535, #8468, #560, .T. ) ;
#8878 = EDGE_CURVE ( 'NONE', #1842, #10746, #9815, .T. ) ;
#8879 = LINE ( 'NONE', #1521, #155 ) ;
#8880 = VERTEX_POINT ( 'NONE', #2781 ) ;
#8881 = LINE ( 'NONE', #9600, #7150 ) ;
#8882 = DIRECTION ( 'NONE',  ( -0.0000000000000000000, -1.000000000000000000, -0.0000000000000000000 ) ) ;
#8883 = STYLED_ITEM ( 'NONE', ( #3321 ), #3639 ) ;
#8884 = ORIENTED_EDGE ( 'NONE', *, *, #7020, .T. ) ;
#8885 = CARTESIAN_POINT ( 'NONE',  ( -0.8832542030290820856, 1.300000000000000044, -1.775880408413037737 ) ) ;
#8886 = STYLED_ITEM ( 'NONE', ( #7694 ), #5692 ) ;
#8887 = LINE ( 'NONE', #5265, #10619 ) ;
#8888 = SURFACE_SIDE_STYLE ('',( #6095 ) ) ;
#8889 = MECHANICAL_DESIGN_GEOMETRIC_PRESENTATION_REPRESENTATION (  '', ( #5597 ), #11213 ) ;
#8890 = PRESENTATION_STYLE_ASSIGNMENT (( #2275 ) ) ;
#8891 = COLOUR_RGB ( '',1.000000000000000000, 1.000000000000000000, 1.000000000000000000 ) ;
#8892 = ORIENTED_EDGE ( 'NONE', *, *, #980, .T. ) ;
#8893 = FACE_OUTER_BOUND ( 'NONE', #6547, .T. ) ;
#8894 =( GEOMETRIC_REPRESENTATION_CONTEXT ( 3 ) GLOBAL_UNCERTAINTY_ASSIGNED_CONTEXT ( ( #3418 ) ) GLOBAL_UNIT_ASSIGNED_CONTEXT ( ( #497, #8733, #5203 ) ) REPRESENTATION_CONTEXT ( 'NONE', 'WORKASPACE' ) );
#8895 =( GEOMETRIC_REPRESENTATION_CONTEXT ( 3 ) GLOBAL_UNCERTAINTY_ASSIGNED_CONTEXT ( ( #1409 ) ) GLOBAL_UNIT_ASSIGNED_CONTEXT ( ( #1980, #3872, #8541 ) ) REPRESENTATION_CONTEXT ( 'NONE', 'WORKASPACE' ) );
#8896 = VECTOR ( 'NONE', #9469, 1000.000000000000000 ) ;
#8897 = DIRECTION ( 'NONE',  ( 0.0000000000000000000, -1.000000000000000000, 0.0000000000000000000 ) ) ;
#8898 =( NAMED_UNIT ( * ) PLANE_ANGLE_UNIT ( ) SI_UNIT ( $, .RADIAN. ) );
#8899 = FACE_OUTER_BOUND ( 'NONE', #969, .T. ) ;
#8900 = VECTOR ( 'NONE', #4988, 1000.000000000000000 ) ;
#8901 = COLOUR_RGB ( '',1.000000000000000000, 1.000000000000000000, 1.000000000000000000 ) ;
#8902 = DIRECTION ( 'NONE',  ( -0.3416038306815562531, 0.0000000000000000000, -0.9398440417769783339 ) ) ;
#8903 = STYLED_ITEM ( 'NONE', ( #2417 ), #5965 ) ;
#8904 = AXIS2_PLACEMENT_3D ( 'NONE', #8730, #1359, #6899 ) ;
#8905 = DIRECTION ( 'NONE',  ( 0.0000000000000000000, 0.0000000000000000000, 1.000000000000000000 ) ) ;
#8906 = STYLED_ITEM ( 'NONE', ( #7997 ), #2768 ) ;
#8907 = CARTESIAN_POINT ( 'NONE',  ( -0.1729955703921096100, 1.310000000000000053, -1.820797950398037601 ) ) ;
#8908 = ORIENTED_EDGE ( 'NONE', *, *, #11352, .T. ) ;
#8909 = DIRECTION ( 'NONE',  ( -1.000000000000000000, -0.0000000000000000000, 7.752749528092231894E-15 ) ) ;
#8910 = EDGE_CURVE ( 'NONE', #6080, #7757, #4499, .T. ) ;
#8911 = UNCERTAINTY_MEASURE_WITH_UNIT (LENGTH_MEASURE( 1.000000000000000082E-05 ), #3672, 'distance_accuracy_value', 'NONE');
#8912 = CARTESIAN_POINT ( 'NONE',  ( -0.5961250544382048489, 1.300000000000000044, -1.788565454991518644 ) ) ;
#8913 = CARTESIAN_POINT ( 'NONE',  ( -0.1930628981770302621, 1.310000000000000053, -1.862700194424997457 ) ) ;
#8914 = VECTOR ( 'NONE', #1040, 1000.000000000000000 ) ;
#8915 = VERTEX_POINT ( 'NONE', #9279 ) ;
#8916 = VERTEX_POINT ( 'NONE', #8388 ) ;
#8917 = DIRECTION ( 'NONE',  ( 1.000000000000000000, -0.0000000000000000000, -7.825477009640629733E-15 ) ) ;
#8918 = VECTOR ( 'NONE', #4934, 1000.000000000000000 ) ;
#8919 = FILL_AREA_STYLE_COLOUR ( '', #7347 ) ;
#8920 = CARTESIAN_POINT ( 'NONE',  ( -0.2218122045630092076, 1.300000000000000044, -1.752277903711821017 ) ) ;
#8921 = CARTESIAN_POINT ( 'NONE',  ( 0.2500000000000000000, 0.2000000000000000111, -7.249999999999999112 ) ) ;
#8922 = FILL_AREA_STYLE_COLOUR ( '', #5747 ) ;
#8923 = FILL_AREA_STYLE ('',( #5172 ) ) ;
#8924 = SURFACE_STYLE_USAGE ( .BOTH. , #5005 ) ;
#8925 = VERTEX_POINT ( 'NONE', #30 ) ;
#8926 = CARTESIAN_POINT ( 'NONE',  ( -0.3414363528354896204, 1.310000000000000053, -1.465928573558684667 ) ) ;
#8927 = VERTEX_POINT ( 'NONE', #3764 ) ;
#8928 = ORIENTED_EDGE ( 'NONE', *, *, #288, .T. ) ;
#8929 = STYLED_ITEM ( 'NONE', ( #1836 ), #2405 ) ;
#8930 = CARTESIAN_POINT ( 'NONE',  ( -0.1545918552727806872, 1.310000000000000053, -1.769849812498350827 ) ) ;
#8931 = B_SPLINE_CURVE_WITH_KNOTS ( 'NONE', 3,
 ( #11840, #2553, #9120, #10894 ),
 .UNSPECIFIED., .F., .F.,
 ( 4, 4 ),
 ( 11.00000000000000000, 12.00000000000000000 ),
 .UNSPECIFIED. ) ;
#8932 = CARTESIAN_POINT ( 'NONE',  ( -0.2457266366380703171, 1.300000000000000044, -1.350723396430359768 ) ) ;
#8933 = ORIENTED_EDGE ( 'NONE', *, *, #5179, .F. ) ;
#8934 = SURFACE_STYLE_FILL_AREA ( #1513 ) ;
#8935 = DIRECTION ( 'NONE',  ( -0.0000000000000000000, -1.000000000000000000, -0.0000000000000000000 ) ) ;
#8936 = CARTESIAN_POINT ( 'NONE',  ( -0.1960781961343697755, 1.300000000000000044, -1.350723396430360213 ) ) ;
#8937 = VERTEX_POINT ( 'NONE', #1750 ) ;
#8938 = CARTESIAN_POINT ( 'NONE',  ( -0.2207204587507351212, 1.310000000000000053, -1.850846954178625214 ) ) ;
#8939 = EDGE_LOOP ( 'NONE', ( #6440, #7309, #8217, #2543 ) ) ;
#8940 = CARTESIAN_POINT ( 'NONE',  ( -0.1856806169712742205, 1.300000000000000044, -1.731586721177127197 ) ) ;
#8941 = CARTESIAN_POINT ( 'NONE',  ( -0.1160168365777153460, 1.310000000000000053, -1.880168127418622603 ) ) ;
#8942 = CARTESIAN_POINT ( 'NONE',  ( 0.8482170700629673155, 1.310000000000000053, -1.416711638750715041 ) ) ;
#8943 =( NAMED_UNIT ( * ) SI_UNIT ( $, .STERADIAN. ) SOLID_ANGLE_UNIT ( ) );
#8944 = DIRECTION ( 'NONE',  ( -0.0000000000000000000, -1.000000000000000000, -0.0000000000000000000 ) ) ;
#8945 = EDGE_LOOP ( 'NONE', ( #1820, #5598, #10227, #11062 ) ) ;
#8946 = DIRECTION ( 'NONE',  ( -0.0000000000000000000, -1.000000000000000000, -0.0000000000000000000 ) ) ;
#8947 = EDGE_CURVE ( 'NONE', #4498, #9086, #11163, .T. ) ;
#8948 = FILL_AREA_STYLE_COLOUR ( '', #6186 ) ;
#8949 = CARTESIAN_POINT ( 'NONE',  ( 0.9508821922696598650, 1.300000000000000044, -1.866413599154459924 ) ) ;
#8950 = UNCERTAINTY_MEASURE_WITH_UNIT (LENGTH_MEASURE( 1.000000000000000082E-05 ), #6700, 'distance_accuracy_value', 'NONE');
#8951 = FACE_OUTER_BOUND ( 'NONE', #10078, .T. ) ;
#8952 = LINE ( 'NONE', #8064, #154 ) ;
#8953 = CARTESIAN_POINT ( 'NONE',  ( -0.1568793226888454129, 1.300000000000000044, -1.412173089285363670 ) ) ;
#8954 = CARTESIAN_POINT ( 'NONE',  ( -0.3190295697387553475, 1.300000000000000044, -1.735433825467276314 ) ) ;
#8955 = CARTESIAN_POINT ( 'NONE',  ( -0.3180417997179912359, 1.300000000000000044, -1.777647996870159064 ) ) ;
#8956 = EDGE_LOOP ( 'NONE', ( #3183, #8851, #5146, #11641 ) ) ;
#8957 = CARTESIAN_POINT ( 'NONE',  ( 0.3450135733147712269, 1.310000000000000053, -1.880873470861114116 ) ) ;
#8958 = SURFACE_SIDE_STYLE ('',( #6298 ) ) ;
#8959 = LINE ( 'NONE', #3621, #795 ) ;
#8960 = CARTESIAN_POINT ( 'NONE',  ( -0.3635831964527602711, 1.300000000000000044, -1.843152745598332087 ) ) ;
#8961 = EDGE_LOOP ( 'NONE', ( #2077, #4751, #7374, #8447 ) ) ;
#8962 = EDGE_LOOP ( 'NONE', ( #4634, #8505, #5671, #5999 ) ) ;
#8963 = MECHANICAL_DESIGN_GEOMETRIC_PRESENTATION_REPRESENTATION (  '', ( #7231 ), #8783 ) ;
#8964 = CARTESIAN_POINT ( 'NONE',  ( -0.1711240061427868886, 1.300000000000000044, -1.396992623706414305 ) ) ;
#8965 = CARTESIAN_POINT ( 'NONE',  ( -0.3812070931343504165, 1.310000000000000053, -1.816638918731964480 ) ) ;
#8966 = B_SPLINE_SURFACE_WITH_KNOTS ( 'NONE', 3, 1, ( 
 ( #8059, #2575 ),
 ( #7029, #10722 ),
 ( #3424, #1466 ),
 ( #6969, #10667 ) ),
 .UNSPECIFIED., .F., .F., .F.,
 ( 4, 4 ),
 ( 2, 2 ),
 ( 17.00000000000000000, 18.00000000000000000 ),
 ( 0.0000000000000000000, 1.000000000000000000 ),
 .UNSPECIFIED. ) ;
#8967 = FILL_AREA_STYLE_COLOUR ( '', #7166 ) ;
#8968 = SURFACE_SIDE_STYLE ('',( #8153 ) ) ;
#8969 = FACE_OUTER_BOUND ( 'NONE', #11301, .T. ) ;
#8970 = CARTESIAN_POINT ( 'NONE',  ( 0.1613731916207246375, 1.310000000000000053, -1.591676091905864343 ) ) ;
#8971 = EDGE_CURVE ( 'NONE', #5248, #4656, #9259, .T. ) ;
#8972 = LINE ( 'NONE', #2368, #10237 ) ;
#8973 = ORIENTED_EDGE ( 'NONE', *, *, #9251, .F. ) ;
#8974 = LINE ( 'NONE', #8926, #86 ) ;
#8975 = VERTEX_POINT ( 'NONE', #4752 ) ;
#8976 = ORIENTED_EDGE ( 'NONE', *, *, #6856, .F. ) ;
#8977 = CARTESIAN_POINT ( 'NONE',  ( -0.006634303781055152227, 1.310000000000000053, -1.354154597554455774 ) ) ;
#8978 = B_SPLINE_CURVE_WITH_KNOTS ( 'NONE', 3,
 ( #2427, #7242, #606, #1637 ),
 .UNSPECIFIED., .F., .F.,
 ( 4, 4 ),
 ( 0.0000000000000000000, 1.000000000000000000 ),
 .UNSPECIFIED. ) ;
#8979 = VERTEX_POINT ( 'NONE', #3819 ) ;
#8980 =( NAMED_UNIT ( * ) PLANE_ANGLE_UNIT ( ) SI_UNIT ( $, .RADIAN. ) );
#8981 = PRESENTATION_LAYER_ASSIGNMENT (  '', '', ( #2020 ) ) ;
#8982 = FILL_AREA_STYLE ('',( #11765 ) ) ;
#8983 =( LENGTH_UNIT ( ) NAMED_UNIT ( * ) SI_UNIT ( .MILLI., .METRE. ) );
#8984 = LINE ( 'NONE', #11768, #5151 ) ;
#8985 = AXIS2_PLACEMENT_3D ( 'NONE', #4780, #368, #3850 ) ;
#8986 =( NAMED_UNIT ( * ) SI_UNIT ( $, .STERADIAN. ) SOLID_ANGLE_UNIT ( ) );
#8987 = EDGE_CURVE ( 'NONE', #10057, #11349, #1568, .T. ) ;
#8988 = EDGE_LOOP ( 'NONE', ( #2911, #8866, #9260, #10309 ) ) ;
#8989 = CARTESIAN_POINT ( 'NONE',  ( 0.6240890862035282094, 1.300000000000000044, -1.817250013290828470 ) ) ;
#8990 = AXIS2_PLACEMENT_3D ( 'NONE', #10818, #376, #4332 ) ;
#8991 =( NAMED_UNIT ( * ) SI_UNIT ( $, .STERADIAN. ) SOLID_ANGLE_UNIT ( ) );
#8992 = ORIENTED_EDGE ( 'NONE', *, *, #9392, .F. ) ;
#8993 = EDGE_CURVE ( 'NONE', #4765, #518, #3625, .T. ) ;
#8994 = CARTESIAN_POINT ( 'NONE',  ( 0.3695953662472811208, 1.300000000000000044, -1.567094298974051503 ) ) ;
#8995 = DIRECTION ( 'NONE',  ( 1.000000000000000000, 0.0000000000000000000, -7.929618338613898777E-15 ) ) ;
#8996 = FILL_AREA_STYLE_COLOUR ( '', #11582 ) ;
#8997 = ADVANCED_FACE ( 'NONE', ( #6365 ), #5819, .T. ) ;
#8998 = FILL_AREA_STYLE ('',( #10100 ) ) ;
#8999 = ORIENTED_EDGE ( 'NONE', *, *, #5833, .F. ) ;
#9000 = B_SPLINE_CURVE_WITH_KNOTS ( 'NONE', 3,
 ( #394, #4172, #9679, #3315 ),
 .UNSPECIFIED., .F., .F.,
 ( 4, 4 ),
 ( 20.00000000000000000, 21.00000000000000000 ),
 .UNSPECIFIED. ) ;
#9001 = EDGE_CURVE ( 'NONE', #10141, #2966, #4132, .T. ) ;
#9002 = CARTESIAN_POINT ( 'NONE',  ( -0.1483013198792975385, 1.300000000000000044, -1.533200910743974354 ) ) ;
#9003 = UNCERTAINTY_MEASURE_WITH_UNIT (LENGTH_MEASURE( 1.000000000000000082E-05 ), #6945, 'distance_accuracy_value', 'NONE');
#9004 = CARTESIAN_POINT ( 'NONE',  ( -0.2181730518558842036, 1.310000000000000053, -1.560962447109883744 ) ) ;
#9005 = VERTEX_POINT ( 'NONE', #7778 ) ;
#9006 = CARTESIAN_POINT ( 'NONE',  ( -0.1662371439361186309, 1.310000000000000053, -1.839201665516672968 ) ) ;
#9007 = B_SPLINE_CURVE_WITH_KNOTS ( 'NONE', 3,
 ( #4137, #8621, #3268, #6983 ),
 .UNSPECIFIED., .F., .F.,
 ( 4, 4 ),
 ( 4.000000000000000000, 5.000000000000000000 ),
 .UNSPECIFIED. ) ;
#9008 = EDGE_CURVE ( 'NONE', #10507, #8812, #3944, .T. ) ;
#9009 = STYLED_ITEM ( 'NONE', ( #9790 ), #2056 ) ;
#9010 =( NAMED_UNIT ( * ) SI_UNIT ( $, .STERADIAN. ) SOLID_ANGLE_UNIT ( ) );
#9011 = CARTESIAN_POINT ( 'NONE',  ( 0.8308652405638100591, 1.310000000000000053, -1.685665175252900161 ) ) ;
#9012 =( NAMED_UNIT ( * ) PLANE_ANGLE_UNIT ( ) SI_UNIT ( $, .RADIAN. ) );
#9013 = UNCERTAINTY_MEASURE_WITH_UNIT (LENGTH_MEASURE( 1.000000000000000082E-05 ), #7863, 'distance_accuracy_value', 'NONE');
#9014 = FACE_BOUND ( 'NONE', #2304, .T. ) ;
#9015 = EDGE_CURVE ( 'NONE', #7539, #6351, #6613, .T. ) ;
#9016 =( LENGTH_UNIT ( ) NAMED_UNIT ( * ) SI_UNIT ( .MILLI., .METRE. ) );
#9017 = SURFACE_SIDE_STYLE ('',( #4411 ) ) ;
#9018 = UNCERTAINTY_MEASURE_WITH_UNIT (LENGTH_MEASURE( 1.000000000000000082E-05 ), #3229, 'distance_accuracy_value', 'NONE');
#9019 = EDGE_CURVE ( 'NONE', #10388, #6880, #1194, .T. ) ;
#9020 = VERTEX_POINT ( 'NONE', #3016 ) ;
#9021 = MECHANICAL_DESIGN_GEOMETRIC_PRESENTATION_REPRESENTATION (  '', ( #292 ), #9417 ) ;
#9022 = B_SPLINE_CURVE_WITH_KNOTS ( 'NONE', 3,
 ( #6565, #1960, #3731, #11133, #909, #9359, #1538, #2567, #1830, #1036, #4398, #975, #4648, #49, #4774, #8114 ),
 .UNSPECIFIED., .F., .F.,
 ( 4, 2, 2, 2, 2, 2, 2, 4 ),
 ( 0.002361100259550257246, 0.002656161293526510155, 0.002951222327502763063, 0.003541344395455269314, 0.003836405429431521789, 0.004131466463407775132, 0.004426527497384027607, 0.004721588531360280949 ),
 .UNSPECIFIED. ) ;
#9023 = CARTESIAN_POINT ( 'NONE',  ( -0.1138853328496115674, 1.300000000000000044, -1.557531245985789514 ) ) ;
#9024 =( LENGTH_UNIT ( ) NAMED_UNIT ( * ) SI_UNIT ( .MILLI., .METRE. ) );
#9025 = CARTESIAN_POINT ( 'NONE',  ( 0.4216509374834165325, 1.310000000000000053, -1.792668275519048393 ) ) ;
#9026 = DIRECTION ( 'NONE',  ( 1.000000000000000000, -0.0000000000000000000, -0.0000000000000000000 ) ) ;
#9027 = ORIENTED_EDGE ( 'NONE', *, *, #2926, .T. ) ;
#9028 = EDGE_LOOP ( 'NONE', ( #2247, #9908, #1578, #10547 ) ) ;
#9029 = PRESENTATION_STYLE_ASSIGNMENT (( #5345 ) ) ;
#9030 = CARTESIAN_POINT ( 'NONE',  ( -0.2439590481802665634, 1.310000000000000053, -1.374429876923095595 ) ) ;
#9031 = FILL_AREA_STYLE ('',( #7167 ) ) ;
#9032 = DIRECTION ( 'NONE',  ( -0.3493954794691522814, -0.0000000000000000000, -0.9369753459544820640 ) ) ;
#9033 = CARTESIAN_POINT ( 'NONE',  ( -0.1483013198792975385, 1.300000000000000044, -1.533200910743974354 ) ) ;
#9034 = FILL_AREA_STYLE ('',( #10744 ) ) ;
#9035 = ORIENTED_EDGE ( 'NONE', *, *, #3734, .F. ) ;
#9036 = ORIENTED_EDGE ( 'NONE', *, *, #4488, .T. ) ;
#9037 = ORIENTED_EDGE ( 'NONE', *, *, #7954, .T. ) ;
#9038 = CARTESIAN_POINT ( 'NONE',  ( -0.2209284103344479055, 1.310000000000000053, -1.874969337837415262 ) ) ;
#9039 = DIRECTION ( 'NONE',  ( 9.310221531588333340E-15, -0.0000000000000000000, 1.000000000000000000 ) ) ;
#9040 = ORIENTED_EDGE ( 'NONE', *, *, #9710, .T. ) ;
#9041 = CARTESIAN_POINT ( 'NONE',  ( 0.8192973266510215069, 1.300000000000000044, -1.503470786245107327 ) ) ;
#9042 = VECTOR ( 'NONE', #12021, 1000.000000000000000 ) ;
#9043 = STYLED_ITEM ( 'NONE', ( #1333 ), #7507 ) ;
#9044 = DIRECTION ( 'NONE',  ( -0.0000000000000000000, -1.000000000000000000, -0.0000000000000000000 ) ) ;
#9045 = SURFACE_SIDE_STYLE ('',( #7116 ) ) ;
#9046 = SURFACE_SIDE_STYLE ('',( #11841 ) ) ;
#9047 = EDGE_LOOP ( 'NONE', ( #4556, #1797, #9560, #9988 ) ) ;
#9048 = PRESENTATION_LAYER_ASSIGNMENT (  '', '', ( #2271 ) ) ;
#9049 = CARTESIAN_POINT ( 'NONE',  ( -0.3081121116173938246, 1.310000000000000053, -1.743128034048955888 ) ) ;
#9050 = UNCERTAINTY_MEASURE_WITH_UNIT (LENGTH_MEASURE( 1.000000000000000082E-05 ), #4564, 'distance_accuracy_value', 'NONE');
#9051 = CARTESIAN_POINT ( 'NONE',  ( -0.3570327215798038689, 1.300000000000000044, -1.829323965311829614 ) ) ;
#9052 = STYLED_ITEM ( 'NONE', ( #6203 ), #7631 ) ;
#9053 = ORIENTED_EDGE ( 'NONE', *, *, #9523, .F. ) ;
#9054 = CARTESIAN_POINT ( 'NONE',  ( -0.8484223128319555718, 1.300000000000000044, -1.821733732521657378 ) ) ;
#9055 = CARTESIAN_POINT ( 'NONE',  ( -0.2181730518558842036, 1.300000000000000044, -1.560962447109883744 ) ) ;
#9056 = CARTESIAN_POINT ( 'NONE',  ( -0.1736194251418753109, 1.310000000000000053, -1.856149719552735666 ) ) ;
#9057 = ORIENTED_EDGE ( 'NONE', *, *, #417, .T. ) ;
#9058 = PRESENTATION_LAYER_ASSIGNMENT (  '', '', ( #2665 ) ) ;
#9059 = SURFACE_SIDE_STYLE ('',( #7380 ) ) ;
#9060 = ADVANCED_FACE ( 'NONE', ( #11402 ), #2113, .F. ) ;
#9061 = STYLED_ITEM ( 'NONE', ( #7820 ), #8098 ) ;
#9062 = CARTESIAN_POINT ( 'NONE',  ( -0.6688561206834809925, 1.300000000000000044, -1.557531245985785517 ) ) ;
#9063 = CARTESIAN_POINT ( 'NONE',  ( 0.2500000000000000000, 0.2000000000000000111, -2.250000000000000000 ) ) ;
#9064 = ORIENTED_EDGE ( 'NONE', *, *, #509, .T. ) ;
#9065 = SURFACE_STYLE_USAGE ( .BOTH. , #10909 ) ;
#9066 = STYLED_ITEM ( 'NONE', ( #1801 ), #3540 ) ;
#9067 =( GEOMETRIC_REPRESENTATION_CONTEXT ( 3 ) GLOBAL_UNCERTAINTY_ASSIGNED_CONTEXT ( ( #4405 ) ) GLOBAL_UNIT_ASSIGNED_CONTEXT ( ( #4884, #6799, #5105 ) ) REPRESENTATION_CONTEXT ( 'NONE', 'WORKASPACE' ) );
#9068 = CARTESIAN_POINT ( 'NONE',  ( 0.7500479391818254404, -2.174264954303008590, 0.09824053184365959257 ) ) ;
#9069 = CARTESIAN_POINT ( 'NONE',  ( 0.9913697944336655743, 1.310000000000000053, -1.648069503302061811 ) ) ;
#9070 = SURFACE_STYLE_USAGE ( .BOTH. , #9859 ) ;
#9071 = STYLED_ITEM ( 'NONE', ( #8167 ), #8551 ) ;
#9072 = PRESENTATION_LAYER_ASSIGNMENT (  '', '', ( #2295 ) ) ;
#9073 = B_SPLINE_CURVE_WITH_KNOTS ( 'NONE', 3,
 ( #1277, #5749, #7750, #120 ),
 .UNSPECIFIED., .F., .F.,
 ( 4, 4 ),
 ( 27.00000000000000000, 28.00000000000000000 ),
 .UNSPECIFIED. ) ;
#9074 = VECTOR ( 'NONE', #1382, 1000.000000000000000 ) ;
#9075 =( GEOMETRIC_REPRESENTATION_CONTEXT ( 3 ) GLOBAL_UNCERTAINTY_ASSIGNED_CONTEXT ( ( #6655 ) ) GLOBAL_UNIT_ASSIGNED_CONTEXT ( ( #2306, #2973, #9702 ) ) REPRESENTATION_CONTEXT ( 'NONE', 'WORKASPACE' ) );
#9076 =( GEOMETRIC_REPRESENTATION_CONTEXT ( 3 ) GLOBAL_UNCERTAINTY_ASSIGNED_CONTEXT ( ( #84 ) ) GLOBAL_UNIT_ASSIGNED_CONTEXT ( ( #10423, #5830, #3075 ) ) REPRESENTATION_CONTEXT ( 'NONE', 'WORKASPACE' ) );
#9077 = FILL_AREA_STYLE ('',( #5217 ) ) ;
#9078 = MECHANICAL_DESIGN_GEOMETRIC_PRESENTATION_REPRESENTATION (  '', ( #145 ), #346 ) ;
#9079 = DIRECTION ( 'NONE',  ( -7.463408671483709080E-15, -0.0000000000000000000, -1.000000000000000000 ) ) ;
#9080 = EDGE_CURVE ( 'NONE', #1592, #11834, #4931, .T. ) ;
#9081 = DIRECTION ( 'NONE',  ( -0.0000000000000000000, -1.000000000000000000, -0.0000000000000000000 ) ) ;
#9082 = EDGE_LOOP ( 'NONE', ( #2617, #1979, #2110, #9804 ) ) ;
#9083 =( GEOMETRIC_REPRESENTATION_CONTEXT ( 3 ) GLOBAL_UNCERTAINTY_ASSIGNED_CONTEXT ( ( #11505 ) ) GLOBAL_UNIT_ASSIGNED_CONTEXT ( ( #4617, #1936, #8202 ) ) REPRESENTATION_CONTEXT ( 'NONE', 'WORKASPACE' ) );
#9084 = PRESENTATION_LAYER_ASSIGNMENT (  '', '', ( #11052 ) ) ;
#9085 = AXIS2_PLACEMENT_3D ( 'NONE', #9921, #10670, #4305 ) ;
#9086 = VERTEX_POINT ( 'NONE', #7708 ) ;
#9087 = AXIS2_PLACEMENT_3D ( 'NONE', #2888, #210, #9380 ) ;
#9088 = CARTESIAN_POINT ( 'NONE',  ( -0.2265431030823970848, 1.310000000000000053, -1.374429876923095817 ) ) ;
#9089 = CARTESIAN_POINT ( 'NONE',  ( -0.2744759430247415422, 1.300000000000000044, -1.359041459761119564 ) ) ;
#9090 = DIRECTION ( 'NONE',  ( -0.0000000000000000000, -1.000000000000000000, -0.0000000000000000000 ) ) ;
#9091 = DIRECTION ( 'NONE',  ( -0.0000000000000000000, -1.000000000000000000, -0.0000000000000000000 ) ) ;
#9092 = VERTEX_POINT ( 'NONE', #6794 ) ;
#9093 = EDGE_LOOP ( 'NONE', ( #10168, #3957, #3212, #7354 ) ) ;
#9094 = CARTESIAN_POINT ( 'NONE',  ( -0.2316379168720965054, 1.310000000000000053, -1.821213853564091378 ) ) ;
#9095 = AXIS2_PLACEMENT_3D ( 'NONE', #5770, #1132, #5839 ) ;
#9096 = SURFACE_SIDE_STYLE ('',( #1619 ) ) ;
#9097 = CARTESIAN_POINT ( 'NONE',  ( -0.1528762547114260184, 1.300000000000000044, -1.872161991463786812 ) ) ;
#9098 = CARTESIAN_POINT ( 'NONE',  ( -0.9869180672841945112, 1.300000000000000044, -1.709543853351372045 ) ) ;
#9099 = SURFACE_STYLE_USAGE ( .BOTH. , #1496 ) ;
#9100 = EDGE_CURVE ( 'NONE', #8599, #4256, #5886, .T. ) ;
#9101 = FILL_AREA_STYLE ('',( #10136 ) ) ;
#9102 = FACE_OUTER_BOUND ( 'NONE', #6792, .T. ) ;
#9103 = EDGE_CURVE ( 'NONE', #2235, #2629, #625, .T. ) ;
#9104 = VECTOR ( 'NONE', #5136, 1000.000000000000000 ) ;
#9105 = COLOUR_RGB ( '',1.000000000000000000, 1.000000000000000000, 1.000000000000000000 ) ;
#9106 = SURFACE_STYLE_FILL_AREA ( #9290 ) ;
#9107 = DIRECTION ( 'NONE',  ( -1.000000000000000000, 0.0000000000000000000, -0.0000000000000000000 ) ) ;
#9108 = ORIENTED_EDGE ( 'NONE', *, *, #615, .F. ) ;
#9109 = VECTOR ( 'NONE', #11118, 1000.000000000000000 ) ;
#9110 = ORIENTED_EDGE ( 'NONE', *, *, #2032, .F. ) ;
#9111 = ORIENTED_EDGE ( 'NONE', *, *, #10260, .F. ) ;
#9112 = DIRECTION ( 'NONE',  ( 1.000000000000000000, -0.0000000000000000000, -6.209894659237971771E-15 ) ) ;
#9113 = SURFACE_STYLE_FILL_AREA ( #9896 ) ;
#9114 = ORIENTED_EDGE ( 'NONE', *, *, #9890, .T. ) ;
#9115 = DIRECTION ( 'NONE',  ( -0.0000000000000000000, -1.000000000000000000, -0.0000000000000000000 ) ) ;
#9116 = UNCERTAINTY_MEASURE_WITH_UNIT (LENGTH_MEASURE( 1.000000000000000082E-05 ), #8499, 'distance_accuracy_value', 'NONE');
#9117 = COLOUR_RGB ( '',1.000000000000000000, 1.000000000000000000, 1.000000000000000000 ) ;
#9118 = DIRECTION ( 'NONE',  ( -0.0000000000000000000, -1.000000000000000000, -0.0000000000000000000 ) ) ;
#9119 =( LENGTH_UNIT ( ) NAMED_UNIT ( * ) SI_UNIT ( .MILLI., .METRE. ) );
#9120 = CARTESIAN_POINT ( 'NONE',  ( 0.6240890862035279874, 1.310000000000000053, -1.823033984037227606 ) ) ;
#9121 = B_SPLINE_CURVE_WITH_KNOTS ( 'NONE', 3,
 ( #1086, #7363, #44, #970 ),
 .UNSPECIFIED., .F., .F.,
 ( 4, 4 ),
 ( 1.000000000000000000, 2.000000000000000000 ),
 .UNSPECIFIED. ) ;
#9122 = CARTESIAN_POINT ( 'NONE',  ( 0.9060565982561902265, 1.300000000000000044, -1.877981485487228541 ) ) ;
#9123 =( LENGTH_UNIT ( ) NAMED_UNIT ( * ) SI_UNIT ( .MILLI., .METRE. ) );
#9124 = ORIENTED_EDGE ( 'NONE', *, *, #6474, .T. ) ;
#9125 = DIRECTION ( 'NONE',  ( 1.000000000000000000, -0.0000000000000000000, -7.474873201047744673E-15 ) ) ;
#9126 = DIRECTION ( 'NONE',  ( -0.0000000000000000000, 0.0000000000000000000, 1.000000000000000000 ) ) ;
#9127 = ORIENTED_EDGE ( 'NONE', *, *, #722, .F. ) ;
#9128 = B_SPLINE_CURVE_WITH_KNOTS ( 'NONE', 3,
 ( #11714, #9963, #4528, #5441 ),
 .UNSPECIFIED., .F., .F.,
 ( 4, 4 ),
 ( 10.00000000000000000, 11.00000000000000000 ),
 .UNSPECIFIED. ) ;
#9129 = CARTESIAN_POINT ( 'NONE',  ( -0.2181730518558842036, 1.300000000000000044, -1.560962447109883744 ) ) ;
#9130 = VECTOR ( 'NONE', #11467, 1000.000000000000000 ) ;
#9131 = SURFACE_SIDE_STYLE ('',( #3604 ) ) ;
#9132 = UNCERTAINTY_MEASURE_WITH_UNIT (LENGTH_MEASURE( 1.000000000000000082E-05 ), #4927, 'distance_accuracy_value', 'NONE');
#9133 = CARTESIAN_POINT ( 'NONE',  ( -0.3733569208660932892, 1.310000000000000053, -1.872058015672275921 ) ) ;
#9134 = ORIENTED_EDGE ( 'NONE', *, *, #8051, .F. ) ;
#9135 = DIRECTION ( 'NONE',  ( -0.0000000000000000000, -1.000000000000000000, -0.0000000000000000000 ) ) ;
#9136 = DIRECTION ( 'NONE',  ( -0.0000000000000000000, -1.000000000000000000, -0.0000000000000000000 ) ) ;
#9137 = MECHANICAL_DESIGN_GEOMETRIC_PRESENTATION_REPRESENTATION (  '', ( #7201 ), #2353 ) ;
#9138 = CARTESIAN_POINT ( 'NONE',  ( -0.2744759430247428744, 1.310000000000000053, -1.523947065288207892 ) ) ;
#9139 = CARTESIAN_POINT ( 'NONE',  ( 0.6674687013214487541, 1.310000000000000053, -1.386345902652515116 ) ) ;
#9140 = EDGE_CURVE ( 'NONE', #11381, #7540, #2592, .T. ) ;
#9141 = LINE ( 'NONE', #744, #4625 ) ;
#9142 = CARTESIAN_POINT ( 'NONE',  ( -0.3028613341397398684, 1.310000000000000053, -1.880688006377570831 ) ) ;
#9144 = UNCERTAINTY_MEASURE_WITH_UNIT (LENGTH_MEASURE( 1.000000000000000082E-05 ), #590, 'distance_accuracy_value', 'NONE');
#9143 = CARTESIAN_POINT ( 'NONE',  ( 0.7686877756811558715, 1.310000000000000053, -1.685665175252899717 ) ) ;
#9145 = EDGE_CURVE ( 'NONE', #9994, #2880, #2397, .T. ) ;
#9146 = FILL_AREA_STYLE_COLOUR ( '', #7327 ) ;
#9147 = ORIENTED_EDGE ( 'NONE', *, *, #6856, .T. ) ;
#9148 = PLANE ( 'NONE',  #3655 ) ;
#9149 = ORIENTED_EDGE ( 'NONE', *, *, #11398, .F. ) ;
#9150 = SURFACE_STYLE_USAGE ( .BOTH. , #5463 ) ;
#9151 = FACE_OUTER_BOUND ( 'NONE', #11830, .T. ) ;
#9152 = DIRECTION ( 'NONE',  ( -0.0000000000000000000, -1.000000000000000000, -0.0000000000000000000 ) ) ;
#9153 = ORIENTED_EDGE ( 'NONE', *, *, #4806, .F. ) ;
#9154 = ORIENTED_EDGE ( 'NONE', *, *, #167, .T. ) ;
#9155 = FILL_AREA_STYLE_COLOUR ( '', #6578 ) ;
#9156 = ADVANCED_FACE ( 'NONE', ( #5328, #11725, #9014, #4236 ), #9794, .F. ) ;
#9157 = CARTESIAN_POINT ( 'NONE',  ( -0.3037971162647429280, 1.310000000000000053, -1.803433993194542895 ) ) ;
#9158 = ADVANCED_FACE ( 'NONE', ( #6059 ), #8611, .F. ) ;
#9159 = CARTESIAN_POINT ( 'NONE',  ( -0.7310856319748282317, 1.300000000000000044, -1.380148545461863607 ) ) ;
#9160 = CARTESIAN_POINT ( 'NONE',  ( 0.2495784421214472248, 1.300000000000000044, -1.679881287246549615 ) ) ;
#9161 = PLANE ( 'NONE',  #2098 ) ;
#9162 = FACE_OUTER_BOUND ( 'NONE', #10434, .T. ) ;
#9163 = EDGE_CURVE ( 'NONE', #1107, #4750, #9493, .T. ) ;
#9164 = CARTESIAN_POINT ( 'NONE',  ( -0.5961250544382046268, 1.310000000000000053, -1.765274877666221709 ) ) ;
#9165 = FILL_AREA_STYLE ('',( #5669 ) ) ;
#9166 = VERTEX_POINT ( 'NONE', #7440 ) ;
#9167 = CARTESIAN_POINT ( 'NONE',  ( -0.2265431030823970848, 1.310000000000000053, -1.374429876923095817 ) ) ;
#9168 = ORIENTED_EDGE ( 'NONE', *, *, #6407, .F. ) ;
#9169 = ORIENTED_EDGE ( 'NONE', *, *, #1015, .F. ) ;
#9170 =( NAMED_UNIT ( * ) PLANE_ANGLE_UNIT ( ) SI_UNIT ( $, .RADIAN. ) );
#9171 = PRESENTATION_STYLE_ASSIGNMENT (( #9950 ) ) ;
#9172 = ORIENTED_EDGE ( 'NONE', *, *, #6418, .F. ) ;
#9173 = CARTESIAN_POINT ( 'NONE',  ( -0.3414363528354900645, 1.310000000000000053, -1.534344644452004358 ) ) ;
#9174 = EDGE_CURVE ( 'NONE', #1242, #8274, #6514, .T. ) ;
#9175 = CARTESIAN_POINT ( 'NONE',  ( -0.5189230291509292492, 1.310000000000000053, -1.557531245985787072 ) ) ;
#9176 = FILL_AREA_STYLE_COLOUR ( '', #11152 ) ;
#9177 = FACE_OUTER_BOUND ( 'NONE', #7109, .T. ) ;
#9178 = FILL_AREA_STYLE_COLOUR ( '', #6212 ) ;
#9179 = UNCERTAINTY_MEASURE_WITH_UNIT (LENGTH_MEASURE( 1.000000000000000082E-05 ), #1593, 'distance_accuracy_value', 'NONE');
#9180 = CARTESIAN_POINT ( 'NONE',  ( -0.7439266422419614777, 1.310000000000000053, -1.700186032104093803 ) ) ;
#9181 = ORIENTED_EDGE ( 'NONE', *, *, #5186, .T. ) ;
#9182 = SURFACE_STYLE_FILL_AREA ( #6399 ) ;
#9183 = CARTESIAN_POINT ( 'NONE',  ( -0.6009599287491103059, 1.300000000000000044, -1.479341450679135361 ) ) ;
#9184 = CARTESIAN_POINT ( 'NONE',  ( -0.1113899138498325447, 1.310000000000000053, -1.676791478987289530 ) ) ;
#9185 = CARTESIAN_POINT ( 'NONE',  ( -0.1736194251418753109, 1.300000000000000044, -1.856149719552735666 ) ) ;
#9186 = ORIENTED_EDGE ( 'NONE', *, *, #7998, .F. ) ;
#9187 = FILL_AREA_STYLE ('',( #10102 ) ) ;
#9188 = CARTESIAN_POINT ( 'NONE',  ( -0.7988778481190772496, 1.300000000000000044, -1.700186032104093581 ) ) ;
#9189 = VECTOR ( 'NONE', #6649, 1000.000000000000000 ) ;
#9190 = LINE ( 'NONE', #1780, #1499 ) ;
#9191 = ORIENTED_EDGE ( 'NONE', *, *, #9080, .T. ) ;
#9192 = CARTESIAN_POINT ( 'NONE',  ( -0.3635831964527600491, 1.300000000000000044, -1.837538052849685188 ) ) ;
#9193 = CARTESIAN_POINT ( 'NONE',  ( -0.2022127678405898632, 1.310000000000000053, -1.752277903711821239 ) ) ;
#9194 = CARTESIAN_POINT ( 'NONE',  ( 0.4619075576265028737, -2.254244708251047058, -0.5988116250628559012 ) ) ;
#9195 = ORIENTED_EDGE ( 'NONE', *, *, #1420, .F. ) ;
#9196 =( LENGTH_UNIT ( ) NAMED_UNIT ( * ) SI_UNIT ( .MILLI., .METRE. ) );
#9197 = CARTESIAN_POINT ( 'NONE',  ( -0.8945355764193555492, 1.310000000000000053, -1.880168127418617052 ) ) ;
#9198 = CARTESIAN_POINT ( 'NONE',  ( -0.2181730518558842036, 1.310000000000000053, -1.560962447109883744 ) ) ;
#9199 = EDGE_CURVE ( 'NONE', #7320, #11460, #10713, .T. ) ;
#9200 = FILL_AREA_STYLE ('',( #876 ) ) ;
#9201 = CARTESIAN_POINT ( 'NONE',  ( 1.021735571901198902, 1.310000000000000053, -1.808574112331950756 ) ) ;
#9202 = ORIENTED_EDGE ( 'NONE', *, *, #2052, .T. ) ;
#9203 = PRESENTATION_STYLE_ASSIGNMENT (( #5513 ) ) ;
#9204 = EDGE_CURVE ( 'NONE', #3758, #171, #2437, .T. ) ;
#9205 =( GEOMETRIC_REPRESENTATION_CONTEXT ( 3 ) GLOBAL_UNCERTAINTY_ASSIGNED_CONTEXT ( ( #2455 ) ) GLOBAL_UNIT_ASSIGNED_CONTEXT ( ( #11129, #9409, #10147 ) ) REPRESENTATION_CONTEXT ( 'NONE', 'WORKASPACE' ) );
#9206 = B_SPLINE_CURVE_WITH_KNOTS ( 'NONE', 3,
 ( #6912, #5776, #8616, #7714 ),
 .UNSPECIFIED., .F., .F.,
 ( 4, 4 ),
 ( 5.000000000000000000, 6.000000000000000000 ),
 .UNSPECIFIED. ) ;
#9207 =( NAMED_UNIT ( * ) PLANE_ANGLE_UNIT ( ) SI_UNIT ( $, .RADIAN. ) );
#9208 = CARTESIAN_POINT ( 'NONE',  ( -0.7310856319748282317, 1.310000000000000053, -1.380148545461863607 ) ) ;
#9209 = SURFACE_STYLE_USAGE ( .BOTH. , #7337 ) ;
#9210 = COLOUR_RGB ( '',1.000000000000000000, 1.000000000000000000, 1.000000000000000000 ) ;
#9211 = CARTESIAN_POINT ( 'NONE',  ( -0.8525813444966419130, 1.310000000000000053, -1.851678760512114108 ) ) ;
#9212 = ORIENTED_EDGE ( 'NONE', *, *, #2438, .F. ) ;
#9213 = ORIENTED_EDGE ( 'NONE', *, *, #1942, .T. ) ;
#9214 =( LENGTH_UNIT ( ) NAMED_UNIT ( * ) SI_UNIT ( .MILLI., .METRE. ) );
#9215 = FACE_OUTER_BOUND ( 'NONE', #5743, .T. ) ;
#9216 =( NAMED_UNIT ( * ) SI_UNIT ( $, .STERADIAN. ) SOLID_ANGLE_UNIT ( ) );
#9217 = CARTESIAN_POINT ( 'NONE',  ( -0.5637885832387815599, 1.300000000000000044, -1.383891673960499169 ) ) ;
#9218 =( NAMED_UNIT ( * ) SI_UNIT ( $, .STERADIAN. ) SOLID_ANGLE_UNIT ( ) );
#9219 = EDGE_CURVE ( 'NONE', #9314, #11738, #10697, .T. ) ;
#9220 = SURFACE_STYLE_FILL_AREA ( #9101 ) ;
#9221 = CARTESIAN_POINT ( 'NONE',  ( -0.03288819116795105996, 1.310000000000000053, -1.765274877666225706 ) ) ;
#9222 = DIRECTION ( 'NONE',  ( 0.0000000000000000000, -0.0000000000000000000, 1.000000000000000000 ) ) ;
#9223 = CARTESIAN_POINT ( 'NONE',  ( -0.8556486303490521417, 1.310000000000000053, -1.776608238953634400 ) ) ;
#9224 = SURFACE_SIDE_STYLE ('',( #10933 ) ) ;
#9225 = ORIENTED_EDGE ( 'NONE', *, *, #3261, .F. ) ;
#9226 =( NAMED_UNIT ( * ) SI_UNIT ( $, .STERADIAN. ) SOLID_ANGLE_UNIT ( ) );
#9227 = STYLED_ITEM ( 'NONE', ( #11881 ), #994 ) ;
#9228 = EDGE_LOOP ( 'NONE', ( #7478, #4530, #1854, #10901 ) ) ;
#9229 = ORIENTED_EDGE ( 'NONE', *, *, #8993, .T. ) ;
#9230 = SURFACE_SIDE_STYLE ('',( #6551 ) ) ;
#9231 = PLANE ( 'NONE',  #3005 ) ;
#9232 = VERTEX_POINT ( 'NONE', #2868 ) ;
#9233 = CARTESIAN_POINT ( 'NONE',  ( -0.9818232534944985046, 1.300000000000000044, -1.717030110348640726 ) ) ;
#9234 = UNCERTAINTY_MEASURE_WITH_UNIT (LENGTH_MEASURE( 1.000000000000000082E-05 ), #3918, 'distance_accuracy_value', 'NONE');
#9235 = PLANE ( 'NONE',  #5986 ) ;
#9236 = CARTESIAN_POINT ( 'NONE',  ( -0.3046289225975433723, 1.300000000000000044, -1.858125259592870560 ) ) ;
#9237 = FACE_OUTER_BOUND ( 'NONE', #5360, .T. ) ;
#9238 = SURFACE_SIDE_STYLE ('',( #3653 ) ) ;
#9239 = EDGE_CURVE ( 'NONE', #4856, #4414, #5027, .T. ) ;
#9240 = CARTESIAN_POINT ( 'NONE',  ( -0.7271345518931688900, 1.300000000000000044, -1.394393228915806526 ) ) ;
#9241 = FILL_AREA_STYLE_COLOUR ( '', #11337 ) ;
#9242 = SURFACE_STYLE_USAGE ( .BOTH. , #9046 ) ;
#9243 =( NAMED_UNIT ( * ) PLANE_ANGLE_UNIT ( ) SI_UNIT ( $, .RADIAN. ) );
#9244 = EDGE_CURVE ( 'NONE', #11689, #5925, #5806, .T. ) ;
#9245 = ORIENTED_EDGE ( 'NONE', *, *, #6096, .T. ) ;
#9246 = SURFACE_STYLE_FILL_AREA ( #7375 ) ;
#9247 = PRESENTATION_STYLE_ASSIGNMENT (( #5369 ) ) ;
#9248 = CARTESIAN_POINT ( 'NONE',  ( -0.1662371439361186309, 1.300000000000000044, -1.839201665516672968 ) ) ;
#9249 = VECTOR ( 'NONE', #7273, 1000.000000000000000 ) ;
#9250 = CARTESIAN_POINT ( 'NONE',  ( -0.1885919391364143660, 1.310000000000000053, -1.793868220364237320 ) ) ;
#9251 = EDGE_CURVE ( 'NONE', #5015, #4545, #1100, .T. ) ;
#9252 = CARTESIAN_POINT ( 'NONE',  ( 0.9913697944336655743, 1.310000000000000053, -1.648069503302061811 ) ) ;
#9253 = EDGE_CURVE ( 'NONE', #1012, #5852, #11192, .T. ) ;
#9254 = ORIENTED_EDGE ( 'NONE', *, *, #1891, .T. ) ;
#9255 = PRESENTATION_STYLE_ASSIGNMENT (( #9065 ) ) ;
#9256 = VECTOR ( 'NONE', #8463, 1000.000000000000000 ) ;
#9257 = MECHANICAL_DESIGN_GEOMETRIC_PRESENTATION_REPRESENTATION (  '', ( #2447 ), #4612 ) ;
#9258 = SURFACE_SIDE_STYLE ('',( #2706 ) ) ;
#9259 = B_SPLINE_CURVE_WITH_KNOTS ( 'NONE', 3,
 ( #6532, #1675, #5468, #10257 ),
 .UNSPECIFIED., .F., .F.,
 ( 4, 4 ),
 ( 2.000000000000000000, 3.000000000000000000 ),
 .UNSPECIFIED. ) ;
#9260 = ORIENTED_EDGE ( 'NONE', *, *, #2751, .T. ) ;
#9261 = SURFACE_STYLE_USAGE ( .BOTH. , #3934 ) ;
#9262 = CARTESIAN_POINT ( 'NONE',  ( -0.5518313672022860938, 1.310000000000000053, -1.354154597554452000 ) ) ;
#9263 = CARTESIAN_POINT ( 'NONE',  ( -0.1445581913806669172, 1.310000000000000053, -1.864571758675003910 ) ) ;
#9264 = VECTOR ( 'NONE', #9920, 1000.000000000000000 ) ;
#9265 = AXIS2_PLACEMENT_3D ( 'NONE', #11515, #9401, #8737 ) ;
#9266 = MECHANICAL_DESIGN_GEOMETRIC_PRESENTATION_REPRESENTATION (  '', ( #11404 ), #920 ) ;
#9267 = ORIENTED_EDGE ( 'NONE', *, *, #9199, .F. ) ;
#9268 = CARTESIAN_POINT ( 'NONE',  ( -0.2596074048210277319, 1.310000000000000053, -1.532992959160947022 ) ) ;
#9269 = UNCERTAINTY_MEASURE_WITH_UNIT (LENGTH_MEASURE( 1.000000000000000082E-05 ), #2395, 'distance_accuracy_value', 'NONE');
#9270 = MECHANICAL_DESIGN_GEOMETRIC_PRESENTATION_REPRESENTATION (  '', ( #2454 ), #3453 ) ;
#9271 = SURFACE_STYLE_USAGE ( .BOTH. , #10429 ) ;
#9272 = CARTESIAN_POINT ( 'NONE',  ( -0.8321501014421153197, 1.300000000000000044, -1.870706330381208149 ) ) ;
#9273 = SURFACE_STYLE_FILL_AREA ( #6425 ) ;
#9274 = CARTESIAN_POINT ( 'NONE',  ( 0.7137403018118725351, 1.310000000000000053, -1.833155960423808573 ) ) ;
#9275 = AXIS2_PLACEMENT_3D ( 'NONE', #6320, #6137, #3402 ) ;
#9276 = VERTEX_POINT ( 'NONE', #8125 ) ;
#9277 = VERTEX_POINT ( 'NONE', #4664 ) ;
#9278 = PRESENTATION_LAYER_ASSIGNMENT (  '', '', ( #7551 ) ) ;
#9279 = CARTESIAN_POINT ( 'NONE',  ( -1.019670441649668469, 1.300000000000000044, -1.801562428945911121 ) ) ;
#9280 = VECTOR ( 'NONE', #3134, 1000.000000000000000 ) ;
#9281 = DIRECTION ( 'NONE',  ( 6.353357572162942221E-15, -0.0000000000000000000, 1.000000000000000000 ) ) ;
#9282 = STYLED_ITEM ( 'NONE', ( #5673 ), #8644 ) ;
#9283 = EDGE_CURVE ( 'NONE', #7914, #3101, #4838, .T. ) ;
#9284 = CARTESIAN_POINT ( 'NONE',  ( -0.9869180672841945112, 1.310000000000000053, -1.709543853351372045 ) ) ;
#9285 = DIRECTION ( 'NONE',  ( -0.0000000000000000000, -1.000000000000000000, -0.0000000000000000000 ) ) ;
#9286 = DIRECTION ( 'NONE',  ( -1.000000000000000000, 0.0000000000000000000, 0.0000000000000000000 ) ) ;
#9287 = VECTOR ( 'NONE', #5408, 1000.000000000000000 ) ;
#9288 =( NAMED_UNIT ( * ) PLANE_ANGLE_UNIT ( ) SI_UNIT ( $, .RADIAN. ) );
#9289 = COLOUR_RGB ( '',1.000000000000000000, 1.000000000000000000, 1.000000000000000000 ) ;
#9290 = FILL_AREA_STYLE ('',( #894 ) ) ;
#9291 = DIRECTION ( 'NONE',  ( -1.000000000000000000, -0.0000000000000000000, -0.0000000000000000000 ) ) ;
#9292 = DIRECTION ( 'NONE',  ( -2.981400461857164551E-15, 0.0000000000000000000, -1.000000000000000000 ) ) ;
#9293 = STYLED_ITEM ( 'NONE', ( #588 ), #8859 ) ;
#9294 = ORIENTED_EDGE ( 'NONE', *, *, #10496, .T. ) ;
#9295 = ORIENTED_EDGE ( 'NONE', *, *, #6504, .T. ) ;
#9296 = ORIENTED_EDGE ( 'NONE', *, *, #10093, .F. ) ;
#9297 = DIRECTION ( 'NONE',  ( 7.463408671483702769E-15, 0.0000000000000000000, 1.000000000000000000 ) ) ;
#9298 =( GEOMETRIC_REPRESENTATION_CONTEXT ( 3 ) GLOBAL_UNCERTAINTY_ASSIGNED_CONTEXT ( ( #8224 ) ) GLOBAL_UNIT_ASSIGNED_CONTEXT ( ( #887, #5523, #7521 ) ) REPRESENTATION_CONTEXT ( 'NONE', 'WORKASPACE' ) );
#9299 = ORIENTED_EDGE ( 'NONE', *, *, #752, .F. ) ;
#9300 = STYLED_ITEM ( 'NONE', ( #7849 ), #6053 ) ;
#9301 = VECTOR ( 'NONE', #8666, 1000.000000000000000 ) ;
#9302 = CARTESIAN_POINT ( 'NONE',  ( -0.3414363528354900645, 1.300000000000000044, -1.534344644452004358 ) ) ;
#9303 = B_SPLINE_CURVE_WITH_KNOTS ( 'NONE', 3,
 ( #6300, #2407, #8197, #5163 ),
 .UNSPECIFIED., .F., .F.,
 ( 4, 4 ),
 ( 16.00000000000000000, 17.00000000000000000 ),
 .UNSPECIFIED. ) ;
#9304 = CARTESIAN_POINT ( 'NONE',  ( -0.9818232534944985046, 1.300000000000000044, -1.717030110348640726 ) ) ;
#9305 = DIRECTION ( 'NONE',  ( -0.0000000000000000000, -0.0000000000000000000, 1.000000000000000000 ) ) ;
#9306 = DIRECTION ( 'NONE',  ( -0.0000000000000000000, -1.000000000000000000, -0.0000000000000000000 ) ) ;
#9307 = EDGE_CURVE ( 'NONE', #8099, #10190, #8532, .T. ) ;
#9308 = AXIS2_PLACEMENT_3D ( 'NONE', #6258, #10323, #10197 ) ;
#9309 = COLOUR_RGB ( '',1.000000000000000000, 1.000000000000000000, 1.000000000000000000 ) ;
#9310 = CARTESIAN_POINT ( 'NONE',  ( -0.6009599287491100839, 1.310000000000000053, -1.428601264362468592 ) ) ;
#9311 = COLOUR_RGB ( '',1.000000000000000000, 1.000000000000000000, 1.000000000000000000 ) ;
#9312 = CARTESIAN_POINT ( 'NONE',  ( -0.8065200688036155974, 1.310000000000000053, -1.676791478987284645 ) ) ;
#9313 = CARTESIAN_POINT ( 'NONE',  ( -0.9514103344436132259, 1.300000000000000044, -1.801562428945911565 ) ) ;
#9314 = VERTEX_POINT ( 'NONE', #8362 ) ;
#9315 = DIRECTION ( 'NONE',  ( -0.0000000000000000000, -1.000000000000000000, -0.0000000000000000000 ) ) ;
#9316 =( NAMED_UNIT ( * ) PLANE_ANGLE_UNIT ( ) SI_UNIT ( $, .RADIAN. ) );
#9317 =( NAMED_UNIT ( * ) PLANE_ANGLE_UNIT ( ) SI_UNIT ( $, .RADIAN. ) );
#9318 =( LENGTH_UNIT ( ) NAMED_UNIT ( * ) SI_UNIT ( .MILLI., .METRE. ) );
#9319 = PRESENTATION_LAYER_ASSIGNMENT (  '', '', ( #7779 ) ) ;
#9320 = DIRECTION ( 'NONE',  ( 0.0000000000000000000, 1.000000000000000000, 0.0000000000000000000 ) ) ;
#9321 = FILL_AREA_STYLE_COLOUR ( '', #8302 ) ;
#9322 = COLOUR_RGB ( '',0.5019607843137254832, 0.2509803921568627416, 0.0000000000000000000 ) ;
#9323 = CARTESIAN_POINT ( 'NONE',  ( 0.6674687013214487541, 1.310000000000000053, -1.386345902652515116 ) ) ;
#9324 = PRESENTATION_STYLE_ASSIGNMENT (( #6408 ) ) ;
#9325 = ORIENTED_EDGE ( 'NONE', *, *, #3382, .T. ) ;
#9326 = CARTESIAN_POINT ( 'NONE',  ( -0.7283822613927150025, 1.300000000000000044, -1.391066003583226740 ) ) ;
#9327 = PRESENTATION_LAYER_ASSIGNMENT (  '', '', ( #6992 ) ) ;
#9328 = CARTESIAN_POINT ( 'NONE',  ( -0.9818232534944985046, 1.300000000000000044, -1.717030110348640726 ) ) ;
#9329 = SURFACE_STYLE_FILL_AREA ( #10910 ) ;
#9330 = DIRECTION ( 'NONE',  ( 1.000000000000000000, 0.0000000000000000000, 0.0000000000000000000 ) ) ;
#9331 = CARTESIAN_POINT ( 'NONE',  ( -0.5518313672022860938, 1.300000000000000044, -1.354154597554452000 ) ) ;
#9332 = CARTESIAN_POINT ( 'NONE',  ( -0.03288819116795170527, 1.300000000000000044, -1.856981525884835449 ) ) ;
#9333 = VECTOR ( 'NONE', #948, 1000.000000000000000 ) ;
#9334 = EDGE_CURVE ( 'NONE', #7482, #2018, #1899, .T. ) ;
#9335 = VERTEX_POINT ( 'NONE', #9367 ) ;
#9336 = DIRECTION ( 'NONE',  ( 0.9345104387417447755, 0.0000000000000000000, -0.3559357243698808571 ) ) ;
#9337 =( GEOMETRIC_REPRESENTATION_CONTEXT ( 3 ) GLOBAL_UNCERTAINTY_ASSIGNED_CONTEXT ( ( #10777 ) ) GLOBAL_UNIT_ASSIGNED_CONTEXT ( ( #516, #10731, #2728 ) ) REPRESENTATION_CONTEXT ( 'NONE', 'WORKASPACE' ) );
#9338 =( NAMED_UNIT ( * ) SI_UNIT ( $, .STERADIAN. ) SOLID_ANGLE_UNIT ( ) );
#9339 =( NAMED_UNIT ( * ) SI_UNIT ( $, .STERADIAN. ) SOLID_ANGLE_UNIT ( ) );
#9340 = COLOUR_RGB ( '',1.000000000000000000, 1.000000000000000000, 1.000000000000000000 ) ;
#9341 = EDGE_LOOP ( 'NONE', ( #8037, #162, #4964, #1508 ) ) ;
#9342 = ORIENTED_EDGE ( 'NONE', *, *, #9784, .F. ) ;
#9343 = CARTESIAN_POINT ( 'NONE',  ( -0.1113899138498325447, 1.300000000000000044, -1.676791478987289530 ) ) ;
#9344 = CARTESIAN_POINT ( 'NONE',  ( -0.9818232534944985046, 1.310000000000000053, -1.717030110348640726 ) ) ;
#9345 = UNCERTAINTY_MEASURE_WITH_UNIT (LENGTH_MEASURE( 1.000000000000000082E-05 ), #1112, 'distance_accuracy_value', 'NONE');
#9346 = FILL_AREA_STYLE_COLOUR ( '', #9637 ) ;
#9347 = CARTESIAN_POINT ( 'NONE',  ( -0.5978926428953114103, 1.310000000000000053, -1.381084327586869609 ) ) ;
#9348 = CARTESIAN_POINT ( 'NONE',  ( 0.7137403018118725351, 1.300000000000000044, -1.833155960423808573 ) ) ;
#9349 = FACE_OUTER_BOUND ( 'NONE', #1609, .T. ) ;
#9350 = ORIENTED_EDGE ( 'NONE', *, *, #5327, .F. ) ;
#9351 = CARTESIAN_POINT ( 'NONE',  ( -0.1138853328496115674, 1.310000000000000053, -1.557531245985789514 ) ) ;
#9352 = ORIENTED_EDGE ( 'NONE', *, *, #9601, .T. ) ;
#9353 = ORIENTED_EDGE ( 'NONE', *, *, #4409, .F. ) ;
#9354 = CARTESIAN_POINT ( 'NONE',  ( -0.1113899138498327668, 1.310000000000000053, -1.700186032104098244 ) ) ;
#9355 = EDGE_CURVE ( 'NONE', #11450, #10129, #10351, .T. ) ;
#9356 = CARTESIAN_POINT ( 'NONE',  ( -0.7176727548557708669, 1.310000000000000053, -1.880168127418618385 ) ) ;
#9357 = VERTEX_POINT ( 'NONE', #6699 ) ;
#9358 = PLANE ( 'NONE',  #5414 ) ;
#9359 = CARTESIAN_POINT ( 'NONE',  ( -0.6688611727325814993, -2.205193125933618159, 0.3917691496592315969 ) ) ;
#9360 = LINE ( 'NONE', #11432, #2729 ) ;
#9361 = PLANE ( 'NONE',  #4403 ) ;
#9362 = ORIENTED_EDGE ( 'NONE', *, *, #3149, .T. ) ;
#9363 = SURFACE_STYLE_USAGE ( .BOTH. , #7562 ) ;
#9364 =( NAMED_UNIT ( * ) PLANE_ANGLE_UNIT ( ) SI_UNIT ( $, .RADIAN. ) );
#9365 = CARTESIAN_POINT ( 'NONE',  ( -0.3437758081473130112, 1.300000000000000044, -1.821317829355607820 ) ) ;
#9366 = CARTESIAN_POINT ( 'NONE',  ( -0.5441891465163621877, 1.310000000000000053, -1.377549150671262490 ) ) ;
#9367 = CARTESIAN_POINT ( 'NONE',  ( -0.5187670654636578060, 1.310000000000000053, -1.534344644452003026 ) ) ;
#9368 = CARTESIAN_POINT ( 'NONE',  ( -0.7736117307536444221, 1.310000000000000053, -1.880168127418618162 ) ) ;
#9369 =( NAMED_UNIT ( * ) SI_UNIT ( $, .STERADIAN. ) SOLID_ANGLE_UNIT ( ) );
#9370 = EDGE_CURVE ( 'NONE', #8077, #8812, #11140, .T. ) ;
#9371 = LINE ( 'NONE', #1974, #2879 ) ;
#9372 = VERTEX_POINT ( 'NONE', #2938 ) ;
#9373 =( NAMED_UNIT ( * ) SI_UNIT ( $, .STERADIAN. ) SOLID_ANGLE_UNIT ( ) );
#9374 = EDGE_CURVE ( 'NONE', #415, #3076, #4652, .T. ) ;
#9375 = ORIENTED_EDGE ( 'NONE', *, *, #836, .T. ) ;
#9376 = SURFACE_STYLE_USAGE ( .BOTH. , #3870 ) ;
#9377 = VERTEX_POINT ( 'NONE', #1044 ) ;
#9378 = CARTESIAN_POINT ( 'NONE',  ( -0.1662371439361186309, 1.300000000000000044, -1.839201665516672968 ) ) ;
#9379 = SURFACE_SIDE_STYLE ('',( #4796 ) ) ;
#9380 = DIRECTION ( 'NONE',  ( -9.310221531588248143E-15, 0.0000000000000000000, -1.000000000000000000 ) ) ;
#9381 = EDGE_LOOP ( 'NONE', ( #9723, #4578, #4721, #6402 ) ) ;
#9382 = CARTESIAN_POINT ( 'NONE',  ( -0.3257879961947383607, 1.300000000000000044, -1.757684644877441027 ) ) ;
#9383 = FILL_AREA_STYLE_COLOUR ( '', #3820 ) ;
#9384 = CARTESIAN_POINT ( 'NONE',  ( -0.4314793883885169046, 1.300000000000000044, -1.734913946509705207 ) ) ;
#9385 = COLOUR_RGB ( '',1.000000000000000000, 1.000000000000000000, 1.000000000000000000 ) ;
#9386 = EDGE_CURVE ( 'NONE', #1587, #11834, #11299, .T. ) ;
#9387 = SURFACE_STYLE_FILL_AREA ( #1991 ) ;
#9388 = ORIENTED_EDGE ( 'NONE', *, *, #7835, .F. ) ;
#9389 = ORIENTED_EDGE ( 'NONE', *, *, #4347, .T. ) ;
#9390 = PRESENTATION_STYLE_ASSIGNMENT (( #401 ) ) ;
#9391 = FILL_AREA_STYLE_COLOUR ( '', #3094 ) ;
#9392 = EDGE_CURVE ( 'NONE', #899, #1722, #4058, .T. ) ;
#9393 = CARTESIAN_POINT ( 'NONE',  ( -0.3236045045701886891, 1.310000000000000053, -1.785342205450451525 ) ) ;
#9394 = EDGE_CURVE ( 'NONE', #9947, #1879, #8462, .T. ) ;
#9395 = VECTOR ( 'NONE', #9039, 1000.000000000000000 ) ;
#9396 = CARTESIAN_POINT ( 'NONE',  ( -0.2990142298495890305, 1.310000000000000053, -1.797091469905306216 ) ) ;
#9397 = COLOUR_RGB ( '',1.000000000000000000, 1.000000000000000000, 1.000000000000000000 ) ;
#9398 = CARTESIAN_POINT ( 'NONE',  ( -0.2744759430247415422, 1.310000000000000053, -1.359041459761119564 ) ) ;
#9399 = CARTESIAN_POINT ( 'NONE',  ( -0.8339176898992247677, 1.310000000000000053, -1.835770464392572299 ) ) ;
#9400 = B_SPLINE_CURVE_WITH_KNOTS ( 'NONE', 3,
 ( #2186, #286, #4017, #6680 ),
 .UNSPECIFIED., .F., .F.,
 ( 4, 4 ),
 ( 10.00000000000000000, 11.00000000000000000 ),
 .UNSPECIFIED. ) ;
#9401 = DIRECTION ( 'NONE',  ( 1.000000000000000000, 0.0000000000000000000, -9.310221531588248143E-15 ) ) ;
#9402 = ORIENTED_EDGE ( 'NONE', *, *, #11317, .T. ) ;
#9403 = CARTESIAN_POINT ( 'NONE',  ( -0.006634303781058838514, 1.310000000000000053, -1.880168127418623492 ) ) ;
#9404 = ORIENTED_EDGE ( 'NONE', *, *, #1891, .F. ) ;
#9405 = ORIENTED_EDGE ( 'NONE', *, *, #8031, .F. ) ;
#9406 = CARTESIAN_POINT ( 'NONE',  ( -1.027780553396013374, 1.300000000000000044, -1.824541078896672497 ) ) ;
#9407 = EDGE_CURVE ( 'NONE', #600, #11636, #5128, .T. ) ;
#9408 = COLOUR_RGB ( '',1.000000000000000000, 1.000000000000000000, 1.000000000000000000 ) ;
#9409 =( NAMED_UNIT ( * ) PLANE_ANGLE_UNIT ( ) SI_UNIT ( $, .RADIAN. ) );
#9410 = ORIENTED_EDGE ( 'NONE', *, *, #11677, .T. ) ;
#9411 = CARTESIAN_POINT ( 'NONE',  ( -0.9430922711114669843, 1.300000000000000044, -1.824541078896673163 ) ) ;
#9412 = CARTESIAN_POINT ( 'NONE',  ( -0.1662371439361186309, 1.300000000000000044, -1.839201665516672968 ) ) ;
#9413 = CARTESIAN_POINT ( 'NONE',  ( -0.5189230291509292492, 1.310000000000000053, -1.557531245985787072 ) ) ;
#9414 = CARTESIAN_POINT ( 'NONE',  ( -0.7736117307536444221, 1.300000000000000044, -1.880168127418618162 ) ) ;
#9415 = CARTESIAN_POINT ( 'NONE',  ( -0.2617908964455761822, 1.300000000000000044, -1.353530742803988662 ) ) ;
#9416 = CARTESIAN_POINT ( 'NONE',  ( 0.3811632525793582915, 1.310000000000000053, -1.374778009425431158 ) ) ;
#9417 =( GEOMETRIC_REPRESENTATION_CONTEXT ( 3 ) GLOBAL_UNCERTAINTY_ASSIGNED_CONTEXT ( ( #8008 ) ) GLOBAL_UNIT_ASSIGNED_CONTEXT ( ( #11075, #1875, #9226 ) ) REPRESENTATION_CONTEXT ( 'NONE', 'WORKASPACE' ) );
#9418 = CARTESIAN_POINT ( 'NONE',  ( 0.9046105641992142621, 1.300000000000000044, -1.781100334026238574 ) ) ;
#9419 = SURFACE_SIDE_STYLE ('',( #3971 ) ) ;
#9420 = ORIENTED_EDGE ( 'NONE', *, *, #6067, .F. ) ;
#9421 = LINE ( 'NONE', #11366, #2793 ) ;
#9422 = CARTESIAN_POINT ( 'NONE',  ( -0.1847968227420257459, 1.300000000000000044, -1.752277903711821239 ) ) ;
#9423 = SURFACE_SIDE_STYLE ('',( #4592 ) ) ;
#9424 = ORIENTED_EDGE ( 'NONE', *, *, #10706, .F. ) ;
#9425 = DIRECTION ( 'NONE',  ( -0.0000000000000000000, -1.000000000000000000, -0.0000000000000000000 ) ) ;
#9426 = EDGE_CURVE ( 'NONE', #11882, #2561, #6759, .T. ) ;
#9427 = SURFACE_STYLE_FILL_AREA ( #10408 ) ;
#9428 = ORIENTED_EDGE ( 'NONE', *, *, #8522, .T. ) ;
#9429 = CARTESIAN_POINT ( 'NONE',  ( -0.7304617772257490094, 1.300000000000000044, -1.380148545461863607 ) ) ;
#9430 = FILL_AREA_STYLE_COLOUR ( '', #6403 ) ;
#9431 = VECTOR ( 'NONE', #5398, 1000.000000000000000 ) ;
#9432 = ORIENTED_EDGE ( 'NONE', *, *, #2490, .T. ) ;
#9433 = UNCERTAINTY_MEASURE_WITH_UNIT (LENGTH_MEASURE( 1.000000000000000082E-05 ), #11482, 'distance_accuracy_value', 'NONE');
#9434 = SURFACE_STYLE_FILL_AREA ( #9604 ) ;
#9435 = CARTESIAN_POINT ( 'NONE',  ( -0.3081121116173938246, 1.300000000000000044, -1.743128034048955888 ) ) ;
#9436 = LINE ( 'NONE', #4860, #1344 ) ;
#9437 = EDGE_CURVE ( 'NONE', #5343, #3642, #2252, .T. ) ;
#9438 = CARTESIAN_POINT ( 'NONE',  ( -0.3827667300091260327, 1.310000000000000053, -1.762779458667128596 ) ) ;
#9439 = VECTOR ( 'NONE', #5968, 1000.000000000000000 ) ;
#9440 = VECTOR ( 'NONE', #3847, 1000.000000000000000 ) ;
#9441 = SURFACE_STYLE_USAGE ( .BOTH. , #10422 ) ;
#9442 = DIRECTION ( 'NONE',  ( 1.000000000000000000, -0.0000000000000000000, -8.944201385487092635E-15 ) ) ;
#9443 = ORIENTED_EDGE ( 'NONE', *, *, #90, .F. ) ;
#9444 = CARTESIAN_POINT ( 'NONE',  ( -0.5199627870660615825, 1.310000000000000053, -1.377549150671262490 ) ) ;
#9445 =( GEOMETRIC_REPRESENTATION_CONTEXT ( 3 ) GLOBAL_UNCERTAINTY_ASSIGNED_CONTEXT ( ( #10860 ) ) GLOBAL_UNIT_ASSIGNED_CONTEXT ( ( #9318, #6755, #114 ) ) REPRESENTATION_CONTEXT ( 'NONE', 'WORKASPACE' ) );
#9446 = FILL_AREA_STYLE ('',( #7652 ) ) ;
#9447 = CARTESIAN_POINT ( 'NONE',  ( -0.7304617772257490094, 1.300000000000000044, -1.380148545461863385 ) ) ;
#9448 = VECTOR ( 'NONE', #4375, 1000.000000000000000 ) ;
#9449 = ORIENTED_EDGE ( 'NONE', *, *, #7149, .F. ) ;
#9450 = ORIENTED_EDGE ( 'NONE', *, *, #4755, .T. ) ;
#9451 = CARTESIAN_POINT ( 'NONE',  ( 0.7701337959481215911, 1.310000000000000053, -1.889549482140071346 ) ) ;
#9452 = CARTESIAN_POINT ( 'NONE',  ( -0.4430207012596534266, 1.310000000000000053, -1.919990855613927572 ) ) ;
#9453 = EDGE_CURVE ( 'NONE', #11779, #8183, #1393, .T. ) ;
#9454 = UNCERTAINTY_MEASURE_WITH_UNIT (LENGTH_MEASURE( 1.000000000000000082E-05 ), #4459, 'distance_accuracy_value', 'NONE');
#9455 = PRESENTATION_LAYER_ASSIGNMENT (  '', '', ( #6941 ) ) ;
#9456 = FACE_BOUND ( 'NONE', #10522, .T. ) ;
#9457 = MECHANICAL_DESIGN_GEOMETRIC_PRESENTATION_REPRESENTATION (  '', ( #1118 ), #3142 ) ;
#9458 = DIRECTION ( 'NONE',  ( 5.962800923714329101E-15, -0.0000000000000000000, 1.000000000000000000 ) ) ;
#9459 =( NAMED_UNIT ( * ) SI_UNIT ( $, .STERADIAN. ) SOLID_ANGLE_UNIT ( ) );
#9460 = VECTOR ( 'NONE', #1650, 1000.000000000000000 ) ;
#9461 = VECTOR ( 'NONE', #5227, 1000.000000000000000 ) ;
#9462 =( GEOMETRIC_REPRESENTATION_CONTEXT ( 3 ) GLOBAL_UNCERTAINTY_ASSIGNED_CONTEXT ( ( #2035 ) ) GLOBAL_UNIT_ASSIGNED_CONTEXT ( ( #7744, #6881, #5915 ) ) REPRESENTATION_CONTEXT ( 'NONE', 'WORKASPACE' ) );
#9463 = SURFACE_STYLE_USAGE ( .BOTH. , #5718 ) ;
#9464 = STYLED_ITEM ( 'NONE', ( #7152 ), #5242 ) ;
#9465 = ORIENTED_EDGE ( 'NONE', *, *, #6111, .T. ) ;
#9466 = VECTOR ( 'NONE', #11684, 1000.000000000000000 ) ;
#9467 = VERTEX_POINT ( 'NONE', #7006 ) ;
#9468 = ORIENTED_EDGE ( 'NONE', *, *, #10062, .F. ) ;
#9469 = DIRECTION ( 'NONE',  ( -0.0000000000000000000, -1.000000000000000000, -0.0000000000000000000 ) ) ;
#9470 = VECTOR ( 'NONE', #8867, 1000.000000000000114 ) ;
#9471 = ORIENTED_EDGE ( 'NONE', *, *, #1064, .T. ) ;
#9472 =( LENGTH_UNIT ( ) NAMED_UNIT ( * ) SI_UNIT ( .MILLI., .METRE. ) );
#9473 = EDGE_CURVE ( 'NONE', #5540, #7743, #4800, .T. ) ;
#9474 = LINE ( 'NONE', #5601, #2486 ) ;
#9475 = PRESENTATION_STYLE_ASSIGNMENT (( #8404 ) ) ;
#9476 = CARTESIAN_POINT ( 'NONE',  ( -0.3483507429787453535, 1.300000000000000044, -1.731586721177126087 ) ) ;
#9477 = SURFACE_STYLE_USAGE ( .BOTH. , #2244 ) ;
#9478 = VECTOR ( 'NONE', #8187, 1000.000000000000000 ) ;
#9479 = CARTESIAN_POINT ( 'NONE',  ( -0.2457266366380703171, 1.300000000000000044, -1.350723396430359768 ) ) ;
#9480 = ADVANCED_FACE ( 'NONE', ( #7690 ), #3088, .F. ) ;
#9481 = STYLED_ITEM ( 'NONE', ( #2710 ), #2175 ) ;
#9482 = B_SPLINE_SURFACE_WITH_KNOTS ( 'NONE', 3, 1, ( 
 ( #1787, #874 ),
 ( #7583, #6467 ),
 ( #9262, #9331 ),
 ( #5566, #10233 ) ),
 .UNSPECIFIED., .F., .F., .F.,
 ( 4, 4 ),
 ( 2, 2 ),
 ( 2.000000000000000000, 3.000000000000000000 ),
 ( 0.0000000000000000000, 1.000000000000000000 ),
 .UNSPECIFIED. ) ;
#9483 =( NAMED_UNIT ( * ) PLANE_ANGLE_UNIT ( ) SI_UNIT ( $, .RADIAN. ) );
#9484 = COLOUR_RGB ( '',0.2509803921568627416, 0.2509803921568627416, 0.2509803921568627416 ) ;
#9485 =( NAMED_UNIT ( * ) PLANE_ANGLE_UNIT ( ) SI_UNIT ( $, .RADIAN. ) );
#9486 =( NAMED_UNIT ( * ) SI_UNIT ( $, .STERADIAN. ) SOLID_ANGLE_UNIT ( ) );
#9487 = EDGE_LOOP ( 'NONE', ( #1847, #1278, #3398, #8567 ) ) ;
#9488 = LINE ( 'NONE', #1168, #3807 ) ;
#9489 = STYLED_ITEM ( 'NONE', ( #11284 ), #9967 ) ;
#9490 = PRESENTATION_LAYER_ASSIGNMENT (  '', '', ( #1143 ) ) ;
#9491 = STYLED_ITEM ( 'NONE', ( #12015 ), #10963 ) ;
#9492 = ORIENTED_EDGE ( 'NONE', *, *, #1272, .T. ) ;
#9493 = LINE ( 'NONE', #7630, #11766 ) ;
#9494 = CARTESIAN_POINT ( 'NONE',  ( -0.8832542030290820856, 1.310000000000000053, -1.775880408413037737 ) ) ;
#9495 = CARTESIAN_POINT ( 'NONE',  ( -0.5199627870660614715, 1.310000000000000053, -1.377549150671262490 ) ) ;
#9496 = PRESENTATION_LAYER_ASSIGNMENT (  '', '', ( #1943 ) ) ;
#9497 = ORIENTED_EDGE ( 'NONE', *, *, #4944, .F. ) ;
#9498 = CARTESIAN_POINT ( 'NONE',  ( -0.5199627870660615825, 1.310000000000000053, -1.377549150671262490 ) ) ;
#9499 = DIRECTION ( 'NONE',  ( -0.0000000000000000000, -1.000000000000000000, -0.0000000000000000000 ) ) ;
#9500 = ORIENTED_EDGE ( 'NONE', *, *, #3930, .T. ) ;
#9501 = DIRECTION ( 'NONE',  ( -1.000000000000000000, 0.0000000000000000000, 7.343273320721139662E-15 ) ) ;
#9502 = VERTEX_POINT ( 'NONE', #7915 ) ;
#9503 =( LENGTH_UNIT ( ) NAMED_UNIT ( * ) SI_UNIT ( .MILLI., .METRE. ) );
#9504 = DIRECTION ( 'NONE',  ( 0.9903286039881262770, -0.0000000000000000000, -0.1387416884823346186 ) ) ;
#9505 = CARTESIAN_POINT ( 'NONE',  ( -0.6285655014263662466, 1.300000000000000044, -1.423090547406723472 ) ) ;
#9506 = PRESENTATION_LAYER_ASSIGNMENT (  '', '', ( #3894 ) ) ;
#9507 = STYLED_ITEM ( 'NONE', ( #3960 ), #1667 ) ;
#9508 = FILL_AREA_STYLE ('',( #5760 ) ) ;
#9509 = LINE ( 'NONE', #3881, #4628 ) ;
#9510 = ORIENTED_EDGE ( 'NONE', *, *, #7998, .T. ) ;
#9511 = CARTESIAN_POINT ( 'NONE',  ( -0.6285655014263662466, 1.310000000000000053, -1.423090547406723472 ) ) ;
#9512 = ADVANCED_FACE ( 'NONE', ( #3977 ), #10528, .F. ) ;
#9513 = FACE_OUTER_BOUND ( 'NONE', #7519, .T. ) ;
#9514 = MECHANICAL_DESIGN_GEOMETRIC_PRESENTATION_REPRESENTATION (  '', ( #787 ), #4698 ) ;
#9515 = FILL_AREA_STYLE ('',( #5837 ) ) ;
#9516 = VERTEX_POINT ( 'NONE', #3469 ) ;
#9517 =( LENGTH_UNIT ( ) NAMED_UNIT ( * ) SI_UNIT ( .MILLI., .METRE. ) );
#9518 = CARTESIAN_POINT ( 'NONE',  ( 0.8265272900843716464, 1.310000000000000053, -1.801344231639347093 ) ) ;
#9519 =( LENGTH_UNIT ( ) NAMED_UNIT ( * ) SI_UNIT ( .MILLI., .METRE. ) );
#9520 = CARTESIAN_POINT ( 'NONE',  ( -0.1403991597152866311, 1.300000000000000044, -1.841281181348327634 ) ) ;
#9521 = ADVANCED_FACE ( 'NONE', ( #2673 ), #10889, .F. ) ;
#9522 = CARTESIAN_POINT ( 'NONE',  ( 0.6862664959268371945, 1.300000000000000044, -1.704462997438308980 ) ) ;
#9523 = EDGE_CURVE ( 'NONE', #7895, #9502, #10998, .T. ) ;
#9524 = LINE ( 'NONE', #4936, #5432 ) ;
#9525 = EDGE_CURVE ( 'NONE', #10382, #5504, #3017, .T. ) ;
#9526 = EDGE_LOOP ( 'NONE', ( #7198, #2953, #9267, #7667 ) ) ;
#9527 = FILL_AREA_STYLE ('',( #4764 ) ) ;
#9528 = ORIENTED_EDGE ( 'NONE', *, *, #11972, .T. ) ;
#9529 = EDGE_LOOP ( 'NONE', ( #3613, #1408, #3830, #5590 ) ) ;
#9530 = EDGE_CURVE ( 'NONE', #7810, #599, #9826, .T. ) ;
#9531 = CARTESIAN_POINT ( 'NONE',  ( 0.4303267832829452133, 1.300000000000000044, -1.880873470861115004 ) ) ;
#9532 = LINE ( 'NONE', #2240, #10836 ) ;
#9533 = DIRECTION ( 'NONE',  ( 5.120907607230319081E-15, -0.0000000000000000000, 1.000000000000000000 ) ) ;
#9534 = CARTESIAN_POINT ( 'NONE',  ( 0.3030799233044778607, 1.300000000000000044, -1.489010997278496173 ) ) ;
#9535 = ADVANCED_FACE ( 'NONE', ( #1449 ), #4330, .F. ) ;
#9536 = FILL_AREA_STYLE_COLOUR ( '', #6384 ) ;
#9537 = VERTEX_POINT ( 'NONE', #9411 ) ;
#9538 = FILL_AREA_STYLE ('',( #2933 ) ) ;
#9539 = FACE_OUTER_BOUND ( 'NONE', #11795, .T. ) ;
#9540 = SURFACE_STYLE_FILL_AREA ( #6696 ) ;
#9541 = SURFACE_STYLE_FILL_AREA ( #3922 ) ;
#9542 = EDGE_CURVE ( 'NONE', #8324, #1674, #5364, .T. ) ;
#9543 = ORIENTED_EDGE ( 'NONE', *, *, #8749, .T. ) ;
#9544 = CARTESIAN_POINT ( 'NONE',  ( -0.8525813444966405807, 1.300000000000000044, -1.703721209019702254 ) ) ;
#9545 = CARTESIAN_POINT ( 'NONE',  ( 0.3739333167267185898, 1.310000000000000053, -1.567094298974051503 ) ) ;
#9546 = FILL_AREA_STYLE ('',( #5867 ) ) ;
#9547 = FACE_OUTER_BOUND ( 'NONE', #7871, .T. ) ;
#9548 = VERTEX_POINT ( 'NONE', #11241 ) ;
#9549 = SURFACE_SIDE_STYLE ('',( #4846 ) ) ;
#9550 = CARTESIAN_POINT ( 'NONE',  ( -0.7734557670649858663, 1.310000000000000053, -1.856981525884830120 ) ) ;
#9551 = ORIENTED_EDGE ( 'NONE', *, *, #9982, .T. ) ;
#9552 = UNCERTAINTY_MEASURE_WITH_UNIT (LENGTH_MEASURE( 1.000000000000000082E-05 ), #2484, 'distance_accuracy_value', 'NONE');
#9553 = ORIENTED_EDGE ( 'NONE', *, *, #9140, .T. ) ;
#9554 = DIRECTION ( 'NONE',  ( -0.0000000000000000000, -0.0000000000000000000, 1.000000000000000000 ) ) ;
#9555 = MECHANICAL_DESIGN_GEOMETRIC_PRESENTATION_REPRESENTATION (  '', ( #1211 ), #10571 ) ;
#9556 = DIRECTION ( 'NONE',  ( 0.0000000000000000000, -0.0000000000000000000, 1.000000000000000000 ) ) ;
#9557 = B_SPLINE_CURVE_WITH_KNOTS ( 'NONE', 3,
 ( #11966, #3689, #7394, #998 ),
 .UNSPECIFIED., .F., .F.,
 ( 4, 4 ),
 ( 10.00000000000000000, 11.00000000000000000 ),
 .UNSPECIFIED. ) ;
#9558 = CARTESIAN_POINT ( 'NONE',  ( 1.021735571901198902, 1.310000000000000053, -1.808574112331950756 ) ) ;
#9559 = FACE_OUTER_BOUND ( 'NONE', #1172, .T. ) ;
#9560 = ORIENTED_EDGE ( 'NONE', *, *, #4488, .F. ) ;
#9561 = CARTESIAN_POINT ( 'NONE',  ( -0.3180417997179912359, 1.300000000000000044, -1.771825352538485943 ) ) ;
#9562 = DIRECTION ( 'NONE',  ( -9.351971403879836576E-15, 0.0000000000000000000, -1.000000000000000000 ) ) ;
#9563 = B_SPLINE_CURVE_WITH_KNOTS ( 'NONE', 3,
 ( #137, #25, #8385, #3618 ),
 .UNSPECIFIED., .F., .F.,
 ( 4, 4 ),
 ( 12.00000000000000000, 13.00000000000000000 ),
 .UNSPECIFIED. ) ;
#9564 = ORIENTED_EDGE ( 'NONE', *, *, #4821, .F. ) ;
#9565 = CARTESIAN_POINT ( 'NONE',  ( 2.299999999999999822, 2.816687638038912056E-16, 2.250000000000000000 ) ) ;
#9566 =( NAMED_UNIT ( * ) SI_UNIT ( $, .STERADIAN. ) SOLID_ANGLE_UNIT ( ) );
#9567 = B_SPLINE_SURFACE_WITH_KNOTS ( 'NONE', 3, 1, ( 
 ( #6252, #9877 ),
 ( #1562, #639 ),
 ( #1618, #700 ),
 ( #3447, #7163 ) ),
 .UNSPECIFIED., .F., .F., .F.,
 ( 4, 4 ),
 ( 2, 2 ),
 ( 17.00000000000000000, 18.00000000000000000 ),
 ( 0.0000000000000000000, 1.000000000000000000 ),
 .UNSPECIFIED. ) ;
#9568 = CARTESIAN_POINT ( 'NONE',  ( -0.6688561206834823247, 1.310000000000000053, -1.765274877666221265 ) ) ;
#9569 = UNCERTAINTY_MEASURE_WITH_UNIT (LENGTH_MEASURE( 1.000000000000000082E-05 ), #7301, 'distance_accuracy_value', 'NONE');
#9570 = FILL_AREA_STYLE ('',( #277 ) ) ;
#9571 = CARTESIAN_POINT ( 'NONE',  ( -0.2316379168720965054, 1.310000000000000053, -1.821213853564091378 ) ) ;
#9572 =( GEOMETRIC_REPRESENTATION_CONTEXT ( 3 ) GLOBAL_UNCERTAINTY_ASSIGNED_CONTEXT ( ( #9980 ) ) GLOBAL_UNIT_ASSIGNED_CONTEXT ( ( #3926, #7633, #4035 ) ) REPRESENTATION_CONTEXT ( 'NONE', 'WORKASPACE' ) );
#9573 = CARTESIAN_POINT ( 'NONE',  ( -0.5774613998394053649, 1.310000000000000053, -1.363096515634291350 ) ) ;
#9574 = ORIENTED_EDGE ( 'NONE', *, *, #2624, .F. ) ;
#9575 = SURFACE_STYLE_USAGE ( .BOTH. , #7607 ) ;
#9576 = ORIENTED_EDGE ( 'NONE', *, *, #8383, .T. ) ;
#9577 = ORIENTED_EDGE ( 'NONE', *, *, #2950, .T. ) ;
#9578 = CARTESIAN_POINT ( 'NONE',  ( 0.8004995320456282926, 1.300000000000000044, -1.889549482140071346 ) ) ;
#9579 = SURFACE_SIDE_STYLE ('',( #9635 ) ) ;
#9580 = EDGE_CURVE ( 'NONE', #1674, #2034, #2922, .T. ) ;
#9581 =( LENGTH_UNIT ( ) NAMED_UNIT ( * ) SI_UNIT ( .MILLI., .METRE. ) );
#9582 = SURFACE_STYLE_FILL_AREA ( #10620 ) ;
#9583 =( NAMED_UNIT ( * ) SI_UNIT ( $, .STERADIAN. ) SOLID_ANGLE_UNIT ( ) );
#9584 = SURFACE_SIDE_STYLE ('',( #4025 ) ) ;
#9585 = CARTESIAN_POINT ( 'NONE',  ( 0.2500000000000000000, -0.2000000000000000111, -7.249999999999999112 ) ) ;
#9586 = STYLED_ITEM ( 'NONE', ( #2905 ), #4682 ) ;
#9587 = PLANE ( 'NONE',  #1109 ) ;
#9588 = ORIENTED_EDGE ( 'NONE', *, *, #5479, .F. ) ;
#9589 =( NAMED_UNIT ( * ) PLANE_ANGLE_UNIT ( ) SI_UNIT ( $, .RADIAN. ) );
#9590 =( LENGTH_UNIT ( ) NAMED_UNIT ( * ) SI_UNIT ( .MILLI., .METRE. ) );
#9591 = CARTESIAN_POINT ( 'NONE',  ( -0.4226934339952500563, 1.310000000000000053, -1.926749282070603364 ) ) ;
#9592 = DIRECTION ( 'NONE',  ( -0.0000000000000000000, -1.000000000000000000, -0.0000000000000000000 ) ) ;
#9593 = ORIENTED_EDGE ( 'NONE', *, *, #4946, .T. ) ;
#9594 = FILL_AREA_STYLE ('',( #7859 ) ) ;
#9595 = EDGE_CURVE ( 'NONE', #8701, #1879, #9121, .T. ) ;
#9596 = LINE ( 'NONE', #4108, #6339 ) ;
#9597 =( NAMED_UNIT ( * ) PLANE_ANGLE_UNIT ( ) SI_UNIT ( $, .RADIAN. ) );
#9598 = DIRECTION ( 'NONE',  ( -0.0000000000000000000, -1.000000000000000000, -0.0000000000000000000 ) ) ;
#9599 = ORIENTED_EDGE ( 'NONE', *, *, #7028, .F. ) ;
#9600 = CARTESIAN_POINT ( 'NONE',  ( -0.5199627870660615825, 1.300000000000000044, -1.377549150671262490 ) ) ;
#9601 = EDGE_CURVE ( 'NONE', #10868, #6014, #8402, .T. ) ;
#9602 =( NAMED_UNIT ( * ) SI_UNIT ( $, .STERADIAN. ) SOLID_ANGLE_UNIT ( ) );
#9603 = ORIENTED_EDGE ( 'NONE', *, *, #3734, .T. ) ;
#9604 = FILL_AREA_STYLE ('',( #8423 ) ) ;
#9605 = PLANE ( 'NONE',  #11464 ) ;
#9606 = LINE ( 'NONE', #11507, #2870 ) ;
#9607 = SURFACE_STYLE_USAGE ( .BOTH. , #8888 ) ;
#9608 = EDGE_CURVE ( 'NONE', #4155, #1085, #6554, .T. ) ;
#9609 = ADVANCED_FACE ( 'NONE', ( #6503 ), #3782, .F. ) ;
#9610 = SURFACE_STYLE_USAGE ( .BOTH. , #11510 ) ;
#9611 = EDGE_LOOP ( 'NONE', ( #285, #3552, #1956, #2023 ) ) ;
#9612 = CARTESIAN_POINT ( 'NONE',  ( -0.2990142298495890305, 1.310000000000000053, -1.797091469905306216 ) ) ;
#9613 = EDGE_CURVE ( 'NONE', #11417, #4277, #850, .T. ) ;
#9614 = MECHANICAL_DESIGN_GEOMETRIC_PRESENTATION_REPRESENTATION (  '', ( #5569 ), #6725 ) ;
#9615 = LINE ( 'NONE', #6845, #3796 ) ;
#9616 = LINE ( 'NONE', #4174, #3058 ) ;
#9617 = CARTESIAN_POINT ( 'NONE',  ( -0.2457266366380703171, 1.310000000000000053, -1.350723396430359768 ) ) ;
#9618 = ORIENTED_EDGE ( 'NONE', *, *, #5753, .T. ) ;
#9619 = EDGE_LOOP ( 'NONE', ( #10501, #5681, #4930, #3708 ) ) ;
#9620 = SURFACE_SIDE_STYLE ('',( #10549 ) ) ;
#9621 = COLOUR_RGB ( '',0.2509803921568627416, 0.2509803921568627416, 0.2509803921568627416 ) ;
#9622 = CARTESIAN_POINT ( 'NONE',  ( 0.0000000000000000000, 0.0000000000000000000, 2.250000000000000000 ) ) ;
#9623 = DIRECTION ( 'NONE',  ( -0.9369753459544820640, 0.0000000000000000000, 0.3493954794691522814 ) ) ;
#9624 = CARTESIAN_POINT ( 'NONE',  ( 0.7513359461826958352, 1.300000000000000044, -1.355980173450014092 ) ) ;
#9625 = PLANE ( 'NONE',  #8696 ) ;
#9626 = CARTESIAN_POINT ( 'NONE',  ( 0.6602387378880940627, 1.300000000000000044, -1.734828733536504686 ) ) ;
#9627 = DIRECTION ( 'NONE',  ( -8.210589067460483331E-15, 0.0000000000000000000, -1.000000000000000000 ) ) ;
#9628 = MECHANICAL_DESIGN_GEOMETRIC_PRESENTATION_REPRESENTATION (  '', ( #1480 ), #4233 ) ;
#9629 = CARTESIAN_POINT ( 'NONE',  ( -0.1930628981770302621, 1.310000000000000053, -1.862700194424997457 ) ) ;
#9630 = SURFACE_STYLE_USAGE ( .BOTH. , #6803 ) ;
#9631 = PLANE ( 'NONE',  #7019 ) ;
#9632 = ORIENTED_EDGE ( 'NONE', *, *, #2624, .T. ) ;
#9633 = VERTEX_POINT ( 'NONE', #11181 ) ;
#9634 = LINE ( 'NONE', #6808, #10271 ) ;
#9635 = SURFACE_STYLE_FILL_AREA ( #4636 ) ;
#9636 = EDGE_CURVE ( 'NONE', #11661, #6141, #5659, .T. ) ;
#9637 = COLOUR_RGB ( '',1.000000000000000000, 1.000000000000000000, 1.000000000000000000 ) ;
#9638 = PRESENTATION_STYLE_ASSIGNMENT (( #469 ) ) ;
#9639 = VECTOR ( 'NONE', #1231, 1000.000000000000000 ) ;
#9640 = FILL_AREA_STYLE_COLOUR ( '', #9311 ) ;
#9641 = LINE ( 'NONE', #8762, #3635 ) ;
#9642 = AXIS2_PLACEMENT_3D ( 'NONE', #4769, #5599, #1880 ) ;
#9643 = MECHANICAL_DESIGN_GEOMETRIC_PRESENTATION_REPRESENTATION (  '', ( #9464 ), #331 ) ;
#9644 = FACE_OUTER_BOUND ( 'NONE', #3468, .T. ) ;
#9645 = STYLED_ITEM ( 'NONE', ( #9869 ), #11408 ) ;
#9646 = FILL_AREA_STYLE_COLOUR ( '', #3048 ) ;
#9647 = VECTOR ( 'NONE', #9504, 999.9999999999998863 ) ;
#9648 = ORIENTED_EDGE ( 'NONE', *, *, #8791, .T. ) ;
#9649 = CARTESIAN_POINT ( 'NONE',  ( -0.5786571214431913690, 1.310000000000000053, -1.396680696331872085 ) ) ;
#9650 = CARTESIAN_POINT ( 'NONE',  ( -0.7746514886687700940, 1.310000000000000053, -1.700186032104093803 ) ) ;
#9651 = CARTESIAN_POINT ( 'NONE',  ( -0.2599193321962646741, 1.310000000000000053, -1.378380957004756269 ) ) ;
#9652 = VECTOR ( 'NONE', #4019, 1000.000000000000000 ) ;
#9653 = SURFACE_STYLE_FILL_AREA ( #8869 ) ;
#9654 = AXIS2_PLACEMENT_3D ( 'NONE', #11991, #2733, #6431 ) ;
#9655 = ORIENTED_EDGE ( 'NONE', *, *, #3699, .T. ) ;
#9656 = VECTOR ( 'NONE', #8482, 1000.000000000000000 ) ;
#9657 = EDGE_CURVE ( 'NONE', #587, #7222, #1031, .T. ) ;
#9658 = CARTESIAN_POINT ( 'NONE',  ( -0.2571119858219448884, 1.310000000000000053, -1.880168127418621715 ) ) ;
#9659 = SURFACE_STYLE_USAGE ( .BOTH. , #7010 ) ;
#9660 =( GEOMETRIC_REPRESENTATION_CONTEXT ( 3 ) GLOBAL_UNCERTAINTY_ASSIGNED_CONTEXT ( ( #11382 ) ) GLOBAL_UNIT_ASSIGNED_CONTEXT ( ( #10577, #6823, #11367 ) ) REPRESENTATION_CONTEXT ( 'NONE', 'WORKASPACE' ) );
#9661 =( LENGTH_UNIT ( ) NAMED_UNIT ( * ) SI_UNIT ( .MILLI., .METRE. ) );
#9662 = CARTESIAN_POINT ( 'NONE',  ( -0.2941793555386828518, 1.310000000000000053, -1.790748946616070869 ) ) ;
#9663 = ORIENTED_EDGE ( 'NONE', *, *, #160, .T. ) ;
#9664 =( GEOMETRIC_REPRESENTATION_CONTEXT ( 3 ) GLOBAL_UNCERTAINTY_ASSIGNED_CONTEXT ( ( #6275 ) ) GLOBAL_UNIT_ASSIGNED_CONTEXT ( ( #4917, #382, #9602 ) ) REPRESENTATION_CONTEXT ( 'NONE', 'WORKASPACE' ) );
#9665 =( LENGTH_UNIT ( ) NAMED_UNIT ( * ) SI_UNIT ( .MILLI., .METRE. ) );
#9666 = MECHANICAL_DESIGN_GEOMETRIC_PRESENTATION_REPRESENTATION (  '', ( #2112 ), #4067 ) ;
#9667 = CARTESIAN_POINT ( 'NONE',  ( 0.9103945211556115913, 1.310000000000000053, -1.416711638750715485 ) ) ;
#9668 = ORIENTED_EDGE ( 'NONE', *, *, #11520, .T. ) ;
#9669 = B_SPLINE_SURFACE_WITH_KNOTS ( 'NONE', 3, 1, ( 
 ( #3222, #295 ),
 ( #6932, #365 ),
 ( #5862, #2076 ),
 ( #1214, #10397 ) ),
 .UNSPECIFIED., .F., .F., .F.,
 ( 4, 4 ),
 ( 2, 2 ),
 ( 2.000000000000000000, 3.000000000000000000 ),
 ( 0.0000000000000000000, 1.000000000000000000 ),
 .UNSPECIFIED. ) ;
#9670 = SURFACE_STYLE_FILL_AREA ( #491 ) ;
#9671 = LINE ( 'NONE', #2213, #11974 ) ;
#9672 = DIRECTION ( 'NONE',  ( -0.0000000000000000000, -1.000000000000000000, -0.0000000000000000000 ) ) ;
#9673 = MECHANICAL_DESIGN_GEOMETRIC_PRESENTATION_REPRESENTATION (  '', ( #1330 ), #5417 ) ;
#9674 = STYLED_ITEM ( 'NONE', ( #816 ), #4247 ) ;
#9675 =( GEOMETRIC_REPRESENTATION_CONTEXT ( 3 ) GLOBAL_UNCERTAINTY_ASSIGNED_CONTEXT ( ( #10899 ) ) GLOBAL_UNIT_ASSIGNED_CONTEXT ( ( #11767, #2550, #5604 ) ) REPRESENTATION_CONTEXT ( 'NONE', 'WORKASPACE' ) );
#9676 = PLANE ( 'NONE',  #8904 ) ;
#9677 = CARTESIAN_POINT ( 'NONE',  ( -0.1775185173277805117, 1.300000000000000044, -1.816430967148946030 ) ) ;
#9678 = ORIENTED_EDGE ( 'NONE', *, *, #7103, .T. ) ;
#9679 = CARTESIAN_POINT ( 'NONE',  ( 0.6674687013214487541, 1.300000000000000044, -1.386345902652515116 ) ) ;
#9680 = VECTOR ( 'NONE', #811, 1000.000000000000000 ) ;
#9681 = MECHANICAL_DESIGN_GEOMETRIC_PRESENTATION_REPRESENTATION (  '', ( #1737 ), #7772 ) ;
#9682 = STYLED_ITEM ( 'NONE', ( #2656 ), #10506 ) ;
#9683 = UNCERTAINTY_MEASURE_WITH_UNIT (LENGTH_MEASURE( 1.000000000000000082E-05 ), #5350, 'distance_accuracy_value', 'NONE');
#9684 =( LENGTH_UNIT ( ) NAMED_UNIT ( * ) SI_UNIT ( .MILLI., .METRE. ) );
#9685 = DIRECTION ( 'NONE',  ( 6.338874234248783164E-15, -0.0000000000000000000, 1.000000000000000000 ) ) ;
#9686 = SURFACE_STYLE_USAGE ( .BOTH. , #2955 ) ;
#9687 = ORIENTED_EDGE ( 'NONE', *, *, #3590, .F. ) ;
#9688 = CARTESIAN_POINT ( 'NONE',  ( -0.7649817400469530737, 1.310000000000000053, -1.478925547511695138 ) ) ;
#9689 = CARTESIAN_POINT ( 'NONE',  ( 0.2481324218544830040, 1.300000000000000044, -1.853399692555409262 ) ) ;
#9690 = ADVANCED_FACE ( 'NONE', ( #11934 ), #3837, .F. ) ;
#9691 = COLOUR_RGB ( '',1.000000000000000000, 1.000000000000000000, 1.000000000000000000 ) ;
#9692 = CARTESIAN_POINT ( 'NONE',  ( 0.7686878032611732525, 1.310000000000000053, -1.976308602054442698 ) ) ;
#9693 = SURFACE_STYLE_USAGE ( .BOTH. , #2290 ) ;
#9694 = VECTOR ( 'NONE', #9079, 1000.000000000000000 ) ;
#9695 = DIRECTION ( 'NONE',  ( -0.0000000000000000000, -1.000000000000000000, -0.0000000000000000000 ) ) ;
#9696 = CARTESIAN_POINT ( 'NONE',  ( -0.4747853056036676067, 1.310000000000000053, -1.849391293096057653 ) ) ;
#9697 =( GEOMETRIC_REPRESENTATION_CONTEXT ( 3 ) GLOBAL_UNCERTAINTY_ASSIGNED_CONTEXT ( ( #5713 ) ) GLOBAL_UNIT_ASSIGNED_CONTEXT ( ( #7734, #9485, #6637 ) ) REPRESENTATION_CONTEXT ( 'NONE', 'WORKASPACE' ) );
#9698 =( NAMED_UNIT ( * ) PLANE_ANGLE_UNIT ( ) SI_UNIT ( $, .RADIAN. ) );
#9699 = VERTEX_POINT ( 'NONE', #6810 ) ;
#9700 = ORIENTED_EDGE ( 'NONE', *, *, #388, .F. ) ;
#9701 = CARTESIAN_POINT ( 'NONE',  ( 0.6240890862035282094, 1.300000000000000044, -1.817250013290828470 ) ) ;
#9702 =( NAMED_UNIT ( * ) SI_UNIT ( $, .STERADIAN. ) SOLID_ANGLE_UNIT ( ) );
#9703 = MECHANICAL_DESIGN_GEOMETRIC_PRESENTATION_REPRESENTATION (  '', ( #6421 ), #5458 ) ;
#9704 = CARTESIAN_POINT ( 'NONE',  ( -0.7310856319748282317, 1.310000000000000053, -1.380148545461863385 ) ) ;
#9705 = LINE ( 'NONE', #9756, #11859 ) ;
#9706 = CARTESIAN_POINT ( 'NONE',  ( -0.4487913576948705519, 1.310000000000000053, -1.906266051118935101 ) ) ;
#9707 = FILL_AREA_STYLE_COLOUR ( '', #8689 ) ;
#9708 = COLOUR_RGB ( '',1.000000000000000000, 1.000000000000000000, 1.000000000000000000 ) ;
#9709 = FACE_BOUND ( 'NONE', #1762, .T. ) ;
#9710 = EDGE_CURVE ( 'NONE', #7177, #6787, #9532, .T. ) ;
#9711 = LINE ( 'NONE', #476, #325 ) ;
#9712 = VERTEX_POINT ( 'NONE', #8758 ) ;
#9713 = FILL_AREA_STYLE ('',( #3224 ) ) ;
#9714 = ORIENTED_EDGE ( 'NONE', *, *, #11245, .F. ) ;
#9715 = LINE ( 'NONE', #5181, #9470 ) ;
#9716 = SURFACE_STYLE_USAGE ( .BOTH. , #371 ) ;
#9717 = B_SPLINE_CURVE_WITH_KNOTS ( 'NONE', 3,
 ( #324, #7654, #6846, #10546 ),
 .UNSPECIFIED., .F., .F.,
 ( 4, 4 ),
 ( 10.00000000000000000, 11.00000000000000000 ),
 .UNSPECIFIED. ) ;
#9718 = VERTEX_POINT ( 'NONE', #3215 ) ;
#9719 = SURFACE_STYLE_FILL_AREA ( #4107 ) ;
#9720 = CARTESIAN_POINT ( 'NONE',  ( -0.5160117069857841354, 1.310000000000000053, -1.734913946509704541 ) ) ;
#9721 = DIRECTION ( 'NONE',  ( -0.0000000000000000000, -1.000000000000000000, -0.0000000000000000000 ) ) ;
#9722 = CARTESIAN_POINT ( 'NONE',  ( -0.2990142298495890305, 1.310000000000000053, -1.797091469905306216 ) ) ;
#9723 = ORIENTED_EDGE ( 'NONE', *, *, #9525, .T. ) ;
#9724 = CARTESIAN_POINT ( 'NONE',  ( -0.3236045045701886891, 1.310000000000000053, -1.785342205450451525 ) ) ;
#9725 = LINE ( 'NONE', #9959, #8170 ) ;
#9726 = CARTESIAN_POINT ( 'NONE',  ( 0.8482170700629673155, 1.310000000000000053, -1.416711638750715041 ) ) ;
#9727 = VERTEX_POINT ( 'NONE', #6921 ) ;
#9728 = SURFACE_STYLE_FILL_AREA ( #439 ) ;
#9729 = CARTESIAN_POINT ( 'NONE',  ( 0.3623654303939469745, 1.310000000000000053, -1.567094298974051281 ) ) ;
#9730 = LINE ( 'NONE', #493, #8700 ) ;
#9731 = PLANE ( 'NONE',  #11443 ) ;
#9732 = ADVANCED_FACE ( 'NONE', ( #467 ), #4896, .F. ) ;
#9733 = ADVANCED_FACE ( 'NONE', ( #4190 ), #11355, .F. ) ;
#9734 = CARTESIAN_POINT ( 'NONE',  ( -0.1864604354083122251, 1.310000000000000053, -1.883599328542719498 ) ) ;
#9735 = SURFACE_STYLE_FILL_AREA ( #8000 ) ;
#9736 = ORIENTED_EDGE ( 'NONE', *, *, #3750, .T. ) ;
#9737 = CARTESIAN_POINT ( 'NONE',  ( 0.6602387378880939517, 1.310000000000000053, -1.734828733536504464 ) ) ;
#9738 = B_SPLINE_SURFACE_WITH_KNOTS ( 'NONE', 3, 1, ( 
 ( #2636, #6348 ),
 ( #1732, #5273 ),
 ( #4356, #2400 ),
 ( #9143, #4240 ) ),
 .UNSPECIFIED., .F., .F., .F.,
 ( 4, 4 ),
 ( 2, 2 ),
 ( 15.00000000000000000, 16.00000000000000000 ),
 ( 0.0000000000000000000, 1.000000000000000000 ),
 .UNSPECIFIED. ) ;
#9739 = CARTESIAN_POINT ( 'NONE',  ( 0.3536895294343773699, 1.310000000000000053, -1.792668275519047949 ) ) ;
#9740 = CARTESIAN_POINT ( 'NONE',  ( 0.3450135733147712824, 1.300000000000000044, -1.880873470861114116 ) ) ;
#9741 = EDGE_CURVE ( 'NONE', #1540, #11610, #4259, .T. ) ;
#9742 = CARTESIAN_POINT ( 'NONE',  ( -0.1729955703921096100, 1.310000000000000053, -1.820797950398037601 ) ) ;
#9743 = CARTESIAN_POINT ( 'NONE',  ( -0.03288819116795127506, 1.300000000000000044, -1.788565454991522641 ) ) ;
#9744 = FILL_AREA_STYLE_COLOUR ( '', #9833 ) ;
#9745 = LINE ( 'NONE', #10607, #6391 ) ;
#9746 = ADVANCED_FACE ( 'NONE', ( #1491 ), #589, .F. ) ;
#9747 = CARTESIAN_POINT ( 'NONE',  ( 0.7007263952121400852, 1.300000000000000044, -1.319830492461156579 ) ) ;
#9748 = CARTESIAN_POINT ( 'NONE',  ( -0.03288819116795127506, 1.310000000000000053, -1.788565454991522419 ) ) ;
#9749 = CARTESIAN_POINT ( 'NONE',  ( -0.2571119858219448884, 1.310000000000000053, -1.880168127418621715 ) ) ;
#9750 = EDGE_LOOP ( 'NONE', ( #11061, #5221, #9468, #11365 ) ) ;
#9751 = VERTEX_POINT ( 'NONE', #6306 ) ;
#9752 = FILL_AREA_STYLE_COLOUR ( '', #9484 ) ;
#9753 = EDGE_CURVE ( 'NONE', #3133, #5040, #11739, .T. ) ;
#9754 = EDGE_CURVE ( 'NONE', #3064, #4003, #11822, .T. ) ;
#9755 = CARTESIAN_POINT ( 'NONE',  ( 1.014505594678532185, 1.310000000000000053, -1.486119025696001517 ) ) ;
#9756 = CARTESIAN_POINT ( 'NONE',  ( -0.5792289882979033688, 1.310000000000000053, -1.513133582959742540 ) ) ;
#9757 =( LENGTH_UNIT ( ) NAMED_UNIT ( * ) SI_UNIT ( .MILLI., .METRE. ) );
#9758 = DIRECTION ( 'NONE',  ( 8.762561441094621694E-15, 0.0000000000000000000, 1.000000000000000000 ) ) ;
#9759 =( NAMED_UNIT ( * ) SI_UNIT ( $, .STERADIAN. ) SOLID_ANGLE_UNIT ( ) );
#9760 = B_SPLINE_SURFACE_WITH_KNOTS ( 'NONE', 3, 1, ( 
 ( #10459, #11307 ),
 ( #4099, #10338 ),
 ( #5063, #422 ),
 ( #11536, #2977 ) ),
 .UNSPECIFIED., .F., .F., .F.,
 ( 4, 4 ),
 ( 2, 2 ),
 ( 2.000000000000000000, 3.000000000000000000 ),
 ( 0.0000000000000000000, 1.000000000000000000 ),
 .UNSPECIFIED. ) ;
#9761 = DIRECTION ( 'NONE',  ( 0.0000000000000000000, 1.000000000000000000, 0.0000000000000000000 ) ) ;
#9762 = SURFACE_SIDE_STYLE ('',( #10803 ) ) ;
#9763 = ORIENTED_EDGE ( 'NONE', *, *, #1597, .F. ) ;
#9764 = LINE ( 'NONE', #3396, #6124 ) ;
#9765 = EDGE_LOOP ( 'NONE', ( #7769, #5286, #5769, #479 ) ) ;
#9766 = EDGE_LOOP ( 'NONE', ( #2945, #5008, #11161, #5365 ) ) ;
#9767 = MECHANICAL_DESIGN_GEOMETRIC_PRESENTATION_REPRESENTATION (  '', ( #4566 ), #852 ) ;
#9768 = FACE_OUTER_BOUND ( 'NONE', #5831, .T. ) ;
#9769 = FILL_AREA_STYLE_COLOUR ( '', #9818 ) ;
#9770 = VERTEX_POINT ( 'NONE', #8965 ) ;
#9771 = SURFACE_SIDE_STYLE ('',( #10751 ) ) ;
#9772 = FACE_OUTER_BOUND ( 'NONE', #7650, .T. ) ;
#9773 = SURFACE_STYLE_USAGE ( .BOTH. , #10892 ) ;
#9774 =( NAMED_UNIT ( * ) SI_UNIT ( $, .STERADIAN. ) SOLID_ANGLE_UNIT ( ) );
#9775 =( GEOMETRIC_REPRESENTATION_CONTEXT ( 3 ) GLOBAL_UNCERTAINTY_ASSIGNED_CONTEXT ( ( #1483 ) ) GLOBAL_UNIT_ASSIGNED_CONTEXT ( ( #5183, #3226, #6083 ) ) REPRESENTATION_CONTEXT ( 'NONE', 'WORKASPACE' ) );
#9776 = DIRECTION ( 'NONE',  ( -0.0000000000000000000, -1.000000000000000000, -0.0000000000000000000 ) ) ;
#9777 = ORIENTED_EDGE ( 'NONE', *, *, #11623, .F. ) ;
#9778 =( GEOMETRIC_REPRESENTATION_CONTEXT ( 3 ) GLOBAL_UNCERTAINTY_ASSIGNED_CONTEXT ( ( #6902 ) ) GLOBAL_UNIT_ASSIGNED_CONTEXT ( ( #10531, #10580, #7918 ) ) REPRESENTATION_CONTEXT ( 'NONE', 'WORKASPACE' ) );
#9779 = DIRECTION ( 'NONE',  ( 5.962800923658062808E-15, -0.0000000000000000000, 1.000000000000000000 ) ) ;
#9780 = ORIENTED_EDGE ( 'NONE', *, *, #9239, .T. ) ;
#9781 = STYLED_ITEM ( 'NONE', ( #4496 ), #546 ) ;
#9782 = COLOUR_RGB ( '',1.000000000000000000, 1.000000000000000000, 1.000000000000000000 ) ;
#9783 =( NAMED_UNIT ( * ) PLANE_ANGLE_UNIT ( ) SI_UNIT ( $, .RADIAN. ) );
#9784 = EDGE_CURVE ( 'NONE', #4290, #6664, #1433, .T. ) ;
#9785 = CARTESIAN_POINT ( 'NONE',  ( -0.1545918552727804651, 1.310000000000000053, -1.745103574089092779 ) ) ;
#9786 = FACE_OUTER_BOUND ( 'NONE', #11035, .T. ) ;
#9787 = ORIENTED_EDGE ( 'NONE', *, *, #11007, .T. ) ;
#9788 = LINE ( 'NONE', #1462, #8708 ) ;
#9789 = UNCERTAINTY_MEASURE_WITH_UNIT (LENGTH_MEASURE( 1.000000000000000082E-05 ), #9503, 'distance_accuracy_value', 'NONE');
#9790 = PRESENTATION_STYLE_ASSIGNMENT (( #8005 ) ) ;
#9791 = CARTESIAN_POINT ( 'NONE',  ( -0.3414363528354896204, 1.300000000000000044, -1.465928573558684667 ) ) ;
#9792 = UNCERTAINTY_MEASURE_WITH_UNIT (LENGTH_MEASURE( 1.000000000000000082E-05 ), #950, 'distance_accuracy_value', 'NONE');
#9793 =( NAMED_UNIT ( * ) SI_UNIT ( $, .STERADIAN. ) SOLID_ANGLE_UNIT ( ) );
#9794 = PLANE ( 'NONE',  #2314 ) ;
#9795 = CARTESIAN_POINT ( 'NONE',  ( -0.4246689740367723953, 1.300000000000000044, -1.948584198313327409 ) ) ;
#9796 = CARTESIAN_POINT ( 'NONE',  ( -0.1497569809625639847, 1.300000000000000044, -1.458130389185492204 ) ) ;
#9797 =( NAMED_UNIT ( * ) PLANE_ANGLE_UNIT ( ) SI_UNIT ( $, .RADIAN. ) );
#9798 = DIRECTION ( 'NONE',  ( -0.0000000000000000000, -1.000000000000000000, -0.0000000000000000000 ) ) ;
#9799 = ORIENTED_EDGE ( 'NONE', *, *, #5314, .T. ) ;
#9800 = FILL_AREA_STYLE_COLOUR ( '', #8126 ) ;
#9801 = MECHANICAL_DESIGN_GEOMETRIC_PRESENTATION_REPRESENTATION (  '', ( #2638 ), #4206 ) ;
#9802 = DIRECTION ( 'NONE',  ( -1.000000000000000000, 0.0000000000000000000, 0.0000000000000000000 ) ) ;
#9803 = EDGE_CURVE ( 'NONE', #5040, #2972, #8080, .T. ) ;
#9804 = ORIENTED_EDGE ( 'NONE', *, *, #781, .T. ) ;
#9805 = ORIENTED_EDGE ( 'NONE', *, *, #8595, .F. ) ;
#9806 = CARTESIAN_POINT ( 'NONE',  ( -0.5961250544382052929, 1.310000000000000053, -1.856981525884831452 ) ) ;
#9807 = FILL_AREA_STYLE ('',( #2533 ) ) ;
#9808 =( NAMED_UNIT ( * ) PLANE_ANGLE_UNIT ( ) SI_UNIT ( $, .RADIAN. ) );
#9809 = DIRECTION ( 'NONE',  ( -1.000000000000000000, 0.0000000000000000000, -0.0000000000000000000 ) ) ;
#9810 = FILL_AREA_STYLE_COLOUR ( '', #4163 ) ;
#9811 = SURFACE_SIDE_STYLE ('',( #4435 ) ) ;
#9812 = COLOUR_RGB ( '',0.2509803921568627416, 0.2509803921568627416, 0.2509803921568627416 ) ;
#9813 = PRESENTATION_LAYER_ASSIGNMENT (  '', '', ( #1671 ) ) ;
#9814 = LINE ( 'NONE', #360, #5630 ) ;
#9815 = B_SPLINE_CURVE_WITH_KNOTS ( 'NONE', 3,
 ( #1014, #5657, #7280, #7411 ),
 .UNSPECIFIED., .F., .F.,
 ( 4, 4 ),
 ( 18.00000000000000000, 19.00000000000000000 ),
 .UNSPECIFIED. ) ;
#9816 = SURFACE_SIDE_STYLE ('',( #4196 ) ) ;
#9817 = ORIENTED_EDGE ( 'NONE', *, *, #10656, .T. ) ;
#9818 = COLOUR_RGB ( '',1.000000000000000000, 1.000000000000000000, 1.000000000000000000 ) ;
#9819 = SURFACE_STYLE_USAGE ( .BOTH. , #11650 ) ;
#9820 = COLOUR_RGB ( '',1.000000000000000000, 1.000000000000000000, 1.000000000000000000 ) ;
#9821 = ORIENTED_EDGE ( 'NONE', *, *, #9140, .F. ) ;
#9822 = ORIENTED_EDGE ( 'NONE', *, *, #3995, .F. ) ;
#9823 = CARTESIAN_POINT ( 'NONE',  ( -0.2262831636029221938, 1.300000000000000044, -1.350723396430359990 ) ) ;
#9824 = VECTOR ( 'NONE', #4538, 1000.000000000000000 ) ;
#9825 = ORIENTED_EDGE ( 'NONE', *, *, #4125, .F. ) ;
#9826 = LINE ( 'NONE', #2606, #531 ) ;
#9827 = EDGE_CURVE ( 'NONE', #5420, #8201, #7165, .T. ) ;
#9828 = SURFACE_STYLE_FILL_AREA ( #1342 ) ;
#9829 =( GEOMETRIC_REPRESENTATION_CONTEXT ( 3 ) GLOBAL_UNCERTAINTY_ASSIGNED_CONTEXT ( ( #10156 ) ) GLOBAL_UNIT_ASSIGNED_CONTEXT ( ( #70, #10591, #443 ) ) REPRESENTATION_CONTEXT ( 'NONE', 'WORKASPACE' ) );
#9830 = CARTESIAN_POINT ( 'NONE',  ( 0.7759177391145102298, 1.310000000000000053, -1.373332023633489829 ) ) ;
#9831 =( NAMED_UNIT ( * ) PLANE_ANGLE_UNIT ( ) SI_UNIT ( $, .RADIAN. ) );
#9832 = AXIS2_PLACEMENT_3D ( 'NONE', #4798, #2217, #1235 ) ;
#9833 = COLOUR_RGB ( '',1.000000000000000000, 1.000000000000000000, 1.000000000000000000 ) ;
#9834 = FILL_AREA_STYLE ('',( #3232 ) ) ;
#9835 = B_SPLINE_SURFACE_WITH_KNOTS ( 'NONE', 3, 1, ( 
 ( #3703, #1800 ),
 ( #4549, #8320 ),
 ( #2644, #10060 ),
 ( #11982, #2774 ) ),
 .UNSPECIFIED., .F., .F., .F.,
 ( 4, 4 ),
 ( 2, 2 ),
 ( 6.000000000000000000, 7.000000000000000000 ),
 ( 0.0000000000000000000, 1.000000000000000000 ),
 .UNSPECIFIED. ) ;
#9836 = CARTESIAN_POINT ( 'NONE',  ( -0.2262831636029221938, 1.300000000000000044, -1.350723396430359990 ) ) ;
#9837 = ORIENTED_EDGE ( 'NONE', *, *, #3692, .T. ) ;
#9838 = CARTESIAN_POINT ( 'NONE',  ( 0.3623654303939469745, 1.310000000000000053, -1.567094298974051281 ) ) ;
#9839 = FILL_AREA_STYLE_COLOUR ( '', #5193 ) ;
#9840 = PRESENTATION_LAYER_ASSIGNMENT (  '', '', ( #6358 ) ) ;
#9841 = ORIENTED_EDGE ( 'NONE', *, *, #616, .T. ) ;
#9842 = STYLED_ITEM ( 'NONE', ( #8038 ), #9535 ) ;
#9843 = PRESENTATION_STYLE_ASSIGNMENT (( #6149 ) ) ;
#9844 = COLOUR_RGB ( '',1.000000000000000000, 1.000000000000000000, 1.000000000000000000 ) ;
#9845 = DIRECTION ( 'NONE',  ( 1.000000000000000000, -0.0000000000000000000, -8.031410615056091925E-15 ) ) ;
#9846 = DIRECTION ( 'NONE',  ( -0.0000000000000000000, 0.0000000000000000000, -1.000000000000000000 ) ) ;
#9847 = MECHANICAL_DESIGN_GEOMETRIC_PRESENTATION_REPRESENTATION (  '', ( #11962 ), #10834 ) ;
#9848 = DIRECTION ( 'NONE',  ( 9.351971403878175235E-15, -0.0000000000000000000, 1.000000000000000000 ) ) ;
#9849 = AXIS2_PLACEMENT_3D ( 'NONE', #3958, #5116, #7795 ) ;
#9850 = PRESENTATION_LAYER_ASSIGNMENT (  '', '', ( #554 ) ) ;
#9851 = CARTESIAN_POINT ( 'NONE',  ( -0.1056192574146082308, 1.310000000000000053, -1.788565454991522197 ) ) ;
#9852 = ORIENTED_EDGE ( 'NONE', *, *, #8910, .T. ) ;
#9853 = LINE ( 'NONE', #4227, #10460 ) ;
#9854 =( GEOMETRIC_REPRESENTATION_CONTEXT ( 3 ) GLOBAL_UNCERTAINTY_ASSIGNED_CONTEXT ( ( #9003 ) ) GLOBAL_UNIT_ASSIGNED_CONTEXT ( ( #6945, #11448, #2381 ) ) REPRESENTATION_CONTEXT ( 'NONE', 'WORKASPACE' ) );
#9855 =( GEOMETRIC_REPRESENTATION_CONTEXT ( 3 ) GLOBAL_UNCERTAINTY_ASSIGNED_CONTEXT ( ( #9789 ) ) GLOBAL_UNIT_ASSIGNED_CONTEXT ( ( #9503, #6658, #4921 ) ) REPRESENTATION_CONTEXT ( 'NONE', 'WORKASPACE' ) );
#9856 = MECHANICAL_DESIGN_GEOMETRIC_PRESENTATION_REPRESENTATION (  '', ( #9282 ), #6781 ) ;
#9857 = LINE ( 'NONE', #2220, #1441 ) ;
#9858 = SURFACE_STYLE_FILL_AREA ( #1544 ) ;
#9859 = SURFACE_SIDE_STYLE ('',( #3369 ) ) ;
#9860 = PRESENTATION_LAYER_ASSIGNMENT (  '', '', ( #3095 ) ) ;
#9861 = MECHANICAL_DESIGN_GEOMETRIC_PRESENTATION_REPRESENTATION (  '', ( #5205 ), #517 ) ;
#9862 =( NAMED_UNIT ( * ) PLANE_ANGLE_UNIT ( ) SI_UNIT ( $, .RADIAN. ) );
#9863 = VECTOR ( 'NONE', #10445, 1000.000000000000000 ) ;
#9864 = CARTESIAN_POINT ( 'NONE',  ( -0.3324424468592034887, 1.310000000000000053, -1.731586721177126087 ) ) ;
#9865 = UNCERTAINTY_MEASURE_WITH_UNIT (LENGTH_MEASURE( 1.000000000000000082E-05 ), #702, 'distance_accuracy_value', 'NONE');
#9866 = ADVANCED_FACE ( 'NONE', ( #10735 ), #7224, .F. ) ;
#9867 = CARTESIAN_POINT ( 'NONE',  ( -0.3842743789874545346, 1.310000000000000053, -1.864467782882105684 ) ) ;
#9868 = ORIENTED_EDGE ( 'NONE', *, *, #2270, .F. ) ;
#9869 = PRESENTATION_STYLE_ASSIGNMENT (( #11637 ) ) ;
#9870 = COLOUR_RGB ( '',0.7529411764705882248, 0.7529411764705882248, 0.7529411764705882248 ) ;
#9871 = UNCERTAINTY_MEASURE_WITH_UNIT (LENGTH_MEASURE( 1.000000000000000082E-05 ), #3780, 'distance_accuracy_value', 'NONE');
#9872 = CARTESIAN_POINT ( 'NONE',  ( 0.7007263952121400852, 1.310000000000000053, -1.319830492461156579 ) ) ;
#9873 = CARTESIAN_POINT ( 'NONE',  ( -0.3635831964527602711, 1.300000000000000044, -1.856253695344243448 ) ) ;
#9874 = AXIS2_PLACEMENT_3D ( 'NONE', #11609, #9779, #3303 ) ;
#9875 = ORIENTED_EDGE ( 'NONE', *, *, #5924, .T. ) ;
#9876 = ORIENTED_EDGE ( 'NONE', *, *, #8486, .T. ) ;
#9877 = CARTESIAN_POINT ( 'NONE',  ( -0.3733569208660932892, 1.300000000000000044, -1.872058015672275921 ) ) ;
#9878 = COLOUR_RGB ( '',0.7529411764705882248, 0.7529411764705882248, 0.7529411764705882248 ) ;
#9879 = SURFACE_STYLE_FILL_AREA ( #8853 ) ;
#9880 = PRODUCT_DEFINITION ( 'н╢ж╙', '', #2491, #7073 ) ;
#9881 = CARTESIAN_POINT ( 'NONE',  ( -0.4642317627526042489, 1.300000000000000044, -1.933091805359838489 ) ) ;
#9882 = PRESENTATION_LAYER_ASSIGNMENT (  '', '', ( #11628 ) ) ;
#9883 = CARTESIAN_POINT ( 'NONE',  ( -0.4226934339952500563, 1.310000000000000053, -1.926749282070603364 ) ) ;
#9884 = FILL_AREA_STYLE ('',( #9810 ) ) ;
#9885 = DIRECTION ( 'NONE',  ( -7.474873200869006147E-15, 0.0000000000000000000, -1.000000000000000000 ) ) ;
#9886 = AXIS2_PLACEMENT_3D ( 'NONE', #12000, #10932, #11123 ) ;
#9887 = EDGE_CURVE ( 'NONE', #7956, #1674, #8437, .T. ) ;
#9888 = ADVANCED_FACE ( 'NONE', ( #1751 ), #5907, .F. ) ;
#9889 = FILL_AREA_STYLE_COLOUR ( '', #11631 ) ;
#9890 = EDGE_CURVE ( 'NONE', #2508, #165, #403, .T. ) ;
#9891 = CARTESIAN_POINT ( 'NONE',  ( -0.3199133639673110152, 1.310000000000000053, -1.782118955910767966 ) ) ;
#9892 = ORIENTED_EDGE ( 'NONE', *, *, #11487, .T. ) ;
#9893 = ORIENTED_EDGE ( 'NONE', *, *, #11185, .F. ) ;
#9894 = ORIENTED_EDGE ( 'NONE', *, *, #4563, .T. ) ;
#9895 = CARTESIAN_POINT ( 'NONE',  ( -0.2599193321962646741, 1.300000000000000044, -1.378380957004756269 ) ) ;
#9896 = FILL_AREA_STYLE ('',( #6318 ) ) ;
#9897 = ORIENTED_EDGE ( 'NONE', *, *, #10132, .F. ) ;
#9898 = SURFACE_SIDE_STYLE ('',( #1828 ) ) ;
#9899 = CARTESIAN_POINT ( 'NONE',  ( 0.7961615539861747193, 1.310000000000000053, -1.395021831191410877 ) ) ;
#9900 = FACE_OUTER_BOUND ( 'NONE', #1152, .T. ) ;
#9901 = EDGE_CURVE ( 'NONE', #10838, #11082, #8246, .T. ) ;
#9902 = COLOUR_RGB ( '',1.000000000000000000, 1.000000000000000000, 1.000000000000000000 ) ;
#9903 =( NAMED_UNIT ( * ) SI_UNIT ( $, .STERADIAN. ) SOLID_ANGLE_UNIT ( ) );
#9904 = ORIENTED_EDGE ( 'NONE', *, *, #4036, .T. ) ;
#9905 =( NAMED_UNIT ( * ) SI_UNIT ( $, .STERADIAN. ) SOLID_ANGLE_UNIT ( ) );
#9906 =( NAMED_UNIT ( * ) PLANE_ANGLE_UNIT ( ) SI_UNIT ( $, .RADIAN. ) );
#9907 = ADVANCED_FACE ( 'NONE', ( #9215 ), #5712, .F. ) ;
#9908 = ORIENTED_EDGE ( 'NONE', *, *, #11555, .F. ) ;
#9909 = STYLED_ITEM ( 'NONE', ( #54 ), #483 ) ;
#9910 = LINE ( 'NONE', #11092, #1689 ) ;
#9911 = CARTESIAN_POINT ( 'NONE',  ( 0.8366491837301970325, 1.310000000000000053, -1.416711638750715041 ) ) ;
#9912 =( LENGTH_UNIT ( ) NAMED_UNIT ( * ) SI_UNIT ( .MILLI., .METRE. ) );
#9913 = ORIENTED_EDGE ( 'NONE', *, *, #3289, .F. ) ;
#9914 = UNCERTAINTY_MEASURE_WITH_UNIT (LENGTH_MEASURE( 1.000000000000000082E-05 ), #9517, 'distance_accuracy_value', 'NONE');
#9915 = EDGE_CURVE ( 'NONE', #6363, #10145, #1136, .T. ) ;
#9916 = CARTESIAN_POINT ( 'NONE',  ( -0.3151824654486039545, 1.310000000000000053, -1.354154597554453554 ) ) ;
#9917 = EDGE_LOOP ( 'NONE', ( #5492, #3990, #1229, #10833 ) ) ;
#9918 = CARTESIAN_POINT ( 'NONE',  ( -0.6285655014263664686, 1.310000000000000053, -1.453243526978823086 ) ) ;
#9919 = CARTESIAN_POINT ( 'NONE',  ( -0.3236045045701886891, 1.310000000000000053, -1.785342205450451525 ) ) ;
#9920 = DIRECTION ( 'NONE',  ( -0.0000000000000000000, -1.000000000000000000, -0.0000000000000000000 ) ) ;
#9921 = CARTESIAN_POINT ( 'NONE',  ( -0.5424215580592551822, 1.310000000000000053, -1.734913946509704319 ) ) ;
#9922 = SURFACE_STYLE_USAGE ( .BOTH. , #6239 ) ;
#9923 =( LENGTH_UNIT ( ) NAMED_UNIT ( * ) SI_UNIT ( .MILLI., .METRE. ) );
#9924 = ORIENTED_EDGE ( 'NONE', *, *, #3018, .F. ) ;
#9925 = CARTESIAN_POINT ( 'NONE',  ( -0.1222033961796834683, 1.300000000000000044, -1.459690026060962875 ) ) ;
#9926 = B_SPLINE_CURVE_WITH_KNOTS ( 'NONE', 3,
 ( #6063, #7085, #8955, #1608 ),
 .UNSPECIFIED., .F., .F.,
 ( 4, 4 ),
 ( 13.00000000000000000, 14.00000000000000000 ),
 .UNSPECIFIED. ) ;
#9927 = DIRECTION ( 'NONE',  ( 0.3385350342956522374, 0.0000000000000000000, -0.9409537876827115399 ) ) ;
#9928 = LINE ( 'NONE', #2725, #956 ) ;
#9929 = CARTESIAN_POINT ( 'NONE',  ( 0.4274348530697836823, 1.310000000000000053, -1.791222310412815988 ) ) ;
#9930 = CARTESIAN_POINT ( 'NONE',  ( 0.3623654303939469745, 1.310000000000000053, -1.567094298974051281 ) ) ;
#9931 = DIRECTION ( 'NONE',  ( -0.0000000000000000000, -1.000000000000000000, -0.0000000000000000000 ) ) ;
#9932 = EDGE_LOOP ( 'NONE', ( #2392, #3763, #6710, #1053 ) ) ;
#9933 = ORIENTED_EDGE ( 'NONE', *, *, #2635, .T. ) ;
#9934 = CARTESIAN_POINT ( 'NONE',  ( 0.0000000000000000000, -1.500000000000000000, 0.0000000000000000000 ) ) ;
#9935 = B_SPLINE_SURFACE_WITH_KNOTS ( 'NONE', 3, 1, ( 
 ( #1565, #3766 ),
 ( #11166, #3891 ),
 ( #6488, #10133 ),
 ( #1017, #10318 ) ),
 .UNSPECIFIED., .F., .F., .F.,
 ( 4, 4 ),
 ( 2, 2 ),
 ( 3.000000000000000000, 4.000000000000000000 ),
 ( 0.0000000000000000000, 1.000000000000000000 ),
 .UNSPECIFIED. ) ;
#9936 = CARTESIAN_POINT ( 'NONE',  ( -0.1403991597152866311, 1.310000000000000053, -1.841281181348327634 ) ) ;
#9937 = DIRECTION ( 'NONE',  ( 0.0000000000000000000, 0.0000000000000000000, 1.000000000000000000 ) ) ;
#9938 = SURFACE_STYLE_USAGE ( .BOTH. , #11996 ) ;
#9939 = FILL_AREA_STYLE_COLOUR ( '', #5931 ) ;
#9940 = CARTESIAN_POINT ( 'NONE',  ( -1.048523723827850418, 1.310000000000000053, -1.880168127418615942 ) ) ;
#9941 = FILL_AREA_STYLE_COLOUR ( '', #8345 ) ;
#9942 = CARTESIAN_POINT ( 'NONE',  ( -0.03288819116795062281, 1.300000000000000044, -1.700186032104098688 ) ) ;
#9943 = DIRECTION ( 'NONE',  ( -0.0000000000000000000, -1.000000000000000000, -0.0000000000000000000 ) ) ;
#9944 = VERTEX_POINT ( 'NONE', #8492 ) ;
#9945 = SURFACE_STYLE_USAGE ( .BOTH. , #7421 ) ;
#9946 = ORIENTED_EDGE ( 'NONE', *, *, #9976, .T. ) ;
#9947 = VERTEX_POINT ( 'NONE', #5887 ) ;
#9948 = PLANE ( 'NONE',  #5808 ) ;
#9949 = EDGE_CURVE ( 'NONE', #2037, #8397, #3757, .T. ) ;
#9950 = SURFACE_STYLE_USAGE ( .BOTH. , #10010 ) ;
#9951 = VERTEX_POINT ( 'NONE', #4987 ) ;
#9952 = CARTESIAN_POINT ( 'NONE',  ( 0.8467710773767120891, 1.300000000000000044, -1.503470786245107549 ) ) ;
#9953 = MECHANICAL_DESIGN_GEOMETRIC_PRESENTATION_REPRESENTATION (  '', ( #2231 ), #8450 ) ;
#9954 = CARTESIAN_POINT ( 'NONE',  ( -0.03288819116795113628, 1.300000000000000044, -1.765274877666225928 ) ) ;
#9955 =( NAMED_UNIT ( * ) SI_UNIT ( $, .STERADIAN. ) SOLID_ANGLE_UNIT ( ) );
#9956 = DIRECTION ( 'NONE',  ( -0.3416038306902495769, 0.0000000000000000000, -0.9398440417738186392 ) ) ;
#9957 = SURFACE_STYLE_FILL_AREA ( #11005 ) ;
#9958 = VERTEX_POINT ( 'NONE', #5772 ) ;
#9959 = CARTESIAN_POINT ( 'NONE',  ( -1.019670441649668469, 1.300000000000000044, -1.801562428945911121 ) ) ;
#9960 = DIRECTION ( 'NONE',  ( -0.3283461648125187149, 0.0000000000000000000, -0.9445574604294385557 ) ) ;
#9961 = EDGE_LOOP ( 'NONE', ( #9799, #9763, #464, #6136 ) ) ;
#9962 = CARTESIAN_POINT ( 'NONE',  ( 0.7513359461826958352, 1.310000000000000053, -1.355980173450014092 ) ) ;
#9963 = CARTESIAN_POINT ( 'NONE',  ( -0.3596321163711002078, 1.310000000000000053, -1.752277903711819906 ) ) ;
#9964 = EDGE_CURVE ( 'NONE', #2094, #4106, #1244, .T. ) ;
#9965 = CARTESIAN_POINT ( 'NONE',  ( -0.1056192574146082308, 1.300000000000000044, -1.788565454991522197 ) ) ;
#9966 = EDGE_LOOP ( 'NONE', ( #5880, #3923, #11053, #2421 ) ) ;
#9967 = ADVANCED_FACE ( 'NONE', ( #10376 ), #4805, .T. ) ;
#9968 = CARTESIAN_POINT ( 'NONE',  ( -0.8945355764193555492, 1.310000000000000053, -1.880168127418617052 ) ) ;
#9969 = STYLED_ITEM ( 'NONE', ( #485 ), #4283 ) ;
#9970 = EDGE_CURVE ( 'NONE', #482, #6758, #3169, .T. ) ;
#9971 = CARTESIAN_POINT ( 'NONE',  ( 0.7701337959481223683, 1.300000000000000044, -1.776762438707540248 ) ) ;
#9972 = CARTESIAN_POINT ( 'NONE',  ( -0.2596074048210277319, 1.300000000000000044, -1.532992959160947022 ) ) ;
#9973 = VERTEX_POINT ( 'NONE', #2288 ) ;
#9974 = CARTESIAN_POINT ( 'NONE',  ( -0.3635831964527602711, 1.300000000000000044, -1.843152745598332087 ) ) ;
#9975 = B_SPLINE_CURVE_WITH_KNOTS ( 'NONE', 3,
 ( #6864, #1320, #11298, #1256 ),
 .UNSPECIFIED., .F., .F.,
 ( 4, 4 ),
 ( 1.000000000000000000, 2.000000000000000000 ),
 .UNSPECIFIED. ) ;
#9976 = EDGE_CURVE ( 'NONE', #10129, #1628, #7780, .T. ) ;
#9977 = CARTESIAN_POINT ( 'NONE',  ( 0.9913697944336661294, 1.300000000000000044, -1.568540208920252255 ) ) ;
#9978 = PRESENTATION_STYLE_ASSIGNMENT (( #8006 ) ) ;
#9979 = CARTESIAN_POINT ( 'NONE',  ( 0.4303267832829449913, 1.300000000000000044, -1.880873470861114338 ) ) ;
#9980 = UNCERTAINTY_MEASURE_WITH_UNIT (LENGTH_MEASURE( 1.000000000000000082E-05 ), #3926, 'distance_accuracy_value', 'NONE');
#9981 = MECHANICAL_DESIGN_GEOMETRIC_PRESENTATION_REPRESENTATION (  '', ( #9586 ), #11156 ) ;
#9982 = EDGE_CURVE ( 'NONE', #10215, #3624, #8557, .T. ) ;
#9984 = UNCERTAINTY_MEASURE_WITH_UNIT (LENGTH_MEASURE( 1.000000000000000082E-05 ), #1435, 'distance_accuracy_value', 'NONE');
#9983 = FILL_AREA_STYLE ('',( #508 ) ) ;
#9985 = ADVANCED_FACE ( 'NONE', ( #2958 ), #11341, .F. ) ;
#9986 = CARTESIAN_POINT ( 'NONE',  ( 0.7701337959481215911, 1.300000000000000044, -1.889549482140071346 ) ) ;
#9987 = CARTESIAN_POINT ( 'NONE',  ( 0.7686877756811558715, 1.310000000000000053, -1.685665175252899717 ) ) ;
#9988 = ORIENTED_EDGE ( 'NONE', *, *, #11745, .T. ) ;
#9989 = SURFACE_STYLE_FILL_AREA ( #5335 ) ;
#9990 = CARTESIAN_POINT ( 'NONE',  ( -0.7322293656828651187, 1.300000000000000044, -1.386906971918539400 ) ) ;
#9991 = CARTESIAN_POINT ( 'NONE',  ( 0.3536895294343773699, 1.310000000000000053, -1.792668275519047949 ) ) ;
#9992 = CARTESIAN_POINT ( 'NONE',  ( 0.4274348530697836823, 1.300000000000000044, -1.791222310412815988 ) ) ;
#9993 = CARTESIAN_POINT ( 'NONE',  ( -1.077532969691917364, 1.300000000000000044, -1.880168127418615720 ) ) ;
#9994 = VERTEX_POINT ( 'NONE', #2398 ) ;
#9995 = ORIENTED_EDGE ( 'NONE', *, *, #2350, .F. ) ;
#9996 = CARTESIAN_POINT ( 'NONE',  ( -0.2316379168720963944, 1.310000000000000053, -1.833171069601973846 ) ) ;
#9997 = CARTESIAN_POINT ( 'NONE',  ( -0.2439590481802665634, 1.300000000000000044, -1.374429876923095595 ) ) ;
#9998 = CARTESIAN_POINT ( 'NONE',  ( -0.5786571214431913690, 1.310000000000000053, -1.396680696331872085 ) ) ;
#9999 = CARTESIAN_POINT ( 'NONE',  ( -0.9879578252020935203, 1.310000000000000053, -1.714222763975011388 ) ) ;
#10000 = SURFACE_SIDE_STYLE ('',( #10929 ) ) ;
#10001 = DIRECTION ( 'NONE',  ( -0.0000000000000000000, -1.000000000000000000, -0.0000000000000000000 ) ) ;
#10002 = SURFACE_STYLE_FILL_AREA ( #835 ) ;
#10003 = PRESENTATION_LAYER_ASSIGNMENT (  '', '', ( #10990 ) ) ;
#10004 = FACE_OUTER_BOUND ( 'NONE', #6070, .T. ) ;
#10005 = EDGE_LOOP ( 'NONE', ( #1877, #9780, #658, #9663 ) ) ;
#10006 = DIRECTION ( 'NONE',  ( 0.0000000000000000000, 0.0000000000000000000, -1.000000000000000000 ) ) ;
#10007 = VERTEX_POINT ( 'NONE', #3374 ) ;
#10008 = ORIENTED_EDGE ( 'NONE', *, *, #11160, .T. ) ;
#10009 = FILL_AREA_STYLE_COLOUR ( '', #5410 ) ;
#10010 = SURFACE_SIDE_STYLE ('',( #9113 ) ) ;
#10011 = ORIENTED_EDGE ( 'NONE', *, *, #4342, .T. ) ;
#10012 = CARTESIAN_POINT ( 'NONE',  ( 0.3030799233044778607, 1.310000000000000053, -1.489010997278496173 ) ) ;
#10013 = PRESENTATION_LAYER_ASSIGNMENT (  '', '', ( #11935 ) ) ;
#10014 = MECHANICAL_DESIGN_GEOMETRIC_PRESENTATION_REPRESENTATION (  '', ( #1098 ), #2263 ) ;
#10015 = CARTESIAN_POINT ( 'NONE',  ( 0.6240890862035279874, 1.310000000000000053, -1.831709884997493765 ) ) ;
#10016 = LINE ( 'NONE', #11889, #10479 ) ;
#10017 =( NAMED_UNIT ( * ) PLANE_ANGLE_UNIT ( ) SI_UNIT ( $, .RADIAN. ) );
#10018 = FACE_OUTER_BOUND ( 'NONE', #8483, .T. ) ;
#10019 = UNCERTAINTY_MEASURE_WITH_UNIT (LENGTH_MEASURE( 1.000000000000000082E-05 ), #3202, 'distance_accuracy_value', 'NONE');
#10020 = MECHANICAL_DESIGN_GEOMETRIC_PRESENTATION_REPRESENTATION (  '', ( #4408 ), #1892 ) ;
#10021 = EDGE_LOOP ( 'NONE', ( #2125, #8973, #6517, #6444 ) ) ;
#10022 = PRESENTATION_STYLE_ASSIGNMENT (( #8409 ) ) ;
#10023 = CARTESIAN_POINT ( 'NONE',  ( -0.1850047743250530230, 1.310000000000000053, -1.862700194424997457 ) ) ;
#10024 = CARTESIAN_POINT ( 'NONE',  ( -0.8556486303490521417, 1.300000000000000044, -1.776608238953634400 ) ) ;
#10025 = SURFACE_STYLE_FILL_AREA ( #6281 ) ;
#10026 = EDGE_CURVE ( 'NONE', #7923, #5026, #8676, .T. ) ;
#10027 = EDGE_LOOP ( 'NONE', ( #10172, #7991 ) ) ;
#10028 = STYLED_ITEM ( 'NONE', ( #4117 ), #363 ) ;
#10029 =( GEOMETRIC_REPRESENTATION_CONTEXT ( 3 ) GLOBAL_UNCERTAINTY_ASSIGNED_CONTEXT ( ( #312 ) ) GLOBAL_UNIT_ASSIGNED_CONTEXT ( ( #10831, #1709, #3599 ) ) REPRESENTATION_CONTEXT ( 'NONE', 'WORKASPACE' ) );
#10030 = DIRECTION ( 'NONE',  ( -0.0000000000000000000, -1.000000000000000000, -0.0000000000000000000 ) ) ;
#10031 = ORIENTED_EDGE ( 'NONE', *, *, #7637, .F. ) ;
#10032 = CARTESIAN_POINT ( 'NONE',  ( -0.3613997048289033787, 1.300000000000000044, -1.832963118018944959 ) ) ;
#10033 = MECHANICAL_DESIGN_GEOMETRIC_PRESENTATION_REPRESENTATION (  '', ( #7927 ), #11584 ) ;
#10034 = CARTESIAN_POINT ( 'NONE',  ( -0.2571119858219448884, 1.300000000000000044, -1.880168127418621715 ) ) ;
#10035 = AXIS2_PLACEMENT_3D ( 'NONE', #7328, #1003, #11910 ) ;
#10036 = EDGE_CURVE ( 'NONE', #1992, #11297, #7679, .T. ) ;
#10037 = VECTOR ( 'NONE', #6855, 1000.000000000000000 ) ;
#10038 = B_SPLINE_SURFACE_WITH_KNOTS ( 'NONE', 3, 1, ( 
 ( #6575, #3793 ),
 ( #8359, #7495 ),
 ( #10161, #4660 ),
 ( #9991, #3564 ) ),
 .UNSPECIFIED., .F., .F., .F.,
 ( 4, 4 ),
 ( 2, 2 ),
 ( 24.00000000000000000, 25.00000000000000000 ),
 ( 0.0000000000000000000, 1.000000000000000000 ),
 .UNSPECIFIED. ) ;
#10039 = CARTESIAN_POINT ( 'NONE',  ( -0.1222033961796834683, 1.310000000000000053, -1.459690026060962875 ) ) ;
#10041 = ADVANCED_FACE ( 'NONE', ( #11678 ), #4177, .F. ) ;
#10040 = CARTESIAN_POINT ( 'NONE',  ( 0.7426600452231272298, 1.310000000000000053, -1.444185389475020065 ) ) ;
#10042 = SURFACE_SIDE_STYLE ('',( #9858 ) ) ;
#10043 = CARTESIAN_POINT ( 'NONE',  ( 0.1599272265137985372, 1.300000000000000044, -1.678435266980274898 ) ) ;
#10044 = STYLED_ITEM ( 'NONE', ( #540 ), #8577 ) ;
#10045 =( GEOMETRIC_REPRESENTATION_CONTEXT ( 3 ) GLOBAL_UNCERTAINTY_ASSIGNED_CONTEXT ( ( #3812 ) ) GLOBAL_UNIT_ASSIGNED_CONTEXT ( ( #159, #1023, #6545 ) ) REPRESENTATION_CONTEXT ( 'NONE', 'WORKASPACE' ) );
#10046 = VECTOR ( 'NONE', #6743, 1000.000000000000000 ) ;
#10047 = AXIS2_PLACEMENT_3D ( 'NONE', #5233, #523, #1564 ) ;
#10048 = COLOUR_RGB ( '',1.000000000000000000, 1.000000000000000000, 1.000000000000000000 ) ;
#10049 =( NAMED_UNIT ( * ) SI_UNIT ( $, .STERADIAN. ) SOLID_ANGLE_UNIT ( ) );
#10050 =( GEOMETRIC_REPRESENTATION_CONTEXT ( 3 ) GLOBAL_UNCERTAINTY_ASSIGNED_CONTEXT ( ( #8578 ) ) GLOBAL_UNIT_ASSIGNED_CONTEXT ( ( #11512, #6338, #7133 ) ) REPRESENTATION_CONTEXT ( 'NONE', 'WORKASPACE' ) );
#10051 = PRESENTATION_LAYER_ASSIGNMENT (  '', '', ( #4441 ) ) ;
#10052 = EDGE_CURVE ( 'NONE', #10159, #10993, #10850, .T. ) ;
#10053 = FACE_OUTER_BOUND ( 'NONE', #6026, .T. ) ;
#10054 = ORIENTED_EDGE ( 'NONE', *, *, #7618, .T. ) ;
#10055 =( GEOMETRIC_REPRESENTATION_CONTEXT ( 3 ) GLOBAL_UNCERTAINTY_ASSIGNED_CONTEXT ( ( #2265 ) ) GLOBAL_UNIT_ASSIGNED_CONTEXT ( ( #521, #4425, #7096 ) ) REPRESENTATION_CONTEXT ( 'NONE', 'WORKASPACE' ) );
#10056 = PRESENTATION_LAYER_ASSIGNMENT (  '', '', ( #9489 ) ) ;
#10057 = VERTEX_POINT ( 'NONE', #7081 ) ;
#10058 = CARTESIAN_POINT ( 'NONE',  ( -0.7310856319748282317, 1.300000000000000044, -1.380148545461863607 ) ) ;
#10059 = VECTOR ( 'NONE', #108, 1000.000000000000000 ) ;
#10060 = CARTESIAN_POINT ( 'NONE',  ( -0.2917879123311050149, 1.300000000000000044, -1.761219821793046147 ) ) ;
#10061 = SURFACE_SIDE_STYLE ('',( #9273 ) ) ;
#10062 = EDGE_CURVE ( 'NONE', #3836, #11381, #8952, .T. ) ;
#10063 = FILL_AREA_STYLE ('',( #2647 ) ) ;
#10064 = CARTESIAN_POINT ( 'NONE',  ( 0.4664764625475318338, 1.310000000000000053, -1.633609631596778300 ) ) ;
#10065 = LINE ( 'NONE', #4614, #6201 ) ;
#10066 = ORIENTED_EDGE ( 'NONE', *, *, #8877, .T. ) ;
#10067 = ORIENTED_EDGE ( 'NONE', *, *, #6217, .T. ) ;
#10068 = PRESENTATION_LAYER_ASSIGNMENT (  '', '', ( #4270 ) ) ;
#10069 = PRESENTATION_LAYER_ASSIGNMENT (  '', '', ( #10473 ) ) ;
#10070 = PRESENTATION_STYLE_ASSIGNMENT (( #7412 ) ) ;
#10071 = B_SPLINE_SURFACE_WITH_KNOTS ( 'NONE', 3, 1, ( 
 ( #5447, #9429 ),
 ( #2996, #2153 ),
 ( #6706, #9326 ),
 ( #1976, #8419 ) ),
 .UNSPECIFIED., .F., .F., .F.,
 ( 4, 4 ),
 ( 2, 2 ),
 ( 3.000000000000000000, 4.000000000000000000 ),
 ( 0.0000000000000000000, 1.000000000000000000 ),
 .UNSPECIFIED. ) ;
#10072 = FACE_OUTER_BOUND ( 'NONE', #7065, .T. ) ;
#10073 = MECHANICAL_DESIGN_GEOMETRIC_PRESENTATION_REPRESENTATION (  '', ( #2892 ), #1537 ) ;
#10074 =( NAMED_UNIT ( * ) SI_UNIT ( $, .STERADIAN. ) SOLID_ANGLE_UNIT ( ) );
#10075 = LINE ( 'NONE', #5472, #6868 ) ;
#10076 = CARTESIAN_POINT ( 'NONE',  ( -0.6792536998472828991, 1.310000000000000053, -1.880168127418618607 ) ) ;
#10077 = STYLED_ITEM ( 'NONE', ( #667 ), #6494 ) ;
#10078 = EDGE_LOOP ( 'NONE', ( #3339, #5137, #7910, #10316 ) ) ;
#10079 = DIRECTION ( 'NONE',  ( -6.662906143883823286E-15, 0.0000000000000000000, -1.000000000000000000 ) ) ;
#10080 = ORIENTED_EDGE ( 'NONE', *, *, #10290, .T. ) ;
#10081 = VERTEX_POINT ( 'NONE', #5154 ) ;
#10082 =( LENGTH_UNIT ( ) NAMED_UNIT ( * ) SI_UNIT ( .MILLI., .METRE. ) );
#10083 = CARTESIAN_POINT ( 'NONE',  ( -0.2316379168720963944, 1.300000000000000044, -1.833171069601973846 ) ) ;
#10084 = VERTEX_POINT ( 'NONE', #8838 ) ;
#10085 = CARTESIAN_POINT ( 'NONE',  ( -0.5937336112306265123, 1.310000000000000053, -1.499096851088824733 ) ) ;
#10086 = UNCERTAINTY_MEASURE_WITH_UNIT (LENGTH_MEASURE( 1.000000000000000082E-05 ), #8336, 'distance_accuracy_value', 'NONE');
#10087 = STYLED_ITEM ( 'NONE', ( #11230 ), #7022 ) ;
#10088 = CARTESIAN_POINT ( 'NONE',  ( -0.5647763532609274550, 1.310000000000000053, -1.527274290620787456 ) ) ;
#10089 = CARTESIAN_POINT ( 'NONE',  ( -0.9851504788270762925, 1.310000000000000053, -1.702785426896082033 ) ) ;
#10090 =( LENGTH_UNIT ( ) NAMED_UNIT ( * ) SI_UNIT ( .MILLI., .METRE. ) );
#10091 = SURFACE_STYLE_FILL_AREA ( #2750 ) ;
#10092 = SURFACE_STYLE_FILL_AREA ( #3476 ) ;
#10093 = EDGE_CURVE ( 'NONE', #2043, #5675, #3316, .T. ) ;
#10094 = CARTESIAN_POINT ( 'NONE',  ( -0.9235448222848102739, 1.310000000000000053, -1.880168127418616830 ) ) ;
#10095 = B_SPLINE_CURVE_WITH_KNOTS ( 'NONE', 3,
 ( #10605, #455, #4181, #11409 ),
 .UNSPECIFIED., .F., .F.,
 ( 4, 4 ),
 ( 1.000000000000000000, 2.000000000000000000 ),
 .UNSPECIFIED. ) ;
#10096 = VERTEX_POINT ( 'NONE', #4114 ) ;
#10097 = CYLINDRICAL_SURFACE ( 'NONE', #7509, 2.299999999999999822 ) ;
#10098 = FILL_AREA_STYLE_COLOUR ( '', #11089 ) ;
#10099 = CARTESIAN_POINT ( 'NONE',  ( -0.3827667300091258107, 1.300000000000000044, -1.738033220259266098 ) ) ;
#10100 = FILL_AREA_STYLE_COLOUR ( '', #10428 ) ;
#10101 = ORIENTED_EDGE ( 'NONE', *, *, #1620, .F. ) ;
#10102 = FILL_AREA_STYLE_COLOUR ( '', #10965 ) ;
#10103 = COLOUR_RGB ( '',0.7529411764705882248, 0.7529411764705882248, 0.7529411764705882248 ) ;
#10104 = CARTESIAN_POINT ( 'NONE',  ( 0.9103945211556115913, 1.300000000000000044, -1.416711638750715485 ) ) ;
#10105 =( NAMED_UNIT ( * ) PLANE_ANGLE_UNIT ( ) SI_UNIT ( $, .RADIAN. ) );
#10106 = ORIENTED_EDGE ( 'NONE', *, *, #1660, .T. ) ;
#10107 = LINE ( 'NONE', #9918, #10258 ) ;
#10108 = PRESENTATION_STYLE_ASSIGNMENT (( #6411 ) ) ;
#10109 = CARTESIAN_POINT ( 'NONE',  ( 0.6545214713378465499, -2.205263181221074120, 0.3792972018419888403 ) ) ;
#10110 = VERTEX_POINT ( 'NONE', #8657 ) ;
#10111 = SURFACE_SIDE_STYLE ('',( #7392 ) ) ;
#10112 = CARTESIAN_POINT ( 'NONE',  ( 0.8843667493268569935, 1.310000000000000053, -1.726152804996228474 ) ) ;
#10113 = LINE ( 'NONE', #7506, #5038 ) ;
#10114 = EDGE_CURVE ( 'NONE', #5026, #11976, #5500, .T. ) ;
#10115 = EDGE_CURVE ( 'NONE', #9092, #8077, #5814, .T. ) ;
#10116 = ADVANCED_FACE ( 'NONE', ( #6708 ), #359, .F. ) ;
#10117 = EDGE_CURVE ( 'NONE', #3014, #2779, #200, .T. ) ;
#10118 =( NAMED_UNIT ( * ) PLANE_ANGLE_UNIT ( ) SI_UNIT ( $, .RADIAN. ) );
#10119 = LINE ( 'NONE', #8313, #9694 ) ;
#10120 = PLANE ( 'NONE',  #9832 ) ;
#10121 = VERTEX_POINT ( 'NONE', #1225 ) ;
#10122 = CARTESIAN_POINT ( 'NONE',  ( -0.2420874839309559157, 1.310000000000000053, -1.537567893993073254 ) ) ;
#10123 = ORIENTED_EDGE ( 'NONE', *, *, #8489, .T. ) ;
#10124 = CARTESIAN_POINT ( 'NONE',  ( -0.7736117307536444221, 1.300000000000000044, -1.880168127418618162 ) ) ;
#10125 = SURFACE_STYLE_USAGE ( .BOTH. , #10061 ) ;
#10126 = SURFACE_STYLE_FILL_AREA ( #8075 ) ;
#10127 = LINE ( 'NONE', #27, #10420 ) ;
#10128 = CARTESIAN_POINT ( 'NONE',  ( 0.7686878032611732525, 1.300000000000000044, -1.976308602054442698 ) ) ;
#10129 = VERTEX_POINT ( 'NONE', #6771 ) ;
#10130 = VERTEX_POINT ( 'NONE', #2209 ) ;
#10131 = CARTESIAN_POINT ( 'NONE',  ( -0.5187670654636578060, 1.300000000000000044, -1.534344644452003026 ) ) ;
#10132 = EDGE_CURVE ( 'NONE', #6351, #4366, #10483, .T. ) ;
#10133 = CARTESIAN_POINT ( 'NONE',  ( -0.1222033961796832463, 1.300000000000000044, -1.426937651696874587 ) ) ;
#10134 = DIRECTION ( 'NONE',  ( -0.3559357243698709206, 0.0000000000000000000, 0.9345104387417484393 ) ) ;
#10135 =( NAMED_UNIT ( * ) SI_UNIT ( $, .STERADIAN. ) SOLID_ANGLE_UNIT ( ) );
#10136 = FILL_AREA_STYLE_COLOUR ( '', #2279 ) ;
#10137 = EDGE_CURVE ( 'NONE', #4165, #3411, #4042, .T. ) ;
#10138 = FILL_AREA_STYLE ('',( #11878 ) ) ;
#10139 = PRESENTATION_LAYER_ASSIGNMENT (  '', '', ( #3550 ) ) ;
#10140 = CARTESIAN_POINT ( 'NONE',  ( 0.7137403018118725351, 1.310000000000000053, -1.833155960423808573 ) ) ;
#10141 = VERTEX_POINT ( 'NONE', #2332 ) ;
#10142 =( NAMED_UNIT ( * ) PLANE_ANGLE_UNIT ( ) SI_UNIT ( $, .RADIAN. ) );
#10143 = EDGE_CURVE ( 'NONE', #4856, #8087, #5923, .T. ) ;
#10144 = ORIENTED_EDGE ( 'NONE', *, *, #9307, .F. ) ;
#10145 = VERTEX_POINT ( 'NONE', #8717 ) ;
#10146 = FILL_AREA_STYLE_COLOUR ( '', #6177 ) ;
#10147 =( NAMED_UNIT ( * ) SI_UNIT ( $, .STERADIAN. ) SOLID_ANGLE_UNIT ( ) );
#10148 = ORIENTED_EDGE ( 'NONE', *, *, #5473, .T. ) ;
#10149 = FILL_AREA_STYLE ('',( #8278 ) ) ;
#10150 = CARTESIAN_POINT ( 'NONE',  ( -0.3635831964527602711, 1.310000000000000053, -1.843152745598332087 ) ) ;
#10151 = FILL_AREA_STYLE ('',( #6387 ) ) ;
#10152 = FILL_AREA_STYLE ('',( #9176 ) ) ;
#10153 = FACE_OUTER_BOUND ( 'NONE', #3326, .T. ) ;
#10154 = B_SPLINE_SURFACE_WITH_KNOTS ( 'NONE', 3, 1, ( 
 ( #5962, #11917 ),
 ( #7277, #3705 ),
 ( #2777, #11985 ),
 ( #5654, #11867 ) ),
 .UNSPECIFIED., .F., .F., .F.,
 ( 4, 4 ),
 ( 2, 2 ),
 ( 12.00000000000000000, 13.00000000000000000 ),
 ( 0.0000000000000000000, 1.000000000000000000 ),
 .UNSPECIFIED. ) ;
#10155 =( NAMED_UNIT ( * ) SI_UNIT ( $, .STERADIAN. ) SOLID_ANGLE_UNIT ( ) );
#10156 = UNCERTAINTY_MEASURE_WITH_UNIT (LENGTH_MEASURE( 1.000000000000000082E-05 ), #70, 'distance_accuracy_value', 'NONE');
#10157 = FILL_AREA_STYLE_COLOUR ( '', #9621 ) ;
#10158 = B_SPLINE_CURVE_WITH_KNOTS ( 'NONE', 3,
 ( #10913, #4232, #5210, #9979 ),
 .UNSPECIFIED., .F., .F.,
 ( 4, 4 ),
 ( 28.00000000000000000, 29.00000000000000000 ),
 .UNSPECIFIED. ) ;
#10159 = VERTEX_POINT ( 'NONE', #1402 ) ;
#10160 = PRESENTATION_STYLE_ASSIGNMENT (( #6453 ) ) ;
#10161 = CARTESIAN_POINT ( 'NONE',  ( 0.2944040223455993699, 1.310000000000000053, -1.788330325038918422 ) ) ;
#10162 = CARTESIAN_POINT ( 'NONE',  ( -0.3721611992623068965, 1.300000000000000044, -1.733666237010166533 ) ) ;
#10163 = CARTESIAN_POINT ( 'NONE',  ( -0.1662371439361188530, 1.310000000000000053, -1.846168043554988980 ) ) ;
#10164 = CARTESIAN_POINT ( 'NONE',  ( -0.1528762547114260184, 1.310000000000000053, -1.872161991463786812 ) ) ;
#10165 = B_SPLINE_CURVE_WITH_KNOTS ( 'NONE', 3,
 ( #8199, #3442, #7160, #5284 ),
 .UNSPECIFIED., .F., .F.,
 ( 4, 4 ),
 ( 11.00000000000000000, 12.00000000000000000 ),
 .UNSPECIFIED. ) ;
#10166 = MECHANICAL_DESIGN_GEOMETRIC_PRESENTATION_REPRESENTATION (  '', ( #4770 ), #8234 ) ;
#10167 =( LENGTH_UNIT ( ) NAMED_UNIT ( * ) SI_UNIT ( .MILLI., .METRE. ) );
#10168 = ORIENTED_EDGE ( 'NONE', *, *, #1509, .T. ) ;
#10169 = CARTESIAN_POINT ( 'NONE',  ( 0.3536895294343773144, 1.300000000000000044, -1.792668275519048171 ) ) ;
#10170 =( NAMED_UNIT ( * ) SI_UNIT ( $, .STERADIAN. ) SOLID_ANGLE_UNIT ( ) );
#10171 = B_SPLINE_CURVE_WITH_KNOTS ( 'NONE', 3,
 ( #8598, #3932, #3989, #7759 ),
 .UNSPECIFIED., .F., .F.,
 ( 4, 4 ),
 ( 9.000000000000000000, 10.00000000000000000 ),
 .UNSPECIFIED. ) ;
#10172 = ORIENTED_EDGE ( 'NONE', *, *, #8753, .T. ) ;
#10173 = CARTESIAN_POINT ( 'NONE',  ( -0.3335341926714792682, 1.310000000000000053, -1.862804170216505684 ) ) ;
#10174 = CARTESIAN_POINT ( 'NONE',  ( -0.1528762547114260184, 1.300000000000000044, -1.872161991463786812 ) ) ;
#10175 = ADVANCED_FACE ( 'NONE', ( #3929 ), #8720, .F. ) ;
#10176 =( GEOMETRIC_REPRESENTATION_CONTEXT ( 3 ) GLOBAL_UNCERTAINTY_ASSIGNED_CONTEXT ( ( #8192 ) ) GLOBAL_UNIT_ASSIGNED_CONTEXT ( ( #4606, #1001, #6469 ) ) REPRESENTATION_CONTEXT ( 'NONE', 'WORKASPACE' ) );
#10177 = CARTESIAN_POINT ( 'NONE',  ( -0.3458553239796599010, 1.310000000000000053, -1.752277903711820128 ) ) ;
#10178 = B_SPLINE_CURVE_WITH_KNOTS ( 'NONE', 3,
 ( #3669, #2807, #10218, #6454 ),
 .UNSPECIFIED., .F., .F.,
 ( 4, 4 ),
 ( 8.000000000000000000, 9.000000000000000000 ),
 .UNSPECIFIED. ) ;
#10179 = FILL_AREA_STYLE ('',( #2717 ) ) ;
#10180 = ORIENTED_EDGE ( 'NONE', *, *, #10656, .F. ) ;
#10181 = SURFACE_STYLE_USAGE ( .BOTH. , #5395 ) ;
#10182 = STYLED_ITEM ( 'NONE', ( #12006 ), #3166 ) ;
#10183 = COLOUR_RGB ( '',1.000000000000000000, 1.000000000000000000, 1.000000000000000000 ) ;
#10184 = PLANE ( 'NONE',  #11380 ) ;
#10185 = DIRECTION ( 'NONE',  ( 9.268842769272251804E-15, -0.0000000000000000000, 1.000000000000000000 ) ) ;
#10186 = FILL_AREA_STYLE_COLOUR ( '', #8321 ) ;
#10187 = CARTESIAN_POINT ( 'NONE',  ( -0.1056192574146080088, 1.310000000000000053, -1.765274877666225040 ) ) ;
#10188 = MECHANICAL_DESIGN_GEOMETRIC_PRESENTATION_REPRESENTATION (  '', ( #9781 ), #3996 ) ;
#10189 = CARTESIAN_POINT ( 'NONE',  ( -0.6285655014263664686, 1.300000000000000044, -1.453243526978823086 ) ) ;
#10190 = VERTEX_POINT ( 'NONE', #484 ) ;
#10191 = ORIENTED_EDGE ( 'NONE', *, *, #8230, .T. ) ;
#10192 = DIRECTION ( 'NONE',  ( 1.000000000000000000, -0.0000000000000000000, -7.724035640601776206E-15 ) ) ;
#10193 = PRESENTATION_LAYER_ASSIGNMENT (  '', '', ( #3589 ) ) ;
#10194 = EDGE_CURVE ( 'NONE', #2663, #1522, #7917, .T. ) ;
#10195 = CARTESIAN_POINT ( 'NONE',  ( -0.2407357986398914185, 1.310000000000000053, -1.560962447109883522 ) ) ;
#10196 = PLANE ( 'NONE',  #4550 ) ;
#10197 = DIRECTION ( 'NONE',  ( -1.000000000000000000, 0.0000000000000000000, -0.0000000000000000000 ) ) ;
#10198 = FILL_AREA_STYLE ('',( #7288 ) ) ;
#10199 = CARTESIAN_POINT ( 'NONE',  ( -0.2571119858219448884, 1.310000000000000053, -1.880168127418621715 ) ) ;
#10200 =( NAMED_UNIT ( * ) PLANE_ANGLE_UNIT ( ) SI_UNIT ( $, .RADIAN. ) );
#10201 = ORIENTED_EDGE ( 'NONE', *, *, #5091, .F. ) ;
#10202 = PLANE ( 'NONE',  #4189 ) ;
#10203 = ORIENTED_EDGE ( 'NONE', *, *, #10304, .F. ) ;
#10204 = VERTEX_POINT ( 'NONE', #3298 ) ;
#10205 = DIRECTION ( 'NONE',  ( -7.463408671483709080E-15, -0.0000000000000000000, -1.000000000000000000 ) ) ;
#10206 = EDGE_LOOP ( 'NONE', ( #3223, #11315, #6571, #10924 ) ) ;
#10207 = SURFACE_STYLE_USAGE ( .BOTH. , #7426 ) ;
#10208 = UNCERTAINTY_MEASURE_WITH_UNIT (LENGTH_MEASURE( 1.000000000000000082E-05 ), #2317, 'distance_accuracy_value', 'NONE');
#10209 =( LENGTH_UNIT ( ) NAMED_UNIT ( * ) SI_UNIT ( .MILLI., .METRE. ) );
#10210 = CARTESIAN_POINT ( 'NONE',  ( -0.5978926428953114103, 1.310000000000000053, -1.381084327586869609 ) ) ;
#10211 = SURFACE_STYLE_USAGE ( .BOTH. , #5546 ) ;
#10212 = DIRECTION ( 'NONE',  ( -0.9903286039881262770, 0.0000000000000000000, 0.1387416884823346186 ) ) ;
#10213 = CARTESIAN_POINT ( 'NONE',  ( 0.6602387378880940627, 1.300000000000000044, -1.734828733536504686 ) ) ;
#10214 = PLANE ( 'NONE',  #3828 ) ;
#10215 = VERTEX_POINT ( 'NONE', #5188 ) ;
#10216 = CARTESIAN_POINT ( 'NONE',  ( -0.2309620742265690030, 1.300000000000000044, -1.857709356426818115 ) ) ;
#10217 = CARTESIAN_POINT ( 'NONE',  ( -0.1545918552727807427, 1.300000000000000044, -1.769849812498351049 ) ) ;
#10218 = CARTESIAN_POINT ( 'NONE',  ( 0.9508821922696598650, 1.300000000000000044, -1.866413599154459924 ) ) ;
#10219 = DIRECTION ( 'NONE',  ( -0.9209172030172787515, 0.0000000000000000000, -0.3897582650654532466 ) ) ;
#10220 = ADVANCED_FACE ( 'NONE', ( #10699 ), #11545, .T. ) ;
#10221 = STYLED_ITEM ( 'NONE', ( #1653 ), #7371 ) ;
#10222 = DIRECTION ( 'NONE',  ( -0.0000000000000000000, -1.000000000000000000, -0.0000000000000000000 ) ) ;
#10223 = SURFACE_STYLE_USAGE ( .BOTH. , #9059 ) ;
#10224 = SURFACE_STYLE_USAGE ( .BOTH. , #9131 ) ;
#10225 = STYLED_ITEM ( 'NONE', ( #6837 ), #214 ) ;
#10226 = CARTESIAN_POINT ( 'NONE',  ( -0.2420874839309559157, 1.300000000000000044, -1.537567893993073254 ) ) ;
#10227 = ORIENTED_EDGE ( 'NONE', *, *, #10137, .F. ) ;
#10228 = VECTOR ( 'NONE', #11252, 1000.000000000000000 ) ;
#10229 = CARTESIAN_POINT ( 'NONE',  ( -0.9830709629954320627, 1.310000000000000053, -1.713702885017445388 ) ) ;
#10230 = DIRECTION ( 'NONE',  ( -0.0000000000000000000, -1.000000000000000000, -0.0000000000000000000 ) ) ;
#10231 = ORIENTED_EDGE ( 'NONE', *, *, #1039, .T. ) ;
#10232 = PRESENTATION_STYLE_ASSIGNMENT (( #7450 ) ) ;
#10233 = CARTESIAN_POINT ( 'NONE',  ( -0.5210025449839603695, 1.300000000000000044, -1.354154597554452000 ) ) ;
#10234 = CARTESIAN_POINT ( 'NONE',  ( -0.1483013198792975385, 1.310000000000000053, -1.533200910743974354 ) ) ;
#10235 = MECHANICAL_DESIGN_GEOMETRIC_PRESENTATION_REPRESENTATION (  '', ( #1478 ), #1685 ) ;
#10236 = MECHANICAL_DESIGN_GEOMETRIC_PRESENTATION_REPRESENTATION (  '', ( #7912 ), #11397 ) ;
#10237 = VECTOR ( 'NONE', #9943, 1000.000000000000000 ) ;
#10238 = COLOUR_RGB ( '',1.000000000000000000, 1.000000000000000000, 1.000000000000000000 ) ;
#10239 = DIRECTION ( 'NONE',  ( -0.0000000000000000000, -0.0000000000000000000, -1.000000000000000000 ) ) ;
#10240 = VECTOR ( 'NONE', #11599, 1000.000000000000000 ) ;
#10241 = VECTOR ( 'NONE', #8548, 1000.000000000000000 ) ;
#10242 =( NAMED_UNIT ( * ) PLANE_ANGLE_UNIT ( ) SI_UNIT ( $, .RADIAN. ) );
#10243 = ORIENTED_EDGE ( 'NONE', *, *, #8279, .F. ) ;
#10244 = PRESENTATION_STYLE_ASSIGNMENT (( #8318 ) ) ;
#10245 = VECTOR ( 'NONE', #1610, 1000.000000000000000 ) ;
#10246 = UNCERTAINTY_MEASURE_WITH_UNIT (LENGTH_MEASURE( 1.000000000000000082E-05 ), #10776, 'distance_accuracy_value', 'NONE');
#10247 = ADVANCED_FACE ( 'NONE', ( #4282 ), #4384, .F. ) ;
#10248 = COLOUR_RGB ( '',1.000000000000000000, 1.000000000000000000, 1.000000000000000000 ) ;
#10249 = PRESENTATION_STYLE_ASSIGNMENT (( #9271 ) ) ;
#10250 = PRESENTATION_STYLE_ASSIGNMENT (( #854 ) ) ;
#10251 =( NAMED_UNIT ( * ) SI_UNIT ( $, .STERADIAN. ) SOLID_ANGLE_UNIT ( ) );
#10252 = PRESENTATION_LAYER_ASSIGNMENT (  '', '', ( #3455 ) ) ;
#10253 = VECTOR ( 'NONE', #12010, 1000.000000000000000 ) ;
#10254 = COLOUR_RGB ( '',1.000000000000000000, 1.000000000000000000, 1.000000000000000000 ) ;
#10255 = ORIENTED_EDGE ( 'NONE', *, *, #4878, .F. ) ;
#10256 = ORIENTED_EDGE ( 'NONE', *, *, #4888, .F. ) ;
#10257 = CARTESIAN_POINT ( 'NONE',  ( -0.8339176898992247677, 1.310000000000000053, -1.835770464392572299 ) ) ;
#10258 = VECTOR ( 'NONE', #9135, 1000.000000000000000 ) ;
#10259 =( NAMED_UNIT ( * ) SI_UNIT ( $, .STERADIAN. ) SOLID_ANGLE_UNIT ( ) );
#10260 = EDGE_CURVE ( 'NONE', #8257, #1741, #1697, .T. ) ;
#10261 = PLANE ( 'NONE',  #736 ) ;
#10262 = AXIS2_PLACEMENT_3D ( 'NONE', #10694, #2373, #711 ) ;
#10263 =( NAMED_UNIT ( * ) PLANE_ANGLE_UNIT ( ) SI_UNIT ( $, .RADIAN. ) );
#10264 = SURFACE_STYLE_USAGE ( .BOTH. , #6615 ) ;
#10265 = DIRECTION ( 'NONE',  ( -0.0000000000000000000, -1.000000000000000000, -0.0000000000000000000 ) ) ;
#10266 = VECTOR ( 'NONE', #2765, 1000.000000000000000 ) ;
#10267 = MECHANICAL_DESIGN_GEOMETRIC_PRESENTATION_REPRESENTATION (  '', ( #1923 ), #11792 ) ;
#10268 = CARTESIAN_POINT ( 'NONE',  ( -0.6792536998472826770, 1.310000000000000053, -1.856981525884830786 ) ) ;
#10269 = CARTESIAN_POINT ( 'NONE',  ( 1.057885247718629795, 1.300000000000000044, -1.529498627023216706 ) ) ;
#10270 = FILL_AREA_STYLE_COLOUR ( '', #11596 ) ;
#10271 = VECTOR ( 'NONE', #3905, 1000.000000000000000 ) ;
#10272 = ORIENTED_EDGE ( 'NONE', *, *, #1377, .F. ) ;
#10273 = ORIENTED_EDGE ( 'NONE', *, *, #98, .F. ) ;
#10274 = VERTEX_POINT ( 'NONE', #3587 ) ;
#10275 = CARTESIAN_POINT ( 'NONE',  ( 0.4722604332932418547, 1.300000000000000044, -1.836047890636272051 ) ) ;
#10276 = FILL_AREA_STYLE_COLOUR ( '', #2412 ) ;
#10277 = EDGE_LOOP ( 'NONE', ( #916, #1319, #11479, #2623 ) ) ;
#10278 = COLOUR_RGB ( '',1.000000000000000000, 1.000000000000000000, 1.000000000000000000 ) ;
#10279 = CARTESIAN_POINT ( 'NONE',  ( -0.3180417997179912359, 1.310000000000000053, -1.766002708208199712 ) ) ;
#10280 = EDGE_CURVE ( 'NONE', #5094, #791, #47, .T. ) ;
#10281 = CARTESIAN_POINT ( 'NONE',  ( -0.2181730518558842036, 1.300000000000000044, -1.560962447109883744 ) ) ;
#10282 = PLANE ( 'NONE',  #11055 ) ;
#10283 = FACE_OUTER_BOUND ( 'NONE', #10867, .T. ) ;
#10284 = FILL_AREA_STYLE ('',( #6510 ) ) ;
#10285 = VERTEX_POINT ( 'NONE', #3786 ) ;
#10286 = SURFACE_STYLE_FILL_AREA ( #11188 ) ;
#10287 = CARTESIAN_POINT ( 'NONE',  ( -0.5637885832387815599, 1.300000000000000044, -1.383891673960499169 ) ) ;
#10288 = VECTOR ( 'NONE', #8470, 1000.000000000000000 ) ;
#10289 = CARTESIAN_POINT ( 'NONE',  ( 0.4216508823233783843, 1.300000000000000044, -1.710246968184711669 ) ) ;
#10290 = EDGE_CURVE ( 'NONE', #10326, #8324, #5428, .T. ) ;
#10291 = CARTESIAN_POINT ( 'NONE',  ( -0.006634303781058838514, 1.310000000000000053, -1.880168127418623492 ) ) ;
#10292 =( GEOMETRIC_REPRESENTATION_CONTEXT ( 3 ) GLOBAL_UNCERTAINTY_ASSIGNED_CONTEXT ( ( #10019 ) ) GLOBAL_UNIT_ASSIGNED_CONTEXT ( ( #3202, #4242, #6006 ) ) REPRESENTATION_CONTEXT ( 'NONE', 'WORKASPACE' ) );
#10293 = CARTESIAN_POINT ( 'NONE',  ( -0.2209284103344479055, 1.300000000000000044, -1.874969337837415262 ) ) ;
#10294 = CARTESIAN_POINT ( 'NONE',  ( -0.9719975411854099301, 1.310000000000000053, -1.676791478987283313 ) ) ;
#10295 = DIRECTION ( 'NONE',  ( -0.0000000000000000000, -1.000000000000000000, -0.0000000000000000000 ) ) ;
#10296 = ORIENTED_EDGE ( 'NONE', *, *, #9613, .T. ) ;
#10297 =( NAMED_UNIT ( * ) SI_UNIT ( $, .STERADIAN. ) SOLID_ANGLE_UNIT ( ) );
#10298 = ADVANCED_FACE ( 'NONE', ( #6447 ), #1034, .F. ) ;
#10299 = STYLED_ITEM ( 'NONE', ( #362 ), #6853 ) ;
#10300 =( LENGTH_UNIT ( ) NAMED_UNIT ( * ) SI_UNIT ( .MILLI., .METRE. ) );
#10301 = VERTEX_POINT ( 'NONE', #2749 ) ;
#10302 = LINE ( 'NONE', #5756, #3254 ) ;
#10303 = CARTESIAN_POINT ( 'NONE',  ( 0.1599272265137982318, 1.310000000000000053, -1.729044817950138091 ) ) ;
#10304 = EDGE_CURVE ( 'NONE', #11757, #8339, #8219, .T. ) ;
#10305 = EDGE_CURVE ( 'NONE', #3513, #3781, #10016, .T. ) ;
#10306 = VECTOR ( 'NONE', #11056, 1000.000000000000000 ) ;
#10307 = SURFACE_SIDE_STYLE ('',( #5829 ) ) ;
#10308 =( NAMED_UNIT ( * ) SI_UNIT ( $, .STERADIAN. ) SOLID_ANGLE_UNIT ( ) );
#10309 = ORIENTED_EDGE ( 'NONE', *, *, #5643, .T. ) ;
#10310 = CARTESIAN_POINT ( 'NONE',  ( -0.5961250544382046268, 1.300000000000000044, -1.788565454991518644 ) ) ;
#10311 =( GEOMETRIC_REPRESENTATION_CONTEXT ( 3 ) GLOBAL_UNCERTAINTY_ASSIGNED_CONTEXT ( ( #4351 ) ) GLOBAL_UNIT_ASSIGNED_CONTEXT ( ( #11176, #10508, #2126 ) ) REPRESENTATION_CONTEXT ( 'NONE', 'WORKASPACE' ) );
#10312 = FILL_AREA_STYLE ('',( #5282 ) ) ;
#10313 = CARTESIAN_POINT ( 'NONE',  ( 1.082467030307589395, 1.300000000000000044, -1.708801030658500419 ) ) ;
#10314 = B_SPLINE_CURVE_WITH_KNOTS ( 'NONE', 3,
 ( #5045, #5943, #6975, #6061 ),
 .UNSPECIFIED., .F., .F.,
 ( 4, 4 ),
 ( 23.00000000000000000, 24.00000000000000000 ),
 .UNSPECIFIED. ) ;
#10315 = ORIENTED_EDGE ( 'NONE', *, *, #6765, .F. ) ;
#10316 = ORIENTED_EDGE ( 'NONE', *, *, #11320, .T. ) ;
#10317 = CARTESIAN_POINT ( 'NONE',  ( 0.8004995320456282926, 1.300000000000000044, -1.889549482140071346 ) ) ;
#10318 = CARTESIAN_POINT ( 'NONE',  ( -0.1222033961796834683, 1.300000000000000044, -1.459690026060962875 ) ) ;
#10319 = UNCERTAINTY_MEASURE_WITH_UNIT (LENGTH_MEASURE( 1.000000000000000082E-05 ), #11794, 'distance_accuracy_value', 'NONE');
#10320 = UNCERTAINTY_MEASURE_WITH_UNIT (LENGTH_MEASURE( 1.000000000000000082E-05 ), #4027, 'distance_accuracy_value', 'NONE');
#10321 = CARTESIAN_POINT ( 'NONE',  ( -0.2046042110481660070, 1.300000000000000044, -1.731586721177126975 ) ) ;
#10322 = SURFACE_STYLE_FILL_AREA ( #2906 ) ;
#10323 = DIRECTION ( 'NONE',  ( 0.0000000000000000000, 0.0000000000000000000, -1.000000000000000000 ) ) ;
#10324 = PRESENTATION_STYLE_ASSIGNMENT (( #6619 ) ) ;
#10325 = DIRECTION ( 'NONE',  ( 1.000000000000000000, 0.0000000000000000000, -0.0000000000000000000 ) ) ;
#10326 = VERTEX_POINT ( 'NONE', #10089 ) ;
#10327 = FILL_AREA_STYLE_COLOUR ( '', #4007 ) ;
#10328 = ORIENTED_EDGE ( 'NONE', *, *, #3978, .T. ) ;
#10329 = EDGE_LOOP ( 'NONE', ( #11640, #6498, #6132, #10897 ) ) ;
#10330 = PRESENTATION_STYLE_ASSIGNMENT (( #2916 ) ) ;
#10331 =( NAMED_UNIT ( * ) SI_UNIT ( $, .STERADIAN. ) SOLID_ANGLE_UNIT ( ) );
#10332 = ORIENTED_EDGE ( 'NONE', *, *, #3627, .T. ) ;
#10333 = DIRECTION ( 'NONE',  ( -0.0000000000000000000, -1.000000000000000000, -0.0000000000000000000 ) ) ;
#10334 =( NAMED_UNIT ( * ) PLANE_ANGLE_UNIT ( ) SI_UNIT ( $, .RADIAN. ) );
#10335 = FILL_AREA_STYLE_COLOUR ( '', #2722 ) ;
#10336 =( NAMED_UNIT ( * ) SI_UNIT ( $, .STERADIAN. ) SOLID_ANGLE_UNIT ( ) );
#10337 = CARTESIAN_POINT ( 'NONE',  ( -1.020000000000000018, 0.2000000000000000111, -7.249999999999999112 ) ) ;
#10338 = CARTESIAN_POINT ( 'NONE',  ( -0.1222033961796836626, 1.300000000000000044, -1.490154933008988491 ) ) ;
#10339 = B_SPLINE_CURVE_WITH_KNOTS ( 'NONE', 3,
 ( #9399, #2845, #8337, #9223 ),
 .UNSPECIFIED., .F., .F.,
 ( 4, 4 ),
 ( 3.000000000000000000, 4.000000000000000000 ),
 .UNSPECIFIED. ) ;
#10340 = CIRCLE ( 'NONE', #10540, 2.299999999999999822 ) ;
#10341 = CARTESIAN_POINT ( 'NONE',  ( 0.3464595384217015739, 1.300000000000000044, -1.406589731314186187 ) ) ;
#10342 = CARTESIAN_POINT ( 'NONE',  ( -0.1856806169712742205, 1.310000000000000053, -1.731586721177127197 ) ) ;
#10343 = ADVANCED_FACE ( 'NONE', ( #9237 ), #1328, .F. ) ;
#10344 = SURFACE_STYLE_USAGE ( .BOTH. , #4587 ) ;
#10345 = ORIENTED_EDGE ( 'NONE', *, *, #815, .F. ) ;
#10346 =( NAMED_UNIT ( * ) PLANE_ANGLE_UNIT ( ) SI_UNIT ( $, .RADIAN. ) );
#10347 = CARTESIAN_POINT ( 'NONE',  ( 0.3855012030594882622, 1.300000000000000044, -1.465875197034322897 ) ) ;
#10348 =( NAMED_UNIT ( * ) PLANE_ANGLE_UNIT ( ) SI_UNIT ( $, .RADIAN. ) );
#10349 = FACE_OUTER_BOUND ( 'NONE', #8865, .T. ) ;
#10350 = ORIENTED_EDGE ( 'NONE', *, *, #9964, .T. ) ;
#10351 = LINE ( 'NONE', #3742, #7929 ) ;
#10352 = CARTESIAN_POINT ( 'NONE',  ( -0.8194650548622567365, 1.300000000000000044, -1.849911172055004993 ) ) ;
#10353 =( NAMED_UNIT ( * ) SI_UNIT ( $, .STERADIAN. ) SOLID_ANGLE_UNIT ( ) );
#10354 = PLANE ( 'NONE',  #5728 ) ;
#10355 = VERTEX_POINT ( 'NONE', #10392 ) ;
#10356 = SURFACE_STYLE_USAGE ( .BOTH. , #4113 ) ;
#10357 = VERTEX_POINT ( 'NONE', #3114 ) ;
#10358 = EDGE_CURVE ( 'NONE', #8975, #6032, #3366, .T. ) ;
#10359 = B_SPLINE_SURFACE_WITH_KNOTS ( 'NONE', 3, 1, ( 
 ( #2828, #3559 ),
 ( #2640, #819 ),
 ( #11048, #20 ),
 ( #11975, #4741 ) ),
 .UNSPECIFIED., .F., .F., .F.,
 ( 4, 4 ),
 ( 2, 2 ),
 ( 4.000000000000000000, 5.000000000000000000 ),
 ( 0.0000000000000000000, 1.000000000000000000 ),
 .UNSPECIFIED. ) ;
#10360 =( NAMED_UNIT ( * ) PLANE_ANGLE_UNIT ( ) SI_UNIT ( $, .RADIAN. ) );
#10361 = VERTEX_POINT ( 'NONE', #4825 ) ;
#10362 =( LENGTH_UNIT ( ) NAMED_UNIT ( * ) SI_UNIT ( .MILLI., .METRE. ) );
#10363 = VECTOR ( 'NONE', #1973, 1000.000000000000000 ) ;
#10364 = CARTESIAN_POINT ( 'NONE',  ( -1.048523723827850418, 1.310000000000000053, -1.880168127418615942 ) ) ;
#10365 = CARTESIAN_POINT ( 'NONE',  ( -0.4629840532530526409, 1.300000000000000044, -1.354154597554452444 ) ) ;
#10366 = VERTEX_POINT ( 'NONE', #3037 ) ;
#10367 = CARTESIAN_POINT ( 'NONE',  ( -0.9830709629954320627, 1.310000000000000053, -1.713702885017445388 ) ) ;
#10368 = EDGE_CURVE ( 'NONE', #4813, #9502, #2215, .T. ) ;
#10369 = DIRECTION ( 'NONE',  ( -7.220391078106140971E-15, 0.0000000000000000000, -1.000000000000000000 ) ) ;
#10370 = DIRECTION ( 'NONE',  ( -1.000000000000000000, -0.0000000000000000000, 3.876374764046011028E-15 ) ) ;
#10371 = MECHANICAL_DESIGN_GEOMETRIC_PRESENTATION_REPRESENTATION (  '', ( #5346 ), #646 ) ;
#10372 =( NAMED_UNIT ( * ) PLANE_ANGLE_UNIT ( ) SI_UNIT ( $, .RADIAN. ) );
#10373 = VERTEX_POINT ( 'NONE', #8693 ) ;
#10374 = DIRECTION ( 'NONE',  ( -0.0000000000000000000, -0.0000000000000000000, -1.000000000000000000 ) ) ;
#10375 = EDGE_CURVE ( 'NONE', #10937, #10110, #8631, .T. ) ;
#10376 = FACE_OUTER_BOUND ( 'NONE', #8277, .T. ) ;
#10377 = PRESENTATION_LAYER_ASSIGNMENT (  '', '', ( #10182 ) ) ;
#10378 = PRESENTATION_LAYER_ASSIGNMENT (  '', '', ( #6104 ) ) ;
#10379 = DIRECTION ( 'NONE',  ( 0.8840949502478780975, 0.0000000000000000000, -0.4673073067545617798 ) ) ;
#10380 = LINE ( 'NONE', #10199, #3861 ) ;
#10381 = AXIS2_PLACEMENT_3D ( 'NONE', #3886, #7591, #6666 ) ;
#10382 = VERTEX_POINT ( 'NONE', #8574 ) ;
#10383 = DIRECTION ( 'NONE',  ( -1.000000000000000000, 0.0000000000000000000, 6.353357572162295355E-15 ) ) ;
#10384 = ORIENTED_EDGE ( 'NONE', *, *, #7589, .F. ) ;
#10385 = ORIENTED_EDGE ( 'NONE', *, *, #1904, .F. ) ;
#10386 = CARTESIAN_POINT ( 'NONE',  ( 0.4534626111085245381, 1.300000000000000044, -1.879427505754882599 ) ) ;
#10387 = FILL_AREA_STYLE ('',( #6628 ) ) ;
#10388 = VERTEX_POINT ( 'NONE', #11485 ) ;
#10389 = SURFACE_STYLE_FILL_AREA ( #7896 ) ;
#10390 =( LENGTH_UNIT ( ) NAMED_UNIT ( * ) SI_UNIT ( .MILLI., .METRE. ) );
#10391 = FILL_AREA_STYLE_COLOUR ( '', #8748 ) ;
#10392 = CARTESIAN_POINT ( 'NONE',  ( -0.2309620742265690030, 1.310000000000000053, -1.857709356426818115 ) ) ;
#10393 = CARTESIAN_POINT ( 'NONE',  ( -0.3897331080481357679, 1.300000000000000044, -1.840657326599245192 ) ) ;
#10394 = CARTESIAN_POINT ( 'NONE',  ( -0.4892379406406404674, 1.310000000000000053, -1.377549150671262490 ) ) ;
#10395 = STYLED_ITEM ( 'NONE', ( #7108 ), #911 ) ;
#10396 = FILL_AREA_STYLE_COLOUR ( '', #5252 ) ;
#10397 = CARTESIAN_POINT ( 'NONE',  ( -0.5792289882979033688, 1.300000000000000044, -1.513133582959742540 ) ) ;
#10398 = ORIENTED_EDGE ( 'NONE', *, *, #5316, .T. ) ;
#10399 = CARTESIAN_POINT ( 'NONE',  ( -0.6009599287491100839, 1.310000000000000053, -1.453971357520802199 ) ) ;
#10400 = CARTESIAN_POINT ( 'NONE',  ( -0.2439590481802665634, 1.310000000000000053, -1.374429876923095595 ) ) ;
#10401 = B_SPLINE_CURVE_WITH_KNOTS ( 'NONE', 3,
 ( #2331, #6223, #1455, #8938 ),
 .UNSPECIFIED., .F., .F.,
 ( 4, 4 ),
 ( 4.000000000000000000, 5.000000000000000000 ),
 .UNSPECIFIED. ) ;
#10402 = CARTESIAN_POINT ( 'NONE',  ( -0.3812070931343504165, 1.310000000000000053, -1.816638918731964480 ) ) ;
#10403 = ORIENTED_EDGE ( 'NONE', *, *, #10117, .T. ) ;
#10404 = CARTESIAN_POINT ( 'NONE',  ( -0.3570327215798038689, 1.300000000000000044, -1.829323965311829614 ) ) ;
#10405 = CARTESIAN_POINT ( 'NONE',  ( -0.2744759430247430965, 1.310000000000000053, -1.549109206863514832 ) ) ;
#10406 = EDGE_CURVE ( 'NONE', #10110, #7923, #180, .T. ) ;
#10407 = CARTESIAN_POINT ( 'NONE',  ( 0.1599272265137985372, 1.300000000000000044, -1.678435266980274898 ) ) ;
#10408 = FILL_AREA_STYLE ('',( #10533 ) ) ;
#10409 = ORIENTED_EDGE ( 'NONE', *, *, #3973, .F. ) ;
#10410 = PLANE ( 'NONE',  #3117 ) ;
#10411 = PRESENTATION_STYLE_ASSIGNMENT (( #11325 ) ) ;
#10412 = ADVANCED_FACE ( 'NONE', ( #5953 ), #1160, .F. ) ;
#10413 = ORIENTED_EDGE ( 'NONE', *, *, #4322, .F. ) ;
#10414 = UNCERTAINTY_MEASURE_WITH_UNIT (LENGTH_MEASURE( 1.000000000000000082E-05 ), #7114, 'distance_accuracy_value', 'NONE');
#10415 =( NAMED_UNIT ( * ) PLANE_ANGLE_UNIT ( ) SI_UNIT ( $, .RADIAN. ) );
#10416 = ORIENTED_EDGE ( 'NONE', *, *, #6418, .T. ) ;
#10417 = CARTESIAN_POINT ( 'NONE',  ( 0.5778174857137977627, 1.300000000000000044, -1.299586672418065580 ) ) ;
#10418 = CARTESIAN_POINT ( 'NONE',  ( 0.7253081605639314366, 1.310000000000000053, -1.685665175252899495 ) ) ;
#10419 = DIRECTION ( 'NONE',  ( 8.286713734081932580E-15, -0.0000000000000000000, 1.000000000000000000 ) ) ;
#10420 = VECTOR ( 'NONE', #5518, 1000.000000000000000 ) ;
#10421 = PRESENTATION_LAYER_ASSIGNMENT (  '', '', ( #5956 ) ) ;
#10422 = SURFACE_SIDE_STYLE ('',( #2163 ) ) ;
#10423 =( LENGTH_UNIT ( ) NAMED_UNIT ( * ) SI_UNIT ( .MILLI., .METRE. ) );
#10424 = ORIENTED_EDGE ( 'NONE', *, *, #9437, .F. ) ;
#10425 = LINE ( 'NONE', #9444, #2694 ) ;
#10426 = EDGE_CURVE ( 'NONE', #1785, #5343, #1089, .T. ) ;
#10427 = EDGE_CURVE ( 'NONE', #3817, #7153, #2976, .T. ) ;
#10428 = COLOUR_RGB ( '',1.000000000000000000, 1.000000000000000000, 1.000000000000000000 ) ;
#10429 = SURFACE_SIDE_STYLE ('',( #11335 ) ) ;
#10430 = FILL_AREA_STYLE ('',( #11157 ) ) ;
#10431 =( LENGTH_UNIT ( ) NAMED_UNIT ( * ) SI_UNIT ( .MILLI., .METRE. ) );
#10432 = VECTOR ( 'NONE', #10966, 1000.000000000000000 ) ;
#10433 = AXIS2_PLACEMENT_3D ( 'NONE', #5149, #6622, #10325 ) ;
#10434 = EDGE_LOOP ( 'NONE', ( #9687, #11178, #2720, #10080 ) ) ;
#10435 = ORIENTED_EDGE ( 'NONE', *, *, #11509, .T. ) ;
#10436 = VECTOR ( 'NONE', #3073, 1000.000000000000000 ) ;
#10437 = CARTESIAN_POINT ( 'NONE',  ( 0.8323112608307764448, 1.310000000000000053, -1.976308602054443142 ) ) ;
#10438 = EDGE_CURVE ( 'NONE', #7153, #5202, #1436, .T. ) ;
#10439 = LINE ( 'NONE', #5889, #4450 ) ;
#10440 = UNCERTAINTY_MEASURE_WITH_UNIT (LENGTH_MEASURE( 1.000000000000000082E-05 ), #6326, 'distance_accuracy_value', 'NONE');
#10441 = STYLED_ITEM ( 'NONE', ( #7512 ), #11583 ) ;
#10442 = DIRECTION ( 'NONE',  ( 0.0000000000000000000, -1.000000000000000000, 0.0000000000000000000 ) ) ;
#10443 = PRESENTATION_STYLE_ASSIGNMENT (( #1247 ) ) ;
#10444 = MECHANICAL_DESIGN_GEOMETRIC_PRESENTATION_REPRESENTATION (  '', ( #714 ), #4637 ) ;
#10445 = DIRECTION ( 'NONE',  ( 1.000000000000000000, -0.0000000000000000000, -7.474873201047744673E-15 ) ) ;
#10446 = EDGE_CURVE ( 'NONE', #1512, #10096, #10621, .T. ) ;
#10447 = AXIS2_PLACEMENT_3D ( 'NONE', #1932, #5653, #1067 ) ;
#10448 = AXIS2_PLACEMENT_3D ( 'NONE', #8603, #5933, #269 ) ;
#10449 = ORIENTED_EDGE ( 'NONE', *, *, #1814, .T. ) ;
#10450 = CARTESIAN_POINT ( 'NONE',  ( -0.8333458230445190962, 1.300000000000000044, -1.719317577764704508 ) ) ;
#10451 = VECTOR ( 'NONE', #6604, 1000.000000000000000 ) ;
#10452 = ORIENTED_EDGE ( 'NONE', *, *, #5469, .T. ) ;
#10453 = ORIENTED_EDGE ( 'NONE', *, *, #8293, .T. ) ;
#10454 = SURFACE_SIDE_STYLE ('',( #3032 ) ) ;
#10455 =( GEOMETRIC_REPRESENTATION_CONTEXT ( 3 ) GLOBAL_UNCERTAINTY_ASSIGNED_CONTEXT ( ( #6892 ) ) GLOBAL_UNIT_ASSIGNED_CONTEXT ( ( #11083, #4711, #7545 ) ) REPRESENTATION_CONTEXT ( 'NONE', 'WORKASPACE' ) );
#10456 =( NAMED_UNIT ( * ) PLANE_ANGLE_UNIT ( ) SI_UNIT ( $, .RADIAN. ) );
#10457 = FACE_OUTER_BOUND ( 'NONE', #10593, .T. ) ;
#10458 =( GEOMETRIC_REPRESENTATION_CONTEXT ( 3 ) GLOBAL_UNCERTAINTY_ASSIGNED_CONTEXT ( ( #3020 ) ) GLOBAL_UNIT_ASSIGNED_CONTEXT ( ( #8633, #4828, #8521 ) ) REPRESENTATION_CONTEXT ( 'NONE', 'WORKASPACE' ) );
#10459 = CARTESIAN_POINT ( 'NONE',  ( -0.1222033961796834683, 1.310000000000000053, -1.459690026060962875 ) ) ;
#10460 = VECTOR ( 'NONE', #11670, 1000.000000000000000 ) ;
#10461 = STYLED_ITEM ( 'NONE', ( #11329 ), #2255 ) ;
#10462 = B_SPLINE_SURFACE_WITH_KNOTS ( 'NONE', 3, 1, ( 
 ( #5548, #2681 ),
 ( #9310, #912 ),
 ( #8097, #5433 ),
 ( #2554, #6392 ) ),
 .UNSPECIFIED., .F., .F., .F.,
 ( 4, 4 ),
 ( 2, 2 ),
 ( 4.000000000000000000, 5.000000000000000000 ),
 ( 0.0000000000000000000, 1.000000000000000000 ),
 .UNSPECIFIED. ) ;
#10463 = CARTESIAN_POINT ( 'NONE',  ( -0.3635831964527600491, 1.310000000000000053, -1.837538052849685188 ) ) ;
#10464 = PRESENTATION_LAYER_ASSIGNMENT (  '', '', ( #149 ) ) ;
#10465 = CARTESIAN_POINT ( 'NONE',  ( -0.2744759430247428744, 1.310000000000000053, -1.523947065288207892 ) ) ;
#10466 = DIRECTION ( 'NONE',  ( 7.474873201226317538E-15, -0.0000000000000000000, 1.000000000000000000 ) ) ;
#10467 = ORIENTED_EDGE ( 'NONE', *, *, #7264, .F. ) ;
#10468 = DIRECTION ( 'NONE',  ( -0.0000000000000000000, -1.000000000000000000, -0.0000000000000000000 ) ) ;
#10469 = COLOUR_RGB ( '',1.000000000000000000, 1.000000000000000000, 1.000000000000000000 ) ;
#10470 = COLOUR_RGB ( '',1.000000000000000000, 1.000000000000000000, 1.000000000000000000 ) ;
#10471 = PRESENTATION_STYLE_ASSIGNMENT (( #2809 ) ) ;
#10472 = ORIENTED_EDGE ( 'NONE', *, *, #8383, .F. ) ;
#10473 = STYLED_ITEM ( 'NONE', ( #8846 ), #6218 ) ;
#10474 = CARTESIAN_POINT ( 'NONE',  ( 0.4274348530697836823, 1.300000000000000044, -1.791222310412815988 ) ) ;
#10475 = LINE ( 'NONE', #4033, #7079 ) ;
#10476 = MECHANICAL_DESIGN_GEOMETRIC_PRESENTATION_REPRESENTATION (  '', ( #8906 ), #4674 ) ;
#10477 = ADVANCED_FACE ( 'NONE', ( #4371 ), #7950, .F. ) ;
#10478 = CARTESIAN_POINT ( 'NONE',  ( 0.7686877756811558715, 1.300000000000000044, -1.685665175252899717 ) ) ;
#10479 = VECTOR ( 'NONE', #11002, 1000.000000000000000 ) ;
#10480 = DIRECTION ( 'NONE',  ( 1.000000000000000000, -0.0000000000000000000, -8.279859545650748409E-15 ) ) ;
#10481 = VERTEX_POINT ( 'NONE', #5171 ) ;
#10482 = CARTESIAN_POINT ( 'NONE',  ( 0.3855012030594882622, 1.300000000000000044, -1.465875197034322897 ) ) ;
#10483 = LINE ( 'NONE', #7870, #5998 ) ;
#10484 = ORIENTED_EDGE ( 'NONE', *, *, #5453, .F. ) ;
#10485 = VECTOR ( 'NONE', #10760, 1000.000000000000000 ) ;
#10486 = SURFACE_SIDE_STYLE ('',( #9434 ) ) ;
#10487 = ORIENTED_EDGE ( 'NONE', *, *, #8283, .T. ) ;
#10488 = CARTESIAN_POINT ( 'NONE',  ( -0.4082407989589753039, 1.300000000000000044, -1.923837959904069583 ) ) ;
#10489 = CARTESIAN_POINT ( 'NONE',  ( 9.182560094322733571E-17, -2.299999999999999822, 0.7500000000000001110 ) ) ;
#10490 = MECHANICAL_DESIGN_GEOMETRIC_PRESENTATION_REPRESENTATION (  '', ( #8744 ), #10292 ) ;
#10491 = MECHANICAL_DESIGN_GEOMETRIC_PRESENTATION_REPRESENTATION (  '', ( #11628 ), #2142 ) ;
#10492 = PRESENTATION_LAYER_ASSIGNMENT (  '', '', ( #10087 ) ) ;
#10493 = SURFACE_STYLE_FILL_AREA ( #6786 ) ;
#10494 = ORIENTED_EDGE ( 'NONE', *, *, #1827, .T. ) ;
#10495 =( NAMED_UNIT ( * ) SI_UNIT ( $, .STERADIAN. ) SOLID_ANGLE_UNIT ( ) );
#10496 = EDGE_CURVE ( 'NONE', #1445, #1864, #6256, .T. ) ;
#10497 =( LENGTH_UNIT ( ) NAMED_UNIT ( * ) SI_UNIT ( .MILLI., .METRE. ) );
#10498 = LINE ( 'NONE', #217, #1497 ) ;
#10499 = ADVANCED_FACE ( 'NONE', ( #5290 ), #10737, .F. ) ;
#10500 = ORIENTED_EDGE ( 'NONE', *, *, #10921, .T. ) ;
#10501 = ORIENTED_EDGE ( 'NONE', *, *, #6123, .T. ) ;
#10502 = CARTESIAN_POINT ( 'NONE',  ( -0.3635831964527602711, 1.310000000000000053, -1.843152745598332087 ) ) ;
#10503 = SURFACE_STYLE_USAGE ( .BOTH. , #220 ) ;
#10504 =( LENGTH_UNIT ( ) NAMED_UNIT ( * ) SI_UNIT ( .MILLI., .METRE. ) );
#10505 = PRESENTATION_STYLE_ASSIGNMENT (( #4990 ) ) ;
#10506 = ADVANCED_FACE ( 'NONE', ( #8969 ), #6974, .F. ) ;
#10507 = VERTEX_POINT ( 'NONE', #7468 ) ;
#10508 =( NAMED_UNIT ( * ) PLANE_ANGLE_UNIT ( ) SI_UNIT ( $, .RADIAN. ) );
#10509 = ORIENTED_EDGE ( 'NONE', *, *, #6151, .F. ) ;
#10510 = ORIENTED_EDGE ( 'NONE', *, *, #8947, .F. ) ;
#10511 = CARTESIAN_POINT ( 'NONE',  ( 0.8265272900843712023, 1.300000000000000044, -1.864967689208255619 ) ) ;
#10512 = SURFACE_SIDE_STYLE ('',( #5901 ) ) ;
#10513 = PRESENTATION_STYLE_ASSIGNMENT (( #10618 ) ) ;
#10514 = EDGE_CURVE ( 'NONE', #260, #11148, #5411, .T. ) ;
#10515 = CARTESIAN_POINT ( 'NONE',  ( -0.5978926428953125205, 1.300000000000000044, -1.529041879079284350 ) ) ;
#10516 = SURFACE_STYLE_USAGE ( .BOTH. , #421 ) ;
#10517 = PRESENTATION_STYLE_ASSIGNMENT (( #6815 ) ) ;
#10518 = PRESENTATION_STYLE_ASSIGNMENT (( #1212 ) ) ;
#10519 = EDGE_CURVE ( 'NONE', #11718, #1107, #5525, .T. ) ;
#10520 = FACE_OUTER_BOUND ( 'NONE', #7838, .T. ) ;
#10521 =( NAMED_UNIT ( * ) SI_UNIT ( $, .STERADIAN. ) SOLID_ANGLE_UNIT ( ) );
#10522 = EDGE_LOOP ( 'NONE', ( #2050, #11530, #10413, #1082, #9212, #10424 ) ) ;
#10523 = CARTESIAN_POINT ( 'NONE',  ( -0.4892379406406404674, 1.300000000000000044, -1.377549150671262490 ) ) ;
#10524 = EDGE_CURVE ( 'NONE', #6787, #9005, #3572, .T. ) ;
#10525 = CARTESIAN_POINT ( 'NONE',  ( -0.8333458230445190962, 1.310000000000000053, -1.719317577764704508 ) ) ;
#10526 = PRESENTATION_STYLE_ASSIGNMENT (( #6030 ) ) ;
#10527 = ORIENTED_EDGE ( 'NONE', *, *, #2253, .F. ) ;
#10528 = PLANE ( 'NONE',  #4836 ) ;
#10529 = EDGE_CURVE ( 'NONE', #7707, #6612, #11168, .T. ) ;
#10530 =( NAMED_UNIT ( * ) SI_UNIT ( $, .STERADIAN. ) SOLID_ANGLE_UNIT ( ) );
#10531 =( LENGTH_UNIT ( ) NAMED_UNIT ( * ) SI_UNIT ( .MILLI., .METRE. ) );
#10532 = CARTESIAN_POINT ( 'NONE',  ( -0.7453823033245314811, 1.300000000000000044, -1.354154597554450667 ) ) ;
#10533 = FILL_AREA_STYLE_COLOUR ( '', #2101 ) ;
#10534 = EDGE_LOOP ( 'NONE', ( #9110, #4089, #5782, #309 ) ) ;
#10535 =( LENGTH_UNIT ( ) NAMED_UNIT ( * ) SI_UNIT ( .MILLI., .METRE. ) );
#10536 = CARTESIAN_POINT ( 'NONE',  ( -0.1697203329552827156, 1.310000000000000053, -1.516148880916399655 ) ) ;
#10537 = ORIENTED_EDGE ( 'NONE', *, *, #836, .F. ) ;
#10538 = UNCERTAINTY_MEASURE_WITH_UNIT (LENGTH_MEASURE( 1.000000000000000082E-05 ), #5272, 'distance_accuracy_value', 'NONE');
#10539 = CARTESIAN_POINT ( 'NONE',  ( -0.4226934339952500563, 1.300000000000000044, -1.926749282070603364 ) ) ;
#10540 = AXIS2_PLACEMENT_3D ( 'NONE', #4504, #9937, #3519 ) ;
#10541 =( NAMED_UNIT ( * ) SI_UNIT ( $, .STERADIAN. ) SOLID_ANGLE_UNIT ( ) );
#10542 = ORIENTED_EDGE ( 'NONE', *, *, #11032, .T. ) ;
#10543 = CARTESIAN_POINT ( 'NONE',  ( -0.4487913576948705519, 1.300000000000000044, -1.906266051118935101 ) ) ;
#10544 = ADVANCED_FACE ( 'NONE', ( #8332 ), #8804, .T. ) ;
#10545 =( NAMED_UNIT ( * ) SI_UNIT ( $, .STERADIAN. ) SOLID_ANGLE_UNIT ( ) );
#10546 = CARTESIAN_POINT ( 'NONE',  ( -0.1497569809625639847, 1.300000000000000044, -1.458130389185492204 ) ) ;
#10547 = ORIENTED_EDGE ( 'NONE', *, *, #11856, .T. ) ;
#10548 = ORIENTED_EDGE ( 'NONE', *, *, #752, .T. ) ;
#10549 = SURFACE_STYLE_FILL_AREA ( #4004 ) ;
#10550 = PRESENTATION_LAYER_ASSIGNMENT (  '', '', ( #73 ) ) ;
#10551 = B_SPLINE_CURVE_WITH_KNOTS ( 'NONE', 3,
 ( #5050, #9696, #2177, #7832 ),
 .UNSPECIFIED., .F., .F.,
 ( 4, 4 ),
 ( 12.00000000000000000, 13.00000000000000000 ),
 .UNSPECIFIED. ) ;
#10552 = DIRECTION ( 'NONE',  ( 7.899581905746808426E-15, -0.0000000000000000000, 1.000000000000000000 ) ) ;
#10553 = B_SPLINE_SURFACE_WITH_KNOTS ( 'NONE', 3, 1, ( 
 ( #4386, #4134 ),
 ( #3156, #6854 ),
 ( #11472, #8792 ),
 ( #2961, #5047 ) ),
 .UNSPECIFIED., .F., .F., .F.,
 ( 4, 4 ),
 ( 2, 2 ),
 ( 11.00000000000000000, 12.00000000000000000 ),
 ( 0.0000000000000000000, 1.000000000000000000 ),
 .UNSPECIFIED. ) ;
#10554 = CARTESIAN_POINT ( 'NONE',  ( -0.4141674190814600975, 1.300000000000000044, -1.442637996233387510 ) ) ;
#10555 =( GEOMETRIC_REPRESENTATION_CONTEXT ( 3 ) GLOBAL_UNCERTAINTY_ASSIGNED_CONTEXT ( ( #3893 ) ) GLOBAL_UNIT_ASSIGNED_CONTEXT ( ( #6752, #9589, #2863 ) ) REPRESENTATION_CONTEXT ( 'NONE', 'WORKASPACE' ) );
#10556 = FILL_AREA_STYLE_COLOUR ( '', #5587 ) ;
#10557 = CARTESIAN_POINT ( 'NONE',  ( -0.1854206774917970535, 1.310000000000000053, -1.381916133920364276 ) ) ;
#10558 = CARTESIAN_POINT ( 'NONE',  ( -0.4629840532530541397, 1.310000000000000053, -1.557531245985787072 ) ) ;
#10559 = CARTESIAN_POINT ( 'NONE',  ( -0.1850047743250530230, 1.310000000000000053, -1.862700194424997457 ) ) ;
#10560 =( NAMED_UNIT ( * ) SI_UNIT ( $, .STERADIAN. ) SOLID_ANGLE_UNIT ( ) );
#10561 = EDGE_CURVE ( 'NONE', #7386, #8104, #1246, .T. ) ;
#10562 = ORIENTED_EDGE ( 'NONE', *, *, #8285, .F. ) ;
#10563 = ORIENTED_EDGE ( 'NONE', *, *, #82, .F. ) ;
#10564 = CARTESIAN_POINT ( 'NONE',  ( -0.6792536998472826770, 1.310000000000000053, -1.856981525884830786 ) ) ;
#10565 = CARTESIAN_POINT ( 'NONE',  ( -0.3624914506404855463, 1.310000000000000053, -1.879752224252568382 ) ) ;
#10566 = PRESENTATION_STYLE_ASSIGNMENT (( #7898 ) ) ;
#10567 = CARTESIAN_POINT ( 'NONE',  ( -0.3324424468592034887, 1.300000000000000044, -1.731586721177126087 ) ) ;
#10568 = FILL_AREA_STYLE_COLOUR ( '', #7846 ) ;
#10569 = CARTESIAN_POINT ( 'NONE',  ( 0.2481324218544830040, 1.300000000000000044, -1.853399692555409262 ) ) ;
#10570 = CARTESIAN_POINT ( 'NONE',  ( -0.5786571214431913690, 1.310000000000000053, -1.396680696331872085 ) ) ;
#10571 =( GEOMETRIC_REPRESENTATION_CONTEXT ( 3 ) GLOBAL_UNCERTAINTY_ASSIGNED_CONTEXT ( ( #6241 ) ) GLOBAL_UNIT_ASSIGNED_CONTEXT ( ( #3486, #4396, #1903 ) ) REPRESENTATION_CONTEXT ( 'NONE', 'WORKASPACE' ) );
#10572 = PLANE ( 'NONE',  #11266 ) ;
#10573 = VECTOR ( 'NONE', #1998, 1000.000000000000000 ) ;
#10574 = ORIENTED_EDGE ( 'NONE', *, *, #1286, .F. ) ;
#10575 = DIRECTION ( 'NONE',  ( -0.0000000000000000000, -1.000000000000000000, -0.0000000000000000000 ) ) ;
#10576 = LINE ( 'NONE', #5341, #11712 ) ;
#10577 =( LENGTH_UNIT ( ) NAMED_UNIT ( * ) SI_UNIT ( .MILLI., .METRE. ) );
#10578 = EDGE_LOOP ( 'NONE', ( #5125, #10635, #11511, #6511 ) ) ;
#10579 = CARTESIAN_POINT ( 'NONE',  ( -0.8228442680905884155, 1.310000000000000053, -1.557531245985784629 ) ) ;
#10580 =( NAMED_UNIT ( * ) PLANE_ANGLE_UNIT ( ) SI_UNIT ( $, .RADIAN. ) );
#10581 =( NAMED_UNIT ( * ) SI_UNIT ( $, .STERADIAN. ) SOLID_ANGLE_UNIT ( ) );
#10582 = DIRECTION ( 'NONE',  ( -0.0000000000000000000, -1.000000000000000000, -0.0000000000000000000 ) ) ;
#10583 = ORIENTED_EDGE ( 'NONE', *, *, #4147, .F. ) ;
#10584 = CARTESIAN_POINT ( 'NONE',  ( -0.8832542030290820856, 1.300000000000000044, -1.775880408413037737 ) ) ;
#10585 = B_SPLINE_CURVE_WITH_KNOTS ( 'NONE', 3,
 ( #332, #6851, #7782, #453 ),
 .UNSPECIFIED., .F., .F.,
 ( 4, 4 ),
 ( 2.000000000000000000, 3.000000000000000000 ),
 .UNSPECIFIED. ) ;
#10586 = EDGE_CURVE ( 'NONE', #10190, #9718, #4719, .T. ) ;
#10587 = ORIENTED_EDGE ( 'NONE', *, *, #8389, .F. ) ;
#10588 = CARTESIAN_POINT ( 'NONE',  ( -0.8525813444966405807, 1.310000000000000053, -1.703721209019702254 ) ) ;
#10589 = CARTESIAN_POINT ( 'NONE',  ( -0.2316379168720967274, 1.300000000000000044, -1.880168127418621937 ) ) ;
#10590 = DIRECTION ( 'NONE',  ( 6.338874234249405575E-15, -0.0000000000000000000, 1.000000000000000000 ) ) ;
#10591 =( NAMED_UNIT ( * ) PLANE_ANGLE_UNIT ( ) SI_UNIT ( $, .RADIAN. ) );
#10592 = LINE ( 'NONE', #8667, #9656 ) ;
#10593 = EDGE_LOOP ( 'NONE', ( #249, #710, #10101, #10908 ) ) ;
#10594 = SURFACE_STYLE_USAGE ( .BOTH. , #2277 ) ;
#10595 = VECTOR ( 'NONE', #3488, 1000.000000000000000 ) ;
#10596 = PRESENTATION_STYLE_ASSIGNMENT (( #6903 ) ) ;
#10597 = DIRECTION ( 'NONE',  ( -6.959364704394805918E-15, 0.0000000000000000000, -1.000000000000000000 ) ) ;
#10598 = ORIENTED_EDGE ( 'NONE', *, *, #10706, .T. ) ;
#10599 = SURFACE_STYLE_FILL_AREA ( #1468 ) ;
#10600 = CARTESIAN_POINT ( 'NONE',  ( 0.2944040223455988148, 1.300000000000000044, -1.876535520380984590 ) ) ;
#10601 = FILL_AREA_STYLE ('',( #3200 ) ) ;
#10602 = CARTESIAN_POINT ( 'NONE',  ( -0.2395920649318639684, 1.300000000000000044, -1.731586721177126753 ) ) ;
#10603 = DIRECTION ( 'NONE',  ( 0.0000000000000000000, -0.0000000000000000000, 1.000000000000000000 ) ) ;
#10604 = EDGE_CURVE ( 'NONE', #1628, #10388, #3022, .T. ) ;
#10605 = CARTESIAN_POINT ( 'NONE',  ( 0.3811632525793582915, 1.310000000000000053, -1.374778009425431158 ) ) ;
#10606 =( GEOMETRIC_REPRESENTATION_CONTEXT ( 3 ) GLOBAL_UNCERTAINTY_ASSIGNED_CONTEXT ( ( #3436 ) ) GLOBAL_UNIT_ASSIGNED_CONTEXT ( ( #9912, #3483, #4783 ) ) REPRESENTATION_CONTEXT ( 'NONE', 'WORKASPACE' ) );
#10607 = CARTESIAN_POINT ( 'NONE',  ( -0.7453823033245314811, 1.310000000000000053, -1.354154597554450667 ) ) ;
#10608 = VECTOR ( 'NONE', #9501, 1000.000000000000000 ) ;
#10609 = STYLED_ITEM ( 'NONE', ( #1683 ), #7673 ) ;
#10610 = MANIFOLD_SOLID_BREP ( 'м╧л╗-ю╜иЛ3', #4493 ) ;
#10611 = LINE ( 'NONE', #8912, #3611 ) ;
#10612 = DIRECTION ( 'NONE',  ( 9.310221531588248143E-15, -0.0000000000000000000, 1.000000000000000000 ) ) ;
#10613 = LINE ( 'NONE', #2300, #11471 ) ;
#10614 = ORIENTED_EDGE ( 'NONE', *, *, #6466, .T. ) ;
#10615 = ORIENTED_EDGE ( 'NONE', *, *, #6199, .T. ) ;
#10616 = LINE ( 'NONE', #2305, #1518 ) ;
#10617 = MECHANICAL_DESIGN_GEOMETRIC_PRESENTATION_REPRESENTATION (  '', ( #6537 ), #6353 ) ;
#10618 = SURFACE_STYLE_USAGE ( .BOTH. , #2189 ) ;
#10619 = VECTOR ( 'NONE', #10765, 1000.000000000000000 ) ;
#10620 = FILL_AREA_STYLE ('',( #4097 ) ) ;
#10621 = LINE ( 'NONE', #7899, #6980 ) ;
#10622 = CARTESIAN_POINT ( 'NONE',  ( -0.3273476330695158643, 1.300000000000000044, -1.788669430783029757 ) ) ;
#10623 = SURFACE_STYLE_USAGE ( .BOTH. , #5351 ) ;
#10624 = MECHANICAL_DESIGN_GEOMETRIC_PRESENTATION_REPRESENTATION (  '', ( #6358 ), #5025 ) ;
#10625 = PRESENTATION_LAYER_ASSIGNMENT (  '', '', ( #7338 ) ) ;
#10626 = STYLED_ITEM ( 'NONE', ( #2721 ), #11525 ) ;
#10627 = PRODUCT_RELATED_PRODUCT_CATEGORY ( 'part', '', ( #4678 ) ) ;
#10628 = CARTESIAN_POINT ( 'NONE',  ( -0.3827667300091259217, 1.310000000000000053, -1.738033220259265654 ) ) ;
#10629 = ORIENTED_EDGE ( 'NONE', *, *, #3427, .F. ) ;
#10630 = DIRECTION ( 'NONE',  ( 1.000000000000000000, 0.0000000000000000000, -6.662906143883845374E-15 ) ) ;
#10631 = ADVANCED_FACE ( 'NONE', ( #5715, #9456 ), #6672, .F. ) ;
#10632 = FILL_AREA_STYLE ('',( #4154 ) ) ;
#10633 = EDGE_CURVE ( 'NONE', #4939, #8937, #5661, .T. ) ;
#10634 = VECTOR ( 'NONE', #3516, 1000.000000000000000 ) ;
#10635 = ORIENTED_EDGE ( 'NONE', *, *, #5611, .F. ) ;
#10636 = CARTESIAN_POINT ( 'NONE',  ( 0.4520166460015968557, 1.300000000000000044, -1.791222310412815988 ) ) ;
#10637 = MECHANICAL_DESIGN_GEOMETRIC_PRESENTATION_REPRESENTATION (  '', ( #3074 ), #5813 ) ;
#10638 = AXIS2_PLACEMENT_3D ( 'NONE', #7260, #1843, #2570 ) ;
#10639 = DIRECTION ( 'NONE',  ( 0.0000000000000000000, 0.0000000000000000000, 1.000000000000000000 ) ) ;
#10640 =( NAMED_UNIT ( * ) PLANE_ANGLE_UNIT ( ) SI_UNIT ( $, .RADIAN. ) );
#10641 =( GEOMETRIC_REPRESENTATION_CONTEXT ( 3 ) GLOBAL_UNCERTAINTY_ASSIGNED_CONTEXT ( ( #6158 ) ) GLOBAL_UNIT_ASSIGNED_CONTEXT ( ( #9684, #3251, #4173 ) ) REPRESENTATION_CONTEXT ( 'NONE', 'WORKASPACE' ) );
#10642 = VECTOR ( 'NONE', #3086, 1000.000000000000000 ) ;
#10643 = FILL_AREA_STYLE ('',( #1222 ) ) ;
#10644 = ORIENTED_EDGE ( 'NONE', *, *, #3915, .T. ) ;
#10645 = MECHANICAL_DESIGN_GEOMETRIC_PRESENTATION_REPRESENTATION (  '', ( #153 ), #1141 ) ;
#10646 = CARTESIAN_POINT ( 'NONE',  ( 0.7686878032611732525, 1.310000000000000053, -1.976308602054442698 ) ) ;
#10647 = VECTOR ( 'NONE', #10582, 1000.000000000000000 ) ;
#10648 = PRESENTATION_LAYER_ASSIGNMENT (  '', '', ( #9491 ) ) ;
#10649 = FILL_AREA_STYLE_COLOUR ( '', #8901 ) ;
#10650 = ORIENTED_EDGE ( 'NONE', *, *, #2344, .T. ) ;
#10651 = B_SPLINE_SURFACE_WITH_KNOTS ( 'NONE', 3, 1, ( 
 ( #10820, #9836 ),
 ( #5189, #8936 ),
 ( #7012, #6087 ),
 ( #1398, #10757 ) ),
 .UNSPECIFIED., .F., .F., .F.,
 ( 4, 4 ),
 ( 2, 2 ),
 ( 4.000000000000000000, 5.000000000000000000 ),
 ( 0.0000000000000000000, 1.000000000000000000 ),
 .UNSPECIFIED. ) ;
#10652 = FILL_AREA_STYLE_COLOUR ( '', #1556 ) ;
#10653 = CARTESIAN_POINT ( 'NONE',  ( 0.3450135733147712824, 1.300000000000000044, -1.880873470861114116 ) ) ;
#10654 = VECTOR ( 'NONE', #8609, 1000.000000000000000 ) ;
#10655 =( GEOMETRIC_REPRESENTATION_CONTEXT ( 3 ) GLOBAL_UNCERTAINTY_ASSIGNED_CONTEXT ( ( #11844 ) ) GLOBAL_UNIT_ASSIGNED_CONTEXT ( ( #9757, #7844, #527 ) ) REPRESENTATION_CONTEXT ( 'NONE', 'WORKASPACE' ) );
#10656 = EDGE_CURVE ( 'NONE', #9516, #6088, #7136, .T. ) ;
#10657 = LINE ( 'NONE', #4052, #1144 ) ;
#10658 = CARTESIAN_POINT ( 'NONE',  ( -0.3159622838856524507, 1.300000000000000044, -1.883599328542718609 ) ) ;
#10659 = VERTEX_POINT ( 'NONE', #10321 ) ;
#10660 = LINE ( 'NONE', #9737, #1317 ) ;
#10661 = VECTOR ( 'NONE', #6395, 1000.000000000000114 ) ;
#10662 = ADVANCED_FACE ( 'NONE', ( #4883 ), #8614, .F. ) ;
#10663 = VECTOR ( 'NONE', #3520, 1000.000000000000000 ) ;
#10664 = EDGE_CURVE ( 'NONE', #6874, #4939, #8066, .T. ) ;
#10665 = UNCERTAINTY_MEASURE_WITH_UNIT (LENGTH_MEASURE( 1.000000000000000082E-05 ), #4022, 'distance_accuracy_value', 'NONE');
#10666 = CARTESIAN_POINT ( 'NONE',  ( -0.2038763805068725954, 1.300000000000000044, -1.374429876923095817 ) ) ;
#10667 = CARTESIAN_POINT ( 'NONE',  ( 0.9913697944336655743, 1.300000000000000044, -1.648069503302061811 ) ) ;
#10668 = CARTESIAN_POINT ( 'NONE',  ( -0.2022127678405898632, 1.310000000000000053, -1.752277903711821239 ) ) ;
#10669 = VECTOR ( 'NONE', #6493, 1000.000000000000000 ) ;
#10670 = DIRECTION ( 'NONE',  ( 0.9303007377811861600, -0.0000000000000000000, 0.3667976789509180824 ) ) ;
#10671 = CARTESIAN_POINT ( 'NONE',  ( -0.1976378330084628543, 1.310000000000000053, -1.811856032316819798 ) ) ;
#10672 = CARTESIAN_POINT ( 'NONE',  ( 0.7686878032611732525, 1.300000000000000044, -1.976308602054442698 ) ) ;
#10673 = DIRECTION ( 'NONE',  ( 7.463408671483661749E-15, 0.0000000000000000000, 1.000000000000000000 ) ) ;
#10674 = B_SPLINE_CURVE_WITH_KNOTS ( 'NONE', 3,
 ( #7059, #2429, #1452, #6140 ),
 .UNSPECIFIED., .F., .F.,
 ( 4, 4 ),
 ( 5.000000000000000000, 6.000000000000000000 ),
 .UNSPECIFIED. ) ;
#10675 = PRESENTATION_LAYER_ASSIGNMENT (  '', '', ( #8554 ) ) ;
#10676 = CARTESIAN_POINT ( 'NONE',  ( 0.2495784421214468085, 1.300000000000000044, -1.739166766756693239 ) ) ;
#10677 = CARTESIAN_POINT ( 'NONE',  ( 1.014505594678532185, 1.300000000000000044, -1.486119025696001517 ) ) ;
#10678 = PLANE ( 'NONE',  #1368 ) ;
#10679 = ORIENTED_EDGE ( 'NONE', *, *, #6178, .F. ) ;
#10680 = ORIENTED_EDGE ( 'NONE', *, *, #1908, .T. ) ;
#10681 = CARTESIAN_POINT ( 'NONE',  ( -0.7938350222251354671, 1.310000000000000053, -1.557531245985784629 ) ) ;
#10682 = FILL_AREA_STYLE ('',( #7897 ) ) ;
#10683 =( NAMED_UNIT ( * ) PLANE_ANGLE_UNIT ( ) SI_UNIT ( $, .RADIAN. ) );
#10684 =( LENGTH_UNIT ( ) NAMED_UNIT ( * ) SI_UNIT ( .MILLI., .METRE. ) );
#10685 = CARTESIAN_POINT ( 'NONE',  ( -0.3827667300091258107, 1.300000000000000044, -1.738033220259266098 ) ) ;
#10686 =( NAMED_UNIT ( * ) PLANE_ANGLE_UNIT ( ) SI_UNIT ( $, .RADIAN. ) );
#10687 = LINE ( 'NONE', #423, #947 ) ;
#10688 =( NAMED_UNIT ( * ) SI_UNIT ( $, .STERADIAN. ) SOLID_ANGLE_UNIT ( ) );
#10689 = CARTESIAN_POINT ( 'NONE',  ( -0.2316379168720967274, 1.310000000000000053, -1.857709356426818115 ) ) ;
#10690 = EDGE_LOOP ( 'NONE', ( #7792, #5442, #11013, #9352 ) ) ;
#10691 = EDGE_CURVE ( 'NONE', #3378, #8339, #5280, .T. ) ;
#10692 = ORIENTED_EDGE ( 'NONE', *, *, #8738, .T. ) ;
#10693 = ORIENTED_EDGE ( 'NONE', *, *, #602, .F. ) ;
#10694 = CARTESIAN_POINT ( 'NONE',  ( -0.5961250544382052929, 1.310000000000000053, -1.856981525884831452 ) ) ;
#10695 = EDGE_LOOP ( 'NONE', ( #7005, #1281, #6422, #1095 ) ) ;
#10696 = CARTESIAN_POINT ( 'NONE',  ( 0.4274348530697836823, 1.300000000000000044, -1.791222310412815988 ) ) ;
#10697 = B_SPLINE_CURVE_WITH_KNOTS ( 'NONE', 3,
 ( #9250, #3855, #7497, #12025 ),
 .UNSPECIFIED., .F., .F.,
 ( 4, 4 ),
 ( 9.000000000000000000, 10.00000000000000000 ),
 .UNSPECIFIED. ) ;
#10698 = CARTESIAN_POINT ( 'NONE',  ( -1.520000000000000018, 0.2000000000000000111, -2.250000000000000000 ) ) ;
#10699 = FACE_OUTER_BOUND ( 'NONE', #6282, .T. ) ;
#10700 =( NAMED_UNIT ( * ) PLANE_ANGLE_UNIT ( ) SI_UNIT ( $, .RADIAN. ) );
#10701 = LINE ( 'NONE', #8815, #457 ) ;
#10702 = SURFACE_STYLE_USAGE ( .BOTH. , #4212 ) ;
#10703 = VERTEX_POINT ( 'NONE', #2228 ) ;
#10704 = CARTESIAN_POINT ( 'NONE',  ( -0.3180417997179912359, 1.310000000000000053, -1.771825352538485943 ) ) ;
#10705 =( LENGTH_UNIT ( ) NAMED_UNIT ( * ) SI_UNIT ( .MILLI., .METRE. ) );
#10706 = EDGE_CURVE ( 'NONE', #9548, #7423, #11755, .T. ) ;
#10707 = SURFACE_SIDE_STYLE ('',( #1586 ) ) ;
#10708 = ORIENTED_EDGE ( 'NONE', *, *, #2180, .T. ) ;
#10709 =( NAMED_UNIT ( * ) PLANE_ANGLE_UNIT ( ) SI_UNIT ( $, .RADIAN. ) );
#10710 = CARTESIAN_POINT ( 'NONE',  ( -0.4180145233723066012, 1.300000000000000044, -1.926749282070603364 ) ) ;
#10711 = CARTESIAN_POINT ( 'NONE',  ( 0.4187589521102142442, 1.300000000000000044, -1.792668275519048393 ) ) ;
#10712 = FILL_AREA_STYLE_COLOUR ( '', #4091 ) ;
#10713 = B_SPLINE_CURVE_WITH_KNOTS ( 'NONE', 3,
 ( #10164, #5623, #7209, #3499 ),
 .UNSPECIFIED., .F., .F.,
 ( 4, 4 ),
 ( 7.000000000000000000, 8.000000000000000000 ),
 .UNSPECIFIED. ) ;
#10714 = CARTESIAN_POINT ( 'NONE',  ( -1.077532969691917364, 1.310000000000000053, -1.880168127418615720 ) ) ;
#10715 = UNCERTAINTY_MEASURE_WITH_UNIT (LENGTH_MEASURE( 1.000000000000000082E-05 ), #2875, 'distance_accuracy_value', 'NONE');
#10716 = CARTESIAN_POINT ( 'NONE',  ( -0.3310387736723940377, 1.300000000000000044, -1.883599328542718609 ) ) ;
#10717 = VERTEX_POINT ( 'NONE', #9743 ) ;
#10718 = EDGE_CURVE ( 'NONE', #809, #6378, #8013, .T. ) ;
#10719 = STYLED_ITEM ( 'NONE', ( #10566 ), #1796 ) ;
#10720 =( LENGTH_UNIT ( ) NAMED_UNIT ( * ) SI_UNIT ( .MILLI., .METRE. ) );
#10721 = CARTESIAN_POINT ( 'NONE',  ( -0.2022127678405898632, 1.300000000000000044, -1.752277903711821239 ) ) ;
#10722 = CARTESIAN_POINT ( 'NONE',  ( 0.9552201151690786762, 1.300000000000000044, -1.757964533782069294 ) ) ;
#10723 = LINE ( 'NONE', #4235, #8185 ) ;
#10724 = CARTESIAN_POINT ( 'NONE',  ( 0.2134287628575559093, 1.310000000000000053, -1.815804048184584740 ) ) ;
#10725 = DIRECTION ( 'NONE',  ( 0.0000000000000000000, -0.0000000000000000000, -1.000000000000000000 ) ) ;
#10726 = CARTESIAN_POINT ( 'NONE',  ( 0.8323112608307764448, 1.310000000000000053, -1.976308602054443142 ) ) ;
#10727 = ORIENTED_EDGE ( 'NONE', *, *, #1597, .T. ) ;
#10728 = CARTESIAN_POINT ( 'NONE',  ( -0.1864604354083122251, 1.310000000000000053, -1.883599328542719498 ) ) ;
#10729 = CARTESIAN_POINT ( 'NONE',  ( 0.3536895294343773144, 1.300000000000000044, -1.792668275519048171 ) ) ;
#10730 = ADVANCED_FACE ( 'NONE', ( #11680 ), #11612, .F. ) ;
#10731 =( NAMED_UNIT ( * ) PLANE_ANGLE_UNIT ( ) SI_UNIT ( $, .RADIAN. ) );
#10732 = VERTEX_POINT ( 'NONE', #3155 ) ;
#10733 = ORIENTED_EDGE ( 'NONE', *, *, #4594, .F. ) ;
#10734 = CARTESIAN_POINT ( 'NONE',  ( -0.2038763805068725954, 1.300000000000000044, -1.374429876923095817 ) ) ;
#10735 = FACE_OUTER_BOUND ( 'NONE', #8504, .T. ) ;
#10736 =( LENGTH_UNIT ( ) NAMED_UNIT ( * ) SI_UNIT ( .MILLI., .METRE. ) );
#10737 = PLANE ( 'NONE',  #965 ) ;
#10738 = CARTESIAN_POINT ( 'NONE',  ( -0.1497569809625639847, 1.310000000000000053, -1.458130389185492204 ) ) ;
#10739 = AXIS2_PLACEMENT_3D ( 'NONE', #11319, #2941, #4595 ) ;
#10740 = DIRECTION ( 'NONE',  ( -0.3493954794973263556, -0.0000000000000000000, -0.9369753459439760235 ) ) ;
#10741 = B_SPLINE_CURVE_WITH_KNOTS ( 'NONE', 3,
 ( #2434, #11553, #6951, #612 ),
 .UNSPECIFIED., .F., .F.,
 ( 4, 4 ),
 ( 1.000000000000000000, 2.000000000000000000 ),
 .UNSPECIFIED. ) ;
#10742 = B_SPLINE_CURVE_WITH_KNOTS ( 'NONE', 3,
 ( #2330, #11550, #5021, #10584 ),
 .UNSPECIFIED., .F., .F.,
 ( 4, 4 ),
 ( 4.000000000000000000, 5.000000000000000000 ),
 .UNSPECIFIED. ) ;
#10743 = CARTESIAN_POINT ( 'NONE',  ( -0.2916319486438344044, 1.300000000000000044, -1.848767438346978098 ) ) ;
#10744 = FILL_AREA_STYLE_COLOUR ( '', #4224 ) ;
#10745 = EDGE_LOOP ( 'NONE', ( #11116, #10574, #3584, #4226 ) ) ;
#10746 = VERTEX_POINT ( 'NONE', #7831 ) ;
#10747 = ORIENTED_EDGE ( 'NONE', *, *, #266, .F. ) ;
#10748 =( LENGTH_UNIT ( ) NAMED_UNIT ( * ) SI_UNIT ( .MILLI., .METRE. ) );
#10749 =( NAMED_UNIT ( * ) SI_UNIT ( $, .STERADIAN. ) SOLID_ANGLE_UNIT ( ) );
#10750 = ORIENTED_EDGE ( 'NONE', *, *, #7773, .T. ) ;
#10751 = SURFACE_STYLE_FILL_AREA ( #4518 ) ;
#10752 = SURFACE_STYLE_USAGE ( .BOTH. , #11497 ) ;
#10753 =( NAMED_UNIT ( * ) PLANE_ANGLE_UNIT ( ) SI_UNIT ( $, .RADIAN. ) );
#10754 = CARTESIAN_POINT ( 'NONE',  ( -0.8730125875525533985, 1.310000000000000053, -1.721709020972280513 ) ) ;
#10755 = CARTESIAN_POINT ( 'NONE',  ( -0.5698711670506276805, 1.310000000000000053, -1.880168127418619495 ) ) ;
#10756 = COLOUR_RGB ( '',1.000000000000000000, 1.000000000000000000, 1.000000000000000000 ) ;
#10757 = CARTESIAN_POINT ( 'NONE',  ( -0.1515765573154281010, 1.300000000000000044, -1.380668424420818718 ) ) ;
#10758 = VERTEX_POINT ( 'NONE', #9986 ) ;
#10759 = CARTESIAN_POINT ( 'NONE',  ( -2.299999999999999822, 0.0000000000000000000, 2.250000000000000000 ) ) ;
#10760 = DIRECTION ( 'NONE',  ( -1.000000000000000000, -0.0000000000000000000, 7.474873200868780532E-15 ) ) ;
#10761 = FACE_OUTER_BOUND ( 'NONE', #7295, .T. ) ;
#10762 = VERTEX_POINT ( 'NONE', #8245 ) ;
#10763 = STYLED_ITEM ( 'NONE', ( #11688 ), #620 ) ;
#10764 = DIRECTION ( 'NONE',  ( -0.0000000000000000000, -1.000000000000000000, -0.0000000000000000000 ) ) ;
#10765 = DIRECTION ( 'NONE',  ( 9.351971403879836576E-15, -0.0000000000000000000, 1.000000000000000000 ) ) ;
#10766 = VECTOR ( 'NONE', #1009, 1000.000000000000000 ) ;
#10767 = SURFACE_STYLE_USAGE ( .BOTH. , #5030 ) ;
#10768 = EDGE_CURVE ( 'NONE', #5800, #7177, #690, .T. ) ;
#10769 = CARTESIAN_POINT ( 'NONE',  ( -0.1528762547114260184, 1.300000000000000044, -1.872161991463786812 ) ) ;
#10770 = ORIENTED_EDGE ( 'NONE', *, *, #1163, .F. ) ;
#10771 = LINE ( 'NONE', #11621, #5229 ) ;
#10772 = UNCERTAINTY_MEASURE_WITH_UNIT (LENGTH_MEASURE( 1.000000000000000082E-05 ), #8323, 'distance_accuracy_value', 'NONE');
#10773 = COLOUR_RGB ( '',0.7529411764705882248, 0.7529411764705882248, 0.7529411764705882248 ) ;
#10774 = SURFACE_STYLE_FILL_AREA ( #11625 ) ;
#10775 = CARTESIAN_POINT ( 'NONE',  ( -0.4226934339952500563, 1.310000000000000053, -1.926749282070603364 ) ) ;
#10776 =( LENGTH_UNIT ( ) NAMED_UNIT ( * ) SI_UNIT ( .MILLI., .METRE. ) );
#10777 = UNCERTAINTY_MEASURE_WITH_UNIT (LENGTH_MEASURE( 1.000000000000000082E-05 ), #516, 'distance_accuracy_value', 'NONE');
#10778 = DIRECTION ( 'NONE',  ( -0.0000000000000000000, -1.000000000000000000, -0.0000000000000000000 ) ) ;
#10779 = EDGE_CURVE ( 'NONE', #2037, #11689, #4543, .T. ) ;
#10780 = SURFACE_SIDE_STYLE ('',( #8063 ) ) ;
#10781 = FILL_AREA_STYLE_COLOUR ( '', #6573 ) ;
#10782 = EDGE_CURVE ( 'NONE', #9751, #1085, #10119, .T. ) ;
#10783 = SURFACE_STYLE_FILL_AREA ( #4808 ) ;
#10784 = ADVANCED_FACE ( 'NONE', ( #11046 ), #7398, .F. ) ;
#10785 = DIRECTION ( 'NONE',  ( 1.000000000000000000, -0.0000000000000000000, -1.651872968765436802E-14 ) ) ;
#10786 = ORIENTED_EDGE ( 'NONE', *, *, #7384, .F. ) ;
#10787 =( NAMED_UNIT ( * ) PLANE_ANGLE_UNIT ( ) SI_UNIT ( $, .RADIAN. ) );
#10788 = SURFACE_STYLE_FILL_AREA ( #1558 ) ;
#10789 = MECHANICAL_DESIGN_GEOMETRIC_PRESENTATION_REPRESENTATION (  '', ( #1463 ), #8292 ) ;
#10790 = CARTESIAN_POINT ( 'NONE',  ( -0.9818232534944985046, 1.310000000000000053, -1.717030110348640282 ) ) ;
#10791 = VERTEX_POINT ( 'NONE', #1852 ) ;
#10792 = ORIENTED_EDGE ( 'NONE', *, *, #11391, .F. ) ;
#10793 =( NAMED_UNIT ( * ) SI_UNIT ( $, .STERADIAN. ) SOLID_ANGLE_UNIT ( ) );
#10794 = ADVANCED_FACE ( 'NONE', ( #1791 ), #3282, .F. ) ;
#10795 = CARTESIAN_POINT ( 'NONE',  ( -0.6009599287491100839, 1.310000000000000053, -1.428601264362468592 ) ) ;
#10796 = FACE_OUTER_BOUND ( 'NONE', #8033, .T. ) ;
#10797 = SURFACE_STYLE_USAGE ( .BOTH. , #9811 ) ;
#10798 = EDGE_CURVE ( 'NONE', #7177, #5578, #11858, .T. ) ;
#10799 = VECTOR ( 'NONE', #9315, 1000.000000000000000 ) ;
#10800 = DIRECTION ( 'NONE',  ( 0.9910683662997861187, 0.0000000000000000000, -0.1333547648937709051 ) ) ;
#10801 =( NAMED_UNIT ( * ) SI_UNIT ( $, .STERADIAN. ) SOLID_ANGLE_UNIT ( ) );
#10802 = ADVANCED_FACE ( 'NONE', ( #6715 ), #4866, .F. ) ;
#10803 = SURFACE_STYLE_FILL_AREA ( #9034 ) ;
#10804 = ORIENTED_EDGE ( 'NONE', *, *, #3071, .F. ) ;
#10805 =( LENGTH_UNIT ( ) NAMED_UNIT ( * ) SI_UNIT ( .MILLI., .METRE. ) );
#10806 = MECHANICAL_DESIGN_GEOMETRIC_PRESENTATION_REPRESENTATION (  '', ( #6941 ), #11579 ) ;
#10807 = ORIENTED_EDGE ( 'NONE', *, *, #10358, .T. ) ;
#10808 = ORIENTED_EDGE ( 'NONE', *, *, #3221, .F. ) ;
#10809 = MECHANICAL_DESIGN_GEOMETRIC_PRESENTATION_REPRESENTATION (  '', ( #7516 ), #7128 ) ;
#10810 = LINE ( 'NONE', #8168, #6497 ) ;
#10811 = EDGE_LOOP ( 'NONE', ( #3247, #11323, #10180, #166 ) ) ;
#10812 = CARTESIAN_POINT ( 'NONE',  ( -0.6884035695101458074, 1.310000000000000053, -1.501904197462452961 ) ) ;
#10813 = CARTESIAN_POINT ( 'NONE',  ( 0.6891585088800569192, 1.300000000000000044, -1.976308602054442254 ) ) ;
#10814 = VECTOR ( 'NONE', #302, 1000.000000000000000 ) ;
#10815 =( LENGTH_UNIT ( ) NAMED_UNIT ( * ) SI_UNIT ( .MILLI., .METRE. ) );
#10816 = CARTESIAN_POINT ( 'NONE',  ( -0.8525813444966405807, 1.310000000000000053, -1.703721209019702254 ) ) ;
#10817 = STYLED_ITEM ( 'NONE', ( #6419 ), #5296 ) ;
#10818 = CARTESIAN_POINT ( 'NONE',  ( -0.5189230291509292492, 1.310000000000000053, -1.557531245985786850 ) ) ;
#10819 = B_SPLINE_SURFACE_WITH_KNOTS ( 'NONE', 3, 1, ( 
 ( #8788, #9796 ),
 ( #1472, #7033 ),
 ( #1661, #8953 ),
 ( #1550, #4306 ) ),
 .UNSPECIFIED., .F., .F., .F.,
 ( 4, 4 ),
 ( 2, 2 ),
 ( 9.000000000000000000, 10.00000000000000000 ),
 ( 0.0000000000000000000, 1.000000000000000000 ),
 .UNSPECIFIED. ) ;
#10820 = CARTESIAN_POINT ( 'NONE',  ( -0.2262831636029221938, 1.310000000000000053, -1.350723396430359990 ) ) ;
#10821 = ORIENTED_EDGE ( 'NONE', *, *, #8663, .T. ) ;
#10822 = PRESENTATION_LAYER_ASSIGNMENT (  '', '', ( #525 ) ) ;
#10823 = CARTESIAN_POINT ( 'NONE',  ( -0.5961250544382048489, 1.310000000000000053, -1.788565454991518644 ) ) ;
#10824 = STYLED_ITEM ( 'NONE', ( #35 ), #3285 ) ;
#10825 = B_SPLINE_CURVE_WITH_KNOTS ( 'NONE', 3,
 ( #7925, #1585, #488, #8989 ),
 .UNSPECIFIED., .F., .F.,
 ( 4, 4 ),
 ( 11.00000000000000000, 12.00000000000000000 ),
 .UNSPECIFIED. ) ;
#10826 = SURFACE_STYLE_FILL_AREA ( #3541 ) ;
#10827 = VECTOR ( 'NONE', #11814, 1000.000000000000000 ) ;
#10828 = ORIENTED_EDGE ( 'NONE', *, *, #9103, .T. ) ;
#10829 =( GEOMETRIC_REPRESENTATION_CONTEXT ( 3 ) GLOBAL_UNCERTAINTY_ASSIGNED_CONTEXT ( ( #5816 ) ) GLOBAL_UNIT_ASSIGNED_CONTEXT ( ( #6211, #8980, #792 ) ) REPRESENTATION_CONTEXT ( 'NONE', 'WORKASPACE' ) );
#10830 = CARTESIAN_POINT ( 'NONE',  ( -0.8321501014421142095, 1.300000000000000044, -1.685733397068509998 ) ) ;
#10831 =( LENGTH_UNIT ( ) NAMED_UNIT ( * ) SI_UNIT ( .MILLI., .METRE. ) );
#10832 = LINE ( 'NONE', #9965, #11807 ) ;
#10833 = ORIENTED_EDGE ( 'NONE', *, *, #11726, .T. ) ;
#10834 =( GEOMETRIC_REPRESENTATION_CONTEXT ( 3 ) GLOBAL_UNCERTAINTY_ASSIGNED_CONTEXT ( ( #10715 ) ) GLOBAL_UNIT_ASSIGNED_CONTEXT ( ( #2875, #198, #10297 ) ) REPRESENTATION_CONTEXT ( 'NONE', 'WORKASPACE' ) );
#10835 = STYLED_ITEM ( 'NONE', ( #129 ), #3844 ) ;
#10836 = VECTOR ( 'NONE', #1323, 1000.000000000000000 ) ;
#10837 = MECHANICAL_DESIGN_GEOMETRIC_PRESENTATION_REPRESENTATION (  '', ( #8886 ), #1514 ) ;
#10838 = VERTEX_POINT ( 'NONE', #7585 ) ;
#10839 = CARTESIAN_POINT ( 'NONE',  ( -0.3635831964527600491, 1.310000000000000053, -1.837538052849685188 ) ) ;
#10840 = AXIS2_PLACEMENT_3D ( 'NONE', #6887, #6142, #5920 ) ;
#10841 = STYLED_ITEM ( 'NONE', ( #10232 ), #2272 ) ;
#10842 = VECTOR ( 'NONE', #5900, 1000.000000000000000 ) ;
#10843 = LINE ( 'NONE', #3688, #2493 ) ;
#10844 = CARTESIAN_POINT ( 'NONE',  ( -0.3376412364411033318, 1.300000000000000044, -1.752277903711820128 ) ) ;
#10845 = FILL_AREA_STYLE ('',( #11674 ) ) ;
#10846 = UNCERTAINTY_MEASURE_WITH_UNIT (LENGTH_MEASURE( 1.000000000000000082E-05 ), #9923, 'distance_accuracy_value', 'NONE');
#10847 = COLOUR_RGB ( '',1.000000000000000000, 1.000000000000000000, 1.000000000000000000 ) ;
#10848 = MECHANICAL_DESIGN_GEOMETRIC_PRESENTATION_REPRESENTATION (  '', ( #6010 ), #7170 ) ;
#10849 = PRESENTATION_STYLE_ASSIGNMENT (( #7949 ) ) ;
#10850 = LINE ( 'NONE', #1416, #6381 ) ;
#10851 = SURFACE_STYLE_FILL_AREA ( #9983 ) ;
#10852 = CARTESIAN_POINT ( 'NONE',  ( -1.520000000000000018, 0.2000000000000000111, -7.249999999999999112 ) ) ;
#10853 = STYLED_ITEM ( 'NONE', ( #6897 ), #2790 ) ;
#10854 = UNCERTAINTY_MEASURE_WITH_UNIT (LENGTH_MEASURE( 1.000000000000000082E-05 ), #6074, 'distance_accuracy_value', 'NONE');
#10855 = LINE ( 'NONE', #9987, #6952 ) ;
#10856 = ORIENTED_EDGE ( 'NONE', *, *, #2796, .T. ) ;
#10857 =( LENGTH_UNIT ( ) NAMED_UNIT ( * ) SI_UNIT ( .MILLI., .METRE. ) );
#10858 = EDGE_CURVE ( 'NONE', #10301, #2643, #5699, .T. ) ;
#10859 = ADVANCED_FACE ( 'NONE', ( #9559, #1234 ), #1002, .T. ) ;
#10860 = UNCERTAINTY_MEASURE_WITH_UNIT (LENGTH_MEASURE( 1.000000000000000082E-05 ), #9318, 'distance_accuracy_value', 'NONE');
#10861 = CARTESIAN_POINT ( 'NONE',  ( -0.7342568936201437912, 1.300000000000000044, -1.394393228915806526 ) ) ;
#10862 = FACE_OUTER_BOUND ( 'NONE', #10206, .T. ) ;
#10863 =( LENGTH_UNIT ( ) NAMED_UNIT ( * ) SI_UNIT ( .MILLI., .METRE. ) );
#10864 = CARTESIAN_POINT ( 'NONE',  ( -1.077532969691917364, 1.300000000000000044, -1.880168127418615720 ) ) ;
#10865 = CARTESIAN_POINT ( 'NONE',  ( -0.3535495325606460293, 1.310000000000000053, -1.862804170216505462 ) ) ;
#10866 =( GEOMETRIC_REPRESENTATION_CONTEXT ( 3 ) GLOBAL_UNCERTAINTY_ASSIGNED_CONTEXT ( ( #2901 ) ) GLOBAL_UNIT_ASSIGNED_CONTEXT ( ( #9665, #11267, #11324 ) ) REPRESENTATION_CONTEXT ( 'NONE', 'WORKASPACE' ) );
#10867 = EDGE_LOOP ( 'NONE', ( #6038, #7839, #5739, #3931 ) ) ;
#10868 = VERTEX_POINT ( 'NONE', #10364 ) ;
#10869 = STYLED_ITEM ( 'NONE', ( #4073 ), #10610 ) ;
#10870 = DIRECTION ( 'NONE',  ( -0.0000000000000000000, -1.000000000000000000, -0.0000000000000000000 ) ) ;
#10871 = SURFACE_SIDE_STYLE ('',( #1493 ) ) ;
#10872 =( GEOMETRIC_REPRESENTATION_CONTEXT ( 3 ) GLOBAL_UNCERTAINTY_ASSIGNED_CONTEXT ( ( #7084 ) ) GLOBAL_UNIT_ASSIGNED_CONTEXT ( ( #236, #3785, #8514 ) ) REPRESENTATION_CONTEXT ( 'NONE', 'WORKASPACE' ) );
#10873 =( NAMED_UNIT ( * ) SI_UNIT ( $, .STERADIAN. ) SOLID_ANGLE_UNIT ( ) );
#10874 = DIRECTION ( 'NONE',  ( 7.343273320721139662E-15, -0.0000000000000000000, 1.000000000000000000 ) ) ;
#10875 = MECHANICAL_DESIGN_GEOMETRIC_PRESENTATION_REPRESENTATION (  '', ( #10299 ), #7788 ) ;
#10876 = LINE ( 'NONE', #1758, #11802 ) ;
#10877 = ADVANCED_FACE ( 'NONE', ( #4739 ), #5138, .F. ) ;
#10878 = PRESENTATION_STYLE_ASSIGNMENT (( #8210 ) ) ;
#10879 = DIRECTION ( 'NONE',  ( 1.000000000000000000, -0.0000000000000000000, -7.611275996530357052E-15 ) ) ;
#10880 = VERTEX_POINT ( 'NONE', #9785 ) ;
#10881 = FILL_AREA_STYLE ('',( #6439 ) ) ;
#10882 = ORIENTED_EDGE ( 'NONE', *, *, #10438, .F. ) ;
#10883 = ORIENTED_EDGE ( 'NONE', *, *, #9803, .F. ) ;
#10884 = VECTOR ( 'NONE', #694, 1000.000000000000000 ) ;
#10885 = CARTESIAN_POINT ( 'NONE',  ( -0.2744759430247418752, 1.300000000000000044, -1.386491068751103395 ) ) ;
#10886 = DIRECTION ( 'NONE',  ( -0.0000000000000000000, -1.000000000000000000, -0.0000000000000000000 ) ) ;
#10887 = ADVANCED_FACE ( 'NONE', ( #4121 ), #9676, .F. ) ;
#10888 = EDGE_LOOP ( 'NONE', ( #11177, #6220, #7107, #1429 ) ) ;
#10889 = PLANE ( 'NONE',  #9275 ) ;
#10890 = CARTESIAN_POINT ( 'NONE',  ( 0.7701337959481215911, 1.310000000000000053, -1.889549482140071346 ) ) ;
#10891 = FILL_AREA_STYLE ('',( #2426 ) ) ;
#10892 = SURFACE_SIDE_STYLE ('',( #1581 ) ) ;
#10893 = COLOUR_RGB ( '',1.000000000000000000, 1.000000000000000000, 1.000000000000000000 ) ;
#10894 = CARTESIAN_POINT ( 'NONE',  ( 0.6240890862035279874, 1.310000000000000053, -1.817250013290828470 ) ) ;
#10895 = EDGE_CURVE ( 'NONE', #11349, #2276, #5201, .T. ) ;
#10896 = SURFACE_STYLE_USAGE ( .BOTH. , #7186 ) ;
#10897 = ORIENTED_EDGE ( 'NONE', *, *, #9887, .T. ) ;
#10898 = EDGE_CURVE ( 'NONE', #6302, #942, #4546, .T. ) ;
#10899 = UNCERTAINTY_MEASURE_WITH_UNIT (LENGTH_MEASURE( 1.000000000000000082E-05 ), #11767, 'distance_accuracy_value', 'NONE');
#10900 = CARTESIAN_POINT ( 'NONE',  ( -0.8525813444966419130, 1.310000000000000053, -1.851678760512114108 ) ) ;
#10901 = ORIENTED_EDGE ( 'NONE', *, *, #10984, .T. ) ;
#10902 = MECHANICAL_DESIGN_GEOMETRIC_PRESENTATION_REPRESENTATION (  '', ( #9909 ), #7210 ) ;
#10903 = FACE_OUTER_BOUND ( 'NONE', #3600, .T. ) ;
#10904 = EDGE_CURVE ( 'NONE', #6639, #1863, #3246, .T. ) ;
#10905 = VERTEX_POINT ( 'NONE', #10714 ) ;
#10906 = DIRECTION ( 'NONE',  ( -0.0000000000000000000, -1.000000000000000000, -0.0000000000000000000 ) ) ;
#10907 = CARTESIAN_POINT ( 'NONE',  ( 0.9696799868750548557, 1.310000000000000053, -1.441293417891135853 ) ) ;
#10908 = ORIENTED_EDGE ( 'NONE', *, *, #9803, .T. ) ;
#10909 = SURFACE_SIDE_STYLE ('',( #7199 ) ) ;
#10910 = FILL_AREA_STYLE ('',( #1846 ) ) ;
#10911 = SURFACE_STYLE_FILL_AREA ( #813 ) ;
#10912 = SURFACE_SIDE_STYLE ('',( #11721 ) ) ;
#10913 = CARTESIAN_POINT ( 'NONE',  ( 0.4722604332932418547, 1.300000000000000044, -1.836047890636272051 ) ) ;
#10914 = SURFACE_SIDE_STYLE ('',( #3498 ) ) ;
#10915 = CARTESIAN_POINT ( 'NONE',  ( -0.4343387226585955774, 1.300000000000000044, -1.926749282070603364 ) ) ;
#10916 = CARTESIAN_POINT ( 'NONE',  ( 0.8192973266510215069, 1.310000000000000053, -1.503470786245107327 ) ) ;
#10917 =( GEOMETRIC_REPRESENTATION_CONTEXT ( 3 ) GLOBAL_UNCERTAINTY_ASSIGNED_CONTEXT ( ( #629 ) ) GLOBAL_UNIT_ASSIGNED_CONTEXT ( ( #5119, #7843, #775 ) ) REPRESENTATION_CONTEXT ( 'NONE', 'WORKASPACE' ) );
#10918 = CARTESIAN_POINT ( 'NONE',  ( -0.006634303781055152227, 1.300000000000000044, -1.354154597554455774 ) ) ;
#10919 = ORIENTED_EDGE ( 'NONE', *, *, #4910, .F. ) ;
#10920 = FILL_AREA_STYLE_COLOUR ( '', #11587 ) ;
#10921 = EDGE_CURVE ( 'NONE', #5178, #11945, #564, .T. ) ;
#10922 = CARTESIAN_POINT ( 'NONE',  ( -0.7322293656828651187, 1.310000000000000053, -1.386906971918539400 ) ) ;
#10923 = CARTESIAN_POINT ( 'NONE',  ( 0.2495784421214476134, 1.300000000000000044, -1.617703849943914918 ) ) ;
#10924 = ORIENTED_EDGE ( 'NONE', *, *, #8031, .T. ) ;
#10925 = ORIENTED_EDGE ( 'NONE', *, *, #1431, .T. ) ;
#10926 = B_SPLINE_SURFACE_WITH_KNOTS ( 'NONE', 3, 1, ( 
 ( #7205, #8308 ),
 ( #3754, #67 ),
 ( #10303, #875 ),
 ( #6522, #10043 ) ),
 .UNSPECIFIED., .F., .F., .F.,
 ( 4, 4 ),
 ( 2, 2 ),
 ( 34.00000000000000000, 35.00000000000000000 ),
 ( 0.0000000000000000000, 1.000000000000000000 ),
 .UNSPECIFIED. ) ;
#10927 = CARTESIAN_POINT ( 'NONE',  ( 0.9913697944336655743, 1.310000000000000053, -1.648069503302061811 ) ) ;
#10928 = FILL_AREA_STYLE ('',( #1866 ) ) ;
#10929 = SURFACE_STYLE_FILL_AREA ( #11645 ) ;
#10930 = SURFACE_STYLE_USAGE ( .BOTH. , #11120 ) ;
#10931 = EDGE_CURVE ( 'NONE', #600, #5015, #10657, .T. ) ;
#10932 = DIRECTION ( 'NONE',  ( 7.474873200868782110E-15, -0.0000000000000000000, 1.000000000000000000 ) ) ;
#10933 = SURFACE_STYLE_FILL_AREA ( #36 ) ;
#10934 = ORIENTED_EDGE ( 'NONE', *, *, #7827, .F. ) ;
#10935 = CARTESIAN_POINT ( 'NONE',  ( 0.2500000000000000000, 0.2000000000000000111, -7.249999999999999112 ) ) ;
#10936 = ORIENTED_EDGE ( 'NONE', *, *, #68, .T. ) ;
#10937 = VERTEX_POINT ( 'NONE', #7999 ) ;
#10938 = SURFACE_STYLE_USAGE ( .BOTH. , #2602 ) ;
#10939 = CARTESIAN_POINT ( 'NONE',  ( -0.2316379168720963944, 1.310000000000000053, -1.833171069601973846 ) ) ;
#10940 = ORIENTED_EDGE ( 'NONE', *, *, #2796, .F. ) ;
#10941 = PRESENTATION_LAYER_ASSIGNMENT (  '', '', ( #9586 ) ) ;
#10942 = UNCERTAINTY_MEASURE_WITH_UNIT (LENGTH_MEASURE( 1.000000000000000082E-05 ), #7015, 'distance_accuracy_value', 'NONE');
#10943 = CARTESIAN_POINT ( 'NONE',  ( 0.8265272900843712023, 1.310000000000000053, -1.864967689208255619 ) ) ;
#10944 = CARTESIAN_POINT ( 'NONE',  ( -0.8228442680905884155, 1.310000000000000053, -1.557531245985784629 ) ) ;
#10945 = DIRECTION ( 'NONE',  ( -0.0000000000000000000, -1.000000000000000000, -0.0000000000000000000 ) ) ;
#10946 = EDGE_CURVE ( 'NONE', #5112, #4323, #6049, .T. ) ;
#10947 = EDGE_CURVE ( 'NONE', #2821, #1741, #495, .T. ) ;
#10948 = PRESENTATION_STYLE_ASSIGNMENT (( #5436 ) ) ;
#10949 = PRESENTATION_STYLE_ASSIGNMENT (( #8178 ) ) ;
#10950 = VERTEX_POINT ( 'NONE', #4343 ) ;
#10951 = CARTESIAN_POINT ( 'NONE',  ( -0.1736194251418753109, 1.300000000000000044, -1.856149719552735666 ) ) ;
#10952 = CARTESIAN_POINT ( 'NONE',  ( -0.8556486303490521417, 1.310000000000000053, -1.776608238953634400 ) ) ;
#10953 = CARTESIAN_POINT ( 'NONE',  ( -0.2571119858219442222, 1.310000000000000053, -1.786693890742894419 ) ) ;
#10954 = FILL_AREA_STYLE_COLOUR ( '', #3835 ) ;
#10955 = ORIENTED_EDGE ( 'NONE', *, *, #1103, .F. ) ;
#10956 = PRESENTATION_STYLE_ASSIGNMENT (( #1714 ) ) ;
#10957 = MECHANICAL_DESIGN_GEOMETRIC_PRESENTATION_REPRESENTATION (  '', ( #1432 ), #6102 ) ;
#10958 = COLOUR_RGB ( '',1.000000000000000000, 1.000000000000000000, 1.000000000000000000 ) ;
#10959 = FILL_AREA_STYLE_COLOUR ( '', #5374 ) ;
#10960 = DIRECTION ( 'NONE',  ( 0.9434452330799512065, -0.0000000000000000000, 0.3315284183576373556 ) ) ;
#10961 = ORIENTED_EDGE ( 'NONE', *, *, #3534, .F. ) ;
#10962 = CARTESIAN_POINT ( 'NONE',  ( -0.3613997048289033787, 1.310000000000000053, -1.832963118018944959 ) ) ;
#10963 = ADVANCED_FACE ( 'NONE', ( #10153 ), #10282, .F. ) ;
#10964 = CARTESIAN_POINT ( 'NONE',  ( 0.9913697944336653523, 1.300000000000000044, -1.707354982812206545 ) ) ;
#10965 = COLOUR_RGB ( '',1.000000000000000000, 1.000000000000000000, 1.000000000000000000 ) ;
#10966 = DIRECTION ( 'NONE',  ( 9.310221531588248143E-15, -0.0000000000000000000, 1.000000000000000000 ) ) ;
#10967 = CARTESIAN_POINT ( 'NONE',  ( 0.7701337683681047652, 1.310000000000000053, -1.525160593804412157 ) ) ;
#10968 = CARTESIAN_POINT ( 'NONE',  ( 1.021735571901198902, 1.300000000000000044, -1.808574112331950756 ) ) ;
#10969 = VECTOR ( 'NONE', #7729, 1000.000000000000000 ) ;
#10970 = UNCERTAINTY_MEASURE_WITH_UNIT (LENGTH_MEASURE( 1.000000000000000082E-05 ), #10504, 'distance_accuracy_value', 'NONE');
#10971 = DIRECTION ( 'NONE',  ( 1.000000000000000000, -0.0000000000000000000, -0.0000000000000000000 ) ) ;
#10972 = CARTESIAN_POINT ( 'NONE',  ( -0.8482143612475412375, 1.300000000000000044, -1.732106600136071872 ) ) ;
#10973 = VERTEX_POINT ( 'NONE', #4716 ) ;
#10974 = SURFACE_SIDE_STYLE ('',( #2582 ) ) ;
#10975 = VECTOR ( 'NONE', #5177, 1000.000000000000000 ) ;
#10976 = ORIENTED_EDGE ( 'NONE', *, *, #7982, .F. ) ;
#10977 = CARTESIAN_POINT ( 'NONE',  ( -0.6884035695101458074, 1.300000000000000044, -1.501904197462452961 ) ) ;
#10978 = CARTESIAN_POINT ( 'NONE',  ( -0.7342568936201437912, 1.310000000000000053, -1.394393228915806304 ) ) ;
#10979 = CARTESIAN_POINT ( 'NONE',  ( -0.3180417997179912359, 1.300000000000000044, -1.771825352538485943 ) ) ;
#10980 = CARTESIAN_POINT ( 'NONE',  ( 0.7701337959481215911, 1.310000000000000053, -1.889549482140071346 ) ) ;
#10981 = ORIENTED_EDGE ( 'NONE', *, *, #10779, .T. ) ;
#10982 = ORIENTED_EDGE ( 'NONE', *, *, #7, .F. ) ;
#10983 =( LENGTH_UNIT ( ) NAMED_UNIT ( * ) SI_UNIT ( .MILLI., .METRE. ) );
#10984 = EDGE_CURVE ( 'NONE', #7235, #4918, #7130, .T. ) ;
#10985 = CARTESIAN_POINT ( 'NONE',  ( -0.2744759430247418197, 1.300000000000000044, -1.386491068751103617 ) ) ;
#10986 = CARTESIAN_POINT ( 'NONE',  ( -0.8945355764193555492, 1.310000000000000053, -1.880168127418617052 ) ) ;
#10987 = CARTESIAN_POINT ( 'NONE',  ( -0.2407357986398914185, 1.300000000000000044, -1.560962447109883522 ) ) ;
#10988 = CARTESIAN_POINT ( 'NONE',  ( -0.7736117307536444221, 1.310000000000000053, -1.880168127418617940 ) ) ;
#10989 = CARTESIAN_POINT ( 'NONE',  ( 0.1599272265137985372, 1.300000000000000044, -1.678435266980274898 ) ) ;
#10990 = STYLED_ITEM ( 'NONE', ( #4311 ), #7127 ) ;
#10991 = SURFACE_SIDE_STYLE ('',( #1872 ) ) ;
#10992 = SURFACE_SIDE_STYLE ('',( #1948 ) ) ;
#10993 = VERTEX_POINT ( 'NONE', #9240 ) ;
#10994 = EDGE_LOOP ( 'NONE', ( #10786, #5593, #6420, #463 ) ) ;
#10995 = ORIENTED_EDGE ( 'NONE', *, *, #627, .F. ) ;
#10996 = CARTESIAN_POINT ( 'NONE',  ( -0.7746514886687700940, 1.310000000000000053, -1.700186032104093581 ) ) ;
#10997 = ORIENTED_EDGE ( 'NONE', *, *, #6635, .F. ) ;
#10998 = LINE ( 'NONE', #10012, #5799 ) ;
#10999 = STYLED_ITEM ( 'NONE', ( #2203 ), #1481 ) ;
#11000 = COLOUR_RGB ( '',1.000000000000000000, 1.000000000000000000, 1.000000000000000000 ) ;
#11001 = LINE ( 'NONE', #3650, #4886 ) ;
#11002 = DIRECTION ( 'NONE',  ( -0.0000000000000000000, -1.000000000000000000, -0.0000000000000000000 ) ) ;
#11003 = DIRECTION ( 'NONE',  ( -1.651872968765437117E-14, 0.0000000000000000000, -1.000000000000000000 ) ) ;
#11004 = FACE_OUTER_BOUND ( 'NONE', #4478, .T. ) ;
#11005 = FILL_AREA_STYLE ('',( #4584 ) ) ;
#11006 = VECTOR ( 'NONE', #11494, 1000.000000000000000 ) ;
#11007 = EDGE_CURVE ( 'NONE', #8087, #10366, #9022, .T. ) ;
#11008 = DIRECTION ( 'NONE',  ( 7.929618338613993440E-15, -0.0000000000000000000, 1.000000000000000000 ) ) ;
#11009 = UNCERTAINTY_MEASURE_WITH_UNIT (LENGTH_MEASURE( 1.000000000000000082E-05 ), #11358, 'distance_accuracy_value', 'NONE');
#11010 = COLOUR_RGB ( '',1.000000000000000000, 1.000000000000000000, 1.000000000000000000 ) ;
#11011 =( LENGTH_UNIT ( ) NAMED_UNIT ( * ) SI_UNIT ( .MILLI., .METRE. ) );
#11012 = VECTOR ( 'NONE', #10879, 1000.000000000000000 ) ;
#11013 = ORIENTED_EDGE ( 'NONE', *, *, #8731, .F. ) ;
#11014 = LINE ( 'NONE', #1894, #5779 ) ;
#11015 = ADVANCED_FACE ( 'NONE', ( #3489 ), #1417, .F. ) ;
#11016 = CARTESIAN_POINT ( 'NONE',  ( -0.6009599287491103059, 1.310000000000000053, -1.479341450679135361 ) ) ;
#11017 = DIRECTION ( 'NONE',  ( -0.0000000000000000000, -1.000000000000000000, -0.0000000000000000000 ) ) ;
#11018 = ORIENTED_EDGE ( 'NONE', *, *, #7982, .T. ) ;
#11019 = PRESENTATION_LAYER_ASSIGNMENT (  '', '', ( #9464 ) ) ;
#11020 = MECHANICAL_DESIGN_GEOMETRIC_PRESENTATION_REPRESENTATION (  '', ( #2665 ), #5793 ) ;
#11021 = DIRECTION ( 'NONE',  ( 0.0000000000000000000, -0.0000000000000000000, -1.000000000000000000 ) ) ;
#11022 = VECTOR ( 'NONE', #10764, 1000.000000000000000 ) ;
#11023 = STYLED_ITEM ( 'NONE', ( #8228 ), #8353 ) ;
#11024 = CARTESIAN_POINT ( 'NONE',  ( 0.9046105641992142621, 1.310000000000000053, -1.781100334026238574 ) ) ;
#11025 = SURFACE_STYLE_FILL_AREA ( #3681 ) ;
#11026 = EDGE_LOOP ( 'NONE', ( #10452, #6314, #4171, #8509 ) ) ;
#11027 = CARTESIAN_POINT ( 'NONE',  ( 1.082467030307589839, 1.310000000000000053, -1.650961543834610357 ) ) ;
#11028 = PRESENTATION_LAYER_ASSIGNMENT (  '', '', ( #9066 ) ) ;
#11029 = MECHANICAL_DESIGN_GEOMETRIC_PRESENTATION_REPRESENTATION (  '', ( #7134 ), #6543 ) ;
#11030 = CARTESIAN_POINT ( 'NONE',  ( -0.9851504788270765145, 1.310000000000000053, -1.702785426896082255 ) ) ;
#11031 = STYLED_ITEM ( 'NONE', ( #10443 ), #5068 ) ;
#11032 = EDGE_CURVE ( 'NONE', #8927, #6120, #9641, .T. ) ;
#11033 = PRESENTATION_LAYER_ASSIGNMENT (  '', '', ( #6160 ) ) ;
#11034 = B_SPLINE_SURFACE_WITH_KNOTS ( 'NONE', 3, 1, ( 
 ( #1649, #1775 ),
 ( #2620, #9054 ),
 ( #3545, #7251 ),
 ( #10952, #10024 ) ),
 .UNSPECIFIED., .F., .F., .F.,
 ( 4, 4 ),
 ( 2, 2 ),
 ( 3.000000000000000000, 4.000000000000000000 ),
 ( 0.0000000000000000000, 1.000000000000000000 ),
 .UNSPECIFIED. ) ;
#11035 = EDGE_LOOP ( 'NONE', ( #7174, #4710, #9035, #2600 ) ) ;
#11036 = CARTESIAN_POINT ( 'NONE',  ( 0.9263003717578298657, 1.300000000000000044, -1.503470786245108215 ) ) ;
#11037 = CARTESIAN_POINT ( 'NONE',  ( -0.1222033961796834683, 1.300000000000000044, -1.459690026060962875 ) ) ;
#11038 = B_SPLINE_CURVE_WITH_KNOTS ( 'NONE', 3,
 ( #93, #4629, #782, #7232 ),
 .UNSPECIFIED., .F., .F.,
 ( 4, 4 ),
 ( 12.00000000000000000, 13.00000000000000000 ),
 .UNSPECIFIED. ) ;
#11039 = VECTOR ( 'NONE', #3399, 1000.000000000000000 ) ;
#11040 = PRESENTATION_LAYER_ASSIGNMENT (  '', '', ( #4248 ) ) ;
#11041 = ADVANCED_FACE ( 'NONE', ( #7847 ), #9760, .F. ) ;
#11042 =( GEOMETRIC_REPRESENTATION_CONTEXT ( 3 ) GLOBAL_UNCERTAINTY_ASSIGNED_CONTEXT ( ( #7459 ) ) GLOBAL_UNIT_ASSIGNED_CONTEXT ( ( #10390, #10334, #11183 ) ) REPRESENTATION_CONTEXT ( 'NONE', 'WORKASPACE' ) );
#11043 = STYLED_ITEM ( 'NONE', ( #4427 ), #9746 ) ;
#11044 = VECTOR ( 'NONE', #4787, 1000.000000000000114 ) ;
#11045 = PRESENTATION_STYLE_ASSIGNMENT (( #6599 ) ) ;
#11046 = FACE_OUTER_BOUND ( 'NONE', #9093, .T. ) ;
#11047 = VECTOR ( 'NONE', #6779, 1000.000000000000000 ) ;
#11048 = CARTESIAN_POINT ( 'NONE',  ( -0.8482143612475412375, 1.310000000000000053, -1.732106600136071872 ) ) ;
#11049 = ORIENTED_EDGE ( 'NONE', *, *, #7835, .T. ) ;
#11050 = VECTOR ( 'NONE', #10192, 1000.000000000000000 ) ;
#11051 = EDGE_CURVE ( 'NONE', #8088, #4766, #11076, .T. ) ;
#11052 = STYLED_ITEM ( 'NONE', ( #11857 ), #4203 ) ;
#11053 = ORIENTED_EDGE ( 'NONE', *, *, #4109, .F. ) ;
#11054 = SURFACE_STYLE_USAGE ( .BOTH. , #8958 ) ;
#11055 = AXIS2_PLACEMENT_3D ( 'NONE', #9916, #7196, #2512 ) ;
#11056 = DIRECTION ( 'NONE',  ( -0.0000000000000000000, -0.0000000000000000000, 1.000000000000000000 ) ) ;
#11057 = LINE ( 'NONE', #5462, #3853 ) ;
#11058 = B_SPLINE_CURVE_WITH_KNOTS ( 'NONE', 3,
 ( #1982, #5567, #9263, #814 ),
 .UNSPECIFIED., .F., .F.,
 ( 4, 4 ),
 ( 8.000000000000000000, 9.000000000000000000 ),
 .UNSPECIFIED. ) ;
#11059 =( LENGTH_UNIT ( ) NAMED_UNIT ( * ) SI_UNIT ( .MILLI., .METRE. ) );
#11060 =( LENGTH_UNIT ( ) NAMED_UNIT ( * ) SI_UNIT ( .MILLI., .METRE. ) );
#11061 = ORIENTED_EDGE ( 'NONE', *, *, #2767, .T. ) ;
#11062 = ORIENTED_EDGE ( 'NONE', *, *, #784, .T. ) ;
#11063 = AXIS2_PLACEMENT_3D ( 'NONE', #1946, #34, #1145 ) ;
#11064 = CARTESIAN_POINT ( 'NONE',  ( -0.1222033961796834683, 1.310000000000000053, -1.459690026060962875 ) ) ;
#11065 = SURFACE_SIDE_STYLE ('',( #11223 ) ) ;
#11066 = DIRECTION ( 'NONE',  ( 1.000000000000000000, 0.0000000000000000000, 0.0000000000000000000 ) ) ;
#11067 =( GEOMETRIC_REPRESENTATION_CONTEXT ( 3 ) GLOBAL_UNCERTAINTY_ASSIGNED_CONTEXT ( ( #11009 ) ) GLOBAL_UNIT_ASSIGNED_CONTEXT ( ( #11358, #10456, #10336 ) ) REPRESENTATION_CONTEXT ( 'NONE', 'WORKASPACE' ) );
#11068 = CARTESIAN_POINT ( 'NONE',  ( -0.2595034290295187840, 1.300000000000000044, -1.557011367028222626 ) ) ;
#11069 = FACE_OUTER_BOUND ( 'NONE', #9917, .T. ) ;
#11070 =( NAMED_UNIT ( * ) SI_UNIT ( $, .STERADIAN. ) SOLID_ANGLE_UNIT ( ) );
#11071 = PRESENTATION_LAYER_ASSIGNMENT (  '', '', ( #10077 ) ) ;
#11072 = CARTESIAN_POINT ( 'NONE',  ( 0.7701337959481215911, 1.310000000000000053, -1.889549482140071346 ) ) ;
#11073 =( NAMED_UNIT ( * ) SI_UNIT ( $, .STERADIAN. ) SOLID_ANGLE_UNIT ( ) );
#11074 = VERTEX_POINT ( 'NONE', #1161 ) ;
#11075 =( LENGTH_UNIT ( ) NAMED_UNIT ( * ) SI_UNIT ( .MILLI., .METRE. ) );
#11076 = B_SPLINE_CURVE_WITH_KNOTS ( 'NONE', 3,
 ( #5954, #4146, #10569, #5858 ),
 .UNSPECIFIED., .F., .F.,
 ( 4, 4 ),
 ( 33.00000000000000000, 34.00000000000000000 ),
 .UNSPECIFIED. ) ;
#11077 = ORIENTED_EDGE ( 'NONE', *, *, #4147, .T. ) ;
#11078 = ORIENTED_EDGE ( 'NONE', *, *, #9970, .F. ) ;
#11079 = FACE_OUTER_BOUND ( 'NONE', #8275, .T. ) ;
#11080 = CARTESIAN_POINT ( 'NONE',  ( -0.3303629310268647590, 1.310000000000000053, -1.816326991357427589 ) ) ;
#11081 = MECHANICAL_DESIGN_GEOMETRIC_PRESENTATION_REPRESENTATION (  '', ( #9507 ), #10872 ) ;
#11082 = VERTEX_POINT ( 'NONE', #2072 ) ;
#11083 =( LENGTH_UNIT ( ) NAMED_UNIT ( * ) SI_UNIT ( .MILLI., .METRE. ) );
#11084 = UNCERTAINTY_MEASURE_WITH_UNIT (LENGTH_MEASURE( 1.000000000000000082E-05 ), #3337, 'distance_accuracy_value', 'NONE');
#11085 = COLOUR_RGB ( '',1.000000000000000000, 1.000000000000000000, 1.000000000000000000 ) ;
#11086 = CARTESIAN_POINT ( 'NONE',  ( -0.4732256687281972685, 1.310000000000000053, -1.856045743761215894 ) ) ;
#11087 = EDGE_CURVE ( 'NONE', #9502, #5180, #3811, .T. ) ;
#11088 =( NAMED_UNIT ( * ) SI_UNIT ( $, .STERADIAN. ) SOLID_ANGLE_UNIT ( ) );
#11089 = COLOUR_RGB ( '',0.7529411764705882248, 0.7529411764705882248, 0.7529411764705882248 ) ;
#11090 = ORIENTED_EDGE ( 'NONE', *, *, #9949, .F. ) ;
#11091 = SURFACE_SIDE_STYLE ('',( #9246 ) ) ;
#11092 = CARTESIAN_POINT ( 'NONE',  ( -0.3570327215798038689, 1.310000000000000053, -1.829323965311829614 ) ) ;
#11093 = DIRECTION ( 'NONE',  ( -0.0000000000000000000, -1.000000000000000000, -0.0000000000000000000 ) ) ;
#11094 = CARTESIAN_POINT ( 'NONE',  ( -0.1657172649778616835, 1.300000000000000044, -1.551708601654118835 ) ) ;
#11095 = SURFACE_STYLE_USAGE ( .BOTH. , #8365 ) ;
#11096 = LINE ( 'NONE', #2759, #10595 ) ;
#11097 = UNCERTAINTY_MEASURE_WITH_UNIT (LENGTH_MEASURE( 1.000000000000000082E-05 ), #11170, 'distance_accuracy_value', 'NONE');
#11098 = SURFACE_STYLE_USAGE ( .BOTH. , #6284 ) ;
#11099 = VERTEX_POINT ( 'NONE', #4023 ) ;
#11100 = CARTESIAN_POINT ( 'NONE',  ( -0.3635831964527602711, 1.300000000000000044, -1.843152745598332087 ) ) ;
#11101 = CARTESIAN_POINT ( 'NONE',  ( 0.6240890862035279874, 1.300000000000000044, -1.817250013290828248 ) ) ;
#11102 = DIRECTION ( 'NONE',  ( -8.617725714964501747E-15, 0.0000000000000000000, -1.000000000000000000 ) ) ;
#11103 = EDGE_LOOP ( 'NONE', ( #5709, #3126, #11090, #10981 ) ) ;
#11104 = DIRECTION ( 'NONE',  ( -0.0000000000000000000, -1.000000000000000000, -0.0000000000000000000 ) ) ;
#11105 = CARTESIAN_POINT ( 'NONE',  ( 0.7701337683681047652, 1.310000000000000053, -1.525160593804412157 ) ) ;
#11106 = SURFACE_SIDE_STYLE ('',( #8247 ) ) ;
#11107 = EDGE_LOOP ( 'NONE', ( #6594, #6051, #8214, #9064 ) ) ;
#11108 =( LENGTH_UNIT ( ) NAMED_UNIT ( * ) SI_UNIT ( .MILLI., .METRE. ) );
#11109 = LINE ( 'NONE', #2583, #1092 ) ;
#11110 = CARTESIAN_POINT ( 'NONE',  ( -0.1711240061427868886, 1.310000000000000053, -1.396992623706414305 ) ) ;
#11111 = DIRECTION ( 'NONE',  ( -1.000000000000000000, 0.0000000000000000000, 6.664894986923658622E-15 ) ) ;
#11112 = CARTESIAN_POINT ( 'NONE',  ( -0.4543475640604432431, 1.310000000000000053, -1.936964903598211052 ) ) ;
#11113 = CARTESIAN_POINT ( 'NONE',  ( 0.7397680598499239979, 1.310000000000000053, -1.776762438707540026 ) ) ;
#11114 = CARTESIAN_POINT ( 'NONE',  ( -0.1497569809625637904, 1.310000000000000053, -1.432552344444132153 ) ) ;
#11115 = ORIENTED_EDGE ( 'NONE', *, *, #1103, .T. ) ;
#11116 = ORIENTED_EDGE ( 'NONE', *, *, #2390, .T. ) ;
#11117 = CARTESIAN_POINT ( 'NONE',  ( -0.3236045045701886891, 1.300000000000000044, -1.785342205450451525 ) ) ;
#11118 = DIRECTION ( 'NONE',  ( -0.0000000000000000000, -1.000000000000000000, -0.0000000000000000000 ) ) ;
#11119 = LINE ( 'NONE', #2783, #2613 ) ;
#11120 = SURFACE_SIDE_STYLE ('',( #9220 ) ) ;
#11121 = B_SPLINE_CURVE_WITH_KNOTS ( 'NONE', 3,
 ( #10281, #1959, #5605, #6448 ),
 .UNSPECIFIED., .F., .F.,
 ( 4, 4 ),
 ( 0.0000000000000000000, 1.000000000000000000 ),
 .UNSPECIFIED. ) ;
#11122 = ADVANCED_FACE ( 'NONE', ( #6689 ), #4901, .T. ) ;
#11123 = DIRECTION ( 'NONE',  ( 1.000000000000000000, 0.0000000000000000000, -7.474873200868782110E-15 ) ) ;
#11124 = DIRECTION ( 'NONE',  ( -0.0000000000000000000, -1.000000000000000000, -0.0000000000000000000 ) ) ;
#11125 = ORIENTED_EDGE ( 'NONE', *, *, #11165, .T. ) ;
#11126 = DIRECTION ( 'NONE',  ( -0.0000000000000000000, -1.000000000000000000, -0.0000000000000000000 ) ) ;
#11127 = ORIENTED_EDGE ( 'NONE', *, *, #859, .T. ) ;
#11128 = ORIENTED_EDGE ( 'NONE', *, *, #7904, .F. ) ;
#11129 =( LENGTH_UNIT ( ) NAMED_UNIT ( * ) SI_UNIT ( .MILLI., .METRE. ) );
#11130 = ORIENTED_EDGE ( 'NONE', *, *, #9001, .F. ) ;
#11131 = CARTESIAN_POINT ( 'NONE',  ( -0.6967216328409046033, 1.310000000000000053, -1.478925547511695582 ) ) ;
#11132 = CARTESIAN_POINT ( 'NONE',  ( -0.3180417997179912359, 1.300000000000000044, -1.771825352538485943 ) ) ;
#11133 = CARTESIAN_POINT ( 'NONE',  ( -0.3785689586226531067, -2.270463040041214242, 0.6548197386238094886 ) ) ;
#11134 = FILL_AREA_STYLE_COLOUR ( '', #2311 ) ;
#11135 = CARTESIAN_POINT ( 'NONE',  ( 0.8192973266510215069, 1.310000000000000053, -1.503470786245107327 ) ) ;
#11136 = EDGE_LOOP ( 'NONE', ( #6382, #5520, #2588, #11186, #11818, #10747, #670, #6736, #2197, #7614, #2932, #6115 ) ) ;
#11137 = CARTESIAN_POINT ( 'NONE',  ( -0.1850047743250530230, 1.300000000000000044, -1.862700194424997457 ) ) ;
#11138 = DIRECTION ( 'NONE',  ( 0.3559357243698709761, -0.0000000000000000000, -0.9345104387417484393 ) ) ;
#11139 = DIRECTION ( 'NONE',  ( -0.0000000000000000000, -0.0000000000000000000, -1.000000000000000000 ) ) ;
#11140 = LINE ( 'NONE', #10289, #2677 ) ;
#11141 = FACE_OUTER_BOUND ( 'NONE', #6936, .T. ) ;
#11142 = PRESENTATION_LAYER_ASSIGNMENT (  '', '', ( #4770 ) ) ;
#11143 = CARTESIAN_POINT ( 'NONE',  ( -0.2990142298495890305, 1.310000000000000053, -1.797091469905306216 ) ) ;
#11144 = VERTEX_POINT ( 'NONE', #3335 ) ;
#11145 =( NAMED_UNIT ( * ) PLANE_ANGLE_UNIT ( ) SI_UNIT ( $, .RADIAN. ) );
#11146 = FILL_AREA_STYLE_COLOUR ( '', #1937 ) ;
#11147 = CARTESIAN_POINT ( 'NONE',  ( 9.182560094322733571E-17, -2.299999999999999822, 0.7500000000000001110 ) ) ;
#11148 = VERTEX_POINT ( 'NONE', #11747 ) ;
#11149 = DIRECTION ( 'NONE',  ( 1.000000000000000000, -0.0000000000000000000, -0.0000000000000000000 ) ) ;
#11150 = CARTESIAN_POINT ( 'NONE',  ( 0.6602387378880939517, 1.310000000000000053, -1.734828733536504464 ) ) ;
#11151 = DIRECTION ( 'NONE',  ( -0.0000000000000000000, -1.000000000000000000, -0.0000000000000000000 ) ) ;
#11152 = COLOUR_RGB ( '',1.000000000000000000, 1.000000000000000000, 1.000000000000000000 ) ;
#11153 = SURFACE_STYLE_FILL_AREA ( #8427 ) ;
#11154 = EDGE_LOOP ( 'NONE', ( #8718, #11842, #11919, #9154 ) ) ;
#11155 = VECTOR ( 'NONE', #10205, 1000.000000000000000 ) ;
#11156 =( GEOMETRIC_REPRESENTATION_CONTEXT ( 3 ) GLOBAL_UNCERTAINTY_ASSIGNED_CONTEXT ( ( #1297 ) ) GLOBAL_UNIT_ASSIGNED_CONTEXT ( ( #3632, #6489, #9218 ) ) REPRESENTATION_CONTEXT ( 'NONE', 'WORKASPACE' ) );
#11157 = FILL_AREA_STYLE_COLOUR ( '', #5545 ) ;
#11158 = DIRECTION ( 'NONE',  ( -6.397207432700280485E-15, -0.0000000000000000000, -1.000000000000000000 ) ) ;
#11159 = CARTESIAN_POINT ( 'NONE',  ( 0.7701337959481223683, 1.310000000000000053, -1.776762438707540248 ) ) ;
#11160 = EDGE_CURVE ( 'NONE', #7386, #10868, #704, .T. ) ;
#11161 = ORIENTED_EDGE ( 'NONE', *, *, #6540, .T. ) ;
#11162 = ORIENTED_EDGE ( 'NONE', *, *, #3461, .T. ) ;
#11163 = LINE ( 'NONE', #9343, #5823 ) ;
#11164 = ADVANCED_FACE ( 'NONE', ( #5241 ), #8802, .F. ) ;
#11165 = EDGE_CURVE ( 'NONE', #7684, #3513, #2416, .T. ) ;
#11166 = CARTESIAN_POINT ( 'NONE',  ( -0.1319771205930077296, 1.310000000000000053, -1.400631776413535867 ) ) ;
#11167 = UNCERTAINTY_MEASURE_WITH_UNIT (LENGTH_MEASURE( 1.000000000000000082E-05 ), #4482, 'distance_accuracy_value', 'NONE');
#11168 = LINE ( 'NONE', #2842, #1346 ) ;
#11169 = FACE_OUTER_BOUND ( 'NONE', #8683, .T. ) ;
#11170 =( LENGTH_UNIT ( ) NAMED_UNIT ( * ) SI_UNIT ( .MILLI., .METRE. ) );
#11171 = FILL_AREA_STYLE ('',( #2844 ) ) ;
#11172 = ADVANCED_FACE ( 'NONE', ( #529 ), #1438, .F. ) ;
#11173 = CARTESIAN_POINT ( 'NONE',  ( 0.7397680598499239979, 1.310000000000000053, -1.776762438707540026 ) ) ;
#11174 = FILL_AREA_STYLE ('',( #5589 ) ) ;
#11175 = ORIENTED_EDGE ( 'NONE', *, *, #5896, .F. ) ;
#11176 =( LENGTH_UNIT ( ) NAMED_UNIT ( * ) SI_UNIT ( .MILLI., .METRE. ) );
#11177 = ORIENTED_EDGE ( 'NONE', *, *, #6332, .T. ) ;
#11178 = ORIENTED_EDGE ( 'NONE', *, *, #6922, .F. ) ;
#11179 = LINE ( 'NONE', #6683, #5930 ) ;
#11180 = EDGE_LOOP ( 'NONE', ( #3560, #1629, #2067, #6251 ) ) ;
#11181 = CARTESIAN_POINT ( 'NONE',  ( -0.1736194251418753109, 1.300000000000000044, -1.856149719552735666 ) ) ;
#11182 = UNCERTAINTY_MEASURE_WITH_UNIT (LENGTH_MEASURE( 1.000000000000000082E-05 ), #8233, 'distance_accuracy_value', 'NONE');
#11183 =( NAMED_UNIT ( * ) SI_UNIT ( $, .STERADIAN. ) SOLID_ANGLE_UNIT ( ) );
#11184 = ADVANCED_FACE ( 'NONE', ( #4268 ), #7971, .F. ) ;
#11185 = EDGE_CURVE ( 'NONE', #1004, #10084, #7228, .T. ) ;
#11186 = ORIENTED_EDGE ( 'NONE', *, *, #4080, .F. ) ;
#11187 = DIRECTION ( 'NONE',  ( -0.0000000000000000000, -1.000000000000000000, -0.0000000000000000000 ) ) ;
#11188 = FILL_AREA_STYLE ('',( #3739 ) ) ;
#11189 = CARTESIAN_POINT ( 'NONE',  ( -0.3570327215798038689, 1.310000000000000053, -1.829323965311829614 ) ) ;
#11190 = B_SPLINE_CURVE_WITH_KNOTS ( 'NONE', 3,
 ( #11080, #1766, #8216, #790 ),
 .UNSPECIFIED., .F., .F.,
 ( 4, 4 ),
 ( 3.000000000000000000, 4.000000000000000000 ),
 .UNSPECIFIED. ) ;
#11191 = PRESENTATION_LAYER_ASSIGNMENT (  '', '', ( #7120 ) ) ;
#11192 = LINE ( 'NONE', #5556, #3651 ) ;
#11193 =( LENGTH_UNIT ( ) NAMED_UNIT ( * ) SI_UNIT ( .MILLI., .METRE. ) );
#11194 = VECTOR ( 'NONE', #57, 1000.000000000000000 ) ;
#11195 = SURFACE_STYLE_FILL_AREA ( #2150 ) ;
#11196 = CARTESIAN_POINT ( 'NONE',  ( -0.2941793555386828518, 1.310000000000000053, -1.790748946616070869 ) ) ;
#11197 = ORIENTED_EDGE ( 'NONE', *, *, #11376, .T. ) ;
#11198 = SURFACE_SIDE_STYLE ('',( #1178 ) ) ;
#11199 = PRESENTATION_LAYER_ASSIGNMENT (  '', '', ( #4408 ) ) ;
#11200 = SURFACE_STYLE_USAGE ( .BOTH. , #10486 ) ;
#11201 = SURFACE_SIDE_STYLE ('',( #65 ) ) ;
#11202 = CARTESIAN_POINT ( 'NONE',  ( 0.4274348530697836823, 1.310000000000000053, -1.791222310412815988 ) ) ;
#11203 = CARTESIAN_POINT ( 'NONE',  ( -0.1890078423031585353, 1.310000000000000053, -1.560962447109883744 ) ) ;
#11204 =( GEOMETRIC_REPRESENTATION_CONTEXT ( 3 ) GLOBAL_UNCERTAINTY_ASSIGNED_CONTEXT ( ( #7524 ) ) GLOBAL_UNIT_ASSIGNED_CONTEXT ( ( #2335, #10709, #6044 ) ) REPRESENTATION_CONTEXT ( 'NONE', 'WORKASPACE' ) );
#11205 = VECTOR ( 'NONE', #4340, 1000.000000000000000 ) ;
#11206 =( GEOMETRIC_REPRESENTATION_CONTEXT ( 3 ) GLOBAL_UNCERTAINTY_ASSIGNED_CONTEXT ( ( #1857 ) ) GLOBAL_UNIT_ASSIGNED_CONTEXT ( ( #6526, #5574, #10251 ) ) REPRESENTATION_CONTEXT ( 'NONE', 'WORKASPACE' ) );
#11207 = VECTOR ( 'NONE', #5801, 1000.000000000000000 ) ;
#11208 = AXIS2_PLACEMENT_3D ( 'NONE', #3537, #6390, #4650 ) ;
#11209 = CARTESIAN_POINT ( 'NONE',  ( -0.2571119858219441112, 1.300000000000000044, -1.786693890742894641 ) ) ;
#11210 = ORIENTED_EDGE ( 'NONE', *, *, #7646, .T. ) ;
#11211 = MECHANICAL_DESIGN_GEOMETRIC_PRESENTATION_REPRESENTATION (  '', ( #6160 ), #3857 ) ;
#11212 = UNCERTAINTY_MEASURE_WITH_UNIT (LENGTH_MEASURE( 1.000000000000000082E-05 ), #6066, 'distance_accuracy_value', 'NONE');
#11213 =( GEOMETRIC_REPRESENTATION_CONTEXT ( 3 ) GLOBAL_UNCERTAINTY_ASSIGNED_CONTEXT ( ( #4970 ) ) GLOBAL_UNIT_ASSIGNED_CONTEXT ( ( #4723, #10348, #4782 ) ) REPRESENTATION_CONTEXT ( 'NONE', 'WORKASPACE' ) );
#11214 = CARTESIAN_POINT ( 'NONE',  ( 1.082467030307589839, 1.300000000000000044, -1.650961543834610357 ) ) ;
#11215 = CARTESIAN_POINT ( 'NONE',  ( -0.8556486303490521417, 1.300000000000000044, -1.776608238953634400 ) ) ;
#11216 = FACE_BOUND ( 'NONE', #1684, .T. ) ;
#11217 = ORIENTED_EDGE ( 'NONE', *, *, #5219, .F. ) ;
#11218 = ORIENTED_EDGE ( 'NONE', *, *, #7981, .F. ) ;
#11219 = AXIS2_PLACEMENT_3D ( 'NONE', #3132, #8711, #2994 ) ;
#11220 = DIRECTION ( 'NONE',  ( -6.914753392094647351E-15, 0.0000000000000000000, -1.000000000000000000 ) ) ;
#11221 = COLOUR_RGB ( '',1.000000000000000000, 1.000000000000000000, 1.000000000000000000 ) ;
#11222 = DIRECTION ( 'NONE',  ( -0.0000000000000000000, -1.000000000000000000, -0.0000000000000000000 ) ) ;
#11223 = SURFACE_STYLE_FILL_AREA ( #8558 ) ;
#11224 = VECTOR ( 'NONE', #11017, 1000.000000000000000 ) ;
#11225 = CARTESIAN_POINT ( 'NONE',  ( -0.2022127678405898632, 1.300000000000000044, -1.752277903711821239 ) ) ;
#11226 = ADVANCED_FACE ( 'NONE', ( #961 ), #9161, .T. ) ;
#11227 = PRESENTATION_STYLE_ASSIGNMENT (( #2119 ) ) ;
#11228 = VECTOR ( 'NONE', #6835, 1000.000000000000000 ) ;
#11229 =( NAMED_UNIT ( * ) SI_UNIT ( $, .STERADIAN. ) SOLID_ANGLE_UNIT ( ) );
#11230 = PRESENTATION_STYLE_ASSIGNMENT (( #9463 ) ) ;
#11231 = FILL_AREA_STYLE_COLOUR ( '', #7129 ) ;
#11232 = VECTOR ( 'NONE', #6071, 1000.000000000000000 ) ;
#11233 = ORIENTED_EDGE ( 'NONE', *, *, #2015, .T. ) ;
#11234 = PRESENTATION_LAYER_ASSIGNMENT (  '', '', ( #3284 ) ) ;
#11235 = EDGE_LOOP ( 'NONE', ( #5194, #10792, #3136, #4788, #5795, #536, #434, #1340, #8401, #4574, #3151, #5404, #7477, #5418 ) ) ;
#11236 = ORIENTED_EDGE ( 'NONE', *, *, #594, .F. ) ;
#11237 =( NAMED_UNIT ( * ) SI_UNIT ( $, .STERADIAN. ) SOLID_ANGLE_UNIT ( ) );
#11238 = MECHANICAL_DESIGN_GEOMETRIC_PRESENTATION_REPRESENTATION (  '', ( #5627 ), #4461 ) ;
#11239 = VECTOR ( 'NONE', #1209, 1000.000000000000000 ) ;
#11240 = ORIENTED_EDGE ( 'NONE', *, *, #6721, .T. ) ;
#11241 = CARTESIAN_POINT ( 'NONE',  ( -0.2219681682502721298, 1.300000000000000044, -1.537567893993073476 ) ) ;
#11242 = COLOUR_RGB ( '',1.000000000000000000, 1.000000000000000000, 1.000000000000000000 ) ;
#11243 = CARTESIAN_POINT ( 'NONE',  ( 0.9263003717578298657, 1.300000000000000044, -1.503470786245108215 ) ) ;
#11244 = PRESENTATION_STYLE_ASSIGNMENT (( #1829 ) ) ;
#11245 = EDGE_CURVE ( 'NONE', #11976, #11756, #3969, .T. ) ;
#11246 =( NAMED_UNIT ( * ) PLANE_ANGLE_UNIT ( ) SI_UNIT ( $, .RADIAN. ) );
#11247 = STYLED_ITEM ( 'NONE', ( #5777 ), #6129 ) ;
#11248 = EDGE_CURVE ( 'NONE', #9314, #5540, #3769, .T. ) ;
#11249 =( GEOMETRIC_REPRESENTATION_CONTEXT ( 3 ) GLOBAL_UNCERTAINTY_ASSIGNED_CONTEXT ( ( #10772 ) ) GLOBAL_UNIT_ASSIGNED_CONTEXT ( ( #8323, #4050, #6713 ) ) REPRESENTATION_CONTEXT ( 'NONE', 'WORKASPACE' ) );
#11250 = CARTESIAN_POINT ( 'NONE',  ( 0.3811632525793582915, 1.300000000000000044, -1.374778009425431158 ) ) ;
#11251 = STYLED_ITEM ( 'NONE', ( #10505 ), #10631 ) ;
#11252 = DIRECTION ( 'NONE',  ( -1.000000000000000000, 0.0000000000000000000, 6.353357572162295355E-15 ) ) ;
#11253 = EDGE_LOOP ( 'NONE', ( #5166, #8379, #10243, #97 ) ) ;
#11254 = PRESENTATION_STYLE_ASSIGNMENT (( #9363 ) ) ;
#11255 = FACE_OUTER_BOUND ( 'NONE', #6121, .T. ) ;
#11256 = DIRECTION ( 'NONE',  ( -1.000000000000000000, -0.0000000000000000000, 7.474873201226315960E-15 ) ) ;
#11257 = DIRECTION ( 'NONE',  ( -0.0000000000000000000, -1.000000000000000000, -0.0000000000000000000 ) ) ;
#11258 = CARTESIAN_POINT ( 'NONE',  ( -1.897366596101027536, 1.300000000000000044, -2.250000000000000000 ) ) ;
#11259 = CARTESIAN_POINT ( 'NONE',  ( -0.2060598721307327907, 1.300000000000000044, -1.883599328542719498 ) ) ;
#11260 = EDGE_CURVE ( 'NONE', #3076, #7423, #8265, .T. ) ;
#11261 = CARTESIAN_POINT ( 'NONE',  ( -0.8832542030290818635, 1.300000000000000044, -1.745727428839554340 ) ) ;
#11262 = MECHANICAL_DESIGN_GEOMETRIC_PRESENTATION_REPRESENTATION (  '', ( #10999 ), #2518 ) ;
#11263 = EDGE_CURVE ( 'NONE', #6612, #7639, #778, .T. ) ;
#11264 = SURFACE_SIDE_STYLE ('',( #9427 ) ) ;
#11265 = EDGE_LOOP ( 'NONE', ( #327, #4633, #7259, #2251 ) ) ;
#11266 = AXIS2_PLACEMENT_3D ( 'NONE', #3460, #6374, #9222 ) ;
#11267 =( NAMED_UNIT ( * ) PLANE_ANGLE_UNIT ( ) SI_UNIT ( $, .RADIAN. ) );
#11268 = ADVANCED_FACE ( 'NONE', ( #11069 ), #6487, .T. ) ;
#11269 = ORIENTED_EDGE ( 'NONE', *, *, #7856, .F. ) ;
#11270 = DIRECTION ( 'NONE',  ( 0.0000000000000000000, 0.0000000000000000000, 1.000000000000000000 ) ) ;
#11271 = ORIENTED_EDGE ( 'NONE', *, *, #2389, .F. ) ;
#11272 = LINE ( 'NONE', #997, #7939 ) ;
#11273 = CARTESIAN_POINT ( 'NONE',  ( -0.3754884245948870714, 1.310000000000000053, -1.810192419651218243 ) ) ;
#11274 = LINE ( 'NONE', #6663, #2289 ) ;
#11275 = ORIENTED_EDGE ( 'NONE', *, *, #2185, .F. ) ;
#11276 = CARTESIAN_POINT ( 'NONE',  ( -0.6285655014263664686, 1.310000000000000053, -1.453243526978823086 ) ) ;
#11277 = MECHANICAL_DESIGN_GEOMETRIC_PRESENTATION_REPRESENTATION (  '', ( #5667 ), #9337 ) ;
#11278 = DIRECTION ( 'NONE',  ( 1.000000000000000000, 0.0000000000000000000, -7.220391078106140971E-15 ) ) ;
#11279 = CARTESIAN_POINT ( 'NONE',  ( 1.060777222749669679, 1.310000000000000053, -1.765194552374765191 ) ) ;
#11280 =( NAMED_UNIT ( * ) PLANE_ANGLE_UNIT ( ) SI_UNIT ( $, .RADIAN. ) );
#11281 = ORIENTED_EDGE ( 'NONE', *, *, #11805, .F. ) ;
#11282 = LINE ( 'NONE', #9565, #11643 ) ;
#11283 = CARTESIAN_POINT ( 'NONE',  ( -0.6746267771193933394, 1.300000000000000044, -1.676791478987285311 ) ) ;
#11284 = PRESENTATION_STYLE_ASSIGNMENT (( #7830 ) ) ;
#11285 =( LENGTH_UNIT ( ) NAMED_UNIT ( * ) SI_UNIT ( .MILLI., .METRE. ) );
#11286 = UNCERTAINTY_MEASURE_WITH_UNIT (LENGTH_MEASURE( 1.000000000000000082E-05 ), #892, 'distance_accuracy_value', 'NONE');
#11287 = FILL_AREA_STYLE_COLOUR ( '', #7185 ) ;
#11288 = PRESENTATION_STYLE_ASSIGNMENT (( #5662 ) ) ;
#11289 = CARTESIAN_POINT ( 'NONE',  ( -0.4246689740367723953, 1.300000000000000044, -1.948584198313327409 ) ) ;
#11290 = CARTESIAN_POINT ( 'NONE',  ( -1.520000000000000018, 0.2000000000000000111, -7.249999999999999112 ) ) ;
#11291 = CARTESIAN_POINT ( 'NONE',  ( 1.082467030307590283, 1.300000000000000044, -1.588784106533361662 ) ) ;
#11292 = FILL_AREA_STYLE ('',( #10270 ) ) ;
#11293 = CARTESIAN_POINT ( 'NONE',  ( -0.8832542030290820856, 1.310000000000000053, -1.775880408413037737 ) ) ;
#11294 = ORIENTED_EDGE ( 'NONE', *, *, #8560, .T. ) ;
#11295 = CARTESIAN_POINT ( 'NONE',  ( -0.4180145233723066012, 1.300000000000000044, -1.926749282070603364 ) ) ;
#11296 = ORIENTED_EDGE ( 'NONE', *, *, #4341, .T. ) ;
#11297 = VERTEX_POINT ( 'NONE', #11289 ) ;
#11298 = CARTESIAN_POINT ( 'NONE',  ( -0.2395920649318639684, 1.310000000000000053, -1.731586721177126753 ) ) ;
#11299 = B_SPLINE_CURVE_WITH_KNOTS ( 'NONE', 3,
 ( #10404, #115, #2024, #5744 ),
 .UNSPECIFIED., .F., .F.,
 ( 4, 4 ),
 ( 2.000000000000000000, 3.000000000000000000 ),
 .UNSPECIFIED. ) ;
#11300 = CARTESIAN_POINT ( 'NONE',  ( 1.520000000000000018, 0.2000000000000000111, -7.249999999999999112 ) ) ;
#11301 = EDGE_LOOP ( 'NONE', ( #4685, #2686, #10955, #4734 ) ) ;
#11302 = CARTESIAN_POINT ( 'NONE',  ( -0.2316379168720963944, 1.300000000000000044, -1.833171069601973846 ) ) ;
#11303 = SURFACE_SIDE_STYLE ('',( #5789 ) ) ;
#11304 = FILL_AREA_STYLE ('',( #10391 ) ) ;
#11305 = CARTESIAN_POINT ( 'NONE',  ( 0.2500000000000000000, -0.2000000000000000111, -2.250000000000000000 ) ) ;
#11306 = FILL_AREA_STYLE ('',( #6562 ) ) ;
#11307 = CARTESIAN_POINT ( 'NONE',  ( -0.1222033961796834683, 1.300000000000000044, -1.459690026060962875 ) ) ;
#11308 = EDGE_CURVE ( 'NONE', #6667, #4868, #7733, .T. ) ;
#11309 = STYLED_ITEM ( 'NONE', ( #1678 ), #1798 ) ;
#11310 = PRESENTATION_STYLE_ASSIGNMENT (( #2928 ) ) ;
#11311 = SURFACE_SIDE_STYLE ('',( #5738 ) ) ;
#11312 = ORIENTED_EDGE ( 'NONE', *, *, #1370, .T. ) ;
#11313 = LINE ( 'NONE', #2982, #61 ) ;
#11314 = FILL_AREA_STYLE ('',( #5682 ) ) ;
#11315 = ORIENTED_EDGE ( 'NONE', *, *, #6564, .F. ) ;
#11316 = CARTESIAN_POINT ( 'NONE',  ( -0.4430207012596534266, 1.300000000000000044, -1.919990855613927572 ) ) ;
#11317 = EDGE_CURVE ( 'NONE', #11945, #6874, #8617, .T. ) ;
#11318 = CARTESIAN_POINT ( 'NONE',  ( 0.4245429228566187096, 1.300000000000000044, -1.791222310412815988 ) ) ;
#11319 = CARTESIAN_POINT ( 'NONE',  ( -0.9719975411854099301, 1.310000000000000053, -1.676791478987283313 ) ) ;
#11320 = EDGE_CURVE ( 'NONE', #6120, #9994, #3024, .T. ) ;
#11321 = CARTESIAN_POINT ( 'NONE',  ( -0.8730125875525542867, 1.300000000000000044, -1.832651190643018513 ) ) ;
#11322 =( NAMED_UNIT ( * ) SI_UNIT ( $, .STERADIAN. ) SOLID_ANGLE_UNIT ( ) );
#11323 = ORIENTED_EDGE ( 'NONE', *, *, #7842, .F. ) ;
#11324 =( NAMED_UNIT ( * ) SI_UNIT ( $, .STERADIAN. ) SOLID_ANGLE_UNIT ( ) );
#11325 = SURFACE_STYLE_USAGE ( .BOTH. , #2997 ) ;
#11326 = EDGE_LOOP ( 'NONE', ( #7594, #1817, #7035, #4345 ) ) ;
#11327 = B_SPLINE_SURFACE_WITH_KNOTS ( 'NONE', 3, 1, ( 
 ( #109, #5861 ),
 ( #10342, #1213 ),
 ( #242, #5679 ),
 ( #293, #2016 ) ),
 .UNSPECIFIED., .F., .F., .F.,
 ( 4, 4 ),
 ( 2, 2 ),
 ( 0.0000000000000000000, 1.000000000000000000 ),
 ( 0.0000000000000000000, 1.000000000000000000 ),
 .UNSPECIFIED. ) ;
#11328 = EDGE_LOOP ( 'NONE', ( #5940, #6847, #5959, #5972 ) ) ;
#11329 = PRESENTATION_STYLE_ASSIGNMENT (( #9261 ) ) ;
#11330 = EDGE_CURVE ( 'NONE', #2504, #2420, #762, .T. ) ;
#11331 = MECHANICAL_DESIGN_GEOMETRIC_PRESENTATION_REPRESENTATION (  '', ( #1415 ), #6292 ) ;
#11332 = ADVANCED_FACE ( 'NONE', ( #4809 ), #4009, .F. ) ;
#11333 = PLANE ( 'NONE',  #10448 ) ;
#11334 = VERTEX_POINT ( 'NONE', #2176 ) ;
#11335 = SURFACE_STYLE_FILL_AREA ( #9446 ) ;
#11336 = CARTESIAN_POINT ( 'NONE',  ( -0.7271345518931688900, 1.300000000000000044, -1.394393228915806526 ) ) ;
#11337 = COLOUR_RGB ( '',1.000000000000000000, 1.000000000000000000, 1.000000000000000000 ) ;
#11338 = CARTESIAN_POINT ( 'NONE',  ( -0.2316379168720967274, 1.310000000000000053, -1.880168127418621715 ) ) ;
#11339 = ORIENTED_EDGE ( 'NONE', *, *, #3771, .F. ) ;
#11340 = ORIENTED_EDGE ( 'NONE', *, *, #4109, .T. ) ;
#11341 = PLANE ( 'NONE',  #9085 ) ;
#11342 = CARTESIAN_POINT ( 'NONE',  ( -0.1403991597152868254, 1.300000000000000044, -1.854278155302721665 ) ) ;
#11343 = CARTESIAN_POINT ( 'NONE',  ( -0.6746267771193935614, 1.300000000000000044, -1.700186032104094247 ) ) ;
#11344 = MECHANICAL_DESIGN_GEOMETRIC_PRESENTATION_REPRESENTATION (  '', ( #10182 ), #9205 ) ;
#11345 = CARTESIAN_POINT ( 'NONE',  ( -0.1729955703921096100, 1.300000000000000044, -1.820797950398037601 ) ) ;
#11346 = CARTESIAN_POINT ( 'NONE',  ( -0.7176727548557694236, 1.300000000000000044, -1.676791478987285089 ) ) ;
#11347 = ORIENTED_EDGE ( 'NONE', *, *, #616, .F. ) ;
#11348 = CARTESIAN_POINT ( 'NONE',  ( -0.8184772848414899604, 1.300000000000000044, -1.706528555394717817 ) ) ;
#11349 = VERTEX_POINT ( 'NONE', #9571 ) ;
#11350 = ORIENTED_EDGE ( 'NONE', *, *, #3692, .F. ) ;
#11351 = LINE ( 'NONE', #9406, #6189 ) ;
#11352 = EDGE_CURVE ( 'NONE', #4766, #4813, #6995, .T. ) ;
#11353 = CARTESIAN_POINT ( 'NONE',  ( -0.3414363528354900645, 1.310000000000000053, -1.534344644452004358 ) ) ;
#11354 = ORIENTED_EDGE ( 'NONE', *, *, #3195, .F. ) ;
#11355 = PLANE ( 'NONE',  #10047 ) ;
#11356 = LINE ( 'NONE', #11131, #11778 ) ;
#11357 = SURFACE_STYLE_FILL_AREA ( #4714 ) ;
#11358 =( LENGTH_UNIT ( ) NAMED_UNIT ( * ) SI_UNIT ( .MILLI., .METRE. ) );
#11359 = CARTESIAN_POINT ( 'NONE',  ( -0.3868737737780583719, 1.310000000000000053, -1.823085417812717157 ) ) ;
#11360 = CARTESIAN_POINT ( 'NONE',  ( -0.2744759430247415977, 1.300000000000000044, -1.359041459761119786 ) ) ;
#11361 = UNCERTAINTY_MEASURE_WITH_UNIT (LENGTH_MEASURE( 1.000000000000000082E-05 ), #3826, 'distance_accuracy_value', 'NONE');
#11362 = CARTESIAN_POINT ( 'NONE',  ( -0.4246689740367723953, 1.310000000000000053, -1.948584198313327409 ) ) ;
#11363 = VECTOR ( 'NONE', #11126, 1000.000000000000000 ) ;
#11364 = SURFACE_STYLE_USAGE ( .BOTH. , #7804 ) ;
#11365 = ORIENTED_EDGE ( 'NONE', *, *, #2048, .T. ) ;
#11366 = CARTESIAN_POINT ( 'NONE',  ( -0.2917879123311050149, 1.310000000000000053, -1.774112819954545062 ) ) ;
#11367 =( NAMED_UNIT ( * ) SI_UNIT ( $, .STERADIAN. ) SOLID_ANGLE_UNIT ( ) );
#11368 = CARTESIAN_POINT ( 'NONE',  ( 0.4722604332932418547, 1.310000000000000053, -1.836047890636272051 ) ) ;
#11369 = VERTEX_POINT ( 'NONE', #1249 ) ;
#11370 = SURFACE_STYLE_USAGE ( .BOTH. , #8707 ) ;
#11371 = CARTESIAN_POINT ( 'NONE',  ( -0.1138853328496113593, 1.310000000000000053, -1.534344644452005912 ) ) ;
#11372 = CARTESIAN_POINT ( 'NONE',  ( 0.6891585088800569192, 1.300000000000000044, -1.976308602054442254 ) ) ;
#11373 = EDGE_CURVE ( 'NONE', #10905, #37, #11569, .T. ) ;
#11374 = DIRECTION ( 'NONE',  ( -8.762561441588716833E-15, 0.0000000000000000000, -1.000000000000000000 ) ) ;
#11375 = EDGE_LOOP ( 'NONE', ( #11880, #800, #9057, #1975 ) ) ;
#11376 = EDGE_CURVE ( 'NONE', #4139, #11450, #2404, .T. ) ;
#11377 = CARTESIAN_POINT ( 'NONE',  ( -0.4747853056036676067, 1.310000000000000053, -1.849391293096057653 ) ) ;
#11378 = CARTESIAN_POINT ( 'NONE',  ( -0.1222033961796834683, 1.310000000000000053, -1.459690026060962875 ) ) ;
#11379 = CARTESIAN_POINT ( 'NONE',  ( -0.2219681682502721298, 1.310000000000000053, -1.537567893993073476 ) ) ;
#11380 = AXIS2_PLACEMENT_3D ( 'NONE', #4745, #8431, #8552 ) ;
#11381 = VERTEX_POINT ( 'NONE', #8957 ) ;
#11382 = UNCERTAINTY_MEASURE_WITH_UNIT (LENGTH_MEASURE( 1.000000000000000082E-05 ), #10577, 'distance_accuracy_value', 'NONE');
#11383 =( NAMED_UNIT ( * ) SI_UNIT ( $, .STERADIAN. ) SOLID_ANGLE_UNIT ( ) );
#11384 = ORIENTED_EDGE ( 'NONE', *, *, #9636, .T. ) ;
#11385 = CARTESIAN_POINT ( 'NONE',  ( 0.5055181271853212976, 1.300000000000000044, -1.299586672418065136 ) ) ;
#11386 = CARTESIAN_POINT ( 'NONE',  ( -0.6009599287491103059, 1.300000000000000044, -1.479341450679135361 ) ) ;
#11387 = SURFACE_SIDE_STYLE ('',( #3994 ) ) ;
#11388 = AXIS2_PLACEMENT_3D ( 'NONE', #5614, #6451, #110 ) ;
#11389 = PRESENTATION_STYLE_ASSIGNMENT (( #9441 ) ) ;
#11390 = FILL_AREA_STYLE_COLOUR ( '', #10048 ) ;
#11391 = EDGE_CURVE ( 'NONE', #5249, #10659, #2476, .T. ) ;
#11392 = ORIENTED_EDGE ( 'NONE', *, *, #9370, .F. ) ;
#11393 = DIRECTION ( 'NONE',  ( 7.681361410846068690E-15, -0.0000000000000000000, 1.000000000000000000 ) ) ;
#11394 = STYLED_ITEM ( 'NONE', ( #10526 ), #2951 ) ;
#11395 = PRESENTATION_LAYER_ASSIGNMENT (  '', '', ( #4620 ) ) ;
#11396 = SURFACE_STYLE_USAGE ( .BOTH. , #2047 ) ;
#11397 =( GEOMETRIC_REPRESENTATION_CONTEXT ( 3 ) GLOBAL_UNCERTAINTY_ASSIGNED_CONTEXT ( ( #11167 ) ) GLOBAL_UNIT_ASSIGNED_CONTEXT ( ( #4482, #8304, #4601 ) ) REPRESENTATION_CONTEXT ( 'NONE', 'WORKASPACE' ) );
#11398 = EDGE_CURVE ( 'NONE', #5675, #11144, #6979, .T. ) ;
#11399 = VECTOR ( 'NONE', #2444, 1000.000000000000000 ) ;
#11400 = ORIENTED_EDGE ( 'NONE', *, *, #10691, .T. ) ;
#11401 = ORIENTED_EDGE ( 'NONE', *, *, #1128, .F. ) ;
#11402 = FACE_OUTER_BOUND ( 'NONE', #11868, .T. ) ;
#11403 = PRESENTATION_LAYER_ASSIGNMENT (  '', '', ( #6385 ) ) ;
#11404 = STYLED_ITEM ( 'NONE', ( #8746 ), #5092 ) ;
#11405 = CARTESIAN_POINT ( 'NONE',  ( -0.2395920649318639684, 1.310000000000000053, -1.731586721177126753 ) ) ;
#11406 = UNCERTAINTY_MEASURE_WITH_UNIT (LENGTH_MEASURE( 1.000000000000000082E-05 ), #5107, 'distance_accuracy_value', 'NONE');
#11407 = VECTOR ( 'NONE', #8909, 1000.000000000000000 ) ;
#11408 = ADVANCED_FACE ( 'NONE', ( #6116 ), #6176, .F. ) ;
#11409 = CARTESIAN_POINT ( 'NONE',  ( 0.5778174857137977627, 1.310000000000000053, -1.299586672418065580 ) ) ;
#11410 = CARTESIAN_POINT ( 'NONE',  ( -1.520000000000000018, 0.2000000000000000111, -7.249999999999999112 ) ) ;
#11411 = VECTOR ( 'NONE', #3873, 1000.000000000000114 ) ;
#11412 = EDGE_CURVE ( 'NONE', #9232, #899, #7888, .T. ) ;
#11413 = FILL_AREA_STYLE ('',( #8619 ) ) ;
#11414 = DIRECTION ( 'NONE',  ( 1.000000000000000000, 0.0000000000000000000, 0.0000000000000000000 ) ) ;
#11415 = EDGE_LOOP ( 'NONE', ( #7536, #7463, #6625, #9245 ) ) ;
#11416 = LINE ( 'NONE', #95, #6234 ) ;
#11417 = VERTEX_POINT ( 'NONE', #11521 ) ;
#11418 = ORIENTED_EDGE ( 'NONE', *, *, #6067, .T. ) ;
#11419 = CARTESIAN_POINT ( 'NONE',  ( -0.9430922711114669843, 1.300000000000000044, -1.824541078896672941 ) ) ;
#11420 = MECHANICAL_DESIGN_GEOMETRIC_PRESENTATION_REPRESENTATION (  '', ( #9071 ), #8508 ) ;
#11421 = SURFACE_STYLE_FILL_AREA ( #4020 ) ;
#11422 = PRESENTATION_LAYER_ASSIGNMENT (  '', '', ( #10835 ) ) ;
#11423 = FACE_OUTER_BOUND ( 'NONE', #966, .T. ) ;
#11424 =( GEOMETRIC_REPRESENTATION_CONTEXT ( 3 ) GLOBAL_UNCERTAINTY_ASSIGNED_CONTEXT ( ( #1282 ) ) GLOBAL_UNIT_ASSIGNED_CONTEXT ( ( #7966, #1676, #2465 ) ) REPRESENTATION_CONTEXT ( 'NONE', 'WORKASPACE' ) );
#11425 = CARTESIAN_POINT ( 'NONE',  ( -0.4082407989589754704, 1.310000000000000053, -1.946504682480287185 ) ) ;
#11426 = PLANE ( 'NONE',  #3389 ) ;
#11427 = MECHANICAL_DESIGN_GEOMETRIC_PRESENTATION_REPRESENTATION (  '', ( #554 ), #3470 ) ;
#11428 = FILL_AREA_STYLE_COLOUR ( '', #2312 ) ;
#11429 = B_SPLINE_SURFACE_WITH_KNOTS ( 'NONE', 3, 1, ( 
 ( #11526, #10861 ),
 ( #2724, #4610 ),
 ( #10922, #9990 ),
 ( #3437, #10058 ) ),
 .UNSPECIFIED., .F., .F., .F.,
 ( 4, 4 ),
 ( 2, 2 ),
 ( 1.000000000000000000, 2.000000000000000000 ),
 ( 0.0000000000000000000, 1.000000000000000000 ),
 .UNSPECIFIED. ) ;
#11430 = CARTESIAN_POINT ( 'NONE',  ( -0.4246689740367723953, 1.300000000000000044, -1.948584198313327409 ) ) ;
#11431 = VECTOR ( 'NONE', #2237, 1000.000000000000000 ) ;
#11432 = CARTESIAN_POINT ( 'NONE',  ( -0.3414363528354890098, 1.300000000000000044, -1.377549150671263600 ) ) ;
#11433 =( LENGTH_UNIT ( ) NAMED_UNIT ( * ) SI_UNIT ( .MILLI., .METRE. ) );
#11434 =( GEOMETRIC_REPRESENTATION_CONTEXT ( 3 ) GLOBAL_UNCERTAINTY_ASSIGNED_CONTEXT ( ( #5389 ) ) GLOBAL_UNIT_ASSIGNED_CONTEXT ( ( #7266, #7951, #10049 ) ) REPRESENTATION_CONTEXT ( 'NONE', 'WORKASPACE' ) );
#11435 = ORIENTED_EDGE ( 'NONE', *, *, #6178, .T. ) ;
#11436 = CARTESIAN_POINT ( 'NONE',  ( -0.6009599287491100839, 1.300000000000000044, -1.453971357520802199 ) ) ;
#11437 = AXIS2_PLACEMENT_3D ( 'NONE', #9221, #6434, #3523 ) ;
#11438 = SURFACE_STYLE_FILL_AREA ( #8585 ) ;
#11439 = ORIENTED_EDGE ( 'NONE', *, *, #10438, .T. ) ;
#11440 = AXIS2_PLACEMENT_3D ( 'NONE', #10558, #11524, #10673 ) ;
#11441 = CARTESIAN_POINT ( 'NONE',  ( -0.7992937512851248094, 1.300000000000000044, -1.856981525884830120 ) ) ;
#11442 = SURFACE_STYLE_FILL_AREA ( #9546 ) ;
#11443 = AXIS2_PLACEMENT_3D ( 'NONE', #1287, #1407, #1535 ) ;
#11444 = EDGE_CURVE ( 'NONE', #10481, #8645, #146, .T. ) ;
#11445 =( GEOMETRIC_REPRESENTATION_CONTEXT ( 3 ) GLOBAL_UNCERTAINTY_ASSIGNED_CONTEXT ( ( #5437 ) ) GLOBAL_UNIT_ASSIGNED_CONTEXT ( ( #8983, #10640, #8875 ) ) REPRESENTATION_CONTEXT ( 'NONE', 'WORKASPACE' ) );
#11446 = CARTESIAN_POINT ( 'NONE',  ( -0.7304617772257490094, 1.310000000000000053, -1.380148545461863385 ) ) ;
#11447 = ORIENTED_EDGE ( 'NONE', *, *, #6504, .F. ) ;
#11448 =( NAMED_UNIT ( * ) PLANE_ANGLE_UNIT ( ) SI_UNIT ( $, .RADIAN. ) );
#11449 = CARTESIAN_POINT ( 'NONE',  ( 0.3855012030594882622, 1.310000000000000053, -1.465875197034322897 ) ) ;
#11450 = VERTEX_POINT ( 'NONE', #632 ) ;
#11451 = VECTOR ( 'NONE', #8286, 1000.000000000000000 ) ;
#11452 = LINE ( 'NONE', #4045, #512 ) ;
#11453 = ORIENTED_EDGE ( 'NONE', *, *, #3071, .T. ) ;
#11454 =( LENGTH_UNIT ( ) NAMED_UNIT ( * ) SI_UNIT ( .MILLI., .METRE. ) );
#11455 = FILL_AREA_STYLE ('',( #8723 ) ) ;
#11456 =( NAMED_UNIT ( * ) SI_UNIT ( $, .STERADIAN. ) SOLID_ANGLE_UNIT ( ) );
#11457 = PRESENTATION_LAYER_ASSIGNMENT (  '', '', ( #6598 ) ) ;
#11458 =( GEOMETRIC_REPRESENTATION_CONTEXT ( 3 ) GLOBAL_UNCERTAINTY_ASSIGNED_CONTEXT ( ( #11681 ) ) GLOBAL_UNIT_ASSIGNED_CONTEXT ( ( #46, #6559, #1208 ) ) REPRESENTATION_CONTEXT ( 'NONE', 'WORKASPACE' ) );
#11459 = CARTESIAN_POINT ( 'NONE',  ( -0.006634303781057320631, 1.300000000000000044, -1.676791478987290196 ) ) ;
#11460 = VERTEX_POINT ( 'NONE', #10728 ) ;
#11461 = DIRECTION ( 'NONE',  ( -0.0000000000000000000, -1.000000000000000000, -0.0000000000000000000 ) ) ;
#11462 = EDGE_CURVE ( 'NONE', #5655, #10659, #1554, .T. ) ;
#11463 = B_SPLINE_CURVE_WITH_KNOTS ( 'NONE', 3,
 ( #10721, #1465, #5209, #2574 ),
 .UNSPECIFIED., .F., .F.,
 ( 4, 4 ),
 ( 11.00000000000000000, 12.00000000000000000 ),
 .UNSPECIFIED. ) ;
#11464 = AXIS2_PLACEMENT_3D ( 'NONE', #2267, #5087, #3307 ) ;
#11465 =( NAMED_UNIT ( * ) PLANE_ANGLE_UNIT ( ) SI_UNIT ( $, .RADIAN. ) );
#11466 = ORIENTED_EDGE ( 'NONE', *, *, #4509, .F. ) ;
#11467 = DIRECTION ( 'NONE',  ( -1.000000000000000000, -0.0000000000000000000, -0.0000000000000000000 ) ) ;
#11468 = DIRECTION ( 'NONE',  ( 9.268842769272767719E-15, -0.0000000000000000000, 1.000000000000000000 ) ) ;
#11469 = DIRECTION ( 'NONE',  ( 6.662906143883843796E-15, -0.0000000000000000000, 1.000000000000000000 ) ) ;
#11470 = CARTESIAN_POINT ( 'NONE',  ( -0.2046042110481660070, 1.300000000000000044, -1.731586721177126975 ) ) ;
#11471 = VECTOR ( 'NONE', #9802, 1000.000000000000000 ) ;
#11472 = CARTESIAN_POINT ( 'NONE',  ( -0.3376412364411033318, 1.310000000000000053, -1.752277903711820128 ) ) ;
#11473 = CARTESIAN_POINT ( 'NONE',  ( -0.1662371439361186309, 1.300000000000000044, -1.831299505351968282 ) ) ;
#11474 = FACE_OUTER_BOUND ( 'NONE', #2942, .T. ) ;
#11475 = PRESENTATION_LAYER_ASSIGNMENT (  '', '', ( #3522 ) ) ;
#11476 = CARTESIAN_POINT ( 'NONE',  ( 0.2944040223455993699, 1.300000000000000044, -1.788330325038918422 ) ) ;
#11477 = CARTESIAN_POINT ( 'NONE',  ( -0.4082407989589754149, 1.310000000000000053, -1.923837959904069361 ) ) ;
#11478 = VERTEX_POINT ( 'NONE', #3205 ) ;
#11479 = ORIENTED_EDGE ( 'NONE', *, *, #696, .F. ) ;
#11480 = FILL_AREA_STYLE ('',( #8568 ) ) ;
#11481 = PRESENTATION_STYLE_ASSIGNMENT (( #2238 ) ) ;
#11482 =( LENGTH_UNIT ( ) NAMED_UNIT ( * ) SI_UNIT ( .MILLI., .METRE. ) );
#11483 = CARTESIAN_POINT ( 'NONE',  ( 1.082467030307589839, 1.310000000000000053, -1.650961543834610357 ) ) ;
#11484 = CARTESIAN_POINT ( 'NONE',  ( -0.1138853328496113593, 1.310000000000000053, -1.534344644452005912 ) ) ;
#11485 = CARTESIAN_POINT ( 'NONE',  ( -0.6746267771193935614, 1.300000000000000044, -1.700186032104094247 ) ) ;
#11486 =( LENGTH_UNIT ( ) NAMED_UNIT ( * ) SI_UNIT ( .MILLI., .METRE. ) );
#11487 = EDGE_CURVE ( 'NONE', #2276, #902, #6913, .T. ) ;
#11488 = LINE ( 'NONE', #5065, #6586 ) ;
#11489 = SURFACE_SIDE_STYLE ('',( #2075 ) ) ;
#11490 = FILL_AREA_STYLE ('',( #3041 ) ) ;
#11491 = ORIENTED_EDGE ( 'NONE', *, *, #5856, .F. ) ;
#11492 = LINE ( 'NONE', #3175, #8457 ) ;
#11493 = CARTESIAN_POINT ( 'NONE',  ( -0.8184772848414899604, 1.310000000000000053, -1.706528555394717817 ) ) ;
#11494 = DIRECTION ( 'NONE',  ( 1.000000000000000000, -0.0000000000000000000, -5.962800923771144441E-15 ) ) ;
#11495 = EDGE_LOOP ( 'NONE', ( #11591, #8566, #3903, #10583, #1448, #7420, #10201 ) ) ;
#11496 = CARTESIAN_POINT ( 'NONE',  ( 0.3536895294343773144, 1.300000000000000044, -1.792668275519047727 ) ) ;
#11497 = SURFACE_SIDE_STYLE ('',( #8772 ) ) ;
#11498 = PRESENTATION_STYLE_ASSIGNMENT (( #6828 ) ) ;
#11499 = FILL_AREA_STYLE_COLOUR ( '', #4954 ) ;
#11500 = CARTESIAN_POINT ( 'NONE',  ( 0.7513359461826958352, 1.310000000000000053, -1.355980173450014092 ) ) ;
#11501 = ORIENTED_EDGE ( 'NONE', *, *, #4827, .T. ) ;
#11502 = CARTESIAN_POINT ( 'NONE',  ( 0.3739333167267185898, 1.300000000000000044, -1.567094298974051503 ) ) ;
#11503 = CARTESIAN_POINT ( 'NONE',  ( -0.2941793555386828518, 1.300000000000000044, -1.790748946616070869 ) ) ;
#11504 = ORIENTED_EDGE ( 'NONE', *, *, #9970, .T. ) ;
#11505 = UNCERTAINTY_MEASURE_WITH_UNIT (LENGTH_MEASURE( 1.000000000000000082E-05 ), #4617, 'distance_accuracy_value', 'NONE');
#11506 = CARTESIAN_POINT ( 'NONE',  ( -0.7756912465852896510, 1.310000000000000053, -1.676791478987285089 ) ) ;
#11507 = CARTESIAN_POINT ( 'NONE',  ( -0.4629840532530541397, 1.310000000000000053, -1.557531245985787072 ) ) ;
#11508 = CARTESIAN_POINT ( 'NONE',  ( -0.4469717813413128238, 1.310000000000000053, -1.948584198313327409 ) ) ;
#11509 = EDGE_CURVE ( 'NONE', #4155, #9377, #1422, .T. ) ;
#11510 = SURFACE_SIDE_STYLE ('',( #4122 ) ) ;
#11511 = ORIENTED_EDGE ( 'NONE', *, *, #2088, .F. ) ;
#11512 =( LENGTH_UNIT ( ) NAMED_UNIT ( * ) SI_UNIT ( .MILLI., .METRE. ) );
#11513 = UNCERTAINTY_MEASURE_WITH_UNIT (LENGTH_MEASURE( 1.000000000000000082E-05 ), #9119, 'distance_accuracy_value', 'NONE');
#11514 = FILL_AREA_STYLE ('',( #7881 ) ) ;
#11515 = CARTESIAN_POINT ( 'NONE',  ( -0.1056192574146080088, 1.310000000000000053, -1.765274877666225040 ) ) ;
#11516 = ORIENTED_EDGE ( 'NONE', *, *, #5825, .T. ) ;
#11517 = CARTESIAN_POINT ( 'NONE',  ( -0.4226934339952500563, 1.310000000000000053, -1.926749282070603364 ) ) ;
#11518 = LINE ( 'NONE', #405, #8900 ) ;
#11519 = SURFACE_STYLE_FILL_AREA ( #6977 ) ;
#11520 = EDGE_CURVE ( 'NONE', #4315, #4750, #456, .T. ) ;
#11521 = CARTESIAN_POINT ( 'NONE',  ( -0.2207204587507351212, 1.300000000000000044, -1.850846954178625214 ) ) ;
#11522 = ADVANCED_FACE ( 'NONE', ( #8249 ), #693, .F. ) ;
#11523 = COLOUR_RGB ( '',1.000000000000000000, 1.000000000000000000, 1.000000000000000000 ) ;
#11524 = DIRECTION ( 'NONE',  ( -1.000000000000000000, 0.0000000000000000000, 7.463408671483661749E-15 ) ) ;
#11525 = ADVANCED_FACE ( 'NONE', ( #7457 ), #5640, .F. ) ;
#11526 = CARTESIAN_POINT ( 'NONE',  ( -0.7342568936201437912, 1.310000000000000053, -1.394393228915806526 ) ) ;
#11527 = CARTESIAN_POINT ( 'NONE',  ( -0.2744759430247428744, 1.310000000000000053, -1.523947065288207892 ) ) ;
#11528 = FILL_AREA_STYLE ('',( #5053 ) ) ;
#11529 = ORIENTED_EDGE ( 'NONE', *, *, #8382, .F. ) ;
#11530 = ORIENTED_EDGE ( 'NONE', *, *, #7781, .F. ) ;
#11531 = CARTESIAN_POINT ( 'NONE',  ( 0.8004995320456289587, 1.300000000000000044, -1.776762438707540470 ) ) ;
#11532 =( NAMED_UNIT ( * ) PLANE_ANGLE_UNIT ( ) SI_UNIT ( $, .RADIAN. ) );
#11533 = STYLED_ITEM ( 'NONE', ( #11498 ), #4339 ) ;
#11534 = DIRECTION ( 'NONE',  ( 9.310221531588248143E-15, -0.0000000000000000000, 1.000000000000000000 ) ) ;
#11535 = CARTESIAN_POINT ( 'NONE',  ( -0.3812070931343504165, 1.310000000000000053, -1.816638918731964480 ) ) ;
#11536 = CARTESIAN_POINT ( 'NONE',  ( -0.1483013198792975385, 1.310000000000000053, -1.533200910743974354 ) ) ;
#11537 = MECHANICAL_DESIGN_GEOMETRIC_PRESENTATION_REPRESENTATION (  '', ( #5745 ), #8826 ) ;
#11538 = DIRECTION ( 'NONE',  ( -0.0000000000000000000, -1.000000000000000000, -0.0000000000000000000 ) ) ;
#11539 = MECHANICAL_DESIGN_GEOMETRIC_PRESENTATION_REPRESENTATION (  '', ( #7455 ), #4182 ) ;
#11540 = VERTEX_POINT ( 'NONE', #1795 ) ;
#11541 = PLANE ( 'NONE',  #2883 ) ;
#11542 = ADVANCED_FACE ( 'NONE', ( #7216 ), #9148, .F. ) ;
#11543 = VERTEX_POINT ( 'NONE', #10310 ) ;
#11544 = CARTESIAN_POINT ( 'NONE',  ( -0.7310856319748282317, 1.310000000000000053, -1.380148545461863607 ) ) ;
#11545 = PLANE ( 'NONE',  #377 ) ;
#11546 = EDGE_CURVE ( 'NONE', #10326, #7956, #4840, .T. ) ;
#11547 = MECHANICAL_DESIGN_GEOMETRIC_PRESENTATION_REPRESENTATION (  '', ( #1451 ), #7879 ) ;
#11548 = EDGE_CURVE ( 'NONE', #3042, #6264, #3940, .T. ) ;
#11549 = ORIENTED_EDGE ( 'NONE', *, *, #10586, .T. ) ;
#11550 = CARTESIAN_POINT ( 'NONE',  ( -0.8730125875525542867, 1.300000000000000044, -1.832651190643018513 ) ) ;
#11551 = CARTESIAN_POINT ( 'NONE',  ( -0.4199380755173776070, 1.310000000000000053, -1.354154597554452666 ) ) ;
#11552 = ORIENTED_EDGE ( 'NONE', *, *, #2635, .F. ) ;
#11553 = CARTESIAN_POINT ( 'NONE',  ( -0.3635831964527602711, 1.300000000000000044, -1.856253695344243448 ) ) ;
#11554 = CARTESIAN_POINT ( 'NONE',  ( -0.6009599287491100839, 1.300000000000000044, -1.453971357520802199 ) ) ;
#11555 = EDGE_CURVE ( 'NONE', #1665, #11610, #2044, .T. ) ;
#11556 = CARTESIAN_POINT ( 'NONE',  ( -0.3376412364411033318, 1.310000000000000053, -1.752277903711820128 ) ) ;
#11557 = ORIENTED_EDGE ( 'NONE', *, *, #1555, .T. ) ;
#11558 = DIRECTION ( 'NONE',  ( -0.0000000000000000000, -1.000000000000000000, -0.0000000000000000000 ) ) ;
#11559 = CARTESIAN_POINT ( 'NONE',  ( -0.8832542030290818635, 1.310000000000000053, -1.745727428839554340 ) ) ;
#11560 = DIRECTION ( 'NONE',  ( 1.000000000000000000, 0.0000000000000000000, -7.929618338664232836E-15 ) ) ;
#11561 = VERTEX_POINT ( 'NONE', #4000 ) ;
#11562 = CARTESIAN_POINT ( 'NONE',  ( -0.2972466413917861372, 1.310000000000000053, -1.750926218420765235 ) ) ;
#11563 = CARTESIAN_POINT ( 'NONE',  ( 0.2134287628575559093, 1.300000000000000044, -1.815804048184584740 ) ) ;
#11564 = STYLED_ITEM ( 'NONE', ( #6827 ), #1419 ) ;
#11565 = AXIS2_PLACEMENT_3D ( 'NONE', #6276, #4215, #9960 ) ;
#11566 = DIRECTION ( 'NONE',  ( 0.0000000000000000000, -1.000000000000000000, 0.0000000000000000000 ) ) ;
#11567 = SURFACE_STYLE_FILL_AREA ( #275 ) ;
#11568 = CARTESIAN_POINT ( 'NONE',  ( -0.2004451793827844441, 1.300000000000000044, -1.537567893993073476 ) ) ;
#11569 = LINE ( 'NONE', #8016, #6366 ) ;
#11571 = EDGE_CURVE ( 'NONE', #3463, #7357, #2063, .T. ) ;
#11570 =( GEOMETRIC_REPRESENTATION_CONTEXT ( 3 ) GLOBAL_UNCERTAINTY_ASSIGNED_CONTEXT ( ( #11685 ) ) GLOBAL_UNIT_ASSIGNED_CONTEXT ( ( #5073, #3345, #6935 ) ) REPRESENTATION_CONTEXT ( 'NONE', 'WORKASPACE' ) );
#11572 =( NAMED_UNIT ( * ) PLANE_ANGLE_UNIT ( ) SI_UNIT ( $, .RADIAN. ) );
#11573 = COLOUR_RGB ( '',0.7529411764705882248, 0.7529411764705882248, 0.7529411764705882248 ) ;
#11574 = CARTESIAN_POINT ( 'NONE',  ( -0.3733569208660932892, 1.300000000000000044, -1.872058015672275921 ) ) ;
#11575 =( NAMED_UNIT ( * ) PLANE_ANGLE_UNIT ( ) SI_UNIT ( $, .RADIAN. ) );
#11576 = ORIENTED_EDGE ( 'NONE', *, *, #5042, .F. ) ;
#11577 = ORIENTED_EDGE ( 'NONE', *, *, #10496, .F. ) ;
#11578 = CARTESIAN_POINT ( 'NONE',  ( -0.2038763805068725954, 1.310000000000000053, -1.374429876923095817 ) ) ;
#11579 =( GEOMETRIC_REPRESENTATION_CONTEXT ( 3 ) GLOBAL_UNCERTAINTY_ASSIGNED_CONTEXT ( ( #914 ) ) GLOBAL_UNIT_ASSIGNED_CONTEXT ( ( #3914, #7621, #5003 ) ) REPRESENTATION_CONTEXT ( 'NONE', 'WORKASPACE' ) );
#11580 = B_SPLINE_SURFACE_WITH_KNOTS ( 'NONE', 3, 1, ( 
 ( #9936, #11742 ),
 ( #8262, #1752 ),
 ( #11923, #6254 ),
 ( #6368, #9097 ) ),
 .UNSPECIFIED., .F., .F., .F.,
 ( 4, 4 ),
 ( 2, 2 ),
 ( 8.000000000000000000, 9.000000000000000000 ),
 ( 0.0000000000000000000, 1.000000000000000000 ),
 .UNSPECIFIED. ) ;
#11581 = VECTOR ( 'NONE', #2619, 1000.000000000000000 ) ;
#11582 = COLOUR_RGB ( '',1.000000000000000000, 1.000000000000000000, 1.000000000000000000 ) ;
#11583 = ADVANCED_FACE ( 'NONE', ( #3010 ), #1988, .F. ) ;
#11584 =( GEOMETRIC_REPRESENTATION_CONTEXT ( 3 ) GLOBAL_UNCERTAINTY_ASSIGNED_CONTEXT ( ( #11212 ) ) GLOBAL_UNIT_ASSIGNED_CONTEXT ( ( #6066, #4747, #1990 ) ) REPRESENTATION_CONTEXT ( 'NONE', 'WORKASPACE' ) );
#11585 = PRESENTATION_LAYER_ASSIGNMENT (  '', '', ( #6169 ) ) ;
#11586 = STYLED_ITEM ( 'NONE', ( #5511 ), #5263 ) ;
#11587 = COLOUR_RGB ( '',1.000000000000000000, 1.000000000000000000, 1.000000000000000000 ) ;
#11588 = CARTESIAN_POINT ( 'NONE',  ( 0.8467710773767120891, 1.310000000000000053, -1.503470786245107549 ) ) ;
#11589 = CARTESIAN_POINT ( 'NONE',  ( -0.3868737737780583719, 1.300000000000000044, -1.823085417812717157 ) ) ;
#11590 = COLOUR_RGB ( '',0.7529411764705882248, 0.7529411764705882248, 0.7529411764705882248 ) ;
#11591 = ORIENTED_EDGE ( 'NONE', *, *, #2027, .F. ) ;
#11592 = CARTESIAN_POINT ( 'NONE',  ( -0.8525813444966405807, 1.300000000000000044, -1.703721209019702254 ) ) ;
#11593 = ORIENTED_EDGE ( 'NONE', *, *, #578, .F. ) ;
#11594 = ORIENTED_EDGE ( 'NONE', *, *, #3660, .T. ) ;
#11595 = SURFACE_STYLE_USAGE ( .BOTH. , #7911 ) ;
#11596 = COLOUR_RGB ( '',1.000000000000000000, 1.000000000000000000, 1.000000000000000000 ) ;
#11597 = PRESENTATION_LAYER_ASSIGNMENT (  '', '', ( #4063 ) ) ;
#11598 = EDGE_LOOP ( 'NONE', ( #9500, #3810, #5315, #3567 ) ) ;
#11599 = DIRECTION ( 'NONE',  ( -1.000000000000000000, -0.0000000000000000000, -0.0000000000000000000 ) ) ;
#11600 = VECTOR ( 'NONE', #2440, 1000.000000000000000 ) ;
#11601 = DIRECTION ( 'NONE',  ( 0.0000000000000000000, 0.0000000000000000000, -1.000000000000000000 ) ) ;
#11602 = CARTESIAN_POINT ( 'NONE',  ( 0.8149593761715847595, 1.310000000000000053, -1.419603610333215693 ) ) ;
#11603 = EDGE_CURVE ( 'NONE', #8231, #1107, #6665, .T. ) ;
#11604 = COLOUR_RGB ( '',1.000000000000000000, 1.000000000000000000, 1.000000000000000000 ) ;
#11605 = PRESENTATION_STYLE_ASSIGNMENT (( #5132 ) ) ;
#11606 = SURFACE_SIDE_STYLE ('',( #607 ) ) ;
#11607 = EDGE_LOOP ( 'NONE', ( #723, #3919, #10255, #7493 ) ) ;
#11608 = STYLED_ITEM ( 'NONE', ( #8130 ), #4209 ) ;
#11609 = CARTESIAN_POINT ( 'NONE',  ( -0.1056192574146082308, 1.310000000000000053, -1.788565454991522197 ) ) ;
#11610 = VERTEX_POINT ( 'NONE', #5648 ) ;
#11611 = PRESENTATION_LAYER_ASSIGNMENT (  '', '', ( #1924 ) ) ;
#11612 = B_SPLINE_SURFACE_WITH_KNOTS ( 'NONE', 3, 1, ( 
 ( #3376, #7083 ),
 ( #9864, #5274 ),
 ( #1551, #8954 ),
 ( #628, #4357 ) ),
 .UNSPECIFIED., .F., .F., .F.,
 ( 4, 4 ),
 ( 2, 2 ),
 ( 7.000000000000000000, 8.000000000000000000 ),
 ( 0.0000000000000000000, 1.000000000000000000 ),
 .UNSPECIFIED. ) ;
#11613 = VECTOR ( 'NONE', #1604, 1000.000000000000000 ) ;
#11614 = CARTESIAN_POINT ( 'NONE',  ( -0.4246689740367723953, 1.310000000000000053, -1.948584198313327409 ) ) ;
#11615 = MECHANICAL_DESIGN_GEOMETRIC_PRESENTATION_REPRESENTATION (  '', ( #10473 ), #1726 ) ;
#11616 = B_SPLINE_CURVE_WITH_KNOTS ( 'NONE', 3,
 ( #1588, #801, #10023, #5311 ),
 .UNSPECIFIED., .F., .F.,
 ( 4, 4 ),
 ( 3.000000000000000000, 4.000000000000000000 ),
 .UNSPECIFIED. ) ;
#11617 = VECTOR ( 'NONE', #6633, 1000.000000000000000 ) ;
#11618 = EDGE_CURVE ( 'NONE', #4816, #5094, #10425, .T. ) ;
#11619 =( NAMED_UNIT ( * ) SI_UNIT ( $, .STERADIAN. ) SOLID_ANGLE_UNIT ( ) );
#11620 = ORIENTED_EDGE ( 'NONE', *, *, #5091, .T. ) ;
#11621 = CARTESIAN_POINT ( 'NONE',  ( -0.6884035695101458074, 1.300000000000000044, -1.501904197462452961 ) ) ;
#11622 = UNCERTAINTY_MEASURE_WITH_UNIT (LENGTH_MEASURE( 1.000000000000000082E-05 ), #2506, 'distance_accuracy_value', 'NONE');
#11623 = EDGE_CURVE ( 'NONE', #5111, #5571, #305, .T. ) ;
#11624 =( GEOMETRIC_REPRESENTATION_CONTEXT ( 3 ) GLOBAL_UNCERTAINTY_ASSIGNED_CONTEXT ( ( #7373 ) ) GLOBAL_UNIT_ASSIGNED_CONTEXT ( ( #10684, #591, #4192 ) ) REPRESENTATION_CONTEXT ( 'NONE', 'WORKASPACE' ) );
#11625 = FILL_AREA_STYLE ('',( #1464 ) ) ;
#11626 = DIRECTION ( 'NONE',  ( 0.3385350343141428908, 0.0000000000000000000, -0.9409537876760590835 ) ) ;
#11627 = DIRECTION ( 'NONE',  ( 7.929618338664232836E-15, -0.0000000000000000000, 1.000000000000000000 ) ) ;
#11628 = STYLED_ITEM ( 'NONE', ( #1515 ), #1501 ) ;
#11629 = PLANE ( 'NONE',  #1289 ) ;
#11630 = FILL_AREA_STYLE_COLOUR ( '', #6389 ) ;
#11631 = COLOUR_RGB ( '',1.000000000000000000, 1.000000000000000000, 1.000000000000000000 ) ;
#11632 = CARTESIAN_POINT ( 'NONE',  ( -0.4082407989589754704, 1.300000000000000044, -1.946504682480287185 ) ) ;
#11633 = SURFACE_STYLE_FILL_AREA ( #3428 ) ;
#11634 = PRESENTATION_STYLE_ASSIGNMENT (( #2291 ) ) ;
#11635 = CARTESIAN_POINT ( 'NONE',  ( -0.6285655014263664686, 1.310000000000000053, -1.453243526978823086 ) ) ;
#11636 = VERTEX_POINT ( 'NONE', #1062 ) ;
#11637 = SURFACE_STYLE_USAGE ( .BOTH. , #6008 ) ;
#11638 = CARTESIAN_POINT ( 'NONE',  ( -0.3897331080481359900, 1.300000000000000044, -1.853966227928184329 ) ) ;
#11639 = MECHANICAL_DESIGN_GEOMETRIC_PRESENTATION_REPRESENTATION (  '', ( #8554 ), #8849 ) ;
#11640 = ORIENTED_EDGE ( 'NONE', *, *, #9542, .F. ) ;
#11641 = ORIENTED_EDGE ( 'NONE', *, *, #11248, .T. ) ;
#11642 = SURFACE_SIDE_STYLE ('',( #4258 ) ) ;
#11643 = VECTOR ( 'NONE', #10374, 1000.000000000000000 ) ;
#11644 = FACE_OUTER_BOUND ( 'NONE', #1054, .T. ) ;
#11645 = FILL_AREA_STYLE ('',( #9939 ) ) ;
#11646 = FILL_AREA_STYLE ('',( #1329 ) ) ;
#11647 = ADVANCED_FACE ( 'NONE', ( #6788 ), #2166, .F. ) ;
#11648 = CARTESIAN_POINT ( 'NONE',  ( -0.6688561206834825468, 1.300000000000000044, -1.788565454991518200 ) ) ;
#11649 = ORIENTED_EDGE ( 'NONE', *, *, #4902, .T. ) ;
#11650 = SURFACE_SIDE_STYLE ('',( #7976 ) ) ;
#11651 = EDGE_LOOP ( 'NONE', ( #6303, #4140, #201, #1673 ) ) ;
#11652 = ORIENTED_EDGE ( 'NONE', *, *, #10604, .F. ) ;
#11653 = ORIENTED_EDGE ( 'NONE', *, *, #6721, .F. ) ;
#11654 = CARTESIAN_POINT ( 'NONE',  ( -0.8832542030290820856, 1.300000000000000044, -1.775880408413037737 ) ) ;
#11655 = CARTESIAN_POINT ( 'NONE',  ( 0.6240890862035277653, 1.300000000000000044, -1.831709884997493987 ) ) ;
#11656 = LINE ( 'NONE', #11500, #2702 ) ;
#11657 = EDGE_CURVE ( 'NONE', #1575, #6667, #10660, .T. ) ;
#11658 = ORIENTED_EDGE ( 'NONE', *, *, #11546, .F. ) ;
#11659 = EDGE_CURVE ( 'NONE', #5343, #9020, #6052, .T. ) ;
#11660 = LINE ( 'NONE', #7061, #2907 ) ;
#11661 = VERTEX_POINT ( 'NONE', #567 ) ;
#11662 = CARTESIAN_POINT ( 'NONE',  ( -0.1160168365777151239, 1.310000000000000053, -1.856981525884834783 ) ) ;
#11663 = CARTESIAN_POINT ( 'NONE',  ( -0.8556486303490516976, 1.310000000000000053, -1.751238145795297019 ) ) ;
#11664 = DIRECTION ( 'NONE',  ( 9.351971403879836576E-15, -0.0000000000000000000, 1.000000000000000000 ) ) ;
#11665 = EDGE_CURVE ( 'NONE', #6524, #9951, #9853, .T. ) ;
#11666 = SURFACE_STYLE_USAGE ( .BOTH. , #11387 ) ;
#11667 = EDGE_CURVE ( 'NONE', #7290, #11976, #3362, .T. ) ;
#11668 = CARTESIAN_POINT ( 'NONE',  ( -0.1138853328496113593, 1.310000000000000053, -1.534344644452005912 ) ) ;
#11669 = EDGE_LOOP ( 'NONE', ( #853, #8188, #11078, #3290 ) ) ;
#11670 = DIRECTION ( 'NONE',  ( -0.0000000000000000000, -1.000000000000000000, -0.0000000000000000000 ) ) ;
#11671 = EDGE_CURVE ( 'NONE', #6032, #11297, #619, .T. ) ;
#11672 = B_SPLINE_SURFACE_WITH_KNOTS ( 'NONE', 3, 1, ( 
 ( #10967, #6342 ),
 ( #10040, #5450 ),
 ( #9139, #4537 ),
 ( #7643, #1848 ) ),
 .UNSPECIFIED., .F., .F., .F.,
 ( 4, 4 ),
 ( 2, 2 ),
 ( 20.00000000000000000, 21.00000000000000000 ),
 ( 0.0000000000000000000, 1.000000000000000000 ),
 .UNSPECIFIED. ) ;
#11673 = CARTESIAN_POINT ( 'NONE',  ( -0.3257879961947383607, 1.300000000000000044, -1.757684644877441027 ) ) ;
#11674 = FILL_AREA_STYLE_COLOUR ( '', #930 ) ;
#11675 = FILL_AREA_STYLE ('',( #5212 ) ) ;
#11676 = DIRECTION ( 'NONE',  ( -0.0000000000000000000, -1.000000000000000000, -0.0000000000000000000 ) ) ;
#11677 = EDGE_CURVE ( 'NONE', #7339, #7236, #10771, .T. ) ;
#11678 = FACE_OUTER_BOUND ( 'NONE', #2742, .T. ) ;
#11679 = SURFACE_SIDE_STYLE ('',( #10851 ) ) ;
#11680 = FACE_OUTER_BOUND ( 'NONE', #8962, .T. ) ;
#11681 = UNCERTAINTY_MEASURE_WITH_UNIT (LENGTH_MEASURE( 1.000000000000000082E-05 ), #46, 'distance_accuracy_value', 'NONE');
#11682 = CARTESIAN_POINT ( 'NONE',  ( 0.8872587622807702745, 1.300000000000000044, -1.935820972311117272 ) ) ;
#11683 = ORIENTED_EDGE ( 'NONE', *, *, #5508, .F. ) ;
#11684 = DIRECTION ( 'NONE',  ( -0.0000000000000000000, -1.000000000000000000, -0.0000000000000000000 ) ) ;
#11685 = UNCERTAINTY_MEASURE_WITH_UNIT (LENGTH_MEASURE( 1.000000000000000082E-05 ), #5073, 'distance_accuracy_value', 'NONE');
#11686 = CARTESIAN_POINT ( 'NONE',  ( -0.6792536998472828991, 1.300000000000000044, -1.880168127418618607 ) ) ;
#11687 = CARTESIAN_POINT ( 'NONE',  ( -0.5424215580592551822, 1.300000000000000044, -1.734913946509704319 ) ) ;
#11688 = PRESENTATION_STYLE_ASSIGNMENT (( #8018 ) ) ;
#11689 = VERTEX_POINT ( 'NONE', #10543 ) ;
#11690 = ORIENTED_EDGE ( 'NONE', *, *, #9426, .F. ) ;
#11691 = FILL_AREA_STYLE_COLOUR ( '', #4848 ) ;
#11692 = STYLED_ITEM ( 'NONE', ( #7737 ), #779 ) ;
#11693 = PRESENTATION_STYLE_ASSIGNMENT (( #2310 ) ) ;
#11694 =( NAMED_UNIT ( * ) PLANE_ANGLE_UNIT ( ) SI_UNIT ( $, .RADIAN. ) );
#11695 = SURFACE_STYLE_FILL_AREA ( #592 ) ;
#11696 = CARTESIAN_POINT ( 'NONE',  ( -1.048523723827850418, 1.300000000000000044, -1.880168127418615942 ) ) ;
#11697 = EDGE_CURVE ( 'NONE', #5504, #4638, #9000, .T. ) ;
#11698 = LINE ( 'NONE', #11648, #4823 ) ;
#11699 = ORIENTED_EDGE ( 'NONE', *, *, #797, .T. ) ;
#11700 = PLANE ( 'NONE',  #6901 ) ;
#11701 = VERTEX_POINT ( 'NONE', #2219 ) ;
#11702 = EDGE_LOOP ( 'NONE', ( #7178, #10409, #1634, #4186 ) ) ;
#11703 = SURFACE_STYLE_FILL_AREA ( #8035 ) ;
#11704 = CARTESIAN_POINT ( 'NONE',  ( -0.1729955703921096100, 1.310000000000000053, -1.820797950398037601 ) ) ;
#11705 = VERTEX_POINT ( 'NONE', #7878 ) ;
#11706 = DIRECTION ( 'NONE',  ( 1.000000000000000000, -0.0000000000000000000, -0.0000000000000000000 ) ) ;
#11707 = LINE ( 'NONE', #7117, #3373 ) ;
#11708 = VECTOR ( 'NONE', #11760, 1000.000000000000000 ) ;
#11709 = ORIENTED_EDGE ( 'NONE', *, *, #6728, .T. ) ;
#11710 = CARTESIAN_POINT ( 'NONE',  ( -0.3526657383313973049, 1.300000000000000044, -1.825684812604707385 ) ) ;
#11711 = ORIENTED_EDGE ( 'NONE', *, *, #5314, .F. ) ;
#11712 = VECTOR ( 'NONE', #2249, 1000.000000000000000 ) ;
#11713 = LINE ( 'NONE', #6148, #130 ) ;
#11714 = CARTESIAN_POINT ( 'NONE',  ( -0.3458553239796599010, 1.310000000000000053, -1.752277903711820128 ) ) ;
#11715 = CARTESIAN_POINT ( 'NONE',  ( -0.5786571214431913690, 1.310000000000000053, -1.396680696331872085 ) ) ;
#11716 = EDGE_CURVE ( 'NONE', #10357, #1987, #7026, .T. ) ;
#11717 = CARTESIAN_POINT ( 'NONE',  ( 0.4520166460015968557, 1.300000000000000044, -1.791222310412815988 ) ) ;
#11718 = VERTEX_POINT ( 'NONE', #2442 ) ;
#11719 = SURFACE_STYLE_USAGE ( .BOTH. , #8056 ) ;
#11720 = DIRECTION ( 'NONE',  ( 0.3559357243643141988, -0.0000000000000000000, 0.9345104387438649685 ) ) ;
#11721 = SURFACE_STYLE_FILL_AREA ( #4301 ) ;
#11722 = SURFACE_STYLE_FILL_AREA ( #10845 ) ;
#11723 = B_SPLINE_CURVE_WITH_KNOTS ( 'NONE', 3,
 ( #9347, #9573, #4811, #7665 ),
 .UNSPECIFIED., .F., .F.,
 ( 4, 4 ),
 ( 2.000000000000000000, 3.000000000000000000 ),
 .UNSPECIFIED. ) ;
#11724 = UNCERTAINTY_MEASURE_WITH_UNIT (LENGTH_MEASURE( 1.000000000000000082E-05 ), #11193, 'distance_accuracy_value', 'NONE');
#11725 = FACE_OUTER_BOUND ( 'NONE', #1630, .T. ) ;
#11726 = EDGE_CURVE ( 'NONE', #4160, #9277, #9788, .T. ) ;
#11727 = FILL_AREA_STYLE_COLOUR ( '', #10847 ) ;
#11728 = SURFACE_SIDE_STYLE ('',( #4358 ) ) ;
#11729 = ORIENTED_EDGE ( 'NONE', *, *, #10406, .F. ) ;
#11730 = CARTESIAN_POINT ( 'NONE',  ( -0.2571119858219441112, 1.300000000000000044, -1.786693890742894641 ) ) ;
#11731 = ADVANCED_FACE ( 'NONE', ( #8893 ), #8351, .F. ) ;
#11732 =( NAMED_UNIT ( * ) SI_UNIT ( $, .STERADIAN. ) SOLID_ANGLE_UNIT ( ) );
#11733 = CARTESIAN_POINT ( 'NONE',  ( 0.4245429228566187096, 1.310000000000000053, -1.791222310412815988 ) ) ;
#11734 = B_SPLINE_CURVE_WITH_KNOTS ( 'NONE', 3,
 ( #10978, #1743, #6246, #9208 ),
 .UNSPECIFIED., .F., .F.,
 ( 4, 4 ),
 ( 1.000000000000000000, 2.000000000000000000 ),
 .UNSPECIFIED. ) ;
#11735 = CARTESIAN_POINT ( 'NONE',  ( 0.3623654303939469745, 1.300000000000000044, -1.567094298974051281 ) ) ;
#11736 = LINE ( 'NONE', #1615, #868 ) ;
#11737 = ORIENTED_EDGE ( 'NONE', *, *, #2707, .F. ) ;
#11738 = VERTEX_POINT ( 'NONE', #6233 ) ;
#11739 = LINE ( 'NONE', #4317, #9287 ) ;
#11740 = EDGE_CURVE ( 'NONE', #5675, #7086, #6412, .T. ) ;
#11741 = B_SPLINE_CURVE_WITH_KNOTS ( 'NONE', 3,
 ( #832, #1810, #4562, #2655 ),
 .UNSPECIFIED., .F., .F.,
 ( 4, 4 ),
 ( 2.000000000000000000, 3.000000000000000000 ),
 .UNSPECIFIED. ) ;
#11742 = CARTESIAN_POINT ( 'NONE',  ( -0.1403991597152866311, 1.300000000000000044, -1.841281181348327634 ) ) ;
#11743 = MECHANICAL_DESIGN_GEOMETRIC_PRESENTATION_REPRESENTATION (  '', ( #5199 ), #10606 ) ;
#11744 = CARTESIAN_POINT ( 'NONE',  ( -0.4343387226585955774, 1.300000000000000044, -1.926749282070603364 ) ) ;
#11745 = EDGE_CURVE ( 'NONE', #611, #2880, #11959, .T. ) ;
#11746 = VECTOR ( 'NONE', #10230, 1000.000000000000000 ) ;
#11747 = CARTESIAN_POINT ( 'NONE',  ( -0.4599687552957064662, 1.300000000000000044, -1.879856200044076386 ) ) ;
#11748 = PRESENTATION_LAYER_ASSIGNMENT (  '', '', ( #9043 ) ) ;
#11749 = CARTESIAN_POINT ( 'NONE',  ( -1.000071004927248319, 1.300000000000000044, -1.676791478987282868 ) ) ;
#11750 = EDGE_CURVE ( 'NONE', #5111, #9718, #10107, .T. ) ;
#11751 = SURFACE_STYLE_USAGE ( .BOTH. , #9816 ) ;
#11752 = VERTEX_POINT ( 'NONE', #1723 ) ;
#11753 =( LENGTH_UNIT ( ) NAMED_UNIT ( * ) SI_UNIT ( .MILLI., .METRE. ) );
#11754 = AXIS2_PLACEMENT_3D ( 'NONE', #4194, #9885, #6927 ) ;
#11755 = B_SPLINE_CURVE_WITH_KNOTS ( 'NONE', 3,
 ( #1310, #11568, #5104, #8790 ),
 .UNSPECIFIED., .F., .F.,
 ( 4, 4 ),
 ( 11.00000000000000000, 12.00000000000000000 ),
 .UNSPECIFIED. ) ;
#11756 = VERTEX_POINT ( 'NONE', #1596 ) ;
#11757 = VERTEX_POINT ( 'NONE', #6 ) ;
#11758 =( NAMED_UNIT ( * ) SI_UNIT ( $, .STERADIAN. ) SOLID_ANGLE_UNIT ( ) );
#11759 = MECHANICAL_DESIGN_GEOMETRIC_PRESENTATION_REPRESENTATION (  '', ( #10028 ), #11204 ) ;
#11760 = DIRECTION ( 'NONE',  ( -0.0000000000000000000, -1.000000000000000000, -0.0000000000000000000 ) ) ;
#11761 = STYLED_ITEM ( 'NONE', ( #896 ), #7648 ) ;
#11762 = ORIENTED_EDGE ( 'NONE', *, *, #4944, .T. ) ;
#11763 = DIRECTION ( 'NONE',  ( 0.3315284183503908744, 0.0000000000000000000, -0.9434452330824976141 ) ) ;
#11764 = VECTOR ( 'NONE', #8606, 1000.000000000000000 ) ;
#11765 = FILL_AREA_STYLE_COLOUR ( '', #4287 ) ;
#11766 = VECTOR ( 'NONE', #3795, 1000.000000000000000 ) ;
#11767 =( LENGTH_UNIT ( ) NAMED_UNIT ( * ) SI_UNIT ( .MILLI., .METRE. ) );
#11768 = CARTESIAN_POINT ( 'NONE',  ( -0.6009599287491100839, 1.310000000000000053, -1.453971357520802199 ) ) ;
#11769 = VECTOR ( 'NONE', #2041, 1000.000000000000000 ) ;
#11770 = PRESENTATION_LAYER_ASSIGNMENT (  '', '', ( #5031 ) ) ;
#11771 = SURFACE_STYLE_USAGE ( .BOTH. , #2611 ) ;
#11772 = B_SPLINE_SURFACE_WITH_KNOTS ( 'NONE', 3, 1, ( 
 ( #12, #10539 ),
 ( #6894, #10710 ),
 ( #7993, #7873 ),
 ( #3357, #10488 ) ),
 .UNSPECIFIED., .F., .F., .F.,
 ( 4, 4 ),
 ( 2, 2 ),
 ( 4.000000000000000000, 5.000000000000000000 ),
 ( 0.0000000000000000000, 1.000000000000000000 ),
 .UNSPECIFIED. ) ;
#11773 = SURFACE_SIDE_STYLE ('',( #9957 ) ) ;
#11774 = ORIENTED_EDGE ( 'NONE', *, *, #10782, .F. ) ;
#11775 = LINE ( 'NONE', #5083, #10485 ) ;
#11776 = MECHANICAL_DESIGN_GEOMETRIC_PRESENTATION_REPRESENTATION (  '', ( #4248 ), #4641 ) ;
#11777 =( LENGTH_UNIT ( ) NAMED_UNIT ( * ) SI_UNIT ( .MILLI., .METRE. ) );
#11778 = VECTOR ( 'NONE', #2069, 1000.000000000000000 ) ;
#11779 = VERTEX_POINT ( 'NONE', #10169 ) ;
#11780 = PRESENTATION_LAYER_ASSIGNMENT (  '', '', ( #3457 ) ) ;
#11781 = SURFACE_STYLE_FILL_AREA ( #8105 ) ;
#11782 =( NAMED_UNIT ( * ) PLANE_ANGLE_UNIT ( ) SI_UNIT ( $, .RADIAN. ) );
#11783 =( GEOMETRIC_REPRESENTATION_CONTEXT ( 3 ) GLOBAL_UNCERTAINTY_ASSIGNED_CONTEXT ( ( #4882 ) ) GLOBAL_UNIT_ASSIGNED_CONTEXT ( ( #10167, #10105, #7314 ) ) REPRESENTATION_CONTEXT ( 'NONE', 'WORKASPACE' ) );
#11784 = DIRECTION ( 'NONE',  ( 9.351971403878175235E-15, -0.0000000000000000000, 1.000000000000000000 ) ) ;
#11785 = ORIENTED_EDGE ( 'NONE', *, *, #2782, .F. ) ;
#11786 = STYLED_ITEM ( 'NONE', ( #10330 ), #8627 ) ;
#11787 = EDGE_CURVE ( 'NONE', #3009, #4160, #7431, .T. ) ;
#11788 = DIRECTION ( 'NONE',  ( 0.3559357243698709761, -0.0000000000000000000, -0.9345104387417484393 ) ) ;
#11789 = CARTESIAN_POINT ( 'NONE',  ( 0.7137403018118727571, 1.300000000000000044, -1.801344231639346205 ) ) ;
#11790 =( NAMED_UNIT ( * ) PLANE_ANGLE_UNIT ( ) SI_UNIT ( $, .RADIAN. ) );
#11791 = VECTOR ( 'NONE', #6042, 1000.000000000000000 ) ;
#11792 =( GEOMETRIC_REPRESENTATION_CONTEXT ( 3 ) GLOBAL_UNCERTAINTY_ASSIGNED_CONTEXT ( ( #9454 ) ) GLOBAL_UNIT_ASSIGNED_CONTEXT ( ( #4459, #2801, #10155 ) ) REPRESENTATION_CONTEXT ( 'NONE', 'WORKASPACE' ) );
#11793 = UNCERTAINTY_MEASURE_WITH_UNIT (LENGTH_MEASURE( 1.000000000000000082E-05 ), #6433, 'distance_accuracy_value', 'NONE');
#11794 =( LENGTH_UNIT ( ) NAMED_UNIT ( * ) SI_UNIT ( .MILLI., .METRE. ) );
#11795 = EDGE_LOOP ( 'NONE', ( #5085, #9924, #2524, #6918 ) ) ;
#11796 = FILL_AREA_STYLE_COLOUR ( '', #11221 ) ;
#11797 = MECHANICAL_DESIGN_GEOMETRIC_PRESENTATION_REPRESENTATION (  '', ( #1924 ), #9854 ) ;
#11798 = SURFACE_STYLE_USAGE ( .BOTH. , #995 ) ;
#11799 = UNCERTAINTY_MEASURE_WITH_UNIT (LENGTH_MEASURE( 1.000000000000000082E-05 ), #9661, 'distance_accuracy_value', 'NONE');
#11800 = COLOUR_RGB ( '',1.000000000000000000, 1.000000000000000000, 1.000000000000000000 ) ;
#11801 = MECHANICAL_DESIGN_GEOMETRIC_PRESENTATION_REPRESENTATION (  '', ( #1943 ), #11067 ) ;
#11802 = VECTOR ( 'NONE', #5474, 1000.000000000000000 ) ;
#11803 = CARTESIAN_POINT ( 'NONE',  ( -0.03288819116794802072, 1.310000000000000053, -1.354154597554455330 ) ) ;
#11804 = UNCERTAINTY_MEASURE_WITH_UNIT (LENGTH_MEASURE( 1.000000000000000082E-05 ), #11285, 'distance_accuracy_value', 'NONE');
#11805 = EDGE_CURVE ( 'NONE', #733, #5112, #8300, .T. ) ;
#11806 =( GEOMETRIC_REPRESENTATION_CONTEXT ( 3 ) GLOBAL_UNCERTAINTY_ASSIGNED_CONTEXT ( ( #8613 ) ) GLOBAL_UNIT_ASSIGNED_CONTEXT ( ( #338, #7200, #1656 ) ) REPRESENTATION_CONTEXT ( 'NONE', 'WORKASPACE' ) );
#11807 = VECTOR ( 'NONE', #732, 1000.000000000000000 ) ;
#11808 = CARTESIAN_POINT ( 'NONE',  ( 0.8323112608307764448, 1.300000000000000044, -1.976308602054443142 ) ) ;
#11809 = ORIENTED_EDGE ( 'NONE', *, *, #10947, .F. ) ;
#11810 = CARTESIAN_POINT ( 'NONE',  ( -0.2420874839309559157, 1.300000000000000044, -1.537567893993073254 ) ) ;
#11811 = VECTOR ( 'NONE', #5157, 1000.000000000000000 ) ;
#11812 = DIRECTION ( 'NONE',  ( -0.0000000000000000000, -1.000000000000000000, -0.0000000000000000000 ) ) ;
#11813 = SURFACE_SIDE_STYLE ('',( #2528 ) ) ;
#11814 = DIRECTION ( 'NONE',  ( 7.899581905746808426E-15, -0.0000000000000000000, 1.000000000000000000 ) ) ;
#11815 = FACE_OUTER_BOUND ( 'NONE', #9966, .T. ) ;
#11816 = CARTESIAN_POINT ( 'NONE',  ( -0.1160168365777153460, 1.310000000000000053, -1.880168127418622603 ) ) ;
#11817 = VECTOR ( 'NONE', #7189, 1000.000000000000000 ) ;
#11818 = ORIENTED_EDGE ( 'NONE', *, *, #2541, .F. ) ;
#11819 = VERTEX_POINT ( 'NONE', #3553 ) ;
#11820 =( LENGTH_UNIT ( ) NAMED_UNIT ( * ) SI_UNIT ( .MILLI., .METRE. ) );
#11821 =( GEOMETRIC_REPRESENTATION_CONTEXT ( 3 ) GLOBAL_UNCERTAINTY_ASSIGNED_CONTEXT ( ( #2752 ) ) GLOBAL_UNIT_ASSIGNED_CONTEXT ( ( #6470, #6240, #1735 ) ) REPRESENTATION_CONTEXT ( 'NONE', 'WORKASPACE' ) );
#11822 = LINE ( 'NONE', #5288, #353 ) ;
#11823 = AXIS2_PLACEMENT_3D ( 'NONE', #5916, #11601, #3297 ) ;
#11824 = PLANE ( 'NONE',  #635 ) ;
#11825 = DIRECTION ( 'NONE',  ( 1.000000000000000000, 0.0000000000000000000, -7.343273320721139662E-15 ) ) ;
#11826 = CARTESIAN_POINT ( 'NONE',  ( -0.9857743335775431825, 1.310000000000000053, -1.702785426896082255 ) ) ;
#11827 = CARTESIAN_POINT ( 'NONE',  ( -0.3180417997179912359, 1.300000000000000044, -1.771825352538485943 ) ) ;
#11828 = ORIENTED_EDGE ( 'NONE', *, *, #234, .F. ) ;
#11829 = ORIENTED_EDGE ( 'NONE', *, *, #2323, .T. ) ;
#11830 = EDGE_LOOP ( 'NONE', ( #7278, #4851, #9127, #5467 ) ) ;
#11831 = PRESENTATION_LAYER_ASSIGNMENT (  '', '', ( #3505 ) ) ;
#11832 = LINE ( 'NONE', #8930, #4444 ) ;
#11833 = DIRECTION ( 'NONE',  ( 1.000000000000000000, -0.0000000000000000000, -6.209894659238447454E-15 ) ) ;
#11834 = VERTEX_POINT ( 'NONE', #9974 ) ;
#11835 = EDGE_CURVE ( 'NONE', #1205, #11752, #5609, .T. ) ;
#11836 = CARTESIAN_POINT ( 'NONE',  ( -0.4141674190814602086, 1.300000000000000044, -1.465928573558684000 ) ) ;
#11837 = CARTESIAN_POINT ( 'NONE',  ( -0.3151824654486052313, 1.310000000000000053, -1.557531245985788182 ) ) ;
#11838 = CARTESIAN_POINT ( 'NONE',  ( -0.8832542030290818635, 1.300000000000000044, -1.745727428839554340 ) ) ;
#11839 = MECHANICAL_DESIGN_GEOMETRIC_PRESENTATION_REPRESENTATION (  '', ( #4500 ), #6621 ) ;
#11840 = CARTESIAN_POINT ( 'NONE',  ( 0.6240890862035279874, 1.310000000000000053, -1.831709884997493765 ) ) ;
#11841 = SURFACE_STYLE_FILL_AREA ( #6272 ) ;
#11842 = ORIENTED_EDGE ( 'NONE', *, *, #6096, .F. ) ;
#11843 = SURFACE_SIDE_STYLE ('',( #4720 ) ) ;
#11844 = UNCERTAINTY_MEASURE_WITH_UNIT (LENGTH_MEASURE( 1.000000000000000082E-05 ), #9757, 'distance_accuracy_value', 'NONE');
#11845 = VERTEX_POINT ( 'NONE', #7387 ) ;
#11846 = FACE_OUTER_BOUND ( 'NONE', #11107, .T. ) ;
#11847 = LINE ( 'NONE', #7305, #11581 ) ;
#11848 = CARTESIAN_POINT ( 'NONE',  ( -0.2207204587507351212, 1.310000000000000053, -1.850846954178625214 ) ) ;
#11849 = ORIENTED_EDGE ( 'NONE', *, *, #3456, .T. ) ;
#11850 = FACE_OUTER_BOUND ( 'NONE', #136, .T. ) ;
#11851 = ORIENTED_EDGE ( 'NONE', *, *, #8301, .F. ) ;
#11852 = CARTESIAN_POINT ( 'NONE',  ( -0.1685246113514925759, 1.310000000000000053, -1.825164933645750942 ) ) ;
#11853 = FILL_AREA_STYLE ('',( #11146 ) ) ;
#11854 = CARTESIAN_POINT ( 'NONE',  ( 0.8467710773767120891, 1.300000000000000044, -1.503470786245107549 ) ) ;
#11855 = FACE_OUTER_BOUND ( 'NONE', #10745, .T. ) ;
#11856 = EDGE_CURVE ( 'NONE', #10880, #1540, #810, .T. ) ;
#11857 = PRESENTATION_STYLE_ASSIGNMENT (( #754 ) ) ;
#11858 = LINE ( 'NONE', #7325, #10436 ) ;
#11859 = VECTOR ( 'NONE', #526, 1000.000000000000000 ) ;
#11860 = EDGE_LOOP ( 'NONE', ( #10644, #12005, #10770, #1739 ) ) ;
#11861 = CARTESIAN_POINT ( 'NONE',  ( -0.2744759430247428744, 1.310000000000000053, -1.523947065288208336 ) ) ;
#11862 = ORIENTED_EDGE ( 'NONE', *, *, #7613, .T. ) ;
#11863 = CARTESIAN_POINT ( 'NONE',  ( -0.3414363528354900645, 1.310000000000000053, -1.534344644452004358 ) ) ;
#11864 =( NAMED_UNIT ( * ) SI_UNIT ( $, .STERADIAN. ) SOLID_ANGLE_UNIT ( ) );
#11865 = CARTESIAN_POINT ( 'NONE',  ( -0.7439266422419624769, 1.310000000000000053, -1.856981525884830342 ) ) ;
#11866 = CARTESIAN_POINT ( 'NONE',  ( -0.1864604354083122251, 1.310000000000000053, -1.883599328542719498 ) ) ;
#11867 = CARTESIAN_POINT ( 'NONE',  ( -0.2022127678405898632, 1.300000000000000044, -1.752277903711821239 ) ) ;
#11868 = EDGE_LOOP ( 'NONE', ( #5577, #3615, #6832, #1748 ) ) ;
#11869 = ORIENTED_EDGE ( 'NONE', *, *, #5473, .F. ) ;
#11870 = CARTESIAN_POINT ( 'NONE',  ( -0.3483507429787457976, 1.300000000000000044, -1.797819300447283108 ) ) ;
#11871 = CARTESIAN_POINT ( 'NONE',  ( -0.2265431030823970848, 1.300000000000000044, -1.374429876923095817 ) ) ;
#11872 = SURFACE_STYLE_USAGE ( .BOTH. , #8968 ) ;
#11873 = SURFACE_SIDE_STYLE ('',( #1811 ) ) ;
#11874 = CARTESIAN_POINT ( 'NONE',  ( 1.520000000000000018, 0.2000000000000000111, -2.250000000000000000 ) ) ;
#11875 = FILL_AREA_STYLE ('',( #8207 ) ) ;
#11876 = B_SPLINE_CURVE_WITH_KNOTS ( 'NONE', 3,
 ( #1730, #5452, #6468, #1849 ),
 .UNSPECIFIED., .F., .F.,
 ( 4, 4 ),
 ( 4.000000000000000000, 5.000000000000000000 ),
 .UNSPECIFIED. ) ;
#11877 = ADVANCED_FACE ( 'NONE', ( #8117 ), #10071, .T. ) ;
#11878 = FILL_AREA_STYLE_COLOUR ( '', #11242 ) ;
#11879 = LINE ( 'NONE', #9942, #10669 ) ;
#11880 = ORIENTED_EDGE ( 'NONE', *, *, #1272, .F. ) ;
#11881 = PRESENTATION_STYLE_ASSIGNMENT (( #8272 ) ) ;
#11882 = VERTEX_POINT ( 'NONE', #5751 ) ;
#11883 = ORIENTED_EDGE ( 'NONE', *, *, #11951, .F. ) ;
#11884 = CARTESIAN_POINT ( 'NONE',  ( -0.2744759430247415977, 1.300000000000000044, -1.359041459761119786 ) ) ;
#11885 = ORIENTED_EDGE ( 'NONE', *, *, #4910, .T. ) ;
#11886 = FILL_AREA_STYLE_COLOUR ( '', #6950 ) ;
#11887 = VECTOR ( 'NONE', #7011, 1000.000000000000000 ) ;
#11888 = UNCERTAINTY_MEASURE_WITH_UNIT (LENGTH_MEASURE( 1.000000000000000082E-05 ), #8860, 'distance_accuracy_value', 'NONE');
#11889 = CARTESIAN_POINT ( 'NONE',  ( -0.03288819116795170527, 1.310000000000000053, -1.856981525884835449 ) ) ;
#11890 = ADVANCED_FACE ( 'NONE', ( #6518 ), #1051, .F. ) ;
#11891 = CARTESIAN_POINT ( 'NONE',  ( -0.3827667300091259217, 1.310000000000000053, -1.738033220259265654 ) ) ;
#11892 =( NAMED_UNIT ( * ) PLANE_ANGLE_UNIT ( ) SI_UNIT ( $, .RADIAN. ) );
#11893 =( NAMED_UNIT ( * ) SI_UNIT ( $, .STERADIAN. ) SOLID_ANGLE_UNIT ( ) );
#11894 = EDGE_CURVE ( 'NONE', #141, #7718, #992, .T. ) ;
#11895 = ORIENTED_EDGE ( 'NONE', *, *, #6307, .T. ) ;
#11896 = CARTESIAN_POINT ( 'NONE',  ( -0.5937336112306265123, 1.300000000000000044, -1.499096851088824733 ) ) ;
#11897 = LINE ( 'NONE', #2385, #7141 ) ;
#11898 = PRESENTATION_STYLE_ASSIGNMENT (( #858 ) ) ;
#11899 = ORIENTED_EDGE ( 'NONE', *, *, #4409, .T. ) ;
#11900 = ADVANCED_FACE ( 'NONE', ( #8536 ), #7467, .F. ) ;
#11901 = LINE ( 'NONE', #9968, #1792 ) ;
#11902 = EDGE_CURVE ( 'NONE', #121, #1205, #1350, .T. ) ;
#11903 = COLOUR_RGB ( '',1.000000000000000000, 1.000000000000000000, 1.000000000000000000 ) ;
#11904 = COLOUR_RGB ( '',1.000000000000000000, 1.000000000000000000, 1.000000000000000000 ) ;
#11905 = CARTESIAN_POINT ( 'NONE',  ( -0.9430922711114669843, 1.310000000000000053, -1.824541078896672941 ) ) ;
#11906 = ORIENTED_EDGE ( 'NONE', *, *, #8149, .T. ) ;
#11907 = CARTESIAN_POINT ( 'NONE',  ( 0.9046105641992142621, 1.300000000000000044, -1.781100334026238574 ) ) ;
#11908 = FILL_AREA_STYLE_COLOUR ( '', #5622 ) ;
#11909 = DIRECTION ( 'NONE',  ( 0.0000000000000000000, 0.0000000000000000000, -1.000000000000000000 ) ) ;
#11910 = DIRECTION ( 'NONE',  ( -9.310221531588334918E-15, 0.0000000000000000000, -1.000000000000000000 ) ) ;
#11911 = VERTEX_POINT ( 'NONE', #7815 ) ;
#11912 = EDGE_LOOP ( 'NONE', ( #783, #8044, #11576, #1963 ) ) ;
#11913 = CARTESIAN_POINT ( 'NONE',  ( -0.1308853747807336154, 1.310000000000000053, -1.514693219833828763 ) ) ;
#11914 = CARTESIAN_POINT ( 'NONE',  ( -1.020000000000000018, -0.2000000000000000111, -7.249999999999999112 ) ) ;
#11915 = DIRECTION ( 'NONE',  ( -0.0000000000000000000, -1.000000000000000000, -0.0000000000000000000 ) ) ;
#11916 = DIRECTION ( 'NONE',  ( 0.0000000000000000000, 1.000000000000000000, 0.0000000000000000000 ) ) ;
#11917 = CARTESIAN_POINT ( 'NONE',  ( -0.1545918552727807427, 1.300000000000000044, -1.769849812498351049 ) ) ;
#11918 = PRESENTATION_STYLE_ASSIGNMENT (( #7764 ) ) ;
#11919 = ORIENTED_EDGE ( 'NONE', *, *, #10633, .F. ) ;
#11920 = ORIENTED_EDGE ( 'NONE', *, *, #2048, .F. ) ;
#11921 = SURFACE_SIDE_STYLE ('',( #8258 ) ) ;
#11922 = CARTESIAN_POINT ( 'NONE',  ( -0.3303629310268647590, 1.310000000000000053, -1.816326991357427589 ) ) ;
#11923 = CARTESIAN_POINT ( 'NONE',  ( -0.1445581913806669172, 1.310000000000000053, -1.864571758675003910 ) ) ;
#11924 = EDGE_CURVE ( 'NONE', #883, #791, #8881, .T. ) ;
#11925 = LINE ( 'NONE', #1566, #8211 ) ;
#11926 = DIRECTION ( 'NONE',  ( -1.000000000000000000, -0.0000000000000000000, -0.0000000000000000000 ) ) ;
#11927 = VERTEX_POINT ( 'NONE', #6833 ) ;
#11928 = ORIENTED_EDGE ( 'NONE', *, *, #6859, .F. ) ;
#11929 = MECHANICAL_DESIGN_GEOMETRIC_PRESENTATION_REPRESENTATION (  '', ( #10763 ), #7312 ) ;
#11930 = ORIENTED_EDGE ( 'NONE', *, *, #1868, .F. ) ;
#11931 =( NAMED_UNIT ( * ) SI_UNIT ( $, .STERADIAN. ) SOLID_ANGLE_UNIT ( ) );
#11932 = CARTESIAN_POINT ( 'NONE',  ( -0.2262831636029221938, 1.310000000000000053, -1.350723396430359990 ) ) ;
#11933 = ORIENTED_EDGE ( 'NONE', *, *, #6816, .F. ) ;
#11934 = FACE_OUTER_BOUND ( 'NONE', #2947, .T. ) ;
#11935 = STYLED_ITEM ( 'NONE', ( #10160 ), #1361 ) ;
#11936 = STYLED_ITEM ( 'NONE', ( #10949 ), #7454 ) ;
#11937 = CARTESIAN_POINT ( 'NONE',  ( -0.2316379168720965054, 1.310000000000000053, -1.821213853564091378 ) ) ;
#11938 =( NAMED_UNIT ( * ) PLANE_ANGLE_UNIT ( ) SI_UNIT ( $, .RADIAN. ) );
#11939 = CARTESIAN_POINT ( 'NONE',  ( -0.6285655014263662466, 1.300000000000000044, -1.423090547406723472 ) ) ;
#11940 = SURFACE_STYLE_FILL_AREA ( #7600 ) ;
#11941 = VECTOR ( 'NONE', #10001, 1000.000000000000000 ) ;
#11942 = SURFACE_SIDE_STYLE ('',( #4523 ) ) ;
#11943 = UNCERTAINTY_MEASURE_WITH_UNIT (LENGTH_MEASURE( 1.000000000000000082E-05 ), #6173, 'distance_accuracy_value', 'NONE');
#11944 = CARTESIAN_POINT ( 'NONE',  ( -0.4314793883885169046, 1.310000000000000053, -1.734913946509704985 ) ) ;
#11945 = VERTEX_POINT ( 'NONE', #1400 ) ;
#11946 =( NAMED_UNIT ( * ) SI_UNIT ( $, .STERADIAN. ) SOLID_ANGLE_UNIT ( ) );
#11947 = CARTESIAN_POINT ( 'NONE',  ( 0.7759177391145102298, 1.310000000000000053, -1.373332023633489829 ) ) ;
#11948 = SURFACE_STYLE_FILL_AREA ( #7122 ) ;
#11949 = CARTESIAN_POINT ( 'NONE',  ( -0.3526657383313973049, 1.300000000000000044, -1.825684812604707385 ) ) ;
#11950 = PRESENTATION_LAYER_ASSIGNMENT (  '', '', ( #5205 ) ) ;
#11951 = EDGE_CURVE ( 'NONE', #11478, #2333, #10742, .T. ) ;
#11952 = VECTOR ( 'NONE', #10785, 1000.000000000000000 ) ;
#11953 =( GEOMETRIC_REPRESENTATION_CONTEXT ( 3 ) GLOBAL_UNCERTAINTY_ASSIGNED_CONTEXT ( ( #3966 ) ) GLOBAL_UNIT_ASSIGNED_CONTEXT ( ( #10857, #10787, #2452 ) ) REPRESENTATION_CONTEXT ( 'NONE', 'WORKASPACE' ) );
#11954 = FILL_AREA_STYLE ('',( #10959 ) ) ;
#11955 = VECTOR ( 'NONE', #2881, 1000.000000000000000 ) ;
#11956 =( NAMED_UNIT ( * ) PLANE_ANGLE_UNIT ( ) SI_UNIT ( $, .RADIAN. ) );
#11957 = CARTESIAN_POINT ( 'NONE',  ( 0.4722604332932418547, 1.300000000000000044, -1.836047890636272051 ) ) ;
#11958 = ORIENTED_EDGE ( 'NONE', *, *, #5634, .T. ) ;
#11959 = LINE ( 'NONE', #3683, #3459 ) ;
#11960 = VECTOR ( 'NONE', #9425, 1000.000000000000000 ) ;
#11961 = LINE ( 'NONE', #2878, #2127 ) ;
#11962 = STYLED_ITEM ( 'NONE', ( #6653 ), #11900 ) ;
#11963 = B_SPLINE_SURFACE_WITH_KNOTS ( 'NONE', 3, 1, ( 
 ( #9930, #11735 ),
 ( #1614, #3441 ),
 ( #5340, #10923 ),
 ( #826, #6301 ) ),
 .UNSPECIFIED., .F., .F., .F.,
 ( 4, 4 ),
 ( 2, 2 ),
 ( 23.00000000000000000, 24.00000000000000000 ),
 ( 0.0000000000000000000, 1.000000000000000000 ),
 .UNSPECIFIED. ) ;
#11964 = CARTESIAN_POINT ( 'NONE',  ( 0.8149593761715847595, 1.300000000000000044, -1.419603610333215693 ) ) ;
#11965 = ORIENTED_EDGE ( 'NONE', *, *, #9657, .T. ) ;
#11966 = CARTESIAN_POINT ( 'NONE',  ( 0.7686878032611732525, 1.310000000000000053, -1.976308602054442698 ) ) ;
#11967 = PRESENTATION_LAYER_ASSIGNMENT (  '', '', ( #11786 ) ) ;
#11968 =( GEOMETRIC_REPRESENTATION_CONTEXT ( 3 ) GLOBAL_UNCERTAINTY_ASSIGNED_CONTEXT ( ( #2578 ) ) GLOBAL_UNIT_ASSIGNED_CONTEXT ( ( #3959, #972, #2798 ) ) REPRESENTATION_CONTEXT ( 'NONE', 'WORKASPACE' ) );
#11969 = AXIS2_PLACEMENT_3D ( 'NONE', #7615, #7483, #5727 ) ;
#11970 = AXIS2_PLACEMENT_3D ( 'NONE', #8456, #6748, #5908 ) ;
#11971 = CARTESIAN_POINT ( 'NONE',  ( -0.6183238859512261154, 1.310000000000000053, -1.510014309210187200 ) ) ;
#11972 = EDGE_CURVE ( 'NONE', #9005, #7153, #7867, .T. ) ;
#11973 = PRESENTATION_LAYER_ASSIGNMENT (  '', '', ( #5817 ) ) ;
#11974 = VECTOR ( 'NONE', #9554, 1000.000000000000000 ) ;
#11975 = CARTESIAN_POINT ( 'NONE',  ( -0.8333458230445190962, 1.310000000000000053, -1.719317577764704508 ) ) ;
#11976 = VERTEX_POINT ( 'NONE', #5082 ) ;
#11977 = PRESENTATION_LAYER_ASSIGNMENT (  '', '', ( #547 ) ) ;
#11978 = COLOUR_RGB ( '',1.000000000000000000, 1.000000000000000000, 1.000000000000000000 ) ;
#11979 =( GEOMETRIC_REPRESENTATION_CONTEXT ( 3 ) GLOBAL_UNCERTAINTY_ASSIGNED_CONTEXT ( ( #4116 ) ) GLOBAL_UNIT_ASSIGNED_CONTEXT ( ( #10983, #7343, #10259 ) ) REPRESENTATION_CONTEXT ( 'NONE', 'WORKASPACE' ) );
#11980 = CARTESIAN_POINT ( 'NONE',  ( -0.1736194251418753109, 1.310000000000000053, -1.856149719552735666 ) ) ;
#11981 = COLOUR_RGB ( '',1.000000000000000000, 1.000000000000000000, 1.000000000000000000 ) ;
#11982 = CARTESIAN_POINT ( 'NONE',  ( -0.2917879123311050149, 1.310000000000000053, -1.774112819954545062 ) ) ;
#11983 = DIRECTION ( 'NONE',  ( -0.0000000000000000000, -0.0000000000000000000, 1.000000000000000000 ) ) ;
#11984 = CARTESIAN_POINT ( 'NONE',  ( -0.4245649982445673931, 1.310000000000000053, -1.557531245985787294 ) ) ;
#11985 = CARTESIAN_POINT ( 'NONE',  ( -0.1847968227420257459, 1.300000000000000044, -1.752277903711821239 ) ) ;
#11986 = CARTESIAN_POINT ( 'NONE',  ( -0.1138853328496113593, 1.310000000000000053, -1.534344644452005912 ) ) ;
#11987 = ORIENTED_EDGE ( 'NONE', *, *, #10514, .F. ) ;
#11988 = ORIENTED_EDGE ( 'NONE', *, *, #160, .F. ) ;
#11989 = CARTESIAN_POINT ( 'NONE',  ( 0.7686877756811558715, 1.310000000000000053, -1.685665175252899717 ) ) ;
#11990 = AXIS2_PLACEMENT_3D ( 'NONE', #9398, #5584, #2000 ) ;
#11991 = CARTESIAN_POINT ( 'NONE',  ( 0.0000000000000000000, 1.310000000000000053, 0.0000000000000000000 ) ) ;
#11992 = AXIS2_PLACEMENT_3D ( 'NONE', #1116, #10419, #1232 ) ;
#11993 = FACE_OUTER_BOUND ( 'NONE', #6848, .T. ) ;
#11994 = CARTESIAN_POINT ( 'NONE',  ( -0.5199627870660614715, 1.300000000000000044, -1.377549150671262490 ) ) ;
#11995 = PRESENTATION_LAYER_ASSIGNMENT (  '', '', ( #2511 ) ) ;
#11996 = SURFACE_SIDE_STYLE ('',( #5471 ) ) ;
#11997 = PLANE ( 'NONE',  #7876 ) ;
#11998 = DIRECTION ( 'NONE',  ( 9.566466160600328792E-15, 0.0000000000000000000, 1.000000000000000000 ) ) ;
#11999 = STYLED_ITEM ( 'NONE', ( #11310 ), #6727 ) ;
#12000 = CARTESIAN_POINT ( 'NONE',  ( -0.9235448222848102739, 1.310000000000000053, -1.880168127418616830 ) ) ;
#12001 = CARTESIAN_POINT ( 'NONE',  ( 0.7383220947436867077, 1.300000000000000044, -1.889549482140070902 ) ) ;
#12002 = ORIENTED_EDGE ( 'NONE', *, *, #5434, .T. ) ;
#12003 = CARTESIAN_POINT ( 'NONE',  ( 0.2134287628575559093, 1.310000000000000053, -1.815804048184584740 ) ) ;
#12004 = VERTEX_POINT ( 'NONE', #550 ) ;
#12005 = ORIENTED_EDGE ( 'NONE', *, *, #7794, .F. ) ;
#12006 = PRESENTATION_STYLE_ASSIGNMENT (( #4767 ) ) ;
#12007 = ORIENTED_EDGE ( 'NONE', *, *, #5164, .T. ) ;
#12008 = DIRECTION ( 'NONE',  ( 0.3385350342956522374, 0.0000000000000000000, -0.9409537876827115399 ) ) ;
#12009 = UNCERTAINTY_MEASURE_WITH_UNIT (LENGTH_MEASURE( 1.000000000000000082E-05 ), #11433, 'distance_accuracy_value', 'NONE');
#12010 = DIRECTION ( 'NONE',  ( 1.000000000000000000, -0.0000000000000000000, -7.825477009640650244E-15 ) ) ;
#12011 = MECHANICAL_DESIGN_GEOMETRIC_PRESENTATION_REPRESENTATION (  '', ( #10087 ), #7004 ) ;
#12012 = CARTESIAN_POINT ( 'NONE',  ( 0.7701337959481223683, 1.310000000000000053, -1.776762438707540248 ) ) ;
#12013 = SURFACE_STYLE_USAGE ( .BOTH. , #7366 ) ;
#12014 = CARTESIAN_POINT ( 'NONE',  ( -0.6183238859512255603, 1.310000000000000053, -1.399072139539447868 ) ) ;
#12015 = PRESENTATION_STYLE_ASSIGNMENT (( #8455 ) ) ;
#12016 = EDGE_CURVE ( 'NONE', #6088, #5815, #886, .T. ) ;
#12017 = FACE_OUTER_BOUND ( 'NONE', #2849, .T. ) ;
#12018 = B_SPLINE_CURVE_WITH_KNOTS ( 'NONE', 3,
 ( #441, #4167, #4922, #7874 ),
 .UNSPECIFIED., .F., .F.,
 ( 4, 4 ),
 ( 2.000000000000000000, 3.000000000000000000 ),
 .UNSPECIFIED. ) ;
#12019 = MECHANICAL_DESIGN_GEOMETRIC_PRESENTATION_REPRESENTATION (  '', ( #979 ), #2346 ) ;
#12020 = ORIENTED_EDGE ( 'NONE', *, *, #797, .F. ) ;
#12021 = DIRECTION ( 'NONE',  ( -0.0000000000000000000, -1.000000000000000000, -0.0000000000000000000 ) ) ;
#12022 = CARTESIAN_POINT ( 'NONE',  ( -1.897366596101027536, 1.300000000000000044, 2.250000000000000000 ) ) ;
#12023 = CARTESIAN_POINT ( 'NONE',  ( -0.3526657383313973049, 1.310000000000000053, -1.825684812604707385 ) ) ;
#12024 = DIRECTION ( 'NONE',  ( -0.0000000000000000000, -1.000000000000000000, -0.0000000000000000000 ) ) ;
#12025 = CARTESIAN_POINT ( 'NONE',  ( -0.1403991597152866311, 1.310000000000000053, -1.841281181348327634 ) ) ;
#12026 = COLOUR_RGB ( '',1.000000000000000000, 1.000000000000000000, 1.000000000000000000 ) ;
#12027 = SURFACE_SIDE_STYLE ('',( #5558 ) ) ;
ENDSEC;
END-ISO-10303-21;
