#VRML V2.0 utf8

Shape {
  appearance Appearance {
    material Material {
      diffuseColor 0.2235 0.2235 0.2235
      specularColor 0.1137 0.1137 0.1137
      ambientIntensity 0.2
      transparency 0.0000
      shininess 0.5
    }
  }
  geometry IndexedFaceSet {
    ccw TRUE
    solid FALSE
    coord DEF co Coordinate {
      point [
        -0.675197 0.523622 2.692913,
        -0.551246 0.523622 2.692913,
        -0.551246 0.523622 1.464162,
        -0.005693 0.523622 1.257506,
        -0.006261 0.523622 1.337574,
        0.026812 0.523622 1.359910,
        -0.355252 0.523622 1.255027,
        -0.355348 0.523622 1.255275,
        -0.353183 0.523622 1.255275,
        -0.190614 0.523622 1.247557,
        -0.187689 0.523622 1.241958,
        -0.253816 0.523622 1.241958,
        -0.175805 0.523622 1.240316,
        -0.177298 0.523622 1.241958,
        -0.165727 0.523622 1.238506,
        -0.141198 0.523622 1.255967,
        -0.133679 0.523622 1.255275,
        -0.159389 0.523622 1.255275,
        -0.017498 0.523622 1.464520,
        -0.017495 0.523622 1.464162,
        -0.050604 0.523622 1.464162,
        -0.057032 0.523622 1.401338,
        -0.055391 0.523622 1.405650,
        -0.055391 0.523622 1.382807,
        -0.108587 0.523622 1.463109,
        -0.108587 0.523622 1.464162,
        -0.105035 0.523622 1.464162,
        0.095476 0.523622 1.402878,
        0.080129 0.523622 1.389708,
        0.026812 0.523622 1.464162,
        0.026812 0.523622 1.382807,
        0.168482 0.523622 1.473566,
        0.155022 0.523622 1.464162,
        0.145568 0.523622 1.457556,
        0.126501 0.523622 1.435044,
        0.115146 0.523622 1.412366,
        0.112357 0.523622 1.411406,
        0.275784 0.523622 1.475273,
        0.249361 0.523622 1.484818,
        0.675197 0.523622 2.692913,
        0.026812 0.523622 2.692913,
        0.196738 0.523622 1.484476,
        0.222779 0.523622 1.487707,
        0.675197 0.523622 1.464162,
        0.293415 0.523622 1.464162,
        0.291249 0.523622 1.465991,
        0.675197 0.523622 1.382807,
        0.415915 0.523622 1.382807,
        0.409030 0.523622 1.398046,
        0.395220 0.523622 1.415491,
        0.352004 0.523622 1.439741,
        0.329560 0.523622 1.442352,
        0.304709 0.523622 1.454629,
        0.323016 0.523622 1.441949,
        0.316475 0.523622 1.441120,
        0.391348 0.523622 1.419104,
        0.373151 0.523622 1.431703,
        0.353619 0.523622 1.260915,
        0.360795 0.523622 1.263118,
        0.675197 0.523622 1.255275,
        0.381299 0.523622 1.273283,
        0.398967 0.523622 1.288563,
        0.411837 0.523622 1.307219,
        0.419841 0.523622 1.328470,
        0.675197 0.523622 1.359910,
        0.422436 0.523622 1.350783,
        0.422236 0.523622 1.356250,
        0.421555 0.523622 1.359910,
        0.418261 0.523622 1.377617,
        0.675197 0.523622 1.241958,
        0.347993 0.523622 1.248653,
        0.351031 0.523622 1.255275,
        0.261891 0.523622 1.236021,
        0.273285 0.523622 1.228210,
        0.026812 0.523622 1.006561,
        0.315424 0.523622 1.224067,
        0.328520 0.523622 1.229676,
        0.675197 0.523622 1.006561,
        0.339598 0.523622 1.238146,
        0.342643 0.523622 1.241958,
        0.256520 0.523622 1.241958,
        0.286016 0.523622 1.223422,
        0.299813 0.523622 1.221821,
        0.301998 0.523622 1.221878,
        0.247945 0.523622 1.255275,
        0.253095 0.523622 1.245743,
        0.026812 0.523622 1.241958,
        0.173280 0.523622 1.291685,
        0.169363 0.523622 1.293200,
        0.162444 0.523622 1.325598,
        0.256443 0.523622 1.316587,
        0.179878 0.523622 1.355895,
        0.266332 0.523622 1.325719,
        0.278367 0.523622 1.332278,
        0.176798 0.523622 1.289229,
        0.059317 0.523622 1.337391,
        0.062074 0.523622 1.317092,
        0.026812 0.523622 1.255275,
        0.094861 0.523622 1.342079,
        0.097462 0.523622 1.353031,
        0.101110 0.523622 1.359910,
        0.385489 0.523622 1.359910,
        0.096347 0.523622 1.270458,
        0.113776 0.523622 1.262081,
        0.164948 0.523622 1.293735,
        0.164394 0.523622 1.293691,
        0.162689 0.523622 1.293301,
        0.069353 0.523622 1.299120,
        0.080764 0.523622 1.283460,
        0.381957 0.523622 1.328916,
        0.375265 0.523622 1.317343,
        0.346403 0.523622 1.311243,
        0.365134 0.523622 1.306784,
        0.352779 0.523622 1.299052,
        0.325219 0.523622 1.329943,
        0.336915 0.523622 1.321938,
        0.386564 0.523622 1.351668,
        0.385943 0.523622 1.342876,
        0.312611 0.523622 1.334665,
        0.299001 0.523622 1.336245,
        0.292084 0.523622 1.335786,
        0.106387 0.523622 1.307042,
        0.100060 0.523622 1.315876,
        0.096063 0.523622 1.325993,
        0.094617 0.523622 1.337072,
        0.182720 0.523622 1.276213,
        0.182560 0.523622 1.278459,
        0.242441 0.523622 1.284037,
        0.181386 0.523622 1.282783,
        0.179169 0.523622 1.286652,
        0.173295 0.523622 1.260497,
        0.176969 0.523622 1.263148,
        0.246267 0.523622 1.258381,
        0.178282 0.523622 1.264504,
        0.180738 0.523622 1.268098,
        0.182210 0.523622 1.271969,
        0.242833 0.523622 1.272409,
        0.242482 0.523622 1.278345,
        0.161536 0.523622 1.293142,
        0.135919 0.523622 1.292960,
        0.125676 0.523622 1.294848,
        0.132750 0.523622 1.258210,
        0.166337 0.523622 1.258448,
        0.169540 0.523622 1.258988,
        0.115599 0.523622 1.299433,
        0.107135 0.523622 1.306250,
        0.143259 0.523622 1.381823,
        0.379800 0.523622 1.378102,
        0.384768 0.523622 1.365441,
        0.138705 0.523622 1.381791,
        0.102689 0.523622 1.362888,
        0.109189 0.523622 1.370248,
        0.117974 0.523622 1.376478,
        0.127881 0.523622 1.380377,
        0.155294 0.523622 1.416119,
        0.168028 0.523622 1.431548,
        0.299122 0.523622 1.399438,
        0.169444 0.523622 1.432856,
        0.185359 0.523622 1.444069,
        0.290298 0.523622 1.417384,
        0.376475 0.523622 1.382807,
        0.303150 0.523622 1.401679,
        0.143468 0.523622 1.382807,
        0.146636 0.523622 1.397717,
        0.315881 0.523622 1.406439,
        0.329233 0.523622 1.408191,
        0.335173 0.523622 1.407924,
        0.277421 0.523622 1.432547,
        0.203162 0.523622 1.451037,
        0.262080 0.523622 1.443590,
        0.222452 0.523622 1.453547,
        0.243430 0.523622 1.450996,
        0.349249 0.523622 1.404689,
        0.361982 0.523622 1.398041,
        0.371828 0.523622 1.389384,
        0.075252 0.523622 1.382807,
        0.068625 0.523622 1.373430,
        0.063325 0.523622 1.359910,
        0.061790 0.523622 1.355994,
        -0.278092 0.523622 1.464162,
        -0.286948 0.523622 1.462608,
        -0.298000 0.523622 1.462530,
        -0.253816 0.523622 1.382807,
        -0.255903 0.523622 1.382807,
        -0.278092 0.523622 1.439844,
        -0.267305 0.523622 1.382676,
        -0.255884 0.523622 1.382757,
        -0.253816 0.523622 1.359910,
        -0.278092 0.523622 1.359910,
        -0.278092 0.523622 1.382807,
        -0.267352 0.523622 1.382807,
        -0.278092 0.523622 1.404501,
        -0.275156 0.523622 1.404521,
        -0.308496 0.523622 1.404285,
        -0.316332 0.523622 1.382807,
        -0.316507 0.523622 1.382327,
        -0.327928 0.523622 1.382246,
        -0.353183 0.523622 1.359910,
        -0.327719 0.523622 1.382807,
        -0.353183 0.523622 1.382807,
        -0.353183 0.523622 1.464162,
        -0.167292 0.523622 1.419450,
        -0.178724 0.523622 1.382807,
        -0.167357 0.523622 1.428620,
        -0.178724 0.523622 1.464162,
        -0.159389 0.523622 1.428676,
        -0.169810 0.523622 1.454229,
        -0.169876 0.523622 1.463439,
        -0.159389 0.523622 1.464162,
        -0.159389 0.523622 1.463513,
        -0.159389 0.523622 1.454302,
        -0.138905 0.523622 1.454448,
        -0.138723 0.523622 1.428823,
        -0.128067 0.523622 1.383664,
        -0.122987 0.523622 1.382807,
        -0.159389 0.523622 1.382807,
        -0.138658 0.523622 1.419654,
        -0.138467 0.523622 1.392719,
        -0.159389 0.523622 1.419507,
        -0.159389 0.523622 1.392570,
        -0.171194 0.523622 1.392487,
        -0.171130 0.523622 1.383358,
        -0.159389 0.523622 1.383442,
        -0.128634 0.523622 1.463731,
        -0.122987 0.523622 1.464162,
        -0.112595 0.523622 1.461921,
        -0.112518 0.523622 1.451114,
        -0.093681 0.523622 1.455996,
        -0.090114 0.523622 1.455857,
        -0.108587 0.523622 1.395354,
        -0.103530 0.523622 1.454750,
        -0.112134 0.523622 1.396999,
        -0.111630 0.523622 1.451602,
        -0.108587 0.523622 1.452785,
        -0.083203 0.523622 1.454475,
        -0.076931 0.523622 1.451508,
        -0.071800 0.523622 1.447269,
        -0.071229 0.523622 1.446651,
        -0.067326 0.523622 1.441108,
        -0.064602 0.523622 1.434202,
        -0.063217 0.523622 1.423259,
        -0.063306 0.523622 1.419901,
        -0.105530 0.523622 1.393936,
        -0.096700 0.523622 1.392028,
        -0.091424 0.523622 1.391783,
        -0.064594 0.523622 1.411972,
        -0.067191 0.523622 1.405551,
        -0.070915 0.523622 1.400362,
        -0.073025 0.523622 1.398302,
        -0.084220 0.523622 1.392601,
        -0.078381 0.523622 1.394694,
        -0.104124 0.523622 1.464432,
        -0.108587 0.523622 2.692913,
        -0.093645 0.523622 1.465330,
        -0.055391 0.523622 2.692913,
        -0.083389 0.523622 1.464162,
        -0.055391 0.523622 1.464162,
        -0.058293 0.523622 1.446209,
        -0.064150 0.523622 1.453750,
        -0.066163 0.523622 1.455643,
        -0.073699 0.523622 1.460833,
        -0.082094 0.523622 1.464015,
        -0.054426 0.523622 1.437342,
        -0.055391 0.523622 1.439555,
        -0.053839 0.523622 1.409727,
        -0.050604 0.523622 1.382807,
        -0.052365 0.523622 1.422722,
        -0.052536 0.523622 1.426902,
        -0.083735 0.523622 1.383001,
        -0.075287 0.523622 1.385079,
        -0.067905 0.523622 1.388937,
        -0.062435 0.523622 1.393708,
        -0.061754 0.523622 1.394463,
        -0.092392 0.523622 1.382807,
        -0.089865 0.523622 1.382584,
        -0.108587 0.523622 1.359910,
        -0.086582 0.523622 1.382807,
        -0.112064 0.523622 1.387093,
        -0.110693 0.523622 1.386422,
        -0.108587 0.523622 1.382807,
        -0.108587 0.523622 1.385748,
        -0.102077 0.523622 1.383664,
        -0.016994 0.523622 1.393580,
        -0.048882 0.523622 1.393354,
        -0.048818 0.523622 1.384226,
        -0.006594 0.523622 1.384525,
        -0.007162 0.523622 1.464593,
        -0.050604 0.523622 2.692913,
        -0.118252 0.523622 1.298463,
        -0.118672 0.523622 1.302046,
        -0.119739 0.523622 1.291496,
        -0.118655 0.523622 1.294566,
        -0.117981 0.523622 1.269072,
        -0.121804 0.523622 1.266663,
        -0.122987 0.523622 1.266204,
        -0.122987 0.523622 1.287450,
        -0.121032 0.523622 1.289396,
        -0.122661 0.523622 1.287669,
        -0.133186 0.523622 1.255275,
        -0.124212 0.523622 1.256365,
        -0.122987 0.523622 1.255275,
        -0.122987 0.523622 1.256822,
        -0.108587 0.523622 1.255275,
        -0.117908 0.523622 1.258716,
        -0.159389 0.523622 1.241958,
        -0.122987 0.523622 1.241958,
        -0.133398 0.523622 1.255250,
        -0.154170 0.523622 1.312413,
        -0.154101 0.523622 1.302671,
        -0.124765 0.523622 1.310616,
        -0.127862 0.523622 1.312425,
        -0.122987 0.523622 1.359910,
        -0.156120 0.523622 1.267965,
        -0.154866 0.523622 1.264796,
        -0.152978 0.523622 1.262164,
        -0.119890 0.523622 1.305267,
        -0.121772 0.523622 1.307964,
        -0.122987 0.523622 1.309041,
        -0.133407 0.523622 1.314330,
        -0.140639 0.523622 1.315047,
        -0.159389 0.523622 1.359910,
        -0.147471 0.523622 1.314411,
        -0.153336 0.523622 1.281471,
        -0.155189 0.523622 1.278695,
        -0.156238 0.523622 1.275731,
        -0.156626 0.523622 1.271991,
        -0.150091 0.523622 1.259675,
        -0.146794 0.523622 1.257788,
        -0.139598 0.523622 1.306908,
        -0.136628 0.523622 1.306707,
        -0.128594 0.523622 1.299290,
        -0.133940 0.523622 1.306015,
        -0.131683 0.523622 1.304835,
        -0.128676 0.523622 1.297956,
        -0.129063 0.523622 1.296395,
        -0.129776 0.523622 1.295037,
        -0.130746 0.523622 1.293953,
        -0.134266 0.523622 1.291717,
        -0.146216 0.523622 1.306104,
        -0.140454 0.523622 1.288972,
        -0.151854 0.523622 1.303981,
        -0.144326 0.523622 1.287373,
        -0.150960 0.523622 1.283622,
        -0.130160 0.523622 1.303509,
        -0.129291 0.523622 1.302239,
        -0.128787 0.523622 1.300888,
        -0.128071 0.523622 1.264230,
        -0.133320 0.523622 1.281736,
        -0.127362 0.523622 1.284518,
        -0.134439 0.523622 1.263429,
        -0.134882 0.523622 1.263429,
        -0.139886 0.523622 1.278931,
        -0.140027 0.523622 1.263969,
        -0.146324 0.523622 1.271082,
        -0.146235 0.523622 1.272330,
        -0.142622 0.523622 1.264897,
        -0.143540 0.523622 1.265446,
        -0.144698 0.523622 1.266459,
        -0.145583 0.523622 1.267748,
        -0.146102 0.523622 1.269170,
        -0.145790 0.523622 1.273900,
        -0.145024 0.523622 1.275234,
        -0.143783 0.523622 1.276544,
        -0.187993 0.523622 1.270418,
        -0.189187 0.523622 1.265702,
        -0.189453 0.523622 1.265700,
        -0.217033 0.523622 1.313195,
        -0.178724 0.523622 1.359910,
        -0.206636 0.523622 1.313269,
        -0.178724 0.523622 1.297702,
        -0.190714 0.523622 1.270317,
        -0.189928 0.523622 1.267656,
        -0.178724 0.523622 1.255275,
        -0.178724 0.523622 1.270503,
        -0.162140 0.523622 1.313585,
        -0.173356 0.523622 1.313505,
        -0.184167 0.523622 1.256363,
        -0.183698 0.523622 1.255275,
        -0.179693 0.523622 1.245997,
        -0.163680 0.523622 1.239192,
        -0.163617 0.523622 1.230269,
        -0.177688 0.523622 1.242387,
        -0.178724 0.523622 1.244252,
        -0.178724 0.523622 1.006561,
        -0.178724 0.523622 1.231750,
        -0.178102 0.523622 1.231321,
        -0.174035 0.523622 1.239098,
        -0.169361 0.523622 1.238006,
        -0.171840 0.523622 1.238274,
        -0.174133 0.523622 1.229841,
        -0.170078 0.523622 1.229404,
        -0.159389 0.523622 1.006561,
        -0.167865 0.523622 1.229499,
        -0.186011 0.523622 1.238747,
        -0.182310 0.523622 1.234366,
        -0.253816 0.523622 1.006561,
        -0.181622 0.523622 1.233744,
        -0.193720 0.523622 1.255275,
        -0.228002 0.523622 1.336001,
        -0.253816 0.523622 1.335818,
        -0.253816 0.523622 1.300981,
        -0.266724 0.523622 1.300889,
        -0.269178 0.523622 1.326498,
        -0.269243 0.523622 1.335708,
        -0.278092 0.523622 1.255275,
        -0.266659 0.523622 1.291720,
        -0.238026 0.523622 1.291923,
        -0.237835 0.523622 1.264989,
        -0.253816 0.523622 1.291811,
        -0.253816 0.523622 1.264875,
        -0.270562 0.523622 1.264756,
        -0.270497 0.523622 1.255628,
        -0.253816 0.523622 1.255275,
        -0.253816 0.523622 1.255746,
        -0.227434 0.523622 1.255933,
        -0.253816 0.523622 1.326607,
        -0.238273 0.523622 1.326717,
        -0.238091 0.523622 1.301093,
        -0.386315 0.523622 1.334878,
        -0.397368 0.523622 1.334800,
        -0.366791 0.523622 1.255275,
        -0.366672 0.523622 1.254946,
        -0.415875 0.523622 1.254597,
        -0.427296 0.523622 1.254516,
        -0.551246 0.523622 1.241958,
        -0.353183 0.523622 1.241958,
        -0.415628 0.523622 1.255275,
        -0.407864 0.523622 1.276555,
        -0.374523 0.523622 1.276791,
        -0.050604 0.523622 1.359910,
        -0.007159 0.523622 1.464162,
        -0.016285 0.523622 1.293496,
        -0.016094 0.523622 1.266561,
        -0.044918 0.523622 1.293293,
        -0.048820 0.523622 1.266329,
        -0.044983 0.523622 1.302462,
        -0.047437 0.523622 1.328071,
        -0.016350 0.523622 1.302665,
        -0.016531 0.523622 1.328290,
        -0.047502 0.523622 1.337281,
        -0.050604 0.523622 1.255275,
        -0.048756 0.523622 1.257201,
        -0.055391 0.523622 1.359910,
        -0.055391 0.523622 1.255275,
        -0.062652 0.523622 1.284423,
        -0.064250 0.523622 1.300524,
        -0.060611 0.523622 1.281577,
        -0.059193 0.523622 1.278063,
        -0.097627 0.523622 1.311615,
        -0.100282 0.523622 1.309037,
        -0.084047 0.523622 1.315448,
        -0.090093 0.523622 1.314859,
        -0.094309 0.523622 1.313544,
        -0.089242 0.523622 1.259918,
        -0.085754 0.523622 1.257641,
        -0.094275 0.523622 1.256878,
        -0.081681 0.523622 1.256195,
        -0.076479 0.523622 1.255653,
        -0.060120 0.523622 1.264480,
        -0.058928 0.523622 1.267878,
        -0.073915 0.523622 1.314298,
        -0.066431 0.523622 1.311468,
        -0.064320 0.523622 1.310267,
        -0.065770 0.523622 1.287057,
        -0.070106 0.523622 1.289209,
        -0.070375 0.523622 1.304437,
        -0.077569 0.523622 1.290974,
        -0.086443 0.523622 1.306929,
        -0.083048 0.523622 1.307309,
        -0.076649 0.523622 1.306641,
        -0.102309 0.523622 1.305778,
        -0.103846 0.523622 1.301198,
        -0.104565 0.523622 1.293607,
        -0.104304 0.523622 1.256807,
        -0.066650 0.523622 1.257869,
        -0.063289 0.523622 1.260250,
        -0.062183 0.523622 1.261386,
        -0.094337 0.523622 1.265720,
        -0.094072 0.523622 1.265721,
        -0.092440 0.523622 1.263285,
        -0.094533 0.523622 1.293228,
        -0.094215 0.523622 1.297665,
        -0.093204 0.523622 1.301243,
        -0.092040 0.523622 1.303317,
        -0.070485 0.523622 1.256393,
        -0.058463 0.523622 1.272442,
        -0.058506 0.523622 1.273763,
        -0.090535 0.523622 1.304940,
        -0.088763 0.523622 1.306100,
        -0.050604 0.523622 1.241958,
        -0.055391 0.523622 1.241958,
        -0.108587 0.523622 1.241958,
        -0.050604 0.523622 1.006561,
        -0.055391 0.523622 1.006561,
        -0.108587 0.523622 1.006561,
        -0.122987 0.523622 1.006561,
        -0.251456 0.523622 1.418737,
        -0.249448 0.523622 1.409378,
        -0.247587 0.523622 1.442510,
        -0.250488 0.523622 1.434846,
        -0.253816 0.523622 1.464162,
        -0.251734 0.523622 1.423846,
        -0.245444 0.523622 1.401126,
        -0.239446 0.523622 1.394090,
        -0.230998 0.523622 1.388131,
        -0.209664 0.523622 1.463157,
        -0.221880 0.523622 1.461720,
        -0.231519 0.523622 1.458121,
        -0.221836 0.523622 1.384641,
        -0.208277 0.523622 1.383095,
        -0.186255 0.523622 1.383251,
        -0.186822 0.523622 1.463319,
        -0.239859 0.523622 1.452340,
        -0.242686 0.523622 1.449533,
        -0.122987 0.523622 2.692913,
        -0.159389 0.523622 2.692913,
        -0.178724 0.523622 2.692913,
        -0.253816 0.523622 2.692913,
        -0.278092 0.523622 2.692913,
        -0.353183 0.523622 2.692913,
        -0.348816 0.523622 1.281648,
        -0.344812 0.523622 1.273396,
        -0.338814 0.523622 1.266360,
        -0.330366 0.523622 1.260401,
        -0.321204 0.523622 1.256910,
        -0.307645 0.523622 1.255365,
        -0.285622 0.523622 1.255521,
        -0.286190 0.523622 1.335588,
        -0.309031 0.523622 1.335426,
        -0.321248 0.523622 1.333989,
        -0.330886 0.523622 1.330391,
        -0.339227 0.523622 1.324609,
        -0.342054 0.523622 1.321802,
        -0.346955 0.523622 1.314780,
        -0.349856 0.523622 1.307116,
        -0.351102 0.523622 1.296115,
        -0.350824 0.523622 1.291007,
        -0.278092 0.523622 1.241958,
        -0.427013 0.523622 1.255275,
        -0.551246 0.523622 1.255275,
        -0.551246 0.523622 1.359910,
        -0.551246 0.523622 1.382807,
        -0.278092 0.523622 1.006561,
        -0.353183 0.523622 1.006561,
        -0.551246 0.523622 1.006561,
        -0.675197 0.523622 1.464162,
        -0.675197 0.523622 1.382807,
        -0.675197 0.523622 1.359910,
        -0.675197 0.523622 1.255275,
        -0.675197 0.523622 1.241958,
        -0.675197 0.523622 1.006561,
        0.675197 0.523622 0.791339,
        0.026812 0.523622 0.791339,
        -0.050604 0.523622 0.791339,
        -0.055391 0.523622 0.791339,
        -0.108587 0.523622 0.791339,
        -0.122987 0.523622 0.791339,
        -0.159389 0.523622 0.791339,
        -0.178724 0.523622 0.791339,
        -0.253816 0.523622 0.791339,
        -0.278092 0.523622 0.791339,
        -0.353183 0.523622 0.791339,
        -0.551246 0.523622 0.791339,
        -0.675197 0.523622 0.791339,
      ]
    }
    coordIndex [
      0, 1, 2, -1,
      3, 4, 5, -1,
      6, 7, 8, -1,
      9, 10, 11, -1,
      12, 13, 14, -1,
      15, 16, 17, -1,
      18, 19, 20, -1,
      21, 22, 23, -1,
      24, 25, 26, -1,
      27, 28, 29, -1,
      29, 28, 30, -1,
      31, 32, 29, -1,
      29, 32, 33, -1,
      29, 33, 34, -1,
      34, 35, 29, -1,
      29, 35, 36, -1,
      29, 36, 27, -1,
      37, 38, 39, -1,
      40, 41, 31, -1,
      39, 38, 40, -1,
      40, 38, 42, -1,
      40, 42, 41, -1,
      43, 44, 39, -1,
      39, 44, 45, -1,
      39, 45, 37, -1,
      46, 47, 43, -1,
      43, 47, 48, -1,
      43, 48, 49, -1,
      43, 50, 44, -1,
      44, 50, 51, -1,
      44, 51, 52, -1,
      52, 51, 53, -1,
      52, 53, 54, -1,
      49, 55, 43, -1,
      43, 55, 56, -1,
      43, 56, 50, -1,
      57, 58, 59, -1,
      59, 58, 60, -1,
      59, 60, 61, -1,
      61, 62, 59, -1,
      59, 62, 63, -1,
      59, 63, 64, -1,
      64, 63, 65, -1,
      65, 66, 64, -1,
      64, 66, 67, -1,
      64, 67, 46, -1,
      46, 67, 68, -1,
      46, 68, 47, -1,
      69, 70, 59, -1,
      59, 70, 71, -1,
      59, 71, 57, -1,
      72, 73, 74, -1,
      75, 76, 77, -1,
      77, 76, 78, -1,
      77, 78, 69, -1,
      69, 78, 79, -1,
      69, 79, 70, -1,
      72, 74, 80, -1,
      73, 81, 74, -1,
      74, 81, 82, -1,
      74, 82, 77, -1,
      77, 82, 83, -1,
      77, 83, 75, -1,
      84, 85, 86, -1,
      87, 88, 89, -1,
      90, 91, 92, -1,
      92, 91, 93, -1,
      87, 89, 94, -1,
      95, 96, 97, -1,
      98, 99, 91, -1,
      91, 99, 100, -1,
      91, 100, 101, -1,
      97, 102, 103, -1,
      88, 104, 89, -1,
      89, 104, 105, -1,
      89, 105, 106, -1,
      96, 107, 97, -1,
      97, 107, 108, -1,
      97, 108, 102, -1,
      109, 110, 111, -1,
      111, 110, 112, -1,
      111, 112, 113, -1,
      114, 101, 115, -1,
      115, 101, 116, -1,
      115, 116, 111, -1,
      111, 116, 117, -1,
      111, 117, 109, -1,
      114, 118, 101, -1,
      101, 118, 119, -1,
      101, 119, 91, -1,
      91, 119, 120, -1,
      91, 120, 93, -1,
      121, 122, 89, -1,
      89, 122, 123, -1,
      89, 123, 91, -1,
      91, 123, 124, -1,
      91, 124, 98, -1,
      125, 126, 127, -1,
      127, 126, 128, -1,
      127, 128, 89, -1,
      89, 128, 129, -1,
      89, 129, 94, -1,
      130, 131, 132, -1,
      132, 131, 133, -1,
      133, 134, 132, -1,
      132, 134, 135, -1,
      132, 135, 136, -1,
      136, 135, 125, -1,
      136, 125, 137, -1,
      137, 125, 127, -1,
      106, 138, 89, -1,
      89, 138, 139, -1,
      89, 139, 140, -1,
      103, 141, 97, -1,
      97, 141, 142, -1,
      97, 142, 132, -1,
      132, 142, 143, -1,
      132, 143, 130, -1,
      140, 144, 89, -1,
      89, 144, 145, -1,
      89, 145, 121, -1,
      146, 147, 148, -1,
      148, 101, 146, -1,
      146, 101, 100, -1,
      146, 100, 149, -1,
      149, 100, 150, -1,
      150, 151, 149, -1,
      149, 151, 152, -1,
      149, 152, 153, -1,
      154, 155, 156, -1,
      155, 157, 156, -1,
      156, 157, 158, -1,
      156, 158, 159, -1,
      160, 156, 161, -1,
      147, 146, 160, -1,
      160, 146, 162, -1,
      160, 162, 156, -1,
      156, 162, 163, -1,
      156, 163, 154, -1,
      161, 164, 160, -1,
      160, 164, 165, -1,
      160, 165, 166, -1,
      159, 158, 167, -1,
      167, 158, 168, -1,
      167, 168, 169, -1,
      169, 168, 170, -1,
      169, 170, 171, -1,
      172, 173, 166, -1,
      166, 173, 174, -1,
      166, 174, 160, -1,
      28, 175, 30, -1,
      30, 175, 176, -1,
      30, 176, 5, -1,
      5, 176, 177, -1,
      5, 177, 178, -1,
      179, 180, 181, -1,
      182, 183, 184, -1,
      185, 186, 187, -1,
      188, 189, 190, -1,
      190, 189, 191, -1,
      190, 191, 192, -1,
      193, 191, 194, -1,
      194, 191, 189, -1,
      194, 189, 195, -1,
      195, 189, 188, -1,
      195, 188, 196, -1,
      196, 188, 197, -1,
      196, 197, 198, -1,
      198, 197, 199, -1,
      198, 199, 181, -1,
      181, 199, 200, -1,
      181, 200, 179, -1,
      201, 202, 203, -1,
      203, 202, 204, -1,
      205, 203, 206, -1,
      206, 203, 204, -1,
      206, 204, 207, -1,
      207, 204, 208, -1,
      207, 208, 209, -1,
      206, 210, 205, -1,
      205, 210, 211, -1,
      205, 211, 212, -1,
      213, 214, 215, -1,
      216, 217, 218, -1,
      218, 217, 219, -1,
      218, 219, 201, -1,
      201, 219, 220, -1,
      201, 220, 202, -1,
      202, 220, 221, -1,
      202, 221, 215, -1,
      215, 221, 222, -1,
      215, 222, 213, -1,
      209, 208, 223, -1,
      223, 208, 224, -1,
      223, 224, 213, -1,
      25, 24, 224, -1,
      224, 24, 225, -1,
      224, 225, 226, -1,
      227, 228, 229, -1,
      227, 229, 230, -1,
      213, 224, 214, -1,
      214, 224, 226, -1,
      214, 226, 231, -1,
      231, 226, 232, -1,
      231, 232, 229, -1,
      229, 232, 233, -1,
      229, 233, 230, -1,
      228, 234, 229, -1,
      229, 234, 235, -1,
      229, 235, 236, -1,
      236, 237, 229, -1,
      229, 237, 238, -1,
      229, 238, 239, -1,
      239, 240, 229, -1,
      229, 240, 241, -1,
      229, 241, 242, -1,
      242, 241, 243, -1,
      243, 241, 244, -1,
      244, 241, 245, -1,
      244, 245, 246, -1,
      246, 247, 244, -1,
      244, 247, 248, -1,
      244, 248, 249, -1,
      249, 248, 250, -1,
      251, 252, 253, -1,
      253, 252, 254, -1,
      253, 254, 255, -1,
      256, 257, 258, -1,
      258, 259, 256, -1,
      256, 259, 260, -1,
      256, 260, 261, -1,
      20, 262, 256, -1,
      256, 262, 263, -1,
      256, 263, 257, -1,
      22, 264, 265, -1,
      265, 264, 266, -1,
      265, 266, 20, -1,
      20, 266, 267, -1,
      20, 267, 262, -1,
      268, 269, 23, -1,
      23, 269, 270, -1,
      270, 271, 23, -1,
      23, 271, 272, -1,
      23, 272, 21, -1,
      273, 274, 275, -1,
      275, 274, 276, -1,
      231, 277, 214, -1,
      214, 277, 278, -1,
      214, 278, 279, -1,
      279, 278, 280, -1,
      279, 280, 281, -1,
      19, 282, 20, -1,
      20, 282, 283, -1,
      20, 283, 265, -1,
      265, 283, 284, -1,
      265, 284, 285, -1,
      31, 29, 40, -1,
      40, 29, 286, -1,
      40, 286, 287, -1,
      288, 289, 275, -1,
      290, 291, 292, -1,
      293, 294, 295, -1,
      290, 292, 296, -1,
      293, 295, 292, -1,
      292, 295, 297, -1,
      292, 297, 296, -1,
      298, 299, 300, -1,
      300, 299, 301, -1,
      300, 301, 302, -1,
      302, 301, 303, -1,
      302, 303, 292, -1,
      304, 17, 305, -1,
      305, 17, 16, -1,
      305, 16, 306, -1,
      307, 308, 17, -1,
      309, 310, 311, -1,
      312, 313, 17, -1,
      17, 313, 314, -1,
      289, 315, 275, -1,
      275, 315, 316, -1,
      275, 316, 311, -1,
      311, 316, 317, -1,
      311, 317, 309, -1,
      310, 318, 311, -1,
      311, 318, 319, -1,
      311, 319, 320, -1,
      320, 319, 321, -1,
      320, 321, 307, -1,
      322, 323, 308, -1,
      308, 323, 324, -1,
      308, 324, 17, -1,
      17, 324, 325, -1,
      17, 325, 312, -1,
      314, 326, 17, -1,
      17, 326, 327, -1,
      17, 327, 15, -1,
      328, 329, 330, -1,
      330, 329, 331, -1,
      330, 331, 332, -1,
      330, 333, 328, -1,
      328, 333, 334, -1,
      328, 334, 335, -1,
      335, 336, 328, -1,
      328, 336, 337, -1,
      328, 337, 338, -1,
      338, 337, 339, -1,
      338, 339, 340, -1,
      340, 339, 341, -1,
      340, 341, 308, -1,
      308, 341, 342, -1,
      308, 342, 322, -1,
      343, 344, 332, -1,
      332, 344, 345, -1,
      332, 345, 330, -1,
      346, 347, 294, -1,
      294, 347, 348, -1,
      294, 348, 295, -1,
      346, 349, 347, -1,
      347, 349, 350, -1,
      347, 350, 351, -1,
      351, 350, 352, -1,
      351, 353, 354, -1,
      352, 355, 351, -1,
      351, 355, 356, -1,
      351, 356, 357, -1,
      357, 358, 351, -1,
      351, 358, 359, -1,
      351, 359, 353, -1,
      354, 360, 351, -1,
      351, 360, 361, -1,
      351, 361, 362, -1,
      363, 364, 365, -1,
      366, 367, 368, -1,
      368, 367, 369, -1,
      368, 369, 370, -1,
      370, 369, 363, -1,
      370, 363, 371, -1,
      371, 363, 365, -1,
      372, 373, 17, -1,
      17, 373, 374, -1,
      307, 17, 320, -1,
      320, 17, 374, -1,
      320, 374, 367, -1,
      367, 374, 375, -1,
      367, 375, 369, -1,
      376, 373, 377, -1,
      377, 373, 372, -1,
      377, 372, 378, -1,
      14, 13, 379, -1,
      380, 379, 304, -1,
      304, 379, 13, -1,
      304, 13, 17, -1,
      17, 13, 381, -1,
      17, 381, 372, -1,
      372, 381, 382, -1,
      372, 382, 378, -1,
      383, 384, 385, -1,
      12, 14, 386, -1,
      386, 14, 387, -1,
      386, 387, 388, -1,
      385, 389, 383, -1,
      383, 389, 390, -1,
      383, 390, 391, -1,
      391, 390, 392, -1,
      393, 394, 395, -1,
      395, 394, 383, -1,
      383, 394, 396, -1,
      383, 396, 384, -1,
      9, 11, 397, -1,
      398, 399, 187, -1,
      187, 399, 188, -1,
      187, 188, 185, -1,
      185, 188, 190, -1,
      400, 401, 402, -1,
      399, 403, 188, -1,
      188, 403, 402, -1,
      188, 402, 404, -1,
      404, 402, 401, -1,
      404, 401, 405, -1,
      406, 407, 408, -1,
      408, 407, 409, -1,
      408, 409, 405, -1,
      405, 409, 410, -1,
      405, 410, 404, -1,
      404, 410, 411, -1,
      404, 411, 412, -1,
      412, 411, 413, -1,
      412, 413, 414, -1,
      402, 415, 400, -1,
      400, 415, 416, -1,
      400, 416, 417, -1,
      8, 7, 197, -1,
      197, 7, 418, -1,
      197, 418, 419, -1,
      420, 421, 422, -1,
      423, 422, 424, -1,
      424, 422, 421, -1,
      424, 421, 425, -1,
      422, 426, 420, -1,
      420, 426, 427, -1,
      420, 427, 428, -1,
      4, 429, 5, -1,
      5, 429, 265, -1,
      5, 265, 30, -1,
      30, 265, 285, -1,
      30, 285, 29, -1,
      29, 285, 430, -1,
      29, 430, 286, -1,
      431, 432, 433, -1,
      433, 432, 434, -1,
      433, 434, 435, -1,
      435, 434, 436, -1,
      435, 436, 437, -1,
      437, 436, 438, -1,
      4, 439, 429, -1,
      429, 439, 436, -1,
      429, 436, 440, -1,
      440, 436, 434, -1,
      434, 441, 440, -1,
      440, 441, 3, -1,
      440, 3, 97, -1,
      97, 3, 5, -1,
      97, 5, 95, -1,
      95, 5, 178, -1,
      286, 18, 287, -1,
      287, 18, 20, -1,
      287, 20, 254, -1,
      254, 20, 256, -1,
      254, 256, 255, -1,
      255, 256, 261, -1,
      22, 265, 23, -1,
      23, 265, 429, -1,
      23, 429, 442, -1,
      442, 429, 440, -1,
      442, 440, 443, -1,
      444, 445, 446, -1,
      446, 445, 447, -1,
      275, 448, 449, -1,
      450, 451, 275, -1,
      275, 451, 452, -1,
      275, 452, 448, -1,
      453, 454, 455, -1,
      455, 454, 456, -1,
      455, 456, 457, -1,
      443, 458, 459, -1,
      460, 442, 461, -1,
      461, 442, 462, -1,
      268, 23, 276, -1,
      276, 23, 442, -1,
      276, 442, 275, -1,
      275, 442, 460, -1,
      275, 460, 450, -1,
      444, 463, 445, -1,
      445, 463, 464, -1,
      445, 464, 465, -1,
      465, 464, 466, -1,
      467, 468, 466, -1,
      466, 468, 469, -1,
      466, 469, 465, -1,
      449, 470, 275, -1,
      275, 470, 471, -1,
      275, 471, 472, -1,
      291, 288, 292, -1,
      292, 288, 275, -1,
      292, 275, 302, -1,
      302, 275, 472, -1,
      302, 472, 473, -1,
      474, 475, 443, -1,
      443, 475, 476, -1,
      443, 476, 458, -1,
      477, 478, 455, -1,
      455, 478, 479, -1,
      455, 479, 453, -1,
      480, 481, 466, -1,
      466, 481, 482, -1,
      466, 482, 483, -1,
      473, 455, 302, -1,
      302, 455, 457, -1,
      302, 457, 443, -1,
      443, 457, 484, -1,
      443, 484, 474, -1,
      459, 485, 443, -1,
      443, 485, 486, -1,
      443, 486, 442, -1,
      442, 486, 447, -1,
      442, 447, 462, -1,
      462, 447, 445, -1,
      483, 487, 466, -1,
      466, 487, 488, -1,
      466, 488, 467, -1,
      132, 84, 97, -1,
      97, 84, 86, -1,
      97, 86, 440, -1,
      440, 86, 489, -1,
      440, 489, 443, -1,
      443, 489, 490, -1,
      443, 490, 302, -1,
      302, 490, 491, -1,
      302, 491, 300, -1,
      300, 491, 305, -1,
      300, 305, 298, -1,
      298, 305, 306, -1,
      85, 80, 86, -1,
      86, 80, 74, -1,
      86, 74, 489, -1,
      489, 74, 492, -1,
      489, 492, 490, -1,
      490, 492, 493, -1,
      490, 493, 491, -1,
      491, 493, 494, -1,
      491, 494, 305, -1,
      305, 494, 495, -1,
      305, 495, 304, -1,
      304, 495, 391, -1,
      304, 391, 380, -1,
      380, 391, 392, -1,
      281, 273, 279, -1,
      279, 273, 275, -1,
      279, 275, 214, -1,
      214, 275, 311, -1,
      214, 311, 215, -1,
      215, 311, 320, -1,
      215, 320, 202, -1,
      202, 320, 367, -1,
      202, 367, 182, -1,
      496, 497, 182, -1,
      498, 499, 500, -1,
      500, 499, 501, -1,
      497, 502, 182, -1,
      182, 502, 503, -1,
      182, 503, 504, -1,
      204, 505, 500, -1,
      500, 505, 506, -1,
      500, 506, 507, -1,
      504, 508, 182, -1,
      182, 508, 509, -1,
      182, 509, 202, -1,
      202, 509, 510, -1,
      202, 510, 204, -1,
      204, 510, 511, -1,
      204, 511, 505, -1,
      507, 512, 500, -1,
      500, 512, 513, -1,
      500, 513, 498, -1,
      180, 179, 184, -1,
      184, 179, 500, -1,
      184, 500, 182, -1,
      182, 500, 501, -1,
      182, 501, 496, -1,
      251, 26, 252, -1,
      252, 26, 25, -1,
      252, 25, 514, -1,
      514, 25, 224, -1,
      514, 224, 515, -1,
      515, 224, 208, -1,
      515, 208, 516, -1,
      516, 208, 204, -1,
      516, 204, 517, -1,
      517, 204, 500, -1,
      517, 500, 518, -1,
      518, 500, 179, -1,
      518, 179, 519, -1,
      519, 179, 200, -1,
      520, 521, 8, -1,
      8, 521, 522, -1,
      8, 522, 523, -1,
      523, 524, 8, -1,
      8, 524, 525, -1,
      8, 525, 404, -1,
      404, 525, 526, -1,
      404, 526, 188, -1,
      526, 527, 188, -1,
      188, 527, 528, -1,
      188, 528, 197, -1,
      197, 528, 529, -1,
      197, 529, 530, -1,
      530, 531, 197, -1,
      197, 531, 532, -1,
      197, 532, 533, -1,
      533, 534, 197, -1,
      197, 534, 535, -1,
      197, 535, 8, -1,
      8, 535, 536, -1,
      8, 536, 520, -1,
      421, 6, 425, -1,
      425, 6, 8, -1,
      425, 8, 537, -1,
      537, 8, 404, -1,
      537, 404, 11, -1,
      11, 404, 412, -1,
      11, 412, 397, -1,
      397, 412, 414, -1,
      397, 414, 366, -1,
      366, 414, 398, -1,
      366, 398, 367, -1,
      367, 398, 187, -1,
      367, 187, 182, -1,
      182, 187, 186, -1,
      182, 186, 183, -1,
      423, 424, 538, -1,
      538, 424, 539, -1,
      538, 539, 419, -1,
      419, 539, 540, -1,
      419, 540, 197, -1,
      197, 540, 541, -1,
      197, 541, 199, -1,
      199, 541, 2, -1,
      199, 2, 200, -1,
      200, 2, 1, -1,
      200, 1, 519, -1,
      10, 393, 11, -1,
      11, 393, 395, -1,
      11, 395, 537, -1,
      537, 395, 542, -1,
      537, 542, 425, -1,
      425, 542, 543, -1,
      425, 543, 424, -1,
      424, 543, 544, -1,
      0, 2, 545, -1,
      545, 2, 541, -1,
      545, 541, 546, -1,
      546, 541, 540, -1,
      546, 540, 547, -1,
      547, 540, 539, -1,
      547, 539, 548, -1,
      548, 539, 424, -1,
      548, 424, 549, -1,
      549, 424, 544, -1,
      549, 544, 550, -1,
      77, 551, 74, -1,
      74, 551, 552, -1,
      74, 552, 492, -1,
      492, 552, 553, -1,
      492, 553, 493, -1,
      493, 553, 554, -1,
      493, 554, 494, -1,
      494, 554, 555, -1,
      494, 555, 495, -1,
      495, 555, 556, -1,
      495, 556, 391, -1,
      391, 556, 557, -1,
      391, 557, 383, -1,
      383, 557, 558, -1,
      383, 558, 395, -1,
      395, 558, 559, -1,
      395, 559, 542, -1,
      542, 559, 560, -1,
      542, 560, 543, -1,
      543, 560, 561, -1,
      543, 561, 544, -1,
      544, 561, 562, -1,
      544, 562, 550, -1,
      550, 562, 563, -1,
    ]
  }
}

Shape {
  appearance Appearance {
    material Material {
      diffuseColor 0.8510 0.8510 0.8510
      specularColor 0.4235 0.4235 0.4235
      ambientIntensity 0.2
      transparency 0.0000
      shininess 0.5
    }
  }
  geometry IndexedFaceSet {
    ccw TRUE
    solid FALSE
    coord DEF co Coordinate {
      point [
        -0.408465 0.076772 0.200787,
        -0.408465 0.076772 0.791339,
        -0.408465 -0.076772 0.200787,
        -0.408465 -0.076772 0.791339,
        -0.378543 0.076772 0.200787,
        -0.378543 -0.076772 0.200787,
        -0.378543 0.076772 -0.000000,
        -0.378543 -0.076772 -0.000000,
        -0.408465 0.076772 -0.000000,
        -0.408465 -0.076772 -0.000000,
        -0.408465 0.076772 -1.968504,
        -0.408465 -0.076772 -1.968504,
        -0.591535 0.076772 -1.968504,
        -0.591535 -0.076772 -1.968504,
        -0.591535 0.076772 -0.000000,
        -0.591535 -0.076772 -0.000000,
        -0.621457 0.076772 0.000000,
        -0.621457 -0.076772 0.000000,
        -0.621457 0.076772 0.200787,
        -0.621457 -0.076772 0.200787,
        -0.591535 0.076772 0.200787,
        -0.591535 -0.076772 0.200787,
        -0.591535 0.076772 0.791339,
        -0.591535 -0.076772 0.791339,
      ]
    }
    coordIndex [
      0, 1, 2, -1,
      2, 1, 3, -1,
      4, 0, 5, -1,
      5, 0, 2, -1,
      6, 4, 7, -1,
      7, 4, 5, -1,
      8, 6, 9, -1,
      9, 6, 7, -1,
      10, 8, 11, -1,
      11, 8, 9, -1,
      12, 10, 13, -1,
      13, 10, 11, -1,
      14, 12, 15, -1,
      15, 12, 13, -1,
      16, 14, 17, -1,
      17, 14, 15, -1,
      18, 16, 19, -1,
      19, 16, 17, -1,
      20, 18, 21, -1,
      21, 18, 19, -1,
      22, 20, 23, -1,
      23, 20, 21, -1,
      22, 1, 20, -1,
      20, 1, 0, -1,
      4, 6, 0, -1,
      0, 6, 8, -1,
      10, 12, 8, -1,
      8, 12, 14, -1,
      8, 14, 0, -1,
      0, 14, 16, -1,
      0, 16, 20, -1,
      20, 16, 18, -1,
      3, 23, 2, -1,
      2, 23, 21, -1,
      19, 17, 21, -1,
      21, 17, 15, -1,
      13, 11, 15, -1,
      15, 11, 9, -1,
      15, 9, 21, -1,
      21, 9, 7, -1,
      21, 7, 2, -1,
      2, 7, 5, -1,
    ]
  }
}

Shape {
  appearance Appearance {
    material Material {
      diffuseColor 0.2235 0.2235 0.2235
      specularColor 0.1137 0.1137 0.1137
      ambientIntensity 0.2
      transparency 0.0000
      shininess 0.5
    }
  }
  geometry IndexedFaceSet {
    ccw TRUE
    solid FALSE
    coord DEF co Coordinate {
      point [
        -0.675197 0.523622 2.692913,
        0.675197 0.523622 2.692913,
        0.675197 0.523622 0.791339,
        -0.675197 0.523622 0.791339,
        -0.408465 0.076772 0.791339,
        -0.408465 -0.076772 0.791339,
        -0.591535 0.076772 0.791339,
        -0.591535 -0.076772 0.791339,
        0.037442 -0.924402 2.054109,
        0.074024 -0.922084 2.653688,
        0.000000 -0.925197 2.056359,
        -0.074024 -0.922084 2.653688,
        -0.037417 -0.924403 2.054112,
        -0.219985 -0.897314 2.654837,
        -0.189751 -0.904538 1.992170,
        -0.156280 -0.911237 2.014485,
        -0.119830 -0.917016 2.032476,
        -0.080896 -0.921478 2.045709,
        -0.074015 -0.921941 2.047039,
        -0.309863 -0.868957 1.702835,
        -0.312559 -0.867940 1.743800,
        -0.359745 -0.848472 0.827148,
        -0.301909 -0.871899 1.662904,
        -0.248033 -0.889592 1.553608,
        -0.270684 -0.882620 1.587520,
        -0.288752 -0.876576 1.624152,
        -0.309899 -0.868944 1.784496,
        -0.359745 -0.848472 2.657104,
        -0.301909 -0.871899 1.824696,
        -0.288705 -0.876593 1.863561,
        -0.270684 -0.882620 1.900080,
        -0.247857 -0.889644 1.934222,
        -0.221013 -0.897048 1.964813,
        -0.219981 -0.897296 1.965716,
        -0.037169 -0.924413 1.433459,
        -0.074024 -0.922084 1.440133,
        -0.074024 -0.922084 0.830564,
        -0.080752 -0.921341 1.442331,
        -0.219985 -0.897314 0.829415,
        -0.119553 -0.917054 1.455009,
        -0.156280 -0.911237 1.473116,
        -0.189790 -0.904529 1.495459,
        -0.219985 -0.897314 1.521765,
        -0.220941 -0.897051 1.522850,
        0.074024 -0.922084 0.830564,
        0.037168 -0.924413 1.433459,
        0.000000 -0.925197 1.431241,
        0.219985 -0.897314 0.829415,
        0.189713 -0.904546 1.495401,
        0.156280 -0.911237 1.473116,
        0.119549 -0.917055 1.455007,
        0.080896 -0.921478 1.441891,
        0.074015 -0.921940 1.440564,
        0.270684 -0.882620 1.900080,
        0.288729 -0.876584 1.863504,
        0.359745 -0.848472 2.657104,
        0.247861 -0.889643 1.934217,
        0.301909 -0.871899 1.824696,
        0.309898 -0.868944 1.784497,
        0.312559 -0.867940 1.743800,
        0.309857 -0.868959 1.702793,
        0.301909 -0.871899 1.662904,
        0.359745 -0.848472 0.827148,
        0.288785 -0.876565 1.624233,
        0.270684 -0.882620 1.587520,
        0.248032 -0.889593 1.553607,
        0.221013 -0.897048 1.522787,
        0.219981 -0.897296 1.521885,
        0.074024 -0.922084 2.047467,
        0.080751 -0.921340 2.045266,
        0.219985 -0.897314 2.654837,
        0.119824 -0.917017 2.032480,
        0.156280 -0.911237 2.014485,
        0.189630 -0.904564 1.992263,
        0.219985 -0.897314 1.965836,
        0.220942 -0.897051 1.964751,
        0.881112 -0.076772 0.791339,
        0.881439 -0.020379 2.692913,
        0.881112 -0.076772 2.692913,
        0.872876 -0.168179 0.795580,
        0.872876 -0.168179 2.688672,
        0.839704 -0.312463 2.681976,
        0.839704 -0.312463 0.802276,
        0.782859 -0.449163 2.675633,
        0.782859 -0.449163 0.808619,
        0.703944 -0.574426 2.669820,
        0.703944 -0.574426 0.814431,
        0.605184 -0.684720 2.664702,
        0.605184 -0.684720 0.819550,
        0.489363 -0.776935 2.660423,
        0.489363 -0.776935 0.823829,
        -0.489363 -0.776935 2.660423,
        -0.489363 -0.776935 0.823829,
        -0.605184 -0.684720 2.664702,
        -0.605184 -0.684720 0.819550,
        -0.703944 -0.574426 2.669820,
        -0.703944 -0.574426 0.814431,
        -0.782859 -0.449163 2.675633,
        -0.782859 -0.449163 0.808619,
        -0.839704 -0.312463 2.681976,
        -0.839704 -0.312463 0.802276,
        -0.872876 -0.168179 2.688672,
        -0.872876 -0.168179 0.795580,
        -0.881112 -0.076772 0.791339,
        -0.881112 -0.076772 2.692913,
        -0.881439 -0.020379 0.791339,
        -0.881439 -0.020379 2.692913,
        -0.865154 0.126771 2.692913,
        -0.865154 0.126771 0.791339,
        -0.824478 0.269122 2.692913,
        -0.824478 0.269122 0.791339,
        -0.760558 0.402660 2.692913,
        -0.760558 0.402660 0.791339,
        0.881439 -0.020379 0.791339,
        0.865154 0.126771 0.791339,
        0.865154 0.126771 2.692913,
        0.824478 0.269122 0.791339,
        0.824478 0.269122 2.692913,
        0.760558 0.402660 0.791339,
        0.760558 0.402660 2.692913,
        0.591535 0.076772 0.791339,
        0.591535 -0.076772 0.791339,
        0.408465 0.076772 0.791339,
        -0.091535 0.076772 0.791339,
        -0.091535 -0.076772 0.791339,
        0.091535 0.076772 0.791339,
        0.091535 -0.076772 0.791339,
        0.408465 -0.076772 0.791339,
      ]
    }
    coordIndex [
      8, 9, 10, -1,
      10, 9, 11, -1,
      10, 11, 12, -1,
      13, 14, 15, -1,
      15, 16, 13, -1,
      13, 16, 17, -1,
      13, 17, 11, -1,
      11, 17, 18, -1,
      11, 18, 12, -1,
      19, 20, 21, -1,
      19, 21, 22, -1,
      23, 24, 21, -1,
      21, 24, 25, -1,
      21, 25, 22, -1,
      20, 26, 27, -1,
      26, 28, 27, -1,
      27, 28, 29, -1,
      27, 29, 30, -1,
      30, 31, 27, -1,
      27, 31, 32, -1,
      27, 32, 13, -1,
      13, 32, 33, -1,
      13, 33, 14, -1,
      34, 35, 36, -1,
      36, 35, 37, -1,
      36, 37, 38, -1,
      38, 37, 39, -1,
      38, 39, 40, -1,
      40, 41, 38, -1,
      38, 41, 42, -1,
      38, 42, 21, -1,
      21, 42, 43, -1,
      21, 43, 23, -1,
      44, 45, 36, -1,
      36, 45, 46, -1,
      36, 46, 34, -1,
      47, 48, 49, -1,
      49, 50, 47, -1,
      47, 50, 51, -1,
      47, 51, 44, -1,
      44, 51, 52, -1,
      44, 52, 45, -1,
      53, 54, 55, -1,
      53, 55, 56, -1,
      54, 57, 55, -1,
      55, 57, 58, -1,
      55, 58, 59, -1,
      60, 61, 62, -1,
      62, 61, 63, -1,
      62, 63, 64, -1,
      64, 65, 62, -1,
      62, 65, 66, -1,
      62, 66, 47, -1,
      47, 66, 67, -1,
      47, 67, 48, -1,
      8, 68, 9, -1,
      9, 68, 69, -1,
      9, 69, 70, -1,
      70, 69, 71, -1,
      70, 71, 72, -1,
      72, 73, 70, -1,
      70, 73, 74, -1,
      70, 74, 55, -1,
      55, 74, 75, -1,
      55, 75, 56, -1,
      76, 77, 78, -1,
      76, 78, 79, -1,
      78, 80, 79, -1,
      79, 80, 81, -1,
      79, 81, 82, -1,
      82, 81, 83, -1,
      82, 83, 84, -1,
      84, 83, 85, -1,
      84, 85, 86, -1,
      86, 85, 87, -1,
      86, 87, 88, -1,
      88, 87, 89, -1,
      88, 89, 90, -1,
      90, 89, 55, -1,
      90, 55, 62, -1,
      62, 55, 59, -1,
      62, 59, 60, -1,
      20, 27, 21, -1,
      21, 27, 91, -1,
      21, 91, 92, -1,
      92, 91, 93, -1,
      92, 93, 94, -1,
      94, 93, 95, -1,
      94, 95, 96, -1,
      96, 95, 97, -1,
      96, 97, 98, -1,
      98, 97, 99, -1,
      98, 99, 100, -1,
      100, 99, 101, -1,
      100, 101, 102, -1,
      102, 101, 103, -1,
      103, 101, 104, -1,
      103, 104, 105, -1,
      104, 106, 105, -1,
      105, 106, 107, -1,
      105, 107, 108, -1,
      108, 107, 109, -1,
      108, 109, 110, -1,
      110, 109, 111, -1,
      110, 111, 112, -1,
      112, 111, 0, -1,
      112, 0, 3, -1,
      76, 113, 77, -1,
      77, 113, 114, -1,
      77, 114, 115, -1,
      115, 114, 116, -1,
      115, 116, 117, -1,
      117, 116, 118, -1,
      117, 118, 119, -1,
      119, 118, 2, -1,
      119, 2, 1, -1,
      115, 106, 77, -1,
      77, 106, 104, -1,
      77, 104, 78, -1,
      1, 0, 119, -1,
      119, 0, 111, -1,
      119, 111, 109, -1,
      115, 117, 106, -1,
      106, 117, 119, -1,
      106, 119, 107, -1,
      107, 119, 109, -1,
      120, 114, 121, -1,
      121, 114, 113, -1,
      121, 113, 76, -1,
      3, 2, 122, -1,
      122, 2, 118, -1,
      122, 118, 120, -1,
      120, 118, 116, -1,
      120, 116, 114, -1,
      123, 124, 5, -1,
      5, 4, 123, -1,
      123, 4, 3, -1,
      123, 3, 125, -1,
      125, 3, 122, -1,
      125, 122, 126, -1,
      126, 122, 127, -1,
      103, 105, 7, -1,
      7, 105, 108, -1,
      7, 108, 6, -1,
      6, 108, 110, -1,
      6, 110, 4, -1,
      4, 110, 112, -1,
      4, 112, 3, -1,
    ]
  }
}

Shape {
  appearance Appearance {
    material Material {
      diffuseColor 0.8510 0.8510 0.8510
      specularColor 0.4235 0.4235 0.4235
      ambientIntensity 0.2
      transparency 0.0000
      shininess 0.5
    }
  }
  geometry IndexedFaceSet {
    ccw TRUE
    solid FALSE
    coord DEF co Coordinate {
      point [
        0.591535 0.076772 0.791339,
        0.591535 -0.076772 0.791339,
        0.408465 0.076772 0.791339,
        -0.091535 0.076772 0.791339,
        -0.091535 -0.076772 0.791339,
        0.091535 0.076772 0.791339,
        0.091535 -0.076772 0.791339,
        0.408465 -0.076772 0.791339,
        -0.091535 0.076772 0.200787,
        -0.091535 -0.076772 0.200787,
        0.091535 0.076772 0.200787,
        0.091535 -0.076772 0.200787,
        0.121457 0.076772 0.200787,
        0.121457 -0.076772 0.200787,
        0.121457 0.076772 -0.000000,
        0.121457 -0.076772 -0.000000,
        0.091535 0.076772 -0.000000,
        0.091535 -0.076772 -0.000000,
        0.091535 0.076772 -1.968504,
        0.091535 -0.076772 -1.968504,
        -0.091535 0.076772 -1.968504,
        -0.091535 -0.076772 -1.968504,
        -0.091535 0.076772 -0.000000,
        -0.091535 -0.076772 -0.000000,
        -0.121457 0.076772 0.000000,
        -0.121457 -0.076772 0.000000,
        -0.121457 0.076772 0.200787,
        -0.121457 -0.076772 0.200787,
        0.408465 0.076772 0.200787,
        0.408465 -0.076772 0.200787,
        0.591535 0.076772 0.200787,
        0.591535 -0.076772 0.200787,
        0.621457 0.076772 0.200787,
        0.621457 -0.076772 0.200787,
        0.621457 0.076772 -0.000000,
        0.621457 -0.076772 -0.000000,
        0.591535 0.076772 -0.000000,
        0.591535 -0.076772 -0.000000,
        0.591535 0.076772 -1.968504,
        0.591535 -0.076772 -1.968504,
        0.408465 0.076772 -1.968504,
        0.408465 -0.076772 -1.968504,
        0.408465 0.076772 -0.000000,
        0.408465 -0.076772 -0.000000,
        0.378543 0.076772 0.000000,
        0.378543 -0.076772 0.000000,
        0.378543 0.076772 0.200787,
        0.378543 -0.076772 0.200787,
      ]
    }
    coordIndex [
      3, 8, 4, -1,
      4, 8, 9, -1,
      10, 5, 11, -1,
      11, 5, 6, -1,
      12, 10, 13, -1,
      13, 10, 11, -1,
      14, 12, 15, -1,
      15, 12, 13, -1,
      16, 14, 17, -1,
      17, 14, 15, -1,
      18, 16, 19, -1,
      19, 16, 17, -1,
      20, 18, 21, -1,
      21, 18, 19, -1,
      22, 20, 23, -1,
      23, 20, 21, -1,
      24, 22, 25, -1,
      25, 22, 23, -1,
      26, 24, 27, -1,
      27, 24, 25, -1,
      8, 26, 9, -1,
      9, 26, 27, -1,
      3, 5, 8, -1,
      8, 5, 10, -1,
      12, 14, 10, -1,
      10, 14, 16, -1,
      18, 20, 16, -1,
      16, 20, 22, -1,
      16, 22, 10, -1,
      10, 22, 24, -1,
      10, 24, 8, -1,
      8, 24, 26, -1,
      6, 4, 11, -1,
      11, 4, 9, -1,
      27, 25, 9, -1,
      9, 25, 23, -1,
      21, 19, 23, -1,
      23, 19, 17, -1,
      23, 17, 9, -1,
      9, 17, 15, -1,
      9, 15, 11, -1,
      11, 15, 13, -1,
      2, 28, 7, -1,
      7, 28, 29, -1,
      30, 0, 31, -1,
      31, 0, 1, -1,
      32, 30, 33, -1,
      33, 30, 31, -1,
      34, 32, 35, -1,
      35, 32, 33, -1,
      36, 34, 37, -1,
      37, 34, 35, -1,
      38, 36, 39, -1,
      39, 36, 37, -1,
      40, 38, 41, -1,
      41, 38, 39, -1,
      42, 40, 43, -1,
      43, 40, 41, -1,
      44, 42, 45, -1,
      45, 42, 43, -1,
      46, 44, 47, -1,
      47, 44, 45, -1,
      28, 46, 29, -1,
      29, 46, 47, -1,
      2, 0, 28, -1,
      28, 0, 30, -1,
      32, 34, 30, -1,
      30, 34, 36, -1,
      38, 40, 36, -1,
      36, 40, 42, -1,
      36, 42, 30, -1,
      30, 42, 44, -1,
      30, 44, 28, -1,
      28, 44, 46, -1,
      1, 7, 31, -1,
      31, 7, 29, -1,
      47, 45, 29, -1,
      29, 45, 43, -1,
      41, 39, 43, -1,
      43, 39, 37, -1,
      43, 37, 29, -1,
      29, 37, 35, -1,
      29, 35, 31, -1,
      31, 35, 33, -1,
    ]
  }
}

Shape {
  appearance Appearance {
    material Material {
      diffuseColor 0.2235 0.2235 0.2235
      specularColor 0.1137 0.1137 0.1137
      ambientIntensity 0.2
      transparency 0.0000
      shininess 0.5
    }
  }
  geometry IndexedFaceSet {
    ccw TRUE
    solid FALSE
    coord DEF co Coordinate {
      point [
        -0.408465 -0.076772 0.791339,
        -0.591535 -0.076772 0.791339,
        0.037442 -0.924402 2.054109,
        0.074024 -0.922084 2.653688,
        0.000000 -0.925197 2.056359,
        -0.074024 -0.922084 2.653688,
        -0.037417 -0.924403 2.054112,
        -0.219985 -0.897314 2.654837,
        -0.189751 -0.904538 1.992170,
        -0.156280 -0.911237 2.014485,
        -0.119830 -0.917016 2.032476,
        -0.080896 -0.921478 2.045709,
        -0.074015 -0.921941 2.047039,
        -0.309863 -0.868957 1.702835,
        -0.312559 -0.867940 1.743800,
        -0.359745 -0.848472 0.827148,
        -0.301909 -0.871899 1.662904,
        -0.248033 -0.889592 1.553608,
        -0.270684 -0.882620 1.587520,
        -0.288752 -0.876576 1.624152,
        -0.309899 -0.868944 1.784496,
        -0.359745 -0.848472 2.657104,
        -0.301909 -0.871899 1.824696,
        -0.288705 -0.876593 1.863561,
        -0.270684 -0.882620 1.900080,
        -0.247857 -0.889644 1.934222,
        -0.221013 -0.897048 1.964813,
        -0.219981 -0.897296 1.965716,
        -0.037169 -0.924413 1.433459,
        -0.074024 -0.922084 1.440133,
        -0.074024 -0.922084 0.830564,
        -0.080752 -0.921341 1.442331,
        -0.219985 -0.897314 0.829415,
        -0.119553 -0.917054 1.455009,
        -0.156280 -0.911237 1.473116,
        -0.189790 -0.904529 1.495459,
        -0.219985 -0.897314 1.521765,
        -0.220941 -0.897051 1.522850,
        0.074024 -0.922084 0.830564,
        0.037168 -0.924413 1.433459,
        0.000000 -0.925197 1.431241,
        0.219985 -0.897314 0.829415,
        0.189713 -0.904546 1.495401,
        0.156280 -0.911237 1.473116,
        0.119549 -0.917055 1.455007,
        0.080896 -0.921478 1.441891,
        0.074015 -0.921940 1.440564,
        0.270684 -0.882620 1.900080,
        0.288729 -0.876584 1.863504,
        0.359745 -0.848472 2.657104,
        0.247861 -0.889643 1.934217,
        0.301909 -0.871899 1.824696,
        0.309898 -0.868944 1.784497,
        0.312559 -0.867940 1.743800,
        0.309857 -0.868959 1.702793,
        0.301909 -0.871899 1.662904,
        0.359745 -0.848472 0.827148,
        0.288785 -0.876565 1.624233,
        0.270684 -0.882620 1.587520,
        0.248032 -0.889593 1.553607,
        0.221013 -0.897048 1.522787,
        0.219981 -0.897296 1.521885,
        0.074024 -0.922084 2.047467,
        0.080751 -0.921340 2.045266,
        0.219985 -0.897314 2.654837,
        0.119824 -0.917017 2.032480,
        0.156280 -0.911237 2.014485,
        0.189630 -0.904564 1.992263,
        0.219985 -0.897314 1.965836,
        0.220942 -0.897051 1.964751,
        0.881112 -0.076772 0.791339,
        0.881112 -0.076772 2.692913,
        0.872876 -0.168179 0.795580,
        0.872876 -0.168179 2.688672,
        0.839704 -0.312463 2.681976,
        0.839704 -0.312463 0.802276,
        0.782859 -0.449163 2.675633,
        0.782859 -0.449163 0.808619,
        0.703944 -0.574426 2.669820,
        0.703944 -0.574426 0.814431,
        0.605184 -0.684720 2.664702,
        0.605184 -0.684720 0.819550,
        0.489363 -0.776935 2.660423,
        0.489363 -0.776935 0.823829,
        -0.489363 -0.776935 2.660423,
        -0.489363 -0.776935 0.823829,
        -0.605184 -0.684720 2.664702,
        -0.605184 -0.684720 0.819550,
        -0.703944 -0.574426 2.669820,
        -0.703944 -0.574426 0.814431,
        -0.782859 -0.449163 2.675633,
        -0.782859 -0.449163 0.808619,
        -0.839704 -0.312463 2.681976,
        -0.839704 -0.312463 0.802276,
        -0.872876 -0.168179 2.688672,
        -0.872876 -0.168179 0.795580,
        -0.881112 -0.076772 0.791339,
        -0.881112 -0.076772 2.692913,
        0.591535 -0.076772 0.791339,
        -0.091535 -0.076772 0.791339,
        0.091535 -0.076772 0.791339,
        0.408465 -0.076772 0.791339,
        0.301909 -0.826772 1.824696,
        -0.000000 -0.826772 2.056359,
        0.080896 -0.826772 2.045709,
        0.156280 -0.826772 2.014485,
        0.221013 -0.826772 1.964813,
        0.270684 -0.826772 1.900080,
        0.312559 -0.826772 1.743800,
        0.301909 -0.826772 1.662904,
        0.270684 -0.826772 1.587520,
        0.221013 -0.826772 1.522787,
        0.156280 -0.826772 1.473116,
        0.080896 -0.826772 1.441891,
        0.000000 -0.826772 1.431241,
        -0.080896 -0.826772 1.441891,
        -0.156280 -0.826772 1.473116,
        -0.221013 -0.826772 1.522787,
        -0.270684 -0.826772 1.587520,
        -0.301909 -0.826772 1.662904,
        -0.301909 -0.826772 1.824696,
        -0.312559 -0.826772 1.743800,
        -0.270684 -0.826772 1.900080,
        -0.221013 -0.826772 1.964813,
        -0.156280 -0.826772 2.014485,
        -0.080896 -0.826772 2.045709,
        0.000000 -0.826772 1.743800,
      ]
    }
    coordIndex [
      52, 51, 102, -1,
      2, 103, 62, -1,
      62, 103, 104, -1,
      105, 65, 104, -1,
      104, 65, 63, -1,
      104, 63, 62, -1,
      69, 68, 106, -1,
      106, 68, 67, -1,
      106, 67, 105, -1,
      105, 67, 66, -1,
      105, 66, 65, -1,
      102, 51, 107, -1,
      51, 48, 107, -1,
      107, 48, 47, -1,
      107, 47, 106, -1,
      106, 47, 50, -1,
      106, 50, 69, -1,
      52, 102, 53, -1,
      53, 102, 108, -1,
      53, 108, 54, -1,
      54, 108, 109, -1,
      54, 109, 55, -1,
      55, 109, 57, -1,
      57, 109, 110, -1,
      57, 110, 58, -1,
      58, 110, 59, -1,
      59, 110, 111, -1,
      59, 111, 60, -1,
      112, 42, 111, -1,
      111, 42, 61, -1,
      111, 61, 60, -1,
      46, 45, 113, -1,
      113, 45, 44, -1,
      113, 44, 112, -1,
      112, 44, 43, -1,
      112, 43, 42, -1,
      46, 113, 39, -1,
      39, 113, 114, -1,
      39, 114, 40, -1,
      115, 29, 114, -1,
      114, 29, 28, -1,
      114, 28, 40, -1,
      116, 33, 115, -1,
      115, 33, 31, -1,
      115, 31, 29, -1,
      37, 36, 117, -1,
      117, 36, 35, -1,
      117, 35, 116, -1,
      116, 35, 34, -1,
      116, 34, 33, -1,
      118, 119, 16, -1,
      16, 19, 118, -1,
      118, 19, 18, -1,
      118, 18, 117, -1,
      117, 18, 17, -1,
      117, 17, 37, -1,
      120, 20, 121, -1,
      121, 20, 14, -1,
      121, 14, 119, -1,
      119, 14, 13, -1,
      119, 13, 16, -1,
      122, 23, 120, -1,
      120, 23, 22, -1,
      120, 22, 20, -1,
      27, 26, 123, -1,
      123, 26, 25, -1,
      123, 25, 122, -1,
      122, 25, 24, -1,
      122, 24, 23, -1,
      27, 123, 8, -1,
      8, 123, 124, -1,
      8, 124, 9, -1,
      9, 124, 10, -1,
      10, 124, 125, -1,
      10, 125, 11, -1,
      2, 4, 103, -1,
      103, 4, 6, -1,
      103, 6, 125, -1,
      125, 6, 12, -1,
      125, 12, 11, -1,
      105, 104, 126, -1,
      126, 104, 103, -1,
      126, 103, 125, -1,
      102, 107, 126, -1,
      126, 107, 106, -1,
      126, 106, 105, -1,
      110, 109, 126, -1,
      126, 109, 108, -1,
      126, 108, 102, -1,
      113, 112, 126, -1,
      126, 112, 111, -1,
      126, 111, 110, -1,
      116, 115, 126, -1,
      126, 115, 114, -1,
      126, 114, 113, -1,
      119, 118, 126, -1,
      126, 118, 117, -1,
      126, 117, 116, -1,
      122, 120, 126, -1,
      126, 120, 121, -1,
      126, 121, 119, -1,
      125, 124, 126, -1,
      126, 124, 123, -1,
      126, 123, 122, -1,
      95, 96, 1, -1,
      0, 15, 85, -1,
      89, 91, 1, -1,
      1, 91, 93, -1,
      1, 93, 95, -1,
      0, 85, 1, -1,
      1, 85, 87, -1,
      1, 87, 89, -1,
      15, 0, 32, -1,
      32, 0, 99, -1,
      32, 99, 30, -1,
      30, 99, 38, -1,
      38, 99, 100, -1,
      38, 100, 41, -1,
      41, 100, 101, -1,
      41, 101, 56, -1,
      70, 72, 98, -1,
      98, 72, 75, -1,
      98, 75, 77, -1,
      77, 79, 98, -1,
      98, 79, 81, -1,
      98, 81, 101, -1,
      101, 81, 83, -1,
      101, 83, 56, -1,
      74, 73, 94, -1,
      94, 73, 71, -1,
      94, 71, 97, -1,
      94, 92, 74, -1,
      74, 92, 90, -1,
      74, 90, 76, -1,
      76, 90, 88, -1,
      76, 88, 78, -1,
      78, 88, 86, -1,
      78, 86, 80, -1,
      80, 86, 84, -1,
      80, 84, 82, -1,
      82, 84, 49, -1,
      49, 84, 21, -1,
      49, 21, 7, -1,
      5, 3, 7, -1,
      7, 3, 64, -1,
      7, 64, 49, -1,
    ]
  }
}

Shape {
  appearance Appearance {
    material Material {
      diffuseColor 1.0000 1.0000 1.0000
      specularColor 0.5020 0.5020 0.5020
      ambientIntensity 0.2
      transparency 0.0000
      shininess 0.5
    }
  }
  geometry IndexedFaceSet {
    ccw TRUE
    solid FALSE
    coord DEF co Coordinate {
      point [
        -0.017498 0.523622 1.464520,
        -0.017495 0.523622 1.464162,
        -0.057032 0.523622 1.401338,
        -0.055391 0.523622 1.405650,
        -0.108587 0.523622 1.463109,
        -0.105035 0.523622 1.464162,
        -0.167292 0.523622 1.419450,
        -0.167357 0.523622 1.428620,
        -0.159389 0.523622 1.428676,
        -0.169810 0.523622 1.454229,
        -0.169876 0.523622 1.463439,
        -0.159389 0.523622 1.463513,
        -0.159389 0.523622 1.454302,
        -0.138905 0.523622 1.454448,
        -0.138723 0.523622 1.428823,
        -0.128067 0.523622 1.383664,
        -0.138658 0.523622 1.419654,
        -0.138467 0.523622 1.392719,
        -0.159389 0.523622 1.419507,
        -0.159389 0.523622 1.392570,
        -0.171194 0.523622 1.392487,
        -0.171130 0.523622 1.383358,
        -0.159389 0.523622 1.383442,
        -0.128634 0.523622 1.463731,
        -0.112595 0.523622 1.461921,
        -0.112518 0.523622 1.451114,
        -0.093681 0.523622 1.455996,
        -0.090114 0.523622 1.455857,
        -0.108587 0.523622 1.395354,
        -0.103530 0.523622 1.454750,
        -0.112134 0.523622 1.396999,
        -0.111630 0.523622 1.451602,
        -0.108587 0.523622 1.452785,
        -0.083203 0.523622 1.454475,
        -0.076931 0.523622 1.451508,
        -0.071800 0.523622 1.447269,
        -0.071229 0.523622 1.446651,
        -0.067326 0.523622 1.441108,
        -0.064602 0.523622 1.434202,
        -0.063217 0.523622 1.423259,
        -0.063306 0.523622 1.419901,
        -0.105530 0.523622 1.393936,
        -0.096700 0.523622 1.392028,
        -0.091424 0.523622 1.391783,
        -0.064594 0.523622 1.411972,
        -0.067191 0.523622 1.405551,
        -0.070915 0.523622 1.400362,
        -0.073025 0.523622 1.398302,
        -0.084220 0.523622 1.392601,
        -0.078381 0.523622 1.394694,
        -0.104124 0.523622 1.464432,
        -0.093645 0.523622 1.465330,
        -0.083389 0.523622 1.464162,
        -0.058293 0.523622 1.446209,
        -0.064150 0.523622 1.453750,
        -0.066163 0.523622 1.455643,
        -0.073699 0.523622 1.460833,
        -0.082094 0.523622 1.464015,
        -0.054426 0.523622 1.437342,
        -0.055391 0.523622 1.439555,
        -0.053839 0.523622 1.409727,
        -0.052365 0.523622 1.422722,
        -0.052536 0.523622 1.426902,
        -0.083735 0.523622 1.383001,
        -0.075287 0.523622 1.385079,
        -0.067905 0.523622 1.388937,
        -0.062435 0.523622 1.393708,
        -0.061754 0.523622 1.394463,
        -0.092392 0.523622 1.382807,
        -0.089865 0.523622 1.382584,
        -0.086582 0.523622 1.382807,
        -0.112064 0.523622 1.387093,
        -0.110693 0.523622 1.386422,
        -0.108587 0.523622 1.385748,
        -0.102077 0.523622 1.383664,
        -0.016994 0.523622 1.393580,
        -0.048882 0.523622 1.393354,
        -0.048818 0.523622 1.384226,
        -0.006594 0.523622 1.384525,
        -0.007162 0.523622 1.464593,
        -0.007159 0.523622 1.464162,
        -0.251456 0.523622 1.418737,
        -0.249448 0.523622 1.409378,
        -0.247587 0.523622 1.442510,
        -0.250488 0.523622 1.434846,
        -0.251734 0.523622 1.423846,
        -0.245444 0.523622 1.401126,
        -0.239446 0.523622 1.394090,
        -0.230998 0.523622 1.388131,
        -0.209664 0.523622 1.463157,
        -0.221880 0.523622 1.461720,
        -0.231519 0.523622 1.458121,
        -0.221836 0.523622 1.384641,
        -0.208277 0.523622 1.383095,
        -0.186255 0.523622 1.383251,
        -0.186822 0.523622 1.463319,
        -0.239859 0.523622 1.452340,
        -0.242686 0.523622 1.449533,
        -0.048882 0.523661 1.393354,
        -0.048818 0.523661 1.384226,
        -0.016994 0.523661 1.393580,
        -0.017498 0.523661 1.464520,
        -0.007162 0.523661 1.464593,
        -0.006594 0.523661 1.384525,
        -0.112064 0.523661 1.387093,
        -0.110693 0.523661 1.386422,
        -0.089865 0.523661 1.382584,
        -0.102077 0.523661 1.383664,
        -0.112134 0.523661 1.396999,
        -0.105530 0.523661 1.393936,
        -0.096700 0.523661 1.392028,
        -0.091424 0.523661 1.391783,
        -0.084220 0.523661 1.392601,
        -0.078381 0.523661 1.394694,
        -0.073025 0.523661 1.398302,
        -0.070915 0.523661 1.400362,
        -0.067191 0.523661 1.405551,
        -0.064594 0.523661 1.411972,
        -0.063306 0.523661 1.419901,
        -0.063217 0.523661 1.423259,
        -0.064602 0.523661 1.434202,
        -0.067326 0.523661 1.441108,
        -0.071229 0.523661 1.446651,
        -0.071800 0.523661 1.447269,
        -0.076931 0.523661 1.451508,
        -0.083203 0.523661 1.454475,
        -0.090114 0.523661 1.455857,
        -0.093681 0.523661 1.455996,
        -0.112518 0.523661 1.451114,
        -0.111630 0.523661 1.451602,
        -0.103530 0.523661 1.454750,
        -0.112595 0.523661 1.461921,
        -0.104124 0.523661 1.464432,
        -0.093645 0.523661 1.465330,
        -0.082094 0.523661 1.464015,
        -0.073699 0.523661 1.460833,
        -0.066163 0.523661 1.455643,
        -0.064150 0.523661 1.453750,
        -0.058293 0.523661 1.446209,
        -0.054426 0.523661 1.437342,
        -0.052536 0.523661 1.426902,
        -0.052365 0.523661 1.422722,
        -0.053839 0.523661 1.409727,
        -0.057032 0.523661 1.401338,
        -0.061754 0.523661 1.394463,
        -0.062435 0.523661 1.393708,
        -0.083735 0.523661 1.383001,
        -0.075287 0.523661 1.385079,
        -0.067905 0.523661 1.388937,
        -0.171194 0.523661 1.392487,
        -0.171130 0.523661 1.383358,
        -0.138467 0.523661 1.392719,
        -0.138658 0.523661 1.419654,
        -0.167292 0.523661 1.419450,
        -0.167357 0.523661 1.428620,
        -0.138723 0.523661 1.428823,
        -0.138905 0.523661 1.454448,
        -0.169810 0.523661 1.454229,
        -0.169876 0.523661 1.463439,
        -0.128634 0.523661 1.463731,
        -0.128067 0.523661 1.383664,
        -0.236095 0.523661 1.405214,
        -0.232143 0.523661 1.400406,
        -0.239446 0.523661 1.394090,
        -0.231170 0.523661 1.399512,
        -0.230998 0.523661 1.388131,
        -0.225973 0.523661 1.395967,
        -0.221836 0.523661 1.384641,
        -0.219329 0.523661 1.393456,
        -0.208277 0.523661 1.383095,
        -0.208281 0.523661 1.392224,
        -0.186255 0.523661 1.383251,
        -0.196655 0.523661 1.392306,
        -0.186822 0.523661 1.463319,
        -0.197093 0.523661 1.454035,
        -0.209664 0.523661 1.463157,
        -0.209189 0.523661 1.453949,
        -0.221880 0.523661 1.461720,
        -0.220010 0.523661 1.452605,
        -0.231519 0.523661 1.458121,
        -0.226846 0.523661 1.449961,
        -0.239859 0.523661 1.452340,
        -0.232243 0.523661 1.446254,
        -0.242686 0.523661 1.449533,
        -0.234489 0.523661 1.444004,
        -0.247587 0.523661 1.442510,
        -0.237553 0.523661 1.439486,
        -0.250488 0.523661 1.434846,
        -0.239762 0.523661 1.433609,
        -0.251734 0.523661 1.423846,
        -0.240863 0.523661 1.423636,
        -0.251456 0.523661 1.418737,
        -0.240544 0.523661 1.418407,
        -0.249448 0.523661 1.409378,
        -0.238915 0.523661 1.411119,
        -0.245444 0.523661 1.401126,
        -0.209189 0.523622 1.453949,
        -0.197093 0.523622 1.454035,
        -0.196655 0.523622 1.392306,
        -0.208281 0.523622 1.392224,
        -0.232143 0.523622 1.400406,
        -0.231170 0.523622 1.399512,
        -0.225973 0.523622 1.395967,
        -0.219329 0.523622 1.393456,
        -0.240863 0.523622 1.423636,
        -0.240544 0.523622 1.418407,
        -0.238915 0.523622 1.411119,
        -0.236095 0.523622 1.405214,
        -0.232243 0.523622 1.446254,
        -0.234489 0.523622 1.444004,
        -0.237553 0.523622 1.439486,
        -0.239762 0.523622 1.433609,
        -0.220010 0.523622 1.452605,
        -0.226846 0.523622 1.449961,
      ]
    }
    coordIndex [
      98, 99, 76, -1,
      76, 99, 77, -1,
      100, 98, 75, -1,
      75, 98, 76, -1,
      0, 101, 1, -1,
      1, 101, 100, -1,
      1, 100, 75, -1,
      102, 101, 79, -1,
      79, 101, 0, -1,
      78, 103, 80, -1,
      80, 103, 102, -1,
      80, 102, 79, -1,
      99, 103, 77, -1,
      77, 103, 78, -1,
      101, 102, 100, -1,
      100, 102, 103, -1,
      100, 103, 98, -1,
      98, 103, 99, -1,
      71, 104, 105, -1,
      106, 69, 68, -1,
      106, 68, 107, -1,
      68, 74, 107, -1,
      107, 74, 73, -1,
      107, 73, 105, -1,
      105, 73, 72, -1,
      105, 72, 71, -1,
      108, 104, 30, -1,
      30, 104, 71, -1,
      109, 108, 28, -1,
      28, 108, 30, -1,
      28, 41, 109, -1,
      109, 41, 42, -1,
      109, 42, 110, -1,
      110, 42, 43, -1,
      110, 43, 111, -1,
      111, 43, 48, -1,
      111, 48, 112, -1,
      112, 48, 49, -1,
      112, 49, 113, -1,
      113, 49, 47, -1,
      113, 47, 114, -1,
      114, 47, 46, -1,
      114, 46, 115, -1,
      115, 46, 45, -1,
      115, 45, 116, -1,
      116, 45, 44, -1,
      116, 44, 117, -1,
      117, 44, 40, -1,
      117, 40, 118, -1,
      118, 40, 39, -1,
      118, 39, 119, -1,
      119, 39, 38, -1,
      119, 38, 120, -1,
      120, 38, 37, -1,
      120, 37, 121, -1,
      121, 37, 36, -1,
      121, 36, 122, -1,
      122, 36, 35, -1,
      122, 35, 123, -1,
      123, 35, 34, -1,
      123, 34, 124, -1,
      124, 34, 33, -1,
      124, 33, 125, -1,
      125, 33, 27, -1,
      125, 27, 126, -1,
      126, 27, 26, -1,
      126, 26, 127, -1,
      25, 128, 129, -1,
      127, 26, 29, -1,
      127, 29, 130, -1,
      130, 29, 32, -1,
      130, 32, 129, -1,
      129, 32, 31, -1,
      129, 31, 25, -1,
      131, 128, 24, -1,
      24, 128, 25, -1,
      5, 132, 4, -1,
      4, 132, 131, -1,
      4, 131, 24, -1,
      5, 50, 132, -1,
      132, 50, 51, -1,
      132, 51, 133, -1,
      134, 133, 52, -1,
      52, 133, 51, -1,
      52, 57, 134, -1,
      134, 57, 56, -1,
      134, 56, 135, -1,
      135, 56, 55, -1,
      135, 55, 136, -1,
      136, 55, 54, -1,
      136, 54, 137, -1,
      137, 54, 53, -1,
      137, 53, 138, -1,
      138, 53, 59, -1,
      138, 59, 139, -1,
      59, 58, 139, -1,
      139, 58, 62, -1,
      139, 62, 140, -1,
      140, 62, 61, -1,
      140, 61, 141, -1,
      141, 61, 60, -1,
      141, 60, 142, -1,
      142, 60, 3, -1,
      142, 3, 143, -1,
      3, 2, 143, -1,
      143, 2, 67, -1,
      143, 67, 144, -1,
      144, 67, 66, -1,
      144, 66, 145, -1,
      69, 106, 70, -1,
      70, 106, 146, -1,
      70, 146, 63, -1,
      63, 146, 147, -1,
      63, 147, 64, -1,
      64, 147, 148, -1,
      64, 148, 65, -1,
      65, 148, 145, -1,
      65, 145, 66, -1,
      137, 123, 136, -1,
      136, 123, 124, -1,
      136, 124, 135, -1,
      141, 119, 140, -1,
      140, 119, 120, -1,
      140, 120, 139, -1,
      139, 120, 138, -1,
      138, 120, 121, -1,
      138, 121, 137, -1,
      137, 121, 122, -1,
      137, 122, 123, -1,
      135, 124, 134, -1,
      134, 124, 125, -1,
      134, 125, 133, -1,
      104, 108, 105, -1,
      105, 108, 109, -1,
      105, 109, 107, -1,
      107, 109, 110, -1,
      107, 110, 106, -1,
      106, 110, 111, -1,
      106, 111, 146, -1,
      146, 111, 112, -1,
      146, 112, 147, -1,
      147, 112, 113, -1,
      147, 113, 148, -1,
      148, 113, 114, -1,
      148, 114, 145, -1,
      145, 114, 115, -1,
      145, 115, 144, -1,
      144, 115, 116, -1,
      144, 116, 143, -1,
      143, 116, 142, -1,
      142, 116, 117, -1,
      142, 117, 141, -1,
      141, 117, 118, -1,
      141, 118, 119, -1,
      125, 126, 133, -1,
      133, 126, 127, -1,
      133, 127, 132, -1,
      132, 127, 130, -1,
      132, 130, 131, -1,
      131, 130, 129, -1,
      131, 129, 128, -1,
      149, 150, 20, -1,
      20, 150, 21, -1,
      17, 151, 19, -1,
      19, 151, 149, -1,
      19, 149, 20, -1,
      152, 151, 16, -1,
      16, 151, 17, -1,
      6, 153, 18, -1,
      18, 153, 152, -1,
      18, 152, 16, -1,
      154, 153, 7, -1,
      7, 153, 6, -1,
      14, 155, 8, -1,
      8, 155, 154, -1,
      8, 154, 7, -1,
      156, 155, 13, -1,
      13, 155, 14, -1,
      9, 157, 12, -1,
      12, 157, 156, -1,
      12, 156, 13, -1,
      158, 157, 10, -1,
      10, 157, 9, -1,
      23, 159, 11, -1,
      11, 159, 158, -1,
      11, 158, 10, -1,
      160, 159, 15, -1,
      15, 159, 23, -1,
      21, 150, 22, -1,
      22, 150, 160, -1,
      22, 160, 15, -1,
      160, 150, 149, -1,
      149, 151, 160, -1,
      160, 151, 152, -1,
      160, 152, 159, -1,
      157, 158, 156, -1,
      156, 158, 159, -1,
      156, 159, 155, -1,
      155, 159, 152, -1,
      155, 152, 154, -1,
      154, 152, 153, -1,
      161, 162, 163, -1,
      163, 162, 164, -1,
      163, 164, 165, -1,
      165, 164, 166, -1,
      165, 166, 167, -1,
      167, 166, 168, -1,
      167, 168, 169, -1,
      169, 168, 170, -1,
      169, 170, 171, -1,
      171, 170, 172, -1,
      171, 172, 173, -1,
      173, 172, 174, -1,
      173, 174, 175, -1,
      175, 174, 176, -1,
      175, 176, 177, -1,
      177, 176, 178, -1,
      177, 178, 179, -1,
      179, 178, 180, -1,
      179, 180, 181, -1,
      181, 180, 182, -1,
      181, 182, 183, -1,
      183, 182, 184, -1,
      183, 184, 185, -1,
      185, 184, 186, -1,
      185, 186, 187, -1,
      187, 186, 188, -1,
      187, 188, 189, -1,
      189, 188, 190, -1,
      189, 190, 191, -1,
      191, 190, 192, -1,
      191, 192, 193, -1,
      193, 192, 194, -1,
      193, 194, 195, -1,
      195, 194, 161, -1,
      195, 161, 163, -1,
      169, 171, 93, -1,
      93, 171, 94, -1,
      169, 93, 92, -1,
      169, 92, 167, -1,
      167, 92, 88, -1,
      167, 88, 165, -1,
      165, 88, 87, -1,
      165, 87, 163, -1,
      163, 87, 86, -1,
      163, 86, 195, -1,
      195, 86, 82, -1,
      195, 82, 193, -1,
      193, 82, 81, -1,
      193, 81, 191, -1,
      191, 81, 85, -1,
      191, 85, 189, -1,
      189, 85, 84, -1,
      189, 84, 187, -1,
      187, 84, 83, -1,
      187, 83, 185, -1,
      185, 83, 97, -1,
      185, 97, 183, -1,
      183, 97, 96, -1,
      183, 96, 181, -1,
      181, 96, 91, -1,
      181, 91, 179, -1,
      179, 91, 90, -1,
      179, 90, 177, -1,
      177, 90, 89, -1,
      177, 89, 175, -1,
      173, 175, 95, -1,
      95, 175, 89, -1,
      171, 173, 94, -1,
      94, 173, 95, -1,
      176, 174, 196, -1,
      196, 174, 197, -1,
      174, 172, 197, -1,
      197, 172, 198, -1,
      172, 170, 198, -1,
      198, 170, 199, -1,
      162, 200, 201, -1,
      162, 201, 164, -1,
      164, 201, 202, -1,
      164, 202, 166, -1,
      166, 202, 203, -1,
      166, 203, 168, -1,
      168, 203, 199, -1,
      168, 199, 170, -1,
      190, 204, 205, -1,
      190, 205, 192, -1,
      192, 205, 206, -1,
      192, 206, 194, -1,
      194, 206, 207, -1,
      194, 207, 161, -1,
      161, 207, 200, -1,
      161, 200, 162, -1,
      182, 208, 209, -1,
      182, 209, 184, -1,
      184, 209, 210, -1,
      184, 210, 186, -1,
      186, 210, 211, -1,
      186, 211, 188, -1,
      188, 211, 204, -1,
      188, 204, 190, -1,
      176, 196, 212, -1,
      176, 212, 178, -1,
      178, 212, 213, -1,
      178, 213, 180, -1,
      180, 213, 208, -1,
      180, 208, 182, -1,
    ]
  }
}

Shape {
  appearance Appearance {
    material Material {
      diffuseColor 0.2235 0.2235 0.2235
      specularColor 0.1137 0.1137 0.1137
      ambientIntensity 0.2
      transparency 0.0000
      shininess 0.5
    }
  }
  geometry IndexedFaceSet {
    ccw TRUE
    solid FALSE
    coord DEF co Coordinate {
      point [
        -0.209189 0.523622 1.453949,
        -0.197093 0.523622 1.454035,
        -0.196655 0.523622 1.392306,
        -0.208281 0.523622 1.392224,
        -0.232143 0.523622 1.400406,
        -0.231170 0.523622 1.399512,
        -0.225973 0.523622 1.395967,
        -0.219329 0.523622 1.393456,
        -0.240863 0.523622 1.423636,
        -0.240544 0.523622 1.418407,
        -0.238915 0.523622 1.411119,
        -0.236095 0.523622 1.405214,
        -0.232243 0.523622 1.446254,
        -0.234489 0.523622 1.444004,
        -0.237553 0.523622 1.439486,
        -0.239762 0.523622 1.433609,
        -0.220010 0.523622 1.452605,
        -0.226846 0.523622 1.449961,
      ]
    }
    coordIndex [
      1, 2, 0, -1,
      0, 2, 3, -1,
      3, 7, 0, -1,
      0, 7, 6, -1,
      0, 6, 5, -1,
      5, 4, 0, -1,
      0, 4, 11, -1,
      0, 11, 10, -1,
      8, 12, 17, -1,
      15, 14, 8, -1,
      8, 14, 13, -1,
      8, 13, 12, -1,
      10, 9, 0, -1,
      0, 9, 8, -1,
      0, 8, 16, -1,
      16, 8, 17, -1,
    ]
  }
}

Shape {
  appearance Appearance {
    material Material {
      diffuseColor 1.0000 1.0000 1.0000
      specularColor 0.5020 0.5020 0.5020
      ambientIntensity 0.2
      transparency 0.0000
      shininess 0.5
    }
  }
  geometry IndexedFaceSet {
    ccw TRUE
    solid FALSE
    coord DEF co Coordinate {
      point [
        -0.286948 0.523622 1.462608,
        -0.298000 0.523622 1.462530,
        -0.255903 0.523622 1.382807,
        -0.278092 0.523622 1.439844,
        -0.267305 0.523622 1.382676,
        -0.255884 0.523622 1.382757,
        -0.267352 0.523622 1.382807,
        -0.278092 0.523622 1.404501,
        -0.275156 0.523622 1.404521,
        -0.308496 0.523622 1.404285,
        -0.316332 0.523622 1.382807,
        -0.316507 0.523622 1.382327,
        -0.327928 0.523622 1.382246,
        -0.327719 0.523622 1.382807,
        -0.278494 0.523661 1.413545,
        -0.290704 0.523661 1.446739,
        -0.286948 0.523661 1.462608,
        -0.255884 0.523661 1.382757,
        -0.267305 0.523661 1.382676,
        -0.275156 0.523661 1.404521,
        -0.291414 0.523661 1.449124,
        -0.292054 0.523661 1.452338,
        -0.298000 0.523661 1.462530,
        -0.292299 0.523661 1.452337,
        -0.292922 0.523661 1.448944,
        -0.293508 0.523661 1.446720,
        -0.305368 0.523661 1.413354,
        -0.327928 0.523661 1.382246,
        -0.316507 0.523661 1.382327,
        -0.308496 0.523661 1.404285,
        -0.278494 0.523622 1.413545,
        -0.305368 0.523622 1.413354,
        -0.293508 0.523622 1.446720,
        -0.292299 0.523622 1.452337,
        -0.292922 0.523622 1.448944,
        -0.292054 0.523622 1.452338,
        -0.290704 0.523622 1.446739,
        -0.291414 0.523622 1.449124,
      ]
    }
    coordIndex [
      14, 15, 16, -1,
      17, 18, 19, -1,
      15, 20, 16, -1,
      16, 20, 21, -1,
      16, 21, 22, -1,
      22, 21, 23, -1,
      22, 23, 24, -1,
      24, 25, 22, -1,
      22, 25, 26, -1,
      22, 26, 27, -1,
      28, 27, 29, -1,
      29, 27, 26, -1,
      29, 26, 19, -1,
      19, 26, 14, -1,
      19, 14, 17, -1,
      17, 14, 16, -1,
      1, 22, 13, -1,
      13, 22, 27, -1,
      13, 27, 12, -1,
      16, 22, 0, -1,
      0, 22, 1, -1,
      2, 5, 17, -1,
      2, 17, 3, -1,
      3, 17, 16, -1,
      3, 16, 0, -1,
      18, 17, 4, -1,
      4, 17, 5, -1,
      8, 19, 6, -1,
      6, 19, 18, -1,
      6, 18, 4, -1,
      9, 29, 7, -1,
      7, 29, 19, -1,
      7, 19, 8, -1,
      11, 28, 10, -1,
      10, 28, 29, -1,
      10, 29, 9, -1,
      27, 28, 12, -1,
      12, 28, 11, -1,
      14, 26, 30, -1,
      30, 26, 31, -1,
      26, 25, 31, -1,
      31, 25, 32, -1,
      23, 33, 34, -1,
      23, 34, 24, -1,
      24, 34, 32, -1,
      24, 32, 25, -1,
      23, 21, 33, -1,
      33, 21, 35, -1,
      15, 36, 37, -1,
      15, 37, 20, -1,
      20, 37, 35, -1,
      20, 35, 21, -1,
      15, 14, 36, -1,
      36, 14, 30, -1,
    ]
  }
}

Shape {
  appearance Appearance {
    material Material {
      diffuseColor 0.2235 0.2235 0.2235
      specularColor 0.1137 0.1137 0.1137
      ambientIntensity 0.2
      transparency 0.0000
      shininess 0.5
    }
  }
  geometry IndexedFaceSet {
    ccw TRUE
    solid FALSE
    coord DEF co Coordinate {
      point [
        -0.278494 0.523622 1.413545,
        -0.305368 0.523622 1.413354,
        -0.293508 0.523622 1.446720,
        -0.292299 0.523622 1.452337,
        -0.292922 0.523622 1.448944,
        -0.292054 0.523622 1.452338,
        -0.290704 0.523622 1.446739,
        -0.291414 0.523622 1.449124,
      ]
    }
    coordIndex [
      3, 5, 4, -1,
      4, 5, 7, -1,
      4, 7, 2, -1,
      2, 7, 6, -1,
      2, 6, 1, -1,
      1, 6, 0, -1,
    ]
  }
}

Shape {
  appearance Appearance {
    material Material {
      diffuseColor 1.0000 1.0000 1.0000
      specularColor 0.5020 0.5020 0.5020
      ambientIntensity 0.2
      transparency 0.0000
      shininess 0.5
    }
  }
  geometry IndexedFaceSet {
    ccw TRUE
    solid FALSE
    coord DEF co Coordinate {
      point [
        -0.005693 0.523622 1.257506,
        -0.006261 0.523622 1.337574,
        -0.016285 0.523622 1.293496,
        -0.016094 0.523622 1.266561,
        -0.044918 0.523622 1.293293,
        -0.048820 0.523622 1.266329,
        -0.044983 0.523622 1.302462,
        -0.047437 0.523622 1.328071,
        -0.016350 0.523622 1.302665,
        -0.016531 0.523622 1.328290,
        -0.047502 0.523622 1.337281,
        -0.048756 0.523622 1.257201,
        -0.062652 0.523622 1.284423,
        -0.064250 0.523622 1.300524,
        -0.060611 0.523622 1.281577,
        -0.059193 0.523622 1.278063,
        -0.097627 0.523622 1.311615,
        -0.100282 0.523622 1.309037,
        -0.084047 0.523622 1.315448,
        -0.090093 0.523622 1.314859,
        -0.094309 0.523622 1.313544,
        -0.089242 0.523622 1.259918,
        -0.085754 0.523622 1.257641,
        -0.094275 0.523622 1.256878,
        -0.081681 0.523622 1.256195,
        -0.076479 0.523622 1.255653,
        -0.060120 0.523622 1.264480,
        -0.058928 0.523622 1.267878,
        -0.073915 0.523622 1.314298,
        -0.066431 0.523622 1.311468,
        -0.064320 0.523622 1.310267,
        -0.065770 0.523622 1.287057,
        -0.070106 0.523622 1.289209,
        -0.070375 0.523622 1.304437,
        -0.077569 0.523622 1.290974,
        -0.086443 0.523622 1.306929,
        -0.083048 0.523622 1.307309,
        -0.076649 0.523622 1.306641,
        -0.102309 0.523622 1.305778,
        -0.103846 0.523622 1.301198,
        -0.104565 0.523622 1.293607,
        -0.104304 0.523622 1.256807,
        -0.066650 0.523622 1.257869,
        -0.063289 0.523622 1.260250,
        -0.062183 0.523622 1.261386,
        -0.094337 0.523622 1.265720,
        -0.094072 0.523622 1.265721,
        -0.092440 0.523622 1.263285,
        -0.094533 0.523622 1.293228,
        -0.094215 0.523622 1.297665,
        -0.093204 0.523622 1.301243,
        -0.092040 0.523622 1.303317,
        -0.070485 0.523622 1.256393,
        -0.058463 0.523622 1.272442,
        -0.058506 0.523622 1.273763,
        -0.090535 0.523622 1.304940,
        -0.088763 0.523622 1.306100,
        -0.048820 0.523661 1.266329,
        -0.048756 0.523661 1.257201,
        -0.016094 0.523661 1.266561,
        -0.016285 0.523661 1.293496,
        -0.044918 0.523661 1.293293,
        -0.044983 0.523661 1.302462,
        -0.016350 0.523661 1.302665,
        -0.016531 0.523661 1.328290,
        -0.047437 0.523661 1.328071,
        -0.047502 0.523661 1.337281,
        -0.006261 0.523661 1.337574,
        -0.005693 0.523661 1.257506,
        -0.094275 0.523661 1.256878,
        -0.104304 0.523661 1.256807,
        -0.094337 0.523661 1.265720,
        -0.104565 0.523661 1.293607,
        -0.094533 0.523661 1.293228,
        -0.072602 0.523661 1.281369,
        -0.074941 0.523661 1.282480,
        -0.094072 0.523661 1.265721,
        -0.088793 0.523661 1.267231,
        -0.092440 0.523661 1.263285,
        -0.085944 0.523661 1.265339,
        -0.081080 0.523661 1.283867,
        -0.094478 0.523661 1.285573,
        -0.094439 0.523661 1.280087,
        -0.094425 0.523661 1.279422,
        -0.093748 0.523661 1.274952,
        -0.092251 0.523661 1.271384,
        -0.090059 0.523661 1.268452,
        -0.094215 0.523661 1.297665,
        -0.103846 0.523661 1.301198,
        -0.093204 0.523661 1.301243,
        -0.102309 0.523661 1.305778,
        -0.092040 0.523661 1.303317,
        -0.100282 0.523661 1.309037,
        -0.090535 0.523661 1.304940,
        -0.097627 0.523661 1.311615,
        -0.088763 0.523661 1.306100,
        -0.094309 0.523661 1.313544,
        -0.086443 0.523661 1.306929,
        -0.090093 0.523661 1.314859,
        -0.083048 0.523661 1.307309,
        -0.084047 0.523661 1.315448,
        -0.076649 0.523661 1.306641,
        -0.073915 0.523661 1.314298,
        -0.070375 0.523661 1.304437,
        -0.066431 0.523661 1.311468,
        -0.064250 0.523661 1.300524,
        -0.064320 0.523661 1.310267,
        -0.070654 0.523661 1.267359,
        -0.063289 0.523661 1.260250,
        -0.071500 0.523661 1.266496,
        -0.066650 0.523661 1.257869,
        -0.073489 0.523661 1.265117,
        -0.070485 0.523661 1.256393,
        -0.075752 0.523661 1.264268,
        -0.076479 0.523661 1.255653,
        -0.079137 0.523661 1.263863,
        -0.081681 0.523661 1.256195,
        -0.082894 0.523661 1.264256,
        -0.085754 0.523661 1.257641,
        -0.089242 0.523661 1.259918,
        -0.068738 0.523661 1.274780,
        -0.058506 0.523661 1.273763,
        -0.068642 0.523661 1.273189,
        -0.058463 0.523661 1.272442,
        -0.068880 0.523661 1.270884,
        -0.058928 0.523661 1.267878,
        -0.069526 0.523661 1.269057,
        -0.060120 0.523661 1.264480,
        -0.062183 0.523661 1.261386,
        -0.077569 0.523661 1.290974,
        -0.070106 0.523661 1.289209,
        -0.071354 0.523661 1.280415,
        -0.065770 0.523661 1.287057,
        -0.070143 0.523661 1.278937,
        -0.062652 0.523661 1.284423,
        -0.069249 0.523661 1.277073,
        -0.060611 0.523661 1.281577,
        -0.059193 0.523661 1.278063,
        -0.071354 0.523622 1.280415,
        -0.072602 0.523622 1.281369,
        -0.074941 0.523622 1.282480,
        -0.081080 0.523622 1.283867,
        -0.068642 0.523622 1.273189,
        -0.068738 0.523622 1.274780,
        -0.069249 0.523622 1.277073,
        -0.070143 0.523622 1.278937,
        -0.071500 0.523622 1.266496,
        -0.070654 0.523622 1.267359,
        -0.069526 0.523622 1.269057,
        -0.068880 0.523622 1.270884,
        -0.079137 0.523622 1.263863,
        -0.075752 0.523622 1.264268,
        -0.073489 0.523622 1.265117,
        -0.090059 0.523622 1.268452,
        -0.088793 0.523622 1.267231,
        -0.085944 0.523622 1.265339,
        -0.082894 0.523622 1.264256,
        -0.094439 0.523622 1.280087,
        -0.094425 0.523622 1.279422,
        -0.093748 0.523622 1.274952,
        -0.092251 0.523622 1.271384,
        -0.094478 0.523622 1.285573,
      ]
    }
    coordIndex [
      57, 58, 5, -1,
      5, 58, 11, -1,
      59, 57, 3, -1,
      3, 57, 5, -1,
      60, 59, 2, -1,
      2, 59, 3, -1,
      61, 60, 4, -1,
      4, 60, 2, -1,
      62, 61, 6, -1,
      6, 61, 4, -1,
      63, 62, 8, -1,
      8, 62, 6, -1,
      64, 63, 9, -1,
      9, 63, 8, -1,
      65, 64, 7, -1,
      7, 64, 9, -1,
      66, 65, 10, -1,
      10, 65, 7, -1,
      67, 66, 1, -1,
      1, 66, 10, -1,
      68, 67, 0, -1,
      0, 67, 1, -1,
      58, 68, 11, -1,
      11, 68, 0, -1,
      68, 58, 57, -1,
      57, 59, 68, -1,
      68, 59, 60, -1,
      68, 60, 67, -1,
      65, 66, 64, -1,
      64, 66, 67, -1,
      64, 67, 63, -1,
      63, 67, 60, -1,
      63, 60, 62, -1,
      62, 60, 61, -1,
      69, 70, 71, -1,
      71, 70, 72, -1,
      73, 74, 75, -1,
      76, 77, 78, -1,
      78, 77, 79, -1,
      80, 81, 72, -1,
      72, 81, 82, -1,
      82, 83, 72, -1,
      72, 83, 84, -1,
      72, 84, 71, -1,
      71, 84, 85, -1,
      71, 85, 76, -1,
      76, 85, 86, -1,
      76, 86, 77, -1,
      75, 80, 73, -1,
      73, 80, 72, -1,
      73, 72, 87, -1,
      87, 72, 88, -1,
      87, 88, 89, -1,
      89, 88, 90, -1,
      89, 90, 91, -1,
      91, 90, 92, -1,
      91, 92, 93, -1,
      93, 92, 94, -1,
      93, 94, 95, -1,
      95, 94, 96, -1,
      95, 96, 97, -1,
      97, 96, 98, -1,
      97, 98, 99, -1,
      99, 98, 100, -1,
      99, 100, 101, -1,
      101, 100, 102, -1,
      101, 102, 103, -1,
      103, 102, 104, -1,
      103, 104, 105, -1,
      105, 104, 106, -1,
      107, 108, 109, -1,
      109, 108, 110, -1,
      109, 110, 111, -1,
      111, 110, 112, -1,
      111, 112, 113, -1,
      113, 112, 114, -1,
      113, 114, 115, -1,
      115, 114, 116, -1,
      115, 116, 117, -1,
      117, 116, 118, -1,
      117, 118, 79, -1,
      79, 118, 119, -1,
      79, 119, 78, -1,
      120, 121, 122, -1,
      122, 121, 123, -1,
      122, 123, 124, -1,
      124, 123, 125, -1,
      124, 125, 126, -1,
      126, 125, 127, -1,
      126, 127, 107, -1,
      107, 127, 128, -1,
      107, 128, 108, -1,
      73, 129, 74, -1,
      74, 129, 130, -1,
      74, 130, 131, -1,
      131, 130, 132, -1,
      131, 132, 133, -1,
      133, 132, 134, -1,
      133, 134, 135, -1,
      135, 134, 136, -1,
      135, 136, 120, -1,
      120, 136, 137, -1,
      120, 137, 121, -1,
      100, 18, 28, -1,
      100, 28, 102, -1,
      102, 28, 29, -1,
      102, 29, 104, -1,
      104, 29, 30, -1,
      104, 30, 106, -1,
      105, 106, 13, -1,
      13, 106, 30, -1,
      105, 13, 33, -1,
      105, 33, 103, -1,
      103, 33, 37, -1,
      103, 37, 101, -1,
      101, 37, 36, -1,
      101, 36, 99, -1,
      99, 36, 35, -1,
      99, 35, 97, -1,
      97, 35, 56, -1,
      97, 56, 95, -1,
      95, 56, 55, -1,
      95, 55, 93, -1,
      93, 55, 51, -1,
      93, 51, 91, -1,
      91, 51, 50, -1,
      91, 50, 89, -1,
      89, 50, 49, -1,
      89, 49, 87, -1,
      87, 49, 48, -1,
      87, 48, 73, -1,
      129, 73, 34, -1,
      34, 73, 48, -1,
      129, 34, 32, -1,
      129, 32, 130, -1,
      130, 32, 31, -1,
      130, 31, 132, -1,
      132, 31, 12, -1,
      132, 12, 134, -1,
      134, 12, 14, -1,
      134, 14, 136, -1,
      136, 14, 15, -1,
      136, 15, 137, -1,
      137, 15, 54, -1,
      137, 54, 121, -1,
      121, 54, 53, -1,
      121, 53, 123, -1,
      123, 53, 27, -1,
      123, 27, 125, -1,
      125, 27, 26, -1,
      125, 26, 127, -1,
      127, 26, 44, -1,
      127, 44, 128, -1,
      128, 44, 43, -1,
      128, 43, 108, -1,
      108, 43, 42, -1,
      108, 42, 110, -1,
      110, 42, 52, -1,
      110, 52, 112, -1,
      112, 52, 25, -1,
      112, 25, 114, -1,
      114, 25, 24, -1,
      114, 24, 116, -1,
      116, 24, 22, -1,
      116, 22, 118, -1,
      118, 22, 21, -1,
      118, 21, 119, -1,
      119, 21, 47, -1,
      119, 47, 78, -1,
      78, 47, 46, -1,
      78, 46, 76, -1,
      71, 76, 45, -1,
      45, 76, 46, -1,
      69, 71, 23, -1,
      23, 71, 45, -1,
      70, 69, 41, -1,
      41, 69, 23, -1,
      72, 70, 40, -1,
      40, 70, 41, -1,
      72, 40, 39, -1,
      72, 39, 88, -1,
      88, 39, 38, -1,
      88, 38, 90, -1,
      90, 38, 17, -1,
      90, 17, 92, -1,
      92, 17, 16, -1,
      92, 16, 94, -1,
      94, 16, 20, -1,
      94, 20, 96, -1,
      96, 20, 19, -1,
      96, 19, 98, -1,
      98, 19, 18, -1,
      98, 18, 100, -1,
      131, 138, 139, -1,
      131, 139, 74, -1,
      74, 139, 140, -1,
      74, 140, 75, -1,
      75, 140, 141, -1,
      75, 141, 80, -1,
      122, 142, 143, -1,
      122, 143, 120, -1,
      120, 143, 144, -1,
      120, 144, 135, -1,
      135, 144, 145, -1,
      135, 145, 133, -1,
      133, 145, 138, -1,
      133, 138, 131, -1,
      109, 146, 147, -1,
      109, 147, 107, -1,
      107, 147, 148, -1,
      107, 148, 126, -1,
      126, 148, 149, -1,
      126, 149, 124, -1,
      124, 149, 142, -1,
      124, 142, 122, -1,
      115, 150, 151, -1,
      115, 151, 113, -1,
      113, 151, 152, -1,
      113, 152, 111, -1,
      111, 152, 146, -1,
      111, 146, 109, -1,
      86, 153, 154, -1,
      86, 154, 77, -1,
      77, 154, 155, -1,
      77, 155, 79, -1,
      79, 155, 156, -1,
      79, 156, 117, -1,
      117, 156, 150, -1,
      117, 150, 115, -1,
      82, 157, 158, -1,
      82, 158, 83, -1,
      83, 158, 159, -1,
      83, 159, 84, -1,
      84, 159, 160, -1,
      84, 160, 85, -1,
      85, 160, 153, -1,
      85, 153, 86, -1,
      82, 81, 157, -1,
      157, 81, 161, -1,
      81, 80, 161, -1,
      161, 80, 141, -1,
    ]
  }
}

Shape {
  appearance Appearance {
    material Material {
      diffuseColor 0.2235 0.2235 0.2235
      specularColor 0.1137 0.1137 0.1137
      ambientIntensity 0.2
      transparency 0.0000
      shininess 0.5
    }
  }
  geometry IndexedFaceSet {
    ccw TRUE
    solid FALSE
    coord DEF co Coordinate {
      point [
        -0.071354 0.523622 1.280415,
        -0.072602 0.523622 1.281369,
        -0.074941 0.523622 1.282480,
        -0.081080 0.523622 1.283867,
        -0.068642 0.523622 1.273189,
        -0.068738 0.523622 1.274780,
        -0.069249 0.523622 1.277073,
        -0.070143 0.523622 1.278937,
        -0.071500 0.523622 1.266496,
        -0.070654 0.523622 1.267359,
        -0.069526 0.523622 1.269057,
        -0.068880 0.523622 1.270884,
        -0.079137 0.523622 1.263863,
        -0.075752 0.523622 1.264268,
        -0.073489 0.523622 1.265117,
        -0.090059 0.523622 1.268452,
        -0.088793 0.523622 1.267231,
        -0.085944 0.523622 1.265339,
        -0.082894 0.523622 1.264256,
        -0.094439 0.523622 1.280087,
        -0.094425 0.523622 1.279422,
        -0.093748 0.523622 1.274952,
        -0.092251 0.523622 1.271384,
        -0.094478 0.523622 1.285573,
      ]
    }
    coordIndex [
      20, 19, 0, -1,
      19, 23, 3, -1,
      3, 2, 19, -1,
      19, 2, 1, -1,
      19, 1, 0, -1,
      20, 0, 21, -1,
      21, 0, 7, -1,
      21, 7, 22, -1,
      9, 8, 16, -1,
      9, 16, 10, -1,
      17, 16, 18, -1,
      18, 16, 12, -1,
      7, 6, 22, -1,
      22, 6, 5, -1,
      22, 5, 15, -1,
      15, 5, 4, -1,
      15, 4, 16, -1,
      16, 4, 11, -1,
      16, 11, 10, -1,
      8, 14, 16, -1,
      16, 14, 13, -1,
      16, 13, 12, -1,
    ]
  }
}

Shape {
  appearance Appearance {
    material Material {
      diffuseColor 1.0000 1.0000 1.0000
      specularColor 0.5020 0.5020 0.5020
      ambientIntensity 0.2
      transparency 0.0000
      shininess 0.5
    }
  }
  geometry IndexedFaceSet {
    ccw TRUE
    solid FALSE
    coord DEF co Coordinate {
      point [
        -0.190614 0.523622 1.247557,
        -0.187689 0.523622 1.241958,
        -0.175805 0.523622 1.240316,
        -0.177298 0.523622 1.241958,
        -0.165727 0.523622 1.238506,
        -0.141198 0.523622 1.255967,
        -0.133679 0.523622 1.255275,
        -0.118252 0.523622 1.298463,
        -0.118672 0.523622 1.302046,
        -0.119739 0.523622 1.291496,
        -0.118655 0.523622 1.294566,
        -0.117981 0.523622 1.269072,
        -0.121804 0.523622 1.266663,
        -0.122987 0.523622 1.266204,
        -0.122987 0.523622 1.287450,
        -0.121032 0.523622 1.289396,
        -0.122661 0.523622 1.287669,
        -0.133186 0.523622 1.255275,
        -0.124212 0.523622 1.256365,
        -0.122987 0.523622 1.256822,
        -0.117908 0.523622 1.258716,
        -0.133398 0.523622 1.255250,
        -0.154170 0.523622 1.312413,
        -0.154101 0.523622 1.302671,
        -0.124765 0.523622 1.310616,
        -0.127862 0.523622 1.312425,
        -0.156120 0.523622 1.267965,
        -0.154866 0.523622 1.264796,
        -0.152978 0.523622 1.262164,
        -0.119890 0.523622 1.305267,
        -0.121772 0.523622 1.307964,
        -0.122987 0.523622 1.309041,
        -0.133407 0.523622 1.314330,
        -0.140639 0.523622 1.315047,
        -0.147471 0.523622 1.314411,
        -0.153336 0.523622 1.281471,
        -0.155189 0.523622 1.278695,
        -0.156238 0.523622 1.275731,
        -0.156626 0.523622 1.271991,
        -0.150091 0.523622 1.259675,
        -0.146794 0.523622 1.257788,
        -0.139598 0.523622 1.306908,
        -0.136628 0.523622 1.306707,
        -0.128594 0.523622 1.299290,
        -0.133940 0.523622 1.306015,
        -0.131683 0.523622 1.304835,
        -0.128676 0.523622 1.297956,
        -0.129063 0.523622 1.296395,
        -0.129776 0.523622 1.295037,
        -0.130746 0.523622 1.293953,
        -0.134266 0.523622 1.291717,
        -0.146216 0.523622 1.306104,
        -0.140454 0.523622 1.288972,
        -0.151854 0.523622 1.303981,
        -0.144326 0.523622 1.287373,
        -0.150960 0.523622 1.283622,
        -0.130160 0.523622 1.303509,
        -0.129291 0.523622 1.302239,
        -0.128787 0.523622 1.300888,
        -0.128071 0.523622 1.264230,
        -0.133320 0.523622 1.281736,
        -0.127362 0.523622 1.284518,
        -0.134439 0.523622 1.263429,
        -0.134882 0.523622 1.263429,
        -0.139886 0.523622 1.278931,
        -0.140027 0.523622 1.263969,
        -0.146324 0.523622 1.271082,
        -0.146235 0.523622 1.272330,
        -0.142622 0.523622 1.264897,
        -0.143540 0.523622 1.265446,
        -0.144698 0.523622 1.266459,
        -0.145583 0.523622 1.267748,
        -0.146102 0.523622 1.269170,
        -0.145790 0.523622 1.273900,
        -0.145024 0.523622 1.275234,
        -0.143783 0.523622 1.276544,
        -0.187993 0.523622 1.270418,
        -0.189187 0.523622 1.265702,
        -0.189453 0.523622 1.265700,
        -0.217033 0.523622 1.313195,
        -0.206636 0.523622 1.313269,
        -0.178724 0.523622 1.297702,
        -0.190714 0.523622 1.270317,
        -0.189928 0.523622 1.267656,
        -0.178724 0.523622 1.270503,
        -0.162140 0.523622 1.313585,
        -0.173356 0.523622 1.313505,
        -0.184167 0.523622 1.256363,
        -0.183698 0.523622 1.255275,
        -0.179693 0.523622 1.245997,
        -0.163680 0.523622 1.239192,
        -0.163617 0.523622 1.230269,
        -0.177688 0.523622 1.242387,
        -0.178724 0.523622 1.244252,
        -0.178724 0.523622 1.231750,
        -0.178102 0.523622 1.231321,
        -0.174035 0.523622 1.239098,
        -0.169361 0.523622 1.238006,
        -0.171840 0.523622 1.238274,
        -0.174133 0.523622 1.229841,
        -0.170078 0.523622 1.229404,
        -0.167865 0.523622 1.229499,
        -0.186011 0.523622 1.238747,
        -0.182310 0.523622 1.234366,
        -0.181622 0.523622 1.233744,
        -0.193720 0.523622 1.255275,
        -0.228002 0.523622 1.336001,
        -0.253816 0.523622 1.335818,
        -0.253816 0.523622 1.300981,
        -0.266724 0.523622 1.300889,
        -0.269178 0.523622 1.326498,
        -0.269243 0.523622 1.335708,
        -0.266659 0.523622 1.291720,
        -0.238026 0.523622 1.291923,
        -0.237835 0.523622 1.264989,
        -0.253816 0.523622 1.291811,
        -0.253816 0.523622 1.264875,
        -0.270562 0.523622 1.264756,
        -0.270497 0.523622 1.255628,
        -0.253816 0.523622 1.255746,
        -0.227434 0.523622 1.255933,
        -0.253816 0.523622 1.326607,
        -0.238273 0.523622 1.326717,
        -0.238091 0.523622 1.301093,
        -0.348816 0.523622 1.281648,
        -0.344812 0.523622 1.273396,
        -0.338814 0.523622 1.266360,
        -0.330366 0.523622 1.260401,
        -0.321204 0.523622 1.256910,
        -0.307645 0.523622 1.255365,
        -0.285622 0.523622 1.255521,
        -0.286190 0.523622 1.335588,
        -0.309031 0.523622 1.335426,
        -0.321248 0.523622 1.333989,
        -0.330886 0.523622 1.330391,
        -0.339227 0.523622 1.324609,
        -0.342054 0.523622 1.321802,
        -0.346955 0.523622 1.314780,
        -0.349856 0.523622 1.307116,
        -0.351102 0.523622 1.296115,
        -0.350824 0.523622 1.291007,
        -0.117981 0.523661 1.269072,
        -0.121804 0.523661 1.266663,
        -0.134439 0.523661 1.263429,
        -0.128071 0.523661 1.264230,
        -0.117908 0.523661 1.258716,
        -0.124212 0.523661 1.256365,
        -0.133398 0.523661 1.255250,
        -0.141198 0.523661 1.255967,
        -0.146794 0.523661 1.257788,
        -0.150091 0.523661 1.259675,
        -0.152978 0.523661 1.262164,
        -0.154866 0.523661 1.264796,
        -0.156120 0.523661 1.267965,
        -0.156626 0.523661 1.271991,
        -0.156238 0.523661 1.275731,
        -0.155189 0.523661 1.278695,
        -0.153336 0.523661 1.281471,
        -0.150960 0.523661 1.283622,
        -0.144326 0.523661 1.287373,
        -0.140454 0.523661 1.288972,
        -0.134266 0.523661 1.291717,
        -0.130746 0.523661 1.293953,
        -0.129776 0.523661 1.295037,
        -0.129063 0.523661 1.296395,
        -0.128676 0.523661 1.297956,
        -0.128594 0.523661 1.299290,
        -0.128787 0.523661 1.300888,
        -0.129291 0.523661 1.302239,
        -0.130160 0.523661 1.303509,
        -0.131683 0.523661 1.304835,
        -0.133940 0.523661 1.306015,
        -0.136628 0.523661 1.306707,
        -0.139598 0.523661 1.306908,
        -0.146216 0.523661 1.306104,
        -0.151854 0.523661 1.303981,
        -0.154101 0.523661 1.302671,
        -0.154170 0.523661 1.312413,
        -0.147471 0.523661 1.314411,
        -0.140639 0.523661 1.315047,
        -0.133407 0.523661 1.314330,
        -0.127862 0.523661 1.312425,
        -0.124765 0.523661 1.310616,
        -0.121772 0.523661 1.307964,
        -0.119890 0.523661 1.305267,
        -0.118672 0.523661 1.302046,
        -0.118252 0.523661 1.298463,
        -0.118655 0.523661 1.294566,
        -0.119739 0.523661 1.291496,
        -0.121032 0.523661 1.289396,
        -0.133320 0.523661 1.281736,
        -0.127362 0.523661 1.284518,
        -0.122661 0.523661 1.287669,
        -0.139886 0.523661 1.278931,
        -0.143783 0.523661 1.276544,
        -0.145024 0.523661 1.275234,
        -0.145790 0.523661 1.273900,
        -0.146235 0.523661 1.272330,
        -0.146324 0.523661 1.271082,
        -0.146102 0.523661 1.269170,
        -0.145583 0.523661 1.267748,
        -0.144698 0.523661 1.266459,
        -0.143540 0.523661 1.265446,
        -0.142622 0.523661 1.264897,
        -0.140027 0.523661 1.263969,
        -0.134882 0.523661 1.263429,
        -0.206636 0.523661 1.313269,
        -0.217033 0.523661 1.313195,
        -0.190714 0.523661 1.270317,
        -0.189928 0.523661 1.267656,
        -0.189453 0.523661 1.265700,
        -0.189187 0.523661 1.265702,
        -0.187993 0.523661 1.270418,
        -0.173356 0.523661 1.313505,
        -0.162140 0.523661 1.313585,
        -0.184167 0.523661 1.256363,
        -0.179693 0.523661 1.245997,
        -0.177688 0.523661 1.242387,
        -0.175805 0.523661 1.240316,
        -0.174035 0.523661 1.239098,
        -0.171840 0.523661 1.238274,
        -0.169361 0.523661 1.238006,
        -0.165727 0.523661 1.238506,
        -0.163680 0.523661 1.239192,
        -0.163617 0.523661 1.230269,
        -0.167865 0.523661 1.229499,
        -0.170078 0.523661 1.229404,
        -0.174133 0.523661 1.229841,
        -0.178102 0.523661 1.231321,
        -0.181622 0.523661 1.233744,
        -0.190614 0.523661 1.247557,
        -0.186011 0.523661 1.238747,
        -0.182310 0.523661 1.234366,
        -0.270562 0.523661 1.264756,
        -0.270497 0.523661 1.255628,
        -0.237835 0.523661 1.264989,
        -0.238026 0.523661 1.291923,
        -0.266659 0.523661 1.291720,
        -0.266724 0.523661 1.300889,
        -0.238091 0.523661 1.301093,
        -0.238273 0.523661 1.326717,
        -0.269178 0.523661 1.326498,
        -0.269243 0.523661 1.335708,
        -0.228002 0.523661 1.336001,
        -0.227434 0.523661 1.255933,
        -0.335463 0.523661 1.277484,
        -0.331511 0.523661 1.272675,
        -0.338814 0.523661 1.266360,
        -0.330538 0.523661 1.271782,
        -0.330366 0.523661 1.260401,
        -0.325341 0.523661 1.268237,
        -0.321204 0.523661 1.256910,
        -0.318697 0.523661 1.265726,
        -0.307645 0.523661 1.255365,
        -0.307648 0.523661 1.264493,
        -0.285622 0.523661 1.255521,
        -0.296023 0.523661 1.264576,
        -0.286190 0.523661 1.335588,
        -0.296461 0.523661 1.326305,
        -0.309031 0.523661 1.335426,
        -0.308557 0.523661 1.326219,
        -0.321248 0.523661 1.333989,
        -0.319378 0.523661 1.324875,
        -0.330886 0.523661 1.330391,
        -0.326214 0.523661 1.322231,
        -0.339227 0.523661 1.324609,
        -0.331611 0.523661 1.318523,
        -0.342054 0.523661 1.321802,
        -0.333857 0.523661 1.316274,
        -0.346955 0.523661 1.314780,
        -0.336921 0.523661 1.311756,
        -0.349856 0.523661 1.307116,
        -0.339130 0.523661 1.305878,
        -0.351102 0.523661 1.296115,
        -0.340231 0.523661 1.295906,
        -0.350824 0.523661 1.291007,
        -0.339911 0.523661 1.290676,
        -0.348816 0.523661 1.281648,
        -0.338283 0.523661 1.283388,
        -0.344812 0.523661 1.273396,
        -0.308557 0.523622 1.326219,
        -0.296461 0.523622 1.326305,
        -0.296023 0.523622 1.264576,
        -0.307648 0.523622 1.264493,
        -0.331511 0.523622 1.272675,
        -0.330538 0.523622 1.271782,
        -0.325341 0.523622 1.268237,
        -0.318697 0.523622 1.265726,
        -0.340231 0.523622 1.295906,
        -0.339911 0.523622 1.290676,
        -0.338283 0.523622 1.283388,
        -0.335463 0.523622 1.277484,
        -0.331611 0.523622 1.318523,
        -0.333857 0.523622 1.316274,
        -0.336921 0.523622 1.311756,
        -0.339130 0.523622 1.305878,
        -0.319378 0.523622 1.324875,
        -0.326214 0.523622 1.322231,
      ]
    }
    coordIndex [
      11, 141, 142, -1,
      143, 62, 59, -1,
      143, 59, 144, -1,
      144, 59, 13, -1,
      144, 13, 142, -1,
      142, 13, 12, -1,
      142, 12, 11, -1,
      145, 141, 20, -1,
      20, 141, 11, -1,
      146, 145, 19, -1,
      19, 145, 20, -1,
      19, 18, 146, -1,
      146, 18, 17, -1,
      146, 17, 147, -1,
      147, 17, 21, -1,
      147, 21, 6, -1,
      147, 6, 148, -1,
      6, 5, 148, -1,
      148, 5, 40, -1,
      148, 40, 149, -1,
      149, 40, 39, -1,
      149, 39, 150, -1,
      150, 39, 28, -1,
      150, 28, 151, -1,
      151, 28, 27, -1,
      151, 27, 152, -1,
      152, 27, 26, -1,
      152, 26, 153, -1,
      153, 26, 38, -1,
      153, 38, 154, -1,
      154, 38, 37, -1,
      154, 37, 155, -1,
      155, 37, 36, -1,
      155, 36, 156, -1,
      156, 36, 35, -1,
      156, 35, 157, -1,
      157, 35, 55, -1,
      157, 55, 158, -1,
      158, 55, 54, -1,
      158, 54, 159, -1,
      159, 54, 52, -1,
      159, 52, 160, -1,
      160, 52, 50, -1,
      160, 50, 161, -1,
      161, 50, 49, -1,
      161, 49, 162, -1,
      162, 49, 48, -1,
      162, 48, 163, -1,
      163, 48, 47, -1,
      163, 47, 164, -1,
      164, 47, 46, -1,
      164, 46, 165, -1,
      165, 46, 43, -1,
      165, 43, 166, -1,
      166, 43, 58, -1,
      166, 58, 167, -1,
      167, 58, 57, -1,
      167, 57, 168, -1,
      168, 57, 56, -1,
      168, 56, 169, -1,
      169, 56, 45, -1,
      169, 45, 170, -1,
      170, 45, 44, -1,
      170, 44, 171, -1,
      171, 44, 42, -1,
      171, 42, 172, -1,
      172, 42, 41, -1,
      172, 41, 173, -1,
      173, 41, 51, -1,
      173, 51, 174, -1,
      174, 51, 53, -1,
      174, 53, 175, -1,
      175, 53, 23, -1,
      175, 23, 176, -1,
      177, 176, 22, -1,
      22, 176, 23, -1,
      177, 22, 34, -1,
      177, 34, 178, -1,
      178, 34, 33, -1,
      178, 33, 179, -1,
      179, 33, 32, -1,
      179, 32, 180, -1,
      180, 32, 25, -1,
      180, 25, 181, -1,
      181, 25, 24, -1,
      181, 24, 182, -1,
      183, 182, 31, -1,
      31, 182, 24, -1,
      31, 30, 183, -1,
      183, 30, 29, -1,
      183, 29, 184, -1,
      184, 29, 8, -1,
      184, 8, 185, -1,
      185, 8, 7, -1,
      185, 7, 186, -1,
      186, 7, 10, -1,
      186, 10, 187, -1,
      187, 10, 9, -1,
      187, 9, 188, -1,
      188, 9, 15, -1,
      188, 15, 189, -1,
      60, 190, 191, -1,
      189, 15, 16, -1,
      189, 16, 192, -1,
      192, 16, 14, -1,
      192, 14, 191, -1,
      191, 14, 61, -1,
      191, 61, 60, -1,
      190, 60, 64, -1,
      190, 64, 193, -1,
      193, 64, 75, -1,
      193, 75, 194, -1,
      194, 75, 74, -1,
      194, 74, 195, -1,
      195, 74, 73, -1,
      195, 73, 196, -1,
      196, 73, 67, -1,
      196, 67, 197, -1,
      197, 67, 66, -1,
      197, 66, 198, -1,
      198, 66, 72, -1,
      198, 72, 199, -1,
      199, 72, 71, -1,
      199, 71, 200, -1,
      200, 71, 70, -1,
      200, 70, 201, -1,
      201, 70, 69, -1,
      201, 69, 202, -1,
      202, 69, 68, -1,
      202, 68, 203, -1,
      203, 68, 65, -1,
      203, 65, 204, -1,
      204, 65, 63, -1,
      204, 63, 205, -1,
      205, 63, 62, -1,
      205, 62, 143, -1,
      169, 170, 181, -1,
      181, 170, 180, -1,
      161, 190, 160, -1,
      160, 190, 193, -1,
      160, 193, 159, -1,
      147, 143, 146, -1,
      146, 143, 144, -1,
      146, 144, 145, -1,
      145, 144, 142, -1,
      145, 142, 141, -1,
      170, 171, 180, -1,
      180, 171, 172, -1,
      180, 172, 179, -1,
      179, 172, 173, -1,
      179, 173, 178, -1,
      178, 173, 174, -1,
      178, 174, 177, -1,
      177, 174, 175, -1,
      177, 175, 176, -1,
      159, 193, 158, -1,
      158, 193, 194, -1,
      158, 194, 157, -1,
      157, 194, 195, -1,
      157, 195, 156, -1,
      156, 195, 196, -1,
      156, 196, 155, -1,
      155, 196, 197, -1,
      155, 197, 154, -1,
      154, 197, 198, -1,
      154, 198, 153, -1,
      153, 198, 199, -1,
      153, 199, 152, -1,
      152, 199, 200, -1,
      152, 200, 151, -1,
      151, 200, 201, -1,
      151, 201, 150, -1,
      150, 201, 202, -1,
      150, 202, 149, -1,
      149, 202, 203, -1,
      149, 203, 148, -1,
      148, 203, 204, -1,
      148, 204, 147, -1,
      147, 204, 205, -1,
      147, 205, 143, -1,
      181, 182, 169, -1,
      169, 182, 183, -1,
      169, 183, 168, -1,
      168, 183, 184, -1,
      168, 184, 167, -1,
      167, 184, 185, -1,
      167, 185, 166, -1,
      166, 185, 186, -1,
      166, 186, 165, -1,
      165, 186, 187, -1,
      165, 187, 164, -1,
      164, 187, 188, -1,
      164, 188, 163, -1,
      163, 188, 189, -1,
      163, 189, 162, -1,
      162, 189, 192, -1,
      162, 192, 161, -1,
      161, 192, 191, -1,
      161, 191, 190, -1,
      206, 207, 80, -1,
      80, 207, 79, -1,
      208, 206, 82, -1,
      82, 206, 80, -1,
      208, 82, 83, -1,
      208, 83, 209, -1,
      209, 83, 78, -1,
      209, 78, 210, -1,
      211, 210, 77, -1,
      77, 210, 78, -1,
      212, 211, 76, -1,
      76, 211, 77, -1,
      86, 213, 81, -1,
      81, 213, 212, -1,
      81, 212, 76, -1,
      214, 213, 85, -1,
      85, 213, 86, -1,
      87, 215, 84, -1,
      84, 215, 214, -1,
      84, 214, 85, -1,
      89, 216, 88, -1,
      88, 216, 215, -1,
      88, 215, 87, -1,
      216, 89, 93, -1,
      216, 93, 217, -1,
      93, 92, 217, -1,
      217, 92, 3, -1,
      217, 3, 218, -1,
      3, 2, 218, -1,
      218, 2, 96, -1,
      218, 96, 219, -1,
      219, 96, 98, -1,
      219, 98, 220, -1,
      220, 98, 97, -1,
      220, 97, 221, -1,
      221, 97, 4, -1,
      221, 4, 222, -1,
      222, 4, 90, -1,
      222, 90, 223, -1,
      224, 223, 91, -1,
      91, 223, 90, -1,
      224, 91, 101, -1,
      224, 101, 225, -1,
      225, 101, 100, -1,
      225, 100, 226, -1,
      226, 100, 99, -1,
      226, 99, 227, -1,
      227, 99, 95, -1,
      227, 95, 228, -1,
      228, 95, 94, -1,
      228, 94, 229, -1,
      0, 230, 1, -1,
      1, 230, 231, -1,
      1, 231, 102, -1,
      102, 231, 232, -1,
      102, 232, 103, -1,
      103, 232, 229, -1,
      103, 229, 104, -1,
      104, 229, 94, -1,
      79, 207, 105, -1,
      105, 207, 230, -1,
      105, 230, 0, -1,
      209, 210, 230, -1,
      207, 206, 230, -1,
      230, 206, 208, -1,
      230, 208, 209, -1,
      213, 214, 212, -1,
      212, 214, 215, -1,
      212, 215, 211, -1,
      223, 224, 222, -1,
      222, 224, 225, -1,
      222, 225, 221, -1,
      221, 225, 226, -1,
      221, 226, 220, -1,
      220, 226, 227, -1,
      220, 227, 219, -1,
      219, 227, 228, -1,
      219, 228, 218, -1,
      210, 211, 230, -1,
      230, 211, 215, -1,
      230, 215, 231, -1,
      215, 216, 231, -1,
      231, 216, 217, -1,
      231, 217, 232, -1,
      232, 217, 218, -1,
      232, 218, 229, -1,
      229, 218, 228, -1,
      233, 234, 117, -1,
      117, 234, 118, -1,
      114, 235, 116, -1,
      116, 235, 233, -1,
      116, 233, 117, -1,
      236, 235, 113, -1,
      113, 235, 114, -1,
      112, 237, 115, -1,
      115, 237, 236, -1,
      115, 236, 113, -1,
      238, 237, 109, -1,
      109, 237, 112, -1,
      123, 239, 108, -1,
      108, 239, 238, -1,
      108, 238, 109, -1,
      240, 239, 122, -1,
      122, 239, 123, -1,
      110, 241, 121, -1,
      121, 241, 240, -1,
      121, 240, 122, -1,
      242, 241, 111, -1,
      111, 241, 110, -1,
      106, 243, 107, -1,
      107, 243, 242, -1,
      107, 242, 111, -1,
      244, 243, 120, -1,
      120, 243, 106, -1,
      118, 234, 119, -1,
      119, 234, 244, -1,
      119, 244, 120, -1,
      244, 234, 233, -1,
      233, 235, 244, -1,
      244, 235, 236, -1,
      244, 236, 243, -1,
      241, 242, 240, -1,
      240, 242, 243, -1,
      240, 243, 239, -1,
      239, 243, 236, -1,
      239, 236, 238, -1,
      238, 236, 237, -1,
      245, 246, 247, -1,
      247, 246, 248, -1,
      247, 248, 249, -1,
      249, 248, 250, -1,
      249, 250, 251, -1,
      251, 250, 252, -1,
      251, 252, 253, -1,
      253, 252, 254, -1,
      253, 254, 255, -1,
      255, 254, 256, -1,
      255, 256, 257, -1,
      257, 256, 258, -1,
      257, 258, 259, -1,
      259, 258, 260, -1,
      259, 260, 261, -1,
      261, 260, 262, -1,
      261, 262, 263, -1,
      263, 262, 264, -1,
      263, 264, 265, -1,
      265, 264, 266, -1,
      265, 266, 267, -1,
      267, 266, 268, -1,
      267, 268, 269, -1,
      269, 268, 270, -1,
      269, 270, 271, -1,
      271, 270, 272, -1,
      271, 272, 273, -1,
      273, 272, 274, -1,
      273, 274, 275, -1,
      275, 274, 276, -1,
      275, 276, 277, -1,
      277, 276, 278, -1,
      277, 278, 279, -1,
      279, 278, 245, -1,
      279, 245, 247, -1,
      253, 255, 129, -1,
      129, 255, 130, -1,
      253, 129, 128, -1,
      253, 128, 251, -1,
      251, 128, 127, -1,
      251, 127, 249, -1,
      249, 127, 126, -1,
      249, 126, 247, -1,
      247, 126, 125, -1,
      247, 125, 279, -1,
      279, 125, 124, -1,
      279, 124, 277, -1,
      277, 124, 140, -1,
      277, 140, 275, -1,
      275, 140, 139, -1,
      275, 139, 273, -1,
      273, 139, 138, -1,
      273, 138, 271, -1,
      271, 138, 137, -1,
      271, 137, 269, -1,
      269, 137, 136, -1,
      269, 136, 267, -1,
      267, 136, 135, -1,
      267, 135, 265, -1,
      265, 135, 134, -1,
      265, 134, 263, -1,
      263, 134, 133, -1,
      263, 133, 261, -1,
      261, 133, 132, -1,
      261, 132, 259, -1,
      257, 259, 131, -1,
      131, 259, 132, -1,
      255, 257, 130, -1,
      130, 257, 131, -1,
      260, 258, 280, -1,
      280, 258, 281, -1,
      258, 256, 281, -1,
      281, 256, 282, -1,
      256, 254, 282, -1,
      282, 254, 283, -1,
      246, 284, 285, -1,
      246, 285, 248, -1,
      248, 285, 286, -1,
      248, 286, 250, -1,
      250, 286, 287, -1,
      250, 287, 252, -1,
      252, 287, 283, -1,
      252, 283, 254, -1,
      274, 288, 289, -1,
      274, 289, 276, -1,
      276, 289, 290, -1,
      276, 290, 278, -1,
      278, 290, 291, -1,
      278, 291, 245, -1,
      245, 291, 284, -1,
      245, 284, 246, -1,
      266, 292, 293, -1,
      266, 293, 268, -1,
      268, 293, 294, -1,
      268, 294, 270, -1,
      270, 294, 295, -1,
      270, 295, 272, -1,
      272, 295, 288, -1,
      272, 288, 274, -1,
      260, 280, 296, -1,
      260, 296, 262, -1,
      262, 296, 297, -1,
      262, 297, 264, -1,
      264, 297, 292, -1,
      264, 292, 266, -1,
    ]
  }
}

Shape {
  appearance Appearance {
    material Material {
      diffuseColor 0.2235 0.2235 0.2235
      specularColor 0.1137 0.1137 0.1137
      ambientIntensity 0.2
      transparency 0.0000
      shininess 0.5
    }
  }
  geometry IndexedFaceSet {
    ccw TRUE
    solid FALSE
    coord DEF co Coordinate {
      point [
        -0.308557 0.523622 1.326219,
        -0.296461 0.523622 1.326305,
        -0.296023 0.523622 1.264576,
        -0.307648 0.523622 1.264493,
        -0.331511 0.523622 1.272675,
        -0.330538 0.523622 1.271782,
        -0.325341 0.523622 1.268237,
        -0.318697 0.523622 1.265726,
        -0.340231 0.523622 1.295906,
        -0.339911 0.523622 1.290676,
        -0.338283 0.523622 1.283388,
        -0.335463 0.523622 1.277484,
        -0.331611 0.523622 1.318523,
        -0.333857 0.523622 1.316274,
        -0.336921 0.523622 1.311756,
        -0.339130 0.523622 1.305878,
        -0.319378 0.523622 1.324875,
        -0.326214 0.523622 1.322231,
      ]
    }
    coordIndex [
      1, 2, 0, -1,
      0, 2, 3, -1,
      3, 7, 0, -1,
      0, 7, 6, -1,
      0, 6, 5, -1,
      5, 4, 0, -1,
      0, 4, 11, -1,
      0, 11, 10, -1,
      8, 12, 17, -1,
      15, 14, 8, -1,
      8, 14, 13, -1,
      8, 13, 12, -1,
      10, 9, 0, -1,
      0, 9, 8, -1,
      0, 8, 16, -1,
      16, 8, 17, -1,
    ]
  }
}

Shape {
  appearance Appearance {
    material Material {
      diffuseColor 1.0000 1.0000 1.0000
      specularColor 0.5020 0.5020 0.5020
      ambientIntensity 0.2
      transparency 0.0000
      shininess 0.5
    }
  }
  geometry IndexedFaceSet {
    ccw TRUE
    solid FALSE
    coord DEF co Coordinate {
      point [
        -0.355252 0.523622 1.255027,
        -0.355348 0.523622 1.255275,
        -0.386315 0.523622 1.334878,
        -0.397368 0.523622 1.334800,
        -0.366791 0.523622 1.255275,
        -0.366672 0.523622 1.254946,
        -0.415875 0.523622 1.254597,
        -0.427296 0.523622 1.254516,
        -0.415628 0.523622 1.255275,
        -0.407864 0.523622 1.276555,
        -0.374523 0.523622 1.276791,
        -0.427013 0.523622 1.255275,
        -0.377862 0.523661 1.285815,
        -0.390072 0.523661 1.319009,
        -0.386315 0.523661 1.334878,
        -0.355252 0.523661 1.255027,
        -0.366672 0.523661 1.254946,
        -0.374523 0.523661 1.276791,
        -0.390782 0.523661 1.321394,
        -0.391421 0.523661 1.324608,
        -0.397368 0.523661 1.334800,
        -0.391667 0.523661 1.324606,
        -0.392290 0.523661 1.321214,
        -0.392876 0.523661 1.318989,
        -0.404735 0.523661 1.285624,
        -0.427296 0.523661 1.254516,
        -0.415875 0.523661 1.254597,
        -0.407864 0.523661 1.276555,
        -0.377862 0.523622 1.285815,
        -0.404735 0.523622 1.285624,
        -0.392876 0.523622 1.318989,
        -0.391667 0.523622 1.324606,
        -0.392290 0.523622 1.321214,
        -0.391421 0.523622 1.324608,
        -0.390072 0.523622 1.319009,
        -0.390782 0.523622 1.321394,
      ]
    }
    coordIndex [
      12, 13, 14, -1,
      15, 16, 17, -1,
      13, 18, 14, -1,
      14, 18, 19, -1,
      14, 19, 20, -1,
      20, 19, 21, -1,
      20, 21, 22, -1,
      22, 23, 20, -1,
      20, 23, 24, -1,
      20, 24, 25, -1,
      26, 25, 27, -1,
      27, 25, 24, -1,
      27, 24, 17, -1,
      17, 24, 12, -1,
      17, 12, 15, -1,
      15, 12, 14, -1,
      3, 20, 11, -1,
      11, 20, 25, -1,
      11, 25, 7, -1,
      14, 20, 2, -1,
      2, 20, 3, -1,
      0, 15, 1, -1,
      1, 15, 14, -1,
      1, 14, 2, -1,
      16, 15, 5, -1,
      5, 15, 0, -1,
      10, 17, 4, -1,
      4, 17, 16, -1,
      4, 16, 5, -1,
      27, 17, 9, -1,
      9, 17, 10, -1,
      6, 26, 8, -1,
      8, 26, 27, -1,
      8, 27, 9, -1,
      25, 26, 7, -1,
      7, 26, 6, -1,
      12, 24, 28, -1,
      28, 24, 29, -1,
      24, 23, 29, -1,
      29, 23, 30, -1,
      21, 31, 32, -1,
      21, 32, 22, -1,
      22, 32, 30, -1,
      22, 30, 23, -1,
      21, 19, 31, -1,
      31, 19, 33, -1,
      13, 34, 35, -1,
      13, 35, 18, -1,
      18, 35, 33, -1,
      18, 33, 19, -1,
      13, 12, 34, -1,
      34, 12, 28, -1,
    ]
  }
}

Shape {
  appearance Appearance {
    material Material {
      diffuseColor 0.2235 0.2235 0.2235
      specularColor 0.1137 0.1137 0.1137
      ambientIntensity 0.2
      transparency 0.0000
      shininess 0.5
    }
  }
  geometry IndexedFaceSet {
    ccw TRUE
    solid FALSE
    coord DEF co Coordinate {
      point [
        -0.377862 0.523622 1.285815,
        -0.404735 0.523622 1.285624,
        -0.392876 0.523622 1.318989,
        -0.391667 0.523622 1.324606,
        -0.392290 0.523622 1.321214,
        -0.391421 0.523622 1.324608,
        -0.390072 0.523622 1.319009,
        -0.390782 0.523622 1.321394,
      ]
    }
    coordIndex [
      3, 5, 4, -1,
      4, 5, 7, -1,
      4, 7, 2, -1,
      2, 7, 6, -1,
      2, 6, 1, -1,
      1, 6, 0, -1,
    ]
  }
}

Shape {
  appearance Appearance {
    material Material {
      diffuseColor 1.0000 1.0000 1.0000
      specularColor 0.5020 0.5020 0.5020
      ambientIntensity 0.2
      transparency 0.0000
      shininess 0.5
    }
  }
  geometry IndexedFaceSet {
    ccw TRUE
    solid FALSE
    coord DEF co Coordinate {
      point [
        0.095476 0.523622 1.402878,
        0.080129 0.523622 1.389708,
        0.168482 0.523622 1.473566,
        0.155022 0.523622 1.464162,
        0.145568 0.523622 1.457556,
        0.126501 0.523622 1.435044,
        0.115146 0.523622 1.412366,
        0.112357 0.523622 1.411406,
        0.275784 0.523622 1.475273,
        0.249361 0.523622 1.484818,
        0.196738 0.523622 1.484476,
        0.222779 0.523622 1.487707,
        0.293415 0.523622 1.464162,
        0.291249 0.523622 1.465991,
        0.415915 0.523622 1.382807,
        0.409030 0.523622 1.398046,
        0.395220 0.523622 1.415491,
        0.352004 0.523622 1.439741,
        0.329560 0.523622 1.442352,
        0.304709 0.523622 1.454629,
        0.323016 0.523622 1.441949,
        0.316475 0.523622 1.441120,
        0.391348 0.523622 1.419104,
        0.373151 0.523622 1.431703,
        0.353619 0.523622 1.260915,
        0.360795 0.523622 1.263118,
        0.381299 0.523622 1.273283,
        0.398967 0.523622 1.288563,
        0.411837 0.523622 1.307219,
        0.419841 0.523622 1.328470,
        0.422436 0.523622 1.350783,
        0.422236 0.523622 1.356250,
        0.421555 0.523622 1.359910,
        0.418261 0.523622 1.377617,
        0.347993 0.523622 1.248653,
        0.351031 0.523622 1.255275,
        0.261891 0.523622 1.236021,
        0.273285 0.523622 1.228210,
        0.315424 0.523622 1.224067,
        0.328520 0.523622 1.229676,
        0.339598 0.523622 1.238146,
        0.342643 0.523622 1.241958,
        0.256520 0.523622 1.241958,
        0.286016 0.523622 1.223422,
        0.299813 0.523622 1.221821,
        0.301998 0.523622 1.221878,
        0.247945 0.523622 1.255275,
        0.253095 0.523622 1.245743,
        0.173280 0.523622 1.291685,
        0.169363 0.523622 1.293200,
        0.162444 0.523622 1.325598,
        0.256443 0.523622 1.316587,
        0.179878 0.523622 1.355895,
        0.266332 0.523622 1.325719,
        0.278367 0.523622 1.332278,
        0.176798 0.523622 1.289229,
        0.059317 0.523622 1.337391,
        0.062074 0.523622 1.317092,
        0.094861 0.523622 1.342079,
        0.097462 0.523622 1.353031,
        0.101110 0.523622 1.359910,
        0.385489 0.523622 1.359910,
        0.096347 0.523622 1.270458,
        0.113776 0.523622 1.262081,
        0.164948 0.523622 1.293735,
        0.164394 0.523622 1.293691,
        0.162689 0.523622 1.293301,
        0.069353 0.523622 1.299120,
        0.080764 0.523622 1.283460,
        0.381957 0.523622 1.328916,
        0.375265 0.523622 1.317343,
        0.346403 0.523622 1.311243,
        0.365134 0.523622 1.306784,
        0.352779 0.523622 1.299052,
        0.325219 0.523622 1.329943,
        0.336915 0.523622 1.321938,
        0.386564 0.523622 1.351668,
        0.385943 0.523622 1.342876,
        0.312611 0.523622 1.334665,
        0.299001 0.523622 1.336245,
        0.292084 0.523622 1.335786,
        0.106387 0.523622 1.307042,
        0.100060 0.523622 1.315876,
        0.096063 0.523622 1.325993,
        0.094617 0.523622 1.337072,
        0.182720 0.523622 1.276213,
        0.182560 0.523622 1.278459,
        0.242441 0.523622 1.284037,
        0.181386 0.523622 1.282783,
        0.179169 0.523622 1.286652,
        0.173295 0.523622 1.260497,
        0.176969 0.523622 1.263148,
        0.246267 0.523622 1.258381,
        0.178282 0.523622 1.264504,
        0.180738 0.523622 1.268098,
        0.182210 0.523622 1.271969,
        0.242833 0.523622 1.272409,
        0.242482 0.523622 1.278345,
        0.161536 0.523622 1.293142,
        0.135919 0.523622 1.292960,
        0.125676 0.523622 1.294848,
        0.132750 0.523622 1.258210,
        0.166337 0.523622 1.258448,
        0.169540 0.523622 1.258988,
        0.115599 0.523622 1.299433,
        0.107135 0.523622 1.306250,
        0.143259 0.523622 1.381823,
        0.379800 0.523622 1.378102,
        0.384768 0.523622 1.365441,
        0.138705 0.523622 1.381791,
        0.102689 0.523622 1.362888,
        0.109189 0.523622 1.370248,
        0.117974 0.523622 1.376478,
        0.127881 0.523622 1.380377,
        0.155294 0.523622 1.416119,
        0.168028 0.523622 1.431548,
        0.299122 0.523622 1.399438,
        0.169444 0.523622 1.432856,
        0.185359 0.523622 1.444069,
        0.290298 0.523622 1.417384,
        0.376475 0.523622 1.382807,
        0.303150 0.523622 1.401679,
        0.143468 0.523622 1.382807,
        0.146636 0.523622 1.397717,
        0.315881 0.523622 1.406439,
        0.329233 0.523622 1.408191,
        0.335173 0.523622 1.407924,
        0.277421 0.523622 1.432547,
        0.203162 0.523622 1.451037,
        0.262080 0.523622 1.443590,
        0.222452 0.523622 1.453547,
        0.243430 0.523622 1.450996,
        0.349249 0.523622 1.404689,
        0.361982 0.523622 1.398041,
        0.371828 0.523622 1.389384,
        0.075252 0.523622 1.382807,
        0.068625 0.523622 1.373430,
        0.063325 0.523622 1.359910,
        0.061790 0.523622 1.355994,
        0.347993 0.523661 1.248653,
        0.339598 0.523661 1.238146,
        0.352779 0.523661 1.299052,
        0.162444 0.523661 1.325598,
        0.179878 0.523661 1.355895,
        0.256443 0.523661 1.316587,
        0.295665 0.523661 1.299959,
        0.290338 0.523661 1.298168,
        0.361982 0.523661 1.398041,
        0.349249 0.523661 1.404689,
        0.352004 0.523661 1.439741,
        0.316475 0.523661 1.441120,
        0.299122 0.523661 1.399438,
        0.290298 0.523661 1.417384,
        0.365134 0.523661 1.306784,
        0.360795 0.523661 1.263118,
        0.353619 0.523661 1.260915,
        0.329560 0.523661 1.442352,
        0.285690 0.523661 1.295155,
        0.281950 0.523661 1.291133,
        0.242441 0.523661 1.284037,
        0.279388 0.523661 1.286505,
        0.277992 0.523661 1.281278,
        0.242482 0.523661 1.278345,
        0.277914 0.523661 1.275754,
        0.242833 0.523661 1.272409,
        0.305397 0.523661 1.299710,
        0.312611 0.523661 1.334665,
        0.310383 0.523661 1.297783,
        0.325219 0.523661 1.329943,
        0.314856 0.523661 1.294650,
        0.336915 0.523661 1.321938,
        0.317123 0.523661 1.292286,
        0.346403 0.523661 1.311243,
        0.320099 0.523661 1.287598,
        0.321815 0.523661 1.282253,
        0.322137 0.523661 1.276706,
        0.278367 0.523661 1.332278,
        0.292084 0.523661 1.335786,
        0.299001 0.523661 1.336245,
        0.143259 0.523661 1.381823,
        0.138705 0.523661 1.381791,
        0.115146 0.523661 1.412366,
        0.127881 0.523661 1.380377,
        0.112357 0.523661 1.411406,
        0.117974 0.523661 1.376478,
        0.095476 0.523661 1.402878,
        0.080129 0.523661 1.389708,
        0.304709 0.523661 1.454629,
        0.277421 0.523661 1.432547,
        0.291249 0.523661 1.465991,
        0.262080 0.523661 1.443590,
        0.275784 0.523661 1.475273,
        0.335173 0.523661 1.407924,
        0.329233 0.523661 1.408191,
        0.323016 0.523661 1.441949,
        0.315881 0.523661 1.406439,
        0.303150 0.523661 1.401679,
        0.080764 0.523661 1.283460,
        0.107135 0.523661 1.306250,
        0.096347 0.523661 1.270458,
        0.115599 0.523661 1.299433,
        0.113776 0.523661 1.262081,
        0.125676 0.523661 1.294848,
        0.132750 0.523661 1.258210,
        0.135919 0.523661 1.292960,
        0.166337 0.523661 1.258448,
        0.161536 0.523661 1.293142,
        0.169540 0.523661 1.258988,
        0.299825 0.523661 1.300385,
        0.266332 0.523661 1.325719,
        0.109189 0.523661 1.370248,
        0.102689 0.523661 1.362888,
        0.068625 0.523661 1.373430,
        0.097462 0.523661 1.353031,
        0.061790 0.523661 1.355994,
        0.094861 0.523661 1.342079,
        0.059317 0.523661 1.337391,
        0.094617 0.523661 1.337072,
        0.062074 0.523661 1.317092,
        0.096063 0.523661 1.325993,
        0.069353 0.523661 1.299120,
        0.100060 0.523661 1.315876,
        0.106387 0.523661 1.307042,
        0.145568 0.523661 1.457556,
        0.168028 0.523661 1.431548,
        0.126501 0.523661 1.435044,
        0.155294 0.523661 1.416119,
        0.146636 0.523661 1.397717,
        0.384768 0.523661 1.365441,
        0.422236 0.523661 1.356250,
        0.386564 0.523661 1.351668,
        0.422436 0.523661 1.350783,
        0.385943 0.523661 1.342876,
        0.419841 0.523661 1.328470,
        0.381957 0.523661 1.328916,
        0.411837 0.523661 1.307219,
        0.375265 0.523661 1.317343,
        0.398967 0.523661 1.288563,
        0.381299 0.523661 1.273283,
        0.321121 0.523661 1.271360,
        0.318901 0.523661 1.266559,
        0.249361 0.523661 1.484818,
        0.243430 0.523661 1.450996,
        0.222779 0.523661 1.487707,
        0.222452 0.523661 1.453547,
        0.196738 0.523661 1.484476,
        0.203162 0.523661 1.451037,
        0.168482 0.523661 1.473566,
        0.185359 0.523661 1.444069,
        0.169444 0.523661 1.432856,
        0.373151 0.523661 1.431703,
        0.391348 0.523661 1.419104,
        0.371828 0.523661 1.389384,
        0.395220 0.523661 1.415491,
        0.379800 0.523661 1.378102,
        0.409030 0.523661 1.398046,
        0.418261 0.523661 1.377617,
        0.246267 0.523661 1.258381,
        0.279243 0.523661 1.270281,
        0.253095 0.523661 1.245743,
        0.281869 0.523661 1.265370,
        0.261891 0.523661 1.236021,
        0.285208 0.523661 1.261621,
        0.273285 0.523661 1.228210,
        0.289565 0.523661 1.258570,
        0.286016 0.523661 1.223422,
        0.294518 0.523661 1.256655,
        0.299813 0.523661 1.221821,
        0.300140 0.523661 1.255981,
        0.301998 0.523661 1.221878,
        0.301109 0.523661 1.256010,
        0.315424 0.523661 1.224067,
        0.306214 0.523661 1.256879,
        0.328520 0.523661 1.229676,
        0.311344 0.523661 1.259126,
        0.315678 0.523661 1.262496,
        0.164394 0.523661 1.293691,
        0.178282 0.523661 1.264504,
        0.176969 0.523661 1.263148,
        0.162689 0.523661 1.293301,
        0.173295 0.523661 1.260497,
        0.182720 0.523661 1.276213,
        0.182210 0.523661 1.271969,
        0.180738 0.523661 1.268098,
        0.169363 0.523661 1.293200,
        0.173280 0.523661 1.291685,
        0.182560 0.523661 1.278459,
        0.176798 0.523661 1.289229,
        0.179169 0.523661 1.286652,
        0.181386 0.523661 1.282783,
        0.164948 0.523661 1.293735,
        0.299825 0.523622 1.300385,
        0.295665 0.523622 1.299959,
        0.290338 0.523622 1.298168,
        0.285690 0.523622 1.295155,
        0.281950 0.523622 1.291133,
        0.279388 0.523622 1.286505,
        0.277992 0.523622 1.281278,
        0.277914 0.523622 1.275754,
        0.279243 0.523622 1.270281,
        0.281869 0.523622 1.265370,
        0.285208 0.523622 1.261621,
        0.289565 0.523622 1.258570,
        0.294518 0.523622 1.256655,
        0.300140 0.523622 1.255981,
        0.301109 0.523622 1.256010,
        0.306214 0.523622 1.256879,
        0.311344 0.523622 1.259126,
        0.315678 0.523622 1.262496,
        0.318901 0.523622 1.266559,
        0.321121 0.523622 1.271360,
        0.322137 0.523622 1.276706,
        0.321815 0.523622 1.282253,
        0.320099 0.523622 1.287598,
        0.317123 0.523622 1.292286,
        0.314856 0.523622 1.294650,
        0.310383 0.523622 1.297783,
        0.305397 0.523622 1.299710,
      ]
    }
    coordIndex [
      139, 140, 141, -1,
      142, 143, 144, -1,
      145, 146, 142, -1,
      147, 148, 149, -1,
      150, 151, 152, -1,
      153, 154, 141, -1,
      141, 154, 155, -1,
      141, 155, 139, -1,
      149, 148, 156, -1,
      146, 157, 142, -1,
      142, 157, 158, -1,
      142, 158, 159, -1,
      158, 160, 159, -1,
      159, 160, 161, -1,
      159, 161, 162, -1,
      162, 161, 163, -1,
      162, 163, 164, -1,
      165, 166, 167, -1,
      167, 166, 168, -1,
      167, 168, 169, -1,
      169, 168, 170, -1,
      169, 170, 171, -1,
      171, 170, 172, -1,
      171, 172, 173, -1,
      173, 172, 141, -1,
      173, 141, 174, -1,
      174, 141, 175, -1,
      176, 177, 165, -1,
      165, 177, 178, -1,
      165, 178, 166, -1,
      179, 180, 181, -1,
      181, 180, 182, -1,
      181, 182, 183, -1,
      183, 182, 184, -1,
      183, 184, 185, -1,
      185, 184, 186, -1,
      150, 152, 187, -1,
      187, 152, 188, -1,
      187, 188, 189, -1,
      189, 188, 190, -1,
      189, 190, 191, -1,
      148, 192, 156, -1,
      156, 192, 193, -1,
      156, 193, 194, -1,
      194, 193, 195, -1,
      194, 195, 150, -1,
      150, 195, 196, -1,
      150, 196, 151, -1,
      197, 198, 199, -1,
      199, 198, 200, -1,
      199, 200, 201, -1,
      201, 200, 202, -1,
      201, 202, 203, -1,
      203, 202, 204, -1,
      203, 204, 205, -1,
      205, 204, 206, -1,
      205, 206, 207, -1,
      145, 142, 208, -1,
      208, 142, 144, -1,
      208, 144, 165, -1,
      165, 144, 209, -1,
      165, 209, 176, -1,
      184, 210, 186, -1,
      186, 210, 211, -1,
      186, 211, 212, -1,
      212, 211, 213, -1,
      212, 213, 214, -1,
      214, 213, 215, -1,
      214, 215, 216, -1,
      216, 215, 217, -1,
      216, 217, 218, -1,
      218, 217, 219, -1,
      218, 219, 220, -1,
      220, 219, 221, -1,
      220, 221, 197, -1,
      197, 221, 222, -1,
      197, 222, 198, -1,
      223, 224, 225, -1,
      225, 224, 226, -1,
      225, 226, 181, -1,
      181, 226, 227, -1,
      181, 227, 179, -1,
      228, 229, 230, -1,
      230, 229, 231, -1,
      230, 231, 232, -1,
      232, 231, 233, -1,
      232, 233, 234, -1,
      234, 233, 235, -1,
      234, 235, 236, -1,
      236, 235, 237, -1,
      236, 237, 153, -1,
      153, 237, 238, -1,
      153, 238, 154, -1,
      175, 141, 239, -1,
      239, 141, 140, -1,
      239, 140, 240, -1,
      191, 190, 241, -1,
      241, 190, 242, -1,
      241, 242, 243, -1,
      243, 242, 244, -1,
      243, 244, 245, -1,
      245, 244, 246, -1,
      245, 246, 247, -1,
      247, 246, 248, -1,
      247, 248, 223, -1,
      223, 248, 249, -1,
      223, 249, 224, -1,
      149, 250, 147, -1,
      147, 250, 251, -1,
      147, 251, 252, -1,
      252, 251, 253, -1,
      252, 253, 254, -1,
      254, 253, 255, -1,
      254, 255, 228, -1,
      228, 255, 256, -1,
      228, 256, 229, -1,
      164, 163, 257, -1,
      257, 163, 258, -1,
      257, 258, 259, -1,
      259, 258, 260, -1,
      259, 260, 261, -1,
      261, 260, 262, -1,
      261, 262, 263, -1,
      263, 262, 264, -1,
      263, 264, 265, -1,
      265, 264, 266, -1,
      265, 266, 267, -1,
      267, 266, 268, -1,
      267, 268, 269, -1,
      269, 268, 270, -1,
      269, 270, 271, -1,
      271, 270, 272, -1,
      271, 272, 273, -1,
      273, 272, 274, -1,
      273, 274, 140, -1,
      140, 274, 275, -1,
      140, 275, 240, -1,
      276, 277, 278, -1,
      206, 279, 207, -1,
      207, 279, 276, -1,
      207, 276, 280, -1,
      280, 276, 278, -1,
      281, 282, 276, -1,
      276, 282, 283, -1,
      276, 283, 277, -1,
      284, 285, 286, -1,
      285, 287, 286, -1,
      286, 287, 288, -1,
      286, 288, 289, -1,
      281, 276, 286, -1,
      286, 276, 290, -1,
      286, 290, 284, -1,
      216, 56, 138, -1,
      216, 138, 214, -1,
      214, 138, 137, -1,
      214, 137, 212, -1,
      137, 136, 212, -1,
      212, 136, 135, -1,
      212, 135, 186, -1,
      135, 1, 186, -1,
      186, 1, 0, -1,
      186, 0, 185, -1,
      185, 0, 7, -1,
      185, 7, 183, -1,
      183, 7, 6, -1,
      183, 6, 181, -1,
      181, 6, 5, -1,
      181, 5, 225, -1,
      225, 5, 4, -1,
      225, 4, 223, -1,
      223, 4, 3, -1,
      223, 3, 247, -1,
      3, 2, 247, -1,
      247, 2, 10, -1,
      247, 10, 245, -1,
      245, 10, 11, -1,
      245, 11, 243, -1,
      243, 11, 9, -1,
      243, 9, 241, -1,
      241, 9, 8, -1,
      241, 8, 191, -1,
      191, 8, 13, -1,
      191, 13, 189, -1,
      21, 150, 187, -1,
      189, 13, 12, -1,
      189, 12, 187, -1,
      187, 12, 19, -1,
      187, 19, 21, -1,
      150, 21, 20, -1,
      150, 20, 194, -1,
      194, 20, 18, -1,
      194, 18, 156, -1,
      156, 18, 17, -1,
      156, 17, 149, -1,
      149, 17, 23, -1,
      149, 23, 250, -1,
      250, 23, 22, -1,
      250, 22, 251, -1,
      251, 22, 16, -1,
      251, 16, 253, -1,
      30, 231, 229, -1,
      253, 16, 15, -1,
      253, 15, 255, -1,
      255, 15, 14, -1,
      255, 14, 256, -1,
      14, 33, 256, -1,
      256, 33, 32, -1,
      256, 32, 229, -1,
      229, 32, 31, -1,
      229, 31, 30, -1,
      231, 30, 29, -1,
      231, 29, 233, -1,
      233, 29, 28, -1,
      233, 28, 235, -1,
      235, 28, 27, -1,
      235, 27, 237, -1,
      237, 27, 26, -1,
      237, 26, 238, -1,
      238, 26, 25, -1,
      238, 25, 154, -1,
      154, 25, 24, -1,
      154, 24, 155, -1,
      155, 24, 35, -1,
      41, 140, 139, -1,
      155, 35, 139, -1,
      139, 35, 34, -1,
      139, 34, 41, -1,
      41, 40, 140, -1,
      140, 40, 39, -1,
      140, 39, 273, -1,
      273, 39, 38, -1,
      273, 38, 271, -1,
      271, 38, 45, -1,
      271, 45, 269, -1,
      269, 45, 44, -1,
      269, 44, 267, -1,
      267, 44, 43, -1,
      46, 257, 259, -1,
      267, 43, 265, -1,
      265, 43, 37, -1,
      265, 37, 263, -1,
      263, 37, 36, -1,
      263, 36, 261, -1,
      261, 36, 42, -1,
      261, 42, 259, -1,
      259, 42, 47, -1,
      259, 47, 46, -1,
      46, 92, 257, -1,
      257, 92, 96, -1,
      257, 96, 164, -1,
      164, 96, 97, -1,
      164, 97, 162, -1,
      159, 162, 87, -1,
      87, 162, 97, -1,
      142, 159, 50, -1,
      50, 159, 87, -1,
      143, 142, 52, -1,
      52, 142, 50, -1,
      144, 143, 51, -1,
      51, 143, 52, -1,
      144, 51, 53, -1,
      144, 53, 209, -1,
      209, 53, 54, -1,
      209, 54, 176, -1,
      176, 54, 80, -1,
      176, 80, 177, -1,
      177, 80, 79, -1,
      177, 79, 178, -1,
      178, 79, 78, -1,
      178, 78, 166, -1,
      166, 78, 74, -1,
      166, 74, 168, -1,
      168, 74, 75, -1,
      168, 75, 170, -1,
      170, 75, 71, -1,
      170, 71, 172, -1,
      172, 71, 73, -1,
      172, 73, 141, -1,
      141, 73, 72, -1,
      141, 72, 153, -1,
      153, 72, 70, -1,
      153, 70, 236, -1,
      236, 70, 69, -1,
      236, 69, 234, -1,
      234, 69, 77, -1,
      234, 77, 232, -1,
      232, 77, 76, -1,
      232, 76, 230, -1,
      228, 230, 61, -1,
      61, 230, 76, -1,
      61, 108, 228, -1,
      228, 108, 107, -1,
      228, 107, 254, -1,
      254, 107, 120, -1,
      254, 120, 252, -1,
      120, 134, 252, -1,
      252, 134, 133, -1,
      252, 133, 147, -1,
      147, 133, 132, -1,
      147, 132, 148, -1,
      148, 132, 126, -1,
      148, 126, 192, -1,
      192, 126, 125, -1,
      192, 125, 193, -1,
      193, 125, 124, -1,
      193, 124, 195, -1,
      195, 124, 121, -1,
      195, 121, 196, -1,
      196, 121, 116, -1,
      196, 116, 151, -1,
      151, 116, 119, -1,
      151, 119, 152, -1,
      152, 119, 127, -1,
      152, 127, 188, -1,
      188, 127, 129, -1,
      188, 129, 190, -1,
      190, 129, 131, -1,
      190, 131, 242, -1,
      242, 131, 130, -1,
      242, 130, 244, -1,
      106, 179, 122, -1,
      122, 179, 227, -1,
      122, 227, 123, -1,
      123, 227, 226, -1,
      123, 226, 114, -1,
      114, 226, 224, -1,
      114, 224, 115, -1,
      115, 224, 249, -1,
      115, 249, 117, -1,
      117, 249, 248, -1,
      117, 248, 118, -1,
      118, 248, 246, -1,
      118, 246, 128, -1,
      128, 246, 244, -1,
      128, 244, 130, -1,
      180, 179, 109, -1,
      109, 179, 106, -1,
      180, 109, 113, -1,
      180, 113, 182, -1,
      182, 113, 112, -1,
      182, 112, 184, -1,
      184, 112, 111, -1,
      184, 111, 210, -1,
      210, 111, 110, -1,
      210, 110, 211, -1,
      211, 110, 60, -1,
      211, 60, 213, -1,
      60, 59, 213, -1,
      213, 59, 58, -1,
      213, 58, 215, -1,
      215, 58, 84, -1,
      215, 84, 217, -1,
      217, 84, 83, -1,
      217, 83, 219, -1,
      219, 83, 82, -1,
      219, 82, 221, -1,
      221, 82, 81, -1,
      221, 81, 222, -1,
      222, 81, 105, -1,
      222, 105, 198, -1,
      198, 105, 104, -1,
      198, 104, 200, -1,
      200, 104, 100, -1,
      200, 100, 202, -1,
      202, 100, 99, -1,
      202, 99, 204, -1,
      206, 204, 98, -1,
      98, 204, 99, -1,
      206, 98, 66, -1,
      206, 66, 279, -1,
      279, 66, 65, -1,
      279, 65, 276, -1,
      276, 65, 64, -1,
      276, 64, 290, -1,
      290, 64, 49, -1,
      290, 49, 284, -1,
      284, 49, 48, -1,
      284, 48, 285, -1,
      285, 48, 55, -1,
      285, 55, 287, -1,
      287, 55, 89, -1,
      287, 89, 288, -1,
      288, 89, 88, -1,
      288, 88, 289, -1,
      289, 88, 86, -1,
      289, 86, 286, -1,
      286, 86, 85, -1,
      286, 85, 281, -1,
      281, 85, 95, -1,
      281, 95, 282, -1,
      282, 95, 94, -1,
      282, 94, 283, -1,
      283, 94, 93, -1,
      283, 93, 277, -1,
      277, 93, 91, -1,
      277, 91, 278, -1,
      278, 91, 90, -1,
      278, 90, 280, -1,
      280, 90, 103, -1,
      280, 103, 207, -1,
      207, 103, 102, -1,
      207, 102, 205, -1,
      203, 205, 101, -1,
      101, 205, 102, -1,
      203, 101, 63, -1,
      203, 63, 201, -1,
      201, 63, 62, -1,
      201, 62, 199, -1,
      199, 62, 68, -1,
      199, 68, 197, -1,
      197, 68, 67, -1,
      197, 67, 220, -1,
      220, 67, 57, -1,
      220, 57, 218, -1,
      218, 57, 56, -1,
      218, 56, 216, -1,
      208, 291, 292, -1,
      208, 292, 145, -1,
      145, 292, 293, -1,
      145, 293, 146, -1,
      146, 293, 294, -1,
      146, 294, 157, -1,
      157, 294, 295, -1,
      157, 295, 158, -1,
      158, 295, 296, -1,
      158, 296, 160, -1,
      160, 296, 297, -1,
      160, 297, 161, -1,
      161, 297, 298, -1,
      161, 298, 163, -1,
      163, 298, 299, -1,
      163, 299, 258, -1,
      258, 299, 300, -1,
      258, 300, 260, -1,
      260, 300, 301, -1,
      260, 301, 262, -1,
      262, 301, 302, -1,
      262, 302, 264, -1,
      264, 302, 303, -1,
      264, 303, 266, -1,
      266, 303, 304, -1,
      266, 304, 268, -1,
      268, 304, 305, -1,
      268, 305, 270, -1,
      270, 305, 306, -1,
      270, 306, 272, -1,
      272, 306, 307, -1,
      272, 307, 274, -1,
      274, 307, 308, -1,
      274, 308, 275, -1,
      275, 308, 309, -1,
      275, 309, 240, -1,
      240, 309, 310, -1,
      240, 310, 239, -1,
      239, 310, 311, -1,
      239, 311, 175, -1,
      175, 311, 312, -1,
      175, 312, 174, -1,
      174, 312, 313, -1,
      174, 313, 173, -1,
      173, 313, 314, -1,
      173, 314, 171, -1,
      171, 314, 315, -1,
      171, 315, 169, -1,
      169, 315, 316, -1,
      169, 316, 167, -1,
      167, 316, 317, -1,
      167, 317, 165, -1,
      165, 317, 291, -1,
      165, 291, 208, -1,
    ]
  }
}

Shape {
  appearance Appearance {
    material Material {
      diffuseColor 0.2235 0.2235 0.2235
      specularColor 0.1137 0.1137 0.1137
      ambientIntensity 0.2
      transparency 0.0000
      shininess 0.5
    }
  }
  geometry IndexedFaceSet {
    ccw TRUE
    solid FALSE
    coord DEF co Coordinate {
      point [
        0.299825 0.523622 1.300385,
        0.295665 0.523622 1.299959,
        0.290338 0.523622 1.298168,
        0.285690 0.523622 1.295155,
        0.281950 0.523622 1.291133,
        0.279388 0.523622 1.286505,
        0.277992 0.523622 1.281278,
        0.277914 0.523622 1.275754,
        0.279243 0.523622 1.270281,
        0.281869 0.523622 1.265370,
        0.285208 0.523622 1.261621,
        0.289565 0.523622 1.258570,
        0.294518 0.523622 1.256655,
        0.300140 0.523622 1.255981,
        0.301109 0.523622 1.256010,
        0.306214 0.523622 1.256879,
        0.311344 0.523622 1.259126,
        0.315678 0.523622 1.262496,
        0.318901 0.523622 1.266559,
        0.321121 0.523622 1.271360,
        0.322137 0.523622 1.276706,
        0.321815 0.523622 1.282253,
        0.320099 0.523622 1.287598,
        0.317123 0.523622 1.292286,
        0.314856 0.523622 1.294650,
        0.310383 0.523622 1.297783,
        0.305397 0.523622 1.299710,
      ]
    }
    coordIndex [
      14, 24, 23, -1,
      12, 11, 1, -1,
      0, 26, 14, -1,
      14, 26, 25, -1,
      14, 25, 24, -1,
      19, 18, 23, -1,
      23, 18, 17, -1,
      0, 14, 1, -1,
      1, 14, 13, -1,
      1, 13, 12, -1,
      5, 4, 9, -1,
      9, 4, 3, -1,
      22, 21, 23, -1,
      23, 21, 20, -1,
      23, 20, 19, -1,
      17, 16, 23, -1,
      23, 16, 15, -1,
      23, 15, 14, -1,
      11, 10, 1, -1,
      1, 10, 9, -1,
      1, 9, 2, -1,
      2, 9, 3, -1,
      8, 7, 9, -1,
      9, 7, 6, -1,
      9, 6, 5, -1,
    ]
  }
}
