#VRML V2.0 utf8

Shape {
  appearance Appearance {
    material Material {
      diffuseColor 0.7294 0.3569 0.0235
      specularColor 0.3647 0.1765 0.0118
      ambientIntensity 0.2
      transparency 0.0000
      shininess 0.5
    }
  }
  geometry IndexedFaceSet {
    ccw TRUE
    solid FALSE
    coord DEF co Coordinate {
      point [
        0.167563 -0.063554 -0.328556,
        0.235044 -0.040333 -0.332169,
        0.233059 -0.046617 -0.331383,
        0.206778 -0.068707 -0.327517,
        0.195761 -0.069943 -0.327255,
        0.215383 -0.065539 -0.328165,
        0.222632 -0.060654 -0.329103,
        0.228175 -0.054806 -0.330127,
        0.180083 -0.068203 -0.327622,
        -0.137031 -0.081466 -0.324578,
        -0.125081 -0.048337 -0.331136,
        -0.076289 -0.048337 -0.331136,
        -0.063277 -0.040337 -0.332206,
        -0.036194 -0.040331 -0.332158,
        -0.047729 -0.081466 -0.324578,
        -0.033189 -0.049094 -0.331025,
        -0.026415 -0.059659 -0.329285,
        -0.016694 -0.068967 -0.327462,
        -0.004361 -0.076134 -0.325870,
        0.126556 -0.068503 -0.327559,
        0.079024 -0.068503 -0.327559,
        0.055978 -0.040337 -0.332206,
        0.055978 -0.081466 -0.324578,
        0.079024 -0.081466 -0.324578,
        0.142400 -0.081466 -0.324578,
        0.708661 -0.118514 -0.312572,
        0.023862 -0.081466 -0.324578,
        0.009248 -0.080190 -0.324896,
        0.308043 -0.040337 -0.332206,
        0.308043 -0.068503 -0.327559,
        0.263391 -0.068503 -0.327559,
        0.223947 -0.077457 -0.325558,
        0.233448 -0.071390 -0.326942,
        0.263391 -0.081466 -0.324578,
        0.242320 -0.062050 -0.328843,
        0.142400 -0.040337 -0.332206,
        0.165446 -0.062381 -0.328780,
        0.165446 -0.075344 -0.326054,
        0.178036 -0.080514 -0.324816,
        0.323887 -0.081466 -0.324578,
        0.197944 -0.082906 -0.324213,
        0.212500 -0.081397 -0.324596,
        0.194754 -0.082523 -0.324310,
        0.708661 -0.114456 -0.314464,
        0.323887 -0.040337 -0.332206,
        0.084785 -0.028172 -0.333458,
        0.126556 -0.028172 -0.333458,
        0.126556 -0.040337 -0.332206,
        0.323887 0.036644 -0.332633,
        0.708661 0.040243 -0.331125,
        0.323887 0.017422 -0.334192,
        0.708661 -0.000000 -0.334646,
        0.323887 -0.001859 -0.334641,
        0.323887 -0.021133 -0.333978,
        0.708661 -0.040243 -0.331125,
        0.708661 -0.058111 -0.329562,
        0.142400 0.036644 -0.332633,
        0.081905 0.036644 -0.332633,
        0.193241 0.038085 -0.332472,
        -0.354331 0.040337 -0.332206,
        0.248612 -0.050819 -0.330765,
        0.251593 -0.040333 -0.332174,
        0.252167 -0.038318 -0.332445,
        0.308043 -0.021133 -0.333978,
        0.253308 -0.024639 -0.333737,
        0.308043 -0.001859 -0.334641,
        0.251609 -0.007847 -0.334554,
        0.308043 0.036644 -0.332633,
        0.247075 0.005535 -0.334600,
        0.240152 0.016578 -0.334235,
        0.229489 0.026833 -0.333568,
        0.218270 0.033291 -0.332986,
        0.205104 0.037116 -0.332581,
        0.005583 0.034820 -0.332829,
        -0.008236 0.029968 -0.333301,
        -0.092380 0.036644 -0.332633,
        -0.021079 0.021335 -0.333964,
        -0.021215 0.021244 -0.333970,
        -0.029567 0.011983 -0.334431,
        -0.085113 0.017422 -0.334192,
        -0.035056 0.001825 -0.334641,
        -0.077824 -0.001859 -0.334641,
        -0.038228 -0.009812 -0.334502,
        -0.070537 -0.021133 -0.333978,
        -0.039086 -0.020926 -0.333991,
        -0.037429 -0.036732 -0.332624,
        -0.108224 0.036644 -0.332633,
        -0.123250 -0.001859 -0.334641,
        -0.130771 -0.021133 -0.333978,
        -0.354331 -0.000000 -0.334646,
        -0.138266 -0.040337 -0.332206,
        -0.354331 -0.040337 -0.332206,
        -0.146337 -0.061021 -0.329035,
        -0.354331 -0.080086 -0.324922,
        -0.154316 -0.081466 -0.324578,
        -0.354331 -0.118667 -0.312899,
        -0.065013 -0.081466 -0.324578,
        0.126556 -0.015209 -0.334300,
        0.084785 -0.015209 -0.334300,
        0.126556 0.023681 -0.333807,
        0.081905 0.023681 -0.333807,
        0.022647 0.036644 -0.332633,
        0.055978 0.036644 -0.332633,
        0.055978 0.017422 -0.334192,
        0.055978 -0.001859 -0.334641,
        0.055978 -0.021133 -0.333978,
        0.179102 0.037109 -0.332582,
        0.165446 0.033404 -0.332974,
        0.142400 0.017422 -0.334192,
        0.165446 0.017559 -0.334185,
        0.142400 -0.001859 -0.334641,
        0.142400 -0.021133 -0.333978,
        0.193106 0.025121 -0.333702,
        0.204736 0.023815 -0.333797,
        0.178750 0.023256 -0.333837,
        0.213576 0.020625 -0.334009,
        0.221751 0.015156 -0.334302,
        0.228883 0.007282 -0.334567,
        0.233753 -0.001837 -0.334641,
        0.236901 -0.014481 -0.334332,
        0.237465 -0.023671 -0.333807,
        0.236269 -0.036457 -0.332654,
        -0.354331 0.080086 -0.324922,
        0.708661 0.058111 -0.329562,
        -0.354331 0.275408 -0.190100,
        0.708661 0.256354 -0.215106,
        -0.354331 0.250486 -0.221911,
        0.708661 0.250017 -0.221443,
        -0.354331 0.221911 -0.250486,
        0.708661 0.215106 -0.256354,
        -0.354331 0.190100 -0.275408,
        0.708661 0.189374 -0.274371,
        -0.354331 0.155518 -0.296314,
        0.708661 0.167323 -0.289812,
        -0.354331 0.118667 -0.312899,
        0.708661 0.118514 -0.312572,
        0.708661 0.114456 -0.314464,
        -0.354331 -0.155518 -0.296314,
        0.708661 -0.167323 -0.289812,
        -0.354331 -0.190100 -0.275408,
        0.708661 -0.189374 -0.274371,
        -0.354331 -0.221911 -0.250486,
        0.708661 -0.215106 -0.256354,
        -0.354331 -0.250486 -0.221911,
        0.708661 -0.250017 -0.221443,
        0.708661 -0.256354 -0.215106,
        -0.354331 -0.275408 -0.190100,
        0.708661 -0.289812 -0.167323,
        -0.354331 -0.296314 -0.155518,
        0.708661 -0.295494 -0.155135,
        -0.354331 -0.312899 -0.118667,
        0.708661 -0.314464 -0.114456,
        -0.354331 -0.324922 -0.080086,
        0.708661 -0.323757 -0.079774,
        -0.354331 -0.332206 -0.040337,
        0.708661 -0.329562 -0.058111,
        -0.354331 -0.334646 0.000000,
        0.708661 -0.334646 0.000000,
        -0.354331 -0.332206 0.040337,
        0.708661 -0.329562 0.058111,
        -0.354331 -0.324922 0.080086,
        0.708661 -0.323757 0.079774,
        -0.354331 -0.312899 0.118667,
        0.708661 -0.314464 0.114456,
        -0.354331 -0.296314 0.155518,
        0.708661 -0.295494 0.155135,
        -0.354331 -0.275408 0.190100,
        0.708661 -0.289812 0.167323,
        0.708661 -0.256354 0.215106,
        -0.354331 -0.250486 0.221911,
        0.708661 -0.250017 0.221443,
        -0.354331 -0.221911 0.250486,
        0.708661 -0.215106 0.256354,
        -0.354331 -0.190100 0.275408,
        0.708661 -0.189374 0.274371,
        -0.354331 -0.155518 0.296314,
        0.708661 -0.167323 0.289812,
        -0.354331 -0.118667 0.312899,
        0.708661 -0.118514 0.312572,
        -0.354331 -0.080086 0.324922,
        0.708661 -0.114456 0.314464,
        0.708661 -0.058111 0.329562,
        -0.354331 -0.040337 0.332206,
        0.708661 -0.040243 0.331125,
        -0.354331 -0.000000 0.334646,
        0.708661 -0.000000 0.334646,
        -0.354331 0.040337 0.332206,
        0.708661 0.040243 0.331125,
        -0.354331 0.080086 0.324922,
        0.708661 0.058111 0.329562,
        0.708661 0.114456 0.314464,
        -0.354331 0.118667 0.312899,
        0.708661 0.118514 0.312572,
        -0.354331 0.155518 0.296314,
        0.708661 0.167323 0.289812,
        -0.354331 0.190100 0.275408,
        0.708661 0.189374 0.274371,
        -0.354331 0.221911 0.250486,
        0.708661 0.215106 0.256354,
        -0.354331 0.250486 0.221911,
        0.708661 0.250017 0.221443,
        0.708661 0.256354 0.215106,
        -0.354331 0.275408 0.190100,
        0.708661 0.289812 0.167323,
        -0.354331 0.296314 0.155518,
        0.708661 0.295494 0.155135,
        -0.354331 0.312899 0.118667,
        0.708661 0.314464 0.114456,
        -0.354331 0.324922 0.080086,
        0.708661 0.323757 0.079774,
        -0.354331 0.332206 0.040337,
        0.708661 0.329562 0.058111,
        -0.354331 0.334646 0.000000,
        0.708661 0.334646 0.000000,
        -0.354331 0.332206 -0.040337,
        0.708661 0.329562 -0.058111,
        -0.354331 0.324922 -0.080086,
        0.708661 0.323757 -0.079774,
        -0.354331 0.312899 -0.118667,
        0.708661 0.314464 -0.114456,
        -0.354331 0.296314 -0.155518,
        0.708661 0.295494 -0.155135,
        0.708661 0.289812 -0.167323,
        0.748031 -0.049213 -0.085239,
        0.748031 -0.100990 -0.277468,
        0.748031 -0.025474 -0.095071,
        0.748031 -0.051274 -0.290790,
        0.748031 0.000000 -0.098425,
        0.748031 0.085239 -0.049213,
        0.748031 0.277468 -0.100990,
        0.748031 0.095071 -0.025474,
        0.748031 0.290790 -0.051274,
        0.748031 0.098425 -0.000000,
        0.748031 0.295276 -0.000000,
        0.748031 0.095071 0.025474,
        0.748031 0.049213 -0.085239,
        0.748031 0.189800 -0.226194,
        0.748031 0.069597 -0.069597,
        0.748031 0.226194 -0.189800,
        0.748031 0.255716 -0.147638,
        0.748031 -0.000000 -0.295276,
        0.748031 0.051274 -0.290790,
        0.748031 0.025474 -0.095071,
        0.748031 0.100990 -0.277468,
        0.748031 0.147638 -0.255716,
        0.748031 -0.085239 -0.049213,
        0.748031 -0.226194 -0.189800,
        0.748031 -0.069597 -0.069597,
        0.748031 -0.189800 -0.226194,
        0.748031 -0.147638 -0.255716,
        0.748031 -0.098425 -0.000000,
        0.748031 -0.290790 -0.051274,
        0.748031 -0.095071 -0.025474,
        0.748031 -0.277468 -0.100990,
        0.748031 -0.255716 -0.147638,
        0.748031 0.069597 0.069597,
        0.748031 0.189800 0.226194,
        0.748031 0.049213 0.085239,
        0.748031 0.147638 0.255716,
        0.748031 0.025474 0.095071,
        0.748031 0.290790 0.051274,
        0.748031 0.277468 0.100990,
        0.748031 0.085239 0.049213,
        0.748031 0.255716 0.147638,
        0.748031 0.226194 0.189800,
        0.748031 -0.085239 0.049213,
        0.748031 -0.277468 0.100990,
        0.748031 -0.095071 0.025474,
        0.748031 -0.290790 0.051274,
        0.748031 -0.295276 0.000000,
        0.748031 -0.025474 0.095071,
        0.748031 -0.100990 0.277468,
        0.748031 -0.049213 0.085239,
        0.748031 -0.147638 0.255716,
        0.748031 -0.069597 0.069597,
        0.748031 -0.189800 0.226194,
        0.748031 -0.226194 0.189800,
        0.748031 -0.255716 0.147638,
        0.748031 0.100990 0.277468,
        0.748031 0.051274 0.290790,
        0.748031 0.000000 0.098425,
        0.748031 -0.000000 0.295276,
        0.748031 -0.051274 0.290790,
      ]
    }
    coordIndex [
      0, 1, 2, -1,
      3, 4, 5, -1,
      5, 4, 6, -1,
      2, 7, 0, -1,
      0, 7, 6, -1,
      0, 6, 8, -1,
      8, 6, 4, -1,
      9, 10, 11, -1,
      12, 13, 14, -1,
      14, 13, 15, -1,
      15, 16, 14, -1,
      14, 16, 17, -1,
      14, 17, 18, -1,
      19, 20, 21, -1,
      21, 20, 22, -1,
      23, 24, 25, -1,
      20, 23, 22, -1,
      22, 23, 25, -1,
      22, 25, 26, -1,
      26, 25, 14, -1,
      26, 14, 27, -1,
      27, 14, 18, -1,
      28, 29, 30, -1,
      31, 32, 33, -1,
      33, 32, 34, -1,
      33, 34, 30, -1,
      35, 36, 24, -1,
      24, 36, 37, -1,
      24, 37, 38, -1,
      39, 40, 33, -1,
      33, 40, 41, -1,
      33, 41, 31, -1,
      38, 42, 24, -1,
      24, 42, 40, -1,
      24, 40, 25, -1,
      25, 40, 39, -1,
      25, 39, 43, -1,
      43, 39, 44, -1,
      45, 46, 47, -1,
      48, 49, 50, -1,
      50, 49, 51, -1,
      50, 51, 52, -1,
      52, 51, 53, -1,
      53, 51, 54, -1,
      53, 54, 44, -1,
      44, 54, 55, -1,
      44, 55, 43, -1,
      56, 57, 58, -1,
      58, 57, 59, -1,
      34, 60, 30, -1,
      30, 60, 61, -1,
      30, 61, 28, -1,
      28, 61, 62, -1,
      28, 62, 63, -1,
      63, 62, 64, -1,
      63, 64, 65, -1,
      65, 64, 66, -1,
      65, 66, 67, -1,
      66, 68, 67, -1,
      67, 68, 69, -1,
      67, 69, 70, -1,
      70, 71, 67, -1,
      67, 71, 72, -1,
      67, 72, 58, -1,
      73, 74, 75, -1,
      75, 74, 76, -1,
      76, 77, 75, -1,
      75, 77, 78, -1,
      75, 78, 79, -1,
      79, 78, 80, -1,
      79, 80, 81, -1,
      81, 80, 82, -1,
      81, 82, 83, -1,
      83, 82, 84, -1,
      83, 84, 12, -1,
      12, 84, 85, -1,
      12, 85, 13, -1,
      75, 86, 59, -1,
      86, 87, 59, -1,
      59, 87, 88, -1,
      59, 88, 89, -1,
      89, 88, 90, -1,
      89, 90, 91, -1,
      91, 90, 92, -1,
      91, 92, 93, -1,
      93, 92, 94, -1,
      93, 94, 95, -1,
      95, 94, 9, -1,
      95, 9, 96, -1,
      96, 9, 11, -1,
      97, 98, 99, -1,
      99, 98, 100, -1,
      73, 75, 101, -1,
      101, 75, 59, -1,
      101, 59, 102, -1,
      102, 59, 57, -1,
      102, 57, 103, -1,
      103, 57, 100, -1,
      103, 100, 104, -1,
      104, 100, 98, -1,
      104, 98, 105, -1,
      105, 98, 45, -1,
      105, 45, 21, -1,
      21, 45, 47, -1,
      21, 47, 19, -1,
      58, 106, 56, -1,
      56, 106, 107, -1,
      56, 107, 108, -1,
      108, 107, 109, -1,
      108, 109, 110, -1,
      110, 109, 111, -1,
      112, 113, 35, -1,
      111, 109, 35, -1,
      35, 109, 114, -1,
      35, 114, 112, -1,
      113, 115, 35, -1,
      35, 115, 116, -1,
      35, 116, 117, -1,
      117, 118, 35, -1,
      35, 118, 119, -1,
      35, 119, 120, -1,
      0, 36, 1, -1,
      1, 36, 35, -1,
      1, 35, 121, -1,
      121, 35, 120, -1,
      122, 123, 59, -1,
      59, 123, 49, -1,
      59, 49, 58, -1,
      58, 49, 48, -1,
      58, 48, 67, -1,
      124, 125, 126, -1,
      126, 125, 127, -1,
      126, 127, 128, -1,
      128, 127, 129, -1,
      128, 129, 130, -1,
      130, 129, 131, -1,
      130, 131, 132, -1,
      132, 131, 133, -1,
      132, 133, 134, -1,
      134, 133, 135, -1,
      134, 135, 122, -1,
      122, 135, 136, -1,
      122, 136, 123, -1,
      96, 14, 95, -1,
      95, 14, 25, -1,
      95, 25, 137, -1,
      137, 25, 138, -1,
      137, 138, 139, -1,
      139, 138, 140, -1,
      139, 140, 141, -1,
      141, 140, 142, -1,
      141, 142, 143, -1,
      142, 144, 143, -1,
      143, 144, 145, -1,
      143, 145, 146, -1,
      146, 145, 147, -1,
      146, 147, 148, -1,
      148, 147, 149, -1,
      148, 149, 150, -1,
      150, 149, 151, -1,
      150, 151, 152, -1,
      152, 151, 153, -1,
      152, 153, 154, -1,
      154, 153, 155, -1,
      154, 155, 156, -1,
      156, 155, 157, -1,
      156, 157, 158, -1,
      158, 157, 159, -1,
      158, 159, 160, -1,
      160, 159, 161, -1,
      160, 161, 162, -1,
      162, 161, 163, -1,
      162, 163, 164, -1,
      164, 163, 165, -1,
      164, 165, 166, -1,
      165, 167, 166, -1,
      166, 167, 168, -1,
      166, 168, 169, -1,
      169, 168, 170, -1,
      169, 170, 171, -1,
      171, 170, 172, -1,
      171, 172, 173, -1,
      173, 172, 174, -1,
      173, 174, 175, -1,
      175, 174, 176, -1,
      175, 176, 177, -1,
      177, 176, 178, -1,
      177, 178, 179, -1,
      178, 180, 179, -1,
      179, 180, 181, -1,
      179, 181, 182, -1,
      182, 181, 183, -1,
      182, 183, 184, -1,
      184, 183, 185, -1,
      184, 185, 186, -1,
      186, 185, 187, -1,
      186, 187, 188, -1,
      187, 189, 188, -1,
      188, 189, 190, -1,
      188, 190, 191, -1,
      191, 190, 192, -1,
      191, 192, 193, -1,
      193, 192, 194, -1,
      193, 194, 195, -1,
      195, 194, 196, -1,
      195, 196, 197, -1,
      197, 196, 198, -1,
      197, 198, 199, -1,
      198, 200, 199, -1,
      199, 200, 201, -1,
      199, 201, 202, -1,
      202, 201, 203, -1,
      202, 203, 204, -1,
      204, 203, 205, -1,
      204, 205, 206, -1,
      206, 205, 207, -1,
      206, 207, 208, -1,
      208, 207, 209, -1,
      208, 209, 210, -1,
      210, 209, 211, -1,
      210, 211, 212, -1,
      212, 211, 213, -1,
      212, 213, 214, -1,
      214, 213, 215, -1,
      214, 215, 216, -1,
      216, 215, 217, -1,
      216, 217, 218, -1,
      218, 217, 219, -1,
      218, 219, 220, -1,
      220, 219, 221, -1,
      220, 221, 124, -1,
      124, 221, 222, -1,
      124, 222, 125, -1,
      223, 224, 225, -1,
      225, 224, 226, -1,
      225, 226, 227, -1,
      228, 229, 230, -1,
      230, 229, 231, -1,
      230, 231, 232, -1,
      232, 231, 233, -1,
      232, 233, 234, -1,
      235, 236, 237, -1,
      237, 236, 238, -1,
      237, 238, 228, -1,
      228, 238, 239, -1,
      228, 239, 229, -1,
      226, 240, 227, -1,
      227, 240, 241, -1,
      227, 241, 242, -1,
      242, 241, 243, -1,
      242, 243, 235, -1,
      235, 243, 244, -1,
      235, 244, 236, -1,
      245, 246, 247, -1,
      247, 246, 248, -1,
      247, 248, 223, -1,
      223, 248, 249, -1,
      223, 249, 224, -1,
      250, 251, 252, -1,
      252, 251, 253, -1,
      252, 253, 245, -1,
      245, 253, 254, -1,
      245, 254, 246, -1,
      255, 256, 257, -1,
      257, 256, 258, -1,
      257, 258, 259, -1,
      233, 260, 234, -1,
      234, 260, 261, -1,
      234, 261, 262, -1,
      262, 261, 263, -1,
      262, 263, 255, -1,
      255, 263, 264, -1,
      255, 264, 256, -1,
      265, 266, 267, -1,
      267, 266, 268, -1,
      267, 268, 250, -1,
      250, 268, 269, -1,
      250, 269, 251, -1,
      270, 271, 272, -1,
      272, 271, 273, -1,
      272, 273, 274, -1,
      273, 275, 274, -1,
      274, 275, 276, -1,
      274, 276, 265, -1,
      265, 276, 277, -1,
      265, 277, 266, -1,
      258, 278, 259, -1,
      259, 278, 279, -1,
      259, 279, 280, -1,
      280, 279, 281, -1,
      280, 281, 270, -1,
      270, 281, 282, -1,
      270, 282, 271, -1,
    ]
  }
}

Shape {
  appearance Appearance {
    material Material {
      diffuseColor 0.5020 0.2510 0.0000
      specularColor 0.4431 0.2196 0.0000
      ambientIntensity 0.2
      transparency 0.0000
      shininess 0.5
    }
  }
  geometry IndexedFaceSet {
    ccw TRUE
    solid FALSE
    coord DEF co Coordinate {
      point [
        0.708661 -0.118514 -0.312572,
        0.708661 -0.114456 -0.314464,
        0.708661 0.040243 -0.331125,
        0.708661 -0.000000 -0.334646,
        0.708661 -0.040243 -0.331125,
        0.708661 -0.058111 -0.329562,
        0.708661 0.058111 -0.329562,
        0.708661 0.256354 -0.215106,
        0.708661 0.250017 -0.221443,
        0.708661 0.215106 -0.256354,
        0.708661 0.189374 -0.274371,
        0.708661 0.167323 -0.289812,
        0.708661 0.118514 -0.312572,
        0.708661 0.114456 -0.314464,
        0.708661 -0.167323 -0.289812,
        0.708661 -0.189374 -0.274371,
        0.708661 -0.215106 -0.256354,
        0.708661 -0.250017 -0.221443,
        0.708661 -0.256354 -0.215106,
        0.708661 -0.289812 -0.167323,
        0.708661 -0.295494 -0.155135,
        0.708661 -0.314464 -0.114456,
        0.708661 -0.323757 -0.079774,
        0.708661 -0.329562 -0.058111,
        0.708661 -0.334646 0.000000,
        0.708661 -0.329562 0.058111,
        0.708661 -0.323757 0.079774,
        0.708661 -0.314464 0.114456,
        0.708661 -0.295494 0.155135,
        0.708661 -0.289812 0.167323,
        0.708661 -0.256354 0.215106,
        0.708661 -0.250017 0.221443,
        0.708661 -0.215106 0.256354,
        0.708661 -0.189374 0.274371,
        0.708661 -0.167323 0.289812,
        0.708661 -0.118514 0.312572,
        0.708661 -0.114456 0.314464,
        0.708661 -0.058111 0.329562,
        0.708661 -0.040243 0.331125,
        0.708661 -0.000000 0.334646,
        0.708661 0.040243 0.331125,
        0.708661 0.058111 0.329562,
        0.708661 0.114456 0.314464,
        0.708661 0.118514 0.312572,
        0.708661 0.167323 0.289812,
        0.708661 0.189374 0.274371,
        0.708661 0.215106 0.256354,
        0.708661 0.250017 0.221443,
        0.708661 0.256354 0.215106,
        0.708661 0.289812 0.167323,
        0.708661 0.295494 0.155135,
        0.708661 0.314464 0.114456,
        0.708661 0.323757 0.079774,
        0.708661 0.329562 0.058111,
        0.708661 0.334646 0.000000,
        0.708661 0.329562 -0.058111,
        0.708661 0.323757 -0.079774,
        0.708661 0.314464 -0.114456,
        0.708661 0.295494 -0.155135,
        0.708661 0.289812 -0.167323,
        0.748031 -0.100990 -0.277468,
        0.748031 -0.051274 -0.290790,
        0.748031 0.277468 -0.100990,
        0.748031 0.290790 -0.051274,
        0.748031 0.295276 -0.000000,
        0.748031 0.189800 -0.226194,
        0.748031 0.226194 -0.189800,
        0.748031 0.255716 -0.147638,
        0.748031 -0.000000 -0.295276,
        0.748031 0.051274 -0.290790,
        0.748031 0.100990 -0.277468,
        0.748031 0.147638 -0.255716,
        0.748031 -0.226194 -0.189800,
        0.748031 -0.189800 -0.226194,
        0.748031 -0.147638 -0.255716,
        0.748031 -0.290790 -0.051274,
        0.748031 -0.277468 -0.100990,
        0.748031 -0.255716 -0.147638,
        0.748031 0.189800 0.226194,
        0.748031 0.147638 0.255716,
        0.748031 0.290790 0.051274,
        0.748031 0.277468 0.100990,
        0.748031 0.255716 0.147638,
        0.748031 0.226194 0.189800,
        0.748031 -0.277468 0.100990,
        0.748031 -0.290790 0.051274,
        0.748031 -0.295276 0.000000,
        0.748031 -0.100990 0.277468,
        0.748031 -0.147638 0.255716,
        0.748031 -0.189800 0.226194,
        0.748031 -0.226194 0.189800,
        0.748031 -0.255716 0.147638,
        0.748031 0.100990 0.277468,
        0.748031 0.051274 0.290790,
        0.748031 -0.000000 0.295276,
        0.748031 -0.051274 0.290790,
        0.718851 0.313204 0.113997,
        0.718851 0.214244 0.255326,
        0.718851 0.113997 0.313204,
        0.718851 -0.000000 0.333304,
        0.718851 -0.166652 0.288650,
        0.718851 -0.214244 0.255326,
        0.718851 -0.313204 0.113997,
        0.718851 -0.313204 -0.113997,
        0.718851 -0.214244 -0.255326,
        0.718851 -0.113997 -0.313204,
        0.718851 -0.000000 -0.333304,
        0.718851 0.166652 -0.288650,
        0.718851 0.214244 -0.255326,
        0.718851 0.313204 -0.113997,
        0.746690 0.300825 -0.053043,
        0.746690 0.287043 -0.104475,
        0.742757 0.310176 -0.054693,
        0.742757 0.295966 -0.107723,
        0.736500 0.318206 -0.056108,
        0.736500 0.303628 -0.110512,
        0.728346 0.324367 -0.057195,
        0.728346 0.309507 -0.112652,
        0.718851 0.328241 -0.057878,
        0.746690 0.234000 -0.196349,
        0.746690 0.196349 -0.234000,
        0.742757 0.241274 -0.202453,
        0.742757 0.202453 -0.241274,
        0.736500 0.247520 -0.207694,
        0.736500 0.207694 -0.247520,
        0.728346 0.252313 -0.211716,
        0.728346 0.211716 -0.252313,
        0.718851 0.255326 -0.214244,
        0.746690 0.053043 -0.300825,
        0.746690 -0.000000 -0.305465,
        0.742757 0.054693 -0.310176,
        0.742757 -0.000000 -0.314961,
        0.736500 0.056108 -0.318206,
        0.736500 -0.000000 -0.323115,
        0.728346 0.057195 -0.324367,
        0.728346 -0.000000 -0.329371,
        0.718851 0.057878 -0.328241,
        0.746690 -0.152733 -0.264541,
        0.746690 -0.196349 -0.234000,
        0.742757 -0.157480 -0.272764,
        0.742757 -0.202453 -0.241274,
        0.736500 -0.161557 -0.279825,
        0.736500 -0.207694 -0.247520,
        0.728346 -0.164685 -0.285244,
        0.728346 -0.211716 -0.252313,
        0.718851 -0.166652 -0.288650,
        0.746690 -0.264541 -0.152733,
        0.746690 -0.287043 -0.104475,
        0.742757 -0.272764 -0.157480,
        0.742757 -0.295966 -0.107723,
        0.736500 -0.279825 -0.161557,
        0.736500 -0.303628 -0.110512,
        0.728346 -0.285244 -0.164685,
        0.728346 -0.309507 -0.112652,
        0.718851 -0.288650 -0.166652,
        0.746690 -0.300825 0.053043,
        0.746690 -0.287043 0.104475,
        0.742757 -0.310176 0.054693,
        0.742757 -0.295966 0.107723,
        0.736500 -0.318206 0.056108,
        0.736500 -0.303628 0.110512,
        0.728346 -0.324367 0.057195,
        0.728346 -0.309507 0.112652,
        0.718851 -0.328241 0.057878,
        0.746690 -0.234000 0.196349,
        0.746690 -0.196349 0.234000,
        0.742757 -0.241274 0.202453,
        0.742757 -0.202453 0.241274,
        0.736500 -0.247520 0.207694,
        0.736500 -0.207694 0.247520,
        0.728346 -0.252313 0.211716,
        0.728346 -0.211716 0.252313,
        0.718851 -0.255326 0.214244,
        0.746690 -0.053043 0.300825,
        0.746690 -0.000000 0.305465,
        0.742757 -0.054693 0.310176,
        0.742757 -0.000000 0.314961,
        0.736500 -0.056108 0.318206,
        0.736500 -0.000000 0.323115,
        0.728346 -0.057195 0.324367,
        0.728346 -0.000000 0.329371,
        0.718851 -0.057878 0.328241,
        0.746690 0.152733 0.264541,
        0.746690 0.196349 0.234000,
        0.742757 0.157480 0.272764,
        0.742757 0.202453 0.241274,
        0.736500 0.161557 0.279825,
        0.736500 0.207694 0.247520,
        0.728346 0.164685 0.285244,
        0.728346 0.211716 0.252313,
        0.718851 0.166652 0.288650,
        0.746690 0.264541 0.152733,
        0.746690 0.287043 0.104475,
        0.742757 0.272764 0.157480,
        0.742757 0.295966 0.107723,
        0.736500 0.279825 0.161557,
        0.736500 0.303628 0.110512,
        0.728346 0.285244 0.164685,
        0.728346 0.309507 0.112652,
        0.718851 0.288650 0.166652,
        0.746690 0.305465 0.000000,
        0.742757 0.314961 0.000000,
        0.736500 0.323115 0.000000,
        0.728346 0.329371 0.000000,
        0.718851 0.333304 0.000000,
        0.718851 0.288650 -0.166652,
        0.728346 0.285244 -0.164685,
        0.736500 0.279825 -0.161557,
        0.742757 0.272764 -0.157480,
        0.746690 0.264541 -0.152733,
        0.728346 0.164685 -0.285244,
        0.736500 0.161557 -0.279825,
        0.742757 0.157480 -0.272764,
        0.746690 0.152733 -0.264541,
        0.718851 0.113997 -0.313204,
        0.728346 0.112652 -0.309507,
        0.736500 0.110512 -0.303628,
        0.742757 0.107723 -0.295966,
        0.746690 0.104475 -0.287043,
        0.718851 -0.057878 -0.328241,
        0.728346 -0.057195 -0.324367,
        0.736500 -0.056108 -0.318206,
        0.742757 -0.054693 -0.310176,
        0.746690 -0.053043 -0.300825,
        0.746690 -0.104475 -0.287043,
        0.742757 -0.107723 -0.295966,
        0.736500 -0.110512 -0.303628,
        0.728346 -0.112652 -0.309507,
        0.718851 -0.255326 -0.214244,
        0.728346 -0.252313 -0.211716,
        0.736500 -0.247520 -0.207694,
        0.742757 -0.241274 -0.202453,
        0.746690 -0.234000 -0.196349,
        0.718851 -0.328241 -0.057878,
        0.728346 -0.324367 -0.057195,
        0.736500 -0.318206 -0.056108,
        0.742757 -0.310176 -0.054693,
        0.746690 -0.300825 -0.053043,
        0.746690 -0.305465 0.000000,
        0.742757 -0.314961 0.000000,
        0.736500 -0.323115 0.000000,
        0.728346 -0.329371 0.000000,
        0.718851 -0.333304 0.000000,
        0.718851 -0.288650 0.166652,
        0.728346 -0.285244 0.164685,
        0.736500 -0.279825 0.161557,
        0.742757 -0.272764 0.157480,
        0.746690 -0.264541 0.152733,
        0.728346 -0.164685 0.285244,
        0.736500 -0.161557 0.279825,
        0.742757 -0.157480 0.272764,
        0.746690 -0.152733 0.264541,
        0.718851 -0.113997 0.313204,
        0.728346 -0.112652 0.309507,
        0.736500 -0.110512 0.303628,
        0.742757 -0.107723 0.295966,
        0.746690 -0.104475 0.287043,
        0.718851 0.057878 0.328241,
        0.728346 0.057195 0.324367,
        0.736500 0.056108 0.318206,
        0.742757 0.054693 0.310176,
        0.746690 0.053043 0.300825,
        0.746690 0.104475 0.287043,
        0.742757 0.107723 0.295966,
        0.736500 0.110512 0.303628,
        0.728346 0.112652 0.309507,
        0.718851 0.255326 0.214244,
        0.728346 0.252313 0.211716,
        0.736500 0.247520 0.207694,
        0.742757 0.241274 0.202453,
        0.746690 0.234000 0.196349,
        0.718851 0.328241 0.057878,
        0.728346 0.324367 0.057195,
        0.736500 0.318206 0.056108,
        0.742757 0.310176 0.054693,
        0.746690 0.300825 0.053043,
      ]
    }
    coordIndex [
      52, 51, 96, -1,
      47, 46, 97, -1,
      43, 42, 98, -1,
      40, 39, 99, -1,
      35, 34, 100, -1,
      33, 32, 101, -1,
      28, 27, 102, -1,
      22, 21, 103, -1,
      17, 16, 104, -1,
      0, 1, 105, -1,
      4, 3, 106, -1,
      12, 11, 107, -1,
      10, 9, 108, -1,
      58, 57, 109, -1,
      63, 62, 110, -1,
      110, 62, 111, -1,
      110, 111, 112, -1,
      112, 111, 113, -1,
      112, 113, 114, -1,
      114, 113, 115, -1,
      114, 115, 116, -1,
      116, 115, 117, -1,
      116, 117, 118, -1,
      118, 117, 109, -1,
      66, 65, 119, -1,
      119, 65, 120, -1,
      119, 120, 121, -1,
      121, 120, 122, -1,
      121, 122, 123, -1,
      123, 122, 124, -1,
      123, 124, 125, -1,
      125, 124, 126, -1,
      125, 126, 127, -1,
      127, 126, 108, -1,
      69, 68, 128, -1,
      128, 68, 129, -1,
      128, 129, 130, -1,
      130, 129, 131, -1,
      130, 131, 132, -1,
      132, 131, 133, -1,
      132, 133, 134, -1,
      134, 133, 135, -1,
      134, 135, 136, -1,
      136, 135, 106, -1,
      74, 73, 137, -1,
      137, 73, 138, -1,
      137, 138, 139, -1,
      139, 138, 140, -1,
      139, 140, 141, -1,
      141, 140, 142, -1,
      141, 142, 143, -1,
      143, 142, 144, -1,
      143, 144, 145, -1,
      145, 144, 104, -1,
      77, 76, 146, -1,
      146, 76, 147, -1,
      146, 147, 148, -1,
      148, 147, 149, -1,
      148, 149, 150, -1,
      150, 149, 151, -1,
      150, 151, 152, -1,
      152, 151, 153, -1,
      152, 153, 154, -1,
      154, 153, 103, -1,
      85, 84, 155, -1,
      155, 84, 156, -1,
      155, 156, 157, -1,
      157, 156, 158, -1,
      157, 158, 159, -1,
      159, 158, 160, -1,
      159, 160, 161, -1,
      161, 160, 162, -1,
      161, 162, 163, -1,
      163, 162, 102, -1,
      90, 89, 164, -1,
      164, 89, 165, -1,
      164, 165, 166, -1,
      166, 165, 167, -1,
      166, 167, 168, -1,
      168, 167, 169, -1,
      168, 169, 170, -1,
      170, 169, 171, -1,
      170, 171, 172, -1,
      172, 171, 101, -1,
      95, 94, 173, -1,
      173, 94, 174, -1,
      173, 174, 175, -1,
      175, 174, 176, -1,
      175, 176, 177, -1,
      177, 176, 178, -1,
      177, 178, 179, -1,
      179, 178, 180, -1,
      179, 180, 181, -1,
      181, 180, 99, -1,
      79, 78, 182, -1,
      182, 78, 183, -1,
      182, 183, 184, -1,
      184, 183, 185, -1,
      184, 185, 186, -1,
      186, 185, 187, -1,
      186, 187, 188, -1,
      188, 187, 189, -1,
      188, 189, 190, -1,
      190, 189, 97, -1,
      82, 81, 191, -1,
      191, 81, 192, -1,
      191, 192, 193, -1,
      193, 192, 194, -1,
      193, 194, 195, -1,
      195, 194, 196, -1,
      195, 196, 197, -1,
      197, 196, 198, -1,
      197, 198, 199, -1,
      199, 198, 96, -1,
      64, 63, 200, -1,
      200, 63, 110, -1,
      200, 110, 201, -1,
      201, 110, 112, -1,
      201, 112, 202, -1,
      202, 112, 114, -1,
      202, 114, 203, -1,
      203, 114, 116, -1,
      203, 116, 204, -1,
      204, 116, 118, -1,
      204, 118, 54, -1,
      54, 118, 55, -1,
      109, 57, 118, -1,
      118, 57, 56, -1,
      118, 56, 55, -1,
      59, 58, 205, -1,
      205, 58, 109, -1,
      205, 109, 206, -1,
      206, 109, 117, -1,
      206, 117, 207, -1,
      207, 117, 115, -1,
      207, 115, 208, -1,
      208, 115, 113, -1,
      208, 113, 209, -1,
      209, 113, 111, -1,
      209, 111, 67, -1,
      67, 111, 62, -1,
      67, 66, 209, -1,
      209, 66, 119, -1,
      209, 119, 208, -1,
      208, 119, 121, -1,
      208, 121, 207, -1,
      207, 121, 123, -1,
      207, 123, 206, -1,
      206, 123, 125, -1,
      206, 125, 205, -1,
      205, 125, 127, -1,
      205, 127, 59, -1,
      59, 127, 7, -1,
      108, 9, 127, -1,
      127, 9, 8, -1,
      127, 8, 7, -1,
      11, 10, 107, -1,
      107, 10, 108, -1,
      107, 108, 210, -1,
      210, 108, 126, -1,
      210, 126, 211, -1,
      211, 126, 124, -1,
      211, 124, 212, -1,
      212, 124, 122, -1,
      212, 122, 213, -1,
      213, 122, 120, -1,
      213, 120, 71, -1,
      71, 120, 65, -1,
      13, 12, 214, -1,
      214, 12, 107, -1,
      214, 107, 215, -1,
      215, 107, 210, -1,
      215, 210, 216, -1,
      216, 210, 211, -1,
      216, 211, 217, -1,
      217, 211, 212, -1,
      217, 212, 218, -1,
      218, 212, 213, -1,
      218, 213, 70, -1,
      70, 213, 71, -1,
      70, 69, 218, -1,
      218, 69, 128, -1,
      218, 128, 217, -1,
      217, 128, 130, -1,
      217, 130, 216, -1,
      216, 130, 132, -1,
      216, 132, 215, -1,
      215, 132, 134, -1,
      215, 134, 214, -1,
      214, 134, 136, -1,
      214, 136, 13, -1,
      13, 136, 6, -1,
      106, 3, 136, -1,
      136, 3, 2, -1,
      136, 2, 6, -1,
      5, 4, 219, -1,
      219, 4, 106, -1,
      219, 106, 220, -1,
      220, 106, 135, -1,
      220, 135, 221, -1,
      221, 135, 133, -1,
      221, 133, 222, -1,
      222, 133, 131, -1,
      222, 131, 223, -1,
      223, 131, 129, -1,
      223, 129, 61, -1,
      61, 129, 68, -1,
      61, 60, 223, -1,
      223, 60, 224, -1,
      223, 224, 222, -1,
      222, 224, 225, -1,
      222, 225, 221, -1,
      221, 225, 226, -1,
      221, 226, 220, -1,
      220, 226, 227, -1,
      220, 227, 219, -1,
      219, 227, 105, -1,
      219, 105, 5, -1,
      5, 105, 1, -1,
      14, 0, 145, -1,
      145, 0, 105, -1,
      145, 105, 143, -1,
      143, 105, 227, -1,
      143, 227, 141, -1,
      141, 227, 226, -1,
      141, 226, 139, -1,
      139, 226, 225, -1,
      139, 225, 137, -1,
      137, 225, 224, -1,
      137, 224, 74, -1,
      74, 224, 60, -1,
      104, 16, 145, -1,
      145, 16, 15, -1,
      145, 15, 14, -1,
      18, 17, 228, -1,
      228, 17, 104, -1,
      228, 104, 229, -1,
      229, 104, 144, -1,
      229, 144, 230, -1,
      230, 144, 142, -1,
      230, 142, 231, -1,
      231, 142, 140, -1,
      231, 140, 232, -1,
      232, 140, 138, -1,
      232, 138, 72, -1,
      72, 138, 73, -1,
      72, 77, 232, -1,
      232, 77, 146, -1,
      232, 146, 231, -1,
      231, 146, 148, -1,
      231, 148, 230, -1,
      230, 148, 150, -1,
      230, 150, 229, -1,
      229, 150, 152, -1,
      229, 152, 228, -1,
      228, 152, 154, -1,
      228, 154, 18, -1,
      18, 154, 19, -1,
      103, 21, 154, -1,
      154, 21, 20, -1,
      154, 20, 19, -1,
      23, 22, 233, -1,
      233, 22, 103, -1,
      233, 103, 234, -1,
      234, 103, 153, -1,
      234, 153, 235, -1,
      235, 153, 151, -1,
      235, 151, 236, -1,
      236, 151, 149, -1,
      236, 149, 237, -1,
      237, 149, 147, -1,
      237, 147, 75, -1,
      75, 147, 76, -1,
      75, 86, 237, -1,
      237, 86, 238, -1,
      237, 238, 236, -1,
      236, 238, 239, -1,
      236, 239, 235, -1,
      235, 239, 240, -1,
      235, 240, 234, -1,
      234, 240, 241, -1,
      234, 241, 233, -1,
      233, 241, 242, -1,
      233, 242, 23, -1,
      23, 242, 24, -1,
      86, 85, 238, -1,
      238, 85, 155, -1,
      238, 155, 239, -1,
      239, 155, 157, -1,
      239, 157, 240, -1,
      240, 157, 159, -1,
      240, 159, 241, -1,
      241, 159, 161, -1,
      241, 161, 242, -1,
      242, 161, 163, -1,
      242, 163, 24, -1,
      24, 163, 25, -1,
      102, 27, 163, -1,
      163, 27, 26, -1,
      163, 26, 25, -1,
      29, 28, 243, -1,
      243, 28, 102, -1,
      243, 102, 244, -1,
      244, 102, 162, -1,
      244, 162, 245, -1,
      245, 162, 160, -1,
      245, 160, 246, -1,
      246, 160, 158, -1,
      246, 158, 247, -1,
      247, 158, 156, -1,
      247, 156, 91, -1,
      91, 156, 84, -1,
      91, 90, 247, -1,
      247, 90, 164, -1,
      247, 164, 246, -1,
      246, 164, 166, -1,
      246, 166, 245, -1,
      245, 166, 168, -1,
      245, 168, 244, -1,
      244, 168, 170, -1,
      244, 170, 243, -1,
      243, 170, 172, -1,
      243, 172, 29, -1,
      29, 172, 30, -1,
      101, 32, 172, -1,
      172, 32, 31, -1,
      172, 31, 30, -1,
      34, 33, 100, -1,
      100, 33, 101, -1,
      100, 101, 248, -1,
      248, 101, 171, -1,
      248, 171, 249, -1,
      249, 171, 169, -1,
      249, 169, 250, -1,
      250, 169, 167, -1,
      250, 167, 251, -1,
      251, 167, 165, -1,
      251, 165, 88, -1,
      88, 165, 89, -1,
      36, 35, 252, -1,
      252, 35, 100, -1,
      252, 100, 253, -1,
      253, 100, 248, -1,
      253, 248, 254, -1,
      254, 248, 249, -1,
      254, 249, 255, -1,
      255, 249, 250, -1,
      255, 250, 256, -1,
      256, 250, 251, -1,
      256, 251, 87, -1,
      87, 251, 88, -1,
      87, 95, 256, -1,
      256, 95, 173, -1,
      256, 173, 255, -1,
      255, 173, 175, -1,
      255, 175, 254, -1,
      254, 175, 177, -1,
      254, 177, 253, -1,
      253, 177, 179, -1,
      253, 179, 252, -1,
      252, 179, 181, -1,
      252, 181, 36, -1,
      36, 181, 37, -1,
      99, 39, 181, -1,
      181, 39, 38, -1,
      181, 38, 37, -1,
      41, 40, 257, -1,
      257, 40, 99, -1,
      257, 99, 258, -1,
      258, 99, 180, -1,
      258, 180, 259, -1,
      259, 180, 178, -1,
      259, 178, 260, -1,
      260, 178, 176, -1,
      260, 176, 261, -1,
      261, 176, 174, -1,
      261, 174, 93, -1,
      93, 174, 94, -1,
      93, 92, 261, -1,
      261, 92, 262, -1,
      261, 262, 260, -1,
      260, 262, 263, -1,
      260, 263, 259, -1,
      259, 263, 264, -1,
      259, 264, 258, -1,
      258, 264, 265, -1,
      258, 265, 257, -1,
      257, 265, 98, -1,
      257, 98, 41, -1,
      41, 98, 42, -1,
      44, 43, 190, -1,
      190, 43, 98, -1,
      190, 98, 188, -1,
      188, 98, 265, -1,
      188, 265, 186, -1,
      186, 265, 264, -1,
      186, 264, 184, -1,
      184, 264, 263, -1,
      184, 263, 182, -1,
      182, 263, 262, -1,
      182, 262, 79, -1,
      79, 262, 92, -1,
      97, 46, 190, -1,
      190, 46, 45, -1,
      190, 45, 44, -1,
      48, 47, 266, -1,
      266, 47, 97, -1,
      266, 97, 267, -1,
      267, 97, 189, -1,
      267, 189, 268, -1,
      268, 189, 187, -1,
      268, 187, 269, -1,
      269, 187, 185, -1,
      269, 185, 270, -1,
      270, 185, 183, -1,
      270, 183, 83, -1,
      83, 183, 78, -1,
      83, 82, 270, -1,
      270, 82, 191, -1,
      270, 191, 269, -1,
      269, 191, 193, -1,
      269, 193, 268, -1,
      268, 193, 195, -1,
      268, 195, 267, -1,
      267, 195, 197, -1,
      267, 197, 266, -1,
      266, 197, 199, -1,
      266, 199, 48, -1,
      48, 199, 49, -1,
      96, 51, 199, -1,
      199, 51, 50, -1,
      199, 50, 49, -1,
      53, 52, 271, -1,
      271, 52, 96, -1,
      271, 96, 272, -1,
      272, 96, 198, -1,
      272, 198, 273, -1,
      273, 198, 196, -1,
      273, 196, 274, -1,
      274, 196, 194, -1,
      274, 194, 275, -1,
      275, 194, 192, -1,
      275, 192, 80, -1,
      80, 192, 81, -1,
      80, 64, 275, -1,
      275, 64, 200, -1,
      275, 200, 274, -1,
      274, 200, 201, -1,
      274, 201, 273, -1,
      273, 201, 202, -1,
      273, 202, 272, -1,
      272, 202, 203, -1,
      272, 203, 271, -1,
      271, 203, 204, -1,
      271, 204, 53, -1,
      53, 204, 54, -1,
    ]
  }
}

Shape {
  appearance Appearance {
    material Material {
      diffuseColor 0.2510 0.2510 0.2510
      specularColor 0.1255 0.1255 0.1255
      ambientIntensity 0.2
      transparency 0.0000
      shininess 0.5
    }
  }
  geometry IndexedFaceSet {
    ccw TRUE
    solid FALSE
    coord DEF co Coordinate {
      point [
        -0.354331 0.040337 -0.332206,
        -0.354331 -0.000000 -0.334646,
        -0.354331 -0.040337 -0.332206,
        -0.354331 -0.080086 -0.324922,
        -0.354331 -0.118667 -0.312899,
        -0.354331 0.080086 -0.324922,
        -0.354331 0.275408 -0.190100,
        -0.354331 0.250486 -0.221911,
        -0.354331 0.221911 -0.250486,
        -0.354331 0.190100 -0.275408,
        -0.354331 0.155518 -0.296314,
        -0.354331 0.118667 -0.312899,
        -0.354331 -0.155518 -0.296314,
        -0.354331 -0.190100 -0.275408,
        -0.354331 -0.221911 -0.250486,
        -0.354331 -0.250486 -0.221911,
        -0.354331 -0.275408 -0.190100,
        -0.354331 -0.296314 -0.155518,
        -0.354331 -0.312899 -0.118667,
        -0.354331 -0.324922 -0.080086,
        -0.354331 -0.332206 -0.040337,
        -0.354331 -0.334646 0.000000,
        -0.354331 -0.332206 0.040337,
        -0.354331 -0.324922 0.080086,
        -0.354331 -0.312899 0.118667,
        -0.354331 -0.296314 0.155518,
        -0.354331 -0.275408 0.190100,
        -0.354331 -0.250486 0.221911,
        -0.354331 -0.221911 0.250486,
        -0.354331 -0.190100 0.275408,
        -0.354331 -0.155518 0.296314,
        -0.354331 -0.118667 0.312899,
        -0.354331 -0.080086 0.324922,
        -0.354331 -0.040337 0.332206,
        -0.354331 -0.000000 0.334646,
        -0.354331 0.040337 0.332206,
        -0.354331 0.080086 0.324922,
        -0.354331 0.118667 0.312899,
        -0.354331 0.155518 0.296314,
        -0.354331 0.190100 0.275408,
        -0.354331 0.221911 0.250486,
        -0.354331 0.250486 0.221911,
        -0.354331 0.275408 0.190100,
        -0.354331 0.296314 0.155518,
        -0.354331 0.312899 0.118667,
        -0.354331 0.324922 0.080086,
        -0.354331 0.332206 0.040337,
        -0.354331 0.334646 0.000000,
        -0.354331 0.332206 -0.040337,
        -0.354331 0.324922 -0.080086,
        -0.354331 0.312899 -0.118667,
        -0.354331 0.296314 -0.155518,
        -0.354331 -0.079992 0.324539,
        -0.354331 -0.000000 0.334252,
        -0.354331 0.040290 0.331815,
        -0.354331 0.079992 0.324539,
        -0.354331 0.118528 0.312531,
        -0.354331 0.155335 0.295965,
        -0.354331 0.189877 0.275084,
        -0.354331 0.221650 0.250191,
        -0.354331 0.250191 0.221650,
        -0.354331 0.275084 0.189877,
        -0.354331 0.295965 0.155335,
        -0.354331 0.312531 0.118528,
        -0.354331 0.324539 0.079992,
        -0.354331 0.331815 0.040290,
        -0.354331 0.334252 0.000000,
        -0.354331 0.331815 -0.040290,
        -0.354331 0.324539 -0.079992,
        -0.354331 0.312531 -0.118528,
        -0.354331 0.295965 -0.155335,
        -0.354331 0.275084 -0.189877,
        -0.354331 0.250191 -0.221650,
        -0.354331 0.221650 -0.250191,
        -0.354331 0.189877 -0.275084,
        -0.354331 0.155335 -0.295965,
        -0.354331 0.118528 -0.312531,
        -0.354331 0.079992 -0.324539,
        -0.354331 0.040290 -0.331815,
        -0.354331 -0.000000 -0.334252,
        -0.354331 -0.040290 -0.331815,
        -0.354331 -0.079992 -0.324539,
        -0.354331 -0.118528 -0.312531,
        -0.354331 -0.155335 -0.295965,
        -0.354331 -0.189877 -0.275084,
        -0.354331 -0.221650 -0.250191,
        -0.354331 -0.250191 -0.221650,
        -0.354331 -0.275084 -0.189877,
        -0.354331 -0.295965 -0.155335,
        -0.354331 -0.312531 -0.118528,
        -0.354331 -0.324539 -0.079992,
        -0.354331 -0.331815 -0.040290,
        -0.354331 -0.334252 -0.000000,
        -0.354331 -0.331815 0.040290,
        -0.354331 -0.324539 0.079992,
        -0.354331 -0.312531 0.118528,
        -0.354331 -0.295965 0.155335,
        -0.354331 -0.275084 0.189877,
        -0.354331 -0.250191 0.221650,
        -0.354331 -0.221650 0.250191,
        -0.354331 -0.189877 0.275084,
        -0.354331 -0.155335 0.295965,
        -0.354331 -0.118528 0.312531,
        -0.551181 0.040337 0.332206,
        -0.551181 -0.000000 0.334646,
        -0.551181 -0.000000 0.334252,
        -0.551181 -0.040337 0.332206,
        -0.551181 -0.079992 0.324539,
        -0.551181 -0.080086 0.324922,
        -0.551181 -0.118528 0.312531,
        -0.551181 -0.118667 0.312899,
        -0.551181 -0.155335 0.295965,
        -0.551181 -0.155518 0.296314,
        -0.551181 -0.189877 0.275084,
        -0.551181 -0.190100 0.275408,
        -0.551181 -0.221650 0.250191,
        -0.551181 -0.221911 0.250486,
        -0.551181 -0.250191 0.221650,
        -0.551181 -0.250486 0.221911,
        -0.551181 -0.275084 0.189877,
        -0.551181 -0.275408 0.190100,
        -0.551181 -0.295965 0.155335,
        -0.551181 -0.296314 0.155518,
        -0.551181 -0.312531 0.118528,
        -0.551181 -0.312899 0.118667,
        -0.551181 -0.324539 0.079992,
        -0.551181 -0.324922 0.080086,
        -0.551181 -0.331815 0.040290,
        -0.551181 -0.332206 0.040337,
        -0.551181 -0.334252 -0.000000,
        -0.551181 -0.334646 0.000000,
        -0.551181 -0.331815 -0.040290,
        -0.551181 -0.332206 -0.040337,
        -0.551181 -0.324539 -0.079992,
        -0.551181 -0.324922 -0.080086,
        -0.551181 -0.312531 -0.118528,
        -0.551181 -0.312899 -0.118667,
        -0.551181 -0.295965 -0.155335,
        -0.551181 -0.296314 -0.155518,
        -0.551181 -0.275084 -0.189877,
        -0.551181 -0.275408 -0.190100,
        -0.551181 -0.250191 -0.221650,
        -0.551181 -0.250486 -0.221911,
        -0.551181 -0.221650 -0.250191,
        -0.551181 -0.221911 -0.250486,
        -0.551181 -0.189877 -0.275084,
        -0.551181 -0.190100 -0.275408,
        -0.551181 -0.155335 -0.295965,
        -0.551181 -0.155518 -0.296314,
        -0.551181 -0.118528 -0.312531,
        -0.551181 -0.118667 -0.312899,
        -0.551181 -0.079992 -0.324539,
        -0.551181 -0.080086 -0.324922,
        -0.551181 -0.040290 -0.331815,
        -0.551181 -0.040337 -0.332206,
        -0.551181 -0.000000 -0.334252,
        -0.551181 -0.000000 -0.334646,
        -0.551181 0.040290 -0.331815,
        -0.551181 0.040337 -0.332206,
        -0.551181 0.079992 -0.324539,
        -0.551181 0.080086 -0.324922,
        -0.551181 0.118528 -0.312531,
        -0.551181 0.118667 -0.312899,
        -0.551181 0.155335 -0.295965,
        -0.551181 0.155518 -0.296314,
        -0.551181 0.189877 -0.275084,
        -0.551181 0.190100 -0.275408,
        -0.551181 0.221650 -0.250191,
        -0.551181 0.221911 -0.250486,
        -0.551181 0.250191 -0.221650,
        -0.551181 0.250486 -0.221911,
        -0.551181 0.275084 -0.189877,
        -0.551181 0.275408 -0.190100,
        -0.551181 0.295965 -0.155335,
        -0.551181 0.296314 -0.155518,
        -0.551181 0.312531 -0.118528,
        -0.551181 0.312899 -0.118667,
        -0.551181 0.324539 -0.079992,
        -0.551181 0.324922 -0.080086,
        -0.551181 0.331815 -0.040290,
        -0.551181 0.332206 -0.040337,
        -0.551181 0.334252 0.000000,
        -0.551181 0.334646 0.000000,
        -0.551181 0.331815 0.040290,
        -0.551181 0.332206 0.040337,
        -0.551181 0.324539 0.079992,
        -0.551181 0.324922 0.080086,
        -0.551181 0.312531 0.118528,
        -0.551181 0.312899 0.118667,
        -0.551181 0.295965 0.155335,
        -0.551181 0.296314 0.155518,
        -0.551181 0.275084 0.189877,
        -0.551181 0.275408 0.190100,
        -0.551181 0.250191 0.221650,
        -0.551181 0.250486 0.221911,
        -0.551181 0.221650 0.250191,
        -0.551181 0.221911 0.250486,
        -0.551181 0.189877 0.275084,
        -0.551181 0.190100 0.275408,
        -0.551181 0.155335 0.295965,
        -0.551181 0.155518 0.296314,
        -0.551181 0.118528 0.312531,
        -0.551181 0.118667 0.312899,
        -0.551181 0.079992 0.324539,
        -0.551181 0.080086 0.324922,
        -0.551181 0.040290 0.331815,
      ]
    }
    coordIndex [
      31, 32, 52, -1,
      52, 32, 33, -1,
      52, 33, 53, -1,
      53, 33, 34, -1,
      53, 34, 54, -1,
      54, 34, 35, -1,
      54, 35, 55, -1,
      55, 35, 36, -1,
      55, 36, 56, -1,
      56, 36, 37, -1,
      56, 37, 57, -1,
      57, 37, 38, -1,
      57, 38, 58, -1,
      58, 38, 39, -1,
      58, 39, 59, -1,
      59, 39, 40, -1,
      59, 40, 60, -1,
      60, 40, 41, -1,
      60, 41, 61, -1,
      61, 41, 42, -1,
      61, 42, 62, -1,
      62, 42, 43, -1,
      62, 43, 63, -1,
      63, 43, 44, -1,
      63, 44, 64, -1,
      64, 44, 45, -1,
      64, 45, 65, -1,
      65, 45, 46, -1,
      65, 46, 66, -1,
      66, 46, 47, -1,
      66, 47, 67, -1,
      67, 47, 48, -1,
      67, 48, 68, -1,
      68, 48, 49, -1,
      68, 49, 69, -1,
      69, 49, 50, -1,
      69, 50, 70, -1,
      70, 50, 51, -1,
      70, 51, 71, -1,
      71, 51, 6, -1,
      71, 6, 72, -1,
      72, 6, 7, -1,
      72, 7, 73, -1,
      73, 7, 8, -1,
      73, 8, 74, -1,
      74, 8, 9, -1,
      74, 9, 75, -1,
      75, 9, 10, -1,
      75, 10, 76, -1,
      76, 10, 11, -1,
      76, 11, 77, -1,
      77, 11, 5, -1,
      77, 5, 78, -1,
      78, 5, 0, -1,
      78, 0, 79, -1,
      79, 0, 1, -1,
      79, 1, 80, -1,
      80, 1, 2, -1,
      80, 2, 81, -1,
      81, 2, 3, -1,
      81, 3, 82, -1,
      82, 3, 4, -1,
      82, 4, 83, -1,
      83, 4, 12, -1,
      83, 12, 84, -1,
      84, 12, 13, -1,
      84, 13, 85, -1,
      85, 13, 14, -1,
      85, 14, 86, -1,
      86, 14, 15, -1,
      86, 15, 87, -1,
      87, 15, 16, -1,
      87, 16, 88, -1,
      88, 16, 17, -1,
      88, 17, 89, -1,
      89, 17, 18, -1,
      89, 18, 90, -1,
      90, 18, 19, -1,
      90, 19, 91, -1,
      91, 19, 20, -1,
      91, 20, 92, -1,
      92, 20, 21, -1,
      92, 21, 93, -1,
      93, 21, 22, -1,
      93, 22, 94, -1,
      94, 22, 23, -1,
      94, 23, 95, -1,
      95, 23, 24, -1,
      95, 24, 96, -1,
      96, 24, 25, -1,
      96, 25, 97, -1,
      97, 25, 26, -1,
      97, 26, 98, -1,
      98, 26, 27, -1,
      98, 27, 99, -1,
      99, 27, 28, -1,
      99, 28, 100, -1,
      100, 28, 29, -1,
      100, 29, 101, -1,
      101, 29, 30, -1,
      101, 30, 102, -1,
      102, 30, 31, -1,
      102, 31, 52, -1,
      103, 104, 105, -1,
      105, 104, 106, -1,
      105, 106, 107, -1,
      107, 106, 108, -1,
      107, 108, 109, -1,
      109, 108, 110, -1,
      109, 110, 111, -1,
      111, 110, 112, -1,
      111, 112, 113, -1,
      113, 112, 114, -1,
      113, 114, 115, -1,
      115, 114, 116, -1,
      115, 116, 117, -1,
      117, 116, 118, -1,
      117, 118, 119, -1,
      119, 118, 120, -1,
      119, 120, 121, -1,
      121, 120, 122, -1,
      121, 122, 123, -1,
      123, 122, 124, -1,
      123, 124, 125, -1,
      125, 124, 126, -1,
      125, 126, 127, -1,
      127, 126, 128, -1,
      127, 128, 129, -1,
      129, 128, 130, -1,
      129, 130, 131, -1,
      131, 130, 132, -1,
      131, 132, 133, -1,
      133, 132, 134, -1,
      133, 134, 135, -1,
      135, 134, 136, -1,
      135, 136, 137, -1,
      137, 136, 138, -1,
      137, 138, 139, -1,
      139, 138, 140, -1,
      139, 140, 141, -1,
      141, 140, 142, -1,
      141, 142, 143, -1,
      143, 142, 144, -1,
      143, 144, 145, -1,
      145, 144, 146, -1,
      145, 146, 147, -1,
      147, 146, 148, -1,
      147, 148, 149, -1,
      149, 148, 150, -1,
      149, 150, 151, -1,
      151, 150, 152, -1,
      151, 152, 153, -1,
      153, 152, 154, -1,
      153, 154, 155, -1,
      155, 154, 156, -1,
      155, 156, 157, -1,
      157, 156, 158, -1,
      157, 158, 159, -1,
      159, 158, 160, -1,
      159, 160, 161, -1,
      161, 160, 162, -1,
      161, 162, 163, -1,
      163, 162, 164, -1,
      163, 164, 165, -1,
      165, 164, 166, -1,
      165, 166, 167, -1,
      167, 166, 168, -1,
      167, 168, 169, -1,
      169, 168, 170, -1,
      169, 170, 171, -1,
      171, 170, 172, -1,
      171, 172, 173, -1,
      173, 172, 174, -1,
      173, 174, 175, -1,
      175, 174, 176, -1,
      175, 176, 177, -1,
      177, 176, 178, -1,
      177, 178, 179, -1,
      179, 178, 180, -1,
      179, 180, 181, -1,
      181, 180, 182, -1,
      181, 182, 183, -1,
      183, 182, 184, -1,
      183, 184, 185, -1,
      185, 184, 186, -1,
      185, 186, 187, -1,
      187, 186, 188, -1,
      187, 188, 189, -1,
      189, 188, 190, -1,
      189, 190, 191, -1,
      191, 190, 192, -1,
      191, 192, 193, -1,
      193, 192, 194, -1,
      193, 194, 195, -1,
      195, 194, 196, -1,
      195, 196, 197, -1,
      197, 196, 198, -1,
      197, 198, 199, -1,
      199, 198, 200, -1,
      199, 200, 201, -1,
      201, 200, 202, -1,
      201, 202, 203, -1,
      203, 202, 204, -1,
      203, 204, 205, -1,
      205, 204, 103, -1,
      205, 103, 105, -1,
      107, 52, 53, -1,
      52, 107, 102, -1,
      102, 107, 109, -1,
      102, 109, 101, -1,
      101, 109, 111, -1,
      101, 111, 100, -1,
      100, 111, 113, -1,
      100, 113, 99, -1,
      99, 113, 115, -1,
      99, 115, 98, -1,
      98, 115, 117, -1,
      98, 117, 97, -1,
      97, 117, 119, -1,
      97, 119, 96, -1,
      96, 119, 121, -1,
      96, 121, 95, -1,
      95, 121, 123, -1,
      95, 123, 94, -1,
      94, 123, 125, -1,
      94, 125, 93, -1,
      93, 125, 127, -1,
      93, 127, 92, -1,
      92, 127, 129, -1,
      92, 129, 91, -1,
      91, 129, 131, -1,
      91, 131, 90, -1,
      90, 131, 133, -1,
      90, 133, 89, -1,
      89, 133, 135, -1,
      89, 135, 88, -1,
      88, 135, 137, -1,
      88, 137, 87, -1,
      87, 137, 139, -1,
      87, 139, 86, -1,
      86, 139, 141, -1,
      86, 141, 85, -1,
      85, 141, 143, -1,
      85, 143, 84, -1,
      84, 143, 145, -1,
      84, 145, 83, -1,
      83, 145, 147, -1,
      83, 147, 82, -1,
      82, 147, 149, -1,
      82, 149, 81, -1,
      81, 149, 151, -1,
      81, 151, 80, -1,
      80, 151, 153, -1,
      80, 153, 79, -1,
      79, 153, 155, -1,
      79, 155, 78, -1,
      78, 155, 157, -1,
      78, 157, 77, -1,
      77, 157, 159, -1,
      77, 159, 76, -1,
      76, 159, 161, -1,
      76, 161, 75, -1,
      75, 161, 163, -1,
      75, 163, 74, -1,
      74, 163, 165, -1,
      74, 165, 73, -1,
      73, 165, 167, -1,
      73, 167, 72, -1,
      72, 167, 169, -1,
      72, 169, 71, -1,
      71, 169, 171, -1,
      71, 171, 70, -1,
      70, 171, 173, -1,
      70, 173, 69, -1,
      69, 173, 175, -1,
      69, 175, 68, -1,
      68, 175, 177, -1,
      68, 177, 67, -1,
      67, 177, 179, -1,
      67, 179, 66, -1,
      66, 179, 181, -1,
      66, 181, 65, -1,
      65, 181, 183, -1,
      65, 183, 64, -1,
      64, 183, 185, -1,
      64, 185, 63, -1,
      63, 185, 187, -1,
      63, 187, 62, -1,
      62, 187, 189, -1,
      62, 189, 61, -1,
      61, 189, 191, -1,
      61, 191, 60, -1,
      60, 191, 193, -1,
      60, 193, 59, -1,
      59, 193, 195, -1,
      59, 195, 58, -1,
      58, 195, 197, -1,
      58, 197, 57, -1,
      57, 197, 199, -1,
      57, 199, 56, -1,
      56, 199, 201, -1,
      56, 201, 55, -1,
      55, 201, 203, -1,
      55, 203, 54, -1,
      54, 203, 205, -1,
      54, 205, 53, -1,
      53, 205, 105, -1,
      53, 105, 107, -1,
    ]
  }
}

Shape {
  appearance Appearance {
    material Material {
      diffuseColor 0.7294 0.3569 0.0235
      specularColor 0.3647 0.1765 0.0118
      ambientIntensity 0.2
      transparency 0.0000
      shininess 0.5
    }
  }
  geometry IndexedFaceSet {
    ccw TRUE
    solid FALSE
    coord DEF co Coordinate {
      point [
        -0.748031 -0.049213 -0.085239,
        -0.748031 -0.189800 -0.226194,
        -0.748031 -0.069597 -0.069597,
        -0.748031 -0.226194 -0.189800,
        -0.748031 -0.085239 -0.049213,
        -0.748031 -0.255716 -0.147638,
        -0.748031 -0.277468 -0.100990,
        -0.748031 -0.095071 -0.025474,
        -0.748031 -0.290790 -0.051274,
        -0.748031 -0.098425 -0.000000,
        -0.748031 -0.295276 -0.000000,
        -0.748031 -0.095071 0.025474,
        -0.748031 0.085239 -0.049213,
        -0.748031 0.226194 -0.189800,
        -0.748031 0.069597 -0.069597,
        -0.748031 0.189800 -0.226194,
        -0.748031 0.049213 -0.085239,
        -0.748031 0.000000 -0.098425,
        -0.748031 -0.051274 -0.290790,
        -0.748031 -0.025474 -0.095071,
        -0.748031 -0.100990 -0.277468,
        -0.748031 -0.147638 -0.255716,
        -0.748031 0.098425 -0.000000,
        -0.748031 0.290790 -0.051274,
        -0.748031 0.095071 -0.025474,
        -0.748031 0.277468 -0.100990,
        -0.748031 0.255716 -0.147638,
        -0.748031 0.147638 -0.255716,
        -0.748031 0.100990 -0.277468,
        -0.748031 0.025474 -0.095071,
        -0.748031 0.051274 -0.290790,
        -0.748031 0.000000 -0.295276,
        -0.748031 0.085239 0.049213,
        -0.748031 0.277468 0.100990,
        -0.748031 0.095071 0.025474,
        -0.748031 0.290790 0.051274,
        -0.748031 0.295276 0.000000,
        -0.748031 -0.069597 0.069597,
        -0.748031 -0.189800 0.226194,
        -0.748031 -0.049213 0.085239,
        -0.748031 -0.147638 0.255716,
        -0.748031 -0.025474 0.095071,
        -0.748031 0.049213 0.085239,
        -0.748031 0.189800 0.226194,
        -0.748031 0.069597 0.069597,
        -0.748031 0.226194 0.189800,
        -0.748031 0.255716 0.147638,
        -0.748031 0.000000 0.098425,
        -0.748031 0.051274 0.290790,
        -0.748031 0.025474 0.095071,
        -0.748031 0.100990 0.277468,
        -0.748031 0.147638 0.255716,
        -0.748031 -0.100990 0.277468,
        -0.748031 -0.051274 0.290790,
        -0.748031 -0.000000 0.295276,
        -0.748031 -0.290790 0.051274,
        -0.748031 -0.277468 0.100990,
        -0.748031 -0.085239 0.049213,
        -0.748031 -0.255716 0.147638,
        -0.748031 -0.226194 0.189800,
      ]
    }
    coordIndex [
      0, 1, 2, -1,
      2, 1, 3, -1,
      2, 3, 4, -1,
      3, 5, 4, -1,
      4, 5, 6, -1,
      4, 6, 7, -1,
      7, 6, 8, -1,
      7, 8, 9, -1,
      9, 8, 10, -1,
      9, 10, 11, -1,
      12, 13, 14, -1,
      14, 13, 15, -1,
      14, 15, 16, -1,
      17, 18, 19, -1,
      19, 18, 20, -1,
      19, 20, 0, -1,
      0, 20, 21, -1,
      0, 21, 1, -1,
      22, 23, 24, -1,
      24, 23, 25, -1,
      24, 25, 12, -1,
      12, 25, 26, -1,
      12, 26, 13, -1,
      15, 27, 16, -1,
      16, 27, 28, -1,
      16, 28, 29, -1,
      29, 28, 30, -1,
      29, 30, 17, -1,
      17, 30, 31, -1,
      17, 31, 18, -1,
      32, 33, 34, -1,
      34, 33, 35, -1,
      34, 35, 22, -1,
      22, 35, 36, -1,
      22, 36, 23, -1,
      37, 38, 39, -1,
      39, 38, 40, -1,
      39, 40, 41, -1,
      42, 43, 44, -1,
      44, 43, 45, -1,
      44, 45, 32, -1,
      32, 45, 46, -1,
      32, 46, 33, -1,
      47, 48, 49, -1,
      49, 48, 50, -1,
      49, 50, 42, -1,
      42, 50, 51, -1,
      42, 51, 43, -1,
      40, 52, 41, -1,
      41, 52, 53, -1,
      41, 53, 47, -1,
      47, 53, 54, -1,
      47, 54, 48, -1,
      10, 55, 11, -1,
      11, 55, 56, -1,
      11, 56, 57, -1,
      57, 56, 58, -1,
      57, 58, 37, -1,
      37, 58, 59, -1,
      37, 59, 38, -1,
    ]
  }
}

Shape {
  appearance Appearance {
    material Material {
      diffuseColor 0.5020 0.2510 0.0000
      specularColor 0.4431 0.2196 0.0000
      ambientIntensity 0.2
      transparency 0.0000
      shininess 0.5
    }
  }
  geometry IndexedFaceSet {
    ccw TRUE
    solid FALSE
    coord DEF co Coordinate {
      point [
        -0.748031 -0.189800 -0.226194,
        -0.748031 -0.226194 -0.189800,
        -0.748031 -0.255716 -0.147638,
        -0.748031 -0.277468 -0.100990,
        -0.748031 -0.290790 -0.051274,
        -0.748031 -0.295276 -0.000000,
        -0.748031 0.226194 -0.189800,
        -0.748031 0.189800 -0.226194,
        -0.748031 -0.051274 -0.290790,
        -0.748031 -0.100990 -0.277468,
        -0.748031 -0.147638 -0.255716,
        -0.748031 0.290790 -0.051274,
        -0.748031 0.277468 -0.100990,
        -0.748031 0.255716 -0.147638,
        -0.748031 0.147638 -0.255716,
        -0.748031 0.100990 -0.277468,
        -0.748031 0.051274 -0.290790,
        -0.748031 0.000000 -0.295276,
        -0.748031 0.277468 0.100990,
        -0.748031 0.290790 0.051274,
        -0.748031 0.295276 0.000000,
        -0.748031 -0.189800 0.226194,
        -0.748031 -0.147638 0.255716,
        -0.748031 0.189800 0.226194,
        -0.748031 0.226194 0.189800,
        -0.748031 0.255716 0.147638,
        -0.748031 0.051274 0.290790,
        -0.748031 0.100990 0.277468,
        -0.748031 0.147638 0.255716,
        -0.748031 -0.100990 0.277468,
        -0.748031 -0.051274 0.290790,
        -0.748031 -0.000000 0.295276,
        -0.748031 -0.290790 0.051274,
        -0.748031 -0.277468 0.100990,
        -0.748031 -0.255716 0.147638,
        -0.748031 -0.226194 0.189800,
        -0.708661 -0.323757 0.079774,
        -0.708661 -0.314464 0.114456,
        -0.718851 -0.313204 0.113997,
        -0.708661 -0.250017 0.221443,
        -0.708661 -0.215106 0.256354,
        -0.718851 -0.214244 0.255326,
        -0.708661 -0.118514 0.312572,
        -0.708661 -0.114456 0.314464,
        -0.718851 -0.113997 0.313204,
        -0.708661 -0.040243 0.331125,
        -0.708661 -0.000000 0.334646,
        -0.718851 -0.000000 0.333304,
        -0.708661 0.118514 0.312572,
        -0.708661 0.167323 0.289812,
        -0.718851 0.166652 0.288650,
        -0.708661 0.189374 0.274371,
        -0.708661 0.215106 0.256354,
        -0.718851 0.214244 0.255326,
        -0.708661 0.295494 0.155135,
        -0.708661 0.314464 0.114456,
        -0.718851 0.313204 0.113997,
        -0.708661 0.323757 -0.079774,
        -0.708661 0.314464 -0.114456,
        -0.718851 0.313204 -0.113997,
        -0.708661 0.250017 -0.221443,
        -0.708661 0.215106 -0.256354,
        -0.718851 0.214244 -0.255326,
        -0.708661 0.118514 -0.312572,
        -0.708661 0.114456 -0.314464,
        -0.718851 0.113997 -0.313204,
        -0.708661 0.040243 -0.331125,
        -0.708661 -0.000000 -0.334646,
        -0.718851 -0.000000 -0.333304,
        -0.708661 -0.118514 -0.312572,
        -0.708661 -0.167323 -0.289812,
        -0.718851 -0.166652 -0.288650,
        -0.708661 -0.189374 -0.274371,
        -0.708661 -0.215106 -0.256354,
        -0.718851 -0.214244 -0.255326,
        -0.708661 -0.295494 -0.155135,
        -0.708661 -0.314464 -0.114456,
        -0.718851 -0.313204 -0.113997,
        -0.746690 -0.300825 -0.053043,
        -0.746690 -0.287043 -0.104475,
        -0.742757 -0.310176 -0.054693,
        -0.742757 -0.295966 -0.107723,
        -0.736500 -0.318206 -0.056108,
        -0.736500 -0.303628 -0.110512,
        -0.728346 -0.324367 -0.057195,
        -0.728346 -0.309507 -0.112652,
        -0.718851 -0.328241 -0.057878,
        -0.746690 -0.234000 -0.196349,
        -0.746690 -0.196349 -0.234000,
        -0.742757 -0.241274 -0.202453,
        -0.742757 -0.202453 -0.241274,
        -0.736500 -0.247520 -0.207694,
        -0.736500 -0.207694 -0.247520,
        -0.728346 -0.252313 -0.211716,
        -0.728346 -0.211716 -0.252313,
        -0.718851 -0.255326 -0.214244,
        -0.746690 -0.053043 -0.300825,
        -0.746690 -0.000000 -0.305465,
        -0.742757 -0.054693 -0.310176,
        -0.742757 -0.000000 -0.314961,
        -0.736500 -0.056108 -0.318206,
        -0.736500 -0.000000 -0.323115,
        -0.728346 -0.057195 -0.324367,
        -0.728346 -0.000000 -0.329371,
        -0.718851 -0.057878 -0.328241,
        -0.746690 0.152733 -0.264541,
        -0.746690 0.196349 -0.234000,
        -0.742757 0.157480 -0.272764,
        -0.742757 0.202453 -0.241274,
        -0.736500 0.161557 -0.279825,
        -0.736500 0.207694 -0.247520,
        -0.728346 0.164685 -0.285244,
        -0.728346 0.211716 -0.252313,
        -0.718851 0.166652 -0.288650,
        -0.746690 0.264541 -0.152733,
        -0.746690 0.287043 -0.104475,
        -0.742757 0.272764 -0.157480,
        -0.742757 0.295966 -0.107723,
        -0.736500 0.279825 -0.161557,
        -0.736500 0.303628 -0.110512,
        -0.728346 0.285244 -0.164685,
        -0.728346 0.309507 -0.112652,
        -0.718851 0.288650 -0.166652,
        -0.746690 0.300825 0.053043,
        -0.746690 0.287043 0.104475,
        -0.742757 0.310176 0.054693,
        -0.742757 0.295966 0.107723,
        -0.736500 0.318206 0.056108,
        -0.736500 0.303628 0.110512,
        -0.728346 0.324367 0.057195,
        -0.728346 0.309507 0.112652,
        -0.718851 0.328241 0.057878,
        -0.746690 0.234000 0.196349,
        -0.746690 0.196349 0.234000,
        -0.742757 0.241274 0.202453,
        -0.742757 0.202453 0.241274,
        -0.736500 0.247520 0.207694,
        -0.736500 0.207694 0.247520,
        -0.728346 0.252313 0.211716,
        -0.728346 0.211716 0.252313,
        -0.718851 0.255326 0.214244,
        -0.746690 0.053043 0.300825,
        -0.746690 -0.000000 0.305465,
        -0.742757 0.054693 0.310176,
        -0.742757 -0.000000 0.314961,
        -0.736500 0.056108 0.318206,
        -0.736500 -0.000000 0.323115,
        -0.728346 0.057195 0.324367,
        -0.728346 -0.000000 0.329371,
        -0.718851 0.057878 0.328241,
        -0.746690 -0.152733 0.264541,
        -0.746690 -0.196349 0.234000,
        -0.742757 -0.157480 0.272764,
        -0.742757 -0.202453 0.241274,
        -0.736500 -0.161557 0.279825,
        -0.736500 -0.207694 0.247520,
        -0.728346 -0.164685 0.285244,
        -0.728346 -0.211716 0.252313,
        -0.718851 -0.166652 0.288650,
        -0.746690 -0.264541 0.152733,
        -0.746690 -0.287043 0.104475,
        -0.742757 -0.272764 0.157480,
        -0.742757 -0.295966 0.107723,
        -0.736500 -0.279825 0.161557,
        -0.736500 -0.303628 0.110512,
        -0.728346 -0.285244 0.164685,
        -0.728346 -0.309507 0.112652,
        -0.718851 -0.288650 0.166652,
        -0.746690 -0.305465 0.000000,
        -0.742757 -0.314961 0.000000,
        -0.736500 -0.323115 0.000000,
        -0.728346 -0.329371 0.000000,
        -0.718851 -0.333304 0.000000,
        -0.708661 -0.334646 0.000000,
        -0.708661 -0.329562 -0.058111,
        -0.708661 -0.323757 -0.079774,
        -0.708661 -0.289812 -0.167323,
        -0.718851 -0.288650 -0.166652,
        -0.728346 -0.285244 -0.164685,
        -0.736500 -0.279825 -0.161557,
        -0.742757 -0.272764 -0.157480,
        -0.746690 -0.264541 -0.152733,
        -0.708661 -0.256354 -0.215106,
        -0.708661 -0.250017 -0.221443,
        -0.728346 -0.164685 -0.285244,
        -0.736500 -0.161557 -0.279825,
        -0.742757 -0.157480 -0.272764,
        -0.746690 -0.152733 -0.264541,
        -0.708661 -0.114456 -0.314464,
        -0.718851 -0.113997 -0.313204,
        -0.728346 -0.112652 -0.309507,
        -0.736500 -0.110512 -0.303628,
        -0.742757 -0.107723 -0.295966,
        -0.746690 -0.104475 -0.287043,
        -0.708661 -0.058111 -0.329562,
        -0.708661 -0.040243 -0.331125,
        -0.708661 0.058111 -0.329562,
        -0.718851 0.057878 -0.328241,
        -0.728346 0.057195 -0.324367,
        -0.736500 0.056108 -0.318206,
        -0.742757 0.054693 -0.310176,
        -0.746690 0.053043 -0.300825,
        -0.746690 0.104475 -0.287043,
        -0.742757 0.107723 -0.295966,
        -0.736500 0.110512 -0.303628,
        -0.728346 0.112652 -0.309507,
        -0.708661 0.167323 -0.289812,
        -0.708661 0.189374 -0.274371,
        -0.708661 0.256354 -0.215106,
        -0.718851 0.255326 -0.214244,
        -0.728346 0.252313 -0.211716,
        -0.736500 0.247520 -0.207694,
        -0.742757 0.241274 -0.202453,
        -0.746690 0.234000 -0.196349,
        -0.708661 0.289812 -0.167323,
        -0.708661 0.295494 -0.155135,
        -0.708661 0.329562 -0.058111,
        -0.718851 0.328241 -0.057878,
        -0.728346 0.324367 -0.057195,
        -0.736500 0.318206 -0.056108,
        -0.742757 0.310176 -0.054693,
        -0.746690 0.300825 -0.053043,
        -0.746690 0.305465 0.000000,
        -0.742757 0.314961 0.000000,
        -0.736500 0.323115 0.000000,
        -0.728346 0.329371 0.000000,
        -0.718851 0.333304 0.000000,
        -0.708661 0.334646 0.000000,
        -0.708661 0.329562 0.058111,
        -0.708661 0.323757 0.079774,
        -0.708661 0.289812 0.167323,
        -0.718851 0.288650 0.166652,
        -0.728346 0.285244 0.164685,
        -0.736500 0.279825 0.161557,
        -0.742757 0.272764 0.157480,
        -0.746690 0.264541 0.152733,
        -0.708661 0.256354 0.215106,
        -0.708661 0.250017 0.221443,
        -0.728346 0.164685 0.285244,
        -0.736500 0.161557 0.279825,
        -0.742757 0.157480 0.272764,
        -0.746690 0.152733 0.264541,
        -0.708661 0.114456 0.314464,
        -0.718851 0.113997 0.313204,
        -0.728346 0.112652 0.309507,
        -0.736500 0.110512 0.303628,
        -0.742757 0.107723 0.295966,
        -0.746690 0.104475 0.287043,
        -0.708661 0.058111 0.329562,
        -0.708661 0.040243 0.331125,
        -0.708661 -0.058111 0.329562,
        -0.718851 -0.057878 0.328241,
        -0.728346 -0.057195 0.324367,
        -0.736500 -0.056108 0.318206,
        -0.742757 -0.054693 0.310176,
        -0.746690 -0.053043 0.300825,
        -0.746690 -0.104475 0.287043,
        -0.742757 -0.107723 0.295966,
        -0.736500 -0.110512 0.303628,
        -0.728346 -0.112652 0.309507,
        -0.708661 -0.167323 0.289812,
        -0.708661 -0.189374 0.274371,
        -0.708661 -0.256354 0.215106,
        -0.718851 -0.255326 0.214244,
        -0.728346 -0.252313 0.211716,
        -0.736500 -0.247520 0.207694,
        -0.742757 -0.241274 0.202453,
        -0.746690 -0.234000 0.196349,
        -0.708661 -0.289812 0.167323,
        -0.708661 -0.295494 0.155135,
        -0.708661 -0.329562 0.058111,
        -0.718851 -0.328241 0.057878,
        -0.728346 -0.324367 0.057195,
        -0.736500 -0.318206 0.056108,
        -0.742757 -0.310176 0.054693,
        -0.746690 -0.300825 0.053043,
      ]
    }
    coordIndex [
      36, 37, 38, -1,
      39, 40, 41, -1,
      42, 43, 44, -1,
      45, 46, 47, -1,
      48, 49, 50, -1,
      51, 52, 53, -1,
      54, 55, 56, -1,
      57, 58, 59, -1,
      60, 61, 62, -1,
      63, 64, 65, -1,
      66, 67, 68, -1,
      69, 70, 71, -1,
      72, 73, 74, -1,
      75, 76, 77, -1,
      4, 3, 78, -1,
      78, 3, 79, -1,
      78, 79, 80, -1,
      80, 79, 81, -1,
      80, 81, 82, -1,
      82, 81, 83, -1,
      82, 83, 84, -1,
      84, 83, 85, -1,
      84, 85, 86, -1,
      86, 85, 77, -1,
      1, 0, 87, -1,
      87, 0, 88, -1,
      87, 88, 89, -1,
      89, 88, 90, -1,
      89, 90, 91, -1,
      91, 90, 92, -1,
      91, 92, 93, -1,
      93, 92, 94, -1,
      93, 94, 95, -1,
      95, 94, 74, -1,
      8, 17, 96, -1,
      96, 17, 97, -1,
      96, 97, 98, -1,
      98, 97, 99, -1,
      98, 99, 100, -1,
      100, 99, 101, -1,
      100, 101, 102, -1,
      102, 101, 103, -1,
      102, 103, 104, -1,
      104, 103, 68, -1,
      14, 7, 105, -1,
      105, 7, 106, -1,
      105, 106, 107, -1,
      107, 106, 108, -1,
      107, 108, 109, -1,
      109, 108, 110, -1,
      109, 110, 111, -1,
      111, 110, 112, -1,
      111, 112, 113, -1,
      113, 112, 62, -1,
      13, 12, 114, -1,
      114, 12, 115, -1,
      114, 115, 116, -1,
      116, 115, 117, -1,
      116, 117, 118, -1,
      118, 117, 119, -1,
      118, 119, 120, -1,
      120, 119, 121, -1,
      120, 121, 122, -1,
      122, 121, 59, -1,
      19, 18, 123, -1,
      123, 18, 124, -1,
      123, 124, 125, -1,
      125, 124, 126, -1,
      125, 126, 127, -1,
      127, 126, 128, -1,
      127, 128, 129, -1,
      129, 128, 130, -1,
      129, 130, 131, -1,
      131, 130, 56, -1,
      24, 23, 132, -1,
      132, 23, 133, -1,
      132, 133, 134, -1,
      134, 133, 135, -1,
      134, 135, 136, -1,
      136, 135, 137, -1,
      136, 137, 138, -1,
      138, 137, 139, -1,
      138, 139, 140, -1,
      140, 139, 53, -1,
      26, 31, 141, -1,
      141, 31, 142, -1,
      141, 142, 143, -1,
      143, 142, 144, -1,
      143, 144, 145, -1,
      145, 144, 146, -1,
      145, 146, 147, -1,
      147, 146, 148, -1,
      147, 148, 149, -1,
      149, 148, 47, -1,
      22, 21, 150, -1,
      150, 21, 151, -1,
      150, 151, 152, -1,
      152, 151, 153, -1,
      152, 153, 154, -1,
      154, 153, 155, -1,
      154, 155, 156, -1,
      156, 155, 157, -1,
      156, 157, 158, -1,
      158, 157, 41, -1,
      34, 33, 159, -1,
      159, 33, 160, -1,
      159, 160, 161, -1,
      161, 160, 162, -1,
      161, 162, 163, -1,
      163, 162, 164, -1,
      163, 164, 165, -1,
      165, 164, 166, -1,
      165, 166, 167, -1,
      167, 166, 38, -1,
      5, 4, 168, -1,
      168, 4, 78, -1,
      168, 78, 169, -1,
      169, 78, 80, -1,
      169, 80, 170, -1,
      170, 80, 82, -1,
      170, 82, 171, -1,
      171, 82, 84, -1,
      171, 84, 172, -1,
      172, 84, 86, -1,
      172, 86, 173, -1,
      173, 86, 174, -1,
      77, 76, 86, -1,
      86, 76, 175, -1,
      86, 175, 174, -1,
      176, 75, 177, -1,
      177, 75, 77, -1,
      177, 77, 178, -1,
      178, 77, 85, -1,
      178, 85, 179, -1,
      179, 85, 83, -1,
      179, 83, 180, -1,
      180, 83, 81, -1,
      180, 81, 181, -1,
      181, 81, 79, -1,
      181, 79, 2, -1,
      2, 79, 3, -1,
      2, 1, 181, -1,
      181, 1, 87, -1,
      181, 87, 180, -1,
      180, 87, 89, -1,
      180, 89, 179, -1,
      179, 89, 91, -1,
      179, 91, 178, -1,
      178, 91, 93, -1,
      178, 93, 177, -1,
      177, 93, 95, -1,
      177, 95, 176, -1,
      176, 95, 182, -1,
      74, 73, 95, -1,
      95, 73, 183, -1,
      95, 183, 182, -1,
      70, 72, 71, -1,
      71, 72, 74, -1,
      71, 74, 184, -1,
      184, 74, 94, -1,
      184, 94, 185, -1,
      185, 94, 92, -1,
      185, 92, 186, -1,
      186, 92, 90, -1,
      186, 90, 187, -1,
      187, 90, 88, -1,
      187, 88, 10, -1,
      10, 88, 0, -1,
      188, 69, 189, -1,
      189, 69, 71, -1,
      189, 71, 190, -1,
      190, 71, 184, -1,
      190, 184, 191, -1,
      191, 184, 185, -1,
      191, 185, 192, -1,
      192, 185, 186, -1,
      192, 186, 193, -1,
      193, 186, 187, -1,
      193, 187, 9, -1,
      9, 187, 10, -1,
      9, 8, 193, -1,
      193, 8, 96, -1,
      193, 96, 192, -1,
      192, 96, 98, -1,
      192, 98, 191, -1,
      191, 98, 100, -1,
      191, 100, 190, -1,
      190, 100, 102, -1,
      190, 102, 189, -1,
      189, 102, 104, -1,
      189, 104, 188, -1,
      188, 104, 194, -1,
      68, 67, 104, -1,
      104, 67, 195, -1,
      104, 195, 194, -1,
      196, 66, 197, -1,
      197, 66, 68, -1,
      197, 68, 198, -1,
      198, 68, 103, -1,
      198, 103, 199, -1,
      199, 103, 101, -1,
      199, 101, 200, -1,
      200, 101, 99, -1,
      200, 99, 201, -1,
      201, 99, 97, -1,
      201, 97, 16, -1,
      16, 97, 17, -1,
      16, 15, 201, -1,
      201, 15, 202, -1,
      201, 202, 200, -1,
      200, 202, 203, -1,
      200, 203, 199, -1,
      199, 203, 204, -1,
      199, 204, 198, -1,
      198, 204, 205, -1,
      198, 205, 197, -1,
      197, 205, 65, -1,
      197, 65, 196, -1,
      196, 65, 64, -1,
      206, 63, 113, -1,
      113, 63, 65, -1,
      113, 65, 111, -1,
      111, 65, 205, -1,
      111, 205, 109, -1,
      109, 205, 204, -1,
      109, 204, 107, -1,
      107, 204, 203, -1,
      107, 203, 105, -1,
      105, 203, 202, -1,
      105, 202, 14, -1,
      14, 202, 15, -1,
      62, 61, 113, -1,
      113, 61, 207, -1,
      113, 207, 206, -1,
      208, 60, 209, -1,
      209, 60, 62, -1,
      209, 62, 210, -1,
      210, 62, 112, -1,
      210, 112, 211, -1,
      211, 112, 110, -1,
      211, 110, 212, -1,
      212, 110, 108, -1,
      212, 108, 213, -1,
      213, 108, 106, -1,
      213, 106, 6, -1,
      6, 106, 7, -1,
      6, 13, 213, -1,
      213, 13, 114, -1,
      213, 114, 212, -1,
      212, 114, 116, -1,
      212, 116, 211, -1,
      211, 116, 118, -1,
      211, 118, 210, -1,
      210, 118, 120, -1,
      210, 120, 209, -1,
      209, 120, 122, -1,
      209, 122, 208, -1,
      208, 122, 214, -1,
      59, 58, 122, -1,
      122, 58, 215, -1,
      122, 215, 214, -1,
      216, 57, 217, -1,
      217, 57, 59, -1,
      217, 59, 218, -1,
      218, 59, 121, -1,
      218, 121, 219, -1,
      219, 121, 119, -1,
      219, 119, 220, -1,
      220, 119, 117, -1,
      220, 117, 221, -1,
      221, 117, 115, -1,
      221, 115, 11, -1,
      11, 115, 12, -1,
      11, 20, 221, -1,
      221, 20, 222, -1,
      221, 222, 220, -1,
      220, 222, 223, -1,
      220, 223, 219, -1,
      219, 223, 224, -1,
      219, 224, 218, -1,
      218, 224, 225, -1,
      218, 225, 217, -1,
      217, 225, 226, -1,
      217, 226, 216, -1,
      216, 226, 227, -1,
      20, 19, 222, -1,
      222, 19, 123, -1,
      222, 123, 223, -1,
      223, 123, 125, -1,
      223, 125, 224, -1,
      224, 125, 127, -1,
      224, 127, 225, -1,
      225, 127, 129, -1,
      225, 129, 226, -1,
      226, 129, 131, -1,
      226, 131, 227, -1,
      227, 131, 228, -1,
      56, 55, 131, -1,
      131, 55, 229, -1,
      131, 229, 228, -1,
      230, 54, 231, -1,
      231, 54, 56, -1,
      231, 56, 232, -1,
      232, 56, 130, -1,
      232, 130, 233, -1,
      233, 130, 128, -1,
      233, 128, 234, -1,
      234, 128, 126, -1,
      234, 126, 235, -1,
      235, 126, 124, -1,
      235, 124, 25, -1,
      25, 124, 18, -1,
      25, 24, 235, -1,
      235, 24, 132, -1,
      235, 132, 234, -1,
      234, 132, 134, -1,
      234, 134, 233, -1,
      233, 134, 136, -1,
      233, 136, 232, -1,
      232, 136, 138, -1,
      232, 138, 231, -1,
      231, 138, 140, -1,
      231, 140, 230, -1,
      230, 140, 236, -1,
      53, 52, 140, -1,
      140, 52, 237, -1,
      140, 237, 236, -1,
      49, 51, 50, -1,
      50, 51, 53, -1,
      50, 53, 238, -1,
      238, 53, 139, -1,
      238, 139, 239, -1,
      239, 139, 137, -1,
      239, 137, 240, -1,
      240, 137, 135, -1,
      240, 135, 241, -1,
      241, 135, 133, -1,
      241, 133, 28, -1,
      28, 133, 23, -1,
      242, 48, 243, -1,
      243, 48, 50, -1,
      243, 50, 244, -1,
      244, 50, 238, -1,
      244, 238, 245, -1,
      245, 238, 239, -1,
      245, 239, 246, -1,
      246, 239, 240, -1,
      246, 240, 247, -1,
      247, 240, 241, -1,
      247, 241, 27, -1,
      27, 241, 28, -1,
      27, 26, 247, -1,
      247, 26, 141, -1,
      247, 141, 246, -1,
      246, 141, 143, -1,
      246, 143, 245, -1,
      245, 143, 145, -1,
      245, 145, 244, -1,
      244, 145, 147, -1,
      244, 147, 243, -1,
      243, 147, 149, -1,
      243, 149, 242, -1,
      242, 149, 248, -1,
      47, 46, 149, -1,
      149, 46, 249, -1,
      149, 249, 248, -1,
      250, 45, 251, -1,
      251, 45, 47, -1,
      251, 47, 252, -1,
      252, 47, 148, -1,
      252, 148, 253, -1,
      253, 148, 146, -1,
      253, 146, 254, -1,
      254, 146, 144, -1,
      254, 144, 255, -1,
      255, 144, 142, -1,
      255, 142, 30, -1,
      30, 142, 31, -1,
      30, 29, 255, -1,
      255, 29, 256, -1,
      255, 256, 254, -1,
      254, 256, 257, -1,
      254, 257, 253, -1,
      253, 257, 258, -1,
      253, 258, 252, -1,
      252, 258, 259, -1,
      252, 259, 251, -1,
      251, 259, 44, -1,
      251, 44, 250, -1,
      250, 44, 43, -1,
      260, 42, 158, -1,
      158, 42, 44, -1,
      158, 44, 156, -1,
      156, 44, 259, -1,
      156, 259, 154, -1,
      154, 259, 258, -1,
      154, 258, 152, -1,
      152, 258, 257, -1,
      152, 257, 150, -1,
      150, 257, 256, -1,
      150, 256, 22, -1,
      22, 256, 29, -1,
      41, 40, 158, -1,
      158, 40, 261, -1,
      158, 261, 260, -1,
      262, 39, 263, -1,
      263, 39, 41, -1,
      263, 41, 264, -1,
      264, 41, 157, -1,
      264, 157, 265, -1,
      265, 157, 155, -1,
      265, 155, 266, -1,
      266, 155, 153, -1,
      266, 153, 267, -1,
      267, 153, 151, -1,
      267, 151, 35, -1,
      35, 151, 21, -1,
      35, 34, 267, -1,
      267, 34, 159, -1,
      267, 159, 266, -1,
      266, 159, 161, -1,
      266, 161, 265, -1,
      265, 161, 163, -1,
      265, 163, 264, -1,
      264, 163, 165, -1,
      264, 165, 263, -1,
      263, 165, 167, -1,
      263, 167, 262, -1,
      262, 167, 268, -1,
      38, 37, 167, -1,
      167, 37, 269, -1,
      167, 269, 268, -1,
      270, 36, 271, -1,
      271, 36, 38, -1,
      271, 38, 272, -1,
      272, 38, 166, -1,
      272, 166, 273, -1,
      273, 166, 164, -1,
      273, 164, 274, -1,
      274, 164, 162, -1,
      274, 162, 275, -1,
      275, 162, 160, -1,
      275, 160, 32, -1,
      32, 160, 33, -1,
      32, 5, 275, -1,
      275, 5, 168, -1,
      275, 168, 274, -1,
      274, 168, 169, -1,
      274, 169, 273, -1,
      273, 169, 170, -1,
      273, 170, 272, -1,
      272, 170, 171, -1,
      272, 171, 271, -1,
      271, 171, 172, -1,
      271, 172, 270, -1,
      270, 172, 173, -1,
    ]
  }
}

Shape {
  appearance Appearance {
    material Material {
      diffuseColor 0.7294 0.3569 0.0235
      specularColor 0.3647 0.1765 0.0118
      ambientIntensity 0.2
      transparency 0.0000
      shininess 0.5
    }
  }
  geometry IndexedFaceSet {
    ccw TRUE
    solid FALSE
    coord DEF co Coordinate {
      point [
        -0.551181 0.040337 0.332206,
        -0.551181 -0.000000 0.334646,
        -0.551181 -0.040337 0.332206,
        -0.551181 -0.080086 0.324922,
        -0.551181 -0.118667 0.312899,
        -0.551181 -0.155518 0.296314,
        -0.551181 -0.190100 0.275408,
        -0.551181 -0.221911 0.250486,
        -0.551181 -0.250486 0.221911,
        -0.551181 -0.275408 0.190100,
        -0.551181 -0.296314 0.155518,
        -0.551181 -0.312899 0.118667,
        -0.551181 -0.324922 0.080086,
        -0.551181 -0.332206 0.040337,
        -0.551181 -0.334646 0.000000,
        -0.551181 -0.332206 -0.040337,
        -0.551181 -0.324922 -0.080086,
        -0.551181 -0.312899 -0.118667,
        -0.551181 -0.296314 -0.155518,
        -0.551181 -0.275408 -0.190100,
        -0.551181 -0.250486 -0.221911,
        -0.551181 -0.221911 -0.250486,
        -0.551181 -0.190100 -0.275408,
        -0.551181 -0.155518 -0.296314,
        -0.551181 -0.118667 -0.312899,
        -0.551181 -0.080086 -0.324922,
        -0.551181 -0.040337 -0.332206,
        -0.551181 -0.000000 -0.334646,
        -0.551181 0.040337 -0.332206,
        -0.551181 0.080086 -0.324922,
        -0.551181 0.118667 -0.312899,
        -0.551181 0.155518 -0.296314,
        -0.551181 0.190100 -0.275408,
        -0.551181 0.221911 -0.250486,
        -0.551181 0.250486 -0.221911,
        -0.551181 0.275408 -0.190100,
        -0.551181 0.296314 -0.155518,
        -0.551181 0.312899 -0.118667,
        -0.551181 0.324922 -0.080086,
        -0.551181 0.332206 -0.040337,
        -0.551181 0.334646 0.000000,
        -0.551181 0.332206 0.040337,
        -0.551181 0.324922 0.080086,
        -0.551181 0.312899 0.118667,
        -0.551181 0.296314 0.155518,
        -0.551181 0.275408 0.190100,
        -0.551181 0.250486 0.221911,
        -0.551181 0.221911 0.250486,
        -0.551181 0.190100 0.275408,
        -0.551181 0.155518 0.296314,
        -0.551181 0.118667 0.312899,
        -0.551181 0.080086 0.324922,
        -0.708661 -0.323757 0.079774,
        -0.708661 -0.314464 0.114456,
        -0.708661 -0.250017 0.221443,
        -0.708661 -0.215106 0.256354,
        -0.708661 -0.118514 0.312572,
        -0.708661 -0.114456 0.314464,
        -0.708661 -0.040243 0.331125,
        -0.708661 -0.000000 0.334646,
        -0.708661 0.118514 0.312572,
        -0.708661 0.167323 0.289812,
        -0.708661 0.189374 0.274371,
        -0.708661 0.215106 0.256354,
        -0.708661 0.295494 0.155135,
        -0.708661 0.314464 0.114456,
        -0.708661 0.323757 -0.079774,
        -0.708661 0.314464 -0.114456,
        -0.708661 0.250017 -0.221443,
        -0.708661 0.215106 -0.256354,
        -0.708661 0.118514 -0.312572,
        -0.708661 0.114456 -0.314464,
        -0.708661 0.040243 -0.331125,
        -0.708661 -0.000000 -0.334646,
        -0.708661 -0.118514 -0.312572,
        -0.708661 -0.167323 -0.289812,
        -0.708661 -0.189374 -0.274371,
        -0.708661 -0.215106 -0.256354,
        -0.708661 -0.295494 -0.155135,
        -0.708661 -0.314464 -0.114456,
        -0.708661 -0.334646 0.000000,
        -0.708661 -0.329562 -0.058111,
        -0.708661 -0.323757 -0.079774,
        -0.708661 -0.289812 -0.167323,
        -0.708661 -0.256354 -0.215106,
        -0.708661 -0.250017 -0.221443,
        -0.708661 -0.114456 -0.314464,
        -0.708661 -0.058111 -0.329562,
        -0.708661 -0.040243 -0.331125,
        -0.708661 0.058111 -0.329562,
        -0.708661 0.167323 -0.289812,
        -0.708661 0.189374 -0.274371,
        -0.708661 0.256354 -0.215106,
        -0.708661 0.289812 -0.167323,
        -0.708661 0.295494 -0.155135,
        -0.708661 0.329562 -0.058111,
        -0.708661 0.334646 0.000000,
        -0.708661 0.329562 0.058111,
        -0.708661 0.323757 0.079774,
        -0.708661 0.289812 0.167323,
        -0.708661 0.256354 0.215106,
        -0.708661 0.250017 0.221443,
        -0.708661 0.114456 0.314464,
        -0.708661 0.058111 0.329562,
        -0.708661 0.040243 0.331125,
        -0.708661 -0.058111 0.329562,
        -0.708661 -0.167323 0.289812,
        -0.708661 -0.189374 0.274371,
        -0.708661 -0.256354 0.215106,
        -0.708661 -0.289812 0.167323,
        -0.708661 -0.295494 0.155135,
        -0.708661 -0.329562 0.058111,
      ]
    }
    coordIndex [
      28, 89, 29, -1,
      29, 89, 71, -1,
      29, 71, 30, -1,
      30, 71, 70, -1,
      30, 70, 31, -1,
      31, 70, 90, -1,
      31, 90, 32, -1,
      32, 90, 91, -1,
      32, 91, 33, -1,
      33, 91, 69, -1,
      33, 69, 34, -1,
      24, 86, 25, -1,
      25, 86, 87, -1,
      25, 87, 26, -1,
      26, 87, 88, -1,
      26, 88, 27, -1,
      27, 88, 73, -1,
      27, 73, 28, -1,
      28, 73, 72, -1,
      28, 72, 89, -1,
      18, 83, 19, -1,
      19, 83, 84, -1,
      19, 84, 20, -1,
      20, 84, 85, -1,
      20, 85, 21, -1,
      21, 85, 77, -1,
      21, 77, 22, -1,
      22, 77, 76, -1,
      22, 76, 23, -1,
      23, 76, 75, -1,
      23, 75, 24, -1,
      24, 75, 74, -1,
      24, 74, 86, -1,
      8, 108, 9, -1,
      9, 108, 109, -1,
      9, 109, 10, -1,
      10, 109, 110, -1,
      10, 110, 11, -1,
      11, 110, 53, -1,
      11, 53, 12, -1,
      12, 53, 52, -1,
      12, 52, 13, -1,
      13, 52, 111, -1,
      13, 111, 14, -1,
      14, 111, 80, -1,
      14, 80, 15, -1,
      15, 80, 81, -1,
      15, 81, 16, -1,
      16, 81, 82, -1,
      16, 82, 17, -1,
      17, 82, 79, -1,
      17, 79, 18, -1,
      18, 79, 78, -1,
      18, 78, 83, -1,
      2, 105, 3, -1,
      3, 105, 57, -1,
      3, 57, 4, -1,
      4, 57, 56, -1,
      4, 56, 5, -1,
      5, 56, 106, -1,
      5, 106, 6, -1,
      6, 106, 107, -1,
      6, 107, 7, -1,
      7, 107, 55, -1,
      7, 55, 8, -1,
      8, 55, 54, -1,
      8, 54, 108, -1,
      50, 102, 51, -1,
      51, 102, 103, -1,
      51, 103, 0, -1,
      0, 103, 104, -1,
      0, 104, 1, -1,
      1, 104, 59, -1,
      1, 59, 2, -1,
      2, 59, 58, -1,
      2, 58, 105, -1,
      44, 99, 45, -1,
      45, 99, 100, -1,
      45, 100, 46, -1,
      46, 100, 101, -1,
      46, 101, 47, -1,
      47, 101, 63, -1,
      47, 63, 48, -1,
      48, 63, 62, -1,
      48, 62, 49, -1,
      49, 62, 61, -1,
      49, 61, 50, -1,
      50, 61, 60, -1,
      50, 60, 102, -1,
      69, 68, 34, -1,
      34, 68, 92, -1,
      34, 92, 35, -1,
      35, 92, 93, -1,
      35, 93, 36, -1,
      36, 93, 94, -1,
      36, 94, 37, -1,
      37, 94, 67, -1,
      37, 67, 38, -1,
      38, 67, 66, -1,
      38, 66, 39, -1,
      39, 66, 95, -1,
      39, 95, 40, -1,
      40, 95, 96, -1,
      40, 96, 41, -1,
      41, 96, 97, -1,
      41, 97, 42, -1,
      42, 97, 98, -1,
      42, 98, 43, -1,
      43, 98, 65, -1,
      43, 65, 44, -1,
      44, 65, 64, -1,
      44, 64, 99, -1,
    ]
  }
}

Shape {
  appearance Appearance {
    material Material {
      diffuseColor 1.0000 1.0000 1.0000
      specularColor 0.5020 0.5020 0.5020
      ambientIntensity 0.2
      transparency 0.0000
      shininess 0.5
    }
  }
  geometry IndexedFaceSet {
    ccw TRUE
    solid FALSE
    coord DEF co Coordinate {
      point [
        0.748031 -0.049213 -0.085239,
        0.748031 -0.025474 -0.095071,
        0.748031 0.000000 -0.098425,
        0.748031 0.085239 -0.049213,
        0.748031 0.095071 -0.025474,
        0.748031 0.098425 -0.000000,
        0.748031 0.095071 0.025474,
        0.748031 0.049213 -0.085239,
        0.748031 0.069597 -0.069597,
        0.748031 0.025474 -0.095071,
        0.748031 -0.085239 -0.049213,
        0.748031 -0.069597 -0.069597,
        0.748031 -0.098425 -0.000000,
        0.748031 -0.095071 -0.025474,
        0.748031 0.069597 0.069597,
        0.748031 0.049213 0.085239,
        0.748031 0.025474 0.095071,
        0.748031 0.085239 0.049213,
        0.748031 -0.085239 0.049213,
        0.748031 -0.095071 0.025474,
        0.748031 -0.025474 0.095071,
        0.748031 -0.049213 0.085239,
        0.748031 -0.069597 0.069597,
        0.748031 0.000000 0.098425,
        -0.748031 -0.049213 -0.085239,
        -0.748031 -0.069597 -0.069597,
        -0.748031 -0.085239 -0.049213,
        -0.748031 -0.095071 -0.025474,
        -0.748031 -0.098425 -0.000000,
        -0.748031 -0.095071 0.025474,
        -0.748031 0.085239 -0.049213,
        -0.748031 0.069597 -0.069597,
        -0.748031 0.049213 -0.085239,
        -0.748031 0.000000 -0.098425,
        -0.748031 -0.025474 -0.095071,
        -0.748031 0.098425 -0.000000,
        -0.748031 0.095071 -0.025474,
        -0.748031 0.025474 -0.095071,
        -0.748031 0.085239 0.049213,
        -0.748031 0.095071 0.025474,
        -0.748031 -0.069597 0.069597,
        -0.748031 -0.049213 0.085239,
        -0.748031 -0.025474 0.095071,
        -0.748031 0.049213 0.085239,
        -0.748031 0.069597 0.069597,
        -0.748031 0.000000 0.098425,
        -0.748031 0.025474 0.095071,
        -0.748031 -0.085239 0.049213,
        -1.450194 0.049213 -2.303150,
        -1.440361 0.025474 -2.303150,
        -1.535433 0.000000 -2.303150,
        -1.437008 0.000000 -2.303150,
        -1.440361 -0.025474 -2.303150,
        -1.509959 0.095071 -2.303150,
        -1.486220 0.085239 -2.303150,
        -1.465836 0.069597 -2.303150,
        -1.584646 0.085239 -2.303150,
        -1.560907 0.095071 -2.303150,
        -1.535433 0.098425 -2.303150,
        -1.630504 0.025474 -2.303150,
        -1.620672 0.049213 -2.303150,
        -1.605030 0.069597 -2.303150,
        -1.620672 -0.049213 -2.303150,
        -1.630504 -0.025474 -2.303150,
        -1.633858 0.000000 -2.303150,
        -1.560907 -0.095071 -2.303150,
        -1.584646 -0.085239 -2.303150,
        -1.605030 -0.069597 -2.303150,
        -1.486220 -0.085239 -2.303150,
        -1.509959 -0.095071 -2.303150,
        -1.535433 -0.098425 -2.303150,
        -1.450194 -0.049213 -2.303150,
        -1.465836 -0.069597 -2.303150,
        -1.141732 0.000000 0.098425,
        -1.141732 0.025474 0.095071,
        -1.141732 0.049213 0.085239,
        -1.141732 0.069597 0.069597,
        -1.141732 0.085239 0.049213,
        -1.141732 0.095071 0.025474,
        -1.141732 0.098425 0.000000,
        -1.141732 0.095071 -0.025474,
        -1.141732 0.085239 -0.049213,
        -1.141732 0.069597 -0.069597,
        -1.141732 0.049213 -0.085239,
        -1.141732 0.025474 -0.095071,
        -1.141732 0.000000 -0.098425,
        -1.141732 -0.025474 -0.095071,
        -1.141732 -0.049213 -0.085239,
        -1.141732 -0.069597 -0.069597,
        -1.141732 -0.085239 -0.049213,
        -1.141732 -0.095071 -0.025474,
        -1.141732 -0.098425 -0.000000,
        -1.141732 -0.095071 0.025474,
        -1.141732 -0.085239 0.049213,
        -1.141732 -0.069597 0.069597,
        -1.141732 -0.049213 0.085239,
        -1.141732 -0.025474 0.095071,
        -1.437008 0.000000 -0.393701,
        -1.434002 0.000000 -0.351679,
        -1.440361 -0.025474 -0.393701,
        -1.437322 -0.025474 -0.351202,
        -1.450194 -0.049213 -0.393701,
        -1.447055 -0.049213 -0.349802,
        -1.465836 -0.069597 -0.393701,
        -1.462537 -0.069597 -0.347576,
        -1.486220 -0.085239 -0.393701,
        -1.482714 -0.085239 -0.344675,
        -1.509959 -0.095071 -0.393701,
        -1.506211 -0.095071 -0.341297,
        -1.535433 -0.098425 -0.393701,
        -1.531426 -0.098425 -0.337671,
        -1.560907 -0.095071 -0.393701,
        -1.556641 -0.095071 -0.334046,
        -1.584646 -0.085239 -0.393701,
        -1.580137 -0.085239 -0.330668,
        -1.605030 -0.069597 -0.393701,
        -1.600315 -0.069597 -0.327767,
        -1.620672 -0.049213 -0.393701,
        -1.615797 -0.049213 -0.325541,
        -1.630504 -0.025474 -0.393701,
        -1.625530 -0.025474 -0.324141,
        -1.633858 0.000000 -0.393701,
        -1.628849 0.000000 -0.323664,
        -1.630504 0.025474 -0.393701,
        -1.625530 0.025474 -0.324141,
        -1.620672 0.049213 -0.393701,
        -1.615797 0.049213 -0.325541,
        -1.605030 0.069597 -0.393701,
        -1.600315 0.069597 -0.327767,
        -1.584646 0.085239 -0.393701,
        -1.580137 0.085239 -0.330668,
        -1.560907 0.095071 -0.393701,
        -1.556641 0.095071 -0.334046,
        -1.535433 0.098425 -0.393701,
        -1.531426 0.098425 -0.337671,
        -1.509959 0.095071 -0.393701,
        -1.506211 0.095071 -0.341297,
        -1.486220 0.085239 -0.393701,
        -1.482714 0.085239 -0.344675,
        -1.465836 0.069597 -0.393701,
        -1.462537 0.069597 -0.347576,
        -1.450194 0.049213 -0.393701,
        -1.447055 0.049213 -0.349802,
        -1.440361 0.025474 -0.393701,
        -1.437322 0.025474 -0.351202,
        -1.425047 0.000000 -0.310512,
        -1.428265 -0.025474 -0.309567,
        -1.437700 -0.049213 -0.306797,
        -1.452707 -0.069597 -0.302390,
        -1.472266 -0.085239 -0.296647,
        -1.495043 -0.095071 -0.289959,
        -1.519485 -0.098425 -0.282782,
        -1.543928 -0.095071 -0.275606,
        -1.566705 -0.085239 -0.268918,
        -1.586263 -0.069597 -0.263175,
        -1.601271 -0.049213 -0.258768,
        -1.610706 -0.025474 -0.255998,
        -1.613924 0.000000 -0.255053,
        -1.610706 0.025474 -0.255998,
        -1.601271 0.049213 -0.258768,
        -1.586263 0.069597 -0.263175,
        -1.566705 0.085239 -0.268918,
        -1.543928 0.095071 -0.275606,
        -1.519485 0.098425 -0.282782,
        -1.495043 0.095071 -0.289959,
        -1.472266 0.085239 -0.296647,
        -1.452707 0.069597 -0.302390,
        -1.437700 0.049213 -0.306797,
        -1.428265 0.025474 -0.309567,
        -1.410324 0.000000 -0.271039,
        -1.413375 -0.025474 -0.269646,
        -1.422319 -0.049213 -0.265561,
        -1.436547 -0.069597 -0.259063,
        -1.455090 -0.085239 -0.250595,
        -1.476683 -0.095071 -0.240734,
        -1.499855 -0.098425 -0.230152,
        -1.523028 -0.095071 -0.219569,
        -1.544620 -0.085239 -0.209708,
        -1.563163 -0.069597 -0.201240,
        -1.577391 -0.049213 -0.194742,
        -1.586335 -0.025474 -0.190657,
        -1.589386 0.000000 -0.189264,
        -1.586335 0.025474 -0.190657,
        -1.577391 0.049213 -0.194742,
        -1.563163 0.069597 -0.201240,
        -1.544620 0.085239 -0.209708,
        -1.523028 0.095071 -0.219569,
        -1.499855 0.098425 -0.230152,
        -1.476683 0.095071 -0.240734,
        -1.455090 0.085239 -0.250595,
        -1.436547 0.069597 -0.259063,
        -1.422319 0.049213 -0.265561,
        -1.413375 0.025474 -0.269646,
        -1.390134 0.000000 -0.234063,
        -1.392955 -0.025474 -0.232250,
        -1.401227 -0.049213 -0.226933,
        -1.414386 -0.069597 -0.218477,
        -1.431534 -0.085239 -0.207456,
        -1.451504 -0.095071 -0.194622,
        -1.472935 -0.098425 -0.180850,
        -1.494365 -0.095071 -0.167078,
        -1.514335 -0.085239 -0.154244,
        -1.531483 -0.069597 -0.143223,
        -1.544642 -0.049213 -0.134767,
        -1.552914 -0.025474 -0.129450,
        -1.555735 0.000000 -0.127637,
        -1.552914 0.025474 -0.129450,
        -1.544642 0.049213 -0.134767,
        -1.531483 0.069597 -0.143223,
        -1.514335 0.085239 -0.154244,
        -1.494365 0.095071 -0.167078,
        -1.472935 0.098425 -0.180850,
        -1.451504 0.095071 -0.194622,
        -1.431534 0.085239 -0.207456,
        -1.414386 0.069597 -0.218477,
        -1.401227 0.049213 -0.226933,
        -1.392955 0.025474 -0.232250,
        -1.364887 0.000000 -0.200336,
        -1.367421 -0.025474 -0.198140,
        -1.374852 -0.049213 -0.191701,
        -1.386674 -0.069597 -0.181458,
        -1.402079 -0.085239 -0.168109,
        -1.420019 -0.095071 -0.152564,
        -1.439272 -0.098425 -0.135881,
        -1.458524 -0.095071 -0.119200,
        -1.476464 -0.085239 -0.103654,
        -1.491870 -0.069597 -0.090305,
        -1.503691 -0.049213 -0.080062,
        -1.511122 -0.025474 -0.073623,
        -1.513656 0.000000 -0.071427,
        -1.511122 0.025474 -0.073623,
        -1.503691 0.049213 -0.080062,
        -1.491870 0.069597 -0.090305,
        -1.476464 0.085239 -0.103654,
        -1.458524 0.095071 -0.119200,
        -1.439272 0.098425 -0.135881,
        -1.420019 0.095071 -0.152564,
        -1.402079 0.085239 -0.168109,
        -1.386674 0.069597 -0.181458,
        -1.374852 0.049213 -0.191701,
        -1.367421 0.025474 -0.198140,
        -1.335096 0.000000 -0.170546,
        -1.337293 -0.025474 -0.168012,
        -1.343732 -0.049213 -0.160581,
        -1.353975 -0.069597 -0.148759,
        -1.367324 -0.085239 -0.133354,
        -1.382869 -0.095071 -0.115414,
        -1.399552 -0.098425 -0.096161,
        -1.416234 -0.095071 -0.076909,
        -1.431779 -0.085239 -0.058969,
        -1.445128 -0.069597 -0.043564,
        -1.455371 -0.049213 -0.031743,
        -1.461810 -0.025474 -0.024311,
        -1.464006 0.000000 -0.021777,
        -1.461810 0.025474 -0.024311,
        -1.455371 0.049213 -0.031743,
        -1.445128 0.069597 -0.043564,
        -1.431779 0.085239 -0.058969,
        -1.416234 0.095071 -0.076909,
        -1.399552 0.098425 -0.096161,
        -1.382869 0.095071 -0.115414,
        -1.367324 0.085239 -0.133354,
        -1.353975 0.069597 -0.148759,
        -1.343732 0.049213 -0.160581,
        -1.337293 0.025474 -0.168012,
        -1.301370 0.000000 -0.145299,
        -1.303183 -0.025474 -0.142478,
        -1.308500 -0.049213 -0.134206,
        -1.316956 -0.069597 -0.121047,
        -1.327977 -0.085239 -0.103899,
        -1.340811 -0.095071 -0.083929,
        -1.354583 -0.098425 -0.062498,
        -1.368356 -0.095071 -0.041068,
        -1.381189 -0.085239 -0.021098,
        -1.392210 -0.069597 -0.003950,
        -1.400667 -0.049213 0.009209,
        -1.405983 -0.025474 0.017481,
        -1.407796 0.000000 0.020302,
        -1.405983 0.025474 0.017481,
        -1.400667 0.049213 0.009209,
        -1.392210 0.069597 -0.003950,
        -1.381189 0.085239 -0.021098,
        -1.368356 0.095071 -0.041068,
        -1.354583 0.098425 -0.062498,
        -1.340811 0.095071 -0.083929,
        -1.327977 0.085239 -0.103899,
        -1.316956 0.069597 -0.121047,
        -1.308500 0.049213 -0.134206,
        -1.303183 0.025474 -0.142478,
        -1.264394 0.000000 -0.125109,
        -1.265787 -0.025474 -0.122058,
        -1.269872 -0.049213 -0.113114,
        -1.276370 -0.069597 -0.098886,
        -1.284838 -0.085239 -0.080343,
        -1.294699 -0.095071 -0.058750,
        -1.305281 -0.098425 -0.035578,
        -1.315864 -0.095071 -0.012406,
        -1.325725 -0.085239 0.009187,
        -1.334193 -0.069597 0.027730,
        -1.340691 -0.049213 0.041958,
        -1.344776 -0.025474 0.050902,
        -1.346169 0.000000 0.053953,
        -1.344776 0.025474 0.050902,
        -1.340691 0.049213 0.041958,
        -1.334193 0.069597 0.027730,
        -1.325725 0.085239 0.009187,
        -1.315864 0.095071 -0.012406,
        -1.305281 0.098425 -0.035578,
        -1.294699 0.095071 -0.058750,
        -1.284838 0.085239 -0.080343,
        -1.276370 0.069597 -0.098886,
        -1.269872 0.049213 -0.113114,
        -1.265787 0.025474 -0.122058,
        -1.224921 0.000000 -0.110386,
        -1.225866 -0.025474 -0.107168,
        -1.228636 -0.049213 -0.097733,
        -1.233043 -0.069597 -0.082726,
        -1.238786 -0.085239 -0.063167,
        -1.245474 -0.095071 -0.040390,
        -1.252650 -0.098425 -0.015948,
        -1.259828 -0.095071 0.008495,
        -1.266515 -0.085239 0.031272,
        -1.272258 -0.069597 0.050830,
        -1.276665 -0.049213 0.065838,
        -1.279435 -0.025474 0.075273,
        -1.280380 0.000000 0.078491,
        -1.279435 0.025474 0.075273,
        -1.276665 0.049213 0.065838,
        -1.272258 0.069597 0.050830,
        -1.266515 0.085239 0.031272,
        -1.259828 0.095071 0.008495,
        -1.252650 0.098425 -0.015948,
        -1.245474 0.095071 -0.040390,
        -1.238786 0.085239 -0.063167,
        -1.233043 0.069597 -0.082726,
        -1.228636 0.049213 -0.097733,
        -1.225866 0.025474 -0.107168,
        -1.183754 0.000000 -0.101431,
        -1.184231 -0.025474 -0.098111,
        -1.185631 -0.049213 -0.088378,
        -1.187857 -0.069597 -0.072896,
        -1.190758 -0.085239 -0.052719,
        -1.194137 -0.095071 -0.029222,
        -1.197762 -0.098425 -0.004007,
        -1.201387 -0.095071 0.021208,
        -1.204765 -0.085239 0.044704,
        -1.207667 -0.069597 0.064881,
        -1.209893 -0.049213 0.080364,
        -1.211292 -0.025474 0.090096,
        -1.211769 0.000000 0.093416,
        -1.211292 0.025474 0.090096,
        -1.209893 0.049213 0.080364,
        -1.207667 0.069597 0.064881,
        -1.204765 0.085239 0.044704,
        -1.201387 0.095071 0.021208,
        -1.197762 0.098425 -0.004007,
        -1.194137 0.095071 -0.029222,
        -1.190758 0.085239 -0.052719,
        -1.187857 0.069597 -0.072896,
        -1.185631 0.049213 -0.088378,
        -1.184231 0.025474 -0.098111,
        1.450194 -0.049213 -2.303150,
        1.440361 -0.025474 -2.303150,
        1.535433 0.000000 -2.303150,
        1.437008 -0.000000 -2.303150,
        1.440361 0.025474 -2.303150,
        1.509959 -0.095071 -2.303150,
        1.486220 -0.085239 -2.303150,
        1.465836 -0.069597 -2.303150,
        1.584646 -0.085239 -2.303150,
        1.560907 -0.095071 -2.303150,
        1.535433 -0.098425 -2.303150,
        1.630504 -0.025474 -2.303150,
        1.620672 -0.049213 -2.303150,
        1.605030 -0.069597 -2.303150,
        1.620672 0.049213 -2.303150,
        1.630504 0.025474 -2.303150,
        1.633858 0.000000 -2.303150,
        1.560907 0.095071 -2.303150,
        1.584646 0.085239 -2.303150,
        1.605030 0.069597 -2.303150,
        1.486220 0.085239 -2.303150,
        1.509959 0.095071 -2.303150,
        1.535433 0.098425 -2.303150,
        1.450194 0.049213 -2.303150,
        1.465836 0.069597 -2.303150,
        1.141732 0.000000 -0.098425,
        1.141732 0.025474 -0.095071,
        1.141732 0.049213 -0.085239,
        1.141732 0.069597 -0.069597,
        1.141732 0.085239 -0.049213,
        1.141732 0.095071 -0.025474,
        1.141732 0.098425 -0.000000,
        1.141732 0.095071 0.025474,
        1.141732 0.085239 0.049213,
        1.141732 0.069597 0.069597,
        1.141732 0.049213 0.085239,
        1.141732 0.025474 0.095071,
        1.141732 0.000000 0.098425,
        1.141732 -0.025474 0.095071,
        1.141732 -0.049213 0.085239,
        1.141732 -0.069597 0.069597,
        1.141732 -0.085239 0.049213,
        1.141732 -0.095071 0.025474,
        1.141732 -0.098425 0.000000,
        1.141732 -0.095071 -0.025474,
        1.141732 -0.085239 -0.049213,
        1.141732 -0.069597 -0.069597,
        1.141732 -0.049213 -0.085239,
        1.141732 -0.025474 -0.095071,
        1.437008 -0.000000 -0.393701,
        1.434002 -0.000000 -0.351679,
        1.440361 0.025474 -0.393701,
        1.437322 0.025474 -0.351202,
        1.450194 0.049213 -0.393701,
        1.447055 0.049213 -0.349802,
        1.465836 0.069597 -0.393701,
        1.462537 0.069597 -0.347576,
        1.486220 0.085239 -0.393701,
        1.482714 0.085239 -0.344675,
        1.509959 0.095071 -0.393701,
        1.506211 0.095071 -0.341297,
        1.535433 0.098425 -0.393701,
        1.531426 0.098425 -0.337671,
        1.560907 0.095071 -0.393701,
        1.556641 0.095071 -0.334046,
        1.584646 0.085239 -0.393701,
        1.580137 0.085239 -0.330668,
        1.605030 0.069597 -0.393701,
        1.600315 0.069597 -0.327767,
        1.620672 0.049213 -0.393701,
        1.615797 0.049213 -0.325541,
        1.630504 0.025474 -0.393701,
        1.625530 0.025474 -0.324141,
        1.633858 -0.000000 -0.393701,
        1.628849 -0.000000 -0.323664,
        1.630504 -0.025474 -0.393701,
        1.625530 -0.025474 -0.324141,
        1.620672 -0.049213 -0.393701,
        1.615797 -0.049213 -0.325541,
        1.605030 -0.069597 -0.393701,
        1.600315 -0.069597 -0.327767,
        1.584646 -0.085239 -0.393701,
        1.580137 -0.085239 -0.330668,
        1.560907 -0.095071 -0.393701,
        1.556641 -0.095071 -0.334046,
        1.535433 -0.098425 -0.393701,
        1.531426 -0.098425 -0.337671,
        1.509959 -0.095071 -0.393701,
        1.506211 -0.095071 -0.341297,
        1.486220 -0.085239 -0.393701,
        1.482714 -0.085239 -0.344675,
        1.465836 -0.069597 -0.393701,
        1.462537 -0.069597 -0.347576,
        1.450194 -0.049213 -0.393701,
        1.447055 -0.049213 -0.349802,
        1.440361 -0.025474 -0.393701,
        1.437322 -0.025474 -0.351202,
        1.425047 -0.000000 -0.310512,
        1.428265 0.025474 -0.309567,
        1.437700 0.049213 -0.306797,
        1.452707 0.069597 -0.302390,
        1.472266 0.085239 -0.296647,
        1.495043 0.095071 -0.289959,
        1.519485 0.098425 -0.282782,
        1.543928 0.095071 -0.275606,
        1.566705 0.085239 -0.268918,
        1.586263 0.069597 -0.263175,
        1.601271 0.049213 -0.258768,
        1.610706 0.025474 -0.255998,
        1.613924 -0.000000 -0.255053,
        1.610706 -0.025474 -0.255998,
        1.601271 -0.049213 -0.258768,
        1.586263 -0.069597 -0.263175,
        1.566705 -0.085239 -0.268918,
        1.543928 -0.095071 -0.275606,
        1.519485 -0.098425 -0.282782,
        1.495043 -0.095071 -0.289959,
        1.472266 -0.085239 -0.296647,
        1.452707 -0.069597 -0.302390,
        1.437700 -0.049213 -0.306797,
        1.428265 -0.025474 -0.309567,
        1.410324 -0.000000 -0.271039,
        1.413375 0.025474 -0.269646,
        1.422319 0.049213 -0.265561,
        1.436547 0.069597 -0.259063,
        1.455090 0.085239 -0.250595,
        1.476683 0.095071 -0.240734,
        1.499855 0.098425 -0.230152,
        1.523028 0.095071 -0.219569,
        1.544620 0.085239 -0.209708,
        1.563163 0.069597 -0.201240,
        1.577391 0.049213 -0.194742,
        1.586335 0.025474 -0.190657,
        1.589386 -0.000000 -0.189264,
        1.586335 -0.025474 -0.190657,
        1.577391 -0.049213 -0.194742,
        1.563163 -0.069597 -0.201240,
        1.544620 -0.085239 -0.209708,
        1.523028 -0.095071 -0.219569,
        1.499855 -0.098425 -0.230152,
        1.476683 -0.095071 -0.240734,
        1.455090 -0.085239 -0.250595,
        1.436547 -0.069597 -0.259063,
        1.422319 -0.049213 -0.265561,
        1.413375 -0.025474 -0.269646,
        1.390134 -0.000000 -0.234063,
        1.392955 0.025474 -0.232250,
        1.401227 0.049213 -0.226933,
        1.414386 0.069597 -0.218477,
        1.431534 0.085239 -0.207456,
        1.451504 0.095071 -0.194622,
        1.472935 0.098425 -0.180850,
        1.494365 0.095071 -0.167078,
        1.514335 0.085239 -0.154244,
        1.531483 0.069597 -0.143223,
        1.544642 0.049213 -0.134767,
        1.552914 0.025474 -0.129450,
        1.555735 -0.000000 -0.127637,
        1.552914 -0.025474 -0.129450,
        1.544642 -0.049213 -0.134767,
        1.531483 -0.069597 -0.143223,
        1.514335 -0.085239 -0.154244,
        1.494365 -0.095071 -0.167078,
        1.472935 -0.098425 -0.180850,
        1.451504 -0.095071 -0.194622,
        1.431534 -0.085239 -0.207456,
        1.414386 -0.069597 -0.218477,
        1.401227 -0.049213 -0.226933,
        1.392955 -0.025474 -0.232250,
        1.364887 -0.000000 -0.200336,
        1.367421 0.025474 -0.198140,
        1.374852 0.049213 -0.191701,
        1.386674 0.069597 -0.181458,
        1.402079 0.085239 -0.168109,
        1.420019 0.095071 -0.152564,
        1.439272 0.098425 -0.135881,
        1.458524 0.095071 -0.119200,
        1.476464 0.085239 -0.103654,
        1.491870 0.069597 -0.090305,
        1.503691 0.049213 -0.080062,
        1.511122 0.025474 -0.073623,
        1.513656 -0.000000 -0.071427,
        1.511122 -0.025474 -0.073623,
        1.503691 -0.049213 -0.080062,
        1.491870 -0.069597 -0.090305,
        1.476464 -0.085239 -0.103654,
        1.458524 -0.095071 -0.119200,
        1.439272 -0.098425 -0.135881,
        1.420019 -0.095071 -0.152564,
        1.402079 -0.085239 -0.168109,
        1.386674 -0.069597 -0.181458,
        1.374852 -0.049213 -0.191701,
        1.367421 -0.025474 -0.198140,
        1.335096 -0.000000 -0.170546,
        1.337293 0.025474 -0.168012,
        1.343732 0.049213 -0.160581,
        1.353975 0.069597 -0.148759,
        1.367324 0.085239 -0.133354,
        1.382869 0.095071 -0.115414,
        1.399552 0.098425 -0.096161,
        1.416234 0.095071 -0.076909,
        1.431779 0.085239 -0.058969,
        1.445128 0.069597 -0.043564,
        1.455371 0.049213 -0.031743,
        1.461810 0.025474 -0.024311,
        1.464006 -0.000000 -0.021777,
        1.461810 -0.025474 -0.024311,
        1.455371 -0.049213 -0.031743,
        1.445128 -0.069597 -0.043564,
        1.431779 -0.085239 -0.058969,
        1.416234 -0.095071 -0.076909,
        1.399552 -0.098425 -0.096161,
        1.382869 -0.095071 -0.115414,
        1.367324 -0.085239 -0.133354,
        1.353975 -0.069597 -0.148759,
        1.343732 -0.049213 -0.160581,
        1.337293 -0.025474 -0.168012,
        1.301370 -0.000000 -0.145299,
        1.303183 0.025474 -0.142478,
        1.308500 0.049213 -0.134206,
        1.316956 0.069597 -0.121047,
        1.327977 0.085239 -0.103899,
        1.340811 0.095071 -0.083929,
        1.354583 0.098425 -0.062498,
        1.368356 0.095071 -0.041068,
        1.381189 0.085239 -0.021098,
        1.392210 0.069597 -0.003950,
        1.400667 0.049213 0.009209,
        1.405983 0.025474 0.017481,
        1.407796 -0.000000 0.020302,
        1.405983 -0.025474 0.017481,
        1.400667 -0.049213 0.009209,
        1.392210 -0.069597 -0.003950,
        1.381189 -0.085239 -0.021098,
        1.368356 -0.095071 -0.041068,
        1.354583 -0.098425 -0.062498,
        1.340811 -0.095071 -0.083929,
        1.327977 -0.085239 -0.103899,
        1.316956 -0.069597 -0.121047,
        1.308500 -0.049213 -0.134206,
        1.303183 -0.025474 -0.142478,
        1.264394 -0.000000 -0.125109,
        1.265787 0.025474 -0.122058,
        1.269872 0.049213 -0.113114,
        1.276370 0.069597 -0.098886,
        1.284838 0.085239 -0.080343,
        1.294699 0.095071 -0.058750,
        1.305281 0.098425 -0.035578,
        1.315864 0.095071 -0.012406,
        1.325725 0.085239 0.009187,
        1.334193 0.069597 0.027730,
        1.340691 0.049213 0.041958,
        1.344776 0.025474 0.050902,
        1.346169 -0.000000 0.053953,
        1.344776 -0.025474 0.050902,
        1.340691 -0.049213 0.041958,
        1.334193 -0.069597 0.027730,
        1.325725 -0.085239 0.009187,
        1.315864 -0.095071 -0.012406,
        1.305281 -0.098425 -0.035578,
        1.294699 -0.095071 -0.058750,
        1.284838 -0.085239 -0.080343,
        1.276370 -0.069597 -0.098886,
        1.269872 -0.049213 -0.113114,
        1.265787 -0.025474 -0.122058,
        1.224921 -0.000000 -0.110386,
        1.225866 0.025474 -0.107168,
        1.228636 0.049213 -0.097733,
        1.233043 0.069597 -0.082726,
        1.238786 0.085239 -0.063167,
        1.245474 0.095071 -0.040390,
        1.252650 0.098425 -0.015948,
        1.259828 0.095071 0.008495,
        1.266515 0.085239 0.031272,
        1.272258 0.069597 0.050830,
        1.276665 0.049213 0.065838,
        1.279435 0.025474 0.075273,
        1.280380 -0.000000 0.078491,
        1.279435 -0.025474 0.075273,
        1.276665 -0.049213 0.065838,
        1.272258 -0.069597 0.050830,
        1.266515 -0.085239 0.031272,
        1.259828 -0.095071 0.008495,
        1.252650 -0.098425 -0.015948,
        1.245474 -0.095071 -0.040390,
        1.238786 -0.085239 -0.063167,
        1.233043 -0.069597 -0.082726,
        1.228636 -0.049213 -0.097733,
        1.225866 -0.025474 -0.107168,
        1.183754 -0.000000 -0.101431,
        1.184231 0.025474 -0.098111,
        1.185631 0.049213 -0.088378,
        1.187857 0.069597 -0.072896,
        1.190758 0.085239 -0.052719,
        1.194137 0.095071 -0.029222,
        1.197762 0.098425 -0.004007,
        1.201387 0.095071 0.021208,
        1.204765 0.085239 0.044704,
        1.207667 0.069597 0.064881,
        1.209893 0.049213 0.080364,
        1.211292 0.025474 0.090096,
        1.211769 -0.000000 0.093416,
        1.211292 -0.025474 0.090096,
        1.209893 -0.049213 0.080364,
        1.207667 -0.069597 0.064881,
        1.204765 -0.085239 0.044704,
        1.201387 -0.095071 0.021208,
        1.197762 -0.098425 -0.004007,
        1.194137 -0.095071 -0.029222,
        1.190758 -0.085239 -0.052719,
        1.187857 -0.069597 -0.072896,
        1.185631 -0.049213 -0.088378,
        1.184231 -0.025474 -0.098111,
      ]
    }
    coordIndex [
      48, 49, 50, -1,
      50, 49, 51, -1,
      50, 51, 52, -1,
      53, 54, 50, -1,
      50, 54, 55, -1,
      50, 55, 48, -1,
      56, 57, 50, -1,
      50, 57, 58, -1,
      50, 58, 53, -1,
      59, 60, 50, -1,
      50, 60, 61, -1,
      50, 61, 56, -1,
      62, 63, 50, -1,
      50, 63, 64, -1,
      50, 64, 59, -1,
      65, 66, 50, -1,
      50, 66, 67, -1,
      50, 67, 62, -1,
      68, 69, 50, -1,
      50, 69, 70, -1,
      50, 70, 65, -1,
      52, 71, 50, -1,
      50, 71, 72, -1,
      50, 72, 68, -1,
      73, 46, 74, -1,
      74, 46, 43, -1,
      74, 43, 75, -1,
      75, 43, 44, -1,
      75, 44, 76, -1,
      76, 44, 38, -1,
      76, 38, 77, -1,
      77, 38, 39, -1,
      77, 39, 78, -1,
      78, 39, 35, -1,
      78, 35, 79, -1,
      79, 35, 36, -1,
      79, 36, 80, -1,
      80, 36, 30, -1,
      80, 30, 81, -1,
      81, 30, 31, -1,
      81, 31, 82, -1,
      82, 31, 32, -1,
      82, 32, 83, -1,
      83, 32, 37, -1,
      83, 37, 84, -1,
      84, 37, 33, -1,
      84, 33, 85, -1,
      85, 33, 34, -1,
      85, 34, 86, -1,
      86, 34, 24, -1,
      86, 24, 87, -1,
      87, 24, 25, -1,
      87, 25, 88, -1,
      88, 25, 26, -1,
      88, 26, 89, -1,
      89, 26, 27, -1,
      89, 27, 90, -1,
      90, 27, 28, -1,
      90, 28, 91, -1,
      91, 28, 29, -1,
      91, 29, 92, -1,
      92, 29, 47, -1,
      92, 47, 93, -1,
      93, 47, 40, -1,
      93, 40, 94, -1,
      94, 40, 41, -1,
      94, 41, 95, -1,
      95, 41, 42, -1,
      95, 42, 96, -1,
      96, 42, 45, -1,
      96, 45, 73, -1,
      73, 45, 46, -1,
      97, 98, 99, -1,
      99, 98, 100, -1,
      99, 100, 101, -1,
      101, 100, 102, -1,
      101, 102, 103, -1,
      103, 102, 104, -1,
      103, 104, 105, -1,
      105, 104, 106, -1,
      105, 106, 107, -1,
      107, 106, 108, -1,
      107, 108, 109, -1,
      109, 108, 110, -1,
      109, 110, 111, -1,
      111, 110, 112, -1,
      111, 112, 113, -1,
      113, 112, 114, -1,
      113, 114, 115, -1,
      115, 114, 116, -1,
      115, 116, 117, -1,
      117, 116, 118, -1,
      117, 118, 119, -1,
      119, 118, 120, -1,
      119, 120, 121, -1,
      121, 120, 122, -1,
      121, 122, 123, -1,
      123, 122, 124, -1,
      123, 124, 125, -1,
      125, 124, 126, -1,
      125, 126, 127, -1,
      127, 126, 128, -1,
      127, 128, 129, -1,
      129, 128, 130, -1,
      129, 130, 131, -1,
      131, 130, 132, -1,
      131, 132, 133, -1,
      133, 132, 134, -1,
      133, 134, 135, -1,
      135, 134, 136, -1,
      135, 136, 137, -1,
      137, 136, 138, -1,
      137, 138, 139, -1,
      139, 138, 140, -1,
      139, 140, 141, -1,
      141, 140, 142, -1,
      141, 142, 143, -1,
      143, 142, 144, -1,
      143, 144, 97, -1,
      97, 144, 98, -1,
      98, 145, 100, -1,
      100, 145, 146, -1,
      100, 146, 102, -1,
      102, 146, 147, -1,
      102, 147, 104, -1,
      104, 147, 148, -1,
      104, 148, 106, -1,
      106, 148, 149, -1,
      106, 149, 108, -1,
      108, 149, 150, -1,
      108, 150, 110, -1,
      110, 150, 151, -1,
      110, 151, 112, -1,
      112, 151, 152, -1,
      112, 152, 114, -1,
      114, 152, 153, -1,
      114, 153, 116, -1,
      116, 153, 154, -1,
      116, 154, 118, -1,
      118, 154, 155, -1,
      118, 155, 120, -1,
      120, 155, 156, -1,
      120, 156, 122, -1,
      122, 156, 157, -1,
      122, 157, 124, -1,
      124, 157, 158, -1,
      124, 158, 126, -1,
      126, 158, 159, -1,
      126, 159, 128, -1,
      128, 159, 160, -1,
      128, 160, 130, -1,
      130, 160, 161, -1,
      130, 161, 132, -1,
      132, 161, 162, -1,
      132, 162, 134, -1,
      134, 162, 163, -1,
      134, 163, 136, -1,
      136, 163, 164, -1,
      136, 164, 138, -1,
      138, 164, 165, -1,
      138, 165, 140, -1,
      140, 165, 166, -1,
      140, 166, 142, -1,
      142, 166, 167, -1,
      142, 167, 144, -1,
      144, 167, 168, -1,
      144, 168, 98, -1,
      98, 168, 145, -1,
      145, 169, 146, -1,
      146, 169, 170, -1,
      146, 170, 147, -1,
      147, 170, 171, -1,
      147, 171, 148, -1,
      148, 171, 172, -1,
      148, 172, 149, -1,
      149, 172, 173, -1,
      149, 173, 150, -1,
      150, 173, 174, -1,
      150, 174, 151, -1,
      151, 174, 175, -1,
      151, 175, 152, -1,
      152, 175, 176, -1,
      152, 176, 153, -1,
      153, 176, 177, -1,
      153, 177, 154, -1,
      154, 177, 178, -1,
      154, 178, 155, -1,
      155, 178, 179, -1,
      155, 179, 156, -1,
      156, 179, 180, -1,
      156, 180, 157, -1,
      157, 180, 181, -1,
      157, 181, 158, -1,
      158, 181, 182, -1,
      158, 182, 159, -1,
      159, 182, 183, -1,
      159, 183, 160, -1,
      160, 183, 184, -1,
      160, 184, 161, -1,
      161, 184, 185, -1,
      161, 185, 162, -1,
      162, 185, 186, -1,
      162, 186, 163, -1,
      163, 186, 187, -1,
      163, 187, 164, -1,
      164, 187, 188, -1,
      164, 188, 165, -1,
      165, 188, 189, -1,
      165, 189, 166, -1,
      166, 189, 190, -1,
      166, 190, 167, -1,
      167, 190, 191, -1,
      167, 191, 168, -1,
      168, 191, 192, -1,
      168, 192, 145, -1,
      145, 192, 169, -1,
      169, 193, 170, -1,
      170, 193, 194, -1,
      170, 194, 171, -1,
      171, 194, 195, -1,
      171, 195, 172, -1,
      172, 195, 196, -1,
      172, 196, 173, -1,
      173, 196, 197, -1,
      173, 197, 174, -1,
      174, 197, 198, -1,
      174, 198, 175, -1,
      175, 198, 199, -1,
      175, 199, 176, -1,
      176, 199, 200, -1,
      176, 200, 177, -1,
      177, 200, 201, -1,
      177, 201, 178, -1,
      178, 201, 202, -1,
      178, 202, 179, -1,
      179, 202, 203, -1,
      179, 203, 180, -1,
      180, 203, 204, -1,
      180, 204, 181, -1,
      181, 204, 205, -1,
      181, 205, 182, -1,
      182, 205, 206, -1,
      182, 206, 183, -1,
      183, 206, 207, -1,
      183, 207, 184, -1,
      184, 207, 208, -1,
      184, 208, 185, -1,
      185, 208, 209, -1,
      185, 209, 186, -1,
      186, 209, 210, -1,
      186, 210, 187, -1,
      187, 210, 211, -1,
      187, 211, 188, -1,
      188, 211, 212, -1,
      188, 212, 189, -1,
      189, 212, 213, -1,
      189, 213, 190, -1,
      190, 213, 214, -1,
      190, 214, 191, -1,
      191, 214, 215, -1,
      191, 215, 192, -1,
      192, 215, 216, -1,
      192, 216, 169, -1,
      169, 216, 193, -1,
      193, 217, 194, -1,
      194, 217, 218, -1,
      194, 218, 195, -1,
      195, 218, 219, -1,
      195, 219, 196, -1,
      196, 219, 220, -1,
      196, 220, 197, -1,
      197, 220, 221, -1,
      197, 221, 198, -1,
      198, 221, 222, -1,
      198, 222, 199, -1,
      199, 222, 223, -1,
      199, 223, 200, -1,
      200, 223, 224, -1,
      200, 224, 201, -1,
      201, 224, 225, -1,
      201, 225, 202, -1,
      202, 225, 226, -1,
      202, 226, 203, -1,
      203, 226, 227, -1,
      203, 227, 204, -1,
      204, 227, 228, -1,
      204, 228, 205, -1,
      205, 228, 229, -1,
      205, 229, 206, -1,
      206, 229, 230, -1,
      206, 230, 207, -1,
      207, 230, 231, -1,
      207, 231, 208, -1,
      208, 231, 232, -1,
      208, 232, 209, -1,
      209, 232, 233, -1,
      209, 233, 210, -1,
      210, 233, 234, -1,
      210, 234, 211, -1,
      211, 234, 235, -1,
      211, 235, 212, -1,
      212, 235, 236, -1,
      212, 236, 213, -1,
      213, 236, 237, -1,
      213, 237, 214, -1,
      214, 237, 238, -1,
      214, 238, 215, -1,
      215, 238, 239, -1,
      215, 239, 216, -1,
      216, 239, 240, -1,
      216, 240, 193, -1,
      193, 240, 217, -1,
      217, 241, 218, -1,
      218, 241, 242, -1,
      218, 242, 219, -1,
      219, 242, 243, -1,
      219, 243, 220, -1,
      220, 243, 244, -1,
      220, 244, 221, -1,
      221, 244, 245, -1,
      221, 245, 222, -1,
      222, 245, 246, -1,
      222, 246, 223, -1,
      223, 246, 247, -1,
      223, 247, 224, -1,
      224, 247, 248, -1,
      224, 248, 225, -1,
      225, 248, 249, -1,
      225, 249, 226, -1,
      226, 249, 250, -1,
      226, 250, 227, -1,
      227, 250, 251, -1,
      227, 251, 228, -1,
      228, 251, 252, -1,
      228, 252, 229, -1,
      229, 252, 253, -1,
      229, 253, 230, -1,
      230, 253, 254, -1,
      230, 254, 231, -1,
      231, 254, 255, -1,
      231, 255, 232, -1,
      232, 255, 256, -1,
      232, 256, 233, -1,
      233, 256, 257, -1,
      233, 257, 234, -1,
      234, 257, 258, -1,
      234, 258, 235, -1,
      235, 258, 259, -1,
      235, 259, 236, -1,
      236, 259, 260, -1,
      236, 260, 237, -1,
      237, 260, 261, -1,
      237, 261, 238, -1,
      238, 261, 262, -1,
      238, 262, 239, -1,
      239, 262, 263, -1,
      239, 263, 240, -1,
      240, 263, 264, -1,
      240, 264, 217, -1,
      217, 264, 241, -1,
      241, 265, 242, -1,
      242, 265, 266, -1,
      242, 266, 243, -1,
      243, 266, 267, -1,
      243, 267, 244, -1,
      244, 267, 268, -1,
      244, 268, 245, -1,
      245, 268, 269, -1,
      245, 269, 246, -1,
      246, 269, 270, -1,
      246, 270, 247, -1,
      247, 270, 271, -1,
      247, 271, 248, -1,
      248, 271, 272, -1,
      248, 272, 249, -1,
      249, 272, 273, -1,
      249, 273, 250, -1,
      250, 273, 274, -1,
      250, 274, 251, -1,
      251, 274, 275, -1,
      251, 275, 252, -1,
      252, 275, 276, -1,
      252, 276, 253, -1,
      253, 276, 277, -1,
      253, 277, 254, -1,
      254, 277, 278, -1,
      254, 278, 255, -1,
      255, 278, 279, -1,
      255, 279, 256, -1,
      256, 279, 280, -1,
      256, 280, 257, -1,
      257, 280, 281, -1,
      257, 281, 258, -1,
      258, 281, 282, -1,
      258, 282, 259, -1,
      259, 282, 283, -1,
      259, 283, 260, -1,
      260, 283, 284, -1,
      260, 284, 261, -1,
      261, 284, 285, -1,
      261, 285, 262, -1,
      262, 285, 286, -1,
      262, 286, 263, -1,
      263, 286, 287, -1,
      263, 287, 264, -1,
      264, 287, 288, -1,
      264, 288, 241, -1,
      241, 288, 265, -1,
      265, 289, 266, -1,
      266, 289, 290, -1,
      266, 290, 267, -1,
      267, 290, 291, -1,
      267, 291, 268, -1,
      268, 291, 292, -1,
      268, 292, 269, -1,
      269, 292, 293, -1,
      269, 293, 270, -1,
      270, 293, 294, -1,
      270, 294, 271, -1,
      271, 294, 295, -1,
      271, 295, 272, -1,
      272, 295, 296, -1,
      272, 296, 273, -1,
      273, 296, 297, -1,
      273, 297, 274, -1,
      274, 297, 298, -1,
      274, 298, 275, -1,
      275, 298, 299, -1,
      275, 299, 276, -1,
      276, 299, 300, -1,
      276, 300, 277, -1,
      277, 300, 301, -1,
      277, 301, 278, -1,
      278, 301, 302, -1,
      278, 302, 279, -1,
      279, 302, 303, -1,
      279, 303, 280, -1,
      280, 303, 304, -1,
      280, 304, 281, -1,
      281, 304, 305, -1,
      281, 305, 282, -1,
      282, 305, 306, -1,
      282, 306, 283, -1,
      283, 306, 307, -1,
      283, 307, 284, -1,
      284, 307, 308, -1,
      284, 308, 285, -1,
      285, 308, 309, -1,
      285, 309, 286, -1,
      286, 309, 310, -1,
      286, 310, 287, -1,
      287, 310, 311, -1,
      287, 311, 288, -1,
      288, 311, 312, -1,
      288, 312, 265, -1,
      265, 312, 289, -1,
      289, 313, 290, -1,
      290, 313, 314, -1,
      290, 314, 291, -1,
      291, 314, 315, -1,
      291, 315, 292, -1,
      292, 315, 316, -1,
      292, 316, 293, -1,
      293, 316, 317, -1,
      293, 317, 294, -1,
      294, 317, 318, -1,
      294, 318, 295, -1,
      295, 318, 319, -1,
      295, 319, 296, -1,
      296, 319, 320, -1,
      296, 320, 297, -1,
      297, 320, 321, -1,
      297, 321, 298, -1,
      298, 321, 322, -1,
      298, 322, 299, -1,
      299, 322, 323, -1,
      299, 323, 300, -1,
      300, 323, 324, -1,
      300, 324, 301, -1,
      301, 324, 325, -1,
      301, 325, 302, -1,
      302, 325, 326, -1,
      302, 326, 303, -1,
      303, 326, 327, -1,
      303, 327, 304, -1,
      304, 327, 328, -1,
      304, 328, 305, -1,
      305, 328, 329, -1,
      305, 329, 306, -1,
      306, 329, 330, -1,
      306, 330, 307, -1,
      307, 330, 331, -1,
      307, 331, 308, -1,
      308, 331, 332, -1,
      308, 332, 309, -1,
      309, 332, 333, -1,
      309, 333, 310, -1,
      310, 333, 334, -1,
      310, 334, 311, -1,
      311, 334, 335, -1,
      311, 335, 312, -1,
      312, 335, 336, -1,
      312, 336, 289, -1,
      289, 336, 313, -1,
      313, 337, 314, -1,
      314, 337, 338, -1,
      314, 338, 315, -1,
      315, 338, 339, -1,
      315, 339, 316, -1,
      316, 339, 340, -1,
      316, 340, 317, -1,
      317, 340, 341, -1,
      317, 341, 318, -1,
      318, 341, 342, -1,
      318, 342, 319, -1,
      319, 342, 343, -1,
      319, 343, 320, -1,
      320, 343, 344, -1,
      320, 344, 321, -1,
      321, 344, 345, -1,
      321, 345, 322, -1,
      322, 345, 346, -1,
      322, 346, 323, -1,
      323, 346, 347, -1,
      323, 347, 324, -1,
      324, 347, 348, -1,
      324, 348, 325, -1,
      325, 348, 349, -1,
      325, 349, 326, -1,
      326, 349, 350, -1,
      326, 350, 327, -1,
      327, 350, 351, -1,
      327, 351, 328, -1,
      328, 351, 352, -1,
      328, 352, 329, -1,
      329, 352, 353, -1,
      329, 353, 330, -1,
      330, 353, 354, -1,
      330, 354, 331, -1,
      331, 354, 355, -1,
      331, 355, 332, -1,
      332, 355, 356, -1,
      332, 356, 333, -1,
      333, 356, 357, -1,
      333, 357, 334, -1,
      334, 357, 358, -1,
      334, 358, 335, -1,
      335, 358, 359, -1,
      335, 359, 336, -1,
      336, 359, 360, -1,
      336, 360, 313, -1,
      313, 360, 337, -1,
      337, 85, 338, -1,
      338, 85, 86, -1,
      338, 86, 339, -1,
      339, 86, 87, -1,
      339, 87, 340, -1,
      340, 87, 88, -1,
      340, 88, 341, -1,
      341, 88, 89, -1,
      341, 89, 342, -1,
      342, 89, 90, -1,
      342, 90, 343, -1,
      343, 90, 91, -1,
      343, 91, 344, -1,
      344, 91, 92, -1,
      344, 92, 345, -1,
      345, 92, 93, -1,
      345, 93, 346, -1,
      346, 93, 94, -1,
      346, 94, 347, -1,
      347, 94, 95, -1,
      347, 95, 348, -1,
      348, 95, 96, -1,
      348, 96, 349, -1,
      349, 96, 73, -1,
      349, 73, 350, -1,
      350, 73, 74, -1,
      350, 74, 351, -1,
      351, 74, 75, -1,
      351, 75, 352, -1,
      352, 75, 76, -1,
      352, 76, 353, -1,
      353, 76, 77, -1,
      353, 77, 354, -1,
      354, 77, 78, -1,
      354, 78, 355, -1,
      355, 78, 79, -1,
      355, 79, 356, -1,
      356, 79, 80, -1,
      356, 80, 357, -1,
      357, 80, 81, -1,
      357, 81, 358, -1,
      358, 81, 82, -1,
      358, 82, 359, -1,
      359, 82, 83, -1,
      359, 83, 360, -1,
      360, 83, 84, -1,
      360, 84, 337, -1,
      337, 84, 85, -1,
      64, 123, 59, -1,
      59, 123, 125, -1,
      59, 125, 60, -1,
      60, 125, 127, -1,
      60, 127, 61, -1,
      61, 127, 129, -1,
      61, 129, 56, -1,
      56, 129, 131, -1,
      56, 131, 57, -1,
      57, 131, 133, -1,
      57, 133, 58, -1,
      58, 133, 135, -1,
      58, 135, 53, -1,
      53, 135, 137, -1,
      53, 137, 54, -1,
      54, 137, 139, -1,
      54, 139, 55, -1,
      55, 139, 141, -1,
      55, 141, 48, -1,
      48, 141, 143, -1,
      48, 143, 49, -1,
      49, 143, 97, -1,
      49, 97, 51, -1,
      51, 97, 99, -1,
      51, 99, 52, -1,
      52, 99, 101, -1,
      52, 101, 71, -1,
      71, 101, 103, -1,
      71, 103, 72, -1,
      72, 103, 105, -1,
      72, 105, 68, -1,
      68, 105, 107, -1,
      68, 107, 69, -1,
      69, 107, 109, -1,
      69, 109, 70, -1,
      70, 109, 111, -1,
      70, 111, 65, -1,
      65, 111, 113, -1,
      65, 113, 66, -1,
      66, 113, 115, -1,
      66, 115, 67, -1,
      67, 115, 117, -1,
      67, 117, 62, -1,
      62, 117, 119, -1,
      62, 119, 63, -1,
      63, 119, 121, -1,
      63, 121, 64, -1,
      64, 121, 123, -1,
      361, 362, 363, -1,
      363, 362, 364, -1,
      363, 364, 365, -1,
      366, 367, 363, -1,
      363, 367, 368, -1,
      363, 368, 361, -1,
      369, 370, 363, -1,
      363, 370, 371, -1,
      363, 371, 366, -1,
      372, 373, 363, -1,
      363, 373, 374, -1,
      363, 374, 369, -1,
      375, 376, 363, -1,
      363, 376, 377, -1,
      363, 377, 372, -1,
      378, 379, 363, -1,
      363, 379, 380, -1,
      363, 380, 375, -1,
      381, 382, 363, -1,
      363, 382, 383, -1,
      363, 383, 378, -1,
      365, 384, 363, -1,
      363, 384, 385, -1,
      363, 385, 381, -1,
      386, 9, 387, -1,
      387, 9, 7, -1,
      387, 7, 388, -1,
      388, 7, 8, -1,
      388, 8, 389, -1,
      389, 8, 3, -1,
      389, 3, 390, -1,
      390, 3, 4, -1,
      390, 4, 391, -1,
      391, 4, 5, -1,
      391, 5, 392, -1,
      392, 5, 6, -1,
      392, 6, 393, -1,
      393, 6, 17, -1,
      393, 17, 394, -1,
      394, 17, 14, -1,
      394, 14, 395, -1,
      395, 14, 15, -1,
      395, 15, 396, -1,
      396, 15, 16, -1,
      396, 16, 397, -1,
      397, 16, 23, -1,
      397, 23, 398, -1,
      398, 23, 20, -1,
      398, 20, 399, -1,
      399, 20, 21, -1,
      399, 21, 400, -1,
      400, 21, 22, -1,
      400, 22, 401, -1,
      401, 22, 18, -1,
      401, 18, 402, -1,
      402, 18, 19, -1,
      402, 19, 403, -1,
      403, 19, 12, -1,
      403, 12, 404, -1,
      404, 12, 13, -1,
      404, 13, 405, -1,
      405, 13, 10, -1,
      405, 10, 406, -1,
      406, 10, 11, -1,
      406, 11, 407, -1,
      407, 11, 0, -1,
      407, 0, 408, -1,
      408, 0, 1, -1,
      408, 1, 409, -1,
      409, 1, 2, -1,
      409, 2, 386, -1,
      386, 2, 9, -1,
      410, 411, 412, -1,
      412, 411, 413, -1,
      412, 413, 414, -1,
      414, 413, 415, -1,
      414, 415, 416, -1,
      416, 415, 417, -1,
      416, 417, 418, -1,
      418, 417, 419, -1,
      418, 419, 420, -1,
      420, 419, 421, -1,
      420, 421, 422, -1,
      422, 421, 423, -1,
      422, 423, 424, -1,
      424, 423, 425, -1,
      424, 425, 426, -1,
      426, 425, 427, -1,
      426, 427, 428, -1,
      428, 427, 429, -1,
      428, 429, 430, -1,
      430, 429, 431, -1,
      430, 431, 432, -1,
      432, 431, 433, -1,
      432, 433, 434, -1,
      434, 433, 435, -1,
      434, 435, 436, -1,
      436, 435, 437, -1,
      436, 437, 438, -1,
      438, 437, 439, -1,
      438, 439, 440, -1,
      440, 439, 441, -1,
      440, 441, 442, -1,
      442, 441, 443, -1,
      442, 443, 444, -1,
      444, 443, 445, -1,
      444, 445, 446, -1,
      446, 445, 447, -1,
      446, 447, 448, -1,
      448, 447, 449, -1,
      448, 449, 450, -1,
      450, 449, 451, -1,
      450, 451, 452, -1,
      452, 451, 453, -1,
      452, 453, 454, -1,
      454, 453, 455, -1,
      454, 455, 456, -1,
      456, 455, 457, -1,
      456, 457, 410, -1,
      410, 457, 411, -1,
      411, 458, 413, -1,
      413, 458, 459, -1,
      413, 459, 415, -1,
      415, 459, 460, -1,
      415, 460, 417, -1,
      417, 460, 461, -1,
      417, 461, 419, -1,
      419, 461, 462, -1,
      419, 462, 421, -1,
      421, 462, 463, -1,
      421, 463, 423, -1,
      423, 463, 464, -1,
      423, 464, 425, -1,
      425, 464, 465, -1,
      425, 465, 427, -1,
      427, 465, 466, -1,
      427, 466, 429, -1,
      429, 466, 467, -1,
      429, 467, 431, -1,
      431, 467, 468, -1,
      431, 468, 433, -1,
      433, 468, 469, -1,
      433, 469, 435, -1,
      435, 469, 470, -1,
      435, 470, 437, -1,
      437, 470, 471, -1,
      437, 471, 439, -1,
      439, 471, 472, -1,
      439, 472, 441, -1,
      441, 472, 473, -1,
      441, 473, 443, -1,
      443, 473, 474, -1,
      443, 474, 445, -1,
      445, 474, 475, -1,
      445, 475, 447, -1,
      447, 475, 476, -1,
      447, 476, 449, -1,
      449, 476, 477, -1,
      449, 477, 451, -1,
      451, 477, 478, -1,
      451, 478, 453, -1,
      453, 478, 479, -1,
      453, 479, 455, -1,
      455, 479, 480, -1,
      455, 480, 457, -1,
      457, 480, 481, -1,
      457, 481, 411, -1,
      411, 481, 458, -1,
      458, 482, 459, -1,
      459, 482, 483, -1,
      459, 483, 460, -1,
      460, 483, 484, -1,
      460, 484, 461, -1,
      461, 484, 485, -1,
      461, 485, 462, -1,
      462, 485, 486, -1,
      462, 486, 463, -1,
      463, 486, 487, -1,
      463, 487, 464, -1,
      464, 487, 488, -1,
      464, 488, 465, -1,
      465, 488, 489, -1,
      465, 489, 466, -1,
      466, 489, 490, -1,
      466, 490, 467, -1,
      467, 490, 491, -1,
      467, 491, 468, -1,
      468, 491, 492, -1,
      468, 492, 469, -1,
      469, 492, 493, -1,
      469, 493, 470, -1,
      470, 493, 494, -1,
      470, 494, 471, -1,
      471, 494, 495, -1,
      471, 495, 472, -1,
      472, 495, 496, -1,
      472, 496, 473, -1,
      473, 496, 497, -1,
      473, 497, 474, -1,
      474, 497, 498, -1,
      474, 498, 475, -1,
      475, 498, 499, -1,
      475, 499, 476, -1,
      476, 499, 500, -1,
      476, 500, 477, -1,
      477, 500, 501, -1,
      477, 501, 478, -1,
      478, 501, 502, -1,
      478, 502, 479, -1,
      479, 502, 503, -1,
      479, 503, 480, -1,
      480, 503, 504, -1,
      480, 504, 481, -1,
      481, 504, 505, -1,
      481, 505, 458, -1,
      458, 505, 482, -1,
      482, 506, 483, -1,
      483, 506, 507, -1,
      483, 507, 484, -1,
      484, 507, 508, -1,
      484, 508, 485, -1,
      485, 508, 509, -1,
      485, 509, 486, -1,
      486, 509, 510, -1,
      486, 510, 487, -1,
      487, 510, 511, -1,
      487, 511, 488, -1,
      488, 511, 512, -1,
      488, 512, 489, -1,
      489, 512, 513, -1,
      489, 513, 490, -1,
      490, 513, 514, -1,
      490, 514, 491, -1,
      491, 514, 515, -1,
      491, 515, 492, -1,
      492, 515, 516, -1,
      492, 516, 493, -1,
      493, 516, 517, -1,
      493, 517, 494, -1,
      494, 517, 518, -1,
      494, 518, 495, -1,
      495, 518, 519, -1,
      495, 519, 496, -1,
      496, 519, 520, -1,
      496, 520, 497, -1,
      497, 520, 521, -1,
      497, 521, 498, -1,
      498, 521, 522, -1,
      498, 522, 499, -1,
      499, 522, 523, -1,
      499, 523, 500, -1,
      500, 523, 524, -1,
      500, 524, 501, -1,
      501, 524, 525, -1,
      501, 525, 502, -1,
      502, 525, 526, -1,
      502, 526, 503, -1,
      503, 526, 527, -1,
      503, 527, 504, -1,
      504, 527, 528, -1,
      504, 528, 505, -1,
      505, 528, 529, -1,
      505, 529, 482, -1,
      482, 529, 506, -1,
      506, 530, 507, -1,
      507, 530, 531, -1,
      507, 531, 508, -1,
      508, 531, 532, -1,
      508, 532, 509, -1,
      509, 532, 533, -1,
      509, 533, 510, -1,
      510, 533, 534, -1,
      510, 534, 511, -1,
      511, 534, 535, -1,
      511, 535, 512, -1,
      512, 535, 536, -1,
      512, 536, 513, -1,
      513, 536, 537, -1,
      513, 537, 514, -1,
      514, 537, 538, -1,
      514, 538, 515, -1,
      515, 538, 539, -1,
      515, 539, 516, -1,
      516, 539, 540, -1,
      516, 540, 517, -1,
      517, 540, 541, -1,
      517, 541, 518, -1,
      518, 541, 542, -1,
      518, 542, 519, -1,
      519, 542, 543, -1,
      519, 543, 520, -1,
      520, 543, 544, -1,
      520, 544, 521, -1,
      521, 544, 545, -1,
      521, 545, 522, -1,
      522, 545, 546, -1,
      522, 546, 523, -1,
      523, 546, 547, -1,
      523, 547, 524, -1,
      524, 547, 548, -1,
      524, 548, 525, -1,
      525, 548, 549, -1,
      525, 549, 526, -1,
      526, 549, 550, -1,
      526, 550, 527, -1,
      527, 550, 551, -1,
      527, 551, 528, -1,
      528, 551, 552, -1,
      528, 552, 529, -1,
      529, 552, 553, -1,
      529, 553, 506, -1,
      506, 553, 530, -1,
      530, 554, 531, -1,
      531, 554, 555, -1,
      531, 555, 532, -1,
      532, 555, 556, -1,
      532, 556, 533, -1,
      533, 556, 557, -1,
      533, 557, 534, -1,
      534, 557, 558, -1,
      534, 558, 535, -1,
      535, 558, 559, -1,
      535, 559, 536, -1,
      536, 559, 560, -1,
      536, 560, 537, -1,
      537, 560, 561, -1,
      537, 561, 538, -1,
      538, 561, 562, -1,
      538, 562, 539, -1,
      539, 562, 563, -1,
      539, 563, 540, -1,
      540, 563, 564, -1,
      540, 564, 541, -1,
      541, 564, 565, -1,
      541, 565, 542, -1,
      542, 565, 566, -1,
      542, 566, 543, -1,
      543, 566, 567, -1,
      543, 567, 544, -1,
      544, 567, 568, -1,
      544, 568, 545, -1,
      545, 568, 569, -1,
      545, 569, 546, -1,
      546, 569, 570, -1,
      546, 570, 547, -1,
      547, 570, 571, -1,
      547, 571, 548, -1,
      548, 571, 572, -1,
      548, 572, 549, -1,
      549, 572, 573, -1,
      549, 573, 550, -1,
      550, 573, 574, -1,
      550, 574, 551, -1,
      551, 574, 575, -1,
      551, 575, 552, -1,
      552, 575, 576, -1,
      552, 576, 553, -1,
      553, 576, 577, -1,
      553, 577, 530, -1,
      530, 577, 554, -1,
      554, 578, 555, -1,
      555, 578, 579, -1,
      555, 579, 556, -1,
      556, 579, 580, -1,
      556, 580, 557, -1,
      557, 580, 581, -1,
      557, 581, 558, -1,
      558, 581, 582, -1,
      558, 582, 559, -1,
      559, 582, 583, -1,
      559, 583, 560, -1,
      560, 583, 584, -1,
      560, 584, 561, -1,
      561, 584, 585, -1,
      561, 585, 562, -1,
      562, 585, 586, -1,
      562, 586, 563, -1,
      563, 586, 587, -1,
      563, 587, 564, -1,
      564, 587, 588, -1,
      564, 588, 565, -1,
      565, 588, 589, -1,
      565, 589, 566, -1,
      566, 589, 590, -1,
      566, 590, 567, -1,
      567, 590, 591, -1,
      567, 591, 568, -1,
      568, 591, 592, -1,
      568, 592, 569, -1,
      569, 592, 593, -1,
      569, 593, 570, -1,
      570, 593, 594, -1,
      570, 594, 571, -1,
      571, 594, 595, -1,
      571, 595, 572, -1,
      572, 595, 596, -1,
      572, 596, 573, -1,
      573, 596, 597, -1,
      573, 597, 574, -1,
      574, 597, 598, -1,
      574, 598, 575, -1,
      575, 598, 599, -1,
      575, 599, 576, -1,
      576, 599, 600, -1,
      576, 600, 577, -1,
      577, 600, 601, -1,
      577, 601, 554, -1,
      554, 601, 578, -1,
      578, 602, 579, -1,
      579, 602, 603, -1,
      579, 603, 580, -1,
      580, 603, 604, -1,
      580, 604, 581, -1,
      581, 604, 605, -1,
      581, 605, 582, -1,
      582, 605, 606, -1,
      582, 606, 583, -1,
      583, 606, 607, -1,
      583, 607, 584, -1,
      584, 607, 608, -1,
      584, 608, 585, -1,
      585, 608, 609, -1,
      585, 609, 586, -1,
      586, 609, 610, -1,
      586, 610, 587, -1,
      587, 610, 611, -1,
      587, 611, 588, -1,
      588, 611, 612, -1,
      588, 612, 589, -1,
      589, 612, 613, -1,
      589, 613, 590, -1,
      590, 613, 614, -1,
      590, 614, 591, -1,
      591, 614, 615, -1,
      591, 615, 592, -1,
      592, 615, 616, -1,
      592, 616, 593, -1,
      593, 616, 617, -1,
      593, 617, 594, -1,
      594, 617, 618, -1,
      594, 618, 595, -1,
      595, 618, 619, -1,
      595, 619, 596, -1,
      596, 619, 620, -1,
      596, 620, 597, -1,
      597, 620, 621, -1,
      597, 621, 598, -1,
      598, 621, 622, -1,
      598, 622, 599, -1,
      599, 622, 623, -1,
      599, 623, 600, -1,
      600, 623, 624, -1,
      600, 624, 601, -1,
      601, 624, 625, -1,
      601, 625, 578, -1,
      578, 625, 602, -1,
      602, 626, 603, -1,
      603, 626, 627, -1,
      603, 627, 604, -1,
      604, 627, 628, -1,
      604, 628, 605, -1,
      605, 628, 629, -1,
      605, 629, 606, -1,
      606, 629, 630, -1,
      606, 630, 607, -1,
      607, 630, 631, -1,
      607, 631, 608, -1,
      608, 631, 632, -1,
      608, 632, 609, -1,
      609, 632, 633, -1,
      609, 633, 610, -1,
      610, 633, 634, -1,
      610, 634, 611, -1,
      611, 634, 635, -1,
      611, 635, 612, -1,
      612, 635, 636, -1,
      612, 636, 613, -1,
      613, 636, 637, -1,
      613, 637, 614, -1,
      614, 637, 638, -1,
      614, 638, 615, -1,
      615, 638, 639, -1,
      615, 639, 616, -1,
      616, 639, 640, -1,
      616, 640, 617, -1,
      617, 640, 641, -1,
      617, 641, 618, -1,
      618, 641, 642, -1,
      618, 642, 619, -1,
      619, 642, 643, -1,
      619, 643, 620, -1,
      620, 643, 644, -1,
      620, 644, 621, -1,
      621, 644, 645, -1,
      621, 645, 622, -1,
      622, 645, 646, -1,
      622, 646, 623, -1,
      623, 646, 647, -1,
      623, 647, 624, -1,
      624, 647, 648, -1,
      624, 648, 625, -1,
      625, 648, 649, -1,
      625, 649, 602, -1,
      602, 649, 626, -1,
      626, 650, 627, -1,
      627, 650, 651, -1,
      627, 651, 628, -1,
      628, 651, 652, -1,
      628, 652, 629, -1,
      629, 652, 653, -1,
      629, 653, 630, -1,
      630, 653, 654, -1,
      630, 654, 631, -1,
      631, 654, 655, -1,
      631, 655, 632, -1,
      632, 655, 656, -1,
      632, 656, 633, -1,
      633, 656, 657, -1,
      633, 657, 634, -1,
      634, 657, 658, -1,
      634, 658, 635, -1,
      635, 658, 659, -1,
      635, 659, 636, -1,
      636, 659, 660, -1,
      636, 660, 637, -1,
      637, 660, 661, -1,
      637, 661, 638, -1,
      638, 661, 662, -1,
      638, 662, 639, -1,
      639, 662, 663, -1,
      639, 663, 640, -1,
      640, 663, 664, -1,
      640, 664, 641, -1,
      641, 664, 665, -1,
      641, 665, 642, -1,
      642, 665, 666, -1,
      642, 666, 643, -1,
      643, 666, 667, -1,
      643, 667, 644, -1,
      644, 667, 668, -1,
      644, 668, 645, -1,
      645, 668, 669, -1,
      645, 669, 646, -1,
      646, 669, 670, -1,
      646, 670, 647, -1,
      647, 670, 671, -1,
      647, 671, 648, -1,
      648, 671, 672, -1,
      648, 672, 649, -1,
      649, 672, 673, -1,
      649, 673, 626, -1,
      626, 673, 650, -1,
      650, 386, 651, -1,
      651, 386, 387, -1,
      651, 387, 652, -1,
      652, 387, 388, -1,
      652, 388, 653, -1,
      653, 388, 389, -1,
      653, 389, 654, -1,
      654, 389, 390, -1,
      654, 390, 655, -1,
      655, 390, 391, -1,
      655, 391, 656, -1,
      656, 391, 392, -1,
      656, 392, 657, -1,
      657, 392, 393, -1,
      657, 393, 658, -1,
      658, 393, 394, -1,
      658, 394, 659, -1,
      659, 394, 395, -1,
      659, 395, 660, -1,
      660, 395, 396, -1,
      660, 396, 661, -1,
      661, 396, 397, -1,
      661, 397, 662, -1,
      662, 397, 398, -1,
      662, 398, 663, -1,
      663, 398, 399, -1,
      663, 399, 664, -1,
      664, 399, 400, -1,
      664, 400, 665, -1,
      665, 400, 401, -1,
      665, 401, 666, -1,
      666, 401, 402, -1,
      666, 402, 667, -1,
      667, 402, 403, -1,
      667, 403, 668, -1,
      668, 403, 404, -1,
      668, 404, 669, -1,
      669, 404, 405, -1,
      669, 405, 670, -1,
      670, 405, 406, -1,
      670, 406, 671, -1,
      671, 406, 407, -1,
      671, 407, 672, -1,
      672, 407, 408, -1,
      672, 408, 673, -1,
      673, 408, 409, -1,
      673, 409, 650, -1,
      650, 409, 386, -1,
      364, 412, 365, -1,
      365, 412, 414, -1,
      365, 414, 384, -1,
      384, 414, 416, -1,
      384, 416, 385, -1,
      385, 416, 418, -1,
      385, 418, 381, -1,
      381, 418, 420, -1,
      381, 420, 382, -1,
      382, 420, 422, -1,
      382, 422, 383, -1,
      383, 422, 424, -1,
      383, 424, 378, -1,
      378, 424, 426, -1,
      378, 426, 379, -1,
      379, 426, 428, -1,
      379, 428, 380, -1,
      380, 428, 430, -1,
      380, 430, 375, -1,
      375, 430, 432, -1,
      375, 432, 376, -1,
      376, 432, 434, -1,
      376, 434, 377, -1,
      377, 434, 436, -1,
      377, 436, 372, -1,
      372, 436, 438, -1,
      372, 438, 373, -1,
      373, 438, 440, -1,
      373, 440, 374, -1,
      374, 440, 442, -1,
      374, 442, 369, -1,
      369, 442, 444, -1,
      369, 444, 370, -1,
      370, 444, 446, -1,
      370, 446, 371, -1,
      371, 446, 448, -1,
      371, 448, 366, -1,
      366, 448, 450, -1,
      366, 450, 367, -1,
      367, 450, 452, -1,
      367, 452, 368, -1,
      368, 452, 454, -1,
      368, 454, 361, -1,
      361, 454, 456, -1,
      361, 456, 362, -1,
      362, 456, 410, -1,
      362, 410, 364, -1,
      364, 410, 412, -1,
    ]
  }
}

Shape {
  appearance Appearance {
    material Material {
      diffuseColor 0.0000 0.0000 0.0000
      specularColor 0.0000 0.0000 0.0000
      ambientIntensity 0.2
      transparency 0.0000
      shininess 0.5
    }
  }
  geometry IndexedFaceSet {
    ccw TRUE
    solid FALSE
    coord DEF co Coordinate {
      point [
        0.167563 -0.063554 -0.328556,
        0.235044 -0.040333 -0.332169,
        0.233059 -0.046617 -0.331383,
        0.206778 -0.068707 -0.327517,
        0.195761 -0.069943 -0.327255,
        0.215383 -0.065539 -0.328165,
        0.222632 -0.060654 -0.329103,
        0.228175 -0.054806 -0.330127,
        0.180083 -0.068203 -0.327622,
        -0.137031 -0.081466 -0.324578,
        -0.125081 -0.048337 -0.331136,
        -0.076289 -0.048337 -0.331136,
        -0.063277 -0.040337 -0.332206,
        -0.036194 -0.040331 -0.332158,
        -0.047729 -0.081466 -0.324578,
        -0.033189 -0.049094 -0.331025,
        -0.026415 -0.059659 -0.329285,
        -0.016694 -0.068967 -0.327462,
        -0.004361 -0.076134 -0.325870,
        0.126556 -0.068503 -0.327559,
        0.079024 -0.068503 -0.327559,
        0.055978 -0.040337 -0.332206,
        0.055978 -0.081466 -0.324578,
        0.079024 -0.081466 -0.324578,
        0.142400 -0.081466 -0.324578,
        0.023862 -0.081466 -0.324578,
        0.009248 -0.080190 -0.324896,
        0.308043 -0.040337 -0.332206,
        0.308043 -0.068503 -0.327559,
        0.263391 -0.068503 -0.327559,
        0.223947 -0.077457 -0.325558,
        0.233448 -0.071390 -0.326942,
        0.263391 -0.081466 -0.324578,
        0.242320 -0.062050 -0.328843,
        0.142400 -0.040337 -0.332206,
        0.165446 -0.062381 -0.328780,
        0.165446 -0.075344 -0.326054,
        0.178036 -0.080514 -0.324816,
        0.323887 -0.081466 -0.324578,
        0.197944 -0.082906 -0.324213,
        0.212500 -0.081397 -0.324596,
        0.194754 -0.082523 -0.324310,
        0.323887 -0.040337 -0.332206,
        0.084785 -0.028172 -0.333458,
        0.126556 -0.028172 -0.333458,
        0.126556 -0.040337 -0.332206,
        0.323887 0.036644 -0.332633,
        0.323887 0.017422 -0.334192,
        0.323887 -0.001859 -0.334641,
        0.323887 -0.021133 -0.333978,
        0.142400 0.036644 -0.332633,
        0.081905 0.036644 -0.332633,
        0.193241 0.038085 -0.332472,
        0.248612 -0.050819 -0.330765,
        0.251593 -0.040333 -0.332174,
        0.252167 -0.038318 -0.332445,
        0.308043 -0.021133 -0.333978,
        0.253308 -0.024639 -0.333737,
        0.308043 -0.001859 -0.334641,
        0.251609 -0.007847 -0.334554,
        0.308043 0.036644 -0.332633,
        0.247075 0.005535 -0.334600,
        0.240152 0.016578 -0.334235,
        0.229489 0.026833 -0.333568,
        0.218270 0.033291 -0.332986,
        0.205104 0.037116 -0.332581,
        0.005583 0.034820 -0.332829,
        -0.008236 0.029968 -0.333301,
        -0.092380 0.036644 -0.332633,
        -0.021079 0.021335 -0.333964,
        -0.021215 0.021244 -0.333970,
        -0.029567 0.011983 -0.334431,
        -0.085113 0.017422 -0.334192,
        -0.035056 0.001825 -0.334641,
        -0.077824 -0.001859 -0.334641,
        -0.038228 -0.009812 -0.334502,
        -0.070537 -0.021133 -0.333978,
        -0.039086 -0.020926 -0.333991,
        -0.037429 -0.036732 -0.332624,
        -0.108224 0.036644 -0.332633,
        -0.123250 -0.001859 -0.334641,
        -0.130771 -0.021133 -0.333978,
        -0.138266 -0.040337 -0.332206,
        -0.146337 -0.061021 -0.329035,
        -0.154316 -0.081466 -0.324578,
        -0.065013 -0.081466 -0.324578,
        0.126556 -0.015209 -0.334300,
        0.084785 -0.015209 -0.334300,
        0.126556 0.023681 -0.333807,
        0.081905 0.023681 -0.333807,
        0.022647 0.036644 -0.332633,
        0.055978 0.036644 -0.332633,
        0.055978 0.017422 -0.334192,
        0.055978 -0.001859 -0.334641,
        0.055978 -0.021133 -0.333978,
        0.179102 0.037109 -0.332582,
        0.165446 0.033404 -0.332974,
        0.142400 0.017422 -0.334192,
        0.165446 0.017559 -0.334185,
        0.142400 -0.001859 -0.334641,
        0.142400 -0.021133 -0.333978,
        0.193106 0.025121 -0.333702,
        0.204736 0.023815 -0.333797,
        0.178750 0.023256 -0.333837,
        0.213576 0.020625 -0.334009,
        0.221751 0.015156 -0.334302,
        0.228883 0.007282 -0.334567,
        0.233753 -0.001837 -0.334641,
        0.236901 -0.014481 -0.334332,
        0.237465 -0.023671 -0.333807,
        0.236269 -0.036457 -0.332654,
        -0.125081 -0.048337 -0.330738,
        -0.137031 -0.081466 -0.324172,
        -0.065013 -0.081466 -0.324172,
        -0.076289 -0.048337 -0.330738,
        -0.108224 0.036644 -0.332237,
        -0.092380 0.036644 -0.332237,
        -0.119770 -0.035374 -0.332375,
        -0.119770 -0.035374 -0.332771,
        -0.080272 -0.035374 -0.332375,
        -0.080272 -0.035374 -0.332771,
        -0.084782 -0.022748 -0.332781,
        -0.097894 0.013958 -0.334354,
        -0.097894 0.013958 -0.333960,
        -0.099784 0.022241 -0.333906,
        -0.099784 0.022241 -0.333511,
        -0.098839 0.018098 -0.333736,
        -0.098839 0.018098 -0.334130,
        -0.101990 0.013958 -0.334354,
        -0.101990 0.013958 -0.333960,
        -0.101079 0.018098 -0.333736,
        -0.101079 0.018098 -0.334130,
        -0.100167 0.022241 -0.333511,
        -0.100167 0.022241 -0.333906,
        -0.115219 -0.022748 -0.332781,
        -0.131411 -0.022771 -0.333476,
        -0.137192 -0.037585 -0.332132,
        -0.142944 -0.052326 -0.330131,
        -0.148656 -0.066962 -0.327476,
        -0.154316 -0.081466 -0.324172,
        -0.047729 -0.081466 -0.324172,
        -0.086778 0.021826 -0.333539,
        -0.081159 0.006964 -0.334180,
        -0.075536 -0.007911 -0.334158,
        -0.069918 -0.022771 -0.333476,
        -0.039086 -0.020926 -0.333596,
        -0.038893 -0.022767 -0.333437,
        -0.037429 -0.036732 -0.332228,
        -0.033189 -0.049094 -0.330627,
        -0.026415 -0.059659 -0.328885,
        -0.016694 -0.068967 -0.327059,
        -0.004361 -0.076134 -0.325466,
        0.009248 -0.080190 -0.324490,
        0.023862 -0.081466 -0.324172,
        0.022647 0.036644 -0.332237,
        0.005583 0.034820 -0.332433,
        -0.008236 0.029968 -0.332906,
        -0.021091 0.021352 -0.333569,
        -0.021201 0.021231 -0.333575,
        -0.029567 0.011983 -0.334037,
        -0.035056 0.001825 -0.334247,
        -0.038228 -0.009812 -0.334108,
        0.055978 0.036644 -0.332237,
        0.055978 -0.081466 -0.324172,
        0.055978 -0.022771 -0.333476,
        0.055978 -0.007911 -0.334158,
        0.055978 0.006964 -0.334180,
        0.055978 0.021826 -0.333539,
        0.040134 -0.068503 -0.327157,
        0.040134 -0.068503 -0.327559,
        0.040134 -0.022771 -0.333476,
        0.040134 -0.022628 -0.333880,
        0.040134 0.023681 -0.333412,
        0.040134 0.023681 -0.333807,
        0.023367 -0.068503 -0.327157,
        0.023367 -0.068503 -0.327559,
        -0.022158 -0.033669 -0.332552,
        -0.018694 -0.044771 -0.331637,
        -0.018694 -0.044771 -0.331240,
        -0.013712 -0.052914 -0.330436,
        -0.013712 -0.052914 -0.330037,
        -0.007088 -0.059457 -0.329321,
        -0.007088 -0.059457 -0.328921,
        0.000967 -0.064241 -0.328422,
        0.000967 -0.064241 -0.328020,
        0.010906 -0.067343 -0.327800,
        0.010906 -0.067343 -0.327398,
        -0.023243 -0.021263 -0.333575,
        -0.023243 -0.021263 -0.333969,
        -0.023111 -0.022769 -0.333451,
        -0.023123 -0.022626 -0.333857,
        -0.022158 -0.033669 -0.332948,
        -0.022239 -0.009508 -0.334117,
        -0.022239 -0.009508 -0.334511,
        -0.019482 -0.000167 -0.334252,
        -0.019482 -0.000167 -0.334646,
        -0.015379 0.007119 -0.334176,
        -0.015379 0.007119 -0.334570,
        -0.009642 0.013210 -0.333991,
        -0.009642 0.013210 -0.334385,
        -0.001014 0.018783 -0.333724,
        -0.001014 0.018783 -0.334118,
        0.008735 0.022195 -0.333514,
        0.008735 0.022195 -0.333909,
        0.022715 0.023681 -0.333412,
        0.022715 0.023681 -0.333807,
        0.142400 -0.081466 -0.324172,
        0.142400 -0.022771 -0.333476,
        0.142400 -0.007911 -0.334158,
        0.142400 0.006964 -0.334180,
        0.142400 0.021826 -0.333539,
        0.142400 0.036644 -0.332237,
        0.081905 0.036644 -0.332237,
        0.081905 0.023681 -0.333412,
        0.084785 -0.015209 -0.333906,
        0.126556 -0.015209 -0.333906,
        0.079024 -0.068503 -0.327157,
        0.126556 -0.068503 -0.327157,
        0.079024 -0.081466 -0.324172,
        0.126556 0.023681 -0.333412,
        0.084785 -0.028172 -0.333063,
        0.084785 -0.022771 -0.333476,
        0.126556 -0.028172 -0.333063,
        0.165446 -0.075344 -0.325650,
        0.178036 -0.080514 -0.324410,
        0.194754 -0.082523 -0.323904,
        0.197944 -0.082906 -0.323807,
        0.212500 -0.081397 -0.324190,
        0.223947 -0.077457 -0.325154,
        0.233448 -0.071390 -0.326539,
        0.242320 -0.062050 -0.328442,
        0.248612 -0.050819 -0.330366,
        0.252167 -0.038318 -0.332048,
        0.253308 -0.024639 -0.333343,
        0.253121 -0.022787 -0.333433,
        0.251609 -0.007847 -0.334160,
        0.247075 0.005535 -0.334206,
        0.240152 0.016578 -0.333841,
        0.229489 0.026833 -0.333173,
        0.218270 0.033291 -0.332590,
        0.205104 0.037116 -0.332185,
        0.193241 0.038085 -0.332075,
        0.179102 0.037109 -0.332186,
        0.165446 0.033404 -0.332579,
        0.165446 0.017559 -0.333791,
        0.178750 0.023256 -0.333442,
        0.193106 0.025121 -0.333307,
        0.204736 0.023815 -0.333402,
        0.213576 0.020625 -0.333615,
        0.221751 0.015156 -0.333908,
        0.228883 0.007282 -0.334173,
        0.233753 -0.001837 -0.334247,
        0.236901 -0.014481 -0.333938,
        0.237410 -0.022788 -0.333463,
        0.237465 -0.023671 -0.333413,
        0.236269 -0.036457 -0.332258,
        0.233059 -0.046617 -0.330985,
        0.228175 -0.054806 -0.329728,
        0.222632 -0.060654 -0.328703,
        0.215383 -0.065539 -0.327764,
        0.206778 -0.068707 -0.327114,
        0.195761 -0.069943 -0.326852,
        0.180083 -0.068203 -0.327220,
        0.167563 -0.063554 -0.328154,
        0.165446 -0.062381 -0.328379,
        0.323887 -0.081466 -0.324172,
        0.323887 -0.022771 -0.333476,
        0.323887 -0.007911 -0.334158,
        0.323887 0.006964 -0.334180,
        0.323887 0.021826 -0.333539,
        0.323887 0.036644 -0.332237,
        0.308043 0.036644 -0.332237,
        0.263391 -0.068503 -0.327157,
        0.308043 -0.068503 -0.327157,
        0.263391 -0.081466 -0.324172,
        0.308043 -0.022771 -0.333476,
        0.308043 -0.034279 -0.332490,
        0.308043 -0.045746 -0.331107,
      ]
    }
    coordIndex [
      111, 10, 112, -1,
      112, 10, 9, -1,
      113, 85, 114, -1,
      114, 85, 11, -1,
      115, 79, 116, -1,
      116, 79, 68, -1,
      117, 118, 119, -1,
      119, 118, 120, -1,
      119, 120, 121, -1,
      121, 120, 122, -1,
      121, 122, 123, -1,
      124, 125, 126, -1,
      124, 126, 127, -1,
      127, 126, 123, -1,
      127, 123, 122, -1,
      128, 129, 130, -1,
      128, 130, 131, -1,
      131, 130, 132, -1,
      131, 132, 133, -1,
      129, 128, 134, -1,
      134, 128, 118, -1,
      134, 118, 117, -1,
      79, 115, 80, -1,
      80, 115, 135, -1,
      80, 135, 81, -1,
      81, 135, 136, -1,
      81, 136, 82, -1,
      82, 136, 137, -1,
      82, 137, 83, -1,
      83, 137, 138, -1,
      83, 138, 84, -1,
      84, 138, 139, -1,
      112, 9, 139, -1,
      139, 9, 84, -1,
      114, 11, 111, -1,
      111, 11, 10, -1,
      140, 14, 113, -1,
      113, 14, 85, -1,
      116, 68, 141, -1,
      141, 68, 72, -1,
      141, 72, 142, -1,
      142, 72, 74, -1,
      142, 74, 143, -1,
      143, 74, 76, -1,
      143, 76, 144, -1,
      144, 76, 12, -1,
      144, 12, 140, -1,
      140, 12, 14, -1,
      125, 124, 132, -1,
      132, 124, 133, -1,
      119, 114, 117, -1,
      117, 114, 111, -1,
      121, 144, 119, -1,
      119, 144, 140, -1,
      119, 140, 114, -1,
      114, 140, 113, -1,
      132, 115, 125, -1,
      125, 115, 116, -1,
      125, 116, 126, -1,
      126, 116, 141, -1,
      126, 141, 123, -1,
      123, 141, 142, -1,
      123, 142, 121, -1,
      121, 142, 143, -1,
      121, 143, 144, -1,
      132, 130, 115, -1,
      115, 130, 129, -1,
      115, 129, 135, -1,
      135, 129, 134, -1,
      135, 134, 136, -1,
      136, 134, 117, -1,
      136, 117, 137, -1,
      137, 117, 111, -1,
      137, 111, 138, -1,
      138, 111, 112, -1,
      138, 112, 139, -1,
      77, 145, 146, -1,
      77, 146, 78, -1,
      78, 146, 147, -1,
      78, 147, 13, -1,
      13, 147, 148, -1,
      13, 148, 15, -1,
      15, 148, 149, -1,
      15, 149, 16, -1,
      16, 149, 150, -1,
      16, 150, 17, -1,
      17, 150, 151, -1,
      17, 151, 18, -1,
      18, 151, 152, -1,
      18, 152, 26, -1,
      26, 152, 153, -1,
      26, 153, 25, -1,
      90, 154, 155, -1,
      90, 155, 66, -1,
      66, 155, 156, -1,
      66, 156, 67, -1,
      67, 156, 157, -1,
      67, 157, 69, -1,
      69, 157, 158, -1,
      69, 158, 70, -1,
      70, 158, 159, -1,
      70, 159, 71, -1,
      71, 159, 160, -1,
      71, 160, 73, -1,
      73, 160, 161, -1,
      73, 161, 75, -1,
      75, 161, 145, -1,
      75, 145, 77, -1,
      154, 90, 162, -1,
      162, 90, 91, -1,
      22, 163, 21, -1,
      21, 163, 164, -1,
      21, 164, 94, -1,
      94, 164, 165, -1,
      94, 165, 93, -1,
      93, 165, 166, -1,
      93, 166, 92, -1,
      92, 166, 167, -1,
      92, 167, 91, -1,
      91, 167, 162, -1,
      163, 22, 153, -1,
      153, 22, 25, -1,
      168, 169, 170, -1,
      170, 169, 171, -1,
      170, 171, 172, -1,
      172, 171, 173, -1,
      174, 175, 168, -1,
      168, 175, 169, -1,
      176, 177, 178, -1,
      178, 177, 179, -1,
      178, 179, 180, -1,
      180, 179, 181, -1,
      180, 181, 182, -1,
      182, 181, 183, -1,
      182, 183, 184, -1,
      184, 183, 185, -1,
      184, 185, 186, -1,
      186, 185, 175, -1,
      186, 175, 174, -1,
      187, 188, 189, -1,
      189, 188, 190, -1,
      189, 190, 176, -1,
      176, 190, 191, -1,
      176, 191, 177, -1,
      188, 187, 192, -1,
      188, 192, 193, -1,
      193, 192, 194, -1,
      193, 194, 195, -1,
      195, 194, 196, -1,
      195, 196, 197, -1,
      197, 196, 198, -1,
      197, 198, 199, -1,
      199, 198, 200, -1,
      199, 200, 201, -1,
      201, 200, 202, -1,
      201, 202, 203, -1,
      203, 202, 204, -1,
      203, 204, 205, -1,
      172, 173, 204, -1,
      204, 173, 205, -1,
      172, 167, 166, -1,
      172, 166, 170, -1,
      198, 157, 200, -1,
      200, 157, 156, -1,
      200, 156, 202, -1,
      202, 156, 155, -1,
      202, 155, 204, -1,
      204, 155, 154, -1,
      204, 154, 172, -1,
      172, 154, 162, -1,
      172, 162, 167, -1,
      166, 165, 170, -1,
      170, 165, 164, -1,
      170, 164, 168, -1,
      168, 164, 163, -1,
      168, 163, 174, -1,
      174, 163, 153, -1,
      174, 153, 186, -1,
      186, 153, 152, -1,
      186, 152, 184, -1,
      184, 152, 151, -1,
      184, 151, 182, -1,
      182, 151, 150, -1,
      182, 150, 180, -1,
      180, 150, 149, -1,
      180, 149, 178, -1,
      178, 149, 148, -1,
      178, 148, 176, -1,
      176, 148, 147, -1,
      176, 147, 189, -1,
      189, 147, 146, -1,
      189, 146, 187, -1,
      187, 146, 145, -1,
      187, 145, 192, -1,
      192, 145, 161, -1,
      192, 161, 194, -1,
      194, 161, 160, -1,
      194, 160, 196, -1,
      196, 160, 159, -1,
      196, 159, 198, -1,
      198, 159, 158, -1,
      198, 158, 157, -1,
      24, 206, 34, -1,
      34, 206, 207, -1,
      34, 207, 100, -1,
      100, 207, 208, -1,
      100, 208, 99, -1,
      99, 208, 209, -1,
      99, 209, 97, -1,
      97, 209, 210, -1,
      97, 210, 50, -1,
      50, 210, 211, -1,
      212, 51, 211, -1,
      211, 51, 50, -1,
      213, 89, 212, -1,
      212, 89, 51, -1,
      214, 87, 215, -1,
      215, 87, 86, -1,
      216, 20, 217, -1,
      217, 20, 19, -1,
      218, 23, 216, -1,
      216, 23, 20, -1,
      206, 24, 218, -1,
      218, 24, 23, -1,
      219, 88, 213, -1,
      213, 88, 89, -1,
      215, 86, 219, -1,
      219, 86, 88, -1,
      220, 43, 221, -1,
      221, 43, 87, -1,
      221, 87, 214, -1,
      222, 44, 220, -1,
      220, 44, 43, -1,
      44, 222, 45, -1,
      45, 222, 217, -1,
      45, 217, 19, -1,
      221, 214, 207, -1,
      207, 214, 215, -1,
      207, 215, 208, -1,
      208, 215, 209, -1,
      209, 215, 219, -1,
      209, 219, 210, -1,
      213, 212, 219, -1,
      219, 212, 211, -1,
      219, 211, 210, -1,
      220, 221, 222, -1,
      222, 221, 207, -1,
      222, 207, 217, -1,
      217, 207, 206, -1,
      217, 206, 216, -1,
      216, 206, 218, -1,
      36, 223, 224, -1,
      36, 224, 37, -1,
      37, 224, 225, -1,
      37, 225, 41, -1,
      41, 225, 226, -1,
      41, 226, 39, -1,
      39, 226, 227, -1,
      39, 227, 40, -1,
      40, 227, 228, -1,
      40, 228, 30, -1,
      30, 228, 229, -1,
      30, 229, 31, -1,
      31, 229, 230, -1,
      31, 230, 33, -1,
      33, 230, 231, -1,
      33, 231, 53, -1,
      53, 231, 54, -1,
      54, 231, 232, -1,
      54, 232, 55, -1,
      55, 232, 233, -1,
      55, 233, 57, -1,
      57, 233, 234, -1,
      57, 234, 59, -1,
      234, 235, 59, -1,
      59, 235, 236, -1,
      59, 236, 61, -1,
      61, 236, 237, -1,
      61, 237, 62, -1,
      62, 237, 238, -1,
      62, 238, 63, -1,
      63, 238, 239, -1,
      63, 239, 64, -1,
      64, 239, 240, -1,
      64, 240, 65, -1,
      65, 240, 241, -1,
      65, 241, 52, -1,
      52, 241, 242, -1,
      52, 242, 95, -1,
      95, 242, 243, -1,
      95, 243, 96, -1,
      244, 98, 243, -1,
      243, 98, 96, -1,
      98, 244, 245, -1,
      98, 245, 103, -1,
      103, 245, 246, -1,
      103, 246, 101, -1,
      101, 246, 247, -1,
      101, 247, 102, -1,
      102, 247, 248, -1,
      102, 248, 104, -1,
      104, 248, 249, -1,
      104, 249, 105, -1,
      105, 249, 250, -1,
      105, 250, 106, -1,
      106, 250, 251, -1,
      106, 251, 107, -1,
      107, 251, 252, -1,
      107, 252, 108, -1,
      108, 252, 109, -1,
      109, 252, 253, -1,
      109, 253, 254, -1,
      254, 255, 109, -1,
      109, 255, 110, -1,
      110, 255, 1, -1,
      1, 255, 256, -1,
      1, 256, 2, -1,
      2, 256, 257, -1,
      2, 257, 7, -1,
      7, 257, 258, -1,
      7, 258, 6, -1,
      6, 258, 259, -1,
      6, 259, 5, -1,
      5, 259, 260, -1,
      5, 260, 3, -1,
      3, 260, 261, -1,
      3, 261, 4, -1,
      4, 261, 262, -1,
      4, 262, 8, -1,
      8, 262, 263, -1,
      8, 263, 0, -1,
      0, 263, 264, -1,
      0, 264, 35, -1,
      223, 36, 264, -1,
      264, 36, 35, -1,
      260, 226, 261, -1,
      261, 226, 225, -1,
      261, 225, 262, -1,
      262, 225, 224, -1,
      262, 224, 263, -1,
      263, 224, 223, -1,
      263, 223, 264, -1,
      244, 243, 245, -1,
      245, 243, 242, -1,
      245, 242, 246, -1,
      246, 242, 241, -1,
      246, 241, 247, -1,
      247, 241, 240, -1,
      247, 240, 248, -1,
      248, 240, 239, -1,
      248, 239, 249, -1,
      249, 239, 238, -1,
      249, 238, 250, -1,
      250, 238, 237, -1,
      250, 237, 251, -1,
      251, 237, 236, -1,
      251, 236, 252, -1,
      252, 236, 235, -1,
      252, 235, 253, -1,
      253, 235, 234, -1,
      253, 234, 254, -1,
      254, 234, 233, -1,
      254, 233, 255, -1,
      255, 233, 232, -1,
      255, 232, 256, -1,
      256, 232, 231, -1,
      256, 231, 257, -1,
      257, 231, 230, -1,
      257, 230, 258, -1,
      258, 230, 229, -1,
      258, 229, 259, -1,
      259, 229, 228, -1,
      259, 228, 260, -1,
      260, 228, 227, -1,
      260, 227, 226, -1,
      38, 265, 42, -1,
      42, 265, 266, -1,
      42, 266, 49, -1,
      49, 266, 267, -1,
      49, 267, 48, -1,
      48, 267, 268, -1,
      48, 268, 47, -1,
      47, 268, 269, -1,
      47, 269, 46, -1,
      46, 269, 270, -1,
      271, 60, 270, -1,
      270, 60, 46, -1,
      272, 29, 273, -1,
      273, 29, 28, -1,
      274, 32, 272, -1,
      272, 32, 29, -1,
      265, 38, 274, -1,
      274, 38, 32, -1,
      60, 271, 58, -1,
      58, 271, 275, -1,
      58, 275, 56, -1,
      56, 275, 276, -1,
      56, 276, 27, -1,
      27, 276, 277, -1,
      27, 277, 28, -1,
      28, 277, 273, -1,
      276, 275, 266, -1,
      270, 269, 271, -1,
      271, 269, 268, -1,
      271, 268, 275, -1,
      275, 268, 267, -1,
      275, 267, 266, -1,
      274, 272, 265, -1,
      265, 272, 273, -1,
      265, 273, 266, -1,
      266, 273, 277, -1,
      266, 277, 276, -1,
    ]
  }
}

Shape {
  appearance Appearance {
    material Material {
      diffuseColor 0.7294 0.3569 0.0235
      specularColor 0.3647 0.1765 0.0118
      ambientIntensity 0.2
      transparency 0.0000
      shininess 0.5
    }
  }
  geometry IndexedFaceSet {
    ccw TRUE
    solid FALSE
    coord DEF co Coordinate {
      point [
        -0.119770 -0.035374 -0.332771,
        -0.080272 -0.035374 -0.332771,
        -0.097894 0.013958 -0.334354,
        -0.099784 0.022241 -0.333906,
        -0.098839 0.018098 -0.334130,
        -0.101990 0.013958 -0.334354,
        -0.101079 0.018098 -0.334130,
        -0.100167 0.022241 -0.333906,
        0.040134 -0.068503 -0.327559,
        0.040134 -0.022628 -0.333880,
        0.040134 0.023681 -0.333807,
        0.023367 -0.068503 -0.327559,
        -0.018694 -0.044771 -0.331637,
        -0.013712 -0.052914 -0.330436,
        -0.007088 -0.059457 -0.329321,
        0.000967 -0.064241 -0.328422,
        0.010906 -0.067343 -0.327800,
        -0.023243 -0.021263 -0.333969,
        -0.023123 -0.022626 -0.333857,
        -0.022158 -0.033669 -0.332948,
        -0.022239 -0.009508 -0.334511,
        -0.019482 -0.000167 -0.334646,
        -0.015379 0.007119 -0.334570,
        -0.009642 0.013210 -0.334385,
        -0.001014 0.018783 -0.334118,
        0.008735 0.022195 -0.333909,
        0.022715 0.023681 -0.333807,
      ]
    }
    coordIndex [
      7, 3, 6, -1,
      6, 3, 4, -1,
      6, 4, 5, -1,
      5, 4, 2, -1,
      5, 2, 0, -1,
      0, 2, 1, -1,
      18, 17, 9, -1,
      9, 17, 20, -1,
      9, 20, 21, -1,
      24, 25, 9, -1,
      9, 25, 26, -1,
      9, 26, 10, -1,
      21, 22, 9, -1,
      9, 22, 23, -1,
      9, 23, 24, -1,
      8, 11, 9, -1,
      9, 11, 16, -1,
      16, 15, 9, -1,
      9, 15, 14, -1,
      9, 14, 13, -1,
      13, 12, 9, -1,
      9, 12, 19, -1,
      9, 19, 18, -1,
    ]
  }
}
