#VRML V2.0 utf8

Shape {
  appearance Appearance {
    material Material {
      diffuseColor 0.6902 0.5176 0.3608
      specularColor 0.0510 0.0353 0.0275
      ambientIntensity 0.2
      transparency 0.0000
      shininess 0.5
    }
  }
  geometry IndexedFaceSet {
    ccw TRUE
    solid FALSE
    coord DEF co Coordinate {
      point [
        0.048997 -0.413045 -0.897289,
        0.050314 -0.415375 -0.892654,
        0.047589 -0.415499 -0.892881,
        0.421717 -0.468334 -0.597636,
        0.432054 -0.465966 -0.609434,
        0.476802 -0.465998 -0.575106,
        0.721102 0.026562 -0.884228,
        0.716163 0.039000 -0.886878,
        0.727674 0.039014 -0.877702,
        0.601037 0.183810 -0.926658,
        0.591993 0.189767 -0.929341,
        0.609153 0.189778 -0.918262,
        0.059788 0.139812 -1.118975,
        0.059642 0.139615 -1.119038,
        0.058648 0.189778 -1.100378,
        -0.007202 -0.101530 -1.130671,
        0.015785 -0.101530 -1.130583,
        0.016276 -0.115933 -1.126982,
        -0.073345 0.472187 -0.680851,
        -0.063477 0.472441 -0.666274,
        -0.035621 0.472441 -0.668343,
        -0.421717 0.468334 -0.597636,
        -0.432054 0.465966 -0.609434,
        -0.476802 0.465998 -0.575106,
        -0.486271 0.450209 -0.650934,
        -0.495753 0.446646 -0.656413,
        -0.525079 0.446843 -0.633337,
        -0.560086 0.416620 -0.694321,
        -0.562012 0.415437 -0.695387,
        -0.570685 0.415499 -0.688346,
        -0.741328 0.121896 -0.847180,
        -0.741410 0.115942 -0.848944,
        -0.807644 0.115978 -0.786423,
        -0.740016 0.061899 -0.864087,
        -0.737011 0.038997 -0.869650,
        -0.816846 0.039014 -0.795383,
        -0.721102 -0.026562 -0.884228,
        -0.716163 -0.039000 -0.886878,
        -0.727674 -0.039014 -0.877702,
        -0.601037 -0.183810 -0.926658,
        -0.591993 -0.189767 -0.929341,
        -0.609153 -0.189778 -0.918262,
        -0.112435 -0.188856 -1.096594,
        -0.092925 -0.173570 -1.104792,
        -0.058648 -0.189778 -1.100378,
        -0.075383 -0.157199 -1.112261,
        -0.072955 -0.154691 -1.113302,
        -0.169371 -0.258401 -1.051246,
        -0.172703 -0.222666 -1.072039,
        -0.164746 -0.219309 -1.075198,
        -0.056671 -0.258401 -1.063294,
        -0.141010 -0.207087 -1.084801,
        -0.118872 -0.193350 -1.093916,
        -0.113754 -0.189776 -1.096046,
        -0.222651 -0.240746 -1.052498,
        -0.216915 -0.239074 -1.054702,
        -0.190060 -0.229989 -1.065148,
        -0.341618 -0.257725 -1.008980,
        -0.310772 -0.256294 -1.019874,
        -0.280152 -0.258401 -1.027288,
        -0.280604 -0.252969 -1.030788,
        -0.251203 -0.247784 -1.041678,
        -0.346388 -0.257774 -1.007319,
        -0.387759 -0.258401 -0.991690,
        -0.377394 -0.256970 -0.996676,
        -0.497700 -0.234427 -0.957767,
        -0.476576 -0.240959 -0.964329,
        -0.490973 -0.258401 -0.944855,
        -0.468948 -0.242968 -0.966730,
        -0.438769 -0.249585 -0.976365,
        -0.408219 -0.254242 -0.986352,
        -0.388289 -0.256006 -0.993027,
        -0.584753 -0.194535 -0.931489,
        -0.559557 -0.208842 -0.938984,
        -0.588623 -0.258401 -0.887315,
        -0.533090 -0.221336 -0.946933,
        -0.505411 -0.232042 -0.955371,
        -0.662252 -0.128822 -0.907974,
        -0.643619 -0.148628 -0.913842,
        -0.703307 -0.189778 -0.848311,
        -0.623211 -0.166956 -0.920044,
        -0.612485 -0.175108 -0.923243,
        -0.710946 -0.052137 -0.889678,
        -0.698737 -0.076573 -0.895038,
        -0.719477 -0.115978 -0.867815,
        -0.684437 -0.099857 -0.900466,
        -0.679062 -0.107548 -0.902362,
        -0.672422 -0.115952 -0.904578,
        -0.736104 0.032080 -0.871330,
        -0.732060 0.011684 -0.875963,
        -0.816846 -0.039014 -0.795383,
        -0.729203 0.000000 -0.878530,
        -0.728671 -0.001743 -0.878904,
        -0.741738 0.091888 -0.856071,
        -0.738800 0.151794 -0.837350,
        -0.700401 0.277601 -0.784373,
        -0.709576 0.258292 -0.793703,
        -0.762885 0.258401 -0.742840,
        -0.712668 0.251785 -0.796847,
        -0.722728 0.224970 -0.808890,
        -0.730644 0.197166 -0.820447,
        -0.789493 0.189778 -0.768748,
        -0.732149 0.189701 -0.823301,
        -0.736455 0.168353 -0.831463,
        -0.671770 0.322325 -0.760487,
        -0.673450 0.319915 -0.761815,
        -0.728549 0.319976 -0.709406,
        -0.687761 0.299383 -0.773124,
        -0.623328 0.372634 -0.729198,
        -0.633590 0.364026 -0.735052,
        -0.687419 0.372822 -0.669357,
        -0.653727 0.343887 -0.747773,
        -0.611393 0.382646 -0.722391,
        -0.640619 0.415499 -0.623786,
        -0.588834 0.398690 -0.710192,
        -0.586002 0.400704 -0.708661,
        -0.512517 0.440345 -0.666100,
        -0.520410 0.437056 -0.670404,
        -0.534196 0.430435 -0.679116,
        -0.433296 0.465681 -0.610852,
        -0.449192 0.461617 -0.625204,
        -0.468557 0.456007 -0.639539,
        -0.401326 0.472180 -0.555107,
        -0.406219 0.471407 -0.570715,
        -0.413134 0.470118 -0.584895,
        -0.087355 0.468464 -0.725220,
        -0.084989 0.470174 -0.710449,
        -0.039760 0.465998 -0.745994,
        -0.080397 0.471433 -0.695508,
        -0.076537 0.451194 -0.805752,
        -0.081094 0.456018 -0.788617,
        -0.085739 0.461558 -0.765322,
        -0.087824 0.465580 -0.744352,
        -0.087763 0.465954 -0.741872,
        -0.057115 0.427408 -0.868719,
        -0.061469 0.435035 -0.851318,
        -0.043785 0.446843 -0.821527,
        -0.050314 0.415375 -0.892654,
        -0.067418 0.441607 -0.834453,
        -0.072198 0.446633 -0.819407,
        -0.031848 0.377996 -0.952165,
        -0.040386 0.396586 -0.925159,
        0.047589 0.415499 -0.892881,
        -0.047970 0.411084 -0.900610,
        -0.047589 0.415499 -0.892881,
        -0.048997 0.413045 -0.897289,
        -0.017267 0.326674 -1.010443,
        -0.021850 0.348078 -0.988491,
        0.051065 0.372822 -0.958111,
        0.054120 0.319976 -1.015436,
        -0.016330 0.319835 -1.016587,
        -0.027921 0.367921 -0.965256,
        -0.029810 0.372767 -0.958960,
        0.056671 0.258401 -1.063294,
        -0.011890 0.258310 -1.064592,
        -0.011862 0.263811 -1.061149,
        -0.012871 0.289026 -1.042929,
        -0.014113 0.303669 -1.031114,
        -0.013065 0.209275 -1.092775,
        -0.011998 0.237239 -1.077781,
        0.046113 0.121439 -1.124913,
        0.042552 0.115976 -1.126467,
        -0.016257 0.115926 -1.126960,
        -0.016628 0.132534 -1.122638,
        -0.015678 0.161557 -1.113140,
        -0.014685 0.180018 -1.105993,
        -0.014150 0.189678 -1.101629,
        0.042015 0.115152 -1.126701,
        0.030970 0.095630 -1.131529,
        -0.016013 0.104993 -1.129804,
        0.022029 0.075583 -1.135433,
        -0.013032 0.076472 -1.135428,
        0.015131 0.055051 -1.138413,
        -0.008863 0.047090 -1.139345,
        -0.008138 0.039004 -1.139954,
        0.011393 0.039006 -1.139974,
        0.010227 0.034002 -1.140461,
        -0.006722 0.023223 -1.141141,
        0.013422 -0.079277 -1.134954,
        0.014589 -0.088567 -1.133263,
        -0.007202 -0.088567 -1.133333,
        0.009793 0.031561 -1.140635,
        0.007093 0.009862 -1.141607,
        -0.006530 0.000000 -1.141713,
        0.006530 0.000000 -1.141713,
        -0.007093 -0.009862 -1.141607,
        0.006722 -0.023223 -1.141141,
        -0.009793 -0.031561 -1.140635,
        0.007722 -0.036713 -1.140278,
        -0.010227 -0.034002 -1.140461,
        -0.010083 -0.036713 -1.140259,
        -0.011393 -0.039006 -1.139974,
        -0.010083 -0.039013 -1.140065,
        -0.015131 -0.055051 -1.138413,
        -0.010083 -0.042753 -1.139749,
        -0.010083 -0.049677 -1.139069,
        -0.036009 -0.105078 -1.129325,
        -0.030970 -0.095630 -1.131529,
        0.009189 -0.049677 -1.139076,
        -0.022029 -0.075583 -1.135433,
        -0.007202 -0.092634 -1.132539,
        0.016657 -0.127120 -1.124185,
        0.016449 -0.141860 -1.119810,
        -0.012963 -0.141860 -1.119856,
        -0.036009 -0.115965 -1.126649,
        -0.036009 -0.120285 -1.125587,
        -0.068125 -0.154824 -1.113561,
        -0.059377 -0.154824 -1.114062,
        -0.036009 -0.154824 -1.115062,
        -0.012963 -0.154824 -1.115568,
        0.015988 -0.154824 -1.115529,
        0.015678 -0.161557 -1.113140,
        -0.012963 -0.154208 -1.115781,
        0.014685 -0.180018 -1.105993,
        0.112435 0.188856 -1.096594,
        0.092925 0.173570 -1.104792,
        0.075383 0.157199 -1.112261,
        0.169371 0.258401 -1.051246,
        0.172703 0.222666 -1.072039,
        0.164746 0.219309 -1.075198,
        0.141010 0.207087 -1.084801,
        0.118872 0.193350 -1.093916,
        0.113754 0.189776 -1.096046,
        0.222651 0.240746 -1.052498,
        0.216915 0.239074 -1.054702,
        0.190060 0.229989 -1.065148,
        0.341618 0.257725 -1.008980,
        0.310772 0.256294 -1.019874,
        0.280152 0.258401 -1.027288,
        0.280604 0.252969 -1.030788,
        0.251203 0.247784 -1.041678,
        0.346388 0.257774 -1.007319,
        0.387759 0.258401 -0.991690,
        0.377394 0.256970 -0.996676,
        0.497700 0.234427 -0.957767,
        0.476576 0.240959 -0.964329,
        0.490973 0.258401 -0.944855,
        0.468948 0.242968 -0.966730,
        0.438769 0.249585 -0.976365,
        0.408219 0.254242 -0.986352,
        0.388289 0.256006 -0.993027,
        0.584753 0.194535 -0.931489,
        0.588623 0.258401 -0.887315,
        0.559557 0.208842 -0.938984,
        0.533090 0.221336 -0.946933,
        0.505411 0.232042 -0.955371,
        0.672422 0.115952 -0.904578,
        0.662252 0.128822 -0.907974,
        0.703307 0.189778 -0.848311,
        0.643619 0.148628 -0.913842,
        0.623211 0.166956 -0.920044,
        0.612485 0.175108 -0.923243,
        0.710946 0.052137 -0.889678,
        0.698737 0.076573 -0.895038,
        0.719477 0.115978 -0.867815,
        0.684437 0.099857 -0.900466,
        0.679062 0.107548 -0.902362,
        0.737011 -0.038997 -0.869650,
        0.736104 -0.032080 -0.871330,
        0.816846 0.039014 -0.795383,
        0.732060 -0.011684 -0.875963,
        0.729203 0.000000 -0.878530,
        0.728671 0.001743 -0.878904,
        0.741410 -0.115942 -0.848944,
        0.741738 -0.091888 -0.856071,
        0.816846 -0.039014 -0.795383,
        0.740016 -0.061899 -0.864087,
        0.736455 -0.168353 -0.831463,
        0.738800 -0.151794 -0.837350,
        0.807644 -0.115978 -0.786423,
        0.741328 -0.121896 -0.847180,
        0.712668 -0.251785 -0.796847,
        0.722728 -0.224970 -0.808890,
        0.789493 -0.189778 -0.768748,
        0.730644 -0.197166 -0.820447,
        0.732149 -0.189701 -0.823301,
        0.687761 -0.299383 -0.773124,
        0.700401 -0.277601 -0.784373,
        0.762885 -0.258401 -0.742840,
        0.709576 -0.258292 -0.793703,
        0.611393 -0.382646 -0.722391,
        0.623328 -0.372634 -0.729198,
        0.687419 -0.372822 -0.669357,
        0.633590 -0.364026 -0.735052,
        0.653727 -0.343887 -0.747773,
        0.671770 -0.322325 -0.760487,
        0.728549 -0.319976 -0.709406,
        0.673450 -0.319915 -0.761815,
        0.640619 -0.415499 -0.623786,
        0.588834 -0.398690 -0.710192,
        0.570685 -0.415499 -0.688346,
        0.586002 -0.400704 -0.708661,
        0.534196 -0.430435 -0.679116,
        0.560086 -0.416620 -0.694321,
        0.562012 -0.415437 -0.695387,
        0.512517 -0.440345 -0.666100,
        0.520410 -0.437056 -0.670404,
        0.525079 -0.446843 -0.633337,
        0.468557 -0.456007 -0.639539,
        0.486271 -0.450209 -0.650934,
        0.495753 -0.446646 -0.656413,
        0.433296 -0.465681 -0.610852,
        0.449192 -0.461617 -0.625204,
        0.398575 -0.472441 -0.537670,
        0.401326 -0.472180 -0.555107,
        0.406219 -0.471407 -0.570715,
        0.413134 -0.470118 -0.584895,
        0.087355 -0.468464 -0.725220,
        0.084989 -0.470174 -0.710449,
        0.039760 -0.465998 -0.745994,
        0.080397 -0.471433 -0.695508,
        0.073345 -0.472187 -0.680851,
        0.081094 -0.456018 -0.788617,
        0.085739 -0.461558 -0.765322,
        0.087824 -0.465580 -0.744352,
        0.087763 -0.465954 -0.741872,
        0.057115 -0.427408 -0.868719,
        0.061469 -0.435035 -0.851318,
        0.043785 -0.446843 -0.821527,
        0.067418 -0.441607 -0.834453,
        0.072198 -0.446633 -0.819407,
        0.076537 -0.451194 -0.805752,
        0.047970 -0.411084 -0.900610,
        -0.047589 -0.415499 -0.892881,
        0.040386 -0.396586 -0.925159,
        0.021850 -0.348078 -0.988491,
        0.027921 -0.367921 -0.965256,
        -0.051065 -0.372822 -0.958111,
        0.029810 -0.372767 -0.958960,
        0.031848 -0.377996 -0.952165,
        0.011890 -0.258310 -1.064592,
        0.011862 -0.263811 -1.061149,
        0.012871 -0.289026 -1.042929,
        0.014113 -0.303669 -1.031114,
        -0.054120 -0.319976 -1.015436,
        0.016330 -0.319835 -1.016587,
        0.017267 -0.326674 -1.010443,
        0.014150 -0.189678 -1.101629,
        0.013065 -0.209275 -1.092775,
        0.011998 -0.237239 -1.077781,
        0.427171 -0.472441 -0.515243,
        0.535231 -0.465998 -0.521167,
        0.479518 -0.472441 -0.466919,
        0.587595 -0.465998 -0.461323,
        0.526432 -0.472441 -0.413304,
        0.633302 -0.465998 -0.396252,
        0.567381 -0.472441 -0.355006,
        0.671833 -0.465998 -0.326692,
        0.601902 -0.472441 -0.292686,
        0.702753 -0.465998 -0.253429,
        0.629602 -0.472441 -0.227050,
        0.725709 -0.465998 -0.177296,
        0.650170 -0.472441 -0.158841,
        0.740443 -0.465998 -0.099153,
        0.663370 -0.472441 -0.088832,
        0.746788 -0.465998 -0.019887,
        0.669054 -0.472441 -0.017817,
        0.744671 -0.465998 0.059604,
        0.667157 -0.472441 0.053400,
        0.734117 -0.465998 0.138420,
        0.657702 -0.472441 0.124012,
        0.715244 -0.465998 0.215668,
        0.640794 -0.472441 0.193219,
        0.688269 -0.465998 0.290472,
        0.616626 -0.472441 0.260237,
        0.653494 -0.465998 0.361985,
        0.585471 -0.472441 0.324306,
        0.611315 -0.465998 0.429396,
        0.547683 -0.472441 0.384700,
        0.562210 -0.465998 0.491943,
        0.503689 -0.472441 0.440736,
        0.506735 -0.465998 0.548915,
        0.453988 -0.472441 0.491778,
        0.445518 -0.465998 0.599668,
        0.399143 -0.472441 0.537248,
        0.379253 -0.465998 0.643626,
        0.339776 -0.472441 0.576631,
        0.308691 -0.465998 0.680292,
        0.276559 -0.472441 0.609480,
        0.234632 -0.465998 0.709250,
        0.210209 -0.472441 0.635424,
        0.157914 -0.465998 0.730172,
        0.141476 -0.472441 0.654168,
        0.079407 -0.465998 0.742820,
        0.071141 -0.472441 0.665500,
        0.000000 -0.465998 0.747053,
        0.000000 -0.472441 0.669291,
        -0.079407 -0.465998 0.742820,
        -0.071141 -0.472441 0.665500,
        -0.157914 -0.465998 0.730172,
        -0.141476 -0.472441 0.654168,
        -0.234632 -0.465998 0.709250,
        -0.210209 -0.472441 0.635424,
        -0.308691 -0.465998 0.680292,
        -0.276559 -0.472441 0.609480,
        -0.379253 -0.465998 0.643626,
        -0.339776 -0.472441 0.576631,
        -0.445518 -0.465998 0.599668,
        -0.399143 -0.472441 0.537248,
        -0.506735 -0.465998 0.548915,
        -0.453988 -0.472441 0.491778,
        -0.562210 -0.465998 0.491943,
        -0.503689 -0.472441 0.440736,
        -0.611315 -0.465998 0.429396,
        -0.547683 -0.472441 0.384700,
        -0.653494 -0.465998 0.361985,
        -0.585471 -0.472441 0.324306,
        -0.688269 -0.465998 0.290472,
        -0.616626 -0.472441 0.260237,
        -0.715244 -0.465998 0.215668,
        -0.640794 -0.472441 0.193219,
        -0.734117 -0.465998 0.138420,
        -0.657702 -0.472441 0.124012,
        -0.744671 -0.465998 0.059604,
        -0.667157 -0.472441 0.053400,
        -0.746788 -0.465998 -0.019887,
        -0.669054 -0.472441 -0.017817,
        -0.740443 -0.465998 -0.099153,
        -0.663370 -0.472441 -0.088832,
        -0.725709 -0.465998 -0.177296,
        -0.650170 -0.472441 -0.158841,
        -0.702753 -0.465998 -0.253429,
        -0.629602 -0.472441 -0.227050,
        -0.671833 -0.465998 -0.326692,
        -0.601902 -0.472441 -0.292686,
        -0.633302 -0.465998 -0.396252,
        -0.567381 -0.472441 -0.355006,
        -0.587595 -0.465998 -0.461323,
        -0.526432 -0.472441 -0.413304,
        -0.535231 -0.465998 -0.521167,
        -0.479518 -0.472441 -0.466919,
        -0.476802 -0.465998 -0.575106,
        -0.427171 -0.472441 -0.515243,
        -0.412971 -0.465998 -0.622529,
        -0.369984 -0.472441 -0.557730,
        -0.344460 -0.465998 -0.662899,
        -0.308605 -0.472441 -0.593897,
        -0.272047 -0.465998 -0.695757,
        -0.243730 -0.472441 -0.623335,
        -0.196552 -0.465998 -0.720732,
        -0.176092 -0.472441 -0.645711,
        -0.118829 -0.465998 -0.737541,
        -0.106460 -0.472441 -0.660770,
        -0.039760 -0.465998 -0.745994,
        -0.035621 -0.472441 -0.668343,
        0.035621 -0.472441 -0.668343,
        0.063477 -0.472441 -0.666274,
        0.589424 -0.446843 -0.573936,
        0.647090 -0.446843 -0.508033,
        0.697425 -0.446843 -0.436373,
        0.739857 -0.446843 -0.359770,
        0.773907 -0.446843 -0.279089,
        0.799188 -0.446843 -0.195247,
        0.815414 -0.446843 -0.109192,
        0.822401 -0.446843 -0.021900,
        0.820070 -0.446843 0.065639,
        0.808447 -0.446843 0.152436,
        0.787664 -0.446843 0.237505,
        0.757957 -0.446843 0.319883,
        0.719661 -0.446843 0.398637,
        0.673212 -0.446843 0.472873,
        0.619135 -0.446843 0.541752,
        0.558042 -0.446843 0.604493,
        0.490627 -0.446843 0.660385,
        0.417653 -0.446843 0.708794,
        0.339946 -0.446843 0.749172,
        0.258389 -0.446843 0.781063,
        0.173903 -0.446843 0.804103,
        0.087447 -0.446843 0.818032,
        0.000000 -0.446843 0.822693,
        -0.087447 -0.446843 0.818032,
        -0.173903 -0.446843 0.804103,
        -0.258389 -0.446843 0.781063,
        -0.339946 -0.446843 0.749172,
        -0.417653 -0.446843 0.708794,
        -0.490627 -0.446843 0.660385,
        -0.558042 -0.446843 0.604493,
        -0.619135 -0.446843 0.541752,
        -0.673212 -0.446843 0.472873,
        -0.719661 -0.446843 0.398637,
        -0.757957 -0.446843 0.319883,
        -0.787664 -0.446843 0.237505,
        -0.808447 -0.446843 0.152436,
        -0.820070 -0.446843 0.065639,
        -0.822401 -0.446843 -0.021900,
        -0.815414 -0.446843 -0.109192,
        -0.799188 -0.446843 -0.195247,
        -0.773907 -0.446843 -0.279089,
        -0.739857 -0.446843 -0.359770,
        -0.697425 -0.446843 -0.436373,
        -0.647090 -0.446843 -0.508033,
        -0.589424 -0.446843 -0.573936,
        -0.525079 -0.446843 -0.633337,
        -0.454785 -0.446843 -0.685561,
        -0.379337 -0.446843 -0.730018,
        -0.299592 -0.446843 -0.766204,
        -0.216452 -0.446843 -0.793707,
        -0.130860 -0.446843 -0.812219,
        -0.043785 -0.446843 -0.821527,
        0.703294 -0.415499 -0.552159,
        0.758000 -0.415499 -0.474275,
        0.804119 -0.415499 -0.391018,
        0.841126 -0.415499 -0.303330,
        0.868602 -0.415499 -0.212205,
        0.886238 -0.415499 -0.118676,
        0.893831 -0.415499 -0.023803,
        0.891298 -0.415499 0.071341,
        0.878665 -0.415499 0.165676,
        0.856078 -0.415499 0.258133,
        0.823790 -0.415499 0.347667,
        0.782168 -0.415499 0.433260,
        0.731684 -0.415499 0.513945,
        0.672910 -0.415499 0.588807,
        0.606511 -0.415499 0.656997,
        0.533241 -0.415499 0.717743,
        0.453929 -0.415499 0.770357,
        0.369473 -0.415499 0.814243,
        0.280831 -0.415499 0.848902,
        0.189007 -0.415499 0.873944,
        0.095042 -0.415499 0.889083,
        0.000000 -0.415499 0.894148,
        -0.095042 -0.415499 0.889083,
        -0.189007 -0.415499 0.873944,
        -0.280831 -0.415499 0.848902,
        -0.369473 -0.415499 0.814243,
        -0.453929 -0.415499 0.770357,
        -0.533241 -0.415499 0.717743,
        -0.606511 -0.415499 0.656997,
        -0.672910 -0.415499 0.588807,
        -0.731684 -0.415499 0.513945,
        -0.782168 -0.415499 0.433260,
        -0.823790 -0.415499 0.347667,
        -0.856078 -0.415499 0.258133,
        -0.878665 -0.415499 0.165676,
        -0.891298 -0.415499 0.071341,
        -0.893831 -0.415499 -0.023803,
        -0.886238 -0.415499 -0.118676,
        -0.868602 -0.415499 -0.212205,
        -0.841126 -0.415499 -0.303330,
        -0.804119 -0.415499 -0.391018,
        -0.758000 -0.415499 -0.474275,
        -0.703294 -0.415499 -0.552159,
        -0.640619 -0.415499 -0.623786,
        -0.570685 -0.415499 -0.688346,
        -0.494285 -0.415499 -0.745106,
        -0.412285 -0.415499 -0.793424,
        -0.325613 -0.415499 -0.832753,
        -0.235253 -0.415499 -0.862646,
        -0.142226 -0.415499 -0.882765,
        0.754673 -0.372822 -0.592497,
        0.813376 -0.372822 -0.508923,
        0.862863 -0.372822 -0.419583,
        0.902574 -0.372822 -0.325490,
        0.932058 -0.372822 -0.227708,
        0.950982 -0.372822 -0.127346,
        0.959131 -0.372822 -0.025542,
        0.956412 -0.372822 0.076552,
        0.942856 -0.372822 0.177779,
        0.918618 -0.372822 0.276991,
        0.883972 -0.372822 0.373065,
        0.839309 -0.372822 0.464912,
        0.785137 -0.372822 0.551492,
        0.722070 -0.372822 0.631822,
        0.650820 -0.372822 0.704994,
        0.572197 -0.372822 0.770178,
        0.487091 -0.372822 0.826636,
        0.396465 -0.372822 0.873727,
        0.301347 -0.372822 0.910919,
        0.202815 -0.372822 0.937790,
        0.101985 -0.372822 0.954035,
        0.000000 -0.372822 0.959470,
        -0.101985 -0.372822 0.954035,
        -0.202815 -0.372822 0.937790,
        -0.301347 -0.372822 0.910919,
        -0.396465 -0.372822 0.873727,
        -0.487091 -0.372822 0.826636,
        -0.572197 -0.372822 0.770178,
        -0.650820 -0.372822 0.704994,
        -0.722070 -0.372822 0.631822,
        -0.785137 -0.372822 0.551492,
        -0.839309 -0.372822 0.464912,
        -0.883972 -0.372822 0.373065,
        -0.918618 -0.372822 0.276991,
        -0.942856 -0.372822 0.177779,
        -0.956412 -0.372822 0.076552,
        -0.959131 -0.372822 -0.025542,
        -0.950982 -0.372822 -0.127346,
        -0.932058 -0.372822 -0.227708,
        -0.902574 -0.372822 -0.325490,
        -0.862863 -0.372822 -0.419583,
        -0.813376 -0.372822 -0.508923,
        -0.754673 -0.372822 -0.592497,
        -0.687419 -0.372822 -0.669357,
        -0.612376 -0.372822 -0.738633,
        -0.530395 -0.372822 -0.799540,
        -0.442405 -0.372822 -0.851388,
        -0.349401 -0.372822 -0.893590,
        -0.252439 -0.372822 -0.925666,
        -0.152617 -0.372822 -0.947255,
        0.799826 -0.319976 -0.627947,
        0.862042 -0.319976 -0.539373,
        0.914490 -0.319976 -0.444688,
        0.956577 -0.319976 -0.344964,
        0.987825 -0.319976 -0.241332,
        1.007881 -0.319976 -0.134966,
        1.016517 -0.319976 -0.027070,
        1.013636 -0.319976 0.081133,
        0.999269 -0.319976 0.188416,
        0.973581 -0.319976 0.293564,
        0.936861 -0.319976 0.395387,
        0.889527 -0.319976 0.492729,
        0.832114 -0.319976 0.584488,
        0.765272 -0.319976 0.669625,
        0.689760 -0.319976 0.747175,
        0.606433 -0.319976 0.816259,
        0.516234 -0.319976 0.876095,
        0.420186 -0.319976 0.926004,
        0.319378 -0.319976 0.965421,
        0.214950 -0.319976 0.993900,
        0.108087 -0.319976 1.011117,
        0.000000 -0.319976 1.016878,
        -0.108087 -0.319976 1.011117,
        -0.214950 -0.319976 0.993900,
        -0.319378 -0.319976 0.965421,
        -0.420186 -0.319976 0.926004,
        -0.516234 -0.319976 0.876095,
        -0.606433 -0.319976 0.816259,
        -0.689760 -0.319976 0.747175,
        -0.765272 -0.319976 0.669625,
        -0.832114 -0.319976 0.584488,
        -0.889527 -0.319976 0.492729,
        -0.936861 -0.319976 0.395387,
        -0.973581 -0.319976 0.293564,
        -0.999269 -0.319976 0.188416,
        -1.013636 -0.319976 0.081133,
        -1.016517 -0.319976 -0.027070,
        -1.007881 -0.319976 -0.134966,
        -0.987825 -0.319976 -0.241332,
        -0.956577 -0.319976 -0.344964,
        -0.914490 -0.319976 -0.444688,
        -0.862042 -0.319976 -0.539373,
        -0.799826 -0.319976 -0.627947,
        -0.728549 -0.319976 -0.709406,
        -0.649016 -0.319976 -0.782827,
        -0.562130 -0.319976 -0.847378,
        -0.468874 -0.319976 -0.902328,
        -0.370307 -0.319976 -0.947055,
        -0.267543 -0.319976 -0.981051,
        -0.161748 -0.319976 -1.003931,
        0.837522 -0.258401 -0.657542,
        0.902670 -0.258401 -0.564794,
        0.957590 -0.258401 -0.465646,
        1.001661 -0.258401 -0.361222,
        1.034381 -0.258401 -0.252706,
        1.055383 -0.258401 -0.141326,
        1.064426 -0.258401 -0.028346,
        1.061408 -0.258401 0.084956,
        1.046365 -0.258401 0.197296,
        1.019466 -0.258401 0.307400,
        0.981016 -0.258401 0.414021,
        0.931450 -0.258401 0.515951,
        0.871331 -0.258401 0.612035,
        0.801340 -0.258401 0.701185,
        0.722269 -0.258401 0.782390,
        0.635014 -0.258401 0.854730,
        0.540564 -0.258401 0.917385,
        0.439990 -0.258401 0.969647,
        0.334430 -0.258401 1.010922,
        0.225081 -0.258401 1.040742,
        0.113181 -0.258401 1.058771,
        0.000000 -0.258401 1.064803,
        -0.113181 -0.258401 1.058771,
        -0.225081 -0.258401 1.040742,
        -0.334430 -0.258401 1.010922,
        -0.439990 -0.258401 0.969647,
        -0.540564 -0.258401 0.917385,
        -0.635014 -0.258401 0.854730,
        -0.722269 -0.258401 0.782390,
        -0.801340 -0.258401 0.701185,
        -0.871331 -0.258401 0.612035,
        -0.931450 -0.258401 0.515951,
        -0.981016 -0.258401 0.414021,
        -1.019466 -0.258401 0.307400,
        -1.046365 -0.258401 0.197296,
        -1.061408 -0.258401 0.084956,
        -1.064426 -0.258401 -0.028346,
        -1.055383 -0.258401 -0.141326,
        -1.034381 -0.258401 -0.252706,
        -1.001661 -0.258401 -0.361222,
        -0.957590 -0.258401 -0.465646,
        -0.902670 -0.258401 -0.564794,
        -0.837522 -0.258401 -0.657542,
        -0.762885 -0.258401 -0.742840,
        -0.679604 -0.258401 -0.819722,
        0.866733 -0.189778 -0.680475,
        0.934152 -0.189778 -0.584492,
        0.990988 -0.189778 -0.481887,
        1.036595 -0.189778 -0.373821,
        1.070457 -0.189778 -0.261520,
        1.092191 -0.189778 -0.146256,
        1.101550 -0.189778 -0.029334,
        1.098427 -0.189778 0.087920,
        1.082859 -0.189778 0.204177,
        1.055022 -0.189778 0.318121,
        1.015231 -0.189778 0.428461,
        0.963937 -0.189778 0.533946,
        0.901721 -0.189778 0.633381,
        0.829288 -0.189778 0.725640,
        0.747459 -0.189778 0.809677,
        0.657161 -0.189778 0.884540,
        0.559417 -0.189778 0.949381,
        0.455335 -0.189778 1.003465,
        0.346094 -0.189778 1.046179,
        0.232931 -0.189778 1.077040,
        0.117129 -0.189778 1.095698,
        0.000000 -0.189778 1.101940,
        -0.117129 -0.189778 1.095698,
        -0.232931 -0.189778 1.077040,
        -0.346094 -0.189778 1.046179,
        -0.455335 -0.189778 1.003465,
        -0.559417 -0.189778 0.949381,
        -0.657161 -0.189778 0.884540,
        -0.747459 -0.189778 0.809677,
        -0.829288 -0.189778 0.725640,
        -0.901721 -0.189778 0.633381,
        -0.963937 -0.189778 0.533946,
        -1.015231 -0.189778 0.428461,
        -1.055022 -0.189778 0.318121,
        -1.082859 -0.189778 0.204177,
        -1.098427 -0.189778 0.087920,
        -1.101550 -0.189778 -0.029334,
        -1.092191 -0.189778 -0.146256,
        -1.070457 -0.189778 -0.261520,
        -1.036595 -0.189778 -0.373821,
        -0.990988 -0.189778 -0.481887,
        -0.934152 -0.189778 -0.584492,
        -0.866733 -0.189778 -0.680475,
        -0.789493 -0.189778 -0.768748,
        0.886660 -0.115978 -0.696120,
        0.955630 -0.115978 -0.597931,
        1.013773 -0.115978 -0.492966,
        1.060429 -0.115978 -0.382416,
        1.095069 -0.115978 -0.267533,
        1.117303 -0.115978 -0.149618,
        1.126876 -0.115978 -0.030009,
        1.123682 -0.115978 0.089941,
        1.107756 -0.115978 0.208872,
        1.079279 -0.115978 0.325435,
        1.038573 -0.115978 0.438312,
        0.986099 -0.115978 0.546222,
        0.922453 -0.115978 0.647944,
        0.848355 -0.115978 0.742324,
        0.764644 -0.115978 0.828293,
        0.672270 -0.115978 0.904877,
        0.572280 -0.115978 0.971209,
        0.465804 -0.115978 1.026537,
        0.354051 -0.115978 1.070233,
        0.238287 -0.115978 1.101803,
        0.119822 -0.115978 1.120889,
        0.000000 -0.115978 1.127276,
        -0.119822 -0.115978 1.120889,
        -0.238287 -0.115978 1.101803,
        -0.354051 -0.115978 1.070233,
        -0.465804 -0.115978 1.026537,
        -0.572280 -0.115978 0.971209,
        -0.672270 -0.115978 0.904877,
        -0.764644 -0.115978 0.828293,
        -0.848355 -0.115978 0.742324,
        -0.922453 -0.115978 0.647944,
        -0.986099 -0.115978 0.546222,
        -1.038573 -0.115978 0.438312,
        -1.079279 -0.115978 0.325435,
        -1.107756 -0.115978 0.208872,
        -1.123682 -0.115978 0.089941,
        -1.126876 -0.115978 -0.030009,
        -1.117303 -0.115978 -0.149618,
        -1.095069 -0.115978 -0.267533,
        -1.060429 -0.115978 -0.382416,
        -1.013773 -0.115978 -0.492966,
        -0.955630 -0.115978 -0.597931,
        -0.886660 -0.115978 -0.696120,
        -0.807644 -0.115978 -0.786423,
        0.896762 -0.039014 -0.704051,
        0.966518 -0.039014 -0.604743,
        1.025322 -0.039014 -0.498582,
        1.072510 -0.039014 -0.386772,
        1.107545 -0.039014 -0.270581,
        1.130032 -0.039014 -0.151323,
        1.139715 -0.039014 -0.030350,
        1.136484 -0.039014 0.090966,
        1.120376 -0.039014 0.211251,
        1.091575 -0.039014 0.329143,
        1.050405 -0.039014 0.443306,
        0.997334 -0.039014 0.552445,
        0.932962 -0.039014 0.655326,
        0.858020 -0.039014 0.750781,
        0.773356 -0.039014 0.837730,
        0.679930 -0.039014 0.915187,
        0.578799 -0.039014 0.982274,
        0.471111 -0.039014 1.038232,
        0.358085 -0.039014 1.082426,
        0.241001 -0.039014 1.114356,
        0.121187 -0.039014 1.133659,
        0.000000 -0.039014 1.140119,
        -0.121187 -0.039014 1.133659,
        -0.241001 -0.039014 1.114356,
        -0.358085 -0.039014 1.082426,
        -0.471111 -0.039014 1.038232,
        -0.578799 -0.039014 0.982274,
        -0.679930 -0.039014 0.915187,
        -0.773356 -0.039014 0.837730,
        -0.858020 -0.039014 0.750781,
        -0.932962 -0.039014 0.655326,
        -0.997334 -0.039014 0.552445,
        -1.050405 -0.039014 0.443306,
        -1.091575 -0.039014 0.329143,
        -1.120376 -0.039014 0.211251,
        -1.136484 -0.039014 0.090966,
        -1.139715 -0.039014 -0.030350,
        -1.130032 -0.039014 -0.151323,
        -1.107545 -0.039014 -0.270581,
        -1.072510 -0.039014 -0.386772,
        -1.025322 -0.039014 -0.498582,
        -0.966518 -0.039014 -0.604743,
        -0.896762 -0.039014 -0.704051,
        0.896762 0.039014 -0.704051,
        0.966518 0.039014 -0.604743,
        1.025322 0.039014 -0.498582,
        1.072510 0.039014 -0.386772,
        1.107545 0.039014 -0.270581,
        1.130032 0.039014 -0.151323,
        1.139715 0.039014 -0.030350,
        1.136484 0.039014 0.090966,
        1.120376 0.039014 0.211251,
        1.091575 0.039014 0.329143,
        1.050405 0.039014 0.443306,
        0.997334 0.039014 0.552445,
        0.932962 0.039014 0.655326,
        0.858020 0.039014 0.750781,
        0.773356 0.039014 0.837730,
        0.679930 0.039014 0.915187,
        0.578799 0.039014 0.982274,
        0.471111 0.039014 1.038232,
        0.358085 0.039014 1.082426,
        0.241001 0.039014 1.114356,
        0.121187 0.039014 1.133659,
        0.000000 0.039014 1.140119,
        -0.121187 0.039014 1.133659,
        -0.241001 0.039014 1.114356,
        -0.358085 0.039014 1.082426,
        -0.471111 0.039014 1.038232,
        -0.578799 0.039014 0.982274,
        -0.679930 0.039014 0.915187,
        -0.773356 0.039014 0.837730,
        -0.858020 0.039014 0.750781,
        -0.932962 0.039014 0.655326,
        -0.997334 0.039014 0.552445,
        -1.050405 0.039014 0.443306,
        -1.091575 0.039014 0.329143,
        -1.120376 0.039014 0.211251,
        -1.136484 0.039014 0.090966,
        -1.139715 0.039014 -0.030350,
        -1.130032 0.039014 -0.151323,
        -1.107545 0.039014 -0.270581,
        -1.072510 0.039014 -0.386772,
        -1.025322 0.039014 -0.498582,
        -0.966518 0.039014 -0.604743,
        -0.896762 0.039014 -0.704051,
        0.807644 0.115978 -0.786423,
        0.886660 0.115978 -0.696120,
        0.955630 0.115978 -0.597931,
        1.013773 0.115978 -0.492966,
        1.060429 0.115978 -0.382416,
        1.095069 0.115978 -0.267533,
        1.117303 0.115978 -0.149618,
        1.126876 0.115978 -0.030009,
        1.123682 0.115978 0.089941,
        1.107756 0.115978 0.208872,
        1.079279 0.115978 0.325435,
        1.038573 0.115978 0.438312,
        0.986099 0.115978 0.546222,
        0.922453 0.115978 0.647944,
        0.848355 0.115978 0.742324,
        0.764644 0.115978 0.828293,
        0.672270 0.115978 0.904877,
        0.572280 0.115978 0.971209,
        0.465804 0.115978 1.026537,
        0.354051 0.115978 1.070233,
        0.238287 0.115978 1.101803,
        0.119822 0.115978 1.120889,
        0.000000 0.115978 1.127276,
        -0.119822 0.115978 1.120889,
        -0.238287 0.115978 1.101803,
        -0.354051 0.115978 1.070233,
        -0.465804 0.115978 1.026537,
        -0.572280 0.115978 0.971209,
        -0.672270 0.115978 0.904877,
        -0.764644 0.115978 0.828293,
        -0.848355 0.115978 0.742324,
        -0.922453 0.115978 0.647944,
        -0.986099 0.115978 0.546222,
        -1.038573 0.115978 0.438312,
        -1.079279 0.115978 0.325435,
        -1.107756 0.115978 0.208872,
        -1.123682 0.115978 0.089941,
        -1.126876 0.115978 -0.030009,
        -1.117303 0.115978 -0.149618,
        -1.095069 0.115978 -0.267533,
        -1.060429 0.115978 -0.382416,
        -1.013773 0.115978 -0.492966,
        -0.955630 0.115978 -0.597931,
        -0.886660 0.115978 -0.696120,
        0.789493 0.189778 -0.768748,
        0.866733 0.189778 -0.680475,
        0.934152 0.189778 -0.584492,
        0.990988 0.189778 -0.481887,
        1.036595 0.189778 -0.373821,
        1.070457 0.189778 -0.261520,
        1.092191 0.189778 -0.146256,
        1.101550 0.189778 -0.029334,
        1.098427 0.189778 0.087920,
        1.082859 0.189778 0.204177,
        1.055022 0.189778 0.318121,
        1.015231 0.189778 0.428461,
        0.963937 0.189778 0.533946,
        0.901721 0.189778 0.633381,
        0.829288 0.189778 0.725640,
        0.747459 0.189778 0.809677,
        0.657161 0.189778 0.884540,
        0.559417 0.189778 0.949381,
        0.455335 0.189778 1.003465,
        0.346094 0.189778 1.046179,
        0.232931 0.189778 1.077040,
        0.117129 0.189778 1.095698,
        0.000000 0.189778 1.101940,
        -0.117129 0.189778 1.095698,
        -0.232931 0.189778 1.077040,
        -0.346094 0.189778 1.046179,
        -0.455335 0.189778 1.003465,
        -0.559417 0.189778 0.949381,
        -0.657161 0.189778 0.884540,
        -0.747459 0.189778 0.809677,
        -0.829288 0.189778 0.725640,
        -0.901721 0.189778 0.633381,
        -0.963937 0.189778 0.533946,
        -1.015231 0.189778 0.428461,
        -1.055022 0.189778 0.318121,
        -1.082859 0.189778 0.204177,
        -1.098427 0.189778 0.087920,
        -1.101550 0.189778 -0.029334,
        -1.092191 0.189778 -0.146256,
        -1.070457 0.189778 -0.261520,
        -1.036595 0.189778 -0.373821,
        -0.990988 0.189778 -0.481887,
        -0.934152 0.189778 -0.584492,
        -0.866733 0.189778 -0.680475,
        0.679604 0.258401 -0.819722,
        0.762885 0.258401 -0.742840,
        0.837522 0.258401 -0.657542,
        0.902670 0.258401 -0.564794,
        0.957590 0.258401 -0.465646,
        1.001661 0.258401 -0.361222,
        1.034381 0.258401 -0.252706,
        1.055383 0.258401 -0.141326,
        1.064426 0.258401 -0.028346,
        1.061408 0.258401 0.084956,
        1.046365 0.258401 0.197296,
        1.019466 0.258401 0.307400,
        0.981016 0.258401 0.414021,
        0.931450 0.258401 0.515951,
        0.871331 0.258401 0.612035,
        0.801340 0.258401 0.701185,
        0.722269 0.258401 0.782390,
        0.635014 0.258401 0.854730,
        0.540564 0.258401 0.917385,
        0.439990 0.258401 0.969647,
        0.334430 0.258401 1.010922,
        0.225081 0.258401 1.040742,
        0.113181 0.258401 1.058771,
        0.000000 0.258401 1.064803,
        -0.113181 0.258401 1.058771,
        -0.225081 0.258401 1.040742,
        -0.334430 0.258401 1.010922,
        -0.439990 0.258401 0.969647,
        -0.540564 0.258401 0.917385,
        -0.635014 0.258401 0.854730,
        -0.722269 0.258401 0.782390,
        -0.801340 0.258401 0.701185,
        -0.871331 0.258401 0.612035,
        -0.931450 0.258401 0.515951,
        -0.981016 0.258401 0.414021,
        -1.019466 0.258401 0.307400,
        -1.046365 0.258401 0.197296,
        -1.061408 0.258401 0.084956,
        -1.064426 0.258401 -0.028346,
        -1.055383 0.258401 -0.141326,
        -1.034381 0.258401 -0.252706,
        -1.001661 0.258401 -0.361222,
        -0.957590 0.258401 -0.465646,
        -0.902670 0.258401 -0.564794,
        -0.837522 0.258401 -0.657542,
        0.161748 0.319976 -1.003931,
        0.267543 0.319976 -0.981051,
        0.370307 0.319976 -0.947055,
        0.468874 0.319976 -0.902328,
        0.562130 0.319976 -0.847378,
        0.649016 0.319976 -0.782827,
        0.728549 0.319976 -0.709406,
        0.799826 0.319976 -0.627947,
        0.862042 0.319976 -0.539373,
        0.914490 0.319976 -0.444688,
        0.956577 0.319976 -0.344964,
        0.987825 0.319976 -0.241332,
        1.007881 0.319976 -0.134966,
        1.016517 0.319976 -0.027070,
        1.013636 0.319976 0.081133,
        0.999269 0.319976 0.188416,
        0.973581 0.319976 0.293564,
        0.936861 0.319976 0.395387,
        0.889527 0.319976 0.492729,
        0.832114 0.319976 0.584488,
        0.765272 0.319976 0.669625,
        0.689760 0.319976 0.747175,
        0.606433 0.319976 0.816259,
        0.516234 0.319976 0.876095,
        0.420186 0.319976 0.926004,
        0.319378 0.319976 0.965421,
        0.214950 0.319976 0.993900,
        0.108087 0.319976 1.011117,
        0.000000 0.319976 1.016878,
        -0.108087 0.319976 1.011117,
        -0.214950 0.319976 0.993900,
        -0.319378 0.319976 0.965421,
        -0.420186 0.319976 0.926004,
        -0.516234 0.319976 0.876095,
        -0.606433 0.319976 0.816259,
        -0.689760 0.319976 0.747175,
        -0.765272 0.319976 0.669625,
        -0.832114 0.319976 0.584488,
        -0.889527 0.319976 0.492729,
        -0.936861 0.319976 0.395387,
        -0.973581 0.319976 0.293564,
        -0.999269 0.319976 0.188416,
        -1.013636 0.319976 0.081133,
        -1.016517 0.319976 -0.027070,
        -1.007881 0.319976 -0.134966,
        -0.987825 0.319976 -0.241332,
        -0.956577 0.319976 -0.344964,
        -0.914490 0.319976 -0.444688,
        -0.862042 0.319976 -0.539373,
        -0.799826 0.319976 -0.627947,
        0.152617 0.372822 -0.947255,
        0.252439 0.372822 -0.925666,
        0.349401 0.372822 -0.893590,
        0.442405 0.372822 -0.851388,
        0.530395 0.372822 -0.799540,
        0.612376 0.372822 -0.738633,
        0.687419 0.372822 -0.669357,
        0.754673 0.372822 -0.592497,
        0.813376 0.372822 -0.508923,
        0.862863 0.372822 -0.419583,
        0.902574 0.372822 -0.325490,
        0.932058 0.372822 -0.227708,
        0.950982 0.372822 -0.127346,
        0.959131 0.372822 -0.025542,
        0.956412 0.372822 0.076552,
        0.942856 0.372822 0.177779,
        0.918618 0.372822 0.276991,
        0.883972 0.372822 0.373065,
        0.839309 0.372822 0.464912,
        0.785137 0.372822 0.551492,
        0.722070 0.372822 0.631822,
        0.650820 0.372822 0.704994,
        0.572197 0.372822 0.770178,
        0.487091 0.372822 0.826636,
        0.396465 0.372822 0.873727,
        0.301347 0.372822 0.910919,
        0.202815 0.372822 0.937790,
        0.101985 0.372822 0.954035,
        0.000000 0.372822 0.959470,
        -0.101985 0.372822 0.954035,
        -0.202815 0.372822 0.937790,
        -0.301347 0.372822 0.910919,
        -0.396465 0.372822 0.873727,
        -0.487091 0.372822 0.826636,
        -0.572197 0.372822 0.770178,
        -0.650820 0.372822 0.704994,
        -0.722070 0.372822 0.631822,
        -0.785137 0.372822 0.551492,
        -0.839309 0.372822 0.464912,
        -0.883972 0.372822 0.373065,
        -0.918618 0.372822 0.276991,
        -0.942856 0.372822 0.177779,
        -0.956412 0.372822 0.076552,
        -0.959131 0.372822 -0.025542,
        -0.950982 0.372822 -0.127346,
        -0.932058 0.372822 -0.227708,
        -0.902574 0.372822 -0.325490,
        -0.862863 0.372822 -0.419583,
        -0.813376 0.372822 -0.508923,
        -0.754673 0.372822 -0.592497,
        0.142226 0.415499 -0.882765,
        0.235253 0.415499 -0.862646,
        0.325613 0.415499 -0.832753,
        0.412285 0.415499 -0.793424,
        0.494285 0.415499 -0.745106,
        0.570685 0.415499 -0.688346,
        0.640619 0.415499 -0.623786,
        0.703294 0.415499 -0.552159,
        0.758000 0.415499 -0.474275,
        0.804119 0.415499 -0.391018,
        0.841126 0.415499 -0.303330,
        0.868602 0.415499 -0.212205,
        0.886238 0.415499 -0.118676,
        0.893831 0.415499 -0.023803,
        0.891298 0.415499 0.071341,
        0.878665 0.415499 0.165676,
        0.856078 0.415499 0.258133,
        0.823790 0.415499 0.347667,
        0.782168 0.415499 0.433260,
        0.731684 0.415499 0.513945,
        0.672910 0.415499 0.588807,
        0.606511 0.415499 0.656997,
        0.533241 0.415499 0.717743,
        0.453929 0.415499 0.770357,
        0.369473 0.415499 0.814243,
        0.280831 0.415499 0.848902,
        0.189007 0.415499 0.873944,
        0.095042 0.415499 0.889083,
        0.000000 0.415499 0.894148,
        -0.095042 0.415499 0.889083,
        -0.189007 0.415499 0.873944,
        -0.280831 0.415499 0.848902,
        -0.369473 0.415499 0.814243,
        -0.453929 0.415499 0.770357,
        -0.533241 0.415499 0.717743,
        -0.606511 0.415499 0.656997,
        -0.672910 0.415499 0.588807,
        -0.731684 0.415499 0.513945,
        -0.782168 0.415499 0.433260,
        -0.823790 0.415499 0.347667,
        -0.856078 0.415499 0.258133,
        -0.878665 0.415499 0.165676,
        -0.891298 0.415499 0.071341,
        -0.893831 0.415499 -0.023803,
        -0.886238 0.415499 -0.118676,
        -0.868602 0.415499 -0.212205,
        -0.841126 0.415499 -0.303330,
        -0.804119 0.415499 -0.391018,
        -0.758000 0.415499 -0.474275,
        -0.703294 0.415499 -0.552159,
        0.043785 0.446843 -0.821527,
        0.130860 0.446843 -0.812219,
        0.216452 0.446843 -0.793707,
        0.299592 0.446843 -0.766204,
        0.379337 0.446843 -0.730018,
        0.454785 0.446843 -0.685561,
        0.525079 0.446843 -0.633337,
        0.589424 0.446843 -0.573936,
        0.647090 0.446843 -0.508033,
        0.697425 0.446843 -0.436373,
        0.739857 0.446843 -0.359770,
        0.773907 0.446843 -0.279089,
        0.799188 0.446843 -0.195247,
        0.815414 0.446843 -0.109192,
        0.822401 0.446843 -0.021900,
        0.820070 0.446843 0.065639,
        0.808447 0.446843 0.152436,
        0.787664 0.446843 0.237505,
        0.757957 0.446843 0.319883,
        0.719661 0.446843 0.398637,
        0.673212 0.446843 0.472873,
        0.619135 0.446843 0.541752,
        0.558042 0.446843 0.604493,
        0.490627 0.446843 0.660385,
        0.417653 0.446843 0.708794,
        0.339946 0.446843 0.749172,
        0.258389 0.446843 0.781063,
        0.173903 0.446843 0.804103,
        0.087447 0.446843 0.818032,
        0.000000 0.446843 0.822693,
        -0.087447 0.446843 0.818032,
        -0.173903 0.446843 0.804103,
        -0.258389 0.446843 0.781063,
        -0.339946 0.446843 0.749172,
        -0.417653 0.446843 0.708794,
        -0.490627 0.446843 0.660385,
        -0.558042 0.446843 0.604493,
        -0.619135 0.446843 0.541752,
        -0.673212 0.446843 0.472873,
        -0.719661 0.446843 0.398637,
        -0.757957 0.446843 0.319883,
        -0.787664 0.446843 0.237505,
        -0.808447 0.446843 0.152436,
        -0.820070 0.446843 0.065639,
        -0.822401 0.446843 -0.021900,
        -0.815414 0.446843 -0.109192,
        -0.799188 0.446843 -0.195247,
        -0.773907 0.446843 -0.279089,
        -0.739857 0.446843 -0.359770,
        -0.697425 0.446843 -0.436373,
        -0.647090 0.446843 -0.508033,
        -0.589424 0.446843 -0.573936,
        0.039760 0.465998 -0.745994,
        0.118829 0.465998 -0.737541,
        0.196552 0.465998 -0.720732,
        0.272047 0.465998 -0.695757,
        0.344460 0.465998 -0.662899,
        0.412971 0.465998 -0.622529,
        0.476802 0.465998 -0.575106,
        0.535231 0.465998 -0.521167,
        0.587595 0.465998 -0.461323,
        0.633302 0.465998 -0.396252,
        0.671833 0.465998 -0.326692,
        0.702753 0.465998 -0.253429,
        0.725709 0.465998 -0.177296,
        0.740443 0.465998 -0.099153,
        0.746788 0.465998 -0.019887,
        0.744671 0.465998 0.059604,
        0.734117 0.465998 0.138420,
        0.715244 0.465998 0.215668,
        0.688269 0.465998 0.290472,
        0.653494 0.465998 0.361985,
        0.611315 0.465998 0.429396,
        0.562210 0.465998 0.491943,
        0.506735 0.465998 0.548915,
        0.445518 0.465998 0.599668,
        0.379253 0.465998 0.643626,
        0.308691 0.465998 0.680292,
        0.234632 0.465998 0.709250,
        0.157914 0.465998 0.730172,
        0.079407 0.465998 0.742820,
        0.000000 0.465998 0.747053,
        -0.079407 0.465998 0.742820,
        -0.157914 0.465998 0.730172,
        -0.234632 0.465998 0.709250,
        -0.308691 0.465998 0.680292,
        -0.379253 0.465998 0.643626,
        -0.445518 0.465998 0.599668,
        -0.506735 0.465998 0.548915,
        -0.562210 0.465998 0.491943,
        -0.611315 0.465998 0.429396,
        -0.653494 0.465998 0.361985,
        -0.688269 0.465998 0.290472,
        -0.715244 0.465998 0.215668,
        -0.734117 0.465998 0.138420,
        -0.744671 0.465998 0.059604,
        -0.746788 0.465998 -0.019887,
        -0.740443 0.465998 -0.099153,
        -0.725709 0.465998 -0.177296,
        -0.702753 0.465998 -0.253429,
        -0.671833 0.465998 -0.326692,
        -0.633302 0.465998 -0.396252,
        -0.587595 0.465998 -0.461323,
        -0.535231 0.465998 -0.521167,
        0.035621 0.472441 -0.668343,
        0.106460 0.472441 -0.660770,
        0.176092 0.472441 -0.645711,
        0.243730 0.472441 -0.623335,
        0.308605 0.472441 -0.593897,
        0.369984 0.472441 -0.557730,
        0.427171 0.472441 -0.515243,
        0.479518 0.472441 -0.466919,
        0.526432 0.472441 -0.413304,
        0.567381 0.472441 -0.355006,
        0.601902 0.472441 -0.292686,
        0.629602 0.472441 -0.227050,
        0.650170 0.472441 -0.158841,
        0.663370 0.472441 -0.088832,
        0.669054 0.472441 -0.017817,
        0.667157 0.472441 0.053400,
        0.657702 0.472441 0.124012,
        0.640794 0.472441 0.193219,
        0.616626 0.472441 0.260237,
        0.585471 0.472441 0.324306,
        0.547683 0.472441 0.384700,
        0.503689 0.472441 0.440736,
        0.453988 0.472441 0.491778,
        0.399143 0.472441 0.537248,
        0.339776 0.472441 0.576631,
        0.276559 0.472441 0.609480,
        0.210209 0.472441 0.635424,
        0.141476 0.472441 0.654168,
        0.071141 0.472441 0.665500,
        0.000000 0.472441 0.669291,
        -0.071141 0.472441 0.665500,
        -0.141476 0.472441 0.654168,
        -0.210209 0.472441 0.635424,
        -0.276559 0.472441 0.609480,
        -0.339776 0.472441 0.576631,
        -0.399143 0.472441 0.537248,
        -0.453988 0.472441 0.491778,
        -0.503689 0.472441 0.440736,
        -0.547683 0.472441 0.384700,
        -0.585471 0.472441 0.324306,
        -0.616626 0.472441 0.260237,
        -0.640794 0.472441 0.193219,
        -0.657702 0.472441 0.124012,
        -0.667157 0.472441 0.053400,
        -0.669054 0.472441 -0.017817,
        -0.663370 0.472441 -0.088832,
        -0.650170 0.472441 -0.158841,
        -0.629602 0.472441 -0.227050,
        -0.601902 0.472441 -0.292686,
        -0.567381 0.472441 -0.355006,
        -0.526432 0.472441 -0.413304,
        -0.479518 0.472441 -0.466919,
        -0.427171 0.472441 -0.515243,
        -0.398575 0.472441 -0.537670,
        -0.690919 0.014620 -0.920156,
        -0.641596 -0.014307 -0.979860,
        -0.650337 0.006509 -0.973044,
        -0.628781 0.020619 -1.026572,
        -0.630844 -0.019743 -1.287657,
        -0.629926 -0.022113 -1.288711,
        -0.606991 -0.017080 -1.231785,
        -0.643494 -0.080550 -0.944764,
        -0.594839 -0.080594 -1.316128,
        -0.593075 -0.082572 -1.317113,
        -0.570643 -0.070454 -1.260105,
        -0.595427 -0.131380 -0.963067,
        -0.576565 -0.145752 -0.969700,
        -0.584196 -0.091665 -1.321888,
        -0.573485 -0.101326 -1.327402,
        -0.551782 -0.087178 -1.270617,
        -0.552711 -0.116001 -1.337565,
        -0.548200 -0.118848 -1.339742,
        -0.527282 -0.102849 -1.283214,
        -0.495461 -0.187028 -0.997367,
        -0.531822 -0.127134 -1.347593,
        -0.531361 -0.127343 -1.347814,
        -0.510835 -0.110396 -1.291392,
        -0.519651 -0.131898 -1.353485,
        -0.517533 -0.132722 -1.354511,
        -0.497259 -0.115095 -1.298114,
        -0.412583 -0.205909 -1.025939,
        -0.486909 -0.139958 -1.369951,
        -0.475734 -0.141240 -1.375842,
        -0.456053 -0.121764 -1.319012,
        -0.424493 -0.135975 -1.405549,
        -0.420487 -0.134907 -1.408032,
        -0.402489 -0.113286 -1.348730,
        -0.353079 -0.086456 -1.454314,
        -0.347424 -0.078336 -1.458331,
        -0.337870 -0.060764 -1.389928,
        -0.338525 -0.061859 -1.464200,
        -0.334305 -0.052052 -1.466622,
        -0.327258 -0.039370 -1.395807,
        -0.328809 -0.034180 -1.468399,
        -0.327069 -0.027169 -1.468535,
        -0.321043 -0.019836 -1.396678,
        -0.152606 -0.029400 -1.172743,
        -0.157156 -0.041511 -1.171687,
        -0.216209 -0.030781 -1.212316,
        -0.080980 -0.022739 -1.148910,
        -0.081380 -0.024630 -1.148809,
        -0.148937 -0.016943 -1.173248,
        -0.209420 -0.060311 -1.191799,
        -0.212731 -0.068795 -1.187476,
        -0.234046 -0.062281 -1.207220,
        -0.157062 -0.108939 -1.140540,
        -0.133613 -0.121097 -1.129504,
        -0.147642 -0.133858 -1.125157,
        -0.129665 -0.083241 -1.146148,
        -0.129844 -0.084646 -1.145604,
        -0.171367 -0.071102 -1.165670,
        -0.036009 -0.094087 -1.131393,
        -0.036009 -0.071868 -1.135574,
        -0.036009 -0.054202 -1.138899,
        -0.036009 -0.050663 -1.139323,
        -0.036009 -0.036713 -1.140994,
        -0.121830 -0.127972 -1.124819,
        -0.120971 -0.129614 -1.123944,
        -0.146339 -0.137306 -1.123030,
        -0.118371 -0.132992 -1.122165,
        -0.117755 -0.133793 -1.121743,
        -0.108665 -0.142307 -1.117469,
        -0.108495 -0.142466 -1.117390,
        -0.102785 -0.146283 -1.115648,
        -0.096218 -0.149197 -1.114525,
        -0.091222 -0.151414 -1.113671,
        -0.085166 -0.153062 -1.113242,
        -0.082718 -0.153389 -1.113254,
        -0.080652 -0.153664 -1.113264,
        -0.124819 -0.122266 -1.127862,
        -0.127141 -0.117830 -1.130227,
        -0.164646 -0.088878 -1.153737,
        -0.131074 -0.094283 -1.141874,
        -0.129988 -0.102981 -1.137643,
        -0.158949 -0.103949 -1.143620,
        -0.129106 -0.110049 -1.134205,
        -0.128774 -0.112702 -1.132915,
        -0.128023 -0.115061 -1.131678,
        -0.172553 -0.067964 -1.167776,
        -0.169466 -0.065318 -1.167942,
        -0.129148 -0.079183 -1.147719,
        -0.128872 -0.077015 -1.148558,
        -0.122899 -0.063379 -1.151728,
        -0.123443 -0.064486 -1.151501,
        -0.162728 -0.053455 -1.170092,
        -0.126938 -0.071584 -1.150042,
        -0.127492 -0.072709 -1.149811,
        -0.113068 -0.052015 -1.152159,
        -0.113180 -0.052134 -1.152159,
        -0.120443 -0.059859 -1.152112,
        -0.121518 -0.061400 -1.151944,
        -0.090706 -0.039898 -1.148882,
        -0.097929 -0.042315 -1.150200,
        -0.100107 -0.043589 -1.150513,
        -0.109348 -0.048996 -1.151846,
        -0.112972 -0.051913 -1.152160,
        -0.069340 -0.036713 -1.144983,
        -0.084902 -0.038468 -1.147823,
        -0.086393 -0.038636 -1.148095,
        -0.184367 -0.036713 -1.187818,
        -0.173527 -0.065388 -1.169506,
        -0.178427 -0.052426 -1.178207,
        -0.179619 -0.049274 -1.180135,
        -0.139716 -0.154824 -1.112215,
        -0.153398 -0.154824 -1.112728,
        -0.157000 -0.154824 -1.112863,
        -0.168676 -0.151026 -1.115923,
        -0.158098 -0.151599 -1.115008,
        -0.163443 -0.147242 -1.117945,
        -0.160413 -0.144796 -1.119535,
        -0.199920 -0.121695 -1.142194,
        -0.168276 -0.121695 -1.134906,
        -0.221791 -0.134786 -1.134963,
        -0.217068 -0.121695 -1.146144,
        -0.209702 -0.121695 -1.144447,
        -0.186779 -0.162719 -1.108946,
        -0.206354 -0.173299 -1.101443,
        -0.228269 -0.152746 -1.119624,
        -0.241386 -0.142224 -1.130925,
        -0.246303 -0.154824 -1.119209,
        -0.265224 -0.144374 -1.132554,
        -0.234916 -0.125643 -1.146344,
        -0.235621 -0.127450 -1.144664,
        -0.287754 -0.109356 -1.186446,
        -0.228886 -0.110193 -1.160352,
        -0.229622 -0.112080 -1.158957,
        -0.274889 -0.101294 -1.191595,
        -0.217247 -0.080367 -1.181580,
        -0.218615 -0.083874 -1.179793,
        -0.250069 -0.080852 -1.201309,
        -0.208456 -0.057842 -1.192450,
        -0.078189 -0.005807 -1.149399,
        -0.077343 0.001999 -1.149369,
        -0.315835 0.008696 -1.389099,
        -0.292783 0.008056 -1.321680,
        -0.293868 0.003296 -1.323493,
        -0.323148 0.008891 -1.459977,
        -0.316590 0.003202 -1.391431,
        -0.318484 -0.008176 -1.394926,
        -0.324630 -0.012257 -1.466756,
        -0.324517 -0.010926 -1.466383,
        -0.323880 -0.003487 -1.464298,
        -0.323402 0.002091 -1.462735,
        -0.324829 -0.013831 -1.467055,
        -0.318722 -0.009412 -1.395198,
        -0.296254 -0.006431 -1.326247,
        -0.256411 0.002370 -1.262436,
        -0.255173 0.007003 -1.261170,
        -0.296530 -0.007480 -1.326466,
        -0.259110 -0.007112 -1.264329,
        -0.206159 0.000471 -1.211417,
        -0.204930 0.005593 -1.210665,
        -0.330222 -0.039869 -1.468289,
        -0.323856 -0.029760 -1.396802,
        -0.299035 -0.016311 -1.327708,
        -0.259419 -0.008137 -1.264476,
        -0.209003 -0.010185 -1.212427,
        -0.145709 -0.002302 -1.173077,
        -0.144624 0.003895 -1.172752,
        -0.301826 -0.024746 -1.327935,
        -0.262214 -0.016782 -1.265278,
        -0.209343 -0.011348 -1.212492,
        -0.148568 -0.015487 -1.173268,
        -0.339341 -0.063755 -1.463732,
        -0.331339 -0.048756 -1.393836,
        -0.305048 -0.033009 -1.327312,
        -0.265299 -0.025093 -1.265334,
        -0.212527 -0.021224 -1.212695,
        -0.341207 -0.067493 -1.462542,
        -0.332844 -0.051798 -1.392993,
        -0.308839 -0.041226 -1.325928,
        -0.268846 -0.033306 -1.264744,
        -0.087210 -0.038728 -1.148244,
        -0.310233 -0.043926 -1.325316,
        -0.273015 -0.041555 -1.263550,
        -0.220558 -0.040243 -1.211401,
        -0.200211 -0.036713 -1.198016,
        -0.354493 -0.088486 -1.453309,
        -0.343656 -0.069387 -1.386159,
        -0.314901 -0.052011 -1.323035,
        -0.274548 -0.044287 -1.263027,
        -0.225735 -0.049728 -1.209956,
        -0.362421 -0.097936 -1.447581,
        -0.350265 -0.077655 -1.381744,
        -0.320331 -0.059979 -1.320137,
        -0.279692 -0.052526 -1.261074,
        -0.227644 -0.052861 -1.209363,
        -0.202932 -0.043685 -1.196179,
        -0.207050 -0.054239 -1.193399,
        -0.285692 -0.060737 -1.258567,
        -0.326625 -0.067813 -1.316644,
        -0.357757 -0.085524 -1.376768,
        -0.374105 -0.109208 -1.439220,
        -0.373805 -0.108944 -1.439433,
        -0.373497 -0.108674 -1.439652,
        -0.371211 -0.106663 -1.441277,
        -0.368987 -0.095108 -1.369437,
        -0.360261 -0.087867 -1.375119,
        -0.336333 -0.077763 -1.311234,
        -0.333882 -0.075452 -1.312598,
        -0.300737 -0.076933 -1.251865,
        -0.292668 -0.068896 -1.255494,
        -0.241481 -0.071621 -1.204544,
        -0.259923 -0.089897 -1.197501,
        -0.303468 -0.079380 -1.250626,
        -0.344967 -0.085019 -1.306449,
        -0.378527 -0.101650 -1.363356,
        -0.384039 -0.116907 -1.432242,
        -0.394660 -0.123631 -1.424947,
        -0.397197 -0.124917 -1.423253,
        -0.227396 -0.182702 -1.093435,
        -0.405961 -0.129362 -1.417398,
        -0.388891 -0.107433 -1.356917,
        -0.354549 -0.091737 -1.301198,
        -0.313104 -0.087114 -1.246228,
        -0.263241 -0.092642 -1.196203,
        -0.417932 -0.134067 -1.409652,
        -0.400076 -0.112377 -1.350161,
        -0.365098 -0.097824 -1.295502,
        -0.323823 -0.094345 -1.241315,
        -0.227217 -0.105914 -1.163512,
        -0.222056 -0.092691 -1.173280,
        -0.376617 -0.103170 -1.289389,
        -0.335647 -0.100965 -1.235894,
        -0.433206 -0.138298 -1.400148,
        -0.414607 -0.117088 -1.341672,
        -0.379116 -0.104172 -1.288076,
        -0.348576 -0.106848 -1.229986,
        -0.301853 -0.116716 -1.180757,
        -0.247991 -0.136081 -1.139100,
        -0.317179 -0.123249 -1.174546,
        -0.351383 -0.107959 -1.228707,
        -0.391735 -0.108451 -1.281526,
        -0.427256 -0.119806 -1.334529,
        -0.455820 -0.141248 -1.386878,
        -0.454695 -0.141161 -1.387523,
        -0.446310 -0.140517 -1.392331,
        -0.459780 -0.141552 -1.384607,
        -0.440387 -0.121397 -1.327334,
        -0.405002 -0.111670 -1.274766,
        -0.365564 -0.112754 -1.222265,
        -0.320496 -0.124483 -1.173199,
        -0.283795 -0.151659 -1.125486,
        -0.229019 -0.154824 -1.117850,
        -0.473593 -0.141376 -1.376995,
        -0.453946 -0.121808 -1.320116,
        -0.418843 -0.113763 -1.267835,
        -0.380476 -0.116447 -1.215531,
        -0.337204 -0.129814 -1.166408,
        -0.287795 -0.153027 -1.123963,
        -0.249880 -0.190837 -1.084948,
        -0.433181 -0.114662 -1.260770,
        -0.396033 -0.118963 -1.208547,
        -0.354700 -0.133939 -1.159293,
        -0.307861 -0.158906 -1.116329,
        -0.254701 -0.192350 -1.083139,
        -0.489686 -0.139640 -1.368488,
        -0.469806 -0.120766 -1.311904,
        -0.435411 -0.114690 -1.259680,
        -0.412137 -0.120226 -1.201353,
        -0.372889 -0.136785 -1.151896,
        -0.328748 -0.163417 -1.108394,
        -0.278783 -0.198794 -1.074155,
        -0.503630 -0.136807 -1.361388,
        -0.483563 -0.118545 -1.304943,
        -0.449974 -0.114146 -1.252609,
        -0.414641 -0.120304 -1.200237,
        -0.391664 -0.138275 -1.144263,
        -0.350359 -0.166498 -1.100205,
        -0.303702 -0.203652 -1.064956,
        -0.464531 -0.112350 -1.245600,
        -0.430978 -0.120045 -1.192965,
        -0.394579 -0.138378 -1.143078,
        -0.372587 -0.168081 -1.091805,
        -0.329367 -0.206886 -1.055588,
        -0.478996 -0.109304 -1.238656,
        -0.447286 -0.118466 -1.185704,
        -0.413577 -0.138227 -1.135348,
        -0.376033 -0.168186 -1.090505,
        -0.355678 -0.208441 -1.046095,
        -0.534871 -0.125756 -1.346128,
        -0.514271 -0.108994 -1.289690,
        -0.493291 -0.105006 -1.231768,
        -0.463463 -0.115577 -1.178474,
        -0.432511 -0.136652 -1.127626,
        -0.398464 -0.167967 -1.082054,
        -0.359751 -0.208526 -1.044636,
        -0.496901 -0.103707 -1.230017,
        -0.479417 -0.111383 -1.171280,
        -0.451270 -0.133667 -1.119938,
        -0.420789 -0.166189 -1.073659,
        -0.386240 -0.208081 -1.035208,
        -0.561083 -0.110717 -1.333526,
        -0.539794 -0.095579 -1.276877,
        -0.510536 -0.097978 -1.223341,
        -0.483441 -0.110104 -1.169450,
        -0.469758 -0.129278 -1.112301,
        -0.442898 -0.162863 -1.065349,
        -0.523596 -0.091163 -1.216797,
        -0.498619 -0.104428 -1.162470,
        -0.474420 -0.127933 -1.110363,
        -0.464692 -0.157987 -1.057147,
        -0.438676 -0.202016 -1.016856,
        -0.585364 -0.090611 -1.321287,
        -0.563225 -0.077614 -1.264365,
        -0.536064 -0.083277 -1.210339,
        -0.513126 -0.097642 -1.155642,
        -0.491997 -0.121946 -1.102987,
        -0.470190 -0.156494 -1.055073,
        -0.464419 -0.196386 -1.007980,
        -0.547931 -0.074310 -1.203913,
        -0.526948 -0.089774 -1.148935,
        -0.508793 -0.114761 -1.095812,
        -0.490930 -0.149844 -1.047224,
        -0.470918 -0.194669 -1.005751,
        -0.510769 -0.141850 -1.039653,
        -0.524792 -0.106415 -1.088817,
        -0.540082 -0.080829 -1.142309,
        -0.555613 -0.067611 -1.199558,
        -0.580839 -0.058971 -1.253485,
        -0.613270 -0.055257 -1.303716,
        -0.613093 -0.055520 -1.303841,
        -0.609524 -0.060806 -1.306367,
        -0.603595 -0.069588 -1.310563,
        -0.518975 -0.177846 -0.989370,
        -0.541423 -0.167142 -0.981739,
        -0.529681 -0.132546 -1.032346,
        -0.547651 -0.121936 -1.025278,
        -0.539988 -0.096915 -1.081973,
        -0.549809 -0.089824 -1.077415,
        -0.548576 -0.074153 -1.137853,
        -0.560314 -0.063603 -1.131178,
        -0.566220 -0.056949 -1.192898,
        -0.576116 -0.045248 -1.186076,
        -0.590297 -0.046326 -1.246618,
        -0.599019 -0.032422 -1.239437,
        -0.622067 -0.039490 -1.296491,
        -0.629267 -0.023571 -1.289364,
        -0.585322 -0.032404 -1.179033,
        -0.571278 -0.052063 -1.124449,
        -0.563349 -0.078671 -1.070744,
        -0.559262 -0.114007 -1.020619,
        -0.562771 -0.154908 -0.974450,
        -0.632411 -0.015695 -1.285859,
        -0.609566 -0.011404 -1.229000,
        -0.593859 -0.018246 -1.171635,
        -0.581506 -0.039435 -1.117614,
        -0.575972 -0.066506 -1.064141,
        -0.575209 -0.101563 -1.013965,
        -0.638900 0.004259 -1.276993,
        -0.616489 0.006298 -1.220412,
        -0.596654 -0.013008 -1.168968,
        -0.591034 -0.025567 -1.110558,
        -0.587718 -0.053244 -1.057556,
        -0.590017 -0.088014 -1.007504,
        -0.660903 -0.053698 -0.936909,
        -0.612862 -0.115748 -0.956744,
        -0.603718 -0.073297 -1.001180,
        -0.598622 -0.038761 -1.050891,
        -0.594167 -0.020449 -1.108045,
        -0.604301 0.003332 -1.160826,
        -0.622474 0.025844 -1.211014,
        -0.681480 -0.009406 -0.925027,
        -0.671987 -0.032223 -0.931056,
        -0.648209 -0.073916 -0.942747,
        -0.620444 -0.051493 -0.992742,
        -0.631631 -0.033587 -0.986371,
        -0.612017 -0.016990 -1.041577,
        -0.620885 0.000955 -1.034307,
        -0.610609 0.013006 -1.092407,
        -0.617579 0.032419 -1.083704,
        -0.617129 0.041492 -1.142410,
        -0.648169 0.050271 -1.256206,
        -0.646993 0.043165 -1.259441,
        -0.645058 0.031463 -1.264770,
        -0.644181 0.026162 -1.267184,
        -0.675642 0.020453 -0.936766,
        -0.660044 0.028625 -0.967022,
        -0.639230 0.039530 -1.007397,
        -0.636836 0.041867 -1.018540,
        -0.624811 0.053607 -1.074525,
        -0.622417 0.055944 -1.085668,
        -0.624657 0.063175 -1.131765,
        -0.626337 0.068593 -1.166310,
        -0.628887 -0.098819 -0.950669,
        -0.616335 -0.057326 -0.994913,
        -0.602199 -0.033442 -1.048549,
        -0.602791 -0.004528 -1.100462,
        -0.611146 0.021404 -1.152036,
        -0.627448 0.047514 -1.200600,
        -0.633293 0.070884 -1.188438,
        -0.650724 0.076624 -1.243894,
        0.034569 -0.101530 -1.130893,
        0.034569 -0.127095 -1.124045,
        0.034569 -0.141860 -1.120090,
        0.034569 -0.049677 -1.139885,
        0.034569 -0.077159 -1.135475,
        0.034569 -0.088567 -1.133644,
        -0.092224 -0.472441 0.218343,
        -0.104878 -0.472441 0.210917,
        -0.117960 -0.472441 0.201064,
        -0.129725 -0.472441 0.189923,
        -0.140831 -0.472441 0.176921,
        -0.150661 -0.472441 0.162800,
        -0.160805 -0.472441 0.144672,
        -0.169646 -0.472441 0.124460,
        -0.079254 -0.472441 0.224121,
        -0.065920 -0.472441 0.228356,
        -0.058860 -0.472441 0.229960,
        -0.044582 -0.472441 0.231952,
        -0.029956 -0.472441 0.232366,
        -0.015890 -0.472441 0.231306,
        0.000702 -0.472441 0.228304,
        0.017778 -0.472441 0.223299,
        0.035503 -0.472441 0.216093,
        -0.174988 -0.472441 0.109104,
        -0.182077 -0.472441 0.082090,
        -0.187054 -0.472441 0.052751,
        -0.189809 -0.472441 0.021334,
        -0.190370 -0.472441 0.001180,
        -0.188946 -0.472441 -0.040226,
        -0.184194 -0.472441 -0.083542,
        -0.176143 -0.472441 -0.128660,
        -0.164802 -0.472441 -0.175501,
        -0.150145 -0.472441 -0.224110,
        -0.127460 -0.472441 -0.286521,
        0.038353 -0.472441 0.214744,
        0.058955 -0.472441 0.203415,
        0.079785 -0.472441 0.189110,
        0.101337 -0.472441 0.171219,
        0.107759 -0.472441 0.165264,
        0.131259 -0.472441 0.140927,
        0.157129 -0.472441 0.109261,
        0.183160 -0.472441 0.071781,
        0.202805 -0.472441 0.039387,
        0.230110 -0.472441 -0.012208,
        0.257822 -0.472441 -0.073446,
        0.286043 -0.472441 -0.146463,
        -0.098266 -0.472441 -0.354794,
        -0.063477 -0.472441 -0.426615,
        0.315189 -0.472441 -0.234824,
        0.019480 -0.472441 -0.581535,
        0.348656 -0.472441 -0.353113,
        -0.022669 -0.472441 -0.504032,
        0.387035 -0.472441 -0.497417,
        0.092224 0.472441 0.218343,
        0.104878 0.472441 0.210917,
        0.117960 0.472441 0.201064,
        0.129725 0.472441 0.189923,
        0.140831 0.472441 0.176921,
        0.150661 0.472441 0.162800,
        0.160805 0.472441 0.144672,
        0.169646 0.472441 0.124460,
        0.079254 0.472441 0.224121,
        0.065920 0.472441 0.228356,
        0.058860 0.472441 0.229960,
        0.044582 0.472441 0.231952,
        0.029956 0.472441 0.232366,
        0.015890 0.472441 0.231306,
        -0.000702 0.472441 0.228304,
        -0.017778 0.472441 0.223299,
        -0.035503 0.472441 0.216093,
        0.174988 0.472441 0.109104,
        0.182077 0.472441 0.082090,
        0.187054 0.472441 0.052751,
        0.189809 0.472441 0.021334,
        0.190370 0.472441 0.001180,
        0.188946 0.472441 -0.040226,
        0.184194 0.472441 -0.083542,
        0.176143 0.472441 -0.128660,
        0.164802 0.472441 -0.175501,
        0.150145 0.472441 -0.224110,
        0.127460 0.472441 -0.286521,
        -0.038353 0.472441 0.214744,
        -0.058955 0.472441 0.203415,
        -0.079785 0.472441 0.189110,
        -0.101337 0.472441 0.171219,
        -0.107759 0.472441 0.165264,
        -0.131259 0.472441 0.140927,
        -0.157129 0.472441 0.109261,
        -0.183160 0.472441 0.071781,
        -0.202805 0.472441 0.039387,
        -0.230110 0.472441 -0.012208,
        -0.257822 0.472441 -0.073446,
        -0.286043 0.472441 -0.146463,
        0.098266 0.472441 -0.354794,
        0.063477 0.472441 -0.426615,
        -0.315189 0.472441 -0.234824,
        -0.019480 0.472441 -0.581535,
        0.022669 0.472441 -0.504032,
        -0.387035 0.472441 -0.497417,
        -0.348656 0.472441 -0.353113,
        -0.632038 -0.040288 -1.314236,
        -0.631007 -0.022085 -1.290485,
        -0.650789 -0.000663 -1.307066,
        -0.661519 0.055354 -1.286570,
        -0.657330 0.091159 -1.252048,
        -0.665939 0.111957 -1.273173,
        -0.440833 0.479846 -1.033841,
        -0.418130 0.486204 -0.977381,
        -0.388567 0.489703 -0.989524,
        -0.672934 0.110113 -1.339067,
        -0.675283 0.080135 -1.372115,
        -0.675747 0.069404 -1.363289,
        -0.593491 0.332134 -1.273790,
        -0.604404 0.299434 -1.309394,
        -0.623928 0.284032 -1.288710,
        -0.261276 0.407148 -1.082301,
        -0.262720 0.401567 -1.092450,
        -0.273594 0.416972 -1.090686,
        -0.270024 0.374543 -1.137918,
        -0.270539 0.372742 -1.140538,
        -0.275302 0.381163 -1.140875,
        -0.325257 0.086376 -1.398851,
        -0.324956 0.075691 -1.408479,
        -0.328589 0.088045 -1.416962,
        -0.352822 -0.096774 -1.514585,
        -0.584679 -0.110317 -1.355553,
        -0.647939 0.034772 -1.267713,
        -0.651007 0.128108 -1.218251,
        -0.650760 0.134656 -1.214853,
        -0.658752 0.154276 -1.234456,
        -0.647223 0.174726 -1.192668,
        -0.645467 0.185571 -1.186026,
        -0.648576 0.195306 -1.194767,
        -0.641986 0.207069 -1.172859,
        -0.638830 0.220974 -1.163487,
        -0.639430 0.222734 -1.164949,
        -0.637464 0.226991 -1.159431,
        -0.594704 0.336887 -1.067162,
        -0.588228 0.347304 -1.056008,
        -0.582104 0.367440 -1.065806,
        -0.540934 0.403595 -0.984258,
        -0.539346 0.404909 -0.982118,
        -0.533306 0.414941 -0.986193,
        -0.522608 0.418596 -0.959644,
        -0.505680 0.430396 -0.937949,
        -0.494180 0.442952 -0.943528,
        -0.565891 0.380213 -1.024869,
        -0.553313 0.404362 -1.036230,
        -0.561159 0.382944 -1.013260,
        -0.556936 0.387851 -1.006907,
        -0.584544 0.353228 -1.049665,
        -0.571935 0.370427 -1.029468,
        -0.567573 0.375494 -1.022907,
        -0.605175 0.317661 -1.086332,
        -0.604084 0.326604 -1.091093,
        -0.609248 0.309796 -1.093974,
        -0.618833 0.295896 -1.119328,
        -0.609826 0.308678 -1.095059,
        -0.629918 0.255901 -1.138947,
        -0.620607 0.283283 -1.117333,
        -0.618973 0.287132 -1.113957,
        -0.634857 0.238479 -1.151689,
        -0.630120 0.255305 -1.139418,
        -0.630660 0.274229 -1.151956,
        -0.650478 0.142124 -1.210978,
        -0.650942 0.080834 -1.241878,
        -0.651344 0.088611 -1.238156,
        -0.610659 -0.094822 -1.363067,
        -0.552875 -0.122443 -1.349764,
        -0.553059 -0.139096 -1.387610,
        -0.519796 -0.145617 -1.385140,
        -0.486943 -0.146173 -1.384959,
        -0.454640 -0.154379 -1.427102,
        -0.486925 -0.159666 -1.425727,
        -0.424413 -0.143685 -1.429975,
        -0.397124 -0.128200 -1.434179,
        -0.373383 -0.116739 -1.475011,
        -0.397012 -0.136705 -1.471467,
        -0.373269 -0.121866 -1.512266,
        -0.338294 -0.070616 -1.517021,
        -0.328531 -0.042856 -1.519622,
        -0.323763 -0.004609 -1.468111,
        -0.323586 -0.014422 -1.522301,
        -0.323837 0.039910 -1.439781,
        -0.323238 0.026072 -1.450461,
        -0.323750 0.025939 -1.476545,
        -0.324152 0.047173 -1.434175,
        -0.329124 0.069535 -1.447163,
        -0.328081 0.098030 -1.404158,
        -0.325146 0.088894 -1.396890,
        -0.322790 0.142596 -1.355065,
        -0.322852 0.141182 -1.356166,
        -0.323681 0.143093 -1.358094,
        -0.320878 0.158213 -1.344070,
        -0.334684 0.163574 -1.378518,
        -0.316634 0.192881 -1.319664,
        -0.302838 0.259442 -1.267811,
        -0.308381 0.236043 -1.287248,
        -0.321401 0.226593 -1.319307,
        -0.313189 0.210897 -1.306133,
        -0.304115 0.272365 -1.265889,
        -0.301156 0.265724 -1.262013,
        -0.307235 0.317189 -1.247946,
        -0.294121 0.291984 -1.237769,
        -0.294145 0.291902 -1.237854,
        -0.294506 0.335166 -1.214334,
        -0.286302 0.319013 -1.209504,
        -0.280444 0.350264 -1.178222,
        -0.278348 0.345843 -1.177380,
        -0.279340 0.342455 -1.181859,
        -0.291089 0.368711 -1.180739,
        -0.273291 0.363112 -1.154548,
        -0.275978 0.353935 -1.166681,
        -0.293435 0.406474 -1.140308,
        -0.265245 0.391810 -1.110195,
        -0.266844 0.386034 -1.119468,
        -0.273090 0.445596 -1.032537,
        -0.256354 0.427606 -1.037884,
        -0.257561 0.422080 -1.050655,
        -0.676310 -0.017060 -1.590886,
        -0.674207 -0.032459 -1.560530,
        -0.677153 -0.000294 -1.560153,
        -0.676678 0.014040 -1.590065,
        -0.677124 0.000576 -1.590420,
        -0.677182 -0.001165 -1.590466,
        -0.662253 0.071757 -1.588556,
        -0.662530 0.070938 -1.588577,
        -0.662615 0.071355 -1.531365,
        -0.672206 0.042293 -1.589323,
        -0.672044 0.043521 -1.528756,
        -0.676615 0.014441 -1.590054,
        -0.676661 0.015072 -1.526074,
        -0.648669 0.096946 -1.587905,
        -0.648413 0.097650 -1.533815,
        -0.629521 0.121448 -1.587278,
        -0.628345 0.122897 -1.536149,
        -0.628241 0.122614 -1.587249,
        -0.608360 0.140719 -1.586793,
        -0.605004 0.143365 -1.538022,
        -0.604816 0.142990 -1.586737,
        -0.582182 0.157496 -1.586378,
        -0.577962 0.159685 -1.539493,
        -0.577821 0.159346 -1.586334,
        -0.555842 0.168672 -1.586113,
        -0.547922 0.171104 -1.540491,
        -0.547783 0.170581 -1.586072,
        -0.525589 0.175839 -1.585958,
        -0.515755 0.176981 -1.540957,
        -0.515706 0.176473 -1.585953,
        -0.497052 0.177669 -1.585943,
        -0.482918 0.176859 -1.540855,
        -0.482973 0.176191 -1.585998,
        -0.466131 0.174423 -1.586065,
        -0.449608 0.170397 -1.540150,
        -0.449742 0.169831 -1.586206,
        -0.417668 0.157478 -1.538838,
        -0.391448 0.140693 -1.537176,
        -0.391639 0.140228 -1.587058,
        -0.410505 0.153422 -1.586687,
        -0.417878 0.156908 -1.586585,
        -0.438611 0.166713 -1.586301,
        -0.368615 0.119617 -1.535117,
        -0.355222 0.102943 -1.533501,
        -0.355669 0.102275 -1.588105,
        -0.364963 0.115204 -1.587752,
        -0.368879 0.119070 -1.587645,
        -0.387092 0.137048 -1.587148,
        -0.329505 0.046624 -1.589607,
        -0.334631 0.064065 -1.589141,
        -0.339633 0.076226 -1.530928,
        -0.340212 0.075485 -1.588832,
        -0.348286 0.092005 -1.588385,
        -0.324177 0.016352 -1.590413,
        -0.326571 0.036643 -1.589874,
        -0.323533 0.015558 -1.560160,
        -0.329007 0.047351 -1.528165,
        -0.323533 -0.016123 -1.560530,
        -0.322863 -0.000403 -1.590857,
        -0.322939 0.005851 -1.590692,
        -0.328478 -0.044674 -1.560861,
        -0.325767 -0.031369 -1.591670,
        -0.324250 -0.015195 -1.591245,
        -0.338241 -0.072546 -1.561181,
        -0.333186 -0.058998 -1.592389,
        -0.329069 -0.043663 -1.591990,
        -0.352769 -0.098809 -1.561480,
        -0.346182 -0.087252 -1.593118,
        -0.338892 -0.071403 -1.592709,
        -0.373215 -0.124001 -1.561763,
        -0.362340 -0.110876 -1.593720,
        -0.353278 -0.097627 -1.593382,
        -0.396840 -0.144278 -1.561987,
        -0.383957 -0.133228 -1.594282,
        -0.373744 -0.122668 -1.594016,
        -0.424122 -0.160331 -1.562160,
        -0.407026 -0.150168 -1.594700,
        -0.397215 -0.142963 -1.594522,
        -0.454345 -0.171413 -1.562273,
        -0.434822 -0.164101 -1.595033,
        -0.424448 -0.158901 -1.594908,
        -0.486627 -0.176888 -1.562319,
        -0.462186 -0.172446 -1.595220,
        -0.454520 -0.170109 -1.595167,
        -0.519480 -0.176319 -1.562295,
        -0.493024 -0.176396 -1.595288,
        -0.486723 -0.175589 -1.595274,
        -0.552746 -0.169360 -1.562195,
        -0.521590 -0.175218 -1.595224,
        -0.519513 -0.175304 -1.595228,
        -0.584548 -0.155920 -1.562021,
        -0.578551 -0.158188 -1.594712,
        -0.551997 -0.168743 -1.595019,
        -0.610526 -0.138696 -1.561806,
        -0.605107 -0.142019 -1.594257,
        -0.584345 -0.154660 -1.594613,
        -0.633048 -0.117226 -1.561543,
        -0.626670 -0.123278 -1.593740,
        -0.610289 -0.137515 -1.594133,
        -0.652689 -0.090094 -1.561215,
        -0.646383 -0.099229 -1.593085,
        -0.632640 -0.115995 -1.593542,
        -0.665995 -0.062152 -1.560881,
        -0.660531 -0.074404 -1.592416,
        -0.652241 -0.088951 -1.592808,
        -0.673677 -0.031485 -1.591269,
        -0.671176 -0.045183 -1.591633,
        -0.665396 -0.061051 -1.592058,
        -0.515830 0.436891 -0.996772,
        -0.372802 0.462163 -1.123337,
        -0.321680 0.459499 -1.078320,
        -0.342966 0.448236 -1.131560,
        -0.294692 0.439416 -1.085876,
        -0.315291 0.428516 -1.137398,
        -0.470386 0.437804 -1.195418,
        -0.421850 0.455166 -1.160720,
        -0.439640 0.436060 -1.206425,
        -0.391275 0.447585 -1.169992,
        -0.408746 0.428820 -1.214876,
        -0.360956 0.434039 -1.176996,
        -0.377916 0.415822 -1.220565,
        -0.332622 0.414841 -1.181165,
        -0.348894 0.397365 -1.222964,
        -0.310042 0.393373 -1.182245,
        -0.325567 0.376700 -1.222120,
        -0.305771 0.352944 -1.218448,
        -0.617590 0.307559 -1.126756,
        -0.597454 0.350974 -1.105229,
        -0.501514 0.387603 -1.279563,
        -0.486943 0.414428 -1.239178,
        -0.456038 0.412906 -1.249764,
        -0.470434 0.386402 -1.289667,
        -0.424811 0.406133 -1.257335,
        -0.438884 0.380227 -1.296338,
        -0.393468 0.393860 -1.261663,
        -0.407064 0.368839 -1.299334,
        -0.363766 0.376361 -1.262259,
        -0.376746 0.352486 -1.298207,
        -0.339709 0.356727 -1.259481,
        -0.352037 0.334065 -1.293604,
        -0.319098 0.334122 -1.253647,
        -0.330707 0.312803 -1.285753,
        -0.318320 0.296846 -1.278583,
        -0.294829 0.289346 -1.240213,
        -0.642005 0.247563 -1.185433,
        -0.523802 0.417765 -0.961173,
        -0.489540 0.448018 -0.945779,
        -0.493172 0.456429 -1.009039,
        -0.470537 0.461906 -0.954474,
        -0.457488 0.471443 -0.960444,
        -0.468340 0.470579 -1.021301,
        -0.445568 0.476151 -0.965592,
        -0.420962 0.485869 -0.976218,
        -0.381016 0.481652 -1.058126,
        -0.358431 0.487165 -1.001435,
        -0.342962 0.484996 -1.007482,
        -0.328935 0.479219 -1.012676,
        -0.351022 0.473687 -1.068860,
        -0.305939 0.469747 -1.021188,
        -0.300028 0.465401 -1.023230,
        -0.257824 0.420871 -1.053447,
        -0.597789 0.331926 -1.072475,
        -0.570261 0.391005 -1.079027,
        -0.536546 0.425936 -1.048583,
        -0.629737 0.285292 -1.160285,
        -0.611704 0.330874 -1.142869,
        -0.586343 0.373750 -1.120333,
        -0.554142 0.412063 -1.093020,
        -0.514511 0.445142 -1.062411,
        -0.651628 0.218716 -1.216811,
        -0.641354 0.257974 -1.194585,
        -0.624478 0.307435 -1.178160,
        -0.601273 0.352686 -1.159777,
        -0.570863 0.394117 -1.135973,
        -0.532674 0.430819 -1.108280,
        -0.490123 0.459056 -1.075785,
        -0.336806 0.247906 -1.335753,
        -0.350010 0.261707 -1.345475,
        -0.341387 0.287628 -1.317358,
        -0.372481 0.279956 -1.356892,
        -0.363365 0.307344 -1.327159,
        -0.398247 0.295584 -1.364797,
        -0.388668 0.324347 -1.333550,
        -0.429596 0.309213 -1.369143,
        -0.419559 0.339335 -1.336398,
        -0.462254 0.318392 -1.368756,
        -0.451837 0.349636 -1.334772,
        -0.494415 0.322951 -1.363988,
        -0.483713 0.355040 -1.329072,
        -0.525889 0.323110 -1.355110,
        -0.514992 0.355775 -1.319556,
        -0.445485 0.235255 -1.439151,
        -0.478715 0.241846 -1.441268,
        -0.472663 0.276804 -1.408950,
        -0.511381 0.244061 -1.438753,
        -0.505133 0.280147 -1.405378,
        -0.543290 0.242120 -1.431873,
        -0.536852 0.279336 -1.397457,
        -0.350589 0.182897 -1.396958,
        -0.364161 0.195194 -1.408176,
        -0.387189 0.211121 -1.421887,
        -0.413520 0.224328 -1.432170,
        -0.651691 0.110016 -1.227639,
        -0.662144 0.176403 -1.257756,
        -0.651166 0.228562 -1.226583,
        -0.636619 0.278856 -1.214051,
        -0.614611 0.328191 -1.196658,
        -0.586383 0.372218 -1.176981,
        -0.549948 0.412275 -1.152656,
        -0.508682 0.444416 -1.122658,
        -0.462897 0.468173 -1.089029,
        -0.411423 0.483674 -1.046259,
        -0.382047 0.490475 -0.992202,
        -0.670834 0.102169 -1.390410,
        -0.668640 0.130425 -1.359343,
        -0.664848 0.162732 -1.328063,
        -0.661571 0.123624 -1.408472,
        -0.659537 0.150100 -1.379449,
        -0.655884 0.181197 -1.349311,
        -0.648767 0.222732 -1.311087,
        -0.647531 0.143784 -1.425710,
        -0.645657 0.168475 -1.398733,
        -0.642150 0.198298 -1.369804,
        -0.635117 0.239246 -1.332068,
        -0.615652 0.254462 -1.352929,
        -0.622566 0.214299 -1.389990,
        -0.627623 0.163006 -1.442472,
        -0.604419 0.178443 -1.456295,
        -0.599656 0.226813 -1.406916,
        -0.592879 0.266096 -1.370630,
        -0.581651 0.310958 -1.327207,
        -0.570652 0.343919 -1.291320,
        -0.557168 0.375742 -1.251336,
        -0.577491 0.190577 -1.467594,
        -0.573000 0.236243 -1.421080,
        -0.566384 0.274535 -1.385683,
        -0.555250 0.318998 -1.342656,
        -0.544255 0.351952 -1.306781,
        -0.530710 0.383930 -1.266600,
        -0.516115 0.410794 -1.226157,
        -0.338865 0.120712 -1.422224,
        -0.354595 0.141818 -1.438748,
        -0.368074 0.155065 -1.448940,
        -0.391011 0.171933 -1.461629,
        -0.417306 0.185535 -1.471470,
        -0.449296 0.196246 -1.478656,
        -0.482618 0.201964 -1.481680,
        -0.515431 0.202740 -1.480675,
        -0.547540 0.198836 -1.475867,
        -0.339307 0.111698 -1.433719,
        -0.354978 0.133657 -1.449089,
        -0.368421 0.147410 -1.458596,
        -0.391316 0.164872 -1.470478,
        -0.417581 0.178885 -1.479755,
        -0.449554 0.189825 -1.486622,
        -0.482873 0.195526 -1.489658,
        -0.515699 0.196057 -1.488970,
        -0.547836 0.191696 -1.484766,
        -0.633184 -0.075537 -1.372496,
        -0.651762 -0.018033 -1.329688,
        -0.664244 0.021256 -1.324372,
        -0.670035 0.076987 -1.306933,
        -0.669349 0.134103 -1.296531,
        -0.661813 0.185762 -1.268004,
        -0.646792 0.248369 -1.247230,
        -0.627218 0.298492 -1.233962,
        -0.600203 0.346819 -1.215220,
        -0.565969 0.389665 -1.194994,
        -0.526337 0.425461 -1.168013,
        -0.481698 0.453339 -1.136515,
        -0.433587 0.471947 -1.101696,
        -0.673461 0.028983 -1.362983,
        -0.676512 0.055104 -1.381775,
        -0.676013 0.066342 -1.389919,
        -0.671493 0.089446 -1.406776,
        -0.662158 0.111985 -1.423383,
        -0.648048 0.133209 -1.439193,
        -0.628070 0.153502 -1.454523,
        -0.604806 0.169861 -1.467114,
        -0.577827 0.182793 -1.477348,
        -0.339756 0.095521 -1.460024,
        -0.355348 0.119583 -1.471887,
        -0.368744 0.134611 -1.479267,
        -0.391581 0.153627 -1.488560,
        -0.417803 0.168798 -1.495911,
        -0.449745 0.180511 -1.501494,
        -0.483056 0.186428 -1.504178,
        -0.515893 0.186645 -1.504027,
        -0.548059 0.181468 -1.501194,
        -0.666141 -0.026145 -1.396841,
        -0.674357 0.000455 -1.410026,
        -0.677309 0.029252 -1.424348,
        -0.676767 0.041661 -1.430534,
        -0.672156 0.067213 -1.443300,
        -0.662731 0.092197 -1.455820,
        -0.648534 0.115782 -1.467680,
        -0.628471 0.138407 -1.479109,
        -0.605135 0.156725 -1.488419,
        -0.578095 0.171304 -1.495894,
        -0.417808 0.165000 -1.504519,
        -0.449744 0.177139 -1.509148,
        -0.483052 0.183229 -1.511452,
        -0.515889 0.183374 -1.511475,
        -0.548059 0.177896 -1.509339,
        -0.329158 0.055203 -1.484640,
        -0.339773 0.083162 -1.492387,
        -0.610829 -0.110429 -1.398560,
        -0.584857 -0.126527 -1.392404,
        -0.403086 0.469974 -1.113328,
        -0.452461 0.457054 -1.149366,
        -0.499575 0.434143 -1.182442,
        -0.542694 0.402374 -1.211242,
        -0.580188 0.363515 -1.234364,
        -0.613197 0.316185 -1.253703,
        -0.637701 0.267078 -1.268157,
        -0.657674 0.204696 -1.289504,
        -0.669015 0.143533 -1.306745,
        -0.673325 0.100185 -1.329317,
        -0.672619 0.044427 -1.342958,
        -0.665155 0.004799 -1.345763,
        -0.652830 -0.051194 -1.384467,
        -0.633343 -0.090370 -1.406240,
        -0.652974 -0.065029 -1.415951,
        -0.355350 0.109030 -1.499571,
        -0.368736 0.125174 -1.504064,
        -0.391561 0.145581 -1.509759,
        -0.417773 0.161833 -1.514315,
        -0.449708 0.174340 -1.517853,
        -0.483015 0.180597 -1.519669,
        -0.515852 0.180714 -1.519787,
        -0.548022 0.175023 -1.518301,
        -0.578066 0.163966 -1.515327,
        -0.605116 0.148164 -1.511035,
        -0.628465 0.128345 -1.505624,
        -0.648543 0.103899 -1.498928,
        -0.662756 0.078439 -1.491935,
        -0.672198 0.051488 -1.484519,
        -0.676826 0.023942 -1.476925,
        -0.677376 0.010570 -1.473234,
        -0.674443 -0.020444 -1.464663,
        -0.666244 -0.049073 -1.456736,
        -0.652950 -0.076014 -1.449263,
        -0.633320 -0.102170 -1.441989,
        -0.610807 -0.122868 -1.436215,
        -0.584837 -0.139471 -1.431562,
        -0.553041 -0.152422 -1.427902,
        -0.519778 -0.159124 -1.425963,
        -0.323585 0.017127 -1.525288,
        -0.633212 -0.110176 -1.477143,
        -0.610696 -0.131298 -1.473222,
        -0.584721 -0.148240 -1.470048,
        -0.552922 -0.161454 -1.467531,
        -0.519658 -0.168289 -1.466169,
        -0.486805 -0.168837 -1.465951,
        -0.454522 -0.163435 -1.466816,
        -0.424297 -0.152516 -1.468692,
        -0.677205 0.001262 -1.524769,
        -0.674259 -0.030770 -1.521728,
        -0.666048 -0.060338 -1.518905,
        -0.652742 -0.088163 -1.516233,
        -0.633100 -0.115177 -1.513621,
        -0.610579 -0.136554 -1.511535,
        -0.584601 -0.153701 -1.509839,
        -0.552799 -0.167078 -1.508484,
        -0.519533 -0.174000 -1.507736,
        -0.486680 -0.174561 -1.507592,
        -0.454398 -0.169101 -1.508019,
        -0.424176 -0.158057 -1.508981,
        -0.396894 -0.142065 -1.510419,
        -0.324085 0.045626 -1.435369,
        -0.250302 0.440575 -0.997995,
        -0.251905 0.477612 -0.889569,
        -0.236932 0.469487 -0.894962,
        -0.236663 0.469135 -0.895722,
        -0.253560 0.478510 -0.888972,
        -0.236359 0.468793 -0.896196,
        -0.236022 0.468487 -0.896489,
        -0.244641 0.450981 -0.961624,
        -0.243915 0.452316 -0.956958,
        -0.236941 0.462849 -0.914866,
        -0.235619 0.468174 -0.896670,
        -0.235148 0.467854 -0.896740,
        -0.234363 0.467385 -0.896645,
        -0.233682 0.467021 -0.896423,
        -0.274962 0.490124 -0.881263,
        -0.277724 0.490813 -0.880207,
        -0.290209 0.493931 -0.875430,
        -0.305680 0.497796 -0.869511,
        -0.311781 0.499320 -0.867177,
        -0.329022 0.499123 -0.860236,
        -0.333877 0.499067 -0.858282,
        -0.353036 0.498849 -0.850570,
        -0.361269 0.496519 -0.847085,
        -0.367657 0.494712 -0.844381,
        -0.386917 0.489263 -0.836228,
        -0.391421 0.487989 -0.834321,
        -0.423884 0.468690 -0.818873,
        -0.423302 0.469256 -0.819772,
        -0.434082 0.464728 -0.834304,
        -0.423015 0.469506 -0.820076,
        -0.458234 0.454507 -0.869948,
        -0.404070 0.480665 -0.828681,
        -0.409461 0.477543 -0.826277,
        -0.422045 0.470257 -0.820665,
        -0.460187 0.453574 -0.872762,
        -0.482188 0.443070 -0.904470,
        -0.114261 0.520164 -0.214421,
        -0.141168 0.512470 -0.207035,
        -0.093732 0.510551 -0.081227,
        -0.184173 0.503795 -0.274852,
        -0.157873 0.504997 -0.202941,
        -0.203344 0.502084 -0.329180,
        -0.190339 0.507966 -0.332870,
        -0.223545 0.500281 -0.386424,
        -0.273368 0.495393 -0.529214,
        -0.378717 0.481385 -0.754783,
        -0.360041 0.485133 -0.723941,
        -0.387961 0.479247 -0.769251,
        -0.343563 0.487961 -0.694749,
        -0.330293 0.489927 -0.669397,
        -0.319080 0.491374 -0.646288,
        -0.308196 0.492588 -0.621980,
        -0.297844 0.493562 -0.596741,
        -0.289694 0.495207 -0.584555,
        -0.292863 0.493942 -0.583419,
        -0.287900 0.494320 -0.570149,
        -0.418600 0.471275 -0.815621,
        -0.395069 0.477603 -0.780376,
        -0.235098 0.471830 -0.880945,
        -0.228999 0.478109 -0.839059,
        -0.195670 0.491523 -0.691813,
        -0.202860 0.490109 -0.715950,
        -0.177834 0.493701 -0.641111,
        -0.187288 0.492730 -0.666644,
        -0.179144 0.496651 -0.625663,
        -0.210805 0.487939 -0.746297,
        -0.218074 0.485096 -0.778630,
        -0.224777 0.481324 -0.813695,
        -0.226856 0.479741 -0.826184,
        -0.127266 0.497230 -0.523370,
        -0.167112 0.494462 -0.614833,
        -0.172565 0.494075 -0.628198,
        -0.027695 0.504537 -0.297161,
        -0.056865 0.502843 -0.365424,
        -0.078606 0.509633 -0.371030,
        -0.062281 0.502425 -0.377635,
        -0.091054 0.500209 -0.442489,
        -0.002665 0.505238 -0.235028,
        -0.009434 0.505048 -0.251832,
        -0.028904 0.514025 -0.243724,
        0.031771 0.504221 -0.139280,
        0.017697 0.505002 -0.180428,
        0.018964 0.511641 -0.116454,
        0.053743 0.501350 -0.064653,
        0.043756 0.502981 -0.100746,
        0.036549 0.503727 -0.123917,
        0.070359 0.496032 0.015360,
        0.069260 0.496568 0.008547,
        0.063963 0.498656 0.010762,
        0.067948 0.497207 0.000412,
        0.061788 0.499400 -0.030944,
        0.075316 0.489084 0.088289,
        0.075516 0.490200 0.077854,
        0.036046 0.505965 0.021344,
        0.070294 0.485281 0.122629,
        0.072512 0.486283 0.113601,
        0.074327 0.487601 0.101759,
        0.074972 0.492105 0.059104,
        0.073298 0.494044 0.038503,
        0.073276 0.494069 0.038237,
        0.046117 0.482620 0.151438,
        0.051029 0.482631 0.149834,
        0.007002 0.508101 0.030700,
        0.055611 0.482802 0.147080,
        0.059861 0.483139 0.143108,
        0.063983 0.483692 0.137448,
        0.067397 0.484396 0.130733,
        0.069690 0.485096 0.124320,
        0.010439 0.485795 0.136957,
        0.011882 0.485579 0.138307,
        0.019269 0.484608 0.143938,
        0.026263 0.483831 0.148015,
        0.032044 0.483309 0.150367,
        0.037899 0.482912 0.151693,
        0.043444 0.482677 0.151824,
        -0.042293 0.495010 0.064670,
        -0.030791 0.492928 0.084261,
        -0.021820 0.505397 0.038524,
        -0.027461 0.492316 0.089567,
        -0.016654 0.490332 0.105657,
        -0.006709 0.488550 0.118807,
        0.002733 0.486960 0.129615,
        0.004017 0.486756 0.130944,
        -0.058297 0.497756 0.034844,
        -0.052761 0.496810 0.045230,
        -0.049104 0.498240 0.044540,
        -0.043439 0.495218 0.062719,
        -0.107067 0.503808 -0.072502,
        -0.087436 0.501884 -0.026719,
        -0.074396 0.500204 0.001865,
        -0.154428 0.505155 -0.193522,
        -0.129152 0.505019 -0.127339,
        -0.109259 0.503928 -0.077945,
        -0.037926 0.520958 -0.096241,
        -0.008951 0.518945 -0.105863,
        -0.163682 0.515712 -0.340948,
        -0.135313 0.518839 -0.350259,
        -0.106514 0.516934 -0.360420,
        -0.056816 0.521327 -0.233124,
        -0.085712 0.523254 -0.223233,
        -0.066622 0.518026 -0.087924,
        -0.235627 0.505899 -0.604330,
        -0.263595 0.502846 -0.594019,
        -0.207046 0.503953 -0.615034,
      ]
    }
    coordIndex [
      0, 1, 2, -1,
      3, 4, 5, -1,
      6, 7, 8, -1,
      9, 10, 11, -1,
      12, 13, 14, -1,
      15, 16, 17, -1,
      18, 19, 20, -1,
      21, 22, 23, -1,
      24, 25, 26, -1,
      27, 28, 29, -1,
      30, 31, 32, -1,
      33, 34, 35, -1,
      36, 37, 38, -1,
      39, 40, 41, -1,
      42, 43, 44, -1,
      44, 43, 45, -1,
      44, 45, 46, -1,
      47, 48, 49, -1,
      47, 49, 50, -1,
      49, 51, 50, -1,
      50, 51, 52, -1,
      50, 52, 44, -1,
      44, 52, 53, -1,
      44, 53, 42, -1,
      54, 55, 47, -1,
      47, 55, 56, -1,
      47, 56, 48, -1,
      57, 58, 59, -1,
      59, 58, 60, -1,
      59, 60, 47, -1,
      47, 60, 61, -1,
      47, 61, 54, -1,
      57, 59, 62, -1,
      62, 59, 63, -1,
      62, 63, 64, -1,
      65, 66, 67, -1,
      67, 66, 68, -1,
      68, 69, 67, -1,
      67, 69, 70, -1,
      67, 70, 63, -1,
      63, 70, 71, -1,
      63, 71, 64, -1,
      72, 73, 74, -1,
      74, 73, 75, -1,
      74, 75, 67, -1,
      67, 75, 76, -1,
      67, 76, 65, -1,
      77, 78, 79, -1,
      79, 78, 80, -1,
      79, 80, 41, -1,
      41, 80, 81, -1,
      41, 81, 39, -1,
      82, 83, 84, -1,
      83, 85, 84, -1,
      84, 85, 86, -1,
      84, 86, 87, -1,
      88, 89, 90, -1,
      90, 89, 91, -1,
      90, 91, 38, -1,
      38, 91, 92, -1,
      38, 92, 36, -1,
      33, 35, 93, -1,
      30, 32, 94, -1,
      95, 96, 97, -1,
      97, 96, 98, -1,
      99, 100, 101, -1,
      101, 100, 102, -1,
      101, 102, 103, -1,
      104, 105, 106, -1,
      106, 105, 107, -1,
      108, 109, 110, -1,
      110, 109, 111, -1,
      112, 113, 114, -1,
      114, 113, 29, -1,
      114, 29, 115, -1,
      115, 29, 28, -1,
      25, 116, 26, -1,
      26, 116, 117, -1,
      26, 117, 118, -1,
      22, 119, 23, -1,
      23, 119, 120, -1,
      23, 120, 121, -1,
      122, 123, 23, -1,
      23, 123, 124, -1,
      23, 124, 21, -1,
      125, 126, 127, -1,
      127, 126, 128, -1,
      127, 128, 18, -1,
      129, 130, 127, -1,
      127, 130, 131, -1,
      131, 132, 127, -1,
      127, 132, 133, -1,
      127, 133, 125, -1,
      134, 135, 136, -1,
      134, 136, 137, -1,
      135, 138, 136, -1,
      136, 138, 139, -1,
      136, 139, 129, -1,
      140, 141, 142, -1,
      142, 141, 143, -1,
      142, 143, 144, -1,
      144, 143, 145, -1,
      144, 145, 137, -1,
      146, 147, 148, -1,
      149, 150, 146, -1,
      147, 151, 148, -1,
      148, 151, 152, -1,
      148, 152, 140, -1,
      153, 154, 155, -1,
      155, 156, 149, -1,
      149, 156, 157, -1,
      149, 157, 150, -1,
      14, 158, 153, -1,
      153, 158, 159, -1,
      153, 159, 154, -1,
      160, 161, 162, -1,
      162, 163, 160, -1,
      160, 163, 164, -1,
      160, 164, 13, -1,
      13, 164, 165, -1,
      13, 165, 14, -1,
      14, 165, 166, -1,
      14, 166, 158, -1,
      161, 167, 162, -1,
      162, 167, 168, -1,
      162, 168, 169, -1,
      169, 168, 170, -1,
      169, 170, 171, -1,
      171, 170, 172, -1,
      171, 172, 173, -1,
      173, 172, 174, -1,
      172, 175, 174, -1,
      174, 175, 176, -1,
      174, 176, 177, -1,
      178, 179, 180, -1,
      176, 181, 177, -1,
      177, 181, 182, -1,
      177, 182, 183, -1,
      183, 182, 184, -1,
      183, 184, 185, -1,
      185, 184, 186, -1,
      185, 186, 187, -1,
      187, 186, 188, -1,
      187, 188, 189, -1,
      189, 188, 190, -1,
      189, 190, 191, -1,
      191, 190, 192, -1,
      191, 192, 193, -1,
      193, 192, 194, -1,
      193, 194, 195, -1,
      196, 197, 15, -1,
      195, 198, 193, -1,
      193, 198, 178, -1,
      193, 178, 199, -1,
      199, 178, 180, -1,
      199, 180, 197, -1,
      197, 180, 200, -1,
      197, 200, 15, -1,
      201, 202, 203, -1,
      196, 15, 204, -1,
      204, 15, 17, -1,
      204, 17, 205, -1,
      46, 206, 44, -1,
      44, 206, 207, -1,
      44, 207, 208, -1,
      17, 201, 205, -1,
      205, 201, 203, -1,
      205, 203, 208, -1,
      209, 210, 211, -1,
      203, 212, 208, -1,
      208, 212, 209, -1,
      208, 209, 44, -1,
      44, 209, 211, -1,
      44, 211, 213, -1,
      214, 215, 14, -1,
      14, 215, 216, -1,
      14, 216, 12, -1,
      217, 218, 219, -1,
      217, 219, 153, -1,
      219, 220, 153, -1,
      153, 220, 221, -1,
      153, 221, 14, -1,
      14, 221, 222, -1,
      14, 222, 214, -1,
      223, 224, 217, -1,
      217, 224, 225, -1,
      217, 225, 218, -1,
      226, 227, 228, -1,
      228, 227, 229, -1,
      228, 229, 217, -1,
      217, 229, 230, -1,
      217, 230, 223, -1,
      226, 228, 231, -1,
      231, 228, 232, -1,
      231, 232, 233, -1,
      234, 235, 236, -1,
      236, 235, 237, -1,
      237, 238, 236, -1,
      236, 238, 239, -1,
      236, 239, 232, -1,
      232, 239, 240, -1,
      232, 240, 233, -1,
      10, 241, 242, -1,
      241, 243, 242, -1,
      242, 243, 244, -1,
      242, 244, 236, -1,
      236, 244, 245, -1,
      236, 245, 234, -1,
      246, 247, 248, -1,
      247, 249, 248, -1,
      248, 249, 250, -1,
      248, 250, 11, -1,
      11, 250, 251, -1,
      11, 251, 9, -1,
      252, 253, 254, -1,
      252, 254, 7, -1,
      253, 255, 254, -1,
      254, 255, 256, -1,
      254, 256, 246, -1,
      257, 258, 259, -1,
      258, 260, 259, -1,
      259, 260, 261, -1,
      259, 261, 8, -1,
      8, 261, 262, -1,
      8, 262, 6, -1,
      263, 264, 265, -1,
      265, 264, 266, -1,
      265, 266, 257, -1,
      267, 268, 269, -1,
      269, 268, 270, -1,
      269, 270, 263, -1,
      271, 272, 273, -1,
      272, 274, 273, -1,
      273, 274, 275, -1,
      273, 275, 267, -1,
      276, 277, 278, -1,
      278, 277, 279, -1,
      278, 279, 271, -1,
      280, 281, 282, -1,
      282, 281, 283, -1,
      282, 283, 284, -1,
      284, 285, 286, -1,
      286, 285, 287, -1,
      286, 287, 276, -1,
      280, 288, 289, -1,
      289, 288, 290, -1,
      289, 290, 291, -1,
      292, 293, 290, -1,
      290, 293, 294, -1,
      290, 294, 291, -1,
      295, 296, 297, -1,
      297, 296, 292, -1,
      298, 299, 297, -1,
      297, 299, 300, -1,
      297, 300, 295, -1,
      4, 301, 5, -1,
      5, 301, 302, -1,
      5, 302, 298, -1,
      303, 304, 5, -1,
      304, 305, 5, -1,
      5, 305, 306, -1,
      5, 306, 3, -1,
      307, 308, 309, -1,
      309, 308, 310, -1,
      309, 310, 311, -1,
      309, 312, 313, -1,
      313, 314, 309, -1,
      309, 314, 315, -1,
      309, 315, 307, -1,
      316, 317, 318, -1,
      317, 319, 318, -1,
      318, 319, 320, -1,
      318, 320, 321, -1,
      0, 2, 322, -1,
      322, 2, 323, -1,
      322, 323, 324, -1,
      325, 326, 327, -1,
      327, 326, 328, -1,
      327, 328, 329, -1,
      50, 330, 331, -1,
      332, 333, 334, -1,
      334, 333, 335, -1,
      334, 335, 336, -1,
      213, 337, 44, -1,
      44, 337, 338, -1,
      44, 338, 50, -1,
      50, 338, 339, -1,
      50, 339, 330, -1,
      303, 5, 340, -1,
      340, 5, 341, -1,
      340, 341, 342, -1,
      342, 341, 343, -1,
      342, 343, 344, -1,
      344, 343, 345, -1,
      344, 345, 346, -1,
      346, 345, 347, -1,
      346, 347, 348, -1,
      348, 347, 349, -1,
      348, 349, 350, -1,
      350, 349, 351, -1,
      350, 351, 352, -1,
      352, 351, 353, -1,
      352, 353, 354, -1,
      354, 353, 355, -1,
      354, 355, 356, -1,
      356, 355, 357, -1,
      356, 357, 358, -1,
      358, 357, 359, -1,
      358, 359, 360, -1,
      360, 359, 361, -1,
      360, 361, 362, -1,
      362, 361, 363, -1,
      362, 363, 364, -1,
      364, 363, 365, -1,
      364, 365, 366, -1,
      366, 365, 367, -1,
      366, 367, 368, -1,
      368, 367, 369, -1,
      368, 369, 370, -1,
      370, 369, 371, -1,
      370, 371, 372, -1,
      372, 371, 373, -1,
      372, 373, 374, -1,
      374, 373, 375, -1,
      374, 375, 376, -1,
      376, 375, 377, -1,
      376, 377, 378, -1,
      378, 377, 379, -1,
      378, 379, 380, -1,
      380, 379, 381, -1,
      380, 381, 382, -1,
      382, 381, 383, -1,
      382, 383, 384, -1,
      384, 383, 385, -1,
      384, 385, 386, -1,
      386, 385, 387, -1,
      386, 387, 388, -1,
      388, 387, 389, -1,
      388, 389, 390, -1,
      390, 389, 391, -1,
      390, 391, 392, -1,
      392, 391, 393, -1,
      392, 393, 394, -1,
      394, 393, 395, -1,
      394, 395, 396, -1,
      396, 395, 397, -1,
      396, 397, 398, -1,
      398, 397, 399, -1,
      398, 399, 400, -1,
      400, 399, 401, -1,
      400, 401, 402, -1,
      402, 401, 403, -1,
      402, 403, 404, -1,
      404, 403, 405, -1,
      404, 405, 406, -1,
      406, 405, 407, -1,
      406, 407, 408, -1,
      408, 407, 409, -1,
      408, 409, 410, -1,
      410, 409, 411, -1,
      410, 411, 412, -1,
      412, 411, 413, -1,
      412, 413, 414, -1,
      414, 413, 415, -1,
      414, 415, 416, -1,
      416, 415, 417, -1,
      416, 417, 418, -1,
      418, 417, 419, -1,
      418, 419, 420, -1,
      420, 419, 421, -1,
      420, 421, 422, -1,
      422, 421, 423, -1,
      422, 423, 424, -1,
      424, 423, 425, -1,
      424, 425, 426, -1,
      426, 425, 427, -1,
      426, 427, 428, -1,
      428, 427, 429, -1,
      428, 429, 430, -1,
      430, 429, 431, -1,
      430, 431, 432, -1,
      432, 431, 433, -1,
      432, 433, 434, -1,
      434, 433, 435, -1,
      434, 435, 436, -1,
      436, 435, 437, -1,
      436, 437, 438, -1,
      438, 437, 439, -1,
      438, 439, 440, -1,
      440, 439, 441, -1,
      440, 441, 442, -1,
      442, 441, 443, -1,
      442, 443, 444, -1,
      444, 443, 309, -1,
      444, 309, 445, -1,
      445, 309, 311, -1,
      445, 311, 446, -1,
      298, 297, 5, -1,
      5, 297, 447, -1,
      5, 447, 341, -1,
      341, 447, 448, -1,
      341, 448, 343, -1,
      343, 448, 449, -1,
      343, 449, 345, -1,
      345, 449, 450, -1,
      345, 450, 347, -1,
      347, 450, 451, -1,
      347, 451, 349, -1,
      349, 451, 452, -1,
      349, 452, 351, -1,
      351, 452, 453, -1,
      351, 453, 353, -1,
      353, 453, 454, -1,
      353, 454, 355, -1,
      355, 454, 455, -1,
      355, 455, 357, -1,
      357, 455, 456, -1,
      357, 456, 359, -1,
      359, 456, 457, -1,
      359, 457, 361, -1,
      361, 457, 458, -1,
      361, 458, 363, -1,
      363, 458, 459, -1,
      363, 459, 365, -1,
      365, 459, 460, -1,
      365, 460, 367, -1,
      367, 460, 461, -1,
      367, 461, 369, -1,
      369, 461, 462, -1,
      369, 462, 371, -1,
      371, 462, 463, -1,
      371, 463, 373, -1,
      373, 463, 464, -1,
      373, 464, 375, -1,
      375, 464, 465, -1,
      375, 465, 377, -1,
      377, 465, 466, -1,
      377, 466, 379, -1,
      379, 466, 467, -1,
      379, 467, 381, -1,
      381, 467, 468, -1,
      381, 468, 383, -1,
      383, 468, 469, -1,
      383, 469, 385, -1,
      385, 469, 470, -1,
      385, 470, 387, -1,
      387, 470, 471, -1,
      387, 471, 389, -1,
      389, 471, 472, -1,
      389, 472, 391, -1,
      391, 472, 473, -1,
      391, 473, 393, -1,
      393, 473, 474, -1,
      393, 474, 395, -1,
      395, 474, 475, -1,
      395, 475, 397, -1,
      397, 475, 476, -1,
      397, 476, 399, -1,
      399, 476, 477, -1,
      399, 477, 401, -1,
      401, 477, 478, -1,
      401, 478, 403, -1,
      403, 478, 479, -1,
      403, 479, 405, -1,
      405, 479, 480, -1,
      405, 480, 407, -1,
      407, 480, 481, -1,
      407, 481, 409, -1,
      409, 481, 482, -1,
      409, 482, 411, -1,
      411, 482, 483, -1,
      411, 483, 413, -1,
      413, 483, 484, -1,
      413, 484, 415, -1,
      415, 484, 485, -1,
      415, 485, 417, -1,
      417, 485, 486, -1,
      417, 486, 419, -1,
      419, 486, 487, -1,
      419, 487, 421, -1,
      421, 487, 488, -1,
      421, 488, 423, -1,
      423, 488, 489, -1,
      423, 489, 425, -1,
      425, 489, 490, -1,
      425, 490, 427, -1,
      427, 490, 491, -1,
      427, 491, 429, -1,
      429, 491, 492, -1,
      429, 492, 431, -1,
      431, 492, 493, -1,
      431, 493, 433, -1,
      433, 493, 494, -1,
      433, 494, 435, -1,
      435, 494, 495, -1,
      435, 495, 437, -1,
      437, 495, 496, -1,
      437, 496, 439, -1,
      439, 496, 497, -1,
      439, 497, 441, -1,
      441, 497, 498, -1,
      441, 498, 443, -1,
      443, 498, 318, -1,
      443, 318, 309, -1,
      309, 318, 321, -1,
      309, 321, 312, -1,
      292, 290, 297, -1,
      297, 290, 288, -1,
      297, 288, 447, -1,
      447, 288, 499, -1,
      447, 499, 448, -1,
      448, 499, 500, -1,
      448, 500, 449, -1,
      449, 500, 501, -1,
      449, 501, 450, -1,
      450, 501, 502, -1,
      450, 502, 451, -1,
      451, 502, 503, -1,
      451, 503, 452, -1,
      452, 503, 504, -1,
      452, 504, 453, -1,
      453, 504, 505, -1,
      453, 505, 454, -1,
      454, 505, 506, -1,
      454, 506, 455, -1,
      455, 506, 507, -1,
      455, 507, 456, -1,
      456, 507, 508, -1,
      456, 508, 457, -1,
      457, 508, 509, -1,
      457, 509, 458, -1,
      458, 509, 510, -1,
      458, 510, 459, -1,
      459, 510, 511, -1,
      459, 511, 460, -1,
      460, 511, 512, -1,
      460, 512, 461, -1,
      461, 512, 513, -1,
      461, 513, 462, -1,
      462, 513, 514, -1,
      462, 514, 463, -1,
      463, 514, 515, -1,
      463, 515, 464, -1,
      464, 515, 516, -1,
      464, 516, 465, -1,
      465, 516, 517, -1,
      465, 517, 466, -1,
      466, 517, 518, -1,
      466, 518, 467, -1,
      467, 518, 519, -1,
      467, 519, 468, -1,
      468, 519, 520, -1,
      468, 520, 469, -1,
      469, 520, 521, -1,
      469, 521, 470, -1,
      470, 521, 522, -1,
      470, 522, 471, -1,
      471, 522, 523, -1,
      471, 523, 472, -1,
      472, 523, 524, -1,
      472, 524, 473, -1,
      473, 524, 525, -1,
      473, 525, 474, -1,
      474, 525, 526, -1,
      474, 526, 475, -1,
      475, 526, 527, -1,
      475, 527, 476, -1,
      476, 527, 528, -1,
      476, 528, 477, -1,
      477, 528, 529, -1,
      477, 529, 478, -1,
      478, 529, 530, -1,
      478, 530, 479, -1,
      479, 530, 531, -1,
      479, 531, 480, -1,
      480, 531, 532, -1,
      480, 532, 481, -1,
      481, 532, 533, -1,
      481, 533, 482, -1,
      482, 533, 534, -1,
      482, 534, 483, -1,
      483, 534, 535, -1,
      483, 535, 484, -1,
      484, 535, 536, -1,
      484, 536, 485, -1,
      485, 536, 537, -1,
      485, 537, 486, -1,
      486, 537, 538, -1,
      486, 538, 487, -1,
      487, 538, 539, -1,
      487, 539, 488, -1,
      488, 539, 540, -1,
      488, 540, 489, -1,
      489, 540, 541, -1,
      489, 541, 490, -1,
      490, 541, 542, -1,
      490, 542, 491, -1,
      491, 542, 543, -1,
      491, 543, 492, -1,
      492, 543, 544, -1,
      492, 544, 493, -1,
      493, 544, 545, -1,
      493, 545, 494, -1,
      494, 545, 546, -1,
      494, 546, 495, -1,
      495, 546, 547, -1,
      495, 547, 496, -1,
      496, 547, 548, -1,
      496, 548, 497, -1,
      497, 548, 323, -1,
      497, 323, 498, -1,
      498, 323, 2, -1,
      498, 2, 318, -1,
      318, 2, 1, -1,
      318, 1, 316, -1,
      280, 282, 288, -1,
      288, 282, 549, -1,
      288, 549, 499, -1,
      499, 549, 550, -1,
      499, 550, 500, -1,
      500, 550, 551, -1,
      500, 551, 501, -1,
      501, 551, 552, -1,
      501, 552, 502, -1,
      502, 552, 553, -1,
      502, 553, 503, -1,
      503, 553, 554, -1,
      503, 554, 504, -1,
      504, 554, 555, -1,
      504, 555, 505, -1,
      505, 555, 556, -1,
      505, 556, 506, -1,
      506, 556, 557, -1,
      506, 557, 507, -1,
      507, 557, 558, -1,
      507, 558, 508, -1,
      508, 558, 559, -1,
      508, 559, 509, -1,
      509, 559, 560, -1,
      509, 560, 510, -1,
      510, 560, 561, -1,
      510, 561, 511, -1,
      511, 561, 562, -1,
      511, 562, 512, -1,
      512, 562, 563, -1,
      512, 563, 513, -1,
      513, 563, 564, -1,
      513, 564, 514, -1,
      514, 564, 565, -1,
      514, 565, 515, -1,
      515, 565, 566, -1,
      515, 566, 516, -1,
      516, 566, 567, -1,
      516, 567, 517, -1,
      517, 567, 568, -1,
      517, 568, 518, -1,
      518, 568, 569, -1,
      518, 569, 519, -1,
      519, 569, 570, -1,
      519, 570, 520, -1,
      520, 570, 571, -1,
      520, 571, 521, -1,
      521, 571, 572, -1,
      521, 572, 522, -1,
      522, 572, 573, -1,
      522, 573, 523, -1,
      523, 573, 574, -1,
      523, 574, 524, -1,
      524, 574, 575, -1,
      524, 575, 525, -1,
      525, 575, 576, -1,
      525, 576, 526, -1,
      526, 576, 577, -1,
      526, 577, 527, -1,
      527, 577, 578, -1,
      527, 578, 528, -1,
      528, 578, 579, -1,
      528, 579, 529, -1,
      529, 579, 580, -1,
      529, 580, 530, -1,
      530, 580, 581, -1,
      530, 581, 531, -1,
      531, 581, 582, -1,
      531, 582, 532, -1,
      532, 582, 583, -1,
      532, 583, 533, -1,
      533, 583, 584, -1,
      533, 584, 534, -1,
      534, 584, 585, -1,
      534, 585, 535, -1,
      535, 585, 586, -1,
      535, 586, 536, -1,
      536, 586, 587, -1,
      536, 587, 537, -1,
      537, 587, 588, -1,
      537, 588, 538, -1,
      538, 588, 589, -1,
      538, 589, 539, -1,
      539, 589, 590, -1,
      539, 590, 540, -1,
      540, 590, 591, -1,
      540, 591, 541, -1,
      541, 591, 592, -1,
      541, 592, 542, -1,
      542, 592, 593, -1,
      542, 593, 543, -1,
      543, 593, 594, -1,
      543, 594, 544, -1,
      544, 594, 595, -1,
      544, 595, 545, -1,
      545, 595, 596, -1,
      545, 596, 546, -1,
      546, 596, 597, -1,
      546, 597, 547, -1,
      547, 597, 598, -1,
      547, 598, 548, -1,
      548, 598, 327, -1,
      548, 327, 323, -1,
      323, 327, 329, -1,
      323, 329, 324, -1,
      284, 286, 282, -1,
      282, 286, 599, -1,
      282, 599, 549, -1,
      549, 599, 600, -1,
      549, 600, 550, -1,
      550, 600, 601, -1,
      550, 601, 551, -1,
      551, 601, 602, -1,
      551, 602, 552, -1,
      552, 602, 603, -1,
      552, 603, 553, -1,
      553, 603, 604, -1,
      553, 604, 554, -1,
      554, 604, 605, -1,
      554, 605, 555, -1,
      555, 605, 606, -1,
      555, 606, 556, -1,
      556, 606, 607, -1,
      556, 607, 557, -1,
      557, 607, 608, -1,
      557, 608, 558, -1,
      558, 608, 609, -1,
      558, 609, 559, -1,
      559, 609, 610, -1,
      559, 610, 560, -1,
      560, 610, 611, -1,
      560, 611, 561, -1,
      561, 611, 612, -1,
      561, 612, 562, -1,
      562, 612, 613, -1,
      562, 613, 563, -1,
      563, 613, 614, -1,
      563, 614, 564, -1,
      564, 614, 615, -1,
      564, 615, 565, -1,
      565, 615, 616, -1,
      565, 616, 566, -1,
      566, 616, 617, -1,
      566, 617, 567, -1,
      567, 617, 618, -1,
      567, 618, 568, -1,
      568, 618, 619, -1,
      568, 619, 569, -1,
      569, 619, 620, -1,
      569, 620, 570, -1,
      570, 620, 621, -1,
      570, 621, 571, -1,
      571, 621, 622, -1,
      571, 622, 572, -1,
      572, 622, 623, -1,
      572, 623, 573, -1,
      573, 623, 624, -1,
      573, 624, 574, -1,
      574, 624, 625, -1,
      574, 625, 575, -1,
      575, 625, 626, -1,
      575, 626, 576, -1,
      576, 626, 627, -1,
      576, 627, 577, -1,
      577, 627, 628, -1,
      577, 628, 578, -1,
      578, 628, 629, -1,
      578, 629, 579, -1,
      579, 629, 630, -1,
      579, 630, 580, -1,
      580, 630, 631, -1,
      580, 631, 581, -1,
      581, 631, 632, -1,
      581, 632, 582, -1,
      582, 632, 633, -1,
      582, 633, 583, -1,
      583, 633, 634, -1,
      583, 634, 584, -1,
      584, 634, 635, -1,
      584, 635, 585, -1,
      585, 635, 636, -1,
      585, 636, 586, -1,
      586, 636, 637, -1,
      586, 637, 587, -1,
      587, 637, 638, -1,
      587, 638, 588, -1,
      588, 638, 639, -1,
      588, 639, 589, -1,
      589, 639, 640, -1,
      589, 640, 590, -1,
      590, 640, 641, -1,
      590, 641, 591, -1,
      591, 641, 642, -1,
      591, 642, 592, -1,
      592, 642, 643, -1,
      592, 643, 593, -1,
      593, 643, 644, -1,
      593, 644, 594, -1,
      594, 644, 645, -1,
      594, 645, 595, -1,
      595, 645, 646, -1,
      595, 646, 596, -1,
      596, 646, 647, -1,
      596, 647, 597, -1,
      597, 647, 648, -1,
      597, 648, 598, -1,
      598, 648, 334, -1,
      598, 334, 327, -1,
      327, 334, 336, -1,
      327, 336, 325, -1,
      276, 278, 286, -1,
      286, 278, 649, -1,
      286, 649, 599, -1,
      599, 649, 650, -1,
      599, 650, 600, -1,
      600, 650, 651, -1,
      600, 651, 601, -1,
      601, 651, 652, -1,
      601, 652, 602, -1,
      602, 652, 653, -1,
      602, 653, 603, -1,
      603, 653, 654, -1,
      603, 654, 604, -1,
      604, 654, 655, -1,
      604, 655, 605, -1,
      605, 655, 656, -1,
      605, 656, 606, -1,
      606, 656, 657, -1,
      606, 657, 607, -1,
      607, 657, 658, -1,
      607, 658, 608, -1,
      608, 658, 659, -1,
      608, 659, 609, -1,
      609, 659, 660, -1,
      609, 660, 610, -1,
      610, 660, 661, -1,
      610, 661, 611, -1,
      611, 661, 662, -1,
      611, 662, 612, -1,
      612, 662, 663, -1,
      612, 663, 613, -1,
      613, 663, 664, -1,
      613, 664, 614, -1,
      614, 664, 665, -1,
      614, 665, 615, -1,
      615, 665, 666, -1,
      615, 666, 616, -1,
      616, 666, 667, -1,
      616, 667, 617, -1,
      617, 667, 668, -1,
      617, 668, 618, -1,
      618, 668, 669, -1,
      618, 669, 619, -1,
      619, 669, 670, -1,
      619, 670, 620, -1,
      620, 670, 671, -1,
      620, 671, 621, -1,
      621, 671, 672, -1,
      621, 672, 622, -1,
      622, 672, 673, -1,
      622, 673, 623, -1,
      623, 673, 674, -1,
      623, 674, 624, -1,
      624, 674, 675, -1,
      624, 675, 625, -1,
      625, 675, 676, -1,
      625, 676, 626, -1,
      626, 676, 677, -1,
      626, 677, 627, -1,
      627, 677, 678, -1,
      627, 678, 628, -1,
      628, 678, 679, -1,
      628, 679, 629, -1,
      629, 679, 680, -1,
      629, 680, 630, -1,
      630, 680, 681, -1,
      630, 681, 631, -1,
      631, 681, 682, -1,
      631, 682, 632, -1,
      632, 682, 683, -1,
      632, 683, 633, -1,
      633, 683, 684, -1,
      633, 684, 634, -1,
      634, 684, 685, -1,
      634, 685, 635, -1,
      635, 685, 686, -1,
      635, 686, 636, -1,
      636, 686, 687, -1,
      636, 687, 637, -1,
      637, 687, 688, -1,
      637, 688, 638, -1,
      638, 688, 689, -1,
      638, 689, 639, -1,
      639, 689, 690, -1,
      639, 690, 640, -1,
      640, 690, 691, -1,
      640, 691, 641, -1,
      641, 691, 692, -1,
      641, 692, 642, -1,
      642, 692, 693, -1,
      642, 693, 643, -1,
      643, 693, 74, -1,
      643, 74, 644, -1,
      644, 74, 67, -1,
      644, 67, 645, -1,
      645, 67, 63, -1,
      645, 63, 646, -1,
      646, 63, 59, -1,
      646, 59, 647, -1,
      647, 59, 47, -1,
      647, 47, 648, -1,
      648, 47, 50, -1,
      648, 50, 334, -1,
      334, 50, 331, -1,
      334, 331, 332, -1,
      271, 273, 278, -1,
      278, 273, 694, -1,
      278, 694, 649, -1,
      649, 694, 695, -1,
      649, 695, 650, -1,
      650, 695, 696, -1,
      650, 696, 651, -1,
      651, 696, 697, -1,
      651, 697, 652, -1,
      652, 697, 698, -1,
      652, 698, 653, -1,
      653, 698, 699, -1,
      653, 699, 654, -1,
      654, 699, 700, -1,
      654, 700, 655, -1,
      655, 700, 701, -1,
      655, 701, 656, -1,
      656, 701, 702, -1,
      656, 702, 657, -1,
      657, 702, 703, -1,
      657, 703, 658, -1,
      658, 703, 704, -1,
      658, 704, 659, -1,
      659, 704, 705, -1,
      659, 705, 660, -1,
      660, 705, 706, -1,
      660, 706, 661, -1,
      661, 706, 707, -1,
      661, 707, 662, -1,
      662, 707, 708, -1,
      662, 708, 663, -1,
      663, 708, 709, -1,
      663, 709, 664, -1,
      664, 709, 710, -1,
      664, 710, 665, -1,
      665, 710, 711, -1,
      665, 711, 666, -1,
      666, 711, 712, -1,
      666, 712, 667, -1,
      667, 712, 713, -1,
      667, 713, 668, -1,
      668, 713, 714, -1,
      668, 714, 669, -1,
      669, 714, 715, -1,
      669, 715, 670, -1,
      670, 715, 716, -1,
      670, 716, 671, -1,
      671, 716, 717, -1,
      671, 717, 672, -1,
      672, 717, 718, -1,
      672, 718, 673, -1,
      673, 718, 719, -1,
      673, 719, 674, -1,
      674, 719, 720, -1,
      674, 720, 675, -1,
      675, 720, 721, -1,
      675, 721, 676, -1,
      676, 721, 722, -1,
      676, 722, 677, -1,
      677, 722, 723, -1,
      677, 723, 678, -1,
      678, 723, 724, -1,
      678, 724, 679, -1,
      679, 724, 725, -1,
      679, 725, 680, -1,
      680, 725, 726, -1,
      680, 726, 681, -1,
      681, 726, 727, -1,
      681, 727, 682, -1,
      682, 727, 728, -1,
      682, 728, 683, -1,
      683, 728, 729, -1,
      683, 729, 684, -1,
      684, 729, 730, -1,
      684, 730, 685, -1,
      685, 730, 731, -1,
      685, 731, 686, -1,
      686, 731, 732, -1,
      686, 732, 687, -1,
      687, 732, 733, -1,
      687, 733, 688, -1,
      688, 733, 734, -1,
      688, 734, 689, -1,
      689, 734, 735, -1,
      689, 735, 690, -1,
      690, 735, 736, -1,
      690, 736, 691, -1,
      691, 736, 737, -1,
      691, 737, 692, -1,
      692, 737, 79, -1,
      692, 79, 693, -1,
      693, 79, 41, -1,
      693, 41, 74, -1,
      74, 41, 40, -1,
      74, 40, 72, -1,
      267, 269, 273, -1,
      273, 269, 738, -1,
      273, 738, 694, -1,
      694, 738, 739, -1,
      694, 739, 695, -1,
      695, 739, 740, -1,
      695, 740, 696, -1,
      696, 740, 741, -1,
      696, 741, 697, -1,
      697, 741, 742, -1,
      697, 742, 698, -1,
      698, 742, 743, -1,
      698, 743, 699, -1,
      699, 743, 744, -1,
      699, 744, 700, -1,
      700, 744, 745, -1,
      700, 745, 701, -1,
      701, 745, 746, -1,
      701, 746, 702, -1,
      702, 746, 747, -1,
      702, 747, 703, -1,
      703, 747, 748, -1,
      703, 748, 704, -1,
      704, 748, 749, -1,
      704, 749, 705, -1,
      705, 749, 750, -1,
      705, 750, 706, -1,
      706, 750, 751, -1,
      706, 751, 707, -1,
      707, 751, 752, -1,
      707, 752, 708, -1,
      708, 752, 753, -1,
      708, 753, 709, -1,
      709, 753, 754, -1,
      709, 754, 710, -1,
      710, 754, 755, -1,
      710, 755, 711, -1,
      711, 755, 756, -1,
      711, 756, 712, -1,
      712, 756, 757, -1,
      712, 757, 713, -1,
      713, 757, 758, -1,
      713, 758, 714, -1,
      714, 758, 759, -1,
      714, 759, 715, -1,
      715, 759, 760, -1,
      715, 760, 716, -1,
      716, 760, 761, -1,
      716, 761, 717, -1,
      717, 761, 762, -1,
      717, 762, 718, -1,
      718, 762, 763, -1,
      718, 763, 719, -1,
      719, 763, 764, -1,
      719, 764, 720, -1,
      720, 764, 765, -1,
      720, 765, 721, -1,
      721, 765, 766, -1,
      721, 766, 722, -1,
      722, 766, 767, -1,
      722, 767, 723, -1,
      723, 767, 768, -1,
      723, 768, 724, -1,
      724, 768, 769, -1,
      724, 769, 725, -1,
      725, 769, 770, -1,
      725, 770, 726, -1,
      726, 770, 771, -1,
      726, 771, 727, -1,
      727, 771, 772, -1,
      727, 772, 728, -1,
      728, 772, 773, -1,
      728, 773, 729, -1,
      729, 773, 774, -1,
      729, 774, 730, -1,
      730, 774, 775, -1,
      730, 775, 731, -1,
      731, 775, 776, -1,
      731, 776, 732, -1,
      732, 776, 777, -1,
      732, 777, 733, -1,
      733, 777, 778, -1,
      733, 778, 734, -1,
      734, 778, 779, -1,
      734, 779, 735, -1,
      735, 779, 780, -1,
      735, 780, 736, -1,
      736, 780, 781, -1,
      736, 781, 737, -1,
      737, 781, 84, -1,
      737, 84, 79, -1,
      79, 84, 87, -1,
      79, 87, 77, -1,
      263, 265, 269, -1,
      269, 265, 782, -1,
      269, 782, 738, -1,
      738, 782, 783, -1,
      738, 783, 739, -1,
      739, 783, 784, -1,
      739, 784, 740, -1,
      740, 784, 785, -1,
      740, 785, 741, -1,
      741, 785, 786, -1,
      741, 786, 742, -1,
      742, 786, 787, -1,
      742, 787, 743, -1,
      743, 787, 788, -1,
      743, 788, 744, -1,
      744, 788, 789, -1,
      744, 789, 745, -1,
      745, 789, 790, -1,
      745, 790, 746, -1,
      746, 790, 791, -1,
      746, 791, 747, -1,
      747, 791, 792, -1,
      747, 792, 748, -1,
      748, 792, 793, -1,
      748, 793, 749, -1,
      749, 793, 794, -1,
      749, 794, 750, -1,
      750, 794, 795, -1,
      750, 795, 751, -1,
      751, 795, 796, -1,
      751, 796, 752, -1,
      752, 796, 797, -1,
      752, 797, 753, -1,
      753, 797, 798, -1,
      753, 798, 754, -1,
      754, 798, 799, -1,
      754, 799, 755, -1,
      755, 799, 800, -1,
      755, 800, 756, -1,
      756, 800, 801, -1,
      756, 801, 757, -1,
      757, 801, 802, -1,
      757, 802, 758, -1,
      758, 802, 803, -1,
      758, 803, 759, -1,
      759, 803, 804, -1,
      759, 804, 760, -1,
      760, 804, 805, -1,
      760, 805, 761, -1,
      761, 805, 806, -1,
      761, 806, 762, -1,
      762, 806, 807, -1,
      762, 807, 763, -1,
      763, 807, 808, -1,
      763, 808, 764, -1,
      764, 808, 809, -1,
      764, 809, 765, -1,
      765, 809, 810, -1,
      765, 810, 766, -1,
      766, 810, 811, -1,
      766, 811, 767, -1,
      767, 811, 812, -1,
      767, 812, 768, -1,
      768, 812, 813, -1,
      768, 813, 769, -1,
      769, 813, 814, -1,
      769, 814, 770, -1,
      770, 814, 815, -1,
      770, 815, 771, -1,
      771, 815, 816, -1,
      771, 816, 772, -1,
      772, 816, 817, -1,
      772, 817, 773, -1,
      773, 817, 818, -1,
      773, 818, 774, -1,
      774, 818, 819, -1,
      774, 819, 775, -1,
      775, 819, 820, -1,
      775, 820, 776, -1,
      776, 820, 821, -1,
      776, 821, 777, -1,
      777, 821, 822, -1,
      777, 822, 778, -1,
      778, 822, 823, -1,
      778, 823, 779, -1,
      779, 823, 824, -1,
      779, 824, 780, -1,
      780, 824, 90, -1,
      780, 90, 781, -1,
      781, 90, 38, -1,
      781, 38, 84, -1,
      84, 38, 37, -1,
      84, 37, 82, -1,
      257, 259, 265, -1,
      265, 259, 825, -1,
      265, 825, 782, -1,
      782, 825, 826, -1,
      782, 826, 783, -1,
      783, 826, 827, -1,
      783, 827, 784, -1,
      784, 827, 828, -1,
      784, 828, 785, -1,
      785, 828, 829, -1,
      785, 829, 786, -1,
      786, 829, 830, -1,
      786, 830, 787, -1,
      787, 830, 831, -1,
      787, 831, 788, -1,
      788, 831, 832, -1,
      788, 832, 789, -1,
      789, 832, 833, -1,
      789, 833, 790, -1,
      790, 833, 834, -1,
      790, 834, 791, -1,
      791, 834, 835, -1,
      791, 835, 792, -1,
      792, 835, 836, -1,
      792, 836, 793, -1,
      793, 836, 837, -1,
      793, 837, 794, -1,
      794, 837, 838, -1,
      794, 838, 795, -1,
      795, 838, 839, -1,
      795, 839, 796, -1,
      796, 839, 840, -1,
      796, 840, 797, -1,
      797, 840, 841, -1,
      797, 841, 798, -1,
      798, 841, 842, -1,
      798, 842, 799, -1,
      799, 842, 843, -1,
      799, 843, 800, -1,
      800, 843, 844, -1,
      800, 844, 801, -1,
      801, 844, 845, -1,
      801, 845, 802, -1,
      802, 845, 846, -1,
      802, 846, 803, -1,
      803, 846, 847, -1,
      803, 847, 804, -1,
      804, 847, 848, -1,
      804, 848, 805, -1,
      805, 848, 849, -1,
      805, 849, 806, -1,
      806, 849, 850, -1,
      806, 850, 807, -1,
      807, 850, 851, -1,
      807, 851, 808, -1,
      808, 851, 852, -1,
      808, 852, 809, -1,
      809, 852, 853, -1,
      809, 853, 810, -1,
      810, 853, 854, -1,
      810, 854, 811, -1,
      811, 854, 855, -1,
      811, 855, 812, -1,
      812, 855, 856, -1,
      812, 856, 813, -1,
      813, 856, 857, -1,
      813, 857, 814, -1,
      814, 857, 858, -1,
      814, 858, 815, -1,
      815, 858, 859, -1,
      815, 859, 816, -1,
      816, 859, 860, -1,
      816, 860, 817, -1,
      817, 860, 861, -1,
      817, 861, 818, -1,
      818, 861, 862, -1,
      818, 862, 819, -1,
      819, 862, 863, -1,
      819, 863, 820, -1,
      820, 863, 864, -1,
      820, 864, 821, -1,
      821, 864, 865, -1,
      821, 865, 822, -1,
      822, 865, 866, -1,
      822, 866, 823, -1,
      823, 866, 867, -1,
      823, 867, 824, -1,
      824, 867, 35, -1,
      824, 35, 90, -1,
      90, 35, 34, -1,
      90, 34, 88, -1,
      7, 254, 8, -1,
      8, 254, 868, -1,
      8, 868, 259, -1,
      259, 868, 869, -1,
      259, 869, 825, -1,
      825, 869, 870, -1,
      825, 870, 826, -1,
      826, 870, 871, -1,
      826, 871, 827, -1,
      827, 871, 872, -1,
      827, 872, 828, -1,
      828, 872, 873, -1,
      828, 873, 829, -1,
      829, 873, 874, -1,
      829, 874, 830, -1,
      830, 874, 875, -1,
      830, 875, 831, -1,
      831, 875, 876, -1,
      831, 876, 832, -1,
      832, 876, 877, -1,
      832, 877, 833, -1,
      833, 877, 878, -1,
      833, 878, 834, -1,
      834, 878, 879, -1,
      834, 879, 835, -1,
      835, 879, 880, -1,
      835, 880, 836, -1,
      836, 880, 881, -1,
      836, 881, 837, -1,
      837, 881, 882, -1,
      837, 882, 838, -1,
      838, 882, 883, -1,
      838, 883, 839, -1,
      839, 883, 884, -1,
      839, 884, 840, -1,
      840, 884, 885, -1,
      840, 885, 841, -1,
      841, 885, 886, -1,
      841, 886, 842, -1,
      842, 886, 887, -1,
      842, 887, 843, -1,
      843, 887, 888, -1,
      843, 888, 844, -1,
      844, 888, 889, -1,
      844, 889, 845, -1,
      845, 889, 890, -1,
      845, 890, 846, -1,
      846, 890, 891, -1,
      846, 891, 847, -1,
      847, 891, 892, -1,
      847, 892, 848, -1,
      848, 892, 893, -1,
      848, 893, 849, -1,
      849, 893, 894, -1,
      849, 894, 850, -1,
      850, 894, 895, -1,
      850, 895, 851, -1,
      851, 895, 896, -1,
      851, 896, 852, -1,
      852, 896, 897, -1,
      852, 897, 853, -1,
      853, 897, 898, -1,
      853, 898, 854, -1,
      854, 898, 899, -1,
      854, 899, 855, -1,
      855, 899, 900, -1,
      855, 900, 856, -1,
      856, 900, 901, -1,
      856, 901, 857, -1,
      857, 901, 902, -1,
      857, 902, 858, -1,
      858, 902, 903, -1,
      858, 903, 859, -1,
      859, 903, 904, -1,
      859, 904, 860, -1,
      860, 904, 905, -1,
      860, 905, 861, -1,
      861, 905, 906, -1,
      861, 906, 862, -1,
      862, 906, 907, -1,
      862, 907, 863, -1,
      863, 907, 908, -1,
      863, 908, 864, -1,
      864, 908, 909, -1,
      864, 909, 865, -1,
      865, 909, 910, -1,
      865, 910, 866, -1,
      866, 910, 911, -1,
      866, 911, 867, -1,
      867, 911, 32, -1,
      867, 32, 35, -1,
      35, 32, 31, -1,
      35, 31, 93, -1,
      246, 248, 254, -1,
      254, 248, 912, -1,
      254, 912, 868, -1,
      868, 912, 913, -1,
      868, 913, 869, -1,
      869, 913, 914, -1,
      869, 914, 870, -1,
      870, 914, 915, -1,
      870, 915, 871, -1,
      871, 915, 916, -1,
      871, 916, 872, -1,
      872, 916, 917, -1,
      872, 917, 873, -1,
      873, 917, 918, -1,
      873, 918, 874, -1,
      874, 918, 919, -1,
      874, 919, 875, -1,
      875, 919, 920, -1,
      875, 920, 876, -1,
      876, 920, 921, -1,
      876, 921, 877, -1,
      877, 921, 922, -1,
      877, 922, 878, -1,
      878, 922, 923, -1,
      878, 923, 879, -1,
      879, 923, 924, -1,
      879, 924, 880, -1,
      880, 924, 925, -1,
      880, 925, 881, -1,
      881, 925, 926, -1,
      881, 926, 882, -1,
      882, 926, 927, -1,
      882, 927, 883, -1,
      883, 927, 928, -1,
      883, 928, 884, -1,
      884, 928, 929, -1,
      884, 929, 885, -1,
      885, 929, 930, -1,
      885, 930, 886, -1,
      886, 930, 931, -1,
      886, 931, 887, -1,
      887, 931, 932, -1,
      887, 932, 888, -1,
      888, 932, 933, -1,
      888, 933, 889, -1,
      889, 933, 934, -1,
      889, 934, 890, -1,
      890, 934, 935, -1,
      890, 935, 891, -1,
      891, 935, 936, -1,
      891, 936, 892, -1,
      892, 936, 937, -1,
      892, 937, 893, -1,
      893, 937, 938, -1,
      893, 938, 894, -1,
      894, 938, 939, -1,
      894, 939, 895, -1,
      895, 939, 940, -1,
      895, 940, 896, -1,
      896, 940, 941, -1,
      896, 941, 897, -1,
      897, 941, 942, -1,
      897, 942, 898, -1,
      898, 942, 943, -1,
      898, 943, 899, -1,
      899, 943, 944, -1,
      899, 944, 900, -1,
      900, 944, 945, -1,
      900, 945, 901, -1,
      901, 945, 946, -1,
      901, 946, 902, -1,
      902, 946, 947, -1,
      902, 947, 903, -1,
      903, 947, 948, -1,
      903, 948, 904, -1,
      904, 948, 949, -1,
      904, 949, 905, -1,
      905, 949, 950, -1,
      905, 950, 906, -1,
      906, 950, 951, -1,
      906, 951, 907, -1,
      907, 951, 952, -1,
      907, 952, 908, -1,
      908, 952, 953, -1,
      908, 953, 909, -1,
      909, 953, 954, -1,
      909, 954, 910, -1,
      910, 954, 955, -1,
      910, 955, 911, -1,
      911, 955, 101, -1,
      911, 101, 32, -1,
      32, 101, 103, -1,
      32, 103, 94, -1,
      10, 242, 11, -1,
      11, 242, 956, -1,
      11, 956, 248, -1,
      248, 956, 957, -1,
      248, 957, 912, -1,
      912, 957, 958, -1,
      912, 958, 913, -1,
      913, 958, 959, -1,
      913, 959, 914, -1,
      914, 959, 960, -1,
      914, 960, 915, -1,
      915, 960, 961, -1,
      915, 961, 916, -1,
      916, 961, 962, -1,
      916, 962, 917, -1,
      917, 962, 963, -1,
      917, 963, 918, -1,
      918, 963, 964, -1,
      918, 964, 919, -1,
      919, 964, 965, -1,
      919, 965, 920, -1,
      920, 965, 966, -1,
      920, 966, 921, -1,
      921, 966, 967, -1,
      921, 967, 922, -1,
      922, 967, 968, -1,
      922, 968, 923, -1,
      923, 968, 969, -1,
      923, 969, 924, -1,
      924, 969, 970, -1,
      924, 970, 925, -1,
      925, 970, 971, -1,
      925, 971, 926, -1,
      926, 971, 972, -1,
      926, 972, 927, -1,
      927, 972, 973, -1,
      927, 973, 928, -1,
      928, 973, 974, -1,
      928, 974, 929, -1,
      929, 974, 975, -1,
      929, 975, 930, -1,
      930, 975, 976, -1,
      930, 976, 931, -1,
      931, 976, 977, -1,
      931, 977, 932, -1,
      932, 977, 978, -1,
      932, 978, 933, -1,
      933, 978, 979, -1,
      933, 979, 934, -1,
      934, 979, 980, -1,
      934, 980, 935, -1,
      935, 980, 981, -1,
      935, 981, 936, -1,
      936, 981, 982, -1,
      936, 982, 937, -1,
      937, 982, 983, -1,
      937, 983, 938, -1,
      938, 983, 984, -1,
      938, 984, 939, -1,
      939, 984, 985, -1,
      939, 985, 940, -1,
      940, 985, 986, -1,
      940, 986, 941, -1,
      941, 986, 987, -1,
      941, 987, 942, -1,
      942, 987, 988, -1,
      942, 988, 943, -1,
      943, 988, 989, -1,
      943, 989, 944, -1,
      944, 989, 990, -1,
      944, 990, 945, -1,
      945, 990, 991, -1,
      945, 991, 946, -1,
      946, 991, 992, -1,
      946, 992, 947, -1,
      947, 992, 993, -1,
      947, 993, 948, -1,
      948, 993, 994, -1,
      948, 994, 949, -1,
      949, 994, 995, -1,
      949, 995, 950, -1,
      950, 995, 996, -1,
      950, 996, 951, -1,
      951, 996, 997, -1,
      951, 997, 952, -1,
      952, 997, 998, -1,
      952, 998, 953, -1,
      953, 998, 999, -1,
      953, 999, 954, -1,
      954, 999, 1000, -1,
      954, 1000, 955, -1,
      955, 1000, 97, -1,
      955, 97, 101, -1,
      101, 97, 98, -1,
      101, 98, 99, -1,
      155, 149, 153, -1,
      153, 149, 1001, -1,
      153, 1001, 217, -1,
      217, 1001, 1002, -1,
      217, 1002, 228, -1,
      228, 1002, 1003, -1,
      228, 1003, 232, -1,
      232, 1003, 1004, -1,
      232, 1004, 236, -1,
      236, 1004, 1005, -1,
      236, 1005, 242, -1,
      242, 1005, 1006, -1,
      242, 1006, 956, -1,
      956, 1006, 1007, -1,
      956, 1007, 957, -1,
      957, 1007, 1008, -1,
      957, 1008, 958, -1,
      958, 1008, 1009, -1,
      958, 1009, 959, -1,
      959, 1009, 1010, -1,
      959, 1010, 960, -1,
      960, 1010, 1011, -1,
      960, 1011, 961, -1,
      961, 1011, 1012, -1,
      961, 1012, 962, -1,
      962, 1012, 1013, -1,
      962, 1013, 963, -1,
      963, 1013, 1014, -1,
      963, 1014, 964, -1,
      964, 1014, 1015, -1,
      964, 1015, 965, -1,
      965, 1015, 1016, -1,
      965, 1016, 966, -1,
      966, 1016, 1017, -1,
      966, 1017, 967, -1,
      967, 1017, 1018, -1,
      967, 1018, 968, -1,
      968, 1018, 1019, -1,
      968, 1019, 969, -1,
      969, 1019, 1020, -1,
      969, 1020, 970, -1,
      970, 1020, 1021, -1,
      970, 1021, 971, -1,
      971, 1021, 1022, -1,
      971, 1022, 972, -1,
      972, 1022, 1023, -1,
      972, 1023, 973, -1,
      973, 1023, 1024, -1,
      973, 1024, 974, -1,
      974, 1024, 1025, -1,
      974, 1025, 975, -1,
      975, 1025, 1026, -1,
      975, 1026, 976, -1,
      976, 1026, 1027, -1,
      976, 1027, 977, -1,
      977, 1027, 1028, -1,
      977, 1028, 978, -1,
      978, 1028, 1029, -1,
      978, 1029, 979, -1,
      979, 1029, 1030, -1,
      979, 1030, 980, -1,
      980, 1030, 1031, -1,
      980, 1031, 981, -1,
      981, 1031, 1032, -1,
      981, 1032, 982, -1,
      982, 1032, 1033, -1,
      982, 1033, 983, -1,
      983, 1033, 1034, -1,
      983, 1034, 984, -1,
      984, 1034, 1035, -1,
      984, 1035, 985, -1,
      985, 1035, 1036, -1,
      985, 1036, 986, -1,
      986, 1036, 1037, -1,
      986, 1037, 987, -1,
      987, 1037, 1038, -1,
      987, 1038, 988, -1,
      988, 1038, 1039, -1,
      988, 1039, 989, -1,
      989, 1039, 1040, -1,
      989, 1040, 990, -1,
      990, 1040, 1041, -1,
      990, 1041, 991, -1,
      991, 1041, 1042, -1,
      991, 1042, 992, -1,
      992, 1042, 1043, -1,
      992, 1043, 993, -1,
      993, 1043, 1044, -1,
      993, 1044, 994, -1,
      994, 1044, 1045, -1,
      994, 1045, 995, -1,
      995, 1045, 1046, -1,
      995, 1046, 996, -1,
      996, 1046, 1047, -1,
      996, 1047, 997, -1,
      997, 1047, 1048, -1,
      997, 1048, 998, -1,
      998, 1048, 1049, -1,
      998, 1049, 999, -1,
      999, 1049, 1050, -1,
      999, 1050, 1000, -1,
      1000, 1050, 106, -1,
      1000, 106, 97, -1,
      97, 106, 107, -1,
      97, 107, 95, -1,
      146, 148, 149, -1,
      149, 148, 1051, -1,
      149, 1051, 1001, -1,
      1001, 1051, 1052, -1,
      1001, 1052, 1002, -1,
      1002, 1052, 1053, -1,
      1002, 1053, 1003, -1,
      1003, 1053, 1054, -1,
      1003, 1054, 1004, -1,
      1004, 1054, 1055, -1,
      1004, 1055, 1005, -1,
      1005, 1055, 1056, -1,
      1005, 1056, 1006, -1,
      1006, 1056, 1057, -1,
      1006, 1057, 1007, -1,
      1007, 1057, 1058, -1,
      1007, 1058, 1008, -1,
      1008, 1058, 1059, -1,
      1008, 1059, 1009, -1,
      1009, 1059, 1060, -1,
      1009, 1060, 1010, -1,
      1010, 1060, 1061, -1,
      1010, 1061, 1011, -1,
      1011, 1061, 1062, -1,
      1011, 1062, 1012, -1,
      1012, 1062, 1063, -1,
      1012, 1063, 1013, -1,
      1013, 1063, 1064, -1,
      1013, 1064, 1014, -1,
      1014, 1064, 1065, -1,
      1014, 1065, 1015, -1,
      1015, 1065, 1066, -1,
      1015, 1066, 1016, -1,
      1016, 1066, 1067, -1,
      1016, 1067, 1017, -1,
      1017, 1067, 1068, -1,
      1017, 1068, 1018, -1,
      1018, 1068, 1069, -1,
      1018, 1069, 1019, -1,
      1019, 1069, 1070, -1,
      1019, 1070, 1020, -1,
      1020, 1070, 1071, -1,
      1020, 1071, 1021, -1,
      1021, 1071, 1072, -1,
      1021, 1072, 1022, -1,
      1022, 1072, 1073, -1,
      1022, 1073, 1023, -1,
      1023, 1073, 1074, -1,
      1023, 1074, 1024, -1,
      1024, 1074, 1075, -1,
      1024, 1075, 1025, -1,
      1025, 1075, 1076, -1,
      1025, 1076, 1026, -1,
      1026, 1076, 1077, -1,
      1026, 1077, 1027, -1,
      1027, 1077, 1078, -1,
      1027, 1078, 1028, -1,
      1028, 1078, 1079, -1,
      1028, 1079, 1029, -1,
      1029, 1079, 1080, -1,
      1029, 1080, 1030, -1,
      1030, 1080, 1081, -1,
      1030, 1081, 1031, -1,
      1031, 1081, 1082, -1,
      1031, 1082, 1032, -1,
      1032, 1082, 1083, -1,
      1032, 1083, 1033, -1,
      1033, 1083, 1084, -1,
      1033, 1084, 1034, -1,
      1034, 1084, 1085, -1,
      1034, 1085, 1035, -1,
      1035, 1085, 1086, -1,
      1035, 1086, 1036, -1,
      1036, 1086, 1087, -1,
      1036, 1087, 1037, -1,
      1037, 1087, 1088, -1,
      1037, 1088, 1038, -1,
      1038, 1088, 1089, -1,
      1038, 1089, 1039, -1,
      1039, 1089, 1090, -1,
      1039, 1090, 1040, -1,
      1040, 1090, 1091, -1,
      1040, 1091, 1041, -1,
      1041, 1091, 1092, -1,
      1041, 1092, 1042, -1,
      1042, 1092, 1093, -1,
      1042, 1093, 1043, -1,
      1043, 1093, 1094, -1,
      1043, 1094, 1044, -1,
      1044, 1094, 1095, -1,
      1044, 1095, 1045, -1,
      1045, 1095, 1096, -1,
      1045, 1096, 1046, -1,
      1046, 1096, 1097, -1,
      1046, 1097, 1047, -1,
      1047, 1097, 1098, -1,
      1047, 1098, 1048, -1,
      1048, 1098, 1099, -1,
      1048, 1099, 1049, -1,
      1049, 1099, 1100, -1,
      1049, 1100, 1050, -1,
      1050, 1100, 110, -1,
      1050, 110, 106, -1,
      106, 110, 111, -1,
      106, 111, 104, -1,
      140, 142, 148, -1,
      148, 142, 1101, -1,
      148, 1101, 1051, -1,
      1051, 1101, 1102, -1,
      1051, 1102, 1052, -1,
      1052, 1102, 1103, -1,
      1052, 1103, 1053, -1,
      1053, 1103, 1104, -1,
      1053, 1104, 1054, -1,
      1054, 1104, 1105, -1,
      1054, 1105, 1055, -1,
      1055, 1105, 1106, -1,
      1055, 1106, 1056, -1,
      1056, 1106, 1107, -1,
      1056, 1107, 1057, -1,
      1057, 1107, 1108, -1,
      1057, 1108, 1058, -1,
      1058, 1108, 1109, -1,
      1058, 1109, 1059, -1,
      1059, 1109, 1110, -1,
      1059, 1110, 1060, -1,
      1060, 1110, 1111, -1,
      1060, 1111, 1061, -1,
      1061, 1111, 1112, -1,
      1061, 1112, 1062, -1,
      1062, 1112, 1113, -1,
      1062, 1113, 1063, -1,
      1063, 1113, 1114, -1,
      1063, 1114, 1064, -1,
      1064, 1114, 1115, -1,
      1064, 1115, 1065, -1,
      1065, 1115, 1116, -1,
      1065, 1116, 1066, -1,
      1066, 1116, 1117, -1,
      1066, 1117, 1067, -1,
      1067, 1117, 1118, -1,
      1067, 1118, 1068, -1,
      1068, 1118, 1119, -1,
      1068, 1119, 1069, -1,
      1069, 1119, 1120, -1,
      1069, 1120, 1070, -1,
      1070, 1120, 1121, -1,
      1070, 1121, 1071, -1,
      1071, 1121, 1122, -1,
      1071, 1122, 1072, -1,
      1072, 1122, 1123, -1,
      1072, 1123, 1073, -1,
      1073, 1123, 1124, -1,
      1073, 1124, 1074, -1,
      1074, 1124, 1125, -1,
      1074, 1125, 1075, -1,
      1075, 1125, 1126, -1,
      1075, 1126, 1076, -1,
      1076, 1126, 1127, -1,
      1076, 1127, 1077, -1,
      1077, 1127, 1128, -1,
      1077, 1128, 1078, -1,
      1078, 1128, 1129, -1,
      1078, 1129, 1079, -1,
      1079, 1129, 1130, -1,
      1079, 1130, 1080, -1,
      1080, 1130, 1131, -1,
      1080, 1131, 1081, -1,
      1081, 1131, 1132, -1,
      1081, 1132, 1082, -1,
      1082, 1132, 1133, -1,
      1082, 1133, 1083, -1,
      1083, 1133, 1134, -1,
      1083, 1134, 1084, -1,
      1084, 1134, 1135, -1,
      1084, 1135, 1085, -1,
      1085, 1135, 1136, -1,
      1085, 1136, 1086, -1,
      1086, 1136, 1137, -1,
      1086, 1137, 1087, -1,
      1087, 1137, 1138, -1,
      1087, 1138, 1088, -1,
      1088, 1138, 1139, -1,
      1088, 1139, 1089, -1,
      1089, 1139, 1140, -1,
      1089, 1140, 1090, -1,
      1090, 1140, 1141, -1,
      1090, 1141, 1091, -1,
      1091, 1141, 1142, -1,
      1091, 1142, 1092, -1,
      1092, 1142, 1143, -1,
      1092, 1143, 1093, -1,
      1093, 1143, 1144, -1,
      1093, 1144, 1094, -1,
      1094, 1144, 1145, -1,
      1094, 1145, 1095, -1,
      1095, 1145, 1146, -1,
      1095, 1146, 1096, -1,
      1096, 1146, 1147, -1,
      1096, 1147, 1097, -1,
      1097, 1147, 1148, -1,
      1097, 1148, 1098, -1,
      1098, 1148, 1149, -1,
      1098, 1149, 1099, -1,
      1099, 1149, 1150, -1,
      1099, 1150, 1100, -1,
      1100, 1150, 113, -1,
      1100, 113, 110, -1,
      110, 113, 112, -1,
      110, 112, 108, -1,
      137, 136, 144, -1,
      144, 136, 1151, -1,
      144, 1151, 142, -1,
      142, 1151, 1152, -1,
      142, 1152, 1101, -1,
      1101, 1152, 1153, -1,
      1101, 1153, 1102, -1,
      1102, 1153, 1154, -1,
      1102, 1154, 1103, -1,
      1103, 1154, 1155, -1,
      1103, 1155, 1104, -1,
      1104, 1155, 1156, -1,
      1104, 1156, 1105, -1,
      1105, 1156, 1157, -1,
      1105, 1157, 1106, -1,
      1106, 1157, 1158, -1,
      1106, 1158, 1107, -1,
      1107, 1158, 1159, -1,
      1107, 1159, 1108, -1,
      1108, 1159, 1160, -1,
      1108, 1160, 1109, -1,
      1109, 1160, 1161, -1,
      1109, 1161, 1110, -1,
      1110, 1161, 1162, -1,
      1110, 1162, 1111, -1,
      1111, 1162, 1163, -1,
      1111, 1163, 1112, -1,
      1112, 1163, 1164, -1,
      1112, 1164, 1113, -1,
      1113, 1164, 1165, -1,
      1113, 1165, 1114, -1,
      1114, 1165, 1166, -1,
      1114, 1166, 1115, -1,
      1115, 1166, 1167, -1,
      1115, 1167, 1116, -1,
      1116, 1167, 1168, -1,
      1116, 1168, 1117, -1,
      1117, 1168, 1169, -1,
      1117, 1169, 1118, -1,
      1118, 1169, 1170, -1,
      1118, 1170, 1119, -1,
      1119, 1170, 1171, -1,
      1119, 1171, 1120, -1,
      1120, 1171, 1172, -1,
      1120, 1172, 1121, -1,
      1121, 1172, 1173, -1,
      1121, 1173, 1122, -1,
      1122, 1173, 1174, -1,
      1122, 1174, 1123, -1,
      1123, 1174, 1175, -1,
      1123, 1175, 1124, -1,
      1124, 1175, 1176, -1,
      1124, 1176, 1125, -1,
      1125, 1176, 1177, -1,
      1125, 1177, 1126, -1,
      1126, 1177, 1178, -1,
      1126, 1178, 1127, -1,
      1127, 1178, 1179, -1,
      1127, 1179, 1128, -1,
      1128, 1179, 1180, -1,
      1128, 1180, 1129, -1,
      1129, 1180, 1181, -1,
      1129, 1181, 1130, -1,
      1130, 1181, 1182, -1,
      1130, 1182, 1131, -1,
      1131, 1182, 1183, -1,
      1131, 1183, 1132, -1,
      1132, 1183, 1184, -1,
      1132, 1184, 1133, -1,
      1133, 1184, 1185, -1,
      1133, 1185, 1134, -1,
      1134, 1185, 1186, -1,
      1134, 1186, 1135, -1,
      1135, 1186, 1187, -1,
      1135, 1187, 1136, -1,
      1136, 1187, 1188, -1,
      1136, 1188, 1137, -1,
      1137, 1188, 1189, -1,
      1137, 1189, 1138, -1,
      1138, 1189, 1190, -1,
      1138, 1190, 1139, -1,
      1139, 1190, 1191, -1,
      1139, 1191, 1140, -1,
      1140, 1191, 1192, -1,
      1140, 1192, 1141, -1,
      1141, 1192, 1193, -1,
      1141, 1193, 1142, -1,
      1142, 1193, 1194, -1,
      1142, 1194, 1143, -1,
      1143, 1194, 1195, -1,
      1143, 1195, 1144, -1,
      1144, 1195, 1196, -1,
      1144, 1196, 1145, -1,
      1145, 1196, 1197, -1,
      1145, 1197, 1146, -1,
      1146, 1197, 1198, -1,
      1146, 1198, 1147, -1,
      1147, 1198, 1199, -1,
      1147, 1199, 1148, -1,
      1148, 1199, 1200, -1,
      1148, 1200, 1149, -1,
      1149, 1200, 1201, -1,
      1149, 1201, 1150, -1,
      1150, 1201, 1202, -1,
      1150, 1202, 113, -1,
      113, 1202, 26, -1,
      113, 26, 29, -1,
      29, 26, 118, -1,
      29, 118, 27, -1,
      129, 127, 136, -1,
      136, 127, 1203, -1,
      136, 1203, 1151, -1,
      1151, 1203, 1204, -1,
      1151, 1204, 1152, -1,
      1152, 1204, 1205, -1,
      1152, 1205, 1153, -1,
      1153, 1205, 1206, -1,
      1153, 1206, 1154, -1,
      1154, 1206, 1207, -1,
      1154, 1207, 1155, -1,
      1155, 1207, 1208, -1,
      1155, 1208, 1156, -1,
      1156, 1208, 1209, -1,
      1156, 1209, 1157, -1,
      1157, 1209, 1210, -1,
      1157, 1210, 1158, -1,
      1158, 1210, 1211, -1,
      1158, 1211, 1159, -1,
      1159, 1211, 1212, -1,
      1159, 1212, 1160, -1,
      1160, 1212, 1213, -1,
      1160, 1213, 1161, -1,
      1161, 1213, 1214, -1,
      1161, 1214, 1162, -1,
      1162, 1214, 1215, -1,
      1162, 1215, 1163, -1,
      1163, 1215, 1216, -1,
      1163, 1216, 1164, -1,
      1164, 1216, 1217, -1,
      1164, 1217, 1165, -1,
      1165, 1217, 1218, -1,
      1165, 1218, 1166, -1,
      1166, 1218, 1219, -1,
      1166, 1219, 1167, -1,
      1167, 1219, 1220, -1,
      1167, 1220, 1168, -1,
      1168, 1220, 1221, -1,
      1168, 1221, 1169, -1,
      1169, 1221, 1222, -1,
      1169, 1222, 1170, -1,
      1170, 1222, 1223, -1,
      1170, 1223, 1171, -1,
      1171, 1223, 1224, -1,
      1171, 1224, 1172, -1,
      1172, 1224, 1225, -1,
      1172, 1225, 1173, -1,
      1173, 1225, 1226, -1,
      1173, 1226, 1174, -1,
      1174, 1226, 1227, -1,
      1174, 1227, 1175, -1,
      1175, 1227, 1228, -1,
      1175, 1228, 1176, -1,
      1176, 1228, 1229, -1,
      1176, 1229, 1177, -1,
      1177, 1229, 1230, -1,
      1177, 1230, 1178, -1,
      1178, 1230, 1231, -1,
      1178, 1231, 1179, -1,
      1179, 1231, 1232, -1,
      1179, 1232, 1180, -1,
      1180, 1232, 1233, -1,
      1180, 1233, 1181, -1,
      1181, 1233, 1234, -1,
      1181, 1234, 1182, -1,
      1182, 1234, 1235, -1,
      1182, 1235, 1183, -1,
      1183, 1235, 1236, -1,
      1183, 1236, 1184, -1,
      1184, 1236, 1237, -1,
      1184, 1237, 1185, -1,
      1185, 1237, 1238, -1,
      1185, 1238, 1186, -1,
      1186, 1238, 1239, -1,
      1186, 1239, 1187, -1,
      1187, 1239, 1240, -1,
      1187, 1240, 1188, -1,
      1188, 1240, 1241, -1,
      1188, 1241, 1189, -1,
      1189, 1241, 1242, -1,
      1189, 1242, 1190, -1,
      1190, 1242, 1243, -1,
      1190, 1243, 1191, -1,
      1191, 1243, 1244, -1,
      1191, 1244, 1192, -1,
      1192, 1244, 1245, -1,
      1192, 1245, 1193, -1,
      1193, 1245, 1246, -1,
      1193, 1246, 1194, -1,
      1194, 1246, 1247, -1,
      1194, 1247, 1195, -1,
      1195, 1247, 1248, -1,
      1195, 1248, 1196, -1,
      1196, 1248, 1249, -1,
      1196, 1249, 1197, -1,
      1197, 1249, 1250, -1,
      1197, 1250, 1198, -1,
      1198, 1250, 1251, -1,
      1198, 1251, 1199, -1,
      1199, 1251, 1252, -1,
      1199, 1252, 1200, -1,
      1200, 1252, 1253, -1,
      1200, 1253, 1201, -1,
      1201, 1253, 1254, -1,
      1201, 1254, 1202, -1,
      1202, 1254, 23, -1,
      1202, 23, 26, -1,
      26, 23, 121, -1,
      26, 121, 24, -1,
      18, 20, 127, -1,
      127, 20, 1255, -1,
      127, 1255, 1203, -1,
      1203, 1255, 1256, -1,
      1203, 1256, 1204, -1,
      1204, 1256, 1257, -1,
      1204, 1257, 1205, -1,
      1205, 1257, 1258, -1,
      1205, 1258, 1206, -1,
      1206, 1258, 1259, -1,
      1206, 1259, 1207, -1,
      1207, 1259, 1260, -1,
      1207, 1260, 1208, -1,
      1208, 1260, 1261, -1,
      1208, 1261, 1209, -1,
      1209, 1261, 1262, -1,
      1209, 1262, 1210, -1,
      1210, 1262, 1263, -1,
      1210, 1263, 1211, -1,
      1211, 1263, 1264, -1,
      1211, 1264, 1212, -1,
      1212, 1264, 1265, -1,
      1212, 1265, 1213, -1,
      1213, 1265, 1266, -1,
      1213, 1266, 1214, -1,
      1214, 1266, 1267, -1,
      1214, 1267, 1215, -1,
      1215, 1267, 1268, -1,
      1215, 1268, 1216, -1,
      1216, 1268, 1269, -1,
      1216, 1269, 1217, -1,
      1217, 1269, 1270, -1,
      1217, 1270, 1218, -1,
      1218, 1270, 1271, -1,
      1218, 1271, 1219, -1,
      1219, 1271, 1272, -1,
      1219, 1272, 1220, -1,
      1220, 1272, 1273, -1,
      1220, 1273, 1221, -1,
      1221, 1273, 1274, -1,
      1221, 1274, 1222, -1,
      1222, 1274, 1275, -1,
      1222, 1275, 1223, -1,
      1223, 1275, 1276, -1,
      1223, 1276, 1224, -1,
      1224, 1276, 1277, -1,
      1224, 1277, 1225, -1,
      1225, 1277, 1278, -1,
      1225, 1278, 1226, -1,
      1226, 1278, 1279, -1,
      1226, 1279, 1227, -1,
      1227, 1279, 1280, -1,
      1227, 1280, 1228, -1,
      1228, 1280, 1281, -1,
      1228, 1281, 1229, -1,
      1229, 1281, 1282, -1,
      1229, 1282, 1230, -1,
      1230, 1282, 1283, -1,
      1230, 1283, 1231, -1,
      1231, 1283, 1284, -1,
      1231, 1284, 1232, -1,
      1232, 1284, 1285, -1,
      1232, 1285, 1233, -1,
      1233, 1285, 1286, -1,
      1233, 1286, 1234, -1,
      1234, 1286, 1287, -1,
      1234, 1287, 1235, -1,
      1235, 1287, 1288, -1,
      1235, 1288, 1236, -1,
      1236, 1288, 1289, -1,
      1236, 1289, 1237, -1,
      1237, 1289, 1290, -1,
      1237, 1290, 1238, -1,
      1238, 1290, 1291, -1,
      1238, 1291, 1239, -1,
      1239, 1291, 1292, -1,
      1239, 1292, 1240, -1,
      1240, 1292, 1293, -1,
      1240, 1293, 1241, -1,
      1241, 1293, 1294, -1,
      1241, 1294, 1242, -1,
      1242, 1294, 1295, -1,
      1242, 1295, 1243, -1,
      1243, 1295, 1296, -1,
      1243, 1296, 1244, -1,
      1244, 1296, 1297, -1,
      1244, 1297, 1245, -1,
      1245, 1297, 1298, -1,
      1245, 1298, 1246, -1,
      1246, 1298, 1299, -1,
      1246, 1299, 1247, -1,
      1247, 1299, 1300, -1,
      1247, 1300, 1248, -1,
      1248, 1300, 1301, -1,
      1248, 1301, 1249, -1,
      1249, 1301, 1302, -1,
      1249, 1302, 1250, -1,
      1250, 1302, 1303, -1,
      1250, 1303, 1251, -1,
      1251, 1303, 1304, -1,
      1251, 1304, 1252, -1,
      1252, 1304, 1305, -1,
      1252, 1305, 1253, -1,
      1253, 1305, 1306, -1,
      1253, 1306, 1254, -1,
      1254, 1306, 1307, -1,
      1254, 1307, 23, -1,
      23, 1307, 1308, -1,
      23, 1308, 122, -1,
      92, 91, 1309, -1,
      1310, 1311, 1312, -1,
      1313, 1314, 1315, -1,
      87, 86, 1316, -1,
      1317, 1318, 1319, -1,
      81, 80, 1320, -1,
      40, 39, 1321, -1,
      1322, 1323, 1324, -1,
      1325, 1326, 1327, -1,
      65, 76, 1328, -1,
      1329, 1330, 1331, -1,
      1332, 1333, 1334, -1,
      71, 70, 1335, -1,
      1336, 1337, 1338, -1,
      1339, 1340, 1341, -1,
      1342, 1343, 1344, -1,
      1345, 1346, 1347, -1,
      1348, 1349, 1350, -1,
      1351, 1352, 1353, -1,
      1354, 1355, 1356, -1,
      1357, 1358, 1359, -1,
      1360, 1361, 1362, -1,
      1363, 1364, 1365, -1,
      196, 1366, 197, -1,
      197, 1366, 1367, -1,
      197, 1367, 199, -1,
      199, 1367, 1368, -1,
      199, 1368, 193, -1,
      193, 1368, 1369, -1,
      193, 1369, 191, -1,
      191, 1369, 1370, -1,
      191, 1370, 189, -1,
      1371, 1372, 1373, -1,
      1372, 1374, 1373, -1,
      1373, 1374, 1375, -1,
      1373, 1375, 1376, -1,
      1377, 1378, 43, -1,
      43, 1378, 1379, -1,
      43, 1379, 1380, -1,
      1380, 1381, 43, -1,
      43, 1381, 1382, -1,
      43, 1382, 45, -1,
      45, 1382, 1383, -1,
      45, 1383, 46, -1,
      1373, 1362, 1371, -1,
      1371, 1362, 1361, -1,
      1371, 1361, 1384, -1,
      1384, 1361, 1385, -1,
      1365, 1364, 1386, -1,
      1364, 1387, 1386, -1,
      1386, 1387, 1388, -1,
      1386, 1388, 1389, -1,
      1389, 1388, 1390, -1,
      1389, 1390, 1360, -1,
      1360, 1390, 1391, -1,
      1360, 1391, 1361, -1,
      1361, 1391, 1392, -1,
      1361, 1392, 1385, -1,
      1365, 1393, 1394, -1,
      1363, 1365, 1395, -1,
      1395, 1365, 1394, -1,
      1395, 1394, 1396, -1,
      1397, 1398, 1399, -1,
      1399, 1398, 1400, -1,
      1399, 1400, 1394, -1,
      1394, 1400, 1401, -1,
      1394, 1401, 1396, -1,
      1402, 1403, 1352, -1,
      1403, 1404, 1352, -1,
      1352, 1404, 1405, -1,
      1352, 1405, 1397, -1,
      1351, 1406, 1407, -1,
      1407, 1408, 1351, -1,
      1351, 1408, 1409, -1,
      1351, 1409, 1352, -1,
      1352, 1409, 1410, -1,
      1352, 1410, 1402, -1,
      1370, 1411, 1355, -1,
      1355, 1411, 1412, -1,
      1355, 1412, 1413, -1,
      1397, 1399, 1352, -1,
      1352, 1399, 1414, -1,
      1352, 1414, 1353, -1,
      1393, 1415, 1394, -1,
      1394, 1415, 1416, -1,
      1394, 1416, 1399, -1,
      1399, 1416, 1417, -1,
      1399, 1417, 1414, -1,
      1376, 1377, 1373, -1,
      1373, 1377, 43, -1,
      1373, 43, 1418, -1,
      1418, 43, 1419, -1,
      1420, 1421, 1422, -1,
      1422, 1421, 1423, -1,
      1422, 1423, 1424, -1,
      1425, 1426, 1424, -1,
      1427, 1428, 1429, -1,
      1424, 1423, 1425, -1,
      1425, 1423, 1421, -1,
      1425, 1421, 1429, -1,
      1429, 1421, 1430, -1,
      1429, 1430, 1427, -1,
      1427, 1430, 1431, -1,
      1427, 1431, 1432, -1,
      1433, 1434, 1435, -1,
      1436, 1437, 1438, -1,
      1439, 1440, 1441, -1,
      1442, 1443, 1444, -1,
      1357, 1359, 1445, -1,
      1446, 1447, 185, -1,
      185, 1447, 183, -1,
      1448, 1449, 1450, -1,
      1451, 1448, 1452, -1,
      1452, 1448, 1450, -1,
      1452, 1450, 1453, -1,
      1454, 1455, 1453, -1,
      1453, 1455, 1456, -1,
      1453, 1456, 1452, -1,
      1452, 1456, 1457, -1,
      1452, 1457, 1451, -1,
      1370, 1355, 189, -1,
      189, 1355, 1354, -1,
      189, 1354, 187, -1,
      1458, 1454, 1459, -1,
      1459, 1454, 1453, -1,
      1459, 1453, 1460, -1,
      1460, 1453, 1450, -1,
      1460, 1450, 1461, -1,
      1461, 1450, 1449, -1,
      1461, 1449, 1462, -1,
      1349, 1458, 1350, -1,
      1350, 1458, 1459, -1,
      1350, 1459, 1463, -1,
      1463, 1459, 1460, -1,
      1463, 1460, 1464, -1,
      1464, 1460, 1461, -1,
      1464, 1461, 1465, -1,
      1465, 1461, 1462, -1,
      1465, 1462, 1466, -1,
      1467, 1348, 1468, -1,
      1468, 1348, 1350, -1,
      1468, 1350, 1469, -1,
      1469, 1350, 1463, -1,
      1469, 1463, 1470, -1,
      1470, 1463, 1464, -1,
      1470, 1464, 1471, -1,
      1471, 1464, 1465, -1,
      1471, 1465, 1472, -1,
      1472, 1465, 1466, -1,
      1472, 1466, 1473, -1,
      1346, 1467, 1347, -1,
      1347, 1467, 1468, -1,
      1347, 1468, 1474, -1,
      1474, 1468, 1469, -1,
      1474, 1469, 1475, -1,
      1475, 1469, 1470, -1,
      1475, 1470, 1476, -1,
      1476, 1470, 1471, -1,
      1476, 1471, 1477, -1,
      1477, 1471, 1472, -1,
      1477, 1472, 1446, -1,
      1446, 1472, 1473, -1,
      1446, 1473, 1447, -1,
      1478, 1345, 1479, -1,
      1479, 1345, 1347, -1,
      1479, 1347, 1480, -1,
      1480, 1347, 1474, -1,
      1480, 1474, 1481, -1,
      1481, 1474, 1475, -1,
      1481, 1475, 1482, -1,
      1482, 1475, 1476, -1,
      1482, 1476, 1356, -1,
      1356, 1476, 1477, -1,
      1356, 1477, 1354, -1,
      1354, 1477, 1446, -1,
      1354, 1446, 187, -1,
      187, 1446, 185, -1,
      1483, 1478, 1484, -1,
      1484, 1478, 1479, -1,
      1484, 1479, 1485, -1,
      1485, 1479, 1480, -1,
      1485, 1480, 1486, -1,
      1486, 1480, 1481, -1,
      1486, 1481, 1353, -1,
      1353, 1481, 1482, -1,
      1353, 1482, 1351, -1,
      1351, 1482, 1356, -1,
      1351, 1356, 1406, -1,
      1406, 1356, 1355, -1,
      1406, 1355, 1487, -1,
      1487, 1355, 1413, -1,
      1343, 1483, 1344, -1,
      1344, 1483, 1484, -1,
      1344, 1484, 1488, -1,
      1488, 1484, 1485, -1,
      1488, 1485, 1489, -1,
      1489, 1485, 1486, -1,
      1489, 1486, 1490, -1,
      1490, 1486, 1353, -1,
      1490, 1353, 1491, -1,
      1491, 1353, 1414, -1,
      1492, 1342, 1493, -1,
      1493, 1342, 1344, -1,
      1493, 1344, 1494, -1,
      1494, 1344, 1488, -1,
      1494, 1488, 1495, -1,
      1495, 1488, 1489, -1,
      1495, 1489, 1496, -1,
      1496, 1489, 1490, -1,
      1497, 1492, 1498, -1,
      1498, 1492, 1493, -1,
      1498, 1493, 1499, -1,
      1499, 1493, 1494, -1,
      1499, 1494, 1500, -1,
      1500, 1494, 1495, -1,
      1500, 1495, 1501, -1,
      1501, 1495, 1496, -1,
      1491, 1502, 1490, -1,
      1490, 1502, 1503, -1,
      1490, 1503, 1496, -1,
      1496, 1503, 1445, -1,
      1496, 1445, 1501, -1,
      1501, 1445, 1359, -1,
      1501, 1359, 1500, -1,
      1500, 1359, 1504, -1,
      1500, 1504, 1499, -1,
      1499, 1504, 1505, -1,
      1499, 1505, 1498, -1,
      1498, 1505, 1506, -1,
      1498, 1506, 1497, -1,
      1507, 1508, 1506, -1,
      1508, 1509, 1506, -1,
      1506, 1509, 1510, -1,
      1506, 1510, 1497, -1,
      1511, 1512, 1513, -1,
      1513, 1512, 1514, -1,
      1513, 1514, 1515, -1,
      1515, 1514, 1516, -1,
      1515, 1516, 1444, -1,
      1444, 1516, 1517, -1,
      1444, 1517, 1442, -1,
      1444, 1518, 1515, -1,
      1515, 1518, 1519, -1,
      1515, 1519, 1513, -1,
      1513, 1519, 1520, -1,
      1513, 1520, 1511, -1,
      1511, 1520, 1521, -1,
      1358, 1442, 1359, -1,
      1359, 1442, 1517, -1,
      1359, 1517, 1504, -1,
      1504, 1517, 1516, -1,
      1504, 1516, 1505, -1,
      1505, 1516, 1514, -1,
      1505, 1514, 1506, -1,
      1506, 1514, 1512, -1,
      1506, 1512, 1507, -1,
      1507, 1512, 1511, -1,
      1507, 1511, 1522, -1,
      1522, 1511, 1521, -1,
      1522, 1521, 1523, -1,
      1523, 1521, 1524, -1,
      56, 1525, 48, -1,
      48, 1525, 1431, -1,
      48, 1431, 49, -1,
      49, 1431, 1430, -1,
      49, 1430, 51, -1,
      51, 1430, 1421, -1,
      51, 1421, 52, -1,
      52, 1421, 1420, -1,
      52, 1420, 53, -1,
      53, 1420, 1419, -1,
      53, 1419, 42, -1,
      42, 1419, 43, -1,
      1526, 1524, 1527, -1,
      1527, 1524, 1521, -1,
      1527, 1521, 1528, -1,
      1528, 1521, 1520, -1,
      1528, 1520, 1529, -1,
      1529, 1520, 1519, -1,
      1529, 1519, 1530, -1,
      1530, 1519, 1518, -1,
      1531, 1526, 1532, -1,
      1532, 1526, 1527, -1,
      1532, 1527, 1533, -1,
      1533, 1527, 1528, -1,
      1533, 1528, 1534, -1,
      1534, 1528, 1529, -1,
      1534, 1529, 1441, -1,
      1441, 1529, 1530, -1,
      1441, 1530, 1439, -1,
      1439, 1530, 1518, -1,
      1439, 1518, 1535, -1,
      1535, 1518, 1444, -1,
      1535, 1444, 1536, -1,
      1536, 1444, 1443, -1,
      1340, 1531, 1341, -1,
      1341, 1531, 1532, -1,
      1341, 1532, 1537, -1,
      1537, 1532, 1533, -1,
      1537, 1533, 1538, -1,
      1538, 1533, 1534, -1,
      1538, 1534, 1438, -1,
      1438, 1534, 1441, -1,
      1438, 1441, 1436, -1,
      1436, 1441, 1440, -1,
      1539, 1339, 1540, -1,
      1540, 1339, 1341, -1,
      1540, 1341, 1541, -1,
      1541, 1341, 1537, -1,
      1541, 1537, 1542, -1,
      1542, 1537, 1538, -1,
      1542, 1538, 1543, -1,
      1543, 1538, 1438, -1,
      1543, 1438, 1544, -1,
      1544, 1438, 1437, -1,
      1437, 1433, 1544, -1,
      1544, 1433, 1435, -1,
      1544, 1435, 1543, -1,
      1543, 1435, 1545, -1,
      1543, 1545, 1542, -1,
      1542, 1545, 1546, -1,
      1542, 1546, 1541, -1,
      1541, 1546, 1547, -1,
      1541, 1547, 1540, -1,
      1540, 1547, 1548, -1,
      1540, 1548, 1539, -1,
      1549, 1550, 1548, -1,
      1548, 1550, 1551, -1,
      1548, 1551, 1539, -1,
      1552, 1549, 1553, -1,
      1553, 1549, 1548, -1,
      1553, 1548, 1554, -1,
      1554, 1548, 1547, -1,
      1554, 1547, 1555, -1,
      1555, 1547, 1546, -1,
      1555, 1546, 1556, -1,
      1556, 1546, 1545, -1,
      1556, 1545, 1557, -1,
      1557, 1545, 1435, -1,
      1557, 1435, 1525, -1,
      1525, 1435, 1434, -1,
      1525, 1434, 1431, -1,
      1431, 1434, 1558, -1,
      1431, 1558, 1432, -1,
      1559, 1552, 1560, -1,
      1560, 1552, 1553, -1,
      1560, 1553, 1561, -1,
      1561, 1553, 1554, -1,
      1561, 1554, 1562, -1,
      1562, 1554, 1555, -1,
      1562, 1555, 1563, -1,
      1563, 1555, 1556, -1,
      1563, 1556, 1564, -1,
      1564, 1556, 1557, -1,
      1564, 1557, 1565, -1,
      1565, 1557, 1525, -1,
      1565, 1525, 55, -1,
      55, 1525, 56, -1,
      1337, 1559, 1338, -1,
      1338, 1559, 1560, -1,
      1338, 1560, 1566, -1,
      1566, 1560, 1561, -1,
      1566, 1561, 1567, -1,
      1567, 1561, 1562, -1,
      1567, 1562, 1568, -1,
      1568, 1562, 1563, -1,
      1568, 1563, 1569, -1,
      1569, 1563, 1564, -1,
      1569, 1564, 1570, -1,
      1570, 1564, 1565, -1,
      1570, 1565, 54, -1,
      54, 1565, 55, -1,
      1571, 1336, 1572, -1,
      1572, 1336, 1338, -1,
      1572, 1338, 1573, -1,
      1573, 1338, 1566, -1,
      1573, 1566, 1574, -1,
      1574, 1566, 1567, -1,
      1574, 1567, 1575, -1,
      1575, 1567, 1568, -1,
      1575, 1568, 1576, -1,
      1576, 1568, 1569, -1,
      1576, 1569, 1577, -1,
      1577, 1569, 1570, -1,
      1577, 1570, 61, -1,
      61, 1570, 54, -1,
      1578, 1571, 1579, -1,
      1579, 1571, 1572, -1,
      1579, 1572, 1580, -1,
      1580, 1572, 1573, -1,
      1580, 1573, 1581, -1,
      1581, 1573, 1574, -1,
      1581, 1574, 1582, -1,
      1582, 1574, 1575, -1,
      1582, 1575, 1583, -1,
      1583, 1575, 1576, -1,
      1583, 1576, 1584, -1,
      1584, 1576, 1577, -1,
      1584, 1577, 60, -1,
      60, 1577, 61, -1,
      1333, 1578, 1334, -1,
      1334, 1578, 1579, -1,
      1334, 1579, 1585, -1,
      1585, 1579, 1580, -1,
      1585, 1580, 1586, -1,
      1586, 1580, 1581, -1,
      1586, 1581, 1587, -1,
      1587, 1581, 1582, -1,
      1587, 1582, 1588, -1,
      1588, 1582, 1583, -1,
      1588, 1583, 1589, -1,
      1589, 1583, 1584, -1,
      1589, 1584, 58, -1,
      58, 1584, 60, -1,
      1330, 1332, 1331, -1,
      1331, 1332, 1334, -1,
      1331, 1334, 1590, -1,
      1590, 1334, 1585, -1,
      1590, 1585, 1591, -1,
      1591, 1585, 1586, -1,
      1591, 1586, 1592, -1,
      1592, 1586, 1587, -1,
      1592, 1587, 1593, -1,
      1593, 1587, 1588, -1,
      1593, 1588, 1594, -1,
      1594, 1588, 1589, -1,
      1594, 1589, 57, -1,
      57, 1589, 58, -1,
      1595, 1329, 1596, -1,
      1596, 1329, 1331, -1,
      1596, 1331, 1597, -1,
      1597, 1331, 1590, -1,
      1597, 1590, 1598, -1,
      1598, 1590, 1591, -1,
      1598, 1591, 1599, -1,
      1599, 1591, 1592, -1,
      1599, 1592, 1600, -1,
      1600, 1592, 1593, -1,
      1600, 1593, 1601, -1,
      1601, 1593, 1594, -1,
      1601, 1594, 62, -1,
      62, 1594, 57, -1,
      1326, 1595, 1327, -1,
      1327, 1595, 1596, -1,
      1327, 1596, 1602, -1,
      1602, 1596, 1597, -1,
      1602, 1597, 1603, -1,
      1603, 1597, 1598, -1,
      1603, 1598, 1604, -1,
      1604, 1598, 1599, -1,
      1604, 1599, 1605, -1,
      1605, 1599, 1600, -1,
      1605, 1600, 1606, -1,
      1606, 1600, 1601, -1,
      1606, 1601, 64, -1,
      64, 1601, 62, -1,
      1607, 1325, 1608, -1,
      1608, 1325, 1327, -1,
      1608, 1327, 1609, -1,
      1609, 1327, 1602, -1,
      1609, 1602, 1610, -1,
      1610, 1602, 1603, -1,
      1610, 1603, 1611, -1,
      1611, 1603, 1604, -1,
      1611, 1604, 1612, -1,
      1612, 1604, 1605, -1,
      1612, 1605, 1335, -1,
      1335, 1605, 1606, -1,
      1335, 1606, 71, -1,
      71, 1606, 64, -1,
      1323, 1607, 1324, -1,
      1324, 1607, 1608, -1,
      1324, 1608, 1613, -1,
      1613, 1608, 1609, -1,
      1613, 1609, 1614, -1,
      1614, 1609, 1610, -1,
      1614, 1610, 1615, -1,
      1615, 1610, 1611, -1,
      1615, 1611, 1616, -1,
      1616, 1611, 1612, -1,
      1616, 1612, 1617, -1,
      1617, 1612, 1335, -1,
      1617, 1335, 69, -1,
      69, 1335, 70, -1,
      1618, 1322, 1619, -1,
      1619, 1322, 1324, -1,
      1619, 1324, 1620, -1,
      1620, 1324, 1613, -1,
      1620, 1613, 1621, -1,
      1621, 1613, 1614, -1,
      1621, 1614, 1622, -1,
      1622, 1614, 1615, -1,
      1622, 1615, 1623, -1,
      1623, 1615, 1616, -1,
      1623, 1616, 1624, -1,
      1624, 1616, 1617, -1,
      1624, 1617, 68, -1,
      68, 1617, 69, -1,
      1318, 1618, 1319, -1,
      1319, 1618, 1619, -1,
      1319, 1619, 1625, -1,
      1625, 1619, 1620, -1,
      1625, 1620, 1626, -1,
      1626, 1620, 1621, -1,
      1626, 1621, 1627, -1,
      1627, 1621, 1622, -1,
      1627, 1622, 1628, -1,
      1628, 1622, 1623, -1,
      1628, 1623, 1629, -1,
      1629, 1623, 1624, -1,
      1629, 1624, 66, -1,
      66, 1624, 68, -1,
      66, 65, 1629, -1,
      1629, 65, 1328, -1,
      1629, 1328, 1628, -1,
      1628, 1328, 1630, -1,
      1628, 1630, 1627, -1,
      1627, 1630, 1631, -1,
      1627, 1631, 1626, -1,
      1626, 1631, 1632, -1,
      1626, 1632, 1625, -1,
      1625, 1632, 1633, -1,
      1625, 1633, 1319, -1,
      1319, 1633, 1634, -1,
      1319, 1634, 1317, -1,
      1635, 1636, 1634, -1,
      1636, 1637, 1634, -1,
      1634, 1637, 1638, -1,
      1634, 1638, 1317, -1,
      75, 73, 1639, -1,
      1639, 73, 1640, -1,
      1639, 1640, 1641, -1,
      1641, 1640, 1642, -1,
      1641, 1642, 1643, -1,
      1643, 1642, 1644, -1,
      1643, 1644, 1645, -1,
      1645, 1644, 1646, -1,
      1645, 1646, 1647, -1,
      1647, 1646, 1648, -1,
      1647, 1648, 1649, -1,
      1649, 1648, 1650, -1,
      76, 75, 1328, -1,
      1328, 75, 1639, -1,
      1328, 1639, 1630, -1,
      1630, 1639, 1641, -1,
      1630, 1641, 1631, -1,
      1631, 1641, 1643, -1,
      1631, 1643, 1632, -1,
      1632, 1643, 1645, -1,
      1632, 1645, 1633, -1,
      1633, 1645, 1647, -1,
      1633, 1647, 1634, -1,
      1634, 1647, 1649, -1,
      1634, 1649, 1635, -1,
      1635, 1649, 1650, -1,
      1635, 1650, 1651, -1,
      1651, 1650, 1652, -1,
      1314, 1652, 1315, -1,
      1315, 1652, 1650, -1,
      1315, 1650, 1653, -1,
      1653, 1650, 1648, -1,
      1653, 1648, 1654, -1,
      1654, 1648, 1646, -1,
      1654, 1646, 1655, -1,
      1655, 1646, 1644, -1,
      1655, 1644, 1656, -1,
      1656, 1644, 1642, -1,
      1656, 1642, 1657, -1,
      1657, 1642, 1640, -1,
      1657, 1640, 72, -1,
      72, 1640, 73, -1,
      1658, 1313, 1659, -1,
      1659, 1313, 1315, -1,
      1659, 1315, 1660, -1,
      1660, 1315, 1653, -1,
      1660, 1653, 1661, -1,
      1661, 1653, 1654, -1,
      1661, 1654, 1662, -1,
      1662, 1654, 1655, -1,
      1662, 1655, 1663, -1,
      1663, 1655, 1656, -1,
      1663, 1656, 1321, -1,
      1321, 1656, 1657, -1,
      1321, 1657, 40, -1,
      40, 1657, 72, -1,
      1664, 1658, 1665, -1,
      1665, 1658, 1659, -1,
      1665, 1659, 1666, -1,
      1666, 1659, 1660, -1,
      1666, 1660, 1667, -1,
      1667, 1660, 1661, -1,
      1667, 1661, 1668, -1,
      1668, 1661, 1662, -1,
      1668, 1662, 1669, -1,
      1669, 1662, 1663, -1,
      1669, 1663, 1320, -1,
      1320, 1663, 1321, -1,
      1320, 1321, 81, -1,
      81, 1321, 39, -1,
      1670, 83, 82, -1,
      80, 78, 1320, -1,
      1320, 78, 1671, -1,
      1320, 1671, 1669, -1,
      1669, 1671, 1672, -1,
      1669, 1672, 1668, -1,
      1668, 1672, 1673, -1,
      1668, 1673, 1667, -1,
      1667, 1673, 1674, -1,
      1667, 1674, 1666, -1,
      1666, 1674, 1675, -1,
      1666, 1675, 1665, -1,
      1665, 1675, 1676, -1,
      1665, 1676, 1664, -1,
      1677, 1311, 1678, -1,
      1678, 1311, 1310, -1,
      1678, 1310, 1670, -1,
      86, 85, 1316, -1,
      1316, 85, 1679, -1,
      1316, 1679, 1680, -1,
      1680, 1679, 1681, -1,
      1680, 1681, 1682, -1,
      1682, 1681, 1683, -1,
      1682, 1683, 1684, -1,
      1684, 1683, 1685, -1,
      1684, 1685, 1686, -1,
      1687, 1688, 1676, -1,
      1688, 1689, 1676, -1,
      1676, 1689, 1690, -1,
      1676, 1690, 1664, -1,
      1670, 82, 1678, -1,
      1678, 82, 37, -1,
      1678, 37, 1677, -1,
      1677, 37, 36, -1,
      1677, 36, 92, -1,
      92, 1309, 1677, -1,
      1677, 1309, 1691, -1,
      1677, 1691, 1311, -1,
      1311, 1691, 1692, -1,
      1311, 1692, 1312, -1,
      1312, 1692, 1693, -1,
      1312, 1693, 1694, -1,
      85, 83, 1679, -1,
      1679, 83, 1670, -1,
      1679, 1670, 1681, -1,
      1681, 1670, 1310, -1,
      1681, 1310, 1683, -1,
      1683, 1310, 1312, -1,
      1683, 1312, 1685, -1,
      1685, 1312, 1694, -1,
      1694, 1695, 1685, -1,
      1685, 1695, 1696, -1,
      1685, 1696, 1686, -1,
      1686, 1696, 1697, -1,
      1686, 1697, 1698, -1,
      77, 87, 1699, -1,
      1699, 87, 1316, -1,
      1699, 1316, 1700, -1,
      1700, 1316, 1680, -1,
      1700, 1680, 1701, -1,
      1701, 1680, 1682, -1,
      1701, 1682, 1702, -1,
      1702, 1682, 1684, -1,
      1702, 1684, 1703, -1,
      1703, 1684, 1686, -1,
      1703, 1686, 1704, -1,
      1704, 1686, 1698, -1,
      1704, 1698, 1705, -1,
      78, 77, 1671, -1,
      1671, 77, 1699, -1,
      1671, 1699, 1672, -1,
      1672, 1699, 1700, -1,
      1672, 1700, 1673, -1,
      1673, 1700, 1701, -1,
      1673, 1701, 1674, -1,
      1674, 1701, 1702, -1,
      1674, 1702, 1675, -1,
      1675, 1702, 1703, -1,
      1675, 1703, 1676, -1,
      1676, 1703, 1704, -1,
      1676, 1704, 1687, -1,
      1687, 1704, 1705, -1,
      1687, 1705, 1706, -1,
      16, 1707, 17, -1,
      17, 1707, 1708, -1,
      1709, 202, 1708, -1,
      1708, 202, 201, -1,
      1708, 201, 17, -1,
      198, 1710, 178, -1,
      178, 1710, 1711, -1,
      178, 1711, 179, -1,
      179, 1711, 1712, -1,
      392, 394, 1713, -1,
      1713, 394, 1714, -1,
      1714, 394, 396, -1,
      1714, 396, 1715, -1,
      1715, 396, 398, -1,
      1715, 398, 1716, -1,
      1716, 398, 400, -1,
      1716, 400, 1717, -1,
      1717, 400, 402, -1,
      1717, 402, 1718, -1,
      1718, 402, 404, -1,
      1718, 404, 1719, -1,
      1719, 404, 406, -1,
      1719, 406, 1720, -1,
      1713, 1721, 392, -1,
      392, 1721, 1722, -1,
      392, 1722, 390, -1,
      390, 1722, 1723, -1,
      390, 1723, 388, -1,
      388, 1723, 1724, -1,
      388, 1724, 386, -1,
      386, 1724, 1725, -1,
      386, 1725, 384, -1,
      1725, 1726, 384, -1,
      384, 1726, 1727, -1,
      384, 1727, 382, -1,
      382, 1727, 1728, -1,
      382, 1728, 380, -1,
      380, 1728, 1729, -1,
      380, 1729, 378, -1,
      1720, 406, 1730, -1,
      1730, 406, 408, -1,
      1730, 408, 1731, -1,
      1731, 408, 410, -1,
      1731, 410, 1732, -1,
      1732, 410, 412, -1,
      1732, 412, 1733, -1,
      1733, 412, 414, -1,
      1733, 414, 1734, -1,
      1734, 414, 416, -1,
      1734, 416, 1735, -1,
      1735, 416, 418, -1,
      1735, 418, 1736, -1,
      1736, 418, 420, -1,
      1736, 420, 1737, -1,
      1737, 420, 422, -1,
      1737, 422, 1738, -1,
      1738, 422, 424, -1,
      1738, 424, 1739, -1,
      1739, 424, 426, -1,
      1739, 426, 1740, -1,
      1729, 1741, 378, -1,
      378, 1741, 1742, -1,
      378, 1742, 376, -1,
      376, 1742, 1743, -1,
      376, 1743, 374, -1,
      374, 1743, 1744, -1,
      374, 1744, 372, -1,
      372, 1744, 1745, -1,
      372, 1745, 370, -1,
      370, 1745, 1746, -1,
      370, 1746, 368, -1,
      368, 1746, 1747, -1,
      368, 1747, 366, -1,
      366, 1747, 1748, -1,
      366, 1748, 364, -1,
      364, 1748, 1749, -1,
      364, 1749, 362, -1,
      362, 1749, 1750, -1,
      362, 1750, 360, -1,
      360, 1750, 1751, -1,
      360, 1751, 358, -1,
      358, 1751, 1752, -1,
      358, 1752, 356, -1,
      426, 428, 1740, -1,
      1740, 428, 430, -1,
      1740, 430, 1753, -1,
      1753, 430, 432, -1,
      1753, 432, 1754, -1,
      356, 1752, 354, -1,
      354, 1752, 1755, -1,
      354, 1755, 352, -1,
      445, 446, 1756, -1,
      346, 348, 1757, -1,
      445, 1756, 444, -1,
      432, 434, 1754, -1,
      1754, 434, 436, -1,
      1754, 436, 1758, -1,
      1757, 348, 1755, -1,
      1755, 348, 350, -1,
      1755, 350, 352, -1,
      436, 438, 1758, -1,
      1758, 438, 440, -1,
      1758, 440, 1756, -1,
      1756, 440, 442, -1,
      1756, 442, 444, -1,
      303, 340, 1759, -1,
      1759, 340, 342, -1,
      1759, 342, 1757, -1,
      1757, 342, 344, -1,
      1757, 344, 346, -1,
      1281, 1280, 1760, -1,
      1760, 1280, 1761, -1,
      1761, 1280, 1279, -1,
      1761, 1279, 1762, -1,
      1762, 1279, 1278, -1,
      1762, 1278, 1763, -1,
      1763, 1278, 1277, -1,
      1763, 1277, 1764, -1,
      1764, 1277, 1276, -1,
      1764, 1276, 1765, -1,
      1765, 1276, 1275, -1,
      1765, 1275, 1766, -1,
      1766, 1275, 1274, -1,
      1766, 1274, 1767, -1,
      1760, 1768, 1281, -1,
      1281, 1768, 1769, -1,
      1281, 1769, 1282, -1,
      1282, 1769, 1770, -1,
      1282, 1770, 1283, -1,
      1283, 1770, 1771, -1,
      1283, 1771, 1284, -1,
      1284, 1771, 1772, -1,
      1284, 1772, 1285, -1,
      1772, 1773, 1285, -1,
      1285, 1773, 1774, -1,
      1285, 1774, 1286, -1,
      1286, 1774, 1775, -1,
      1286, 1775, 1287, -1,
      1287, 1775, 1776, -1,
      1287, 1776, 1288, -1,
      1767, 1274, 1777, -1,
      1777, 1274, 1273, -1,
      1777, 1273, 1778, -1,
      1778, 1273, 1272, -1,
      1778, 1272, 1779, -1,
      1779, 1272, 1271, -1,
      1779, 1271, 1780, -1,
      1780, 1271, 1270, -1,
      1780, 1270, 1781, -1,
      1781, 1270, 1269, -1,
      1781, 1269, 1782, -1,
      1782, 1269, 1268, -1,
      1782, 1268, 1783, -1,
      1783, 1268, 1267, -1,
      1783, 1267, 1784, -1,
      1784, 1267, 1266, -1,
      1784, 1266, 1785, -1,
      1785, 1266, 1265, -1,
      1785, 1265, 1786, -1,
      1786, 1265, 1264, -1,
      1786, 1264, 1787, -1,
      1776, 1788, 1288, -1,
      1288, 1788, 1789, -1,
      1288, 1789, 1289, -1,
      1289, 1789, 1790, -1,
      1289, 1790, 1290, -1,
      1290, 1790, 1791, -1,
      1290, 1791, 1291, -1,
      1291, 1791, 1792, -1,
      1291, 1792, 1292, -1,
      1292, 1792, 1793, -1,
      1292, 1793, 1293, -1,
      1293, 1793, 1794, -1,
      1293, 1794, 1294, -1,
      1294, 1794, 1795, -1,
      1294, 1795, 1295, -1,
      1295, 1795, 1796, -1,
      1295, 1796, 1296, -1,
      1296, 1796, 1797, -1,
      1296, 1797, 1297, -1,
      1297, 1797, 1798, -1,
      1297, 1798, 1298, -1,
      1298, 1798, 1799, -1,
      1298, 1799, 1299, -1,
      1264, 1263, 1787, -1,
      1787, 1263, 1262, -1,
      1787, 1262, 1800, -1,
      1800, 1262, 1261, -1,
      1800, 1261, 1801, -1,
      1299, 1799, 1300, -1,
      1300, 1799, 1802, -1,
      1300, 1802, 1301, -1,
      20, 19, 1803, -1,
      20, 1803, 1255, -1,
      1261, 1260, 1801, -1,
      1801, 1260, 1259, -1,
      1801, 1259, 1804, -1,
      1259, 1258, 1804, -1,
      1804, 1258, 1257, -1,
      1804, 1257, 1803, -1,
      1803, 1257, 1256, -1,
      1803, 1256, 1255, -1,
      1308, 1307, 1805, -1,
      1805, 1307, 1306, -1,
      1805, 1306, 1806, -1,
      1806, 1306, 1305, -1,
      1305, 1304, 1806, -1,
      1806, 1304, 1303, -1,
      1806, 1303, 1802, -1,
      1802, 1303, 1302, -1,
      1802, 1302, 1301, -1,
      1807, 1808, 1809, -1,
      1810, 1811, 1812, -1,
      1813, 1814, 1815, -1,
      1816, 1817, 1818, -1,
      1819, 1820, 1821, -1,
      1822, 1823, 1824, -1,
      1825, 1826, 1827, -1,
      1828, 1829, 1830, -1,
      1343, 1342, 1831, -1,
      1323, 1322, 1832, -1,
      1637, 1636, 1807, -1,
      1314, 1313, 1808, -1,
      1690, 1689, 1833, -1,
      1833, 1689, 1688, -1,
      1834, 1835, 1836, -1,
      1837, 1838, 1839, -1,
      1840, 1841, 1842, -1,
      1842, 1841, 1843, -1,
      1844, 1845, 1846, -1,
      1847, 1848, 1849, -1,
      1850, 1851, 1852, -1,
      1846, 1853, 1854, -1,
      1854, 1853, 1855, -1,
      1854, 1855, 1856, -1,
      1845, 1857, 1846, -1,
      1846, 1857, 1858, -1,
      1846, 1858, 1853, -1,
      1853, 1858, 1859, -1,
      1853, 1859, 1855, -1,
      1860, 1861, 1862, -1,
      1862, 1861, 1863, -1,
      1862, 1863, 1864, -1,
      1865, 1866, 1863, -1,
      1863, 1866, 1867, -1,
      1863, 1867, 1864, -1,
      1868, 1869, 1870, -1,
      1837, 1839, 1871, -1,
      1811, 1872, 1873, -1,
      1810, 1687, 1811, -1,
      1811, 1687, 1706, -1,
      1811, 1706, 1872, -1,
      1808, 1313, 1809, -1,
      1809, 1313, 1658, -1,
      1809, 1658, 1664, -1,
      1636, 1635, 1807, -1,
      1807, 1635, 1651, -1,
      1807, 1651, 1808, -1,
      1808, 1651, 1652, -1,
      1808, 1652, 1314, -1,
      1318, 1317, 1874, -1,
      1832, 1322, 1874, -1,
      1874, 1322, 1618, -1,
      1874, 1618, 1318, -1,
      1875, 1325, 1832, -1,
      1832, 1325, 1607, -1,
      1832, 1607, 1323, -1,
      1329, 1595, 1875, -1,
      1875, 1595, 1326, -1,
      1875, 1326, 1325, -1,
      1330, 1876, 1332, -1,
      1332, 1876, 1877, -1,
      1332, 1877, 1333, -1,
      1333, 1877, 1578, -1,
      1878, 1336, 1877, -1,
      1877, 1336, 1571, -1,
      1877, 1571, 1578, -1,
      1552, 1559, 1878, -1,
      1878, 1559, 1337, -1,
      1878, 1337, 1336, -1,
      1551, 1550, 1879, -1,
      1879, 1550, 1549, -1,
      1879, 1549, 1880, -1,
      1531, 1340, 1881, -1,
      1881, 1340, 1339, -1,
      1881, 1339, 1879, -1,
      1879, 1339, 1539, -1,
      1879, 1539, 1551, -1,
      1507, 1522, 1882, -1,
      1522, 1523, 1882, -1,
      1882, 1523, 1524, -1,
      1882, 1524, 1881, -1,
      1881, 1524, 1526, -1,
      1881, 1526, 1531, -1,
      1510, 1509, 1883, -1,
      1883, 1509, 1508, -1,
      1883, 1508, 1884, -1,
      1831, 1342, 1885, -1,
      1885, 1342, 1492, -1,
      1885, 1492, 1497, -1,
      1886, 1345, 1478, -1,
      1886, 1478, 1831, -1,
      1831, 1478, 1483, -1,
      1831, 1483, 1343, -1,
      1887, 1467, 1886, -1,
      1886, 1467, 1346, -1,
      1886, 1346, 1345, -1,
      1457, 1456, 1888, -1,
      1888, 1456, 1455, -1,
      1888, 1455, 1889, -1,
      1889, 1455, 1454, -1,
      1454, 1458, 1889, -1,
      1889, 1458, 1349, -1,
      1889, 1349, 1887, -1,
      1887, 1349, 1348, -1,
      1887, 1348, 1467, -1,
      1890, 1891, 1892, -1,
      1892, 1891, 1451, -1,
      1829, 1893, 1894, -1,
      1895, 1896, 1828, -1,
      1897, 1898, 1899, -1,
      1899, 1898, 1896, -1,
      1897, 1899, 1900, -1,
      1900, 1899, 1901, -1,
      1900, 1901, 1902, -1,
      1903, 1904, 1905, -1,
      1905, 1904, 1906, -1,
      1905, 1906, 1902, -1,
      1907, 1908, 1903, -1,
      1909, 1910, 1911, -1,
      1912, 1913, 1910, -1,
      1914, 1915, 1916, -1,
      1917, 1918, 1914, -1,
      1914, 1918, 1919, -1,
      1914, 1919, 1915, -1,
      1920, 1921, 1827, -1,
      1827, 1921, 1922, -1,
      1827, 1922, 1825, -1,
      1923, 1924, 1925, -1,
      1926, 1927, 1928, -1,
      1929, 1930, 1928, -1,
      1928, 1930, 1931, -1,
      1928, 1931, 1926, -1,
      1932, 1933, 1934, -1,
      1934, 1933, 1935, -1,
      1934, 1935, 1936, -1,
      1936, 1935, 1937, -1,
      1936, 1937, 1938, -1,
      1932, 1934, 1939, -1,
      1939, 1934, 1940, -1,
      1939, 1940, 1941, -1,
      1941, 1940, 1942, -1,
      1941, 1942, 1943, -1,
      1943, 1942, 1944, -1,
      1944, 1942, 1945, -1,
      1944, 1945, 1946, -1,
      1946, 1945, 1947, -1,
      1947, 1945, 1948, -1,
      1947, 1948, 1949, -1,
      1949, 1948, 1950, -1,
      1950, 1948, 1951, -1,
      1950, 1951, 1952, -1,
      1952, 1951, 1953, -1,
      1953, 1951, 1954, -1,
      1953, 1954, 1955, -1,
      1955, 1954, 1956, -1,
      1956, 1954, 1957, -1,
      1956, 1957, 1958, -1,
      1958, 1957, 1959, -1,
      1959, 1957, 1960, -1,
      1959, 1960, 1961, -1,
      1962, 1963, 1964, -1,
      1964, 1965, 1962, -1,
      1962, 1965, 1966, -1,
      1962, 1966, 1960, -1,
      1960, 1966, 1967, -1,
      1960, 1967, 1961, -1,
      1968, 1969, 1970, -1,
      1970, 1971, 1968, -1,
      1968, 1971, 1972, -1,
      1968, 1972, 1963, -1,
      1963, 1972, 1973, -1,
      1963, 1973, 1964, -1,
      1974, 1975, 1976, -1,
      1976, 1975, 1977, -1,
      1976, 1977, 1969, -1,
      1969, 1977, 1978, -1,
      1969, 1978, 1970, -1,
      1979, 1980, 1981, -1,
      1981, 1980, 1982, -1,
      1983, 1984, 1981, -1,
      1981, 1984, 1985, -1,
      1981, 1985, 1979, -1,
      1986, 1987, 1983, -1,
      1983, 1987, 1988, -1,
      1983, 1988, 1984, -1,
      1989, 1990, 1986, -1,
      1986, 1990, 1991, -1,
      1986, 1991, 1987, -1,
      1992, 1993, 1989, -1,
      1989, 1993, 1994, -1,
      1989, 1994, 1990, -1,
      1995, 1996, 1992, -1,
      1992, 1996, 1997, -1,
      1992, 1997, 1993, -1,
      1998, 1999, 1995, -1,
      1995, 1999, 2000, -1,
      1995, 2000, 1996, -1,
      2001, 2002, 1998, -1,
      1998, 2002, 2003, -1,
      1998, 2003, 1999, -1,
      2004, 2005, 2001, -1,
      2001, 2005, 2006, -1,
      2001, 2006, 2002, -1,
      2007, 2008, 2004, -1,
      2004, 2008, 2009, -1,
      2004, 2009, 2005, -1,
      2010, 2011, 2007, -1,
      2007, 2011, 2012, -1,
      2007, 2012, 2008, -1,
      2013, 2014, 2010, -1,
      2010, 2014, 2015, -1,
      2010, 2015, 2011, -1,
      2016, 2017, 2013, -1,
      2013, 2017, 2018, -1,
      2013, 2018, 2014, -1,
      2019, 2020, 2016, -1,
      2016, 2020, 2021, -1,
      2016, 2021, 2017, -1,
      2022, 2023, 2019, -1,
      2019, 2023, 2024, -1,
      2019, 2024, 2020, -1,
      2025, 2026, 2022, -1,
      2022, 2026, 2027, -1,
      2022, 2027, 2023, -1,
      2028, 2029, 2025, -1,
      2025, 2029, 2030, -1,
      2025, 2030, 2026, -1,
      1926, 2031, 1927, -1,
      1927, 2031, 2032, -1,
      1927, 2032, 2028, -1,
      2028, 2032, 2033, -1,
      2028, 2033, 2029, -1,
      2034, 1854, 1849, -1,
      1849, 1854, 1856, -1,
      1849, 1856, 1847, -1,
      2035, 2036, 2037, -1,
      2037, 2036, 2038, -1,
      2037, 2038, 2039, -1,
      2039, 2038, 1824, -1,
      2039, 1824, 1920, -1,
      1920, 1824, 1823, -1,
      1920, 1823, 1921, -1,
      2040, 2041, 2042, -1,
      2042, 2041, 2043, -1,
      2042, 2043, 2044, -1,
      2044, 2043, 2045, -1,
      2044, 2045, 2046, -1,
      2046, 2045, 2047, -1,
      2046, 2047, 2048, -1,
      2048, 2047, 2049, -1,
      2048, 2049, 2050, -1,
      2050, 2049, 1917, -1,
      2050, 1917, 2051, -1,
      2051, 1917, 1914, -1,
      2051, 1914, 1912, -1,
      1912, 1914, 1916, -1,
      1912, 1916, 1913, -1,
      1869, 1865, 1870, -1,
      1870, 1865, 1863, -1,
      1870, 1863, 2052, -1,
      2052, 1863, 1861, -1,
      2052, 1861, 2053, -1,
      2054, 2055, 2056, -1,
      2054, 2056, 2057, -1,
      2057, 2056, 2058, -1,
      2057, 2058, 2059, -1,
      2059, 2058, 2060, -1,
      2059, 2060, 2061, -1,
      2061, 2060, 2062, -1,
      2061, 2062, 2063, -1,
      2063, 2062, 2064, -1,
      2063, 2064, 2065, -1,
      2065, 2064, 2066, -1,
      2065, 2066, 2067, -1,
      2067, 2066, 1909, -1,
      2067, 1909, 2068, -1,
      2068, 1909, 1911, -1,
      2068, 1911, 1907, -1,
      1907, 1911, 2069, -1,
      1907, 2069, 1908, -1,
      1843, 2070, 1842, -1,
      1842, 2070, 1839, -1,
      1842, 1839, 1840, -1,
      1840, 1839, 1838, -1,
      1664, 1690, 1809, -1,
      1809, 1690, 1833, -1,
      1809, 1833, 1810, -1,
      1810, 1833, 1688, -1,
      1810, 1688, 1687, -1,
      1848, 2071, 1849, -1,
      1849, 2071, 1850, -1,
      1849, 1850, 2034, -1,
      2034, 1850, 1852, -1,
      2034, 1852, 2072, -1,
      2073, 2074, 2075, -1,
      2076, 2077, 2078, -1,
      2079, 2080, 2081, -1,
      2081, 2082, 2083, -1,
      2083, 2082, 2084, -1,
      2084, 2085, 2036, -1,
      2036, 2085, 1923, -1,
      2036, 1923, 2038, -1,
      2038, 1923, 1925, -1,
      2038, 1925, 1824, -1,
      1824, 1925, 2086, -1,
      1824, 2086, 1822, -1,
      1860, 2087, 1861, -1,
      1861, 2087, 1844, -1,
      1861, 1844, 2053, -1,
      2053, 1844, 1846, -1,
      2053, 1846, 2088, -1,
      2088, 1846, 1854, -1,
      2088, 1854, 2089, -1,
      2089, 1854, 2034, -1,
      2089, 2034, 2073, -1,
      2073, 2034, 2072, -1,
      2073, 2072, 2074, -1,
      2041, 2035, 2043, -1,
      2043, 2035, 2037, -1,
      2043, 2037, 2045, -1,
      2045, 2037, 2039, -1,
      2045, 2039, 2047, -1,
      2047, 2039, 1920, -1,
      2047, 1920, 2049, -1,
      2049, 1920, 1827, -1,
      2049, 1827, 1917, -1,
      1917, 1827, 1826, -1,
      1917, 1826, 1918, -1,
      1843, 1868, 2070, -1,
      2070, 1868, 1870, -1,
      2070, 1870, 2090, -1,
      2090, 1870, 2052, -1,
      2090, 2052, 2091, -1,
      2091, 2052, 2053, -1,
      2091, 2053, 2092, -1,
      2092, 2053, 2088, -1,
      2092, 2088, 2093, -1,
      2093, 2088, 2089, -1,
      2093, 2089, 2094, -1,
      2094, 2089, 2073, -1,
      2094, 2073, 2076, -1,
      2076, 2073, 2075, -1,
      2076, 2075, 2077, -1,
      1910, 1909, 1912, -1,
      1912, 1909, 2066, -1,
      1912, 2066, 2051, -1,
      2051, 2066, 2064, -1,
      2051, 2064, 2050, -1,
      2050, 2064, 2062, -1,
      2050, 2062, 2048, -1,
      2048, 2062, 2060, -1,
      2048, 2060, 2046, -1,
      2046, 2060, 2058, -1,
      2046, 2058, 2044, -1,
      2044, 2058, 2056, -1,
      2044, 2056, 2042, -1,
      2042, 2056, 2055, -1,
      2042, 2055, 2040, -1,
      1835, 1871, 1836, -1,
      1836, 1871, 1839, -1,
      1836, 1839, 2095, -1,
      2095, 1839, 2070, -1,
      2095, 2070, 2096, -1,
      2096, 2070, 2090, -1,
      2096, 2090, 2097, -1,
      2097, 2090, 2091, -1,
      2097, 2091, 2098, -1,
      2098, 2091, 2092, -1,
      2098, 2092, 2099, -1,
      2099, 2092, 2093, -1,
      2099, 2093, 2100, -1,
      2100, 2093, 2094, -1,
      2100, 2094, 2101, -1,
      2101, 2094, 2076, -1,
      2101, 2076, 1813, -1,
      1813, 2076, 2078, -1,
      1813, 2078, 1814, -1,
      2102, 2103, 2104, -1,
      2104, 2103, 2105, -1,
      2104, 2105, 2106, -1,
      2106, 2105, 2107, -1,
      2106, 2107, 2108, -1,
      2108, 2107, 2109, -1,
      2108, 2109, 2110, -1,
      2110, 2109, 2111, -1,
      2110, 2111, 2112, -1,
      2112, 2111, 2113, -1,
      2112, 2113, 2114, -1,
      2114, 2113, 2115, -1,
      2114, 2115, 2116, -1,
      1903, 1905, 1907, -1,
      1907, 1905, 2102, -1,
      1907, 2102, 2068, -1,
      2068, 2102, 2104, -1,
      2068, 2104, 2067, -1,
      2067, 2104, 2106, -1,
      2067, 2106, 2065, -1,
      2065, 2106, 2108, -1,
      2065, 2108, 2063, -1,
      2063, 2108, 2110, -1,
      2063, 2110, 2061, -1,
      2061, 2110, 2112, -1,
      2061, 2112, 2059, -1,
      2059, 2112, 2114, -1,
      2059, 2114, 2057, -1,
      2057, 2114, 2116, -1,
      2057, 2116, 2054, -1,
      2117, 2118, 2119, -1,
      2119, 2118, 2120, -1,
      2119, 2120, 2121, -1,
      2121, 2120, 2122, -1,
      2121, 2122, 2123, -1,
      1902, 1901, 1905, -1,
      1905, 1901, 2124, -1,
      1905, 2124, 2102, -1,
      2102, 2124, 2125, -1,
      2102, 2125, 2103, -1,
      2103, 2125, 2126, -1,
      2103, 2126, 2105, -1,
      2105, 2126, 2127, -1,
      2105, 2127, 2107, -1,
      2107, 2127, 2117, -1,
      2107, 2117, 2109, -1,
      2109, 2117, 2119, -1,
      2109, 2119, 2111, -1,
      2111, 2119, 2121, -1,
      2111, 2121, 2113, -1,
      2113, 2121, 2123, -1,
      2113, 2123, 2115, -1,
      1873, 2128, 1811, -1,
      1811, 2128, 1834, -1,
      1811, 1834, 1812, -1,
      1812, 1834, 1836, -1,
      1812, 1836, 2129, -1,
      2129, 1836, 2095, -1,
      2129, 2095, 2130, -1,
      2130, 2095, 2096, -1,
      2130, 2096, 2131, -1,
      2131, 2096, 2097, -1,
      2131, 2097, 2132, -1,
      2132, 2097, 2098, -1,
      2132, 2098, 2133, -1,
      2133, 2098, 2099, -1,
      2133, 2099, 2134, -1,
      2134, 2099, 2100, -1,
      2134, 2100, 2135, -1,
      2135, 2100, 2101, -1,
      2135, 2101, 2136, -1,
      2136, 2101, 1813, -1,
      2136, 1813, 2137, -1,
      2137, 1813, 1815, -1,
      2137, 1815, 2138, -1,
      2139, 1817, 2140, -1,
      2140, 1817, 1816, -1,
      2140, 1816, 2141, -1,
      2142, 2139, 2143, -1,
      2143, 2139, 2140, -1,
      2143, 2140, 2144, -1,
      2144, 2140, 2141, -1,
      2144, 2141, 2145, -1,
      2146, 2142, 2147, -1,
      2147, 2142, 2143, -1,
      2147, 2143, 2148, -1,
      2148, 2143, 2144, -1,
      2148, 2144, 2149, -1,
      2149, 2144, 2145, -1,
      2149, 2145, 1821, -1,
      1821, 1820, 2149, -1,
      2149, 1820, 2150, -1,
      2149, 2150, 2148, -1,
      2148, 2150, 2151, -1,
      2148, 2151, 2147, -1,
      2147, 2151, 2152, -1,
      2147, 2152, 2146, -1,
      2153, 2152, 2154, -1,
      2154, 2152, 2151, -1,
      2154, 2151, 2155, -1,
      2155, 2151, 2150, -1,
      2155, 2150, 2156, -1,
      2156, 2150, 1820, -1,
      2156, 1820, 2157, -1,
      2157, 1820, 1819, -1,
      2157, 1819, 2158, -1,
      2159, 2153, 2160, -1,
      2160, 2153, 2154, -1,
      2160, 2154, 2161, -1,
      2161, 2154, 2155, -1,
      2161, 2155, 2162, -1,
      2162, 2155, 2156, -1,
      2162, 2156, 2163, -1,
      2163, 2156, 2157, -1,
      2163, 2157, 2164, -1,
      2164, 2157, 2158, -1,
      2164, 2158, 2165, -1,
      1896, 1895, 1899, -1,
      1899, 1895, 2166, -1,
      1899, 2166, 1901, -1,
      1901, 2166, 2167, -1,
      1901, 2167, 2124, -1,
      2124, 2167, 2168, -1,
      2124, 2168, 2125, -1,
      2125, 2168, 2169, -1,
      2125, 2169, 2126, -1,
      2126, 2169, 2170, -1,
      2126, 2170, 2127, -1,
      2127, 2170, 2171, -1,
      2127, 2171, 2117, -1,
      2117, 2171, 2172, -1,
      2117, 2172, 2118, -1,
      2118, 2172, 2173, -1,
      2118, 2173, 2120, -1,
      2120, 2173, 2174, -1,
      2120, 2174, 2122, -1,
      1828, 1830, 1895, -1,
      1895, 1830, 2175, -1,
      1895, 2175, 2166, -1,
      2166, 2175, 2176, -1,
      2166, 2176, 2167, -1,
      2167, 2176, 2177, -1,
      2167, 2177, 2168, -1,
      2168, 2177, 2178, -1,
      2168, 2178, 2169, -1,
      2169, 2178, 2179, -1,
      2169, 2179, 2170, -1,
      2170, 2179, 2180, -1,
      2170, 2180, 2171, -1,
      2171, 2180, 2181, -1,
      2171, 2181, 2172, -1,
      2172, 2181, 2182, -1,
      2172, 2182, 2173, -1,
      2173, 2182, 2183, -1,
      2173, 2183, 2174, -1,
      1317, 1638, 1874, -1,
      1874, 1638, 1637, -1,
      1874, 1637, 2184, -1,
      2184, 1637, 1807, -1,
      2184, 1807, 2185, -1,
      2185, 1807, 1809, -1,
      2185, 1809, 2186, -1,
      2186, 1809, 1810, -1,
      2186, 1810, 2187, -1,
      2187, 1810, 1812, -1,
      2187, 1812, 2188, -1,
      2188, 1812, 2129, -1,
      2188, 2129, 2189, -1,
      2189, 2129, 2130, -1,
      2189, 2130, 2190, -1,
      2190, 2130, 2131, -1,
      2190, 2131, 2191, -1,
      2191, 2131, 2132, -1,
      2191, 2132, 2192, -1,
      2192, 2132, 2133, -1,
      2192, 2133, 2193, -1,
      2193, 2133, 2134, -1,
      2193, 2134, 2194, -1,
      2194, 2134, 2135, -1,
      2194, 2135, 2195, -1,
      2195, 2135, 2136, -1,
      2195, 2136, 2196, -1,
      2196, 2136, 2137, -1,
      2196, 2137, 2079, -1,
      2079, 2137, 2138, -1,
      2079, 2138, 2080, -1,
      2197, 1818, 2198, -1,
      2198, 1818, 1817, -1,
      2198, 1817, 2199, -1,
      2199, 1817, 2139, -1,
      2199, 2139, 2200, -1,
      2200, 2139, 2142, -1,
      2200, 2142, 2201, -1,
      2201, 2142, 2146, -1,
      2201, 2146, 2202, -1,
      2202, 2146, 2152, -1,
      2202, 2152, 2203, -1,
      2203, 2152, 2153, -1,
      2203, 2153, 2204, -1,
      2204, 2153, 2159, -1,
      2204, 2159, 2205, -1,
      1829, 1894, 1830, -1,
      1830, 1894, 2206, -1,
      1830, 2206, 2175, -1,
      2175, 2206, 2207, -1,
      2175, 2207, 2176, -1,
      2176, 2207, 2208, -1,
      2176, 2208, 2177, -1,
      2177, 2208, 2209, -1,
      2177, 2209, 2178, -1,
      2178, 2209, 2210, -1,
      2178, 2210, 2179, -1,
      2179, 2210, 2211, -1,
      2179, 2211, 2180, -1,
      2180, 2211, 2212, -1,
      2180, 2212, 2181, -1,
      2181, 2212, 2213, -1,
      2181, 2213, 2182, -1,
      2182, 2213, 2214, -1,
      2182, 2214, 2183, -1,
      2215, 2197, 2216, -1,
      2216, 2197, 2198, -1,
      2216, 2198, 2217, -1,
      2217, 2198, 2199, -1,
      2217, 2199, 2218, -1,
      2218, 2199, 2200, -1,
      2218, 2200, 2219, -1,
      2219, 2200, 2201, -1,
      2219, 2201, 2220, -1,
      2220, 2201, 2202, -1,
      2220, 2202, 2221, -1,
      2221, 2202, 2203, -1,
      2221, 2203, 2222, -1,
      2222, 2203, 2204, -1,
      2222, 2204, 2223, -1,
      2223, 2204, 2205, -1,
      2223, 2205, 2224, -1,
      2209, 2225, 2210, -1,
      2210, 2225, 2226, -1,
      2210, 2226, 2211, -1,
      2211, 2226, 2227, -1,
      2211, 2227, 2212, -1,
      2212, 2227, 2228, -1,
      2212, 2228, 2213, -1,
      2213, 2228, 2229, -1,
      2213, 2229, 2214, -1,
      2214, 2229, 2224, -1,
      2214, 2224, 2183, -1,
      2183, 2224, 2205, -1,
      2183, 2205, 2174, -1,
      2174, 2205, 2159, -1,
      2174, 2159, 2122, -1,
      2122, 2159, 2160, -1,
      2122, 2160, 2123, -1,
      2123, 2160, 2161, -1,
      2123, 2161, 2115, -1,
      2115, 2161, 2162, -1,
      2115, 2162, 2116, -1,
      2116, 2162, 2163, -1,
      2116, 2163, 2054, -1,
      2054, 2163, 2164, -1,
      2054, 2164, 2055, -1,
      2055, 2164, 2165, -1,
      2055, 2165, 2040, -1,
      1894, 2230, 2231, -1,
      2184, 2232, 1874, -1,
      1874, 2232, 2233, -1,
      1874, 2233, 1832, -1,
      1832, 2233, 1876, -1,
      1832, 1876, 1875, -1,
      1875, 1876, 1330, -1,
      1875, 1330, 1329, -1,
      2081, 2083, 2079, -1,
      2079, 2083, 2234, -1,
      2079, 2234, 2196, -1,
      2196, 2234, 2235, -1,
      2196, 2235, 2195, -1,
      2195, 2235, 2236, -1,
      2195, 2236, 2194, -1,
      2194, 2236, 2237, -1,
      2194, 2237, 2193, -1,
      2193, 2237, 2238, -1,
      2193, 2238, 2192, -1,
      2192, 2238, 2239, -1,
      2192, 2239, 2191, -1,
      2191, 2239, 2240, -1,
      2191, 2240, 2190, -1,
      2190, 2240, 2241, -1,
      2190, 2241, 2189, -1,
      2189, 2241, 2242, -1,
      2189, 2242, 2188, -1,
      2188, 2242, 2243, -1,
      2188, 2243, 2187, -1,
      2187, 2243, 2244, -1,
      2187, 2244, 2186, -1,
      2186, 2244, 2245, -1,
      2186, 2245, 2185, -1,
      2185, 2245, 2246, -1,
      2185, 2246, 2184, -1,
      2184, 2246, 2247, -1,
      2184, 2247, 2232, -1,
      2084, 2036, 2083, -1,
      2083, 2036, 2035, -1,
      2083, 2035, 2234, -1,
      2234, 2035, 2041, -1,
      2234, 2041, 2235, -1,
      2235, 2041, 2040, -1,
      2235, 2040, 2236, -1,
      2236, 2040, 2165, -1,
      2236, 2165, 2237, -1,
      2237, 2165, 2158, -1,
      2237, 2158, 2238, -1,
      2238, 2158, 1819, -1,
      2238, 1819, 2239, -1,
      2239, 1819, 1821, -1,
      2239, 1821, 2240, -1,
      2240, 1821, 2145, -1,
      2240, 2145, 2241, -1,
      2241, 2145, 2141, -1,
      2241, 2141, 2242, -1,
      2242, 2141, 1816, -1,
      2242, 1816, 2243, -1,
      2243, 1816, 1818, -1,
      2243, 1818, 2244, -1,
      2244, 1818, 2197, -1,
      2244, 2197, 2245, -1,
      2245, 2197, 2215, -1,
      2245, 2215, 2246, -1,
      2246, 2215, 2248, -1,
      2246, 2248, 2247, -1,
      1894, 2231, 2206, -1,
      2206, 2231, 2249, -1,
      2206, 2249, 2207, -1,
      2207, 2249, 2250, -1,
      2207, 2250, 2208, -1,
      2208, 2250, 2251, -1,
      2208, 2251, 2209, -1,
      2209, 2251, 2252, -1,
      2209, 2252, 2225, -1,
      2225, 2252, 2253, -1,
      2225, 2253, 2226, -1,
      2226, 2253, 2254, -1,
      2226, 2254, 2227, -1,
      2227, 2254, 2255, -1,
      2227, 2255, 2228, -1,
      2228, 2255, 2256, -1,
      2228, 2256, 2229, -1,
      2229, 2256, 2257, -1,
      2229, 2257, 2224, -1,
      2224, 2257, 2258, -1,
      2224, 2258, 2223, -1,
      2223, 2258, 2259, -1,
      2223, 2259, 2222, -1,
      2222, 2259, 2260, -1,
      2222, 2260, 2221, -1,
      2221, 2260, 2261, -1,
      2221, 2261, 2220, -1,
      2220, 2261, 2262, -1,
      2220, 2262, 2219, -1,
      2219, 2262, 2263, -1,
      2219, 2263, 2218, -1,
      2218, 2263, 2264, -1,
      2218, 2264, 2217, -1,
      2217, 2264, 2265, -1,
      2217, 2265, 2216, -1,
      2216, 2265, 2266, -1,
      2216, 2266, 2215, -1,
      2215, 2266, 2267, -1,
      2215, 2267, 2248, -1,
      2248, 2267, 2268, -1,
      2248, 2268, 2247, -1,
      2247, 2268, 2269, -1,
      2247, 2269, 2232, -1,
      2232, 2269, 2270, -1,
      2232, 2270, 2233, -1,
      2233, 2270, 2271, -1,
      2233, 2271, 1876, -1,
      1876, 2271, 2272, -1,
      1876, 2272, 1877, -1,
      1877, 2272, 1880, -1,
      1877, 1880, 1878, -1,
      1878, 1880, 1549, -1,
      1878, 1549, 1552, -1,
      1980, 1974, 1982, -1,
      1982, 1974, 1976, -1,
      1982, 1976, 2230, -1,
      1451, 1457, 1892, -1,
      1892, 1457, 1888, -1,
      1892, 1888, 2273, -1,
      2273, 1888, 1889, -1,
      2267, 2274, 2268, -1,
      2268, 2274, 2275, -1,
      2268, 2275, 2269, -1,
      2269, 2275, 2276, -1,
      2269, 2276, 2270, -1,
      2270, 2276, 2277, -1,
      2270, 2277, 2271, -1,
      2271, 2277, 2278, -1,
      2271, 2278, 2272, -1,
      2272, 2278, 2279, -1,
      2272, 2279, 1880, -1,
      1880, 2279, 2280, -1,
      1880, 2280, 1879, -1,
      1879, 2280, 2281, -1,
      1879, 2281, 1881, -1,
      1881, 2281, 1884, -1,
      1881, 1884, 1882, -1,
      1882, 1884, 1508, -1,
      1882, 1508, 1507, -1,
      2230, 1976, 2231, -1,
      2231, 1976, 1969, -1,
      2231, 1969, 2249, -1,
      2249, 1969, 1968, -1,
      2249, 1968, 2250, -1,
      2250, 1968, 1963, -1,
      2250, 1963, 2251, -1,
      2251, 1963, 1962, -1,
      2251, 1962, 2252, -1,
      2252, 1962, 1960, -1,
      2252, 1960, 2253, -1,
      2253, 1960, 1957, -1,
      2253, 1957, 2254, -1,
      2254, 1957, 1954, -1,
      2254, 1954, 2255, -1,
      2255, 1954, 1951, -1,
      2255, 1951, 2256, -1,
      2256, 1951, 1948, -1,
      2256, 1948, 2257, -1,
      2257, 1948, 1945, -1,
      2257, 1945, 2258, -1,
      2258, 1945, 1942, -1,
      2258, 1942, 2259, -1,
      2259, 1942, 1940, -1,
      2259, 1940, 2260, -1,
      2260, 1940, 1934, -1,
      2260, 1934, 2261, -1,
      2261, 1934, 1936, -1,
      2261, 1936, 2262, -1,
      2262, 1936, 1938, -1,
      2262, 1938, 2263, -1,
      2263, 1938, 2282, -1,
      2263, 2282, 2264, -1,
      2264, 2282, 2283, -1,
      2264, 2283, 2265, -1,
      2265, 2283, 2284, -1,
      2265, 2284, 2266, -1,
      2266, 2284, 2285, -1,
      2266, 2285, 2267, -1,
      2267, 2285, 2286, -1,
      2267, 2286, 2274, -1,
      2274, 2286, 2287, -1,
      2274, 2287, 2275, -1,
      2275, 2287, 2288, -1,
      2275, 2288, 2276, -1,
      2276, 2288, 2289, -1,
      2276, 2289, 2277, -1,
      2277, 2289, 2290, -1,
      2277, 2290, 2278, -1,
      2278, 2290, 2291, -1,
      2278, 2291, 2279, -1,
      2279, 2291, 2292, -1,
      2279, 2292, 2280, -1,
      2280, 2292, 2293, -1,
      2280, 2293, 2281, -1,
      2281, 2293, 2294, -1,
      2281, 2294, 1884, -1,
      1884, 2294, 1885, -1,
      1884, 1885, 1883, -1,
      1883, 1885, 1497, -1,
      1883, 1497, 1510, -1,
      1937, 1929, 1938, -1,
      1938, 1929, 1928, -1,
      1938, 1928, 2282, -1,
      2282, 1928, 1927, -1,
      2282, 1927, 2283, -1,
      2283, 1927, 2028, -1,
      2283, 2028, 2284, -1,
      2284, 2028, 2025, -1,
      2284, 2025, 2285, -1,
      2285, 2025, 2022, -1,
      2285, 2022, 2286, -1,
      2286, 2022, 2019, -1,
      2286, 2019, 2287, -1,
      2287, 2019, 2016, -1,
      2287, 2016, 2288, -1,
      2288, 2016, 2013, -1,
      2288, 2013, 2289, -1,
      2289, 2013, 2010, -1,
      2289, 2010, 2290, -1,
      2290, 2010, 2007, -1,
      2290, 2007, 2291, -1,
      2291, 2007, 2004, -1,
      2291, 2004, 2292, -1,
      2292, 2004, 2001, -1,
      2292, 2001, 2293, -1,
      2293, 2001, 1998, -1,
      2293, 1998, 2294, -1,
      2294, 1998, 1995, -1,
      2294, 1995, 1885, -1,
      1885, 1995, 1992, -1,
      1885, 1992, 1831, -1,
      1831, 1992, 1989, -1,
      1831, 1989, 1886, -1,
      1886, 1989, 1986, -1,
      1886, 1986, 1887, -1,
      1887, 1986, 1983, -1,
      1887, 1983, 1889, -1,
      1889, 1983, 1981, -1,
      1889, 1981, 2273, -1,
      2273, 1981, 1982, -1,
      2273, 1982, 1892, -1,
      1892, 1982, 2230, -1,
      1892, 2230, 1890, -1,
      1890, 2230, 1894, -1,
      1890, 1894, 2295, -1,
      2295, 1894, 1893, -1,
      2296, 1924, 1923, -1,
      2297, 2298, 2299, -1,
      2084, 2300, 2297, -1,
      2297, 2299, 2084, -1,
      2084, 2299, 2301, -1,
      2084, 2301, 2302, -1,
      2296, 1923, 2303, -1,
      2303, 1923, 2085, -1,
      2303, 2085, 2304, -1,
      2304, 2085, 2084, -1,
      2304, 2084, 2305, -1,
      2305, 2084, 2302, -1,
      2305, 2302, 2306, -1,
      2306, 2307, 2305, -1,
      2305, 2307, 2308, -1,
      2305, 2308, 2309, -1,
      2300, 2084, 2310, -1,
      2310, 2084, 2082, -1,
      2310, 2082, 2311, -1,
      2311, 2082, 2312, -1,
      2312, 2082, 2081, -1,
      2312, 2081, 2313, -1,
      2313, 2081, 2080, -1,
      2313, 2080, 2314, -1,
      2314, 2080, 2315, -1,
      2315, 2080, 2138, -1,
      2315, 2138, 2316, -1,
      2316, 2138, 1815, -1,
      2316, 1815, 2317, -1,
      2317, 1815, 1814, -1,
      2317, 1814, 2318, -1,
      2318, 1814, 2319, -1,
      2319, 1814, 2078, -1,
      2319, 2078, 2320, -1,
      2320, 2078, 2077, -1,
      2320, 2077, 2321, -1,
      2322, 2323, 2324, -1,
      2324, 2323, 2325, -1,
      2324, 2325, 2326, -1,
      2321, 2077, 2327, -1,
      2327, 2077, 2075, -1,
      2327, 2075, 2328, -1,
      2328, 2075, 2074, -1,
      2328, 2074, 2329, -1,
      2325, 2329, 2326, -1,
      2326, 2329, 2074, -1,
      2326, 2074, 2330, -1,
      2330, 2074, 2072, -1,
      2330, 2072, 2331, -1,
      2331, 2072, 1852, -1,
      2331, 1852, 1851, -1,
      2332, 2333, 2334, -1,
      2335, 2336, 2333, -1,
      2337, 2338, 2339, -1,
      2339, 2338, 2340, -1,
      2341, 2342, 2320, -1,
      2320, 2321, 2341, -1,
      2341, 2321, 2327, -1,
      2341, 2327, 2343, -1,
      2343, 2327, 2328, -1,
      2342, 2344, 2320, -1,
      2320, 2344, 2345, -1,
      2320, 2345, 2346, -1,
      2347, 2348, 2349, -1,
      2349, 2348, 2350, -1,
      2349, 2350, 2351, -1,
      2329, 2352, 2328, -1,
      2328, 2352, 2353, -1,
      2328, 2353, 2343, -1,
      2298, 2297, 2354, -1,
      2354, 2297, 2355, -1,
      2356, 2357, 2311, -1,
      2358, 2359, 2360, -1,
      2360, 2359, 2356, -1,
      2357, 2361, 2311, -1,
      2311, 2361, 2362, -1,
      2311, 2362, 2363, -1,
      2355, 2297, 2364, -1,
      2364, 2297, 2300, -1,
      2364, 2300, 2363, -1,
      2363, 2300, 2310, -1,
      2363, 2310, 2311, -1,
      2365, 2366, 2360, -1,
      2360, 2366, 2367, -1,
      2360, 2367, 2358, -1,
      2368, 2369, 2370, -1,
      2370, 2369, 2371, -1,
      2370, 2371, 2372, -1,
      2373, 2374, 2375, -1,
      2375, 2374, 2368, -1,
      2376, 2377, 2378, -1,
      2379, 2380, 2378, -1,
      2378, 2380, 2381, -1,
      2378, 2381, 2376, -1,
      2382, 2383, 2384, -1,
      2384, 2383, 2385, -1,
      2384, 2385, 2386, -1,
      2387, 2388, 2389, -1,
      2390, 2391, 2389, -1,
      2389, 2391, 2392, -1,
      2389, 2392, 2387, -1,
      2388, 2393, 2389, -1,
      2389, 2393, 2394, -1,
      2389, 2394, 2384, -1,
      2384, 2394, 2395, -1,
      2384, 2395, 2382, -1,
      2396, 2397, 2398, -1,
      2398, 2397, 2399, -1,
      2398, 2399, 2400, -1,
      2400, 2401, 2398, -1,
      2398, 2401, 2402, -1,
      2398, 2402, 2389, -1,
      2389, 2402, 2403, -1,
      2389, 2403, 2390, -1,
      2404, 2405, 2398, -1,
      2405, 2406, 2398, -1,
      2398, 2406, 2407, -1,
      2398, 2407, 2408, -1,
      2408, 2409, 2398, -1,
      2398, 2409, 2410, -1,
      2398, 2410, 2396, -1,
      2411, 2412, 2413, -1,
      2413, 2412, 2414, -1,
      2413, 2414, 2415, -1,
      2415, 2416, 2413, -1,
      2413, 2416, 2417, -1,
      2413, 2417, 2418, -1,
      2419, 2420, 2421, -1,
      2421, 2420, 2422, -1,
      2423, 2424, 2334, -1,
      2334, 2424, 2425, -1,
      2336, 2426, 2333, -1,
      2333, 2426, 2427, -1,
      2333, 2427, 2334, -1,
      2334, 2427, 2428, -1,
      2334, 2428, 2423, -1,
      2418, 2404, 2413, -1,
      2413, 2404, 2398, -1,
      2413, 2398, 2429, -1,
      2429, 2398, 2389, -1,
      2429, 2389, 2430, -1,
      2430, 2389, 2384, -1,
      2430, 2384, 2378, -1,
      2378, 2384, 2386, -1,
      2378, 2386, 2379, -1,
      2337, 2335, 2338, -1,
      2338, 2335, 2333, -1,
      2338, 2333, 2431, -1,
      2431, 2333, 2332, -1,
      2431, 2332, 2432, -1,
      2368, 2370, 2375, -1,
      2375, 2370, 2433, -1,
      2375, 2433, 2434, -1,
      2434, 2433, 2432, -1,
      2434, 2432, 2435, -1,
      2435, 2432, 2332, -1,
      2435, 2332, 2436, -1,
      2436, 2332, 2334, -1,
      2436, 2334, 2421, -1,
      2421, 2334, 2425, -1,
      2421, 2425, 2419, -1,
      2422, 2411, 2421, -1,
      2421, 2411, 2413, -1,
      2421, 2413, 2436, -1,
      2436, 2413, 2429, -1,
      2436, 2429, 2435, -1,
      2435, 2429, 2430, -1,
      2435, 2430, 2434, -1,
      2434, 2430, 2378, -1,
      2434, 2378, 2375, -1,
      2375, 2378, 2377, -1,
      2375, 2377, 2373, -1,
      2316, 2317, 2437, -1,
      2437, 2317, 2438, -1,
      2346, 2347, 2320, -1,
      2320, 2347, 2349, -1,
      2320, 2349, 2319, -1,
      2319, 2349, 2438, -1,
      2319, 2438, 2318, -1,
      2318, 2438, 2317, -1,
      2356, 2311, 2360, -1,
      2360, 2311, 2312, -1,
      2360, 2312, 2439, -1,
      2312, 2313, 2439, -1,
      2439, 2313, 2314, -1,
      2439, 2314, 2437, -1,
      2437, 2314, 2315, -1,
      2437, 2315, 2316, -1,
      2351, 2340, 2349, -1,
      2349, 2340, 2338, -1,
      2349, 2338, 2438, -1,
      2438, 2338, 2431, -1,
      2438, 2431, 2437, -1,
      2437, 2431, 2432, -1,
      2437, 2432, 2439, -1,
      2439, 2432, 2433, -1,
      2439, 2433, 2360, -1,
      2360, 2433, 2370, -1,
      2360, 2370, 2365, -1,
      2365, 2370, 2372, -1,
    ]
  }
}

Shape {
  appearance Appearance {
    material Material {
      diffuseColor 0.6667 0.6667 0.6667
      specularColor 0.4667 0.4667 0.4667
      ambientIntensity 0.2
      transparency 0.0000
      shininess 0.5
    }
  }
  geometry IndexedFaceSet {
    ccw TRUE
    solid FALSE
    coord DEF co Coordinate {
      point [
        -0.616792 0.010016 -1.692913,
        -0.614307 0.028885 -1.692913,
        -0.618110 0.000000 -3.661417,
        -0.614086 0.030569 -3.661417,
        -0.614086 0.030569 -1.692913,
        -0.606837 0.048069 -1.692913,
        -0.602287 0.059055 -3.661417,
        -0.602287 0.059055 -1.692913,
        -0.583517 0.083517 -3.661417,
        -0.598002 0.064639 -1.692913,
        -0.585461 0.080983 -1.692913,
        -0.583517 0.083517 -1.692913,
        -0.571062 0.093073 -1.692913,
        -0.559055 0.102287 -3.661417,
        -0.559055 0.102287 -1.692913,
        -0.530569 0.114086 -3.661417,
        -0.554097 0.104340 -1.692913,
        -0.536641 0.111571 -1.692913,
        -0.530569 0.114086 -1.692913,
        -0.516793 0.115899 -1.692913,
        -0.500000 0.118110 -3.661417,
        -0.500000 0.118110 -1.692913,
        -0.469431 0.114086 -3.661417,
        -0.498122 0.117863 -1.692913,
        -0.477787 0.115186 -1.692913,
        -0.469431 0.114086 -1.692913,
        -0.459841 0.110114 -1.692913,
        -0.440945 0.102287 -3.661417,
        -0.440945 0.102287 -1.692913,
        -0.425914 0.090753 -1.692913,
        -0.416483 0.083517 -3.661417,
        -0.416483 0.083517 -1.692913,
        -0.397713 0.059055 -3.661417,
        -0.411217 0.076654 -1.692913,
        -0.399683 0.061622 -1.692913,
        -0.397713 0.059055 -1.692913,
        -0.391060 0.042993 -1.692913,
        -0.385914 0.030569 -3.661417,
        -0.385914 0.030569 -1.692913,
        -0.381890 -0.000000 -3.661417,
        -0.385194 0.025098 -1.692913,
        -0.382496 0.004606 -1.692913,
        -0.381890 -0.000000 -1.692913,
        -0.384534 -0.020084 -1.692913,
        -0.385914 -0.030569 -3.661417,
        -0.385914 -0.030569 -1.692913,
        -0.397713 -0.059055 -3.661417,
        -0.389168 -0.038424 -1.692913,
        -0.397713 -0.059055 -1.692913,
        -0.408463 -0.073065 -1.692913,
        -0.416483 -0.083517 -3.661417,
        -0.416483 -0.083517 -1.692913,
        -0.440945 -0.102287 -3.661417,
        -0.422553 -0.088174 -1.692913,
        -0.437811 -0.099882 -1.692913,
        -0.440945 -0.102287 -1.692913,
        -0.456573 -0.108760 -1.692913,
        -0.469431 -0.114086 -3.661417,
        -0.469431 -0.114086 -1.692913,
        -0.500000 -0.118110 -3.661417,
        -0.474661 -0.114774 -1.692913,
        -0.495403 -0.117505 -1.692913,
        -0.500000 -0.118110 -1.692913,
        -0.514426 -0.116211 -1.692913,
        -0.530569 -0.114086 -3.661417,
        -0.530569 -0.114086 -1.692913,
        -0.559055 -0.102287 -3.661417,
        -0.534808 -0.112330 -1.692913,
        -0.552560 -0.104977 -1.692913,
        -0.559055 -0.102287 -1.692913,
        -0.570012 -0.093879 -1.692913,
        -0.583517 -0.083517 -3.661417,
        -0.583517 -0.083517 -1.692913,
        -0.602287 -0.059055 -3.661417,
        -0.584809 -0.081833 -1.692913,
        -0.597503 -0.065289 -1.692913,
        -0.602287 -0.059055 -1.692913,
        -0.606581 -0.048685 -1.692913,
        -0.614086 -0.030569 -3.661417,
        -0.614086 -0.030569 -1.692913,
        -0.616729 -0.010491 -1.692913,
        -0.618110 0.000000 -1.692913,
        -0.500000 0.000000 -3.661417,
      ]
    }
    coordIndex [
      0, 1, 2, -1,
      2, 1, 3, -1,
      1, 4, 3, -1,
      3, 4, 5, -1,
      3, 5, 6, -1,
      6, 5, 7, -1,
      6, 7, 8, -1,
      8, 7, 9, -1,
      8, 9, 10, -1,
      10, 11, 8, -1,
      8, 11, 12, -1,
      8, 12, 13, -1,
      13, 12, 14, -1,
      13, 14, 15, -1,
      15, 14, 16, -1,
      15, 16, 17, -1,
      17, 18, 15, -1,
      15, 18, 19, -1,
      15, 19, 20, -1,
      20, 19, 21, -1,
      20, 21, 22, -1,
      22, 21, 23, -1,
      22, 23, 24, -1,
      24, 25, 22, -1,
      22, 25, 26, -1,
      22, 26, 27, -1,
      26, 28, 27, -1,
      27, 28, 29, -1,
      27, 29, 30, -1,
      30, 29, 31, -1,
      30, 31, 32, -1,
      32, 31, 33, -1,
      32, 33, 34, -1,
      34, 35, 32, -1,
      32, 35, 36, -1,
      32, 36, 37, -1,
      37, 36, 38, -1,
      37, 38, 39, -1,
      39, 38, 40, -1,
      39, 40, 41, -1,
      41, 42, 39, -1,
      39, 42, 43, -1,
      39, 43, 44, -1,
      44, 43, 45, -1,
      44, 45, 46, -1,
      46, 45, 47, -1,
      47, 48, 46, -1,
      46, 48, 49, -1,
      46, 49, 50, -1,
      50, 49, 51, -1,
      50, 51, 52, -1,
      52, 51, 53, -1,
      52, 53, 54, -1,
      54, 55, 52, -1,
      52, 55, 56, -1,
      52, 56, 57, -1,
      57, 56, 58, -1,
      57, 58, 59, -1,
      59, 58, 60, -1,
      59, 60, 61, -1,
      61, 62, 59, -1,
      59, 62, 63, -1,
      59, 63, 64, -1,
      64, 63, 65, -1,
      64, 65, 66, -1,
      66, 65, 67, -1,
      66, 67, 68, -1,
      68, 69, 66, -1,
      66, 69, 70, -1,
      66, 70, 71, -1,
      71, 70, 72, -1,
      71, 72, 73, -1,
      73, 72, 74, -1,
      73, 74, 75, -1,
      75, 76, 73, -1,
      73, 76, 77, -1,
      73, 77, 78, -1,
      77, 79, 78, -1,
      78, 79, 80, -1,
      78, 80, 2, -1,
      2, 80, 81, -1,
      2, 81, 0, -1,
      73, 78, 82, -1,
      82, 78, 2, -1,
      82, 2, 3, -1,
      64, 66, 82, -1,
      82, 66, 71, -1,
      82, 71, 73, -1,
      52, 57, 82, -1,
      82, 57, 59, -1,
      82, 59, 64, -1,
      44, 46, 82, -1,
      82, 46, 50, -1,
      82, 50, 52, -1,
      32, 37, 82, -1,
      82, 37, 39, -1,
      82, 39, 44, -1,
      22, 27, 82, -1,
      82, 27, 30, -1,
      82, 30, 32, -1,
      13, 15, 82, -1,
      82, 15, 20, -1,
      82, 20, 22, -1,
      3, 6, 82, -1,
      82, 6, 8, -1,
      82, 8, 13, -1,
    ]
  }
}

Shape {
  appearance Appearance {
    material Material {
      diffuseColor 0.6902 0.5176 0.3608
      specularColor 0.0510 0.0353 0.0275
      ambientIntensity 0.2
      transparency 0.0000
      shininess 0.5
    }
  }
  geometry IndexedFaceSet {
    ccw TRUE
    solid FALSE
    coord DEF co Coordinate {
      point [
        -0.073345 0.472187 -0.680851,
        -0.063477 0.472441 -0.666274,
        -0.421717 0.468334 -0.597636,
        -0.432054 0.465966 -0.609434,
        -0.486271 0.450209 -0.650934,
        -0.495753 0.446646 -0.656413,
        -0.560086 0.416620 -0.694321,
        -0.562012 0.415437 -0.695387,
        -0.741328 0.121896 -0.847180,
        -0.741410 0.115942 -0.848944,
        -0.740016 0.061899 -0.864087,
        -0.737011 0.038997 -0.869650,
        -0.736104 0.032080 -0.871330,
        -0.732060 0.011684 -0.875963,
        -0.729203 0.000000 -0.878530,
        -0.741738 0.091888 -0.856071,
        -0.738800 0.151794 -0.837350,
        -0.700401 0.277601 -0.784373,
        -0.709576 0.258292 -0.793703,
        -0.712668 0.251785 -0.796847,
        -0.722728 0.224970 -0.808890,
        -0.730644 0.197166 -0.820447,
        -0.732149 0.189701 -0.823301,
        -0.736455 0.168353 -0.831463,
        -0.671770 0.322325 -0.760487,
        -0.673450 0.319915 -0.761815,
        -0.687761 0.299383 -0.773124,
        -0.623328 0.372634 -0.729198,
        -0.633590 0.364026 -0.735052,
        -0.653727 0.343887 -0.747773,
        -0.611393 0.382646 -0.722391,
        -0.588834 0.398690 -0.710192,
        -0.586002 0.400704 -0.708661,
        -0.512517 0.440345 -0.666100,
        -0.520410 0.437056 -0.670404,
        -0.534196 0.430435 -0.679116,
        -0.433296 0.465681 -0.610852,
        -0.449192 0.461617 -0.625204,
        -0.468557 0.456007 -0.639539,
        -0.401326 0.472180 -0.555107,
        -0.406219 0.471407 -0.570715,
        -0.413134 0.470118 -0.584895,
        -0.087355 0.468464 -0.725220,
        -0.084989 0.470174 -0.710449,
        -0.080397 0.471433 -0.695508,
        -0.076537 0.451194 -0.805752,
        -0.081094 0.456018 -0.788617,
        -0.085739 0.461558 -0.765322,
        -0.087824 0.465580 -0.744352,
        -0.087763 0.465954 -0.741872,
        -0.057115 0.427408 -0.868719,
        -0.061469 0.435035 -0.851318,
        -0.050314 0.415375 -0.892654,
        -0.067418 0.441607 -0.834453,
        -0.072198 0.446633 -0.819407,
        -0.031848 0.377996 -0.952165,
        -0.040386 0.396586 -0.925159,
        -0.047970 0.411084 -0.900610,
        -0.048997 0.413045 -0.897289,
        -0.017267 0.326674 -1.010443,
        -0.021850 0.348078 -0.988491,
        -0.016330 0.319835 -1.016587,
        -0.027921 0.367921 -0.965256,
        -0.029810 0.372767 -0.958960,
        -0.011890 0.258310 -1.064592,
        -0.011862 0.263811 -1.061149,
        -0.012871 0.289026 -1.042929,
        -0.014113 0.303669 -1.031114,
        -0.013065 0.209275 -1.092775,
        -0.011998 0.237239 -1.077781,
        -0.016257 0.115926 -1.126960,
        -0.016628 0.132534 -1.122638,
        -0.015678 0.161557 -1.113140,
        -0.014685 0.180018 -1.105993,
        -0.014150 0.189678 -1.101629,
        -0.016013 0.104993 -1.129804,
        -0.013032 0.076472 -1.135428,
        -0.008863 0.047090 -1.139345,
        -0.008138 0.039004 -1.139954,
        -0.006722 0.023223 -1.141141,
        -0.006530 0.000000 -1.141713,
        -0.398575 0.472441 -0.537670,
        -0.690919 0.014620 -0.920156,
        -0.077343 0.001999 -1.149369,
        -0.315835 0.008696 -1.389099,
        -0.292783 0.008056 -1.321680,
        -0.323148 0.008891 -1.459977,
        -0.255173 0.007003 -1.261170,
        -0.204930 0.005593 -1.210665,
        -0.144624 0.003895 -1.172752,
        -0.675642 0.020453 -0.936766,
        -0.660044 0.028625 -0.967022,
        -0.639230 0.039530 -1.007397,
        -0.636836 0.041867 -1.018540,
        -0.624811 0.053607 -1.074525,
        -0.622417 0.055944 -1.085668,
        -0.624657 0.063175 -1.131765,
        -0.626337 0.068593 -1.166310,
        -0.633293 0.070884 -1.188438,
        -0.650724 0.076624 -1.243894,
        0.092224 0.472441 0.218343,
        0.104878 0.472441 0.210917,
        0.117960 0.472441 0.201064,
        0.129725 0.472441 0.189923,
        0.140831 0.472441 0.176921,
        0.150661 0.472441 0.162800,
        0.160805 0.472441 0.144672,
        0.169646 0.472441 0.124460,
        0.079254 0.472441 0.224121,
        0.065920 0.472441 0.228356,
        0.058860 0.472441 0.229960,
        0.044582 0.472441 0.231952,
        0.029956 0.472441 0.232366,
        0.015890 0.472441 0.231306,
        -0.000702 0.472441 0.228304,
        -0.017778 0.472441 0.223299,
        -0.035503 0.472441 0.216093,
        0.174988 0.472441 0.109104,
        0.182077 0.472441 0.082090,
        0.187054 0.472441 0.052751,
        0.189809 0.472441 0.021334,
        0.190370 0.472441 0.001180,
        0.188946 0.472441 -0.040226,
        0.184194 0.472441 -0.083542,
        0.176143 0.472441 -0.128660,
        0.164802 0.472441 -0.175501,
        0.150145 0.472441 -0.224110,
        0.127460 0.472441 -0.286521,
        -0.038353 0.472441 0.214744,
        -0.058955 0.472441 0.203415,
        -0.079785 0.472441 0.189110,
        -0.101337 0.472441 0.171219,
        -0.107759 0.472441 0.165264,
        -0.131259 0.472441 0.140927,
        -0.157129 0.472441 0.109261,
        -0.183160 0.472441 0.071781,
        -0.202805 0.472441 0.039387,
        -0.230110 0.472441 -0.012208,
        -0.257822 0.472441 -0.073446,
        -0.286043 0.472441 -0.146463,
        0.098266 0.472441 -0.354794,
        0.063477 0.472441 -0.426615,
        -0.315189 0.472441 -0.234824,
        -0.019480 0.472441 -0.581535,
        0.022669 0.472441 -0.504032,
        -0.387035 0.472441 -0.497417,
        -0.348656 0.472441 -0.353113,
        -0.261276 0.407148 -1.082301,
        -0.262720 0.401567 -1.092450,
        -0.270024 0.374543 -1.137918,
        -0.270539 0.372742 -1.140538,
        -0.325257 0.086376 -1.398851,
        -0.324956 0.075691 -1.408479,
        -0.651007 0.128108 -1.218251,
        -0.650760 0.134656 -1.214853,
        -0.647223 0.174726 -1.192668,
        -0.645467 0.185571 -1.186026,
        -0.641986 0.207069 -1.172859,
        -0.638830 0.220974 -1.163487,
        -0.637464 0.226991 -1.159431,
        -0.594704 0.336887 -1.067162,
        -0.588228 0.347304 -1.056008,
        -0.540934 0.403595 -0.984258,
        -0.539346 0.404909 -0.982118,
        -0.522608 0.418596 -0.959644,
        -0.505680 0.430396 -0.937949,
        -0.561159 0.382944 -1.013260,
        -0.556936 0.387851 -1.006907,
        -0.584544 0.353228 -1.049665,
        -0.571935 0.370427 -1.029468,
        -0.567573 0.375494 -1.022907,
        -0.605175 0.317661 -1.086332,
        -0.609248 0.309796 -1.093974,
        -0.609826 0.308678 -1.095059,
        -0.629918 0.255901 -1.138947,
        -0.620607 0.283283 -1.117333,
        -0.618973 0.287132 -1.113957,
        -0.634857 0.238479 -1.151689,
        -0.630120 0.255305 -1.139418,
        -0.650478 0.142124 -1.210978,
        -0.650942 0.080834 -1.241878,
        -0.651344 0.088611 -1.238156,
        -0.323837 0.039910 -1.439781,
        -0.323238 0.026072 -1.450461,
        -0.324152 0.047173 -1.434175,
        -0.325146 0.088894 -1.396890,
        -0.322790 0.142596 -1.355065,
        -0.322852 0.141182 -1.356166,
        -0.320878 0.158213 -1.344070,
        -0.316634 0.192881 -1.319664,
        -0.302838 0.259442 -1.267811,
        -0.308381 0.236043 -1.287248,
        -0.313189 0.210897 -1.306133,
        -0.301156 0.265724 -1.262013,
        -0.294121 0.291984 -1.237769,
        -0.294145 0.291902 -1.237854,
        -0.286302 0.319013 -1.209504,
        -0.278348 0.345843 -1.177380,
        -0.279340 0.342455 -1.181859,
        -0.273291 0.363112 -1.154548,
        -0.275978 0.353935 -1.166681,
        -0.265245 0.391810 -1.110195,
        -0.266844 0.386034 -1.119468,
        -0.256354 0.427606 -1.037884,
        -0.257561 0.422080 -1.050655,
        -0.676310 -0.017060 -1.590886,
        -0.676678 0.014040 -1.590065,
        -0.677124 0.000576 -1.590420,
        -0.677182 -0.001165 -1.590466,
        -0.662253 0.071757 -1.588556,
        -0.662530 0.070938 -1.588577,
        -0.672206 0.042293 -1.589323,
        -0.676615 0.014441 -1.590054,
        -0.648669 0.096946 -1.587905,
        -0.629521 0.121448 -1.587278,
        -0.628241 0.122614 -1.587249,
        -0.608360 0.140719 -1.586793,
        -0.604816 0.142990 -1.586737,
        -0.582182 0.157496 -1.586378,
        -0.577821 0.159346 -1.586334,
        -0.555842 0.168672 -1.586113,
        -0.547783 0.170581 -1.586072,
        -0.525589 0.175839 -1.585958,
        -0.515706 0.176473 -1.585953,
        -0.497052 0.177669 -1.585943,
        -0.482973 0.176191 -1.585998,
        -0.466131 0.174423 -1.586065,
        -0.449742 0.169831 -1.586206,
        -0.391639 0.140228 -1.587058,
        -0.410505 0.153422 -1.586687,
        -0.417878 0.156908 -1.586585,
        -0.438611 0.166713 -1.586301,
        -0.355669 0.102275 -1.588105,
        -0.364963 0.115204 -1.587752,
        -0.368879 0.119070 -1.587645,
        -0.387092 0.137048 -1.587148,
        -0.329505 0.046624 -1.589607,
        -0.334631 0.064065 -1.589141,
        -0.340212 0.075485 -1.588832,
        -0.348286 0.092005 -1.588385,
        -0.324177 0.016352 -1.590413,
        -0.326571 0.036643 -1.589874,
        -0.322863 -0.000403 -1.590857,
        -0.322939 0.005851 -1.590692,
        -0.325767 -0.031369 -1.591670,
        -0.324250 -0.015195 -1.591245,
        -0.333186 -0.058998 -1.592389,
        -0.329069 -0.043663 -1.591990,
        -0.346182 -0.087252 -1.593118,
        -0.338892 -0.071403 -1.592709,
        -0.362340 -0.110876 -1.593720,
        -0.353278 -0.097627 -1.593382,
        -0.383957 -0.133228 -1.594282,
        -0.373744 -0.122668 -1.594016,
        -0.407026 -0.150168 -1.594700,
        -0.397215 -0.142963 -1.594522,
        -0.434822 -0.164101 -1.595033,
        -0.424448 -0.158901 -1.594908,
        -0.462186 -0.172446 -1.595220,
        -0.454520 -0.170109 -1.595167,
        -0.493024 -0.176396 -1.595288,
        -0.486723 -0.175589 -1.595274,
        -0.521590 -0.175218 -1.595224,
        -0.519513 -0.175304 -1.595228,
        -0.578551 -0.158188 -1.594712,
        -0.551997 -0.168743 -1.595019,
        -0.605107 -0.142019 -1.594257,
        -0.584345 -0.154660 -1.594613,
        -0.626670 -0.123278 -1.593740,
        -0.610289 -0.137515 -1.594133,
        -0.646383 -0.099229 -1.593085,
        -0.632640 -0.115995 -1.593542,
        -0.660531 -0.074404 -1.592416,
        -0.652241 -0.088951 -1.592808,
        -0.673677 -0.031485 -1.591269,
        -0.671176 -0.045183 -1.591633,
        -0.665396 -0.061051 -1.592058,
        -0.294829 0.289346 -1.240213,
        -0.523802 0.417765 -0.961173,
        -0.257824 0.420871 -1.053447,
        -0.597789 0.331926 -1.072475,
        -0.651691 0.110016 -1.227639,
        -0.324085 0.045626 -1.435369,
        -0.250302 0.440575 -0.997995,
        -0.236932 0.469487 -0.894962,
        -0.236663 0.469135 -0.895722,
        -0.236359 0.468793 -0.896196,
        -0.236022 0.468487 -0.896489,
        -0.244641 0.450981 -0.961624,
        -0.243915 0.452316 -0.956958,
        -0.236941 0.462849 -0.914866,
        -0.235619 0.468174 -0.896670,
        -0.235148 0.467854 -0.896740,
        -0.234363 0.467385 -0.896645,
        -0.233682 0.467021 -0.896423,
        -0.423884 0.468690 -0.818873,
        -0.423302 0.469256 -0.819772,
        -0.434082 0.464728 -0.834304,
        -0.423015 0.469506 -0.820076,
        -0.458234 0.454507 -0.869948,
        -0.422045 0.470257 -0.820665,
        -0.460187 0.453574 -0.872762,
        -0.482188 0.443070 -0.904470,
        -0.184173 0.503795 -0.274852,
        -0.157873 0.504997 -0.202941,
        -0.203344 0.502084 -0.329180,
        -0.223545 0.500281 -0.386424,
        -0.273368 0.495393 -0.529214,
        -0.378717 0.481385 -0.754783,
        -0.360041 0.485133 -0.723941,
        -0.387961 0.479247 -0.769251,
        -0.343563 0.487961 -0.694749,
        -0.330293 0.489927 -0.669397,
        -0.319080 0.491374 -0.646288,
        -0.308196 0.492588 -0.621980,
        -0.297844 0.493562 -0.596741,
        -0.292863 0.493942 -0.583419,
        -0.287900 0.494320 -0.570149,
        -0.418600 0.471275 -0.815621,
        -0.395069 0.477603 -0.780376,
        -0.235098 0.471830 -0.880945,
        -0.228999 0.478109 -0.839059,
        -0.195670 0.491523 -0.691813,
        -0.202860 0.490109 -0.715950,
        -0.177834 0.493701 -0.641111,
        -0.187288 0.492730 -0.666644,
        -0.210805 0.487939 -0.746297,
        -0.218074 0.485096 -0.778630,
        -0.224777 0.481324 -0.813695,
        -0.226856 0.479741 -0.826184,
        -0.127266 0.497230 -0.523370,
        -0.167112 0.494462 -0.614833,
        -0.172565 0.494075 -0.628198,
        -0.027695 0.504537 -0.297161,
        -0.056865 0.502843 -0.365424,
        -0.062281 0.502425 -0.377635,
        -0.091054 0.500209 -0.442489,
        -0.002665 0.505238 -0.235028,
        -0.009434 0.505048 -0.251832,
        0.031771 0.504221 -0.139280,
        0.017697 0.505002 -0.180428,
        0.053743 0.501350 -0.064653,
        0.043756 0.502981 -0.100746,
        0.036549 0.503727 -0.123917,
        0.070359 0.496032 0.015360,
        0.069260 0.496568 0.008547,
        0.067948 0.497207 0.000412,
        0.061788 0.499400 -0.030944,
        0.075316 0.489084 0.088289,
        0.075516 0.490200 0.077854,
        0.070294 0.485281 0.122629,
        0.072512 0.486283 0.113601,
        0.074327 0.487601 0.101759,
        0.074972 0.492105 0.059104,
        0.073298 0.494044 0.038503,
        0.073276 0.494069 0.038237,
        0.046117 0.482620 0.151438,
        0.051029 0.482631 0.149834,
        0.055611 0.482802 0.147080,
        0.059861 0.483139 0.143108,
        0.063983 0.483692 0.137448,
        0.067397 0.484396 0.130733,
        0.069690 0.485096 0.124320,
        0.010439 0.485795 0.136957,
        0.011882 0.485579 0.138307,
        0.019269 0.484608 0.143938,
        0.026263 0.483831 0.148015,
        0.032044 0.483309 0.150367,
        0.037899 0.482912 0.151693,
        0.043444 0.482677 0.151824,
        -0.042293 0.495010 0.064670,
        -0.030791 0.492928 0.084261,
        -0.027461 0.492316 0.089567,
        -0.016654 0.490332 0.105657,
        -0.006709 0.488550 0.118807,
        0.002733 0.486960 0.129615,
        0.004017 0.486756 0.130944,
        -0.058297 0.497756 0.034844,
        -0.052761 0.496810 0.045230,
        -0.043439 0.495218 0.062719,
        -0.107067 0.503808 -0.072502,
        -0.087436 0.501884 -0.026719,
        -0.074396 0.500204 0.001865,
        -0.154428 0.505155 -0.193522,
        -0.129152 0.505019 -0.127339,
        -0.109259 0.503928 -0.077945,
        -0.616792 0.010016 -1.692913,
        -0.614307 0.028885 -1.692913,
        -0.614086 0.030569 -1.692913,
        -0.606837 0.048069 -1.692913,
        -0.602287 0.059055 -1.692913,
        -0.598002 0.064639 -1.692913,
        -0.585461 0.080983 -1.692913,
        -0.583517 0.083517 -1.692913,
        -0.571062 0.093073 -1.692913,
        -0.559055 0.102287 -1.692913,
        -0.554097 0.104340 -1.692913,
        -0.536641 0.111571 -1.692913,
        -0.530569 0.114086 -1.692913,
        -0.516793 0.115899 -1.692913,
        -0.500000 0.118110 -1.692913,
        -0.498122 0.117863 -1.692913,
        -0.477787 0.115186 -1.692913,
        -0.469431 0.114086 -1.692913,
        -0.459841 0.110114 -1.692913,
        -0.440945 0.102287 -1.692913,
        -0.425914 0.090753 -1.692913,
        -0.416483 0.083517 -1.692913,
        -0.411217 0.076654 -1.692913,
        -0.399683 0.061622 -1.692913,
        -0.397713 0.059055 -1.692913,
        -0.391060 0.042993 -1.692913,
        -0.385914 0.030569 -1.692913,
        -0.385194 0.025098 -1.692913,
        -0.382496 0.004606 -1.692913,
        -0.381890 -0.000000 -1.692913,
        -0.384534 -0.020084 -1.692913,
        -0.385914 -0.030569 -1.692913,
        -0.389168 -0.038424 -1.692913,
        -0.397713 -0.059055 -1.692913,
        -0.408463 -0.073065 -1.692913,
        -0.416483 -0.083517 -1.692913,
        -0.422553 -0.088174 -1.692913,
        -0.437811 -0.099882 -1.692913,
        -0.440945 -0.102287 -1.692913,
        -0.456573 -0.108760 -1.692913,
        -0.469431 -0.114086 -1.692913,
        -0.474661 -0.114774 -1.692913,
        -0.495403 -0.117505 -1.692913,
        -0.500000 -0.118110 -1.692913,
        -0.514426 -0.116211 -1.692913,
        -0.530569 -0.114086 -1.692913,
        -0.534808 -0.112330 -1.692913,
        -0.552560 -0.104977 -1.692913,
        -0.559055 -0.102287 -1.692913,
        -0.570012 -0.093879 -1.692913,
        -0.583517 -0.083517 -1.692913,
        -0.584809 -0.081833 -1.692913,
        -0.597503 -0.065289 -1.692913,
        -0.602287 -0.059055 -1.692913,
        -0.606581 -0.048685 -1.692913,
        -0.614086 -0.030569 -1.692913,
        -0.616729 -0.010491 -1.692913,
        -0.618110 0.000000 -1.692913,
        -0.669855 0.041866 -1.614180,
        -0.660123 0.070967 -1.613587,
        -0.634177 0.033591 -1.678245,
        -0.607072 0.139197 -1.612226,
        -0.600843 0.095203 -1.678003,
        -0.581231 0.155821 -1.611906,
        -0.555209 0.166899 -1.611700,
        -0.525305 0.174004 -1.611581,
        -0.543474 0.131912 -1.677866,
        -0.497092 0.175814 -1.611569,
        -0.466526 0.172589 -1.611664,
        -0.439331 0.164939 -1.611846,
        -0.473682 0.136384 -1.677860,
        -0.411574 0.151760 -1.612144,
        -0.388476 0.135535 -1.612500,
        -0.366673 0.113907 -1.612967,
        -0.350273 0.090959 -1.613456,
        -0.336881 0.063348 -1.614039,
        -0.381889 0.072302 -1.678134,
        -0.329017 0.036278 -1.614604,
        -0.325533 0.005913 -1.615234,
        -0.328433 -0.030746 -1.615987,
        -0.335818 -0.057928 -1.616540,
        -0.364176 -0.023848 -1.678525,
        -0.348683 -0.085698 -1.617100,
        -0.364633 -0.108896 -1.617563,
        -0.673717 -0.016661 -1.615383,
        -0.666123 -0.015769 -1.638804,
        -0.661181 -0.042242 -1.639199,
        -0.653859 -0.014420 -1.660130,
        -0.649319 -0.038951 -1.660356,
        -0.637457 -0.012676 -1.678431,
        -0.633493 -0.034618 -1.678521,
        -0.668573 -0.044349 -1.615959,
        -0.658008 -0.073090 -1.616560,
        -0.614223 -0.076821 -1.678694,
        -0.625230 -0.057431 -1.678614,
        -0.644019 -0.097482 -1.617075,
        -0.624570 -0.121091 -1.617578,
        -0.603331 -0.139474 -1.617975,
        -0.598867 -0.095615 -1.678773,
        -0.582056 -0.110267 -1.678835,
        -0.561340 -0.122913 -1.678890,
        -0.577202 -0.155325 -1.618324,
        -0.551096 -0.165666 -1.618560,
        -0.521216 -0.172005 -1.618717,
        -0.540617 -0.131170 -1.678927,
        -0.516880 -0.136238 -1.678952,
        -0.494578 -0.137161 -1.678959,
        -0.493153 -0.173155 -1.618766,
        -0.462856 -0.169283 -1.618714,
        -0.435965 -0.161103 -1.618570,
        -0.470502 -0.134074 -1.678951,
        -0.449142 -0.127547 -1.678929,
        -0.427452 -0.116652 -1.678889,
        -0.408635 -0.147444 -1.618315,
        -0.385933 -0.130831 -1.617994,
        -0.392609 -0.085936 -1.678771,
        -0.409459 -0.103407 -1.678838,
        -0.639975 -0.064419 -1.660593,
        -0.627594 -0.086039 -1.660795,
        -0.610375 -0.106967 -1.660993,
        -0.591564 -0.123266 -1.661150,
        -0.568418 -0.137321 -1.661287,
        -0.545288 -0.146491 -1.661380,
        -0.518813 -0.152114 -1.661442,
        -0.493946 -0.153135 -1.661461,
        -0.467100 -0.149702 -1.661441,
        -0.443273 -0.142449 -1.661384,
        -0.419061 -0.130338 -1.661283,
        -0.398950 -0.115609 -1.661157,
        -0.380087 -0.096163 -1.660987,
        -0.651058 -0.069714 -1.639611,
        -0.637667 -0.093023 -1.639965,
        -0.619063 -0.115578 -1.640309,
        -0.598754 -0.133137 -1.640581,
        -0.573778 -0.148274 -1.640821,
        -0.548829 -0.158147 -1.640983,
        -0.520278 -0.164199 -1.641090,
        -0.493464 -0.165296 -1.641124,
        -0.464517 -0.161598 -1.641088,
        -0.438821 -0.153787 -1.640990,
        -0.412702 -0.140743 -1.640814,
        -0.391000 -0.124876 -1.640594,
        -0.370631 -0.103924 -1.640298,
        -0.355371 -0.081759 -1.639981,
        -0.365967 -0.075600 -1.660805,
        -0.380028 -0.067479 -1.678698,
        -0.343054 -0.055220 -1.639598,
        -0.354585 -0.050989 -1.660585,
        -0.369924 -0.045415 -1.678611,
        -0.335972 -0.029235 -1.639218,
        -0.348059 -0.026903 -1.660367,
        -0.325478 -0.000250 -1.615361,
        -0.333120 -0.000076 -1.638789,
        -0.345459 0.000113 -1.660121,
        -0.361955 0.000308 -1.678428,
        -0.333168 0.005819 -1.638702,
        -0.345511 0.005573 -1.660071,
        -0.362022 0.005185 -1.678408,
        -0.336474 0.034864 -1.638270,
        -0.348614 0.032465 -1.659824,
        -0.364897 0.029187 -1.678311,
        -0.343974 0.060766 -1.637882,
        -0.355593 0.056435 -1.659602,
        -0.371216 0.050550 -1.678224,
        -0.356764 0.087193 -1.637482,
        -0.367465 0.080879 -1.659373,
        -0.372439 0.109163 -1.637147,
        -0.381994 0.101190 -1.659181,
        -0.394902 0.090354 -1.678059,
        -0.393287 0.129874 -1.636827,
        -0.401304 0.120329 -1.658999,
        -0.412152 0.107341 -1.677988,
        -0.415383 0.145415 -1.636582,
        -0.421754 0.134684 -1.658859,
        -0.430388 0.120068 -1.677933,
        -0.441943 0.158041 -1.636378,
        -0.446324 0.146343 -1.658743,
        -0.452268 0.130395 -1.677888,
        -0.467969 0.165372 -1.636253,
        -0.470393 0.153110 -1.658671,
        -0.497225 0.168462 -1.636188,
        -0.497443 0.155961 -1.658634,
        -0.497737 0.138903 -1.677846,
        -0.524229 0.166729 -1.636196,
        -0.522411 0.154359 -1.658639,
        -0.519937 0.137481 -1.677848,
        -0.552849 0.159923 -1.636278,
        -0.548875 0.148075 -1.658686,
        -0.577751 0.149312 -1.636419,
        -0.571907 0.138274 -1.658766,
        -0.563972 0.123228 -1.677897,
        -0.602475 0.133389 -1.636639,
        -0.594783 0.123567 -1.658891,
        -0.584355 0.110187 -1.677946,
        -0.627937 0.120114 -1.612601,
        -0.622431 0.115114 -1.636896,
        -0.613257 0.106680 -1.659039,
        -0.646785 0.095869 -1.613085,
        -0.640449 0.091901 -1.637228,
        -0.629953 0.085224 -1.659228,
        -0.615776 0.076142 -1.678078,
        -0.653192 0.068064 -1.637572,
        -0.641774 0.063180 -1.659425,
        -0.626385 0.056537 -1.678154,
        -0.662478 0.040215 -1.637979,
        -0.650406 0.037415 -1.659657,
        -0.637700 0.011574 -1.678334,
        -0.654248 0.012730 -1.659881,
        -0.666589 0.013547 -1.638370,
        -0.674177 0.013990 -1.614751,
        -0.574909 0.380214 -0.773261,
        -0.555289 0.382699 -0.805335,
        -0.572980 0.365625 -0.821280,
        -0.627804 0.079178 -1.161123,
        -0.624563 0.065786 -1.081203,
        -0.641837 0.049324 -1.003694,
        -0.678479 0.030882 -0.933734,
        -0.629736 0.098186 -1.151665,
        -0.682663 0.049320 -0.928259,
        -0.687107 0.076742 -0.919704,
        -0.630626 0.156441 -1.120494,
        -0.631078 0.126944 -1.136774,
        -0.689647 0.104711 -0.910300,
        -0.690268 0.132942 -0.899989,
        -0.628363 0.186018 -1.102937,
        -0.624321 0.215081 -1.084200,
        -0.621325 0.230817 -1.073343,
        -0.688955 0.161179 -0.888737,
        -0.687368 0.176812 -0.882077,
        -0.683042 0.203925 -0.869783,
        -0.606974 0.281771 -1.034057,
        -0.614841 0.257300 -1.053793,
        -0.597716 0.304603 -1.014026,
        -0.676808 0.229994 -0.857050,
        -0.668630 0.255133 -0.843883,
        -0.658437 0.279362 -0.830323,
        -0.576539 0.343548 -0.975787,
        -0.587062 0.325954 -0.993761,
        -0.647773 0.299856 -0.818135,
        -0.634117 0.321543 -0.804425,
        -0.563628 0.361765 -0.955685,
        -0.549431 0.378627 -0.935478,
        -0.533840 0.394228 -0.914883,
        -0.581443 0.379387 -0.762581,
        -0.600976 0.361366 -0.776607,
        -0.618537 0.342046 -0.790590,
        -0.588844 0.347368 -0.837120,
        -0.602880 0.328041 -0.852706,
        -0.615165 0.307607 -0.868154,
        -0.624744 0.288285 -0.881905,
        -0.633896 0.265383 -0.897280,
        -0.641234 0.241526 -0.912321,
        -0.646824 0.216649 -0.926985,
        -0.650695 0.190546 -0.941317,
        -0.652100 0.175389 -0.949176,
        -0.653194 0.147894 -0.962598,
        -0.652478 0.120376 -0.975045,
        -0.649975 0.093214 -0.986507,
        -0.645738 0.066828 -0.996990,
        -0.544443 0.387598 -0.827450,
        -0.550388 0.376683 -0.867809,
        -0.565568 0.359689 -0.885920,
        -0.579117 0.341601 -0.903700,
        -0.591127 0.322350 -0.921353,
        -0.600639 0.304020 -0.937103,
        -0.609922 0.282107 -0.954799,
        -0.617603 0.259047 -0.972220,
        -0.623722 0.234729 -0.989315,
        -0.628301 0.208858 -1.006171,
        -0.630171 0.193677 -1.015492,
        -0.632169 0.165920 -1.031526,
        -0.632412 0.137963 -1.046507,
        -0.630907 0.110299 -1.060382,
        -0.627709 0.083474 -1.073094,
        -0.533598 0.392496 -0.849566,
        -0.516920 0.408531 -0.894148,
        -0.521086 0.404526 -0.883012,
        -0.522849 0.404407 -0.804385,
        -0.483026 0.437598 -0.720172,
        -0.466936 0.440891 -0.743617,
        -0.477928 0.434722 -0.755544,
        -0.462407 0.442491 -0.750660,
        -0.450160 0.448871 -0.771062,
        -0.454172 0.446628 -0.795083,
        -0.444066 0.452046 -0.781214,
        -0.441870 0.453191 -0.784872,
        -0.504807 0.429283 -0.716591,
        -0.492878 0.436157 -0.706198,
        -0.490233 0.436124 -0.709672,
        -0.515582 0.436437 -0.676375,
        -0.528670 0.414628 -0.736392,
        -0.499289 0.419585 -0.854720,
        -0.477026 0.433839 -0.825444,
        -0.552079 0.398042 -0.755149,
        -0.500724 0.420421 -0.780509,
        -0.445247 0.450376 -0.765490,
        -0.476942 0.439938 -0.715030,
        -0.452898 0.450588 -0.693509,
        -0.422196 0.459809 -0.737085,
        -0.436332 0.456944 -0.677566,
        -0.417807 0.463164 -0.657894,
        -0.402114 0.467703 -0.638711,
        -0.390205 0.470668 -0.621526,
        -0.380885 0.472643 -0.605387,
        -0.372733 0.474031 -0.587888,
        -0.366059 0.474788 -0.569134,
        -0.331397 0.481950 -0.583080,
        -0.339902 0.481125 -0.605059,
        -0.349378 0.479763 -0.625953,
        -0.359569 0.477904 -0.645573,
        -0.372026 0.475174 -0.666842,
        -0.387883 0.471057 -0.691035,
        -0.406133 0.465475 -0.716304,
        -0.360903 0.474898 -0.548726,
        -0.342361 0.478563 -0.554167,
        -0.323819 0.482229 -0.559608,
        -0.076239 0.020859 -1.148627,
        -0.301450 0.131348 -1.301629,
        -0.293004 0.178639 -1.271667,
        -0.283363 0.219351 -1.243954,
        -0.119422 0.170584 -1.127042,
        -0.125480 0.138447 -1.139420,
        -0.175897 0.145291 -1.161243,
        -0.267767 0.272768 -1.201187,
        -0.058987 0.239460 -1.080040,
        -0.056389 0.303394 -1.034494,
        -0.067277 0.375370 -0.957915,
        -0.064447 0.365538 -0.970625,
        -0.093567 0.375893 -0.964020,
        -0.136536 0.380081 -0.976478,
        -0.102325 0.376068 -0.966054,
        -0.100547 0.366571 -0.978644,
        -0.169463 0.387357 -0.989050,
        -0.152999 0.383719 -0.982764,
        -0.135724 0.371007 -0.989204,
        -0.229765 0.411276 -1.019955,
        -0.230967 0.403890 -1.034502,
        -0.234057 0.389073 -1.061252,
        -0.060386 0.346226 -0.993205,
        -0.057696 0.325546 -1.014462,
        -0.237833 0.372863 -1.086924,
        -0.098406 0.347935 -1.001090,
        -0.097517 0.328064 -1.022202,
        -0.097959 0.306794 -1.042188,
        -0.242572 0.354956 -1.112197,
        -0.135332 0.353181 -1.012025,
        -0.136066 0.334185 -1.033535,
        -0.138069 0.313809 -1.054056,
        -0.139870 0.300835 -1.065941,
        -0.245885 0.343272 -1.127242,
        -0.200675 0.397800 -1.003606,
        -0.169493 0.378784 -1.002157,
        -0.170602 0.361883 -1.025844,
        -0.172702 0.343809 -1.048272,
        -0.175990 0.324312 -1.069882,
        -0.178533 0.311834 -1.082512,
        -0.183651 0.290064 -1.102648,
        -0.252121 0.322450 -1.151750,
        -0.207944 0.401168 -1.007691,
        -0.201387 0.389796 -1.017326,
        -0.203678 0.373907 -1.042337,
        -0.206813 0.356773 -1.066168,
        -0.211036 0.338111 -1.089380,
        -0.214097 0.326070 -1.103077,
        -0.220004 0.304866 -1.125163,
        -0.227073 0.281561 -1.146962,
        -0.259420 0.299212 -1.176290,
        -0.277198 0.241590 -1.227208,
        -0.235293 0.255478 -1.168739,
        -0.189986 0.266456 -1.122177,
        -0.143812 0.278351 -1.084669,
        -0.098846 0.293283 -1.053679,
        -0.244716 0.225284 -1.191103,
        -0.197509 0.240452 -1.141298,
        -0.148987 0.254233 -1.102489,
        -0.101310 0.269967 -1.071598,
        -0.056243 0.289322 -1.045959,
        -0.071838 0.134151 -1.126418,
        -0.068228 0.164605 -1.115986,
        -0.065750 0.183308 -1.108466,
        -0.250962 0.204057 -1.205285,
        -0.206249 0.210956 -1.160450,
        -0.155333 0.228054 -1.119529,
        -0.104993 0.245167 -1.088338,
        -0.057022 0.265087 -1.063704,
        -0.230628 0.113723 -1.210504,
        -0.183600 0.107959 -1.175972,
        -0.130915 0.104517 -1.150480,
        -0.074400 0.103517 -1.134911,
        -0.061979 0.212274 -1.094970,
        -0.115567 0.189687 -1.118578,
        -0.167828 0.179328 -1.145999,
        -0.221531 0.154470 -1.191213,
        -0.270370 0.121611 -1.252879,
        -0.109789 0.218585 -1.103960,
        -0.162816 0.198985 -1.136059,
        -0.212088 0.190591 -1.172326,
        -0.260973 0.165702 -1.228404,
        -0.308359 0.078186 -1.338283,
        -0.279635 0.071993 -1.282089,
        -0.240248 0.068048 -1.232549,
        -0.191795 0.066511 -1.191670,
        -0.136241 0.067444 -1.161109,
        -0.075837 0.070810 -1.142104,
        -0.312298 0.041575 -1.367648,
        -0.286494 0.037688 -1.305064,
        -0.247935 0.035692 -1.249324,
        -0.198409 0.035679 -1.203011,
        -0.140210 0.037650 -1.168272,
        -0.076037 0.041513 -1.146717,
        -0.314181 0.023001 -1.381160,
        -0.142417 0.019376 -1.171264,
        -0.201992 0.018847 -1.207934,
        -0.252024 0.019298 -1.256829,
        -0.290046 0.020706 -1.315537,
        0.128933 0.478395 0.018289,
        -0.329137 0.478232 -0.513613,
        -0.284670 0.479480 -0.370150,
        -0.247987 0.480380 -0.255355,
        -0.191756 0.480694 -0.101118,
        -0.218457 0.480728 -0.170628,
        -0.106689 0.478835 0.071282,
        -0.127539 0.479460 0.036026,
        -0.143723 0.479890 0.005533,
        -0.166997 0.480383 -0.043135,
        -0.086533 0.478187 0.101096,
        -0.015515 0.476040 0.173026,
        -0.017569 0.476092 0.171680,
        -0.032491 0.476494 0.160560,
        -0.047762 0.476946 0.146778,
        -0.063802 0.477450 0.129733,
        -0.068633 0.477605 0.124087,
        0.098261 0.475444 0.160043,
        0.090728 0.475266 0.168968,
        0.082176 0.475127 0.176721,
        0.073765 0.475042 0.182415,
        0.065026 0.474999 0.186674,
        0.055937 0.474996 0.189582,
        0.051089 0.475010 0.190570,
        0.041213 0.475070 0.191485,
        0.031009 0.475170 0.191008,
        0.021124 0.475301 0.189279,
        0.009381 0.475498 0.185707,
        -0.002791 0.475743 0.180353,
        0.127669 0.477396 0.070413,
        0.124536 0.476912 0.093254,
        0.121845 0.476630 0.106130,
        0.117036 0.476254 0.122953,
        0.111150 0.475921 0.137926,
        0.105198 0.475667 0.149494,
        0.129163 0.477895 0.045366,
        0.127919 0.478694 0.000789,
        0.123961 0.479254 -0.035483,
        0.117418 0.479753 -0.073873,
        0.108284 0.480171 -0.114352,
        0.096543 0.480489 -0.156915,
        0.082140 0.480689 -0.201681,
        0.060635 0.480750 -0.260077,
        0.033617 0.480570 -0.325214,
        0.001800 0.480135 -0.395254,
        -0.035489 0.479461 -0.472559,
        -0.074466 0.478700 -0.551863,
        -0.098654 0.476145 -0.648814,
        -0.116225 0.477995 -0.640092,
        -0.133176 0.483480 -0.631678,
        -0.203950 0.416772 -0.972883,
        -0.067853 0.434509 -0.852271,
        -0.106044 0.434082 -0.859116,
        -0.149226 0.438696 -0.869000,
        -0.123560 0.435757 -0.863043,
        -0.104477 0.426503 -0.876113,
        -0.108666 0.434053 -0.859586,
        -0.224620 0.462575 -0.892892,
        -0.193078 0.450251 -0.881919,
        -0.195444 0.444431 -0.899457,
        -0.188022 0.448275 -0.880160,
        -0.100977 0.411401 -0.906556,
        -0.199826 0.431317 -0.936816,
        -0.097191 0.394401 -0.935841,
        -0.152332 0.401206 -0.951930,
        -0.151729 0.417549 -0.919856,
        -0.150946 0.432222 -0.886439,
        -0.182850 0.446998 -0.878672,
        -0.108850 0.474817 -0.667189,
        -0.182319 0.451451 -0.862263,
        -0.125751 0.441255 -0.846579,
        -0.180410 0.460711 -0.825761,
        -0.178707 0.465466 -0.803596,
        -0.129100 0.451652 -0.814551,
        -0.130411 0.456960 -0.795166,
        -0.130939 0.463116 -0.768470,
        -0.129692 0.467615 -0.744058,
        -0.143851 0.482024 -0.653877,
        -0.152489 0.481219 -0.675733,
        -0.159642 0.479887 -0.697411,
        -0.165305 0.478095 -0.718311,
        -0.170929 0.475113 -0.744710,
        -0.175357 0.471016 -0.772937,
        -0.116687 0.474086 -0.685402,
        -0.122566 0.472735 -0.703654,
        -0.126600 0.470842 -0.721418,
        0.632038 0.040288 -1.314236,
        0.631007 0.022085 -1.290485,
        0.650789 0.000663 -1.307066,
        0.661519 -0.055354 -1.286570,
        0.657330 -0.091159 -1.252048,
        0.665939 -0.111957 -1.273173,
        0.440833 -0.479846 -1.033841,
        0.418130 -0.486204 -0.977381,
        0.388567 -0.489703 -0.989524,
        0.672934 -0.110113 -1.339067,
        0.675283 -0.080135 -1.372115,
        0.675747 -0.069404 -1.363289,
        0.593491 -0.332134 -1.273790,
        0.604404 -0.299434 -1.309394,
        0.623928 -0.284032 -1.288710,
        0.261276 -0.407148 -1.082301,
        0.262720 -0.401567 -1.092450,
        0.273594 -0.416972 -1.090686,
        0.270024 -0.374543 -1.137918,
        0.270539 -0.372742 -1.140538,
        0.275302 -0.381163 -1.140875,
        0.325257 -0.086376 -1.398851,
        0.324956 -0.075691 -1.408479,
        0.328589 -0.088045 -1.416962,
        0.347424 0.078336 -1.458331,
        0.353079 0.086456 -1.454314,
        0.352822 0.096774 -1.514585,
        0.573485 0.101326 -1.327402,
        0.584196 0.091665 -1.321888,
        0.584679 0.110317 -1.355553,
        0.609524 0.060806 -1.306367,
        0.613093 0.055520 -1.303841,
        0.629926 0.022113 -1.288711,
        0.630844 0.019743 -1.287657,
        0.644181 -0.026162 -1.267184,
        0.645058 -0.031463 -1.264770,
        0.647939 -0.034772 -1.267713,
        0.646993 -0.043165 -1.259441,
        0.651007 -0.128108 -1.218251,
        0.650760 -0.134656 -1.214853,
        0.658752 -0.154276 -1.234456,
        0.647223 -0.174726 -1.192668,
        0.645467 -0.185571 -1.186026,
        0.648576 -0.195306 -1.194767,
        0.641986 -0.207069 -1.172859,
        0.638830 -0.220974 -1.163487,
        0.639430 -0.222734 -1.164949,
        0.637464 -0.226991 -1.159431,
        0.594704 -0.336887 -1.067162,
        0.588228 -0.347304 -1.056008,
        0.582104 -0.367440 -1.065806,
        0.540934 -0.403595 -0.984258,
        0.539346 -0.404909 -0.982118,
        0.533306 -0.414941 -0.986193,
        0.522608 -0.418596 -0.959644,
        0.505680 -0.430396 -0.937949,
        0.494180 -0.442952 -0.943528,
        0.565891 -0.380213 -1.024869,
        0.553313 -0.404362 -1.036230,
        0.561159 -0.382944 -1.013260,
        0.556936 -0.387851 -1.006907,
        0.584544 -0.353228 -1.049665,
        0.571935 -0.370427 -1.029468,
        0.567573 -0.375494 -1.022907,
        0.605175 -0.317661 -1.086332,
        0.604084 -0.326604 -1.091093,
        0.609248 -0.309796 -1.093974,
        0.618833 -0.295896 -1.119328,
        0.609826 -0.308678 -1.095059,
        0.629918 -0.255901 -1.138947,
        0.620607 -0.283283 -1.117333,
        0.618973 -0.287132 -1.113957,
        0.634857 -0.238479 -1.151689,
        0.630120 -0.255305 -1.139418,
        0.630660 -0.274229 -1.151956,
        0.650478 -0.142124 -1.210978,
        0.650942 -0.080834 -1.241878,
        0.651344 -0.088611 -1.238156,
        0.648169 -0.050271 -1.256206,
        0.650724 -0.076624 -1.243894,
        0.632411 0.015695 -1.285859,
        0.638900 -0.004259 -1.276993,
        0.613270 0.055257 -1.303716,
        0.622067 0.039490 -1.296491,
        0.629267 0.023571 -1.289364,
        0.593075 0.082572 -1.317113,
        0.594839 0.080594 -1.316128,
        0.610659 0.094822 -1.363067,
        0.585364 0.090611 -1.321287,
        0.552875 0.122443 -1.349764,
        0.552711 0.116001 -1.337565,
        0.561083 0.110717 -1.333526,
        0.531822 0.127134 -1.347593,
        0.534871 0.125756 -1.346128,
        0.548200 0.118848 -1.339742,
        0.531361 0.127343 -1.347814,
        0.553059 0.139096 -1.387610,
        0.519651 0.131898 -1.353485,
        0.519796 0.145617 -1.385140,
        0.517533 0.132722 -1.354511,
        0.503630 0.136807 -1.361388,
        0.486943 0.146173 -1.384959,
        0.486909 0.139958 -1.369951,
        0.489686 0.139640 -1.368488,
        0.459780 0.141552 -1.384607,
        0.473593 0.141376 -1.376995,
        0.475734 0.141240 -1.375842,
        0.446310 0.140517 -1.392331,
        0.454695 0.141161 -1.387523,
        0.454640 0.154379 -1.427102,
        0.455820 0.141248 -1.386878,
        0.486925 0.159666 -1.425727,
        0.417932 0.134067 -1.409652,
        0.420487 0.134907 -1.408032,
        0.424413 0.143685 -1.429975,
        0.424493 0.135975 -1.405549,
        0.433206 0.138298 -1.400148,
        0.374105 0.109208 -1.439220,
        0.384039 0.116907 -1.432242,
        0.397124 0.128200 -1.434179,
        0.394660 0.123631 -1.424947,
        0.397197 0.124917 -1.423253,
        0.405961 0.129362 -1.417398,
        0.371211 0.106663 -1.441277,
        0.373497 0.108674 -1.439652,
        0.373383 0.116739 -1.475011,
        0.373805 0.108944 -1.439433,
        0.397012 0.136705 -1.471467,
        0.373269 0.121866 -1.512266,
        0.354493 0.088486 -1.453309,
        0.362421 0.097936 -1.447581,
        0.338294 0.070616 -1.517021,
        0.338525 0.061859 -1.464200,
        0.339341 0.063755 -1.463732,
        0.341207 0.067493 -1.462542,
        0.328531 0.042856 -1.519622,
        0.330222 0.039869 -1.468289,
        0.334305 0.052052 -1.466622,
        0.323402 -0.002091 -1.462735,
        0.323880 0.003487 -1.464298,
        0.323763 0.004609 -1.468111,
        0.324517 0.010926 -1.466383,
        0.323586 0.014422 -1.522301,
        0.324630 0.012257 -1.466756,
        0.324829 0.013831 -1.467055,
        0.327069 0.027169 -1.468535,
        0.328809 0.034180 -1.468399,
        0.323837 -0.039910 -1.439781,
        0.323238 -0.026072 -1.450461,
        0.323750 -0.025939 -1.476545,
        0.323148 -0.008891 -1.459977,
        0.324152 -0.047173 -1.434175,
        0.329124 -0.069535 -1.447163,
        0.328081 -0.098030 -1.404158,
        0.325146 -0.088894 -1.396890,
        0.322790 -0.142596 -1.355065,
        0.322852 -0.141182 -1.356166,
        0.323681 -0.143093 -1.358094,
        0.320878 -0.158213 -1.344070,
        0.334684 -0.163574 -1.378518,
        0.316634 -0.192881 -1.319664,
        0.302838 -0.259442 -1.267811,
        0.308381 -0.236043 -1.287248,
        0.321401 -0.226593 -1.319307,
        0.313189 -0.210897 -1.306133,
        0.304115 -0.272365 -1.265889,
        0.301156 -0.265724 -1.262013,
        0.307235 -0.317189 -1.247946,
        0.294121 -0.291984 -1.237769,
        0.294145 -0.291902 -1.237854,
        0.294506 -0.335166 -1.214334,
        0.286302 -0.319013 -1.209504,
        0.280444 -0.350264 -1.178222,
        0.278348 -0.345843 -1.177380,
        0.279340 -0.342455 -1.181859,
        0.291089 -0.368711 -1.180739,
        0.273291 -0.363112 -1.154548,
        0.275978 -0.353935 -1.166681,
        0.293435 -0.406474 -1.140308,
        0.265245 -0.391810 -1.110195,
        0.266844 -0.386034 -1.119468,
        0.273090 -0.445596 -1.032537,
        0.256354 -0.427606 -1.037884,
        0.257561 -0.422080 -1.050655,
        0.676310 0.017060 -1.590886,
        0.674207 0.032459 -1.560530,
        0.677153 0.000294 -1.560153,
        0.676678 -0.014040 -1.590065,
        0.677124 -0.000576 -1.590420,
        0.677182 0.001165 -1.590466,
        0.662253 -0.071757 -1.588556,
        0.662530 -0.070938 -1.588577,
        0.662615 -0.071355 -1.531365,
        0.672206 -0.042293 -1.589323,
        0.672044 -0.043521 -1.528756,
        0.676615 -0.014441 -1.590054,
        0.676661 -0.015072 -1.526074,
        0.648669 -0.096946 -1.587905,
        0.648413 -0.097650 -1.533815,
        0.629521 -0.121448 -1.587278,
        0.628345 -0.122897 -1.536149,
        0.628241 -0.122614 -1.587249,
        0.608360 -0.140719 -1.586793,
        0.605004 -0.143365 -1.538022,
        0.604816 -0.142990 -1.586737,
        0.582182 -0.157496 -1.586378,
        0.577962 -0.159685 -1.539493,
        0.577821 -0.159346 -1.586334,
        0.555842 -0.168672 -1.586113,
        0.547922 -0.171104 -1.540491,
        0.547783 -0.170581 -1.586072,
        0.525589 -0.175839 -1.585958,
        0.515755 -0.176981 -1.540957,
        0.515706 -0.176473 -1.585953,
        0.497052 -0.177669 -1.585943,
        0.482918 -0.176859 -1.540855,
        0.482973 -0.176191 -1.585998,
        0.466131 -0.174423 -1.586065,
        0.449608 -0.170397 -1.540150,
        0.449742 -0.169831 -1.586206,
        0.417668 -0.157478 -1.538838,
        0.391448 -0.140693 -1.537176,
        0.391639 -0.140228 -1.587058,
        0.410505 -0.153422 -1.586687,
        0.417878 -0.156908 -1.586585,
        0.438611 -0.166713 -1.586301,
        0.368615 -0.119617 -1.535117,
        0.355222 -0.102943 -1.533501,
        0.355669 -0.102275 -1.588105,
        0.364963 -0.115204 -1.587752,
        0.368879 -0.119070 -1.587645,
        0.387092 -0.137048 -1.587148,
        0.329505 -0.046624 -1.589607,
        0.334631 -0.064065 -1.589141,
        0.339633 -0.076226 -1.530928,
        0.340212 -0.075485 -1.588832,
        0.348286 -0.092005 -1.588385,
        0.324177 -0.016352 -1.590413,
        0.326571 -0.036643 -1.589874,
        0.323533 -0.015558 -1.560160,
        0.329007 -0.047351 -1.528165,
        0.323533 0.016123 -1.560530,
        0.322863 0.000403 -1.590857,
        0.322939 -0.005851 -1.590692,
        0.328478 0.044674 -1.560861,
        0.325767 0.031369 -1.591670,
        0.324250 0.015195 -1.591245,
        0.338241 0.072546 -1.561181,
        0.333186 0.058998 -1.592389,
        0.329069 0.043663 -1.591990,
        0.352769 0.098809 -1.561480,
        0.346182 0.087252 -1.593118,
        0.338892 0.071403 -1.592709,
        0.373215 0.124001 -1.561763,
        0.362340 0.110876 -1.593720,
        0.353278 0.097627 -1.593382,
        0.396840 0.144278 -1.561987,
        0.383957 0.133228 -1.594282,
        0.373744 0.122668 -1.594016,
        0.424122 0.160331 -1.562160,
        0.407026 0.150168 -1.594700,
        0.397215 0.142963 -1.594522,
        0.454345 0.171413 -1.562273,
        0.434822 0.164101 -1.595033,
        0.424448 0.158901 -1.594908,
        0.486627 0.176888 -1.562319,
        0.462186 0.172446 -1.595220,
        0.454520 0.170109 -1.595167,
        0.519480 0.176319 -1.562295,
        0.493024 0.176396 -1.595288,
        0.486723 0.175589 -1.595274,
        0.552746 0.169360 -1.562195,
        0.521590 0.175218 -1.595224,
        0.519513 0.175304 -1.595228,
        0.584548 0.155920 -1.562021,
        0.578551 0.158188 -1.594712,
        0.551997 0.168743 -1.595019,
        0.610526 0.138696 -1.561806,
        0.605107 0.142019 -1.594257,
        0.584345 0.154660 -1.594613,
        0.633048 0.117226 -1.561543,
        0.626670 0.123278 -1.593740,
        0.610289 0.137515 -1.594133,
        0.652689 0.090094 -1.561215,
        0.646383 0.099229 -1.593085,
        0.632640 0.115995 -1.593542,
        0.665995 0.062152 -1.560881,
        0.660531 0.074404 -1.592416,
        0.652241 0.088951 -1.592808,
        0.673677 0.031485 -1.591269,
        0.671176 0.045183 -1.591633,
        0.665396 0.061051 -1.592058,
        0.515830 -0.436891 -0.996772,
        0.372802 -0.462163 -1.123337,
        0.321680 -0.459499 -1.078320,
        0.342966 -0.448236 -1.131560,
        0.294692 -0.439416 -1.085876,
        0.315291 -0.428516 -1.137398,
        0.470386 -0.437804 -1.195418,
        0.421850 -0.455166 -1.160720,
        0.439640 -0.436060 -1.206425,
        0.391275 -0.447585 -1.169992,
        0.408746 -0.428820 -1.214876,
        0.360956 -0.434039 -1.176996,
        0.377916 -0.415822 -1.220565,
        0.332622 -0.414841 -1.181165,
        0.348894 -0.397365 -1.222964,
        0.310042 -0.393373 -1.182245,
        0.325567 -0.376700 -1.222120,
        0.305771 -0.352944 -1.218448,
        0.617590 -0.307559 -1.126756,
        0.597454 -0.350974 -1.105229,
        0.501514 -0.387603 -1.279563,
        0.486943 -0.414428 -1.239178,
        0.456038 -0.412906 -1.249764,
        0.470434 -0.386402 -1.289667,
        0.424811 -0.406133 -1.257335,
        0.438884 -0.380227 -1.296338,
        0.393468 -0.393860 -1.261663,
        0.407064 -0.368839 -1.299334,
        0.363766 -0.376361 -1.262259,
        0.376746 -0.352486 -1.298207,
        0.339709 -0.356727 -1.259481,
        0.352037 -0.334065 -1.293604,
        0.319098 -0.334122 -1.253647,
        0.330707 -0.312803 -1.285753,
        0.318320 -0.296846 -1.278583,
        0.294829 -0.289346 -1.240213,
        0.642005 -0.247563 -1.185433,
        0.523802 -0.417765 -0.961173,
        0.489540 -0.448018 -0.945779,
        0.493172 -0.456429 -1.009039,
        0.470537 -0.461906 -0.954474,
        0.457488 -0.471443 -0.960444,
        0.468340 -0.470579 -1.021301,
        0.445568 -0.476151 -0.965592,
        0.420962 -0.485869 -0.976218,
        0.381016 -0.481652 -1.058126,
        0.358431 -0.487165 -1.001435,
        0.342962 -0.484996 -1.007482,
        0.328935 -0.479219 -1.012676,
        0.351022 -0.473687 -1.068860,
        0.305939 -0.469747 -1.021188,
        0.300028 -0.465401 -1.023230,
        0.257824 -0.420871 -1.053447,
        0.597789 -0.331926 -1.072475,
        0.570261 -0.391005 -1.079027,
        0.536546 -0.425936 -1.048583,
        0.629737 -0.285292 -1.160285,
        0.611704 -0.330874 -1.142869,
        0.586343 -0.373750 -1.120333,
        0.554142 -0.412063 -1.093020,
        0.514511 -0.445142 -1.062411,
        0.651628 -0.218716 -1.216811,
        0.641354 -0.257974 -1.194585,
        0.624478 -0.307435 -1.178160,
        0.601273 -0.352686 -1.159777,
        0.570863 -0.394117 -1.135973,
        0.532674 -0.430819 -1.108280,
        0.490123 -0.459056 -1.075785,
        0.336806 -0.247906 -1.335753,
        0.350010 -0.261707 -1.345475,
        0.341387 -0.287628 -1.317358,
        0.372481 -0.279956 -1.356892,
        0.363365 -0.307344 -1.327159,
        0.398247 -0.295584 -1.364797,
        0.388668 -0.324347 -1.333550,
        0.429596 -0.309213 -1.369143,
        0.419559 -0.339335 -1.336398,
        0.462254 -0.318392 -1.368756,
        0.451837 -0.349636 -1.334772,
        0.494415 -0.322951 -1.363988,
        0.483713 -0.355040 -1.329072,
        0.525889 -0.323110 -1.355110,
        0.514992 -0.355775 -1.319556,
        0.445485 -0.235255 -1.439151,
        0.478715 -0.241846 -1.441268,
        0.472663 -0.276804 -1.408950,
        0.511381 -0.244061 -1.438753,
        0.505133 -0.280147 -1.405378,
        0.543290 -0.242120 -1.431873,
        0.536852 -0.279336 -1.397457,
        0.350589 -0.182897 -1.396958,
        0.364161 -0.195194 -1.408176,
        0.387189 -0.211121 -1.421887,
        0.413520 -0.224328 -1.432170,
        0.651691 -0.110016 -1.227639,
        0.662144 -0.176403 -1.257756,
        0.651166 -0.228562 -1.226583,
        0.636619 -0.278856 -1.214051,
        0.614611 -0.328191 -1.196658,
        0.586383 -0.372218 -1.176981,
        0.549948 -0.412275 -1.152656,
        0.508682 -0.444416 -1.122658,
        0.462897 -0.468173 -1.089029,
        0.411423 -0.483674 -1.046259,
        0.382047 -0.490475 -0.992202,
        0.670834 -0.102169 -1.390410,
        0.668640 -0.130425 -1.359343,
        0.664848 -0.162732 -1.328063,
        0.661571 -0.123624 -1.408472,
        0.659537 -0.150100 -1.379449,
        0.655884 -0.181197 -1.349311,
        0.648767 -0.222732 -1.311087,
        0.647531 -0.143784 -1.425710,
        0.645657 -0.168475 -1.398733,
        0.642150 -0.198298 -1.369804,
        0.635117 -0.239246 -1.332068,
        0.615652 -0.254462 -1.352929,
        0.622566 -0.214299 -1.389990,
        0.627623 -0.163006 -1.442472,
        0.604419 -0.178443 -1.456295,
        0.599656 -0.226813 -1.406916,
        0.592879 -0.266096 -1.370630,
        0.581651 -0.310958 -1.327207,
        0.570652 -0.343919 -1.291320,
        0.557168 -0.375742 -1.251336,
        0.577491 -0.190577 -1.467594,
        0.573000 -0.236243 -1.421080,
        0.566384 -0.274535 -1.385683,
        0.555250 -0.318998 -1.342656,
        0.544255 -0.351952 -1.306781,
        0.530710 -0.383930 -1.266600,
        0.516115 -0.410794 -1.226157,
        0.338865 -0.120712 -1.422224,
        0.354595 -0.141818 -1.438748,
        0.368074 -0.155065 -1.448940,
        0.391011 -0.171933 -1.461629,
        0.417306 -0.185535 -1.471470,
        0.449296 -0.196246 -1.478656,
        0.482618 -0.201964 -1.481680,
        0.515431 -0.202740 -1.480675,
        0.547540 -0.198836 -1.475867,
        0.339307 -0.111698 -1.433719,
        0.354978 -0.133657 -1.449089,
        0.368421 -0.147410 -1.458596,
        0.391316 -0.164872 -1.470478,
        0.417581 -0.178885 -1.479755,
        0.449554 -0.189825 -1.486622,
        0.482873 -0.195526 -1.489658,
        0.515699 -0.196057 -1.488970,
        0.547836 -0.191696 -1.484766,
        0.603595 0.069588 -1.310563,
        0.633184 0.075537 -1.372496,
        0.651762 0.018033 -1.329688,
        0.664244 -0.021256 -1.324372,
        0.670035 -0.076987 -1.306933,
        0.669349 -0.134103 -1.296531,
        0.661813 -0.185762 -1.268004,
        0.646792 -0.248369 -1.247230,
        0.627218 -0.298492 -1.233962,
        0.600203 -0.346819 -1.215220,
        0.565969 -0.389665 -1.194994,
        0.526337 -0.425461 -1.168013,
        0.481698 -0.453339 -1.136515,
        0.433587 -0.471947 -1.101696,
        0.673461 -0.028983 -1.362983,
        0.676512 -0.055104 -1.381775,
        0.676013 -0.066342 -1.389919,
        0.671493 -0.089446 -1.406776,
        0.662158 -0.111985 -1.423383,
        0.648048 -0.133209 -1.439193,
        0.628070 -0.153502 -1.454523,
        0.604806 -0.169861 -1.467114,
        0.577827 -0.182793 -1.477348,
        0.339756 -0.095521 -1.460024,
        0.355348 -0.119583 -1.471887,
        0.368744 -0.134611 -1.479267,
        0.391581 -0.153627 -1.488560,
        0.417803 -0.168798 -1.495911,
        0.449745 -0.180511 -1.501494,
        0.483056 -0.186428 -1.504178,
        0.515893 -0.186645 -1.504027,
        0.548059 -0.181468 -1.501194,
        0.666141 0.026145 -1.396841,
        0.674357 -0.000455 -1.410026,
        0.677309 -0.029252 -1.424348,
        0.676767 -0.041661 -1.430534,
        0.672156 -0.067213 -1.443300,
        0.662731 -0.092197 -1.455820,
        0.648534 -0.115782 -1.467680,
        0.628471 -0.138407 -1.479109,
        0.605135 -0.156725 -1.488419,
        0.578095 -0.171304 -1.495894,
        0.417808 -0.165000 -1.504519,
        0.449744 -0.177139 -1.509148,
        0.483052 -0.183229 -1.511452,
        0.515889 -0.183374 -1.511475,
        0.548059 -0.177896 -1.509339,
        0.329158 -0.055203 -1.484640,
        0.339773 -0.083162 -1.492387,
        0.610829 0.110429 -1.398560,
        0.584857 0.126527 -1.392404,
        0.403086 -0.469974 -1.113328,
        0.452461 -0.457054 -1.149366,
        0.499575 -0.434143 -1.182442,
        0.542694 -0.402374 -1.211242,
        0.580188 -0.363515 -1.234364,
        0.613197 -0.316185 -1.253703,
        0.637701 -0.267078 -1.268157,
        0.657674 -0.204696 -1.289504,
        0.669015 -0.143533 -1.306745,
        0.673325 -0.100185 -1.329317,
        0.672619 -0.044427 -1.342958,
        0.665155 -0.004799 -1.345763,
        0.652830 0.051194 -1.384467,
        0.633343 0.090370 -1.406240,
        0.652974 0.065029 -1.415951,
        0.355350 -0.109030 -1.499571,
        0.368736 -0.125174 -1.504064,
        0.391561 -0.145581 -1.509759,
        0.417773 -0.161833 -1.514315,
        0.449708 -0.174340 -1.517853,
        0.483015 -0.180597 -1.519669,
        0.515852 -0.180714 -1.519787,
        0.548022 -0.175023 -1.518301,
        0.578066 -0.163966 -1.515327,
        0.605116 -0.148164 -1.511035,
        0.628465 -0.128345 -1.505624,
        0.648543 -0.103899 -1.498928,
        0.662756 -0.078439 -1.491935,
        0.672198 -0.051488 -1.484519,
        0.676826 -0.023942 -1.476925,
        0.677376 -0.010570 -1.473234,
        0.674443 0.020444 -1.464663,
        0.666244 0.049073 -1.456736,
        0.652950 0.076014 -1.449263,
        0.633320 0.102170 -1.441989,
        0.610807 0.122868 -1.436215,
        0.584837 0.139471 -1.431562,
        0.553041 0.152422 -1.427902,
        0.519778 0.159124 -1.425963,
        0.323585 -0.017127 -1.525288,
        0.633212 0.110176 -1.477143,
        0.610696 0.131298 -1.473222,
        0.584721 0.148240 -1.470048,
        0.552922 0.161454 -1.467531,
        0.519658 0.168289 -1.466169,
        0.486805 0.168837 -1.465951,
        0.454522 0.163435 -1.466816,
        0.424297 0.152516 -1.468692,
        0.677205 -0.001262 -1.524769,
        0.674259 0.030770 -1.521728,
        0.666048 0.060338 -1.518905,
        0.652742 0.088163 -1.516233,
        0.633100 0.115177 -1.513621,
        0.610579 0.136554 -1.511535,
        0.584601 0.153701 -1.509839,
        0.552799 0.167078 -1.508484,
        0.519533 0.174000 -1.507736,
        0.486680 0.174561 -1.507592,
        0.454398 0.169101 -1.508019,
        0.424176 0.158057 -1.508981,
        0.396894 0.142065 -1.510419,
        0.324085 -0.045626 -1.435369,
        0.250302 -0.440575 -0.997995,
        0.251905 -0.477612 -0.889569,
        0.236932 -0.469487 -0.894962,
        0.236663 -0.469135 -0.895722,
        0.253560 -0.478510 -0.888972,
        0.236359 -0.468793 -0.896196,
        0.236022 -0.468487 -0.896489,
        0.244641 -0.450981 -0.961624,
        0.243915 -0.452316 -0.956958,
        0.236941 -0.462849 -0.914866,
        0.235619 -0.468174 -0.896670,
        0.235148 -0.467854 -0.896740,
        0.234363 -0.467385 -0.896645,
        0.233682 -0.467021 -0.896423,
        0.274962 -0.490124 -0.881263,
        0.277724 -0.490813 -0.880207,
        0.290209 -0.493931 -0.875430,
        0.305680 -0.497796 -0.869511,
        0.311781 -0.499320 -0.867177,
        0.329022 -0.499123 -0.860236,
        0.333877 -0.499067 -0.858282,
        0.353036 -0.498849 -0.850570,
        0.361269 -0.496519 -0.847085,
        0.367657 -0.494712 -0.844381,
        0.386917 -0.489263 -0.836228,
        0.391421 -0.487989 -0.834321,
        0.423884 -0.468690 -0.818873,
        0.423302 -0.469256 -0.819772,
        0.434082 -0.464728 -0.834304,
        0.423015 -0.469506 -0.820076,
        0.458234 -0.454507 -0.869948,
        0.404070 -0.480665 -0.828681,
        0.409461 -0.477543 -0.826277,
        0.422045 -0.470257 -0.820665,
        0.460187 -0.453574 -0.872762,
        0.482188 -0.443070 -0.904470,
        0.114261 -0.520164 -0.214421,
        0.141168 -0.512470 -0.207035,
        0.093732 -0.510551 -0.081227,
        0.184173 -0.503795 -0.274852,
        0.157873 -0.504997 -0.202941,
        0.203344 -0.502084 -0.329180,
        0.190339 -0.507966 -0.332870,
        0.223545 -0.500281 -0.386424,
        0.273368 -0.495393 -0.529214,
        0.378717 -0.481385 -0.754783,
        0.360041 -0.485133 -0.723941,
        0.387961 -0.479247 -0.769251,
        0.343563 -0.487961 -0.694749,
        0.330293 -0.489927 -0.669397,
        0.319080 -0.491374 -0.646288,
        0.308196 -0.492588 -0.621980,
        0.297844 -0.493562 -0.596741,
        0.289694 -0.495207 -0.584555,
        0.292863 -0.493942 -0.583419,
        0.287900 -0.494320 -0.570149,
        0.418600 -0.471275 -0.815621,
        0.395069 -0.477603 -0.780376,
        0.235098 -0.471830 -0.880945,
        0.228999 -0.478109 -0.839059,
        0.195670 -0.491523 -0.691813,
        0.202860 -0.490109 -0.715950,
        0.177834 -0.493701 -0.641111,
        0.187288 -0.492730 -0.666644,
        0.179144 -0.496651 -0.625663,
        0.210805 -0.487939 -0.746297,
        0.218074 -0.485096 -0.778630,
        0.224777 -0.481324 -0.813695,
        0.226856 -0.479741 -0.826184,
        0.127266 -0.497230 -0.523370,
        0.167112 -0.494462 -0.614833,
        0.172565 -0.494075 -0.628198,
        0.027695 -0.504537 -0.297161,
        0.056865 -0.502843 -0.365424,
        0.078606 -0.509633 -0.371030,
        0.062281 -0.502425 -0.377635,
        0.091054 -0.500209 -0.442489,
        0.002665 -0.505238 -0.235028,
        0.009434 -0.505048 -0.251832,
        0.028904 -0.514025 -0.243724,
        -0.031771 -0.504221 -0.139280,
        -0.017697 -0.505002 -0.180428,
        -0.018964 -0.511641 -0.116454,
        -0.053743 -0.501350 -0.064653,
        -0.043756 -0.502981 -0.100746,
        -0.036549 -0.503727 -0.123917,
        -0.070359 -0.496032 0.015360,
        -0.069260 -0.496568 0.008547,
        -0.063963 -0.498656 0.010762,
        -0.067948 -0.497207 0.000412,
        -0.061788 -0.499400 -0.030944,
        -0.075316 -0.489084 0.088289,
        -0.075516 -0.490200 0.077854,
        -0.036046 -0.505965 0.021344,
        -0.070294 -0.485281 0.122629,
        -0.072512 -0.486283 0.113601,
        -0.074327 -0.487601 0.101759,
        -0.074972 -0.492105 0.059104,
        -0.073298 -0.494044 0.038503,
        -0.073276 -0.494069 0.038237,
        -0.046117 -0.482620 0.151438,
        -0.051029 -0.482631 0.149834,
        -0.007002 -0.508101 0.030700,
        -0.055611 -0.482802 0.147080,
        -0.059861 -0.483139 0.143108,
        -0.063983 -0.483692 0.137448,
        -0.067397 -0.484396 0.130733,
        -0.069690 -0.485096 0.124320,
        -0.010439 -0.485795 0.136957,
        -0.011882 -0.485579 0.138307,
        -0.019269 -0.484608 0.143938,
        -0.026263 -0.483831 0.148015,
        -0.032044 -0.483309 0.150367,
        -0.037899 -0.482912 0.151693,
        -0.043444 -0.482677 0.151824,
        0.042293 -0.495010 0.064670,
        0.030791 -0.492928 0.084261,
        0.021820 -0.505397 0.038524,
        0.027461 -0.492316 0.089567,
        0.016654 -0.490332 0.105657,
        0.006709 -0.488550 0.118807,
        -0.002733 -0.486960 0.129615,
        -0.004017 -0.486756 0.130944,
        0.058297 -0.497756 0.034844,
        0.052761 -0.496810 0.045230,
        0.049104 -0.498240 0.044540,
        0.043439 -0.495218 0.062719,
        0.107067 -0.503808 -0.072502,
        0.087436 -0.501884 -0.026719,
        0.074396 -0.500204 0.001865,
        0.154428 -0.505155 -0.193522,
        0.129152 -0.505019 -0.127339,
        0.109259 -0.503928 -0.077945,
        0.037926 -0.520958 -0.096241,
        0.008951 -0.518945 -0.105863,
        0.163682 -0.515712 -0.340948,
        0.135313 -0.518839 -0.350259,
        0.106514 -0.516934 -0.360420,
        0.056816 -0.521327 -0.233124,
        0.085712 -0.523254 -0.223233,
        0.066622 -0.518026 -0.087924,
        0.235627 -0.505899 -0.604330,
        0.263595 -0.502846 -0.594019,
        0.207046 -0.503953 -0.615034,
      ]
    }
    coordIndex [
      212, 211, 444, -1,
      210, 209, 445, -1,
      388, 387, 446, -1,
      215, 216, 447, -1,
      393, 392, 448, -1,
      217, 218, 449, -1,
      219, 220, 450, -1,
      221, 222, 451, -1,
      398, 397, 452, -1,
      223, 224, 453, -1,
      225, 226, 454, -1,
      227, 231, 455, -1,
      403, 402, 456, -1,
      230, 229, 457, -1,
      228, 235, 458, -1,
      234, 233, 459, -1,
      232, 239, 460, -1,
      238, 237, 461, -1,
      410, 409, 462, -1,
      236, 241, 463, -1,
      240, 243, 464, -1,
      245, 244, 465, -1,
      247, 246, 466, -1,
      417, 416, 467, -1,
      249, 248, 468, -1,
      251, 250, 469, -1,
      470, 471, 472, -1,
      471, 473, 474, -1,
      473, 475, 476, -1,
      205, 470, 274, -1,
      274, 470, 477, -1,
      274, 477, 275, -1,
      443, 442, 475, -1,
      475, 442, 441, -1,
      475, 441, 476, -1,
      476, 441, 440, -1,
      275, 477, 276, -1,
      276, 477, 478, -1,
      276, 478, 272, -1,
      439, 479, 440, -1,
      440, 479, 480, -1,
      440, 480, 476, -1,
      272, 478, 273, -1,
      273, 478, 481, -1,
      273, 481, 270, -1,
      270, 481, 271, -1,
      271, 481, 482, -1,
      271, 482, 268, -1,
      268, 482, 269, -1,
      269, 482, 483, -1,
      269, 483, 266, -1,
      439, 438, 479, -1,
      479, 438, 437, -1,
      479, 437, 484, -1,
      484, 437, 436, -1,
      484, 436, 485, -1,
      485, 436, 435, -1,
      485, 435, 486, -1,
      486, 435, 434, -1,
      266, 483, 267, -1,
      267, 483, 487, -1,
      267, 487, 264, -1,
      264, 487, 488, -1,
      264, 488, 265, -1,
      265, 488, 489, -1,
      265, 489, 262, -1,
      434, 433, 486, -1,
      486, 433, 432, -1,
      486, 432, 490, -1,
      490, 432, 431, -1,
      490, 431, 491, -1,
      491, 431, 430, -1,
      491, 430, 492, -1,
      492, 430, 429, -1,
      262, 489, 263, -1,
      263, 489, 493, -1,
      263, 493, 260, -1,
      260, 493, 261, -1,
      261, 493, 494, -1,
      261, 494, 258, -1,
      258, 494, 259, -1,
      259, 494, 495, -1,
      259, 495, 256, -1,
      429, 428, 492, -1,
      492, 428, 427, -1,
      492, 427, 496, -1,
      496, 427, 426, -1,
      496, 426, 497, -1,
      497, 426, 425, -1,
      497, 425, 498, -1,
      498, 425, 424, -1,
      256, 495, 257, -1,
      257, 495, 499, -1,
      257, 499, 254, -1,
      254, 499, 255, -1,
      255, 499, 500, -1,
      255, 500, 252, -1,
      420, 501, 421, -1,
      421, 501, 502, -1,
      421, 502, 422, -1,
      422, 502, 498, -1,
      422, 498, 423, -1,
      423, 498, 424, -1,
      473, 476, 474, -1,
      474, 476, 480, -1,
      474, 480, 503, -1,
      503, 480, 479, -1,
      503, 479, 504, -1,
      504, 479, 484, -1,
      504, 484, 505, -1,
      505, 484, 485, -1,
      505, 485, 506, -1,
      506, 485, 486, -1,
      506, 486, 507, -1,
      507, 486, 490, -1,
      507, 490, 508, -1,
      508, 490, 491, -1,
      508, 491, 509, -1,
      509, 491, 492, -1,
      509, 492, 510, -1,
      510, 492, 496, -1,
      510, 496, 511, -1,
      511, 496, 497, -1,
      511, 497, 512, -1,
      512, 497, 498, -1,
      512, 498, 513, -1,
      513, 498, 502, -1,
      513, 502, 514, -1,
      514, 502, 501, -1,
      514, 501, 515, -1,
      471, 474, 472, -1,
      472, 474, 503, -1,
      472, 503, 516, -1,
      516, 503, 504, -1,
      516, 504, 517, -1,
      517, 504, 505, -1,
      517, 505, 518, -1,
      518, 505, 506, -1,
      518, 506, 519, -1,
      519, 506, 507, -1,
      519, 507, 520, -1,
      520, 507, 508, -1,
      520, 508, 521, -1,
      521, 508, 509, -1,
      521, 509, 522, -1,
      522, 509, 510, -1,
      522, 510, 523, -1,
      523, 510, 511, -1,
      523, 511, 524, -1,
      524, 511, 512, -1,
      524, 512, 525, -1,
      525, 512, 513, -1,
      525, 513, 526, -1,
      526, 513, 514, -1,
      526, 514, 527, -1,
      527, 514, 515, -1,
      527, 515, 528, -1,
      470, 472, 477, -1,
      477, 472, 516, -1,
      477, 516, 478, -1,
      478, 516, 517, -1,
      478, 517, 481, -1,
      481, 517, 518, -1,
      481, 518, 482, -1,
      482, 518, 519, -1,
      482, 519, 483, -1,
      483, 519, 520, -1,
      483, 520, 487, -1,
      487, 520, 521, -1,
      487, 521, 488, -1,
      488, 521, 522, -1,
      488, 522, 489, -1,
      489, 522, 523, -1,
      489, 523, 493, -1,
      493, 523, 524, -1,
      493, 524, 494, -1,
      494, 524, 525, -1,
      494, 525, 495, -1,
      495, 525, 526, -1,
      495, 526, 499, -1,
      499, 526, 527, -1,
      499, 527, 500, -1,
      500, 527, 528, -1,
      500, 528, 469, -1,
      469, 250, 500, -1,
      500, 250, 253, -1,
      500, 253, 252, -1,
      248, 251, 468, -1,
      468, 251, 469, -1,
      468, 469, 529, -1,
      529, 469, 528, -1,
      529, 528, 530, -1,
      530, 528, 515, -1,
      530, 515, 531, -1,
      531, 515, 501, -1,
      531, 501, 419, -1,
      419, 501, 420, -1,
      246, 249, 466, -1,
      466, 249, 468, -1,
      466, 468, 532, -1,
      532, 468, 529, -1,
      532, 529, 533, -1,
      533, 529, 530, -1,
      533, 530, 534, -1,
      534, 530, 531, -1,
      534, 531, 418, -1,
      418, 531, 419, -1,
      244, 247, 465, -1,
      465, 247, 466, -1,
      465, 466, 535, -1,
      535, 466, 532, -1,
      535, 532, 536, -1,
      536, 532, 533, -1,
      536, 533, 467, -1,
      467, 533, 534, -1,
      467, 534, 417, -1,
      417, 534, 418, -1,
      242, 245, 537, -1,
      537, 245, 465, -1,
      537, 465, 538, -1,
      538, 465, 535, -1,
      538, 535, 539, -1,
      539, 535, 536, -1,
      539, 536, 540, -1,
      540, 536, 467, -1,
      540, 467, 415, -1,
      415, 467, 416, -1,
      243, 242, 464, -1,
      464, 242, 537, -1,
      464, 537, 541, -1,
      541, 537, 538, -1,
      541, 538, 542, -1,
      542, 538, 539, -1,
      542, 539, 543, -1,
      543, 539, 540, -1,
      543, 540, 414, -1,
      414, 540, 415, -1,
      241, 240, 463, -1,
      463, 240, 464, -1,
      463, 464, 544, -1,
      544, 464, 541, -1,
      544, 541, 545, -1,
      545, 541, 542, -1,
      545, 542, 546, -1,
      546, 542, 543, -1,
      546, 543, 413, -1,
      413, 543, 414, -1,
      237, 236, 461, -1,
      461, 236, 463, -1,
      461, 463, 547, -1,
      547, 463, 544, -1,
      547, 544, 548, -1,
      548, 544, 545, -1,
      548, 545, 549, -1,
      549, 545, 546, -1,
      549, 546, 412, -1,
      412, 546, 413, -1,
      410, 462, 411, -1,
      239, 238, 460, -1,
      460, 238, 461, -1,
      460, 461, 550, -1,
      550, 461, 547, -1,
      550, 547, 551, -1,
      551, 547, 548, -1,
      551, 548, 462, -1,
      462, 548, 549, -1,
      462, 549, 411, -1,
      411, 549, 412, -1,
      233, 232, 459, -1,
      459, 232, 460, -1,
      459, 460, 552, -1,
      552, 460, 550, -1,
      552, 550, 553, -1,
      553, 550, 551, -1,
      553, 551, 554, -1,
      554, 551, 462, -1,
      554, 462, 408, -1,
      408, 462, 409, -1,
      235, 234, 458, -1,
      458, 234, 459, -1,
      458, 459, 555, -1,
      555, 459, 552, -1,
      555, 552, 556, -1,
      556, 552, 553, -1,
      556, 553, 557, -1,
      557, 553, 554, -1,
      557, 554, 407, -1,
      407, 554, 408, -1,
      229, 228, 457, -1,
      457, 228, 458, -1,
      457, 458, 558, -1,
      558, 458, 555, -1,
      558, 555, 559, -1,
      559, 555, 556, -1,
      559, 556, 560, -1,
      560, 556, 557, -1,
      231, 230, 455, -1,
      455, 230, 457, -1,
      455, 457, 561, -1,
      561, 457, 558, -1,
      561, 558, 562, -1,
      562, 558, 559, -1,
      562, 559, 563, -1,
      563, 559, 560, -1,
      403, 456, 404, -1,
      226, 227, 454, -1,
      454, 227, 455, -1,
      454, 455, 564, -1,
      564, 455, 561, -1,
      564, 561, 565, -1,
      565, 561, 562, -1,
      565, 562, 456, -1,
      456, 562, 563, -1,
      456, 563, 404, -1,
      404, 563, 560, -1,
      404, 560, 405, -1,
      405, 560, 557, -1,
      405, 557, 406, -1,
      406, 557, 407, -1,
      224, 225, 453, -1,
      453, 225, 454, -1,
      453, 454, 566, -1,
      566, 454, 564, -1,
      566, 564, 567, -1,
      567, 564, 565, -1,
      567, 565, 568, -1,
      568, 565, 456, -1,
      568, 456, 401, -1,
      401, 456, 402, -1,
      222, 223, 451, -1,
      451, 223, 453, -1,
      451, 453, 569, -1,
      569, 453, 566, -1,
      569, 566, 570, -1,
      570, 566, 567, -1,
      570, 567, 571, -1,
      571, 567, 568, -1,
      571, 568, 400, -1,
      400, 568, 401, -1,
      398, 452, 399, -1,
      220, 221, 450, -1,
      450, 221, 451, -1,
      450, 451, 572, -1,
      572, 451, 569, -1,
      572, 569, 573, -1,
      573, 569, 570, -1,
      573, 570, 452, -1,
      452, 570, 571, -1,
      452, 571, 399, -1,
      399, 571, 400, -1,
      218, 219, 449, -1,
      449, 219, 450, -1,
      449, 450, 574, -1,
      574, 450, 572, -1,
      574, 572, 575, -1,
      575, 572, 573, -1,
      575, 573, 576, -1,
      576, 573, 452, -1,
      576, 452, 396, -1,
      396, 452, 397, -1,
      216, 217, 447, -1,
      447, 217, 449, -1,
      447, 449, 577, -1,
      577, 449, 574, -1,
      577, 574, 578, -1,
      578, 574, 575, -1,
      578, 575, 579, -1,
      579, 575, 576, -1,
      579, 576, 395, -1,
      395, 576, 396, -1,
      393, 448, 394, -1,
      214, 215, 580, -1,
      580, 215, 447, -1,
      580, 447, 581, -1,
      581, 447, 577, -1,
      581, 577, 582, -1,
      582, 577, 578, -1,
      582, 578, 448, -1,
      448, 578, 579, -1,
      448, 579, 394, -1,
      394, 579, 395, -1,
      213, 214, 583, -1,
      583, 214, 580, -1,
      583, 580, 584, -1,
      584, 580, 581, -1,
      584, 581, 585, -1,
      585, 581, 582, -1,
      585, 582, 586, -1,
      586, 582, 448, -1,
      586, 448, 391, -1,
      391, 448, 392, -1,
      209, 213, 445, -1,
      445, 213, 583, -1,
      445, 583, 587, -1,
      587, 583, 584, -1,
      587, 584, 588, -1,
      588, 584, 585, -1,
      588, 585, 589, -1,
      589, 585, 586, -1,
      589, 586, 390, -1,
      390, 586, 391, -1,
      388, 446, 389, -1,
      211, 210, 444, -1,
      444, 210, 445, -1,
      444, 445, 590, -1,
      590, 445, 587, -1,
      590, 587, 591, -1,
      591, 587, 588, -1,
      591, 588, 446, -1,
      446, 588, 589, -1,
      446, 589, 389, -1,
      389, 589, 390, -1,
      387, 386, 446, -1,
      446, 386, 592, -1,
      446, 592, 591, -1,
      591, 592, 593, -1,
      591, 593, 590, -1,
      590, 593, 594, -1,
      590, 594, 444, -1,
      444, 594, 595, -1,
      444, 595, 212, -1,
      208, 207, 595, -1,
      595, 207, 206, -1,
      595, 206, 212, -1,
      205, 208, 470, -1,
      470, 208, 595, -1,
      470, 595, 471, -1,
      471, 595, 594, -1,
      471, 594, 473, -1,
      473, 594, 593, -1,
      473, 593, 475, -1,
      475, 593, 592, -1,
      475, 592, 443, -1,
      443, 592, 386, -1,
      596, 597, 598, -1,
      98, 97, 599, -1,
      96, 95, 600, -1,
      93, 92, 601, -1,
      82, 14, 13, -1,
      91, 90, 602, -1,
      602, 90, 82, -1,
      93, 601, 94, -1,
      180, 99, 98, -1,
      180, 98, 181, -1,
      98, 599, 181, -1,
      181, 599, 603, -1,
      181, 603, 281, -1,
      82, 13, 602, -1,
      602, 13, 12, -1,
      602, 12, 604, -1,
      604, 12, 11, -1,
      604, 11, 605, -1,
      606, 179, 607, -1,
      607, 179, 154, -1,
      607, 154, 603, -1,
      603, 154, 153, -1,
      603, 153, 281, -1,
      11, 10, 605, -1,
      605, 10, 15, -1,
      605, 15, 608, -1,
      608, 15, 9, -1,
      608, 9, 609, -1,
      158, 157, 610, -1,
      610, 157, 156, -1,
      610, 156, 606, -1,
      606, 156, 155, -1,
      606, 155, 179, -1,
      158, 610, 159, -1,
      159, 610, 611, -1,
      159, 611, 177, -1,
      177, 611, 612, -1,
      177, 612, 178, -1,
      9, 8, 609, -1,
      609, 8, 16, -1,
      609, 16, 613, -1,
      613, 16, 23, -1,
      613, 23, 614, -1,
      614, 23, 22, -1,
      614, 22, 615, -1,
      616, 176, 617, -1,
      617, 176, 175, -1,
      617, 175, 612, -1,
      612, 175, 174, -1,
      612, 174, 178, -1,
      618, 280, 616, -1,
      616, 280, 171, -1,
      171, 172, 616, -1,
      616, 172, 173, -1,
      616, 173, 176, -1,
      22, 21, 615, -1,
      615, 21, 20, -1,
      615, 20, 619, -1,
      619, 20, 19, -1,
      619, 19, 620, -1,
      620, 19, 18, -1,
      620, 18, 621, -1,
      622, 168, 623, -1,
      623, 168, 161, -1,
      623, 161, 618, -1,
      618, 161, 160, -1,
      618, 160, 280, -1,
      18, 17, 621, -1,
      621, 17, 26, -1,
      621, 26, 624, -1,
      624, 26, 25, -1,
      624, 25, 625, -1,
      166, 170, 622, -1,
      622, 170, 169, -1,
      622, 169, 168, -1,
      166, 622, 167, -1,
      167, 622, 626, -1,
      167, 626, 627, -1,
      164, 278, 628, -1,
      628, 278, 163, -1,
      628, 163, 627, -1,
      627, 163, 162, -1,
      627, 162, 167, -1,
      30, 629, 27, -1,
      27, 629, 630, -1,
      27, 630, 28, -1,
      28, 630, 631, -1,
      28, 631, 29, -1,
      29, 631, 625, -1,
      29, 625, 24, -1,
      24, 625, 25, -1,
      629, 596, 630, -1,
      630, 596, 598, -1,
      630, 598, 631, -1,
      631, 598, 632, -1,
      631, 632, 625, -1,
      625, 632, 633, -1,
      625, 633, 624, -1,
      624, 633, 634, -1,
      624, 634, 621, -1,
      621, 634, 635, -1,
      621, 635, 620, -1,
      620, 635, 636, -1,
      620, 636, 619, -1,
      619, 636, 637, -1,
      619, 637, 615, -1,
      615, 637, 638, -1,
      615, 638, 614, -1,
      614, 638, 639, -1,
      614, 639, 613, -1,
      613, 639, 640, -1,
      613, 640, 609, -1,
      609, 640, 641, -1,
      609, 641, 608, -1,
      608, 641, 642, -1,
      608, 642, 605, -1,
      605, 642, 643, -1,
      605, 643, 604, -1,
      604, 643, 644, -1,
      604, 644, 602, -1,
      602, 644, 601, -1,
      602, 601, 91, -1,
      91, 601, 92, -1,
      597, 645, 598, -1,
      598, 645, 646, -1,
      598, 646, 632, -1,
      632, 646, 647, -1,
      632, 647, 633, -1,
      633, 647, 648, -1,
      633, 648, 634, -1,
      634, 648, 649, -1,
      634, 649, 635, -1,
      635, 649, 650, -1,
      635, 650, 636, -1,
      636, 650, 651, -1,
      636, 651, 637, -1,
      637, 651, 652, -1,
      637, 652, 638, -1,
      638, 652, 653, -1,
      638, 653, 639, -1,
      639, 653, 654, -1,
      639, 654, 640, -1,
      640, 654, 655, -1,
      640, 655, 641, -1,
      641, 655, 656, -1,
      641, 656, 642, -1,
      642, 656, 657, -1,
      642, 657, 643, -1,
      643, 657, 658, -1,
      643, 658, 644, -1,
      644, 658, 659, -1,
      644, 659, 601, -1,
      601, 659, 600, -1,
      601, 600, 94, -1,
      94, 600, 95, -1,
      645, 660, 646, -1,
      646, 660, 628, -1,
      646, 628, 647, -1,
      647, 628, 627, -1,
      647, 627, 648, -1,
      648, 627, 626, -1,
      648, 626, 649, -1,
      649, 626, 622, -1,
      649, 622, 650, -1,
      650, 622, 623, -1,
      650, 623, 651, -1,
      651, 623, 618, -1,
      651, 618, 652, -1,
      652, 618, 616, -1,
      652, 616, 653, -1,
      653, 616, 617, -1,
      653, 617, 654, -1,
      654, 617, 612, -1,
      654, 612, 655, -1,
      655, 612, 611, -1,
      655, 611, 656, -1,
      656, 611, 610, -1,
      656, 610, 657, -1,
      657, 610, 606, -1,
      657, 606, 658, -1,
      658, 606, 607, -1,
      658, 607, 659, -1,
      659, 607, 603, -1,
      659, 603, 600, -1,
      600, 603, 599, -1,
      600, 599, 96, -1,
      96, 599, 97, -1,
      165, 164, 661, -1,
      661, 164, 628, -1,
      661, 628, 662, -1,
      662, 628, 660, -1,
      660, 645, 663, -1,
      664, 665, 666, -1,
      667, 668, 669, -1,
      669, 668, 670, -1,
      669, 670, 671, -1,
      672, 673, 674, -1,
      35, 34, 675, -1,
      676, 35, 672, -1,
      672, 35, 675, -1,
      672, 675, 673, -1,
      302, 677, 301, -1,
      301, 677, 678, -1,
      301, 678, 299, -1,
      299, 678, 669, -1,
      299, 669, 297, -1,
      297, 669, 671, -1,
      297, 671, 295, -1,
      31, 32, 679, -1,
      679, 32, 7, -1,
      679, 7, 676, -1,
      676, 7, 6, -1,
      676, 6, 35, -1,
      302, 165, 677, -1,
      677, 165, 661, -1,
      677, 661, 662, -1,
      662, 660, 677, -1,
      677, 660, 663, -1,
      677, 663, 678, -1,
      678, 663, 680, -1,
      678, 680, 669, -1,
      669, 680, 666, -1,
      669, 666, 667, -1,
      667, 666, 665, -1,
      645, 597, 663, -1,
      663, 597, 679, -1,
      663, 679, 680, -1,
      680, 679, 676, -1,
      680, 676, 666, -1,
      666, 676, 672, -1,
      666, 672, 664, -1,
      664, 672, 674, -1,
      30, 31, 629, -1,
      629, 31, 679, -1,
      629, 679, 596, -1,
      596, 679, 597, -1,
      675, 34, 33, -1,
      295, 671, 681, -1,
      300, 298, 318, -1,
      318, 298, 296, -1,
      318, 296, 295, -1,
      675, 33, 673, -1,
      665, 664, 682, -1,
      682, 664, 674, -1,
      682, 674, 673, -1,
      671, 670, 681, -1,
      681, 670, 668, -1,
      681, 668, 667, -1,
      673, 33, 682, -1,
      682, 33, 5, -1,
      682, 5, 683, -1,
      295, 681, 318, -1,
      318, 681, 684, -1,
      318, 684, 319, -1,
      5, 4, 683, -1,
      683, 4, 38, -1,
      683, 38, 685, -1,
      685, 38, 37, -1,
      685, 37, 686, -1,
      686, 37, 36, -1,
      686, 36, 687, -1,
      687, 36, 3, -1,
      687, 3, 688, -1,
      3, 2, 688, -1,
      688, 2, 41, -1,
      688, 41, 689, -1,
      689, 41, 40, -1,
      689, 40, 690, -1,
      690, 40, 39, -1,
      690, 39, 691, -1,
      691, 692, 690, -1,
      690, 692, 693, -1,
      690, 693, 689, -1,
      689, 693, 694, -1,
      689, 694, 688, -1,
      688, 694, 695, -1,
      688, 695, 687, -1,
      687, 695, 696, -1,
      687, 696, 686, -1,
      686, 696, 697, -1,
      686, 697, 685, -1,
      685, 697, 698, -1,
      685, 698, 683, -1,
      683, 698, 684, -1,
      683, 684, 682, -1,
      682, 684, 681, -1,
      682, 681, 665, -1,
      665, 681, 667, -1,
      319, 684, 310, -1,
      310, 684, 698, -1,
      310, 698, 308, -1,
      308, 698, 697, -1,
      308, 697, 309, -1,
      309, 697, 696, -1,
      309, 696, 311, -1,
      311, 696, 695, -1,
      311, 695, 312, -1,
      312, 695, 694, -1,
      312, 694, 313, -1,
      313, 694, 693, -1,
      313, 693, 314, -1,
      314, 693, 692, -1,
      314, 692, 315, -1,
      39, 81, 691, -1,
      691, 81, 699, -1,
      691, 699, 692, -1,
      692, 699, 700, -1,
      692, 700, 701, -1,
      315, 692, 316, -1,
      316, 692, 701, -1,
      316, 701, 317, -1,
      78, 79, 702, -1,
      187, 186, 703, -1,
      188, 189, 704, -1,
      192, 191, 705, -1,
      706, 707, 708, -1,
      277, 195, 709, -1,
      64, 69, 710, -1,
      61, 67, 711, -1,
      55, 63, 712, -1,
      712, 63, 713, -1,
      712, 713, 714, -1,
      715, 716, 717, -1,
      718, 719, 720, -1,
      203, 721, 204, -1,
      204, 721, 722, -1,
      204, 722, 279, -1,
      279, 722, 723, -1,
      279, 723, 147, -1,
      63, 62, 713, -1,
      713, 62, 60, -1,
      713, 60, 724, -1,
      724, 60, 59, -1,
      724, 59, 725, -1,
      147, 723, 148, -1,
      148, 723, 726, -1,
      148, 726, 201, -1,
      716, 714, 717, -1,
      717, 714, 713, -1,
      717, 713, 727, -1,
      727, 713, 724, -1,
      727, 724, 728, -1,
      728, 724, 725, -1,
      728, 725, 729, -1,
      201, 726, 202, -1,
      202, 726, 730, -1,
      202, 730, 149, -1,
      719, 715, 720, -1,
      720, 715, 717, -1,
      720, 717, 731, -1,
      731, 717, 727, -1,
      731, 727, 732, -1,
      732, 727, 728, -1,
      732, 728, 733, -1,
      733, 728, 729, -1,
      733, 729, 734, -1,
      149, 730, 150, -1,
      150, 730, 735, -1,
      150, 735, 199, -1,
      736, 718, 737, -1,
      737, 718, 720, -1,
      737, 720, 738, -1,
      738, 720, 731, -1,
      738, 731, 739, -1,
      739, 731, 732, -1,
      739, 732, 740, -1,
      740, 732, 733, -1,
      740, 733, 741, -1,
      741, 733, 734, -1,
      741, 734, 742, -1,
      199, 735, 200, -1,
      200, 735, 743, -1,
      200, 743, 197, -1,
      744, 736, 745, -1,
      745, 736, 737, -1,
      745, 737, 746, -1,
      746, 737, 738, -1,
      746, 738, 747, -1,
      747, 738, 739, -1,
      747, 739, 748, -1,
      748, 739, 740, -1,
      748, 740, 749, -1,
      749, 740, 741, -1,
      749, 741, 750, -1,
      750, 741, 742, -1,
      750, 742, 751, -1,
      197, 743, 198, -1,
      198, 743, 752, -1,
      198, 752, 196, -1,
      721, 744, 722, -1,
      722, 744, 745, -1,
      722, 745, 723, -1,
      723, 745, 746, -1,
      723, 746, 726, -1,
      726, 746, 747, -1,
      726, 747, 730, -1,
      730, 747, 748, -1,
      730, 748, 735, -1,
      735, 748, 749, -1,
      735, 749, 743, -1,
      743, 749, 750, -1,
      743, 750, 752, -1,
      752, 750, 751, -1,
      752, 751, 709, -1,
      709, 195, 752, -1,
      752, 195, 194, -1,
      752, 194, 196, -1,
      753, 190, 193, -1,
      193, 277, 753, -1,
      753, 277, 709, -1,
      753, 709, 754, -1,
      754, 709, 751, -1,
      754, 751, 755, -1,
      755, 751, 742, -1,
      755, 742, 756, -1,
      756, 742, 734, -1,
      756, 734, 757, -1,
      757, 734, 729, -1,
      757, 729, 711, -1,
      711, 729, 725, -1,
      711, 725, 61, -1,
      61, 725, 59, -1,
      191, 190, 705, -1,
      705, 190, 753, -1,
      705, 753, 758, -1,
      758, 753, 754, -1,
      758, 754, 759, -1,
      759, 754, 755, -1,
      759, 755, 760, -1,
      760, 755, 756, -1,
      760, 756, 761, -1,
      761, 756, 757, -1,
      761, 757, 762, -1,
      762, 757, 711, -1,
      762, 711, 66, -1,
      66, 711, 67, -1,
      763, 707, 764, -1,
      764, 707, 706, -1,
      764, 706, 765, -1,
      189, 192, 704, -1,
      704, 192, 705, -1,
      704, 705, 766, -1,
      766, 705, 758, -1,
      766, 758, 767, -1,
      767, 758, 759, -1,
      767, 759, 768, -1,
      768, 759, 760, -1,
      768, 760, 769, -1,
      769, 760, 761, -1,
      769, 761, 770, -1,
      770, 761, 762, -1,
      770, 762, 65, -1,
      65, 762, 66, -1,
      771, 708, 772, -1,
      772, 708, 707, -1,
      772, 707, 773, -1,
      773, 707, 763, -1,
      773, 763, 774, -1,
      68, 74, 775, -1,
      775, 74, 765, -1,
      775, 765, 776, -1,
      776, 765, 706, -1,
      776, 706, 777, -1,
      777, 706, 708, -1,
      777, 708, 778, -1,
      778, 708, 771, -1,
      778, 771, 779, -1,
      69, 68, 710, -1,
      710, 68, 775, -1,
      710, 775, 780, -1,
      780, 775, 776, -1,
      780, 776, 781, -1,
      781, 776, 777, -1,
      781, 777, 782, -1,
      782, 777, 778, -1,
      782, 778, 783, -1,
      783, 778, 779, -1,
      783, 779, 703, -1,
      186, 188, 703, -1,
      703, 188, 704, -1,
      703, 704, 783, -1,
      783, 704, 766, -1,
      783, 766, 782, -1,
      782, 766, 767, -1,
      782, 767, 781, -1,
      781, 767, 768, -1,
      781, 768, 780, -1,
      780, 768, 769, -1,
      780, 769, 710, -1,
      710, 769, 770, -1,
      710, 770, 64, -1,
      64, 770, 65, -1,
      74, 73, 765, -1,
      765, 73, 72, -1,
      765, 72, 764, -1,
      764, 72, 71, -1,
      764, 71, 763, -1,
      763, 71, 70, -1,
      763, 70, 774, -1,
      774, 70, 75, -1,
      774, 75, 76, -1,
      152, 151, 784, -1,
      784, 151, 185, -1,
      784, 185, 187, -1,
      187, 703, 784, -1,
      784, 703, 779, -1,
      784, 779, 785, -1,
      785, 779, 771, -1,
      785, 771, 786, -1,
      786, 771, 772, -1,
      786, 772, 787, -1,
      787, 772, 773, -1,
      787, 773, 788, -1,
      788, 773, 774, -1,
      788, 774, 789, -1,
      789, 774, 76, -1,
      789, 76, 77, -1,
      790, 184, 152, -1,
      152, 784, 790, -1,
      790, 784, 785, -1,
      790, 785, 791, -1,
      791, 785, 786, -1,
      791, 786, 792, -1,
      792, 786, 787, -1,
      792, 787, 793, -1,
      793, 787, 788, -1,
      793, 788, 794, -1,
      794, 788, 789, -1,
      794, 789, 795, -1,
      795, 789, 77, -1,
      795, 77, 78, -1,
      183, 182, 796, -1,
      796, 182, 282, -1,
      78, 702, 795, -1,
      795, 702, 797, -1,
      795, 797, 794, -1,
      794, 797, 798, -1,
      794, 798, 793, -1,
      793, 798, 799, -1,
      793, 799, 792, -1,
      792, 799, 800, -1,
      792, 800, 791, -1,
      791, 800, 796, -1,
      791, 796, 790, -1,
      790, 796, 282, -1,
      790, 282, 184, -1,
      86, 183, 84, -1,
      84, 183, 796, -1,
      84, 796, 85, -1,
      85, 796, 800, -1,
      85, 800, 87, -1,
      87, 800, 799, -1,
      87, 799, 88, -1,
      88, 799, 798, -1,
      88, 798, 89, -1,
      89, 798, 797, -1,
      89, 797, 83, -1,
      83, 797, 702, -1,
      83, 702, 80, -1,
      80, 702, 79, -1,
      801, 344, 355, -1,
      699, 81, 145, -1,
      802, 700, 699, -1,
      307, 317, 701, -1,
      803, 307, 802, -1,
      802, 307, 701, -1,
      802, 701, 700, -1,
      804, 305, 803, -1,
      803, 305, 306, -1,
      803, 306, 307, -1,
      805, 383, 806, -1,
      806, 383, 304, -1,
      806, 304, 804, -1,
      804, 304, 303, -1,
      804, 303, 305, -1,
      807, 382, 808, -1,
      808, 382, 381, -1,
      808, 381, 809, -1,
      809, 381, 380, -1,
      809, 380, 810, -1,
      810, 380, 385, -1,
      810, 385, 805, -1,
      805, 385, 384, -1,
      805, 384, 383, -1,
      811, 378, 807, -1,
      807, 378, 377, -1,
      807, 377, 382, -1,
      812, 375, 813, -1,
      813, 375, 374, -1,
      813, 374, 814, -1,
      814, 374, 373, -1,
      814, 373, 815, -1,
      815, 373, 372, -1,
      815, 372, 816, -1,
      816, 372, 371, -1,
      816, 371, 817, -1,
      817, 371, 370, -1,
      817, 370, 811, -1,
      811, 370, 379, -1,
      811, 379, 378, -1,
      818, 360, 819, -1,
      819, 360, 359, -1,
      819, 359, 820, -1,
      820, 359, 358, -1,
      820, 358, 821, -1,
      821, 358, 357, -1,
      821, 357, 822, -1,
      822, 357, 356, -1,
      822, 356, 823, -1,
      823, 356, 369, -1,
      823, 369, 824, -1,
      824, 369, 368, -1,
      824, 368, 825, -1,
      825, 368, 367, -1,
      825, 367, 826, -1,
      826, 367, 366, -1,
      826, 366, 827, -1,
      827, 366, 365, -1,
      827, 365, 828, -1,
      828, 365, 364, -1,
      828, 364, 829, -1,
      829, 364, 363, -1,
      829, 363, 812, -1,
      812, 363, 376, -1,
      812, 376, 375, -1,
      354, 353, 830, -1,
      830, 353, 349, -1,
      830, 349, 831, -1,
      831, 349, 348, -1,
      831, 348, 832, -1,
      832, 348, 352, -1,
      832, 352, 833, -1,
      833, 352, 351, -1,
      833, 351, 834, -1,
      834, 351, 350, -1,
      834, 350, 835, -1,
      835, 350, 362, -1,
      835, 362, 818, -1,
      818, 362, 361, -1,
      818, 361, 360, -1,
      354, 830, 355, -1,
      355, 830, 836, -1,
      355, 836, 801, -1,
      344, 801, 345, -1,
      345, 801, 837, -1,
      345, 837, 346, -1,
      346, 837, 838, -1,
      346, 838, 347, -1,
      347, 838, 839, -1,
      347, 839, 341, -1,
      341, 839, 840, -1,
      341, 840, 342, -1,
      342, 840, 343, -1,
      343, 840, 841, -1,
      343, 841, 339, -1,
      339, 841, 842, -1,
      339, 842, 340, -1,
      340, 842, 843, -1,
      340, 843, 337, -1,
      337, 843, 338, -1,
      338, 843, 844, -1,
      338, 844, 333, -1,
      333, 844, 845, -1,
      333, 845, 334, -1,
      699, 145, 802, -1,
      802, 145, 146, -1,
      802, 146, 803, -1,
      803, 146, 142, -1,
      803, 142, 804, -1,
      804, 142, 139, -1,
      804, 139, 806, -1,
      806, 139, 138, -1,
      806, 138, 805, -1,
      805, 138, 137, -1,
      805, 137, 810, -1,
      810, 137, 136, -1,
      810, 136, 809, -1,
      809, 136, 135, -1,
      809, 135, 808, -1,
      808, 135, 134, -1,
      808, 134, 807, -1,
      807, 134, 133, -1,
      807, 133, 811, -1,
      811, 133, 132, -1,
      811, 132, 817, -1,
      817, 132, 131, -1,
      817, 131, 816, -1,
      816, 131, 130, -1,
      816, 130, 815, -1,
      815, 130, 129, -1,
      815, 129, 814, -1,
      814, 129, 128, -1,
      814, 128, 813, -1,
      813, 128, 116, -1,
      813, 116, 812, -1,
      812, 116, 115, -1,
      812, 115, 829, -1,
      829, 115, 114, -1,
      829, 114, 828, -1,
      828, 114, 113, -1,
      828, 113, 827, -1,
      827, 113, 112, -1,
      827, 112, 826, -1,
      826, 112, 111, -1,
      826, 111, 825, -1,
      825, 111, 110, -1,
      825, 110, 824, -1,
      824, 110, 109, -1,
      824, 109, 823, -1,
      823, 109, 108, -1,
      823, 108, 822, -1,
      822, 108, 100, -1,
      822, 100, 821, -1,
      821, 100, 101, -1,
      821, 101, 820, -1,
      820, 101, 102, -1,
      820, 102, 819, -1,
      819, 102, 103, -1,
      819, 103, 818, -1,
      818, 103, 104, -1,
      818, 104, 835, -1,
      835, 104, 105, -1,
      835, 105, 834, -1,
      834, 105, 106, -1,
      834, 106, 833, -1,
      833, 106, 107, -1,
      833, 107, 832, -1,
      832, 107, 117, -1,
      832, 117, 831, -1,
      831, 117, 118, -1,
      831, 118, 830, -1,
      830, 118, 119, -1,
      830, 119, 836, -1,
      836, 119, 120, -1,
      836, 120, 801, -1,
      801, 120, 121, -1,
      801, 121, 837, -1,
      837, 121, 122, -1,
      837, 122, 838, -1,
      838, 122, 123, -1,
      838, 123, 839, -1,
      839, 123, 124, -1,
      839, 124, 840, -1,
      840, 124, 125, -1,
      840, 125, 841, -1,
      841, 125, 126, -1,
      841, 126, 842, -1,
      842, 126, 127, -1,
      842, 127, 843, -1,
      843, 127, 140, -1,
      843, 140, 844, -1,
      844, 140, 141, -1,
      844, 141, 845, -1,
      845, 141, 144, -1,
      845, 144, 846, -1,
      846, 144, 143, -1,
      846, 143, 847, -1,
      143, 1, 848, -1,
      143, 848, 847, -1,
      847, 848, 849, -1,
      847, 849, 850, -1,
      334, 845, 335, -1,
      335, 845, 846, -1,
      335, 846, 336, -1,
      336, 846, 847, -1,
      336, 847, 330, -1,
      330, 847, 850, -1,
      330, 850, 331, -1,
      721, 203, 283, -1,
      736, 744, 851, -1,
      852, 51, 50, -1,
      852, 50, 853, -1,
      854, 855, 856, -1,
      856, 855, 857, -1,
      856, 857, 853, -1,
      858, 859, 860, -1,
      860, 859, 861, -1,
      290, 294, 858, -1,
      853, 50, 856, -1,
      856, 50, 52, -1,
      856, 52, 862, -1,
      858, 860, 290, -1,
      290, 860, 863, -1,
      290, 863, 289, -1,
      52, 58, 862, -1,
      862, 58, 57, -1,
      862, 57, 864, -1,
      864, 865, 862, -1,
      862, 865, 866, -1,
      862, 866, 856, -1,
      856, 866, 867, -1,
      856, 867, 854, -1,
      854, 867, 868, -1,
      57, 56, 864, -1,
      864, 56, 55, -1,
      864, 55, 712, -1,
      712, 714, 864, -1,
      864, 714, 716, -1,
      864, 716, 865, -1,
      865, 716, 715, -1,
      865, 715, 719, -1,
      736, 851, 718, -1,
      719, 718, 865, -1,
      865, 718, 851, -1,
      865, 851, 866, -1,
      866, 851, 863, -1,
      866, 863, 867, -1,
      867, 863, 860, -1,
      867, 860, 868, -1,
      868, 860, 861, -1,
      289, 863, 288, -1,
      288, 863, 851, -1,
      288, 851, 283, -1,
      283, 851, 744, -1,
      283, 744, 721, -1,
      849, 848, 869, -1,
      854, 868, 870, -1,
      870, 868, 861, -1,
      870, 861, 859, -1,
      859, 858, 320, -1,
      320, 858, 294, -1,
      320, 294, 293, -1,
      293, 292, 320, -1,
      320, 292, 291, -1,
      320, 291, 287, -1,
      287, 286, 320, -1,
      320, 286, 285, -1,
      320, 285, 284, -1,
      852, 853, 871, -1,
      871, 853, 857, -1,
      871, 857, 855, -1,
      859, 320, 870, -1,
      870, 320, 321, -1,
      870, 321, 872, -1,
      872, 321, 329, -1,
      872, 329, 873, -1,
      51, 852, 53, -1,
      53, 852, 871, -1,
      53, 871, 54, -1,
      54, 871, 874, -1,
      54, 874, 45, -1,
      45, 874, 875, -1,
      45, 875, 46, -1,
      46, 875, 876, -1,
      46, 876, 47, -1,
      47, 876, 877, -1,
      47, 877, 48, -1,
      331, 850, 332, -1,
      332, 850, 878, -1,
      332, 878, 324, -1,
      324, 878, 879, -1,
      324, 879, 325, -1,
      325, 879, 880, -1,
      325, 880, 322, -1,
      322, 880, 881, -1,
      322, 881, 323, -1,
      323, 881, 882, -1,
      323, 882, 326, -1,
      326, 882, 883, -1,
      326, 883, 327, -1,
      327, 883, 873, -1,
      327, 873, 328, -1,
      328, 873, 329, -1,
      850, 849, 878, -1,
      878, 849, 869, -1,
      878, 869, 879, -1,
      879, 869, 884, -1,
      879, 884, 880, -1,
      880, 884, 885, -1,
      880, 885, 881, -1,
      881, 885, 886, -1,
      881, 886, 882, -1,
      882, 886, 877, -1,
      882, 877, 883, -1,
      883, 877, 876, -1,
      883, 876, 873, -1,
      873, 876, 875, -1,
      873, 875, 872, -1,
      872, 875, 874, -1,
      872, 874, 870, -1,
      870, 874, 871, -1,
      870, 871, 854, -1,
      854, 871, 855, -1,
      48, 877, 49, -1,
      49, 877, 886, -1,
      49, 886, 42, -1,
      42, 886, 885, -1,
      42, 885, 43, -1,
      43, 885, 884, -1,
      43, 884, 44, -1,
      44, 884, 869, -1,
      44, 869, 0, -1,
      0, 869, 848, -1,
      0, 848, 1, -1,
      887, 888, 889, -1,
      890, 891, 892, -1,
      893, 894, 895, -1,
      896, 897, 898, -1,
      899, 900, 901, -1,
      902, 903, 904, -1,
      905, 906, 907, -1,
      908, 909, 910, -1,
      911, 912, 913, -1,
      914, 915, 916, -1,
      917, 918, 887, -1,
      919, 920, 888, -1,
      921, 922, 923, -1,
      923, 922, 924, -1,
      925, 926, 927, -1,
      928, 929, 930, -1,
      931, 932, 933, -1,
      933, 932, 934, -1,
      935, 936, 937, -1,
      938, 939, 940, -1,
      941, 942, 943, -1,
      937, 944, 945, -1,
      945, 944, 946, -1,
      945, 946, 947, -1,
      936, 948, 937, -1,
      937, 948, 949, -1,
      937, 949, 944, -1,
      944, 949, 950, -1,
      944, 950, 946, -1,
      951, 952, 953, -1,
      953, 952, 954, -1,
      953, 954, 955, -1,
      956, 957, 954, -1,
      954, 957, 958, -1,
      954, 958, 955, -1,
      959, 960, 961, -1,
      928, 930, 962, -1,
      891, 963, 964, -1,
      890, 965, 891, -1,
      891, 965, 966, -1,
      891, 966, 963, -1,
      888, 920, 889, -1,
      889, 920, 967, -1,
      889, 967, 968, -1,
      918, 969, 887, -1,
      887, 969, 970, -1,
      887, 970, 888, -1,
      888, 970, 971, -1,
      888, 971, 919, -1,
      972, 973, 974, -1,
      916, 915, 974, -1,
      974, 915, 975, -1,
      974, 975, 972, -1,
      976, 977, 916, -1,
      916, 977, 978, -1,
      916, 978, 914, -1,
      979, 980, 976, -1,
      976, 980, 981, -1,
      976, 981, 977, -1,
      982, 983, 984, -1,
      984, 983, 985, -1,
      984, 985, 986, -1,
      986, 985, 987, -1,
      988, 989, 985, -1,
      985, 989, 990, -1,
      985, 990, 987, -1,
      991, 992, 988, -1,
      988, 992, 993, -1,
      988, 993, 989, -1,
      994, 995, 996, -1,
      996, 995, 997, -1,
      996, 997, 998, -1,
      999, 1000, 1001, -1,
      1001, 1000, 1002, -1,
      1001, 1002, 996, -1,
      996, 1002, 1003, -1,
      996, 1003, 994, -1,
      1004, 1005, 1006, -1,
      1005, 1007, 1006, -1,
      1006, 1007, 1008, -1,
      1006, 1008, 1001, -1,
      1001, 1008, 1009, -1,
      1001, 1009, 999, -1,
      1010, 1011, 1012, -1,
      1012, 1011, 1013, -1,
      1012, 1013, 1014, -1,
      913, 912, 1015, -1,
      1015, 912, 1016, -1,
      1015, 1016, 1017, -1,
      1018, 1019, 1020, -1,
      1018, 1020, 913, -1,
      913, 1020, 1021, -1,
      913, 1021, 911, -1,
      1022, 1023, 1018, -1,
      1018, 1023, 1024, -1,
      1018, 1024, 1019, -1,
      1025, 1026, 1027, -1,
      1027, 1026, 1028, -1,
      1027, 1028, 1029, -1,
      1029, 1028, 1030, -1,
      1030, 1031, 1029, -1,
      1029, 1031, 1032, -1,
      1029, 1032, 1022, -1,
      1022, 1032, 1033, -1,
      1022, 1033, 1023, -1,
      1034, 1035, 1036, -1,
      1036, 1035, 1037, -1,
      909, 1038, 1039, -1,
      1040, 1041, 908, -1,
      1042, 1043, 1044, -1,
      1044, 1043, 1041, -1,
      1042, 1044, 1045, -1,
      1045, 1044, 1046, -1,
      1045, 1046, 1047, -1,
      1048, 1049, 1050, -1,
      1050, 1049, 1051, -1,
      1050, 1051, 1047, -1,
      1052, 1053, 1048, -1,
      1054, 1055, 1056, -1,
      1057, 1058, 1055, -1,
      1059, 1060, 1061, -1,
      1062, 1063, 1059, -1,
      1059, 1063, 1064, -1,
      1059, 1064, 1060, -1,
      1065, 1066, 907, -1,
      907, 1066, 1067, -1,
      907, 1067, 905, -1,
      1068, 1069, 1070, -1,
      1071, 1072, 1073, -1,
      1074, 1075, 1073, -1,
      1073, 1075, 1076, -1,
      1073, 1076, 1071, -1,
      1077, 1078, 1079, -1,
      1079, 1078, 1080, -1,
      1079, 1080, 1081, -1,
      1081, 1080, 1082, -1,
      1081, 1082, 1083, -1,
      1077, 1079, 1084, -1,
      1084, 1079, 1085, -1,
      1084, 1085, 1086, -1,
      1086, 1085, 1087, -1,
      1086, 1087, 1088, -1,
      1088, 1087, 1089, -1,
      1089, 1087, 1090, -1,
      1089, 1090, 1091, -1,
      1091, 1090, 1092, -1,
      1092, 1090, 1093, -1,
      1092, 1093, 1094, -1,
      1094, 1093, 1095, -1,
      1095, 1093, 1096, -1,
      1095, 1096, 1097, -1,
      1097, 1096, 1098, -1,
      1098, 1096, 1099, -1,
      1098, 1099, 1100, -1,
      1100, 1099, 1101, -1,
      1101, 1099, 1102, -1,
      1101, 1102, 1103, -1,
      1103, 1102, 1104, -1,
      1104, 1102, 1105, -1,
      1104, 1105, 1106, -1,
      1107, 1108, 1109, -1,
      1109, 1110, 1107, -1,
      1107, 1110, 1111, -1,
      1107, 1111, 1105, -1,
      1105, 1111, 1112, -1,
      1105, 1112, 1106, -1,
      1113, 1114, 1115, -1,
      1115, 1116, 1113, -1,
      1113, 1116, 1117, -1,
      1113, 1117, 1108, -1,
      1108, 1117, 1118, -1,
      1108, 1118, 1109, -1,
      1119, 1120, 1121, -1,
      1121, 1120, 1122, -1,
      1121, 1122, 1114, -1,
      1114, 1122, 1123, -1,
      1114, 1123, 1115, -1,
      1124, 1125, 1126, -1,
      1126, 1125, 1127, -1,
      1128, 1129, 1126, -1,
      1126, 1129, 1130, -1,
      1126, 1130, 1124, -1,
      1131, 1132, 1128, -1,
      1128, 1132, 1133, -1,
      1128, 1133, 1129, -1,
      1134, 1135, 1131, -1,
      1131, 1135, 1136, -1,
      1131, 1136, 1132, -1,
      1137, 1138, 1134, -1,
      1134, 1138, 1139, -1,
      1134, 1139, 1135, -1,
      1140, 1141, 1137, -1,
      1137, 1141, 1142, -1,
      1137, 1142, 1138, -1,
      1143, 1144, 1140, -1,
      1140, 1144, 1145, -1,
      1140, 1145, 1141, -1,
      1146, 1147, 1143, -1,
      1143, 1147, 1148, -1,
      1143, 1148, 1144, -1,
      1149, 1150, 1146, -1,
      1146, 1150, 1151, -1,
      1146, 1151, 1147, -1,
      1152, 1153, 1149, -1,
      1149, 1153, 1154, -1,
      1149, 1154, 1150, -1,
      1155, 1156, 1152, -1,
      1152, 1156, 1157, -1,
      1152, 1157, 1153, -1,
      1158, 1159, 1155, -1,
      1155, 1159, 1160, -1,
      1155, 1160, 1156, -1,
      1161, 1162, 1158, -1,
      1158, 1162, 1163, -1,
      1158, 1163, 1159, -1,
      1164, 1165, 1161, -1,
      1161, 1165, 1166, -1,
      1161, 1166, 1162, -1,
      1167, 1168, 1164, -1,
      1164, 1168, 1169, -1,
      1164, 1169, 1165, -1,
      1170, 1171, 1167, -1,
      1167, 1171, 1172, -1,
      1167, 1172, 1168, -1,
      1173, 1174, 1170, -1,
      1170, 1174, 1175, -1,
      1170, 1175, 1171, -1,
      1071, 1176, 1072, -1,
      1072, 1176, 1177, -1,
      1072, 1177, 1173, -1,
      1173, 1177, 1178, -1,
      1173, 1178, 1174, -1,
      1179, 945, 940, -1,
      940, 945, 947, -1,
      940, 947, 938, -1,
      1180, 1181, 1182, -1,
      1182, 1181, 1183, -1,
      1182, 1183, 1184, -1,
      1184, 1183, 904, -1,
      1184, 904, 1065, -1,
      1065, 904, 903, -1,
      1065, 903, 1066, -1,
      1185, 1186, 1187, -1,
      1187, 1186, 1188, -1,
      1187, 1188, 1189, -1,
      1189, 1188, 1190, -1,
      1189, 1190, 1191, -1,
      1191, 1190, 1192, -1,
      1191, 1192, 1193, -1,
      1193, 1192, 1194, -1,
      1193, 1194, 1195, -1,
      1195, 1194, 1062, -1,
      1195, 1062, 1196, -1,
      1196, 1062, 1059, -1,
      1196, 1059, 1057, -1,
      1057, 1059, 1061, -1,
      1057, 1061, 1058, -1,
      960, 956, 961, -1,
      961, 956, 954, -1,
      961, 954, 1197, -1,
      1197, 954, 952, -1,
      1197, 952, 1198, -1,
      1199, 1200, 1201, -1,
      1199, 1201, 1202, -1,
      1202, 1201, 1203, -1,
      1202, 1203, 1204, -1,
      1204, 1203, 1205, -1,
      1204, 1205, 1206, -1,
      1206, 1205, 1207, -1,
      1206, 1207, 1208, -1,
      1208, 1207, 1209, -1,
      1208, 1209, 1210, -1,
      1210, 1209, 1211, -1,
      1210, 1211, 1212, -1,
      1212, 1211, 1054, -1,
      1212, 1054, 1213, -1,
      1213, 1054, 1056, -1,
      1213, 1056, 1052, -1,
      1052, 1056, 1214, -1,
      1052, 1214, 1053, -1,
      934, 1215, 933, -1,
      933, 1215, 930, -1,
      933, 930, 931, -1,
      931, 930, 929, -1,
      968, 921, 889, -1,
      889, 921, 923, -1,
      889, 923, 890, -1,
      890, 923, 924, -1,
      890, 924, 965, -1,
      939, 1216, 940, -1,
      940, 1216, 941, -1,
      940, 941, 1179, -1,
      1179, 941, 943, -1,
      1179, 943, 1217, -1,
      1218, 1219, 1220, -1,
      1221, 1222, 1223, -1,
      1224, 1225, 1226, -1,
      1226, 1227, 1228, -1,
      1228, 1227, 1229, -1,
      1229, 1230, 1181, -1,
      1181, 1230, 1068, -1,
      1181, 1068, 1183, -1,
      1183, 1068, 1070, -1,
      1183, 1070, 904, -1,
      904, 1070, 1231, -1,
      904, 1231, 902, -1,
      951, 1232, 952, -1,
      952, 1232, 935, -1,
      952, 935, 1198, -1,
      1198, 935, 937, -1,
      1198, 937, 1233, -1,
      1233, 937, 945, -1,
      1233, 945, 1234, -1,
      1234, 945, 1179, -1,
      1234, 1179, 1218, -1,
      1218, 1179, 1217, -1,
      1218, 1217, 1219, -1,
      1186, 1180, 1188, -1,
      1188, 1180, 1182, -1,
      1188, 1182, 1190, -1,
      1190, 1182, 1184, -1,
      1190, 1184, 1192, -1,
      1192, 1184, 1065, -1,
      1192, 1065, 1194, -1,
      1194, 1065, 907, -1,
      1194, 907, 1062, -1,
      1062, 907, 906, -1,
      1062, 906, 1063, -1,
      934, 959, 1215, -1,
      1215, 959, 961, -1,
      1215, 961, 1235, -1,
      1235, 961, 1197, -1,
      1235, 1197, 1236, -1,
      1236, 1197, 1198, -1,
      1236, 1198, 1237, -1,
      1237, 1198, 1233, -1,
      1237, 1233, 1238, -1,
      1238, 1233, 1234, -1,
      1238, 1234, 1239, -1,
      1239, 1234, 1218, -1,
      1239, 1218, 1221, -1,
      1221, 1218, 1220, -1,
      1221, 1220, 1222, -1,
      1055, 1054, 1057, -1,
      1057, 1054, 1211, -1,
      1057, 1211, 1196, -1,
      1196, 1211, 1209, -1,
      1196, 1209, 1195, -1,
      1195, 1209, 1207, -1,
      1195, 1207, 1193, -1,
      1193, 1207, 1205, -1,
      1193, 1205, 1191, -1,
      1191, 1205, 1203, -1,
      1191, 1203, 1189, -1,
      1189, 1203, 1201, -1,
      1189, 1201, 1187, -1,
      1187, 1201, 1200, -1,
      1187, 1200, 1185, -1,
      926, 962, 927, -1,
      927, 962, 930, -1,
      927, 930, 1240, -1,
      1240, 930, 1215, -1,
      1240, 1215, 1241, -1,
      1241, 1215, 1235, -1,
      1241, 1235, 1242, -1,
      1242, 1235, 1236, -1,
      1242, 1236, 1243, -1,
      1243, 1236, 1237, -1,
      1243, 1237, 1244, -1,
      1244, 1237, 1238, -1,
      1244, 1238, 1245, -1,
      1245, 1238, 1239, -1,
      1245, 1239, 1246, -1,
      1246, 1239, 1221, -1,
      1246, 1221, 893, -1,
      893, 1221, 1223, -1,
      893, 1223, 894, -1,
      1247, 1248, 1249, -1,
      1249, 1248, 1250, -1,
      1249, 1250, 1251, -1,
      1251, 1250, 1252, -1,
      1251, 1252, 1253, -1,
      1253, 1252, 1254, -1,
      1253, 1254, 1255, -1,
      1255, 1254, 1256, -1,
      1255, 1256, 1257, -1,
      1257, 1256, 1258, -1,
      1257, 1258, 1259, -1,
      1259, 1258, 1260, -1,
      1259, 1260, 1261, -1,
      1048, 1050, 1052, -1,
      1052, 1050, 1247, -1,
      1052, 1247, 1213, -1,
      1213, 1247, 1249, -1,
      1213, 1249, 1212, -1,
      1212, 1249, 1251, -1,
      1212, 1251, 1210, -1,
      1210, 1251, 1253, -1,
      1210, 1253, 1208, -1,
      1208, 1253, 1255, -1,
      1208, 1255, 1206, -1,
      1206, 1255, 1257, -1,
      1206, 1257, 1204, -1,
      1204, 1257, 1259, -1,
      1204, 1259, 1202, -1,
      1202, 1259, 1261, -1,
      1202, 1261, 1199, -1,
      1262, 1263, 1264, -1,
      1264, 1263, 1265, -1,
      1264, 1265, 1266, -1,
      1266, 1265, 1267, -1,
      1266, 1267, 1268, -1,
      1047, 1046, 1050, -1,
      1050, 1046, 1269, -1,
      1050, 1269, 1247, -1,
      1247, 1269, 1270, -1,
      1247, 1270, 1248, -1,
      1248, 1270, 1271, -1,
      1248, 1271, 1250, -1,
      1250, 1271, 1272, -1,
      1250, 1272, 1252, -1,
      1252, 1272, 1262, -1,
      1252, 1262, 1254, -1,
      1254, 1262, 1264, -1,
      1254, 1264, 1256, -1,
      1256, 1264, 1266, -1,
      1256, 1266, 1258, -1,
      1258, 1266, 1268, -1,
      1258, 1268, 1260, -1,
      964, 1273, 891, -1,
      891, 1273, 925, -1,
      891, 925, 892, -1,
      892, 925, 927, -1,
      892, 927, 1274, -1,
      1274, 927, 1240, -1,
      1274, 1240, 1275, -1,
      1275, 1240, 1241, -1,
      1275, 1241, 1276, -1,
      1276, 1241, 1242, -1,
      1276, 1242, 1277, -1,
      1277, 1242, 1243, -1,
      1277, 1243, 1278, -1,
      1278, 1243, 1244, -1,
      1278, 1244, 1279, -1,
      1279, 1244, 1245, -1,
      1279, 1245, 1280, -1,
      1280, 1245, 1246, -1,
      1280, 1246, 1281, -1,
      1281, 1246, 893, -1,
      1281, 893, 1282, -1,
      1282, 893, 895, -1,
      1282, 895, 1283, -1,
      1284, 897, 1285, -1,
      1285, 897, 896, -1,
      1285, 896, 1286, -1,
      1287, 1284, 1288, -1,
      1288, 1284, 1285, -1,
      1288, 1285, 1289, -1,
      1289, 1285, 1286, -1,
      1289, 1286, 1290, -1,
      1291, 1287, 1292, -1,
      1292, 1287, 1288, -1,
      1292, 1288, 1293, -1,
      1293, 1288, 1289, -1,
      1293, 1289, 1294, -1,
      1294, 1289, 1290, -1,
      1294, 1290, 901, -1,
      901, 900, 1294, -1,
      1294, 900, 1295, -1,
      1294, 1295, 1293, -1,
      1293, 1295, 1296, -1,
      1293, 1296, 1292, -1,
      1292, 1296, 1297, -1,
      1292, 1297, 1291, -1,
      1298, 1297, 1299, -1,
      1299, 1297, 1296, -1,
      1299, 1296, 1300, -1,
      1300, 1296, 1295, -1,
      1300, 1295, 1301, -1,
      1301, 1295, 900, -1,
      1301, 900, 1302, -1,
      1302, 900, 899, -1,
      1302, 899, 1303, -1,
      1304, 1298, 1305, -1,
      1305, 1298, 1299, -1,
      1305, 1299, 1306, -1,
      1306, 1299, 1300, -1,
      1306, 1300, 1307, -1,
      1307, 1300, 1301, -1,
      1307, 1301, 1308, -1,
      1308, 1301, 1302, -1,
      1308, 1302, 1309, -1,
      1309, 1302, 1303, -1,
      1309, 1303, 1310, -1,
      1041, 1040, 1044, -1,
      1044, 1040, 1311, -1,
      1044, 1311, 1046, -1,
      1046, 1311, 1312, -1,
      1046, 1312, 1269, -1,
      1269, 1312, 1313, -1,
      1269, 1313, 1270, -1,
      1270, 1313, 1314, -1,
      1270, 1314, 1271, -1,
      1271, 1314, 1315, -1,
      1271, 1315, 1272, -1,
      1272, 1315, 1316, -1,
      1272, 1316, 1262, -1,
      1262, 1316, 1317, -1,
      1262, 1317, 1263, -1,
      1263, 1317, 1318, -1,
      1263, 1318, 1265, -1,
      1265, 1318, 1319, -1,
      1265, 1319, 1267, -1,
      908, 910, 1040, -1,
      1040, 910, 1320, -1,
      1040, 1320, 1311, -1,
      1311, 1320, 1321, -1,
      1311, 1321, 1312, -1,
      1312, 1321, 1322, -1,
      1312, 1322, 1313, -1,
      1313, 1322, 1323, -1,
      1313, 1323, 1314, -1,
      1314, 1323, 1324, -1,
      1314, 1324, 1315, -1,
      1315, 1324, 1325, -1,
      1315, 1325, 1316, -1,
      1316, 1325, 1326, -1,
      1316, 1326, 1317, -1,
      1317, 1326, 1327, -1,
      1317, 1327, 1318, -1,
      1318, 1327, 1328, -1,
      1318, 1328, 1319, -1,
      973, 1329, 974, -1,
      974, 1329, 917, -1,
      974, 917, 1330, -1,
      1330, 917, 887, -1,
      1330, 887, 1331, -1,
      1331, 887, 889, -1,
      1331, 889, 1332, -1,
      1332, 889, 890, -1,
      1332, 890, 1333, -1,
      1333, 890, 892, -1,
      1333, 892, 1334, -1,
      1334, 892, 1274, -1,
      1334, 1274, 1335, -1,
      1335, 1274, 1275, -1,
      1335, 1275, 1336, -1,
      1336, 1275, 1276, -1,
      1336, 1276, 1337, -1,
      1337, 1276, 1277, -1,
      1337, 1277, 1338, -1,
      1338, 1277, 1278, -1,
      1338, 1278, 1339, -1,
      1339, 1278, 1279, -1,
      1339, 1279, 1340, -1,
      1340, 1279, 1280, -1,
      1340, 1280, 1341, -1,
      1341, 1280, 1281, -1,
      1341, 1281, 1342, -1,
      1342, 1281, 1282, -1,
      1342, 1282, 1224, -1,
      1224, 1282, 1283, -1,
      1224, 1283, 1225, -1,
      1343, 898, 1344, -1,
      1344, 898, 897, -1,
      1344, 897, 1345, -1,
      1345, 897, 1284, -1,
      1345, 1284, 1346, -1,
      1346, 1284, 1287, -1,
      1346, 1287, 1347, -1,
      1347, 1287, 1291, -1,
      1347, 1291, 1348, -1,
      1348, 1291, 1297, -1,
      1348, 1297, 1349, -1,
      1349, 1297, 1298, -1,
      1349, 1298, 1350, -1,
      1350, 1298, 1304, -1,
      1350, 1304, 1351, -1,
      909, 1039, 910, -1,
      910, 1039, 1352, -1,
      910, 1352, 1320, -1,
      1320, 1352, 1353, -1,
      1320, 1353, 1321, -1,
      1321, 1353, 1354, -1,
      1321, 1354, 1322, -1,
      1322, 1354, 1355, -1,
      1322, 1355, 1323, -1,
      1323, 1355, 1356, -1,
      1323, 1356, 1324, -1,
      1324, 1356, 1357, -1,
      1324, 1357, 1325, -1,
      1325, 1357, 1358, -1,
      1325, 1358, 1326, -1,
      1326, 1358, 1359, -1,
      1326, 1359, 1327, -1,
      1327, 1359, 1360, -1,
      1327, 1360, 1328, -1,
      1361, 1343, 1362, -1,
      1362, 1343, 1344, -1,
      1362, 1344, 1363, -1,
      1363, 1344, 1345, -1,
      1363, 1345, 1364, -1,
      1364, 1345, 1346, -1,
      1364, 1346, 1365, -1,
      1365, 1346, 1347, -1,
      1365, 1347, 1366, -1,
      1366, 1347, 1348, -1,
      1366, 1348, 1367, -1,
      1367, 1348, 1349, -1,
      1367, 1349, 1368, -1,
      1368, 1349, 1350, -1,
      1368, 1350, 1369, -1,
      1369, 1350, 1351, -1,
      1369, 1351, 1370, -1,
      1355, 1371, 1356, -1,
      1356, 1371, 1372, -1,
      1356, 1372, 1357, -1,
      1357, 1372, 1373, -1,
      1357, 1373, 1358, -1,
      1358, 1373, 1374, -1,
      1358, 1374, 1359, -1,
      1359, 1374, 1375, -1,
      1359, 1375, 1360, -1,
      1360, 1375, 1370, -1,
      1360, 1370, 1328, -1,
      1328, 1370, 1351, -1,
      1328, 1351, 1319, -1,
      1319, 1351, 1304, -1,
      1319, 1304, 1267, -1,
      1267, 1304, 1305, -1,
      1267, 1305, 1268, -1,
      1268, 1305, 1306, -1,
      1268, 1306, 1260, -1,
      1260, 1306, 1307, -1,
      1260, 1307, 1261, -1,
      1261, 1307, 1308, -1,
      1261, 1308, 1199, -1,
      1199, 1308, 1309, -1,
      1199, 1309, 1200, -1,
      1200, 1309, 1310, -1,
      1200, 1310, 1185, -1,
      1039, 1376, 1377, -1,
      1330, 1378, 974, -1,
      974, 1378, 1379, -1,
      974, 1379, 916, -1,
      916, 1379, 983, -1,
      916, 983, 976, -1,
      976, 983, 982, -1,
      976, 982, 979, -1,
      1226, 1228, 1224, -1,
      1224, 1228, 1380, -1,
      1224, 1380, 1342, -1,
      1342, 1380, 1381, -1,
      1342, 1381, 1341, -1,
      1341, 1381, 1382, -1,
      1341, 1382, 1340, -1,
      1340, 1382, 1383, -1,
      1340, 1383, 1339, -1,
      1339, 1383, 1384, -1,
      1339, 1384, 1338, -1,
      1338, 1384, 1385, -1,
      1338, 1385, 1337, -1,
      1337, 1385, 1386, -1,
      1337, 1386, 1336, -1,
      1336, 1386, 1387, -1,
      1336, 1387, 1335, -1,
      1335, 1387, 1388, -1,
      1335, 1388, 1334, -1,
      1334, 1388, 1389, -1,
      1334, 1389, 1333, -1,
      1333, 1389, 1390, -1,
      1333, 1390, 1332, -1,
      1332, 1390, 1391, -1,
      1332, 1391, 1331, -1,
      1331, 1391, 1392, -1,
      1331, 1392, 1330, -1,
      1330, 1392, 1393, -1,
      1330, 1393, 1378, -1,
      1229, 1181, 1228, -1,
      1228, 1181, 1180, -1,
      1228, 1180, 1380, -1,
      1380, 1180, 1186, -1,
      1380, 1186, 1381, -1,
      1381, 1186, 1185, -1,
      1381, 1185, 1382, -1,
      1382, 1185, 1310, -1,
      1382, 1310, 1383, -1,
      1383, 1310, 1303, -1,
      1383, 1303, 1384, -1,
      1384, 1303, 899, -1,
      1384, 899, 1385, -1,
      1385, 899, 901, -1,
      1385, 901, 1386, -1,
      1386, 901, 1290, -1,
      1386, 1290, 1387, -1,
      1387, 1290, 1286, -1,
      1387, 1286, 1388, -1,
      1388, 1286, 896, -1,
      1388, 896, 1389, -1,
      1389, 896, 898, -1,
      1389, 898, 1390, -1,
      1390, 898, 1343, -1,
      1390, 1343, 1391, -1,
      1391, 1343, 1361, -1,
      1391, 1361, 1392, -1,
      1392, 1361, 1394, -1,
      1392, 1394, 1393, -1,
      1039, 1377, 1352, -1,
      1352, 1377, 1395, -1,
      1352, 1395, 1353, -1,
      1353, 1395, 1396, -1,
      1353, 1396, 1354, -1,
      1354, 1396, 1397, -1,
      1354, 1397, 1355, -1,
      1355, 1397, 1398, -1,
      1355, 1398, 1371, -1,
      1371, 1398, 1399, -1,
      1371, 1399, 1372, -1,
      1372, 1399, 1400, -1,
      1372, 1400, 1373, -1,
      1373, 1400, 1401, -1,
      1373, 1401, 1374, -1,
      1374, 1401, 1402, -1,
      1374, 1402, 1375, -1,
      1375, 1402, 1403, -1,
      1375, 1403, 1370, -1,
      1370, 1403, 1404, -1,
      1370, 1404, 1369, -1,
      1369, 1404, 1405, -1,
      1369, 1405, 1368, -1,
      1368, 1405, 1406, -1,
      1368, 1406, 1367, -1,
      1367, 1406, 1407, -1,
      1367, 1407, 1366, -1,
      1366, 1407, 1408, -1,
      1366, 1408, 1365, -1,
      1365, 1408, 1409, -1,
      1365, 1409, 1364, -1,
      1364, 1409, 1410, -1,
      1364, 1410, 1363, -1,
      1363, 1410, 1411, -1,
      1363, 1411, 1362, -1,
      1362, 1411, 1412, -1,
      1362, 1412, 1361, -1,
      1361, 1412, 1413, -1,
      1361, 1413, 1394, -1,
      1394, 1413, 1414, -1,
      1394, 1414, 1393, -1,
      1393, 1414, 1415, -1,
      1393, 1415, 1378, -1,
      1378, 1415, 1416, -1,
      1378, 1416, 1379, -1,
      1379, 1416, 1417, -1,
      1379, 1417, 983, -1,
      983, 1417, 1418, -1,
      983, 1418, 985, -1,
      985, 1418, 998, -1,
      985, 998, 988, -1,
      988, 998, 997, -1,
      988, 997, 991, -1,
      1125, 1119, 1127, -1,
      1127, 1119, 1121, -1,
      1127, 1121, 1376, -1,
      1037, 1025, 1036, -1,
      1036, 1025, 1027, -1,
      1036, 1027, 1419, -1,
      1419, 1027, 1029, -1,
      1413, 1420, 1414, -1,
      1414, 1420, 1421, -1,
      1414, 1421, 1415, -1,
      1415, 1421, 1422, -1,
      1415, 1422, 1416, -1,
      1416, 1422, 1423, -1,
      1416, 1423, 1417, -1,
      1417, 1423, 1424, -1,
      1417, 1424, 1418, -1,
      1418, 1424, 1425, -1,
      1418, 1425, 998, -1,
      998, 1425, 1426, -1,
      998, 1426, 996, -1,
      996, 1426, 1427, -1,
      996, 1427, 1001, -1,
      1001, 1427, 1014, -1,
      1001, 1014, 1006, -1,
      1006, 1014, 1013, -1,
      1006, 1013, 1004, -1,
      1376, 1121, 1377, -1,
      1377, 1121, 1114, -1,
      1377, 1114, 1395, -1,
      1395, 1114, 1113, -1,
      1395, 1113, 1396, -1,
      1396, 1113, 1108, -1,
      1396, 1108, 1397, -1,
      1397, 1108, 1107, -1,
      1397, 1107, 1398, -1,
      1398, 1107, 1105, -1,
      1398, 1105, 1399, -1,
      1399, 1105, 1102, -1,
      1399, 1102, 1400, -1,
      1400, 1102, 1099, -1,
      1400, 1099, 1401, -1,
      1401, 1099, 1096, -1,
      1401, 1096, 1402, -1,
      1402, 1096, 1093, -1,
      1402, 1093, 1403, -1,
      1403, 1093, 1090, -1,
      1403, 1090, 1404, -1,
      1404, 1090, 1087, -1,
      1404, 1087, 1405, -1,
      1405, 1087, 1085, -1,
      1405, 1085, 1406, -1,
      1406, 1085, 1079, -1,
      1406, 1079, 1407, -1,
      1407, 1079, 1081, -1,
      1407, 1081, 1408, -1,
      1408, 1081, 1083, -1,
      1408, 1083, 1409, -1,
      1409, 1083, 1428, -1,
      1409, 1428, 1410, -1,
      1410, 1428, 1429, -1,
      1410, 1429, 1411, -1,
      1411, 1429, 1430, -1,
      1411, 1430, 1412, -1,
      1412, 1430, 1431, -1,
      1412, 1431, 1413, -1,
      1413, 1431, 1432, -1,
      1413, 1432, 1420, -1,
      1420, 1432, 1433, -1,
      1420, 1433, 1421, -1,
      1421, 1433, 1434, -1,
      1421, 1434, 1422, -1,
      1422, 1434, 1435, -1,
      1422, 1435, 1423, -1,
      1423, 1435, 1436, -1,
      1423, 1436, 1424, -1,
      1424, 1436, 1437, -1,
      1424, 1437, 1425, -1,
      1425, 1437, 1438, -1,
      1425, 1438, 1426, -1,
      1426, 1438, 1439, -1,
      1426, 1439, 1427, -1,
      1427, 1439, 1440, -1,
      1427, 1440, 1014, -1,
      1014, 1440, 1015, -1,
      1014, 1015, 1012, -1,
      1012, 1015, 1017, -1,
      1012, 1017, 1010, -1,
      1082, 1074, 1083, -1,
      1083, 1074, 1073, -1,
      1083, 1073, 1428, -1,
      1428, 1073, 1072, -1,
      1428, 1072, 1429, -1,
      1429, 1072, 1173, -1,
      1429, 1173, 1430, -1,
      1430, 1173, 1170, -1,
      1430, 1170, 1431, -1,
      1431, 1170, 1167, -1,
      1431, 1167, 1432, -1,
      1432, 1167, 1164, -1,
      1432, 1164, 1433, -1,
      1433, 1164, 1161, -1,
      1433, 1161, 1434, -1,
      1434, 1161, 1158, -1,
      1434, 1158, 1435, -1,
      1435, 1158, 1155, -1,
      1435, 1155, 1436, -1,
      1436, 1155, 1152, -1,
      1436, 1152, 1437, -1,
      1437, 1152, 1149, -1,
      1437, 1149, 1438, -1,
      1438, 1149, 1146, -1,
      1438, 1146, 1439, -1,
      1439, 1146, 1143, -1,
      1439, 1143, 1440, -1,
      1440, 1143, 1140, -1,
      1440, 1140, 1015, -1,
      1015, 1140, 1137, -1,
      1015, 1137, 913, -1,
      913, 1137, 1134, -1,
      913, 1134, 1018, -1,
      1018, 1134, 1131, -1,
      1018, 1131, 1022, -1,
      1022, 1131, 1128, -1,
      1022, 1128, 1029, -1,
      1029, 1128, 1126, -1,
      1029, 1126, 1419, -1,
      1419, 1126, 1127, -1,
      1419, 1127, 1036, -1,
      1036, 1127, 1376, -1,
      1036, 1376, 1034, -1,
      1034, 1376, 1039, -1,
      1034, 1039, 1441, -1,
      1441, 1039, 1038, -1,
      1442, 1069, 1068, -1,
      1443, 1444, 1445, -1,
      1229, 1446, 1443, -1,
      1443, 1445, 1229, -1,
      1229, 1445, 1447, -1,
      1229, 1447, 1448, -1,
      1442, 1068, 1449, -1,
      1449, 1068, 1230, -1,
      1449, 1230, 1450, -1,
      1450, 1230, 1229, -1,
      1450, 1229, 1451, -1,
      1451, 1229, 1448, -1,
      1451, 1448, 1452, -1,
      1452, 1453, 1451, -1,
      1451, 1453, 1454, -1,
      1451, 1454, 1455, -1,
      1446, 1229, 1456, -1,
      1456, 1229, 1227, -1,
      1456, 1227, 1457, -1,
      1457, 1227, 1458, -1,
      1458, 1227, 1226, -1,
      1458, 1226, 1459, -1,
      1459, 1226, 1225, -1,
      1459, 1225, 1460, -1,
      1460, 1225, 1461, -1,
      1461, 1225, 1283, -1,
      1461, 1283, 1462, -1,
      1462, 1283, 895, -1,
      1462, 895, 1463, -1,
      1463, 895, 894, -1,
      1463, 894, 1464, -1,
      1464, 894, 1465, -1,
      1465, 894, 1223, -1,
      1465, 1223, 1466, -1,
      1466, 1223, 1222, -1,
      1466, 1222, 1467, -1,
      1468, 1469, 1470, -1,
      1470, 1469, 1471, -1,
      1470, 1471, 1472, -1,
      1467, 1222, 1473, -1,
      1473, 1222, 1220, -1,
      1473, 1220, 1474, -1,
      1474, 1220, 1219, -1,
      1474, 1219, 1475, -1,
      1471, 1475, 1472, -1,
      1472, 1475, 1219, -1,
      1472, 1219, 1476, -1,
      1476, 1219, 1217, -1,
      1476, 1217, 1477, -1,
      1477, 1217, 943, -1,
      1477, 943, 942, -1,
      1478, 1479, 1480, -1,
      1481, 1482, 1479, -1,
      1483, 1484, 1485, -1,
      1485, 1484, 1486, -1,
      1487, 1488, 1466, -1,
      1466, 1467, 1487, -1,
      1487, 1467, 1473, -1,
      1487, 1473, 1489, -1,
      1489, 1473, 1474, -1,
      1488, 1490, 1466, -1,
      1466, 1490, 1491, -1,
      1466, 1491, 1492, -1,
      1493, 1494, 1495, -1,
      1495, 1494, 1496, -1,
      1495, 1496, 1497, -1,
      1475, 1498, 1474, -1,
      1474, 1498, 1499, -1,
      1474, 1499, 1489, -1,
      1444, 1443, 1500, -1,
      1500, 1443, 1501, -1,
      1502, 1503, 1457, -1,
      1504, 1505, 1506, -1,
      1506, 1505, 1502, -1,
      1503, 1507, 1457, -1,
      1457, 1507, 1508, -1,
      1457, 1508, 1509, -1,
      1501, 1443, 1510, -1,
      1510, 1443, 1446, -1,
      1510, 1446, 1509, -1,
      1509, 1446, 1456, -1,
      1509, 1456, 1457, -1,
      1511, 1512, 1506, -1,
      1506, 1512, 1513, -1,
      1506, 1513, 1504, -1,
      1514, 1515, 1516, -1,
      1516, 1515, 1517, -1,
      1516, 1517, 1518, -1,
      1519, 1520, 1521, -1,
      1521, 1520, 1514, -1,
      1522, 1523, 1524, -1,
      1525, 1526, 1524, -1,
      1524, 1526, 1527, -1,
      1524, 1527, 1522, -1,
      1528, 1529, 1530, -1,
      1530, 1529, 1531, -1,
      1530, 1531, 1532, -1,
      1533, 1534, 1535, -1,
      1536, 1537, 1535, -1,
      1535, 1537, 1538, -1,
      1535, 1538, 1533, -1,
      1534, 1539, 1535, -1,
      1535, 1539, 1540, -1,
      1535, 1540, 1530, -1,
      1530, 1540, 1541, -1,
      1530, 1541, 1528, -1,
      1542, 1543, 1544, -1,
      1544, 1543, 1545, -1,
      1544, 1545, 1546, -1,
      1546, 1547, 1544, -1,
      1544, 1547, 1548, -1,
      1544, 1548, 1535, -1,
      1535, 1548, 1549, -1,
      1535, 1549, 1536, -1,
      1550, 1551, 1544, -1,
      1551, 1552, 1544, -1,
      1544, 1552, 1553, -1,
      1544, 1553, 1554, -1,
      1554, 1555, 1544, -1,
      1544, 1555, 1556, -1,
      1544, 1556, 1542, -1,
      1557, 1558, 1559, -1,
      1559, 1558, 1560, -1,
      1559, 1560, 1561, -1,
      1561, 1562, 1559, -1,
      1559, 1562, 1563, -1,
      1559, 1563, 1564, -1,
      1565, 1566, 1567, -1,
      1567, 1566, 1568, -1,
      1569, 1570, 1480, -1,
      1480, 1570, 1571, -1,
      1482, 1572, 1479, -1,
      1479, 1572, 1573, -1,
      1479, 1573, 1480, -1,
      1480, 1573, 1574, -1,
      1480, 1574, 1569, -1,
      1564, 1550, 1559, -1,
      1559, 1550, 1544, -1,
      1559, 1544, 1575, -1,
      1575, 1544, 1535, -1,
      1575, 1535, 1576, -1,
      1576, 1535, 1530, -1,
      1576, 1530, 1524, -1,
      1524, 1530, 1532, -1,
      1524, 1532, 1525, -1,
      1483, 1481, 1484, -1,
      1484, 1481, 1479, -1,
      1484, 1479, 1577, -1,
      1577, 1479, 1478, -1,
      1577, 1478, 1578, -1,
      1514, 1516, 1521, -1,
      1521, 1516, 1579, -1,
      1521, 1579, 1580, -1,
      1580, 1579, 1578, -1,
      1580, 1578, 1581, -1,
      1581, 1578, 1478, -1,
      1581, 1478, 1582, -1,
      1582, 1478, 1480, -1,
      1582, 1480, 1567, -1,
      1567, 1480, 1571, -1,
      1567, 1571, 1565, -1,
      1568, 1557, 1567, -1,
      1567, 1557, 1559, -1,
      1567, 1559, 1582, -1,
      1582, 1559, 1575, -1,
      1582, 1575, 1581, -1,
      1581, 1575, 1576, -1,
      1581, 1576, 1580, -1,
      1580, 1576, 1524, -1,
      1580, 1524, 1521, -1,
      1521, 1524, 1523, -1,
      1521, 1523, 1519, -1,
      1462, 1463, 1583, -1,
      1583, 1463, 1584, -1,
      1492, 1493, 1466, -1,
      1466, 1493, 1495, -1,
      1466, 1495, 1465, -1,
      1465, 1495, 1584, -1,
      1465, 1584, 1464, -1,
      1464, 1584, 1463, -1,
      1502, 1457, 1506, -1,
      1506, 1457, 1458, -1,
      1506, 1458, 1585, -1,
      1458, 1459, 1585, -1,
      1585, 1459, 1460, -1,
      1585, 1460, 1583, -1,
      1583, 1460, 1461, -1,
      1583, 1461, 1462, -1,
      1497, 1486, 1495, -1,
      1495, 1486, 1484, -1,
      1495, 1484, 1584, -1,
      1584, 1484, 1577, -1,
      1584, 1577, 1583, -1,
      1583, 1577, 1578, -1,
      1583, 1578, 1585, -1,
      1585, 1578, 1579, -1,
      1585, 1579, 1506, -1,
      1506, 1579, 1516, -1,
      1506, 1516, 1511, -1,
      1511, 1516, 1518, -1,
    ]
  }
}

Shape {
  appearance Appearance {
    material Material {
      diffuseColor 0.6667 0.6667 0.6667
      specularColor 0.4667 0.4667 0.4667
      ambientIntensity 0.2
      transparency 0.0000
      shininess 0.5
    }
  }
  geometry IndexedFaceSet {
    ccw TRUE
    solid FALSE
    coord DEF co Coordinate {
      point [
        0.616792 -0.010016 -1.692913,
        0.614307 -0.028885 -1.692913,
        0.618110 -0.000000 -3.661417,
        0.614086 -0.030569 -3.661417,
        0.614086 -0.030569 -1.692913,
        0.606837 -0.048069 -1.692913,
        0.602287 -0.059055 -3.661417,
        0.602287 -0.059055 -1.692913,
        0.583517 -0.083517 -3.661417,
        0.598002 -0.064639 -1.692913,
        0.585461 -0.080983 -1.692913,
        0.583517 -0.083517 -1.692913,
        0.571062 -0.093073 -1.692913,
        0.559055 -0.102287 -3.661417,
        0.559055 -0.102287 -1.692913,
        0.530569 -0.114086 -3.661417,
        0.554097 -0.104340 -1.692913,
        0.536641 -0.111571 -1.692913,
        0.530569 -0.114086 -1.692913,
        0.516793 -0.115899 -1.692913,
        0.500000 -0.118110 -3.661417,
        0.500000 -0.118110 -1.692913,
        0.469431 -0.114086 -3.661417,
        0.498122 -0.117863 -1.692913,
        0.477787 -0.115186 -1.692913,
        0.469431 -0.114086 -1.692913,
        0.459841 -0.110114 -1.692913,
        0.440945 -0.102287 -3.661417,
        0.440945 -0.102287 -1.692913,
        0.425914 -0.090753 -1.692913,
        0.416483 -0.083517 -3.661417,
        0.416483 -0.083517 -1.692913,
        0.397713 -0.059055 -3.661417,
        0.411217 -0.076654 -1.692913,
        0.399683 -0.061622 -1.692913,
        0.397713 -0.059055 -1.692913,
        0.391060 -0.042993 -1.692913,
        0.385914 -0.030569 -3.661417,
        0.385914 -0.030569 -1.692913,
        0.381890 0.000000 -3.661417,
        0.385194 -0.025098 -1.692913,
        0.382496 -0.004606 -1.692913,
        0.381890 0.000000 -1.692913,
        0.384534 0.020084 -1.692913,
        0.385914 0.030569 -3.661417,
        0.385914 0.030569 -1.692913,
        0.397713 0.059055 -3.661417,
        0.389168 0.038424 -1.692913,
        0.397713 0.059055 -1.692913,
        0.408463 0.073065 -1.692913,
        0.416483 0.083517 -3.661417,
        0.416483 0.083517 -1.692913,
        0.440945 0.102287 -3.661417,
        0.422553 0.088174 -1.692913,
        0.437811 0.099882 -1.692913,
        0.440945 0.102287 -1.692913,
        0.456573 0.108760 -1.692913,
        0.469431 0.114086 -3.661417,
        0.469431 0.114086 -1.692913,
        0.500000 0.118110 -3.661417,
        0.474661 0.114774 -1.692913,
        0.495403 0.117505 -1.692913,
        0.500000 0.118110 -1.692913,
        0.514426 0.116211 -1.692913,
        0.530569 0.114086 -3.661417,
        0.530569 0.114086 -1.692913,
        0.559055 0.102287 -3.661417,
        0.534808 0.112330 -1.692913,
        0.552560 0.104977 -1.692913,
        0.559055 0.102287 -1.692913,
        0.570012 0.093879 -1.692913,
        0.583517 0.083517 -3.661417,
        0.583517 0.083517 -1.692913,
        0.602287 0.059055 -3.661417,
        0.584809 0.081833 -1.692913,
        0.597503 0.065289 -1.692913,
        0.602287 0.059055 -1.692913,
        0.606581 0.048685 -1.692913,
        0.614086 0.030569 -3.661417,
        0.614086 0.030569 -1.692913,
        0.616729 0.010491 -1.692913,
        0.618110 0.000000 -1.692913,
        0.500000 0.000000 -3.661417,
      ]
    }
    coordIndex [
      0, 1, 2, -1,
      2, 1, 3, -1,
      1, 4, 3, -1,
      3, 4, 5, -1,
      3, 5, 6, -1,
      6, 5, 7, -1,
      6, 7, 8, -1,
      8, 7, 9, -1,
      8, 9, 10, -1,
      10, 11, 8, -1,
      8, 11, 12, -1,
      8, 12, 13, -1,
      13, 12, 14, -1,
      13, 14, 15, -1,
      15, 14, 16, -1,
      15, 16, 17, -1,
      17, 18, 15, -1,
      15, 18, 19, -1,
      15, 19, 20, -1,
      20, 19, 21, -1,
      20, 21, 22, -1,
      22, 21, 23, -1,
      22, 23, 24, -1,
      24, 25, 22, -1,
      22, 25, 26, -1,
      22, 26, 27, -1,
      26, 28, 27, -1,
      27, 28, 29, -1,
      27, 29, 30, -1,
      30, 29, 31, -1,
      30, 31, 32, -1,
      32, 31, 33, -1,
      32, 33, 34, -1,
      34, 35, 32, -1,
      32, 35, 36, -1,
      32, 36, 37, -1,
      37, 36, 38, -1,
      37, 38, 39, -1,
      39, 38, 40, -1,
      39, 40, 41, -1,
      41, 42, 39, -1,
      39, 42, 43, -1,
      39, 43, 44, -1,
      44, 43, 45, -1,
      44, 45, 46, -1,
      46, 45, 47, -1,
      47, 48, 46, -1,
      46, 48, 49, -1,
      46, 49, 50, -1,
      50, 49, 51, -1,
      50, 51, 52, -1,
      52, 51, 53, -1,
      52, 53, 54, -1,
      54, 55, 52, -1,
      52, 55, 56, -1,
      52, 56, 57, -1,
      57, 56, 58, -1,
      57, 58, 59, -1,
      59, 58, 60, -1,
      59, 60, 61, -1,
      61, 62, 59, -1,
      59, 62, 63, -1,
      59, 63, 64, -1,
      64, 63, 65, -1,
      64, 65, 66, -1,
      66, 65, 67, -1,
      66, 67, 68, -1,
      68, 69, 66, -1,
      66, 69, 70, -1,
      66, 70, 71, -1,
      71, 70, 72, -1,
      71, 72, 73, -1,
      73, 72, 74, -1,
      73, 74, 75, -1,
      75, 76, 73, -1,
      73, 76, 77, -1,
      73, 77, 78, -1,
      77, 79, 78, -1,
      78, 79, 80, -1,
      78, 80, 2, -1,
      2, 80, 81, -1,
      2, 81, 0, -1,
      73, 78, 82, -1,
      82, 78, 2, -1,
      82, 2, 3, -1,
      64, 66, 82, -1,
      82, 66, 71, -1,
      82, 71, 73, -1,
      52, 57, 82, -1,
      82, 57, 59, -1,
      82, 59, 64, -1,
      44, 46, 82, -1,
      82, 46, 50, -1,
      82, 50, 52, -1,
      32, 37, 82, -1,
      82, 37, 39, -1,
      82, 39, 44, -1,
      22, 27, 82, -1,
      82, 27, 30, -1,
      82, 30, 32, -1,
      13, 15, 82, -1,
      82, 15, 20, -1,
      82, 20, 22, -1,
      3, 6, 82, -1,
      82, 6, 8, -1,
      82, 8, 13, -1,
    ]
  }
}

Shape {
  appearance Appearance {
    material Material {
      diffuseColor 0.6902 0.5176 0.3608
      specularColor 0.0510 0.0353 0.0275
      ambientIntensity 0.2
      transparency 0.0000
      shininess 0.5
    }
  }
  geometry IndexedFaceSet {
    ccw TRUE
    solid FALSE
    coord DEF co Coordinate {
      point [
        0.048997 -0.413045 -0.897289,
        0.050314 -0.415375 -0.892654,
        0.421717 -0.468334 -0.597636,
        0.432054 -0.465966 -0.609434,
        0.721102 0.026562 -0.884228,
        0.716163 0.039000 -0.886878,
        0.601037 0.183810 -0.926658,
        0.591993 0.189767 -0.929341,
        0.059788 0.139812 -1.118975,
        0.059642 0.139615 -1.119038,
        0.046113 0.121439 -1.124913,
        0.042552 0.115976 -1.126467,
        0.042015 0.115152 -1.126701,
        0.030970 0.095630 -1.131529,
        0.022029 0.075583 -1.135433,
        0.015131 0.055051 -1.138413,
        0.011393 0.039006 -1.139974,
        0.010227 0.034002 -1.140461,
        0.009793 0.031561 -1.140635,
        0.007093 0.009862 -1.141607,
        0.006530 0.000000 -1.141713,
        0.006722 -0.023223 -1.141141,
        0.007722 -0.036713 -1.140278,
        0.015988 -0.154824 -1.115529,
        0.015678 -0.161557 -1.113140,
        0.014685 -0.180018 -1.105993,
        0.112435 0.188856 -1.096594,
        0.092925 0.173570 -1.104792,
        0.075383 0.157199 -1.112261,
        0.172703 0.222666 -1.072039,
        0.164746 0.219309 -1.075198,
        0.141010 0.207087 -1.084801,
        0.118872 0.193350 -1.093916,
        0.113754 0.189776 -1.096046,
        0.222651 0.240746 -1.052498,
        0.216915 0.239074 -1.054702,
        0.190060 0.229989 -1.065148,
        0.341618 0.257725 -1.008980,
        0.310772 0.256294 -1.019874,
        0.280604 0.252969 -1.030788,
        0.251203 0.247784 -1.041678,
        0.346388 0.257774 -1.007319,
        0.377394 0.256970 -0.996676,
        0.497700 0.234427 -0.957767,
        0.476576 0.240959 -0.964329,
        0.468948 0.242968 -0.966730,
        0.438769 0.249585 -0.976365,
        0.408219 0.254242 -0.986352,
        0.388289 0.256006 -0.993027,
        0.584753 0.194535 -0.931489,
        0.559557 0.208842 -0.938984,
        0.533090 0.221336 -0.946933,
        0.505411 0.232042 -0.955371,
        0.672422 0.115952 -0.904578,
        0.662252 0.128822 -0.907974,
        0.643619 0.148628 -0.913842,
        0.623211 0.166956 -0.920044,
        0.612485 0.175108 -0.923243,
        0.710946 0.052137 -0.889678,
        0.698737 0.076573 -0.895038,
        0.684437 0.099857 -0.900466,
        0.679062 0.107548 -0.902362,
        0.737011 -0.038997 -0.869650,
        0.736104 -0.032080 -0.871330,
        0.732060 -0.011684 -0.875963,
        0.729203 0.000000 -0.878530,
        0.728671 0.001743 -0.878904,
        0.741410 -0.115942 -0.848944,
        0.741738 -0.091888 -0.856071,
        0.740016 -0.061899 -0.864087,
        0.736455 -0.168353 -0.831463,
        0.738800 -0.151794 -0.837350,
        0.741328 -0.121896 -0.847180,
        0.712668 -0.251785 -0.796847,
        0.722728 -0.224970 -0.808890,
        0.730644 -0.197166 -0.820447,
        0.732149 -0.189701 -0.823301,
        0.687761 -0.299383 -0.773124,
        0.700401 -0.277601 -0.784373,
        0.709576 -0.258292 -0.793703,
        0.611393 -0.382646 -0.722391,
        0.623328 -0.372634 -0.729198,
        0.633590 -0.364026 -0.735052,
        0.653727 -0.343887 -0.747773,
        0.671770 -0.322325 -0.760487,
        0.673450 -0.319915 -0.761815,
        0.588834 -0.398690 -0.710192,
        0.586002 -0.400704 -0.708661,
        0.534196 -0.430435 -0.679116,
        0.560086 -0.416620 -0.694321,
        0.562012 -0.415437 -0.695387,
        0.512517 -0.440345 -0.666100,
        0.520410 -0.437056 -0.670404,
        0.468557 -0.456007 -0.639539,
        0.486271 -0.450209 -0.650934,
        0.495753 -0.446646 -0.656413,
        0.433296 -0.465681 -0.610852,
        0.449192 -0.461617 -0.625204,
        0.398575 -0.472441 -0.537670,
        0.401326 -0.472180 -0.555107,
        0.406219 -0.471407 -0.570715,
        0.413134 -0.470118 -0.584895,
        0.087355 -0.468464 -0.725220,
        0.084989 -0.470174 -0.710449,
        0.080397 -0.471433 -0.695508,
        0.073345 -0.472187 -0.680851,
        0.081094 -0.456018 -0.788617,
        0.085739 -0.461558 -0.765322,
        0.087824 -0.465580 -0.744352,
        0.087763 -0.465954 -0.741872,
        0.057115 -0.427408 -0.868719,
        0.061469 -0.435035 -0.851318,
        0.067418 -0.441607 -0.834453,
        0.072198 -0.446633 -0.819407,
        0.076537 -0.451194 -0.805752,
        0.047970 -0.411084 -0.900610,
        0.040386 -0.396586 -0.925159,
        0.021850 -0.348078 -0.988491,
        0.027921 -0.367921 -0.965256,
        0.029810 -0.372767 -0.958960,
        0.031848 -0.377996 -0.952165,
        0.011890 -0.258310 -1.064592,
        0.011862 -0.263811 -1.061149,
        0.012871 -0.289026 -1.042929,
        0.014113 -0.303669 -1.031114,
        0.016330 -0.319835 -1.016587,
        0.017267 -0.326674 -1.010443,
        0.014150 -0.189678 -1.101629,
        0.013065 -0.209275 -1.092775,
        0.011998 -0.237239 -1.077781,
        0.063477 -0.472441 -0.666274,
        -0.092224 -0.472441 0.218343,
        -0.104878 -0.472441 0.210917,
        -0.117960 -0.472441 0.201064,
        -0.129725 -0.472441 0.189923,
        -0.140831 -0.472441 0.176921,
        -0.150661 -0.472441 0.162800,
        -0.160805 -0.472441 0.144672,
        -0.169646 -0.472441 0.124460,
        -0.079254 -0.472441 0.224121,
        -0.065920 -0.472441 0.228356,
        -0.058860 -0.472441 0.229960,
        -0.044582 -0.472441 0.231952,
        -0.029956 -0.472441 0.232366,
        -0.015890 -0.472441 0.231306,
        0.000702 -0.472441 0.228304,
        0.017778 -0.472441 0.223299,
        0.035503 -0.472441 0.216093,
        -0.174988 -0.472441 0.109104,
        -0.182077 -0.472441 0.082090,
        -0.187054 -0.472441 0.052751,
        -0.189809 -0.472441 0.021334,
        -0.190370 -0.472441 0.001180,
        -0.188946 -0.472441 -0.040226,
        -0.184194 -0.472441 -0.083542,
        -0.176143 -0.472441 -0.128660,
        -0.164802 -0.472441 -0.175501,
        -0.150145 -0.472441 -0.224110,
        -0.127460 -0.472441 -0.286521,
        0.038353 -0.472441 0.214744,
        0.058955 -0.472441 0.203415,
        0.079785 -0.472441 0.189110,
        0.101337 -0.472441 0.171219,
        0.107759 -0.472441 0.165264,
        0.131259 -0.472441 0.140927,
        0.157129 -0.472441 0.109261,
        0.183160 -0.472441 0.071781,
        0.202805 -0.472441 0.039387,
        0.230110 -0.472441 -0.012208,
        0.257822 -0.472441 -0.073446,
        0.286043 -0.472441 -0.146463,
        -0.098266 -0.472441 -0.354794,
        -0.063477 -0.472441 -0.426615,
        0.315189 -0.472441 -0.234824,
        0.019480 -0.472441 -0.581535,
        0.348656 -0.472441 -0.353113,
        -0.022669 -0.472441 -0.504032,
        0.387035 -0.472441 -0.497417,
        0.261276 -0.407148 -1.082301,
        0.262720 -0.401567 -1.092450,
        0.270024 -0.374543 -1.137918,
        0.270539 -0.372742 -1.140538,
        0.325257 -0.086376 -1.398851,
        0.324956 -0.075691 -1.408479,
        0.347424 0.078336 -1.458331,
        0.353079 0.086456 -1.454314,
        0.573485 0.101326 -1.327402,
        0.584196 0.091665 -1.321888,
        0.609524 0.060806 -1.306367,
        0.613093 0.055520 -1.303841,
        0.629926 0.022113 -1.288711,
        0.630844 0.019743 -1.287657,
        0.644181 -0.026162 -1.267184,
        0.645058 -0.031463 -1.264770,
        0.646993 -0.043165 -1.259441,
        0.651007 -0.128108 -1.218251,
        0.650760 -0.134656 -1.214853,
        0.647223 -0.174726 -1.192668,
        0.645467 -0.185571 -1.186026,
        0.641986 -0.207069 -1.172859,
        0.638830 -0.220974 -1.163487,
        0.637464 -0.226991 -1.159431,
        0.594704 -0.336887 -1.067162,
        0.588228 -0.347304 -1.056008,
        0.540934 -0.403595 -0.984258,
        0.539346 -0.404909 -0.982118,
        0.522608 -0.418596 -0.959644,
        0.505680 -0.430396 -0.937949,
        0.561159 -0.382944 -1.013260,
        0.556936 -0.387851 -1.006907,
        0.584544 -0.353228 -1.049665,
        0.571935 -0.370427 -1.029468,
        0.567573 -0.375494 -1.022907,
        0.605175 -0.317661 -1.086332,
        0.609248 -0.309796 -1.093974,
        0.609826 -0.308678 -1.095059,
        0.629918 -0.255901 -1.138947,
        0.620607 -0.283283 -1.117333,
        0.618973 -0.287132 -1.113957,
        0.634857 -0.238479 -1.151689,
        0.630120 -0.255305 -1.139418,
        0.650478 -0.142124 -1.210978,
        0.650942 -0.080834 -1.241878,
        0.651344 -0.088611 -1.238156,
        0.648169 -0.050271 -1.256206,
        0.650724 -0.076624 -1.243894,
        0.632411 0.015695 -1.285859,
        0.638900 -0.004259 -1.276993,
        0.613270 0.055257 -1.303716,
        0.622067 0.039490 -1.296491,
        0.629267 0.023571 -1.289364,
        0.593075 0.082572 -1.317113,
        0.594839 0.080594 -1.316128,
        0.585364 0.090611 -1.321287,
        0.552711 0.116001 -1.337565,
        0.561083 0.110717 -1.333526,
        0.531822 0.127134 -1.347593,
        0.534871 0.125756 -1.346128,
        0.548200 0.118848 -1.339742,
        0.531361 0.127343 -1.347814,
        0.519651 0.131898 -1.353485,
        0.517533 0.132722 -1.354511,
        0.503630 0.136807 -1.361388,
        0.486909 0.139958 -1.369951,
        0.489686 0.139640 -1.368488,
        0.459780 0.141552 -1.384607,
        0.473593 0.141376 -1.376995,
        0.475734 0.141240 -1.375842,
        0.446310 0.140517 -1.392331,
        0.454695 0.141161 -1.387523,
        0.455820 0.141248 -1.386878,
        0.417932 0.134067 -1.409652,
        0.420487 0.134907 -1.408032,
        0.424493 0.135975 -1.405549,
        0.433206 0.138298 -1.400148,
        0.374105 0.109208 -1.439220,
        0.384039 0.116907 -1.432242,
        0.394660 0.123631 -1.424947,
        0.397197 0.124917 -1.423253,
        0.405961 0.129362 -1.417398,
        0.371211 0.106663 -1.441277,
        0.373497 0.108674 -1.439652,
        0.373805 0.108944 -1.439433,
        0.354493 0.088486 -1.453309,
        0.362421 0.097936 -1.447581,
        0.338525 0.061859 -1.464200,
        0.339341 0.063755 -1.463732,
        0.341207 0.067493 -1.462542,
        0.330222 0.039869 -1.468289,
        0.334305 0.052052 -1.466622,
        0.323402 -0.002091 -1.462735,
        0.323880 0.003487 -1.464298,
        0.324517 0.010926 -1.466383,
        0.324630 0.012257 -1.466756,
        0.324829 0.013831 -1.467055,
        0.327069 0.027169 -1.468535,
        0.328809 0.034180 -1.468399,
        0.323837 -0.039910 -1.439781,
        0.323238 -0.026072 -1.450461,
        0.323148 -0.008891 -1.459977,
        0.324152 -0.047173 -1.434175,
        0.325146 -0.088894 -1.396890,
        0.322790 -0.142596 -1.355065,
        0.322852 -0.141182 -1.356166,
        0.320878 -0.158213 -1.344070,
        0.316634 -0.192881 -1.319664,
        0.302838 -0.259442 -1.267811,
        0.308381 -0.236043 -1.287248,
        0.313189 -0.210897 -1.306133,
        0.301156 -0.265724 -1.262013,
        0.294121 -0.291984 -1.237769,
        0.294145 -0.291902 -1.237854,
        0.286302 -0.319013 -1.209504,
        0.278348 -0.345843 -1.177380,
        0.279340 -0.342455 -1.181859,
        0.273291 -0.363112 -1.154548,
        0.275978 -0.353935 -1.166681,
        0.265245 -0.391810 -1.110195,
        0.266844 -0.386034 -1.119468,
        0.256354 -0.427606 -1.037884,
        0.257561 -0.422080 -1.050655,
        0.676310 0.017060 -1.590886,
        0.676678 -0.014040 -1.590065,
        0.677124 -0.000576 -1.590420,
        0.677182 0.001165 -1.590466,
        0.662253 -0.071757 -1.588556,
        0.662530 -0.070938 -1.588577,
        0.672206 -0.042293 -1.589323,
        0.676615 -0.014441 -1.590054,
        0.648669 -0.096946 -1.587905,
        0.629521 -0.121448 -1.587278,
        0.628241 -0.122614 -1.587249,
        0.608360 -0.140719 -1.586793,
        0.604816 -0.142990 -1.586737,
        0.582182 -0.157496 -1.586378,
        0.577821 -0.159346 -1.586334,
        0.555842 -0.168672 -1.586113,
        0.547783 -0.170581 -1.586072,
        0.525589 -0.175839 -1.585958,
        0.515706 -0.176473 -1.585953,
        0.497052 -0.177669 -1.585943,
        0.482973 -0.176191 -1.585998,
        0.466131 -0.174423 -1.586065,
        0.449742 -0.169831 -1.586206,
        0.391639 -0.140228 -1.587058,
        0.410505 -0.153422 -1.586687,
        0.417878 -0.156908 -1.586585,
        0.438611 -0.166713 -1.586301,
        0.355669 -0.102275 -1.588105,
        0.364963 -0.115204 -1.587752,
        0.368879 -0.119070 -1.587645,
        0.387092 -0.137048 -1.587148,
        0.329505 -0.046624 -1.589607,
        0.334631 -0.064065 -1.589141,
        0.340212 -0.075485 -1.588832,
        0.348286 -0.092005 -1.588385,
        0.324177 -0.016352 -1.590413,
        0.326571 -0.036643 -1.589874,
        0.322863 0.000403 -1.590857,
        0.322939 -0.005851 -1.590692,
        0.325767 0.031369 -1.591670,
        0.324250 0.015195 -1.591245,
        0.333186 0.058998 -1.592389,
        0.329069 0.043663 -1.591990,
        0.346182 0.087252 -1.593118,
        0.338892 0.071403 -1.592709,
        0.362340 0.110876 -1.593720,
        0.353278 0.097627 -1.593382,
        0.383957 0.133228 -1.594282,
        0.373744 0.122668 -1.594016,
        0.407026 0.150168 -1.594700,
        0.397215 0.142963 -1.594522,
        0.434822 0.164101 -1.595033,
        0.424448 0.158901 -1.594908,
        0.462186 0.172446 -1.595220,
        0.454520 0.170109 -1.595167,
        0.493024 0.176396 -1.595288,
        0.486723 0.175589 -1.595274,
        0.521590 0.175218 -1.595224,
        0.519513 0.175304 -1.595228,
        0.578551 0.158188 -1.594712,
        0.551997 0.168743 -1.595019,
        0.605107 0.142019 -1.594257,
        0.584345 0.154660 -1.594613,
        0.626670 0.123278 -1.593740,
        0.610289 0.137515 -1.594133,
        0.646383 0.099229 -1.593085,
        0.632640 0.115995 -1.593542,
        0.660531 0.074404 -1.592416,
        0.652241 0.088951 -1.592808,
        0.673677 0.031485 -1.591269,
        0.671176 0.045183 -1.591633,
        0.665396 0.061051 -1.592058,
        0.294829 -0.289346 -1.240213,
        0.523802 -0.417765 -0.961173,
        0.257824 -0.420871 -1.053447,
        0.597789 -0.331926 -1.072475,
        0.651691 -0.110016 -1.227639,
        0.603595 0.069588 -1.310563,
        0.324085 -0.045626 -1.435369,
        0.250302 -0.440575 -0.997995,
        0.236932 -0.469487 -0.894962,
        0.236663 -0.469135 -0.895722,
        0.236359 -0.468793 -0.896196,
        0.236022 -0.468487 -0.896489,
        0.244641 -0.450981 -0.961624,
        0.243915 -0.452316 -0.956958,
        0.236941 -0.462849 -0.914866,
        0.235619 -0.468174 -0.896670,
        0.235148 -0.467854 -0.896740,
        0.234363 -0.467385 -0.896645,
        0.233682 -0.467021 -0.896423,
        0.423884 -0.468690 -0.818873,
        0.423302 -0.469256 -0.819772,
        0.434082 -0.464728 -0.834304,
        0.423015 -0.469506 -0.820076,
        0.458234 -0.454507 -0.869948,
        0.422045 -0.470257 -0.820665,
        0.460187 -0.453574 -0.872762,
        0.482188 -0.443070 -0.904470,
        0.184173 -0.503795 -0.274852,
        0.157873 -0.504997 -0.202941,
        0.203344 -0.502084 -0.329180,
        0.223545 -0.500281 -0.386424,
        0.273368 -0.495393 -0.529214,
        0.378717 -0.481385 -0.754783,
        0.360041 -0.485133 -0.723941,
        0.387961 -0.479247 -0.769251,
        0.343563 -0.487961 -0.694749,
        0.330293 -0.489927 -0.669397,
        0.319080 -0.491374 -0.646288,
        0.308196 -0.492588 -0.621980,
        0.297844 -0.493562 -0.596741,
        0.292863 -0.493942 -0.583419,
        0.287900 -0.494320 -0.570149,
        0.418600 -0.471275 -0.815621,
        0.395069 -0.477603 -0.780376,
        0.235098 -0.471830 -0.880945,
        0.228999 -0.478109 -0.839059,
        0.195670 -0.491523 -0.691813,
        0.202860 -0.490109 -0.715950,
        0.177834 -0.493701 -0.641111,
        0.187288 -0.492730 -0.666644,
        0.210805 -0.487939 -0.746297,
        0.218074 -0.485096 -0.778630,
        0.224777 -0.481324 -0.813695,
        0.226856 -0.479741 -0.826184,
        0.127266 -0.497230 -0.523370,
        0.167112 -0.494462 -0.614833,
        0.172565 -0.494075 -0.628198,
        0.027695 -0.504537 -0.297161,
        0.056865 -0.502843 -0.365424,
        0.062281 -0.502425 -0.377635,
        0.091054 -0.500209 -0.442489,
        0.002665 -0.505238 -0.235028,
        0.009434 -0.505048 -0.251832,
        -0.031771 -0.504221 -0.139280,
        -0.017697 -0.505002 -0.180428,
        -0.053743 -0.501350 -0.064653,
        -0.043756 -0.502981 -0.100746,
        -0.036549 -0.503727 -0.123917,
        -0.070359 -0.496032 0.015360,
        -0.069260 -0.496568 0.008547,
        -0.067948 -0.497207 0.000412,
        -0.061788 -0.499400 -0.030944,
        -0.075316 -0.489084 0.088289,
        -0.075516 -0.490200 0.077854,
        -0.070294 -0.485281 0.122629,
        -0.072512 -0.486283 0.113601,
        -0.074327 -0.487601 0.101759,
        -0.074972 -0.492105 0.059104,
        -0.073298 -0.494044 0.038503,
        -0.073276 -0.494069 0.038237,
        -0.046117 -0.482620 0.151438,
        -0.051029 -0.482631 0.149834,
        -0.055611 -0.482802 0.147080,
        -0.059861 -0.483139 0.143108,
        -0.063983 -0.483692 0.137448,
        -0.067397 -0.484396 0.130733,
        -0.069690 -0.485096 0.124320,
        -0.010439 -0.485795 0.136957,
        -0.011882 -0.485579 0.138307,
        -0.019269 -0.484608 0.143938,
        -0.026263 -0.483831 0.148015,
        -0.032044 -0.483309 0.150367,
        -0.037899 -0.482912 0.151693,
        -0.043444 -0.482677 0.151824,
        0.042293 -0.495010 0.064670,
        0.030791 -0.492928 0.084261,
        0.027461 -0.492316 0.089567,
        0.016654 -0.490332 0.105657,
        0.006709 -0.488550 0.118807,
        -0.002733 -0.486960 0.129615,
        -0.004017 -0.486756 0.130944,
        0.058297 -0.497756 0.034844,
        0.052761 -0.496810 0.045230,
        0.043439 -0.495218 0.062719,
        0.107067 -0.503808 -0.072502,
        0.087436 -0.501884 -0.026719,
        0.074396 -0.500204 0.001865,
        0.154428 -0.505155 -0.193522,
        0.129152 -0.505019 -0.127339,
        0.109259 -0.503928 -0.077945,
        0.616792 -0.010016 -1.692913,
        0.614307 -0.028885 -1.692913,
        0.614086 -0.030569 -1.692913,
        0.606837 -0.048069 -1.692913,
        0.602287 -0.059055 -1.692913,
        0.598002 -0.064639 -1.692913,
        0.585461 -0.080983 -1.692913,
        0.583517 -0.083517 -1.692913,
        0.571062 -0.093073 -1.692913,
        0.559055 -0.102287 -1.692913,
        0.554097 -0.104340 -1.692913,
        0.536641 -0.111571 -1.692913,
        0.530569 -0.114086 -1.692913,
        0.516793 -0.115899 -1.692913,
        0.500000 -0.118110 -1.692913,
        0.498122 -0.117863 -1.692913,
        0.477787 -0.115186 -1.692913,
        0.469431 -0.114086 -1.692913,
        0.459841 -0.110114 -1.692913,
        0.440945 -0.102287 -1.692913,
        0.425914 -0.090753 -1.692913,
        0.416483 -0.083517 -1.692913,
        0.411217 -0.076654 -1.692913,
        0.399683 -0.061622 -1.692913,
        0.397713 -0.059055 -1.692913,
        0.391060 -0.042993 -1.692913,
        0.385914 -0.030569 -1.692913,
        0.385194 -0.025098 -1.692913,
        0.382496 -0.004606 -1.692913,
        0.381890 0.000000 -1.692913,
        0.384534 0.020084 -1.692913,
        0.385914 0.030569 -1.692913,
        0.389168 0.038424 -1.692913,
        0.397713 0.059055 -1.692913,
        0.408463 0.073065 -1.692913,
        0.416483 0.083517 -1.692913,
        0.422553 0.088174 -1.692913,
        0.437811 0.099882 -1.692913,
        0.440945 0.102287 -1.692913,
        0.456573 0.108760 -1.692913,
        0.469431 0.114086 -1.692913,
        0.474661 0.114774 -1.692913,
        0.495403 0.117505 -1.692913,
        0.500000 0.118110 -1.692913,
        0.514426 0.116211 -1.692913,
        0.530569 0.114086 -1.692913,
        0.534808 0.112330 -1.692913,
        0.552560 0.104977 -1.692913,
        0.559055 0.102287 -1.692913,
        0.570012 0.093879 -1.692913,
        0.583517 0.083517 -1.692913,
        0.584809 0.081833 -1.692913,
        0.597503 0.065289 -1.692913,
        0.602287 0.059055 -1.692913,
        0.606581 0.048685 -1.692913,
        0.614086 0.030569 -1.692913,
        0.616729 0.010491 -1.692913,
        0.618110 0.000000 -1.692913,
        0.669855 -0.041866 -1.614180,
        0.660123 -0.070967 -1.613587,
        0.634177 -0.033591 -1.678245,
        0.607072 -0.139197 -1.612226,
        0.600843 -0.095203 -1.678003,
        0.581231 -0.155821 -1.611906,
        0.555209 -0.166899 -1.611700,
        0.525305 -0.174004 -1.611581,
        0.543474 -0.131912 -1.677866,
        0.497092 -0.175814 -1.611569,
        0.466526 -0.172589 -1.611664,
        0.439331 -0.164939 -1.611846,
        0.473682 -0.136384 -1.677860,
        0.411574 -0.151760 -1.612144,
        0.388476 -0.135535 -1.612500,
        0.366673 -0.113907 -1.612967,
        0.350273 -0.090959 -1.613456,
        0.336881 -0.063348 -1.614039,
        0.381889 -0.072302 -1.678134,
        0.329017 -0.036278 -1.614604,
        0.325533 -0.005913 -1.615234,
        0.328433 0.030746 -1.615987,
        0.335818 0.057928 -1.616540,
        0.364176 0.023848 -1.678525,
        0.348683 0.085698 -1.617100,
        0.364633 0.108896 -1.617563,
        0.673717 0.016661 -1.615383,
        0.666123 0.015769 -1.638804,
        0.661181 0.042242 -1.639199,
        0.653859 0.014420 -1.660130,
        0.649319 0.038951 -1.660356,
        0.637457 0.012676 -1.678431,
        0.633493 0.034618 -1.678521,
        0.668573 0.044349 -1.615959,
        0.658008 0.073090 -1.616560,
        0.614223 0.076821 -1.678694,
        0.625230 0.057431 -1.678614,
        0.644019 0.097482 -1.617075,
        0.624570 0.121091 -1.617578,
        0.603331 0.139474 -1.617975,
        0.598867 0.095615 -1.678773,
        0.582056 0.110267 -1.678835,
        0.561340 0.122913 -1.678890,
        0.577202 0.155325 -1.618324,
        0.551096 0.165666 -1.618560,
        0.521216 0.172005 -1.618717,
        0.540617 0.131170 -1.678927,
        0.516880 0.136238 -1.678952,
        0.494578 0.137161 -1.678959,
        0.493153 0.173155 -1.618766,
        0.462856 0.169283 -1.618714,
        0.435965 0.161103 -1.618570,
        0.470502 0.134074 -1.678951,
        0.449142 0.127547 -1.678929,
        0.427452 0.116652 -1.678889,
        0.408635 0.147444 -1.618315,
        0.385933 0.130831 -1.617994,
        0.392609 0.085936 -1.678771,
        0.409459 0.103407 -1.678838,
        0.639975 0.064419 -1.660593,
        0.627594 0.086039 -1.660795,
        0.610375 0.106967 -1.660993,
        0.591564 0.123266 -1.661150,
        0.568418 0.137321 -1.661287,
        0.545288 0.146491 -1.661380,
        0.518813 0.152114 -1.661442,
        0.493946 0.153135 -1.661461,
        0.467100 0.149702 -1.661441,
        0.443273 0.142449 -1.661384,
        0.419061 0.130338 -1.661283,
        0.398950 0.115609 -1.661157,
        0.380087 0.096163 -1.660987,
        0.651058 0.069714 -1.639611,
        0.637667 0.093023 -1.639965,
        0.619063 0.115578 -1.640309,
        0.598754 0.133137 -1.640581,
        0.573778 0.148274 -1.640821,
        0.548829 0.158147 -1.640983,
        0.520278 0.164199 -1.641090,
        0.493464 0.165296 -1.641124,
        0.464517 0.161598 -1.641088,
        0.438821 0.153787 -1.640990,
        0.412702 0.140743 -1.640814,
        0.391000 0.124876 -1.640594,
        0.370631 0.103924 -1.640298,
        0.355371 0.081759 -1.639981,
        0.365967 0.075600 -1.660805,
        0.380028 0.067479 -1.678698,
        0.343054 0.055220 -1.639598,
        0.354585 0.050989 -1.660585,
        0.369924 0.045415 -1.678611,
        0.335972 0.029235 -1.639218,
        0.348059 0.026903 -1.660367,
        0.325478 0.000250 -1.615361,
        0.333120 0.000076 -1.638789,
        0.345459 -0.000113 -1.660121,
        0.361955 -0.000308 -1.678428,
        0.333168 -0.005819 -1.638702,
        0.345511 -0.005573 -1.660071,
        0.362022 -0.005185 -1.678408,
        0.336474 -0.034864 -1.638270,
        0.348614 -0.032465 -1.659824,
        0.364897 -0.029187 -1.678311,
        0.343974 -0.060766 -1.637882,
        0.355593 -0.056435 -1.659602,
        0.371216 -0.050550 -1.678224,
        0.356764 -0.087193 -1.637482,
        0.367465 -0.080879 -1.659373,
        0.372439 -0.109163 -1.637147,
        0.381994 -0.101190 -1.659181,
        0.394902 -0.090354 -1.678059,
        0.393287 -0.129874 -1.636827,
        0.401304 -0.120329 -1.658999,
        0.412152 -0.107341 -1.677988,
        0.415383 -0.145415 -1.636582,
        0.421754 -0.134684 -1.658859,
        0.430388 -0.120068 -1.677933,
        0.441943 -0.158041 -1.636378,
        0.446324 -0.146343 -1.658743,
        0.452268 -0.130395 -1.677888,
        0.467969 -0.165372 -1.636253,
        0.470393 -0.153110 -1.658671,
        0.497225 -0.168462 -1.636188,
        0.497443 -0.155961 -1.658634,
        0.497737 -0.138903 -1.677846,
        0.524229 -0.166729 -1.636196,
        0.522411 -0.154359 -1.658639,
        0.519937 -0.137481 -1.677848,
        0.552849 -0.159923 -1.636278,
        0.548875 -0.148075 -1.658686,
        0.577751 -0.149312 -1.636419,
        0.571907 -0.138274 -1.658766,
        0.563972 -0.123228 -1.677897,
        0.602475 -0.133389 -1.636639,
        0.594783 -0.123567 -1.658891,
        0.584355 -0.110187 -1.677946,
        0.627937 -0.120114 -1.612601,
        0.622431 -0.115114 -1.636896,
        0.613257 -0.106680 -1.659039,
        0.646785 -0.095869 -1.613085,
        0.640449 -0.091901 -1.637228,
        0.629953 -0.085224 -1.659228,
        0.615776 -0.076142 -1.678078,
        0.653192 -0.068064 -1.637572,
        0.641774 -0.063180 -1.659425,
        0.626385 -0.056537 -1.678154,
        0.662478 -0.040215 -1.637979,
        0.650406 -0.037415 -1.659657,
        0.637700 -0.011574 -1.678334,
        0.654248 -0.012730 -1.659881,
        0.666589 -0.013547 -1.638370,
        0.674177 -0.013990 -1.614751,
        0.574909 -0.380214 -0.773261,
        0.555289 -0.382699 -0.805335,
        0.572980 -0.365625 -0.821280,
        0.633293 -0.070884 -1.188438,
        0.626337 -0.068593 -1.166310,
        0.627804 -0.079178 -1.161123,
        0.624657 -0.063175 -1.131765,
        0.622417 -0.055944 -1.085668,
        0.624563 -0.065786 -1.081203,
        0.636836 -0.041867 -1.018540,
        0.639230 -0.039530 -1.007397,
        0.641837 -0.049324 -1.003694,
        0.690919 -0.014620 -0.920156,
        0.660044 -0.028625 -0.967022,
        0.675642 -0.020453 -0.936766,
        0.678479 -0.030882 -0.933734,
        0.624811 -0.053607 -1.074525,
        0.629736 -0.098186 -1.151665,
        0.682663 -0.049320 -0.928259,
        0.687107 -0.076742 -0.919704,
        0.630626 -0.156441 -1.120494,
        0.631078 -0.126944 -1.136774,
        0.689647 -0.104711 -0.910300,
        0.690268 -0.132942 -0.899989,
        0.628363 -0.186018 -1.102937,
        0.624321 -0.215081 -1.084200,
        0.621325 -0.230817 -1.073343,
        0.688955 -0.161179 -0.888737,
        0.687368 -0.176812 -0.882077,
        0.683042 -0.203925 -0.869783,
        0.606974 -0.281771 -1.034057,
        0.614841 -0.257300 -1.053793,
        0.597716 -0.304603 -1.014026,
        0.676808 -0.229994 -0.857050,
        0.668630 -0.255133 -0.843883,
        0.658437 -0.279362 -0.830323,
        0.576539 -0.343548 -0.975787,
        0.587062 -0.325954 -0.993761,
        0.647773 -0.299856 -0.818135,
        0.634117 -0.321543 -0.804425,
        0.563628 -0.361765 -0.955685,
        0.549431 -0.378627 -0.935478,
        0.533840 -0.394228 -0.914883,
        0.581443 -0.379387 -0.762581,
        0.600976 -0.361366 -0.776607,
        0.618537 -0.342046 -0.790590,
        0.588844 -0.347368 -0.837120,
        0.602880 -0.328041 -0.852706,
        0.615165 -0.307607 -0.868154,
        0.624744 -0.288285 -0.881905,
        0.633896 -0.265383 -0.897280,
        0.641234 -0.241526 -0.912321,
        0.646824 -0.216649 -0.926985,
        0.650695 -0.190546 -0.941317,
        0.652100 -0.175389 -0.949176,
        0.653194 -0.147894 -0.962598,
        0.652478 -0.120376 -0.975045,
        0.649975 -0.093214 -0.986507,
        0.645738 -0.066828 -0.996990,
        0.544443 -0.387598 -0.827450,
        0.550388 -0.376683 -0.867809,
        0.565568 -0.359689 -0.885920,
        0.579117 -0.341601 -0.903700,
        0.591127 -0.322350 -0.921353,
        0.600639 -0.304020 -0.937103,
        0.609922 -0.282107 -0.954799,
        0.617603 -0.259047 -0.972220,
        0.623722 -0.234729 -0.989315,
        0.628301 -0.208858 -1.006171,
        0.630171 -0.193677 -1.015492,
        0.632169 -0.165920 -1.031526,
        0.632412 -0.137963 -1.046507,
        0.630907 -0.110299 -1.060382,
        0.627709 -0.083474 -1.073094,
        0.533598 -0.392496 -0.849566,
        0.516920 -0.408531 -0.894148,
        0.521086 -0.404526 -0.883012,
        0.522849 -0.404407 -0.804385,
        0.483026 -0.437598 -0.720172,
        0.466936 -0.440891 -0.743617,
        0.477928 -0.434722 -0.755544,
        0.462407 -0.442491 -0.750660,
        0.450160 -0.448871 -0.771062,
        0.454172 -0.446628 -0.795083,
        0.444066 -0.452046 -0.781214,
        0.441870 -0.453191 -0.784872,
        0.504807 -0.429283 -0.716591,
        0.492878 -0.436157 -0.706198,
        0.490233 -0.436124 -0.709672,
        0.515582 -0.436437 -0.676375,
        0.528670 -0.414628 -0.736392,
        0.499289 -0.419585 -0.854720,
        0.477026 -0.433839 -0.825444,
        0.552079 -0.398042 -0.755149,
        0.500724 -0.420421 -0.780509,
        0.641596 0.014307 -0.979860,
        0.650337 -0.006509 -0.973044,
        0.628781 -0.020619 -1.026572,
        0.606991 0.017080 -1.231785,
        0.643494 0.080550 -0.944764,
        0.570643 0.070454 -1.260105,
        0.595427 0.131380 -0.963067,
        0.576565 0.145752 -0.969700,
        0.551782 0.087178 -1.270617,
        0.527282 0.102849 -1.283214,
        0.495461 0.187028 -0.997367,
        0.510835 0.110396 -1.291392,
        0.497259 0.115095 -1.298114,
        0.412583 0.205909 -1.025939,
        0.456053 0.121764 -1.319012,
        0.402489 0.113286 -1.348730,
        0.227396 0.182702 -1.093435,
        0.168676 0.151026 -1.115923,
        0.337870 0.060764 -1.389928,
        0.121205 0.107071 -1.134304,
        0.110381 0.092466 -1.138464,
        0.327258 0.039370 -1.395807,
        0.321043 0.019836 -1.396678,
        0.085625 0.040878 -1.147537,
        0.078189 0.005807 -1.149399,
        0.077343 -0.001999 -1.149369,
        0.315835 -0.008696 -1.389099,
        0.292783 -0.008056 -1.321680,
        0.293868 -0.003296 -1.323493,
        0.316590 -0.003202 -1.391431,
        0.318484 0.008176 -1.394926,
        0.318722 0.009412 -1.395198,
        0.296254 0.006431 -1.326247,
        0.256411 -0.002370 -1.262436,
        0.255173 -0.007003 -1.261170,
        0.296530 0.007480 -1.326466,
        0.259110 0.007112 -1.264329,
        0.206159 -0.000471 -1.211417,
        0.204930 -0.005593 -1.210665,
        0.323856 0.029760 -1.396802,
        0.299035 0.016311 -1.327708,
        0.259419 0.008137 -1.264476,
        0.209003 0.010185 -1.212427,
        0.145709 0.002302 -1.173077,
        0.144624 -0.003895 -1.172752,
        0.301826 0.024746 -1.327935,
        0.262214 0.016782 -1.265278,
        0.209343 0.011348 -1.212492,
        0.148568 0.015487 -1.173268,
        0.331339 0.048756 -1.393836,
        0.305048 0.033009 -1.327312,
        0.265299 0.025093 -1.265334,
        0.212527 0.021224 -1.212695,
        0.148937 0.016943 -1.173248,
        0.080980 0.022739 -1.148910,
        0.332844 0.051798 -1.392993,
        0.308839 0.041226 -1.325928,
        0.268846 0.033306 -1.264744,
        0.216209 0.030781 -1.212316,
        0.152606 0.029400 -1.172743,
        0.081380 0.024630 -1.148809,
        0.310233 0.043926 -1.325316,
        0.273015 0.041555 -1.263550,
        0.220558 0.040243 -1.211401,
        0.157156 0.041511 -1.171687,
        0.343656 0.069387 -1.386159,
        0.314901 0.052011 -1.323035,
        0.274548 0.044287 -1.263027,
        0.225735 0.049728 -1.209956,
        0.162728 0.053455 -1.170092,
        0.091266 0.056713 -1.145599,
        0.350265 0.077655 -1.381744,
        0.320331 0.059979 -1.320137,
        0.279692 0.052526 -1.261074,
        0.227644 0.052861 -1.209363,
        0.169466 0.065318 -1.167942,
        0.098403 0.072247 -1.142992,
        0.107142 0.087512 -1.139699,
        0.171957 0.069204 -1.167110,
        0.234046 0.062281 -1.207220,
        0.285692 0.060737 -1.258567,
        0.326625 0.067813 -1.316644,
        0.357757 0.085524 -1.376768,
        0.180300 0.080779 -1.164230,
        0.189923 0.092084 -1.160790,
        0.241481 0.071621 -1.204544,
        0.250069 0.080852 -1.201309,
        0.292668 0.068896 -1.255494,
        0.300737 0.076933 -1.251865,
        0.333882 0.075452 -1.312598,
        0.336333 0.077763 -1.311234,
        0.360261 0.087867 -1.375119,
        0.368987 0.095108 -1.369437,
        0.133613 0.121097 -1.129504,
        0.200929 0.103089 -1.156763,
        0.259923 0.089897 -1.197501,
        0.303468 0.079380 -1.250626,
        0.344967 0.085019 -1.306449,
        0.378527 0.101650 -1.363356,
        0.388891 0.107433 -1.356917,
        0.354549 0.091737 -1.301198,
        0.313104 0.087114 -1.246228,
        0.263241 0.092642 -1.196203,
        0.213409 0.113717 -1.152131,
        0.147672 0.134512 -1.124052,
        0.400076 0.112377 -1.350161,
        0.365098 0.097824 -1.295502,
        0.323823 0.094345 -1.241315,
        0.274889 0.101294 -1.191595,
        0.217580 0.116912 -1.150572,
        0.163443 0.147242 -1.117945,
        0.376617 0.103170 -1.289389,
        0.335647 0.100965 -1.235894,
        0.287754 0.109356 -1.186446,
        0.232113 0.126896 -1.145109,
        0.414607 0.117088 -1.341672,
        0.379116 0.104172 -1.288076,
        0.348576 0.106848 -1.229986,
        0.301853 0.116716 -1.180757,
        0.247991 0.136081 -1.139100,
        0.186779 0.162719 -1.108946,
        0.206354 0.173299 -1.101443,
        0.265224 0.144374 -1.132554,
        0.317179 0.123249 -1.174546,
        0.351383 0.107959 -1.228707,
        0.391735 0.108451 -1.281526,
        0.427256 0.119806 -1.334529,
        0.440387 0.121397 -1.327334,
        0.405002 0.111670 -1.274766,
        0.365564 0.112754 -1.222265,
        0.320496 0.124483 -1.173199,
        0.283795 0.151659 -1.125486,
        0.453946 0.121808 -1.320116,
        0.418843 0.113763 -1.267835,
        0.380476 0.116447 -1.215531,
        0.337204 0.129814 -1.166408,
        0.287795 0.153027 -1.123963,
        0.249880 0.190837 -1.084948,
        0.433181 0.114662 -1.260770,
        0.396033 0.118963 -1.208547,
        0.354700 0.133939 -1.159293,
        0.307861 0.158906 -1.116329,
        0.254701 0.192350 -1.083139,
        0.469806 0.120766 -1.311904,
        0.435411 0.114690 -1.259680,
        0.412137 0.120226 -1.201353,
        0.372889 0.136785 -1.151896,
        0.328748 0.163417 -1.108394,
        0.278783 0.198794 -1.074155,
        0.483563 0.118545 -1.304943,
        0.449974 0.114146 -1.252609,
        0.414641 0.120304 -1.200237,
        0.391664 0.138275 -1.144263,
        0.350359 0.166498 -1.100205,
        0.303702 0.203652 -1.064956,
        0.464531 0.112350 -1.245600,
        0.430978 0.120045 -1.192965,
        0.394579 0.138378 -1.143078,
        0.372587 0.168081 -1.091805,
        0.329367 0.206886 -1.055588,
        0.478996 0.109304 -1.238656,
        0.447286 0.118466 -1.185704,
        0.413577 0.138227 -1.135348,
        0.376033 0.168186 -1.090505,
        0.355678 0.208441 -1.046095,
        0.514271 0.108994 -1.289690,
        0.493291 0.105006 -1.231768,
        0.463463 0.115577 -1.178474,
        0.432511 0.136652 -1.127626,
        0.398464 0.167967 -1.082054,
        0.359751 0.208526 -1.044636,
        0.496901 0.103707 -1.230017,
        0.479417 0.111383 -1.171280,
        0.451270 0.133667 -1.119938,
        0.420789 0.166189 -1.073659,
        0.386240 0.208081 -1.035208,
        0.539794 0.095579 -1.276877,
        0.510536 0.097978 -1.223341,
        0.483441 0.110104 -1.169450,
        0.469758 0.129278 -1.112301,
        0.442898 0.162863 -1.065349,
        0.523596 0.091163 -1.216797,
        0.498619 0.104428 -1.162470,
        0.474420 0.127933 -1.110363,
        0.464692 0.157987 -1.057147,
        0.438676 0.202016 -1.016856,
        0.563225 0.077614 -1.264365,
        0.536064 0.083277 -1.210339,
        0.513126 0.097642 -1.155642,
        0.491997 0.121946 -1.102987,
        0.470190 0.156494 -1.055073,
        0.464419 0.196386 -1.007980,
        0.547931 0.074310 -1.203913,
        0.526948 0.089774 -1.148935,
        0.508793 0.114761 -1.095812,
        0.490930 0.149844 -1.047224,
        0.470918 0.194669 -1.005751,
        0.510769 0.141850 -1.039653,
        0.524792 0.106415 -1.088817,
        0.540082 0.080829 -1.142309,
        0.555613 0.067611 -1.199558,
        0.580839 0.058971 -1.253485,
        0.518975 0.177846 -0.989370,
        0.541423 0.167142 -0.981739,
        0.529681 0.132546 -1.032346,
        0.547651 0.121936 -1.025278,
        0.539988 0.096915 -1.081973,
        0.549809 0.089824 -1.077415,
        0.548576 0.074153 -1.137853,
        0.560314 0.063603 -1.131178,
        0.566220 0.056949 -1.192898,
        0.576116 0.045248 -1.186076,
        0.590297 0.046326 -1.246618,
        0.599019 0.032422 -1.239437,
        0.585322 0.032404 -1.179033,
        0.571278 0.052063 -1.124449,
        0.563349 0.078671 -1.070744,
        0.559262 0.114007 -1.020619,
        0.562771 0.154908 -0.974450,
        0.609566 0.011404 -1.229000,
        0.593859 0.018246 -1.171635,
        0.581506 0.039435 -1.117614,
        0.575972 0.066506 -1.064141,
        0.575209 0.101563 -1.013965,
        0.616489 -0.006298 -1.220412,
        0.596654 0.013008 -1.168968,
        0.591034 0.025567 -1.110558,
        0.587718 0.053244 -1.057556,
        0.590017 0.088014 -1.007504,
        0.660903 0.053698 -0.936909,
        0.612862 0.115748 -0.956744,
        0.603718 0.073297 -1.001180,
        0.598622 0.038761 -1.050891,
        0.594167 0.020449 -1.108045,
        0.604301 -0.003332 -1.160826,
        0.622474 -0.025844 -1.211014,
        0.681480 0.009406 -0.925027,
        0.671987 0.032223 -0.931056,
        0.648209 0.073916 -0.942747,
        0.620444 0.051493 -0.992742,
        0.631631 0.033587 -0.986371,
        0.612017 0.016990 -1.041577,
        0.620885 -0.000955 -1.034307,
        0.610609 -0.013006 -1.092407,
        0.617579 -0.032419 -1.083704,
        0.617129 -0.041492 -1.142410,
        0.628887 0.098819 -0.950669,
        0.616335 0.057326 -0.994913,
        0.602199 0.033442 -1.048549,
        0.602791 0.004528 -1.100462,
        0.611146 -0.021404 -1.152036,
        0.627448 -0.047514 -1.200600,
        0.445247 -0.450376 -0.765490,
        0.476942 -0.439938 -0.715030,
        0.452898 -0.450588 -0.693509,
        0.422196 -0.459809 -0.737085,
        0.436332 -0.456944 -0.677566,
        0.417807 -0.463164 -0.657894,
        0.402114 -0.467703 -0.638711,
        0.390205 -0.470668 -0.621526,
        0.380885 -0.472643 -0.605387,
        0.372733 -0.474031 -0.587888,
        0.366059 -0.474788 -0.569134,
        0.331397 -0.481950 -0.583080,
        0.339902 -0.481125 -0.605059,
        0.349378 -0.479763 -0.625953,
        0.359569 -0.477904 -0.645573,
        0.372026 -0.475174 -0.666842,
        0.387883 -0.471057 -0.691035,
        0.406133 -0.465475 -0.716304,
        0.360903 -0.474898 -0.548726,
        0.342361 -0.478563 -0.554167,
        0.323819 -0.482229 -0.559608,
        0.301450 -0.131348 -1.301629,
        0.293004 -0.178639 -1.271667,
        0.260973 -0.165702 -1.228404,
        0.270370 -0.121611 -1.252879,
        0.283363 -0.219351 -1.243954,
        0.267767 -0.272768 -1.201187,
        0.109789 -0.218585 -1.103960,
        0.115567 -0.189687 -1.118578,
        0.162816 -0.198985 -1.136059,
        0.056389 -0.303394 -1.034494,
        0.231899 -0.084238 -1.219723,
        0.231899 -0.067398 -1.224013,
        0.240248 -0.068048 -1.232549,
        0.073459 -0.055798 -1.144213,
        0.076044 -0.054540 -1.144950,
        0.075837 -0.070810 -1.142104,
        0.050413 -0.154824 -1.117024,
        0.068228 -0.164605 -1.115986,
        0.071838 -0.134151 -1.126418,
        0.050413 -0.036713 -1.142877,
        0.076239 -0.020859 -1.148627,
        0.050413 -0.133030 -1.123231,
        0.050413 -0.104437 -1.131374,
        0.074400 -0.103517 -1.134911,
        0.050413 -0.072707 -1.137361,
        0.088126 -0.141423 -1.127529,
        0.114751 -0.141949 -1.134706,
        0.113719 -0.142304 -1.134252,
        0.108924 -0.143044 -1.132533,
        0.103774 -0.143300 -1.130941,
        0.093269 -0.142554 -1.128378,
        0.085002 -0.140736 -1.127013,
        0.123381 -0.138870 -1.138542,
        0.122905 -0.139145 -1.138290,
        0.075669 -0.136696 -1.126383,
        0.073459 -0.135739 -1.126234,
        0.073459 -0.148702 -1.122261,
        0.081122 -0.152305 -1.122571,
        0.086089 -0.153732 -1.123200,
        0.089215 -0.154631 -1.123596,
        0.119422 -0.170584 -1.127042,
        0.102752 -0.155951 -1.126761,
        0.105957 -0.156264 -1.127511,
        0.120501 -0.154656 -1.132754,
        0.121332 -0.154565 -1.133054,
        0.122605 -0.154180 -1.133639,
        0.124327 -0.138322 -1.139044,
        0.130915 -0.104517 -1.150480,
        0.144142 -0.109800 -1.154613,
        0.144005 -0.111110 -1.154227,
        0.142151 -0.117356 -1.151815,
        0.140846 -0.119857 -1.150601,
        0.137298 -0.126656 -1.147302,
        0.136141 -0.128127 -1.146430,
        0.134554 -0.130144 -1.145235,
        0.130438 -0.133776 -1.142628,
        0.127107 -0.136715 -1.140518,
        0.125629 -0.137570 -1.139734,
        0.139347 -0.070036 -1.161878,
        0.141514 -0.075299 -1.161661,
        0.143129 -0.079221 -1.161499,
        0.143986 -0.082554 -1.161119,
        0.144535 -0.087878 -1.160108,
        0.145477 -0.097029 -1.158369,
        0.144628 -0.105151 -1.155980,
        0.137727 -0.067398 -1.161746,
        0.136241 -0.067444 -1.161109,
        0.137073 -0.066333 -1.161693,
        0.136870 -0.066098 -1.161657,
        0.082002 -0.051639 -1.146647,
        0.086820 -0.050311 -1.148017,
        0.091269 -0.049085 -1.149281,
        0.101119 -0.048236 -1.152143,
        0.112745 -0.049572 -1.155613,
        0.112993 -0.049600 -1.155687,
        0.119746 -0.051865 -1.157672,
        0.121493 -0.052896 -1.158144,
        0.127799 -0.056620 -1.159850,
        0.129732 -0.058239 -1.160307,
        0.130940 -0.059251 -1.160593,
        0.136476 -0.065644 -1.161586,
        0.121475 -0.038635 -1.160433,
        0.113057 -0.036477 -1.157657,
        0.142417 -0.019376 -1.171264,
        0.110680 -0.035868 -1.156873,
        0.107054 -0.035498 -1.155719,
        0.101254 -0.035273 -1.153928,
        0.087183 -0.036852 -1.150017,
        0.128995 -0.041318 -1.162924,
        0.140210 -0.037650 -1.168272,
        0.137345 -0.046764 -1.165588,
        0.138915 -0.047788 -1.166089,
        0.126268 -0.040102 -1.162017,
        0.125008 -0.039540 -1.161598,
        0.153728 -0.065136 -1.169597,
        0.151184 -0.060891 -1.169250,
        0.198409 -0.035679 -1.203011,
        0.154462 -0.066904 -1.169571,
        0.147907 -0.056997 -1.168472,
        0.143045 -0.051220 -1.167317,
        0.140021 -0.048509 -1.166441,
        0.159611 -0.081207 -1.168931,
        0.158328 -0.076213 -1.169434,
        0.191795 -0.066511 -1.191670,
        0.154880 -0.067909 -1.169556,
        0.160815 -0.107378 -1.163170,
        0.160881 -0.106139 -1.163514,
        0.183600 -0.107959 -1.175972,
        0.161321 -0.097996 -1.165772,
        0.159682 -0.081485 -1.168902,
        0.182399 -0.141860 -1.166139,
        0.176622 -0.141860 -1.162722,
        0.171404 -0.141860 -1.159636,
        0.155641 -0.126437 -1.155610,
        0.156378 -0.124098 -1.156593,
        0.160020 -0.112545 -1.161448,
        0.160154 -0.111671 -1.161739,
        0.153225 -0.131033 -1.153190,
        0.171404 -0.144550 -1.158851,
        0.150011 -0.135158 -1.150544,
        0.131766 -0.150441 -1.138288,
        0.138961 -0.146676 -1.142306,
        0.171404 -0.154824 -1.155855,
        0.127366 -0.152744 -1.135830,
        0.141369 -0.144638 -1.143949,
        0.145060 -0.141512 -1.146467,
        0.145603 -0.140816 -1.146913,
        0.216056 -0.141860 -1.190165,
        0.216056 -0.111584 -1.198283,
        0.216056 -0.091851 -1.203574,
        0.216056 -0.066710 -1.209728,
        0.216056 -0.036713 -1.217070,
        0.247935 -0.035692 -1.249324,
        0.231899 -0.036713 -1.231832,
        0.231899 -0.113909 -1.211602,
        0.231899 -0.107300 -1.213410,
        0.231899 -0.154824 -1.200402,
        0.222733 -0.154824 -1.192683,
        0.167828 -0.179328 -1.145999,
        0.173650 -0.154824 -1.157333,
        0.212088 -0.190591 -1.172326,
        0.206169 -0.154824 -1.178736,
        0.067277 -0.375370 -0.957915,
        0.064447 -0.365538 -0.970625,
        0.093567 -0.375893 -0.964020,
        0.136536 -0.380081 -0.976478,
        0.102325 -0.376068 -0.966054,
        0.100547 -0.366571 -0.978644,
        0.169463 -0.387357 -0.989050,
        0.152999 -0.383719 -0.982764,
        0.135724 -0.371007 -0.989204,
        0.229765 -0.411276 -1.019955,
        0.230967 -0.403890 -1.034502,
        0.234057 -0.389073 -1.061252,
        0.060386 -0.346226 -0.993205,
        0.057696 -0.325546 -1.014462,
        0.237833 -0.372863 -1.086924,
        0.098406 -0.347935 -1.001090,
        0.097517 -0.328064 -1.022202,
        0.097959 -0.306794 -1.042188,
        0.242572 -0.354956 -1.112197,
        0.135332 -0.353181 -1.012025,
        0.136066 -0.334185 -1.033535,
        0.138069 -0.313809 -1.054056,
        0.139870 -0.300835 -1.065941,
        0.245885 -0.343272 -1.127242,
        0.200675 -0.397800 -1.003606,
        0.169493 -0.378784 -1.002157,
        0.170602 -0.361883 -1.025844,
        0.172702 -0.343809 -1.048272,
        0.175990 -0.324312 -1.069882,
        0.178533 -0.311834 -1.082512,
        0.183651 -0.290064 -1.102648,
        0.252121 -0.322450 -1.151750,
        0.207944 -0.401168 -1.007691,
        0.201387 -0.389796 -1.017326,
        0.203678 -0.373907 -1.042337,
        0.206813 -0.356773 -1.066168,
        0.211036 -0.338111 -1.089380,
        0.214097 -0.326070 -1.103077,
        0.220004 -0.304866 -1.125163,
        0.227073 -0.281561 -1.146962,
        0.259420 -0.299212 -1.176290,
        0.065750 -0.183308 -1.108466,
        0.061979 -0.212274 -1.094970,
        0.058987 -0.239460 -1.080040,
        0.057022 -0.265087 -1.063704,
        0.104993 -0.245167 -1.088338,
        0.155333 -0.228054 -1.119529,
        0.206249 -0.210956 -1.160450,
        0.277198 -0.241590 -1.227208,
        0.235293 -0.255478 -1.168739,
        0.189986 -0.266456 -1.122177,
        0.143812 -0.278351 -1.084669,
        0.098846 -0.293283 -1.053679,
        0.250962 -0.204057 -1.205285,
        0.244716 -0.225284 -1.191103,
        0.197509 -0.240452 -1.141298,
        0.148987 -0.254233 -1.102489,
        0.101310 -0.269967 -1.071598,
        0.056243 -0.289322 -1.045959,
        0.221170 -0.154824 -1.191367,
        0.080372 -0.037617 -1.148124,
        0.076033 -0.039084 -1.147020,
        0.073459 -0.039954 -1.146366,
        0.050413 -0.043459 -1.142080,
        0.073459 -0.041695 -1.146129,
        0.050413 -0.054798 -1.140740,
        0.308359 -0.078186 -1.338283,
        0.279635 -0.071993 -1.282089,
        0.312298 -0.041575 -1.367648,
        0.286494 -0.037688 -1.305064,
        0.314181 -0.023001 -1.381160,
        0.201992 -0.018847 -1.207934,
        0.252024 -0.019298 -1.256829,
        0.290046 -0.020706 -1.315537,
        -0.128933 -0.478395 0.018289,
        0.329137 -0.478232 -0.513613,
        0.284670 -0.479480 -0.370150,
        0.247987 -0.480380 -0.255355,
        0.191756 -0.480694 -0.101118,
        0.218457 -0.480728 -0.170628,
        0.106689 -0.478835 0.071282,
        0.127539 -0.479460 0.036026,
        0.143723 -0.479890 0.005533,
        0.166997 -0.480383 -0.043135,
        0.086533 -0.478187 0.101096,
        0.015515 -0.476040 0.173026,
        0.017569 -0.476092 0.171680,
        0.032491 -0.476494 0.160560,
        0.047762 -0.476946 0.146778,
        0.063802 -0.477450 0.129733,
        0.068633 -0.477605 0.124087,
        -0.098261 -0.475444 0.160043,
        -0.090728 -0.475266 0.168968,
        -0.082176 -0.475127 0.176721,
        -0.073765 -0.475042 0.182415,
        -0.065026 -0.474999 0.186674,
        -0.055937 -0.474996 0.189582,
        -0.051089 -0.475010 0.190570,
        -0.041213 -0.475070 0.191485,
        -0.031009 -0.475170 0.191008,
        -0.021124 -0.475301 0.189279,
        -0.009381 -0.475498 0.185707,
        0.002791 -0.475743 0.180353,
        -0.127669 -0.477396 0.070413,
        -0.124536 -0.476912 0.093254,
        -0.121845 -0.476630 0.106130,
        -0.117036 -0.476254 0.122953,
        -0.111150 -0.475921 0.137926,
        -0.105198 -0.475667 0.149494,
        -0.129163 -0.477895 0.045366,
        -0.127919 -0.478694 0.000789,
        -0.123961 -0.479254 -0.035483,
        -0.117418 -0.479753 -0.073873,
        -0.108284 -0.480171 -0.114352,
        -0.096543 -0.480489 -0.156915,
        -0.082140 -0.480689 -0.201681,
        -0.060635 -0.480750 -0.260077,
        -0.033617 -0.480570 -0.325214,
        -0.001800 -0.480135 -0.395254,
        0.035489 -0.479461 -0.472559,
        0.074466 -0.478700 -0.551863,
        0.098654 -0.476145 -0.648814,
        0.116225 -0.477995 -0.640092,
        0.133176 -0.483480 -0.631678,
        0.203950 -0.416772 -0.972883,
        0.067853 -0.434509 -0.852271,
        0.106044 -0.434082 -0.859116,
        0.149226 -0.438696 -0.869000,
        0.123560 -0.435757 -0.863043,
        0.104477 -0.426503 -0.876113,
        0.108666 -0.434053 -0.859586,
        0.224620 -0.462575 -0.892892,
        0.193078 -0.450251 -0.881919,
        0.195444 -0.444431 -0.899457,
        0.188022 -0.448275 -0.880160,
        0.100977 -0.411401 -0.906556,
        0.199826 -0.431317 -0.936816,
        0.097191 -0.394401 -0.935841,
        0.152332 -0.401206 -0.951930,
        0.151729 -0.417549 -0.919856,
        0.150946 -0.432222 -0.886439,
        0.182850 -0.446998 -0.878672,
        0.108850 -0.474817 -0.667189,
        0.182319 -0.451451 -0.862263,
        0.125751 -0.441255 -0.846579,
        0.180410 -0.460711 -0.825761,
        0.178707 -0.465466 -0.803596,
        0.129100 -0.451652 -0.814551,
        0.130411 -0.456960 -0.795166,
        0.130939 -0.463116 -0.768470,
        0.129692 -0.467615 -0.744058,
        0.143851 -0.482024 -0.653877,
        0.152489 -0.481219 -0.675733,
        0.159642 -0.479887 -0.697411,
        0.165305 -0.478095 -0.718311,
        0.170929 -0.475113 -0.744710,
        0.175357 -0.471016 -0.772937,
        0.116687 -0.474086 -0.685402,
        0.122566 -0.472735 -0.703654,
        0.126600 -0.470842 -0.721418,
      ]
    }
    coordIndex [
      308, 307, 541, -1,
      306, 305, 542, -1,
      485, 484, 543, -1,
      311, 312, 544, -1,
      490, 489, 545, -1,
      313, 314, 546, -1,
      315, 316, 547, -1,
      317, 318, 548, -1,
      495, 494, 549, -1,
      319, 320, 550, -1,
      321, 322, 551, -1,
      323, 327, 552, -1,
      500, 499, 553, -1,
      326, 325, 554, -1,
      324, 331, 555, -1,
      330, 329, 556, -1,
      328, 335, 557, -1,
      334, 333, 558, -1,
      507, 506, 559, -1,
      332, 337, 560, -1,
      336, 339, 561, -1,
      341, 340, 562, -1,
      343, 342, 563, -1,
      514, 513, 564, -1,
      345, 344, 565, -1,
      347, 346, 566, -1,
      567, 568, 569, -1,
      568, 570, 571, -1,
      570, 572, 573, -1,
      301, 567, 370, -1,
      370, 567, 574, -1,
      370, 574, 371, -1,
      540, 539, 572, -1,
      572, 539, 538, -1,
      572, 538, 573, -1,
      573, 538, 537, -1,
      371, 574, 372, -1,
      372, 574, 575, -1,
      372, 575, 368, -1,
      536, 576, 537, -1,
      537, 576, 577, -1,
      537, 577, 573, -1,
      368, 575, 369, -1,
      369, 575, 578, -1,
      369, 578, 366, -1,
      366, 578, 367, -1,
      367, 578, 579, -1,
      367, 579, 364, -1,
      364, 579, 365, -1,
      365, 579, 580, -1,
      365, 580, 362, -1,
      536, 535, 576, -1,
      576, 535, 534, -1,
      576, 534, 581, -1,
      581, 534, 533, -1,
      581, 533, 582, -1,
      582, 533, 532, -1,
      582, 532, 583, -1,
      583, 532, 531, -1,
      362, 580, 363, -1,
      363, 580, 584, -1,
      363, 584, 360, -1,
      360, 584, 585, -1,
      360, 585, 361, -1,
      361, 585, 586, -1,
      361, 586, 358, -1,
      531, 530, 583, -1,
      583, 530, 529, -1,
      583, 529, 587, -1,
      587, 529, 528, -1,
      587, 528, 588, -1,
      588, 528, 527, -1,
      588, 527, 589, -1,
      589, 527, 526, -1,
      358, 586, 359, -1,
      359, 586, 590, -1,
      359, 590, 356, -1,
      356, 590, 357, -1,
      357, 590, 591, -1,
      357, 591, 354, -1,
      354, 591, 355, -1,
      355, 591, 592, -1,
      355, 592, 352, -1,
      526, 525, 589, -1,
      589, 525, 524, -1,
      589, 524, 593, -1,
      593, 524, 523, -1,
      593, 523, 594, -1,
      594, 523, 522, -1,
      594, 522, 595, -1,
      595, 522, 521, -1,
      352, 592, 353, -1,
      353, 592, 596, -1,
      353, 596, 350, -1,
      350, 596, 351, -1,
      351, 596, 597, -1,
      351, 597, 348, -1,
      517, 598, 518, -1,
      518, 598, 599, -1,
      518, 599, 519, -1,
      519, 599, 595, -1,
      519, 595, 520, -1,
      520, 595, 521, -1,
      570, 573, 571, -1,
      571, 573, 577, -1,
      571, 577, 600, -1,
      600, 577, 576, -1,
      600, 576, 601, -1,
      601, 576, 581, -1,
      601, 581, 602, -1,
      602, 581, 582, -1,
      602, 582, 603, -1,
      603, 582, 583, -1,
      603, 583, 604, -1,
      604, 583, 587, -1,
      604, 587, 605, -1,
      605, 587, 588, -1,
      605, 588, 606, -1,
      606, 588, 589, -1,
      606, 589, 607, -1,
      607, 589, 593, -1,
      607, 593, 608, -1,
      608, 593, 594, -1,
      608, 594, 609, -1,
      609, 594, 595, -1,
      609, 595, 610, -1,
      610, 595, 599, -1,
      610, 599, 611, -1,
      611, 599, 598, -1,
      611, 598, 612, -1,
      568, 571, 569, -1,
      569, 571, 600, -1,
      569, 600, 613, -1,
      613, 600, 601, -1,
      613, 601, 614, -1,
      614, 601, 602, -1,
      614, 602, 615, -1,
      615, 602, 603, -1,
      615, 603, 616, -1,
      616, 603, 604, -1,
      616, 604, 617, -1,
      617, 604, 605, -1,
      617, 605, 618, -1,
      618, 605, 606, -1,
      618, 606, 619, -1,
      619, 606, 607, -1,
      619, 607, 620, -1,
      620, 607, 608, -1,
      620, 608, 621, -1,
      621, 608, 609, -1,
      621, 609, 622, -1,
      622, 609, 610, -1,
      622, 610, 623, -1,
      623, 610, 611, -1,
      623, 611, 624, -1,
      624, 611, 612, -1,
      624, 612, 625, -1,
      567, 569, 574, -1,
      574, 569, 613, -1,
      574, 613, 575, -1,
      575, 613, 614, -1,
      575, 614, 578, -1,
      578, 614, 615, -1,
      578, 615, 579, -1,
      579, 615, 616, -1,
      579, 616, 580, -1,
      580, 616, 617, -1,
      580, 617, 584, -1,
      584, 617, 618, -1,
      584, 618, 585, -1,
      585, 618, 619, -1,
      585, 619, 586, -1,
      586, 619, 620, -1,
      586, 620, 590, -1,
      590, 620, 621, -1,
      590, 621, 591, -1,
      591, 621, 622, -1,
      591, 622, 592, -1,
      592, 622, 623, -1,
      592, 623, 596, -1,
      596, 623, 624, -1,
      596, 624, 597, -1,
      597, 624, 625, -1,
      597, 625, 566, -1,
      566, 346, 597, -1,
      597, 346, 349, -1,
      597, 349, 348, -1,
      344, 347, 565, -1,
      565, 347, 566, -1,
      565, 566, 626, -1,
      626, 566, 625, -1,
      626, 625, 627, -1,
      627, 625, 612, -1,
      627, 612, 628, -1,
      628, 612, 598, -1,
      628, 598, 516, -1,
      516, 598, 517, -1,
      342, 345, 563, -1,
      563, 345, 565, -1,
      563, 565, 629, -1,
      629, 565, 626, -1,
      629, 626, 630, -1,
      630, 626, 627, -1,
      630, 627, 631, -1,
      631, 627, 628, -1,
      631, 628, 515, -1,
      515, 628, 516, -1,
      340, 343, 562, -1,
      562, 343, 563, -1,
      562, 563, 632, -1,
      632, 563, 629, -1,
      632, 629, 633, -1,
      633, 629, 630, -1,
      633, 630, 564, -1,
      564, 630, 631, -1,
      564, 631, 514, -1,
      514, 631, 515, -1,
      338, 341, 634, -1,
      634, 341, 562, -1,
      634, 562, 635, -1,
      635, 562, 632, -1,
      635, 632, 636, -1,
      636, 632, 633, -1,
      636, 633, 637, -1,
      637, 633, 564, -1,
      637, 564, 512, -1,
      512, 564, 513, -1,
      339, 338, 561, -1,
      561, 338, 634, -1,
      561, 634, 638, -1,
      638, 634, 635, -1,
      638, 635, 639, -1,
      639, 635, 636, -1,
      639, 636, 640, -1,
      640, 636, 637, -1,
      640, 637, 511, -1,
      511, 637, 512, -1,
      337, 336, 560, -1,
      560, 336, 561, -1,
      560, 561, 641, -1,
      641, 561, 638, -1,
      641, 638, 642, -1,
      642, 638, 639, -1,
      642, 639, 643, -1,
      643, 639, 640, -1,
      643, 640, 510, -1,
      510, 640, 511, -1,
      333, 332, 558, -1,
      558, 332, 560, -1,
      558, 560, 644, -1,
      644, 560, 641, -1,
      644, 641, 645, -1,
      645, 641, 642, -1,
      645, 642, 646, -1,
      646, 642, 643, -1,
      646, 643, 509, -1,
      509, 643, 510, -1,
      507, 559, 508, -1,
      335, 334, 557, -1,
      557, 334, 558, -1,
      557, 558, 647, -1,
      647, 558, 644, -1,
      647, 644, 648, -1,
      648, 644, 645, -1,
      648, 645, 559, -1,
      559, 645, 646, -1,
      559, 646, 508, -1,
      508, 646, 509, -1,
      329, 328, 556, -1,
      556, 328, 557, -1,
      556, 557, 649, -1,
      649, 557, 647, -1,
      649, 647, 650, -1,
      650, 647, 648, -1,
      650, 648, 651, -1,
      651, 648, 559, -1,
      651, 559, 505, -1,
      505, 559, 506, -1,
      331, 330, 555, -1,
      555, 330, 556, -1,
      555, 556, 652, -1,
      652, 556, 649, -1,
      652, 649, 653, -1,
      653, 649, 650, -1,
      653, 650, 654, -1,
      654, 650, 651, -1,
      654, 651, 504, -1,
      504, 651, 505, -1,
      325, 324, 554, -1,
      554, 324, 555, -1,
      554, 555, 655, -1,
      655, 555, 652, -1,
      655, 652, 656, -1,
      656, 652, 653, -1,
      656, 653, 657, -1,
      657, 653, 654, -1,
      327, 326, 552, -1,
      552, 326, 554, -1,
      552, 554, 658, -1,
      658, 554, 655, -1,
      658, 655, 659, -1,
      659, 655, 656, -1,
      659, 656, 660, -1,
      660, 656, 657, -1,
      500, 553, 501, -1,
      322, 323, 551, -1,
      551, 323, 552, -1,
      551, 552, 661, -1,
      661, 552, 658, -1,
      661, 658, 662, -1,
      662, 658, 659, -1,
      662, 659, 553, -1,
      553, 659, 660, -1,
      553, 660, 501, -1,
      501, 660, 657, -1,
      501, 657, 502, -1,
      502, 657, 654, -1,
      502, 654, 503, -1,
      503, 654, 504, -1,
      320, 321, 550, -1,
      550, 321, 551, -1,
      550, 551, 663, -1,
      663, 551, 661, -1,
      663, 661, 664, -1,
      664, 661, 662, -1,
      664, 662, 665, -1,
      665, 662, 553, -1,
      665, 553, 498, -1,
      498, 553, 499, -1,
      318, 319, 548, -1,
      548, 319, 550, -1,
      548, 550, 666, -1,
      666, 550, 663, -1,
      666, 663, 667, -1,
      667, 663, 664, -1,
      667, 664, 668, -1,
      668, 664, 665, -1,
      668, 665, 497, -1,
      497, 665, 498, -1,
      495, 549, 496, -1,
      316, 317, 547, -1,
      547, 317, 548, -1,
      547, 548, 669, -1,
      669, 548, 666, -1,
      669, 666, 670, -1,
      670, 666, 667, -1,
      670, 667, 549, -1,
      549, 667, 668, -1,
      549, 668, 496, -1,
      496, 668, 497, -1,
      314, 315, 546, -1,
      546, 315, 547, -1,
      546, 547, 671, -1,
      671, 547, 669, -1,
      671, 669, 672, -1,
      672, 669, 670, -1,
      672, 670, 673, -1,
      673, 670, 549, -1,
      673, 549, 493, -1,
      493, 549, 494, -1,
      312, 313, 544, -1,
      544, 313, 546, -1,
      544, 546, 674, -1,
      674, 546, 671, -1,
      674, 671, 675, -1,
      675, 671, 672, -1,
      675, 672, 676, -1,
      676, 672, 673, -1,
      676, 673, 492, -1,
      492, 673, 493, -1,
      490, 545, 491, -1,
      310, 311, 677, -1,
      677, 311, 544, -1,
      677, 544, 678, -1,
      678, 544, 674, -1,
      678, 674, 679, -1,
      679, 674, 675, -1,
      679, 675, 545, -1,
      545, 675, 676, -1,
      545, 676, 491, -1,
      491, 676, 492, -1,
      309, 310, 680, -1,
      680, 310, 677, -1,
      680, 677, 681, -1,
      681, 677, 678, -1,
      681, 678, 682, -1,
      682, 678, 679, -1,
      682, 679, 683, -1,
      683, 679, 545, -1,
      683, 545, 488, -1,
      488, 545, 489, -1,
      305, 309, 542, -1,
      542, 309, 680, -1,
      542, 680, 684, -1,
      684, 680, 681, -1,
      684, 681, 685, -1,
      685, 681, 682, -1,
      685, 682, 686, -1,
      686, 682, 683, -1,
      686, 683, 487, -1,
      487, 683, 488, -1,
      485, 543, 486, -1,
      307, 306, 541, -1,
      541, 306, 542, -1,
      541, 542, 687, -1,
      687, 542, 684, -1,
      687, 684, 688, -1,
      688, 684, 685, -1,
      688, 685, 543, -1,
      543, 685, 686, -1,
      543, 686, 486, -1,
      486, 686, 487, -1,
      484, 483, 543, -1,
      543, 483, 689, -1,
      543, 689, 688, -1,
      688, 689, 690, -1,
      688, 690, 687, -1,
      687, 690, 691, -1,
      687, 691, 541, -1,
      541, 691, 692, -1,
      541, 692, 308, -1,
      304, 303, 692, -1,
      692, 303, 302, -1,
      692, 302, 308, -1,
      301, 304, 567, -1,
      567, 304, 692, -1,
      567, 692, 568, -1,
      568, 692, 691, -1,
      568, 691, 570, -1,
      570, 691, 690, -1,
      570, 690, 572, -1,
      572, 690, 689, -1,
      572, 689, 540, -1,
      540, 689, 483, -1,
      693, 694, 695, -1,
      696, 697, 698, -1,
      699, 700, 701, -1,
      702, 703, 704, -1,
      705, 65, 64, -1,
      706, 707, 708, -1,
      708, 707, 705, -1,
      702, 704, 709, -1,
      222, 225, 696, -1,
      222, 696, 223, -1,
      696, 698, 223, -1,
      223, 698, 710, -1,
      223, 710, 377, -1,
      705, 64, 708, -1,
      708, 64, 63, -1,
      708, 63, 711, -1,
      711, 63, 62, -1,
      711, 62, 712, -1,
      713, 221, 714, -1,
      714, 221, 196, -1,
      714, 196, 710, -1,
      710, 196, 195, -1,
      710, 195, 377, -1,
      62, 69, 712, -1,
      712, 69, 68, -1,
      712, 68, 715, -1,
      715, 68, 67, -1,
      715, 67, 716, -1,
      200, 199, 717, -1,
      717, 199, 198, -1,
      717, 198, 713, -1,
      713, 198, 197, -1,
      713, 197, 221, -1,
      200, 717, 201, -1,
      201, 717, 718, -1,
      201, 718, 219, -1,
      219, 718, 719, -1,
      219, 719, 220, -1,
      67, 72, 716, -1,
      716, 72, 71, -1,
      716, 71, 720, -1,
      720, 71, 70, -1,
      720, 70, 721, -1,
      721, 70, 76, -1,
      721, 76, 722, -1,
      723, 218, 724, -1,
      724, 218, 217, -1,
      724, 217, 719, -1,
      719, 217, 216, -1,
      719, 216, 220, -1,
      725, 376, 723, -1,
      723, 376, 213, -1,
      213, 214, 723, -1,
      723, 214, 215, -1,
      723, 215, 218, -1,
      76, 75, 722, -1,
      722, 75, 74, -1,
      722, 74, 726, -1,
      726, 74, 73, -1,
      726, 73, 727, -1,
      727, 73, 79, -1,
      727, 79, 728, -1,
      729, 210, 730, -1,
      730, 210, 203, -1,
      730, 203, 725, -1,
      725, 203, 202, -1,
      725, 202, 376, -1,
      79, 78, 728, -1,
      728, 78, 77, -1,
      728, 77, 731, -1,
      731, 77, 85, -1,
      731, 85, 732, -1,
      208, 212, 729, -1,
      729, 212, 211, -1,
      729, 211, 210, -1,
      208, 729, 209, -1,
      209, 729, 733, -1,
      209, 733, 734, -1,
      206, 374, 735, -1,
      735, 374, 205, -1,
      735, 205, 734, -1,
      734, 205, 204, -1,
      734, 204, 209, -1,
      80, 736, 81, -1,
      81, 736, 737, -1,
      81, 737, 82, -1,
      82, 737, 738, -1,
      82, 738, 83, -1,
      83, 738, 732, -1,
      83, 732, 84, -1,
      84, 732, 85, -1,
      736, 693, 737, -1,
      737, 693, 695, -1,
      737, 695, 738, -1,
      738, 695, 739, -1,
      738, 739, 732, -1,
      732, 739, 740, -1,
      732, 740, 731, -1,
      731, 740, 741, -1,
      731, 741, 728, -1,
      728, 741, 742, -1,
      728, 742, 727, -1,
      727, 742, 743, -1,
      727, 743, 726, -1,
      726, 743, 744, -1,
      726, 744, 722, -1,
      722, 744, 745, -1,
      722, 745, 721, -1,
      721, 745, 746, -1,
      721, 746, 720, -1,
      720, 746, 747, -1,
      720, 747, 716, -1,
      716, 747, 748, -1,
      716, 748, 715, -1,
      715, 748, 749, -1,
      715, 749, 712, -1,
      712, 749, 750, -1,
      712, 750, 711, -1,
      711, 750, 751, -1,
      711, 751, 708, -1,
      708, 751, 704, -1,
      708, 704, 706, -1,
      706, 704, 703, -1,
      694, 752, 695, -1,
      695, 752, 753, -1,
      695, 753, 739, -1,
      739, 753, 754, -1,
      739, 754, 740, -1,
      740, 754, 755, -1,
      740, 755, 741, -1,
      741, 755, 756, -1,
      741, 756, 742, -1,
      742, 756, 757, -1,
      742, 757, 743, -1,
      743, 757, 758, -1,
      743, 758, 744, -1,
      744, 758, 759, -1,
      744, 759, 745, -1,
      745, 759, 760, -1,
      745, 760, 746, -1,
      746, 760, 761, -1,
      746, 761, 747, -1,
      747, 761, 762, -1,
      747, 762, 748, -1,
      748, 762, 763, -1,
      748, 763, 749, -1,
      749, 763, 764, -1,
      749, 764, 750, -1,
      750, 764, 765, -1,
      750, 765, 751, -1,
      751, 765, 766, -1,
      751, 766, 704, -1,
      704, 766, 701, -1,
      704, 701, 709, -1,
      709, 701, 700, -1,
      752, 767, 753, -1,
      753, 767, 735, -1,
      753, 735, 754, -1,
      754, 735, 734, -1,
      754, 734, 755, -1,
      755, 734, 733, -1,
      755, 733, 756, -1,
      756, 733, 729, -1,
      756, 729, 757, -1,
      757, 729, 730, -1,
      757, 730, 758, -1,
      758, 730, 725, -1,
      758, 725, 759, -1,
      759, 725, 723, -1,
      759, 723, 760, -1,
      760, 723, 724, -1,
      760, 724, 761, -1,
      761, 724, 719, -1,
      761, 719, 762, -1,
      762, 719, 718, -1,
      762, 718, 763, -1,
      763, 718, 717, -1,
      763, 717, 764, -1,
      764, 717, 713, -1,
      764, 713, 765, -1,
      765, 713, 714, -1,
      765, 714, 766, -1,
      766, 714, 710, -1,
      766, 710, 701, -1,
      701, 710, 698, -1,
      701, 698, 699, -1,
      699, 698, 697, -1,
      207, 206, 768, -1,
      768, 206, 735, -1,
      768, 735, 769, -1,
      769, 735, 767, -1,
      767, 752, 770, -1,
      771, 772, 773, -1,
      774, 775, 776, -1,
      776, 775, 777, -1,
      776, 777, 778, -1,
      779, 780, 781, -1,
      88, 92, 782, -1,
      783, 88, 779, -1,
      779, 88, 782, -1,
      779, 782, 780, -1,
      399, 784, 398, -1,
      398, 784, 785, -1,
      398, 785, 396, -1,
      396, 785, 776, -1,
      396, 776, 394, -1,
      394, 776, 778, -1,
      394, 778, 392, -1,
      86, 87, 786, -1,
      786, 87, 90, -1,
      786, 90, 783, -1,
      783, 90, 89, -1,
      783, 89, 88, -1,
      399, 207, 784, -1,
      784, 207, 768, -1,
      784, 768, 769, -1,
      769, 767, 784, -1,
      784, 767, 770, -1,
      784, 770, 785, -1,
      785, 770, 787, -1,
      785, 787, 776, -1,
      776, 787, 773, -1,
      776, 773, 774, -1,
      774, 773, 772, -1,
      752, 694, 770, -1,
      770, 694, 786, -1,
      770, 786, 787, -1,
      787, 786, 783, -1,
      787, 783, 773, -1,
      773, 783, 779, -1,
      773, 779, 771, -1,
      771, 779, 781, -1,
      80, 86, 736, -1,
      736, 86, 786, -1,
      736, 786, 693, -1,
      693, 786, 694, -1,
      66, 65, 705, -1,
      788, 789, 790, -1,
      191, 190, 791, -1,
      53, 61, 792, -1,
      232, 231, 793, -1,
      57, 56, 794, -1,
      7, 6, 795, -1,
      187, 186, 796, -1,
      234, 238, 797, -1,
      43, 52, 798, -1,
      236, 239, 799, -1,
      240, 241, 800, -1,
      48, 47, 801, -1,
      243, 247, 802, -1,
      253, 252, 803, -1,
      29, 36, 804, -1,
      33, 32, 805, -1,
      185, 184, 806, -1,
      9, 8, 807, -1,
      11, 10, 808, -1,
      265, 269, 809, -1,
      276, 275, 810, -1,
      16, 15, 811, -1,
      812, 813, 19, -1,
      19, 813, 20, -1,
      814, 815, 816, -1,
      279, 814, 817, -1,
      817, 814, 816, -1,
      817, 816, 818, -1,
      273, 272, 818, -1,
      818, 272, 271, -1,
      818, 271, 817, -1,
      817, 271, 270, -1,
      817, 270, 279, -1,
      274, 273, 819, -1,
      819, 273, 818, -1,
      819, 818, 820, -1,
      820, 818, 816, -1,
      820, 816, 821, -1,
      821, 816, 815, -1,
      821, 815, 822, -1,
      275, 274, 810, -1,
      810, 274, 819, -1,
      810, 819, 823, -1,
      823, 819, 820, -1,
      823, 820, 824, -1,
      824, 820, 821, -1,
      824, 821, 825, -1,
      825, 821, 822, -1,
      825, 822, 826, -1,
      268, 276, 827, -1,
      827, 276, 810, -1,
      827, 810, 828, -1,
      828, 810, 823, -1,
      828, 823, 829, -1,
      829, 823, 824, -1,
      829, 824, 830, -1,
      830, 824, 825, -1,
      830, 825, 831, -1,
      831, 825, 826, -1,
      831, 826, 832, -1,
      269, 268, 809, -1,
      809, 268, 827, -1,
      809, 827, 833, -1,
      833, 827, 828, -1,
      833, 828, 834, -1,
      834, 828, 829, -1,
      834, 829, 835, -1,
      835, 829, 830, -1,
      835, 830, 836, -1,
      836, 830, 831, -1,
      836, 831, 812, -1,
      812, 831, 832, -1,
      812, 832, 813, -1,
      266, 265, 837, -1,
      837, 265, 809, -1,
      837, 809, 838, -1,
      838, 809, 833, -1,
      838, 833, 839, -1,
      839, 833, 834, -1,
      839, 834, 840, -1,
      840, 834, 835, -1,
      840, 835, 841, -1,
      841, 835, 836, -1,
      841, 836, 842, -1,
      842, 836, 812, -1,
      842, 812, 18, -1,
      18, 812, 19, -1,
      267, 266, 843, -1,
      843, 266, 837, -1,
      843, 837, 844, -1,
      844, 837, 838, -1,
      844, 838, 845, -1,
      845, 838, 839, -1,
      845, 839, 846, -1,
      846, 839, 840, -1,
      846, 840, 847, -1,
      847, 840, 841, -1,
      847, 841, 848, -1,
      848, 841, 842, -1,
      848, 842, 17, -1,
      17, 842, 18, -1,
      184, 267, 806, -1,
      806, 267, 843, -1,
      806, 843, 849, -1,
      849, 843, 844, -1,
      849, 844, 850, -1,
      850, 844, 845, -1,
      850, 845, 851, -1,
      851, 845, 846, -1,
      851, 846, 852, -1,
      852, 846, 847, -1,
      852, 847, 811, -1,
      811, 847, 848, -1,
      811, 848, 16, -1,
      16, 848, 17, -1,
      263, 185, 853, -1,
      853, 185, 806, -1,
      853, 806, 854, -1,
      854, 806, 849, -1,
      854, 849, 855, -1,
      855, 849, 850, -1,
      855, 850, 856, -1,
      856, 850, 851, -1,
      856, 851, 857, -1,
      857, 851, 852, -1,
      857, 852, 858, -1,
      858, 852, 811, -1,
      858, 811, 14, -1,
      14, 811, 15, -1,
      264, 263, 859, -1,
      859, 263, 853, -1,
      859, 853, 860, -1,
      860, 853, 854, -1,
      860, 854, 861, -1,
      861, 854, 855, -1,
      861, 855, 862, -1,
      862, 855, 856, -1,
      862, 856, 863, -1,
      863, 856, 857, -1,
      863, 857, 864, -1,
      864, 857, 858, -1,
      864, 858, 13, -1,
      13, 858, 14, -1,
      13, 12, 864, -1,
      864, 12, 865, -1,
      864, 865, 863, -1,
      863, 865, 866, -1,
      863, 866, 862, -1,
      862, 866, 867, -1,
      862, 867, 861, -1,
      861, 867, 868, -1,
      861, 868, 860, -1,
      860, 868, 869, -1,
      860, 869, 859, -1,
      859, 869, 870, -1,
      859, 870, 264, -1,
      255, 262, 870, -1,
      262, 261, 870, -1,
      870, 261, 260, -1,
      870, 260, 264, -1,
      10, 9, 808, -1,
      808, 9, 807, -1,
      808, 807, 871, -1,
      871, 807, 872, -1,
      871, 872, 873, -1,
      873, 872, 874, -1,
      873, 874, 875, -1,
      875, 874, 876, -1,
      875, 876, 877, -1,
      877, 876, 878, -1,
      877, 878, 879, -1,
      879, 878, 880, -1,
      8, 28, 807, -1,
      807, 28, 881, -1,
      807, 881, 872, -1,
      872, 881, 882, -1,
      872, 882, 874, -1,
      874, 882, 883, -1,
      874, 883, 876, -1,
      876, 883, 884, -1,
      876, 884, 878, -1,
      878, 884, 885, -1,
      878, 885, 880, -1,
      880, 885, 886, -1,
      12, 11, 865, -1,
      865, 11, 808, -1,
      865, 808, 866, -1,
      866, 808, 871, -1,
      866, 871, 867, -1,
      867, 871, 873, -1,
      867, 873, 868, -1,
      868, 873, 875, -1,
      868, 875, 869, -1,
      869, 875, 877, -1,
      869, 877, 870, -1,
      870, 877, 879, -1,
      870, 879, 255, -1,
      255, 879, 880, -1,
      255, 880, 256, -1,
      256, 880, 886, -1,
      256, 886, 257, -1,
      257, 886, 258, -1,
      259, 258, 887, -1,
      887, 258, 886, -1,
      887, 886, 888, -1,
      888, 886, 885, -1,
      888, 885, 889, -1,
      889, 885, 884, -1,
      889, 884, 890, -1,
      890, 884, 883, -1,
      890, 883, 891, -1,
      891, 883, 882, -1,
      891, 882, 892, -1,
      892, 882, 881, -1,
      892, 881, 27, -1,
      27, 881, 28, -1,
      251, 259, 893, -1,
      893, 259, 887, -1,
      893, 887, 894, -1,
      894, 887, 888, -1,
      894, 888, 895, -1,
      895, 888, 889, -1,
      895, 889, 896, -1,
      896, 889, 890, -1,
      896, 890, 897, -1,
      897, 890, 891, -1,
      897, 891, 898, -1,
      898, 891, 892, -1,
      898, 892, 26, -1,
      26, 892, 27, -1,
      252, 251, 803, -1,
      803, 251, 893, -1,
      803, 893, 899, -1,
      899, 893, 894, -1,
      899, 894, 900, -1,
      900, 894, 895, -1,
      900, 895, 901, -1,
      901, 895, 896, -1,
      901, 896, 902, -1,
      902, 896, 897, -1,
      902, 897, 805, -1,
      805, 897, 898, -1,
      805, 898, 33, -1,
      33, 898, 26, -1,
      254, 253, 903, -1,
      903, 253, 803, -1,
      903, 803, 904, -1,
      904, 803, 899, -1,
      904, 899, 905, -1,
      905, 899, 900, -1,
      905, 900, 906, -1,
      906, 900, 901, -1,
      906, 901, 907, -1,
      907, 901, 902, -1,
      907, 902, 908, -1,
      908, 902, 805, -1,
      908, 805, 31, -1,
      31, 805, 32, -1,
      31, 30, 908, -1,
      908, 30, 909, -1,
      908, 909, 907, -1,
      907, 909, 910, -1,
      907, 910, 906, -1,
      906, 910, 911, -1,
      906, 911, 905, -1,
      905, 911, 912, -1,
      905, 912, 904, -1,
      904, 912, 913, -1,
      904, 913, 903, -1,
      903, 913, 914, -1,
      903, 914, 254, -1,
      250, 249, 914, -1,
      914, 249, 248, -1,
      914, 248, 254, -1,
      245, 250, 915, -1,
      915, 250, 914, -1,
      915, 914, 916, -1,
      916, 914, 913, -1,
      916, 913, 917, -1,
      917, 913, 912, -1,
      917, 912, 918, -1,
      918, 912, 911, -1,
      918, 911, 919, -1,
      919, 911, 910, -1,
      919, 910, 804, -1,
      804, 910, 909, -1,
      804, 909, 29, -1,
      29, 909, 30, -1,
      246, 245, 920, -1,
      920, 245, 915, -1,
      920, 915, 921, -1,
      921, 915, 916, -1,
      921, 916, 922, -1,
      922, 916, 917, -1,
      922, 917, 923, -1,
      923, 917, 918, -1,
      923, 918, 924, -1,
      924, 918, 919, -1,
      924, 919, 925, -1,
      925, 919, 804, -1,
      925, 804, 35, -1,
      35, 804, 36, -1,
      247, 246, 802, -1,
      802, 246, 920, -1,
      802, 920, 926, -1,
      926, 920, 921, -1,
      926, 921, 927, -1,
      927, 921, 922, -1,
      927, 922, 928, -1,
      928, 922, 923, -1,
      928, 923, 929, -1,
      929, 923, 924, -1,
      929, 924, 930, -1,
      930, 924, 925, -1,
      930, 925, 34, -1,
      34, 925, 35, -1,
      244, 243, 931, -1,
      931, 243, 802, -1,
      931, 802, 932, -1,
      932, 802, 926, -1,
      932, 926, 933, -1,
      933, 926, 927, -1,
      933, 927, 934, -1,
      934, 927, 928, -1,
      934, 928, 935, -1,
      935, 928, 929, -1,
      935, 929, 936, -1,
      936, 929, 930, -1,
      936, 930, 40, -1,
      40, 930, 34, -1,
      242, 244, 937, -1,
      937, 244, 931, -1,
      937, 931, 938, -1,
      938, 931, 932, -1,
      938, 932, 939, -1,
      939, 932, 933, -1,
      939, 933, 940, -1,
      940, 933, 934, -1,
      940, 934, 941, -1,
      941, 934, 935, -1,
      941, 935, 942, -1,
      942, 935, 936, -1,
      942, 936, 39, -1,
      39, 936, 40, -1,
      241, 242, 800, -1,
      800, 242, 937, -1,
      800, 937, 943, -1,
      943, 937, 938, -1,
      943, 938, 944, -1,
      944, 938, 939, -1,
      944, 939, 945, -1,
      945, 939, 940, -1,
      945, 940, 946, -1,
      946, 940, 941, -1,
      946, 941, 947, -1,
      947, 941, 942, -1,
      947, 942, 38, -1,
      38, 942, 39, -1,
      239, 240, 799, -1,
      799, 240, 800, -1,
      799, 800, 948, -1,
      948, 800, 943, -1,
      948, 943, 949, -1,
      949, 943, 944, -1,
      949, 944, 950, -1,
      950, 944, 945, -1,
      950, 945, 951, -1,
      951, 945, 946, -1,
      951, 946, 952, -1,
      952, 946, 947, -1,
      952, 947, 37, -1,
      37, 947, 38, -1,
      237, 236, 953, -1,
      953, 236, 799, -1,
      953, 799, 954, -1,
      954, 799, 948, -1,
      954, 948, 955, -1,
      955, 948, 949, -1,
      955, 949, 956, -1,
      956, 949, 950, -1,
      956, 950, 957, -1,
      957, 950, 951, -1,
      957, 951, 958, -1,
      958, 951, 952, -1,
      958, 952, 41, -1,
      41, 952, 37, -1,
      238, 237, 797, -1,
      797, 237, 953, -1,
      797, 953, 959, -1,
      959, 953, 954, -1,
      959, 954, 960, -1,
      960, 954, 955, -1,
      960, 955, 961, -1,
      961, 955, 956, -1,
      961, 956, 962, -1,
      962, 956, 957, -1,
      962, 957, 963, -1,
      963, 957, 958, -1,
      963, 958, 42, -1,
      42, 958, 41, -1,
      235, 234, 964, -1,
      964, 234, 797, -1,
      964, 797, 965, -1,
      965, 797, 959, -1,
      965, 959, 966, -1,
      966, 959, 960, -1,
      966, 960, 967, -1,
      967, 960, 961, -1,
      967, 961, 968, -1,
      968, 961, 962, -1,
      968, 962, 801, -1,
      801, 962, 963, -1,
      801, 963, 48, -1,
      48, 963, 42, -1,
      186, 235, 796, -1,
      796, 235, 964, -1,
      796, 964, 969, -1,
      969, 964, 965, -1,
      969, 965, 970, -1,
      970, 965, 966, -1,
      970, 966, 971, -1,
      971, 966, 967, -1,
      971, 967, 972, -1,
      972, 967, 968, -1,
      972, 968, 973, -1,
      973, 968, 801, -1,
      973, 801, 46, -1,
      46, 801, 47, -1,
      233, 187, 974, -1,
      974, 187, 796, -1,
      974, 796, 975, -1,
      975, 796, 969, -1,
      975, 969, 976, -1,
      976, 969, 970, -1,
      976, 970, 977, -1,
      977, 970, 971, -1,
      977, 971, 978, -1,
      978, 971, 972, -1,
      978, 972, 979, -1,
      979, 972, 973, -1,
      979, 973, 45, -1,
      45, 973, 46, -1,
      231, 233, 793, -1,
      793, 233, 974, -1,
      793, 974, 980, -1,
      980, 974, 975, -1,
      980, 975, 981, -1,
      981, 975, 976, -1,
      981, 976, 982, -1,
      982, 976, 977, -1,
      982, 977, 983, -1,
      983, 977, 978, -1,
      983, 978, 984, -1,
      984, 978, 979, -1,
      984, 979, 44, -1,
      44, 979, 45, -1,
      44, 43, 984, -1,
      984, 43, 798, -1,
      984, 798, 983, -1,
      983, 798, 985, -1,
      983, 985, 982, -1,
      982, 985, 986, -1,
      982, 986, 981, -1,
      981, 986, 987, -1,
      981, 987, 980, -1,
      980, 987, 988, -1,
      980, 988, 793, -1,
      793, 988, 989, -1,
      793, 989, 232, -1,
      228, 189, 989, -1,
      189, 188, 989, -1,
      989, 188, 378, -1,
      989, 378, 232, -1,
      51, 50, 990, -1,
      990, 50, 991, -1,
      990, 991, 992, -1,
      992, 991, 993, -1,
      992, 993, 994, -1,
      994, 993, 995, -1,
      994, 995, 996, -1,
      996, 995, 997, -1,
      996, 997, 998, -1,
      998, 997, 999, -1,
      998, 999, 1000, -1,
      1000, 999, 1001, -1,
      52, 51, 798, -1,
      798, 51, 990, -1,
      798, 990, 985, -1,
      985, 990, 992, -1,
      985, 992, 986, -1,
      986, 992, 994, -1,
      986, 994, 987, -1,
      987, 994, 996, -1,
      987, 996, 988, -1,
      988, 996, 998, -1,
      988, 998, 989, -1,
      989, 998, 1000, -1,
      989, 1000, 228, -1,
      228, 1000, 1001, -1,
      228, 1001, 229, -1,
      229, 1001, 230, -1,
      190, 230, 791, -1,
      791, 230, 1001, -1,
      791, 1001, 1002, -1,
      1002, 1001, 999, -1,
      1002, 999, 1003, -1,
      1003, 999, 997, -1,
      1003, 997, 1004, -1,
      1004, 997, 995, -1,
      1004, 995, 1005, -1,
      1005, 995, 993, -1,
      1005, 993, 1006, -1,
      1006, 993, 991, -1,
      1006, 991, 49, -1,
      49, 991, 50, -1,
      226, 191, 1007, -1,
      1007, 191, 791, -1,
      1007, 791, 1008, -1,
      1008, 791, 1002, -1,
      1008, 1002, 1009, -1,
      1009, 1002, 1003, -1,
      1009, 1003, 1010, -1,
      1010, 1003, 1004, -1,
      1010, 1004, 1011, -1,
      1011, 1004, 1005, -1,
      1011, 1005, 795, -1,
      795, 1005, 1006, -1,
      795, 1006, 7, -1,
      7, 1006, 49, -1,
      227, 226, 1012, -1,
      1012, 226, 1007, -1,
      1012, 1007, 1013, -1,
      1013, 1007, 1008, -1,
      1013, 1008, 1014, -1,
      1014, 1008, 1009, -1,
      1014, 1009, 1015, -1,
      1015, 1009, 1010, -1,
      1015, 1010, 1016, -1,
      1016, 1010, 1011, -1,
      1016, 1011, 794, -1,
      794, 1011, 795, -1,
      794, 795, 57, -1,
      57, 795, 6, -1,
      1017, 59, 58, -1,
      56, 55, 794, -1,
      794, 55, 1018, -1,
      794, 1018, 1016, -1,
      1016, 1018, 1019, -1,
      1016, 1019, 1015, -1,
      1015, 1019, 1020, -1,
      1015, 1020, 1014, -1,
      1014, 1020, 1021, -1,
      1014, 1021, 1013, -1,
      1013, 1021, 1022, -1,
      1013, 1022, 1012, -1,
      1012, 1022, 1023, -1,
      1012, 1023, 227, -1,
      1024, 789, 1025, -1,
      1025, 789, 788, -1,
      1025, 788, 1017, -1,
      61, 60, 792, -1,
      792, 60, 1026, -1,
      792, 1026, 1027, -1,
      1027, 1026, 1028, -1,
      1027, 1028, 1029, -1,
      1029, 1028, 1030, -1,
      1029, 1030, 1031, -1,
      1031, 1030, 1032, -1,
      1031, 1032, 1033, -1,
      224, 194, 1023, -1,
      194, 193, 1023, -1,
      1023, 193, 192, -1,
      1023, 192, 227, -1,
      1017, 58, 1025, -1,
      1025, 58, 5, -1,
      1025, 5, 1024, -1,
      1024, 5, 4, -1,
      1024, 4, 66, -1,
      66, 705, 1024, -1,
      1024, 705, 707, -1,
      1024, 707, 789, -1,
      789, 707, 706, -1,
      789, 706, 790, -1,
      790, 706, 703, -1,
      790, 703, 702, -1,
      60, 59, 1026, -1,
      1026, 59, 1017, -1,
      1026, 1017, 1028, -1,
      1028, 1017, 788, -1,
      1028, 788, 1030, -1,
      1030, 788, 790, -1,
      1030, 790, 1032, -1,
      1032, 790, 702, -1,
      702, 709, 1032, -1,
      1032, 709, 700, -1,
      1032, 700, 1033, -1,
      1033, 700, 699, -1,
      1033, 699, 697, -1,
      54, 53, 1034, -1,
      1034, 53, 792, -1,
      1034, 792, 1035, -1,
      1035, 792, 1027, -1,
      1035, 1027, 1036, -1,
      1036, 1027, 1029, -1,
      1036, 1029, 1037, -1,
      1037, 1029, 1031, -1,
      1037, 1031, 1038, -1,
      1038, 1031, 1033, -1,
      1038, 1033, 1039, -1,
      1039, 1033, 697, -1,
      1039, 697, 696, -1,
      55, 54, 1018, -1,
      1018, 54, 1034, -1,
      1018, 1034, 1019, -1,
      1019, 1034, 1035, -1,
      1019, 1035, 1020, -1,
      1020, 1035, 1036, -1,
      1020, 1036, 1021, -1,
      1021, 1036, 1037, -1,
      1021, 1037, 1022, -1,
      1022, 1037, 1038, -1,
      1022, 1038, 1023, -1,
      1023, 1038, 1039, -1,
      1023, 1039, 224, -1,
      224, 1039, 696, -1,
      224, 696, 225, -1,
      782, 92, 91, -1,
      392, 778, 1040, -1,
      397, 395, 415, -1,
      415, 395, 393, -1,
      415, 393, 392, -1,
      782, 91, 780, -1,
      772, 771, 1041, -1,
      1041, 771, 781, -1,
      1041, 781, 780, -1,
      778, 777, 1040, -1,
      1040, 777, 775, -1,
      1040, 775, 774, -1,
      780, 91, 1041, -1,
      1041, 91, 95, -1,
      1041, 95, 1042, -1,
      392, 1040, 415, -1,
      415, 1040, 1043, -1,
      415, 1043, 416, -1,
      95, 94, 1042, -1,
      1042, 94, 93, -1,
      1042, 93, 1044, -1,
      1044, 93, 97, -1,
      1044, 97, 1045, -1,
      1045, 97, 96, -1,
      1045, 96, 1046, -1,
      1046, 96, 3, -1,
      1046, 3, 1047, -1,
      3, 2, 1047, -1,
      1047, 2, 101, -1,
      1047, 101, 1048, -1,
      1048, 101, 100, -1,
      1048, 100, 1049, -1,
      1049, 100, 99, -1,
      1049, 99, 1050, -1,
      1050, 1051, 1049, -1,
      1049, 1051, 1052, -1,
      1049, 1052, 1048, -1,
      1048, 1052, 1053, -1,
      1048, 1053, 1047, -1,
      1047, 1053, 1054, -1,
      1047, 1054, 1046, -1,
      1046, 1054, 1055, -1,
      1046, 1055, 1045, -1,
      1045, 1055, 1056, -1,
      1045, 1056, 1044, -1,
      1044, 1056, 1057, -1,
      1044, 1057, 1042, -1,
      1042, 1057, 1043, -1,
      1042, 1043, 1041, -1,
      1041, 1043, 1040, -1,
      1041, 1040, 772, -1,
      772, 1040, 774, -1,
      416, 1043, 407, -1,
      407, 1043, 1057, -1,
      407, 1057, 405, -1,
      405, 1057, 1056, -1,
      405, 1056, 406, -1,
      406, 1056, 1055, -1,
      406, 1055, 408, -1,
      408, 1055, 1054, -1,
      408, 1054, 409, -1,
      409, 1054, 1053, -1,
      409, 1053, 410, -1,
      410, 1053, 1052, -1,
      410, 1052, 411, -1,
      411, 1052, 1051, -1,
      411, 1051, 412, -1,
      99, 98, 1050, -1,
      1050, 98, 1058, -1,
      1050, 1058, 1051, -1,
      1051, 1058, 1059, -1,
      1051, 1059, 1060, -1,
      412, 1051, 413, -1,
      413, 1051, 1060, -1,
      413, 1060, 414, -1,
      283, 282, 1061, -1,
      284, 285, 1062, -1,
      1063, 1064, 1061, -1,
      288, 287, 1065, -1,
      373, 291, 1066, -1,
      1067, 1068, 1069, -1,
      125, 124, 1070, -1,
      1071, 1072, 1073, -1,
      1074, 1075, 1076, -1,
      23, 1077, 1078, -1,
      1078, 1077, 1079, -1,
      22, 21, 1080, -1,
      1080, 21, 1081, -1,
      1077, 1082, 1079, -1,
      1079, 1082, 1083, -1,
      1079, 1083, 1084, -1,
      1084, 1083, 1085, -1,
      1086, 1087, 1088, -1,
      1088, 1089, 1086, -1,
      1086, 1089, 1090, -1,
      1086, 1090, 1091, -1,
      1092, 1093, 1086, -1,
      1086, 1093, 1094, -1,
      1086, 1094, 1087, -1,
      1095, 1096, 1079, -1,
      1079, 1096, 1097, -1,
      1079, 1097, 1078, -1,
      1078, 1097, 1098, -1,
      1098, 1099, 1078, -1,
      1078, 1099, 1100, -1,
      1078, 1100, 1101, -1,
      1101, 1100, 1102, -1,
      1101, 1102, 1103, -1,
      1103, 1104, 1101, -1,
      1101, 1104, 1105, -1,
      1101, 1105, 1106, -1,
      1092, 1095, 1093, -1,
      1093, 1095, 1079, -1,
      1093, 1079, 1107, -1,
      1107, 1079, 1084, -1,
      1107, 1084, 1108, -1,
      1108, 1109, 1110, -1,
      1110, 1111, 1108, -1,
      1108, 1111, 1112, -1,
      1108, 1112, 1113, -1,
      1113, 1114, 1108, -1,
      1108, 1114, 1115, -1,
      1108, 1115, 1116, -1,
      1116, 1117, 1108, -1,
      1108, 1117, 1118, -1,
      1108, 1118, 1107, -1,
      1119, 1120, 1108, -1,
      1120, 1121, 1108, -1,
      1108, 1121, 1122, -1,
      1108, 1122, 1123, -1,
      1123, 1124, 1108, -1,
      1108, 1124, 1125, -1,
      1108, 1125, 1109, -1,
      1126, 1127, 1128, -1,
      1128, 1127, 1129, -1,
      1075, 1130, 1076, -1,
      1076, 1130, 1131, -1,
      1076, 1131, 1132, -1,
      1132, 1133, 1076, -1,
      1076, 1133, 1134, -1,
      1076, 1134, 1135, -1,
      1135, 1136, 1076, -1,
      1076, 1136, 1137, -1,
      1076, 1137, 1138, -1,
      1138, 1139, 1076, -1,
      1076, 1139, 1140, -1,
      1076, 1140, 1127, -1,
      1127, 1140, 1141, -1,
      1127, 1141, 1129, -1,
      1142, 1143, 1144, -1,
      1143, 1145, 1144, -1,
      1144, 1145, 1146, -1,
      1144, 1146, 1081, -1,
      1081, 1146, 1147, -1,
      1081, 1147, 1148, -1,
      1149, 1150, 1151, -1,
      1151, 1150, 1152, -1,
      1149, 1153, 1150, -1,
      1150, 1153, 1154, -1,
      1150, 1154, 1142, -1,
      1155, 1156, 1157, -1,
      1155, 1157, 1158, -1,
      1156, 1159, 1157, -1,
      1157, 1159, 1160, -1,
      1157, 1160, 1150, -1,
      1150, 1160, 1161, -1,
      1150, 1161, 1152, -1,
      1162, 1163, 1164, -1,
      1164, 1163, 1165, -1,
      1166, 1167, 1168, -1,
      1168, 1167, 1169, -1,
      1168, 1169, 1164, -1,
      1164, 1169, 1170, -1,
      1164, 1170, 1162, -1,
      1171, 1172, 1168, -1,
      1168, 1172, 1173, -1,
      1174, 1175, 1173, -1,
      1173, 1175, 1176, -1,
      1173, 1176, 1168, -1,
      1168, 1176, 1177, -1,
      1168, 1177, 1166, -1,
      1174, 1173, 1178, -1,
      1178, 1173, 1179, -1,
      1178, 1179, 1180, -1,
      1181, 1182, 1183, -1,
      1181, 1183, 1184, -1,
      1182, 1185, 1183, -1,
      1183, 1185, 1186, -1,
      1183, 1186, 1179, -1,
      1179, 1186, 1187, -1,
      1179, 1187, 1180, -1,
      1188, 1171, 1189, -1,
      1189, 1171, 1168, -1,
      1189, 1168, 1190, -1,
      1190, 1168, 1164, -1,
      1190, 1164, 1191, -1,
      1191, 1164, 1192, -1,
      1165, 1158, 1164, -1,
      1164, 1158, 1157, -1,
      1164, 1157, 1192, -1,
      1192, 1157, 1193, -1,
      1192, 1193, 1194, -1,
      1194, 1193, 1072, -1,
      1064, 1195, 1196, -1,
      1195, 1064, 1197, -1,
      1197, 1064, 1063, -1,
      1197, 1063, 1198, -1,
      1106, 1184, 1101, -1,
      1101, 1184, 1183, -1,
      1101, 1183, 1199, -1,
      1199, 1183, 1200, -1,
      1199, 1200, 1201, -1,
      1201, 1200, 1202, -1,
      120, 119, 1203, -1,
      1203, 119, 1204, -1,
      1203, 1204, 1205, -1,
      1206, 1207, 1208, -1,
      1209, 1210, 1211, -1,
      299, 1212, 300, -1,
      300, 1212, 1213, -1,
      300, 1213, 375, -1,
      375, 1213, 1214, -1,
      375, 1214, 178, -1,
      119, 118, 1204, -1,
      1204, 118, 117, -1,
      1204, 117, 1215, -1,
      1215, 117, 126, -1,
      1215, 126, 1216, -1,
      178, 1214, 179, -1,
      179, 1214, 1217, -1,
      179, 1217, 297, -1,
      1207, 1205, 1208, -1,
      1208, 1205, 1204, -1,
      1208, 1204, 1218, -1,
      1218, 1204, 1215, -1,
      1218, 1215, 1219, -1,
      1219, 1215, 1216, -1,
      1219, 1216, 1220, -1,
      297, 1217, 298, -1,
      298, 1217, 1221, -1,
      298, 1221, 180, -1,
      1210, 1206, 1211, -1,
      1211, 1206, 1208, -1,
      1211, 1208, 1222, -1,
      1222, 1208, 1218, -1,
      1222, 1218, 1223, -1,
      1223, 1218, 1219, -1,
      1223, 1219, 1224, -1,
      1224, 1219, 1220, -1,
      1224, 1220, 1225, -1,
      180, 1221, 181, -1,
      181, 1221, 1226, -1,
      181, 1226, 295, -1,
      1227, 1209, 1228, -1,
      1228, 1209, 1211, -1,
      1228, 1211, 1229, -1,
      1229, 1211, 1222, -1,
      1229, 1222, 1230, -1,
      1230, 1222, 1223, -1,
      1230, 1223, 1231, -1,
      1231, 1223, 1224, -1,
      1231, 1224, 1232, -1,
      1232, 1224, 1225, -1,
      1232, 1225, 1233, -1,
      295, 1226, 296, -1,
      296, 1226, 1234, -1,
      296, 1234, 293, -1,
      1235, 1227, 1236, -1,
      1236, 1227, 1228, -1,
      1236, 1228, 1237, -1,
      1237, 1228, 1229, -1,
      1237, 1229, 1238, -1,
      1238, 1229, 1230, -1,
      1238, 1230, 1239, -1,
      1239, 1230, 1231, -1,
      1239, 1231, 1240, -1,
      1240, 1231, 1232, -1,
      1240, 1232, 1241, -1,
      1241, 1232, 1233, -1,
      1241, 1233, 1242, -1,
      293, 1234, 294, -1,
      294, 1234, 1243, -1,
      294, 1243, 292, -1,
      1212, 1235, 1213, -1,
      1213, 1235, 1236, -1,
      1213, 1236, 1214, -1,
      1214, 1236, 1237, -1,
      1214, 1237, 1217, -1,
      1217, 1237, 1238, -1,
      1217, 1238, 1221, -1,
      1221, 1238, 1239, -1,
      1221, 1239, 1226, -1,
      1226, 1239, 1240, -1,
      1226, 1240, 1234, -1,
      1234, 1240, 1241, -1,
      1234, 1241, 1243, -1,
      1243, 1241, 1242, -1,
      1243, 1242, 1066, -1,
      1066, 291, 1243, -1,
      1243, 291, 290, -1,
      1243, 290, 292, -1,
      1244, 1068, 1245, -1,
      1245, 1068, 1067, -1,
      1245, 1067, 1246, -1,
      122, 121, 1247, -1,
      1247, 121, 1246, -1,
      1247, 1246, 1248, -1,
      1248, 1246, 1067, -1,
      1248, 1067, 1249, -1,
      1249, 1067, 1069, -1,
      1249, 1069, 1250, -1,
      1251, 286, 289, -1,
      289, 373, 1251, -1,
      1251, 373, 1066, -1,
      1251, 1066, 1252, -1,
      1252, 1066, 1242, -1,
      1252, 1242, 1253, -1,
      1253, 1242, 1233, -1,
      1253, 1233, 1254, -1,
      1254, 1233, 1225, -1,
      1254, 1225, 1255, -1,
      1255, 1225, 1220, -1,
      1255, 1220, 1070, -1,
      1070, 1220, 1216, -1,
      1070, 1216, 125, -1,
      125, 1216, 126, -1,
      121, 129, 1246, -1,
      1246, 129, 128, -1,
      1246, 128, 1245, -1,
      1245, 128, 127, -1,
      1245, 127, 1244, -1,
      1244, 127, 25, -1,
      1244, 25, 24, -1,
      1256, 1250, 1201, -1,
      1201, 1250, 1069, -1,
      1201, 1069, 1199, -1,
      1199, 1069, 1068, -1,
      1199, 1068, 1101, -1,
      1101, 1068, 1244, -1,
      1101, 1244, 1078, -1,
      1078, 1244, 24, -1,
      1078, 24, 23, -1,
      287, 286, 1065, -1,
      1065, 286, 1251, -1,
      1065, 1251, 1257, -1,
      1257, 1251, 1252, -1,
      1257, 1252, 1258, -1,
      1258, 1252, 1253, -1,
      1258, 1253, 1259, -1,
      1259, 1253, 1254, -1,
      1259, 1254, 1260, -1,
      1260, 1254, 1255, -1,
      1260, 1255, 1261, -1,
      1261, 1255, 1070, -1,
      1261, 1070, 123, -1,
      123, 1070, 124, -1,
      285, 288, 1062, -1,
      1062, 288, 1065, -1,
      1062, 1065, 1256, -1,
      1256, 1065, 1257, -1,
      1256, 1257, 1250, -1,
      1250, 1257, 1258, -1,
      1250, 1258, 1249, -1,
      1249, 1258, 1259, -1,
      1249, 1259, 1248, -1,
      1248, 1259, 1260, -1,
      1248, 1260, 1247, -1,
      1247, 1260, 1261, -1,
      1247, 1261, 122, -1,
      122, 1261, 123, -1,
      282, 284, 1061, -1,
      1061, 284, 1062, -1,
      1061, 1062, 1063, -1,
      1063, 1062, 1256, -1,
      1063, 1256, 1198, -1,
      1198, 1256, 1201, -1,
      1198, 1201, 1262, -1,
      1262, 1201, 1202, -1,
      1148, 1263, 1081, -1,
      1081, 1263, 1264, -1,
      1081, 1264, 1080, -1,
      1080, 1264, 1265, -1,
      1080, 1265, 1266, -1,
      1266, 1265, 1267, -1,
      1266, 1267, 1268, -1,
      1268, 1267, 1074, -1,
      1268, 1074, 1085, -1,
      1085, 1074, 1076, -1,
      1085, 1076, 1084, -1,
      1084, 1076, 1127, -1,
      1084, 1127, 1108, -1,
      1108, 1127, 1126, -1,
      1108, 1126, 1119, -1,
      1269, 182, 281, -1,
      1071, 1073, 1196, -1,
      1196, 1073, 1270, -1,
      1196, 1270, 1064, -1,
      1064, 1270, 1269, -1,
      1064, 1269, 1061, -1,
      1061, 1269, 281, -1,
      1061, 281, 283, -1,
      1271, 280, 183, -1,
      1072, 1193, 1073, -1,
      1073, 1193, 1272, -1,
      1073, 1272, 1270, -1,
      1270, 1272, 1271, -1,
      1270, 1271, 1269, -1,
      1269, 1271, 183, -1,
      1269, 183, 182, -1,
      278, 277, 1273, -1,
      1273, 277, 379, -1,
      1142, 1144, 1150, -1,
      1150, 1144, 1274, -1,
      1150, 1274, 1157, -1,
      1157, 1274, 1275, -1,
      1157, 1275, 1193, -1,
      1193, 1275, 1276, -1,
      1193, 1276, 1272, -1,
      1272, 1276, 1273, -1,
      1272, 1273, 1271, -1,
      1271, 1273, 379, -1,
      1271, 379, 280, -1,
      279, 278, 814, -1,
      814, 278, 1273, -1,
      814, 1273, 815, -1,
      815, 1273, 1276, -1,
      815, 1276, 822, -1,
      822, 1276, 1275, -1,
      822, 1275, 826, -1,
      826, 1275, 1274, -1,
      826, 1274, 832, -1,
      832, 1274, 1144, -1,
      832, 1144, 813, -1,
      813, 1144, 1081, -1,
      813, 1081, 20, -1,
      20, 1081, 21, -1,
      1277, 441, 452, -1,
      1058, 98, 177, -1,
      1278, 1059, 1058, -1,
      404, 414, 1060, -1,
      1279, 404, 1278, -1,
      1278, 404, 1060, -1,
      1278, 1060, 1059, -1,
      1280, 402, 1279, -1,
      1279, 402, 403, -1,
      1279, 403, 404, -1,
      1281, 480, 1282, -1,
      1282, 480, 401, -1,
      1282, 401, 1280, -1,
      1280, 401, 400, -1,
      1280, 400, 402, -1,
      1283, 479, 1284, -1,
      1284, 479, 478, -1,
      1284, 478, 1285, -1,
      1285, 478, 477, -1,
      1285, 477, 1286, -1,
      1286, 477, 482, -1,
      1286, 482, 1281, -1,
      1281, 482, 481, -1,
      1281, 481, 480, -1,
      1287, 475, 1283, -1,
      1283, 475, 474, -1,
      1283, 474, 479, -1,
      1288, 472, 1289, -1,
      1289, 472, 471, -1,
      1289, 471, 1290, -1,
      1290, 471, 470, -1,
      1290, 470, 1291, -1,
      1291, 470, 469, -1,
      1291, 469, 1292, -1,
      1292, 469, 468, -1,
      1292, 468, 1293, -1,
      1293, 468, 467, -1,
      1293, 467, 1287, -1,
      1287, 467, 476, -1,
      1287, 476, 475, -1,
      1294, 457, 1295, -1,
      1295, 457, 456, -1,
      1295, 456, 1296, -1,
      1296, 456, 455, -1,
      1296, 455, 1297, -1,
      1297, 455, 454, -1,
      1297, 454, 1298, -1,
      1298, 454, 453, -1,
      1298, 453, 1299, -1,
      1299, 453, 466, -1,
      1299, 466, 1300, -1,
      1300, 466, 465, -1,
      1300, 465, 1301, -1,
      1301, 465, 464, -1,
      1301, 464, 1302, -1,
      1302, 464, 463, -1,
      1302, 463, 1303, -1,
      1303, 463, 462, -1,
      1303, 462, 1304, -1,
      1304, 462, 461, -1,
      1304, 461, 1305, -1,
      1305, 461, 460, -1,
      1305, 460, 1288, -1,
      1288, 460, 473, -1,
      1288, 473, 472, -1,
      451, 450, 1306, -1,
      1306, 450, 446, -1,
      1306, 446, 1307, -1,
      1307, 446, 445, -1,
      1307, 445, 1308, -1,
      1308, 445, 449, -1,
      1308, 449, 1309, -1,
      1309, 449, 448, -1,
      1309, 448, 1310, -1,
      1310, 448, 447, -1,
      1310, 447, 1311, -1,
      1311, 447, 459, -1,
      1311, 459, 1294, -1,
      1294, 459, 458, -1,
      1294, 458, 457, -1,
      451, 1306, 452, -1,
      452, 1306, 1312, -1,
      452, 1312, 1277, -1,
      441, 1277, 442, -1,
      442, 1277, 1313, -1,
      442, 1313, 443, -1,
      443, 1313, 1314, -1,
      443, 1314, 444, -1,
      444, 1314, 1315, -1,
      444, 1315, 438, -1,
      438, 1315, 1316, -1,
      438, 1316, 439, -1,
      439, 1316, 440, -1,
      440, 1316, 1317, -1,
      440, 1317, 436, -1,
      436, 1317, 1318, -1,
      436, 1318, 437, -1,
      437, 1318, 1319, -1,
      437, 1319, 434, -1,
      434, 1319, 435, -1,
      435, 1319, 1320, -1,
      435, 1320, 430, -1,
      430, 1320, 1321, -1,
      430, 1321, 431, -1,
      1058, 177, 1278, -1,
      1278, 177, 175, -1,
      1278, 175, 1279, -1,
      1279, 175, 173, -1,
      1279, 173, 1280, -1,
      1280, 173, 170, -1,
      1280, 170, 1282, -1,
      1282, 170, 169, -1,
      1282, 169, 1281, -1,
      1281, 169, 168, -1,
      1281, 168, 1286, -1,
      1286, 168, 167, -1,
      1286, 167, 1285, -1,
      1285, 167, 166, -1,
      1285, 166, 1284, -1,
      1284, 166, 165, -1,
      1284, 165, 1283, -1,
      1283, 165, 164, -1,
      1283, 164, 1287, -1,
      1287, 164, 163, -1,
      1287, 163, 1293, -1,
      1293, 163, 162, -1,
      1293, 162, 1292, -1,
      1292, 162, 161, -1,
      1292, 161, 1291, -1,
      1291, 161, 160, -1,
      1291, 160, 1290, -1,
      1290, 160, 159, -1,
      1290, 159, 1289, -1,
      1289, 159, 147, -1,
      1289, 147, 1288, -1,
      1288, 147, 146, -1,
      1288, 146, 1305, -1,
      1305, 146, 145, -1,
      1305, 145, 1304, -1,
      1304, 145, 144, -1,
      1304, 144, 1303, -1,
      1303, 144, 143, -1,
      1303, 143, 1302, -1,
      1302, 143, 142, -1,
      1302, 142, 1301, -1,
      1301, 142, 141, -1,
      1301, 141, 1300, -1,
      1300, 141, 140, -1,
      1300, 140, 1299, -1,
      1299, 140, 139, -1,
      1299, 139, 1298, -1,
      1298, 139, 131, -1,
      1298, 131, 1297, -1,
      1297, 131, 132, -1,
      1297, 132, 1296, -1,
      1296, 132, 133, -1,
      1296, 133, 1295, -1,
      1295, 133, 134, -1,
      1295, 134, 1294, -1,
      1294, 134, 135, -1,
      1294, 135, 1311, -1,
      1311, 135, 136, -1,
      1311, 136, 1310, -1,
      1310, 136, 137, -1,
      1310, 137, 1309, -1,
      1309, 137, 138, -1,
      1309, 138, 1308, -1,
      1308, 138, 148, -1,
      1308, 148, 1307, -1,
      1307, 148, 149, -1,
      1307, 149, 1306, -1,
      1306, 149, 150, -1,
      1306, 150, 1312, -1,
      1312, 150, 151, -1,
      1312, 151, 1277, -1,
      1277, 151, 152, -1,
      1277, 152, 1313, -1,
      1313, 152, 153, -1,
      1313, 153, 1314, -1,
      1314, 153, 154, -1,
      1314, 154, 1315, -1,
      1315, 154, 155, -1,
      1315, 155, 1316, -1,
      1316, 155, 156, -1,
      1316, 156, 1317, -1,
      1317, 156, 157, -1,
      1317, 157, 1318, -1,
      1318, 157, 158, -1,
      1318, 158, 1319, -1,
      1319, 158, 171, -1,
      1319, 171, 1320, -1,
      1320, 171, 172, -1,
      1320, 172, 1321, -1,
      1321, 172, 176, -1,
      1321, 176, 1322, -1,
      1322, 176, 174, -1,
      1322, 174, 1323, -1,
      174, 130, 1324, -1,
      174, 1324, 1323, -1,
      1323, 1324, 1325, -1,
      1323, 1325, 1326, -1,
      431, 1321, 432, -1,
      432, 1321, 1322, -1,
      432, 1322, 433, -1,
      433, 1322, 1323, -1,
      433, 1323, 427, -1,
      427, 1323, 1326, -1,
      427, 1326, 428, -1,
      1212, 299, 380, -1,
      1227, 1235, 1327, -1,
      1328, 111, 110, -1,
      1328, 110, 1329, -1,
      1330, 1331, 1332, -1,
      1332, 1331, 1333, -1,
      1332, 1333, 1329, -1,
      1334, 1335, 1336, -1,
      1336, 1335, 1337, -1,
      387, 391, 1334, -1,
      1329, 110, 1332, -1,
      1332, 110, 1, -1,
      1332, 1, 1338, -1,
      1334, 1336, 387, -1,
      387, 1336, 1339, -1,
      387, 1339, 386, -1,
      1, 0, 1338, -1,
      1338, 0, 115, -1,
      1338, 115, 1340, -1,
      1340, 1341, 1338, -1,
      1338, 1341, 1342, -1,
      1338, 1342, 1332, -1,
      1332, 1342, 1343, -1,
      1332, 1343, 1330, -1,
      1330, 1343, 1344, -1,
      115, 116, 1340, -1,
      1340, 116, 120, -1,
      1340, 120, 1203, -1,
      1203, 1205, 1340, -1,
      1340, 1205, 1207, -1,
      1340, 1207, 1341, -1,
      1341, 1207, 1206, -1,
      1341, 1206, 1210, -1,
      1227, 1327, 1209, -1,
      1210, 1209, 1341, -1,
      1341, 1209, 1327, -1,
      1341, 1327, 1342, -1,
      1342, 1327, 1339, -1,
      1342, 1339, 1343, -1,
      1343, 1339, 1336, -1,
      1343, 1336, 1344, -1,
      1344, 1336, 1337, -1,
      386, 1339, 385, -1,
      385, 1339, 1327, -1,
      385, 1327, 380, -1,
      380, 1327, 1235, -1,
      380, 1235, 1212, -1,
      1325, 1324, 1345, -1,
      1330, 1344, 1346, -1,
      1346, 1344, 1337, -1,
      1346, 1337, 1335, -1,
      1335, 1334, 417, -1,
      417, 1334, 391, -1,
      417, 391, 390, -1,
      390, 389, 417, -1,
      417, 389, 388, -1,
      417, 388, 384, -1,
      384, 383, 417, -1,
      417, 383, 382, -1,
      417, 382, 381, -1,
      1328, 1329, 1347, -1,
      1347, 1329, 1333, -1,
      1347, 1333, 1331, -1,
      1335, 417, 1346, -1,
      1346, 417, 418, -1,
      1346, 418, 1348, -1,
      1348, 418, 426, -1,
      1348, 426, 1349, -1,
      111, 1328, 112, -1,
      112, 1328, 1347, -1,
      112, 1347, 113, -1,
      113, 1347, 1350, -1,
      113, 1350, 114, -1,
      114, 1350, 1351, -1,
      114, 1351, 106, -1,
      106, 1351, 1352, -1,
      106, 1352, 107, -1,
      107, 1352, 1353, -1,
      107, 1353, 108, -1,
      428, 1326, 429, -1,
      429, 1326, 1354, -1,
      429, 1354, 421, -1,
      421, 1354, 1355, -1,
      421, 1355, 422, -1,
      422, 1355, 1356, -1,
      422, 1356, 419, -1,
      419, 1356, 1357, -1,
      419, 1357, 420, -1,
      420, 1357, 1358, -1,
      420, 1358, 423, -1,
      423, 1358, 1359, -1,
      423, 1359, 424, -1,
      424, 1359, 1349, -1,
      424, 1349, 425, -1,
      425, 1349, 426, -1,
      1326, 1325, 1354, -1,
      1354, 1325, 1345, -1,
      1354, 1345, 1355, -1,
      1355, 1345, 1360, -1,
      1355, 1360, 1356, -1,
      1356, 1360, 1361, -1,
      1356, 1361, 1357, -1,
      1357, 1361, 1362, -1,
      1357, 1362, 1358, -1,
      1358, 1362, 1353, -1,
      1358, 1353, 1359, -1,
      1359, 1353, 1352, -1,
      1359, 1352, 1349, -1,
      1349, 1352, 1351, -1,
      1349, 1351, 1348, -1,
      1348, 1351, 1350, -1,
      1348, 1350, 1346, -1,
      1346, 1350, 1347, -1,
      1346, 1347, 1330, -1,
      1330, 1347, 1331, -1,
      108, 1353, 109, -1,
      109, 1353, 1362, -1,
      109, 1362, 102, -1,
      102, 1362, 1361, -1,
      102, 1361, 103, -1,
      103, 1361, 1360, -1,
      103, 1360, 104, -1,
      104, 1360, 1345, -1,
      104, 1345, 105, -1,
      105, 1345, 1324, -1,
      105, 1324, 130, -1,
    ]
  }
}

Shape {
  appearance Appearance {
    material Material {
      diffuseColor 1.0000 1.0000 1.0000
      specularColor 0.8784 0.8784 0.8784
      ambientIntensity 0.2
      transparency 0.0000
      shininess 0.5
    }
  }
  geometry IndexedFaceSet {
    ccw TRUE
    solid FALSE
    coord DEF co Coordinate {
      point [
        -0.007202 -0.101530 -1.130671,
        0.015785 -0.101530 -1.130583,
        -0.072955 -0.154691 -1.113302,
        0.014589 -0.088567 -1.133263,
        -0.007202 -0.088567 -1.133333,
        0.007722 -0.036713 -1.140278,
        -0.010083 -0.036713 -1.140259,
        -0.010083 -0.039013 -1.140065,
        -0.010083 -0.042753 -1.139749,
        -0.010083 -0.049677 -1.139069,
        -0.036009 -0.105078 -1.129325,
        0.009189 -0.049677 -1.139076,
        -0.007202 -0.092634 -1.132539,
        0.016449 -0.141860 -1.119810,
        -0.012963 -0.141860 -1.119856,
        -0.036009 -0.115965 -1.126649,
        -0.036009 -0.120285 -1.125587,
        -0.068125 -0.154824 -1.113561,
        -0.059377 -0.154824 -1.114062,
        -0.036009 -0.154824 -1.115062,
        -0.012963 -0.154824 -1.115568,
        0.015988 -0.154824 -1.115529,
        -0.012963 -0.154208 -1.115781,
        -0.209420 -0.060311 -1.191799,
        -0.212731 -0.068795 -1.187476,
        -0.157062 -0.108939 -1.140540,
        -0.147642 -0.133858 -1.125157,
        -0.129665 -0.083241 -1.146148,
        -0.129844 -0.084646 -1.145604,
        -0.171367 -0.071102 -1.165670,
        -0.036009 -0.094087 -1.131393,
        -0.036009 -0.071868 -1.135574,
        -0.036009 -0.054202 -1.138899,
        -0.036009 -0.050663 -1.139323,
        -0.036009 -0.036713 -1.140994,
        -0.121830 -0.127972 -1.124819,
        -0.120971 -0.129614 -1.123944,
        -0.146339 -0.137306 -1.123030,
        -0.118371 -0.132992 -1.122165,
        -0.117755 -0.133793 -1.121743,
        -0.108665 -0.142307 -1.117469,
        -0.108495 -0.142466 -1.117390,
        -0.102785 -0.146283 -1.115648,
        -0.096218 -0.149197 -1.114525,
        -0.091222 -0.151414 -1.113671,
        -0.085166 -0.153062 -1.113242,
        -0.082718 -0.153389 -1.113254,
        -0.080652 -0.153664 -1.113264,
        -0.124819 -0.122266 -1.127862,
        -0.127141 -0.117830 -1.130227,
        -0.164646 -0.088878 -1.153737,
        -0.131074 -0.094283 -1.141874,
        -0.129988 -0.102981 -1.137643,
        -0.158949 -0.103949 -1.143620,
        -0.129106 -0.110049 -1.134205,
        -0.128774 -0.112702 -1.132915,
        -0.128023 -0.115061 -1.131678,
        -0.172553 -0.067964 -1.167776,
        -0.129148 -0.079183 -1.147719,
        -0.128872 -0.077015 -1.148558,
        -0.122899 -0.063379 -1.151728,
        -0.123443 -0.064486 -1.151501,
        -0.126938 -0.071584 -1.150042,
        -0.127492 -0.072709 -1.149811,
        -0.113068 -0.052015 -1.152159,
        -0.113180 -0.052134 -1.152159,
        -0.120443 -0.059859 -1.152112,
        -0.121518 -0.061400 -1.151944,
        -0.090706 -0.039898 -1.148882,
        -0.097929 -0.042315 -1.150200,
        -0.100107 -0.043589 -1.150513,
        -0.109348 -0.048996 -1.151846,
        -0.112972 -0.051913 -1.152160,
        -0.069340 -0.036713 -1.144983,
        -0.084902 -0.038468 -1.147823,
        -0.086393 -0.038636 -1.148095,
        -0.184367 -0.036713 -1.187818,
        -0.173527 -0.065388 -1.169506,
        -0.178427 -0.052426 -1.178207,
        -0.179619 -0.049274 -1.180135,
        -0.139716 -0.154824 -1.112215,
        -0.153398 -0.154824 -1.112728,
        -0.157000 -0.154824 -1.112863,
        -0.158098 -0.151599 -1.115008,
        -0.160413 -0.144796 -1.119535,
        -0.199920 -0.121695 -1.142194,
        -0.168276 -0.121695 -1.134906,
        -0.221791 -0.134786 -1.134963,
        -0.217068 -0.121695 -1.146144,
        -0.209702 -0.121695 -1.144447,
        -0.228269 -0.152746 -1.119624,
        -0.241386 -0.142224 -1.130925,
        -0.246303 -0.154824 -1.119209,
        -0.234916 -0.125643 -1.146344,
        -0.235621 -0.127450 -1.144664,
        -0.228886 -0.110193 -1.160352,
        -0.229622 -0.112080 -1.158957,
        -0.217247 -0.080367 -1.181580,
        -0.218615 -0.083874 -1.179793,
        -0.208456 -0.057842 -1.192450,
        -0.087210 -0.038728 -1.148244,
        -0.200211 -0.036713 -1.198016,
        -0.202932 -0.043685 -1.196179,
        -0.207050 -0.054239 -1.193399,
        -0.227217 -0.105914 -1.163512,
        -0.222056 -0.092691 -1.173280,
        -0.229019 -0.154824 -1.117850,
        0.034569 -0.101530 -1.130893,
        0.034569 -0.127095 -1.124045,
        0.034569 -0.141860 -1.120090,
        0.034569 -0.049677 -1.139885,
        0.034569 -0.077159 -1.135475,
        0.034569 -0.088567 -1.133644,
        0.231899 -0.084238 -1.219723,
        0.231899 -0.067398 -1.224013,
        0.073459 -0.055798 -1.144213,
        0.076044 -0.054540 -1.144950,
        0.050413 -0.154824 -1.117024,
        0.050413 -0.036713 -1.142877,
        0.050413 -0.133030 -1.123231,
        0.050413 -0.104437 -1.131374,
        0.050413 -0.072707 -1.137361,
        0.088126 -0.141423 -1.127529,
        0.114751 -0.141949 -1.134706,
        0.113719 -0.142304 -1.134252,
        0.108924 -0.143044 -1.132533,
        0.103774 -0.143300 -1.130941,
        0.093269 -0.142554 -1.128378,
        0.085002 -0.140736 -1.127013,
        0.123381 -0.138870 -1.138542,
        0.122905 -0.139145 -1.138290,
        0.075669 -0.136696 -1.126383,
        0.073459 -0.135739 -1.126234,
        0.073459 -0.148702 -1.122261,
        0.081122 -0.152305 -1.122571,
        0.086089 -0.153732 -1.123200,
        0.089215 -0.154631 -1.123596,
        0.102752 -0.155951 -1.126761,
        0.105957 -0.156264 -1.127511,
        0.120501 -0.154656 -1.132754,
        0.121332 -0.154565 -1.133054,
        0.122605 -0.154180 -1.133639,
        0.124327 -0.138322 -1.139044,
        0.144142 -0.109800 -1.154613,
        0.144005 -0.111110 -1.154227,
        0.142151 -0.117356 -1.151815,
        0.140846 -0.119857 -1.150601,
        0.137298 -0.126656 -1.147302,
        0.136141 -0.128127 -1.146430,
        0.134554 -0.130144 -1.145235,
        0.130438 -0.133776 -1.142628,
        0.127107 -0.136715 -1.140518,
        0.125629 -0.137570 -1.139734,
        0.139347 -0.070036 -1.161878,
        0.141514 -0.075299 -1.161661,
        0.143129 -0.079221 -1.161499,
        0.143986 -0.082554 -1.161119,
        0.144535 -0.087878 -1.160108,
        0.145477 -0.097029 -1.158369,
        0.144628 -0.105151 -1.155980,
        0.137727 -0.067398 -1.161746,
        0.137073 -0.066333 -1.161693,
        0.136870 -0.066098 -1.161657,
        0.082002 -0.051639 -1.146647,
        0.086820 -0.050311 -1.148017,
        0.091269 -0.049085 -1.149281,
        0.101119 -0.048236 -1.152143,
        0.112745 -0.049572 -1.155613,
        0.112993 -0.049600 -1.155687,
        0.119746 -0.051865 -1.157672,
        0.121493 -0.052896 -1.158144,
        0.127799 -0.056620 -1.159850,
        0.129732 -0.058239 -1.160307,
        0.130940 -0.059251 -1.160593,
        0.136476 -0.065644 -1.161586,
        0.121475 -0.038635 -1.160433,
        0.113057 -0.036477 -1.157657,
        0.110680 -0.035868 -1.156873,
        0.107054 -0.035498 -1.155719,
        0.101254 -0.035273 -1.153928,
        0.087183 -0.036852 -1.150017,
        0.128995 -0.041318 -1.162924,
        0.137345 -0.046764 -1.165588,
        0.138915 -0.047788 -1.166089,
        0.126268 -0.040102 -1.162017,
        0.125008 -0.039540 -1.161598,
        0.153728 -0.065136 -1.169597,
        0.151184 -0.060891 -1.169250,
        0.154462 -0.066904 -1.169571,
        0.147907 -0.056997 -1.168472,
        0.143045 -0.051220 -1.167317,
        0.140021 -0.048509 -1.166441,
        0.159611 -0.081207 -1.168931,
        0.158328 -0.076213 -1.169434,
        0.154880 -0.067909 -1.169556,
        0.160815 -0.107378 -1.163170,
        0.160881 -0.106139 -1.163514,
        0.161321 -0.097996 -1.165772,
        0.159682 -0.081485 -1.168902,
        0.182399 -0.141860 -1.166139,
        0.176622 -0.141860 -1.162722,
        0.171404 -0.141860 -1.159636,
        0.155641 -0.126437 -1.155610,
        0.156378 -0.124098 -1.156593,
        0.160020 -0.112545 -1.161448,
        0.160154 -0.111671 -1.161739,
        0.153225 -0.131033 -1.153190,
        0.171404 -0.144550 -1.158851,
        0.150011 -0.135158 -1.150544,
        0.131766 -0.150441 -1.138288,
        0.138961 -0.146676 -1.142306,
        0.171404 -0.154824 -1.155855,
        0.127366 -0.152744 -1.135830,
        0.141369 -0.144638 -1.143949,
        0.145060 -0.141512 -1.146467,
        0.145603 -0.140816 -1.146913,
        0.216056 -0.141860 -1.190165,
        0.216056 -0.111584 -1.198283,
        0.216056 -0.091851 -1.203574,
        0.216056 -0.066710 -1.209728,
        0.216056 -0.036713 -1.217070,
        0.231899 -0.036713 -1.231832,
        0.231899 -0.113909 -1.211602,
        0.231899 -0.107300 -1.213410,
        0.231899 -0.154824 -1.200402,
        0.222733 -0.154824 -1.192683,
        0.173650 -0.154824 -1.157333,
        0.206169 -0.154824 -1.178736,
        0.221170 -0.154824 -1.191367,
        0.080372 -0.037617 -1.148124,
        0.076033 -0.039084 -1.147020,
        0.073459 -0.039954 -1.146366,
        0.050413 -0.043459 -1.142080,
        0.073459 -0.041695 -1.146129,
        0.050413 -0.054798 -1.140740,
        0.034569 -0.101530 -0.984252,
        0.034569 -0.141860 -0.984252,
        0.034569 -0.049677 -0.984252,
        0.034569 -0.088567 -0.984252,
        0.050413 -0.036713 -0.984252,
        0.050413 -0.154824 -0.984252,
        -0.012963 -0.141860 -0.984252,
        -0.012963 -0.154824 -0.984252,
        -0.007202 -0.101530 -0.984252,
        -0.007202 -0.088567 -0.984252,
        -0.010083 -0.049677 -0.984252,
        -0.010083 -0.036713 -0.984252,
        0.073459 -0.148702 -0.984252,
        0.073459 -0.135739 -0.984252,
        0.088096 -0.141560 -0.984252,
        0.103774 -0.143300 -0.984252,
        0.075576 -0.136911 -0.984252,
        0.114791 -0.142065 -0.984252,
        0.145477 -0.097029 -0.984252,
        0.144281 -0.109815 -0.984252,
        0.136188 -0.128164 -0.984252,
        0.141072 -0.119974 -0.984252,
        0.130645 -0.134011 -0.984252,
        0.123396 -0.138896 -0.984252,
        0.101119 -0.048236 -0.984252,
        0.112748 -0.049543 -0.984252,
        0.121589 -0.052733 -0.984252,
        0.129764 -0.058202 -0.984252,
        0.141766 -0.075195 -0.984252,
        0.136896 -0.066076 -0.984252,
        0.144914 -0.087839 -0.984252,
        0.073459 -0.055798 -0.984252,
        0.086763 -0.050101 -0.984252,
        0.073459 -0.039954 -0.984252,
        0.087114 -0.036248 -0.984252,
        0.101254 -0.035273 -0.984252,
        0.161321 -0.097996 -0.984252,
        0.159622 -0.081205 -0.984252,
        0.155088 -0.067822 -0.984252,
        0.148165 -0.056780 -0.984252,
        0.126283 -0.040067 -0.984252,
        0.137502 -0.046524 -0.984252,
        0.113117 -0.036241 -0.984252,
        0.105957 -0.156264 -0.984252,
        0.120513 -0.154755 -0.984252,
        0.131960 -0.150814 -0.984252,
        0.141461 -0.144748 -0.984252,
        0.150332 -0.135407 -0.984252,
        0.156624 -0.124177 -0.984252,
        0.160179 -0.111675 -0.984252,
        0.086049 -0.153871 -0.984252,
        0.102728 -0.156209 -0.984252,
        0.171404 -0.141860 -0.984252,
        0.171404 -0.154824 -0.984252,
        0.216056 -0.141860 -0.984252,
        0.216056 -0.036713 -0.984252,
        0.231899 -0.036713 -0.984252,
        0.231899 -0.154824 -0.984252,
        -0.200211 -0.036713 -0.984252,
        -0.246303 -0.154824 -0.984252,
        -0.184367 -0.036713 -0.984252,
        -0.139716 -0.154824 -0.984252,
        -0.157000 -0.154824 -0.984252,
        -0.168276 -0.121695 -0.984252,
        -0.217068 -0.121695 -0.984252,
        -0.229019 -0.154824 -0.984252,
        -0.172259 -0.108732 -1.144122,
        -0.172259 -0.108732 -0.984252,
        -0.180111 -0.108732 -1.146460,
        -0.211757 -0.108732 -0.984252,
        -0.211757 -0.108732 -1.155883,
        -0.193977 -0.059399 -1.183189,
        -0.197774 -0.069934 -1.178400,
        -0.193977 -0.059399 -0.984252,
        -0.202188 -0.082180 -1.172832,
        -0.206878 -0.095195 -1.164652,
        -0.202652 -0.083468 -1.172247,
        -0.193670 -0.058007 -1.183735,
        -0.192925 -0.055290 -0.984252,
        -0.193066 -0.055259 -1.184812,
        -0.192154 -0.051117 -0.984252,
        -0.192154 -0.051117 -1.186435,
        -0.191772 -0.051117 -0.984252,
        -0.191772 -0.051117 -1.186211,
        -0.191018 -0.055303 -0.984252,
        -0.189881 -0.059399 -0.984252,
        -0.189881 -0.059399 -1.180931,
        -0.189983 -0.059070 -1.181159,
        -0.190589 -0.057103 -1.182526,
        -0.190947 -0.055289 -1.183643,
        -0.183714 -0.076664 -1.168049,
        -0.177300 -0.094619 -1.154652,
        -0.113078 -0.052005 -0.984252,
        -0.113202 -0.052113 -0.984252,
        -0.069340 -0.036713 -0.984252,
        -0.086404 -0.038537 -0.984252,
        -0.100223 -0.043390 -0.984252,
        -0.121554 -0.061375 -0.984252,
        -0.127043 -0.071533 -0.984252,
        -0.130215 -0.083169 -0.984252,
        -0.131074 -0.094283 -0.984252,
        -0.036009 -0.036713 -0.984252,
        -0.069273 -0.049677 -1.142989,
        -0.069273 -0.049677 -0.984252,
        -0.057807 -0.049677 -1.141516,
        -0.051853 -0.049677 -0.984252,
        -0.051853 -0.049677 -1.140752,
        -0.068620 -0.141860 -0.984252,
        -0.081081 -0.140700 -0.984252,
        -0.068620 -0.141860 -1.117898,
        -0.081079 -0.140680 -1.117956,
        -0.081275 -0.140662 -1.117957,
        -0.091020 -0.137598 -0.984252,
        -0.088967 -0.138457 -1.118739,
        -0.099075 -0.132815 -0.984252,
        -0.096894 -0.134376 -1.120476,
        -0.090940 -0.137442 -1.119171,
        -0.105624 -0.126199 -1.124285,
        -0.103420 -0.128497 -1.123204,
        -0.105699 -0.126272 -0.984252,
        -0.099926 -0.132139 -1.121491,
        -0.099052 -0.132784 -1.121198,
        -0.106315 -0.125479 -1.124623,
        -0.110681 -0.118128 -0.984252,
        -0.108028 -0.123022 -1.125796,
        -0.113681 -0.106966 -1.133181,
        -0.113123 -0.111414 -1.131263,
        -0.114145 -0.107026 -0.984252,
        -0.112585 -0.113213 -1.130431,
        -0.110369 -0.117984 -1.128177,
        -0.114003 -0.104399 -1.134289,
        -0.115230 -0.094620 -0.984252,
        -0.115230 -0.094620 -1.138506,
        -0.114194 -0.084805 -1.142004,
        -0.114226 -0.082866 -0.984252,
        -0.113992 -0.082891 -1.142686,
        -0.113749 -0.080584 -1.143508,
        -0.111469 -0.073524 -0.984252,
        -0.112963 -0.077661 -1.144359,
        -0.108244 -0.067498 -1.146555,
        -0.109094 -0.068897 -1.146326,
        -0.107366 -0.066239 -0.984252,
        -0.109757 -0.069989 -1.146148,
        -0.111269 -0.073607 -1.145304,
        -0.100378 -0.059144 -1.147028,
        -0.101598 -0.060184 -1.147041,
        -0.101629 -0.060148 -0.984252,
        -0.103320 -0.061652 -1.147059,
        -0.107259 -0.066329 -1.146656,
        -0.088466 -0.052684 -1.145903,
        -0.092000 -0.054106 -1.146347,
        -0.093002 -0.054574 -0.984252,
        -0.092942 -0.054673 -1.146423,
        -0.094838 -0.055813 -1.146578,
        -0.083173 -0.051525 -1.145114,
        -0.083252 -0.051163 -0.984252,
        -0.076331 -0.050026 -1.144094,
        -0.051853 -0.141860 -0.984252,
        -0.036009 -0.154824 -0.984252,
        -0.068125 -0.154824 -0.984252,
        -0.082739 -0.153548 -0.984252,
        -0.096348 -0.149491 -0.984252,
        -0.108681 -0.142325 -0.984252,
        -0.118402 -0.133017 -0.984252,
        -0.125176 -0.122452 -0.984252,
        -0.129416 -0.110090 -0.984252,
        -0.051853 -0.102051 -1.129906,
        -0.051853 -0.088436 -1.132725,
        -0.051853 -0.067474 -1.137066,
        -0.051853 -0.141860 -1.118730,
        -0.051853 -0.129587 -1.122415,
        -0.051853 -0.110859 -1.127510,
        -0.061482 -0.141860 -1.118242,
      ]
    }
    coordIndex [
      107, 235, 108, -1,
      108, 235, 236, -1,
      108, 236, 109, -1,
      110, 237, 111, -1,
      111, 237, 238, -1,
      111, 238, 112, -1,
      118, 232, 239, -1,
      239, 232, 234, -1,
      239, 234, 121, -1,
      117, 240, 119, -1,
      119, 240, 239, -1,
      119, 239, 120, -1,
      120, 239, 121, -1,
      14, 241, 22, -1,
      22, 241, 242, -1,
      22, 242, 20, -1,
      241, 14, 236, -1,
      236, 14, 13, -1,
      236, 13, 109, -1,
      0, 243, 1, -1,
      1, 243, 235, -1,
      1, 235, 107, -1,
      4, 244, 12, -1,
      12, 244, 243, -1,
      12, 243, 0, -1,
      244, 4, 238, -1,
      238, 4, 3, -1,
      238, 3, 112, -1,
      237, 110, 245, -1,
      245, 110, 11, -1,
      245, 11, 9, -1,
      7, 6, 246, -1,
      7, 246, 8, -1,
      8, 246, 245, -1,
      8, 245, 9, -1,
      118, 239, 5, -1,
      5, 239, 246, -1,
      5, 246, 6, -1,
      20, 242, 21, -1,
      21, 242, 240, -1,
      21, 240, 117, -1,
      240, 242, 241, -1,
      241, 236, 240, -1,
      240, 236, 235, -1,
      240, 235, 239, -1,
      245, 246, 237, -1,
      237, 246, 239, -1,
      237, 239, 238, -1,
      238, 239, 235, -1,
      238, 235, 244, -1,
      244, 235, 243, -1,
      247, 133, 248, -1,
      248, 133, 132, -1,
      131, 128, 249, -1,
      249, 128, 122, -1,
      249, 122, 250, -1,
      250, 122, 127, -1,
      250, 127, 126, -1,
      249, 251, 131, -1,
      131, 251, 248, -1,
      131, 248, 132, -1,
      124, 123, 252, -1,
      158, 253, 159, -1,
      159, 253, 254, -1,
      159, 254, 143, -1,
      143, 254, 144, -1,
      255, 147, 256, -1,
      256, 147, 146, -1,
      256, 146, 254, -1,
      254, 146, 145, -1,
      254, 145, 144, -1,
      257, 149, 255, -1,
      255, 149, 148, -1,
      255, 148, 147, -1,
      152, 151, 257, -1,
      257, 151, 150, -1,
      257, 150, 149, -1,
      152, 257, 142, -1,
      142, 257, 258, -1,
      142, 258, 129, -1,
      252, 123, 258, -1,
      258, 123, 130, -1,
      258, 130, 129, -1,
      250, 126, 252, -1,
      252, 126, 125, -1,
      252, 125, 124, -1,
      259, 260, 166, -1,
      166, 260, 167, -1,
      167, 260, 168, -1,
      168, 260, 261, -1,
      168, 261, 169, -1,
      173, 172, 262, -1,
      262, 172, 171, -1,
      262, 171, 261, -1,
      261, 171, 170, -1,
      261, 170, 169, -1,
      155, 154, 263, -1,
      263, 154, 153, -1,
      153, 160, 263, -1,
      263, 160, 161, -1,
      263, 161, 264, -1,
      264, 161, 162, -1,
      264, 162, 262, -1,
      262, 162, 174, -1,
      262, 174, 173, -1,
      155, 263, 156, -1,
      156, 263, 265, -1,
      156, 265, 157, -1,
      157, 265, 253, -1,
      157, 253, 158, -1,
      115, 266, 116, -1,
      116, 266, 267, -1,
      116, 267, 163, -1,
      163, 267, 164, -1,
      164, 267, 165, -1,
      165, 267, 259, -1,
      165, 259, 166, -1,
      231, 268, 233, -1,
      233, 268, 266, -1,
      233, 266, 115, -1,
      229, 180, 269, -1,
      269, 180, 179, -1,
      269, 179, 270, -1,
      229, 269, 230, -1,
      230, 269, 268, -1,
      230, 268, 231, -1,
      197, 271, 198, -1,
      198, 271, 272, -1,
      273, 193, 272, -1,
      272, 193, 192, -1,
      272, 192, 198, -1,
      186, 188, 273, -1,
      273, 188, 194, -1,
      273, 194, 193, -1,
      191, 190, 274, -1,
      274, 190, 189, -1,
      274, 189, 273, -1,
      273, 189, 187, -1,
      273, 187, 186, -1,
      185, 184, 275, -1,
      275, 184, 181, -1,
      275, 181, 276, -1,
      276, 181, 182, -1,
      276, 182, 274, -1,
      274, 182, 183, -1,
      274, 183, 191, -1,
      270, 179, 277, -1,
      277, 179, 178, -1,
      178, 177, 277, -1,
      277, 177, 176, -1,
      277, 176, 275, -1,
      275, 176, 175, -1,
      275, 175, 185, -1,
      138, 278, 279, -1,
      212, 141, 280, -1,
      280, 141, 140, -1,
      280, 140, 279, -1,
      279, 140, 139, -1,
      279, 139, 138, -1,
      281, 210, 280, -1,
      280, 210, 209, -1,
      280, 209, 212, -1,
      208, 215, 282, -1,
      282, 215, 214, -1,
      282, 214, 281, -1,
      281, 214, 213, -1,
      281, 213, 210, -1,
      208, 282, 206, -1,
      206, 282, 283, -1,
      206, 283, 202, -1,
      284, 204, 283, -1,
      283, 204, 203, -1,
      283, 203, 202, -1,
      197, 196, 271, -1,
      271, 196, 195, -1,
      271, 195, 284, -1,
      284, 195, 205, -1,
      284, 205, 204, -1,
      133, 247, 134, -1,
      134, 247, 285, -1,
      134, 285, 135, -1,
      135, 285, 136, -1,
      136, 285, 286, -1,
      136, 286, 137, -1,
      137, 286, 278, -1,
      137, 278, 138, -1,
      252, 278, 250, -1,
      250, 278, 286, -1,
      250, 286, 249, -1,
      249, 286, 285, -1,
      249, 285, 251, -1,
      251, 285, 247, -1,
      251, 247, 248, -1,
      266, 268, 267, -1,
      267, 268, 269, -1,
      267, 269, 259, -1,
      259, 269, 270, -1,
      259, 270, 260, -1,
      260, 270, 277, -1,
      260, 277, 261, -1,
      261, 277, 275, -1,
      261, 275, 262, -1,
      262, 275, 276, -1,
      262, 276, 264, -1,
      264, 276, 274, -1,
      264, 274, 263, -1,
      263, 274, 273, -1,
      263, 273, 265, -1,
      265, 273, 272, -1,
      265, 272, 253, -1,
      253, 272, 271, -1,
      253, 271, 254, -1,
      254, 271, 284, -1,
      254, 284, 256, -1,
      256, 284, 283, -1,
      256, 283, 255, -1,
      255, 283, 282, -1,
      255, 282, 257, -1,
      257, 282, 281, -1,
      257, 281, 258, -1,
      258, 281, 280, -1,
      258, 280, 252, -1,
      252, 280, 279, -1,
      252, 279, 278, -1,
      201, 287, 207, -1,
      207, 287, 288, -1,
      207, 288, 211, -1,
      199, 216, 289, -1,
      287, 201, 289, -1,
      289, 201, 200, -1,
      289, 200, 199, -1,
      289, 216, 290, -1,
      290, 216, 217, -1,
      217, 218, 290, -1,
      290, 218, 219, -1,
      290, 219, 220, -1,
      290, 220, 291, -1,
      291, 220, 221, -1,
      221, 114, 291, -1,
      291, 114, 113, -1,
      224, 292, 222, -1,
      222, 292, 291, -1,
      222, 291, 223, -1,
      223, 291, 113, -1,
      224, 225, 292, -1,
      292, 225, 228, -1,
      211, 288, 226, -1,
      226, 288, 292, -1,
      226, 292, 227, -1,
      227, 292, 228, -1,
      290, 291, 289, -1,
      289, 291, 292, -1,
      289, 292, 287, -1,
      287, 292, 288, -1,
      99, 293, 23, -1,
      23, 293, 24, -1,
      99, 103, 293, -1,
      293, 103, 102, -1,
      293, 102, 101, -1,
      293, 294, 92, -1,
      92, 91, 293, -1,
      293, 91, 94, -1,
      293, 94, 93, -1,
      293, 104, 105, -1,
      93, 96, 293, -1,
      293, 96, 95, -1,
      293, 95, 104, -1,
      105, 98, 293, -1,
      293, 98, 97, -1,
      293, 97, 24, -1,
      293, 101, 295, -1,
      295, 101, 76, -1,
      76, 79, 295, -1,
      295, 79, 78, -1,
      80, 296, 37, -1,
      37, 296, 295, -1,
      37, 295, 26, -1,
      26, 295, 25, -1,
      78, 77, 295, -1,
      295, 77, 57, -1,
      295, 57, 29, -1,
      29, 50, 295, -1,
      295, 50, 53, -1,
      295, 53, 25, -1,
      82, 297, 81, -1,
      81, 297, 296, -1,
      81, 296, 80, -1,
      84, 86, 298, -1,
      297, 82, 298, -1,
      298, 82, 83, -1,
      298, 83, 84, -1,
      89, 88, 299, -1,
      89, 299, 85, -1,
      85, 299, 298, -1,
      85, 298, 86, -1,
      106, 300, 90, -1,
      90, 300, 299, -1,
      90, 299, 87, -1,
      87, 299, 88, -1,
      300, 106, 294, -1,
      294, 106, 92, -1,
      301, 302, 303, -1,
      303, 302, 304, -1,
      303, 304, 305, -1,
      306, 307, 308, -1,
      308, 307, 309, -1,
      305, 304, 310, -1,
      310, 304, 308, -1,
      310, 308, 311, -1,
      311, 308, 309, -1,
      306, 308, 312, -1,
      312, 308, 313, -1,
      312, 313, 314, -1,
      314, 313, 315, -1,
      314, 315, 316, -1,
      317, 318, 315, -1,
      315, 318, 316, -1,
      318, 317, 319, -1,
      320, 321, 319, -1,
      319, 321, 322, -1,
      322, 323, 319, -1,
      319, 323, 324, -1,
      319, 324, 318, -1,
      325, 321, 320, -1,
      302, 301, 320, -1,
      320, 301, 326, -1,
      320, 326, 325, -1,
      302, 320, 295, -1,
      296, 297, 298, -1,
      320, 319, 295, -1,
      295, 319, 317, -1,
      295, 317, 293, -1,
      293, 317, 315, -1,
      293, 315, 313, -1,
      313, 308, 293, -1,
      293, 308, 304, -1,
      293, 304, 294, -1,
      300, 294, 299, -1,
      299, 294, 304, -1,
      299, 304, 298, -1,
      298, 304, 302, -1,
      298, 302, 296, -1,
      296, 302, 295, -1,
      64, 327, 328, -1,
      73, 329, 74, -1,
      74, 329, 330, -1,
      69, 68, 331, -1,
      331, 68, 100, -1,
      331, 100, 330, -1,
      330, 100, 75, -1,
      330, 75, 74, -1,
      64, 72, 327, -1,
      327, 72, 71, -1,
      327, 71, 331, -1,
      331, 71, 70, -1,
      331, 70, 69, -1,
      332, 66, 328, -1,
      328, 66, 65, -1,
      328, 65, 64, -1,
      333, 62, 332, -1,
      332, 62, 61, -1,
      61, 60, 332, -1,
      332, 60, 67, -1,
      332, 67, 66, -1,
      58, 59, 333, -1,
      333, 59, 63, -1,
      333, 63, 62, -1,
      58, 333, 27, -1,
      27, 333, 334, -1,
      27, 334, 28, -1,
      28, 334, 335, -1,
      28, 335, 51, -1,
      329, 73, 336, -1,
      336, 73, 34, -1,
      337, 338, 339, -1,
      339, 338, 340, -1,
      339, 340, 341, -1,
      342, 343, 344, -1,
      344, 343, 345, -1,
      345, 343, 346, -1,
      346, 343, 347, -1,
      346, 347, 348, -1,
      349, 350, 347, -1,
      347, 350, 351, -1,
      347, 351, 348, -1,
      352, 353, 354, -1,
      354, 353, 355, -1,
      354, 355, 349, -1,
      349, 355, 356, -1,
      349, 356, 350, -1,
      352, 354, 357, -1,
      357, 354, 358, -1,
      357, 358, 359, -1,
      360, 361, 362, -1,
      362, 361, 363, -1,
      362, 363, 358, -1,
      358, 363, 364, -1,
      358, 364, 359, -1,
      360, 362, 365, -1,
      365, 362, 366, -1,
      365, 366, 367, -1,
      367, 366, 368, -1,
      368, 366, 369, -1,
      368, 369, 370, -1,
      370, 369, 371, -1,
      371, 369, 372, -1,
      371, 372, 373, -1,
      374, 375, 376, -1,
      376, 375, 377, -1,
      376, 377, 372, -1,
      372, 377, 378, -1,
      372, 378, 373, -1,
      379, 380, 381, -1,
      381, 380, 382, -1,
      381, 382, 376, -1,
      376, 382, 383, -1,
      376, 383, 374, -1,
      384, 385, 386, -1,
      386, 385, 387, -1,
      386, 387, 381, -1,
      381, 387, 388, -1,
      381, 388, 379, -1,
      384, 386, 389, -1,
      389, 386, 390, -1,
      389, 390, 391, -1,
      391, 390, 338, -1,
      391, 338, 337, -1,
      333, 332, 376, -1,
      376, 332, 328, -1,
      376, 328, 381, -1,
      381, 328, 327, -1,
      381, 327, 386, -1,
      386, 327, 331, -1,
      386, 331, 390, -1,
      390, 331, 330, -1,
      390, 330, 338, -1,
      338, 330, 329, -1,
      338, 329, 340, -1,
      340, 329, 336, -1,
      340, 336, 392, -1,
      392, 336, 393, -1,
      392, 393, 342, -1,
      342, 393, 394, -1,
      342, 394, 343, -1,
      343, 394, 395, -1,
      343, 395, 347, -1,
      347, 395, 396, -1,
      347, 396, 349, -1,
      349, 396, 397, -1,
      349, 397, 354, -1,
      354, 397, 398, -1,
      354, 398, 358, -1,
      358, 398, 399, -1,
      358, 399, 362, -1,
      362, 399, 400, -1,
      362, 400, 366, -1,
      366, 400, 335, -1,
      366, 335, 369, -1,
      369, 335, 334, -1,
      369, 334, 372, -1,
      372, 334, 333, -1,
      372, 333, 376, -1,
      17, 394, 18, -1,
      18, 394, 393, -1,
      18, 393, 19, -1,
      51, 335, 52, -1,
      52, 335, 400, -1,
      56, 55, 400, -1,
      400, 55, 54, -1,
      400, 54, 52, -1,
      398, 38, 399, -1,
      399, 38, 36, -1,
      36, 35, 399, -1,
      399, 35, 48, -1,
      399, 48, 400, -1,
      400, 48, 49, -1,
      400, 49, 56, -1,
      42, 397, 43, -1,
      43, 397, 396, -1,
      43, 396, 44, -1,
      42, 41, 397, -1,
      397, 41, 40, -1,
      397, 40, 398, -1,
      398, 40, 39, -1,
      398, 39, 38, -1,
      44, 396, 45, -1,
      45, 396, 395, -1,
      45, 395, 46, -1,
      394, 17, 2, -1,
      394, 2, 395, -1,
      395, 2, 47, -1,
      395, 47, 46, -1,
      336, 30, 10, -1,
      19, 393, 16, -1,
      16, 393, 336, -1,
      16, 336, 15, -1,
      15, 336, 10, -1,
      336, 34, 33, -1,
      33, 32, 336, -1,
      336, 32, 31, -1,
      336, 31, 30, -1,
      401, 402, 340, -1,
      340, 402, 403, -1,
      340, 403, 341, -1,
      392, 404, 405, -1,
      392, 405, 340, -1,
      340, 405, 406, -1,
      340, 406, 401, -1,
      342, 344, 392, -1,
      392, 344, 407, -1,
      392, 407, 404, -1,
    ]
  }
}

Shape {
  appearance Appearance {
    material Material {
      diffuseColor 0.6902 0.5176 0.3608
      specularColor 0.0510 0.0353 0.0275
      ambientIntensity 0.2
      transparency 0.0000
      shininess 0.5
    }
  }
  geometry IndexedFaceSet {
    ccw TRUE
    solid FALSE
    coord DEF co Coordinate {
      point [
        -0.172259 -0.108732 -1.144122,
        -0.180111 -0.108732 -1.146460,
        -0.211757 -0.108732 -1.155883,
        -0.193977 -0.059399 -1.183189,
        -0.197774 -0.069934 -1.178400,
        -0.202188 -0.082180 -1.172832,
        -0.206878 -0.095195 -1.164652,
        -0.202652 -0.083468 -1.172247,
        -0.193670 -0.058007 -1.183735,
        -0.193066 -0.055259 -1.184812,
        -0.192154 -0.051117 -1.186435,
        -0.191772 -0.051117 -1.186211,
        -0.189881 -0.059399 -1.180931,
        -0.189983 -0.059070 -1.181159,
        -0.190589 -0.057103 -1.182526,
        -0.190947 -0.055289 -1.183643,
        -0.183714 -0.076664 -1.168049,
        -0.177300 -0.094619 -1.154652,
        -0.069273 -0.049677 -1.142989,
        -0.057807 -0.049677 -1.141516,
        -0.051853 -0.049677 -1.140752,
        -0.068620 -0.141860 -1.117898,
        -0.081079 -0.140680 -1.117956,
        -0.081275 -0.140662 -1.117957,
        -0.088967 -0.138457 -1.118739,
        -0.096894 -0.134376 -1.120476,
        -0.090940 -0.137442 -1.119171,
        -0.105624 -0.126199 -1.124285,
        -0.103420 -0.128497 -1.123204,
        -0.099926 -0.132139 -1.121491,
        -0.099052 -0.132784 -1.121198,
        -0.106315 -0.125479 -1.124623,
        -0.108028 -0.123022 -1.125796,
        -0.113681 -0.106966 -1.133181,
        -0.113123 -0.111414 -1.131263,
        -0.112585 -0.113213 -1.130431,
        -0.110369 -0.117984 -1.128177,
        -0.114003 -0.104399 -1.134289,
        -0.115230 -0.094620 -1.138506,
        -0.114194 -0.084805 -1.142004,
        -0.113992 -0.082891 -1.142686,
        -0.113749 -0.080584 -1.143508,
        -0.112963 -0.077661 -1.144359,
        -0.108244 -0.067498 -1.146555,
        -0.109094 -0.068897 -1.146326,
        -0.109757 -0.069989 -1.146148,
        -0.111269 -0.073607 -1.145304,
        -0.100378 -0.059144 -1.147028,
        -0.101598 -0.060184 -1.147041,
        -0.103320 -0.061652 -1.147059,
        -0.107259 -0.066329 -1.146656,
        -0.088466 -0.052684 -1.145903,
        -0.092000 -0.054106 -1.146347,
        -0.092942 -0.054673 -1.146423,
        -0.094838 -0.055813 -1.146578,
        -0.083173 -0.051525 -1.145114,
        -0.076331 -0.050026 -1.144094,
        -0.051853 -0.102051 -1.129906,
        -0.051853 -0.088436 -1.132725,
        -0.051853 -0.067474 -1.137066,
        -0.051853 -0.141860 -1.118730,
        -0.051853 -0.129587 -1.122415,
        -0.051853 -0.110859 -1.127510,
        -0.061482 -0.141860 -1.118242,
        -0.062967 -0.064117 -1.139431,
        -0.070827 -0.081410 -1.136319,
        -0.080474 -0.098309 -1.132444,
        -0.092102 -0.114917 -1.127746,
        -0.055312 -0.134179 -1.120914,
      ]
    }
    coordIndex [
      8, 13, 3, -1,
      3, 13, 12, -1,
      3, 12, 4, -1,
      4, 12, 16, -1,
      4, 16, 17, -1,
      10, 11, 9, -1,
      9, 11, 15, -1,
      9, 15, 8, -1,
      8, 15, 14, -1,
      8, 14, 13, -1,
      17, 0, 1, -1,
      2, 6, 1, -1,
      1, 6, 7, -1,
      1, 7, 17, -1,
      17, 7, 5, -1,
      17, 5, 4, -1,
      53, 52, 64, -1,
      64, 52, 51, -1,
      64, 51, 55, -1,
      55, 56, 64, -1,
      64, 56, 18, -1,
      64, 18, 19, -1,
      43, 50, 65, -1,
      65, 50, 49, -1,
      49, 48, 65, -1,
      65, 48, 47, -1,
      65, 47, 64, -1,
      64, 47, 54, -1,
      64, 54, 53, -1,
      39, 40, 65, -1,
      40, 41, 65, -1,
      65, 41, 42, -1,
      65, 42, 46, -1,
      46, 45, 65, -1,
      65, 45, 44, -1,
      65, 44, 43, -1,
      37, 38, 66, -1,
      67, 27, 31, -1,
      31, 32, 67, -1,
      67, 32, 36, -1,
      67, 36, 35, -1,
      35, 34, 67, -1,
      67, 34, 33, -1,
      67, 33, 37, -1,
      68, 63, 67, -1,
      67, 63, 21, -1,
      21, 22, 67, -1,
      67, 22, 23, -1,
      67, 23, 24, -1,
      24, 26, 67, -1,
      67, 26, 25, -1,
      67, 25, 30, -1,
      30, 29, 67, -1,
      67, 29, 28, -1,
      67, 28, 27, -1,
      37, 66, 67, -1,
      67, 66, 61, -1,
      67, 61, 68, -1,
      58, 57, 66, -1,
      66, 57, 62, -1,
      66, 62, 61, -1,
      38, 39, 66, -1,
      66, 39, 65, -1,
      66, 65, 58, -1,
      58, 65, 64, -1,
      58, 64, 59, -1,
      59, 64, 19, -1,
      59, 19, 20, -1,
      61, 60, 68, -1,
      68, 60, 63, -1,
    ]
  }
}
