#VRML V2.0 utf8

Shape {
  appearance Appearance {
    material Material {
      diffuseColor 0.2000 0.2000 0.2000
      specularColor 0.2510 0.2510 0.2510
      ambientIntensity 0.2
      transparency 0.0000
      shininess 0.5
    }
  }
  geometry IndexedFaceSet {
    ccw TRUE
    solid FALSE
    coord DEF co Coordinate {
      point [
        0.791263 0.059055 0.118110,
        0.789796 0.060967 0.118110,
        1.053150 0.060967 0.118110,
        0.605460 0.083517 0.118110,
        0.588157 0.060967 0.118110,
        0.422374 0.060967 0.118110,
        -0.586690 -0.059055 0.118110,
        -0.586495 -0.058584 0.118110,
        -0.387593 -0.058584 0.118110,
        -0.586690 0.059055 0.118110,
        -0.588157 0.060967 0.118110,
        -0.387593 0.060967 0.118110,
        0.103919 -0.058584 0.118110,
        0.103919 0.060967 0.118110,
        0.115442 -0.038779 0.118110,
        0.115442 -0.051742 0.118110,
        0.128032 -0.056912 0.118110,
        0.139967 -0.058584 0.118110,
        0.132800 0.060967 0.118110,
        0.129098 0.060711 0.118110,
        0.115442 0.057006 0.118110,
        0.115442 0.041161 0.118110,
        0.128746 0.046858 0.118110,
        0.117559 -0.039952 0.118110,
        0.143102 0.048723 0.118110,
        0.154732 0.047417 0.118110,
        0.163572 0.044227 0.118110,
        0.171747 0.038758 0.118110,
        0.178880 0.030884 0.118110,
        0.187461 -0.000069 0.118110,
        0.186265 -0.012855 0.118110,
        0.183056 -0.023014 0.118110,
        0.156774 -0.045105 0.118110,
        0.145757 -0.046341 0.118110,
        0.165380 -0.041937 0.118110,
        0.172628 -0.037051 0.118110,
        0.178171 -0.031204 0.118110,
        0.130079 -0.044601 0.118110,
        0.183749 0.021765 0.118110,
        0.186897 0.009120 0.118110,
        0.183444 -0.047788 0.118110,
        0.192316 -0.038448 0.118110,
        0.208346 -0.058584 0.118110,
        0.173943 -0.053855 0.118110,
        0.208346 0.060967 0.118110,
        0.190148 0.040180 0.118110,
        0.179485 0.050435 0.118110,
        0.203304 -0.001037 0.118110,
        0.201606 0.015755 0.118110,
        0.197071 0.029138 0.118110,
        0.168267 0.056893 0.118110,
        0.155100 0.060718 0.118110,
        0.152058 0.060967 0.118110,
        0.198608 -0.027217 0.118110,
        0.202162 -0.014715 0.118110,
        0.144711 -0.059249 0.118110,
        0.103919 -0.708661 0.118110,
        0.208346 -0.708661 0.118110,
        0.147940 -0.059304 0.118110,
        0.154886 -0.058584 0.118110,
        0.162496 -0.057795 0.118110,
        -0.791263 0.059055 0.118110,
        -0.803062 0.030569 0.118110,
        -1.294532 0.060967 0.118110,
        -1.299213 -0.000000 0.118110,
        -0.807087 0.000000 0.118110,
        -1.294715 -0.058584 0.118110,
        -1.283986 0.198324 0.118110,
        -0.772493 0.083517 0.118110,
        -0.789796 0.060967 0.118110,
        -0.605460 0.083517 0.118110,
        -0.629921 0.102287 0.118110,
        -0.387593 1.236911 0.118110,
        -0.658407 0.114086 0.118110,
        -0.439156 1.222741 0.118110,
        -0.688976 0.118110 0.118110,
        -0.719546 0.114086 0.118110,
        -0.787616 1.033255 0.118110,
        -0.620660 1.141374 0.118110,
        -1.238665 0.391999 0.118110,
        -1.164309 0.576486 0.118110,
        -0.748031 0.102287 0.118110,
        -1.062664 0.747461 0.118110,
        -0.936111 0.900916 0.118110,
        -0.574891 -0.030569 0.118110,
        -0.570866 0.000000 0.118110,
        -0.574891 0.030569 0.118110,
        -0.803062 -0.030569 0.118110,
        -0.791458 -0.058584 0.118110,
        -1.283986 -0.198324 0.118110,
        -0.791263 -0.059055 0.118110,
        -1.238665 -0.391999 0.118110,
        -1.062664 -0.747461 0.118110,
        -1.085731 -0.708661 0.118110,
        -0.387593 -0.708661 0.118110,
        -0.719546 -0.114086 0.118110,
        -0.688976 -0.118110 0.118110,
        -1.164309 -0.576486 0.118110,
        -0.772493 -0.083517 0.118110,
        -0.748031 -0.102287 0.118110,
        -0.658407 -0.114086 0.118110,
        -0.629921 -0.102287 0.118110,
        -0.605460 -0.083517 0.118110,
        -0.439156 -1.222741 0.118110,
        -0.620660 -1.141374 0.118110,
        -0.787616 -1.033255 0.118110,
        -0.936111 -0.900916 0.118110,
        -0.093411 -0.708661 0.118110,
        -0.247359 -1.275448 0.118110,
        -0.387593 -1.236911 0.118110,
        0.017497 -1.295681 0.118110,
        0.017497 -0.708661 0.118110,
        -0.049763 -1.298259 0.118110,
        -0.093411 -1.293220 0.118110,
        0.344267 -1.252770 0.118110,
        0.208346 -1.279131 0.118110,
        0.148998 -1.290641 0.118110,
        0.103919 -1.292369 0.118110,
        1.053150 -0.708661 0.118110,
        1.053150 -0.754362 0.118110,
        0.422374 -0.708661 0.118110,
        1.002328 -0.826614 0.118110,
        0.864400 -0.969931 0.118110,
        0.706210 -1.090514 0.118110,
        0.531467 -1.185536 0.118110,
        0.422374 -1.224718 0.118110,
        1.053150 -0.058584 0.118110,
        1.295400 -0.099454 0.118110,
        1.265037 -0.296030 0.118110,
        1.205023 -0.485668 0.118110,
        1.116764 -0.663922 0.118110,
        1.085294 -0.708661 0.118110,
        1.205023 0.485668 0.118110,
        1.265037 0.296030 0.118110,
        1.295400 0.099454 0.118110,
        1.295400 0.060967 0.118110,
        1.295400 -0.058584 0.118110,
        1.053150 0.754362 0.118110,
        1.116764 0.663922 0.118110,
        0.772493 0.083517 0.118110,
        0.748031 0.102287 0.118110,
        1.002328 0.826614 0.118110,
        0.719546 0.114086 0.118110,
        0.629921 0.102287 0.118110,
        0.422374 1.224718 0.118110,
        0.658407 0.114086 0.118110,
        0.531467 1.185536 0.118110,
        0.688976 0.118110 0.118110,
        0.706210 1.090514 0.118110,
        0.864400 0.969931 0.118110,
        0.344267 1.252770 0.118110,
        0.208346 1.279131 0.118110,
        0.148998 1.290641 0.118110,
        -0.049763 1.298259 0.118110,
        0.017497 1.295681 0.118110,
        0.017497 0.060967 0.118110,
        0.103919 1.292369 0.118110,
        -0.247359 1.275448 0.118110,
        0.570866 0.000000 0.118110,
        0.422374 -0.058584 0.118110,
        0.574891 0.030569 0.118110,
        0.586690 0.059055 0.118110,
        0.791458 -0.058584 0.118110,
        0.803062 -0.030569 0.118110,
        0.807087 0.000000 0.118110,
        0.803062 0.030569 0.118110,
        0.574891 -0.030569 0.118110,
        0.586495 -0.058584 0.118110,
        0.586690 -0.059055 0.118110,
        0.605460 -0.083517 0.118110,
        0.629921 -0.102287 0.118110,
        0.658407 -0.114086 0.118110,
        0.688976 -0.118110 0.118110,
        0.719546 -0.114086 0.118110,
        0.748031 -0.102287 0.118110,
        0.772493 -0.083517 0.118110,
        0.791263 -0.059055 0.118110,
        -0.187035 -0.057864 0.118110,
        -0.093411 -0.058584 0.118110,
        -0.204320 -0.057864 0.118110,
        -0.158228 0.060246 0.118110,
        -0.093411 0.060967 0.118110,
        -0.093411 1.293220 0.118110,
        -0.175085 -0.024735 0.118110,
        -0.126293 -0.024735 0.118110,
        -0.115017 -0.057864 0.118110,
        -0.097733 -0.057864 0.118110,
        -0.142384 0.060246 0.118110,
        -0.083193 -0.025493 0.118110,
        -0.076419 -0.036057 0.118110,
        -0.066698 -0.045365 0.118110,
        -0.054365 -0.052532 0.118110,
        -0.027357 0.060246 0.118110,
        -0.044421 0.058422 0.118110,
        -0.058240 0.053570 0.118110,
        -0.071095 0.044955 0.118110,
        -0.071219 0.044846 0.118110,
        -0.079571 0.035585 0.118110,
        -0.085060 0.025427 0.118110,
        -0.040756 -0.056588 0.118110,
        -0.026142 -0.057864 0.118110,
        0.017497 -0.058584 0.118110,
        0.005974 -0.057864 0.118110,
        0.005974 0.060246 0.118110,
        -0.088232 0.013790 0.118110,
        -0.089090 0.002677 0.118110,
        -0.087433 -0.013130 0.118110,
        0.143237 0.061687 0.118110,
        0.031901 0.060246 0.118110,
        0.031901 0.047283 0.118110,
        0.029020 -0.044900 0.118110,
        0.029020 -0.057864 0.118110,
        0.092396 -0.057864 0.118110,
        0.092396 0.060246 0.118110,
        0.076552 -0.004570 0.118110,
        0.076552 -0.044900 0.118110,
        0.034781 -0.004570 0.118110,
        0.034781 0.008393 0.118110,
        0.076552 0.008393 0.118110,
        0.076552 0.047283 0.118110,
        0.213387 -0.044900 0.118110,
        0.213387 -0.057864 0.118110,
        0.258039 -0.044900 0.118110,
        0.258039 0.060246 0.118110,
        0.273883 0.060246 0.118110,
        0.273883 -0.057864 0.118110,
      ]
    }
    coordIndex [
      0, 1, 2, -1,
      3, 4, 5, -1,
      6, 7, 8, -1,
      9, 10, 11, -1,
      12, 13, 14, -1,
      14, 15, 12, -1,
      12, 15, 16, -1,
      12, 16, 17, -1,
      13, 18, 19, -1,
      19, 20, 13, -1,
      13, 20, 21, -1,
      13, 21, 14, -1,
      14, 21, 22, -1,
      14, 22, 23, -1,
      23, 22, 24, -1,
      23, 24, 25, -1,
      25, 26, 23, -1,
      23, 26, 27, -1,
      23, 27, 28, -1,
      29, 30, 23, -1,
      23, 30, 31, -1,
      32, 33, 34, -1,
      34, 33, 35, -1,
      31, 36, 23, -1,
      23, 36, 35, -1,
      23, 35, 37, -1,
      37, 35, 33, -1,
      28, 38, 23, -1,
      23, 38, 39, -1,
      23, 39, 29, -1,
      40, 41, 42, -1,
      40, 42, 43, -1,
      44, 45, 46, -1,
      47, 48, 44, -1,
      44, 48, 49, -1,
      44, 49, 45, -1,
      46, 50, 44, -1,
      44, 50, 51, -1,
      44, 51, 52, -1,
      41, 53, 42, -1,
      42, 53, 54, -1,
      42, 54, 47, -1,
      17, 55, 56, -1,
      56, 55, 57, -1,
      55, 58, 57, -1,
      57, 58, 59, -1,
      57, 59, 42, -1,
      42, 59, 60, -1,
      42, 60, 43, -1,
      61, 62, 63, -1,
      63, 62, 64, -1,
      64, 62, 65, -1,
      64, 65, 66, -1,
      67, 68, 63, -1,
      63, 68, 69, -1,
      63, 69, 61, -1,
      70, 71, 72, -1,
      72, 71, 73, -1,
      72, 73, 74, -1,
      74, 73, 75, -1,
      76, 77, 75, -1,
      75, 77, 78, -1,
      75, 78, 74, -1,
      67, 79, 68, -1,
      68, 79, 80, -1,
      68, 80, 81, -1,
      81, 80, 82, -1,
      81, 82, 76, -1,
      76, 82, 83, -1,
      76, 83, 77, -1,
      7, 84, 8, -1,
      8, 84, 85, -1,
      8, 85, 11, -1,
      11, 85, 86, -1,
      11, 86, 9, -1,
      65, 87, 66, -1,
      66, 87, 88, -1,
      66, 88, 89, -1,
      89, 88, 90, -1,
      89, 90, 91, -1,
      92, 93, 94, -1,
      94, 93, 95, -1,
      94, 95, 96, -1,
      91, 90, 97, -1,
      97, 90, 98, -1,
      97, 98, 93, -1,
      93, 98, 99, -1,
      93, 99, 95, -1,
      96, 100, 94, -1,
      94, 100, 101, -1,
      94, 101, 102, -1,
      103, 104, 94, -1,
      104, 105, 94, -1,
      94, 105, 106, -1,
      94, 106, 92, -1,
      107, 108, 94, -1,
      94, 108, 109, -1,
      94, 109, 103, -1,
      56, 110, 111, -1,
      111, 110, 112, -1,
      111, 112, 107, -1,
      107, 112, 113, -1,
      107, 113, 108, -1,
      114, 115, 57, -1,
      57, 115, 116, -1,
      57, 116, 56, -1,
      56, 116, 117, -1,
      56, 117, 110, -1,
      118, 119, 120, -1,
      120, 119, 121, -1,
      120, 121, 122, -1,
      122, 123, 120, -1,
      120, 123, 124, -1,
      120, 124, 125, -1,
      126, 127, 128, -1,
      128, 129, 126, -1,
      126, 129, 130, -1,
      126, 130, 118, -1,
      118, 130, 131, -1,
      118, 131, 119, -1,
      2, 132, 133, -1,
      133, 134, 2, -1,
      2, 134, 135, -1,
      2, 135, 126, -1,
      126, 135, 136, -1,
      126, 136, 127, -1,
      1, 137, 2, -1,
      2, 137, 138, -1,
      2, 138, 132, -1,
      1, 139, 137, -1,
      137, 139, 140, -1,
      137, 140, 141, -1,
      141, 140, 142, -1,
      143, 144, 145, -1,
      145, 144, 146, -1,
      145, 146, 147, -1,
      147, 146, 148, -1,
      147, 148, 142, -1,
      142, 148, 149, -1,
      142, 149, 141, -1,
      143, 3, 144, -1,
      144, 3, 5, -1,
      144, 5, 150, -1,
      150, 5, 44, -1,
      150, 44, 151, -1,
      151, 44, 52, -1,
      151, 52, 152, -1,
      153, 154, 155, -1,
      155, 154, 156, -1,
      157, 11, 72, -1,
      72, 11, 10, -1,
      72, 10, 70, -1,
      158, 159, 160, -1,
      160, 159, 5, -1,
      160, 5, 161, -1,
      161, 5, 4, -1,
      162, 163, 126, -1,
      126, 163, 164, -1,
      126, 164, 2, -1,
      2, 164, 165, -1,
      2, 165, 0, -1,
      158, 166, 159, -1,
      159, 166, 167, -1,
      159, 167, 120, -1,
      120, 167, 168, -1,
      120, 168, 118, -1,
      118, 168, 169, -1,
      118, 169, 170, -1,
      170, 171, 118, -1,
      118, 171, 172, -1,
      118, 172, 173, -1,
      173, 174, 118, -1,
      118, 174, 175, -1,
      118, 175, 126, -1,
      126, 175, 176, -1,
      126, 176, 162, -1,
      177, 178, 179, -1,
      179, 178, 8, -1,
      179, 8, 180, -1,
      180, 8, 11, -1,
      180, 11, 181, -1,
      181, 11, 157, -1,
      181, 157, 182, -1,
      183, 184, 177, -1,
      177, 184, 185, -1,
      177, 185, 178, -1,
      178, 185, 186, -1,
      178, 186, 181, -1,
      181, 186, 187, -1,
      181, 187, 180, -1,
      188, 189, 178, -1,
      178, 189, 190, -1,
      178, 190, 191, -1,
      182, 153, 181, -1,
      181, 153, 155, -1,
      181, 155, 192, -1,
      192, 193, 181, -1,
      181, 193, 194, -1,
      181, 194, 195, -1,
      195, 196, 181, -1,
      181, 196, 197, -1,
      181, 197, 198, -1,
      191, 199, 178, -1,
      178, 199, 200, -1,
      178, 200, 201, -1,
      201, 200, 202, -1,
      201, 202, 155, -1,
      155, 202, 203, -1,
      155, 203, 192, -1,
      198, 204, 181, -1,
      181, 204, 205, -1,
      181, 205, 178, -1,
      178, 205, 206, -1,
      178, 206, 188, -1,
      52, 207, 152, -1,
      152, 207, 18, -1,
      152, 18, 156, -1,
      156, 18, 13, -1,
      156, 13, 155, -1,
      155, 13, 208, -1,
      208, 209, 155, -1,
      155, 209, 210, -1,
      155, 210, 201, -1,
      201, 210, 211, -1,
      201, 211, 12, -1,
      12, 211, 212, -1,
      12, 212, 13, -1,
      13, 212, 213, -1,
      13, 213, 208, -1,
      214, 215, 216, -1,
      216, 215, 210, -1,
      216, 210, 217, -1,
      217, 210, 209, -1,
      217, 209, 218, -1,
      218, 209, 219, -1,
      47, 44, 42, -1,
      42, 44, 220, -1,
      42, 220, 221, -1,
      222, 220, 223, -1,
      223, 220, 44, -1,
      223, 44, 224, -1,
      224, 44, 5, -1,
      224, 5, 225, -1,
      225, 5, 159, -1,
      17, 56, 12, -1,
      12, 56, 111, -1,
      12, 111, 201, -1,
      201, 111, 107, -1,
      201, 107, 178, -1,
      178, 107, 94, -1,
      178, 94, 8, -1,
      8, 94, 102, -1,
      8, 102, 6, -1,
      221, 225, 42, -1,
      42, 225, 159, -1,
      42, 159, 57, -1,
      57, 159, 120, -1,
      57, 120, 114, -1,
      114, 120, 125, -1,
    ]
  }
}

Shape {
  appearance Appearance {
    material Material {
      diffuseColor 0.8980 0.9216 0.9294
      specularColor 0.4510 0.4588 0.4667
      ambientIntensity 0.2
      transparency 0.0000
      shininess 0.5
    }
  }
  geometry IndexedFaceSet {
    ccw TRUE
    solid FALSE
    coord DEF co Coordinate {
      point [
        -1.294532 0.060967 0.118110,
        -1.299213 -0.000000 0.118110,
        -1.294715 -0.058584 0.118110,
        -1.283986 0.198324 0.118110,
        -0.387593 1.236911 0.118110,
        -0.439156 1.222741 0.118110,
        -0.787616 1.033255 0.118110,
        -0.620660 1.141374 0.118110,
        -1.238665 0.391999 0.118110,
        -1.164309 0.576486 0.118110,
        -1.062664 0.747461 0.118110,
        -0.936111 0.900916 0.118110,
        -1.283986 -0.198324 0.118110,
        -1.238665 -0.391999 0.118110,
        -1.062664 -0.747461 0.118110,
        -1.085731 -0.708661 0.118110,
        -1.164309 -0.576486 0.118110,
        -0.439156 -1.222741 0.118110,
        -0.620660 -1.141374 0.118110,
        -0.787616 -1.033255 0.118110,
        -0.936111 -0.900916 0.118110,
        -0.247359 -1.275448 0.118110,
        -0.387593 -1.236911 0.118110,
        0.017497 -1.295681 0.118110,
        -0.049763 -1.298259 0.118110,
        -0.093411 -1.293220 0.118110,
        0.344267 -1.252770 0.118110,
        0.208346 -1.279131 0.118110,
        0.148998 -1.290641 0.118110,
        0.103919 -1.292369 0.118110,
        1.053150 -0.754362 0.118110,
        1.002328 -0.826614 0.118110,
        0.864400 -0.969931 0.118110,
        0.706210 -1.090514 0.118110,
        0.531467 -1.185536 0.118110,
        0.422374 -1.224718 0.118110,
        1.295400 -0.099454 0.118110,
        1.265037 -0.296030 0.118110,
        1.205023 -0.485668 0.118110,
        1.116764 -0.663922 0.118110,
        1.085294 -0.708661 0.118110,
        1.205023 0.485668 0.118110,
        1.265037 0.296030 0.118110,
        1.295400 0.099454 0.118110,
        1.295400 0.060967 0.118110,
        1.295400 -0.058584 0.118110,
        1.053150 0.754362 0.118110,
        1.116764 0.663922 0.118110,
        1.002328 0.826614 0.118110,
        0.422374 1.224718 0.118110,
        0.531467 1.185536 0.118110,
        0.706210 1.090514 0.118110,
        0.864400 0.969931 0.118110,
        0.344267 1.252770 0.118110,
        0.208346 1.279131 0.118110,
        0.148998 1.290641 0.118110,
        -0.049763 1.298259 0.118110,
        0.017497 1.295681 0.118110,
        0.103919 1.292369 0.118110,
        -0.247359 1.275448 0.118110,
        -0.093411 1.293220 0.118110,
        0.156189 0.000000 3.149606,
        0.139504 0.000000 3.149606,
        0.139504 -0.002904 3.149606,
        -0.133696 0.334085 3.149606,
        -0.133696 0.031117 3.149606,
        -0.027753 0.182006 3.149606,
        0.090344 0.351426 3.149606,
        -0.085867 0.351426 3.149606,
        0.001291 0.218794 3.149606,
        -0.852797 1.229204 3.149606,
        -0.852797 0.351426 3.149606,
        -0.748031 1.295629 3.149606,
        -0.405760 0.351426 3.149606,
        -0.615311 1.363670 3.149606,
        -0.476476 1.418159 3.149606,
        -0.170281 0.351426 3.149606,
        -0.332906 1.458554 3.149606,
        -0.405760 1.438056 3.149606,
        -0.145776 0.351426 3.149606,
        -0.147799 0.354331 3.149606,
        0.139504 1.488408 3.149606,
        0.111801 1.491880 3.149606,
        -0.087776 0.354331 3.149606,
        -0.037298 1.495598 3.149606,
        -0.133696 0.354331 3.149606,
        -0.133696 1.488374 3.149606,
        -0.170281 1.485632 3.149606,
        -0.186026 1.484452 3.149606,
        0.176174 0.351426 3.149606,
        1.452398 0.351426 3.149606,
        1.429597 0.440972 3.149606,
        0.932780 1.169669 3.149606,
        0.811683 1.256732 3.149606,
        0.682520 1.331304 3.149606,
        0.546573 1.392646 3.149606,
        0.405194 1.440146 3.149606,
        0.259789 1.473335 3.149606,
        0.176174 1.483813 3.149606,
        1.378587 0.581123 3.149606,
        1.313875 0.715498 3.149606,
        1.236105 0.842762 3.149606,
        1.146051 0.961651 3.149606,
        1.044606 1.070982 3.149606,
        0.223704 0.014953 3.149606,
        0.219440 0.017426 3.149606,
        0.176174 -0.002904 3.149606,
        0.192995 0.140272 3.149606,
        0.202786 0.155990 3.149606,
        0.416602 0.071854 3.149606,
        0.407933 0.048402 3.149606,
        1.495918 -0.002904 3.149606,
        0.396094 0.030620 3.149606,
        0.381044 0.016830 3.149606,
        0.362488 0.006231 3.149606,
        0.203980 0.032036 3.149606,
        0.193685 0.048337 3.149606,
        0.187182 0.067420 3.149606,
        0.397629 0.297147 3.149606,
        0.405258 0.273571 3.149606,
        0.407254 0.259455 3.149606,
        0.404828 0.236101 3.149606,
        0.420808 0.100684 3.149606,
        1.496063 -0.000000 3.149606,
        0.420794 0.101492 3.149606,
        0.205399 0.214057 3.149606,
        0.214257 0.202037 3.149606,
        0.216655 0.169404 3.149606,
        0.226213 0.192125 3.149606,
        0.237409 0.181657 3.149606,
        0.242674 0.183942 3.149606,
        0.356641 0.336863 3.149606,
        0.373821 0.326712 3.149606,
        0.387070 0.313958 3.149606,
        0.399824 0.160316 3.149606,
        0.411086 0.144250 3.149606,
        0.417904 0.125970 3.149606,
        1.466400 0.296439 3.149606,
        1.488629 0.148960 3.149606,
        0.200746 0.280326 3.149606,
        0.209041 0.301512 3.149606,
        0.219870 0.317378 3.149606,
        0.234270 0.330230 3.149606,
        0.251583 0.339508 3.149606,
        0.364657 0.183942 3.149606,
        0.385477 0.172738 3.149606,
        0.381645 0.195805 3.149606,
        0.392706 0.208246 3.149606,
        0.398399 0.217771 3.149606,
        0.184562 0.094677 3.149606,
        0.184587 0.098748 3.149606,
        0.186834 0.121755 3.149606,
        0.199615 0.228017 3.149606,
        0.196416 0.247535 3.149606,
        0.196205 0.253646 3.149606,
        0.278355 0.346648 3.149606,
        0.300761 0.348522 3.149606,
        0.332676 0.344661 3.149606,
        0.331372 -0.002902 3.149606,
        0.302698 -0.005809 3.149606,
        0.176174 -0.144364 3.149606,
        0.282778 -0.002903 3.149606,
        0.259552 0.000485 3.149606,
        0.167831 -0.290449 3.149606,
        0.176174 -0.290449 3.149606,
        0.205480 -0.290449 3.149606,
        1.466400 -0.296439 3.149606,
        1.488629 -0.148960 3.149606,
        0.392219 -0.290449 3.149606,
        1.488858 -0.144364 3.149606,
        0.339510 -0.290449 3.149606,
        0.205480 -0.424479 3.149606,
        0.276260 -0.401890 3.149606,
        0.395231 -0.566039 3.149606,
        0.345534 -0.566039 3.149606,
        0.176174 -0.568298 3.149606,
        1.383254 -0.568298 3.149606,
        1.429597 -0.440972 3.149606,
        1.044606 -1.070982 3.149606,
        1.146051 -0.961651 3.149606,
        1.236105 -0.842762 3.149606,
        0.259789 -1.473335 3.149606,
        0.405194 -1.440146 3.149606,
        0.546573 -1.392646 3.149606,
        0.682520 -1.331304 3.149606,
        0.811683 -1.256732 3.149606,
        0.932780 -1.169669 3.149606,
        1.313875 -0.715498 3.149606,
        1.378587 -0.581123 3.149606,
        0.176174 -1.483813 3.149606,
        0.162010 -0.568298 3.149606,
        0.162010 -1.485588 3.149606,
        0.139504 -0.568298 3.149606,
        0.022128 -0.568298 3.149606,
        0.139504 -1.488408 3.149606,
        0.017320 -0.569406 3.149606,
        0.111801 -1.491880 3.149606,
        0.000837 -0.570557 3.149606,
        -0.037298 -1.495598 3.149606,
        -0.016643 -0.568298 3.149606,
        -0.133696 -1.488374 3.149606,
        -0.186026 -1.484452 3.149606,
        -0.170281 -0.568298 3.149606,
        -0.332906 -1.458554 3.149606,
        -0.405760 -0.568298 3.149606,
        -0.405760 -1.438056 3.149606,
        -0.852797 -1.229204 3.149606,
        -0.748031 -1.295629 3.149606,
        -0.615311 -1.363670 3.149606,
        -0.476476 -1.418159 3.149606,
        -0.206002 0.160316 3.149606,
        -0.194740 0.144250 3.149606,
        -0.197893 0.048402 3.149606,
        -0.209732 0.030620 3.149606,
        -0.170281 -0.002904 3.149606,
        -0.189224 0.071854 3.149606,
        -0.224782 0.016830 3.149606,
        -0.243338 0.006231 3.149606,
        -0.274454 -0.002902 3.149606,
        -0.208197 0.297147 3.149606,
        -0.200568 0.273571 3.149606,
        -0.249185 0.336863 3.149606,
        -0.232004 0.326712 3.149606,
        -0.218756 0.313958 3.149606,
        -0.241169 0.183942 3.149606,
        -0.220349 0.172738 3.149606,
        -0.224181 0.195805 3.149606,
        -0.213120 0.208246 3.149606,
        -0.396785 0.301512 3.149606,
        -0.385956 0.317378 3.149606,
        -0.371556 0.330230 3.149606,
        -0.354243 0.339508 3.149606,
        -0.198572 0.259455 3.149606,
        -0.200998 0.236101 3.149606,
        -0.207427 0.217771 3.149606,
        -0.187922 0.125970 3.149606,
        -0.185031 0.101492 3.149606,
        -0.185018 0.100684 3.149606,
        -0.327470 0.346648 3.149606,
        -0.305064 0.348522 3.149606,
        -0.273150 0.344661 3.149606,
        -0.405760 0.038233 3.149606,
        -0.412141 0.048337 3.149606,
        -0.852797 -0.002904 3.149606,
        -0.418644 0.067420 3.149606,
        -0.405760 0.226928 3.149606,
        -0.406211 0.228017 3.149606,
        -0.409410 0.247535 3.149606,
        -0.409621 0.253646 3.149606,
        -0.405760 0.276330 3.149606,
        -0.405080 0.280326 3.149606,
        -0.418992 0.121755 3.149606,
        -0.421238 0.098748 3.149606,
        -0.421264 0.094677 3.149606,
        -0.412831 0.140272 3.149606,
        -0.405760 0.151623 3.149606,
        -0.403040 0.155990 3.149606,
        -0.400427 0.214057 3.149606,
        -0.391568 0.202037 3.149606,
        -0.389171 0.169404 3.149606,
        -0.379613 0.192125 3.149606,
        -0.368417 0.181657 3.149606,
        -0.363151 0.183942 3.149606,
        -0.346274 0.000485 3.149606,
        -0.382122 0.014953 3.149606,
        -0.405760 -0.002904 3.149606,
        -0.386386 0.017426 3.149606,
        -0.401846 0.032036 3.149606,
        -0.323047 -0.002903 3.149606,
        -0.405760 -0.144364 3.149606,
        -0.303128 -0.005809 3.149606,
        -0.133696 -0.002904 3.149606,
        -0.155544 0.000000 3.149606,
        0.096166 0.000000 3.149606,
        -0.000645 0.145217 3.149606,
        -0.097457 0.000000 3.149606,
        -0.133696 0.000000 3.149606,
        0.092294 0.354331 3.149606,
        0.139504 0.354331 3.149606,
        0.162010 1.485588 3.149606,
        0.150381 0.354331 3.149606,
        0.162010 0.351426 3.149606,
        0.148357 0.351426 3.149606,
        0.139504 0.338718 3.149606,
        -0.390211 -0.290449 3.149606,
        -0.170281 -0.330797 3.149606,
        -0.248651 -0.454598 3.149606,
        -0.170281 -0.144364 3.149606,
        -0.346538 -0.290449 3.149606,
        -0.268228 -0.422973 3.149606,
        -0.144739 -0.290449 3.149606,
        -0.133696 -0.144364 3.149606,
        -0.170281 -0.290449 3.149606,
        -0.188412 -0.290449 3.149606,
        -0.248651 -0.566039 3.149606,
        -0.286300 -0.566039 3.149606,
        -0.286300 -0.454598 3.149606,
        0.102664 -0.520554 3.149606,
        0.087480 -0.539176 3.149606,
        0.040035 -0.286796 3.149606,
        0.064969 -0.295051 3.149606,
        0.139504 -0.144364 3.149606,
        0.085145 -0.307497 3.149606,
        0.099539 -0.322380 3.149606,
        0.110650 -0.341082 3.149606,
        0.122819 -0.463634 3.149606,
        0.114737 -0.495769 3.149606,
        0.072677 -0.550878 3.149606,
        0.051323 -0.561570 3.149606,
        0.086676 -0.463634 3.149606,
        0.119807 -0.371770 3.149606,
        0.119230 -0.368869 3.149606,
        -0.032190 -0.566289 3.149606,
        -0.057919 -0.557270 3.149606,
        -0.133696 -0.568298 3.149606,
        -0.077748 -0.544693 3.149606,
        -0.093585 -0.528486 3.149606,
        -0.106722 -0.506859 3.149606,
        -0.117938 -0.472280 3.149606,
        -0.122652 -0.427491 3.149606,
        -0.117314 -0.384781 3.149606,
        -0.106907 -0.352699 3.149606,
        0.083665 -0.371770 3.149606,
        0.077412 -0.353941 3.149606,
        0.069101 -0.340671 3.149606,
        0.058790 -0.330453 3.149606,
        0.048531 -0.323919 3.149606,
        0.030417 -0.317354 3.149606,
        -0.170281 -1.485632 3.149606,
        0.067200 -0.511654 3.149606,
        0.078052 -0.492376 3.149606,
        -0.017024 -0.318101 3.149606,
        0.006861 -0.314544 3.149606,
        -0.092539 -0.328465 3.149606,
        -0.082023 -0.316633 3.149606,
        -0.060146 -0.300377 3.149606,
        -0.062776 -0.349159 3.149606,
        0.003689 -0.540320 3.149606,
        -0.050472 -0.335345 3.149606,
        -0.035672 -0.325226 3.149606,
        -0.073577 -0.369604 3.149606,
        -0.081674 -0.402583 3.149606,
        -0.083497 -0.425985 3.149606,
        0.008367 -0.540438 3.149606,
        0.028111 -0.537879 3.149606,
        -0.035958 -0.290034 3.149606,
        0.002223 -0.283249 3.149606,
        0.006861 -0.282919 3.149606,
        -0.080872 -0.461316 3.149606,
        -0.074186 -0.487221 3.149606,
        -0.021418 -0.536824 3.149606,
        -0.064457 -0.506504 3.149606,
        -0.037906 -0.530481 3.149606,
        -0.053072 -0.519806 3.149606,
        0.043725 -0.532009 3.149606,
        0.056561 -0.523254 3.149606,
        0.249153 -0.427491 3.149606,
        0.205480 -0.468152 3.149606,
        0.205480 -0.566039 3.149606,
        0.176174 -0.566039 3.149606,
        0.162010 -0.002904 3.149606,
        0.162010 -0.144364 3.149606,
        0.167831 -0.566039 3.149606,
        0.139504 0.024129 3.149606,
        0.030334 0.182006 3.149606,
        -0.852797 -0.144364 3.149606,
        -0.852797 -0.568298 3.149606,
        -1.206369 -1.012264 0.757740,
        -1.255327 -0.950873 3.070866,
        -1.301163 -0.887118 0.757740,
        -1.334927 -0.834122 3.070866,
        -1.333905 -0.833539 0.757740,
        -1.343765 -0.821158 3.070866,
        -1.383026 -0.753156 0.757740,
        -1.418848 -0.683281 3.070866,
        -1.437526 -0.639987 0.757740,
        -1.437139 -0.639891 3.070866,
        -1.451144 -0.611708 0.757740,
        -1.479831 -0.538615 3.070866,
        -1.504839 -0.464181 0.757740,
        -1.512227 -0.433590 3.070866,
        -1.512584 -0.433765 0.757740,
        -1.526106 -0.388594 3.070866,
        -1.543579 -0.312041 0.757740,
        -1.557214 -0.234712 3.070866,
        -1.557619 -0.218890 0.757740,
        -1.558776 -0.219100 3.070866,
        -1.566978 -0.156800 0.757740,
        -1.572846 -0.078498 3.070866,
        -1.574803 0.000000 0.757740,
        -0.273462 -1.550878 0.757740,
        -0.350427 -1.535320 3.070866,
        -0.426520 -1.515944 0.757740,
        -0.486450 -1.497048 3.070866,
        -0.486043 -1.495945 0.757740,
        -0.501554 -1.492799 3.070866,
        -0.575340 -1.465943 0.757740,
        -0.647696 -1.435442 3.070866,
        -0.689833 -1.414282 0.757740,
        -0.689598 -1.413961 3.070866,
        -0.718442 -1.401373 0.757740,
        -0.787402 -1.363820 3.070866,
        -0.854404 -1.322876 0.757740,
        -0.879727 -1.304190 3.070866,
        -0.879887 -1.304554 0.757740,
        -0.919281 -1.278643 3.070866,
        -0.981874 -1.231231 0.757740,
        -1.042025 -1.180758 3.070866,
        -1.052506 -1.168898 0.757740,
        -1.053257 -1.169802 3.070866,
        -1.099585 -1.127349 0.757740,
        -1.154412 -1.071138 3.070866,
        -1.204870 -1.011006 3.070866,
        0.787402 -1.363820 0.757740,
        0.718442 -1.401373 3.070866,
        0.647696 -1.435442 0.757740,
        0.589642 -1.459490 3.070866,
        0.589245 -1.458383 0.757740,
        0.575340 -1.465943 3.070866,
        0.501554 -1.492799 0.757740,
        0.426520 -1.515944 3.070866,
        0.380640 -1.526819 0.757740,
        0.380613 -1.526422 3.070866,
        0.350427 -1.535320 0.757740,
        0.273462 -1.550878 3.070866,
        0.195817 -1.562581 0.757740,
        0.164407 -1.564544 3.070866,
        0.164518 -1.564927 0.757740,
        0.117685 -1.570400 3.070866,
        0.039261 -1.574314 0.757740,
        -0.039261 -1.574314 3.070866,
        -0.054913 -1.571965 0.757740,
        -0.054907 -1.573141 3.070866,
        -0.117685 -1.570400 0.757740,
        -0.195817 -1.562581 3.070866,
        -0.273122 -1.548950 3.070866,
        1.479831 -0.538615 0.757740,
        1.451144 -0.611708 3.070866,
        1.418848 -0.683281 0.757740,
        1.389834 -0.739020 3.070866,
        1.388818 -0.738426 0.757740,
        1.383026 -0.753156 3.070866,
        1.343765 -0.821158 0.757740,
        1.301163 -0.887118 3.070866,
        1.273007 -0.924941 0.757740,
        1.272732 -0.924653 3.070866,
        1.255327 -0.950873 0.757740,
        1.206369 -1.012264 3.070866,
        1.154412 -1.071138 0.757740,
        1.131613 -1.092832 3.070866,
        1.131944 -1.093054 0.757740,
        1.099585 -1.127349 3.070866,
        1.042025 -1.180758 0.757740,
        0.981874 -1.231231 3.070866,
        0.968374 -1.239493 0.757740,
        0.969134 -1.240390 3.070866,
        0.919281 -1.278643 0.757740,
        0.854404 -1.322876 3.070866,
        0.786423 -1.362124 3.070866,
        1.574803 0.000000 3.070866,
        1.569325 -0.109771 3.070866,
        1.569720 -0.109728 0.757740,
        1.566978 -0.156800 3.070866,
        1.557214 -0.234712 0.757740,
        1.543579 -0.312041 3.070866,
        1.538548 -0.327048 0.757740,
        1.539707 -0.327246 3.070866,
        1.526106 -0.388594 0.757740,
        1.504839 -0.464181 3.070866,
        1.477991 -0.537945 3.070866,
        1.479831 0.538615 0.757740,
        1.504839 0.464181 3.070866,
        1.526106 0.388594 0.757740,
        1.539707 0.327246 3.070866,
        1.538548 0.327048 0.757740,
        1.543579 0.312041 3.070866,
        1.557214 0.234712 0.757740,
        1.566978 0.156800 3.070866,
        1.569720 0.109728 0.757740,
        1.569325 0.109771 3.070866,
        1.572846 0.078498 0.757740,
        1.572846 -0.078498 0.757740,
        1.206369 1.012264 3.070866,
        1.272732 0.924653 3.070866,
        1.273007 0.924941 0.757740,
        1.301163 0.887118 3.070866,
        1.343765 0.821158 0.757740,
        1.383026 0.753156 3.070866,
        1.388818 0.738426 0.757740,
        1.389834 0.739020 3.070866,
        1.418848 0.683281 0.757740,
        1.451144 0.611708 3.070866,
        1.477991 0.537945 3.070866,
        0.787402 1.363820 0.757740,
        0.854404 1.322876 3.070866,
        0.919281 1.278643 0.757740,
        0.969134 1.240390 3.070866,
        0.968374 1.239493 0.757740,
        0.981874 1.231231 3.070866,
        1.042025 1.180758 0.757740,
        1.099585 1.127349 3.070866,
        1.131944 1.093054 0.757740,
        1.131613 1.092832 3.070866,
        1.154412 1.071138 0.757740,
        1.255327 0.950873 0.757740,
        0.273462 1.550878 3.070866,
        0.380613 1.526422 3.070866,
        0.380640 1.526819 0.757740,
        0.426520 1.515944 3.070866,
        0.501554 1.492799 0.757740,
        0.575340 1.465943 3.070866,
        0.589245 1.458383 0.757740,
        0.589642 1.459490 3.070866,
        0.647696 1.435442 0.757740,
        0.718442 1.401373 3.070866,
        0.786423 1.362124 3.070866,
        -0.273462 1.550878 0.757740,
        -0.195817 1.562581 3.070866,
        -0.117685 1.570400 0.757740,
        -0.054907 1.573141 3.070866,
        -0.054913 1.571965 0.757740,
        -0.039261 1.574314 3.070866,
        0.039261 1.574314 0.757740,
        0.117685 1.570400 3.070866,
        0.164518 1.564927 0.757740,
        0.164407 1.564544 3.070866,
        0.195817 1.562581 0.757740,
        0.350427 1.535320 0.757740,
        -0.787402 1.363820 3.070866,
        -0.689598 1.413961 3.070866,
        -0.689833 1.414282 0.757740,
        -0.647696 1.435442 3.070866,
        -0.575340 1.465943 0.757740,
        -0.501554 1.492799 3.070866,
        -0.486043 1.495945 0.757740,
        -0.486450 1.497048 3.070866,
        -0.426520 1.515944 0.757740,
        -0.350427 1.535320 3.070866,
        -0.273122 1.548950 3.070866,
        -1.206369 1.012264 0.757740,
        -1.154412 1.071138 3.070866,
        -1.099585 1.127349 0.757740,
        -1.053257 1.169802 3.070866,
        -1.052506 1.168898 0.757740,
        -1.042025 1.180758 3.070866,
        -0.981874 1.231231 0.757740,
        -0.919281 1.278643 3.070866,
        -0.879887 1.304554 0.757740,
        -0.879727 1.304190 3.070866,
        -0.854404 1.322876 0.757740,
        -0.718442 1.401373 0.757740,
        -1.479831 0.538615 3.070866,
        -1.437139 0.639891 3.070866,
        -1.437526 0.639987 0.757740,
        -1.418848 0.683281 3.070866,
        -1.383026 0.753156 0.757740,
        -1.343765 0.821158 3.070866,
        -1.333905 0.833539 0.757740,
        -1.334927 0.834122 3.070866,
        -1.301163 0.887118 0.757740,
        -1.255327 0.950873 3.070866,
        -1.204870 1.011006 3.070866,
        -1.572846 -0.000000 3.070866,
        -1.572846 0.078498 3.070866,
        -1.566978 0.156800 0.757740,
        -1.558776 0.219100 3.070866,
        -1.557619 0.218890 0.757740,
        -1.557214 0.234712 3.070866,
        -1.543579 0.312041 0.757740,
        -1.526106 0.388594 3.070866,
        -1.512584 0.433765 0.757740,
        -1.512227 0.433590 3.070866,
        -1.504839 0.464181 0.757740,
        -1.451144 0.611708 0.757740,
        1.530498 0.076384 0.688913,
        1.534310 0.000000 0.688913,
        1.515869 0.000000 0.677683,
        1.515287 0.228393 0.688913,
        1.526686 0.152768 0.688913,
        1.508337 0.150932 0.677683,
        1.485017 0.378132 0.688913,
        1.503889 0.304018 0.688913,
        1.485813 0.300364 0.677683,
        1.439987 0.524113 0.688913,
        1.466145 0.452246 0.688913,
        1.448523 0.446810 0.677683,
        1.380647 0.664885 0.688913,
        1.413830 0.595980 0.688913,
        1.396837 0.588816 0.677683,
        1.307585 0.799049 0.688913,
        1.347464 0.733790 0.688913,
        1.331269 0.724970 0.677683,
        1.221528 0.925272 0.688913,
        1.267707 0.864308 0.688913,
        1.252470 0.853920 0.677683,
        1.123331 1.042299 0.688913,
        1.175350 0.986235 0.688913,
        1.161223 0.974382 0.677683,
        1.013969 1.148967 0.688913,
        1.071312 1.098362 0.688913,
        1.058435 1.085161 0.677683,
        0.894530 1.244216 0.688913,
        0.956627 1.199572 0.688913,
        0.945129 1.185154 0.677683,
        0.766202 1.327100 0.688913,
        0.832434 1.288860 0.688913,
        0.822429 1.273369 0.677683,
        0.630257 1.396794 0.688913,
        0.699969 1.365339 0.688913,
        0.691556 1.348929 0.677683,
        0.488050 1.452607 0.688913,
        0.560546 1.428249 0.688913,
        0.553809 1.411083 0.677683,
        0.340992 1.493982 0.688913,
        0.415553 1.476964 0.688913,
        0.410559 1.459213 0.677683,
        0.190544 1.520510 0.688913,
        0.266430 1.511000 0.688913,
        0.263228 1.492840 0.677683,
        0.038204 1.531926 0.688913,
        0.114659 1.530020 0.688913,
        0.113281 1.511630 0.677683,
        -0.114517 1.528118 0.688913,
        -0.038252 1.533833 0.688913,
        -0.037792 1.515398 0.677683,
        -0.266099 1.509122 0.688913,
        -0.190782 1.522403 0.688913,
        -0.188489 1.504105 0.677683,
        -0.415037 1.475128 0.688913,
        -0.341416 1.495842 0.688913,
        -0.337313 1.477863 0.677683,
        -0.559850 1.426474 0.688913,
        -0.488657 1.454415 0.688913,
        -0.482784 1.436934 0.677683,
        -0.699098 1.363642 0.688913,
        -0.631042 1.398533 0.688913,
        -0.623457 1.381724 0.677683,
        -0.831400 1.287258 0.688913,
        -0.767155 1.328752 0.688913,
        -0.757935 1.312781 0.677683,
        -0.955437 1.198081 0.688913,
        -0.895644 1.245765 0.688913,
        -0.884879 1.230792 0.677683,
        -1.069980 1.096996 0.688913,
        -1.015231 1.150397 0.688913,
        -1.003029 1.136570 0.677683,
        -1.173889 0.985009 0.688913,
        -1.124729 1.043596 0.688913,
        -1.111211 1.031053 0.677683,
        -1.266131 0.863233 0.688913,
        -1.223048 0.926423 0.688913,
        -1.208349 0.915289 0.677683,
        -1.345789 0.732878 0.688913,
        -1.309213 0.800043 0.688913,
        -1.293478 0.790428 0.677683,
        -1.412073 0.595239 0.688913,
        -1.382366 0.665712 0.688913,
        -1.365751 0.657711 0.677683,
        -1.464322 0.451684 0.688913,
        -1.441780 0.524765 0.688913,
        -1.424451 0.518458 0.677683,
        -1.502019 0.303640 0.688913,
        -1.486865 0.378602 0.688913,
        -1.468994 0.374052 0.677683,
        -1.524788 0.152578 0.688913,
        -1.517173 0.228677 0.688913,
        -1.498938 0.225929 0.677683,
        -1.532403 0.000000 0.688913,
        -1.532403 0.076479 0.688913,
        -1.513985 0.075560 0.677683,
        -1.524788 -0.152578 0.688913,
        -1.532403 -0.076479 0.688913,
        -1.513985 -0.075560 0.677683,
        -1.502019 -0.303640 0.688913,
        -1.517173 -0.228677 0.688913,
        -1.498938 -0.225929 0.677683,
        -1.464322 -0.451684 0.688913,
        -1.486865 -0.378602 0.688913,
        -1.468994 -0.374052 0.677683,
        -1.412073 -0.595239 0.688913,
        -1.441780 -0.524765 0.688913,
        -1.424451 -0.518458 0.677683,
        -1.345789 -0.732878 0.688913,
        -1.382366 -0.665712 0.688913,
        -1.365751 -0.657711 0.677683,
        -1.266131 -0.863233 0.688913,
        -1.309213 -0.800043 0.688913,
        -1.293478 -0.790428 0.677683,
        -1.173889 -0.985009 0.688913,
        -1.223048 -0.926423 0.688913,
        -1.208349 -0.915289 0.677683,
        -1.069980 -1.096996 0.688913,
        -1.124729 -1.043596 0.688913,
        -1.111211 -1.031053 0.677683,
        -0.955437 -1.198081 0.688913,
        -1.015231 -1.150397 0.688913,
        -1.003029 -1.136570 0.677683,
        -0.831400 -1.287258 0.688913,
        -0.895644 -1.245765 0.688913,
        -0.884879 -1.230792 0.677683,
        -0.699098 -1.363642 0.688913,
        -0.767155 -1.328752 0.688913,
        -0.757935 -1.312781 0.677683,
        -0.559850 -1.426474 0.688913,
        -0.631042 -1.398533 0.688913,
        -0.623457 -1.381724 0.677683,
        -0.415037 -1.475128 0.688913,
        -0.488657 -1.454415 0.688913,
        -0.482784 -1.436934 0.677683,
        -0.266099 -1.509122 0.688913,
        -0.341416 -1.495842 0.688913,
        -0.337313 -1.477863 0.677683,
        -0.114517 -1.528118 0.688913,
        -0.190782 -1.522403 0.688913,
        -0.188489 -1.504105 0.677683,
        0.038204 -1.531926 0.688913,
        -0.038252 -1.533833 0.688913,
        -0.037792 -1.515398 0.677683,
        0.190544 -1.520510 0.688913,
        0.114659 -1.530020 0.688913,
        0.113281 -1.511630 0.677683,
        0.340992 -1.493982 0.688913,
        0.266430 -1.511000 0.688913,
        0.263228 -1.492840 0.677683,
        0.488050 -1.452607 0.688913,
        0.415553 -1.476964 0.688913,
        0.410559 -1.459213 0.677683,
        0.630257 -1.396794 0.688913,
        0.560546 -1.428249 0.688913,
        0.553809 -1.411083 0.677683,
        0.766202 -1.327100 0.688913,
        0.699969 -1.365339 0.688913,
        0.691556 -1.348929 0.677683,
        0.894530 -1.244216 0.688913,
        0.832434 -1.288860 0.688913,
        0.822429 -1.273369 0.677683,
        1.013969 -1.148967 0.688913,
        0.956627 -1.199572 0.688913,
        0.945129 -1.185154 0.677683,
        1.123331 -1.042299 0.688913,
        1.071312 -1.098362 0.688913,
        1.058435 -1.085161 0.677683,
        1.221528 -0.925272 0.688913,
        1.175350 -0.986235 0.688913,
        1.161223 -0.974382 0.677683,
        1.307585 -0.799049 0.688913,
        1.267707 -0.864308 0.688913,
        1.252470 -0.853920 0.677683,
        1.380647 -0.664885 0.688913,
        1.347464 -0.733790 0.688913,
        1.331269 -0.724970 0.677683,
        1.439987 -0.524113 0.688913,
        1.413830 -0.595980 0.688913,
        1.396837 -0.588816 0.677683,
        1.485017 -0.378132 0.688913,
        1.466145 -0.452246 0.688913,
        1.448523 -0.446810 0.677683,
        1.515287 -0.228393 0.688913,
        1.503889 -0.304018 0.688913,
        1.485813 -0.300364 0.677683,
        1.530498 -0.076384 0.688913,
        1.526686 -0.152768 0.688913,
        1.508337 -0.150932 0.677683,
        1.503889 -0.304018 0.492189,
        1.526686 -0.152768 0.492189,
        1.486753 -0.148772 0.520055,
        1.494178 0.000000 0.520055,
        1.463685 -0.146464 0.546261,
        1.470995 0.000000 0.546261,
        1.453246 -0.145419 0.567517,
        1.460504 0.000000 0.567517,
        1.449577 -0.145052 0.586393,
        1.456817 0.000000 0.586393,
        1.450912 -0.145186 0.604857,
        1.458158 0.000000 0.604857,
        1.457874 -0.145882 0.624761,
        1.465155 0.000000 0.624761,
        1.474062 -0.147502 0.648353,
        1.481423 0.000000 0.648353,
        1.466145 -0.452246 0.492189,
        1.464552 -0.296066 0.520055,
        1.441829 -0.291472 0.546261,
        1.431546 -0.289393 0.567517,
        1.427931 -0.288663 0.586393,
        1.429246 -0.288928 0.604857,
        1.436104 -0.290315 0.624761,
        1.452050 -0.293538 0.648353,
        1.413830 -0.595980 0.492189,
        1.427796 -0.440417 0.520055,
        1.405643 -0.433583 0.546261,
        1.395618 -0.430491 0.567517,
        1.392094 -0.429404 0.586393,
        1.393376 -0.429800 0.604857,
        1.400062 -0.431862 0.624761,
        1.415608 -0.436657 0.648353,
        1.347464 -0.733790 0.492189,
        1.376850 -0.580391 0.520055,
        1.355487 -0.571385 0.546261,
        1.345819 -0.567311 0.567517,
        1.342422 -0.565878 0.586393,
        1.343658 -0.566399 0.604857,
        1.350105 -0.569117 0.624761,
        1.365096 -0.575436 0.648353,
        1.267707 -0.864308 0.492189,
        1.312219 -0.714596 0.520055,
        1.291859 -0.703509 0.546261,
        1.282646 -0.698492 0.567517,
        1.279408 -0.696728 0.586393,
        1.280586 -0.697370 0.604857,
        1.286730 -0.700716 0.624761,
        1.301018 -0.708496 0.648353,
        1.175350 -0.986235 0.492189,
        1.234548 -0.841700 0.520055,
        1.215393 -0.828641 0.546261,
        1.206725 -0.822731 0.567517,
        1.203678 -0.820654 0.586393,
        1.204787 -0.821409 0.604857,
        1.210567 -0.825351 0.624761,
        1.224009 -0.834515 0.648353,
        1.071312 -1.098362 0.492189,
        1.144607 -0.960439 0.520055,
        1.126847 -0.945537 0.546261,
        1.118811 -0.938794 0.567517,
        1.115986 -0.936424 0.586393,
        1.117014 -0.937286 0.604857,
        1.122374 -0.941783 0.624761,
        1.134836 -0.952241 0.648353,
        0.956627 -1.199572 0.492189,
        1.043290 -1.069633 0.520055,
        1.027103 -1.053036 0.546261,
        1.019778 -1.045526 0.567517,
        1.017203 -1.042887 0.586393,
        1.018140 -1.043847 0.604857,
        1.023025 -1.048856 0.624761,
        1.034384 -1.060502 0.648353,
        0.832434 -1.288860 0.492189,
        0.931605 -1.168195 0.520055,
        0.917150 -1.150070 0.546261,
        0.910609 -1.141868 0.567517,
        0.908310 -1.138985 0.586393,
        0.909146 -1.140034 0.604857,
        0.913509 -1.145504 0.624761,
        0.923652 -1.158223 0.648353,
        0.699969 -1.365339 0.492189,
        0.810661 -1.255148 0.520055,
        0.798083 -1.235674 0.546261,
        0.792391 -1.226861 0.567517,
        0.790390 -1.223764 0.586393,
        0.791118 -1.224891 0.604857,
        0.794914 -1.230768 0.624761,
        0.803741 -1.244434 0.648353,
        0.560546 -1.428249 0.492189,
        0.681660 -1.329627 0.520055,
        0.671083 -1.308997 0.546261,
        0.666297 -1.299661 0.567517,
        0.664615 -1.296380 0.586393,
        0.665227 -1.297574 0.604857,
        0.668419 -1.303800 0.624761,
        0.675841 -1.318277 0.648353,
        0.415553 -1.476964 0.492189,
        0.545885 -1.390891 0.520055,
        0.537415 -1.369310 0.546261,
        0.533582 -1.359544 0.567517,
        0.532235 -1.356112 0.586393,
        0.532725 -1.357361 0.604857,
        0.535281 -1.363874 0.624761,
        0.541225 -1.379018 0.648353,
        0.266430 -1.511000 0.492189,
        0.404684 -1.438332 0.520055,
        0.398405 -1.416015 0.546261,
        0.395563 -1.405917 0.567517,
        0.394565 -1.402367 0.586393,
        0.394928 -1.403658 0.604857,
        0.396823 -1.410393 0.624761,
        0.401230 -1.426054 0.648353,
        0.114659 -1.530020 0.492189,
        0.259461 -1.471478 0.520055,
        0.255435 -1.448647 0.546261,
        0.253614 -1.438315 0.567517,
        0.252974 -1.434684 0.586393,
        0.253206 -1.436006 0.604857,
        0.254421 -1.442896 0.624761,
        0.257246 -1.458917 0.648353,
        -0.038252 -1.533833 0.492189,
        0.111660 -1.490000 0.520055,
        0.109928 -1.466881 0.546261,
        0.109144 -1.456420 0.567517,
        0.108868 -1.452743 0.586393,
        0.108968 -1.454081 0.604857,
        0.109491 -1.461058 0.624761,
        0.110707 -1.477281 0.648353,
        -0.190782 -1.522403 0.492189,
        -0.037251 -1.493714 0.520055,
        -0.036673 -1.470537 0.546261,
        -0.036411 -1.460050 0.567517,
        -0.036319 -1.456364 0.586393,
        -0.036353 -1.457705 0.604857,
        -0.036527 -1.464699 0.624761,
        -0.036933 -1.480963 0.648353,
        -0.341416 -1.495842 0.492189,
        -0.185792 -1.482582 0.520055,
        -0.182909 -1.459579 0.546261,
        -0.181604 -1.449169 0.567517,
        -0.181146 -1.445511 0.586393,
        -0.181313 -1.446842 0.604857,
        -0.182183 -1.453784 0.624761,
        -0.184206 -1.469926 0.648353,
        -0.488657 -1.454415 0.492189,
        -0.332486 -1.456716 0.520055,
        -0.327327 -1.434114 0.546261,
        -0.324993 -1.423886 0.567517,
        -0.324172 -1.420291 0.586393,
        -0.324471 -1.421599 0.604857,
        -0.326028 -1.428420 0.624761,
        -0.329648 -1.444281 0.648353,
        -0.631042 -1.398533 0.492189,
        -0.475876 -1.416372 0.520055,
        -0.468492 -1.394396 0.546261,
        -0.465151 -1.384452 0.567517,
        -0.463977 -1.380956 0.586393,
        -0.464404 -1.382228 0.604857,
        -0.466632 -1.388860 0.624761,
        -0.471813 -1.404282 0.648353,
        -0.767155 -1.328752 0.492189,
        -0.614536 -1.361952 0.520055,
        -0.605001 -1.340820 0.546261,
        -0.600686 -1.331258 0.567517,
        -0.599170 -1.327897 0.586393,
        -0.599722 -1.329120 0.604857,
        -0.602599 -1.335497 0.624761,
        -0.609290 -1.350326 0.648353,
        -0.895644 -1.245765 0.492189,
        -0.747089 -1.293996 0.520055,
        -0.735497 -1.273919 0.546261,
        -0.730252 -1.264833 0.567517,
        -0.728408 -1.261640 0.586393,
        -0.729079 -1.262802 0.604857,
        -0.732577 -1.268861 0.624761,
        -0.740712 -1.282950 0.648353,
        -1.015231 -1.150397 0.492189,
        -0.872217 -1.213180 0.520055,
        -0.858684 -1.194357 0.546261,
        -0.852560 -1.185839 0.567517,
        -0.850407 -1.182845 0.586393,
        -0.851191 -1.183934 0.604857,
        -0.855275 -1.189615 0.624761,
        -0.864772 -1.202824 0.648353,
        -1.124729 -1.043596 0.492189,
        -0.988676 -1.120307 0.520055,
        -0.973337 -1.102924 0.546261,
        -0.966395 -1.095058 0.567517,
        -0.963955 -1.092294 0.586393,
        -0.964843 -1.093300 0.604857,
        -0.969472 -1.098545 0.624761,
        -0.980237 -1.110743 0.648353,
        -1.223048 -0.926423 0.492189,
        -1.095310 -1.016299 0.520055,
        -1.078315 -1.000531 0.546261,
        -1.070625 -0.993395 0.567517,
        -1.067922 -0.990887 0.586393,
        -1.068906 -0.991799 0.604857,
        -1.074034 -0.996558 0.624761,
        -1.085960 -1.007624 0.648353,
        -1.309213 -0.800043 0.492189,
        -1.191058 -0.902191 0.520055,
        -1.172578 -0.888193 0.546261,
        -1.164215 -0.881859 0.567517,
        -1.161276 -0.879632 0.586393,
        -1.162345 -0.880442 0.604857,
        -1.167922 -0.884667 0.624761,
        -1.180891 -0.894490 0.648353,
        -1.382366 -0.665712 0.492189,
        -1.274969 -0.779117 0.520055,
        -1.255187 -0.767028 0.546261,
        -1.246235 -0.761558 0.567517,
        -1.243088 -0.759635 0.586393,
        -1.244233 -0.760335 0.604857,
        -1.250203 -0.763983 0.624761,
        -1.264085 -0.772466 0.648353,
        -1.441780 -0.524765 0.492189,
        -1.346208 -0.648300 0.520055,
        -1.325320 -0.638241 0.546261,
        -1.315869 -0.633689 0.567517,
        -1.312546 -0.632089 0.586393,
        -1.313755 -0.632671 0.604857,
        -1.320059 -0.635707 0.624761,
        -1.334716 -0.642765 0.648353,
        -1.486865 -0.378602 0.492189,
        -1.404068 -0.511039 0.520055,
        -1.382283 -0.503110 0.546261,
        -1.372424 -0.499522 0.567517,
        -1.368960 -0.498261 0.586393,
        -1.370220 -0.498719 0.604857,
        -1.376795 -0.501112 0.624761,
        -1.392083 -0.506677 0.648353,
        -1.517173 -0.228677 0.492189,
        -1.447974 -0.368700 0.520055,
        -1.425507 -0.362979 0.546261,
        -1.415341 -0.360390 0.567517,
        -1.411768 -0.359480 0.586393,
        -1.413068 -0.359811 0.604857,
        -1.419848 -0.361538 0.624761,
        -1.435614 -0.365552 0.648353,
        -1.532403 -0.076479 0.492189,
        -1.477489 -0.222696 0.520055,
        -1.454565 -0.219241 0.546261,
        -1.444191 -0.217677 0.567517,
        -1.440545 -0.217127 0.586393,
        -1.441872 -0.217327 0.604857,
        -1.448790 -0.218370 0.624761,
        -1.464877 -0.220795 0.648353,
        -1.532403 0.076479 0.492189,
        -1.492321 -0.074479 0.520055,
        -1.469166 -0.073323 0.546261,
        -1.458688 -0.072800 0.567517,
        -1.455006 -0.072616 0.586393,
        -1.456345 -0.072683 0.604857,
        -1.463333 -0.073032 0.624761,
        -1.479582 -0.073843 0.648353,
        -1.517173 0.228677 0.492189,
        -1.492321 0.074479 0.520055,
        -1.469166 0.073323 0.546261,
        -1.458688 0.072800 0.567517,
        -1.455006 0.072616 0.586393,
        -1.456345 0.072683 0.604857,
        -1.463333 0.073032 0.624761,
        -1.479582 0.073843 0.648353,
        -1.486865 0.378602 0.492189,
        -1.477489 0.222696 0.520055,
        -1.454565 0.219241 0.546261,
        -1.444191 0.217677 0.567517,
        -1.440545 0.217127 0.586393,
        -1.441872 0.217327 0.604857,
        -1.448790 0.218370 0.624761,
        -1.464877 0.220795 0.648353,
        -1.441780 0.524765 0.492189,
        -1.447974 0.368700 0.520055,
        -1.425507 0.362979 0.546261,
        -1.415341 0.360390 0.567517,
        -1.411768 0.359480 0.586393,
        -1.413068 0.359811 0.604857,
        -1.419848 0.361538 0.624761,
        -1.435614 0.365552 0.648353,
        -1.382366 0.665712 0.492189,
        -1.404068 0.511039 0.520055,
        -1.382283 0.503110 0.546261,
        -1.372424 0.499522 0.567517,
        -1.368960 0.498261 0.586393,
        -1.370220 0.498719 0.604857,
        -1.376795 0.501112 0.624761,
        -1.392083 0.506677 0.648353,
        -1.309213 0.800043 0.492189,
        -1.346208 0.648300 0.520055,
        -1.325320 0.638241 0.546261,
        -1.315869 0.633689 0.567517,
        -1.312546 0.632089 0.586393,
        -1.313755 0.632671 0.604857,
        -1.320059 0.635707 0.624761,
        -1.334716 0.642765 0.648353,
        -1.223048 0.926423 0.492189,
        -1.274969 0.779117 0.520055,
        -1.255187 0.767028 0.546261,
        -1.246235 0.761558 0.567517,
        -1.243088 0.759635 0.586393,
        -1.244233 0.760335 0.604857,
        -1.250203 0.763983 0.624761,
        -1.264085 0.772466 0.648353,
        -1.124729 1.043596 0.492189,
        -1.191058 0.902191 0.520055,
        -1.172578 0.888193 0.546261,
        -1.164215 0.881859 0.567517,
        -1.161276 0.879632 0.586393,
        -1.162345 0.880442 0.604857,
        -1.167922 0.884667 0.624761,
        -1.180891 0.894490 0.648353,
        -1.015231 1.150397 0.492189,
        -1.095310 1.016299 0.520055,
        -1.078315 1.000531 0.546261,
        -1.070625 0.993395 0.567517,
        -1.067922 0.990887 0.586393,
        -1.068906 0.991799 0.604857,
        -1.074034 0.996558 0.624761,
        -1.085960 1.007624 0.648353,
        -0.895644 1.245765 0.492189,
        -0.988676 1.120307 0.520055,
        -0.973337 1.102924 0.546261,
        -0.966395 1.095058 0.567517,
        -0.963955 1.092294 0.586393,
        -0.964843 1.093300 0.604857,
        -0.969472 1.098545 0.624761,
        -0.980237 1.110743 0.648353,
        -0.767155 1.328752 0.492189,
        -0.872217 1.213180 0.520055,
        -0.858684 1.194357 0.546261,
        -0.852560 1.185839 0.567517,
        -0.850407 1.182845 0.586393,
        -0.851191 1.183934 0.604857,
        -0.855275 1.189615 0.624761,
        -0.864772 1.202824 0.648353,
        -0.631042 1.398533 0.492189,
        -0.747089 1.293996 0.520055,
        -0.735497 1.273919 0.546261,
        -0.730252 1.264833 0.567517,
        -0.728408 1.261640 0.586393,
        -0.729079 1.262802 0.604857,
        -0.732577 1.268861 0.624761,
        -0.740712 1.282950 0.648353,
        -0.488657 1.454415 0.492189,
        -0.614536 1.361952 0.520055,
        -0.605001 1.340820 0.546261,
        -0.600686 1.331258 0.567517,
        -0.599170 1.327897 0.586393,
        -0.599722 1.329120 0.604857,
        -0.602599 1.335497 0.624761,
        -0.609290 1.350326 0.648353,
        -0.341416 1.495842 0.492189,
        -0.475876 1.416372 0.520055,
        -0.468492 1.394396 0.546261,
        -0.465151 1.384452 0.567517,
        -0.463977 1.380956 0.586393,
        -0.464404 1.382228 0.604857,
        -0.466632 1.388860 0.624761,
        -0.471813 1.404282 0.648353,
        -0.190782 1.522403 0.492189,
        -0.332486 1.456716 0.520055,
        -0.327327 1.434114 0.546261,
        -0.324993 1.423886 0.567517,
        -0.324172 1.420291 0.586393,
        -0.324471 1.421599 0.604857,
        -0.326028 1.428420 0.624761,
        -0.329648 1.444281 0.648353,
        -0.038252 1.533833 0.492189,
        -0.185792 1.482582 0.520055,
        -0.182909 1.459579 0.546261,
        -0.181604 1.449169 0.567517,
        -0.181146 1.445511 0.586393,
        -0.181313 1.446842 0.604857,
        -0.182183 1.453784 0.624761,
        -0.184206 1.469926 0.648353,
        0.114659 1.530020 0.492189,
        -0.037251 1.493714 0.520055,
        -0.036673 1.470537 0.546261,
        -0.036411 1.460050 0.567517,
        -0.036319 1.456364 0.586393,
        -0.036353 1.457705 0.604857,
        -0.036527 1.464699 0.624761,
        -0.036933 1.480963 0.648353,
        0.266430 1.511000 0.492189,
        0.111660 1.490000 0.520055,
        0.109928 1.466881 0.546261,
        0.109144 1.456420 0.567517,
        0.108868 1.452743 0.586393,
        0.108968 1.454081 0.604857,
        0.109491 1.461058 0.624761,
        0.110707 1.477281 0.648353,
        0.415553 1.476964 0.492189,
        0.259461 1.471478 0.520055,
        0.255435 1.448647 0.546261,
        0.253614 1.438315 0.567517,
        0.252974 1.434684 0.586393,
        0.253206 1.436006 0.604857,
        0.254421 1.442896 0.624761,
        0.257246 1.458917 0.648353,
        0.560546 1.428249 0.492189,
        0.404684 1.438332 0.520055,
        0.398405 1.416015 0.546261,
        0.395563 1.405917 0.567517,
        0.394565 1.402367 0.586393,
        0.394928 1.403658 0.604857,
        0.396823 1.410393 0.624761,
        0.401230 1.426054 0.648353,
        0.699969 1.365339 0.492189,
        0.545885 1.390891 0.520055,
        0.537415 1.369310 0.546261,
        0.533582 1.359544 0.567517,
        0.532235 1.356112 0.586393,
        0.532725 1.357361 0.604857,
        0.535281 1.363874 0.624761,
        0.541225 1.379018 0.648353,
        0.832434 1.288860 0.492189,
        0.681660 1.329627 0.520055,
        0.671083 1.308997 0.546261,
        0.666297 1.299661 0.567517,
        0.664615 1.296380 0.586393,
        0.665227 1.297574 0.604857,
        0.668419 1.303800 0.624761,
        0.675841 1.318277 0.648353,
        0.956627 1.199572 0.492189,
        0.810661 1.255148 0.520055,
        0.798083 1.235674 0.546261,
        0.792391 1.226861 0.567517,
        0.790390 1.223764 0.586393,
        0.791118 1.224891 0.604857,
        0.794914 1.230768 0.624761,
        0.803741 1.244434 0.648353,
        1.071312 1.098362 0.492189,
        0.931605 1.168195 0.520055,
        0.917150 1.150070 0.546261,
        0.910609 1.141868 0.567517,
        0.908310 1.138985 0.586393,
        0.909146 1.140034 0.604857,
        0.913509 1.145504 0.624761,
        0.923652 1.158223 0.648353,
        1.175350 0.986235 0.492189,
        1.043290 1.069633 0.520055,
        1.027103 1.053036 0.546261,
        1.019778 1.045526 0.567517,
        1.017203 1.042887 0.586393,
        1.018140 1.043847 0.604857,
        1.023025 1.048856 0.624761,
        1.034384 1.060502 0.648353,
        1.267707 0.864308 0.492189,
        1.144607 0.960439 0.520055,
        1.126847 0.945537 0.546261,
        1.118811 0.938794 0.567517,
        1.115986 0.936424 0.586393,
        1.117014 0.937286 0.604857,
        1.122374 0.941783 0.624761,
        1.134836 0.952241 0.648353,
        1.347464 0.733790 0.492189,
        1.234548 0.841700 0.520055,
        1.215393 0.828641 0.546261,
        1.206725 0.822731 0.567517,
        1.203678 0.820654 0.586393,
        1.204787 0.821409 0.604857,
        1.210567 0.825351 0.624761,
        1.224009 0.834515 0.648353,
        1.413830 0.595980 0.492189,
        1.312219 0.714596 0.520055,
        1.291859 0.703509 0.546261,
        1.282646 0.698492 0.567517,
        1.279408 0.696728 0.586393,
        1.280586 0.697370 0.604857,
        1.286730 0.700716 0.624761,
        1.301018 0.708496 0.648353,
        1.466145 0.452246 0.492189,
        1.376850 0.580391 0.520055,
        1.355487 0.571385 0.546261,
        1.345819 0.567311 0.567517,
        1.342422 0.565878 0.586393,
        1.343658 0.566399 0.604857,
        1.350105 0.569117 0.624761,
        1.365096 0.575436 0.648353,
        1.503889 0.304018 0.492189,
        1.427796 0.440417 0.520055,
        1.405643 0.433583 0.546261,
        1.395618 0.430491 0.567517,
        1.392094 0.429404 0.586393,
        1.393376 0.429800 0.604857,
        1.400062 0.431862 0.624761,
        1.415608 0.436657 0.648353,
        1.526686 0.152768 0.492189,
        1.464552 0.296066 0.520055,
        1.441829 0.291472 0.546261,
        1.431546 0.289393 0.567517,
        1.427931 0.288663 0.586393,
        1.429246 0.288928 0.604857,
        1.436104 0.290315 0.624761,
        1.452050 0.293538 0.648353,
        1.534310 0.000000 0.492189,
        1.486753 0.148772 0.520055,
        1.463685 0.146464 0.546261,
        1.453246 0.145419 0.567517,
        1.449577 0.145052 0.586393,
        1.450912 0.145186 0.604857,
        1.457874 0.145882 0.624761,
        1.474062 0.147502 0.648353,
        -0.961303 0.987244 0.000000,
        -0.989924 1.121720 0.000000,
        -0.850920 1.083831 0.000000,
        -0.873317 1.214710 0.000000,
        -0.730895 1.168138 0.000000,
        -0.748031 1.295629 0.000000,
        -0.602589 1.239210 0.000000,
        -0.615311 1.363670 0.000000,
        -0.467455 1.296241 0.000000,
        -0.476476 1.418159 0.000000,
        -0.327025 1.338585 0.000000,
        -0.332906 1.458554 0.000000,
        -0.182889 1.365762 0.000000,
        -0.186026 1.484452 0.000000,
        -0.036682 1.377465 0.000000,
        -0.037298 1.495598 0.000000,
        0.109941 1.373560 0.000000,
        0.111801 1.491880 0.000000,
        0.255319 1.354092 0.000000,
        0.259789 1.473335 0.000000,
        0.397804 1.319282 0.000000,
        0.405194 1.440146 0.000000,
        0.535781 1.269524 0.000000,
        0.546573 1.392646 0.000000,
        0.667688 1.205382 0.000000,
        0.682520 1.331304 0.000000,
        0.792030 1.127583 0.000000,
        0.811683 1.256732 0.000000,
        0.907398 1.037007 0.000000,
        0.932780 1.169669 0.000000,
        1.012484 0.934681 0.000000,
        -0.961303 -0.987244 0.000000,
        -1.096692 -1.017581 0.000000,
        -1.060795 -0.879470 0.000000,
        -1.192561 -0.903330 0.000000,
        -1.148267 -0.761732 0.000000,
        -1.276577 -0.780100 0.000000,
        -1.222729 -0.635364 0.000000,
        -1.347906 -0.649117 0.000000,
        -1.283337 -0.501796 0.000000,
        -1.405839 -0.511684 0.000000,
        -1.329405 -0.362543 0.000000,
        -1.449801 -0.369165 0.000000,
        -1.360409 -0.219182 0.000000,
        -1.479353 -0.222977 0.000000,
        -1.376000 -0.073338 0.000000,
        -1.494203 -0.074572 0.000000,
        -1.376000 0.073338 0.000000,
        -1.494203 0.074572 0.000000,
        -1.360409 0.219182 0.000000,
        -1.479353 0.222977 0.000000,
        -1.329405 0.362543 0.000000,
        -1.449801 0.369165 0.000000,
        -1.283337 0.501796 0.000000,
        -1.405839 0.511684 0.000000,
        -1.222729 0.635364 0.000000,
        -1.347906 0.649117 0.000000,
        -1.148267 0.761732 0.000000,
        -1.276577 0.780100 0.000000,
        -1.060795 0.879470 0.000000,
        -1.192561 0.903330 0.000000,
        -1.096692 1.017581 0.000000,
        1.012484 -0.934681 0.000000,
        1.044606 -1.070982 0.000000,
        0.907398 -1.037007 0.000000,
        0.932780 -1.169669 0.000000,
        0.792030 -1.127583 0.000000,
        0.811683 -1.256732 0.000000,
        0.667688 -1.205382 0.000000,
        0.682520 -1.331304 0.000000,
        0.535781 -1.269524 0.000000,
        0.546573 -1.392646 0.000000,
        0.397804 -1.319282 0.000000,
        0.405194 -1.440146 0.000000,
        0.255319 -1.354092 0.000000,
        0.259789 -1.473335 0.000000,
        0.109941 -1.373560 0.000000,
        0.111801 -1.491880 0.000000,
        -0.036682 -1.377465 0.000000,
        -0.037298 -1.495598 0.000000,
        -0.182889 -1.365762 0.000000,
        -0.186026 -1.484452 0.000000,
        -0.327025 -1.338585 0.000000,
        -0.332906 -1.458554 0.000000,
        -0.467455 -1.296241 0.000000,
        -0.476476 -1.418159 0.000000,
        -0.602589 -1.239210 0.000000,
        -0.615311 -1.363670 0.000000,
        -0.730895 -1.168138 0.000000,
        -0.748031 -1.295629 0.000000,
        -0.850920 -1.083831 0.000000,
        -0.873317 -1.214710 0.000000,
        -0.989924 -1.121720 0.000000,
        1.044606 1.070982 0.000000,
        1.146051 0.961651 0.000000,
        1.106099 0.821766 0.000000,
        1.236105 0.842762 0.000000,
        1.187181 0.699539 0.000000,
        1.313875 0.715498 0.000000,
        1.254812 0.569387 0.000000,
        1.378587 0.581123 0.000000,
        1.308225 0.432783 0.000000,
        1.429597 0.440972 0.000000,
        1.346816 0.291275 0.000000,
        1.466400 0.296439 0.000000,
        1.370146 0.146467 0.000000,
        1.488629 0.148960 0.000000,
        1.377953 -0.000000 0.000000,
        1.496063 0.000000 0.000000,
        1.370146 -0.146467 0.000000,
        1.488629 -0.148960 0.000000,
        1.346816 -0.291275 0.000000,
        1.466400 -0.296439 0.000000,
        1.308225 -0.432783 0.000000,
        1.429597 -0.440972 0.000000,
        1.254812 -0.569387 0.000000,
        1.378587 -0.581123 0.000000,
        1.187181 -0.699539 0.000000,
        1.313875 -0.715498 0.000000,
        1.106099 -0.821766 0.000000,
        1.236105 -0.842762 0.000000,
        1.146051 -0.961651 0.000000,
        -1.572846 0.078498 0.423362,
        -1.572846 0.078498 0.078740,
        -1.572846 -0.000000 0.423362,
        -1.572846 0.000000 0.078740,
        -1.572846 -0.078498 0.423362,
        -1.572846 -0.078498 0.078740,
        -1.558776 -0.219100 0.423362,
        -1.558776 -0.219100 0.078740,
        -1.557214 -0.234712 0.423362,
        -1.557214 -0.234712 0.078740,
        -1.526106 -0.388594 0.423362,
        -1.526106 -0.388594 0.078740,
        -1.512227 -0.433590 0.423362,
        -1.512227 -0.433590 0.078740,
        -1.479831 -0.538615 0.423362,
        -1.479831 -0.538615 0.078740,
        -1.437139 -0.639891 0.423362,
        -1.437139 -0.639891 0.078740,
        -1.418848 -0.683281 0.423362,
        -1.418848 -0.683281 0.078740,
        -1.343765 -0.821158 0.423362,
        -1.343765 -0.821158 0.078740,
        -1.334927 -0.834122 0.423362,
        -1.334927 -0.834122 0.078740,
        -1.255327 -0.950873 0.423362,
        -1.255327 -0.950873 0.078740,
        -1.204870 -1.011006 0.423362,
        -1.204870 -1.011006 0.078740,
        -1.154412 -1.071138 0.423362,
        -1.154412 -1.071138 0.078740,
        -1.053257 -1.169802 0.423362,
        -1.053257 -1.169802 0.078740,
        -1.042025 -1.180758 0.423362,
        -1.042025 -1.180758 0.078740,
        -0.919281 -1.278643 0.423362,
        -0.919281 -1.278643 0.078740,
        -0.879727 -1.304190 0.423362,
        -0.879727 -1.304190 0.078740,
        -0.787402 -1.363820 0.423362,
        -0.787402 -1.363820 0.078740,
        -0.689598 -1.413961 0.423362,
        -0.689598 -1.413961 0.078740,
        -0.647696 -1.435442 0.423362,
        -0.647696 -1.435442 0.078740,
        -0.501554 -1.492799 0.423362,
        -0.501554 -1.492799 0.078740,
        -0.486450 -1.497048 0.423362,
        -0.486450 -1.497048 0.078740,
        -0.350427 -1.535320 0.423362,
        -0.350427 -1.535320 0.078740,
        -0.273122 -1.548950 0.423362,
        -0.273122 -1.548950 0.078740,
        -0.195817 -1.562581 0.423362,
        -0.195817 -1.562581 0.078740,
        -0.054907 -1.573141 0.423362,
        -0.054907 -1.573141 0.078740,
        -0.039261 -1.574314 0.423362,
        -0.039261 -1.574314 0.078740,
        0.117685 -1.570400 0.423362,
        0.117685 -1.570400 0.078740,
        0.164407 -1.564544 0.423362,
        0.164407 -1.564544 0.078740,
        0.273462 -1.550878 0.423362,
        0.273462 -1.550878 0.078740,
        0.380613 -1.526422 0.423362,
        0.380613 -1.526422 0.078740,
        0.426520 -1.515944 0.423362,
        0.426520 -1.515944 0.078740,
        0.575340 -1.465943 0.423362,
        0.575340 -1.465943 0.078740,
        0.589642 -1.459490 0.423362,
        0.589642 -1.459490 0.078740,
        0.718442 -1.401373 0.423362,
        0.718442 -1.401373 0.078740,
        0.786423 -1.362124 0.423362,
        0.786423 -1.362124 0.078740,
        0.854404 -1.322876 0.423362,
        0.854404 -1.322876 0.078740,
        0.969134 -1.240390 0.423362,
        0.969134 -1.240390 0.078740,
        0.981874 -1.231231 0.423362,
        0.981874 -1.231231 0.078740,
        1.099585 -1.127349 0.423362,
        1.099585 -1.127349 0.078740,
        1.131613 -1.092832 0.423362,
        1.131613 -1.092832 0.078740,
        1.206369 -1.012264 0.423362,
        1.206369 -1.012264 0.078740,
        1.272732 -0.924653 0.423362,
        1.272732 -0.924653 0.078740,
        1.301163 -0.887118 0.423362,
        1.301163 -0.887118 0.078740,
        1.383026 -0.753156 0.423362,
        1.383026 -0.753156 0.078740,
        1.389834 -0.739020 0.423362,
        1.389834 -0.739020 0.078740,
        1.451144 -0.611708 0.423362,
        1.451144 -0.611708 0.078740,
        1.477991 -0.537945 0.423362,
        1.477991 -0.537945 0.078740,
        1.504839 -0.464181 0.423362,
        1.504839 -0.464181 0.078740,
        1.539707 -0.327246 0.423362,
        1.539707 -0.327246 0.078740,
        1.543579 -0.312041 0.423362,
        1.543579 -0.312041 0.078740,
        1.566978 -0.156800 0.423362,
        1.566978 -0.156800 0.078740,
        1.569325 -0.109771 0.423362,
        1.569325 -0.109771 0.078740,
        1.574803 0.000000 0.423362,
        1.574803 0.000000 0.078740,
        1.569325 0.109771 0.423362,
        1.569325 0.109771 0.078740,
        1.566978 0.156800 0.423362,
        1.566978 0.156800 0.078740,
        1.543579 0.312041 0.423362,
        1.543579 0.312041 0.078740,
        1.539707 0.327246 0.423362,
        1.539707 0.327246 0.078740,
        1.504839 0.464181 0.423362,
        1.504839 0.464181 0.078740,
        1.477991 0.537945 0.423362,
        1.477991 0.537945 0.078740,
        1.451144 0.611708 0.423362,
        1.451144 0.611708 0.078740,
        1.389834 0.739020 0.423362,
        1.389834 0.739020 0.078740,
        1.383026 0.753156 0.423362,
        1.383026 0.753156 0.078740,
        1.301163 0.887118 0.423362,
        1.301163 0.887118 0.078740,
        1.272732 0.924653 0.423362,
        1.272732 0.924653 0.078740,
        1.206369 1.012264 0.423362,
        1.206369 1.012264 0.078740,
        1.131613 1.092832 0.423362,
        1.131613 1.092832 0.078740,
        1.099585 1.127349 0.423362,
        1.099585 1.127349 0.078740,
        0.981874 1.231231 0.423362,
        0.981874 1.231231 0.078740,
        0.969134 1.240390 0.423362,
        0.969134 1.240390 0.078740,
        0.854404 1.322876 0.423362,
        0.854404 1.322876 0.078740,
        0.786423 1.362124 0.423362,
        0.786423 1.362124 0.078740,
        0.718442 1.401373 0.423362,
        0.718442 1.401373 0.078740,
        0.589642 1.459490 0.423362,
        0.589642 1.459490 0.078740,
        0.575340 1.465943 0.423362,
        0.575340 1.465943 0.078740,
        0.426520 1.515944 0.423362,
        0.426520 1.515944 0.078740,
        0.380613 1.526422 0.423362,
        0.380613 1.526422 0.078740,
        0.273462 1.550878 0.423362,
        0.273462 1.550878 0.078740,
        0.164407 1.564544 0.423362,
        0.164407 1.564544 0.078740,
        0.117685 1.570400 0.423362,
        0.117685 1.570400 0.078740,
        -0.039261 1.574314 0.423362,
        -0.039261 1.574314 0.078740,
        -0.054907 1.573141 0.423362,
        -0.054907 1.573141 0.078740,
        -0.195817 1.562581 0.423362,
        -0.195817 1.562581 0.078740,
        -0.273122 1.548950 0.423362,
        -0.273122 1.548950 0.078740,
        -0.350427 1.535320 0.423362,
        -0.350427 1.535320 0.078740,
        -0.486450 1.497048 0.423362,
        -0.486450 1.497048 0.078740,
        -0.501554 1.492799 0.423362,
        -0.501554 1.492799 0.078740,
        -0.647696 1.435442 0.423362,
        -0.647696 1.435442 0.078740,
        -0.689598 1.413961 0.423362,
        -0.689598 1.413961 0.078740,
        -0.787402 1.363820 0.423362,
        -0.787402 1.363820 0.078740,
        -0.879727 1.304190 0.423362,
        -0.879727 1.304190 0.078740,
        -0.919281 1.278643 0.423362,
        -0.919281 1.278643 0.078740,
        -1.042025 1.180758 0.423362,
        -1.042025 1.180758 0.078740,
        -1.053257 1.169802 0.423362,
        -1.053257 1.169802 0.078740,
        -1.154412 1.071138 0.423362,
        -1.154412 1.071138 0.078740,
        -1.204870 1.011006 0.423362,
        -1.204870 1.011006 0.078740,
        -1.255327 0.950873 0.423362,
        -1.255327 0.950873 0.078740,
        -1.334927 0.834122 0.423362,
        -1.334927 0.834122 0.078740,
        -1.343765 0.821158 0.423362,
        -1.343765 0.821158 0.078740,
        -1.418848 0.683281 0.423362,
        -1.418848 0.683281 0.078740,
        -1.437139 0.639891 0.423362,
        -1.437139 0.639891 0.078740,
        -1.479831 0.538615 0.423362,
        -1.479831 0.538615 0.078740,
        -1.512227 0.433590 0.423362,
        -1.512227 0.433590 0.078740,
        -1.526106 0.388594 0.423362,
        -1.526106 0.388594 0.078740,
        -1.557214 0.234712 0.423362,
        -1.557214 0.234712 0.078740,
        -1.558776 0.219100 0.423362,
        -1.558776 0.219100 0.078740,
        1.564308 0.156533 3.091246,
        1.502275 0.463391 3.091246,
        1.448671 0.610666 3.091246,
        1.204314 1.010539 3.091246,
        0.852948 1.320622 3.091246,
        0.717218 1.398985 3.091246,
        0.272996 1.548236 3.091246,
        -0.195483 1.559919 3.091246,
        -0.349830 1.532704 3.091246,
        -0.786060 1.361496 3.091246,
        -1.152446 1.069313 3.091246,
        -1.253188 0.949253 3.091246,
        -1.477310 0.537697 3.091246,
        -1.570166 0.078364 3.091246,
        -1.570166 -0.078364 3.091246,
        -1.477310 -0.537697 3.091246,
        -1.253188 -0.949253 3.091246,
        -1.152446 -1.069313 3.091246,
        -0.786060 -1.361496 3.091246,
        -0.349830 -1.532704 3.091246,
        -0.195483 -1.559919 3.091246,
        0.272996 -1.548236 3.091246,
        0.717218 -1.398985 3.091246,
        0.852948 -1.320622 3.091246,
        1.204314 -1.010539 3.091246,
        1.448671 -0.610666 3.091246,
        1.502275 -0.463391 3.091246,
        1.486375 0.300477 3.146923,
        -0.037806 1.515971 3.146923,
        -0.337440 1.478422 3.146923,
        -0.758221 1.313278 3.146923,
        -1.012637 1.099565 3.149606,
        -0.989924 1.121720 3.149606,
        -1.003409 1.137000 3.146923,
        -1.274496 0.783152 3.149606,
        -1.192561 0.903330 3.149606,
        -1.208806 0.915635 3.146923,
        -1.368551 0.600142 3.149606,
        -1.347906 0.649117 3.149606,
        -1.366267 0.657960 3.146923,
        -1.481117 0.205356 3.149606,
        -1.479353 0.222977 3.149606,
        -1.499505 0.226014 3.146923,
        -1.481117 -0.205356 3.149606,
        -1.494203 -0.074572 3.149606,
        -1.514557 -0.075589 3.146923,
        -1.438269 -0.406550 3.149606,
        -1.449801 -0.369165 3.149606,
        -1.469550 -0.374193 3.146923,
        -1.274496 -0.783152 3.149606,
        -1.276577 -0.780100 3.149606,
        -1.293967 -0.790726 3.146923,
        -1.153643 -0.949709 3.149606,
        -1.192561 -0.903330 3.149606,
        -1.208806 -0.915635 3.146923,
        -0.873317 -1.214710 3.149606,
        -0.885214 -1.231257 3.146923,
        1.397366 -0.589039 3.146923,
        1.508907 -0.150989 3.146923,
        1.516443 0.000000 3.146923,
        1.486375 -0.300477 3.146923,
        1.449071 -0.446979 3.146923,
        1.504989 -0.304240 3.139057,
        0.113324 -1.512202 3.146923,
        -0.188560 -1.504674 3.146923,
        -1.096692 -1.017581 3.149606,
        -1.405839 -0.511684 3.149606,
        -1.494203 0.074572 3.149606,
        -1.405839 0.511684 3.149606,
        -1.096692 1.017581 3.149606,
        -0.188560 1.504674 3.146923,
        0.113324 1.512202 3.146923,
        1.527803 -0.152880 3.139057,
        1.544030 -0.154504 3.126544,
        1.535433 0.000000 3.139057,
        1.551741 0.000000 3.126544,
        1.564254 0.000000 3.110236,
        1.508907 0.150989 3.146923,
        1.527803 0.152880 3.139057,
        1.544030 0.154504 3.126544,
        1.556481 0.155749 3.110236,
        1.556481 -0.155749 3.110236,
        1.564308 -0.156533 3.091246,
        1.572120 0.000000 3.091246,
        1.540949 -0.311509 3.091246,
        1.494759 -0.461072 3.110236,
        1.533239 -0.309951 3.110236,
        1.482801 -0.457383 3.126544,
        1.520974 -0.307471 3.126544,
        1.467218 -0.452577 3.139057,
        1.252944 -0.854243 3.146923,
        1.161662 -0.974750 3.146923,
        1.268634 -0.864940 3.139057,
        1.176210 -0.986957 3.139057,
        1.282108 -0.874127 3.126544,
        1.188702 -0.997440 3.126544,
        1.292447 -0.881176 3.110236,
        1.198288 -1.005483 3.110236,
        1.298946 -0.885607 3.091246,
        0.945487 -1.185602 3.146923,
        0.822740 -1.273851 3.146923,
        0.957327 -1.200450 3.139057,
        0.833043 -1.289804 3.139057,
        0.967494 -1.213200 3.126544,
        0.841891 -1.303502 3.126544,
        0.975296 -1.222983 3.110236,
        0.848680 -1.314014 3.110236,
        0.980201 -1.229133 3.091246,
        0.410714 -1.459764 3.146923,
        0.263328 -1.493404 3.146923,
        0.415857 -1.478045 3.139057,
        0.266625 -1.512106 3.139057,
        0.420274 -1.493743 3.126544,
        0.269457 -1.528166 3.126544,
        0.423663 -1.505789 3.110236,
        0.271630 -1.540489 3.110236,
        0.425794 -1.513361 3.091246,
        -0.039194 -1.571631 3.091246,
        -0.194505 -1.552114 3.110236,
        -0.038998 -1.563768 3.110236,
        -0.192949 -1.539698 3.126544,
        -0.038686 -1.551258 3.126544,
        -0.190921 -1.523517 3.139057,
        -0.038280 -1.534956 3.139057,
        -0.037806 -1.515971 3.146923,
        -0.623693 -1.382246 3.146923,
        -0.758221 -1.313278 3.146923,
        -0.631504 -1.399556 3.139057,
        -0.767717 -1.329724 3.139057,
        -0.638211 -1.414420 3.126544,
        -0.775870 -1.343847 3.126544,
        -0.643357 -1.425827 3.110236,
        -0.782127 -1.354684 3.110236,
        -0.646593 -1.432997 3.091246,
        -0.989924 -1.121720 3.149606,
        -1.012637 -1.099565 3.149606,
        -1.003409 -1.137000 3.146923,
        -1.111631 -1.031443 3.146923,
        -1.015974 -1.151239 3.139057,
        -1.125552 -1.044360 3.139057,
        -1.026765 -1.163466 3.126544,
        -1.137506 -1.055452 3.126544,
        -1.035045 -1.172848 3.110236,
        -1.146679 -1.063963 3.110236,
        -1.040250 -1.178746 3.091246,
        -1.347906 -0.649117 3.149606,
        -1.368551 -0.600142 3.149606,
        -1.366267 -0.657960 3.146923,
        -1.424990 -0.518654 3.146923,
        -1.383377 -0.666200 3.139057,
        -1.442835 -0.525149 3.139057,
        -1.398070 -0.673275 3.126544,
        -1.458159 -0.530727 3.126544,
        -1.409344 -0.678704 3.110236,
        -1.469918 -0.535006 3.110236,
        -1.416431 -0.682117 3.091246,
        -1.479353 -0.222977 3.149606,
        -1.499505 -0.226014 3.146923,
        -1.518283 -0.228844 3.139057,
        -1.533524 -0.076535 3.139057,
        -1.534409 -0.231275 3.126544,
        -1.549812 -0.077348 3.126544,
        -1.546783 -0.233140 3.110236,
        -1.562309 -0.077972 3.110236,
        -1.554561 -0.234312 3.091246,
        -1.449801 0.369165 3.149606,
        -1.438269 0.406550 3.149606,
        -1.469550 0.374193 3.146923,
        -1.424990 0.518654 3.146923,
        -1.487953 0.378880 3.139057,
        -1.442835 0.525149 3.139057,
        -1.503757 0.382904 3.126544,
        -1.458159 0.530727 3.126544,
        -1.515883 0.385991 3.110236,
        -1.469918 0.535006 3.110236,
        -1.523506 0.387932 3.091246,
        -1.276577 0.780100 3.149606,
        -1.293967 0.790726 3.146923,
        -1.310171 0.800629 3.139057,
        -1.223944 0.927101 3.139057,
        -1.324086 0.809132 3.126544,
        -1.236943 0.936948 3.126544,
        -1.334764 0.815657 3.110236,
        -1.246918 0.944504 3.110236,
        -1.341476 0.819759 3.091246,
        -0.873317 1.214710 3.149606,
        -0.885214 1.231257 3.146923,
        -0.896299 1.246676 3.139057,
        -0.767717 1.329724 3.139057,
        -0.905819 1.259917 3.126544,
        -0.775870 1.343847 3.126544,
        -0.913123 1.270077 3.110236,
        -0.782127 1.354684 3.110236,
        -0.917715 1.276464 3.091246,
        -0.482967 1.437477 3.146923,
        -0.489015 1.455479 3.139057,
        -0.341666 1.496937 3.139057,
        -0.494209 1.470937 3.126544,
        -0.345295 1.512835 3.126544,
        -0.498194 1.482799 3.110236,
        -0.348079 1.525035 3.110236,
        -0.500699 1.490256 3.091246,
        0.263328 1.493404 3.146923,
        0.114743 1.531140 3.139057,
        0.266625 1.512106 3.139057,
        0.115962 1.547402 3.126544,
        0.269457 1.528166 3.126544,
        0.116897 1.559880 3.110236,
        0.271630 1.540489 3.110236,
        0.117485 1.567724 3.091246,
        0.554019 1.411617 3.146923,
        0.691817 1.349439 3.146923,
        0.560957 1.429294 3.139057,
        0.700481 1.366339 3.139057,
        0.566915 1.444475 3.126544,
        0.707920 1.380850 3.126544,
        0.571486 1.456123 3.110236,
        0.713629 1.391985 3.110236,
        0.574360 1.463445 3.091246,
        1.058836 1.085571 3.146923,
        1.161662 0.974750 3.146923,
        1.072096 1.099166 3.139057,
        1.176210 0.986957 3.139057,
        1.083482 1.110840 3.126544,
        1.188702 0.997440 3.126544,
        1.092220 1.119798 3.110236,
        1.198288 1.005483 3.110236,
        1.097712 1.125429 3.091246,
        1.331772 0.725244 3.146923,
        1.397366 0.589039 3.146923,
        1.348450 0.734327 3.139057,
        1.414865 0.596416 3.139057,
        1.362772 0.742126 3.126544,
        1.429892 0.602750 3.126544,
        1.373761 0.748111 3.110236,
        1.441423 0.607611 3.110236,
        1.380670 0.751873 3.091246,
        1.441423 -0.607611 3.110236,
        1.429892 -0.602750 3.126544,
        1.414865 -0.596416 3.139057,
        1.380670 -0.751873 3.091246,
        1.373761 -0.748111 3.110236,
        1.362772 -0.742126 3.126544,
        1.348450 -0.734327 3.139057,
        1.331772 -0.725244 3.146923,
        1.097712 -1.125429 3.091246,
        1.092220 -1.119798 3.110236,
        1.083482 -1.110840 3.126544,
        1.072096 -1.099166 3.139057,
        1.058836 -1.085571 3.146923,
        0.691817 -1.349439 3.146923,
        0.700481 -1.366339 3.139057,
        0.707920 -1.380850 3.126544,
        0.713629 -1.391985 3.110236,
        0.574360 -1.463445 3.091246,
        0.571486 -1.456123 3.110236,
        0.566915 -1.444475 3.126544,
        0.560957 -1.429294 3.139057,
        0.554019 -1.411617 3.146923,
        0.117485 -1.567724 3.091246,
        0.116897 -1.559880 3.110236,
        0.115962 -1.547402 3.126544,
        0.114743 -1.531140 3.139057,
        -0.337440 -1.478422 3.146923,
        -0.341666 -1.496937 3.139057,
        -0.345295 -1.512835 3.126544,
        -0.348079 -1.525035 3.110236,
        -0.500699 -1.490256 3.091246,
        -0.498194 -1.482799 3.110236,
        -0.494209 -1.470937 3.126544,
        -0.489015 -1.455479 3.139057,
        -0.482967 -1.437477 3.146923,
        -0.917715 -1.276464 3.091246,
        -0.913123 -1.270077 3.110236,
        -0.905819 -1.259917 3.126544,
        -0.896299 -1.246676 3.139057,
        -1.223944 -0.927101 3.139057,
        -1.236943 -0.936948 3.126544,
        -1.246918 -0.944504 3.110236,
        -1.341476 -0.819759 3.091246,
        -1.334764 -0.815657 3.110236,
        -1.324086 -0.809132 3.126544,
        -1.310171 -0.800629 3.139057,
        -1.523506 -0.387932 3.091246,
        -1.515883 -0.385991 3.110236,
        -1.503757 -0.382904 3.126544,
        -1.487953 -0.378880 3.139057,
        -1.562309 0.077972 3.110236,
        -1.549812 0.077348 3.126544,
        -1.533524 0.076535 3.139057,
        -1.514557 0.075589 3.146923,
        -1.494203 -0.000000 3.149606,
        -1.554561 0.234312 3.091246,
        -1.546783 0.233140 3.110236,
        -1.534409 0.231275 3.126544,
        -1.518283 0.228844 3.139057,
        -1.416431 0.682117 3.091246,
        -1.409344 0.678704 3.110236,
        -1.398070 0.673275 3.126544,
        -1.383377 0.666200 3.139057,
        -1.146679 1.063963 3.110236,
        -1.137506 1.055452 3.126544,
        -1.125552 1.044360 3.139057,
        -1.111631 1.031443 3.146923,
        -1.153643 0.949709 3.149606,
        -1.040250 1.178746 3.091246,
        -1.035045 1.172848 3.110236,
        -1.026765 1.163466 3.126544,
        -1.015974 1.151239 3.139057,
        -0.646593 1.432997 3.091246,
        -0.643357 1.425827 3.110236,
        -0.638211 1.414420 3.126544,
        -0.631504 1.399556 3.139057,
        -0.623693 1.382246 3.146923,
        -0.194505 1.552114 3.110236,
        -0.192949 1.539698 3.126544,
        -0.190921 1.523517 3.139057,
        -0.039194 1.571631 3.091246,
        -0.038998 1.563768 3.110236,
        -0.038686 1.551258 3.126544,
        -0.038280 1.534956 3.139057,
        0.425794 1.513361 3.091246,
        0.423663 1.505789 3.110236,
        0.420274 1.493743 3.126544,
        0.415857 1.478045 3.139057,
        0.410714 1.459764 3.146923,
        0.848680 1.314014 3.110236,
        0.841891 1.303502 3.126544,
        0.833043 1.289804 3.139057,
        0.822740 1.273851 3.146923,
        0.980201 1.229133 3.091246,
        0.975296 1.222983 3.110236,
        0.967494 1.213200 3.126544,
        0.957327 1.200450 3.139057,
        0.945487 1.185602 3.146923,
        1.298946 0.885607 3.091246,
        1.292447 0.881176 3.110236,
        1.282108 0.874127 3.126544,
        1.268634 0.864940 3.139057,
        1.252944 0.854243 3.146923,
        1.449071 0.446979 3.146923,
        1.467218 0.452577 3.139057,
        1.482801 0.457383 3.126544,
        1.494759 0.461072 3.110236,
        1.540949 0.311509 3.091246,
        1.533239 0.309951 3.110236,
        1.520974 0.307471 3.126544,
        1.504989 0.304240 3.139057,
        1.565212 0.156623 0.439986,
        1.503143 0.463658 0.439986,
        1.449508 0.611019 0.439986,
        1.205009 1.011123 0.439986,
        0.853441 1.321385 0.439986,
        0.717632 1.399794 0.439986,
        0.273154 1.549131 0.439986,
        -0.195596 1.560820 0.439986,
        -0.350032 1.533589 0.439986,
        -0.786514 1.362283 0.439986,
        -1.153111 1.069931 0.439986,
        -1.253912 0.949802 0.439986,
        -1.478163 0.538007 0.439986,
        -1.571073 0.078409 0.439986,
        -1.571073 -0.078409 0.439986,
        -1.478163 -0.538007 0.439986,
        -1.253912 -0.949802 0.439986,
        -1.153111 -1.069931 0.439986,
        -0.786514 -1.362283 0.439986,
        -0.350032 -1.533589 0.439986,
        -0.195596 -1.560820 0.439986,
        0.273154 -1.549131 0.439986,
        0.717632 -1.399794 0.439986,
        0.853441 -1.321385 0.439986,
        1.205009 -1.011123 0.439986,
        1.449508 -0.611019 0.439986,
        1.503143 -0.463658 0.439986,
        1.517286 -0.306726 0.482563,
        1.540286 -0.154129 0.482563,
        1.551558 -0.155257 0.470269,
        1.547978 0.000000 0.482563,
        1.559307 0.000000 0.470269,
        1.567784 0.000000 0.455860,
        1.540286 0.154129 0.482563,
        1.551558 0.155257 0.470269,
        1.559994 0.156101 0.455860,
        1.559994 -0.156101 0.455860,
        1.565212 -0.156623 0.439986,
        1.573028 0.000000 0.439986,
        1.541839 -0.311689 0.439986,
        1.498132 -0.462113 0.455860,
        1.536699 -0.310650 0.455860,
        1.490031 -0.459614 0.470269,
        1.528390 -0.308970 0.470269,
        1.479206 -0.456275 0.482563,
        1.279000 -0.872007 0.482563,
        1.185820 -0.995021 0.482563,
        1.288360 -0.878389 0.470269,
        1.194498 -1.002303 0.470269,
        1.295364 -0.883164 0.455860,
        1.200993 -1.007752 0.455860,
        1.299697 -0.886119 0.439986,
        0.965149 -1.210258 0.482563,
        0.839850 -1.300342 0.482563,
        0.972212 -1.219115 0.470269,
        0.845996 -1.309858 0.470269,
        0.977498 -1.225743 0.455860,
        0.850595 -1.316979 0.455860,
        0.980767 -1.229843 0.439986,
        0.419255 -1.490122 0.482563,
        0.268804 -1.524461 0.482563,
        0.422323 -1.501027 0.470269,
        0.270771 -1.535617 0.470269,
        0.424619 -1.509187 0.455860,
        0.272243 -1.543966 0.455860,
        0.426040 -1.514235 0.439986,
        -0.038592 -1.547498 0.482563,
        -0.192481 -1.535965 0.482563,
        -0.038874 -1.558822 0.470269,
        -0.193890 -1.547206 0.470269,
        -0.039086 -1.567297 0.455860,
        -0.194944 -1.555617 0.455860,
        -0.039217 -1.572539 0.439986,
        -0.636664 -1.410992 0.482563,
        -0.773989 -1.340589 0.482563,
        -0.641323 -1.421317 0.470269,
        -0.779654 -1.350399 0.470269,
        -0.644809 -1.429044 0.455860,
        -0.783892 -1.357741 0.455860,
        -0.646966 -1.433825 0.439986,
        -1.024276 -1.160645 0.482563,
        -1.134749 -1.052893 0.482563,
        -1.031771 -1.169139 0.470269,
        -1.143053 -1.060598 0.470269,
        -1.037381 -1.175495 0.455860,
        -1.149267 -1.066364 0.455860,
        -1.040850 -1.179427 0.439986,
        -1.394681 -0.671643 0.482563,
        -1.454624 -0.529440 0.482563,
        -1.404887 -0.676558 0.470269,
        -1.465269 -0.533314 0.470269,
        -1.412525 -0.680236 0.455860,
        -1.473235 -0.536214 0.455860,
        -1.417250 -0.682511 0.439986,
        -1.530689 -0.230714 0.482563,
        -1.546054 -0.077160 0.482563,
        -1.541891 -0.232403 0.470269,
        -1.557369 -0.077725 0.470269,
        -1.550273 -0.233666 0.455860,
        -1.565835 -0.078148 0.455860,
        -1.555459 -0.234448 0.439986,
        -1.500111 0.381975 0.482563,
        -1.454624 0.529440 0.482563,
        -1.511089 0.384770 0.470269,
        -1.465269 0.533314 0.470269,
        -1.519304 0.386862 0.455860,
        -1.473235 0.536214 0.455860,
        -1.524386 0.388156 0.439986,
        -1.320876 0.807170 0.482563,
        -1.233944 0.934676 0.482563,
        -1.330543 0.813078 0.470269,
        -1.242974 0.941517 0.470269,
        -1.337776 0.817498 0.455860,
        -1.249732 0.946635 0.455860,
        -1.342251 0.820232 0.439986,
        -0.903623 1.256863 0.482563,
        -0.773989 1.340589 0.482563,
        -0.910235 1.266061 0.470269,
        -0.779654 1.350399 0.470269,
        -0.915184 1.272944 0.455860,
        -0.783892 1.357741 0.455860,
        -0.918245 1.277202 0.439986,
        -0.493011 1.467371 0.482563,
        -0.344457 1.509168 0.482563,
        -0.496619 1.478110 0.470269,
        -0.346978 1.520212 0.470269,
        -0.499319 1.486146 0.455860,
        -0.348865 1.528476 0.455860,
        -0.500989 1.491117 0.439986,
        0.115681 1.543650 0.482563,
        0.268804 1.524461 0.482563,
        0.116527 1.554947 0.470269,
        0.270771 1.535617 0.470269,
        0.117161 1.563400 0.455860,
        0.272243 1.543966 0.455860,
        0.117553 1.568630 0.439986,
        0.565540 1.440972 0.482563,
        0.706204 1.377503 0.482563,
        0.569679 1.451518 0.470269,
        0.711372 1.387583 0.470269,
        0.572776 1.459409 0.455860,
        0.715240 1.395127 0.455860,
        0.574692 1.464291 0.439986,
        1.080856 1.108146 0.482563,
        1.185820 0.995021 0.482563,
        1.088765 1.116256 0.470269,
        1.194498 1.002303 0.470269,
        1.094685 1.122325 0.455860,
        1.200993 1.007752 0.455860,
        1.098346 1.126079 0.439986,
        1.359468 0.740327 0.482563,
        1.426426 0.601289 0.482563,
        1.369417 0.745745 0.470269,
        1.436864 0.605689 0.470269,
        1.376862 0.749799 0.455860,
        1.444676 0.608982 0.455860,
        1.381467 0.752307 0.439986,
        1.426426 -0.601289 0.482563,
        1.436864 -0.605689 0.470269,
        1.444676 -0.608982 0.455860,
        1.381467 -0.752307 0.439986,
        1.376862 -0.749799 0.455860,
        1.369417 -0.745745 0.470269,
        1.359468 -0.740327 0.482563,
        1.098346 -1.126079 0.439986,
        1.094685 -1.122325 0.455860,
        1.088765 -1.116256 0.470269,
        1.080856 -1.108146 0.482563,
        0.706204 -1.377503 0.482563,
        0.711372 -1.387583 0.470269,
        0.715240 -1.395127 0.455860,
        0.574692 -1.464291 0.439986,
        0.572776 -1.459409 0.455860,
        0.569679 -1.451518 0.470269,
        0.565540 -1.440972 0.482563,
        0.117553 -1.568630 0.439986,
        0.117161 -1.563400 0.455860,
        0.116527 -1.554947 0.470269,
        0.115681 -1.543650 0.482563,
        -0.344457 -1.509168 0.482563,
        -0.346978 -1.520212 0.470269,
        -0.348865 -1.528476 0.455860,
        -0.500989 -1.491117 0.439986,
        -0.499319 -1.486146 0.455860,
        -0.496619 -1.478110 0.470269,
        -0.493011 -1.467371 0.482563,
        -0.918245 -1.277202 0.439986,
        -0.915184 -1.272944 0.455860,
        -0.910235 -1.266061 0.470269,
        -0.903623 -1.256863 0.482563,
        -1.233944 -0.934676 0.482563,
        -1.242974 -0.941517 0.470269,
        -1.249732 -0.946635 0.455860,
        -1.342251 -0.820232 0.439986,
        -1.337776 -0.817498 0.455860,
        -1.330543 -0.813078 0.470269,
        -1.320876 -0.807170 0.482563,
        -1.524386 -0.388156 0.439986,
        -1.519304 -0.386862 0.455860,
        -1.511089 -0.384770 0.470269,
        -1.500111 -0.381975 0.482563,
        -1.565835 0.078148 0.455860,
        -1.557369 0.077725 0.470269,
        -1.546054 0.077160 0.482563,
        -1.555459 0.234448 0.439986,
        -1.550273 0.233666 0.455860,
        -1.541891 0.232403 0.470269,
        -1.530689 0.230714 0.482563,
        -1.417250 0.682511 0.439986,
        -1.412525 0.680236 0.455860,
        -1.404887 0.676558 0.470269,
        -1.394681 0.671643 0.482563,
        -1.149267 1.066364 0.455860,
        -1.143053 1.060598 0.470269,
        -1.134749 1.052893 0.482563,
        -1.040850 1.179427 0.439986,
        -1.037381 1.175495 0.455860,
        -1.031771 1.169139 0.470269,
        -1.024276 1.160645 0.482563,
        -0.646966 1.433825 0.439986,
        -0.644809 1.429044 0.455860,
        -0.641323 1.421317 0.470269,
        -0.636664 1.410992 0.482563,
        -0.194944 1.555617 0.455860,
        -0.193890 1.547206 0.470269,
        -0.192481 1.535965 0.482563,
        -0.039217 1.572539 0.439986,
        -0.039086 1.567297 0.455860,
        -0.038874 1.558822 0.470269,
        -0.038592 1.547498 0.482563,
        0.426040 1.514235 0.439986,
        0.424619 1.509187 0.455860,
        0.422323 1.501027 0.470269,
        0.419255 1.490122 0.482563,
        0.850595 1.316979 0.455860,
        0.845996 1.309858 0.470269,
        0.839850 1.300342 0.482563,
        0.980767 1.229843 0.439986,
        0.977498 1.225743 0.455860,
        0.972212 1.219115 0.470269,
        0.965149 1.210258 0.482563,
        1.299697 0.886119 0.439986,
        1.295364 0.883164 0.455860,
        1.288360 0.878389 0.470269,
        1.279000 0.872007 0.482563,
        1.479206 0.456275 0.482563,
        1.490031 0.459614 0.470269,
        1.498132 0.462113 0.455860,
        1.541839 0.311689 0.439986,
        1.536699 0.310650 0.455860,
        1.528390 0.308970 0.470269,
        1.517286 0.306726 0.482563,
        -1.381467 0.752307 0.741117,
        -0.574692 1.464291 0.741117,
        0.500989 1.491117 0.741117,
        1.342251 0.820232 0.741117,
        1.555459 -0.234448 0.741117,
        1.040850 -1.179427 0.741117,
        0.039217 -1.572539 0.741117,
        -0.980767 -1.229843 0.741117,
        -1.541839 -0.311689 0.741117,
        -1.547978 0.000000 0.698539,
        -1.540286 0.154129 0.698539,
        -1.517286 0.306726 0.698539,
        -1.479206 0.456275 0.698539,
        -1.426426 0.601289 0.698539,
        -1.359468 0.740327 0.698539,
        -1.279000 0.872007 0.698539,
        -1.185820 0.995021 0.698539,
        -1.080856 1.108146 0.698539,
        -0.965149 1.210258 0.698539,
        -0.839850 1.300342 0.698539,
        -0.706204 1.377503 0.698539,
        -0.565540 1.440972 0.698539,
        -0.419255 1.490122 0.698539,
        -0.268804 1.524461 0.698539,
        -0.115681 1.543650 0.698539,
        0.038592 1.547498 0.698539,
        0.192481 1.535965 0.698539,
        0.344457 1.509168 0.698539,
        0.493011 1.467371 0.698539,
        0.636664 1.410992 0.698539,
        0.773989 1.340589 0.698539,
        0.903623 1.256863 0.698539,
        1.024276 1.160645 0.698539,
        1.134749 1.052893 0.698539,
        1.233944 0.934676 0.698539,
        1.320876 0.807170 0.698539,
        1.394681 0.671643 0.698539,
        1.454624 0.529440 0.698539,
        1.500111 0.381975 0.698539,
        1.530689 0.230714 0.698539,
        1.546054 0.077160 0.698539,
        1.546054 -0.077160 0.698539,
        1.530689 -0.230714 0.698539,
        1.500111 -0.381975 0.698539,
        1.454624 -0.529440 0.698539,
        1.394681 -0.671643 0.698539,
        1.320876 -0.807170 0.698539,
        1.233944 -0.934676 0.698539,
        1.134749 -1.052893 0.698539,
        1.024276 -1.160645 0.698539,
        0.903623 -1.256863 0.698539,
        0.773989 -1.340589 0.698539,
        0.636664 -1.410992 0.698539,
        0.493011 -1.467371 0.698539,
        0.344457 -1.509168 0.698539,
        0.192481 -1.535965 0.698539,
        0.038592 -1.547498 0.698539,
        -0.115681 -1.543650 0.698539,
        -0.268804 -1.524461 0.698539,
        -0.419255 -1.490122 0.698539,
        -0.565540 -1.440972 0.698539,
        -0.706204 -1.377503 0.698539,
        -0.839850 -1.300342 0.698539,
        -0.965149 -1.210258 0.698539,
        -1.080856 -1.108146 0.698539,
        -1.185820 -0.995021 0.698539,
        -1.279000 -0.872007 0.698539,
        -1.359468 -0.740327 0.698539,
        -1.426426 -0.601289 0.698539,
        -1.479206 -0.456275 0.698539,
        -1.517286 -0.306726 0.698539,
        -1.540286 -0.154129 0.698539,
        -1.559307 0.000000 0.710833,
        -1.551558 -0.155257 0.710833,
        -1.567784 0.000000 0.725243,
        -1.559994 -0.156101 0.725243,
        -1.573028 0.000000 0.741117,
        -1.565212 -0.156623 0.741117,
        -1.436864 -0.605689 0.710833,
        -1.369417 -0.745745 0.710833,
        -1.444676 -0.608982 0.725243,
        -1.376862 -0.749799 0.725243,
        -1.449508 -0.611019 0.741117,
        -1.381467 -0.752307 0.741117,
        -1.288360 -0.878389 0.710833,
        -1.295364 -0.883164 0.725243,
        -1.299697 -0.886119 0.741117,
        -1.194498 -1.002303 0.710833,
        -1.200993 -1.007752 0.725243,
        -1.205009 -1.011123 0.741117,
        -1.088765 -1.116256 0.710833,
        -1.094685 -1.122325 0.725243,
        -1.098346 -1.126079 0.741117,
        -0.711372 -1.387583 0.710833,
        -0.569679 -1.451518 0.710833,
        -0.715240 -1.395127 0.725243,
        -0.572776 -1.459409 0.725243,
        -0.717632 -1.399794 0.741117,
        -0.574692 -1.464291 0.741117,
        -0.422323 -1.501027 0.710833,
        -0.424619 -1.509187 0.725243,
        -0.426040 -1.514235 0.741117,
        -0.270771 -1.535617 0.710833,
        -0.272243 -1.543966 0.725243,
        -0.273154 -1.549131 0.741117,
        -0.116527 -1.554947 0.710833,
        -0.117161 -1.563400 0.725243,
        -0.117553 -1.568630 0.741117,
        0.346978 -1.520212 0.710833,
        0.496619 -1.478110 0.710833,
        0.348865 -1.528476 0.725243,
        0.499319 -1.486146 0.725243,
        0.350032 -1.533589 0.741117,
        0.500989 -1.491117 0.741117,
        0.641323 -1.421317 0.710833,
        0.644809 -1.429044 0.725243,
        0.646966 -1.433825 0.741117,
        0.779654 -1.350399 0.710833,
        0.783892 -1.357741 0.725243,
        0.786514 -1.362283 0.741117,
        0.910235 -1.266061 0.710833,
        0.915184 -1.272944 0.725243,
        0.918245 -1.277202 0.741117,
        1.242974 -0.941517 0.710833,
        1.330543 -0.813078 0.710833,
        1.249732 -0.946635 0.725243,
        1.337776 -0.817498 0.725243,
        1.253912 -0.949802 0.741117,
        1.342251 -0.820232 0.741117,
        1.404887 -0.676558 0.710833,
        1.412525 -0.680236 0.725243,
        1.417250 -0.682511 0.741117,
        1.465269 -0.533314 0.710833,
        1.473235 -0.536214 0.725243,
        1.478163 -0.538007 0.741117,
        1.511089 -0.384770 0.710833,
        1.519304 -0.386862 0.725243,
        1.524386 -0.388156 0.741117,
        1.557369 0.077725 0.710833,
        1.541891 0.232403 0.710833,
        1.565835 0.078148 0.725243,
        1.550273 0.233666 0.725243,
        1.571073 0.078409 0.741117,
        1.555459 0.234448 0.741117,
        1.511089 0.384770 0.710833,
        1.519304 0.386862 0.725243,
        1.524386 0.388156 0.741117,
        1.465269 0.533314 0.710833,
        1.473235 0.536214 0.725243,
        1.478163 0.538007 0.741117,
        1.404887 0.676558 0.710833,
        1.412525 0.680236 0.725243,
        1.417250 0.682511 0.741117,
        1.143053 1.060598 0.710833,
        1.031771 1.169139 0.710833,
        1.149267 1.066364 0.725243,
        1.037381 1.175495 0.725243,
        1.153111 1.069931 0.741117,
        1.040850 1.179427 0.741117,
        0.910235 1.266061 0.710833,
        0.915184 1.272944 0.725243,
        0.918245 1.277202 0.741117,
        0.779654 1.350399 0.710833,
        0.783892 1.357741 0.725243,
        0.786514 1.362283 0.741117,
        0.641323 1.421317 0.710833,
        0.644809 1.429044 0.725243,
        0.646966 1.433825 0.741117,
        0.193890 1.547206 0.710833,
        0.038874 1.558822 0.710833,
        0.194944 1.555617 0.725243,
        0.039086 1.567297 0.725243,
        0.195596 1.560820 0.741117,
        0.039217 1.572539 0.741117,
        -0.116527 1.554947 0.710833,
        -0.117161 1.563400 0.725243,
        -0.117553 1.568630 0.741117,
        -0.270771 1.535617 0.710833,
        -0.272243 1.543966 0.725243,
        -0.273154 1.549131 0.741117,
        -0.422323 1.501027 0.710833,
        -0.424619 1.509187 0.725243,
        -0.426040 1.514235 0.741117,
        -0.845996 1.309858 0.710833,
        -0.972212 1.219115 0.710833,
        -0.850595 1.316979 0.725243,
        -0.977498 1.225743 0.725243,
        -0.853441 1.321385 0.741117,
        -0.980767 1.229843 0.741117,
        -1.088765 1.116256 0.710833,
        -1.094685 1.122325 0.725243,
        -1.098346 1.126079 0.741117,
        -1.194498 1.002303 0.710833,
        -1.200993 1.007752 0.725243,
        -1.205009 1.011123 0.741117,
        -1.288360 0.878389 0.710833,
        -1.295364 0.883164 0.725243,
        -1.299697 0.886119 0.741117,
        -1.490031 0.459614 0.710833,
        -1.528390 0.308970 0.710833,
        -1.498132 0.462113 0.725243,
        -1.536699 0.310650 0.725243,
        -1.503143 0.463658 0.741117,
        -1.541839 0.311689 0.741117,
        -1.551558 0.155257 0.710833,
        -1.559994 0.156101 0.725243,
        -1.565212 0.156623 0.741117,
        -1.528390 -0.308970 0.710833,
        -1.536699 -0.310650 0.725243,
        -1.503143 -0.463658 0.741117,
        -1.498132 -0.462113 0.725243,
        -1.490031 -0.459614 0.710833,
        -0.972212 -1.219115 0.710833,
        -0.977498 -1.225743 0.725243,
        -0.853441 -1.321385 0.741117,
        -0.850595 -1.316979 0.725243,
        -0.845996 -1.309858 0.710833,
        0.038874 -1.558822 0.710833,
        0.039086 -1.567297 0.725243,
        0.195596 -1.560820 0.741117,
        0.194944 -1.555617 0.725243,
        0.193890 -1.547206 0.710833,
        1.031771 -1.169139 0.710833,
        1.037381 -1.175495 0.725243,
        1.153111 -1.069931 0.741117,
        1.149267 -1.066364 0.725243,
        1.143053 -1.060598 0.710833,
        1.541891 -0.232403 0.710833,
        1.550273 -0.233666 0.725243,
        1.571073 -0.078409 0.741117,
        1.565835 -0.078148 0.725243,
        1.557369 -0.077725 0.710833,
        1.330543 0.813078 0.710833,
        1.337776 0.817498 0.725243,
        1.253912 0.949802 0.741117,
        1.249732 0.946635 0.725243,
        1.242974 0.941517 0.710833,
        0.496619 1.478110 0.710833,
        0.499319 1.486146 0.725243,
        0.350032 1.533589 0.741117,
        0.348865 1.528476 0.725243,
        0.346978 1.520212 0.710833,
        -0.569679 1.451518 0.710833,
        -0.572776 1.459409 0.725243,
        -0.717632 1.399794 0.741117,
        -0.715240 1.395127 0.725243,
        -0.711372 1.387583 0.710833,
        -1.369417 0.745745 0.710833,
        -1.376862 0.749799 0.725243,
        -1.449508 0.611019 0.741117,
        -1.444676 0.608982 0.725243,
        -1.436864 0.605689 0.710833,
        1.564308 -0.156533 0.058361,
        1.540949 -0.311509 0.058361,
        1.502275 -0.463391 0.058361,
        1.448671 -0.610666 0.058361,
        1.380670 -0.751873 0.058361,
        1.298946 -0.885607 0.058361,
        1.204314 -1.010539 0.058361,
        1.097712 -1.125429 0.058361,
        0.980201 -1.229133 0.058361,
        0.852948 -1.320622 0.058361,
        0.717218 -1.398985 0.058361,
        0.574360 -1.463445 0.058361,
        0.425794 -1.513361 0.058361,
        0.272996 -1.548236 0.058361,
        0.117485 -1.567724 0.058361,
        -0.039194 -1.571631 0.058361,
        -0.195483 -1.559919 0.058361,
        -0.349830 -1.532704 0.058361,
        -0.500699 -1.490256 0.058361,
        -0.646593 -1.432997 0.058361,
        -0.786060 -1.361496 0.058361,
        -0.917715 -1.276464 0.058361,
        -1.040250 -1.178746 0.058361,
        -1.152446 -1.069313 0.058361,
        -1.253188 -0.949253 0.058361,
        -1.341476 -0.819759 0.058361,
        -1.416431 -0.682117 0.058361,
        -1.477310 -0.537697 0.058361,
        -1.523506 -0.387932 0.058361,
        -1.554561 -0.234312 0.058361,
        -1.570166 -0.078364 0.058361,
        -1.570166 0.078364 0.058361,
        -1.554561 0.234312 0.058361,
        -1.523506 0.387932 0.058361,
        -1.477310 0.537697 0.058361,
        -1.416431 0.682117 0.058361,
        -1.341476 0.819759 0.058361,
        -1.253188 0.949253 0.058361,
        -1.152446 1.069313 0.058361,
        -1.040250 1.178746 0.058361,
        -0.917715 1.276464 0.058361,
        -0.786060 1.361496 0.058361,
        -0.646593 1.432997 0.058361,
        -0.500699 1.490256 0.058361,
        -0.349830 1.532704 0.058361,
        -0.195483 1.559919 0.058361,
        -0.039194 1.571631 0.058361,
        0.117485 1.567724 0.058361,
        0.272996 1.548236 0.058361,
        0.425794 1.513361 0.058361,
        0.574360 1.463445 0.058361,
        0.717218 1.398985 0.058361,
        0.852948 1.320622 0.058361,
        0.980201 1.229133 0.058361,
        1.097712 1.125429 0.058361,
        1.204314 1.010539 0.058361,
        1.298946 0.885607 0.058361,
        1.380670 0.751873 0.058361,
        1.448671 0.610666 0.058361,
        1.502275 0.463391 0.058361,
        1.540949 0.311509 0.058361,
        1.564308 0.156533 0.058361,
        1.572120 0.000000 0.058361,
        1.556481 0.155749 0.039370,
        1.533239 0.309951 0.039370,
        1.494759 0.461072 0.039370,
        1.441423 0.607611 0.039370,
        1.373761 0.748111 0.039370,
        1.292447 0.881176 0.039370,
        1.198288 1.005483 0.039370,
        1.092220 1.119798 0.039370,
        0.975296 1.222983 0.039370,
        0.848680 1.314014 0.039370,
        0.713629 1.391985 0.039370,
        0.571486 1.456123 0.039370,
        0.423663 1.505789 0.039370,
        0.271630 1.540489 0.039370,
        0.116897 1.559880 0.039370,
        -0.038998 1.563768 0.039370,
        -0.194505 1.552114 0.039370,
        -0.348079 1.525035 0.039370,
        -0.498194 1.482799 0.039370,
        -0.643357 1.425827 0.039370,
        -0.782127 1.354684 0.039370,
        -0.913123 1.270077 0.039370,
        -1.035045 1.172848 0.039370,
        -1.146679 1.063963 0.039370,
        -1.246918 0.944504 0.039370,
        -1.334764 0.815657 0.039370,
        -1.409344 0.678704 0.039370,
        -1.469918 0.535006 0.039370,
        -1.515883 0.385991 0.039370,
        -1.546783 0.233140 0.039370,
        -1.562309 0.077972 0.039370,
        -1.562309 -0.077972 0.039370,
        -1.546783 -0.233140 0.039370,
        -1.515883 -0.385991 0.039370,
        -1.469918 -0.535006 0.039370,
        -1.409344 -0.678704 0.039370,
        -1.334764 -0.815657 0.039370,
        -1.246918 -0.944504 0.039370,
        -1.146679 -1.063963 0.039370,
        -1.035045 -1.172848 0.039370,
        -0.913123 -1.270077 0.039370,
        -0.782127 -1.354684 0.039370,
        -0.643357 -1.425827 0.039370,
        -0.498194 -1.482799 0.039370,
        -0.348079 -1.525035 0.039370,
        -0.194505 -1.552114 0.039370,
        -0.038998 -1.563768 0.039370,
        0.116897 -1.559880 0.039370,
        0.271630 -1.540489 0.039370,
        0.423663 -1.505789 0.039370,
        0.571486 -1.456123 0.039370,
        0.713629 -1.391985 0.039370,
        0.848680 -1.314014 0.039370,
        0.975296 -1.222983 0.039370,
        1.092220 -1.119798 0.039370,
        1.198288 -1.005483 0.039370,
        1.292447 -0.881176 0.039370,
        1.373761 -0.748111 0.039370,
        1.441423 -0.607611 0.039370,
        1.494759 -0.461072 0.039370,
        1.533239 -0.309951 0.039370,
        1.556481 -0.155749 0.039370,
        1.564254 0.000000 0.039370,
        1.544030 0.154504 0.023063,
        1.520974 0.307471 0.023063,
        1.482801 0.457383 0.023063,
        1.429892 0.602750 0.023063,
        1.362772 0.742126 0.023063,
        1.282108 0.874127 0.023063,
        1.188702 0.997440 0.023063,
        1.083482 1.110840 0.023063,
        0.967494 1.213200 0.023063,
        0.841891 1.303502 0.023063,
        0.707920 1.380850 0.023063,
        0.566915 1.444475 0.023063,
        0.420274 1.493743 0.023063,
        0.269457 1.528166 0.023063,
        0.115962 1.547402 0.023063,
        -0.038686 1.551258 0.023063,
        -0.192949 1.539698 0.023063,
        -0.345295 1.512835 0.023063,
        -0.494209 1.470937 0.023063,
        -0.638211 1.414420 0.023063,
        -0.775870 1.343847 0.023063,
        -0.905819 1.259917 0.023063,
        -1.026765 1.163466 0.023063,
        -1.137506 1.055452 0.023063,
        -1.236943 0.936948 0.023063,
        -1.324086 0.809132 0.023063,
        -1.398070 0.673275 0.023063,
        -1.458159 0.530727 0.023063,
        -1.503757 0.382904 0.023063,
        -1.534409 0.231275 0.023063,
        -1.549812 0.077348 0.023063,
        -1.549812 -0.077348 0.023063,
        -1.534409 -0.231275 0.023063,
        -1.503757 -0.382904 0.023063,
        -1.458159 -0.530727 0.023063,
        -1.398070 -0.673275 0.023063,
        -1.324086 -0.809132 0.023063,
        -1.236943 -0.936948 0.023063,
        -1.137506 -1.055452 0.023063,
        -1.026765 -1.163466 0.023063,
        -0.905819 -1.259917 0.023063,
        -0.775870 -1.343847 0.023063,
        -0.638211 -1.414420 0.023063,
        -0.494209 -1.470937 0.023063,
        -0.345295 -1.512835 0.023063,
        -0.192949 -1.539698 0.023063,
        -0.038686 -1.551258 0.023063,
        0.115962 -1.547402 0.023063,
        0.269457 -1.528166 0.023063,
        0.420274 -1.493743 0.023063,
        0.566915 -1.444475 0.023063,
        0.707920 -1.380850 0.023063,
        0.841891 -1.303502 0.023063,
        0.967494 -1.213200 0.023063,
        1.083482 -1.110840 0.023063,
        1.188702 -0.997440 0.023063,
        1.282108 -0.874127 0.023063,
        1.362772 -0.742126 0.023063,
        1.429892 -0.602750 0.023063,
        1.482801 -0.457383 0.023063,
        1.520974 -0.307471 0.023063,
        1.544030 -0.154504 0.023063,
        1.551741 0.000000 0.023063,
        1.527803 0.152880 0.010549,
        1.504989 0.304240 0.010549,
        1.467218 0.452577 0.010549,
        1.414865 0.596416 0.010549,
        1.348450 0.734327 0.010549,
        1.268634 0.864940 0.010549,
        1.176210 0.986957 0.010549,
        1.072096 1.099166 0.010549,
        0.957327 1.200450 0.010549,
        0.833043 1.289804 0.010549,
        0.700481 1.366339 0.010549,
        0.560957 1.429294 0.010549,
        0.415857 1.478045 0.010549,
        0.266625 1.512106 0.010549,
        0.114743 1.531140 0.010549,
        -0.038280 1.534956 0.010549,
        -0.190921 1.523517 0.010549,
        -0.341666 1.496937 0.010549,
        -0.489015 1.455479 0.010549,
        -0.631504 1.399556 0.010549,
        -0.767717 1.329724 0.010549,
        -0.896299 1.246676 0.010549,
        -1.015974 1.151239 0.010549,
        -1.125552 1.044360 0.010549,
        -1.223944 0.927101 0.010549,
        -1.310171 0.800629 0.010549,
        -1.383377 0.666200 0.010549,
        -1.442835 0.525149 0.010549,
        -1.487953 0.378880 0.010549,
        -1.518283 0.228844 0.010549,
        -1.533524 0.076535 0.010549,
        -1.533524 -0.076535 0.010549,
        -1.518283 -0.228844 0.010549,
        -1.487953 -0.378880 0.010549,
        -1.442835 -0.525149 0.010549,
        -1.383377 -0.666200 0.010549,
        -1.310171 -0.800629 0.010549,
        -1.223944 -0.927101 0.010549,
        -1.125552 -1.044360 0.010549,
        -1.015974 -1.151239 0.010549,
        -0.896299 -1.246676 0.010549,
        -0.767717 -1.329724 0.010549,
        -0.631504 -1.399556 0.010549,
        -0.489015 -1.455479 0.010549,
        -0.341666 -1.496937 0.010549,
        -0.190921 -1.523517 0.010549,
        -0.038280 -1.534956 0.010549,
        0.114743 -1.531140 0.010549,
        0.266625 -1.512106 0.010549,
        0.415857 -1.478045 0.010549,
        0.560957 -1.429294 0.010549,
        0.700481 -1.366339 0.010549,
        0.833043 -1.289804 0.010549,
        0.957327 -1.200450 0.010549,
        1.072096 -1.099166 0.010549,
        1.176210 -0.986957 0.010549,
        1.268634 -0.864940 0.010549,
        1.348450 -0.734327 0.010549,
        1.414865 -0.596416 0.010549,
        1.467218 -0.452577 0.010549,
        1.504989 -0.304240 0.010549,
        1.527803 -0.152880 0.010549,
        1.535433 0.000000 0.010549,
        1.508907 0.150989 0.002683,
        1.486375 0.300477 0.002683,
        1.449071 0.446979 0.002683,
        1.397366 0.589039 0.002683,
        1.331772 0.725244 0.002683,
        1.252944 0.854243 0.002683,
        1.161662 0.974750 0.002683,
        1.058836 1.085571 0.002683,
        0.945487 1.185602 0.002683,
        0.822740 1.273851 0.002683,
        0.691817 1.349439 0.002683,
        0.554019 1.411617 0.002683,
        0.410714 1.459764 0.002683,
        0.263328 1.493404 0.002683,
        0.113324 1.512202 0.002683,
        -0.037806 1.515971 0.002683,
        -0.188560 1.504674 0.002683,
        -0.337440 1.478422 0.002683,
        -0.482967 1.437477 0.002683,
        -0.623693 1.382246 0.002683,
        -0.758221 1.313278 0.002683,
        -0.885214 1.231257 0.002683,
        -1.003409 1.137000 0.002683,
        -1.111631 1.031443 0.002683,
        -1.208806 0.915635 0.002683,
        -1.293967 0.790726 0.002683,
        -1.366267 0.657960 0.002683,
        -1.424990 0.518654 0.002683,
        -1.469550 0.374193 0.002683,
        -1.499505 0.226014 0.002683,
        -1.514557 0.075589 0.002683,
        -1.514557 -0.075589 0.002683,
        -1.499505 -0.226014 0.002683,
        -1.469550 -0.374193 0.002683,
        -1.424990 -0.518654 0.002683,
        -1.366267 -0.657960 0.002683,
        -1.293967 -0.790726 0.002683,
        -1.208806 -0.915635 0.002683,
        -1.111631 -1.031443 0.002683,
        -1.003409 -1.137000 0.002683,
        -0.885214 -1.231257 0.002683,
        -0.758221 -1.313278 0.002683,
        -0.623693 -1.382246 0.002683,
        -0.482967 -1.437477 0.002683,
        -0.337440 -1.478422 0.002683,
        -0.188560 -1.504674 0.002683,
        -0.037806 -1.515971 0.002683,
        0.113324 -1.512202 0.002683,
        0.263328 -1.493404 0.002683,
        0.410714 -1.459764 0.002683,
        0.554019 -1.411617 0.002683,
        0.691817 -1.349439 0.002683,
        0.822740 -1.273851 0.002683,
        0.945487 -1.185602 0.002683,
        1.058836 -1.085571 0.002683,
        1.161662 -0.974750 0.002683,
        1.252944 -0.854243 0.002683,
        1.331772 -0.725244 0.002683,
        1.397366 -0.589039 0.002683,
        1.449071 -0.446979 0.002683,
        1.486375 -0.300477 0.002683,
        1.508907 -0.150989 0.002683,
        1.516443 0.000000 0.002683,
        -1.282671 0.206657 0.078740,
        -1.253439 0.341826 0.078740,
        -1.237020 0.391455 0.078740,
        -1.210004 0.473122 0.078740,
        -1.163307 0.576031 0.078740,
        -1.152859 0.599057 0.078740,
        -1.082652 0.718205 0.078740,
        -1.061538 0.746624 0.078740,
        -1.000178 0.829215 0.078740,
        -0.934964 0.899857 0.078740,
        -0.906372 0.930830 0.078740,
        -0.802296 1.021898 0.078740,
        -0.787124 1.032555 0.078740,
        -0.689130 1.101387 0.078740,
        -0.619787 1.139798 0.078740,
        -0.568155 1.168398 0.078740,
        -0.440743 1.222170 0.078740,
        -0.439130 1.222656 0.078740,
        -0.308338 1.262094 0.078740,
        -0.247020 1.273656 0.078740,
        -0.172439 1.287718 0.078740,
        -0.049706 1.297542 0.078740,
        -0.034586 1.298752 0.078740,
        0.103659 1.295070 0.078740,
        0.148782 1.289028 0.078740,
        0.240730 1.276715 0.078740,
        0.343956 1.251496 0.078740,
        0.375072 1.243895 0.078740,
        0.505165 1.196980 0.078740,
        0.530938 1.184448 0.078740,
        0.629535 1.136503 0.078740,
        0.705317 1.089087 0.078740,
        0.746771 1.063149 0.078740,
        0.855546 0.977750 0.078740,
        0.863998 0.969519 0.078740,
        0.954628 0.881271 0.078740,
        1.000914 0.825442 0.078740,
        1.042893 0.774808 0.078740,
        1.116547 0.663778 0.078740,
        1.119342 0.659566 0.078740,
        1.183108 0.536850 0.078740,
        1.203373 0.485023 0.078740,
        1.233469 0.408052 0.078740,
        1.264090 0.295772 0.078740,
        1.269855 0.274631 0.078740,
        1.291852 0.138098 0.078740,
        1.293916 0.099375 0.078740,
        1.299213 0.000000 0.078740,
        1.293916 -0.099375 0.078740,
        1.291852 -0.138098 0.078740,
        1.269855 -0.274631 0.078740,
        1.264090 -0.295772 0.078740,
        1.233469 -0.408052 0.078740,
        1.203373 -0.485023 0.078740,
        1.183108 -0.536850 0.078740,
        1.119342 -0.659566 0.078740,
        1.116547 -0.663778 0.078740,
        1.042893 -0.774808 0.078740,
        1.000914 -0.825442 0.078740,
        0.954628 -0.881271 0.078740,
        0.863998 -0.969519 0.078740,
        0.855546 -0.977750 0.078740,
        0.746771 -1.063149 0.078740,
        0.705317 -1.089087 0.078740,
        0.629535 -1.136503 0.078740,
        0.530938 -1.184448 0.078740,
        0.505165 -1.196980 0.078740,
        0.375072 -1.243895 0.078740,
        0.343956 -1.251496 0.078740,
        0.240730 -1.276715 0.078740,
        0.148782 -1.289028 0.078740,
        0.103659 -1.295070 0.078740,
        -0.034586 -1.298752 0.078740,
        -0.049706 -1.297542 0.078740,
        -0.172439 -1.287718 0.078740,
        -0.247020 -1.273656 0.078740,
        -0.308338 -1.262094 0.078740,
        -0.439130 -1.222656 0.078740,
        -0.440743 -1.222170 0.078740,
        -0.568155 -1.168398 0.078740,
        -0.619787 -1.139798 0.078740,
        -0.689130 -1.101387 0.078740,
        -0.787124 -1.032555 0.078740,
        -0.802296 -1.021898 0.078740,
        -0.906372 -0.930830 0.078740,
        -0.934964 -0.899857 0.078740,
        -1.000178 -0.829215 0.078740,
        -1.061538 -0.746624 0.078740,
        -1.082652 -0.718205 0.078740,
        -1.152859 -0.599057 0.078740,
        -1.163307 -0.576031 0.078740,
        -1.210004 -0.473122 0.078740,
        -1.237020 -0.391455 0.078740,
        -1.253439 -0.341826 0.078740,
        -1.282671 -0.206657 0.078740,
        -1.283567 -0.198279 0.078740,
        -1.297371 -0.069147 0.078740,
        -1.297371 -0.000000 0.078740,
        -1.297371 0.069147 0.078740,
        -1.283567 0.198279 0.078740,
        1.294520 0.138383 0.058361,
        1.236017 0.408895 0.058361,
        1.045047 0.776408 0.058361,
        0.956599 0.883091 0.058361,
        0.630835 1.138850 0.058361,
        0.241226 1.279352 0.058361,
        -0.172795 1.290378 0.058361,
        -0.441654 1.224694 0.058361,
        -0.690553 1.103662 0.058361,
        -1.002244 0.830927 0.058361,
        -1.212502 0.474099 0.058361,
        -1.300050 0.069290 0.058361,
        -1.300050 -0.069290 0.058361,
        -1.285320 -0.207084 0.058361,
        -1.212502 -0.474099 0.058361,
        -1.002244 -0.830927 0.058361,
        -0.690553 -1.103662 0.058361,
        -0.308974 -1.264700 0.058361,
        -0.172795 -1.290378 0.058361,
        0.241226 -1.279352 0.058361,
        0.630835 -1.138850 0.058361,
        0.956599 -0.883091 0.058361,
        1.045047 -0.776408 0.058361,
        1.121654 -0.660928 0.058361,
        1.236017 -0.408895 0.058361,
        1.288877 -0.426382 0.002683,
        1.326897 -0.286967 0.002683,
        1.308335 -0.282953 0.010549,
        1.349882 -0.144301 0.002683,
        1.330999 -0.142283 0.010549,
        1.314784 -0.140549 0.023063,
        1.357573 0.000000 0.002683,
        1.338583 0.000000 0.010549,
        1.322275 0.000000 0.023063,
        1.309762 0.000000 0.039370,
        1.349882 0.144301 0.002683,
        1.330999 0.142283 0.010549,
        1.314784 0.140549 0.023063,
        1.302342 0.139219 0.039370,
        1.302342 -0.139219 0.039370,
        1.294520 -0.138383 0.058361,
        1.301896 0.000000 0.058361,
        1.272477 -0.275198 0.058361,
        1.243485 -0.411366 0.039370,
        1.280166 -0.276861 0.039370,
        1.255365 -0.415296 0.023063,
        1.292396 -0.279506 0.023063,
        1.270847 -0.420418 0.010549,
        0.780316 -1.110906 0.002683,
        0.657813 -1.187555 0.002683,
        0.769400 -1.095366 0.010549,
        0.648611 -1.170943 0.010549,
        0.760027 -1.082021 0.023063,
        0.640709 -1.156678 0.023063,
        0.752835 -1.071782 0.039370,
        0.634646 -1.145731 0.039370,
        0.748313 -1.065345 0.058361,
        0.391920 -1.299770 0.002683,
        0.251543 -1.334066 0.002683,
        0.386438 -1.281589 0.010549,
        0.248024 -1.315404 0.010549,
        0.381730 -1.265975 0.023063,
        0.245003 -1.299379 0.023063,
        0.378118 -1.253995 0.039370,
        0.242684 -1.287082 0.039370,
        0.375847 -1.246463 0.058361,
        -0.036139 -1.357092 0.002683,
        -0.180185 -1.345563 0.002683,
        -0.035634 -1.338108 0.010549,
        -0.177664 -1.326740 0.010549,
        -0.035200 -1.321806 0.023063,
        -0.175500 -1.310577 0.023063,
        -0.034867 -1.309298 0.039370,
        -0.173839 -1.298174 0.039370,
        -0.034657 -1.301434 0.058361,
        -0.593677 -1.220882 0.002683,
        -0.720085 -1.150861 0.002683,
        -0.585372 -1.203804 0.010549,
        -0.710012 -1.134763 0.010549,
        -0.578241 -1.189138 0.023063,
        -0.701362 -1.120938 0.023063,
        -0.572769 -1.177885 0.039370,
        -0.694725 -1.110330 0.039370,
        -0.569328 -1.170811 0.058361,
        -0.947086 -0.972643 0.002683,
        -1.045106 -0.866463 0.002683,
        -0.933837 -0.959037 0.010549,
        -1.030486 -0.854343 0.010549,
        -0.922461 -0.947353 0.023063,
        -1.017932 -0.843934 0.023063,
        -0.913731 -0.938388 0.039370,
        -1.008299 -0.835948 0.039370,
        -0.908243 -0.932752 0.058361,
        -1.204645 -0.625967 0.002683,
        -1.264357 -0.494375 0.002683,
        -1.187794 -0.617210 0.010549,
        -1.246670 -0.487459 0.010549,
        -1.173324 -0.609691 0.023063,
        -1.231483 -0.481520 0.023063,
        -1.162220 -0.603921 0.039370,
        -1.219828 -0.476964 0.039370,
        -1.155240 -0.600294 0.058361,
        -1.309743 0.357181 0.002683,
        -1.264357 0.494375 0.002683,
        -1.291422 0.352185 0.010549,
        -1.246670 0.487459 0.010549,
        -1.275689 0.347894 0.023063,
        -1.231483 0.481520 0.023063,
        -1.263616 0.344602 0.039370,
        -1.219828 0.476964 0.039370,
        -1.256027 0.342532 0.058361,
        -1.131285 0.750467 0.002683,
        -1.045106 0.866463 0.002683,
        -1.115459 0.739969 0.010549,
        -1.030486 0.854343 0.010549,
        -1.101870 0.730954 0.023063,
        -1.017932 0.843934 0.023063,
        -1.091443 0.724036 0.039370,
        -1.008299 0.835948 0.039370,
        -1.084888 0.719688 0.058361,
        -0.838335 1.067801 0.002683,
        -0.720085 1.150861 0.002683,
        -0.826608 1.052864 0.010549,
        -0.710012 1.134763 0.010549,
        -0.816537 1.040037 0.023063,
        -0.701362 1.120938 0.023063,
        -0.808810 1.030195 0.039370,
        -0.694725 1.110330 0.039370,
        -0.803953 1.024008 0.058361,
        -0.322188 1.318787 0.002683,
        -0.180185 1.345563 0.002683,
        -0.317681 1.300339 0.010549,
        -0.177664 1.326740 0.010549,
        -0.313811 1.284498 0.023063,
        -0.175500 1.310577 0.023063,
        -0.310841 1.272342 0.039370,
        -0.173839 1.298174 0.039370,
        -0.308974 1.264700 0.058361,
        0.108315 1.353245 0.002683,
        0.251543 1.334066 0.002683,
        0.106800 1.334315 0.010549,
        0.248024 1.315404 0.010549,
        0.105499 1.318060 0.023063,
        0.245003 1.299379 0.023063,
        0.104501 1.305586 0.039370,
        0.242684 1.287082 0.039370,
        0.103873 1.297745 0.058361,
        0.527857 1.250748 0.002683,
        0.657813 1.187555 0.002683,
        0.520473 1.233252 0.010549,
        0.648611 1.170943 0.010549,
        0.514133 1.218228 0.023063,
        0.640709 1.156678 0.023063,
        0.509267 1.206699 0.039370,
        0.634646 1.145731 0.039370,
        0.506208 1.199452 0.058361,
        0.893978 1.021670 0.002683,
        0.997510 0.920858 0.002683,
        0.881472 1.007378 0.010549,
        0.983556 0.907976 0.010549,
        0.870733 0.995106 0.023063,
        0.971574 0.896915 0.023063,
        0.862493 0.985689 0.039370,
        0.962379 0.888427 0.039370,
        0.857313 0.979769 0.058361,
        1.236254 0.560966 0.002683,
        1.288877 0.426382 0.002683,
        1.218960 0.553119 0.010549,
        1.270847 0.420418 0.010549,
        1.204110 0.546380 0.023063,
        1.255365 0.415296 0.023063,
        1.192715 0.541209 0.039370,
        1.243485 0.411366 0.039370,
        1.185552 0.537959 0.058361,
        1.185552 -0.537959 0.058361,
        1.192715 -0.541209 0.039370,
        1.204110 -0.546380 0.023063,
        1.218960 -0.553119 0.010549,
        1.236254 -0.560966 0.002683,
        1.169623 -0.689194 0.002683,
        1.153261 -0.679553 0.010549,
        1.139211 -0.671274 0.023063,
        1.128431 -0.664921 0.039370,
        1.051361 -0.781099 0.039370,
        1.061406 -0.788562 0.023063,
        1.074496 -0.798287 0.010549,
        1.089740 -0.809612 0.002683,
        0.997510 -0.920858 0.002683,
        0.983556 -0.907976 0.010549,
        0.971574 -0.896915 0.023063,
        0.962379 -0.888427 0.039370,
        0.857313 -0.979769 0.058361,
        0.862493 -0.985689 0.039370,
        0.870733 -0.995106 0.023063,
        0.881472 -1.007378 0.010549,
        0.893978 -1.021670 0.002683,
        0.506208 -1.199452 0.058361,
        0.509267 -1.206699 0.039370,
        0.514133 -1.218228 0.023063,
        0.520473 -1.233252 0.010549,
        0.527857 -1.250748 0.002683,
        0.103873 -1.297745 0.058361,
        0.104501 -1.305586 0.039370,
        0.105499 -1.318060 0.023063,
        0.106800 -1.334315 0.010549,
        0.108315 -1.353245 0.002683,
        -0.310841 -1.272342 0.039370,
        -0.313811 -1.284498 0.023063,
        -0.317681 -1.300339 0.010549,
        -0.322188 -1.318787 0.002683,
        -0.441654 -1.224694 0.058361,
        -0.444322 -1.232093 0.039370,
        -0.448567 -1.243865 0.023063,
        -0.454099 -1.259205 0.010549,
        -0.460542 -1.277070 0.002683,
        -0.803953 -1.024008 0.058361,
        -0.808810 -1.030195 0.039370,
        -0.816537 -1.040037 0.023063,
        -0.826608 -1.052864 0.010549,
        -0.838335 -1.067801 0.002683,
        -1.084888 -0.719688 0.058361,
        -1.091443 -0.724036 0.039370,
        -1.101870 -0.730954 0.023063,
        -1.115459 -0.739969 0.010549,
        -1.131285 -0.750467 0.002683,
        -1.256027 -0.342532 0.058361,
        -1.263616 -0.344602 0.039370,
        -1.275689 -0.347894 0.023063,
        -1.291422 -0.352185 0.010549,
        -1.309743 -0.357181 0.002683,
        -1.340289 -0.215940 0.002683,
        -1.321540 -0.212920 0.010549,
        -1.305441 -0.210326 0.023063,
        -1.293087 -0.208335 0.039370,
        -1.307906 -0.069708 0.039370,
        -1.320401 -0.070374 0.023063,
        -1.336685 -0.071242 0.010549,
        -1.355649 -0.072253 0.002683,
        -1.355649 0.072253 0.002683,
        -1.336685 0.071242 0.010549,
        -1.320401 0.070374 0.023063,
        -1.307906 0.069708 0.039370,
        -1.285320 0.207084 0.058361,
        -1.293087 0.208335 0.039370,
        -1.305441 0.210326 0.023063,
        -1.321540 0.212920 0.010549,
        -1.340289 0.215940 0.002683,
        -1.155240 0.600294 0.058361,
        -1.162220 0.603921 0.039370,
        -1.173324 0.609691 0.023063,
        -1.187794 0.617210 0.010549,
        -1.204645 0.625967 0.002683,
        -0.908243 0.932752 0.058361,
        -0.913731 0.938388 0.039370,
        -0.922461 0.947353 0.023063,
        -0.933837 0.959037 0.010549,
        -0.947086 0.972643 0.002683,
        -0.569328 1.170811 0.058361,
        -0.572769 1.177885 0.039370,
        -0.578241 1.189138 0.023063,
        -0.585372 1.203804 0.010549,
        -0.593677 1.220882 0.002683,
        -0.460542 1.277070 0.002683,
        -0.454099 1.259205 0.010549,
        -0.448567 1.243865 0.023063,
        -0.444322 1.232093 0.039370,
        -0.034657 1.301434 0.058361,
        -0.034867 1.309298 0.039370,
        -0.035200 1.321806 0.023063,
        -0.035634 1.338108 0.010549,
        -0.036139 1.357092 0.002683,
        0.375847 1.246463 0.058361,
        0.378118 1.253995 0.039370,
        0.381730 1.265975 0.023063,
        0.386438 1.281589 0.010549,
        0.391920 1.299770 0.002683,
        0.748313 1.065345 0.058361,
        0.752835 1.071782 0.039370,
        0.760027 1.082021 0.023063,
        0.769400 1.095366 0.010549,
        0.780316 1.110906 0.002683,
        1.051361 0.781099 0.039370,
        1.061406 0.788562 0.023063,
        1.074496 0.798287 0.010549,
        1.089740 0.809612 0.002683,
        1.121654 0.660928 0.058361,
        1.128431 0.664921 0.039370,
        1.139211 0.671274 0.023063,
        1.153261 0.679553 0.010549,
        1.169623 0.689194 0.002683,
        1.272477 0.275198 0.058361,
        1.280166 0.276861 0.039370,
        1.292396 0.279506 0.023063,
        1.308335 0.282953 0.010549,
        1.326897 0.286967 0.002683,
      ]
    }
    coordIndex [
      61, 62, 63, -1,
      64, 65, 66, -1,
      67, 68, 69, -1,
      70, 71, 72, -1,
      72, 71, 73, -1,
      72, 73, 74, -1,
      74, 73, 75, -1,
      76, 77, 73, -1,
      73, 77, 78, -1,
      73, 78, 75, -1,
      76, 79, 80, -1,
      81, 82, 83, -1,
      83, 82, 84, -1,
      83, 84, 85, -1,
      85, 84, 86, -1,
      85, 86, 80, -1,
      80, 86, 87, -1,
      80, 87, 76, -1,
      76, 87, 88, -1,
      76, 88, 77, -1,
      89, 90, 91, -1,
      92, 93, 89, -1,
      89, 93, 94, -1,
      89, 94, 95, -1,
      95, 96, 89, -1,
      89, 96, 97, -1,
      89, 97, 98, -1,
      91, 99, 89, -1,
      89, 99, 100, -1,
      89, 100, 101, -1,
      101, 102, 89, -1,
      89, 102, 103, -1,
      89, 103, 92, -1,
      104, 105, 106, -1,
      107, 108, 89, -1,
      109, 110, 111, -1,
      110, 112, 111, -1,
      111, 112, 113, -1,
      111, 113, 114, -1,
      105, 115, 106, -1,
      106, 115, 116, -1,
      106, 116, 117, -1,
      118, 119, 90, -1,
      90, 119, 120, -1,
      90, 120, 121, -1,
      109, 111, 122, -1,
      122, 111, 123, -1,
      122, 123, 124, -1,
      125, 108, 126, -1,
      126, 108, 127, -1,
      126, 127, 128, -1,
      128, 127, 129, -1,
      128, 129, 130, -1,
      131, 132, 90, -1,
      90, 132, 133, -1,
      90, 133, 118, -1,
      134, 135, 90, -1,
      90, 135, 136, -1,
      90, 136, 137, -1,
      137, 136, 124, -1,
      137, 124, 138, -1,
      138, 124, 123, -1,
      139, 140, 89, -1,
      140, 141, 89, -1,
      89, 141, 142, -1,
      89, 142, 143, -1,
      144, 145, 146, -1,
      146, 145, 134, -1,
      146, 134, 147, -1,
      147, 134, 90, -1,
      147, 90, 148, -1,
      148, 90, 121, -1,
      117, 149, 106, -1,
      106, 149, 150, -1,
      106, 150, 89, -1,
      89, 150, 151, -1,
      89, 151, 107, -1,
      125, 152, 108, -1,
      108, 152, 153, -1,
      108, 153, 89, -1,
      89, 153, 154, -1,
      89, 154, 139, -1,
      143, 155, 89, -1,
      89, 155, 156, -1,
      89, 156, 90, -1,
      90, 156, 157, -1,
      90, 157, 131, -1,
      158, 159, 160, -1,
      160, 159, 161, -1,
      160, 161, 106, -1,
      106, 161, 162, -1,
      106, 162, 104, -1,
      163, 164, 160, -1,
      160, 164, 165, -1,
      166, 167, 168, -1,
      168, 167, 169, -1,
      168, 169, 170, -1,
      171, 170, 165, -1,
      165, 170, 169, -1,
      165, 169, 160, -1,
      160, 169, 111, -1,
      160, 111, 158, -1,
      158, 111, 114, -1,
      168, 172, 173, -1,
      174, 175, 173, -1,
      173, 175, 176, -1,
      173, 176, 168, -1,
      168, 176, 177, -1,
      168, 177, 166, -1,
      178, 179, 175, -1,
      175, 179, 180, -1,
      181, 182, 175, -1,
      175, 182, 183, -1,
      175, 183, 184, -1,
      184, 185, 175, -1,
      175, 185, 186, -1,
      175, 186, 178, -1,
      180, 187, 175, -1,
      175, 187, 188, -1,
      175, 188, 176, -1,
      181, 175, 189, -1,
      189, 175, 190, -1,
      189, 190, 191, -1,
      192, 193, 194, -1,
      194, 193, 195, -1,
      194, 195, 196, -1,
      196, 195, 197, -1,
      196, 197, 198, -1,
      198, 197, 199, -1,
      198, 199, 200, -1,
      201, 202, 203, -1,
      203, 202, 204, -1,
      203, 204, 205, -1,
      206, 207, 204, -1,
      207, 208, 204, -1,
      204, 208, 209, -1,
      204, 209, 205, -1,
      210, 211, 76, -1,
      212, 213, 214, -1,
      212, 214, 215, -1,
      213, 216, 214, -1,
      214, 216, 217, -1,
      214, 217, 218, -1,
      76, 219, 220, -1,
      221, 222, 76, -1,
      76, 222, 223, -1,
      76, 223, 219, -1,
      224, 225, 226, -1,
      226, 225, 210, -1,
      226, 210, 227, -1,
      228, 229, 73, -1,
      73, 229, 230, -1,
      73, 230, 231, -1,
      220, 232, 76, -1,
      76, 232, 233, -1,
      76, 233, 210, -1,
      210, 233, 234, -1,
      210, 234, 227, -1,
      211, 235, 76, -1,
      76, 235, 236, -1,
      76, 236, 214, -1,
      214, 236, 237, -1,
      214, 237, 215, -1,
      231, 238, 73, -1,
      73, 238, 239, -1,
      73, 239, 76, -1,
      76, 239, 240, -1,
      76, 240, 221, -1,
      241, 242, 243, -1,
      243, 242, 244, -1,
      245, 246, 71, -1,
      71, 246, 247, -1,
      247, 248, 71, -1,
      71, 248, 249, -1,
      71, 249, 73, -1,
      73, 249, 250, -1,
      73, 250, 228, -1,
      251, 71, 252, -1,
      252, 71, 243, -1,
      252, 243, 253, -1,
      253, 243, 244, -1,
      251, 254, 71, -1,
      71, 254, 255, -1,
      71, 255, 245, -1,
      245, 255, 256, -1,
      245, 256, 257, -1,
      257, 256, 258, -1,
      258, 256, 259, -1,
      258, 259, 260, -1,
      260, 259, 261, -1,
      260, 261, 262, -1,
      263, 264, 265, -1,
      265, 264, 266, -1,
      265, 266, 267, -1,
      263, 265, 268, -1,
      268, 265, 269, -1,
      268, 269, 270, -1,
      271, 272, 214, -1,
      214, 272, 65, -1,
      214, 65, 76, -1,
      76, 65, 64, -1,
      76, 64, 79, -1,
      273, 274, 275, -1,
      62, 273, 63, -1,
      63, 273, 275, -1,
      63, 275, 271, -1,
      271, 275, 276, -1,
      271, 276, 272, -1,
      68, 67, 83, -1,
      83, 67, 277, -1,
      83, 277, 81, -1,
      81, 277, 278, -1,
      81, 278, 279, -1,
      279, 278, 280, -1,
      279, 280, 281, -1,
      281, 280, 282, -1,
      281, 282, 283, -1,
      284, 269, 204, -1,
      202, 285, 286, -1,
      269, 284, 287, -1,
      287, 284, 288, -1,
      287, 288, 289, -1,
      290, 291, 292, -1,
      292, 291, 287, -1,
      292, 287, 293, -1,
      293, 287, 289, -1,
      286, 294, 202, -1,
      202, 294, 295, -1,
      202, 295, 204, -1,
      204, 295, 296, -1,
      204, 296, 284, -1,
      192, 297, 298, -1,
      299, 300, 301, -1,
      300, 302, 301, -1,
      301, 302, 303, -1,
      301, 303, 304, -1,
      301, 305, 192, -1,
      192, 305, 306, -1,
      192, 306, 297, -1,
      298, 307, 192, -1,
      192, 307, 308, -1,
      192, 308, 193, -1,
      309, 305, 310, -1,
      310, 305, 301, -1,
      310, 301, 311, -1,
      311, 301, 304, -1,
      312, 313, 314, -1,
      314, 313, 315, -1,
      314, 315, 316, -1,
      316, 317, 314, -1,
      314, 317, 318, -1,
      314, 318, 319, -1,
      320, 321, 291, -1,
      310, 322, 309, -1,
      309, 322, 323, -1,
      309, 323, 324, -1,
      324, 325, 309, -1,
      309, 325, 326, -1,
      309, 326, 327, -1,
      201, 328, 202, -1,
      202, 328, 200, -1,
      202, 200, 314, -1,
      314, 200, 199, -1,
      314, 199, 312, -1,
      329, 330, 331, -1,
      331, 330, 309, -1,
      331, 309, 332, -1,
      332, 309, 327, -1,
      285, 202, 290, -1,
      290, 202, 314, -1,
      290, 314, 291, -1,
      291, 314, 319, -1,
      291, 319, 320, -1,
      321, 333, 291, -1,
      291, 333, 334, -1,
      291, 334, 335, -1,
      336, 337, 338, -1,
      338, 337, 339, -1,
      336, 340, 337, -1,
      337, 340, 341, -1,
      337, 341, 342, -1,
      339, 337, 331, -1,
      331, 337, 343, -1,
      331, 343, 344, -1,
      335, 345, 291, -1,
      291, 345, 346, -1,
      291, 346, 301, -1,
      301, 346, 347, -1,
      301, 347, 299, -1,
      342, 348, 337, -1,
      337, 348, 349, -1,
      337, 349, 350, -1,
      350, 349, 351, -1,
      350, 351, 352, -1,
      352, 351, 353, -1,
      344, 354, 331, -1,
      331, 354, 355, -1,
      331, 355, 329, -1,
      356, 357, 174, -1,
      174, 357, 358, -1,
      174, 358, 175, -1,
      175, 358, 359, -1,
      175, 359, 190, -1,
      98, 279, 89, -1,
      89, 279, 281, -1,
      89, 281, 106, -1,
      106, 281, 360, -1,
      106, 360, 160, -1,
      160, 360, 361, -1,
      160, 361, 163, -1,
      163, 361, 190, -1,
      163, 190, 362, -1,
      362, 190, 359, -1,
      270, 269, 218, -1,
      218, 269, 287, -1,
      218, 287, 214, -1,
      214, 287, 291, -1,
      214, 291, 271, -1,
      271, 291, 301, -1,
      271, 301, 63, -1,
      194, 191, 192, -1,
      192, 191, 190, -1,
      192, 190, 301, -1,
      301, 190, 361, -1,
      301, 361, 63, -1,
      63, 361, 360, -1,
      63, 360, 61, -1,
      61, 360, 281, -1,
      61, 281, 363, -1,
      363, 281, 283, -1,
      363, 283, 364, -1,
      267, 241, 265, -1,
      265, 241, 243, -1,
      265, 243, 269, -1,
      269, 243, 365, -1,
      269, 365, 204, -1,
      204, 365, 366, -1,
      204, 366, 206, -1,
      367, 368, 369, -1,
      369, 368, 370, -1,
      369, 370, 371, -1,
      371, 370, 372, -1,
      371, 372, 373, -1,
      373, 372, 374, -1,
      373, 374, 375, -1,
      375, 374, 376, -1,
      375, 376, 377, -1,
      377, 376, 378, -1,
      377, 378, 379, -1,
      379, 378, 380, -1,
      379, 380, 381, -1,
      381, 380, 382, -1,
      381, 382, 383, -1,
      383, 382, 384, -1,
      383, 384, 385, -1,
      385, 384, 386, -1,
      385, 386, 387, -1,
      387, 386, 388, -1,
      387, 388, 389, -1,
      390, 391, 392, -1,
      392, 391, 393, -1,
      392, 393, 394, -1,
      394, 393, 395, -1,
      394, 395, 396, -1,
      396, 395, 397, -1,
      396, 397, 398, -1,
      398, 397, 399, -1,
      398, 399, 400, -1,
      400, 399, 401, -1,
      400, 401, 402, -1,
      402, 401, 403, -1,
      402, 403, 404, -1,
      404, 403, 405, -1,
      404, 405, 406, -1,
      406, 405, 407, -1,
      406, 407, 408, -1,
      408, 407, 409, -1,
      408, 409, 410, -1,
      410, 409, 411, -1,
      410, 411, 367, -1,
      367, 411, 412, -1,
      367, 412, 368, -1,
      413, 414, 415, -1,
      415, 414, 416, -1,
      415, 416, 417, -1,
      417, 416, 418, -1,
      417, 418, 419, -1,
      419, 418, 420, -1,
      419, 420, 421, -1,
      421, 420, 422, -1,
      421, 422, 423, -1,
      423, 422, 424, -1,
      423, 424, 425, -1,
      425, 424, 426, -1,
      425, 426, 427, -1,
      427, 426, 428, -1,
      427, 428, 429, -1,
      429, 428, 430, -1,
      429, 430, 431, -1,
      431, 430, 432, -1,
      431, 432, 433, -1,
      433, 432, 434, -1,
      433, 434, 390, -1,
      390, 434, 435, -1,
      390, 435, 391, -1,
      436, 437, 438, -1,
      438, 437, 439, -1,
      438, 439, 440, -1,
      440, 439, 441, -1,
      440, 441, 442, -1,
      442, 441, 443, -1,
      442, 443, 444, -1,
      444, 443, 445, -1,
      444, 445, 446, -1,
      446, 445, 447, -1,
      446, 447, 448, -1,
      448, 447, 449, -1,
      448, 449, 450, -1,
      450, 449, 451, -1,
      450, 451, 452, -1,
      452, 451, 453, -1,
      452, 453, 454, -1,
      454, 453, 455, -1,
      454, 455, 456, -1,
      456, 455, 457, -1,
      456, 457, 413, -1,
      413, 457, 458, -1,
      413, 458, 414, -1,
      459, 460, 461, -1,
      461, 460, 462, -1,
      461, 462, 463, -1,
      463, 462, 464, -1,
      463, 464, 465, -1,
      465, 464, 466, -1,
      465, 466, 467, -1,
      467, 466, 468, -1,
      467, 468, 436, -1,
      436, 468, 469, -1,
      436, 469, 437, -1,
      470, 471, 472, -1,
      472, 471, 473, -1,
      472, 473, 474, -1,
      474, 473, 475, -1,
      474, 475, 476, -1,
      476, 475, 477, -1,
      476, 477, 478, -1,
      478, 477, 479, -1,
      478, 479, 480, -1,
      480, 479, 459, -1,
      480, 459, 481, -1,
      481, 459, 461, -1,
      482, 483, 484, -1,
      484, 483, 485, -1,
      484, 485, 486, -1,
      486, 485, 487, -1,
      486, 487, 488, -1,
      488, 487, 489, -1,
      488, 489, 490, -1,
      490, 489, 491, -1,
      490, 491, 470, -1,
      470, 491, 492, -1,
      470, 492, 471, -1,
      493, 494, 495, -1,
      495, 494, 496, -1,
      495, 496, 497, -1,
      497, 496, 498, -1,
      497, 498, 499, -1,
      499, 498, 500, -1,
      499, 500, 501, -1,
      501, 500, 502, -1,
      501, 502, 503, -1,
      503, 502, 482, -1,
      503, 482, 504, -1,
      504, 482, 484, -1,
      505, 506, 507, -1,
      507, 506, 508, -1,
      507, 508, 509, -1,
      509, 508, 510, -1,
      509, 510, 511, -1,
      511, 510, 512, -1,
      511, 512, 513, -1,
      513, 512, 514, -1,
      513, 514, 493, -1,
      493, 514, 515, -1,
      493, 515, 494, -1,
      516, 517, 518, -1,
      518, 517, 519, -1,
      518, 519, 520, -1,
      520, 519, 521, -1,
      520, 521, 522, -1,
      522, 521, 523, -1,
      522, 523, 524, -1,
      524, 523, 525, -1,
      524, 525, 526, -1,
      526, 525, 505, -1,
      526, 505, 527, -1,
      527, 505, 507, -1,
      528, 529, 530, -1,
      530, 529, 531, -1,
      530, 531, 532, -1,
      532, 531, 533, -1,
      532, 533, 534, -1,
      534, 533, 535, -1,
      534, 535, 536, -1,
      536, 535, 537, -1,
      536, 537, 516, -1,
      516, 537, 538, -1,
      516, 538, 517, -1,
      539, 540, 541, -1,
      541, 540, 542, -1,
      541, 542, 543, -1,
      543, 542, 544, -1,
      543, 544, 545, -1,
      545, 544, 546, -1,
      545, 546, 547, -1,
      547, 546, 548, -1,
      547, 548, 549, -1,
      549, 548, 528, -1,
      549, 528, 550, -1,
      550, 528, 530, -1,
      551, 552, 553, -1,
      553, 552, 554, -1,
      553, 554, 555, -1,
      555, 554, 556, -1,
      555, 556, 557, -1,
      557, 556, 558, -1,
      557, 558, 559, -1,
      559, 558, 560, -1,
      559, 560, 539, -1,
      539, 560, 561, -1,
      539, 561, 540, -1,
      388, 562, 389, -1,
      389, 562, 563, -1,
      389, 563, 564, -1,
      564, 563, 565, -1,
      564, 565, 566, -1,
      566, 565, 567, -1,
      566, 567, 568, -1,
      568, 567, 569, -1,
      568, 569, 570, -1,
      570, 569, 571, -1,
      570, 571, 572, -1,
      572, 571, 551, -1,
      572, 551, 573, -1,
      573, 551, 553, -1,
      574, 575, 576, -1,
      577, 578, 579, -1,
      580, 581, 582, -1,
      583, 584, 585, -1,
      586, 587, 588, -1,
      589, 590, 591, -1,
      592, 593, 594, -1,
      595, 596, 597, -1,
      598, 599, 600, -1,
      601, 602, 603, -1,
      604, 605, 606, -1,
      607, 608, 609, -1,
      610, 611, 612, -1,
      613, 614, 615, -1,
      616, 617, 618, -1,
      619, 620, 621, -1,
      622, 623, 624, -1,
      625, 626, 627, -1,
      628, 629, 630, -1,
      631, 632, 633, -1,
      634, 635, 636, -1,
      637, 638, 639, -1,
      640, 641, 642, -1,
      643, 644, 645, -1,
      646, 647, 648, -1,
      649, 650, 651, -1,
      652, 653, 654, -1,
      655, 656, 657, -1,
      658, 659, 660, -1,
      661, 662, 663, -1,
      664, 665, 666, -1,
      667, 668, 669, -1,
      670, 671, 672, -1,
      673, 674, 675, -1,
      676, 677, 678, -1,
      679, 680, 681, -1,
      682, 683, 684, -1,
      685, 686, 687, -1,
      688, 689, 690, -1,
      691, 692, 693, -1,
      694, 695, 696, -1,
      697, 698, 699, -1,
      700, 701, 702, -1,
      703, 704, 705, -1,
      706, 707, 708, -1,
      709, 710, 711, -1,
      712, 713, 714, -1,
      715, 716, 717, -1,
      718, 719, 720, -1,
      721, 722, 723, -1,
      724, 725, 726, -1,
      727, 728, 729, -1,
      730, 731, 732, -1,
      733, 734, 735, -1,
      736, 737, 738, -1,
      739, 740, 741, -1,
      742, 743, 744, -1,
      745, 746, 747, -1,
      748, 749, 750, -1,
      751, 752, 753, -1,
      754, 755, 756, -1,
      757, 758, 759, -1,
      760, 761, 762, -1,
      763, 764, 765, -1,
      765, 764, 766, -1,
      765, 766, 767, -1,
      767, 766, 768, -1,
      767, 768, 769, -1,
      769, 768, 770, -1,
      769, 770, 771, -1,
      771, 770, 772, -1,
      771, 772, 773, -1,
      773, 772, 774, -1,
      773, 774, 775, -1,
      775, 774, 776, -1,
      775, 776, 777, -1,
      777, 776, 778, -1,
      777, 778, 762, -1,
      762, 778, 576, -1,
      762, 576, 760, -1,
      760, 576, 575, -1,
      779, 763, 780, -1,
      780, 763, 765, -1,
      780, 765, 781, -1,
      781, 765, 767, -1,
      781, 767, 782, -1,
      782, 767, 769, -1,
      782, 769, 783, -1,
      783, 769, 771, -1,
      783, 771, 784, -1,
      784, 771, 773, -1,
      784, 773, 785, -1,
      785, 773, 775, -1,
      785, 775, 786, -1,
      786, 775, 777, -1,
      786, 777, 759, -1,
      759, 777, 762, -1,
      759, 762, 757, -1,
      757, 762, 761, -1,
      787, 779, 788, -1,
      788, 779, 780, -1,
      788, 780, 789, -1,
      789, 780, 781, -1,
      789, 781, 790, -1,
      790, 781, 782, -1,
      790, 782, 791, -1,
      791, 782, 783, -1,
      791, 783, 792, -1,
      792, 783, 784, -1,
      792, 784, 793, -1,
      793, 784, 785, -1,
      793, 785, 794, -1,
      794, 785, 786, -1,
      794, 786, 756, -1,
      756, 786, 759, -1,
      756, 759, 754, -1,
      754, 759, 758, -1,
      795, 787, 796, -1,
      796, 787, 788, -1,
      796, 788, 797, -1,
      797, 788, 789, -1,
      797, 789, 798, -1,
      798, 789, 790, -1,
      798, 790, 799, -1,
      799, 790, 791, -1,
      799, 791, 800, -1,
      800, 791, 792, -1,
      800, 792, 801, -1,
      801, 792, 793, -1,
      801, 793, 802, -1,
      802, 793, 794, -1,
      802, 794, 753, -1,
      753, 794, 756, -1,
      753, 756, 751, -1,
      751, 756, 755, -1,
      803, 795, 804, -1,
      804, 795, 796, -1,
      804, 796, 805, -1,
      805, 796, 797, -1,
      805, 797, 806, -1,
      806, 797, 798, -1,
      806, 798, 807, -1,
      807, 798, 799, -1,
      807, 799, 808, -1,
      808, 799, 800, -1,
      808, 800, 809, -1,
      809, 800, 801, -1,
      809, 801, 810, -1,
      810, 801, 802, -1,
      810, 802, 750, -1,
      750, 802, 753, -1,
      750, 753, 748, -1,
      748, 753, 752, -1,
      811, 803, 812, -1,
      812, 803, 804, -1,
      812, 804, 813, -1,
      813, 804, 805, -1,
      813, 805, 814, -1,
      814, 805, 806, -1,
      814, 806, 815, -1,
      815, 806, 807, -1,
      815, 807, 816, -1,
      816, 807, 808, -1,
      816, 808, 817, -1,
      817, 808, 809, -1,
      817, 809, 818, -1,
      818, 809, 810, -1,
      818, 810, 747, -1,
      747, 810, 750, -1,
      747, 750, 745, -1,
      745, 750, 749, -1,
      819, 811, 820, -1,
      820, 811, 812, -1,
      820, 812, 821, -1,
      821, 812, 813, -1,
      821, 813, 822, -1,
      822, 813, 814, -1,
      822, 814, 823, -1,
      823, 814, 815, -1,
      823, 815, 824, -1,
      824, 815, 816, -1,
      824, 816, 825, -1,
      825, 816, 817, -1,
      825, 817, 826, -1,
      826, 817, 818, -1,
      826, 818, 744, -1,
      744, 818, 747, -1,
      744, 747, 742, -1,
      742, 747, 746, -1,
      827, 819, 828, -1,
      828, 819, 820, -1,
      828, 820, 829, -1,
      829, 820, 821, -1,
      829, 821, 830, -1,
      830, 821, 822, -1,
      830, 822, 831, -1,
      831, 822, 823, -1,
      831, 823, 832, -1,
      832, 823, 824, -1,
      832, 824, 833, -1,
      833, 824, 825, -1,
      833, 825, 834, -1,
      834, 825, 826, -1,
      834, 826, 741, -1,
      741, 826, 744, -1,
      741, 744, 739, -1,
      739, 744, 743, -1,
      835, 827, 836, -1,
      836, 827, 828, -1,
      836, 828, 837, -1,
      837, 828, 829, -1,
      837, 829, 838, -1,
      838, 829, 830, -1,
      838, 830, 839, -1,
      839, 830, 831, -1,
      839, 831, 840, -1,
      840, 831, 832, -1,
      840, 832, 841, -1,
      841, 832, 833, -1,
      841, 833, 842, -1,
      842, 833, 834, -1,
      842, 834, 738, -1,
      738, 834, 741, -1,
      738, 741, 736, -1,
      736, 741, 740, -1,
      843, 835, 844, -1,
      844, 835, 836, -1,
      844, 836, 845, -1,
      845, 836, 837, -1,
      845, 837, 846, -1,
      846, 837, 838, -1,
      846, 838, 847, -1,
      847, 838, 839, -1,
      847, 839, 848, -1,
      848, 839, 840, -1,
      848, 840, 849, -1,
      849, 840, 841, -1,
      849, 841, 850, -1,
      850, 841, 842, -1,
      850, 842, 735, -1,
      735, 842, 738, -1,
      735, 738, 733, -1,
      733, 738, 737, -1,
      851, 843, 852, -1,
      852, 843, 844, -1,
      852, 844, 853, -1,
      853, 844, 845, -1,
      853, 845, 854, -1,
      854, 845, 846, -1,
      854, 846, 855, -1,
      855, 846, 847, -1,
      855, 847, 856, -1,
      856, 847, 848, -1,
      856, 848, 857, -1,
      857, 848, 849, -1,
      857, 849, 858, -1,
      858, 849, 850, -1,
      858, 850, 732, -1,
      732, 850, 735, -1,
      732, 735, 730, -1,
      730, 735, 734, -1,
      859, 851, 860, -1,
      860, 851, 852, -1,
      860, 852, 861, -1,
      861, 852, 853, -1,
      861, 853, 862, -1,
      862, 853, 854, -1,
      862, 854, 863, -1,
      863, 854, 855, -1,
      863, 855, 864, -1,
      864, 855, 856, -1,
      864, 856, 865, -1,
      865, 856, 857, -1,
      865, 857, 866, -1,
      866, 857, 858, -1,
      866, 858, 729, -1,
      729, 858, 732, -1,
      729, 732, 727, -1,
      727, 732, 731, -1,
      867, 859, 868, -1,
      868, 859, 860, -1,
      868, 860, 869, -1,
      869, 860, 861, -1,
      869, 861, 870, -1,
      870, 861, 862, -1,
      870, 862, 871, -1,
      871, 862, 863, -1,
      871, 863, 872, -1,
      872, 863, 864, -1,
      872, 864, 873, -1,
      873, 864, 865, -1,
      873, 865, 874, -1,
      874, 865, 866, -1,
      874, 866, 726, -1,
      726, 866, 729, -1,
      726, 729, 724, -1,
      724, 729, 728, -1,
      875, 867, 876, -1,
      876, 867, 868, -1,
      876, 868, 877, -1,
      877, 868, 869, -1,
      877, 869, 878, -1,
      878, 869, 870, -1,
      878, 870, 879, -1,
      879, 870, 871, -1,
      879, 871, 880, -1,
      880, 871, 872, -1,
      880, 872, 881, -1,
      881, 872, 873, -1,
      881, 873, 882, -1,
      882, 873, 874, -1,
      882, 874, 723, -1,
      723, 874, 726, -1,
      723, 726, 721, -1,
      721, 726, 725, -1,
      883, 875, 884, -1,
      884, 875, 876, -1,
      884, 876, 885, -1,
      885, 876, 877, -1,
      885, 877, 886, -1,
      886, 877, 878, -1,
      886, 878, 887, -1,
      887, 878, 879, -1,
      887, 879, 888, -1,
      888, 879, 880, -1,
      888, 880, 889, -1,
      889, 880, 881, -1,
      889, 881, 890, -1,
      890, 881, 882, -1,
      890, 882, 720, -1,
      720, 882, 723, -1,
      720, 723, 718, -1,
      718, 723, 722, -1,
      891, 883, 892, -1,
      892, 883, 884, -1,
      892, 884, 893, -1,
      893, 884, 885, -1,
      893, 885, 894, -1,
      894, 885, 886, -1,
      894, 886, 895, -1,
      895, 886, 887, -1,
      895, 887, 896, -1,
      896, 887, 888, -1,
      896, 888, 897, -1,
      897, 888, 889, -1,
      897, 889, 898, -1,
      898, 889, 890, -1,
      898, 890, 717, -1,
      717, 890, 720, -1,
      717, 720, 715, -1,
      715, 720, 719, -1,
      899, 891, 900, -1,
      900, 891, 892, -1,
      900, 892, 901, -1,
      901, 892, 893, -1,
      901, 893, 902, -1,
      902, 893, 894, -1,
      902, 894, 903, -1,
      903, 894, 895, -1,
      903, 895, 904, -1,
      904, 895, 896, -1,
      904, 896, 905, -1,
      905, 896, 897, -1,
      905, 897, 906, -1,
      906, 897, 898, -1,
      906, 898, 714, -1,
      714, 898, 717, -1,
      714, 717, 712, -1,
      712, 717, 716, -1,
      907, 899, 908, -1,
      908, 899, 900, -1,
      908, 900, 909, -1,
      909, 900, 901, -1,
      909, 901, 910, -1,
      910, 901, 902, -1,
      910, 902, 911, -1,
      911, 902, 903, -1,
      911, 903, 912, -1,
      912, 903, 904, -1,
      912, 904, 913, -1,
      913, 904, 905, -1,
      913, 905, 914, -1,
      914, 905, 906, -1,
      914, 906, 711, -1,
      711, 906, 714, -1,
      711, 714, 709, -1,
      709, 714, 713, -1,
      915, 907, 916, -1,
      916, 907, 908, -1,
      916, 908, 917, -1,
      917, 908, 909, -1,
      917, 909, 918, -1,
      918, 909, 910, -1,
      918, 910, 919, -1,
      919, 910, 911, -1,
      919, 911, 920, -1,
      920, 911, 912, -1,
      920, 912, 921, -1,
      921, 912, 913, -1,
      921, 913, 922, -1,
      922, 913, 914, -1,
      922, 914, 708, -1,
      708, 914, 711, -1,
      708, 711, 706, -1,
      706, 711, 710, -1,
      923, 915, 924, -1,
      924, 915, 916, -1,
      924, 916, 925, -1,
      925, 916, 917, -1,
      925, 917, 926, -1,
      926, 917, 918, -1,
      926, 918, 927, -1,
      927, 918, 919, -1,
      927, 919, 928, -1,
      928, 919, 920, -1,
      928, 920, 929, -1,
      929, 920, 921, -1,
      929, 921, 930, -1,
      930, 921, 922, -1,
      930, 922, 705, -1,
      705, 922, 708, -1,
      705, 708, 703, -1,
      703, 708, 707, -1,
      931, 923, 932, -1,
      932, 923, 924, -1,
      932, 924, 933, -1,
      933, 924, 925, -1,
      933, 925, 934, -1,
      934, 925, 926, -1,
      934, 926, 935, -1,
      935, 926, 927, -1,
      935, 927, 936, -1,
      936, 927, 928, -1,
      936, 928, 937, -1,
      937, 928, 929, -1,
      937, 929, 938, -1,
      938, 929, 930, -1,
      938, 930, 702, -1,
      702, 930, 705, -1,
      702, 705, 700, -1,
      700, 705, 704, -1,
      939, 931, 940, -1,
      940, 931, 932, -1,
      940, 932, 941, -1,
      941, 932, 933, -1,
      941, 933, 942, -1,
      942, 933, 934, -1,
      942, 934, 943, -1,
      943, 934, 935, -1,
      943, 935, 944, -1,
      944, 935, 936, -1,
      944, 936, 945, -1,
      945, 936, 937, -1,
      945, 937, 946, -1,
      946, 937, 938, -1,
      946, 938, 699, -1,
      699, 938, 702, -1,
      699, 702, 697, -1,
      697, 702, 701, -1,
      947, 939, 948, -1,
      948, 939, 940, -1,
      948, 940, 949, -1,
      949, 940, 941, -1,
      949, 941, 950, -1,
      950, 941, 942, -1,
      950, 942, 951, -1,
      951, 942, 943, -1,
      951, 943, 952, -1,
      952, 943, 944, -1,
      952, 944, 953, -1,
      953, 944, 945, -1,
      953, 945, 954, -1,
      954, 945, 946, -1,
      954, 946, 696, -1,
      696, 946, 699, -1,
      696, 699, 694, -1,
      694, 699, 698, -1,
      955, 947, 956, -1,
      956, 947, 948, -1,
      956, 948, 957, -1,
      957, 948, 949, -1,
      957, 949, 958, -1,
      958, 949, 950, -1,
      958, 950, 959, -1,
      959, 950, 951, -1,
      959, 951, 960, -1,
      960, 951, 952, -1,
      960, 952, 961, -1,
      961, 952, 953, -1,
      961, 953, 962, -1,
      962, 953, 954, -1,
      962, 954, 693, -1,
      693, 954, 696, -1,
      693, 696, 691, -1,
      691, 696, 695, -1,
      963, 955, 964, -1,
      964, 955, 956, -1,
      964, 956, 965, -1,
      965, 956, 957, -1,
      965, 957, 966, -1,
      966, 957, 958, -1,
      966, 958, 967, -1,
      967, 958, 959, -1,
      967, 959, 968, -1,
      968, 959, 960, -1,
      968, 960, 969, -1,
      969, 960, 961, -1,
      969, 961, 970, -1,
      970, 961, 962, -1,
      970, 962, 690, -1,
      690, 962, 693, -1,
      690, 693, 688, -1,
      688, 693, 692, -1,
      971, 963, 972, -1,
      972, 963, 964, -1,
      972, 964, 973, -1,
      973, 964, 965, -1,
      973, 965, 974, -1,
      974, 965, 966, -1,
      974, 966, 975, -1,
      975, 966, 967, -1,
      975, 967, 976, -1,
      976, 967, 968, -1,
      976, 968, 977, -1,
      977, 968, 969, -1,
      977, 969, 978, -1,
      978, 969, 970, -1,
      978, 970, 687, -1,
      687, 970, 690, -1,
      687, 690, 685, -1,
      685, 690, 689, -1,
      979, 971, 980, -1,
      980, 971, 972, -1,
      980, 972, 981, -1,
      981, 972, 973, -1,
      981, 973, 982, -1,
      982, 973, 974, -1,
      982, 974, 983, -1,
      983, 974, 975, -1,
      983, 975, 984, -1,
      984, 975, 976, -1,
      984, 976, 985, -1,
      985, 976, 977, -1,
      985, 977, 986, -1,
      986, 977, 978, -1,
      986, 978, 684, -1,
      684, 978, 687, -1,
      684, 687, 682, -1,
      682, 687, 686, -1,
      987, 979, 988, -1,
      988, 979, 980, -1,
      988, 980, 989, -1,
      989, 980, 981, -1,
      989, 981, 990, -1,
      990, 981, 982, -1,
      990, 982, 991, -1,
      991, 982, 983, -1,
      991, 983, 992, -1,
      992, 983, 984, -1,
      992, 984, 993, -1,
      993, 984, 985, -1,
      993, 985, 994, -1,
      994, 985, 986, -1,
      994, 986, 681, -1,
      681, 986, 684, -1,
      681, 684, 679, -1,
      679, 684, 683, -1,
      995, 987, 996, -1,
      996, 987, 988, -1,
      996, 988, 997, -1,
      997, 988, 989, -1,
      997, 989, 998, -1,
      998, 989, 990, -1,
      998, 990, 999, -1,
      999, 990, 991, -1,
      999, 991, 1000, -1,
      1000, 991, 992, -1,
      1000, 992, 1001, -1,
      1001, 992, 993, -1,
      1001, 993, 1002, -1,
      1002, 993, 994, -1,
      1002, 994, 678, -1,
      678, 994, 681, -1,
      678, 681, 676, -1,
      676, 681, 680, -1,
      1003, 995, 1004, -1,
      1004, 995, 996, -1,
      1004, 996, 1005, -1,
      1005, 996, 997, -1,
      1005, 997, 1006, -1,
      1006, 997, 998, -1,
      1006, 998, 1007, -1,
      1007, 998, 999, -1,
      1007, 999, 1008, -1,
      1008, 999, 1000, -1,
      1008, 1000, 1009, -1,
      1009, 1000, 1001, -1,
      1009, 1001, 1010, -1,
      1010, 1001, 1002, -1,
      1010, 1002, 675, -1,
      675, 1002, 678, -1,
      675, 678, 673, -1,
      673, 678, 677, -1,
      1011, 1003, 1012, -1,
      1012, 1003, 1004, -1,
      1012, 1004, 1013, -1,
      1013, 1004, 1005, -1,
      1013, 1005, 1014, -1,
      1014, 1005, 1006, -1,
      1014, 1006, 1015, -1,
      1015, 1006, 1007, -1,
      1015, 1007, 1016, -1,
      1016, 1007, 1008, -1,
      1016, 1008, 1017, -1,
      1017, 1008, 1009, -1,
      1017, 1009, 1018, -1,
      1018, 1009, 1010, -1,
      1018, 1010, 672, -1,
      672, 1010, 675, -1,
      672, 675, 670, -1,
      670, 675, 674, -1,
      1019, 1011, 1020, -1,
      1020, 1011, 1012, -1,
      1020, 1012, 1021, -1,
      1021, 1012, 1013, -1,
      1021, 1013, 1022, -1,
      1022, 1013, 1014, -1,
      1022, 1014, 1023, -1,
      1023, 1014, 1015, -1,
      1023, 1015, 1024, -1,
      1024, 1015, 1016, -1,
      1024, 1016, 1025, -1,
      1025, 1016, 1017, -1,
      1025, 1017, 1026, -1,
      1026, 1017, 1018, -1,
      1026, 1018, 669, -1,
      669, 1018, 672, -1,
      669, 672, 667, -1,
      667, 672, 671, -1,
      1027, 1019, 1028, -1,
      1028, 1019, 1020, -1,
      1028, 1020, 1029, -1,
      1029, 1020, 1021, -1,
      1029, 1021, 1030, -1,
      1030, 1021, 1022, -1,
      1030, 1022, 1031, -1,
      1031, 1022, 1023, -1,
      1031, 1023, 1032, -1,
      1032, 1023, 1024, -1,
      1032, 1024, 1033, -1,
      1033, 1024, 1025, -1,
      1033, 1025, 1034, -1,
      1034, 1025, 1026, -1,
      1034, 1026, 666, -1,
      666, 1026, 669, -1,
      666, 669, 664, -1,
      664, 669, 668, -1,
      1035, 1027, 1036, -1,
      1036, 1027, 1028, -1,
      1036, 1028, 1037, -1,
      1037, 1028, 1029, -1,
      1037, 1029, 1038, -1,
      1038, 1029, 1030, -1,
      1038, 1030, 1039, -1,
      1039, 1030, 1031, -1,
      1039, 1031, 1040, -1,
      1040, 1031, 1032, -1,
      1040, 1032, 1041, -1,
      1041, 1032, 1033, -1,
      1041, 1033, 1042, -1,
      1042, 1033, 1034, -1,
      1042, 1034, 663, -1,
      663, 1034, 666, -1,
      663, 666, 661, -1,
      661, 666, 665, -1,
      1043, 1035, 1044, -1,
      1044, 1035, 1036, -1,
      1044, 1036, 1045, -1,
      1045, 1036, 1037, -1,
      1045, 1037, 1046, -1,
      1046, 1037, 1038, -1,
      1046, 1038, 1047, -1,
      1047, 1038, 1039, -1,
      1047, 1039, 1048, -1,
      1048, 1039, 1040, -1,
      1048, 1040, 1049, -1,
      1049, 1040, 1041, -1,
      1049, 1041, 1050, -1,
      1050, 1041, 1042, -1,
      1050, 1042, 660, -1,
      660, 1042, 663, -1,
      660, 663, 658, -1,
      658, 663, 662, -1,
      1051, 1043, 1052, -1,
      1052, 1043, 1044, -1,
      1052, 1044, 1053, -1,
      1053, 1044, 1045, -1,
      1053, 1045, 1054, -1,
      1054, 1045, 1046, -1,
      1054, 1046, 1055, -1,
      1055, 1046, 1047, -1,
      1055, 1047, 1056, -1,
      1056, 1047, 1048, -1,
      1056, 1048, 1057, -1,
      1057, 1048, 1049, -1,
      1057, 1049, 1058, -1,
      1058, 1049, 1050, -1,
      1058, 1050, 657, -1,
      657, 1050, 660, -1,
      657, 660, 655, -1,
      655, 660, 659, -1,
      1059, 1051, 1060, -1,
      1060, 1051, 1052, -1,
      1060, 1052, 1061, -1,
      1061, 1052, 1053, -1,
      1061, 1053, 1062, -1,
      1062, 1053, 1054, -1,
      1062, 1054, 1063, -1,
      1063, 1054, 1055, -1,
      1063, 1055, 1064, -1,
      1064, 1055, 1056, -1,
      1064, 1056, 1065, -1,
      1065, 1056, 1057, -1,
      1065, 1057, 1066, -1,
      1066, 1057, 1058, -1,
      1066, 1058, 654, -1,
      654, 1058, 657, -1,
      654, 657, 652, -1,
      652, 657, 656, -1,
      1067, 1059, 1068, -1,
      1068, 1059, 1060, -1,
      1068, 1060, 1069, -1,
      1069, 1060, 1061, -1,
      1069, 1061, 1070, -1,
      1070, 1061, 1062, -1,
      1070, 1062, 1071, -1,
      1071, 1062, 1063, -1,
      1071, 1063, 1072, -1,
      1072, 1063, 1064, -1,
      1072, 1064, 1073, -1,
      1073, 1064, 1065, -1,
      1073, 1065, 1074, -1,
      1074, 1065, 1066, -1,
      1074, 1066, 651, -1,
      651, 1066, 654, -1,
      651, 654, 649, -1,
      649, 654, 653, -1,
      1075, 1067, 1076, -1,
      1076, 1067, 1068, -1,
      1076, 1068, 1077, -1,
      1077, 1068, 1069, -1,
      1077, 1069, 1078, -1,
      1078, 1069, 1070, -1,
      1078, 1070, 1079, -1,
      1079, 1070, 1071, -1,
      1079, 1071, 1080, -1,
      1080, 1071, 1072, -1,
      1080, 1072, 1081, -1,
      1081, 1072, 1073, -1,
      1081, 1073, 1082, -1,
      1082, 1073, 1074, -1,
      1082, 1074, 648, -1,
      648, 1074, 651, -1,
      648, 651, 646, -1,
      646, 651, 650, -1,
      1083, 1075, 1084, -1,
      1084, 1075, 1076, -1,
      1084, 1076, 1085, -1,
      1085, 1076, 1077, -1,
      1085, 1077, 1086, -1,
      1086, 1077, 1078, -1,
      1086, 1078, 1087, -1,
      1087, 1078, 1079, -1,
      1087, 1079, 1088, -1,
      1088, 1079, 1080, -1,
      1088, 1080, 1089, -1,
      1089, 1080, 1081, -1,
      1089, 1081, 1090, -1,
      1090, 1081, 1082, -1,
      1090, 1082, 645, -1,
      645, 1082, 648, -1,
      645, 648, 643, -1,
      643, 648, 647, -1,
      1091, 1083, 1092, -1,
      1092, 1083, 1084, -1,
      1092, 1084, 1093, -1,
      1093, 1084, 1085, -1,
      1093, 1085, 1094, -1,
      1094, 1085, 1086, -1,
      1094, 1086, 1095, -1,
      1095, 1086, 1087, -1,
      1095, 1087, 1096, -1,
      1096, 1087, 1088, -1,
      1096, 1088, 1097, -1,
      1097, 1088, 1089, -1,
      1097, 1089, 1098, -1,
      1098, 1089, 1090, -1,
      1098, 1090, 642, -1,
      642, 1090, 645, -1,
      642, 645, 640, -1,
      640, 645, 644, -1,
      1099, 1091, 1100, -1,
      1100, 1091, 1092, -1,
      1100, 1092, 1101, -1,
      1101, 1092, 1093, -1,
      1101, 1093, 1102, -1,
      1102, 1093, 1094, -1,
      1102, 1094, 1103, -1,
      1103, 1094, 1095, -1,
      1103, 1095, 1104, -1,
      1104, 1095, 1096, -1,
      1104, 1096, 1105, -1,
      1105, 1096, 1097, -1,
      1105, 1097, 1106, -1,
      1106, 1097, 1098, -1,
      1106, 1098, 639, -1,
      639, 1098, 642, -1,
      639, 642, 637, -1,
      637, 642, 641, -1,
      1107, 1099, 1108, -1,
      1108, 1099, 1100, -1,
      1108, 1100, 1109, -1,
      1109, 1100, 1101, -1,
      1109, 1101, 1110, -1,
      1110, 1101, 1102, -1,
      1110, 1102, 1111, -1,
      1111, 1102, 1103, -1,
      1111, 1103, 1112, -1,
      1112, 1103, 1104, -1,
      1112, 1104, 1113, -1,
      1113, 1104, 1105, -1,
      1113, 1105, 1114, -1,
      1114, 1105, 1106, -1,
      1114, 1106, 636, -1,
      636, 1106, 639, -1,
      636, 639, 634, -1,
      634, 639, 638, -1,
      1115, 1107, 1116, -1,
      1116, 1107, 1108, -1,
      1116, 1108, 1117, -1,
      1117, 1108, 1109, -1,
      1117, 1109, 1118, -1,
      1118, 1109, 1110, -1,
      1118, 1110, 1119, -1,
      1119, 1110, 1111, -1,
      1119, 1111, 1120, -1,
      1120, 1111, 1112, -1,
      1120, 1112, 1121, -1,
      1121, 1112, 1113, -1,
      1121, 1113, 1122, -1,
      1122, 1113, 1114, -1,
      1122, 1114, 633, -1,
      633, 1114, 636, -1,
      633, 636, 631, -1,
      631, 636, 635, -1,
      1123, 1115, 1124, -1,
      1124, 1115, 1116, -1,
      1124, 1116, 1125, -1,
      1125, 1116, 1117, -1,
      1125, 1117, 1126, -1,
      1126, 1117, 1118, -1,
      1126, 1118, 1127, -1,
      1127, 1118, 1119, -1,
      1127, 1119, 1128, -1,
      1128, 1119, 1120, -1,
      1128, 1120, 1129, -1,
      1129, 1120, 1121, -1,
      1129, 1121, 1130, -1,
      1130, 1121, 1122, -1,
      1130, 1122, 630, -1,
      630, 1122, 633, -1,
      630, 633, 628, -1,
      628, 633, 632, -1,
      1131, 1123, 1132, -1,
      1132, 1123, 1124, -1,
      1132, 1124, 1133, -1,
      1133, 1124, 1125, -1,
      1133, 1125, 1134, -1,
      1134, 1125, 1126, -1,
      1134, 1126, 1135, -1,
      1135, 1126, 1127, -1,
      1135, 1127, 1136, -1,
      1136, 1127, 1128, -1,
      1136, 1128, 1137, -1,
      1137, 1128, 1129, -1,
      1137, 1129, 1138, -1,
      1138, 1129, 1130, -1,
      1138, 1130, 627, -1,
      627, 1130, 630, -1,
      627, 630, 625, -1,
      625, 630, 629, -1,
      1139, 1131, 1140, -1,
      1140, 1131, 1132, -1,
      1140, 1132, 1141, -1,
      1141, 1132, 1133, -1,
      1141, 1133, 1142, -1,
      1142, 1133, 1134, -1,
      1142, 1134, 1143, -1,
      1143, 1134, 1135, -1,
      1143, 1135, 1144, -1,
      1144, 1135, 1136, -1,
      1144, 1136, 1145, -1,
      1145, 1136, 1137, -1,
      1145, 1137, 1146, -1,
      1146, 1137, 1138, -1,
      1146, 1138, 624, -1,
      624, 1138, 627, -1,
      624, 627, 622, -1,
      622, 627, 626, -1,
      1147, 1139, 1148, -1,
      1148, 1139, 1140, -1,
      1148, 1140, 1149, -1,
      1149, 1140, 1141, -1,
      1149, 1141, 1150, -1,
      1150, 1141, 1142, -1,
      1150, 1142, 1151, -1,
      1151, 1142, 1143, -1,
      1151, 1143, 1152, -1,
      1152, 1143, 1144, -1,
      1152, 1144, 1153, -1,
      1153, 1144, 1145, -1,
      1153, 1145, 1154, -1,
      1154, 1145, 1146, -1,
      1154, 1146, 621, -1,
      621, 1146, 624, -1,
      621, 624, 619, -1,
      619, 624, 623, -1,
      1155, 1147, 1156, -1,
      1156, 1147, 1148, -1,
      1156, 1148, 1157, -1,
      1157, 1148, 1149, -1,
      1157, 1149, 1158, -1,
      1158, 1149, 1150, -1,
      1158, 1150, 1159, -1,
      1159, 1150, 1151, -1,
      1159, 1151, 1160, -1,
      1160, 1151, 1152, -1,
      1160, 1152, 1161, -1,
      1161, 1152, 1153, -1,
      1161, 1153, 1162, -1,
      1162, 1153, 1154, -1,
      1162, 1154, 618, -1,
      618, 1154, 621, -1,
      618, 621, 616, -1,
      616, 621, 620, -1,
      1163, 1155, 1164, -1,
      1164, 1155, 1156, -1,
      1164, 1156, 1165, -1,
      1165, 1156, 1157, -1,
      1165, 1157, 1166, -1,
      1166, 1157, 1158, -1,
      1166, 1158, 1167, -1,
      1167, 1158, 1159, -1,
      1167, 1159, 1168, -1,
      1168, 1159, 1160, -1,
      1168, 1160, 1169, -1,
      1169, 1160, 1161, -1,
      1169, 1161, 1170, -1,
      1170, 1161, 1162, -1,
      1170, 1162, 615, -1,
      615, 1162, 618, -1,
      615, 618, 613, -1,
      613, 618, 617, -1,
      1171, 1163, 1172, -1,
      1172, 1163, 1164, -1,
      1172, 1164, 1173, -1,
      1173, 1164, 1165, -1,
      1173, 1165, 1174, -1,
      1174, 1165, 1166, -1,
      1174, 1166, 1175, -1,
      1175, 1166, 1167, -1,
      1175, 1167, 1176, -1,
      1176, 1167, 1168, -1,
      1176, 1168, 1177, -1,
      1177, 1168, 1169, -1,
      1177, 1169, 1178, -1,
      1178, 1169, 1170, -1,
      1178, 1170, 612, -1,
      612, 1170, 615, -1,
      612, 615, 610, -1,
      610, 615, 614, -1,
      1179, 1171, 1180, -1,
      1180, 1171, 1172, -1,
      1180, 1172, 1181, -1,
      1181, 1172, 1173, -1,
      1181, 1173, 1182, -1,
      1182, 1173, 1174, -1,
      1182, 1174, 1183, -1,
      1183, 1174, 1175, -1,
      1183, 1175, 1184, -1,
      1184, 1175, 1176, -1,
      1184, 1176, 1185, -1,
      1185, 1176, 1177, -1,
      1185, 1177, 1186, -1,
      1186, 1177, 1178, -1,
      1186, 1178, 609, -1,
      609, 1178, 612, -1,
      609, 612, 607, -1,
      607, 612, 611, -1,
      1187, 1179, 1188, -1,
      1188, 1179, 1180, -1,
      1188, 1180, 1189, -1,
      1189, 1180, 1181, -1,
      1189, 1181, 1190, -1,
      1190, 1181, 1182, -1,
      1190, 1182, 1191, -1,
      1191, 1182, 1183, -1,
      1191, 1183, 1192, -1,
      1192, 1183, 1184, -1,
      1192, 1184, 1193, -1,
      1193, 1184, 1185, -1,
      1193, 1185, 1194, -1,
      1194, 1185, 1186, -1,
      1194, 1186, 606, -1,
      606, 1186, 609, -1,
      606, 609, 604, -1,
      604, 609, 608, -1,
      1195, 1187, 1196, -1,
      1196, 1187, 1188, -1,
      1196, 1188, 1197, -1,
      1197, 1188, 1189, -1,
      1197, 1189, 1198, -1,
      1198, 1189, 1190, -1,
      1198, 1190, 1199, -1,
      1199, 1190, 1191, -1,
      1199, 1191, 1200, -1,
      1200, 1191, 1192, -1,
      1200, 1192, 1201, -1,
      1201, 1192, 1193, -1,
      1201, 1193, 1202, -1,
      1202, 1193, 1194, -1,
      1202, 1194, 603, -1,
      603, 1194, 606, -1,
      603, 606, 601, -1,
      601, 606, 605, -1,
      1203, 1195, 1204, -1,
      1204, 1195, 1196, -1,
      1204, 1196, 1205, -1,
      1205, 1196, 1197, -1,
      1205, 1197, 1206, -1,
      1206, 1197, 1198, -1,
      1206, 1198, 1207, -1,
      1207, 1198, 1199, -1,
      1207, 1199, 1208, -1,
      1208, 1199, 1200, -1,
      1208, 1200, 1209, -1,
      1209, 1200, 1201, -1,
      1209, 1201, 1210, -1,
      1210, 1201, 1202, -1,
      1210, 1202, 600, -1,
      600, 1202, 603, -1,
      600, 603, 598, -1,
      598, 603, 602, -1,
      1211, 1203, 1212, -1,
      1212, 1203, 1204, -1,
      1212, 1204, 1213, -1,
      1213, 1204, 1205, -1,
      1213, 1205, 1214, -1,
      1214, 1205, 1206, -1,
      1214, 1206, 1215, -1,
      1215, 1206, 1207, -1,
      1215, 1207, 1216, -1,
      1216, 1207, 1208, -1,
      1216, 1208, 1217, -1,
      1217, 1208, 1209, -1,
      1217, 1209, 1218, -1,
      1218, 1209, 1210, -1,
      1218, 1210, 597, -1,
      597, 1210, 600, -1,
      597, 600, 595, -1,
      595, 600, 599, -1,
      1219, 1211, 1220, -1,
      1220, 1211, 1212, -1,
      1220, 1212, 1221, -1,
      1221, 1212, 1213, -1,
      1221, 1213, 1222, -1,
      1222, 1213, 1214, -1,
      1222, 1214, 1223, -1,
      1223, 1214, 1215, -1,
      1223, 1215, 1224, -1,
      1224, 1215, 1216, -1,
      1224, 1216, 1225, -1,
      1225, 1216, 1217, -1,
      1225, 1217, 1226, -1,
      1226, 1217, 1218, -1,
      1226, 1218, 594, -1,
      594, 1218, 597, -1,
      594, 597, 592, -1,
      592, 597, 596, -1,
      1227, 1219, 1228, -1,
      1228, 1219, 1220, -1,
      1228, 1220, 1229, -1,
      1229, 1220, 1221, -1,
      1229, 1221, 1230, -1,
      1230, 1221, 1222, -1,
      1230, 1222, 1231, -1,
      1231, 1222, 1223, -1,
      1231, 1223, 1232, -1,
      1232, 1223, 1224, -1,
      1232, 1224, 1233, -1,
      1233, 1224, 1225, -1,
      1233, 1225, 1234, -1,
      1234, 1225, 1226, -1,
      1234, 1226, 591, -1,
      591, 1226, 594, -1,
      591, 594, 589, -1,
      589, 594, 593, -1,
      1235, 1227, 1236, -1,
      1236, 1227, 1228, -1,
      1236, 1228, 1237, -1,
      1237, 1228, 1229, -1,
      1237, 1229, 1238, -1,
      1238, 1229, 1230, -1,
      1238, 1230, 1239, -1,
      1239, 1230, 1231, -1,
      1239, 1231, 1240, -1,
      1240, 1231, 1232, -1,
      1240, 1232, 1241, -1,
      1241, 1232, 1233, -1,
      1241, 1233, 1242, -1,
      1242, 1233, 1234, -1,
      1242, 1234, 588, -1,
      588, 1234, 591, -1,
      588, 591, 586, -1,
      586, 591, 590, -1,
      1243, 1235, 1244, -1,
      1244, 1235, 1236, -1,
      1244, 1236, 1245, -1,
      1245, 1236, 1237, -1,
      1245, 1237, 1246, -1,
      1246, 1237, 1238, -1,
      1246, 1238, 1247, -1,
      1247, 1238, 1239, -1,
      1247, 1239, 1248, -1,
      1248, 1239, 1240, -1,
      1248, 1240, 1249, -1,
      1249, 1240, 1241, -1,
      1249, 1241, 1250, -1,
      1250, 1241, 1242, -1,
      1250, 1242, 585, -1,
      585, 1242, 588, -1,
      585, 588, 583, -1,
      583, 588, 587, -1,
      1251, 1243, 1252, -1,
      1252, 1243, 1244, -1,
      1252, 1244, 1253, -1,
      1253, 1244, 1245, -1,
      1253, 1245, 1254, -1,
      1254, 1245, 1246, -1,
      1254, 1246, 1255, -1,
      1255, 1246, 1247, -1,
      1255, 1247, 1256, -1,
      1256, 1247, 1248, -1,
      1256, 1248, 1257, -1,
      1257, 1248, 1249, -1,
      1257, 1249, 1258, -1,
      1258, 1249, 1250, -1,
      1258, 1250, 582, -1,
      582, 1250, 585, -1,
      582, 585, 580, -1,
      580, 585, 584, -1,
      1259, 1251, 1260, -1,
      1260, 1251, 1252, -1,
      1260, 1252, 1261, -1,
      1261, 1252, 1253, -1,
      1261, 1253, 1262, -1,
      1262, 1253, 1254, -1,
      1262, 1254, 1263, -1,
      1263, 1254, 1255, -1,
      1263, 1255, 1264, -1,
      1264, 1255, 1256, -1,
      1264, 1256, 1265, -1,
      1265, 1256, 1257, -1,
      1265, 1257, 1266, -1,
      1266, 1257, 1258, -1,
      1266, 1258, 579, -1,
      579, 1258, 582, -1,
      579, 582, 577, -1,
      577, 582, 581, -1,
      764, 1259, 766, -1,
      766, 1259, 1260, -1,
      766, 1260, 768, -1,
      768, 1260, 1261, -1,
      768, 1261, 770, -1,
      770, 1261, 1262, -1,
      770, 1262, 772, -1,
      772, 1262, 1263, -1,
      772, 1263, 774, -1,
      774, 1263, 1264, -1,
      774, 1264, 776, -1,
      776, 1264, 1265, -1,
      776, 1265, 778, -1,
      778, 1265, 1266, -1,
      778, 1266, 576, -1,
      576, 1266, 579, -1,
      576, 579, 574, -1,
      574, 579, 578, -1,
      1267, 1268, 1269, -1,
      1269, 1268, 1270, -1,
      1269, 1270, 1271, -1,
      1271, 1270, 1272, -1,
      1271, 1272, 1273, -1,
      1273, 1272, 1274, -1,
      1273, 1274, 1275, -1,
      1275, 1274, 1276, -1,
      1275, 1276, 1277, -1,
      1277, 1276, 1278, -1,
      1277, 1278, 1279, -1,
      1279, 1278, 1280, -1,
      1279, 1280, 1281, -1,
      1281, 1280, 1282, -1,
      1281, 1282, 1283, -1,
      1283, 1282, 1284, -1,
      1283, 1284, 1285, -1,
      1285, 1284, 1286, -1,
      1285, 1286, 1287, -1,
      1287, 1286, 1288, -1,
      1287, 1288, 1289, -1,
      1289, 1288, 1290, -1,
      1289, 1290, 1291, -1,
      1291, 1290, 1292, -1,
      1291, 1292, 1293, -1,
      1293, 1292, 1294, -1,
      1293, 1294, 1295, -1,
      1295, 1294, 1296, -1,
      1295, 1296, 1297, -1,
      1298, 1299, 1300, -1,
      1300, 1299, 1301, -1,
      1300, 1301, 1302, -1,
      1302, 1301, 1303, -1,
      1302, 1303, 1304, -1,
      1304, 1303, 1305, -1,
      1304, 1305, 1306, -1,
      1306, 1305, 1307, -1,
      1306, 1307, 1308, -1,
      1308, 1307, 1309, -1,
      1308, 1309, 1310, -1,
      1310, 1309, 1311, -1,
      1310, 1311, 1312, -1,
      1312, 1311, 1313, -1,
      1312, 1313, 1314, -1,
      1314, 1313, 1315, -1,
      1314, 1315, 1316, -1,
      1316, 1315, 1317, -1,
      1316, 1317, 1318, -1,
      1318, 1317, 1319, -1,
      1318, 1319, 1320, -1,
      1320, 1319, 1321, -1,
      1320, 1321, 1322, -1,
      1322, 1321, 1323, -1,
      1322, 1323, 1324, -1,
      1324, 1323, 1325, -1,
      1324, 1325, 1326, -1,
      1326, 1325, 1327, -1,
      1326, 1327, 1267, -1,
      1267, 1327, 1328, -1,
      1267, 1328, 1268, -1,
      1329, 1330, 1331, -1,
      1331, 1330, 1332, -1,
      1331, 1332, 1333, -1,
      1333, 1332, 1334, -1,
      1333, 1334, 1335, -1,
      1335, 1334, 1336, -1,
      1335, 1336, 1337, -1,
      1337, 1336, 1338, -1,
      1337, 1338, 1339, -1,
      1339, 1338, 1340, -1,
      1339, 1340, 1341, -1,
      1341, 1340, 1342, -1,
      1341, 1342, 1343, -1,
      1343, 1342, 1344, -1,
      1343, 1344, 1345, -1,
      1345, 1344, 1346, -1,
      1345, 1346, 1347, -1,
      1347, 1346, 1348, -1,
      1347, 1348, 1349, -1,
      1349, 1348, 1350, -1,
      1349, 1350, 1351, -1,
      1351, 1350, 1352, -1,
      1351, 1352, 1353, -1,
      1353, 1352, 1354, -1,
      1353, 1354, 1355, -1,
      1355, 1354, 1356, -1,
      1355, 1356, 1357, -1,
      1357, 1356, 1358, -1,
      1357, 1358, 1298, -1,
      1298, 1358, 1359, -1,
      1298, 1359, 1299, -1,
      1296, 1360, 1297, -1,
      1297, 1360, 1361, -1,
      1297, 1361, 1362, -1,
      1362, 1361, 1363, -1,
      1362, 1363, 1364, -1,
      1364, 1363, 1365, -1,
      1364, 1365, 1366, -1,
      1366, 1365, 1367, -1,
      1366, 1367, 1368, -1,
      1368, 1367, 1369, -1,
      1368, 1369, 1370, -1,
      1370, 1369, 1371, -1,
      1370, 1371, 1372, -1,
      1372, 1371, 1373, -1,
      1372, 1373, 1374, -1,
      1374, 1373, 1375, -1,
      1374, 1375, 1376, -1,
      1376, 1375, 1377, -1,
      1376, 1377, 1378, -1,
      1378, 1377, 1379, -1,
      1378, 1379, 1380, -1,
      1380, 1379, 1381, -1,
      1380, 1381, 1382, -1,
      1382, 1381, 1383, -1,
      1382, 1383, 1384, -1,
      1384, 1383, 1385, -1,
      1384, 1385, 1386, -1,
      1386, 1385, 1387, -1,
      1386, 1387, 1329, -1,
      1329, 1387, 1388, -1,
      1329, 1388, 1330, -1,
      1389, 1390, 1391, -1,
      1391, 1390, 1392, -1,
      1391, 1392, 1393, -1,
      1393, 1392, 1394, -1,
      1393, 1394, 1395, -1,
      1395, 1394, 1396, -1,
      1395, 1396, 1397, -1,
      1397, 1396, 1398, -1,
      1397, 1398, 1399, -1,
      1399, 1398, 1400, -1,
      1399, 1400, 1401, -1,
      1401, 1400, 1402, -1,
      1401, 1402, 1403, -1,
      1403, 1402, 1404, -1,
      1403, 1404, 1405, -1,
      1405, 1404, 1406, -1,
      1405, 1406, 1407, -1,
      1407, 1406, 1408, -1,
      1407, 1408, 1409, -1,
      1409, 1408, 1410, -1,
      1409, 1410, 1411, -1,
      1411, 1410, 1412, -1,
      1411, 1412, 1413, -1,
      1413, 1412, 1414, -1,
      1413, 1414, 1415, -1,
      1415, 1414, 1416, -1,
      1415, 1416, 1417, -1,
      1417, 1416, 1418, -1,
      1417, 1418, 1419, -1,
      1419, 1418, 1420, -1,
      1419, 1420, 1421, -1,
      1421, 1420, 1422, -1,
      1421, 1422, 1423, -1,
      1423, 1422, 1424, -1,
      1423, 1424, 1425, -1,
      1425, 1424, 1426, -1,
      1425, 1426, 1427, -1,
      1427, 1426, 1428, -1,
      1427, 1428, 1429, -1,
      1429, 1428, 1430, -1,
      1429, 1430, 1431, -1,
      1431, 1430, 1432, -1,
      1431, 1432, 1433, -1,
      1433, 1432, 1434, -1,
      1433, 1434, 1435, -1,
      1435, 1434, 1436, -1,
      1435, 1436, 1437, -1,
      1437, 1436, 1438, -1,
      1437, 1438, 1439, -1,
      1439, 1438, 1440, -1,
      1439, 1440, 1441, -1,
      1441, 1440, 1442, -1,
      1441, 1442, 1443, -1,
      1443, 1442, 1444, -1,
      1443, 1444, 1445, -1,
      1445, 1444, 1446, -1,
      1445, 1446, 1447, -1,
      1447, 1446, 1448, -1,
      1447, 1448, 1449, -1,
      1449, 1448, 1450, -1,
      1449, 1450, 1451, -1,
      1451, 1450, 1452, -1,
      1451, 1452, 1453, -1,
      1453, 1452, 1454, -1,
      1453, 1454, 1455, -1,
      1455, 1454, 1456, -1,
      1455, 1456, 1457, -1,
      1457, 1456, 1458, -1,
      1457, 1458, 1459, -1,
      1459, 1458, 1460, -1,
      1459, 1460, 1461, -1,
      1461, 1460, 1462, -1,
      1461, 1462, 1463, -1,
      1463, 1462, 1464, -1,
      1463, 1464, 1465, -1,
      1465, 1464, 1466, -1,
      1465, 1466, 1467, -1,
      1467, 1466, 1468, -1,
      1467, 1468, 1469, -1,
      1469, 1468, 1470, -1,
      1469, 1470, 1471, -1,
      1471, 1470, 1472, -1,
      1471, 1472, 1473, -1,
      1473, 1472, 1474, -1,
      1473, 1474, 1475, -1,
      1475, 1474, 1476, -1,
      1475, 1476, 1477, -1,
      1477, 1476, 1478, -1,
      1477, 1478, 1479, -1,
      1479, 1478, 1480, -1,
      1479, 1480, 1481, -1,
      1481, 1480, 1482, -1,
      1481, 1482, 1483, -1,
      1483, 1482, 1484, -1,
      1483, 1484, 1485, -1,
      1485, 1484, 1486, -1,
      1485, 1486, 1487, -1,
      1487, 1486, 1488, -1,
      1487, 1488, 1489, -1,
      1489, 1488, 1490, -1,
      1489, 1490, 1491, -1,
      1491, 1490, 1492, -1,
      1491, 1492, 1493, -1,
      1493, 1492, 1494, -1,
      1493, 1494, 1495, -1,
      1495, 1494, 1496, -1,
      1495, 1496, 1497, -1,
      1497, 1496, 1498, -1,
      1497, 1498, 1499, -1,
      1499, 1498, 1500, -1,
      1499, 1500, 1501, -1,
      1501, 1500, 1502, -1,
      1501, 1502, 1503, -1,
      1503, 1502, 1504, -1,
      1503, 1504, 1505, -1,
      1505, 1504, 1506, -1,
      1505, 1506, 1507, -1,
      1507, 1506, 1508, -1,
      1507, 1508, 1509, -1,
      1509, 1508, 1510, -1,
      1509, 1510, 1511, -1,
      1511, 1510, 1512, -1,
      1511, 1512, 1513, -1,
      1513, 1512, 1514, -1,
      1513, 1514, 1515, -1,
      1515, 1514, 1516, -1,
      1515, 1516, 1517, -1,
      1517, 1516, 1518, -1,
      1517, 1518, 1519, -1,
      1519, 1518, 1520, -1,
      1519, 1520, 1521, -1,
      1521, 1520, 1522, -1,
      1521, 1522, 1523, -1,
      1523, 1522, 1524, -1,
      1523, 1524, 1525, -1,
      1525, 1524, 1526, -1,
      1525, 1526, 1527, -1,
      1527, 1526, 1528, -1,
      1527, 1528, 1529, -1,
      1529, 1528, 1530, -1,
      1529, 1530, 1531, -1,
      1531, 1530, 1532, -1,
      1531, 1532, 1533, -1,
      1533, 1532, 1534, -1,
      1533, 1534, 1535, -1,
      1535, 1534, 1536, -1,
      1535, 1536, 1537, -1,
      1537, 1536, 1538, -1,
      1537, 1538, 1539, -1,
      1539, 1538, 1540, -1,
      1539, 1540, 1541, -1,
      1541, 1540, 1542, -1,
      1541, 1542, 1543, -1,
      1543, 1542, 1544, -1,
      1543, 1544, 1545, -1,
      1545, 1544, 1546, -1,
      1545, 1546, 1547, -1,
      1547, 1546, 1548, -1,
      1547, 1548, 1549, -1,
      1549, 1548, 1550, -1,
      1549, 1550, 1551, -1,
      1551, 1550, 1552, -1,
      1551, 1552, 1553, -1,
      1553, 1552, 1554, -1,
      1553, 1554, 1555, -1,
      1555, 1554, 1556, -1,
      1555, 1556, 1557, -1,
      1557, 1556, 1558, -1,
      1557, 1558, 1559, -1,
      1559, 1558, 1560, -1,
      1559, 1560, 1561, -1,
      1561, 1560, 1562, -1,
      1561, 1562, 1563, -1,
      1563, 1562, 1564, -1,
      1563, 1564, 1565, -1,
      1565, 1564, 1566, -1,
      1565, 1566, 1567, -1,
      1567, 1566, 1568, -1,
      1567, 1568, 1569, -1,
      1569, 1568, 1570, -1,
      1569, 1570, 1571, -1,
      1571, 1570, 1572, -1,
      1571, 1572, 1573, -1,
      1573, 1572, 1574, -1,
      1573, 1574, 1575, -1,
      1575, 1574, 1576, -1,
      1575, 1576, 1577, -1,
      1577, 1576, 1578, -1,
      1577, 1578, 1579, -1,
      1579, 1578, 1580, -1,
      1579, 1580, 1581, -1,
      1581, 1580, 1582, -1,
      1581, 1582, 1583, -1,
      1583, 1582, 1584, -1,
      1583, 1584, 1585, -1,
      1585, 1584, 1586, -1,
      1585, 1586, 1587, -1,
      1587, 1586, 1588, -1,
      1587, 1588, 1589, -1,
      1589, 1588, 1590, -1,
      1589, 1590, 1591, -1,
      1591, 1590, 1592, -1,
      1591, 1592, 1593, -1,
      1593, 1592, 1594, -1,
      1593, 1594, 1595, -1,
      1595, 1594, 1596, -1,
      1595, 1596, 1597, -1,
      1597, 1596, 1598, -1,
      1597, 1598, 1599, -1,
      1599, 1598, 1600, -1,
      1599, 1600, 1601, -1,
      1601, 1600, 1602, -1,
      1601, 1602, 1603, -1,
      1603, 1602, 1604, -1,
      1603, 1604, 1389, -1,
      1389, 1604, 1390, -1,
      479, 477, 1605, -1,
      473, 471, 1606, -1,
      492, 491, 1607, -1,
      483, 482, 1608, -1,
      496, 494, 1609, -1,
      515, 514, 1610, -1,
      506, 505, 1611, -1,
      519, 517, 1612, -1,
      538, 537, 1613, -1,
      529, 528, 1614, -1,
      542, 540, 1615, -1,
      561, 560, 1616, -1,
      552, 551, 1617, -1,
      565, 563, 1618, -1,
      562, 388, 1619, -1,
      380, 378, 1620, -1,
      370, 368, 1621, -1,
      412, 411, 1622, -1,
      403, 401, 1623, -1,
      393, 391, 1624, -1,
      435, 434, 1625, -1,
      426, 424, 1626, -1,
      416, 414, 1627, -1,
      458, 457, 1628, -1,
      449, 447, 1629, -1,
      439, 437, 1630, -1,
      469, 468, 1631, -1,
      90, 137, 1632, -1,
      86, 84, 1633, -1,
      78, 77, 1634, -1,
      70, 72, 1635, -1,
      1636, 1637, 1638, -1,
      1639, 1640, 1641, -1,
      1642, 1643, 1644, -1,
      1645, 1646, 1647, -1,
      1648, 1649, 1650, -1,
      1651, 1652, 1653, -1,
      1654, 1655, 1656, -1,
      1657, 1658, 1659, -1,
      206, 1660, 1661, -1,
      176, 188, 1662, -1,
      169, 167, 1663, -1,
      1664, 123, 111, -1,
      166, 177, 1665, -1,
      1665, 177, 1666, -1,
      1665, 1666, 1667, -1,
      176, 1662, 177, -1,
      189, 191, 1668, -1,
      1668, 191, 194, -1,
      1668, 194, 196, -1,
      198, 200, 1669, -1,
      1669, 200, 328, -1,
      1669, 328, 201, -1,
      206, 1661, 207, -1,
      1657, 1659, 1670, -1,
      1651, 1653, 1671, -1,
      1645, 1647, 1672, -1,
      1642, 1644, 1673, -1,
      1636, 1638, 1674, -1,
      1675, 88, 87, -1,
      279, 1676, 81, -1,
      81, 1676, 82, -1,
      90, 1632, 91, -1,
      167, 166, 1663, -1,
      1663, 166, 1665, -1,
      1663, 1665, 1677, -1,
      1677, 1665, 1667, -1,
      1677, 1667, 1678, -1,
      111, 169, 1664, -1,
      1664, 169, 1663, -1,
      1664, 1663, 1679, -1,
      1679, 1663, 1677, -1,
      1679, 1677, 1680, -1,
      1680, 1677, 1678, -1,
      1680, 1678, 1681, -1,
      138, 123, 1682, -1,
      1682, 123, 1664, -1,
      1682, 1664, 1683, -1,
      1683, 1664, 1679, -1,
      1683, 1679, 1684, -1,
      1684, 1679, 1680, -1,
      1684, 1680, 1685, -1,
      1685, 1680, 1681, -1,
      1685, 1681, 1605, -1,
      1686, 1687, 1688, -1,
      1631, 1689, 1690, -1,
      1690, 1689, 1691, -1,
      1690, 1691, 1692, -1,
      1692, 1691, 1693, -1,
      1692, 1693, 1694, -1,
      180, 179, 1695, -1,
      1695, 179, 1696, -1,
      1695, 1696, 1697, -1,
      1697, 1696, 1698, -1,
      1697, 1698, 1699, -1,
      1699, 1698, 1700, -1,
      1699, 1700, 1701, -1,
      1701, 1700, 1702, -1,
      1701, 1702, 1703, -1,
      1703, 1702, 1629, -1,
      186, 185, 1704, -1,
      1704, 185, 1705, -1,
      1704, 1705, 1706, -1,
      1706, 1705, 1707, -1,
      1706, 1707, 1708, -1,
      1708, 1707, 1709, -1,
      1708, 1709, 1710, -1,
      1710, 1709, 1711, -1,
      1710, 1711, 1712, -1,
      1712, 1711, 1628, -1,
      182, 181, 1713, -1,
      1713, 181, 1714, -1,
      1713, 1714, 1715, -1,
      1715, 1714, 1716, -1,
      1715, 1716, 1717, -1,
      1717, 1716, 1718, -1,
      1717, 1718, 1719, -1,
      1719, 1718, 1720, -1,
      1719, 1720, 1721, -1,
      1721, 1720, 1626, -1,
      1625, 1722, 1723, -1,
      1723, 1722, 1724, -1,
      1723, 1724, 1725, -1,
      1725, 1724, 1726, -1,
      1725, 1726, 1727, -1,
      1727, 1726, 1728, -1,
      1727, 1728, 1669, -1,
      1669, 1728, 1729, -1,
      1669, 1729, 198, -1,
      1730, 1731, 1732, -1,
      1732, 1731, 1733, -1,
      1732, 1733, 1734, -1,
      1734, 1733, 1735, -1,
      1734, 1735, 1736, -1,
      1736, 1735, 1737, -1,
      1736, 1737, 1738, -1,
      1738, 1737, 1623, -1,
      1739, 1740, 1741, -1,
      1741, 1740, 1742, -1,
      1741, 1742, 1743, -1,
      1743, 1742, 1744, -1,
      1743, 1744, 1745, -1,
      1745, 1744, 1746, -1,
      1745, 1746, 1747, -1,
      1747, 1746, 1748, -1,
      1747, 1748, 1749, -1,
      1749, 1748, 1622, -1,
      1750, 1751, 1752, -1,
      1752, 1751, 1753, -1,
      1752, 1753, 1754, -1,
      1754, 1753, 1755, -1,
      1754, 1755, 1756, -1,
      1756, 1755, 1757, -1,
      1756, 1757, 1758, -1,
      1758, 1757, 1759, -1,
      1758, 1759, 1760, -1,
      1760, 1759, 1620, -1,
      1761, 1648, 1762, -1,
      1762, 1648, 1650, -1,
      1762, 1650, 1763, -1,
      1763, 1650, 1764, -1,
      1763, 1764, 1765, -1,
      1765, 1764, 1766, -1,
      1765, 1766, 1767, -1,
      1767, 1766, 1768, -1,
      1767, 1768, 1769, -1,
      1769, 1768, 1619, -1,
      1770, 1771, 1772, -1,
      1772, 1771, 1773, -1,
      1772, 1773, 1774, -1,
      1774, 1773, 1775, -1,
      1774, 1775, 1776, -1,
      1776, 1775, 1777, -1,
      1776, 1777, 1778, -1,
      1778, 1777, 1779, -1,
      1778, 1779, 1780, -1,
      1780, 1779, 1617, -1,
      1781, 1639, 1782, -1,
      1782, 1639, 1641, -1,
      1782, 1641, 1783, -1,
      1783, 1641, 1784, -1,
      1783, 1784, 1785, -1,
      1785, 1784, 1786, -1,
      1785, 1786, 1787, -1,
      1787, 1786, 1788, -1,
      1787, 1788, 1789, -1,
      1789, 1788, 1616, -1,
      1790, 70, 1791, -1,
      1791, 70, 1635, -1,
      1791, 1635, 1792, -1,
      1792, 1635, 1793, -1,
      1792, 1793, 1794, -1,
      1794, 1793, 1795, -1,
      1794, 1795, 1796, -1,
      1796, 1795, 1797, -1,
      1796, 1797, 1798, -1,
      1798, 1797, 1614, -1,
      75, 78, 1799, -1,
      1799, 78, 1634, -1,
      1799, 1634, 1800, -1,
      1800, 1634, 1801, -1,
      1800, 1801, 1802, -1,
      1802, 1801, 1803, -1,
      1802, 1803, 1804, -1,
      1804, 1803, 1805, -1,
      1804, 1805, 1806, -1,
      1806, 1805, 1613, -1,
      279, 98, 1676, -1,
      1676, 98, 1807, -1,
      1676, 1807, 1808, -1,
      1808, 1807, 1809, -1,
      1808, 1809, 1810, -1,
      1810, 1809, 1811, -1,
      1810, 1811, 1812, -1,
      1812, 1811, 1813, -1,
      1812, 1813, 1814, -1,
      1814, 1813, 1611, -1,
      1815, 1816, 1817, -1,
      1817, 1816, 1818, -1,
      1817, 1818, 1819, -1,
      1819, 1818, 1820, -1,
      1819, 1820, 1821, -1,
      1821, 1820, 1822, -1,
      1821, 1822, 1823, -1,
      1823, 1822, 1610, -1,
      1824, 1825, 1826, -1,
      1826, 1825, 1827, -1,
      1826, 1827, 1828, -1,
      1828, 1827, 1829, -1,
      1828, 1829, 1830, -1,
      1830, 1829, 1831, -1,
      1830, 1831, 1832, -1,
      1832, 1831, 1608, -1,
      1833, 1834, 1835, -1,
      1835, 1834, 1836, -1,
      1835, 1836, 1837, -1,
      1837, 1836, 1838, -1,
      1837, 1838, 1839, -1,
      1839, 1838, 1840, -1,
      1839, 1840, 1841, -1,
      1841, 1840, 1607, -1,
      459, 1688, 460, -1,
      460, 1688, 1687, -1,
      460, 1687, 462, -1,
      464, 462, 1689, -1,
      1689, 462, 1687, -1,
      1689, 1687, 1691, -1,
      1691, 1687, 1686, -1,
      1691, 1686, 1693, -1,
      1631, 468, 1689, -1,
      1689, 468, 466, -1,
      1689, 466, 464, -1,
      437, 469, 1630, -1,
      1630, 469, 1631, -1,
      1630, 1631, 1842, -1,
      1842, 1631, 1690, -1,
      1842, 1690, 1843, -1,
      1843, 1690, 1692, -1,
      1843, 1692, 1844, -1,
      1844, 1692, 1694, -1,
      1844, 1694, 1662, -1,
      441, 439, 1845, -1,
      1845, 439, 1630, -1,
      1845, 1630, 1846, -1,
      1846, 1630, 1842, -1,
      1846, 1842, 1847, -1,
      1847, 1842, 1843, -1,
      1847, 1843, 1848, -1,
      1848, 1843, 1844, -1,
      1848, 1844, 1849, -1,
      1849, 1844, 1662, -1,
      1849, 1662, 187, -1,
      187, 1662, 188, -1,
      187, 180, 1849, -1,
      1849, 180, 1695, -1,
      1849, 1695, 1848, -1,
      1848, 1695, 1697, -1,
      1848, 1697, 1847, -1,
      1847, 1697, 1699, -1,
      1847, 1699, 1846, -1,
      1846, 1699, 1701, -1,
      1846, 1701, 1845, -1,
      1845, 1701, 1703, -1,
      1845, 1703, 441, -1,
      441, 1703, 443, -1,
      1629, 447, 1703, -1,
      1703, 447, 445, -1,
      1703, 445, 443, -1,
      451, 449, 1850, -1,
      1850, 449, 1629, -1,
      1850, 1629, 1851, -1,
      1851, 1629, 1702, -1,
      1851, 1702, 1852, -1,
      1852, 1702, 1700, -1,
      1852, 1700, 1853, -1,
      1853, 1700, 1698, -1,
      1853, 1698, 1854, -1,
      1854, 1698, 1696, -1,
      1854, 1696, 178, -1,
      178, 1696, 179, -1,
      178, 186, 1854, -1,
      1854, 186, 1704, -1,
      1854, 1704, 1853, -1,
      1853, 1704, 1706, -1,
      1853, 1706, 1852, -1,
      1852, 1706, 1708, -1,
      1852, 1708, 1851, -1,
      1851, 1708, 1710, -1,
      1851, 1710, 1850, -1,
      1850, 1710, 1712, -1,
      1850, 1712, 451, -1,
      451, 1712, 453, -1,
      1628, 457, 1712, -1,
      1712, 457, 455, -1,
      1712, 455, 453, -1,
      185, 184, 1705, -1,
      1705, 184, 1855, -1,
      1705, 1855, 1707, -1,
      1707, 1855, 1856, -1,
      1707, 1856, 1709, -1,
      1709, 1856, 1857, -1,
      1709, 1857, 1711, -1,
      1711, 1857, 1858, -1,
      1711, 1858, 1628, -1,
      1628, 1858, 1627, -1,
      1628, 1627, 458, -1,
      458, 1627, 414, -1,
      418, 416, 1859, -1,
      1859, 416, 1627, -1,
      1859, 1627, 1860, -1,
      1860, 1627, 1858, -1,
      1860, 1858, 1861, -1,
      1861, 1858, 1857, -1,
      1861, 1857, 1862, -1,
      1862, 1857, 1856, -1,
      1862, 1856, 1863, -1,
      1863, 1856, 1855, -1,
      1863, 1855, 183, -1,
      183, 1855, 184, -1,
      183, 182, 1863, -1,
      1863, 182, 1713, -1,
      1863, 1713, 1862, -1,
      1862, 1713, 1715, -1,
      1862, 1715, 1861, -1,
      1861, 1715, 1717, -1,
      1861, 1717, 1860, -1,
      1860, 1717, 1719, -1,
      1860, 1719, 1859, -1,
      1859, 1719, 1721, -1,
      1859, 1721, 418, -1,
      418, 1721, 420, -1,
      1626, 424, 1721, -1,
      1721, 424, 422, -1,
      1721, 422, 420, -1,
      428, 426, 1864, -1,
      1864, 426, 1626, -1,
      1864, 1626, 1865, -1,
      1865, 1626, 1720, -1,
      1865, 1720, 1866, -1,
      1866, 1720, 1718, -1,
      1866, 1718, 1867, -1,
      1867, 1718, 1716, -1,
      1867, 1716, 1668, -1,
      1668, 1716, 1714, -1,
      1668, 1714, 189, -1,
      189, 1714, 181, -1,
      196, 198, 1668, -1,
      1668, 198, 1729, -1,
      1668, 1729, 1867, -1,
      1867, 1729, 1728, -1,
      1867, 1728, 1866, -1,
      1866, 1728, 1726, -1,
      1866, 1726, 1865, -1,
      1865, 1726, 1724, -1,
      1865, 1724, 1864, -1,
      1864, 1724, 1722, -1,
      1864, 1722, 428, -1,
      428, 1722, 430, -1,
      1625, 434, 1722, -1,
      1722, 434, 432, -1,
      1722, 432, 430, -1,
      201, 203, 1669, -1,
      1669, 203, 1868, -1,
      1669, 1868, 1727, -1,
      1727, 1868, 1869, -1,
      1727, 1869, 1725, -1,
      1725, 1869, 1870, -1,
      1725, 1870, 1723, -1,
      1723, 1870, 1871, -1,
      1723, 1871, 1625, -1,
      1625, 1871, 1624, -1,
      1625, 1624, 435, -1,
      435, 1624, 391, -1,
      395, 393, 1872, -1,
      1872, 393, 1624, -1,
      1872, 1624, 1873, -1,
      1873, 1624, 1871, -1,
      1873, 1871, 1874, -1,
      1874, 1871, 1870, -1,
      1874, 1870, 1875, -1,
      1875, 1870, 1869, -1,
      1875, 1869, 1876, -1,
      1876, 1869, 1868, -1,
      1876, 1868, 205, -1,
      205, 1868, 203, -1,
      1876, 1730, 1875, -1,
      1875, 1730, 1732, -1,
      1875, 1732, 1874, -1,
      1874, 1732, 1734, -1,
      1874, 1734, 1873, -1,
      1873, 1734, 1736, -1,
      1873, 1736, 1872, -1,
      1872, 1736, 1738, -1,
      1872, 1738, 395, -1,
      395, 1738, 397, -1,
      1623, 401, 1738, -1,
      1738, 401, 399, -1,
      1738, 399, 397, -1,
      405, 403, 1877, -1,
      1877, 403, 1623, -1,
      1877, 1623, 1878, -1,
      1878, 1623, 1737, -1,
      1878, 1737, 1879, -1,
      1879, 1737, 1735, -1,
      1879, 1735, 1880, -1,
      1880, 1735, 1733, -1,
      1880, 1733, 1661, -1,
      1661, 1733, 1731, -1,
      1661, 1731, 207, -1,
      207, 1731, 1730, -1,
      207, 1730, 208, -1,
      208, 1730, 1876, -1,
      208, 1876, 209, -1,
      209, 1876, 205, -1,
      1660, 1739, 1661, -1,
      1661, 1739, 1741, -1,
      1661, 1741, 1880, -1,
      1880, 1741, 1743, -1,
      1880, 1743, 1879, -1,
      1879, 1743, 1745, -1,
      1879, 1745, 1878, -1,
      1878, 1745, 1747, -1,
      1878, 1747, 1877, -1,
      1877, 1747, 1749, -1,
      1877, 1749, 405, -1,
      405, 1749, 407, -1,
      1622, 411, 1749, -1,
      1749, 411, 409, -1,
      1749, 409, 407, -1,
      1740, 1670, 1742, -1,
      1742, 1670, 1659, -1,
      1742, 1659, 1744, -1,
      1744, 1659, 1881, -1,
      1744, 1881, 1746, -1,
      1746, 1881, 1882, -1,
      1746, 1882, 1748, -1,
      1748, 1882, 1883, -1,
      1748, 1883, 1622, -1,
      1622, 1883, 1621, -1,
      1622, 1621, 412, -1,
      412, 1621, 368, -1,
      372, 370, 1884, -1,
      1884, 370, 1621, -1,
      1884, 1621, 1885, -1,
      1885, 1621, 1883, -1,
      1885, 1883, 1886, -1,
      1886, 1883, 1882, -1,
      1886, 1882, 1887, -1,
      1887, 1882, 1881, -1,
      1887, 1881, 1656, -1,
      1656, 1881, 1659, -1,
      1656, 1659, 1654, -1,
      1654, 1659, 1658, -1,
      1655, 1750, 1656, -1,
      1656, 1750, 1752, -1,
      1656, 1752, 1887, -1,
      1887, 1752, 1754, -1,
      1887, 1754, 1886, -1,
      1886, 1754, 1756, -1,
      1886, 1756, 1885, -1,
      1885, 1756, 1758, -1,
      1885, 1758, 1884, -1,
      1884, 1758, 1760, -1,
      1884, 1760, 372, -1,
      372, 1760, 374, -1,
      1620, 378, 1760, -1,
      1760, 378, 376, -1,
      1760, 376, 374, -1,
      382, 380, 1888, -1,
      1888, 380, 1620, -1,
      1888, 1620, 1889, -1,
      1889, 1620, 1759, -1,
      1889, 1759, 1890, -1,
      1890, 1759, 1757, -1,
      1890, 1757, 1891, -1,
      1891, 1757, 1755, -1,
      1891, 1755, 1653, -1,
      1653, 1755, 1753, -1,
      1653, 1753, 1671, -1,
      1671, 1753, 1751, -1,
      1652, 1761, 1653, -1,
      1653, 1761, 1762, -1,
      1653, 1762, 1891, -1,
      1891, 1762, 1763, -1,
      1891, 1763, 1890, -1,
      1890, 1763, 1765, -1,
      1890, 1765, 1889, -1,
      1889, 1765, 1767, -1,
      1889, 1767, 1888, -1,
      1888, 1767, 1769, -1,
      1888, 1769, 382, -1,
      382, 1769, 384, -1,
      1619, 388, 1769, -1,
      1769, 388, 386, -1,
      1769, 386, 384, -1,
      563, 562, 1618, -1,
      1618, 562, 1619, -1,
      1618, 1619, 1892, -1,
      1892, 1619, 1768, -1,
      1892, 1768, 1893, -1,
      1893, 1768, 1766, -1,
      1893, 1766, 1894, -1,
      1894, 1766, 1764, -1,
      1894, 1764, 1895, -1,
      1895, 1764, 1650, -1,
      1895, 1650, 1896, -1,
      1896, 1650, 1649, -1,
      567, 565, 1897, -1,
      1897, 565, 1618, -1,
      1897, 1618, 1898, -1,
      1898, 1618, 1892, -1,
      1898, 1892, 1899, -1,
      1899, 1892, 1893, -1,
      1899, 1893, 1900, -1,
      1900, 1893, 1894, -1,
      1900, 1894, 1647, -1,
      1647, 1894, 1895, -1,
      1647, 1895, 1672, -1,
      1672, 1895, 1896, -1,
      1646, 1770, 1647, -1,
      1647, 1770, 1772, -1,
      1647, 1772, 1900, -1,
      1900, 1772, 1774, -1,
      1900, 1774, 1899, -1,
      1899, 1774, 1776, -1,
      1899, 1776, 1898, -1,
      1898, 1776, 1778, -1,
      1898, 1778, 1897, -1,
      1897, 1778, 1780, -1,
      1897, 1780, 567, -1,
      567, 1780, 569, -1,
      1617, 551, 1780, -1,
      1780, 551, 571, -1,
      1780, 571, 569, -1,
      554, 552, 1901, -1,
      1901, 552, 1617, -1,
      1901, 1617, 1902, -1,
      1902, 1617, 1779, -1,
      1902, 1779, 1903, -1,
      1903, 1779, 1777, -1,
      1903, 1777, 1904, -1,
      1904, 1777, 1775, -1,
      1904, 1775, 1644, -1,
      1644, 1775, 1773, -1,
      1644, 1773, 1673, -1,
      1673, 1773, 1771, -1,
      1643, 1781, 1644, -1,
      1644, 1781, 1782, -1,
      1644, 1782, 1904, -1,
      1904, 1782, 1783, -1,
      1904, 1783, 1903, -1,
      1903, 1783, 1785, -1,
      1903, 1785, 1902, -1,
      1902, 1785, 1787, -1,
      1902, 1787, 1901, -1,
      1901, 1787, 1789, -1,
      1901, 1789, 554, -1,
      554, 1789, 556, -1,
      1616, 560, 1789, -1,
      1789, 560, 558, -1,
      1789, 558, 556, -1,
      540, 561, 1615, -1,
      1615, 561, 1616, -1,
      1615, 1616, 1905, -1,
      1905, 1616, 1788, -1,
      1905, 1788, 1906, -1,
      1906, 1788, 1786, -1,
      1906, 1786, 1907, -1,
      1907, 1786, 1784, -1,
      1907, 1784, 1908, -1,
      1908, 1784, 1641, -1,
      1908, 1641, 1909, -1,
      1909, 1641, 1640, -1,
      544, 542, 1910, -1,
      1910, 542, 1615, -1,
      1910, 1615, 1911, -1,
      1911, 1615, 1905, -1,
      1911, 1905, 1912, -1,
      1912, 1905, 1906, -1,
      1912, 1906, 1913, -1,
      1913, 1906, 1907, -1,
      1913, 1907, 1638, -1,
      1638, 1907, 1908, -1,
      1638, 1908, 1674, -1,
      1674, 1908, 1909, -1,
      1637, 1790, 1638, -1,
      1638, 1790, 1791, -1,
      1638, 1791, 1913, -1,
      1913, 1791, 1792, -1,
      1913, 1792, 1912, -1,
      1912, 1792, 1794, -1,
      1912, 1794, 1911, -1,
      1911, 1794, 1796, -1,
      1911, 1796, 1910, -1,
      1910, 1796, 1798, -1,
      1910, 1798, 544, -1,
      544, 1798, 546, -1,
      1614, 528, 1798, -1,
      1798, 528, 548, -1,
      1798, 548, 546, -1,
      531, 529, 1914, -1,
      1914, 529, 1614, -1,
      1914, 1614, 1915, -1,
      1915, 1614, 1797, -1,
      1915, 1797, 1916, -1,
      1916, 1797, 1795, -1,
      1916, 1795, 1917, -1,
      1917, 1795, 1793, -1,
      1917, 1793, 1918, -1,
      1918, 1793, 1635, -1,
      1918, 1635, 74, -1,
      74, 1635, 72, -1,
      74, 75, 1918, -1,
      1918, 75, 1799, -1,
      1918, 1799, 1917, -1,
      1917, 1799, 1800, -1,
      1917, 1800, 1916, -1,
      1916, 1800, 1802, -1,
      1916, 1802, 1915, -1,
      1915, 1802, 1804, -1,
      1915, 1804, 1914, -1,
      1914, 1804, 1806, -1,
      1914, 1806, 531, -1,
      531, 1806, 533, -1,
      1613, 537, 1806, -1,
      1806, 537, 535, -1,
      1806, 535, 533, -1,
      517, 538, 1612, -1,
      1612, 538, 1613, -1,
      1612, 1613, 1919, -1,
      1919, 1613, 1805, -1,
      1919, 1805, 1920, -1,
      1920, 1805, 1803, -1,
      1920, 1803, 1921, -1,
      1921, 1803, 1801, -1,
      1921, 1801, 1675, -1,
      1675, 1801, 1634, -1,
      1675, 1634, 88, -1,
      88, 1634, 77, -1,
      521, 519, 1922, -1,
      1922, 519, 1612, -1,
      1922, 1612, 1923, -1,
      1923, 1612, 1919, -1,
      1923, 1919, 1924, -1,
      1924, 1919, 1920, -1,
      1924, 1920, 1925, -1,
      1925, 1920, 1921, -1,
      1925, 1921, 1633, -1,
      1633, 1921, 1675, -1,
      1633, 1675, 86, -1,
      86, 1675, 87, -1,
      84, 82, 1633, -1,
      1633, 82, 1676, -1,
      1633, 1676, 1925, -1,
      1925, 1676, 1808, -1,
      1925, 1808, 1924, -1,
      1924, 1808, 1810, -1,
      1924, 1810, 1923, -1,
      1923, 1810, 1812, -1,
      1923, 1812, 1922, -1,
      1922, 1812, 1814, -1,
      1922, 1814, 521, -1,
      521, 1814, 523, -1,
      1611, 505, 1814, -1,
      1814, 505, 525, -1,
      1814, 525, 523, -1,
      508, 506, 1926, -1,
      1926, 506, 1611, -1,
      1926, 1611, 1927, -1,
      1927, 1611, 1813, -1,
      1927, 1813, 1928, -1,
      1928, 1813, 1811, -1,
      1928, 1811, 1929, -1,
      1929, 1811, 1809, -1,
      1929, 1809, 1930, -1,
      1930, 1809, 1807, -1,
      1930, 1815, 1929, -1,
      1929, 1815, 1817, -1,
      1929, 1817, 1928, -1,
      1928, 1817, 1819, -1,
      1928, 1819, 1927, -1,
      1927, 1819, 1821, -1,
      1927, 1821, 1926, -1,
      1926, 1821, 1823, -1,
      1926, 1823, 508, -1,
      508, 1823, 510, -1,
      1610, 514, 1823, -1,
      1823, 514, 512, -1,
      1823, 512, 510, -1,
      494, 515, 1609, -1,
      1609, 515, 1610, -1,
      1609, 1610, 1931, -1,
      1931, 1610, 1822, -1,
      1931, 1822, 1932, -1,
      1932, 1822, 1820, -1,
      1932, 1820, 1933, -1,
      1933, 1820, 1818, -1,
      1933, 1818, 1934, -1,
      1934, 1818, 1816, -1,
      498, 496, 1935, -1,
      1935, 496, 1609, -1,
      1935, 1609, 1936, -1,
      1936, 1609, 1931, -1,
      1936, 1931, 1937, -1,
      1937, 1931, 1932, -1,
      1937, 1932, 1938, -1,
      1938, 1932, 1933, -1,
      1938, 1933, 1939, -1,
      1939, 1933, 1934, -1,
      1939, 1824, 1938, -1,
      1938, 1824, 1826, -1,
      1938, 1826, 1937, -1,
      1937, 1826, 1828, -1,
      1937, 1828, 1936, -1,
      1936, 1828, 1830, -1,
      1936, 1830, 1935, -1,
      1935, 1830, 1832, -1,
      1935, 1832, 498, -1,
      498, 1832, 500, -1,
      1608, 482, 1832, -1,
      1832, 482, 502, -1,
      1832, 502, 500, -1,
      485, 483, 1940, -1,
      1940, 483, 1608, -1,
      1940, 1608, 1941, -1,
      1941, 1608, 1831, -1,
      1941, 1831, 1942, -1,
      1942, 1831, 1829, -1,
      1942, 1829, 1943, -1,
      1943, 1829, 1827, -1,
      1943, 1827, 1944, -1,
      1944, 1827, 1825, -1,
      1944, 1833, 1943, -1,
      1943, 1833, 1835, -1,
      1943, 1835, 1942, -1,
      1942, 1835, 1837, -1,
      1942, 1837, 1941, -1,
      1941, 1837, 1839, -1,
      1941, 1839, 1940, -1,
      1940, 1839, 1841, -1,
      1940, 1841, 485, -1,
      485, 1841, 487, -1,
      1607, 491, 1841, -1,
      1841, 491, 489, -1,
      1841, 489, 487, -1,
      1834, 1945, 1836, -1,
      1836, 1945, 1946, -1,
      1836, 1946, 1838, -1,
      1838, 1946, 1947, -1,
      1838, 1947, 1840, -1,
      1840, 1947, 1948, -1,
      1840, 1948, 1607, -1,
      1607, 1948, 1606, -1,
      1607, 1606, 492, -1,
      492, 1606, 471, -1,
      475, 473, 1949, -1,
      1949, 473, 1606, -1,
      1949, 1606, 1950, -1,
      1950, 1606, 1948, -1,
      1950, 1948, 1951, -1,
      1951, 1948, 1947, -1,
      1951, 1947, 1952, -1,
      1952, 1947, 1946, -1,
      1952, 1946, 1632, -1,
      1632, 1946, 1945, -1,
      1632, 1945, 91, -1,
      91, 1945, 1834, -1,
      91, 1834, 99, -1,
      99, 1834, 1833, -1,
      99, 1833, 100, -1,
      100, 1833, 1944, -1,
      100, 1944, 101, -1,
      101, 1944, 1825, -1,
      101, 1825, 102, -1,
      102, 1825, 1824, -1,
      102, 1824, 103, -1,
      103, 1824, 1939, -1,
      103, 1939, 92, -1,
      92, 1939, 1934, -1,
      92, 1934, 93, -1,
      93, 1934, 1816, -1,
      93, 1816, 94, -1,
      94, 1816, 1815, -1,
      94, 1815, 95, -1,
      95, 1815, 1930, -1,
      95, 1930, 96, -1,
      96, 1930, 1807, -1,
      96, 1807, 97, -1,
      97, 1807, 98, -1,
      137, 138, 1632, -1,
      1632, 138, 1682, -1,
      1632, 1682, 1952, -1,
      1952, 1682, 1683, -1,
      1952, 1683, 1951, -1,
      1951, 1683, 1684, -1,
      1951, 1684, 1950, -1,
      1950, 1684, 1685, -1,
      1950, 1685, 1949, -1,
      1949, 1685, 1605, -1,
      1949, 1605, 475, -1,
      475, 1605, 477, -1,
      177, 1662, 1666, -1,
      1666, 1662, 1694, -1,
      1666, 1694, 1667, -1,
      1667, 1694, 1693, -1,
      1667, 1693, 1678, -1,
      1678, 1693, 1686, -1,
      1678, 1686, 1681, -1,
      1681, 1686, 1688, -1,
      1681, 1688, 1605, -1,
      1605, 1688, 459, -1,
      1605, 459, 479, -1,
      1501, 1503, 1953, -1,
      1507, 1509, 1954, -1,
      1511, 1513, 1955, -1,
      1521, 1523, 1956, -1,
      1531, 1533, 1957, -1,
      1535, 1537, 1958, -1,
      1545, 1547, 1959, -1,
      1555, 1557, 1960, -1,
      1559, 1561, 1961, -1,
      1569, 1571, 1962, -1,
      1579, 1581, 1963, -1,
      1583, 1585, 1964, -1,
      1593, 1595, 1965, -1,
      1603, 1389, 1966, -1,
      1391, 1393, 1967, -1,
      1401, 1403, 1968, -1,
      1411, 1413, 1969, -1,
      1415, 1417, 1970, -1,
      1425, 1427, 1971, -1,
      1435, 1437, 1972, -1,
      1439, 1441, 1973, -1,
      1449, 1451, 1974, -1,
      1459, 1461, 1975, -1,
      1463, 1465, 1976, -1,
      1473, 1475, 1977, -1,
      1483, 1485, 1978, -1,
      1487, 1489, 1979, -1,
      1980, 763, 779, -1,
      764, 763, 1981, -1,
      1981, 763, 1980, -1,
      1981, 1980, 1982, -1,
      1259, 764, 1983, -1,
      1983, 764, 1981, -1,
      1983, 1981, 1984, -1,
      1984, 1981, 1982, -1,
      1984, 1982, 1985, -1,
      1251, 1259, 1986, -1,
      1986, 1259, 1983, -1,
      1986, 1983, 1987, -1,
      1987, 1983, 1984, -1,
      1987, 1984, 1988, -1,
      1988, 1984, 1985, -1,
      1988, 1985, 1953, -1,
      1989, 1990, 1991, -1,
      1979, 1992, 1993, -1,
      1993, 1992, 1994, -1,
      1993, 1994, 1995, -1,
      1995, 1994, 1996, -1,
      1995, 1996, 1997, -1,
      803, 811, 1998, -1,
      1998, 811, 1999, -1,
      1998, 1999, 2000, -1,
      2000, 1999, 2001, -1,
      2000, 2001, 2002, -1,
      2002, 2001, 2003, -1,
      2002, 2003, 2004, -1,
      2004, 2003, 1977, -1,
      827, 835, 2005, -1,
      2005, 835, 2006, -1,
      2005, 2006, 2007, -1,
      2007, 2006, 2008, -1,
      2007, 2008, 2009, -1,
      2009, 2008, 2010, -1,
      2009, 2010, 2011, -1,
      2011, 2010, 1976, -1,
      859, 867, 2012, -1,
      2012, 867, 2013, -1,
      2012, 2013, 2014, -1,
      2014, 2013, 2015, -1,
      2014, 2015, 2016, -1,
      2016, 2015, 2017, -1,
      2016, 2017, 2018, -1,
      2018, 2017, 1974, -1,
      883, 891, 2019, -1,
      2019, 891, 2020, -1,
      2019, 2020, 2021, -1,
      2021, 2020, 2022, -1,
      2021, 2022, 2023, -1,
      2023, 2022, 2024, -1,
      2023, 2024, 2025, -1,
      2025, 2024, 1973, -1,
      915, 923, 2026, -1,
      2026, 923, 2027, -1,
      2026, 2027, 2028, -1,
      2028, 2027, 2029, -1,
      2028, 2029, 2030, -1,
      2030, 2029, 2031, -1,
      2030, 2031, 2032, -1,
      2032, 2031, 1971, -1,
      939, 947, 2033, -1,
      2033, 947, 2034, -1,
      2033, 2034, 2035, -1,
      2035, 2034, 2036, -1,
      2035, 2036, 2037, -1,
      2037, 2036, 2038, -1,
      2037, 2038, 2039, -1,
      2039, 2038, 1970, -1,
      971, 979, 2040, -1,
      2040, 979, 2041, -1,
      2040, 2041, 2042, -1,
      2042, 2041, 2043, -1,
      2042, 2043, 2044, -1,
      2044, 2043, 2045, -1,
      2044, 2045, 2046, -1,
      2046, 2045, 1968, -1,
      995, 1003, 2047, -1,
      2047, 1003, 2048, -1,
      2047, 2048, 2049, -1,
      2049, 2048, 2050, -1,
      2049, 2050, 2051, -1,
      2051, 2050, 2052, -1,
      2051, 2052, 2053, -1,
      2053, 2052, 1967, -1,
      1027, 1035, 2054, -1,
      2054, 1035, 2055, -1,
      2054, 2055, 2056, -1,
      2056, 2055, 2057, -1,
      2056, 2057, 2058, -1,
      2058, 2057, 2059, -1,
      2058, 2059, 2060, -1,
      2060, 2059, 1965, -1,
      1051, 1059, 2061, -1,
      2061, 1059, 2062, -1,
      2061, 2062, 2063, -1,
      2063, 2062, 2064, -1,
      2063, 2064, 2065, -1,
      2065, 2064, 2066, -1,
      2065, 2066, 2067, -1,
      2067, 2066, 1964, -1,
      1083, 1091, 2068, -1,
      2068, 1091, 2069, -1,
      2068, 2069, 2070, -1,
      2070, 2069, 2071, -1,
      2070, 2071, 2072, -1,
      2072, 2071, 2073, -1,
      2072, 2073, 2074, -1,
      2074, 2073, 1962, -1,
      1107, 1115, 2075, -1,
      2075, 1115, 2076, -1,
      2075, 2076, 2077, -1,
      2077, 2076, 2078, -1,
      2077, 2078, 2079, -1,
      2079, 2078, 2080, -1,
      2079, 2080, 2081, -1,
      2081, 2080, 1961, -1,
      1139, 1147, 2082, -1,
      2082, 1147, 2083, -1,
      2082, 2083, 2084, -1,
      2084, 2083, 2085, -1,
      2084, 2085, 2086, -1,
      2086, 2085, 2087, -1,
      2086, 2087, 2088, -1,
      2088, 2087, 1959, -1,
      1163, 1171, 2089, -1,
      2089, 1171, 2090, -1,
      2089, 2090, 2091, -1,
      2091, 2090, 2092, -1,
      2091, 2092, 2093, -1,
      2093, 2092, 2094, -1,
      2093, 2094, 2095, -1,
      2095, 2094, 1958, -1,
      1195, 1203, 2096, -1,
      2096, 1203, 2097, -1,
      2096, 2097, 2098, -1,
      2098, 2097, 2099, -1,
      2098, 2099, 2100, -1,
      2100, 2099, 2101, -1,
      2100, 2101, 2102, -1,
      2102, 2101, 1956, -1,
      1219, 1227, 2103, -1,
      2103, 1227, 2104, -1,
      2103, 2104, 2105, -1,
      2105, 2104, 2106, -1,
      2105, 2106, 2107, -1,
      2107, 2106, 2108, -1,
      2107, 2108, 2109, -1,
      2109, 2108, 1955, -1,
      1499, 1991, 1497, -1,
      1497, 1991, 1990, -1,
      1497, 1990, 1495, -1,
      1493, 1495, 1992, -1,
      1992, 1495, 1990, -1,
      1992, 1990, 1994, -1,
      1994, 1990, 1989, -1,
      1994, 1989, 1996, -1,
      1979, 1489, 1992, -1,
      1992, 1489, 1491, -1,
      1992, 1491, 1493, -1,
      779, 787, 1997, -1,
      1997, 787, 2110, -1,
      1997, 2110, 1995, -1,
      1995, 2110, 2111, -1,
      1995, 2111, 1993, -1,
      1993, 2111, 2112, -1,
      1993, 2112, 1979, -1,
      1979, 2112, 1978, -1,
      1979, 1978, 1487, -1,
      1487, 1978, 1485, -1,
      1481, 1483, 2113, -1,
      2113, 1483, 1978, -1,
      2113, 1978, 2114, -1,
      2114, 1978, 2112, -1,
      2114, 2112, 2115, -1,
      2115, 2112, 2111, -1,
      2115, 2111, 2116, -1,
      2116, 2111, 2110, -1,
      2116, 2110, 795, -1,
      795, 2110, 787, -1,
      795, 803, 2116, -1,
      2116, 803, 1998, -1,
      2116, 1998, 2115, -1,
      2115, 1998, 2000, -1,
      2115, 2000, 2114, -1,
      2114, 2000, 2002, -1,
      2114, 2002, 2113, -1,
      2113, 2002, 2004, -1,
      2113, 2004, 1481, -1,
      1481, 2004, 1479, -1,
      1977, 1475, 2004, -1,
      2004, 1475, 1477, -1,
      2004, 1477, 1479, -1,
      1471, 1473, 2117, -1,
      2117, 1473, 1977, -1,
      2117, 1977, 2118, -1,
      2118, 1977, 2003, -1,
      2118, 2003, 2119, -1,
      2119, 2003, 2001, -1,
      2119, 2001, 2120, -1,
      2120, 2001, 1999, -1,
      2120, 1999, 819, -1,
      819, 1999, 811, -1,
      819, 827, 2120, -1,
      2120, 827, 2005, -1,
      2120, 2005, 2119, -1,
      2119, 2005, 2007, -1,
      2119, 2007, 2118, -1,
      2118, 2007, 2009, -1,
      2118, 2009, 2117, -1,
      2117, 2009, 2011, -1,
      2117, 2011, 1471, -1,
      1471, 2011, 1469, -1,
      1976, 1465, 2011, -1,
      2011, 1465, 1467, -1,
      2011, 1467, 1469, -1,
      835, 843, 2006, -1,
      2006, 843, 2121, -1,
      2006, 2121, 2008, -1,
      2008, 2121, 2122, -1,
      2008, 2122, 2010, -1,
      2010, 2122, 2123, -1,
      2010, 2123, 1976, -1,
      1976, 2123, 1975, -1,
      1976, 1975, 1463, -1,
      1463, 1975, 1461, -1,
      1457, 1459, 2124, -1,
      2124, 1459, 1975, -1,
      2124, 1975, 2125, -1,
      2125, 1975, 2123, -1,
      2125, 2123, 2126, -1,
      2126, 2123, 2122, -1,
      2126, 2122, 2127, -1,
      2127, 2122, 2121, -1,
      2127, 2121, 851, -1,
      851, 2121, 843, -1,
      851, 859, 2127, -1,
      2127, 859, 2012, -1,
      2127, 2012, 2126, -1,
      2126, 2012, 2014, -1,
      2126, 2014, 2125, -1,
      2125, 2014, 2016, -1,
      2125, 2016, 2124, -1,
      2124, 2016, 2018, -1,
      2124, 2018, 1457, -1,
      1457, 2018, 1455, -1,
      1974, 1451, 2018, -1,
      2018, 1451, 1453, -1,
      2018, 1453, 1455, -1,
      1447, 1449, 2128, -1,
      2128, 1449, 1974, -1,
      2128, 1974, 2129, -1,
      2129, 1974, 2017, -1,
      2129, 2017, 2130, -1,
      2130, 2017, 2015, -1,
      2130, 2015, 2131, -1,
      2131, 2015, 2013, -1,
      2131, 2013, 875, -1,
      875, 2013, 867, -1,
      875, 883, 2131, -1,
      2131, 883, 2019, -1,
      2131, 2019, 2130, -1,
      2130, 2019, 2021, -1,
      2130, 2021, 2129, -1,
      2129, 2021, 2023, -1,
      2129, 2023, 2128, -1,
      2128, 2023, 2025, -1,
      2128, 2025, 1447, -1,
      1447, 2025, 1445, -1,
      1973, 1441, 2025, -1,
      2025, 1441, 1443, -1,
      2025, 1443, 1445, -1,
      891, 899, 2020, -1,
      2020, 899, 2132, -1,
      2020, 2132, 2022, -1,
      2022, 2132, 2133, -1,
      2022, 2133, 2024, -1,
      2024, 2133, 2134, -1,
      2024, 2134, 1973, -1,
      1973, 2134, 1972, -1,
      1973, 1972, 1439, -1,
      1439, 1972, 1437, -1,
      1433, 1435, 2135, -1,
      2135, 1435, 1972, -1,
      2135, 1972, 2136, -1,
      2136, 1972, 2134, -1,
      2136, 2134, 2137, -1,
      2137, 2134, 2133, -1,
      2137, 2133, 2138, -1,
      2138, 2133, 2132, -1,
      2138, 2132, 907, -1,
      907, 2132, 899, -1,
      907, 915, 2138, -1,
      2138, 915, 2026, -1,
      2138, 2026, 2137, -1,
      2137, 2026, 2028, -1,
      2137, 2028, 2136, -1,
      2136, 2028, 2030, -1,
      2136, 2030, 2135, -1,
      2135, 2030, 2032, -1,
      2135, 2032, 1433, -1,
      1433, 2032, 1431, -1,
      1971, 1427, 2032, -1,
      2032, 1427, 1429, -1,
      2032, 1429, 1431, -1,
      1423, 1425, 2139, -1,
      2139, 1425, 1971, -1,
      2139, 1971, 2140, -1,
      2140, 1971, 2031, -1,
      2140, 2031, 2141, -1,
      2141, 2031, 2029, -1,
      2141, 2029, 2142, -1,
      2142, 2029, 2027, -1,
      2142, 2027, 931, -1,
      931, 2027, 923, -1,
      931, 939, 2142, -1,
      2142, 939, 2033, -1,
      2142, 2033, 2141, -1,
      2141, 2033, 2035, -1,
      2141, 2035, 2140, -1,
      2140, 2035, 2037, -1,
      2140, 2037, 2139, -1,
      2139, 2037, 2039, -1,
      2139, 2039, 1423, -1,
      1423, 2039, 1421, -1,
      1970, 1417, 2039, -1,
      2039, 1417, 1419, -1,
      2039, 1419, 1421, -1,
      947, 955, 2034, -1,
      2034, 955, 2143, -1,
      2034, 2143, 2036, -1,
      2036, 2143, 2144, -1,
      2036, 2144, 2038, -1,
      2038, 2144, 2145, -1,
      2038, 2145, 1970, -1,
      1970, 2145, 1969, -1,
      1970, 1969, 1415, -1,
      1415, 1969, 1413, -1,
      1409, 1411, 2146, -1,
      2146, 1411, 1969, -1,
      2146, 1969, 2147, -1,
      2147, 1969, 2145, -1,
      2147, 2145, 2148, -1,
      2148, 2145, 2144, -1,
      2148, 2144, 2149, -1,
      2149, 2144, 2143, -1,
      2149, 2143, 963, -1,
      963, 2143, 955, -1,
      963, 971, 2149, -1,
      2149, 971, 2040, -1,
      2149, 2040, 2148, -1,
      2148, 2040, 2042, -1,
      2148, 2042, 2147, -1,
      2147, 2042, 2044, -1,
      2147, 2044, 2146, -1,
      2146, 2044, 2046, -1,
      2146, 2046, 1409, -1,
      1409, 2046, 1407, -1,
      1968, 1403, 2046, -1,
      2046, 1403, 1405, -1,
      2046, 1405, 1407, -1,
      1399, 1401, 2150, -1,
      2150, 1401, 1968, -1,
      2150, 1968, 2151, -1,
      2151, 1968, 2045, -1,
      2151, 2045, 2152, -1,
      2152, 2045, 2043, -1,
      2152, 2043, 2153, -1,
      2153, 2043, 2041, -1,
      2153, 2041, 987, -1,
      987, 2041, 979, -1,
      987, 995, 2153, -1,
      2153, 995, 2047, -1,
      2153, 2047, 2152, -1,
      2152, 2047, 2049, -1,
      2152, 2049, 2151, -1,
      2151, 2049, 2051, -1,
      2151, 2051, 2150, -1,
      2150, 2051, 2053, -1,
      2150, 2053, 1399, -1,
      1399, 2053, 1397, -1,
      1967, 1393, 2053, -1,
      2053, 1393, 1395, -1,
      2053, 1395, 1397, -1,
      1389, 1391, 1966, -1,
      1966, 1391, 1967, -1,
      1966, 1967, 2154, -1,
      2154, 1967, 2052, -1,
      2154, 2052, 2155, -1,
      2155, 2052, 2050, -1,
      2155, 2050, 2156, -1,
      2156, 2050, 2048, -1,
      2156, 2048, 1011, -1,
      1011, 2048, 1003, -1,
      1601, 1603, 2157, -1,
      2157, 1603, 1966, -1,
      2157, 1966, 2158, -1,
      2158, 1966, 2154, -1,
      2158, 2154, 2159, -1,
      2159, 2154, 2155, -1,
      2159, 2155, 2160, -1,
      2160, 2155, 2156, -1,
      2160, 2156, 1019, -1,
      1019, 2156, 1011, -1,
      1019, 1027, 2160, -1,
      2160, 1027, 2054, -1,
      2160, 2054, 2159, -1,
      2159, 2054, 2056, -1,
      2159, 2056, 2158, -1,
      2158, 2056, 2058, -1,
      2158, 2058, 2157, -1,
      2157, 2058, 2060, -1,
      2157, 2060, 1601, -1,
      1601, 2060, 1599, -1,
      1965, 1595, 2060, -1,
      2060, 1595, 1597, -1,
      2060, 1597, 1599, -1,
      1591, 1593, 2161, -1,
      2161, 1593, 1965, -1,
      2161, 1965, 2162, -1,
      2162, 1965, 2059, -1,
      2162, 2059, 2163, -1,
      2163, 2059, 2057, -1,
      2163, 2057, 2164, -1,
      2164, 2057, 2055, -1,
      2164, 2055, 1043, -1,
      1043, 2055, 1035, -1,
      1043, 1051, 2164, -1,
      2164, 1051, 2061, -1,
      2164, 2061, 2163, -1,
      2163, 2061, 2063, -1,
      2163, 2063, 2162, -1,
      2162, 2063, 2065, -1,
      2162, 2065, 2161, -1,
      2161, 2065, 2067, -1,
      2161, 2067, 1591, -1,
      1591, 2067, 1589, -1,
      1964, 1585, 2067, -1,
      2067, 1585, 1587, -1,
      2067, 1587, 1589, -1,
      1581, 1583, 1963, -1,
      1963, 1583, 1964, -1,
      1963, 1964, 2165, -1,
      2165, 1964, 2066, -1,
      2165, 2066, 2166, -1,
      2166, 2066, 2064, -1,
      2166, 2064, 2167, -1,
      2167, 2064, 2062, -1,
      2167, 2062, 1067, -1,
      1067, 2062, 1059, -1,
      1577, 1579, 2168, -1,
      2168, 1579, 1963, -1,
      2168, 1963, 2169, -1,
      2169, 1963, 2165, -1,
      2169, 2165, 2170, -1,
      2170, 2165, 2166, -1,
      2170, 2166, 2171, -1,
      2171, 2166, 2167, -1,
      2171, 2167, 1075, -1,
      1075, 2167, 1067, -1,
      1075, 1083, 2171, -1,
      2171, 1083, 2068, -1,
      2171, 2068, 2170, -1,
      2170, 2068, 2070, -1,
      2170, 2070, 2169, -1,
      2169, 2070, 2072, -1,
      2169, 2072, 2168, -1,
      2168, 2072, 2074, -1,
      2168, 2074, 1577, -1,
      1577, 2074, 1575, -1,
      1962, 1571, 2074, -1,
      2074, 1571, 1573, -1,
      2074, 1573, 1575, -1,
      1567, 1569, 2172, -1,
      2172, 1569, 1962, -1,
      2172, 1962, 2173, -1,
      2173, 1962, 2073, -1,
      2173, 2073, 2174, -1,
      2174, 2073, 2071, -1,
      2174, 2071, 2175, -1,
      2175, 2071, 2069, -1,
      2175, 2069, 1099, -1,
      1099, 2069, 1091, -1,
      1099, 1107, 2175, -1,
      2175, 1107, 2075, -1,
      2175, 2075, 2174, -1,
      2174, 2075, 2077, -1,
      2174, 2077, 2173, -1,
      2173, 2077, 2079, -1,
      2173, 2079, 2172, -1,
      2172, 2079, 2081, -1,
      2172, 2081, 1567, -1,
      1567, 2081, 1565, -1,
      1961, 1561, 2081, -1,
      2081, 1561, 1563, -1,
      2081, 1563, 1565, -1,
      1557, 1559, 1960, -1,
      1960, 1559, 1961, -1,
      1960, 1961, 2176, -1,
      2176, 1961, 2080, -1,
      2176, 2080, 2177, -1,
      2177, 2080, 2078, -1,
      2177, 2078, 2178, -1,
      2178, 2078, 2076, -1,
      2178, 2076, 1123, -1,
      1123, 2076, 1115, -1,
      1553, 1555, 2179, -1,
      2179, 1555, 1960, -1,
      2179, 1960, 2180, -1,
      2180, 1960, 2176, -1,
      2180, 2176, 2181, -1,
      2181, 2176, 2177, -1,
      2181, 2177, 2182, -1,
      2182, 2177, 2178, -1,
      2182, 2178, 1131, -1,
      1131, 2178, 1123, -1,
      1131, 1139, 2182, -1,
      2182, 1139, 2082, -1,
      2182, 2082, 2181, -1,
      2181, 2082, 2084, -1,
      2181, 2084, 2180, -1,
      2180, 2084, 2086, -1,
      2180, 2086, 2179, -1,
      2179, 2086, 2088, -1,
      2179, 2088, 1553, -1,
      1553, 2088, 1551, -1,
      1959, 1547, 2088, -1,
      2088, 1547, 1549, -1,
      2088, 1549, 1551, -1,
      1543, 1545, 2183, -1,
      2183, 1545, 1959, -1,
      2183, 1959, 2184, -1,
      2184, 1959, 2087, -1,
      2184, 2087, 2185, -1,
      2185, 2087, 2085, -1,
      2185, 2085, 2186, -1,
      2186, 2085, 2083, -1,
      2186, 2083, 1155, -1,
      1155, 2083, 1147, -1,
      1155, 1163, 2186, -1,
      2186, 1163, 2089, -1,
      2186, 2089, 2185, -1,
      2185, 2089, 2091, -1,
      2185, 2091, 2184, -1,
      2184, 2091, 2093, -1,
      2184, 2093, 2183, -1,
      2183, 2093, 2095, -1,
      2183, 2095, 1543, -1,
      1543, 2095, 1541, -1,
      1958, 1537, 2095, -1,
      2095, 1537, 1539, -1,
      2095, 1539, 1541, -1,
      1533, 1535, 1957, -1,
      1957, 1535, 1958, -1,
      1957, 1958, 2187, -1,
      2187, 1958, 2094, -1,
      2187, 2094, 2188, -1,
      2188, 2094, 2092, -1,
      2188, 2092, 2189, -1,
      2189, 2092, 2090, -1,
      2189, 2090, 1179, -1,
      1179, 2090, 1171, -1,
      1529, 1531, 2190, -1,
      2190, 1531, 1957, -1,
      2190, 1957, 2191, -1,
      2191, 1957, 2187, -1,
      2191, 2187, 2192, -1,
      2192, 2187, 2188, -1,
      2192, 2188, 2193, -1,
      2193, 2188, 2189, -1,
      2193, 2189, 1187, -1,
      1187, 2189, 1179, -1,
      1187, 1195, 2193, -1,
      2193, 1195, 2096, -1,
      2193, 2096, 2192, -1,
      2192, 2096, 2098, -1,
      2192, 2098, 2191, -1,
      2191, 2098, 2100, -1,
      2191, 2100, 2190, -1,
      2190, 2100, 2102, -1,
      2190, 2102, 1529, -1,
      1529, 2102, 1527, -1,
      1956, 1523, 2102, -1,
      2102, 1523, 1525, -1,
      2102, 1525, 1527, -1,
      1519, 1521, 2194, -1,
      2194, 1521, 1956, -1,
      2194, 1956, 2195, -1,
      2195, 1956, 2101, -1,
      2195, 2101, 2196, -1,
      2196, 2101, 2099, -1,
      2196, 2099, 2197, -1,
      2197, 2099, 2097, -1,
      2197, 2097, 1211, -1,
      1211, 2097, 1203, -1,
      1211, 1219, 2197, -1,
      2197, 1219, 2103, -1,
      2197, 2103, 2196, -1,
      2196, 2103, 2105, -1,
      2196, 2105, 2195, -1,
      2195, 2105, 2107, -1,
      2195, 2107, 2194, -1,
      2194, 2107, 2109, -1,
      2194, 2109, 1519, -1,
      1519, 2109, 1517, -1,
      1955, 1513, 2109, -1,
      2109, 1513, 1515, -1,
      2109, 1515, 1517, -1,
      1227, 1235, 2104, -1,
      2104, 1235, 2198, -1,
      2104, 2198, 2106, -1,
      2106, 2198, 2199, -1,
      2106, 2199, 2108, -1,
      2108, 2199, 2200, -1,
      2108, 2200, 1955, -1,
      1955, 2200, 1954, -1,
      1955, 1954, 1511, -1,
      1511, 1954, 1509, -1,
      1505, 1507, 2201, -1,
      2201, 1507, 1954, -1,
      2201, 1954, 2202, -1,
      2202, 1954, 2200, -1,
      2202, 2200, 2203, -1,
      2203, 2200, 2199, -1,
      2203, 2199, 2204, -1,
      2204, 2199, 2198, -1,
      2204, 2198, 1243, -1,
      1243, 2198, 1235, -1,
      1243, 1251, 2204, -1,
      2204, 1251, 1986, -1,
      2204, 1986, 2203, -1,
      2203, 1986, 1987, -1,
      2203, 1987, 2202, -1,
      2202, 1987, 1988, -1,
      2202, 1988, 2201, -1,
      2201, 1988, 1953, -1,
      2201, 1953, 1505, -1,
      1505, 1953, 1503, -1,
      779, 1997, 1980, -1,
      1980, 1997, 1996, -1,
      1980, 1996, 1982, -1,
      1982, 1996, 1989, -1,
      1982, 1989, 1985, -1,
      1985, 1989, 1991, -1,
      1985, 1991, 1953, -1,
      1953, 1991, 1499, -1,
      1953, 1499, 1501, -1,
      553, 555, 2205, -1,
      530, 532, 2206, -1,
      507, 509, 2207, -1,
      484, 486, 2208, -1,
      461, 463, 2209, -1,
      450, 452, 2210, -1,
      427, 429, 2211, -1,
      404, 406, 2212, -1,
      381, 383, 2213, -1,
      668, 667, 2214, -1,
      665, 664, 2215, -1,
      662, 661, 2216, -1,
      659, 658, 2217, -1,
      656, 655, 2218, -1,
      653, 652, 2219, -1,
      650, 649, 2220, -1,
      647, 646, 2221, -1,
      644, 643, 2222, -1,
      641, 640, 2223, -1,
      638, 637, 2224, -1,
      635, 634, 2225, -1,
      632, 631, 2226, -1,
      629, 628, 2227, -1,
      626, 625, 2228, -1,
      623, 622, 2229, -1,
      620, 619, 2230, -1,
      617, 616, 2231, -1,
      614, 613, 2232, -1,
      611, 610, 2233, -1,
      608, 607, 2234, -1,
      605, 604, 2235, -1,
      602, 601, 2236, -1,
      599, 598, 2237, -1,
      596, 595, 2238, -1,
      593, 592, 2239, -1,
      590, 589, 2240, -1,
      587, 586, 2241, -1,
      584, 583, 2242, -1,
      581, 580, 2243, -1,
      578, 577, 2244, -1,
      575, 574, 2245, -1,
      761, 760, 2246, -1,
      758, 757, 2247, -1,
      755, 754, 2248, -1,
      752, 751, 2249, -1,
      749, 748, 2250, -1,
      746, 745, 2251, -1,
      743, 742, 2252, -1,
      740, 739, 2253, -1,
      737, 736, 2254, -1,
      734, 733, 2255, -1,
      731, 730, 2256, -1,
      728, 727, 2257, -1,
      725, 724, 2258, -1,
      722, 721, 2259, -1,
      719, 718, 2260, -1,
      716, 715, 2261, -1,
      713, 712, 2262, -1,
      710, 709, 2263, -1,
      707, 706, 2264, -1,
      704, 703, 2265, -1,
      701, 700, 2266, -1,
      698, 697, 2267, -1,
      695, 694, 2268, -1,
      692, 691, 2269, -1,
      689, 688, 2270, -1,
      686, 685, 2271, -1,
      683, 682, 2272, -1,
      680, 679, 2273, -1,
      677, 676, 2274, -1,
      674, 673, 2275, -1,
      671, 670, 2276, -1,
      667, 671, 2214, -1,
      2214, 671, 2276, -1,
      2214, 2276, 2277, -1,
      2277, 2276, 2278, -1,
      2277, 2278, 2279, -1,
      2279, 2278, 2280, -1,
      2279, 2280, 2281, -1,
      2281, 2280, 2282, -1,
      679, 683, 2273, -1,
      2273, 683, 2272, -1,
      2273, 2272, 2283, -1,
      2283, 2272, 2284, -1,
      2283, 2284, 2285, -1,
      2285, 2284, 2286, -1,
      2285, 2286, 2287, -1,
      2287, 2286, 2288, -1,
      682, 686, 2272, -1,
      2272, 686, 2271, -1,
      2272, 2271, 2284, -1,
      2284, 2271, 2289, -1,
      2284, 2289, 2286, -1,
      2286, 2289, 2290, -1,
      2286, 2290, 2288, -1,
      2288, 2290, 2291, -1,
      685, 689, 2271, -1,
      2271, 689, 2270, -1,
      2271, 2270, 2289, -1,
      2289, 2270, 2292, -1,
      2289, 2292, 2290, -1,
      2290, 2292, 2293, -1,
      2290, 2293, 2291, -1,
      2291, 2293, 2294, -1,
      688, 692, 2270, -1,
      2270, 692, 2269, -1,
      2270, 2269, 2292, -1,
      2292, 2269, 2295, -1,
      2292, 2295, 2293, -1,
      2293, 2295, 2296, -1,
      2293, 2296, 2294, -1,
      2294, 2296, 2297, -1,
      700, 704, 2266, -1,
      2266, 704, 2265, -1,
      2266, 2265, 2298, -1,
      2298, 2265, 2299, -1,
      2298, 2299, 2300, -1,
      2300, 2299, 2301, -1,
      2300, 2301, 2302, -1,
      2302, 2301, 2303, -1,
      703, 707, 2265, -1,
      2265, 707, 2264, -1,
      2265, 2264, 2299, -1,
      2299, 2264, 2304, -1,
      2299, 2304, 2301, -1,
      2301, 2304, 2305, -1,
      2301, 2305, 2303, -1,
      2303, 2305, 2306, -1,
      706, 710, 2264, -1,
      2264, 710, 2263, -1,
      2264, 2263, 2304, -1,
      2304, 2263, 2307, -1,
      2304, 2307, 2305, -1,
      2305, 2307, 2308, -1,
      2305, 2308, 2306, -1,
      2306, 2308, 2309, -1,
      709, 713, 2263, -1,
      2263, 713, 2262, -1,
      2263, 2262, 2307, -1,
      2307, 2262, 2310, -1,
      2307, 2310, 2308, -1,
      2308, 2310, 2311, -1,
      2308, 2311, 2309, -1,
      2309, 2311, 2312, -1,
      721, 725, 2259, -1,
      2259, 725, 2258, -1,
      2259, 2258, 2313, -1,
      2313, 2258, 2314, -1,
      2313, 2314, 2315, -1,
      2315, 2314, 2316, -1,
      2315, 2316, 2317, -1,
      2317, 2316, 2318, -1,
      724, 728, 2258, -1,
      2258, 728, 2257, -1,
      2258, 2257, 2314, -1,
      2314, 2257, 2319, -1,
      2314, 2319, 2316, -1,
      2316, 2319, 2320, -1,
      2316, 2320, 2318, -1,
      2318, 2320, 2321, -1,
      727, 731, 2257, -1,
      2257, 731, 2256, -1,
      2257, 2256, 2319, -1,
      2319, 2256, 2322, -1,
      2319, 2322, 2320, -1,
      2320, 2322, 2323, -1,
      2320, 2323, 2321, -1,
      2321, 2323, 2324, -1,
      730, 734, 2256, -1,
      2256, 734, 2255, -1,
      2256, 2255, 2322, -1,
      2322, 2255, 2325, -1,
      2322, 2325, 2323, -1,
      2323, 2325, 2326, -1,
      2323, 2326, 2324, -1,
      2324, 2326, 2327, -1,
      742, 746, 2252, -1,
      2252, 746, 2251, -1,
      2252, 2251, 2328, -1,
      2328, 2251, 2329, -1,
      2328, 2329, 2330, -1,
      2330, 2329, 2331, -1,
      2330, 2331, 2332, -1,
      2332, 2331, 2333, -1,
      745, 749, 2251, -1,
      2251, 749, 2250, -1,
      2251, 2250, 2329, -1,
      2329, 2250, 2334, -1,
      2329, 2334, 2331, -1,
      2331, 2334, 2335, -1,
      2331, 2335, 2333, -1,
      2333, 2335, 2336, -1,
      748, 752, 2250, -1,
      2250, 752, 2249, -1,
      2250, 2249, 2334, -1,
      2334, 2249, 2337, -1,
      2334, 2337, 2335, -1,
      2335, 2337, 2338, -1,
      2335, 2338, 2336, -1,
      2336, 2338, 2339, -1,
      751, 755, 2249, -1,
      2249, 755, 2248, -1,
      2249, 2248, 2337, -1,
      2337, 2248, 2340, -1,
      2337, 2340, 2338, -1,
      2338, 2340, 2341, -1,
      2338, 2341, 2339, -1,
      2339, 2341, 2342, -1,
      574, 578, 2245, -1,
      2245, 578, 2244, -1,
      2245, 2244, 2343, -1,
      2343, 2244, 2344, -1,
      2343, 2344, 2345, -1,
      2345, 2344, 2346, -1,
      2345, 2346, 2347, -1,
      2347, 2346, 2348, -1,
      577, 581, 2244, -1,
      2244, 581, 2243, -1,
      2244, 2243, 2344, -1,
      2344, 2243, 2349, -1,
      2344, 2349, 2346, -1,
      2346, 2349, 2350, -1,
      2346, 2350, 2348, -1,
      2348, 2350, 2351, -1,
      580, 584, 2243, -1,
      2243, 584, 2242, -1,
      2243, 2242, 2349, -1,
      2349, 2242, 2352, -1,
      2349, 2352, 2350, -1,
      2350, 2352, 2353, -1,
      2350, 2353, 2351, -1,
      2351, 2353, 2354, -1,
      583, 587, 2242, -1,
      2242, 587, 2241, -1,
      2242, 2241, 2352, -1,
      2352, 2241, 2355, -1,
      2352, 2355, 2353, -1,
      2353, 2355, 2356, -1,
      2353, 2356, 2354, -1,
      2354, 2356, 2357, -1,
      595, 599, 2238, -1,
      2238, 599, 2237, -1,
      2238, 2237, 2358, -1,
      2358, 2237, 2359, -1,
      2358, 2359, 2360, -1,
      2360, 2359, 2361, -1,
      2360, 2361, 2362, -1,
      2362, 2361, 2363, -1,
      598, 602, 2237, -1,
      2237, 602, 2236, -1,
      2237, 2236, 2359, -1,
      2359, 2236, 2364, -1,
      2359, 2364, 2361, -1,
      2361, 2364, 2365, -1,
      2361, 2365, 2363, -1,
      2363, 2365, 2366, -1,
      601, 605, 2236, -1,
      2236, 605, 2235, -1,
      2236, 2235, 2364, -1,
      2364, 2235, 2367, -1,
      2364, 2367, 2365, -1,
      2365, 2367, 2368, -1,
      2365, 2368, 2366, -1,
      2366, 2368, 2369, -1,
      604, 608, 2235, -1,
      2235, 608, 2234, -1,
      2235, 2234, 2367, -1,
      2367, 2234, 2370, -1,
      2367, 2370, 2368, -1,
      2368, 2370, 2371, -1,
      2368, 2371, 2369, -1,
      2369, 2371, 2372, -1,
      616, 620, 2231, -1,
      2231, 620, 2230, -1,
      2231, 2230, 2373, -1,
      2373, 2230, 2374, -1,
      2373, 2374, 2375, -1,
      2375, 2374, 2376, -1,
      2375, 2376, 2377, -1,
      2377, 2376, 2378, -1,
      619, 623, 2230, -1,
      2230, 623, 2229, -1,
      2230, 2229, 2374, -1,
      2374, 2229, 2379, -1,
      2374, 2379, 2376, -1,
      2376, 2379, 2380, -1,
      2376, 2380, 2378, -1,
      2378, 2380, 2381, -1,
      622, 626, 2229, -1,
      2229, 626, 2228, -1,
      2229, 2228, 2379, -1,
      2379, 2228, 2382, -1,
      2379, 2382, 2380, -1,
      2380, 2382, 2383, -1,
      2380, 2383, 2381, -1,
      2381, 2383, 2384, -1,
      625, 629, 2228, -1,
      2228, 629, 2227, -1,
      2228, 2227, 2382, -1,
      2382, 2227, 2385, -1,
      2382, 2385, 2383, -1,
      2383, 2385, 2386, -1,
      2383, 2386, 2384, -1,
      2384, 2386, 2387, -1,
      637, 641, 2224, -1,
      2224, 641, 2223, -1,
      2224, 2223, 2388, -1,
      2388, 2223, 2389, -1,
      2388, 2389, 2390, -1,
      2390, 2389, 2391, -1,
      2390, 2391, 2392, -1,
      2392, 2391, 2393, -1,
      640, 644, 2223, -1,
      2223, 644, 2222, -1,
      2223, 2222, 2389, -1,
      2389, 2222, 2394, -1,
      2389, 2394, 2391, -1,
      2391, 2394, 2395, -1,
      2391, 2395, 2393, -1,
      2393, 2395, 2396, -1,
      643, 647, 2222, -1,
      2222, 647, 2221, -1,
      2222, 2221, 2394, -1,
      2394, 2221, 2397, -1,
      2394, 2397, 2395, -1,
      2395, 2397, 2398, -1,
      2395, 2398, 2396, -1,
      2396, 2398, 2399, -1,
      646, 650, 2221, -1,
      2221, 650, 2220, -1,
      2221, 2220, 2397, -1,
      2397, 2220, 2400, -1,
      2397, 2400, 2398, -1,
      2398, 2400, 2401, -1,
      2398, 2401, 2399, -1,
      2399, 2401, 2402, -1,
      658, 662, 2217, -1,
      2217, 662, 2216, -1,
      2217, 2216, 2403, -1,
      2403, 2216, 2404, -1,
      2403, 2404, 2405, -1,
      2405, 2404, 2406, -1,
      2405, 2406, 2407, -1,
      2407, 2406, 2408, -1,
      661, 665, 2216, -1,
      2216, 665, 2215, -1,
      2216, 2215, 2404, -1,
      2404, 2215, 2409, -1,
      2404, 2409, 2406, -1,
      2406, 2409, 2410, -1,
      2406, 2410, 2408, -1,
      2408, 2410, 2411, -1,
      664, 668, 2215, -1,
      2215, 668, 2214, -1,
      2215, 2214, 2409, -1,
      2409, 2214, 2277, -1,
      2409, 2277, 2410, -1,
      2410, 2277, 2279, -1,
      2410, 2279, 2411, -1,
      2411, 2279, 2281, -1,
      670, 674, 2276, -1,
      2276, 674, 2275, -1,
      2276, 2275, 2278, -1,
      2278, 2275, 2412, -1,
      2278, 2412, 2280, -1,
      2280, 2412, 2413, -1,
      2280, 2413, 2282, -1,
      2282, 2413, 2213, -1,
      2282, 2213, 385, -1,
      385, 2213, 383, -1,
      379, 381, 2414, -1,
      2414, 381, 2213, -1,
      2414, 2213, 2415, -1,
      2415, 2213, 2413, -1,
      2415, 2413, 2416, -1,
      2416, 2413, 2412, -1,
      2416, 2412, 2274, -1,
      2274, 2412, 2275, -1,
      2274, 2275, 677, -1,
      677, 2275, 673, -1,
      676, 680, 2274, -1,
      2274, 680, 2273, -1,
      2274, 2273, 2416, -1,
      2416, 2273, 2283, -1,
      2416, 2283, 2415, -1,
      2415, 2283, 2285, -1,
      2415, 2285, 2414, -1,
      2414, 2285, 2287, -1,
      2414, 2287, 379, -1,
      379, 2287, 377, -1,
      408, 410, 2297, -1,
      2297, 410, 367, -1,
      2297, 367, 2294, -1,
      2294, 367, 369, -1,
      2294, 369, 2291, -1,
      2291, 369, 371, -1,
      2291, 371, 2288, -1,
      2288, 371, 373, -1,
      2288, 373, 2287, -1,
      2287, 373, 375, -1,
      2287, 375, 377, -1,
      691, 695, 2269, -1,
      2269, 695, 2268, -1,
      2269, 2268, 2295, -1,
      2295, 2268, 2417, -1,
      2295, 2417, 2296, -1,
      2296, 2417, 2418, -1,
      2296, 2418, 2297, -1,
      2297, 2418, 2212, -1,
      2297, 2212, 408, -1,
      408, 2212, 406, -1,
      402, 404, 2419, -1,
      2419, 404, 2212, -1,
      2419, 2212, 2420, -1,
      2420, 2212, 2418, -1,
      2420, 2418, 2421, -1,
      2421, 2418, 2417, -1,
      2421, 2417, 2267, -1,
      2267, 2417, 2268, -1,
      2267, 2268, 698, -1,
      698, 2268, 694, -1,
      697, 701, 2267, -1,
      2267, 701, 2266, -1,
      2267, 2266, 2421, -1,
      2421, 2266, 2298, -1,
      2421, 2298, 2420, -1,
      2420, 2298, 2300, -1,
      2420, 2300, 2419, -1,
      2419, 2300, 2302, -1,
      2419, 2302, 402, -1,
      402, 2302, 400, -1,
      431, 433, 2312, -1,
      2312, 433, 390, -1,
      2312, 390, 2309, -1,
      2309, 390, 392, -1,
      2309, 392, 2306, -1,
      2306, 392, 394, -1,
      2306, 394, 2303, -1,
      2303, 394, 396, -1,
      2303, 396, 2302, -1,
      2302, 396, 398, -1,
      2302, 398, 400, -1,
      712, 716, 2262, -1,
      2262, 716, 2261, -1,
      2262, 2261, 2310, -1,
      2310, 2261, 2422, -1,
      2310, 2422, 2311, -1,
      2311, 2422, 2423, -1,
      2311, 2423, 2312, -1,
      2312, 2423, 2211, -1,
      2312, 2211, 431, -1,
      431, 2211, 429, -1,
      425, 427, 2424, -1,
      2424, 427, 2211, -1,
      2424, 2211, 2425, -1,
      2425, 2211, 2423, -1,
      2425, 2423, 2426, -1,
      2426, 2423, 2422, -1,
      2426, 2422, 2260, -1,
      2260, 2422, 2261, -1,
      2260, 2261, 719, -1,
      719, 2261, 715, -1,
      718, 722, 2260, -1,
      2260, 722, 2259, -1,
      2260, 2259, 2426, -1,
      2426, 2259, 2313, -1,
      2426, 2313, 2425, -1,
      2425, 2313, 2315, -1,
      2425, 2315, 2424, -1,
      2424, 2315, 2317, -1,
      2424, 2317, 425, -1,
      425, 2317, 423, -1,
      454, 456, 2327, -1,
      2327, 456, 413, -1,
      2327, 413, 2324, -1,
      2324, 413, 415, -1,
      2324, 415, 2321, -1,
      2321, 415, 417, -1,
      2321, 417, 2318, -1,
      2318, 417, 419, -1,
      2318, 419, 2317, -1,
      2317, 419, 421, -1,
      2317, 421, 423, -1,
      733, 737, 2255, -1,
      2255, 737, 2254, -1,
      2255, 2254, 2325, -1,
      2325, 2254, 2427, -1,
      2325, 2427, 2326, -1,
      2326, 2427, 2428, -1,
      2326, 2428, 2327, -1,
      2327, 2428, 2210, -1,
      2327, 2210, 454, -1,
      454, 2210, 452, -1,
      448, 450, 2429, -1,
      2429, 450, 2210, -1,
      2429, 2210, 2430, -1,
      2430, 2210, 2428, -1,
      2430, 2428, 2431, -1,
      2431, 2428, 2427, -1,
      2431, 2427, 2253, -1,
      2253, 2427, 2254, -1,
      2253, 2254, 740, -1,
      740, 2254, 736, -1,
      739, 743, 2253, -1,
      2253, 743, 2252, -1,
      2253, 2252, 2431, -1,
      2431, 2252, 2328, -1,
      2431, 2328, 2430, -1,
      2430, 2328, 2330, -1,
      2430, 2330, 2429, -1,
      2429, 2330, 2332, -1,
      2429, 2332, 448, -1,
      448, 2332, 446, -1,
      465, 467, 2342, -1,
      2342, 467, 436, -1,
      2342, 436, 2339, -1,
      2339, 436, 438, -1,
      2339, 438, 2336, -1,
      2336, 438, 440, -1,
      2336, 440, 2333, -1,
      2333, 440, 442, -1,
      2333, 442, 2332, -1,
      2332, 442, 444, -1,
      2332, 444, 446, -1,
      754, 758, 2248, -1,
      2248, 758, 2247, -1,
      2248, 2247, 2340, -1,
      2340, 2247, 2432, -1,
      2340, 2432, 2341, -1,
      2341, 2432, 2433, -1,
      2341, 2433, 2342, -1,
      2342, 2433, 2209, -1,
      2342, 2209, 465, -1,
      465, 2209, 463, -1,
      481, 461, 2434, -1,
      2434, 461, 2209, -1,
      2434, 2209, 2435, -1,
      2435, 2209, 2433, -1,
      2435, 2433, 2436, -1,
      2436, 2433, 2432, -1,
      2436, 2432, 2246, -1,
      2246, 2432, 2247, -1,
      2246, 2247, 761, -1,
      761, 2247, 757, -1,
      760, 575, 2246, -1,
      2246, 575, 2245, -1,
      2246, 2245, 2436, -1,
      2436, 2245, 2343, -1,
      2436, 2343, 2435, -1,
      2435, 2343, 2345, -1,
      2435, 2345, 2434, -1,
      2434, 2345, 2347, -1,
      2434, 2347, 481, -1,
      481, 2347, 480, -1,
      488, 490, 2357, -1,
      2357, 490, 470, -1,
      2357, 470, 2354, -1,
      2354, 470, 472, -1,
      2354, 472, 2351, -1,
      2351, 472, 474, -1,
      2351, 474, 2348, -1,
      2348, 474, 476, -1,
      2348, 476, 2347, -1,
      2347, 476, 478, -1,
      2347, 478, 480, -1,
      586, 590, 2241, -1,
      2241, 590, 2240, -1,
      2241, 2240, 2355, -1,
      2355, 2240, 2437, -1,
      2355, 2437, 2356, -1,
      2356, 2437, 2438, -1,
      2356, 2438, 2357, -1,
      2357, 2438, 2208, -1,
      2357, 2208, 488, -1,
      488, 2208, 486, -1,
      504, 484, 2439, -1,
      2439, 484, 2208, -1,
      2439, 2208, 2440, -1,
      2440, 2208, 2438, -1,
      2440, 2438, 2441, -1,
      2441, 2438, 2437, -1,
      2441, 2437, 2239, -1,
      2239, 2437, 2240, -1,
      2239, 2240, 593, -1,
      593, 2240, 589, -1,
      592, 596, 2239, -1,
      2239, 596, 2238, -1,
      2239, 2238, 2441, -1,
      2441, 2238, 2358, -1,
      2441, 2358, 2440, -1,
      2440, 2358, 2360, -1,
      2440, 2360, 2439, -1,
      2439, 2360, 2362, -1,
      2439, 2362, 504, -1,
      504, 2362, 503, -1,
      511, 513, 2372, -1,
      2372, 513, 493, -1,
      2372, 493, 2369, -1,
      2369, 493, 495, -1,
      2369, 495, 2366, -1,
      2366, 495, 497, -1,
      2366, 497, 2363, -1,
      2363, 497, 499, -1,
      2363, 499, 2362, -1,
      2362, 499, 501, -1,
      2362, 501, 503, -1,
      607, 611, 2234, -1,
      2234, 611, 2233, -1,
      2234, 2233, 2370, -1,
      2370, 2233, 2442, -1,
      2370, 2442, 2371, -1,
      2371, 2442, 2443, -1,
      2371, 2443, 2372, -1,
      2372, 2443, 2207, -1,
      2372, 2207, 511, -1,
      511, 2207, 509, -1,
      527, 507, 2444, -1,
      2444, 507, 2207, -1,
      2444, 2207, 2445, -1,
      2445, 2207, 2443, -1,
      2445, 2443, 2446, -1,
      2446, 2443, 2442, -1,
      2446, 2442, 2232, -1,
      2232, 2442, 2233, -1,
      2232, 2233, 614, -1,
      614, 2233, 610, -1,
      613, 617, 2232, -1,
      2232, 617, 2231, -1,
      2232, 2231, 2446, -1,
      2446, 2231, 2373, -1,
      2446, 2373, 2445, -1,
      2445, 2373, 2375, -1,
      2445, 2375, 2444, -1,
      2444, 2375, 2377, -1,
      2444, 2377, 527, -1,
      527, 2377, 526, -1,
      534, 536, 2387, -1,
      2387, 536, 516, -1,
      2387, 516, 2384, -1,
      2384, 516, 518, -1,
      2384, 518, 2381, -1,
      2381, 518, 520, -1,
      2381, 520, 2378, -1,
      2378, 520, 522, -1,
      2378, 522, 2377, -1,
      2377, 522, 524, -1,
      2377, 524, 526, -1,
      628, 632, 2227, -1,
      2227, 632, 2226, -1,
      2227, 2226, 2385, -1,
      2385, 2226, 2447, -1,
      2385, 2447, 2386, -1,
      2386, 2447, 2448, -1,
      2386, 2448, 2387, -1,
      2387, 2448, 2206, -1,
      2387, 2206, 534, -1,
      534, 2206, 532, -1,
      550, 530, 2449, -1,
      2449, 530, 2206, -1,
      2449, 2206, 2450, -1,
      2450, 2206, 2448, -1,
      2450, 2448, 2451, -1,
      2451, 2448, 2447, -1,
      2451, 2447, 2225, -1,
      2225, 2447, 2226, -1,
      2225, 2226, 635, -1,
      635, 2226, 631, -1,
      634, 638, 2225, -1,
      2225, 638, 2224, -1,
      2225, 2224, 2451, -1,
      2451, 2224, 2388, -1,
      2451, 2388, 2450, -1,
      2450, 2388, 2390, -1,
      2450, 2390, 2449, -1,
      2449, 2390, 2392, -1,
      2449, 2392, 550, -1,
      550, 2392, 549, -1,
      557, 559, 2402, -1,
      2402, 559, 539, -1,
      2402, 539, 2399, -1,
      2399, 539, 541, -1,
      2399, 541, 2396, -1,
      2396, 541, 543, -1,
      2396, 543, 2393, -1,
      2393, 543, 545, -1,
      2393, 545, 2392, -1,
      2392, 545, 547, -1,
      2392, 547, 549, -1,
      649, 653, 2220, -1,
      2220, 653, 2219, -1,
      2220, 2219, 2400, -1,
      2400, 2219, 2452, -1,
      2400, 2452, 2401, -1,
      2401, 2452, 2453, -1,
      2401, 2453, 2402, -1,
      2402, 2453, 2205, -1,
      2402, 2205, 557, -1,
      557, 2205, 555, -1,
      573, 553, 2454, -1,
      2454, 553, 2205, -1,
      2454, 2205, 2455, -1,
      2455, 2205, 2453, -1,
      2455, 2453, 2456, -1,
      2456, 2453, 2452, -1,
      2456, 2452, 2218, -1,
      2218, 2452, 2219, -1,
      2218, 2219, 656, -1,
      656, 2219, 652, -1,
      655, 659, 2218, -1,
      2218, 659, 2217, -1,
      2218, 2217, 2456, -1,
      2456, 2217, 2403, -1,
      2456, 2403, 2455, -1,
      2455, 2403, 2405, -1,
      2455, 2405, 2454, -1,
      2454, 2405, 2407, -1,
      2454, 2407, 573, -1,
      573, 2407, 572, -1,
      385, 387, 2282, -1,
      2282, 387, 389, -1,
      2282, 389, 2281, -1,
      2281, 389, 564, -1,
      2281, 564, 2411, -1,
      2411, 564, 566, -1,
      2411, 566, 2408, -1,
      2408, 566, 568, -1,
      2408, 568, 2407, -1,
      2407, 568, 570, -1,
      2407, 570, 572, -1,
      2457, 1496, 1494, -1,
      2457, 1494, 2458, -1,
      2458, 1494, 1492, -1,
      2458, 1492, 2459, -1,
      1492, 1490, 2459, -1,
      2459, 1490, 1488, -1,
      2459, 1488, 2460, -1,
      2460, 1488, 1486, -1,
      2460, 1486, 2461, -1,
      2461, 1486, 1484, -1,
      1484, 1482, 2461, -1,
      2461, 1482, 1480, -1,
      2461, 1480, 2462, -1,
      2462, 1480, 1478, -1,
      2462, 1478, 2463, -1,
      2463, 1478, 1476, -1,
      2463, 1476, 2464, -1,
      2464, 1476, 1474, -1,
      1474, 1472, 2464, -1,
      2464, 1472, 1470, -1,
      2464, 1470, 2465, -1,
      2465, 1470, 1468, -1,
      2465, 1468, 2466, -1,
      1468, 1466, 2466, -1,
      2466, 1466, 1464, -1,
      2466, 1464, 2467, -1,
      2467, 1464, 1462, -1,
      2467, 1462, 2468, -1,
      2468, 1462, 1460, -1,
      1460, 1458, 2468, -1,
      2468, 1458, 1456, -1,
      2468, 1456, 2469, -1,
      2469, 1456, 1454, -1,
      2469, 1454, 2470, -1,
      2470, 1454, 1452, -1,
      2470, 1452, 2471, -1,
      2471, 1452, 1450, -1,
      1450, 1448, 2471, -1,
      2471, 1448, 1446, -1,
      2471, 1446, 2472, -1,
      2472, 1446, 1444, -1,
      2472, 1444, 2473, -1,
      1444, 1442, 2473, -1,
      2473, 1442, 1440, -1,
      2473, 1440, 2474, -1,
      2474, 1440, 1438, -1,
      2474, 1438, 2475, -1,
      2475, 1438, 1436, -1,
      1436, 1434, 2475, -1,
      2475, 1434, 1432, -1,
      2475, 1432, 2476, -1,
      2476, 1432, 1430, -1,
      2476, 1430, 2477, -1,
      2477, 1430, 1428, -1,
      2477, 1428, 2478, -1,
      2478, 1428, 1426, -1,
      1426, 1424, 2478, -1,
      2478, 1424, 1422, -1,
      2478, 1422, 2479, -1,
      2479, 1422, 1420, -1,
      2479, 1420, 2480, -1,
      1420, 1418, 2480, -1,
      2480, 1418, 1416, -1,
      2480, 1416, 2481, -1,
      2481, 1416, 1414, -1,
      2481, 1414, 2482, -1,
      2482, 1414, 1412, -1,
      1412, 1410, 2482, -1,
      2482, 1410, 1408, -1,
      2482, 1408, 2483, -1,
      2483, 1408, 1406, -1,
      2483, 1406, 2484, -1,
      2484, 1406, 1404, -1,
      2484, 1404, 2485, -1,
      2485, 1404, 1402, -1,
      1402, 1400, 2485, -1,
      2485, 1400, 1398, -1,
      2485, 1398, 2486, -1,
      2486, 1398, 1396, -1,
      2486, 1396, 2487, -1,
      1396, 1394, 2487, -1,
      2487, 1394, 1392, -1,
      2487, 1392, 2488, -1,
      2488, 1392, 1390, -1,
      2488, 1390, 2489, -1,
      2489, 1390, 1604, -1,
      1604, 1602, 2489, -1,
      2489, 1602, 1600, -1,
      2489, 1600, 2490, -1,
      2490, 1600, 1598, -1,
      2490, 1598, 2491, -1,
      2491, 1598, 1596, -1,
      2491, 1596, 2492, -1,
      2492, 1596, 1594, -1,
      1594, 1592, 2492, -1,
      2492, 1592, 1590, -1,
      2492, 1590, 2493, -1,
      2493, 1590, 1588, -1,
      2493, 1588, 2494, -1,
      1588, 1586, 2494, -1,
      2494, 1586, 1584, -1,
      2494, 1584, 2495, -1,
      2495, 1584, 1582, -1,
      2495, 1582, 2496, -1,
      2496, 1582, 1580, -1,
      1580, 1578, 2496, -1,
      2496, 1578, 1576, -1,
      2496, 1576, 2497, -1,
      2497, 1576, 1574, -1,
      2497, 1574, 2498, -1,
      2498, 1574, 1572, -1,
      2498, 1572, 2499, -1,
      2499, 1572, 1570, -1,
      1570, 1568, 2499, -1,
      2499, 1568, 1566, -1,
      2499, 1566, 2500, -1,
      2500, 1566, 1564, -1,
      2500, 1564, 2501, -1,
      1564, 1562, 2501, -1,
      2501, 1562, 1560, -1,
      2501, 1560, 2502, -1,
      2502, 1560, 1558, -1,
      2502, 1558, 2503, -1,
      2503, 1558, 1556, -1,
      1556, 1554, 2503, -1,
      2503, 1554, 1552, -1,
      2503, 1552, 2504, -1,
      2504, 1552, 1550, -1,
      2504, 1550, 2505, -1,
      2505, 1550, 1548, -1,
      2505, 1548, 2506, -1,
      2506, 1548, 1546, -1,
      1546, 1544, 2506, -1,
      2506, 1544, 1542, -1,
      2506, 1542, 2507, -1,
      2507, 1542, 1540, -1,
      2507, 1540, 2508, -1,
      1540, 1538, 2508, -1,
      2508, 1538, 1536, -1,
      2508, 1536, 2509, -1,
      2509, 1536, 1534, -1,
      2509, 1534, 2510, -1,
      2510, 1534, 1532, -1,
      1532, 1530, 2510, -1,
      2510, 1530, 1528, -1,
      2510, 1528, 2511, -1,
      2511, 1528, 1526, -1,
      2511, 1526, 2512, -1,
      2512, 1526, 1524, -1,
      2512, 1524, 2513, -1,
      2513, 1524, 1522, -1,
      1522, 1520, 2513, -1,
      2513, 1520, 1518, -1,
      2513, 1518, 2514, -1,
      2514, 1518, 1516, -1,
      2514, 1516, 2515, -1,
      1516, 1514, 2515, -1,
      2515, 1514, 1512, -1,
      2515, 1512, 2516, -1,
      2516, 1512, 1510, -1,
      2516, 1510, 2517, -1,
      2517, 1510, 1508, -1,
      1508, 1506, 2517, -1,
      2517, 1506, 1504, -1,
      2517, 1504, 2518, -1,
      2518, 1504, 1502, -1,
      2518, 1502, 2519, -1,
      2519, 1502, 1500, -1,
      2519, 1500, 2457, -1,
      2457, 1500, 1498, -1,
      2457, 1498, 1496, -1,
      2519, 2520, 2518, -1,
      2518, 2520, 2521, -1,
      2518, 2521, 2517, -1,
      2517, 2521, 2522, -1,
      2517, 2522, 2516, -1,
      2516, 2522, 2523, -1,
      2516, 2523, 2515, -1,
      2515, 2523, 2524, -1,
      2515, 2524, 2514, -1,
      2514, 2524, 2525, -1,
      2514, 2525, 2513, -1,
      2513, 2525, 2526, -1,
      2513, 2526, 2512, -1,
      2512, 2526, 2527, -1,
      2512, 2527, 2511, -1,
      2511, 2527, 2528, -1,
      2511, 2528, 2510, -1,
      2510, 2528, 2529, -1,
      2510, 2529, 2509, -1,
      2509, 2529, 2530, -1,
      2509, 2530, 2508, -1,
      2508, 2530, 2531, -1,
      2508, 2531, 2507, -1,
      2507, 2531, 2532, -1,
      2507, 2532, 2506, -1,
      2506, 2532, 2533, -1,
      2506, 2533, 2505, -1,
      2505, 2533, 2534, -1,
      2505, 2534, 2504, -1,
      2504, 2534, 2535, -1,
      2504, 2535, 2503, -1,
      2503, 2535, 2536, -1,
      2503, 2536, 2502, -1,
      2502, 2536, 2537, -1,
      2502, 2537, 2501, -1,
      2501, 2537, 2538, -1,
      2501, 2538, 2500, -1,
      2500, 2538, 2539, -1,
      2500, 2539, 2499, -1,
      2499, 2539, 2540, -1,
      2499, 2540, 2498, -1,
      2498, 2540, 2541, -1,
      2498, 2541, 2497, -1,
      2497, 2541, 2542, -1,
      2497, 2542, 2496, -1,
      2496, 2542, 2543, -1,
      2496, 2543, 2495, -1,
      2495, 2543, 2544, -1,
      2495, 2544, 2494, -1,
      2494, 2544, 2545, -1,
      2494, 2545, 2493, -1,
      2493, 2545, 2546, -1,
      2493, 2546, 2492, -1,
      2492, 2546, 2547, -1,
      2492, 2547, 2491, -1,
      2491, 2547, 2548, -1,
      2491, 2548, 2490, -1,
      2490, 2548, 2549, -1,
      2490, 2549, 2489, -1,
      2489, 2549, 2550, -1,
      2489, 2550, 2488, -1,
      2488, 2550, 2551, -1,
      2488, 2551, 2487, -1,
      2487, 2551, 2552, -1,
      2487, 2552, 2486, -1,
      2486, 2552, 2553, -1,
      2486, 2553, 2485, -1,
      2485, 2553, 2554, -1,
      2485, 2554, 2484, -1,
      2484, 2554, 2555, -1,
      2484, 2555, 2483, -1,
      2483, 2555, 2556, -1,
      2483, 2556, 2482, -1,
      2482, 2556, 2557, -1,
      2482, 2557, 2481, -1,
      2481, 2557, 2558, -1,
      2481, 2558, 2480, -1,
      2480, 2558, 2559, -1,
      2480, 2559, 2479, -1,
      2479, 2559, 2560, -1,
      2479, 2560, 2478, -1,
      2478, 2560, 2561, -1,
      2478, 2561, 2477, -1,
      2477, 2561, 2562, -1,
      2477, 2562, 2476, -1,
      2476, 2562, 2563, -1,
      2476, 2563, 2475, -1,
      2475, 2563, 2564, -1,
      2475, 2564, 2474, -1,
      2474, 2564, 2565, -1,
      2474, 2565, 2473, -1,
      2473, 2565, 2566, -1,
      2473, 2566, 2472, -1,
      2472, 2566, 2567, -1,
      2472, 2567, 2471, -1,
      2471, 2567, 2568, -1,
      2471, 2568, 2470, -1,
      2470, 2568, 2569, -1,
      2470, 2569, 2469, -1,
      2469, 2569, 2570, -1,
      2469, 2570, 2468, -1,
      2468, 2570, 2571, -1,
      2468, 2571, 2467, -1,
      2467, 2571, 2572, -1,
      2467, 2572, 2466, -1,
      2466, 2572, 2573, -1,
      2466, 2573, 2465, -1,
      2465, 2573, 2574, -1,
      2465, 2574, 2464, -1,
      2464, 2574, 2575, -1,
      2464, 2575, 2463, -1,
      2463, 2575, 2576, -1,
      2463, 2576, 2462, -1,
      2462, 2576, 2577, -1,
      2462, 2577, 2461, -1,
      2461, 2577, 2578, -1,
      2461, 2578, 2460, -1,
      2460, 2578, 2579, -1,
      2460, 2579, 2459, -1,
      2459, 2579, 2580, -1,
      2459, 2580, 2458, -1,
      2458, 2580, 2581, -1,
      2458, 2581, 2457, -1,
      2457, 2581, 2582, -1,
      2457, 2582, 2519, -1,
      2519, 2582, 2520, -1,
      2582, 2583, 2520, -1,
      2520, 2583, 2584, -1,
      2520, 2584, 2521, -1,
      2521, 2584, 2585, -1,
      2521, 2585, 2522, -1,
      2522, 2585, 2586, -1,
      2522, 2586, 2523, -1,
      2523, 2586, 2587, -1,
      2523, 2587, 2524, -1,
      2524, 2587, 2588, -1,
      2524, 2588, 2525, -1,
      2525, 2588, 2589, -1,
      2525, 2589, 2526, -1,
      2526, 2589, 2590, -1,
      2526, 2590, 2527, -1,
      2527, 2590, 2591, -1,
      2527, 2591, 2528, -1,
      2528, 2591, 2592, -1,
      2528, 2592, 2529, -1,
      2529, 2592, 2593, -1,
      2529, 2593, 2530, -1,
      2530, 2593, 2594, -1,
      2530, 2594, 2531, -1,
      2531, 2594, 2595, -1,
      2531, 2595, 2532, -1,
      2532, 2595, 2596, -1,
      2532, 2596, 2533, -1,
      2533, 2596, 2597, -1,
      2533, 2597, 2534, -1,
      2534, 2597, 2598, -1,
      2534, 2598, 2535, -1,
      2535, 2598, 2599, -1,
      2535, 2599, 2536, -1,
      2536, 2599, 2600, -1,
      2536, 2600, 2537, -1,
      2537, 2600, 2601, -1,
      2537, 2601, 2538, -1,
      2538, 2601, 2602, -1,
      2538, 2602, 2539, -1,
      2539, 2602, 2603, -1,
      2539, 2603, 2540, -1,
      2540, 2603, 2604, -1,
      2540, 2604, 2541, -1,
      2541, 2604, 2605, -1,
      2541, 2605, 2542, -1,
      2542, 2605, 2606, -1,
      2542, 2606, 2543, -1,
      2543, 2606, 2607, -1,
      2543, 2607, 2544, -1,
      2544, 2607, 2608, -1,
      2544, 2608, 2545, -1,
      2545, 2608, 2609, -1,
      2545, 2609, 2546, -1,
      2546, 2609, 2610, -1,
      2546, 2610, 2547, -1,
      2547, 2610, 2611, -1,
      2547, 2611, 2548, -1,
      2548, 2611, 2612, -1,
      2548, 2612, 2549, -1,
      2549, 2612, 2613, -1,
      2549, 2613, 2550, -1,
      2550, 2613, 2614, -1,
      2550, 2614, 2551, -1,
      2551, 2614, 2615, -1,
      2551, 2615, 2552, -1,
      2552, 2615, 2616, -1,
      2552, 2616, 2553, -1,
      2553, 2616, 2617, -1,
      2553, 2617, 2554, -1,
      2554, 2617, 2618, -1,
      2554, 2618, 2555, -1,
      2555, 2618, 2619, -1,
      2555, 2619, 2556, -1,
      2556, 2619, 2620, -1,
      2556, 2620, 2557, -1,
      2557, 2620, 2621, -1,
      2557, 2621, 2558, -1,
      2558, 2621, 2622, -1,
      2558, 2622, 2559, -1,
      2559, 2622, 2623, -1,
      2559, 2623, 2560, -1,
      2560, 2623, 2624, -1,
      2560, 2624, 2561, -1,
      2561, 2624, 2625, -1,
      2561, 2625, 2562, -1,
      2562, 2625, 2626, -1,
      2562, 2626, 2563, -1,
      2563, 2626, 2627, -1,
      2563, 2627, 2564, -1,
      2564, 2627, 2628, -1,
      2564, 2628, 2565, -1,
      2565, 2628, 2629, -1,
      2565, 2629, 2566, -1,
      2566, 2629, 2630, -1,
      2566, 2630, 2567, -1,
      2567, 2630, 2631, -1,
      2567, 2631, 2568, -1,
      2568, 2631, 2632, -1,
      2568, 2632, 2569, -1,
      2569, 2632, 2633, -1,
      2569, 2633, 2570, -1,
      2570, 2633, 2634, -1,
      2570, 2634, 2571, -1,
      2571, 2634, 2635, -1,
      2571, 2635, 2572, -1,
      2572, 2635, 2636, -1,
      2572, 2636, 2573, -1,
      2573, 2636, 2637, -1,
      2573, 2637, 2574, -1,
      2574, 2637, 2638, -1,
      2574, 2638, 2575, -1,
      2575, 2638, 2639, -1,
      2575, 2639, 2576, -1,
      2576, 2639, 2640, -1,
      2576, 2640, 2577, -1,
      2577, 2640, 2641, -1,
      2577, 2641, 2578, -1,
      2578, 2641, 2642, -1,
      2578, 2642, 2579, -1,
      2579, 2642, 2643, -1,
      2579, 2643, 2580, -1,
      2580, 2643, 2644, -1,
      2580, 2644, 2581, -1,
      2581, 2644, 2645, -1,
      2581, 2645, 2582, -1,
      2582, 2645, 2583, -1,
      2645, 2646, 2583, -1,
      2583, 2646, 2647, -1,
      2583, 2647, 2584, -1,
      2584, 2647, 2648, -1,
      2584, 2648, 2585, -1,
      2585, 2648, 2649, -1,
      2585, 2649, 2586, -1,
      2586, 2649, 2650, -1,
      2586, 2650, 2587, -1,
      2587, 2650, 2651, -1,
      2587, 2651, 2588, -1,
      2588, 2651, 2652, -1,
      2588, 2652, 2589, -1,
      2589, 2652, 2653, -1,
      2589, 2653, 2590, -1,
      2590, 2653, 2654, -1,
      2590, 2654, 2591, -1,
      2591, 2654, 2655, -1,
      2591, 2655, 2592, -1,
      2592, 2655, 2656, -1,
      2592, 2656, 2593, -1,
      2593, 2656, 2657, -1,
      2593, 2657, 2594, -1,
      2594, 2657, 2658, -1,
      2594, 2658, 2595, -1,
      2595, 2658, 2659, -1,
      2595, 2659, 2596, -1,
      2596, 2659, 2660, -1,
      2596, 2660, 2597, -1,
      2597, 2660, 2661, -1,
      2597, 2661, 2598, -1,
      2598, 2661, 2662, -1,
      2598, 2662, 2599, -1,
      2599, 2662, 2663, -1,
      2599, 2663, 2600, -1,
      2600, 2663, 2664, -1,
      2600, 2664, 2601, -1,
      2601, 2664, 2665, -1,
      2601, 2665, 2602, -1,
      2602, 2665, 2666, -1,
      2602, 2666, 2603, -1,
      2603, 2666, 2667, -1,
      2603, 2667, 2604, -1,
      2604, 2667, 2668, -1,
      2604, 2668, 2605, -1,
      2605, 2668, 2669, -1,
      2605, 2669, 2606, -1,
      2606, 2669, 2670, -1,
      2606, 2670, 2607, -1,
      2607, 2670, 2671, -1,
      2607, 2671, 2608, -1,
      2608, 2671, 2672, -1,
      2608, 2672, 2609, -1,
      2609, 2672, 2673, -1,
      2609, 2673, 2610, -1,
      2610, 2673, 2674, -1,
      2610, 2674, 2611, -1,
      2611, 2674, 2675, -1,
      2611, 2675, 2612, -1,
      2612, 2675, 2676, -1,
      2612, 2676, 2613, -1,
      2613, 2676, 2677, -1,
      2613, 2677, 2614, -1,
      2614, 2677, 2678, -1,
      2614, 2678, 2615, -1,
      2615, 2678, 2679, -1,
      2615, 2679, 2616, -1,
      2616, 2679, 2680, -1,
      2616, 2680, 2617, -1,
      2617, 2680, 2681, -1,
      2617, 2681, 2618, -1,
      2618, 2681, 2682, -1,
      2618, 2682, 2619, -1,
      2619, 2682, 2683, -1,
      2619, 2683, 2620, -1,
      2620, 2683, 2684, -1,
      2620, 2684, 2621, -1,
      2621, 2684, 2685, -1,
      2621, 2685, 2622, -1,
      2622, 2685, 2686, -1,
      2622, 2686, 2623, -1,
      2623, 2686, 2687, -1,
      2623, 2687, 2624, -1,
      2624, 2687, 2688, -1,
      2624, 2688, 2625, -1,
      2625, 2688, 2689, -1,
      2625, 2689, 2626, -1,
      2626, 2689, 2690, -1,
      2626, 2690, 2627, -1,
      2627, 2690, 2691, -1,
      2627, 2691, 2628, -1,
      2628, 2691, 2692, -1,
      2628, 2692, 2629, -1,
      2629, 2692, 2693, -1,
      2629, 2693, 2630, -1,
      2630, 2693, 2694, -1,
      2630, 2694, 2631, -1,
      2631, 2694, 2695, -1,
      2631, 2695, 2632, -1,
      2632, 2695, 2696, -1,
      2632, 2696, 2633, -1,
      2633, 2696, 2697, -1,
      2633, 2697, 2634, -1,
      2634, 2697, 2698, -1,
      2634, 2698, 2635, -1,
      2635, 2698, 2699, -1,
      2635, 2699, 2636, -1,
      2636, 2699, 2700, -1,
      2636, 2700, 2637, -1,
      2637, 2700, 2701, -1,
      2637, 2701, 2638, -1,
      2638, 2701, 2702, -1,
      2638, 2702, 2639, -1,
      2639, 2702, 2703, -1,
      2639, 2703, 2640, -1,
      2640, 2703, 2704, -1,
      2640, 2704, 2641, -1,
      2641, 2704, 2705, -1,
      2641, 2705, 2642, -1,
      2642, 2705, 2706, -1,
      2642, 2706, 2643, -1,
      2643, 2706, 2707, -1,
      2643, 2707, 2644, -1,
      2644, 2707, 2708, -1,
      2644, 2708, 2645, -1,
      2645, 2708, 2646, -1,
      2708, 2709, 2646, -1,
      2646, 2709, 2710, -1,
      2646, 2710, 2647, -1,
      2647, 2710, 2711, -1,
      2647, 2711, 2648, -1,
      2648, 2711, 2712, -1,
      2648, 2712, 2649, -1,
      2649, 2712, 2713, -1,
      2649, 2713, 2650, -1,
      2650, 2713, 2714, -1,
      2650, 2714, 2651, -1,
      2651, 2714, 2715, -1,
      2651, 2715, 2652, -1,
      2652, 2715, 2716, -1,
      2652, 2716, 2653, -1,
      2653, 2716, 2717, -1,
      2653, 2717, 2654, -1,
      2654, 2717, 2718, -1,
      2654, 2718, 2655, -1,
      2655, 2718, 2719, -1,
      2655, 2719, 2656, -1,
      2656, 2719, 2720, -1,
      2656, 2720, 2657, -1,
      2657, 2720, 2721, -1,
      2657, 2721, 2658, -1,
      2658, 2721, 2722, -1,
      2658, 2722, 2659, -1,
      2659, 2722, 2723, -1,
      2659, 2723, 2660, -1,
      2660, 2723, 2724, -1,
      2660, 2724, 2661, -1,
      2661, 2724, 2725, -1,
      2661, 2725, 2662, -1,
      2662, 2725, 2726, -1,
      2662, 2726, 2663, -1,
      2663, 2726, 2727, -1,
      2663, 2727, 2664, -1,
      2664, 2727, 2728, -1,
      2664, 2728, 2665, -1,
      2665, 2728, 2729, -1,
      2665, 2729, 2666, -1,
      2666, 2729, 2730, -1,
      2666, 2730, 2667, -1,
      2667, 2730, 2731, -1,
      2667, 2731, 2668, -1,
      2668, 2731, 2732, -1,
      2668, 2732, 2669, -1,
      2669, 2732, 2733, -1,
      2669, 2733, 2670, -1,
      2670, 2733, 2734, -1,
      2670, 2734, 2671, -1,
      2671, 2734, 2735, -1,
      2671, 2735, 2672, -1,
      2672, 2735, 2736, -1,
      2672, 2736, 2673, -1,
      2673, 2736, 2737, -1,
      2673, 2737, 2674, -1,
      2674, 2737, 2738, -1,
      2674, 2738, 2675, -1,
      2675, 2738, 2739, -1,
      2675, 2739, 2676, -1,
      2676, 2739, 2740, -1,
      2676, 2740, 2677, -1,
      2677, 2740, 2741, -1,
      2677, 2741, 2678, -1,
      2678, 2741, 2742, -1,
      2678, 2742, 2679, -1,
      2679, 2742, 2743, -1,
      2679, 2743, 2680, -1,
      2680, 2743, 2744, -1,
      2680, 2744, 2681, -1,
      2681, 2744, 2745, -1,
      2681, 2745, 2682, -1,
      2682, 2745, 2746, -1,
      2682, 2746, 2683, -1,
      2683, 2746, 2747, -1,
      2683, 2747, 2684, -1,
      2684, 2747, 2748, -1,
      2684, 2748, 2685, -1,
      2685, 2748, 2749, -1,
      2685, 2749, 2686, -1,
      2686, 2749, 2750, -1,
      2686, 2750, 2687, -1,
      2687, 2750, 2751, -1,
      2687, 2751, 2688, -1,
      2688, 2751, 2752, -1,
      2688, 2752, 2689, -1,
      2689, 2752, 2753, -1,
      2689, 2753, 2690, -1,
      2690, 2753, 2754, -1,
      2690, 2754, 2691, -1,
      2691, 2754, 2755, -1,
      2691, 2755, 2692, -1,
      2692, 2755, 2756, -1,
      2692, 2756, 2693, -1,
      2693, 2756, 2757, -1,
      2693, 2757, 2694, -1,
      2694, 2757, 2758, -1,
      2694, 2758, 2695, -1,
      2695, 2758, 2759, -1,
      2695, 2759, 2696, -1,
      2696, 2759, 2760, -1,
      2696, 2760, 2697, -1,
      2697, 2760, 2761, -1,
      2697, 2761, 2698, -1,
      2698, 2761, 2762, -1,
      2698, 2762, 2699, -1,
      2699, 2762, 2763, -1,
      2699, 2763, 2700, -1,
      2700, 2763, 2764, -1,
      2700, 2764, 2701, -1,
      2701, 2764, 2765, -1,
      2701, 2765, 2702, -1,
      2702, 2765, 2766, -1,
      2702, 2766, 2703, -1,
      2703, 2766, 2767, -1,
      2703, 2767, 2704, -1,
      2704, 2767, 2768, -1,
      2704, 2768, 2705, -1,
      2705, 2768, 2769, -1,
      2705, 2769, 2706, -1,
      2706, 2769, 2770, -1,
      2706, 2770, 2707, -1,
      2707, 2770, 2771, -1,
      2707, 2771, 2708, -1,
      2708, 2771, 2709, -1,
      2771, 1373, 2709, -1,
      2709, 1373, 1371, -1,
      2709, 1371, 2710, -1,
      2710, 1371, 1369, -1,
      2710, 1369, 2711, -1,
      2711, 1369, 1367, -1,
      2711, 1367, 2712, -1,
      2712, 1367, 1365, -1,
      2712, 1365, 2713, -1,
      2713, 1365, 1363, -1,
      2713, 1363, 2714, -1,
      2714, 1363, 1361, -1,
      2714, 1361, 2715, -1,
      2715, 1361, 1360, -1,
      2715, 1360, 2716, -1,
      2716, 1360, 1296, -1,
      2716, 1296, 2717, -1,
      2717, 1296, 1294, -1,
      2717, 1294, 2718, -1,
      2718, 1294, 1292, -1,
      2718, 1292, 2719, -1,
      2719, 1292, 1290, -1,
      2719, 1290, 2720, -1,
      2720, 1290, 1288, -1,
      2720, 1288, 2721, -1,
      2721, 1288, 1286, -1,
      2721, 1286, 2722, -1,
      2722, 1286, 1284, -1,
      2722, 1284, 2723, -1,
      2723, 1284, 1282, -1,
      2723, 1282, 2724, -1,
      2724, 1282, 1280, -1,
      2724, 1280, 2725, -1,
      2725, 1280, 1278, -1,
      2725, 1278, 2726, -1,
      2726, 1278, 1276, -1,
      2726, 1276, 2727, -1,
      2727, 1276, 1274, -1,
      2727, 1274, 2728, -1,
      2728, 1274, 1272, -1,
      2728, 1272, 2729, -1,
      2729, 1272, 1270, -1,
      2729, 1270, 2730, -1,
      2730, 1270, 1268, -1,
      2730, 1268, 2731, -1,
      2731, 1268, 1328, -1,
      2731, 1328, 2732, -1,
      2732, 1328, 1327, -1,
      2732, 1327, 2733, -1,
      2733, 1327, 1325, -1,
      2733, 1325, 2734, -1,
      2734, 1325, 1323, -1,
      2734, 1323, 2735, -1,
      2735, 1323, 1321, -1,
      2735, 1321, 2736, -1,
      2736, 1321, 1319, -1,
      2736, 1319, 2737, -1,
      2737, 1319, 1317, -1,
      2737, 1317, 2738, -1,
      2738, 1317, 1315, -1,
      2738, 1315, 2739, -1,
      2739, 1315, 1313, -1,
      2739, 1313, 2740, -1,
      2740, 1313, 1311, -1,
      2740, 1311, 2741, -1,
      2741, 1311, 1309, -1,
      2741, 1309, 2742, -1,
      2742, 1309, 1307, -1,
      2742, 1307, 2743, -1,
      2743, 1307, 1305, -1,
      2743, 1305, 2744, -1,
      2744, 1305, 1303, -1,
      2744, 1303, 2745, -1,
      2745, 1303, 1301, -1,
      2745, 1301, 2746, -1,
      2746, 1301, 1299, -1,
      2746, 1299, 2747, -1,
      2747, 1299, 1359, -1,
      2747, 1359, 2748, -1,
      2748, 1359, 1358, -1,
      2748, 1358, 2749, -1,
      2749, 1358, 1356, -1,
      2749, 1356, 2750, -1,
      2750, 1356, 1354, -1,
      2750, 1354, 2751, -1,
      2751, 1354, 1352, -1,
      2751, 1352, 2752, -1,
      2752, 1352, 1350, -1,
      2752, 1350, 2753, -1,
      2753, 1350, 1348, -1,
      2753, 1348, 2754, -1,
      2754, 1348, 1346, -1,
      2754, 1346, 2755, -1,
      2755, 1346, 1344, -1,
      2755, 1344, 2756, -1,
      2756, 1344, 1342, -1,
      2756, 1342, 2757, -1,
      2757, 1342, 1340, -1,
      2757, 1340, 2758, -1,
      2758, 1340, 1338, -1,
      2758, 1338, 2759, -1,
      2759, 1338, 1336, -1,
      2759, 1336, 2760, -1,
      2760, 1336, 1334, -1,
      2760, 1334, 2761, -1,
      2761, 1334, 1332, -1,
      2761, 1332, 2762, -1,
      2762, 1332, 1330, -1,
      2762, 1330, 2763, -1,
      2763, 1330, 1388, -1,
      2763, 1388, 2764, -1,
      2764, 1388, 1387, -1,
      2764, 1387, 2765, -1,
      2765, 1387, 1385, -1,
      2765, 1385, 2766, -1,
      2766, 1385, 1383, -1,
      2766, 1383, 2767, -1,
      2767, 1383, 1381, -1,
      2767, 1381, 2768, -1,
      2768, 1381, 1379, -1,
      2768, 1379, 2769, -1,
      2769, 1379, 1377, -1,
      2769, 1377, 2770, -1,
      2770, 1377, 1375, -1,
      2770, 1375, 2771, -1,
      2771, 1375, 1373, -1,
      3, 2772, 8, -1,
      8, 2772, 2773, -1,
      2773, 2774, 8, -1,
      8, 2774, 2775, -1,
      8, 2775, 9, -1,
      2775, 2776, 9, -1,
      9, 2776, 2777, -1,
      9, 2777, 10, -1,
      2777, 2778, 10, -1,
      10, 2778, 2779, -1,
      10, 2779, 11, -1,
      11, 2779, 2780, -1,
      2780, 2781, 11, -1,
      11, 2781, 2782, -1,
      11, 2782, 6, -1,
      2782, 2783, 6, -1,
      6, 2783, 2784, -1,
      6, 2784, 7, -1,
      7, 2784, 2785, -1,
      2785, 2786, 7, -1,
      7, 2786, 2787, -1,
      7, 2787, 5, -1,
      5, 2787, 2788, -1,
      5, 2788, 2789, -1,
      2790, 59, 2789, -1,
      2789, 59, 4, -1,
      2789, 4, 5, -1,
      2790, 2791, 59, -1,
      59, 2791, 2792, -1,
      59, 2792, 60, -1,
      60, 2792, 2793, -1,
      60, 2793, 56, -1,
      56, 2793, 57, -1,
      57, 2793, 2794, -1,
      57, 2794, 58, -1,
      58, 2794, 2795, -1,
      58, 2795, 55, -1,
      55, 2795, 2796, -1,
      55, 2796, 54, -1,
      54, 2796, 2797, -1,
      54, 2797, 53, -1,
      53, 2797, 2798, -1,
      53, 2798, 49, -1,
      49, 2798, 2799, -1,
      49, 2799, 50, -1,
      2799, 2800, 50, -1,
      50, 2800, 2801, -1,
      50, 2801, 51, -1,
      51, 2801, 2802, -1,
      2802, 2803, 51, -1,
      51, 2803, 2804, -1,
      51, 2804, 52, -1,
      2804, 2805, 52, -1,
      52, 2805, 2806, -1,
      52, 2806, 48, -1,
      2806, 2807, 48, -1,
      48, 2807, 2808, -1,
      48, 2808, 46, -1,
      46, 2808, 2809, -1,
      46, 2809, 47, -1,
      2809, 2810, 47, -1,
      47, 2810, 2811, -1,
      47, 2811, 41, -1,
      41, 2811, 2812, -1,
      2812, 2813, 41, -1,
      41, 2813, 2814, -1,
      41, 2814, 42, -1,
      2814, 2815, 42, -1,
      42, 2815, 2816, -1,
      42, 2816, 43, -1,
      2816, 2817, 43, -1,
      43, 2817, 2818, -1,
      43, 2818, 44, -1,
      44, 2818, 45, -1,
      2818, 2819, 45, -1,
      45, 2819, 2820, -1,
      45, 2820, 36, -1,
      36, 2820, 2821, -1,
      36, 2821, 37, -1,
      2821, 2822, 37, -1,
      37, 2822, 2823, -1,
      37, 2823, 38, -1,
      38, 2823, 2824, -1,
      2824, 2825, 38, -1,
      38, 2825, 2826, -1,
      38, 2826, 39, -1,
      39, 2826, 2827, -1,
      39, 2827, 2828, -1,
      31, 30, 2829, -1,
      2829, 30, 2828, -1,
      2828, 30, 40, -1,
      2828, 40, 39, -1,
      2829, 2830, 31, -1,
      31, 2830, 2831, -1,
      31, 2831, 32, -1,
      2831, 2832, 32, -1,
      32, 2832, 2833, -1,
      32, 2833, 33, -1,
      33, 2833, 2834, -1,
      2834, 2835, 33, -1,
      33, 2835, 2836, -1,
      33, 2836, 34, -1,
      2836, 2837, 34, -1,
      34, 2837, 2838, -1,
      34, 2838, 35, -1,
      35, 2838, 2839, -1,
      35, 2839, 26, -1,
      26, 2839, 2840, -1,
      26, 2840, 27, -1,
      27, 2840, 2841, -1,
      27, 2841, 28, -1,
      28, 2841, 2842, -1,
      28, 2842, 29, -1,
      29, 2842, 2843, -1,
      29, 2843, 23, -1,
      23, 2843, 2844, -1,
      23, 2844, 24, -1,
      24, 2844, 2845, -1,
      2846, 21, 2845, -1,
      2845, 21, 25, -1,
      2845, 25, 24, -1,
      2846, 2847, 21, -1,
      21, 2847, 2848, -1,
      21, 2848, 22, -1,
      22, 2848, 2849, -1,
      22, 2849, 17, -1,
      17, 2849, 2850, -1,
      17, 2850, 18, -1,
      18, 2850, 2851, -1,
      2851, 2852, 18, -1,
      18, 2852, 2853, -1,
      18, 2853, 19, -1,
      2853, 2854, 19, -1,
      19, 2854, 2855, -1,
      19, 2855, 20, -1,
      20, 2855, 2856, -1,
      2856, 2857, 20, -1,
      20, 2857, 2858, -1,
      20, 2858, 14, -1,
      14, 2858, 2859, -1,
      14, 2859, 15, -1,
      15, 2859, 2860, -1,
      15, 2860, 16, -1,
      2860, 2861, 16, -1,
      16, 2861, 2862, -1,
      16, 2862, 13, -1,
      13, 2862, 2863, -1,
      2863, 2864, 13, -1,
      13, 2864, 2865, -1,
      13, 2865, 12, -1,
      2865, 2866, 12, -1,
      12, 2866, 2867, -1,
      12, 2867, 2, -1,
      2, 2867, 2868, -1,
      2, 2868, 1, -1,
      1, 2868, 2869, -1,
      1, 2869, 0, -1,
      0, 2869, 2870, -1,
      0, 2870, 3, -1,
      3, 2870, 2871, -1,
      3, 2871, 2772, -1,
      2818, 2817, 2872, -1,
      2815, 2814, 2873, -1,
      2810, 2809, 2874, -1,
      2808, 2807, 2875, -1,
      2803, 2802, 2876, -1,
      2798, 2797, 2877, -1,
      2793, 2792, 2878, -1,
      2789, 2788, 2879, -1,
      2786, 2785, 2880, -1,
      2781, 2780, 2881, -1,
      2776, 2775, 2882, -1,
      2871, 2870, 2883, -1,
      2869, 2868, 2884, -1,
      2867, 2866, 2885, -1,
      2864, 2863, 2886, -1,
      2859, 2858, 2887, -1,
      2854, 2853, 2888, -1,
      2849, 2848, 2889, -1,
      2847, 2846, 2890, -1,
      2842, 2841, 2891, -1,
      2837, 2836, 2892, -1,
      2832, 2831, 2893, -1,
      2830, 2829, 2894, -1,
      2828, 2827, 2895, -1,
      2825, 2824, 2896, -1,
      2897, 1380, 1382, -1,
      1378, 1380, 2898, -1,
      2898, 1380, 2897, -1,
      2898, 2897, 2899, -1,
      1376, 1378, 2900, -1,
      2900, 1378, 2898, -1,
      2900, 2898, 2901, -1,
      2901, 2898, 2899, -1,
      2901, 2899, 2902, -1,
      1374, 1376, 2903, -1,
      2903, 1376, 2900, -1,
      2903, 2900, 2904, -1,
      2904, 2900, 2901, -1,
      2904, 2901, 2905, -1,
      2905, 2901, 2902, -1,
      2905, 2902, 2906, -1,
      1372, 1374, 2907, -1,
      2907, 1374, 2903, -1,
      2907, 2903, 2908, -1,
      2908, 2903, 2904, -1,
      2908, 2904, 2909, -1,
      2909, 2904, 2905, -1,
      2909, 2905, 2910, -1,
      2910, 2905, 2906, -1,
      2910, 2906, 2872, -1,
      2911, 2912, 2913, -1,
      2896, 2914, 2915, -1,
      2915, 2914, 2916, -1,
      2915, 2916, 2917, -1,
      2917, 2916, 2918, -1,
      2917, 2918, 2919, -1,
      1333, 1335, 2920, -1,
      2920, 1335, 2921, -1,
      2920, 2921, 2922, -1,
      2922, 2921, 2923, -1,
      2922, 2923, 2924, -1,
      2924, 2923, 2925, -1,
      2924, 2925, 2926, -1,
      2926, 2925, 2927, -1,
      2926, 2927, 2928, -1,
      2928, 2927, 2892, -1,
      1339, 1341, 2929, -1,
      2929, 1341, 2930, -1,
      2929, 2930, 2931, -1,
      2931, 2930, 2932, -1,
      2931, 2932, 2933, -1,
      2933, 2932, 2934, -1,
      2933, 2934, 2935, -1,
      2935, 2934, 2936, -1,
      2935, 2936, 2937, -1,
      2937, 2936, 2891, -1,
      1345, 1347, 2938, -1,
      2938, 1347, 2939, -1,
      2938, 2939, 2940, -1,
      2940, 2939, 2941, -1,
      2940, 2941, 2942, -1,
      2942, 2941, 2943, -1,
      2942, 2943, 2944, -1,
      2944, 2943, 2945, -1,
      2944, 2945, 2946, -1,
      2946, 2945, 2890, -1,
      1353, 1355, 2947, -1,
      2947, 1355, 2948, -1,
      2947, 2948, 2949, -1,
      2949, 2948, 2950, -1,
      2949, 2950, 2951, -1,
      2951, 2950, 2952, -1,
      2951, 2952, 2953, -1,
      2953, 2952, 2954, -1,
      2953, 2954, 2955, -1,
      2955, 2954, 2888, -1,
      1298, 1300, 2956, -1,
      2956, 1300, 2957, -1,
      2956, 2957, 2958, -1,
      2958, 2957, 2959, -1,
      2958, 2959, 2960, -1,
      2960, 2959, 2961, -1,
      2960, 2961, 2962, -1,
      2962, 2961, 2963, -1,
      2962, 2963, 2964, -1,
      2964, 2963, 2887, -1,
      1304, 1306, 2965, -1,
      2965, 1306, 2966, -1,
      2965, 2966, 2967, -1,
      2967, 2966, 2968, -1,
      2967, 2968, 2969, -1,
      2969, 2968, 2970, -1,
      2969, 2970, 2971, -1,
      2971, 2970, 2972, -1,
      2971, 2972, 2973, -1,
      2973, 2972, 2886, -1,
      1318, 1320, 2974, -1,
      2974, 1320, 2975, -1,
      2974, 2975, 2976, -1,
      2976, 2975, 2977, -1,
      2976, 2977, 2978, -1,
      2978, 2977, 2979, -1,
      2978, 2979, 2980, -1,
      2980, 2979, 2981, -1,
      2980, 2981, 2982, -1,
      2982, 2981, 2882, -1,
      1324, 1326, 2983, -1,
      2983, 1326, 2984, -1,
      2983, 2984, 2985, -1,
      2985, 2984, 2986, -1,
      2985, 2986, 2987, -1,
      2987, 2986, 2988, -1,
      2987, 2988, 2989, -1,
      2989, 2988, 2990, -1,
      2989, 2990, 2991, -1,
      2991, 2990, 2881, -1,
      1269, 1271, 2992, -1,
      2992, 1271, 2993, -1,
      2992, 2993, 2994, -1,
      2994, 2993, 2995, -1,
      2994, 2995, 2996, -1,
      2996, 2995, 2997, -1,
      2996, 2997, 2998, -1,
      2998, 2997, 2999, -1,
      2998, 2999, 3000, -1,
      3000, 2999, 2880, -1,
      1277, 1279, 3001, -1,
      3001, 1279, 3002, -1,
      3001, 3002, 3003, -1,
      3003, 3002, 3004, -1,
      3003, 3004, 3005, -1,
      3005, 3004, 3006, -1,
      3005, 3006, 3007, -1,
      3007, 3006, 3008, -1,
      3007, 3008, 3009, -1,
      3009, 3008, 2878, -1,
      1283, 1285, 3010, -1,
      3010, 1285, 3011, -1,
      3010, 3011, 3012, -1,
      3012, 3011, 3013, -1,
      3012, 3013, 3014, -1,
      3014, 3013, 3015, -1,
      3014, 3015, 3016, -1,
      3016, 3015, 3017, -1,
      3016, 3017, 3018, -1,
      3018, 3017, 2877, -1,
      1289, 1291, 3019, -1,
      3019, 1291, 3020, -1,
      3019, 3020, 3021, -1,
      3021, 3020, 3022, -1,
      3021, 3022, 3023, -1,
      3023, 3022, 3024, -1,
      3023, 3024, 3025, -1,
      3025, 3024, 3026, -1,
      3025, 3026, 3027, -1,
      3027, 3026, 2876, -1,
      1295, 1297, 3028, -1,
      3028, 1297, 3029, -1,
      3028, 3029, 3030, -1,
      3030, 3029, 3031, -1,
      3030, 3031, 3032, -1,
      3032, 3031, 3033, -1,
      3032, 3033, 3034, -1,
      3034, 3033, 3035, -1,
      3034, 3035, 3036, -1,
      3036, 3035, 2875, -1,
      1366, 1368, 3037, -1,
      3037, 1368, 3038, -1,
      3037, 3038, 3039, -1,
      3039, 3038, 3040, -1,
      3039, 3040, 3041, -1,
      3041, 3040, 3042, -1,
      3041, 3042, 3043, -1,
      3043, 3042, 3044, -1,
      3043, 3044, 3045, -1,
      3045, 3044, 2873, -1,
      2819, 2913, 2820, -1,
      2820, 2913, 2912, -1,
      2820, 2912, 2821, -1,
      2822, 2821, 2914, -1,
      2914, 2821, 2912, -1,
      2914, 2912, 2916, -1,
      2916, 2912, 2911, -1,
      2916, 2911, 2918, -1,
      2896, 2824, 2914, -1,
      2914, 2824, 2823, -1,
      2914, 2823, 2822, -1,
      2826, 2825, 3046, -1,
      3046, 2825, 2896, -1,
      3046, 2896, 3047, -1,
      3047, 2896, 2915, -1,
      3047, 2915, 3048, -1,
      3048, 2915, 2917, -1,
      3048, 2917, 3049, -1,
      3049, 2917, 2919, -1,
      3049, 2919, 3050, -1,
      1382, 1384, 3050, -1,
      3050, 1384, 3051, -1,
      3050, 3051, 3049, -1,
      3049, 3051, 3052, -1,
      3049, 3052, 3048, -1,
      3048, 3052, 3053, -1,
      3048, 3053, 3047, -1,
      3047, 3053, 3054, -1,
      3047, 3054, 3046, -1,
      3046, 3054, 2895, -1,
      3046, 2895, 2826, -1,
      2826, 2895, 2827, -1,
      2829, 2828, 2894, -1,
      2894, 2828, 2895, -1,
      2894, 2895, 3055, -1,
      3055, 2895, 3054, -1,
      3055, 3054, 3056, -1,
      3056, 3054, 3053, -1,
      3056, 3053, 3057, -1,
      3057, 3053, 3052, -1,
      3057, 3052, 3058, -1,
      3058, 3052, 3051, -1,
      3058, 3051, 1386, -1,
      1386, 3051, 1384, -1,
      1386, 1329, 3058, -1,
      3058, 1329, 3059, -1,
      3058, 3059, 3057, -1,
      3057, 3059, 3060, -1,
      3057, 3060, 3056, -1,
      3056, 3060, 3061, -1,
      3056, 3061, 3055, -1,
      3055, 3061, 3062, -1,
      3055, 3062, 2894, -1,
      2894, 3062, 2893, -1,
      2894, 2893, 2830, -1,
      2830, 2893, 2831, -1,
      2833, 2832, 3063, -1,
      3063, 2832, 2893, -1,
      3063, 2893, 3064, -1,
      3064, 2893, 3062, -1,
      3064, 3062, 3065, -1,
      3065, 3062, 3061, -1,
      3065, 3061, 3066, -1,
      3066, 3061, 3060, -1,
      3066, 3060, 3067, -1,
      3067, 3060, 3059, -1,
      3067, 3059, 1331, -1,
      1331, 3059, 1329, -1,
      1331, 1333, 3067, -1,
      3067, 1333, 2920, -1,
      3067, 2920, 3066, -1,
      3066, 2920, 2922, -1,
      3066, 2922, 3065, -1,
      3065, 2922, 2924, -1,
      3065, 2924, 3064, -1,
      3064, 2924, 2926, -1,
      3064, 2926, 3063, -1,
      3063, 2926, 2928, -1,
      3063, 2928, 2833, -1,
      2833, 2928, 2834, -1,
      2892, 2836, 2928, -1,
      2928, 2836, 2835, -1,
      2928, 2835, 2834, -1,
      2838, 2837, 3068, -1,
      3068, 2837, 2892, -1,
      3068, 2892, 3069, -1,
      3069, 2892, 2927, -1,
      3069, 2927, 3070, -1,
      3070, 2927, 2925, -1,
      3070, 2925, 3071, -1,
      3071, 2925, 2923, -1,
      3071, 2923, 3072, -1,
      3072, 2923, 2921, -1,
      3072, 2921, 1337, -1,
      1337, 2921, 1335, -1,
      1337, 1339, 3072, -1,
      3072, 1339, 2929, -1,
      3072, 2929, 3071, -1,
      3071, 2929, 2931, -1,
      3071, 2931, 3070, -1,
      3070, 2931, 2933, -1,
      3070, 2933, 3069, -1,
      3069, 2933, 2935, -1,
      3069, 2935, 3068, -1,
      3068, 2935, 2937, -1,
      3068, 2937, 2838, -1,
      2838, 2937, 2839, -1,
      2891, 2841, 2937, -1,
      2937, 2841, 2840, -1,
      2937, 2840, 2839, -1,
      2843, 2842, 3073, -1,
      3073, 2842, 2891, -1,
      3073, 2891, 3074, -1,
      3074, 2891, 2936, -1,
      3074, 2936, 3075, -1,
      3075, 2936, 2934, -1,
      3075, 2934, 3076, -1,
      3076, 2934, 2932, -1,
      3076, 2932, 3077, -1,
      3077, 2932, 2930, -1,
      3077, 2930, 1343, -1,
      1343, 2930, 1341, -1,
      1343, 1345, 3077, -1,
      3077, 1345, 2938, -1,
      3077, 2938, 3076, -1,
      3076, 2938, 2940, -1,
      3076, 2940, 3075, -1,
      3075, 2940, 2942, -1,
      3075, 2942, 3074, -1,
      3074, 2942, 2944, -1,
      3074, 2944, 3073, -1,
      3073, 2944, 2946, -1,
      3073, 2946, 2843, -1,
      2843, 2946, 2844, -1,
      2890, 2846, 2946, -1,
      2946, 2846, 2845, -1,
      2946, 2845, 2844, -1,
      2848, 2847, 2889, -1,
      2889, 2847, 2890, -1,
      2889, 2890, 3078, -1,
      3078, 2890, 2945, -1,
      3078, 2945, 3079, -1,
      3079, 2945, 2943, -1,
      3079, 2943, 3080, -1,
      3080, 2943, 2941, -1,
      3080, 2941, 3081, -1,
      3081, 2941, 2939, -1,
      3081, 2939, 1349, -1,
      1349, 2939, 1347, -1,
      2850, 2849, 3082, -1,
      3082, 2849, 2889, -1,
      3082, 2889, 3083, -1,
      3083, 2889, 3078, -1,
      3083, 3078, 3084, -1,
      3084, 3078, 3079, -1,
      3084, 3079, 3085, -1,
      3085, 3079, 3080, -1,
      3085, 3080, 3086, -1,
      3086, 3080, 3081, -1,
      3086, 3081, 1351, -1,
      1351, 3081, 1349, -1,
      1351, 1353, 3086, -1,
      3086, 1353, 2947, -1,
      3086, 2947, 3085, -1,
      3085, 2947, 2949, -1,
      3085, 2949, 3084, -1,
      3084, 2949, 2951, -1,
      3084, 2951, 3083, -1,
      3083, 2951, 2953, -1,
      3083, 2953, 3082, -1,
      3082, 2953, 2955, -1,
      3082, 2955, 2850, -1,
      2850, 2955, 2851, -1,
      2888, 2853, 2955, -1,
      2955, 2853, 2852, -1,
      2955, 2852, 2851, -1,
      2855, 2854, 3087, -1,
      3087, 2854, 2888, -1,
      3087, 2888, 3088, -1,
      3088, 2888, 2954, -1,
      3088, 2954, 3089, -1,
      3089, 2954, 2952, -1,
      3089, 2952, 3090, -1,
      3090, 2952, 2950, -1,
      3090, 2950, 3091, -1,
      3091, 2950, 2948, -1,
      3091, 2948, 1357, -1,
      1357, 2948, 1355, -1,
      1357, 1298, 3091, -1,
      3091, 1298, 2956, -1,
      3091, 2956, 3090, -1,
      3090, 2956, 2958, -1,
      3090, 2958, 3089, -1,
      3089, 2958, 2960, -1,
      3089, 2960, 3088, -1,
      3088, 2960, 2962, -1,
      3088, 2962, 3087, -1,
      3087, 2962, 2964, -1,
      3087, 2964, 2855, -1,
      2855, 2964, 2856, -1,
      2887, 2858, 2964, -1,
      2964, 2858, 2857, -1,
      2964, 2857, 2856, -1,
      2860, 2859, 3092, -1,
      3092, 2859, 2887, -1,
      3092, 2887, 3093, -1,
      3093, 2887, 2963, -1,
      3093, 2963, 3094, -1,
      3094, 2963, 2961, -1,
      3094, 2961, 3095, -1,
      3095, 2961, 2959, -1,
      3095, 2959, 3096, -1,
      3096, 2959, 2957, -1,
      3096, 2957, 1302, -1,
      1302, 2957, 1300, -1,
      1302, 1304, 3096, -1,
      3096, 1304, 2965, -1,
      3096, 2965, 3095, -1,
      3095, 2965, 2967, -1,
      3095, 2967, 3094, -1,
      3094, 2967, 2969, -1,
      3094, 2969, 3093, -1,
      3093, 2969, 2971, -1,
      3093, 2971, 3092, -1,
      3092, 2971, 2973, -1,
      3092, 2973, 2860, -1,
      2860, 2973, 2861, -1,
      2886, 2863, 2973, -1,
      2973, 2863, 2862, -1,
      2973, 2862, 2861, -1,
      2865, 2864, 3097, -1,
      3097, 2864, 2886, -1,
      3097, 2886, 3098, -1,
      3098, 2886, 2972, -1,
      3098, 2972, 3099, -1,
      3099, 2972, 2970, -1,
      3099, 2970, 3100, -1,
      3100, 2970, 2968, -1,
      3100, 2968, 3101, -1,
      3101, 2968, 2966, -1,
      3101, 2966, 1308, -1,
      1308, 2966, 1306, -1,
      1308, 1310, 3101, -1,
      3101, 1310, 3102, -1,
      3101, 3102, 3100, -1,
      3100, 3102, 3103, -1,
      3100, 3103, 3099, -1,
      3099, 3103, 3104, -1,
      3099, 3104, 3098, -1,
      3098, 3104, 3105, -1,
      3098, 3105, 3097, -1,
      3097, 3105, 2885, -1,
      3097, 2885, 2865, -1,
      2865, 2885, 2866, -1,
      2868, 2867, 2884, -1,
      2884, 2867, 2885, -1,
      2884, 2885, 3106, -1,
      3106, 2885, 3105, -1,
      3106, 3105, 3107, -1,
      3107, 3105, 3104, -1,
      3107, 3104, 3108, -1,
      3108, 3104, 3103, -1,
      3108, 3103, 3109, -1,
      3109, 3103, 3102, -1,
      3109, 3102, 1312, -1,
      1312, 3102, 1310, -1,
      1312, 1314, 3109, -1,
      3109, 1314, 3110, -1,
      3109, 3110, 3108, -1,
      3108, 3110, 3111, -1,
      3108, 3111, 3107, -1,
      3107, 3111, 3112, -1,
      3107, 3112, 3106, -1,
      3106, 3112, 3113, -1,
      3106, 3113, 2884, -1,
      2884, 3113, 2883, -1,
      2884, 2883, 2869, -1,
      2869, 2883, 2870, -1,
      2772, 2871, 3114, -1,
      3114, 2871, 2883, -1,
      3114, 2883, 3115, -1,
      3115, 2883, 3113, -1,
      3115, 3113, 3116, -1,
      3116, 3113, 3112, -1,
      3116, 3112, 3117, -1,
      3117, 3112, 3111, -1,
      3117, 3111, 3118, -1,
      3118, 3111, 3110, -1,
      3118, 3110, 1316, -1,
      1316, 3110, 1314, -1,
      1316, 1318, 3118, -1,
      3118, 1318, 2974, -1,
      3118, 2974, 3117, -1,
      3117, 2974, 2976, -1,
      3117, 2976, 3116, -1,
      3116, 2976, 2978, -1,
      3116, 2978, 3115, -1,
      3115, 2978, 2980, -1,
      3115, 2980, 3114, -1,
      3114, 2980, 2982, -1,
      3114, 2982, 2772, -1,
      2772, 2982, 2773, -1,
      2882, 2775, 2982, -1,
      2982, 2775, 2774, -1,
      2982, 2774, 2773, -1,
      2777, 2776, 3119, -1,
      3119, 2776, 2882, -1,
      3119, 2882, 3120, -1,
      3120, 2882, 2981, -1,
      3120, 2981, 3121, -1,
      3121, 2981, 2979, -1,
      3121, 2979, 3122, -1,
      3122, 2979, 2977, -1,
      3122, 2977, 3123, -1,
      3123, 2977, 2975, -1,
      3123, 2975, 1322, -1,
      1322, 2975, 1320, -1,
      1322, 1324, 3123, -1,
      3123, 1324, 2983, -1,
      3123, 2983, 3122, -1,
      3122, 2983, 2985, -1,
      3122, 2985, 3121, -1,
      3121, 2985, 2987, -1,
      3121, 2987, 3120, -1,
      3120, 2987, 2989, -1,
      3120, 2989, 3119, -1,
      3119, 2989, 2991, -1,
      3119, 2991, 2777, -1,
      2777, 2991, 2778, -1,
      2881, 2780, 2991, -1,
      2991, 2780, 2779, -1,
      2991, 2779, 2778, -1,
      2782, 2781, 3124, -1,
      3124, 2781, 2881, -1,
      3124, 2881, 3125, -1,
      3125, 2881, 2990, -1,
      3125, 2990, 3126, -1,
      3126, 2990, 2988, -1,
      3126, 2988, 3127, -1,
      3127, 2988, 2986, -1,
      3127, 2986, 3128, -1,
      3128, 2986, 2984, -1,
      3128, 2984, 1267, -1,
      1267, 2984, 1326, -1,
      1267, 1269, 3128, -1,
      3128, 1269, 2992, -1,
      3128, 2992, 3127, -1,
      3127, 2992, 2994, -1,
      3127, 2994, 3126, -1,
      3126, 2994, 2996, -1,
      3126, 2996, 3125, -1,
      3125, 2996, 2998, -1,
      3125, 2998, 3124, -1,
      3124, 2998, 3000, -1,
      3124, 3000, 2782, -1,
      2782, 3000, 2783, -1,
      2880, 2785, 3000, -1,
      3000, 2785, 2784, -1,
      3000, 2784, 2783, -1,
      2787, 2786, 3129, -1,
      3129, 2786, 2880, -1,
      3129, 2880, 3130, -1,
      3130, 2880, 2999, -1,
      3130, 2999, 3131, -1,
      3131, 2999, 2997, -1,
      3131, 2997, 3132, -1,
      3132, 2997, 2995, -1,
      3132, 2995, 3133, -1,
      3133, 2995, 2993, -1,
      3133, 2993, 1273, -1,
      1273, 2993, 1271, -1,
      1273, 1275, 3133, -1,
      3133, 1275, 3134, -1,
      3133, 3134, 3132, -1,
      3132, 3134, 3135, -1,
      3132, 3135, 3131, -1,
      3131, 3135, 3136, -1,
      3131, 3136, 3130, -1,
      3130, 3136, 3137, -1,
      3130, 3137, 3129, -1,
      3129, 3137, 2879, -1,
      3129, 2879, 2787, -1,
      2787, 2879, 2788, -1,
      2790, 2789, 3009, -1,
      3009, 2789, 2879, -1,
      3009, 2879, 3007, -1,
      3007, 2879, 3137, -1,
      3007, 3137, 3005, -1,
      3005, 3137, 3136, -1,
      3005, 3136, 3003, -1,
      3003, 3136, 3135, -1,
      3003, 3135, 3001, -1,
      3001, 3135, 3134, -1,
      3001, 3134, 1277, -1,
      1277, 3134, 1275, -1,
      2878, 2792, 3009, -1,
      3009, 2792, 2791, -1,
      3009, 2791, 2790, -1,
      2794, 2793, 3138, -1,
      3138, 2793, 2878, -1,
      3138, 2878, 3139, -1,
      3139, 2878, 3008, -1,
      3139, 3008, 3140, -1,
      3140, 3008, 3006, -1,
      3140, 3006, 3141, -1,
      3141, 3006, 3004, -1,
      3141, 3004, 3142, -1,
      3142, 3004, 3002, -1,
      3142, 3002, 1281, -1,
      1281, 3002, 1279, -1,
      1281, 1283, 3142, -1,
      3142, 1283, 3010, -1,
      3142, 3010, 3141, -1,
      3141, 3010, 3012, -1,
      3141, 3012, 3140, -1,
      3140, 3012, 3014, -1,
      3140, 3014, 3139, -1,
      3139, 3014, 3016, -1,
      3139, 3016, 3138, -1,
      3138, 3016, 3018, -1,
      3138, 3018, 2794, -1,
      2794, 3018, 2795, -1,
      2877, 2797, 3018, -1,
      3018, 2797, 2796, -1,
      3018, 2796, 2795, -1,
      2799, 2798, 3143, -1,
      3143, 2798, 2877, -1,
      3143, 2877, 3144, -1,
      3144, 2877, 3017, -1,
      3144, 3017, 3145, -1,
      3145, 3017, 3015, -1,
      3145, 3015, 3146, -1,
      3146, 3015, 3013, -1,
      3146, 3013, 3147, -1,
      3147, 3013, 3011, -1,
      3147, 3011, 1287, -1,
      1287, 3011, 1285, -1,
      1287, 1289, 3147, -1,
      3147, 1289, 3019, -1,
      3147, 3019, 3146, -1,
      3146, 3019, 3021, -1,
      3146, 3021, 3145, -1,
      3145, 3021, 3023, -1,
      3145, 3023, 3144, -1,
      3144, 3023, 3025, -1,
      3144, 3025, 3143, -1,
      3143, 3025, 3027, -1,
      3143, 3027, 2799, -1,
      2799, 3027, 2800, -1,
      2876, 2802, 3027, -1,
      3027, 2802, 2801, -1,
      3027, 2801, 2800, -1,
      2804, 2803, 3148, -1,
      3148, 2803, 2876, -1,
      3148, 2876, 3149, -1,
      3149, 2876, 3026, -1,
      3149, 3026, 3150, -1,
      3150, 3026, 3024, -1,
      3150, 3024, 3151, -1,
      3151, 3024, 3022, -1,
      3151, 3022, 3152, -1,
      3152, 3022, 3020, -1,
      3152, 3020, 1293, -1,
      1293, 3020, 1291, -1,
      1293, 1295, 3152, -1,
      3152, 1295, 3028, -1,
      3152, 3028, 3151, -1,
      3151, 3028, 3030, -1,
      3151, 3030, 3150, -1,
      3150, 3030, 3032, -1,
      3150, 3032, 3149, -1,
      3149, 3032, 3034, -1,
      3149, 3034, 3148, -1,
      3148, 3034, 3036, -1,
      3148, 3036, 2804, -1,
      2804, 3036, 2805, -1,
      2875, 2807, 3036, -1,
      3036, 2807, 2806, -1,
      3036, 2806, 2805, -1,
      2809, 2808, 2874, -1,
      2874, 2808, 2875, -1,
      2874, 2875, 3153, -1,
      3153, 2875, 3035, -1,
      3153, 3035, 3154, -1,
      3154, 3035, 3033, -1,
      3154, 3033, 3155, -1,
      3155, 3033, 3031, -1,
      3155, 3031, 3156, -1,
      3156, 3031, 3029, -1,
      3156, 3029, 1362, -1,
      1362, 3029, 1297, -1,
      2811, 2810, 3157, -1,
      3157, 2810, 2874, -1,
      3157, 2874, 3158, -1,
      3158, 2874, 3153, -1,
      3158, 3153, 3159, -1,
      3159, 3153, 3154, -1,
      3159, 3154, 3160, -1,
      3160, 3154, 3155, -1,
      3160, 3155, 3161, -1,
      3161, 3155, 3156, -1,
      3161, 3156, 1364, -1,
      1364, 3156, 1362, -1,
      1364, 1366, 3161, -1,
      3161, 1366, 3037, -1,
      3161, 3037, 3160, -1,
      3160, 3037, 3039, -1,
      3160, 3039, 3159, -1,
      3159, 3039, 3041, -1,
      3159, 3041, 3158, -1,
      3158, 3041, 3043, -1,
      3158, 3043, 3157, -1,
      3157, 3043, 3045, -1,
      3157, 3045, 2811, -1,
      2811, 3045, 2812, -1,
      2873, 2814, 3045, -1,
      3045, 2814, 2813, -1,
      3045, 2813, 2812, -1,
      2816, 2815, 3162, -1,
      3162, 2815, 2873, -1,
      3162, 2873, 3163, -1,
      3163, 2873, 3044, -1,
      3163, 3044, 3164, -1,
      3164, 3044, 3042, -1,
      3164, 3042, 3165, -1,
      3165, 3042, 3040, -1,
      3165, 3040, 3166, -1,
      3166, 3040, 3038, -1,
      3166, 3038, 1370, -1,
      1370, 3038, 1368, -1,
      1370, 1372, 3166, -1,
      3166, 1372, 2907, -1,
      3166, 2907, 3165, -1,
      3165, 2907, 2908, -1,
      3165, 2908, 3164, -1,
      3164, 2908, 2909, -1,
      3164, 2909, 3163, -1,
      3163, 2909, 2910, -1,
      3163, 2910, 3162, -1,
      3162, 2910, 2872, -1,
      3162, 2872, 2816, -1,
      2816, 2872, 2817, -1,
      1382, 3050, 2897, -1,
      2897, 3050, 2919, -1,
      2897, 2919, 2899, -1,
      2899, 2919, 2918, -1,
      2899, 2918, 2902, -1,
      2902, 2918, 2911, -1,
      2902, 2911, 2906, -1,
      2906, 2911, 2913, -1,
      2906, 2913, 2872, -1,
      2872, 2913, 2819, -1,
      2872, 2819, 2818, -1,
    ]
  }
}

Shape {
  appearance Appearance {
    material Material {
      diffuseColor 0.7686 0.7686 0.7686
      specularColor 0.6157 0.6157 0.6157
      ambientIntensity 0.2
      transparency 0.0000
      shininess 0.5
    }
  }
  geometry IndexedFaceSet {
    ccw TRUE
    solid FALSE
    coord DEF co Coordinate {
      point [
        0.791263 0.059055 0.118110,
        0.789796 0.060967 0.118110,
        0.605460 0.083517 0.118110,
        0.588157 0.060967 0.118110,
        -0.586690 -0.059055 0.118110,
        -0.586495 -0.058584 0.118110,
        -0.586690 0.059055 0.118110,
        -0.588157 0.060967 0.118110,
        -0.791263 0.059055 0.118110,
        -0.803062 0.030569 0.118110,
        -0.807087 0.000000 0.118110,
        -0.772493 0.083517 0.118110,
        -0.789796 0.060967 0.118110,
        -0.605460 0.083517 0.118110,
        -0.629921 0.102287 0.118110,
        -0.658407 0.114086 0.118110,
        -0.688976 0.118110 0.118110,
        -0.719546 0.114086 0.118110,
        -0.748031 0.102287 0.118110,
        -0.574891 -0.030569 0.118110,
        -0.570866 0.000000 0.118110,
        -0.574891 0.030569 0.118110,
        -0.803062 -0.030569 0.118110,
        -0.791458 -0.058584 0.118110,
        -0.791263 -0.059055 0.118110,
        -0.719546 -0.114086 0.118110,
        -0.688976 -0.118110 0.118110,
        -0.772493 -0.083517 0.118110,
        -0.748031 -0.102287 0.118110,
        -0.658407 -0.114086 0.118110,
        -0.629921 -0.102287 0.118110,
        -0.605460 -0.083517 0.118110,
        0.772493 0.083517 0.118110,
        0.748031 0.102287 0.118110,
        0.719546 0.114086 0.118110,
        0.629921 0.102287 0.118110,
        0.658407 0.114086 0.118110,
        0.688976 0.118110 0.118110,
        0.570866 0.000000 0.118110,
        0.574891 0.030569 0.118110,
        0.586690 0.059055 0.118110,
        0.791458 -0.058584 0.118110,
        0.803062 -0.030569 0.118110,
        0.807087 0.000000 0.118110,
        0.803062 0.030569 0.118110,
        0.574891 -0.030569 0.118110,
        0.586495 -0.058584 0.118110,
        0.586690 -0.059055 0.118110,
        0.605460 -0.083517 0.118110,
        0.629921 -0.102287 0.118110,
        0.658407 -0.114086 0.118110,
        0.688976 -0.118110 0.118110,
        0.719546 -0.114086 0.118110,
        0.748031 -0.102287 0.118110,
        0.772493 -0.083517 0.118110,
        0.791263 -0.059055 0.118110,
        0.605460 -0.083517 -1.377953,
        0.629921 -0.102287 -1.377953,
        0.658407 -0.114086 -1.377953,
        0.688976 -0.118110 -1.377953,
        0.719546 -0.114086 -1.377953,
        0.748031 -0.102287 -1.377953,
        0.772493 -0.083517 -1.377953,
        0.791263 -0.059055 -1.377953,
        0.574891 -0.030569 -1.377953,
        0.586690 -0.059055 -1.377953,
        0.574891 0.030569 -1.377953,
        0.570866 0.000000 -1.377953,
        0.605460 0.083517 -1.377953,
        0.586690 0.059055 -1.377953,
        0.629921 0.102287 -1.377953,
        0.658407 0.114086 -1.377953,
        0.688976 0.118110 -1.377953,
        0.719546 0.114086 -1.377953,
        0.748031 0.102287 -1.377953,
        0.772493 0.083517 -1.377953,
        0.791263 0.059055 -1.377953,
        0.803062 0.030569 -1.377953,
        0.807087 0.000000 -1.377953,
        0.803062 -0.030569 -1.377953,
        0.688976 0.000000 -1.377953,
        -0.772493 -0.083517 -1.377953,
        -0.748031 -0.102287 -1.377953,
        -0.719546 -0.114086 -1.377953,
        -0.688976 -0.118110 -1.377953,
        -0.658407 -0.114086 -1.377953,
        -0.629921 -0.102287 -1.377953,
        -0.605460 -0.083517 -1.377953,
        -0.586690 -0.059055 -1.377953,
        -0.803062 -0.030569 -1.377953,
        -0.791263 -0.059055 -1.377953,
        -0.803062 0.030569 -1.377953,
        -0.807087 0.000000 -1.377953,
        -0.772493 0.083517 -1.377953,
        -0.791263 0.059055 -1.377953,
        -0.748031 0.102287 -1.377953,
        -0.719546 0.114086 -1.377953,
        -0.688976 0.118110 -1.377953,
        -0.658407 0.114086 -1.377953,
        -0.629921 0.102287 -1.377953,
        -0.605460 0.083517 -1.377953,
        -0.586690 0.059055 -1.377953,
        -0.574891 0.030569 -1.377953,
        -0.570866 0.000000 -1.377953,
        -0.574891 -0.030569 -1.377953,
        -0.688976 0.000000 -1.377953,
      ]
    }
    coordIndex [
      47, 56, 48, -1,
      48, 56, 57, -1,
      48, 57, 49, -1,
      49, 57, 58, -1,
      49, 58, 50, -1,
      50, 58, 59, -1,
      50, 59, 51, -1,
      51, 59, 60, -1,
      51, 60, 52, -1,
      52, 60, 61, -1,
      52, 61, 53, -1,
      53, 61, 62, -1,
      53, 62, 54, -1,
      54, 62, 63, -1,
      46, 64, 47, -1,
      47, 64, 65, -1,
      47, 65, 56, -1,
      40, 66, 39, -1,
      39, 66, 67, -1,
      39, 67, 38, -1,
      38, 67, 64, -1,
      38, 64, 45, -1,
      45, 64, 46, -1,
      3, 68, 40, -1,
      40, 68, 69, -1,
      40, 69, 66, -1,
      3, 2, 68, -1,
      68, 2, 35, -1,
      68, 35, 70, -1,
      70, 35, 36, -1,
      70, 36, 71, -1,
      71, 36, 37, -1,
      71, 37, 72, -1,
      72, 37, 34, -1,
      72, 34, 73, -1,
      73, 34, 33, -1,
      73, 33, 74, -1,
      74, 33, 32, -1,
      74, 32, 75, -1,
      75, 32, 1, -1,
      75, 1, 76, -1,
      1, 0, 76, -1,
      76, 0, 44, -1,
      76, 44, 77, -1,
      77, 44, 43, -1,
      77, 43, 78, -1,
      78, 43, 42, -1,
      78, 42, 79, -1,
      79, 42, 41, -1,
      79, 41, 63, -1,
      63, 41, 55, -1,
      63, 55, 54, -1,
      65, 64, 80, -1,
      80, 64, 67, -1,
      80, 67, 66, -1,
      58, 57, 80, -1,
      80, 57, 56, -1,
      80, 56, 65, -1,
      61, 60, 80, -1,
      80, 60, 59, -1,
      80, 59, 58, -1,
      79, 63, 80, -1,
      80, 63, 62, -1,
      80, 62, 61, -1,
      76, 77, 80, -1,
      80, 77, 78, -1,
      80, 78, 79, -1,
      73, 74, 80, -1,
      80, 74, 75, -1,
      80, 75, 76, -1,
      70, 71, 80, -1,
      80, 71, 72, -1,
      80, 72, 73, -1,
      66, 69, 80, -1,
      80, 69, 68, -1,
      80, 68, 70, -1,
      24, 81, 27, -1,
      27, 81, 82, -1,
      27, 82, 28, -1,
      28, 82, 83, -1,
      28, 83, 25, -1,
      25, 83, 84, -1,
      25, 84, 26, -1,
      26, 84, 85, -1,
      26, 85, 29, -1,
      29, 85, 86, -1,
      29, 86, 30, -1,
      30, 86, 87, -1,
      30, 87, 31, -1,
      31, 87, 88, -1,
      23, 89, 24, -1,
      24, 89, 90, -1,
      24, 90, 81, -1,
      8, 91, 9, -1,
      9, 91, 92, -1,
      9, 92, 10, -1,
      10, 92, 89, -1,
      10, 89, 22, -1,
      22, 89, 23, -1,
      12, 93, 8, -1,
      8, 93, 94, -1,
      8, 94, 91, -1,
      12, 11, 93, -1,
      93, 11, 18, -1,
      93, 18, 95, -1,
      95, 18, 17, -1,
      95, 17, 96, -1,
      96, 17, 16, -1,
      96, 16, 97, -1,
      97, 16, 15, -1,
      97, 15, 98, -1,
      98, 15, 14, -1,
      98, 14, 99, -1,
      99, 14, 13, -1,
      99, 13, 100, -1,
      100, 13, 7, -1,
      100, 7, 101, -1,
      7, 6, 101, -1,
      101, 6, 21, -1,
      101, 21, 102, -1,
      102, 21, 20, -1,
      102, 20, 103, -1,
      103, 20, 19, -1,
      103, 19, 104, -1,
      104, 19, 5, -1,
      104, 5, 88, -1,
      88, 5, 4, -1,
      88, 4, 31, -1,
      90, 89, 105, -1,
      105, 89, 92, -1,
      105, 92, 91, -1,
      83, 82, 105, -1,
      105, 82, 81, -1,
      105, 81, 90, -1,
      86, 85, 105, -1,
      105, 85, 84, -1,
      105, 84, 83, -1,
      104, 88, 105, -1,
      105, 88, 87, -1,
      105, 87, 86, -1,
      101, 102, 105, -1,
      105, 102, 103, -1,
      105, 103, 104, -1,
      98, 99, 105, -1,
      105, 99, 100, -1,
      105, 100, 101, -1,
      95, 96, 105, -1,
      105, 96, 97, -1,
      105, 97, 98, -1,
      91, 94, 105, -1,
      105, 94, 93, -1,
      105, 93, 95, -1,
    ]
  }
}

Shape {
  appearance Appearance {
    material Material {
      diffuseColor 0.6941 0.0980 0.0980
      specularColor 0.3490 0.0510 0.0510
      ambientIntensity 0.2
      transparency 0.0000
      shininess 0.5
    }
  }
  geometry IndexedFaceSet {
    ccw TRUE
    solid FALSE
    coord DEF co Coordinate {
      point [
        -0.852797 1.229204 3.149606,
        -0.852797 0.351426 3.149606,
        -0.852797 -1.229204 3.149606,
        -0.206002 0.160316 3.149606,
        -0.194740 0.144250 3.149606,
        -0.197893 0.048402 3.149606,
        -0.209732 0.030620 3.149606,
        -0.189224 0.071854 3.149606,
        -0.224782 0.016830 3.149606,
        -0.243338 0.006231 3.149606,
        -0.274454 -0.002902 3.149606,
        -0.208197 0.297147 3.149606,
        -0.200568 0.273571 3.149606,
        -0.249185 0.336863 3.149606,
        -0.232004 0.326712 3.149606,
        -0.218756 0.313958 3.149606,
        -0.241169 0.183942 3.149606,
        -0.220349 0.172738 3.149606,
        -0.224181 0.195805 3.149606,
        -0.213120 0.208246 3.149606,
        -0.396785 0.301512 3.149606,
        -0.385956 0.317378 3.149606,
        -0.371556 0.330230 3.149606,
        -0.354243 0.339508 3.149606,
        -0.198572 0.259455 3.149606,
        -0.200998 0.236101 3.149606,
        -0.207427 0.217771 3.149606,
        -0.187922 0.125970 3.149606,
        -0.185031 0.101492 3.149606,
        -0.185018 0.100684 3.149606,
        -0.327470 0.346648 3.149606,
        -0.305064 0.348522 3.149606,
        -0.273150 0.344661 3.149606,
        -0.405760 0.038233 3.149606,
        -0.412141 0.048337 3.149606,
        -0.852797 -0.002904 3.149606,
        -0.418644 0.067420 3.149606,
        -0.405760 0.226928 3.149606,
        -0.406211 0.228017 3.149606,
        -0.409410 0.247535 3.149606,
        -0.409621 0.253646 3.149606,
        -0.405760 0.276330 3.149606,
        -0.405080 0.280326 3.149606,
        -0.418992 0.121755 3.149606,
        -0.421238 0.098748 3.149606,
        -0.421264 0.094677 3.149606,
        -0.412831 0.140272 3.149606,
        -0.405760 0.151623 3.149606,
        -0.403040 0.155990 3.149606,
        -0.400427 0.214057 3.149606,
        -0.391568 0.202037 3.149606,
        -0.389171 0.169404 3.149606,
        -0.379613 0.192125 3.149606,
        -0.368417 0.181657 3.149606,
        -0.363151 0.183942 3.149606,
        -0.346274 0.000485 3.149606,
        -0.382122 0.014953 3.149606,
        -0.386386 0.017426 3.149606,
        -0.401846 0.032036 3.149606,
        -0.323047 -0.002903 3.149606,
        -0.303128 -0.005809 3.149606,
        -0.852797 -0.144364 3.149606,
        -0.852797 -0.568298 3.149606,
        -1.012637 1.099565 3.149606,
        -0.989924 1.121720 3.149606,
        -1.274496 0.783152 3.149606,
        -1.192561 0.903330 3.149606,
        -1.368551 0.600142 3.149606,
        -1.347906 0.649117 3.149606,
        -1.481117 0.205356 3.149606,
        -1.479353 0.222977 3.149606,
        -1.481117 -0.205356 3.149606,
        -1.494203 -0.074572 3.149606,
        -1.438269 -0.406550 3.149606,
        -1.449801 -0.369165 3.149606,
        -1.274496 -0.783152 3.149606,
        -1.276577 -0.780100 3.149606,
        -1.153643 -0.949709 3.149606,
        -1.192561 -0.903330 3.149606,
        -0.873317 -1.214710 3.149606,
        -1.096692 -1.017581 3.149606,
        -1.405839 -0.511684 3.149606,
        -1.494203 0.074572 3.149606,
        -1.405839 0.511684 3.149606,
        -1.096692 1.017581 3.149606,
        -0.989924 -1.121720 3.149606,
        -1.012637 -1.099565 3.149606,
        -1.347906 -0.649117 3.149606,
        -1.368551 -0.600142 3.149606,
        -1.479353 -0.222977 3.149606,
        -1.449801 0.369165 3.149606,
        -1.438269 0.406550 3.149606,
        -1.276577 0.780100 3.149606,
        -0.873317 1.214710 3.149606,
        -1.494203 -0.000000 3.149606,
        -1.153643 0.949709 3.149606,
        -0.852797 1.229204 3.150000,
        -1.013508 1.100457 3.150000,
        -1.274644 0.783253 3.150000,
        -1.155017 0.950863 3.150000,
        -1.370123 0.600805 3.150000,
        -1.439644 0.406974 3.150000,
        -1.481891 0.205433 3.150000,
        -1.481891 -0.205433 3.150000,
        -1.496063 -0.000000 3.150000,
        -1.439644 -0.406974 3.150000,
        -1.370123 -0.600805 3.150000,
        -1.274644 -0.783253 3.150000,
        -1.155017 -0.950863 3.150000,
        -1.013508 -1.100457 3.150000,
        -0.852797 -1.229204 3.150000,
        -0.339693 0.155359 3.150000,
        -0.303128 0.201368 3.150000,
        -0.351818 0.148246 3.150000,
        -0.358813 0.141849 3.150000,
        -0.366468 0.063836 3.150000,
        -0.401846 0.032036 3.150000,
        -0.359027 0.052361 3.150000,
        -0.386386 0.017426 3.150000,
        -0.348437 0.042452 3.150000,
        -0.382122 0.014953 3.150000,
        -0.335909 0.035656 3.150000,
        -0.346274 0.000485 3.150000,
        -0.317227 0.030487 3.150000,
        -0.303128 -0.005809 3.150000,
        -0.301192 0.029043 3.150000,
        -0.371306 0.119049 3.150000,
        -0.366060 0.131649 3.150000,
        -0.403040 0.155990 3.150000,
        -0.241169 0.257519 3.150000,
        -0.241360 0.255663 3.150000,
        -0.241169 0.183942 3.150000,
        -0.244706 0.239087 3.150000,
        -0.249515 0.228511 3.150000,
        -0.389171 0.169404 3.150000,
        -0.368417 0.181657 3.150000,
        -0.305735 0.201572 3.150000,
        -0.327748 0.205884 3.150000,
        -0.363151 0.183942 3.150000,
        -0.341485 0.212261 3.150000,
        -0.379613 0.192125 3.150000,
        -0.350770 0.219856 3.150000,
        -0.391568 0.202037 3.150000,
        -0.357575 0.229090 3.150000,
        -0.400427 0.214057 3.150000,
        -0.362491 0.240793 3.150000,
        -0.406211 0.228017 3.150000,
        -0.409410 0.247535 3.150000,
        -0.365087 0.255583 3.150000,
        -0.409621 0.253646 3.150000,
        -0.280889 0.031214 3.150000,
        -0.274454 -0.002902 3.150000,
        -0.265075 0.035994 3.150000,
        -0.243338 0.006231 3.150000,
        -0.253658 0.042536 3.150000,
        -0.224782 0.016830 3.150000,
        -0.244957 0.050686 3.150000,
        -0.209732 0.030620 3.150000,
        -0.238412 0.060798 3.150000,
        -0.197893 0.048402 3.150000,
        -0.233326 0.075655 3.150000,
        -0.189224 0.071854 3.150000,
        -0.231487 0.094876 3.150000,
        -0.256410 0.219450 3.150000,
        -0.261046 0.215256 3.150000,
        -0.271261 0.208954 3.150000,
        -0.323908 0.160307 3.150000,
        -0.303128 0.162644 3.150000,
        -0.284998 0.204079 3.150000,
        -0.281910 0.160261 3.150000,
        -0.405080 0.280326 3.150000,
        -0.363597 0.266395 3.150000,
        -0.396785 0.301512 3.150000,
        -0.358824 0.280303 3.150000,
        -0.385956 0.317378 3.150000,
        -0.353248 0.288971 3.150000,
        -0.371556 0.330230 3.150000,
        -0.345794 0.296141 3.150000,
        -0.354243 0.339508 3.150000,
        -0.336295 0.301766 3.150000,
        -0.327470 0.346648 3.150000,
        -0.323506 0.305912 3.150000,
        -0.305064 0.348522 3.150000,
        -0.224181 0.195805 3.150000,
        -0.213120 0.208246 3.150000,
        -0.207427 0.217771 3.150000,
        -0.412831 0.140272 3.150000,
        -0.418992 0.121755 3.150000,
        -0.374706 0.099531 3.150000,
        -0.421238 0.098748 3.150000,
        -0.374769 0.098748 3.150000,
        -0.421264 0.094677 3.150000,
        -0.371970 0.079393 3.150000,
        -0.418644 0.067420 3.150000,
        -0.412141 0.048337 3.150000,
        -0.185018 0.100684 3.150000,
        -0.185031 0.101492 3.150000,
        -0.233596 0.113179 3.150000,
        -0.187922 0.125970 3.150000,
        -0.238124 0.127249 3.150000,
        -0.194740 0.144250 3.150000,
        -0.244523 0.138172 3.150000,
        -0.206002 0.160316 3.150000,
        -0.253937 0.147855 3.150000,
        -0.220349 0.172738 3.150000,
        -0.265221 0.154729 3.150000,
        -0.200998 0.236101 3.150000,
        -0.198572 0.259455 3.150000,
        -0.243655 0.271055 3.150000,
        -0.200568 0.273571 3.150000,
        -0.248256 0.281604 3.150000,
        -0.208197 0.297147 3.150000,
        -0.254380 0.289728 3.150000,
        -0.218756 0.313958 3.150000,
        -0.262711 0.296506 3.150000,
        -0.232004 0.326712 3.150000,
        -0.262719 0.296510 3.150000,
        -0.249185 0.336863 3.150000,
        -0.276579 0.303042 3.150000,
        -0.273150 0.344661 3.150000,
        -0.298511 0.307349 3.150000,
        -0.307000 0.307861 3.150000,
        -0.303128 0.162644 3.149606,
        -0.281910 0.160261 3.149606,
        -0.265221 0.154729 3.149606,
        -0.253937 0.147855 3.149606,
        -0.244523 0.138172 3.149606,
        -0.238124 0.127249 3.149606,
        -0.233596 0.113179 3.149606,
        -0.231487 0.094876 3.149606,
        -0.374769 0.098748 3.149606,
        -0.374706 0.099531 3.149606,
        -0.371306 0.119049 3.149606,
        -0.366060 0.131649 3.149606,
        -0.358813 0.141849 3.149606,
        -0.351818 0.148246 3.149606,
        -0.339693 0.155359 3.149606,
        -0.323908 0.160307 3.149606,
        -0.301192 0.029043 3.149606,
        -0.317227 0.030487 3.149606,
        -0.335909 0.035656 3.149606,
        -0.348437 0.042452 3.149606,
        -0.359027 0.052361 3.149606,
        -0.366468 0.063836 3.149606,
        -0.371970 0.079393 3.149606,
        -0.233326 0.075655 3.149606,
        -0.238412 0.060798 3.149606,
        -0.244957 0.050686 3.149606,
        -0.253658 0.042536 3.149606,
        -0.265075 0.035994 3.149606,
        -0.280889 0.031214 3.149606,
        -0.303128 0.201368 3.149606,
        -0.305735 0.201572 3.149606,
        -0.327748 0.205884 3.149606,
        -0.341485 0.212261 3.149606,
        -0.350770 0.219856 3.149606,
        -0.357575 0.229090 3.149606,
        -0.362491 0.240793 3.149606,
        -0.365087 0.255583 3.149606,
        -0.241169 0.257519 3.149606,
        -0.241360 0.255663 3.149606,
        -0.244706 0.239087 3.149606,
        -0.249515 0.228511 3.149606,
        -0.256410 0.219450 3.149606,
        -0.261046 0.215256 3.149606,
        -0.271261 0.208954 3.149606,
        -0.284998 0.204079 3.149606,
        -0.307000 0.307861 3.149606,
        -0.298511 0.307349 3.149606,
        -0.276579 0.303042 3.149606,
        -0.262719 0.296510 3.149606,
        -0.262711 0.296506 3.149606,
        -0.254380 0.289728 3.149606,
        -0.248256 0.281604 3.149606,
        -0.243655 0.271055 3.149606,
        -0.363597 0.266395 3.149606,
        -0.358824 0.280303 3.149606,
        -0.353248 0.288971 3.149606,
        -0.345794 0.296141 3.149606,
        -0.336295 0.301766 3.149606,
        -0.323506 0.305912 3.149606,
      ]
    }
    coordIndex [
      0, 93, 96, -1,
      96, 93, 64, -1,
      96, 64, 97, -1,
      65, 98, 99, -1,
      65, 99, 66, -1,
      64, 63, 97, -1,
      97, 63, 84, -1,
      97, 84, 99, -1,
      99, 84, 95, -1,
      99, 95, 66, -1,
      65, 92, 98, -1,
      98, 92, 68, -1,
      98, 68, 100, -1,
      91, 101, 83, -1,
      83, 101, 100, -1,
      83, 100, 67, -1,
      67, 100, 68, -1,
      91, 90, 101, -1,
      101, 90, 70, -1,
      101, 70, 102, -1,
      71, 103, 104, -1,
      71, 104, 72, -1,
      70, 69, 102, -1,
      102, 69, 82, -1,
      102, 82, 104, -1,
      104, 82, 94, -1,
      104, 94, 72, -1,
      71, 89, 103, -1,
      103, 89, 74, -1,
      103, 74, 105, -1,
      88, 106, 81, -1,
      81, 106, 105, -1,
      81, 105, 73, -1,
      73, 105, 74, -1,
      88, 87, 106, -1,
      106, 87, 76, -1,
      106, 76, 107, -1,
      76, 75, 107, -1,
      107, 75, 78, -1,
      107, 78, 108, -1,
      86, 109, 80, -1,
      80, 109, 108, -1,
      80, 108, 77, -1,
      77, 108, 78, -1,
      2, 110, 79, -1,
      79, 110, 109, -1,
      79, 109, 85, -1,
      85, 109, 86, -1,
      110, 2, 62, -1,
      62, 61, 110, -1,
      110, 61, 35, -1,
      110, 35, 96, -1,
      96, 35, 1, -1,
      96, 1, 0, -1,
      109, 110, 104, -1,
      104, 110, 102, -1,
      96, 97, 110, -1,
      110, 97, 99, -1,
      110, 99, 98, -1,
      98, 100, 110, -1,
      110, 100, 101, -1,
      110, 101, 102, -1,
      104, 103, 109, -1,
      109, 103, 105, -1,
      109, 105, 108, -1,
      108, 105, 106, -1,
      108, 106, 107, -1,
      111, 112, 113, -1,
      113, 112, 114, -1,
      115, 116, 117, -1,
      117, 116, 118, -1,
      117, 118, 119, -1,
      119, 118, 120, -1,
      119, 120, 121, -1,
      121, 120, 122, -1,
      121, 122, 123, -1,
      123, 122, 124, -1,
      123, 124, 125, -1,
      126, 127, 128, -1,
      129, 130, 131, -1,
      131, 130, 132, -1,
      131, 132, 133, -1,
      128, 127, 134, -1,
      134, 127, 114, -1,
      134, 114, 135, -1,
      136, 137, 138, -1,
      138, 137, 139, -1,
      138, 139, 140, -1,
      140, 139, 141, -1,
      140, 141, 142, -1,
      142, 141, 143, -1,
      142, 143, 144, -1,
      144, 143, 145, -1,
      144, 145, 146, -1,
      146, 145, 147, -1,
      147, 145, 148, -1,
      147, 148, 149, -1,
      135, 114, 138, -1,
      138, 114, 112, -1,
      138, 112, 136, -1,
      125, 124, 150, -1,
      150, 124, 151, -1,
      150, 151, 152, -1,
      152, 151, 153, -1,
      152, 153, 154, -1,
      154, 153, 155, -1,
      154, 155, 156, -1,
      156, 155, 157, -1,
      156, 157, 158, -1,
      158, 157, 159, -1,
      158, 159, 160, -1,
      160, 159, 161, -1,
      160, 161, 162, -1,
      133, 163, 131, -1,
      131, 163, 164, -1,
      131, 164, 165, -1,
      111, 166, 112, -1,
      112, 166, 167, -1,
      112, 167, 168, -1,
      168, 167, 169, -1,
      149, 148, 170, -1,
      170, 148, 171, -1,
      170, 171, 172, -1,
      172, 171, 173, -1,
      172, 173, 174, -1,
      174, 173, 175, -1,
      174, 175, 176, -1,
      176, 175, 177, -1,
      176, 177, 178, -1,
      178, 177, 179, -1,
      178, 179, 180, -1,
      180, 179, 181, -1,
      180, 181, 182, -1,
      131, 183, 129, -1,
      129, 183, 184, -1,
      129, 184, 185, -1,
      128, 186, 126, -1,
      126, 186, 187, -1,
      126, 187, 188, -1,
      188, 187, 189, -1,
      188, 189, 190, -1,
      190, 189, 191, -1,
      190, 191, 192, -1,
      192, 191, 193, -1,
      192, 193, 115, -1,
      115, 193, 194, -1,
      115, 194, 116, -1,
      161, 195, 162, -1,
      162, 195, 196, -1,
      162, 196, 197, -1,
      197, 196, 198, -1,
      197, 198, 199, -1,
      199, 198, 200, -1,
      199, 200, 201, -1,
      201, 200, 202, -1,
      201, 202, 203, -1,
      203, 202, 204, -1,
      203, 204, 205, -1,
      205, 204, 131, -1,
      205, 131, 169, -1,
      169, 131, 165, -1,
      169, 165, 168, -1,
      185, 206, 129, -1,
      129, 206, 207, -1,
      129, 207, 208, -1,
      208, 207, 209, -1,
      208, 209, 210, -1,
      210, 209, 211, -1,
      210, 211, 212, -1,
      212, 211, 213, -1,
      212, 213, 214, -1,
      214, 213, 215, -1,
      214, 215, 216, -1,
      216, 215, 217, -1,
      216, 217, 218, -1,
      218, 217, 219, -1,
      218, 219, 220, -1,
      220, 219, 182, -1,
      220, 182, 221, -1,
      221, 182, 181, -1,
      207, 24, 12, -1,
      207, 12, 209, -1,
      209, 12, 11, -1,
      209, 11, 211, -1,
      211, 11, 15, -1,
      211, 15, 213, -1,
      213, 15, 14, -1,
      213, 14, 215, -1,
      215, 14, 13, -1,
      215, 13, 217, -1,
      217, 13, 32, -1,
      217, 32, 219, -1,
      219, 32, 31, -1,
      219, 31, 182, -1,
      40, 149, 41, -1,
      41, 149, 170, -1,
      41, 170, 42, -1,
      42, 170, 172, -1,
      42, 172, 20, -1,
      20, 172, 174, -1,
      20, 174, 21, -1,
      21, 174, 176, -1,
      21, 176, 22, -1,
      22, 176, 178, -1,
      22, 178, 23, -1,
      23, 178, 180, -1,
      23, 180, 30, -1,
      30, 180, 182, -1,
      30, 182, 31, -1,
      149, 40, 39, -1,
      149, 39, 147, -1,
      147, 39, 38, -1,
      147, 38, 146, -1,
      146, 38, 37, -1,
      146, 37, 144, -1,
      37, 49, 144, -1,
      144, 49, 50, -1,
      144, 50, 142, -1,
      142, 50, 52, -1,
      142, 52, 140, -1,
      140, 52, 54, -1,
      140, 54, 138, -1,
      138, 54, 53, -1,
      138, 53, 135, -1,
      135, 53, 51, -1,
      135, 51, 134, -1,
      134, 51, 48, -1,
      134, 48, 128, -1,
      128, 48, 47, -1,
      128, 47, 186, -1,
      47, 46, 186, -1,
      186, 46, 43, -1,
      186, 43, 187, -1,
      187, 43, 44, -1,
      187, 44, 189, -1,
      57, 118, 116, -1,
      189, 44, 45, -1,
      189, 45, 191, -1,
      191, 45, 36, -1,
      191, 36, 193, -1,
      193, 36, 34, -1,
      193, 34, 194, -1,
      194, 34, 33, -1,
      194, 33, 116, -1,
      116, 33, 58, -1,
      116, 58, 57, -1,
      60, 124, 59, -1,
      59, 124, 122, -1,
      59, 122, 55, -1,
      55, 122, 120, -1,
      55, 120, 56, -1,
      56, 120, 118, -1,
      56, 118, 57, -1,
      124, 60, 10, -1,
      124, 10, 151, -1,
      151, 10, 9, -1,
      151, 9, 153, -1,
      153, 9, 8, -1,
      153, 8, 155, -1,
      155, 8, 6, -1,
      155, 6, 157, -1,
      157, 6, 5, -1,
      157, 5, 159, -1,
      159, 5, 7, -1,
      159, 7, 161, -1,
      161, 7, 29, -1,
      161, 29, 195, -1,
      195, 29, 28, -1,
      195, 28, 196, -1,
      196, 28, 27, -1,
      196, 27, 198, -1,
      198, 27, 4, -1,
      198, 4, 200, -1,
      200, 4, 3, -1,
      200, 3, 202, -1,
      202, 3, 17, -1,
      202, 17, 204, -1,
      204, 17, 16, -1,
      204, 16, 131, -1,
      131, 16, 18, -1,
      131, 18, 183, -1,
      183, 18, 19, -1,
      183, 19, 184, -1,
      184, 19, 26, -1,
      184, 26, 185, -1,
      185, 26, 25, -1,
      185, 25, 206, -1,
      206, 25, 24, -1,
      206, 24, 207, -1,
      167, 222, 223, -1,
      167, 223, 169, -1,
      169, 223, 224, -1,
      169, 224, 205, -1,
      205, 224, 225, -1,
      205, 225, 203, -1,
      203, 225, 226, -1,
      203, 226, 201, -1,
      201, 226, 227, -1,
      201, 227, 199, -1,
      199, 227, 228, -1,
      199, 228, 197, -1,
      197, 228, 229, -1,
      197, 229, 162, -1,
      190, 230, 231, -1,
      190, 231, 188, -1,
      188, 231, 232, -1,
      188, 232, 126, -1,
      126, 232, 233, -1,
      126, 233, 127, -1,
      127, 233, 234, -1,
      127, 234, 114, -1,
      114, 234, 235, -1,
      114, 235, 113, -1,
      113, 235, 236, -1,
      113, 236, 111, -1,
      111, 236, 237, -1,
      111, 237, 166, -1,
      166, 237, 222, -1,
      166, 222, 167, -1,
      125, 238, 239, -1,
      125, 239, 123, -1,
      123, 239, 240, -1,
      123, 240, 121, -1,
      121, 240, 241, -1,
      121, 241, 119, -1,
      119, 241, 242, -1,
      119, 242, 117, -1,
      117, 242, 243, -1,
      117, 243, 115, -1,
      115, 243, 244, -1,
      115, 244, 192, -1,
      192, 244, 230, -1,
      192, 230, 190, -1,
      162, 229, 245, -1,
      162, 245, 160, -1,
      160, 245, 246, -1,
      160, 246, 158, -1,
      158, 246, 247, -1,
      158, 247, 156, -1,
      156, 247, 248, -1,
      156, 248, 154, -1,
      154, 248, 249, -1,
      154, 249, 152, -1,
      152, 249, 250, -1,
      152, 250, 150, -1,
      150, 250, 238, -1,
      150, 238, 125, -1,
      112, 251, 252, -1,
      112, 252, 136, -1,
      136, 252, 253, -1,
      136, 253, 137, -1,
      137, 253, 254, -1,
      137, 254, 139, -1,
      139, 254, 255, -1,
      139, 255, 141, -1,
      141, 255, 256, -1,
      141, 256, 143, -1,
      143, 256, 257, -1,
      143, 257, 145, -1,
      145, 257, 258, -1,
      145, 258, 148, -1,
      129, 259, 260, -1,
      129, 260, 130, -1,
      130, 260, 261, -1,
      130, 261, 132, -1,
      132, 261, 262, -1,
      132, 262, 133, -1,
      133, 262, 263, -1,
      133, 263, 163, -1,
      163, 263, 264, -1,
      163, 264, 164, -1,
      164, 264, 265, -1,
      164, 265, 165, -1,
      165, 265, 266, -1,
      165, 266, 168, -1,
      168, 266, 251, -1,
      168, 251, 112, -1,
      221, 267, 268, -1,
      221, 268, 220, -1,
      220, 268, 269, -1,
      220, 269, 218, -1,
      218, 269, 270, -1,
      218, 270, 216, -1,
      216, 270, 271, -1,
      216, 271, 214, -1,
      214, 271, 272, -1,
      214, 272, 212, -1,
      212, 272, 273, -1,
      212, 273, 210, -1,
      210, 273, 274, -1,
      210, 274, 208, -1,
      208, 274, 259, -1,
      208, 259, 129, -1,
      148, 258, 275, -1,
      148, 275, 171, -1,
      171, 275, 276, -1,
      171, 276, 173, -1,
      173, 276, 277, -1,
      173, 277, 175, -1,
      175, 277, 278, -1,
      175, 278, 177, -1,
      177, 278, 279, -1,
      177, 279, 179, -1,
      179, 279, 280, -1,
      179, 280, 181, -1,
      181, 280, 267, -1,
      181, 267, 221, -1,
    ]
  }
}

Shape {
  appearance Appearance {
    material Material {
      diffuseColor 0.8980 0.9216 0.9294
      specularColor 0.4510 0.4588 0.4667
      ambientIntensity 0.2
      transparency 0.0000
      shininess 0.5
    }
  }
  geometry IndexedFaceSet {
    ccw TRUE
    solid FALSE
    coord DEF co Coordinate {
      point [
        -0.303128 0.162644 3.149606,
        -0.281910 0.160261 3.149606,
        -0.265221 0.154729 3.149606,
        -0.253937 0.147855 3.149606,
        -0.244523 0.138172 3.149606,
        -0.238124 0.127249 3.149606,
        -0.233596 0.113179 3.149606,
        -0.231487 0.094876 3.149606,
        -0.374769 0.098748 3.149606,
        -0.374706 0.099531 3.149606,
        -0.371306 0.119049 3.149606,
        -0.366060 0.131649 3.149606,
        -0.358813 0.141849 3.149606,
        -0.351818 0.148246 3.149606,
        -0.339693 0.155359 3.149606,
        -0.323908 0.160307 3.149606,
        -0.301192 0.029043 3.149606,
        -0.317227 0.030487 3.149606,
        -0.335909 0.035656 3.149606,
        -0.348437 0.042452 3.149606,
        -0.359027 0.052361 3.149606,
        -0.366468 0.063836 3.149606,
        -0.371970 0.079393 3.149606,
        -0.233326 0.075655 3.149606,
        -0.238412 0.060798 3.149606,
        -0.244957 0.050686 3.149606,
        -0.253658 0.042536 3.149606,
        -0.265075 0.035994 3.149606,
        -0.280889 0.031214 3.149606,
        -0.303128 0.201368 3.149606,
        -0.305735 0.201572 3.149606,
        -0.327748 0.205884 3.149606,
        -0.341485 0.212261 3.149606,
        -0.350770 0.219856 3.149606,
        -0.357575 0.229090 3.149606,
        -0.362491 0.240793 3.149606,
        -0.365087 0.255583 3.149606,
        -0.241169 0.257519 3.149606,
        -0.241360 0.255663 3.149606,
        -0.244706 0.239087 3.149606,
        -0.249515 0.228511 3.149606,
        -0.256410 0.219450 3.149606,
        -0.261046 0.215256 3.149606,
        -0.271261 0.208954 3.149606,
        -0.284998 0.204079 3.149606,
        -0.307000 0.307861 3.149606,
        -0.298511 0.307349 3.149606,
        -0.276579 0.303042 3.149606,
        -0.262719 0.296510 3.149606,
        -0.262711 0.296506 3.149606,
        -0.254380 0.289728 3.149606,
        -0.248256 0.281604 3.149606,
        -0.243655 0.271055 3.149606,
        -0.363597 0.266395 3.149606,
        -0.358824 0.280303 3.149606,
        -0.353248 0.288971 3.149606,
        -0.345794 0.296141 3.149606,
        -0.336295 0.301766 3.149606,
        -0.323506 0.305912 3.149606,
      ]
    }
    coordIndex [
      54, 53, 30, -1,
      30, 53, 36, -1,
      30, 29, 54, -1,
      54, 29, 44, -1,
      54, 44, 43, -1,
      43, 42, 54, -1,
      54, 42, 41, -1,
      54, 41, 40, -1,
      37, 52, 54, -1,
      54, 52, 51, -1,
      54, 51, 50, -1,
      50, 49, 54, -1,
      54, 49, 48, -1,
      54, 48, 47, -1,
      40, 39, 54, -1,
      54, 39, 38, -1,
      54, 38, 37, -1,
      47, 46, 54, -1,
      54, 46, 45, -1,
      54, 45, 58, -1,
      36, 35, 30, -1,
      30, 35, 34, -1,
      30, 34, 31, -1,
      31, 34, 33, -1,
      31, 33, 32, -1,
      58, 57, 54, -1,
      54, 57, 56, -1,
      54, 56, 55, -1,
      0, 15, 6, -1,
      14, 23, 15, -1,
      15, 23, 7, -1,
      15, 7, 6, -1,
      20, 19, 18, -1,
      28, 9, 16, -1,
      16, 9, 17, -1,
      14, 13, 23, -1,
      23, 13, 12, -1,
      23, 12, 11, -1,
      9, 8, 17, -1,
      17, 8, 22, -1,
      17, 22, 18, -1,
      18, 22, 21, -1,
      18, 21, 20, -1,
      28, 27, 9, -1,
      9, 27, 26, -1,
      9, 26, 25, -1,
      0, 6, 1, -1,
      1, 6, 5, -1,
      1, 5, 2, -1,
      2, 5, 4, -1,
      2, 4, 3, -1,
      11, 10, 23, -1,
      23, 10, 9, -1,
      23, 9, 24, -1,
      24, 9, 25, -1,
    ]
  }
}

Shape {
  appearance Appearance {
    material Material {
      diffuseColor 0.6941 0.0980 0.0980
      specularColor 0.3490 0.0510 0.0510
      ambientIntensity 0.2
      transparency 0.0000
      shininess 0.5
    }
  }
  geometry IndexedFaceSet {
    ccw TRUE
    solid FALSE
    coord DEF co Coordinate {
      point [
        0.156189 0.000000 3.149606,
        0.139504 0.000000 3.149606,
        -0.133696 0.334085 3.149606,
        -0.133696 0.031117 3.149606,
        -0.027753 0.182006 3.149606,
        0.090344 0.351426 3.149606,
        -0.085867 0.351426 3.149606,
        0.001291 0.218794 3.149606,
        -0.145776 0.351426 3.149606,
        -0.147799 0.354331 3.149606,
        -0.087776 0.354331 3.149606,
        -0.133696 0.354331 3.149606,
        0.223704 0.014953 3.149606,
        0.219440 0.017426 3.149606,
        0.192995 0.140272 3.149606,
        0.202786 0.155990 3.149606,
        0.416602 0.071854 3.149606,
        0.407933 0.048402 3.149606,
        0.396094 0.030620 3.149606,
        0.381044 0.016830 3.149606,
        0.362488 0.006231 3.149606,
        0.203980 0.032036 3.149606,
        0.193685 0.048337 3.149606,
        0.187182 0.067420 3.149606,
        0.397629 0.297147 3.149606,
        0.405258 0.273571 3.149606,
        0.407254 0.259455 3.149606,
        0.404828 0.236101 3.149606,
        0.420808 0.100684 3.149606,
        0.420794 0.101492 3.149606,
        0.205399 0.214057 3.149606,
        0.214257 0.202037 3.149606,
        0.216655 0.169404 3.149606,
        0.226213 0.192125 3.149606,
        0.237409 0.181657 3.149606,
        0.242674 0.183942 3.149606,
        0.356641 0.336863 3.149606,
        0.373821 0.326712 3.149606,
        0.387070 0.313958 3.149606,
        0.399824 0.160316 3.149606,
        0.411086 0.144250 3.149606,
        0.417904 0.125970 3.149606,
        0.200746 0.280326 3.149606,
        0.209041 0.301512 3.149606,
        0.219870 0.317378 3.149606,
        0.234270 0.330230 3.149606,
        0.251583 0.339508 3.149606,
        0.364657 0.183942 3.149606,
        0.385477 0.172738 3.149606,
        0.381645 0.195805 3.149606,
        0.392706 0.208246 3.149606,
        0.398399 0.217771 3.149606,
        0.184562 0.094677 3.149606,
        0.184587 0.098748 3.149606,
        0.186834 0.121755 3.149606,
        0.199615 0.228017 3.149606,
        0.196416 0.247535 3.149606,
        0.196205 0.253646 3.149606,
        0.278355 0.346648 3.149606,
        0.300761 0.348522 3.149606,
        0.332676 0.344661 3.149606,
        0.331372 -0.002902 3.149606,
        0.302698 -0.005809 3.149606,
        0.282778 -0.002903 3.149606,
        0.259552 0.000485 3.149606,
        -0.155544 0.000000 3.149606,
        0.096166 0.000000 3.149606,
        -0.000645 0.145217 3.149606,
        -0.097457 0.000000 3.149606,
        -0.133696 0.000000 3.149606,
        0.092294 0.354331 3.149606,
        0.139504 0.354331 3.149606,
        0.150381 0.354331 3.149606,
        0.148357 0.351426 3.149606,
        0.139504 0.338718 3.149606,
        0.139504 0.024129 3.149606,
        0.030334 0.182006 3.149606,
        0.030334 0.182006 3.150000,
        0.150381 0.354331 3.150000,
        0.092294 0.354331 3.150000,
        0.001291 0.218794 3.150000,
        -0.087776 0.354331 3.150000,
        -0.147799 0.354331 3.150000,
        -0.027753 0.182006 3.150000,
        -0.155544 0.000000 3.150000,
        -0.097457 0.000000 3.150000,
        -0.000645 0.145217 3.150000,
        0.096166 0.000000 3.150000,
        0.156189 0.000000 3.150000,
        0.278078 0.205884 3.150000,
        0.264341 0.212261 3.150000,
        0.242674 0.183942 3.150000,
        0.407254 0.259455 3.150000,
        0.364466 0.255663 3.150000,
        0.404828 0.236101 3.150000,
        0.361120 0.239087 3.150000,
        0.398399 0.217771 3.150000,
        0.226213 0.192125 3.150000,
        0.255056 0.219856 3.150000,
        0.214257 0.202037 3.150000,
        0.248251 0.229090 3.150000,
        0.205399 0.214057 3.150000,
        0.243335 0.240793 3.150000,
        0.199615 0.228017 3.150000,
        0.196416 0.247535 3.150000,
        0.240738 0.255583 3.150000,
        0.196205 0.253646 3.150000,
        0.364657 0.183942 3.150000,
        0.340605 0.154729 3.150000,
        0.385477 0.172738 3.150000,
        0.351889 0.147855 3.150000,
        0.399824 0.160316 3.150000,
        0.361303 0.138172 3.150000,
        0.411086 0.144250 3.150000,
        0.367702 0.127249 3.150000,
        0.417904 0.125970 3.150000,
        0.372230 0.113179 3.150000,
        0.420794 0.101492 3.150000,
        0.374339 0.094876 3.150000,
        0.420808 0.100684 3.150000,
        0.334565 0.208954 3.150000,
        0.320828 0.204079 3.150000,
        0.302698 0.201368 3.150000,
        0.300091 0.201572 3.150000,
        0.200746 0.280326 3.150000,
        0.242229 0.266395 3.150000,
        0.209041 0.301512 3.150000,
        0.247002 0.280303 3.150000,
        0.219870 0.317378 3.150000,
        0.252578 0.288971 3.150000,
        0.234270 0.330230 3.150000,
        0.260032 0.296141 3.150000,
        0.251583 0.339508 3.150000,
        0.269531 0.301766 3.150000,
        0.278355 0.346648 3.150000,
        0.282320 0.305912 3.150000,
        0.300761 0.348522 3.150000,
        0.416602 0.071854 3.150000,
        0.372500 0.075655 3.150000,
        0.407933 0.048402 3.150000,
        0.367414 0.060798 3.150000,
        0.396094 0.030620 3.150000,
        0.360869 0.050686 3.150000,
        0.381044 0.016830 3.150000,
        0.352168 0.042536 3.150000,
        0.362488 0.006231 3.150000,
        0.340751 0.035994 3.150000,
        0.331372 -0.002902 3.150000,
        0.324937 0.031214 3.150000,
        0.302698 -0.005809 3.150000,
        0.239358 0.063836 3.150000,
        0.203980 0.032036 3.150000,
        0.246798 0.052361 3.150000,
        0.219440 0.017426 3.150000,
        0.257389 0.042452 3.150000,
        0.223704 0.014953 3.150000,
        0.269917 0.035656 3.150000,
        0.259552 0.000485 3.150000,
        0.288599 0.030487 3.150000,
        0.304634 0.029043 3.150000,
        0.266133 0.155359 3.150000,
        0.281918 0.160307 3.150000,
        0.302698 0.162644 3.150000,
        0.323916 0.160261 3.150000,
        0.392706 0.208246 3.150000,
        0.356311 0.228511 3.150000,
        0.381645 0.195805 3.150000,
        0.349416 0.219450 3.150000,
        0.344780 0.215256 3.150000,
        0.298825 0.307861 3.150000,
        0.307315 0.307349 3.150000,
        0.332676 0.344661 3.150000,
        0.329247 0.303042 3.150000,
        0.356641 0.336863 3.150000,
        0.343107 0.296510 3.150000,
        0.373821 0.326712 3.150000,
        0.343115 0.296506 3.150000,
        0.387070 0.313958 3.150000,
        0.351446 0.289728 3.150000,
        0.397629 0.297147 3.150000,
        0.357570 0.281604 3.150000,
        0.405258 0.273571 3.150000,
        0.362171 0.271055 3.150000,
        0.364657 0.257519 3.150000,
        0.254008 0.148246 3.150000,
        0.237409 0.181657 3.150000,
        0.247013 0.141849 3.150000,
        0.216655 0.169404 3.150000,
        0.239766 0.131649 3.150000,
        0.202786 0.155990 3.150000,
        0.234520 0.119049 3.150000,
        0.192995 0.140272 3.150000,
        0.186834 0.121755 3.150000,
        0.231120 0.099531 3.150000,
        0.184587 0.098748 3.150000,
        0.231057 0.098748 3.150000,
        0.184562 0.094677 3.150000,
        0.233856 0.079393 3.150000,
        0.187182 0.067420 3.150000,
        0.193685 0.048337 3.150000,
        0.302698 0.162644 3.149606,
        0.323916 0.160261 3.149606,
        0.340605 0.154729 3.149606,
        0.351889 0.147855 3.149606,
        0.361303 0.138172 3.149606,
        0.367702 0.127249 3.149606,
        0.372230 0.113179 3.149606,
        0.374339 0.094876 3.149606,
        0.231057 0.098748 3.149606,
        0.231120 0.099531 3.149606,
        0.234520 0.119049 3.149606,
        0.239766 0.131649 3.149606,
        0.247013 0.141849 3.149606,
        0.254008 0.148246 3.149606,
        0.266133 0.155359 3.149606,
        0.281918 0.160307 3.149606,
        0.304634 0.029043 3.149606,
        0.288599 0.030487 3.149606,
        0.269917 0.035656 3.149606,
        0.257389 0.042452 3.149606,
        0.246798 0.052361 3.149606,
        0.239358 0.063836 3.149606,
        0.233856 0.079393 3.149606,
        0.372500 0.075655 3.149606,
        0.367414 0.060798 3.149606,
        0.360869 0.050686 3.149606,
        0.352168 0.042536 3.149606,
        0.340751 0.035994 3.149606,
        0.324937 0.031214 3.149606,
        0.302698 0.201368 3.149606,
        0.300091 0.201572 3.149606,
        0.278078 0.205884 3.149606,
        0.264341 0.212261 3.149606,
        0.255056 0.219856 3.149606,
        0.248251 0.229090 3.149606,
        0.243335 0.240793 3.149606,
        0.240738 0.255583 3.149606,
        0.364657 0.257519 3.149606,
        0.364466 0.255663 3.149606,
        0.361120 0.239087 3.149606,
        0.356311 0.228511 3.149606,
        0.349416 0.219450 3.149606,
        0.344780 0.215256 3.149606,
        0.334565 0.208954 3.149606,
        0.320828 0.204079 3.149606,
        0.298825 0.307861 3.149606,
        0.307315 0.307349 3.149606,
        0.329247 0.303042 3.149606,
        0.343107 0.296510 3.149606,
        0.343115 0.296506 3.149606,
        0.351446 0.289728 3.149606,
        0.357570 0.281604 3.149606,
        0.362171 0.271055 3.149606,
        0.242229 0.266395 3.149606,
        0.247002 0.280303 3.149606,
        0.252578 0.288971 3.149606,
        0.260032 0.296141 3.149606,
        0.269531 0.301766 3.149606,
        0.282320 0.305912 3.149606,
      ]
    }
    coordIndex [
      77, 76, 74, -1,
      77, 74, 78, -1,
      78, 74, 73, -1,
      78, 73, 72, -1,
      70, 79, 71, -1,
      71, 79, 78, -1,
      71, 78, 72, -1,
      7, 80, 5, -1,
      5, 80, 79, -1,
      5, 79, 70, -1,
      10, 81, 6, -1,
      6, 81, 80, -1,
      6, 80, 7, -1,
      9, 82, 11, -1,
      11, 82, 81, -1,
      11, 81, 10, -1,
      4, 83, 2, -1,
      2, 83, 82, -1,
      2, 82, 8, -1,
      8, 82, 9, -1,
      65, 84, 3, -1,
      3, 84, 83, -1,
      3, 83, 4, -1,
      68, 85, 69, -1,
      69, 85, 84, -1,
      69, 84, 65, -1,
      86, 85, 67, -1,
      67, 85, 68, -1,
      87, 86, 66, -1,
      66, 86, 67, -1,
      0, 88, 1, -1,
      1, 88, 87, -1,
      1, 87, 66, -1,
      76, 77, 75, -1,
      75, 77, 88, -1,
      75, 88, 0, -1,
      87, 88, 86, -1,
      86, 88, 77, -1,
      81, 82, 80, -1,
      80, 82, 83, -1,
      84, 85, 83, -1,
      83, 85, 86, -1,
      83, 86, 80, -1,
      80, 86, 77, -1,
      80, 77, 79, -1,
      79, 77, 78, -1,
      89, 90, 91, -1,
      92, 93, 94, -1,
      94, 93, 95, -1,
      94, 95, 96, -1,
      91, 90, 97, -1,
      97, 90, 98, -1,
      97, 98, 99, -1,
      99, 98, 100, -1,
      99, 100, 101, -1,
      101, 100, 102, -1,
      101, 102, 103, -1,
      103, 102, 104, -1,
      104, 102, 105, -1,
      104, 105, 106, -1,
      107, 108, 109, -1,
      109, 108, 110, -1,
      109, 110, 111, -1,
      111, 110, 112, -1,
      111, 112, 113, -1,
      113, 112, 114, -1,
      113, 114, 115, -1,
      115, 114, 116, -1,
      115, 116, 117, -1,
      117, 116, 118, -1,
      117, 118, 119, -1,
      120, 121, 107, -1,
      107, 121, 122, -1,
      107, 122, 91, -1,
      91, 122, 123, -1,
      91, 123, 89, -1,
      106, 105, 124, -1,
      124, 105, 125, -1,
      124, 125, 126, -1,
      126, 125, 127, -1,
      126, 127, 128, -1,
      128, 127, 129, -1,
      128, 129, 130, -1,
      130, 129, 131, -1,
      130, 131, 132, -1,
      132, 131, 133, -1,
      132, 133, 134, -1,
      134, 133, 135, -1,
      134, 135, 136, -1,
      119, 118, 137, -1,
      137, 118, 138, -1,
      137, 138, 139, -1,
      139, 138, 140, -1,
      139, 140, 141, -1,
      141, 140, 142, -1,
      141, 142, 143, -1,
      143, 142, 144, -1,
      143, 144, 145, -1,
      145, 144, 146, -1,
      145, 146, 147, -1,
      147, 146, 148, -1,
      147, 148, 149, -1,
      150, 151, 152, -1,
      152, 151, 153, -1,
      152, 153, 154, -1,
      154, 153, 155, -1,
      154, 155, 156, -1,
      156, 155, 157, -1,
      156, 157, 158, -1,
      158, 157, 149, -1,
      158, 149, 159, -1,
      159, 149, 148, -1,
      160, 161, 91, -1,
      91, 161, 162, -1,
      91, 162, 107, -1,
      107, 162, 163, -1,
      107, 163, 108, -1,
      96, 95, 164, -1,
      164, 95, 165, -1,
      164, 165, 166, -1,
      166, 165, 167, -1,
      166, 167, 107, -1,
      107, 167, 168, -1,
      107, 168, 120, -1,
      135, 169, 136, -1,
      136, 169, 170, -1,
      136, 170, 171, -1,
      171, 170, 172, -1,
      171, 172, 173, -1,
      173, 172, 174, -1,
      173, 174, 175, -1,
      175, 174, 176, -1,
      175, 176, 177, -1,
      177, 176, 178, -1,
      177, 178, 179, -1,
      179, 178, 180, -1,
      179, 180, 181, -1,
      181, 180, 182, -1,
      181, 182, 92, -1,
      92, 182, 183, -1,
      92, 183, 93, -1,
      160, 91, 184, -1,
      184, 91, 185, -1,
      184, 185, 186, -1,
      186, 185, 187, -1,
      186, 187, 188, -1,
      188, 187, 189, -1,
      188, 189, 190, -1,
      189, 191, 190, -1,
      190, 191, 192, -1,
      190, 192, 193, -1,
      193, 192, 194, -1,
      193, 194, 195, -1,
      195, 194, 196, -1,
      195, 196, 197, -1,
      197, 196, 198, -1,
      197, 198, 150, -1,
      150, 198, 199, -1,
      150, 199, 151, -1,
      92, 26, 25, -1,
      92, 25, 181, -1,
      181, 25, 24, -1,
      181, 24, 179, -1,
      179, 24, 38, -1,
      179, 38, 177, -1,
      177, 38, 37, -1,
      177, 37, 175, -1,
      175, 37, 36, -1,
      175, 36, 173, -1,
      173, 36, 60, -1,
      173, 60, 171, -1,
      171, 60, 59, -1,
      171, 59, 136, -1,
      136, 59, 58, -1,
      136, 58, 134, -1,
      134, 58, 46, -1,
      134, 46, 132, -1,
      132, 46, 45, -1,
      132, 45, 130, -1,
      130, 45, 44, -1,
      130, 44, 128, -1,
      128, 44, 43, -1,
      128, 43, 126, -1,
      126, 43, 42, -1,
      126, 42, 124, -1,
      124, 42, 57, -1,
      124, 57, 106, -1,
      106, 57, 56, -1,
      106, 56, 104, -1,
      104, 56, 55, -1,
      104, 55, 103, -1,
      103, 55, 30, -1,
      103, 30, 101, -1,
      101, 30, 31, -1,
      101, 31, 99, -1,
      99, 31, 33, -1,
      99, 33, 97, -1,
      97, 33, 35, -1,
      97, 35, 91, -1,
      91, 35, 34, -1,
      91, 34, 185, -1,
      185, 34, 32, -1,
      185, 32, 187, -1,
      187, 32, 15, -1,
      187, 15, 189, -1,
      189, 15, 14, -1,
      189, 14, 191, -1,
      191, 14, 54, -1,
      191, 54, 192, -1,
      192, 54, 53, -1,
      192, 53, 194, -1,
      194, 53, 52, -1,
      194, 52, 196, -1,
      196, 52, 23, -1,
      196, 23, 198, -1,
      198, 23, 22, -1,
      198, 22, 199, -1,
      199, 22, 21, -1,
      199, 21, 151, -1,
      151, 21, 13, -1,
      151, 13, 153, -1,
      62, 149, 63, -1,
      63, 149, 157, -1,
      63, 157, 64, -1,
      64, 157, 155, -1,
      64, 155, 12, -1,
      12, 155, 153, -1,
      12, 153, 13, -1,
      149, 62, 61, -1,
      149, 61, 147, -1,
      147, 61, 20, -1,
      147, 20, 145, -1,
      145, 20, 19, -1,
      145, 19, 143, -1,
      143, 19, 18, -1,
      143, 18, 141, -1,
      141, 18, 17, -1,
      141, 17, 139, -1,
      139, 17, 16, -1,
      139, 16, 137, -1,
      137, 16, 28, -1,
      137, 28, 119, -1,
      119, 28, 29, -1,
      119, 29, 117, -1,
      117, 29, 41, -1,
      117, 41, 115, -1,
      115, 41, 40, -1,
      115, 40, 113, -1,
      113, 40, 39, -1,
      113, 39, 111, -1,
      111, 39, 48, -1,
      111, 48, 109, -1,
      109, 48, 47, -1,
      109, 47, 107, -1,
      107, 47, 49, -1,
      107, 49, 166, -1,
      166, 49, 50, -1,
      166, 50, 164, -1,
      164, 50, 51, -1,
      164, 51, 96, -1,
      96, 51, 27, -1,
      96, 27, 94, -1,
      94, 27, 26, -1,
      94, 26, 92, -1,
      162, 200, 201, -1,
      162, 201, 163, -1,
      163, 201, 202, -1,
      163, 202, 108, -1,
      108, 202, 203, -1,
      108, 203, 110, -1,
      110, 203, 204, -1,
      110, 204, 112, -1,
      112, 204, 205, -1,
      112, 205, 114, -1,
      114, 205, 206, -1,
      114, 206, 116, -1,
      116, 206, 207, -1,
      116, 207, 118, -1,
      195, 208, 209, -1,
      195, 209, 193, -1,
      193, 209, 210, -1,
      193, 210, 190, -1,
      190, 210, 211, -1,
      190, 211, 188, -1,
      188, 211, 212, -1,
      188, 212, 186, -1,
      186, 212, 213, -1,
      186, 213, 184, -1,
      184, 213, 214, -1,
      184, 214, 160, -1,
      160, 214, 215, -1,
      160, 215, 161, -1,
      161, 215, 200, -1,
      161, 200, 162, -1,
      159, 216, 217, -1,
      159, 217, 158, -1,
      158, 217, 218, -1,
      158, 218, 156, -1,
      156, 218, 219, -1,
      156, 219, 154, -1,
      154, 219, 220, -1,
      154, 220, 152, -1,
      152, 220, 221, -1,
      152, 221, 150, -1,
      150, 221, 222, -1,
      150, 222, 197, -1,
      197, 222, 208, -1,
      197, 208, 195, -1,
      118, 207, 223, -1,
      118, 223, 138, -1,
      138, 223, 224, -1,
      138, 224, 140, -1,
      140, 224, 225, -1,
      140, 225, 142, -1,
      142, 225, 226, -1,
      142, 226, 144, -1,
      144, 226, 227, -1,
      144, 227, 146, -1,
      146, 227, 228, -1,
      146, 228, 148, -1,
      148, 228, 216, -1,
      148, 216, 159, -1,
      122, 229, 230, -1,
      122, 230, 123, -1,
      123, 230, 231, -1,
      123, 231, 89, -1,
      89, 231, 232, -1,
      89, 232, 90, -1,
      90, 232, 233, -1,
      90, 233, 98, -1,
      98, 233, 234, -1,
      98, 234, 100, -1,
      100, 234, 235, -1,
      100, 235, 102, -1,
      102, 235, 236, -1,
      102, 236, 105, -1,
      183, 237, 238, -1,
      183, 238, 93, -1,
      93, 238, 239, -1,
      93, 239, 95, -1,
      95, 239, 240, -1,
      95, 240, 165, -1,
      165, 240, 241, -1,
      165, 241, 167, -1,
      167, 241, 242, -1,
      167, 242, 168, -1,
      168, 242, 243, -1,
      168, 243, 120, -1,
      120, 243, 244, -1,
      120, 244, 121, -1,
      121, 244, 229, -1,
      121, 229, 122, -1,
      169, 245, 246, -1,
      169, 246, 170, -1,
      170, 246, 247, -1,
      170, 247, 172, -1,
      172, 247, 248, -1,
      172, 248, 174, -1,
      174, 248, 249, -1,
      174, 249, 176, -1,
      176, 249, 250, -1,
      176, 250, 178, -1,
      178, 250, 251, -1,
      178, 251, 180, -1,
      180, 251, 252, -1,
      180, 252, 182, -1,
      182, 252, 237, -1,
      182, 237, 183, -1,
      105, 236, 253, -1,
      105, 253, 125, -1,
      125, 253, 254, -1,
      125, 254, 127, -1,
      127, 254, 255, -1,
      127, 255, 129, -1,
      129, 255, 256, -1,
      129, 256, 131, -1,
      131, 256, 257, -1,
      131, 257, 133, -1,
      133, 257, 258, -1,
      133, 258, 135, -1,
      135, 258, 245, -1,
      135, 245, 169, -1,
    ]
  }
}

Shape {
  appearance Appearance {
    material Material {
      diffuseColor 0.8980 0.9216 0.9294
      specularColor 0.4510 0.4588 0.4667
      ambientIntensity 0.2
      transparency 0.0000
      shininess 0.5
    }
  }
  geometry IndexedFaceSet {
    ccw TRUE
    solid FALSE
    coord DEF co Coordinate {
      point [
        0.302698 0.162644 3.149606,
        0.323916 0.160261 3.149606,
        0.340605 0.154729 3.149606,
        0.351889 0.147855 3.149606,
        0.361303 0.138172 3.149606,
        0.367702 0.127249 3.149606,
        0.372230 0.113179 3.149606,
        0.374339 0.094876 3.149606,
        0.231057 0.098748 3.149606,
        0.231120 0.099531 3.149606,
        0.234520 0.119049 3.149606,
        0.239766 0.131649 3.149606,
        0.247013 0.141849 3.149606,
        0.254008 0.148246 3.149606,
        0.266133 0.155359 3.149606,
        0.281918 0.160307 3.149606,
        0.304634 0.029043 3.149606,
        0.288599 0.030487 3.149606,
        0.269917 0.035656 3.149606,
        0.257389 0.042452 3.149606,
        0.246798 0.052361 3.149606,
        0.239358 0.063836 3.149606,
        0.233856 0.079393 3.149606,
        0.372500 0.075655 3.149606,
        0.367414 0.060798 3.149606,
        0.360869 0.050686 3.149606,
        0.352168 0.042536 3.149606,
        0.340751 0.035994 3.149606,
        0.324937 0.031214 3.149606,
        0.302698 0.201368 3.149606,
        0.300091 0.201572 3.149606,
        0.278078 0.205884 3.149606,
        0.264341 0.212261 3.149606,
        0.255056 0.219856 3.149606,
        0.248251 0.229090 3.149606,
        0.243335 0.240793 3.149606,
        0.240738 0.255583 3.149606,
        0.364657 0.257519 3.149606,
        0.364466 0.255663 3.149606,
        0.361120 0.239087 3.149606,
        0.356311 0.228511 3.149606,
        0.349416 0.219450 3.149606,
        0.344780 0.215256 3.149606,
        0.334565 0.208954 3.149606,
        0.320828 0.204079 3.149606,
        0.298825 0.307861 3.149606,
        0.307315 0.307349 3.149606,
        0.329247 0.303042 3.149606,
        0.343107 0.296510 3.149606,
        0.343115 0.296506 3.149606,
        0.351446 0.289728 3.149606,
        0.357570 0.281604 3.149606,
        0.362171 0.271055 3.149606,
        0.242229 0.266395 3.149606,
        0.247002 0.280303 3.149606,
        0.252578 0.288971 3.149606,
        0.260032 0.296141 3.149606,
        0.269531 0.301766 3.149606,
        0.282320 0.305912 3.149606,
      ]
    }
    coordIndex [
      54, 53, 30, -1,
      30, 53, 36, -1,
      30, 29, 54, -1,
      54, 29, 44, -1,
      54, 44, 43, -1,
      43, 42, 54, -1,
      54, 42, 41, -1,
      54, 41, 40, -1,
      37, 52, 54, -1,
      54, 52, 51, -1,
      54, 51, 50, -1,
      50, 49, 54, -1,
      54, 49, 48, -1,
      54, 48, 47, -1,
      40, 39, 54, -1,
      54, 39, 38, -1,
      54, 38, 37, -1,
      47, 46, 54, -1,
      54, 46, 45, -1,
      54, 45, 58, -1,
      36, 35, 30, -1,
      30, 35, 34, -1,
      30, 34, 31, -1,
      31, 34, 33, -1,
      31, 33, 32, -1,
      58, 57, 54, -1,
      54, 57, 56, -1,
      54, 56, 55, -1,
      0, 15, 6, -1,
      14, 23, 15, -1,
      15, 23, 7, -1,
      15, 7, 6, -1,
      20, 19, 18, -1,
      28, 9, 16, -1,
      16, 9, 17, -1,
      14, 13, 23, -1,
      23, 13, 12, -1,
      23, 12, 11, -1,
      9, 8, 17, -1,
      17, 8, 22, -1,
      17, 22, 18, -1,
      18, 22, 21, -1,
      18, 21, 20, -1,
      28, 27, 9, -1,
      9, 27, 26, -1,
      9, 26, 25, -1,
      0, 6, 1, -1,
      1, 6, 5, -1,
      1, 5, 2, -1,
      2, 5, 4, -1,
      2, 4, 3, -1,
      11, 10, 23, -1,
      23, 10, 9, -1,
      23, 9, 24, -1,
      24, 9, 25, -1,
    ]
  }
}

Shape {
  appearance Appearance {
    material Material {
      diffuseColor 0.6941 0.0980 0.0980
      specularColor 0.3490 0.0510 0.0510
      ambientIntensity 0.2
      transparency 0.0000
      shininess 0.5
    }
  }
  geometry IndexedFaceSet {
    ccw TRUE
    solid FALSE
    coord DEF co Coordinate {
      point [
        0.167831 -0.290449 3.149606,
        0.176174 -0.290449 3.149606,
        0.205480 -0.290449 3.149606,
        0.392219 -0.290449 3.149606,
        0.339510 -0.290449 3.149606,
        0.205480 -0.424479 3.149606,
        0.276260 -0.401890 3.149606,
        0.395231 -0.566039 3.149606,
        0.345534 -0.566039 3.149606,
        0.022128 -0.568298 3.149606,
        0.017320 -0.569406 3.149606,
        0.000837 -0.570557 3.149606,
        -0.016643 -0.568298 3.149606,
        -0.390211 -0.290449 3.149606,
        -0.170281 -0.330797 3.149606,
        -0.248651 -0.454598 3.149606,
        -0.346538 -0.290449 3.149606,
        -0.268228 -0.422973 3.149606,
        -0.144739 -0.290449 3.149606,
        -0.170281 -0.290449 3.149606,
        -0.188412 -0.290449 3.149606,
        -0.248651 -0.566039 3.149606,
        -0.286300 -0.566039 3.149606,
        -0.286300 -0.454598 3.149606,
        0.102664 -0.520554 3.149606,
        0.087480 -0.539176 3.149606,
        0.040035 -0.286796 3.149606,
        0.064969 -0.295051 3.149606,
        0.085145 -0.307497 3.149606,
        0.099539 -0.322380 3.149606,
        0.110650 -0.341082 3.149606,
        0.122819 -0.463634 3.149606,
        0.114737 -0.495769 3.149606,
        0.072677 -0.550878 3.149606,
        0.051323 -0.561570 3.149606,
        0.086676 -0.463634 3.149606,
        0.119807 -0.371770 3.149606,
        0.119230 -0.368869 3.149606,
        -0.032190 -0.566289 3.149606,
        -0.057919 -0.557270 3.149606,
        -0.077748 -0.544693 3.149606,
        -0.093585 -0.528486 3.149606,
        -0.106722 -0.506859 3.149606,
        -0.117938 -0.472280 3.149606,
        -0.122652 -0.427491 3.149606,
        -0.117314 -0.384781 3.149606,
        -0.106907 -0.352699 3.149606,
        0.083665 -0.371770 3.149606,
        0.077412 -0.353941 3.149606,
        0.069101 -0.340671 3.149606,
        0.058790 -0.330453 3.149606,
        0.048531 -0.323919 3.149606,
        0.030417 -0.317354 3.149606,
        0.067200 -0.511654 3.149606,
        0.078052 -0.492376 3.149606,
        -0.017024 -0.318101 3.149606,
        0.006861 -0.314544 3.149606,
        -0.092539 -0.328465 3.149606,
        -0.082023 -0.316633 3.149606,
        -0.060146 -0.300377 3.149606,
        -0.062776 -0.349159 3.149606,
        0.003689 -0.540320 3.149606,
        -0.050472 -0.335345 3.149606,
        -0.035672 -0.325226 3.149606,
        -0.073577 -0.369604 3.149606,
        -0.081674 -0.402583 3.149606,
        -0.083497 -0.425985 3.149606,
        0.008367 -0.540438 3.149606,
        0.028111 -0.537879 3.149606,
        -0.035958 -0.290034 3.149606,
        0.002223 -0.283249 3.149606,
        0.006861 -0.282919 3.149606,
        -0.080872 -0.461316 3.149606,
        -0.074186 -0.487221 3.149606,
        -0.021418 -0.536824 3.149606,
        -0.064457 -0.506504 3.149606,
        -0.037906 -0.530481 3.149606,
        -0.053072 -0.519806 3.149606,
        0.043725 -0.532009 3.149606,
        0.056561 -0.523254 3.149606,
        0.249153 -0.427491 3.149606,
        0.205480 -0.468152 3.149606,
        0.205480 -0.566039 3.149606,
        0.176174 -0.566039 3.149606,
        0.167831 -0.566039 3.149606,
        -0.144739 -0.290449 3.150000,
        -0.248651 -0.454598 3.150000,
        -0.188412 -0.290449 3.150000,
        -0.268228 -0.422973 3.150000,
        -0.346538 -0.290449 3.150000,
        -0.390211 -0.290449 3.150000,
        -0.286300 -0.454598 3.150000,
        -0.286300 -0.566039 3.150000,
        -0.248651 -0.566039 3.150000,
        0.119807 -0.371770 3.150000,
        0.119230 -0.368869 3.150000,
        0.110650 -0.341082 3.150000,
        0.099539 -0.322380 3.150000,
        0.085145 -0.307497 3.150000,
        0.064969 -0.295051 3.150000,
        0.040035 -0.286796 3.150000,
        0.006861 -0.282919 3.150000,
        0.002223 -0.283249 3.150000,
        -0.035958 -0.290034 3.150000,
        -0.060146 -0.300377 3.150000,
        -0.082023 -0.316633 3.150000,
        -0.092539 -0.328465 3.150000,
        -0.106907 -0.352699 3.150000,
        -0.117314 -0.384781 3.150000,
        -0.122652 -0.427491 3.150000,
        0.000837 -0.570557 3.150000,
        -0.032190 -0.566289 3.150000,
        -0.057919 -0.557270 3.150000,
        -0.077748 -0.544693 3.150000,
        -0.093585 -0.528486 3.150000,
        -0.106722 -0.506859 3.150000,
        -0.117938 -0.472280 3.150000,
        0.017320 -0.569406 3.150000,
        0.051323 -0.561570 3.150000,
        0.072677 -0.550878 3.150000,
        0.087480 -0.539176 3.150000,
        0.102664 -0.520554 3.150000,
        0.114737 -0.495769 3.150000,
        0.122819 -0.463634 3.150000,
        0.086676 -0.463634 3.150000,
        0.078052 -0.492376 3.150000,
        0.067200 -0.511654 3.150000,
        0.056561 -0.523254 3.150000,
        0.043725 -0.532009 3.150000,
        0.028111 -0.537879 3.150000,
        0.008367 -0.540438 3.150000,
        0.003689 -0.540320 3.150000,
        -0.021418 -0.536824 3.150000,
        -0.037906 -0.530481 3.150000,
        -0.053072 -0.519806 3.150000,
        -0.064457 -0.506504 3.150000,
        -0.074186 -0.487221 3.150000,
        -0.080872 -0.461316 3.150000,
        -0.083497 -0.425985 3.150000,
        -0.081674 -0.402583 3.150000,
        -0.073577 -0.369604 3.150000,
        -0.062776 -0.349159 3.150000,
        -0.050472 -0.335345 3.150000,
        -0.035672 -0.325226 3.150000,
        -0.017024 -0.318101 3.150000,
        0.006861 -0.314544 3.150000,
        0.030417 -0.317354 3.150000,
        0.048531 -0.323919 3.150000,
        0.058790 -0.330453 3.150000,
        0.069101 -0.340671 3.150000,
        0.077412 -0.353941 3.150000,
        0.083665 -0.371770 3.150000,
        0.249153 -0.427491 3.150000,
        0.205480 -0.468152 3.150000,
        0.345534 -0.566039 3.150000,
        0.395231 -0.566039 3.150000,
        0.276260 -0.401890 3.150000,
        0.392219 -0.290449 3.150000,
        0.339510 -0.290449 3.150000,
        0.205480 -0.424479 3.150000,
        0.205480 -0.290449 3.150000,
        0.167831 -0.290449 3.150000,
        0.167831 -0.566039 3.150000,
        0.205480 -0.566039 3.150000,
      ]
    }
    coordIndex [
      18, 85, 14, -1,
      14, 85, 86, -1,
      14, 86, 15, -1,
      20, 87, 19, -1,
      19, 87, 85, -1,
      19, 85, 18, -1,
      88, 87, 17, -1,
      17, 87, 20, -1,
      89, 88, 16, -1,
      16, 88, 17, -1,
      90, 89, 13, -1,
      13, 89, 16, -1,
      91, 90, 23, -1,
      23, 90, 13, -1,
      92, 91, 22, -1,
      22, 91, 23, -1,
      93, 92, 21, -1,
      21, 92, 22, -1,
      86, 93, 15, -1,
      15, 93, 21, -1,
      85, 87, 86, -1,
      86, 87, 88, -1,
      86, 88, 93, -1,
      93, 88, 92, -1,
      89, 90, 88, -1,
      88, 90, 91, -1,
      88, 91, 92, -1,
      94, 36, 37, -1,
      94, 37, 95, -1,
      95, 37, 30, -1,
      95, 30, 96, -1,
      96, 30, 29, -1,
      96, 29, 97, -1,
      97, 29, 28, -1,
      97, 28, 98, -1,
      98, 28, 27, -1,
      98, 27, 99, -1,
      99, 27, 26, -1,
      99, 26, 100, -1,
      100, 26, 71, -1,
      100, 71, 101, -1,
      101, 71, 70, -1,
      101, 70, 102, -1,
      102, 70, 69, -1,
      102, 69, 103, -1,
      103, 69, 59, -1,
      103, 59, 104, -1,
      104, 59, 58, -1,
      104, 58, 105, -1,
      105, 58, 57, -1,
      105, 57, 106, -1,
      106, 57, 46, -1,
      106, 46, 107, -1,
      107, 46, 45, -1,
      107, 45, 108, -1,
      108, 45, 44, -1,
      108, 44, 109, -1,
      11, 110, 12, -1,
      12, 110, 111, -1,
      12, 111, 38, -1,
      38, 111, 112, -1,
      38, 112, 39, -1,
      39, 112, 113, -1,
      39, 113, 40, -1,
      40, 113, 114, -1,
      40, 114, 41, -1,
      41, 114, 115, -1,
      41, 115, 42, -1,
      42, 115, 116, -1,
      42, 116, 43, -1,
      43, 116, 109, -1,
      43, 109, 44, -1,
      110, 11, 10, -1,
      110, 10, 117, -1,
      117, 10, 9, -1,
      117, 9, 118, -1,
      9, 34, 118, -1,
      118, 34, 33, -1,
      118, 33, 119, -1,
      119, 33, 25, -1,
      119, 25, 120, -1,
      120, 25, 24, -1,
      120, 24, 121, -1,
      121, 24, 32, -1,
      121, 32, 122, -1,
      122, 32, 31, -1,
      122, 31, 123, -1,
      124, 123, 35, -1,
      35, 123, 31, -1,
      124, 35, 54, -1,
      124, 54, 125, -1,
      125, 54, 53, -1,
      125, 53, 126, -1,
      126, 53, 79, -1,
      126, 79, 127, -1,
      127, 79, 78, -1,
      127, 78, 128, -1,
      128, 78, 68, -1,
      128, 68, 129, -1,
      129, 68, 67, -1,
      129, 67, 130, -1,
      130, 67, 61, -1,
      130, 61, 131, -1,
      131, 61, 74, -1,
      131, 74, 132, -1,
      132, 74, 76, -1,
      132, 76, 133, -1,
      133, 76, 77, -1,
      133, 77, 134, -1,
      134, 77, 75, -1,
      134, 75, 135, -1,
      135, 75, 73, -1,
      135, 73, 136, -1,
      136, 73, 72, -1,
      136, 72, 137, -1,
      137, 72, 66, -1,
      137, 66, 138, -1,
      138, 66, 65, -1,
      138, 65, 139, -1,
      139, 65, 64, -1,
      139, 64, 140, -1,
      140, 64, 60, -1,
      140, 60, 141, -1,
      141, 60, 62, -1,
      141, 62, 142, -1,
      142, 62, 63, -1,
      142, 63, 143, -1,
      143, 63, 55, -1,
      143, 55, 144, -1,
      144, 55, 56, -1,
      144, 56, 145, -1,
      145, 56, 52, -1,
      145, 52, 146, -1,
      146, 52, 51, -1,
      146, 51, 147, -1,
      147, 51, 50, -1,
      147, 50, 148, -1,
      148, 50, 49, -1,
      148, 49, 149, -1,
      149, 49, 48, -1,
      149, 48, 150, -1,
      150, 48, 47, -1,
      150, 47, 151, -1,
      94, 151, 36, -1,
      36, 151, 47, -1,
      151, 94, 95, -1,
      126, 127, 119, -1,
      119, 127, 118, -1,
      151, 95, 150, -1,
      150, 95, 96, -1,
      150, 96, 149, -1,
      149, 96, 97, -1,
      149, 97, 148, -1,
      148, 97, 98, -1,
      148, 98, 147, -1,
      147, 98, 99, -1,
      147, 99, 146, -1,
      146, 99, 100, -1,
      146, 100, 145, -1,
      123, 124, 122, -1,
      122, 124, 125, -1,
      122, 125, 121, -1,
      121, 125, 126, -1,
      121, 126, 120, -1,
      120, 126, 119, -1,
      100, 101, 145, -1,
      145, 101, 102, -1,
      145, 102, 144, -1,
      144, 102, 103, -1,
      144, 103, 143, -1,
      143, 103, 104, -1,
      143, 104, 142, -1,
      142, 104, 105, -1,
      142, 105, 141, -1,
      141, 105, 106, -1,
      141, 106, 140, -1,
      140, 106, 107, -1,
      140, 107, 139, -1,
      139, 107, 108, -1,
      139, 108, 138, -1,
      138, 108, 109, -1,
      138, 109, 137, -1,
      137, 109, 116, -1,
      137, 116, 136, -1,
      136, 116, 115, -1,
      136, 115, 135, -1,
      135, 115, 114, -1,
      135, 114, 134, -1,
      134, 114, 113, -1,
      134, 113, 133, -1,
      133, 113, 112, -1,
      133, 112, 132, -1,
      132, 112, 111, -1,
      132, 111, 131, -1,
      131, 111, 110, -1,
      131, 110, 130, -1,
      130, 110, 117, -1,
      130, 117, 129, -1,
      129, 117, 118, -1,
      129, 118, 128, -1,
      128, 118, 127, -1,
      152, 153, 80, -1,
      80, 153, 81, -1,
      154, 152, 8, -1,
      8, 152, 80, -1,
      155, 154, 7, -1,
      7, 154, 8, -1,
      156, 155, 6, -1,
      6, 155, 7, -1,
      157, 156, 3, -1,
      3, 156, 6, -1,
      158, 157, 4, -1,
      4, 157, 3, -1,
      159, 158, 5, -1,
      5, 158, 4, -1,
      160, 159, 2, -1,
      2, 159, 5, -1,
      0, 161, 1, -1,
      1, 161, 160, -1,
      1, 160, 2, -1,
      162, 161, 84, -1,
      84, 161, 0, -1,
      82, 163, 83, -1,
      83, 163, 162, -1,
      83, 162, 84, -1,
      153, 163, 81, -1,
      81, 163, 82, -1,
      160, 161, 159, -1,
      159, 161, 162, -1,
      162, 163, 153, -1,
      154, 155, 152, -1,
      152, 155, 156, -1,
      162, 153, 159, -1,
      159, 153, 152, -1,
      159, 152, 158, -1,
      158, 152, 156, -1,
      158, 156, 157, -1,
    ]
  }
}

Shape {
  appearance Appearance {
    material Material {
      diffuseColor 1.0000 1.0000 1.0000
      specularColor 0.8784 0.8784 0.8784
      ambientIntensity 0.2
      transparency 0.0000
      shininess 0.5
    }
  }
  geometry IndexedFaceSet {
    ccw TRUE
    solid FALSE
    coord DEF co Coordinate {
      point [
        0.115442 -0.038779 0.118110,
        0.115442 -0.051742 0.118110,
        0.128032 -0.056912 0.118110,
        0.139967 -0.058584 0.118110,
        0.132800 0.060967 0.118110,
        0.129098 0.060711 0.118110,
        0.115442 0.057006 0.118110,
        0.115442 0.041161 0.118110,
        0.128746 0.046858 0.118110,
        0.117559 -0.039952 0.118110,
        0.143102 0.048723 0.118110,
        0.154732 0.047417 0.118110,
        0.163572 0.044227 0.118110,
        0.171747 0.038758 0.118110,
        0.178880 0.030884 0.118110,
        0.187461 -0.000069 0.118110,
        0.186265 -0.012855 0.118110,
        0.183056 -0.023014 0.118110,
        0.156774 -0.045105 0.118110,
        0.145757 -0.046341 0.118110,
        0.165380 -0.041937 0.118110,
        0.172628 -0.037051 0.118110,
        0.178171 -0.031204 0.118110,
        0.130079 -0.044601 0.118110,
        0.183749 0.021765 0.118110,
        0.186897 0.009120 0.118110,
        0.183444 -0.047788 0.118110,
        0.192316 -0.038448 0.118110,
        0.173943 -0.053855 0.118110,
        0.190148 0.040180 0.118110,
        0.179485 0.050435 0.118110,
        0.203304 -0.001037 0.118110,
        0.201606 0.015755 0.118110,
        0.197071 0.029138 0.118110,
        0.168267 0.056893 0.118110,
        0.155100 0.060718 0.118110,
        0.152058 0.060967 0.118110,
        0.198608 -0.027217 0.118110,
        0.202162 -0.014715 0.118110,
        0.144711 -0.059249 0.118110,
        0.147940 -0.059304 0.118110,
        0.154886 -0.058584 0.118110,
        0.162496 -0.057795 0.118110,
        -0.187035 -0.057864 0.118110,
        -0.204320 -0.057864 0.118110,
        -0.158228 0.060246 0.118110,
        -0.175085 -0.024735 0.118110,
        -0.126293 -0.024735 0.118110,
        -0.115017 -0.057864 0.118110,
        -0.097733 -0.057864 0.118110,
        -0.142384 0.060246 0.118110,
        -0.083193 -0.025493 0.118110,
        -0.076419 -0.036057 0.118110,
        -0.066698 -0.045365 0.118110,
        -0.054365 -0.052532 0.118110,
        -0.027357 0.060246 0.118110,
        -0.044421 0.058422 0.118110,
        -0.058240 0.053570 0.118110,
        -0.071095 0.044955 0.118110,
        -0.071219 0.044846 0.118110,
        -0.079571 0.035585 0.118110,
        -0.085060 0.025427 0.118110,
        -0.040756 -0.056588 0.118110,
        -0.026142 -0.057864 0.118110,
        0.005974 -0.057864 0.118110,
        0.005974 0.060246 0.118110,
        -0.088232 0.013790 0.118110,
        -0.089090 0.002677 0.118110,
        -0.087433 -0.013130 0.118110,
        0.143237 0.061687 0.118110,
        0.031901 0.060246 0.118110,
        0.031901 0.047283 0.118110,
        0.029020 -0.044900 0.118110,
        0.029020 -0.057864 0.118110,
        0.092396 -0.057864 0.118110,
        0.092396 0.060246 0.118110,
        0.076552 -0.004570 0.118110,
        0.076552 -0.044900 0.118110,
        0.034781 -0.004570 0.118110,
        0.034781 0.008393 0.118110,
        0.076552 0.008393 0.118110,
        0.076552 0.047283 0.118110,
        0.213387 -0.044900 0.118110,
        0.213387 -0.057864 0.118110,
        0.258039 -0.044900 0.118110,
        0.258039 0.060246 0.118110,
        0.273883 0.060246 0.118110,
        0.273883 -0.057864 0.118110,
        -0.158228 0.060246 0.122047,
        -0.204320 -0.057864 0.122047,
        -0.187035 -0.057864 0.122047,
        -0.175085 -0.024735 0.122047,
        -0.126293 -0.024735 0.122047,
        -0.115017 -0.057864 0.122047,
        -0.097733 -0.057864 0.122047,
        -0.142384 0.060246 0.122047,
        -0.130276 -0.011772 0.122047,
        -0.169774 -0.011772 0.122047,
        -0.147898 0.037561 0.122047,
        -0.149035 0.041657 0.122047,
        -0.149789 0.045843 0.122047,
        -0.150171 0.045843 0.122047,
        -0.150942 0.041669 0.122047,
        -0.151994 0.037561 0.122047,
        -0.130276 -0.011772 0.118110,
        -0.169774 -0.011772 0.118110,
        -0.147898 0.037561 0.118110,
        -0.149035 0.041657 0.118110,
        -0.149789 0.045843 0.118110,
        -0.150171 0.045843 0.118110,
        -0.150942 0.041669 0.118110,
        -0.151994 0.037561 0.118110,
        -0.026142 -0.057864 0.122047,
        0.005974 -0.057864 0.122047,
        0.005974 0.060246 0.122047,
        -0.027357 0.060246 0.122047,
        -0.089090 0.002677 0.122047,
        -0.088232 0.013790 0.122047,
        -0.085060 0.025427 0.122047,
        -0.079571 0.035585 0.122047,
        -0.071219 0.044846 0.122047,
        -0.071095 0.044955 0.122047,
        -0.058240 0.053570 0.122047,
        -0.044421 0.058422 0.122047,
        -0.040756 -0.056588 0.122047,
        -0.054365 -0.052532 0.122047,
        -0.066698 -0.045365 0.122047,
        -0.076419 -0.036057 0.122047,
        -0.083193 -0.025493 0.122047,
        -0.087433 -0.013130 0.122047,
        -0.065383 0.030720 0.122047,
        -0.059646 0.036812 0.122047,
        -0.051018 0.042385 0.122047,
        -0.041269 0.045797 0.122047,
        -0.027289 0.047283 0.122047,
        -0.009870 0.047283 0.122047,
        -0.009870 -0.044900 0.122047,
        -0.026637 -0.044900 0.122047,
        -0.039098 -0.043741 0.122047,
        -0.049037 -0.040638 0.122047,
        -0.057092 -0.035855 0.122047,
        -0.063716 -0.029312 0.122047,
        -0.068698 -0.021169 0.122047,
        -0.072162 -0.010067 0.122047,
        -0.073246 0.002339 0.122047,
        -0.072243 0.014094 0.122047,
        -0.069486 0.023436 0.122047,
        -0.027289 0.047283 0.118110,
        -0.009870 0.047283 0.118110,
        -0.041269 0.045797 0.118110,
        -0.051018 0.042385 0.118110,
        -0.059646 0.036812 0.118110,
        -0.065383 0.030720 0.118110,
        -0.069486 0.023436 0.118110,
        -0.072243 0.014094 0.118110,
        -0.073246 0.002339 0.118110,
        -0.072162 -0.010067 0.118110,
        -0.068698 -0.021169 0.118110,
        -0.063716 -0.029312 0.118110,
        -0.057092 -0.035855 0.118110,
        -0.049037 -0.040638 0.118110,
        -0.039098 -0.043741 0.118110,
        -0.026637 -0.044900 0.118110,
        -0.009870 -0.044900 0.118110,
        0.029020 -0.044900 0.122047,
        0.029020 -0.057864 0.122047,
        0.092396 -0.057864 0.122047,
        0.092396 0.060246 0.122047,
        0.031901 0.060246 0.122047,
        0.031901 0.047283 0.122047,
        0.076552 0.047283 0.122047,
        0.076552 0.008393 0.122047,
        0.034781 0.008393 0.122047,
        0.034781 -0.004570 0.122047,
        0.076552 -0.004570 0.122047,
        0.076552 -0.044900 0.122047,
        0.115442 -0.038779 0.122047,
        0.115442 -0.051742 0.122047,
        0.128032 -0.056912 0.122047,
        0.147940 -0.059304 0.122047,
        0.144711 -0.059249 0.122047,
        0.203304 -0.001037 0.122047,
        0.202162 -0.014715 0.122047,
        0.198608 -0.027217 0.122047,
        0.192316 -0.038448 0.122047,
        0.183444 -0.047788 0.122047,
        0.173943 -0.053855 0.122047,
        0.162496 -0.057795 0.122047,
        0.143237 0.061687 0.122047,
        0.155100 0.060718 0.122047,
        0.168267 0.056893 0.122047,
        0.179485 0.050435 0.122047,
        0.190148 0.040180 0.122047,
        0.197071 0.029138 0.122047,
        0.201606 0.015755 0.122047,
        0.129098 0.060711 0.122047,
        0.115442 0.057006 0.122047,
        0.115442 0.041161 0.122047,
        0.143102 0.048723 0.122047,
        0.128746 0.046858 0.122047,
        0.187461 -0.000069 0.122047,
        0.186897 0.009120 0.122047,
        0.183749 0.021765 0.122047,
        0.178880 0.030884 0.122047,
        0.171747 0.038758 0.122047,
        0.163572 0.044227 0.122047,
        0.154732 0.047417 0.122047,
        0.145757 -0.046341 0.122047,
        0.156774 -0.045105 0.122047,
        0.165380 -0.041937 0.122047,
        0.172628 -0.037051 0.122047,
        0.178171 -0.031204 0.122047,
        0.183056 -0.023014 0.122047,
        0.186265 -0.012855 0.122047,
        0.117559 -0.039952 0.122047,
        0.130079 -0.044601 0.122047,
        0.213387 -0.044900 0.122047,
        0.213387 -0.057864 0.122047,
        0.273883 -0.057864 0.122047,
        0.273883 0.060246 0.122047,
        0.258039 0.060246 0.122047,
        0.258039 -0.044900 0.122047,
      ]
    }
    coordIndex [
      88, 89, 45, -1,
      45, 89, 44, -1,
      89, 90, 44, -1,
      44, 90, 43, -1,
      90, 91, 43, -1,
      43, 91, 46, -1,
      91, 92, 46, -1,
      46, 92, 47, -1,
      92, 93, 47, -1,
      47, 93, 48, -1,
      93, 94, 48, -1,
      48, 94, 49, -1,
      94, 95, 49, -1,
      49, 95, 50, -1,
      95, 88, 50, -1,
      50, 88, 45, -1,
      96, 92, 97, -1,
      97, 92, 91, -1,
      98, 95, 96, -1,
      96, 95, 94, -1,
      96, 94, 92, -1,
      92, 94, 93, -1,
      98, 99, 95, -1,
      95, 99, 100, -1,
      95, 100, 88, -1,
      88, 100, 101, -1,
      88, 101, 102, -1,
      102, 103, 88, -1,
      88, 103, 97, -1,
      88, 97, 89, -1,
      89, 97, 91, -1,
      89, 91, 90, -1,
      96, 97, 104, -1,
      104, 97, 105, -1,
      98, 96, 106, -1,
      106, 96, 104, -1,
      98, 106, 107, -1,
      98, 107, 99, -1,
      99, 107, 108, -1,
      99, 108, 100, -1,
      101, 100, 109, -1,
      109, 100, 108, -1,
      101, 109, 110, -1,
      101, 110, 102, -1,
      102, 110, 111, -1,
      102, 111, 103, -1,
      97, 103, 105, -1,
      105, 103, 111, -1,
      112, 113, 63, -1,
      63, 113, 64, -1,
      113, 114, 64, -1,
      64, 114, 65, -1,
      114, 115, 65, -1,
      65, 115, 55, -1,
      116, 67, 66, -1,
      116, 66, 117, -1,
      117, 66, 61, -1,
      117, 61, 118, -1,
      118, 61, 60, -1,
      118, 60, 119, -1,
      119, 60, 59, -1,
      119, 59, 120, -1,
      120, 59, 58, -1,
      120, 58, 121, -1,
      121, 58, 57, -1,
      121, 57, 122, -1,
      122, 57, 56, -1,
      122, 56, 123, -1,
      123, 56, 55, -1,
      123, 55, 115, -1,
      112, 63, 62, -1,
      112, 62, 124, -1,
      124, 62, 54, -1,
      124, 54, 125, -1,
      125, 54, 53, -1,
      125, 53, 126, -1,
      126, 53, 52, -1,
      126, 52, 127, -1,
      127, 52, 51, -1,
      127, 51, 128, -1,
      128, 51, 68, -1,
      128, 68, 129, -1,
      129, 68, 67, -1,
      129, 67, 116, -1,
      118, 119, 130, -1,
      130, 119, 120, -1,
      130, 120, 131, -1,
      131, 120, 121, -1,
      131, 121, 132, -1,
      132, 121, 122, -1,
      132, 122, 133, -1,
      133, 122, 123, -1,
      133, 123, 134, -1,
      134, 123, 115, -1,
      134, 115, 135, -1,
      135, 115, 114, -1,
      135, 114, 136, -1,
      136, 114, 113, -1,
      136, 113, 137, -1,
      137, 113, 112, -1,
      137, 112, 138, -1,
      138, 112, 124, -1,
      138, 124, 139, -1,
      139, 124, 125, -1,
      139, 125, 140, -1,
      140, 125, 126, -1,
      140, 126, 141, -1,
      141, 126, 127, -1,
      141, 127, 142, -1,
      142, 127, 128, -1,
      142, 128, 143, -1,
      143, 128, 129, -1,
      143, 129, 144, -1,
      144, 129, 116, -1,
      144, 116, 145, -1,
      145, 116, 117, -1,
      145, 117, 146, -1,
      146, 117, 118, -1,
      146, 118, 130, -1,
      134, 135, 147, -1,
      147, 135, 148, -1,
      134, 147, 149, -1,
      134, 149, 133, -1,
      133, 149, 150, -1,
      133, 150, 132, -1,
      132, 150, 151, -1,
      132, 151, 131, -1,
      131, 151, 152, -1,
      131, 152, 130, -1,
      130, 152, 153, -1,
      130, 153, 146, -1,
      146, 153, 154, -1,
      146, 154, 145, -1,
      145, 154, 155, -1,
      145, 155, 144, -1,
      144, 155, 156, -1,
      144, 156, 143, -1,
      143, 156, 157, -1,
      143, 157, 142, -1,
      142, 157, 158, -1,
      142, 158, 141, -1,
      141, 158, 159, -1,
      141, 159, 140, -1,
      140, 159, 160, -1,
      140, 160, 139, -1,
      139, 160, 161, -1,
      139, 161, 138, -1,
      138, 161, 162, -1,
      138, 162, 137, -1,
      136, 137, 163, -1,
      163, 137, 162, -1,
      135, 136, 148, -1,
      148, 136, 163, -1,
      164, 165, 72, -1,
      72, 165, 73, -1,
      165, 166, 73, -1,
      73, 166, 74, -1,
      166, 167, 74, -1,
      74, 167, 75, -1,
      167, 168, 75, -1,
      75, 168, 70, -1,
      168, 169, 70, -1,
      70, 169, 71, -1,
      169, 170, 71, -1,
      71, 170, 81, -1,
      170, 171, 81, -1,
      81, 171, 80, -1,
      171, 172, 80, -1,
      80, 172, 79, -1,
      172, 173, 79, -1,
      79, 173, 78, -1,
      173, 174, 78, -1,
      78, 174, 76, -1,
      174, 175, 76, -1,
      76, 175, 77, -1,
      175, 164, 77, -1,
      77, 164, 72, -1,
      166, 165, 164, -1,
      164, 175, 166, -1,
      166, 175, 174, -1,
      166, 174, 167, -1,
      169, 168, 170, -1,
      170, 168, 167, -1,
      170, 167, 171, -1,
      171, 167, 174, -1,
      171, 174, 172, -1,
      172, 174, 173, -1,
      176, 177, 0, -1,
      0, 177, 1, -1,
      1, 177, 178, -1,
      179, 40, 39, -1,
      179, 39, 180, -1,
      180, 39, 3, -1,
      180, 3, 178, -1,
      178, 3, 2, -1,
      178, 2, 1, -1,
      181, 31, 38, -1,
      181, 38, 182, -1,
      182, 38, 37, -1,
      182, 37, 183, -1,
      183, 37, 27, -1,
      183, 27, 184, -1,
      184, 27, 26, -1,
      184, 26, 185, -1,
      185, 26, 28, -1,
      185, 28, 186, -1,
      186, 28, 42, -1,
      186, 42, 187, -1,
      187, 42, 179, -1,
      179, 42, 41, -1,
      179, 41, 40, -1,
      188, 69, 189, -1,
      189, 69, 36, -1,
      36, 35, 189, -1,
      189, 35, 34, -1,
      189, 34, 190, -1,
      190, 34, 30, -1,
      190, 30, 191, -1,
      191, 30, 29, -1,
      191, 29, 192, -1,
      192, 29, 33, -1,
      192, 33, 193, -1,
      193, 33, 32, -1,
      193, 32, 194, -1,
      194, 32, 31, -1,
      194, 31, 181, -1,
      69, 188, 4, -1,
      4, 188, 195, -1,
      4, 195, 5, -1,
      5, 195, 196, -1,
      5, 196, 6, -1,
      196, 197, 6, -1,
      6, 197, 7, -1,
      198, 10, 8, -1,
      198, 8, 199, -1,
      199, 8, 7, -1,
      199, 7, 197, -1,
      200, 15, 25, -1,
      200, 25, 201, -1,
      201, 25, 24, -1,
      201, 24, 202, -1,
      202, 24, 14, -1,
      202, 14, 203, -1,
      203, 14, 13, -1,
      203, 13, 204, -1,
      204, 13, 12, -1,
      204, 12, 205, -1,
      205, 12, 11, -1,
      205, 11, 206, -1,
      206, 11, 10, -1,
      206, 10, 198, -1,
      207, 19, 18, -1,
      207, 18, 208, -1,
      208, 18, 20, -1,
      208, 20, 209, -1,
      209, 20, 21, -1,
      209, 21, 210, -1,
      210, 21, 22, -1,
      210, 22, 211, -1,
      211, 22, 17, -1,
      211, 17, 212, -1,
      212, 17, 16, -1,
      212, 16, 213, -1,
      213, 16, 15, -1,
      213, 15, 200, -1,
      176, 0, 9, -1,
      176, 9, 214, -1,
      214, 9, 23, -1,
      214, 23, 215, -1,
      215, 23, 19, -1,
      215, 19, 207, -1,
      208, 179, 207, -1,
      207, 179, 180, -1,
      207, 180, 215, -1,
      215, 180, 178, -1,
      215, 178, 214, -1,
      214, 178, 177, -1,
      214, 177, 176, -1,
      197, 196, 199, -1,
      199, 196, 195, -1,
      199, 195, 198, -1,
      198, 195, 188, -1,
      198, 188, 206, -1,
      206, 188, 189, -1,
      206, 189, 205, -1,
      205, 189, 190, -1,
      205, 190, 204, -1,
      204, 190, 191, -1,
      204, 191, 203, -1,
      203, 191, 192, -1,
      203, 192, 202, -1,
      202, 192, 193, -1,
      202, 193, 201, -1,
      201, 193, 194, -1,
      201, 194, 200, -1,
      200, 194, 181, -1,
      200, 181, 213, -1,
      213, 181, 182, -1,
      213, 182, 212, -1,
      212, 182, 183, -1,
      212, 183, 211, -1,
      211, 183, 184, -1,
      211, 184, 210, -1,
      210, 184, 185, -1,
      210, 185, 209, -1,
      209, 185, 186, -1,
      209, 186, 208, -1,
      208, 186, 187, -1,
      208, 187, 179, -1,
      216, 217, 82, -1,
      82, 217, 83, -1,
      217, 218, 83, -1,
      83, 218, 87, -1,
      218, 219, 87, -1,
      87, 219, 86, -1,
      219, 220, 86, -1,
      86, 220, 85, -1,
      220, 221, 85, -1,
      85, 221, 84, -1,
      221, 216, 84, -1,
      84, 216, 82, -1,
      220, 219, 221, -1,
      221, 219, 218, -1,
      221, 218, 216, -1,
      216, 218, 217, -1,
    ]
  }
}

Shape {
  appearance Appearance {
    material Material {
      diffuseColor 0.2000 0.2000 0.2000
      specularColor 0.2510 0.2510 0.2510
      ambientIntensity 0.2
      transparency 0.0000
      shininess 0.5
    }
  }
  geometry IndexedFaceSet {
    ccw TRUE
    solid FALSE
    coord DEF co Coordinate {
      point [
        -0.130276 -0.011772 0.118110,
        -0.169774 -0.011772 0.118110,
        -0.147898 0.037561 0.118110,
        -0.149035 0.041657 0.118110,
        -0.149789 0.045843 0.118110,
        -0.150171 0.045843 0.118110,
        -0.150942 0.041669 0.118110,
        -0.151994 0.037561 0.118110,
        -0.027289 0.047283 0.118110,
        -0.009870 0.047283 0.118110,
        -0.041269 0.045797 0.118110,
        -0.051018 0.042385 0.118110,
        -0.059646 0.036812 0.118110,
        -0.065383 0.030720 0.118110,
        -0.069486 0.023436 0.118110,
        -0.072243 0.014094 0.118110,
        -0.073246 0.002339 0.118110,
        -0.072162 -0.010067 0.118110,
        -0.068698 -0.021169 0.118110,
        -0.063716 -0.029312 0.118110,
        -0.057092 -0.035855 0.118110,
        -0.049037 -0.040638 0.118110,
        -0.039098 -0.043741 0.118110,
        -0.026637 -0.044900 0.118110,
        -0.009870 -0.044900 0.118110,
      ]
    }
    coordIndex [
      0, 1, 2, -1,
      2, 1, 7, -1,
      2, 7, 3, -1,
      3, 7, 6, -1,
      3, 6, 4, -1,
      4, 6, 5, -1,
      9, 24, 8, -1,
      8, 24, 23, -1,
      8, 23, 22, -1,
      16, 15, 8, -1,
      8, 15, 14, -1,
      8, 14, 10, -1,
      22, 21, 8, -1,
      8, 21, 20, -1,
      8, 20, 19, -1,
      19, 18, 8, -1,
      8, 18, 17, -1,
      8, 17, 16, -1,
      13, 12, 14, -1,
      14, 12, 11, -1,
      14, 11, 10, -1,
    ]
  }
}
