#VRML V2.0 utf8

Shape {
  appearance Appearance {
    material Material {
      diffuseColor 1.0000 0.9451 0.8118
      specularColor 0.8784 0.8314 0.7137
      ambientIntensity 0.2
      transparency 0.0000
      shininess 0.5
    }
  }
  geometry IndexedFaceSet {
    ccw TRUE
    solid FALSE
    coord DEF co Coordinate {
      point [
        0.894502 0.091412 1.766329,
        0.894502 0.000000 1.771654,
        1.485053 0.000000 1.771654,
        1.485053 -0.091412 1.766329,
        0.894502 -0.091412 1.766329,
        0.894502 -0.269307 1.724167,
        1.485053 -0.269307 1.724167,
        0.894502 -0.432684 1.642117,
        1.485053 -0.432684 1.642117,
        0.894502 -0.572735 1.524600,
        1.485053 -0.572735 1.524600,
        0.894502 -0.681910 1.377953,
        1.485053 -0.681910 1.377953,
        0.894502 -0.754322 1.210081,
        1.485053 -0.754322 1.210081,
        0.894502 -0.786069 1.030035,
        1.485053 -0.786069 1.030035,
        0.894502 -0.775439 0.847521,
        1.485053 -0.775439 0.847521,
        0.894502 -0.723005 0.672378,
        1.485053 -0.723005 0.672378,
        0.894502 -0.631593 0.514048,
        1.485053 -0.631593 0.514048,
        0.894502 -0.506132 0.381067,
        1.485053 -0.506132 0.381067,
        0.894502 -0.353385 0.280604,
        1.485053 -0.353385 0.280604,
        0.894502 -0.181587 0.218075,
        1.485053 -0.181587 0.218075,
        0.894502 0.000000 0.196850,
        1.485053 0.000000 0.196850,
        0.894502 0.181587 0.218075,
        1.485053 0.181587 0.218075,
        0.894502 0.353385 0.280604,
        1.485053 0.353385 0.280604,
        0.894502 0.506132 0.381067,
        1.485053 0.506132 0.381067,
        0.894502 0.631593 0.514048,
        1.485053 0.631593 0.514048,
        0.894502 0.723005 0.672378,
        1.485053 0.723005 0.672378,
        0.894502 0.775439 0.847521,
        1.485053 0.775439 0.847521,
        0.894502 0.786069 1.030035,
        1.485053 0.786069 1.030035,
        0.894502 0.754322 1.210081,
        1.485053 0.754322 1.210081,
        0.894502 0.681910 1.377953,
        1.485053 0.681910 1.377953,
        0.894502 0.572735 1.524600,
        1.485053 0.572735 1.524600,
        0.894502 0.432684 1.642117,
        1.485053 0.432684 1.642117,
        0.894502 0.269307 1.724167,
        1.485053 0.269307 1.724167,
        1.485053 0.091412 1.766329,
        0.252080 -0.000076 0.196850,
        0.191585 -0.000077 0.196850,
        0.313248 0.000000 0.196857,
        0.107100 -0.181587 0.218075,
        0.191589 -0.117793 0.205711,
        0.207433 -0.117792 0.205711,
        0.207429 -0.013034 0.196958,
        0.252080 -0.013032 0.196958,
        0.267869 -0.030080 0.197440,
        0.266018 -0.035128 0.197634,
        0.265622 -0.037361 0.197765,
        0.207431 -0.065559 0.199585,
        0.269486 -0.084871 0.201437,
        0.268213 -0.080008 0.200998,
        0.262163 -0.056887 0.198908,
        0.273109 -0.092220 0.202294,
        0.275758 -0.097593 0.202920,
        0.277464 -0.099617 0.203183,
        0.281267 -0.104131 0.203767,
        0.281352 -0.104232 0.203780,
        0.286406 -0.107866 0.204277,
        0.288457 -0.109340 0.204479,
        0.293452 -0.111497 0.204788,
        0.298740 -0.113781 0.205115,
        0.301233 -0.114358 0.205201,
        0.322231 -0.119216 0.205928,
        0.295419 -0.005681 0.196880,
        0.288776 -0.007797 0.196889,
        0.284452 -0.010402 0.196925,
        0.278818 -0.013795 0.196971,
        0.277946 -0.014646 0.196989,
        0.274069 -0.018433 0.197067,
        0.273919 -0.018580 0.197070,
        0.270882 -0.023370 0.197204,
        0.269572 -0.025436 0.197261,
        0.333165 -0.118660 0.205843,
        0.373071 -0.117790 0.205711,
        0.433567 -0.117790 0.205711,
        0.433567 -0.104943 0.203875,
        0.388915 -0.104943 0.203875,
        0.388915 -0.066293 0.199646,
        0.350025 -0.019153 0.197083,
        0.350025 -0.098866 0.203082,
        0.342205 -0.102251 0.203522,
        0.337654 -0.104221 0.203778,
        0.334703 -0.104635 0.203834,
        0.322366 -0.106369 0.204068,
        0.307139 -0.101706 0.203446,
        0.300941 -0.098873 0.203087,
        0.295263 -0.096277 0.202758,
        0.293462 -0.094881 0.202591,
        0.288939 -0.091375 0.202170,
        0.286154 -0.087831 0.201767,
        0.281598 -0.076976 0.200659,
        0.278007 -0.057853 0.198979,
        0.278089 -0.057437 0.198952,
        0.280993 -0.042738 0.198010,
        0.283043 -0.036753 0.197730,
        0.284958 -0.031163 0.197467,
        0.286131 -0.029284 0.197400,
        0.288937 -0.024791 0.197241,
        0.291562 -0.022369 0.197171,
        0.283644 -0.083143 0.201260,
        0.282172 -0.080030 0.200928,
        0.295447 -0.019484 0.197093,
        0.293536 -0.020548 0.197119,
        0.299981 -0.016957 0.197033,
        0.285421 -0.086898 0.201660,
        0.300533 -0.016807 0.197030,
        0.319710 -0.011591 0.196936,
        0.323221 -0.011962 0.196942,
        0.334754 -0.013181 0.196961,
        0.336170 -0.013735 0.196972,
        0.459493 -0.030471 0.197438,
        0.430686 -0.066293 0.199646,
        0.459493 -0.000075 0.196850,
        0.430686 -0.053360 0.198661,
        0.336289 -0.117904 0.205730,
        0.350026 -0.114580 0.205232,
        0.373071 -0.030471 0.197438,
        0.373071 -0.000075 0.196850,
        0.563200 -0.000076 0.196850,
        0.546006 -0.032473 0.197520,
        0.542114 -0.025318 0.197281,
        0.539232 -0.020021 0.197104,
        0.537461 -0.018078 0.197063,
        0.533457 -0.013687 0.196970,
        0.350025 -0.006191 0.196875,
        0.342004 -0.003192 0.196862,
        0.334495 -0.000384 0.196850,
        0.525990 -0.008702 0.196898,
        0.520878 -0.006725 0.196882,
        0.515435 -0.004621 0.196864,
        0.512908 -0.004139 0.196863,
        0.388915 -0.053360 0.198661,
        0.388915 -0.013031 0.196958,
        0.436447 -0.013031 0.196958,
        0.436447 -0.000075 0.196850,
        0.330751 0.000002 0.196851,
        0.331450 -0.000070 0.196851,
        0.533356 -0.013576 0.196967,
        0.528135 -0.010121 0.196919,
        0.459493 -0.117790 0.205711,
        0.492824 -0.117790 0.205711,
        0.607847 -0.117792 0.205711,
        0.516691 -0.111746 0.204826,
        0.522994 -0.110150 0.204593,
        0.528483 -0.107320 0.204204,
        0.534322 -0.104308 0.203790,
        0.535537 -0.103258 0.203653,
        0.539756 -0.099606 0.203176,
        0.539975 -0.099416 0.203151,
        0.543491 -0.094481 0.202546,
        0.545063 -0.092273 0.202275,
        0.547153 -0.087423 0.201734,
        0.549315 -0.082407 0.201174,
        0.549904 -0.079955 0.200951,
        0.585523 -0.059100 0.199072,
        0.554557 -0.060593 0.199185,
        0.547492 -0.037359 0.197809,
        0.491609 -0.000075 0.196850,
        0.697651 0.000000 0.196850,
        0.580484 -0.000076 0.196850,
        0.652502 -0.000076 0.196850,
        0.586122 -0.016644 0.197026,
        0.623691 -0.117793 0.205711,
        0.697651 -0.181587 0.218075,
        0.646739 -0.059100 0.199072,
        0.669787 -0.000076 0.196850,
        0.591760 -0.033204 0.197551,
        0.646527 -0.016645 0.197026,
        0.640552 -0.033206 0.197551,
        0.317527 0.001364 0.196852,
        0.107100 0.181587 0.218075,
        0.107100 0.000000 0.196850,
        0.191589 -0.030473 0.197439,
        0.697651 -0.353385 0.280604,
        0.107100 -0.353385 0.280604,
        0.697651 -0.506132 0.381067,
        0.107100 -0.506132 0.381067,
        0.697651 -0.631593 0.514048,
        0.107100 -0.631593 0.514048,
        0.697651 -0.723005 0.672378,
        0.107100 -0.723005 0.672378,
        0.697651 -0.775439 0.847521,
        0.107100 -0.775439 0.847521,
        0.697651 -0.786069 1.030035,
        0.107100 -0.786069 1.030035,
        0.697651 -0.754322 1.210081,
        0.107100 -0.754322 1.210081,
        0.697651 -0.681910 1.377953,
        0.107100 -0.681910 1.377953,
        0.697651 -0.572735 1.524600,
        0.107100 -0.572735 1.524600,
        0.697651 -0.432684 1.642117,
        0.107100 -0.432684 1.642117,
        0.697651 -0.269307 1.724167,
        0.107100 -0.269307 1.724167,
        0.697651 -0.091412 1.766329,
        0.107100 -0.091412 1.766329,
        0.107100 0.000000 1.771654,
        0.697651 0.000000 1.771654,
        0.107100 0.091412 1.766329,
        0.697651 0.091412 1.766329,
        0.697651 0.269307 1.724167,
        0.107100 0.269307 1.724167,
        0.697651 0.432684 1.642117,
        0.107100 0.432684 1.642117,
        0.697651 0.572735 1.524600,
        0.107100 0.572735 1.524600,
        0.697651 0.681910 1.377953,
        0.107100 0.681910 1.377953,
        0.697651 0.754322 1.210081,
        0.107100 0.754322 1.210081,
        0.697651 0.786069 1.030035,
        0.107100 0.786069 1.030035,
        0.697651 0.775439 0.847521,
        0.107100 0.775439 0.847521,
        0.697651 0.723005 0.672378,
        0.107100 0.723005 0.672378,
        0.697651 0.631593 0.514048,
        0.107100 0.631593 0.514048,
        0.697651 0.506132 0.381067,
        0.107100 0.506132 0.381067,
        0.697651 0.353385 0.280604,
        0.107100 0.353385 0.280604,
        0.697651 0.181587 0.218075,
        -1.485053 0.091412 1.766329,
        -1.485053 0.000000 1.771654,
        -0.894502 0.000000 1.771654,
        -0.894502 -0.091412 1.766329,
        -1.485053 -0.091412 1.766329,
        -1.485053 -0.269307 1.724167,
        -0.894502 -0.269307 1.724167,
        -1.485053 -0.432684 1.642117,
        -0.894502 -0.432684 1.642117,
        -1.485053 -0.572735 1.524600,
        -0.894502 -0.572735 1.524600,
        -1.485053 -0.681910 1.377953,
        -0.894502 -0.681910 1.377953,
        -1.485053 -0.754322 1.210081,
        -0.894502 -0.754322 1.210081,
        -1.485053 -0.786069 1.030035,
        -0.894502 -0.786069 1.030035,
        -1.485053 -0.775439 0.847521,
        -0.894502 -0.775439 0.847521,
        -1.485053 -0.723005 0.672378,
        -0.894502 -0.723005 0.672378,
        -1.485053 -0.631593 0.514048,
        -0.894502 -0.631593 0.514048,
        -1.485053 -0.506132 0.381067,
        -0.894502 -0.506132 0.381067,
        -1.485053 -0.353385 0.280604,
        -0.894502 -0.353385 0.280604,
        -1.485053 -0.181587 0.218075,
        -0.894502 -0.181587 0.218075,
        -1.485053 0.000000 0.196850,
        -0.894502 0.000000 0.196850,
        -1.485053 0.181587 0.218075,
        -0.894502 0.181587 0.218075,
        -1.485053 0.353385 0.280604,
        -0.894502 0.353385 0.280604,
        -1.485053 0.506132 0.381067,
        -0.894502 0.506132 0.381067,
        -1.485053 0.631593 0.514048,
        -0.894502 0.631593 0.514048,
        -1.485053 0.723005 0.672378,
        -0.894502 0.723005 0.672378,
        -1.485053 0.775439 0.847521,
        -0.894502 0.775439 0.847521,
        -1.485053 0.786069 1.030035,
        -0.894502 0.786069 1.030035,
        -1.485053 0.754322 1.210081,
        -0.894502 0.754322 1.210081,
        -1.485053 0.681910 1.377953,
        -0.894502 0.681910 1.377953,
        -1.485053 0.572735 1.524600,
        -0.894502 0.572735 1.524600,
        -1.485053 0.432684 1.642117,
        -0.894502 0.432684 1.642117,
        -1.485053 0.269307 1.724167,
        -0.894502 0.269307 1.724167,
        -0.894502 0.091412 1.766329,
        -0.697651 0.091412 1.766329,
        -0.697651 0.000000 1.771654,
        -0.107100 0.000000 1.771654,
        -0.107100 -0.091412 1.766329,
        -0.697651 -0.091412 1.766329,
        -0.697651 -0.269307 1.724167,
        -0.107100 -0.269307 1.724167,
        -0.697651 -0.432684 1.642117,
        -0.107100 -0.432684 1.642117,
        -0.697651 -0.572735 1.524600,
        -0.107100 -0.572735 1.524600,
        -0.697651 -0.681910 1.377953,
        -0.107100 -0.681910 1.377953,
        -0.697651 -0.754322 1.210081,
        -0.107100 -0.754322 1.210081,
        -0.697651 -0.786069 1.030035,
        -0.107100 -0.786069 1.030035,
        -0.697651 -0.775439 0.847521,
        -0.107100 -0.775439 0.847521,
        -0.697651 -0.723005 0.672378,
        -0.107100 -0.723005 0.672378,
        -0.697651 -0.631593 0.514048,
        -0.107100 -0.631593 0.514048,
        -0.697651 -0.506132 0.381067,
        -0.107100 -0.506132 0.381067,
        -0.697651 -0.353385 0.280604,
        -0.107100 -0.353385 0.280604,
        -0.697651 -0.181587 0.218075,
        -0.107100 -0.181587 0.218075,
        -0.697651 0.000000 0.196850,
        -0.107100 0.000000 0.196850,
        -0.697651 0.181587 0.218075,
        -0.107100 0.181587 0.218075,
        -0.697651 0.353385 0.280604,
        -0.107100 0.353385 0.280604,
        -0.697651 0.506132 0.381067,
        -0.107100 0.506132 0.381067,
        -0.697651 0.631593 0.514048,
        -0.107100 0.631593 0.514048,
        -0.697651 0.723005 0.672378,
        -0.107100 0.723005 0.672378,
        -0.697651 0.775439 0.847521,
        -0.107100 0.775439 0.847521,
        -0.697651 0.786069 1.030035,
        -0.107100 0.786069 1.030035,
        -0.697651 0.754322 1.210081,
        -0.107100 0.754322 1.210081,
        -0.697651 0.681910 1.377953,
        -0.107100 0.681910 1.377953,
        -0.697651 0.572735 1.524600,
        -0.107100 0.572735 1.524600,
        -0.697651 0.432684 1.642117,
        -0.107100 0.432684 1.642117,
        -0.697651 0.269307 1.724167,
        -0.107100 0.269307 1.724167,
        -0.107100 0.091412 1.766329,
      ]
    }
    coordIndex [
      0, 1, 2, -1,
      2, 1, 3, -1,
      1, 4, 3, -1,
      3, 4, 5, -1,
      3, 5, 6, -1,
      6, 5, 7, -1,
      6, 7, 8, -1,
      8, 7, 9, -1,
      8, 9, 10, -1,
      10, 9, 11, -1,
      10, 11, 12, -1,
      12, 11, 13, -1,
      12, 13, 14, -1,
      14, 13, 15, -1,
      14, 15, 16, -1,
      16, 15, 17, -1,
      16, 17, 18, -1,
      18, 17, 19, -1,
      18, 19, 20, -1,
      20, 19, 21, -1,
      20, 21, 22, -1,
      22, 21, 23, -1,
      22, 23, 24, -1,
      24, 23, 25, -1,
      24, 25, 26, -1,
      26, 25, 27, -1,
      26, 27, 28, -1,
      28, 27, 29, -1,
      28, 29, 30, -1,
      30, 29, 31, -1,
      30, 31, 32, -1,
      32, 31, 33, -1,
      32, 33, 34, -1,
      34, 33, 35, -1,
      34, 35, 36, -1,
      36, 35, 37, -1,
      36, 37, 38, -1,
      38, 37, 39, -1,
      38, 39, 40, -1,
      40, 39, 41, -1,
      40, 41, 42, -1,
      42, 41, 43, -1,
      42, 43, 44, -1,
      44, 43, 45, -1,
      44, 45, 46, -1,
      46, 45, 47, -1,
      46, 47, 48, -1,
      48, 47, 49, -1,
      48, 49, 50, -1,
      50, 49, 51, -1,
      50, 51, 52, -1,
      52, 51, 53, -1,
      52, 53, 54, -1,
      54, 53, 0, -1,
      54, 0, 55, -1,
      55, 0, 2, -1,
      56, 57, 58, -1,
      59, 60, 61, -1,
      62, 63, 64, -1,
      64, 65, 62, -1,
      62, 65, 66, -1,
      62, 66, 67, -1,
      68, 61, 69, -1,
      69, 61, 67, -1,
      69, 67, 70, -1,
      70, 67, 66, -1,
      68, 71, 61, -1,
      61, 71, 72, -1,
      61, 72, 73, -1,
      73, 74, 61, -1,
      61, 74, 75, -1,
      61, 75, 76, -1,
      76, 77, 61, -1,
      61, 77, 78, -1,
      61, 78, 79, -1,
      79, 80, 61, -1,
      61, 80, 81, -1,
      61, 81, 59, -1,
      58, 82, 56, -1,
      56, 82, 83, -1,
      56, 83, 84, -1,
      84, 85, 56, -1,
      56, 85, 86, -1,
      56, 86, 87, -1,
      87, 88, 56, -1,
      56, 88, 89, -1,
      56, 89, 63, -1,
      63, 89, 90, -1,
      63, 90, 64, -1,
      81, 91, 59, -1,
      59, 91, 92, -1,
      59, 92, 93, -1,
      94, 95, 96, -1,
      97, 98, 99, -1,
      99, 100, 97, -1,
      97, 100, 101, -1,
      97, 101, 102, -1,
      102, 103, 97, -1,
      97, 103, 104, -1,
      97, 104, 105, -1,
      105, 106, 97, -1,
      97, 106, 107, -1,
      97, 107, 108, -1,
      109, 110, 111, -1,
      111, 112, 109, -1,
      109, 112, 113, -1,
      109, 113, 114, -1,
      114, 115, 109, -1,
      109, 115, 116, -1,
      109, 116, 117, -1,
      118, 119, 120, -1,
      120, 119, 109, -1,
      120, 109, 121, -1,
      121, 109, 117, -1,
      122, 108, 120, -1,
      120, 108, 123, -1,
      120, 123, 118, -1,
      122, 124, 108, -1,
      108, 124, 125, -1,
      108, 125, 126, -1,
      126, 127, 108, -1,
      108, 127, 128, -1,
      108, 128, 97, -1,
      129, 130, 131, -1,
      131, 130, 132, -1,
      91, 133, 92, -1,
      92, 133, 134, -1,
      92, 134, 135, -1,
      135, 134, 98, -1,
      135, 98, 136, -1,
      136, 98, 97, -1,
      137, 138, 139, -1,
      139, 140, 137, -1,
      137, 140, 141, -1,
      137, 141, 142, -1,
      97, 143, 136, -1,
      136, 143, 144, -1,
      136, 144, 145, -1,
      146, 147, 137, -1,
      137, 147, 148, -1,
      137, 148, 149, -1,
      150, 151, 132, -1,
      132, 151, 152, -1,
      132, 152, 131, -1,
      131, 152, 153, -1,
      131, 153, 154, -1,
      154, 153, 136, -1,
      154, 136, 155, -1,
      155, 136, 145, -1,
      142, 156, 137, -1,
      137, 156, 157, -1,
      137, 157, 146, -1,
      96, 130, 94, -1,
      94, 130, 129, -1,
      94, 129, 93, -1,
      93, 129, 158, -1,
      93, 158, 59, -1,
      59, 158, 159, -1,
      59, 159, 160, -1,
      160, 159, 161, -1,
      161, 162, 160, -1,
      160, 162, 163, -1,
      160, 163, 164, -1,
      164, 165, 160, -1,
      160, 165, 166, -1,
      160, 166, 167, -1,
      167, 168, 160, -1,
      160, 168, 169, -1,
      160, 169, 170, -1,
      170, 171, 160, -1,
      160, 171, 172, -1,
      160, 172, 173, -1,
      173, 172, 174, -1,
      173, 174, 137, -1,
      137, 174, 175, -1,
      137, 175, 138, -1,
      149, 176, 137, -1,
      137, 176, 177, -1,
      137, 177, 178, -1,
      178, 177, 179, -1,
      178, 179, 180, -1,
      160, 181, 182, -1,
      182, 181, 183, -1,
      182, 183, 177, -1,
      177, 183, 184, -1,
      177, 184, 179, -1,
      180, 179, 185, -1,
      185, 179, 186, -1,
      185, 186, 187, -1,
      154, 188, 189, -1,
      189, 188, 58, -1,
      189, 58, 190, -1,
      190, 58, 57, -1,
      190, 57, 59, -1,
      59, 57, 191, -1,
      59, 191, 60, -1,
      160, 182, 59, -1,
      59, 182, 192, -1,
      59, 192, 193, -1,
      193, 192, 194, -1,
      193, 194, 195, -1,
      195, 194, 196, -1,
      195, 196, 197, -1,
      197, 196, 198, -1,
      197, 198, 199, -1,
      199, 198, 200, -1,
      199, 200, 201, -1,
      201, 200, 202, -1,
      201, 202, 203, -1,
      203, 202, 204, -1,
      203, 204, 205, -1,
      205, 204, 206, -1,
      205, 206, 207, -1,
      207, 206, 208, -1,
      207, 208, 209, -1,
      209, 208, 210, -1,
      209, 210, 211, -1,
      211, 210, 212, -1,
      211, 212, 213, -1,
      213, 212, 214, -1,
      213, 214, 215, -1,
      215, 214, 216, -1,
      216, 214, 217, -1,
      216, 217, 218, -1,
      217, 219, 218, -1,
      218, 219, 220, -1,
      218, 220, 221, -1,
      221, 220, 222, -1,
      221, 222, 223, -1,
      223, 222, 224, -1,
      223, 224, 225, -1,
      225, 224, 226, -1,
      225, 226, 227, -1,
      227, 226, 228, -1,
      227, 228, 229, -1,
      229, 228, 230, -1,
      229, 230, 231, -1,
      231, 230, 232, -1,
      231, 232, 233, -1,
      233, 232, 234, -1,
      233, 234, 235, -1,
      235, 234, 236, -1,
      235, 236, 237, -1,
      237, 236, 238, -1,
      237, 238, 239, -1,
      239, 238, 240, -1,
      239, 240, 241, -1,
      241, 240, 242, -1,
      241, 242, 189, -1,
      189, 242, 177, -1,
      189, 177, 154, -1,
      154, 177, 176, -1,
      154, 176, 131, -1,
      243, 244, 245, -1,
      245, 244, 246, -1,
      244, 247, 246, -1,
      246, 247, 248, -1,
      246, 248, 249, -1,
      249, 248, 250, -1,
      249, 250, 251, -1,
      251, 250, 252, -1,
      251, 252, 253, -1,
      253, 252, 254, -1,
      253, 254, 255, -1,
      255, 254, 256, -1,
      255, 256, 257, -1,
      257, 256, 258, -1,
      257, 258, 259, -1,
      259, 258, 260, -1,
      259, 260, 261, -1,
      261, 260, 262, -1,
      261, 262, 263, -1,
      263, 262, 264, -1,
      263, 264, 265, -1,
      265, 264, 266, -1,
      265, 266, 267, -1,
      267, 266, 268, -1,
      267, 268, 269, -1,
      269, 268, 270, -1,
      269, 270, 271, -1,
      271, 270, 272, -1,
      271, 272, 273, -1,
      273, 272, 274, -1,
      273, 274, 275, -1,
      275, 274, 276, -1,
      275, 276, 277, -1,
      277, 276, 278, -1,
      277, 278, 279, -1,
      279, 278, 280, -1,
      279, 280, 281, -1,
      281, 280, 282, -1,
      281, 282, 283, -1,
      283, 282, 284, -1,
      283, 284, 285, -1,
      285, 284, 286, -1,
      285, 286, 287, -1,
      287, 286, 288, -1,
      287, 288, 289, -1,
      289, 288, 290, -1,
      289, 290, 291, -1,
      291, 290, 292, -1,
      291, 292, 293, -1,
      293, 292, 294, -1,
      293, 294, 295, -1,
      295, 294, 296, -1,
      295, 296, 297, -1,
      297, 296, 243, -1,
      297, 243, 298, -1,
      298, 243, 245, -1,
      299, 300, 301, -1,
      301, 300, 302, -1,
      300, 303, 302, -1,
      302, 303, 304, -1,
      302, 304, 305, -1,
      305, 304, 306, -1,
      305, 306, 307, -1,
      307, 306, 308, -1,
      307, 308, 309, -1,
      309, 308, 310, -1,
      309, 310, 311, -1,
      311, 310, 312, -1,
      311, 312, 313, -1,
      313, 312, 314, -1,
      313, 314, 315, -1,
      315, 314, 316, -1,
      315, 316, 317, -1,
      317, 316, 318, -1,
      317, 318, 319, -1,
      319, 318, 320, -1,
      319, 320, 321, -1,
      321, 320, 322, -1,
      321, 322, 323, -1,
      323, 322, 324, -1,
      323, 324, 325, -1,
      325, 324, 326, -1,
      325, 326, 327, -1,
      327, 326, 328, -1,
      327, 328, 329, -1,
      329, 328, 330, -1,
      329, 330, 331, -1,
      331, 330, 332, -1,
      331, 332, 333, -1,
      333, 332, 334, -1,
      333, 334, 335, -1,
      335, 334, 336, -1,
      335, 336, 337, -1,
      337, 336, 338, -1,
      337, 338, 339, -1,
      339, 338, 340, -1,
      339, 340, 341, -1,
      341, 340, 342, -1,
      341, 342, 343, -1,
      343, 342, 344, -1,
      343, 344, 345, -1,
      345, 344, 346, -1,
      345, 346, 347, -1,
      347, 346, 348, -1,
      347, 348, 349, -1,
      349, 348, 350, -1,
      349, 350, 351, -1,
      351, 350, 352, -1,
      351, 352, 353, -1,
      353, 352, 299, -1,
      353, 299, 354, -1,
      354, 299, 301, -1,
    ]
  }
}

Shape {
  appearance Appearance {
    material Material {
      diffuseColor 0.0000 0.0000 0.0000
      specularColor 0.0000 0.0000 0.0000
      ambientIntensity 0.2
      transparency 0.0000
      shininess 0.5
    }
  }
  geometry IndexedFaceSet {
    ccw TRUE
    solid FALSE
    coord DEF co Coordinate {
      point [
        -0.107100 0.000000 1.771654,
        -0.107100 -0.091412 1.766329,
        -0.107100 -0.269307 1.724167,
        -0.107100 -0.432684 1.642117,
        -0.107100 -0.572735 1.524600,
        -0.107100 -0.681910 1.377953,
        -0.107100 -0.754322 1.210081,
        -0.107100 -0.786069 1.030035,
        -0.107100 -0.775439 0.847521,
        -0.107100 -0.723005 0.672378,
        -0.107100 -0.631593 0.514048,
        -0.107100 -0.506132 0.381067,
        -0.107100 -0.353385 0.280604,
        -0.107100 -0.181587 0.218075,
        -0.107100 0.000000 0.196850,
        -0.107100 0.181587 0.218075,
        -0.107100 0.353385 0.280604,
        -0.107100 0.506132 0.381067,
        -0.107100 0.631593 0.514048,
        -0.107100 0.723005 0.672378,
        -0.107100 0.775439 0.847521,
        -0.107100 0.786069 1.030035,
        -0.107100 0.754322 1.210081,
        -0.107100 0.681910 1.377953,
        -0.107100 0.572735 1.524600,
        -0.107100 0.432684 1.642117,
        -0.107100 0.269307 1.724167,
        -0.107100 0.091412 1.766329,
        -0.107100 0.090955 1.762419,
        -0.107100 0.000000 1.767717,
        0.107100 0.000000 1.767717,
        0.107100 -0.090955 1.762419,
        -0.107100 -0.090955 1.762419,
        -0.107100 -0.267961 1.720468,
        0.107100 -0.267961 1.720468,
        -0.107100 -0.430521 1.638827,
        0.107100 -0.430521 1.638827,
        -0.107100 -0.569872 1.521898,
        0.107100 -0.569872 1.521898,
        -0.107100 -0.678500 1.375984,
        0.107100 -0.678500 1.375984,
        -0.107100 -0.750551 1.208952,
        0.107100 -0.750551 1.208952,
        -0.107100 -0.782139 1.029806,
        0.107100 -0.782139 1.029806,
        -0.107100 -0.771562 0.848205,
        0.107100 -0.771562 0.848205,
        -0.107100 -0.719390 0.673937,
        0.107100 -0.719390 0.673937,
        -0.107100 -0.628435 0.516399,
        0.107100 -0.628435 0.516399,
        -0.107100 -0.503601 0.384083,
        0.107100 -0.503601 0.384083,
        -0.107100 -0.351618 0.284122,
        0.107100 -0.351618 0.284122,
        -0.107100 -0.180680 0.221906,
        0.107100 -0.180680 0.221906,
        -0.107100 0.000000 0.200787,
        0.107100 0.000000 0.200787,
        -0.107100 0.180680 0.221906,
        0.107100 0.180680 0.221906,
        -0.107100 0.351618 0.284122,
        0.107100 0.351618 0.284122,
        -0.107100 0.503601 0.384083,
        0.107100 0.503601 0.384083,
        -0.107100 0.628435 0.516399,
        0.107100 0.628435 0.516399,
        -0.107100 0.719390 0.673937,
        0.107100 0.719390 0.673937,
        -0.107100 0.771562 0.848205,
        0.107100 0.771562 0.848205,
        -0.107100 0.782139 1.029806,
        0.107100 0.782139 1.029806,
        -0.107100 0.750551 1.208952,
        0.107100 0.750551 1.208952,
        -0.107100 0.678500 1.375984,
        0.107100 0.678500 1.375984,
        -0.107100 0.569872 1.521898,
        0.107100 0.569872 1.521898,
        -0.107100 0.430521 1.638827,
        0.107100 0.430521 1.638827,
        -0.107100 0.267961 1.720468,
        0.107100 0.267961 1.720468,
        0.107100 0.090955 1.762419,
      ]
    }
    coordIndex [
      28, 29, 30, -1,
      30, 29, 31, -1,
      29, 32, 31, -1,
      31, 32, 33, -1,
      31, 33, 34, -1,
      34, 33, 35, -1,
      34, 35, 36, -1,
      36, 35, 37, -1,
      36, 37, 38, -1,
      38, 37, 39, -1,
      38, 39, 40, -1,
      40, 39, 41, -1,
      40, 41, 42, -1,
      42, 41, 43, -1,
      42, 43, 44, -1,
      44, 43, 45, -1,
      44, 45, 46, -1,
      46, 45, 47, -1,
      46, 47, 48, -1,
      48, 47, 49, -1,
      48, 49, 50, -1,
      50, 49, 51, -1,
      50, 51, 52, -1,
      52, 51, 53, -1,
      52, 53, 54, -1,
      54, 53, 55, -1,
      54, 55, 56, -1,
      56, 55, 57, -1,
      56, 57, 58, -1,
      58, 57, 59, -1,
      58, 59, 60, -1,
      60, 59, 61, -1,
      60, 61, 62, -1,
      62, 61, 63, -1,
      62, 63, 64, -1,
      64, 63, 65, -1,
      64, 65, 66, -1,
      66, 65, 67, -1,
      66, 67, 68, -1,
      68, 67, 69, -1,
      68, 69, 70, -1,
      70, 69, 71, -1,
      70, 71, 72, -1,
      72, 71, 73, -1,
      72, 73, 74, -1,
      74, 73, 75, -1,
      74, 75, 76, -1,
      76, 75, 77, -1,
      76, 77, 78, -1,
      78, 77, 79, -1,
      78, 79, 80, -1,
      80, 79, 81, -1,
      80, 81, 82, -1,
      82, 81, 28, -1,
      82, 28, 83, -1,
      83, 28, 30, -1,
      61, 16, 63, -1,
      63, 16, 17, -1,
      63, 17, 65, -1,
      65, 17, 18, -1,
      65, 18, 67, -1,
      67, 18, 19, -1,
      67, 19, 69, -1,
      69, 19, 20, -1,
      69, 20, 71, -1,
      71, 20, 21, -1,
      71, 21, 73, -1,
      73, 21, 22, -1,
      73, 22, 75, -1,
      75, 22, 23, -1,
      75, 23, 77, -1,
      77, 23, 24, -1,
      77, 24, 79, -1,
      79, 24, 25, -1,
      79, 25, 81, -1,
      81, 25, 26, -1,
      81, 26, 28, -1,
      28, 26, 27, -1,
      28, 27, 29, -1,
      29, 27, 0, -1,
      29, 0, 32, -1,
      32, 0, 1, -1,
      32, 1, 33, -1,
      33, 1, 2, -1,
      33, 2, 35, -1,
      35, 2, 3, -1,
      35, 3, 37, -1,
      37, 3, 4, -1,
      37, 4, 39, -1,
      39, 4, 5, -1,
      39, 5, 41, -1,
      41, 5, 6, -1,
      41, 6, 43, -1,
      43, 6, 7, -1,
      43, 7, 45, -1,
      45, 7, 8, -1,
      45, 8, 47, -1,
      47, 8, 9, -1,
      47, 9, 49, -1,
      49, 9, 10, -1,
      49, 10, 51, -1,
      51, 10, 11, -1,
      51, 11, 53, -1,
      53, 11, 12, -1,
      53, 12, 55, -1,
      55, 12, 13, -1,
      55, 13, 57, -1,
      57, 13, 14, -1,
      57, 14, 59, -1,
      59, 14, 15, -1,
      59, 15, 61, -1,
      61, 15, 16, -1,
    ]
  }
}

Shape {
  appearance Appearance {
    material Material {
      diffuseColor 0.9059 0.0000 0.0588
      specularColor 0.7961 0.0000 0.0510
      ambientIntensity 0.2
      transparency 0.0000
      shininess 0.5
    }
  }
  geometry IndexedFaceSet {
    ccw TRUE
    solid FALSE
    coord DEF co Coordinate {
      point [
        -1.485053 0.091412 1.766329,
        -1.485053 0.000000 1.771654,
        -0.894502 0.000000 1.771654,
        -0.894502 -0.091412 1.766329,
        -1.485053 -0.091412 1.766329,
        -1.485053 -0.269307 1.724167,
        -0.894502 -0.269307 1.724167,
        -1.485053 -0.432684 1.642117,
        -0.894502 -0.432684 1.642117,
        -1.485053 -0.572735 1.524600,
        -0.894502 -0.572735 1.524600,
        -1.485053 -0.681910 1.377953,
        -0.894502 -0.681910 1.377953,
        -1.485053 -0.754322 1.210081,
        -0.894502 -0.754322 1.210081,
        -1.485053 -0.786069 1.030035,
        -0.894502 -0.786069 1.030035,
        -1.485053 -0.775439 0.847521,
        -0.894502 -0.775439 0.847521,
        -1.485053 -0.723005 0.672378,
        -0.894502 -0.723005 0.672378,
        -1.485053 -0.631593 0.514048,
        -0.894502 -0.631593 0.514048,
        -1.485053 -0.506132 0.381067,
        -0.894502 -0.506132 0.381067,
        -1.485053 -0.353385 0.280604,
        -0.894502 -0.353385 0.280604,
        -1.485053 -0.181587 0.218075,
        -0.894502 -0.181587 0.218075,
        -1.485053 0.000000 0.196850,
        -0.894502 0.000000 0.196850,
        -1.485053 0.181587 0.218075,
        -0.894502 0.181587 0.218075,
        -1.485053 0.353385 0.280604,
        -0.894502 0.353385 0.280604,
        -1.485053 0.506132 0.381067,
        -0.894502 0.506132 0.381067,
        -1.485053 0.631593 0.514048,
        -0.894502 0.631593 0.514048,
        -1.485053 0.723005 0.672378,
        -0.894502 0.723005 0.672378,
        -1.485053 0.775439 0.847521,
        -0.894502 0.775439 0.847521,
        -1.485053 0.786069 1.030035,
        -0.894502 0.786069 1.030035,
        -1.485053 0.754322 1.210081,
        -0.894502 0.754322 1.210081,
        -1.485053 0.681910 1.377953,
        -0.894502 0.681910 1.377953,
        -1.485053 0.572735 1.524600,
        -0.894502 0.572735 1.524600,
        -1.485053 0.432684 1.642117,
        -0.894502 0.432684 1.642117,
        -1.485053 0.269307 1.724167,
        -0.894502 0.269307 1.724167,
        -0.894502 0.091412 1.766329,
        -0.697651 0.091412 1.766329,
        -0.697651 0.000000 1.771654,
        -0.697651 -0.091412 1.766329,
        -0.697651 -0.269307 1.724167,
        -0.697651 -0.432684 1.642117,
        -0.697651 -0.572735 1.524600,
        -0.697651 -0.681910 1.377953,
        -0.697651 -0.754322 1.210081,
        -0.697651 -0.786069 1.030035,
        -0.697651 -0.775439 0.847521,
        -0.697651 -0.723005 0.672378,
        -0.697651 -0.631593 0.514048,
        -0.697651 -0.506132 0.381067,
        -0.697651 -0.353385 0.280604,
        -0.697651 -0.181587 0.218075,
        -0.697651 0.000000 0.196850,
        -0.697651 0.181587 0.218075,
        -0.697651 0.353385 0.280604,
        -0.697651 0.506132 0.381067,
        -0.697651 0.631593 0.514048,
        -0.697651 0.723005 0.672378,
        -0.697651 0.775439 0.847521,
        -0.697651 0.786069 1.030035,
        -0.697651 0.754322 1.210081,
        -0.697651 0.681910 1.377953,
        -0.697651 0.572735 1.524600,
        -0.697651 0.432684 1.642117,
        -0.697651 0.269307 1.724167,
        -0.697651 0.351618 0.284122,
        -0.697651 0.180680 0.221906,
        -0.697651 -0.000000 0.200787,
        -0.697651 -0.180680 0.221906,
        -0.697651 -0.351618 0.284122,
        -0.697651 -0.503601 0.384083,
        -0.697651 -0.628435 0.516399,
        -0.697651 -0.719390 0.673937,
        -0.697651 -0.771562 0.848205,
        -0.697651 -0.782139 1.029806,
        -0.697651 -0.750551 1.208952,
        -0.697651 -0.678500 1.375984,
        -0.697651 -0.569872 1.521898,
        -0.697651 -0.430521 1.638827,
        -0.697651 -0.267961 1.720468,
        -0.697651 -0.090955 1.762419,
        -0.697651 0.000000 1.767717,
        -0.697651 0.090955 1.762419,
        -0.697651 0.267961 1.720468,
        -0.697651 0.430521 1.638827,
        -0.697651 0.569872 1.521898,
        -0.697651 0.678500 1.375984,
        -0.697651 0.750551 1.208952,
        -0.697651 0.782139 1.029806,
        -0.697651 0.771562 0.848205,
        -0.697651 0.719390 0.673937,
        -0.697651 0.628435 0.516399,
        -0.697651 0.503601 0.384083,
        -0.894502 0.090955 1.762419,
        -0.894502 0.000000 1.767717,
        -0.894502 -0.090955 1.762419,
        -0.894502 -0.267961 1.720468,
        -0.894502 -0.430521 1.638827,
        -0.894502 -0.569872 1.521898,
        -0.894502 -0.678500 1.375984,
        -0.894502 -0.750551 1.208952,
        -0.894502 -0.782139 1.029806,
        -0.894502 -0.771562 0.848205,
        -0.894502 -0.719390 0.673937,
        -0.894502 -0.628435 0.516399,
        -0.894502 -0.503601 0.384083,
        -0.894502 -0.351618 0.284122,
        -0.894502 -0.180680 0.221906,
        -0.894502 0.000000 0.200787,
        -0.894502 0.180680 0.221906,
        -0.894502 0.351618 0.284122,
        -0.894502 0.503601 0.384083,
        -0.894502 0.628435 0.516399,
        -0.894502 0.719390 0.673937,
        -0.894502 0.771562 0.848205,
        -0.894502 0.782139 1.029806,
        -0.894502 0.750551 1.208952,
        -0.894502 0.678500 1.375984,
        -0.894502 0.569872 1.521898,
        -0.894502 0.430521 1.638827,
        -0.894502 0.267961 1.720468,
        -1.485053 0.351618 0.284122,
        -1.485053 0.180680 0.221906,
        -1.485053 -0.000000 0.200787,
        -1.485053 -0.180680 0.221906,
        -1.485053 -0.351618 0.284122,
        -1.485053 -0.503601 0.384083,
        -1.485053 -0.628435 0.516399,
        -1.485053 -0.719390 0.673937,
        -1.485053 -0.771562 0.848205,
        -1.485053 -0.782139 1.029806,
        -1.485053 -0.750551 1.208952,
        -1.485053 -0.678500 1.375984,
        -1.485053 -0.569872 1.521898,
        -1.485053 -0.430521 1.638827,
        -1.485053 -0.267961 1.720468,
        -1.485053 -0.090955 1.762419,
        -1.485053 0.000000 1.767717,
        -1.485053 0.090955 1.762419,
        -1.485053 0.267961 1.720468,
        -1.485053 0.430521 1.638827,
        -1.485053 0.569872 1.521898,
        -1.485053 0.678500 1.375984,
        -1.485053 0.750551 1.208952,
        -1.485053 0.782139 1.029806,
        -1.485053 0.771562 0.848205,
        -1.485053 0.719390 0.673937,
        -1.485053 0.628435 0.516399,
        -1.485053 0.503601 0.384083,
        -1.681903 0.090955 1.762419,
        -1.681903 0.000000 1.767717,
        -1.681903 -0.090955 1.762419,
        -1.681903 -0.267961 1.720468,
        -1.681903 -0.430521 1.638827,
        -1.681903 -0.569872 1.521898,
        -1.681903 -0.678500 1.375984,
        -1.681903 -0.750551 1.208952,
        -1.681903 -0.782139 1.029806,
        -1.681903 -0.771562 0.848205,
        -1.681903 -0.719390 0.673937,
        -1.681903 -0.628435 0.516399,
        -1.681903 -0.503601 0.384083,
        -1.681903 -0.351618 0.284122,
        -1.681903 -0.180680 0.221906,
        -1.681903 0.000000 0.200787,
        -1.681903 0.180680 0.221906,
        -1.681903 0.351618 0.284122,
        -1.681903 0.503601 0.384083,
        -1.681903 0.628435 0.516399,
        -1.681903 0.719390 0.673937,
        -1.681903 0.771562 0.848205,
        -1.681903 0.782139 1.029806,
        -1.681903 0.750551 1.208952,
        -1.681903 0.678500 1.375984,
        -1.681903 0.569872 1.521898,
        -1.681903 0.430521 1.638827,
        -1.681903 0.267961 1.720468,
        -1.681903 0.353385 0.280604,
        -1.681903 0.506132 0.381067,
        -1.681903 0.631593 0.514048,
        -1.681903 0.723005 0.672378,
        -1.681903 0.775439 0.847521,
        -1.681903 0.786069 1.030035,
        -1.681903 0.754322 1.210081,
        -1.681903 0.681910 1.377953,
        -1.681903 0.572735 1.524600,
        -1.681903 0.432684 1.642117,
        -1.681903 0.269307 1.724167,
        -1.681903 0.091412 1.766329,
        -1.681903 0.000000 1.771654,
        -1.681903 -0.091412 1.766329,
        -1.681903 -0.269307 1.724167,
        -1.681903 -0.432684 1.642117,
        -1.681903 -0.572735 1.524600,
        -1.681903 -0.681910 1.377953,
        -1.681903 -0.754322 1.210081,
        -1.681903 -0.786069 1.030035,
        -1.681903 -0.775439 0.847521,
        -1.681903 -0.723005 0.672378,
        -1.681903 -0.631593 0.514048,
        -1.681903 -0.506132 0.381067,
        -1.681903 -0.353385 0.280604,
        -1.681903 -0.181587 0.218075,
        -1.681903 0.000000 0.196850,
        -1.681903 0.181587 0.218075,
      ]
    }
    coordIndex [
      84, 73, 85, -1,
      85, 73, 72, -1,
      85, 72, 86, -1,
      86, 72, 71, -1,
      86, 71, 87, -1,
      87, 71, 70, -1,
      87, 70, 88, -1,
      88, 70, 69, -1,
      88, 69, 89, -1,
      89, 69, 68, -1,
      89, 68, 90, -1,
      90, 68, 67, -1,
      90, 67, 91, -1,
      91, 67, 66, -1,
      91, 66, 92, -1,
      92, 66, 65, -1,
      92, 65, 93, -1,
      93, 65, 64, -1,
      93, 64, 94, -1,
      94, 64, 63, -1,
      94, 63, 95, -1,
      95, 63, 62, -1,
      95, 62, 96, -1,
      96, 62, 61, -1,
      96, 61, 97, -1,
      97, 61, 60, -1,
      97, 60, 98, -1,
      98, 60, 59, -1,
      98, 59, 99, -1,
      99, 59, 58, -1,
      99, 58, 100, -1,
      100, 58, 57, -1,
      100, 57, 101, -1,
      101, 57, 56, -1,
      101, 56, 102, -1,
      102, 56, 83, -1,
      102, 83, 103, -1,
      103, 83, 82, -1,
      103, 82, 104, -1,
      104, 82, 81, -1,
      104, 81, 105, -1,
      105, 81, 80, -1,
      105, 80, 106, -1,
      106, 80, 79, -1,
      106, 79, 107, -1,
      107, 79, 78, -1,
      107, 78, 108, -1,
      108, 78, 77, -1,
      108, 77, 109, -1,
      109, 77, 76, -1,
      109, 76, 110, -1,
      110, 76, 75, -1,
      110, 75, 111, -1,
      111, 75, 74, -1,
      111, 74, 84, -1,
      84, 74, 73, -1,
      112, 113, 100, -1,
      100, 113, 99, -1,
      113, 114, 99, -1,
      99, 114, 115, -1,
      99, 115, 98, -1,
      98, 115, 116, -1,
      98, 116, 97, -1,
      97, 116, 117, -1,
      97, 117, 96, -1,
      96, 117, 118, -1,
      96, 118, 95, -1,
      95, 118, 119, -1,
      95, 119, 94, -1,
      94, 119, 120, -1,
      94, 120, 93, -1,
      93, 120, 121, -1,
      93, 121, 92, -1,
      92, 121, 122, -1,
      92, 122, 91, -1,
      91, 122, 123, -1,
      91, 123, 90, -1,
      90, 123, 124, -1,
      90, 124, 89, -1,
      89, 124, 125, -1,
      89, 125, 88, -1,
      88, 125, 126, -1,
      88, 126, 87, -1,
      87, 126, 127, -1,
      87, 127, 86, -1,
      86, 127, 128, -1,
      86, 128, 85, -1,
      85, 128, 129, -1,
      85, 129, 84, -1,
      84, 129, 130, -1,
      84, 130, 111, -1,
      111, 130, 131, -1,
      111, 131, 110, -1,
      110, 131, 132, -1,
      110, 132, 109, -1,
      109, 132, 133, -1,
      109, 133, 108, -1,
      108, 133, 134, -1,
      108, 134, 107, -1,
      107, 134, 135, -1,
      107, 135, 106, -1,
      106, 135, 136, -1,
      106, 136, 105, -1,
      105, 136, 137, -1,
      105, 137, 104, -1,
      104, 137, 138, -1,
      104, 138, 103, -1,
      103, 138, 139, -1,
      103, 139, 102, -1,
      102, 139, 112, -1,
      102, 112, 101, -1,
      101, 112, 100, -1,
      129, 34, 130, -1,
      130, 34, 36, -1,
      130, 36, 131, -1,
      131, 36, 38, -1,
      131, 38, 132, -1,
      132, 38, 40, -1,
      132, 40, 133, -1,
      133, 40, 42, -1,
      133, 42, 134, -1,
      134, 42, 44, -1,
      134, 44, 135, -1,
      135, 44, 46, -1,
      135, 46, 136, -1,
      136, 46, 48, -1,
      136, 48, 137, -1,
      137, 48, 50, -1,
      137, 50, 138, -1,
      138, 50, 52, -1,
      138, 52, 139, -1,
      139, 52, 54, -1,
      139, 54, 112, -1,
      112, 54, 55, -1,
      112, 55, 113, -1,
      113, 55, 2, -1,
      113, 2, 114, -1,
      114, 2, 3, -1,
      114, 3, 115, -1,
      115, 3, 6, -1,
      115, 6, 116, -1,
      116, 6, 8, -1,
      116, 8, 117, -1,
      117, 8, 10, -1,
      117, 10, 118, -1,
      118, 10, 12, -1,
      118, 12, 119, -1,
      119, 12, 14, -1,
      119, 14, 120, -1,
      120, 14, 16, -1,
      120, 16, 121, -1,
      121, 16, 18, -1,
      121, 18, 122, -1,
      122, 18, 20, -1,
      122, 20, 123, -1,
      123, 20, 22, -1,
      123, 22, 124, -1,
      124, 22, 24, -1,
      124, 24, 125, -1,
      125, 24, 26, -1,
      125, 26, 126, -1,
      126, 26, 28, -1,
      126, 28, 127, -1,
      127, 28, 30, -1,
      127, 30, 128, -1,
      128, 30, 32, -1,
      128, 32, 129, -1,
      129, 32, 34, -1,
      140, 33, 141, -1,
      141, 33, 31, -1,
      141, 31, 142, -1,
      142, 31, 29, -1,
      142, 29, 143, -1,
      143, 29, 27, -1,
      143, 27, 144, -1,
      144, 27, 25, -1,
      144, 25, 145, -1,
      145, 25, 23, -1,
      145, 23, 146, -1,
      146, 23, 21, -1,
      146, 21, 147, -1,
      147, 21, 19, -1,
      147, 19, 148, -1,
      148, 19, 17, -1,
      148, 17, 149, -1,
      149, 17, 15, -1,
      149, 15, 150, -1,
      150, 15, 13, -1,
      150, 13, 151, -1,
      151, 13, 11, -1,
      151, 11, 152, -1,
      152, 11, 9, -1,
      152, 9, 153, -1,
      153, 9, 7, -1,
      153, 7, 154, -1,
      154, 7, 5, -1,
      154, 5, 155, -1,
      155, 5, 4, -1,
      155, 4, 156, -1,
      156, 4, 1, -1,
      156, 1, 157, -1,
      157, 1, 0, -1,
      157, 0, 158, -1,
      158, 0, 53, -1,
      158, 53, 159, -1,
      159, 53, 51, -1,
      159, 51, 160, -1,
      160, 51, 49, -1,
      160, 49, 161, -1,
      161, 49, 47, -1,
      161, 47, 162, -1,
      162, 47, 45, -1,
      162, 45, 163, -1,
      163, 45, 43, -1,
      163, 43, 164, -1,
      164, 43, 41, -1,
      164, 41, 165, -1,
      165, 41, 39, -1,
      165, 39, 166, -1,
      166, 39, 37, -1,
      166, 37, 167, -1,
      167, 37, 35, -1,
      167, 35, 140, -1,
      140, 35, 33, -1,
      168, 169, 156, -1,
      156, 169, 155, -1,
      169, 170, 155, -1,
      155, 170, 171, -1,
      155, 171, 154, -1,
      154, 171, 172, -1,
      154, 172, 153, -1,
      153, 172, 173, -1,
      153, 173, 152, -1,
      152, 173, 174, -1,
      152, 174, 151, -1,
      151, 174, 175, -1,
      151, 175, 150, -1,
      150, 175, 176, -1,
      150, 176, 149, -1,
      149, 176, 177, -1,
      149, 177, 148, -1,
      148, 177, 178, -1,
      148, 178, 147, -1,
      147, 178, 179, -1,
      147, 179, 146, -1,
      146, 179, 180, -1,
      146, 180, 145, -1,
      145, 180, 181, -1,
      145, 181, 144, -1,
      144, 181, 182, -1,
      144, 182, 143, -1,
      143, 182, 183, -1,
      143, 183, 142, -1,
      142, 183, 184, -1,
      142, 184, 141, -1,
      141, 184, 185, -1,
      141, 185, 140, -1,
      140, 185, 186, -1,
      140, 186, 167, -1,
      167, 186, 187, -1,
      167, 187, 166, -1,
      166, 187, 188, -1,
      166, 188, 165, -1,
      165, 188, 189, -1,
      165, 189, 164, -1,
      164, 189, 190, -1,
      164, 190, 163, -1,
      163, 190, 191, -1,
      163, 191, 162, -1,
      162, 191, 192, -1,
      162, 192, 161, -1,
      161, 192, 193, -1,
      161, 193, 160, -1,
      160, 193, 194, -1,
      160, 194, 159, -1,
      159, 194, 195, -1,
      159, 195, 158, -1,
      158, 195, 168, -1,
      158, 168, 157, -1,
      157, 168, 156, -1,
      185, 196, 186, -1,
      186, 196, 197, -1,
      186, 197, 187, -1,
      187, 197, 198, -1,
      187, 198, 188, -1,
      188, 198, 199, -1,
      188, 199, 189, -1,
      189, 199, 200, -1,
      189, 200, 190, -1,
      190, 200, 201, -1,
      190, 201, 191, -1,
      191, 201, 202, -1,
      191, 202, 192, -1,
      192, 202, 203, -1,
      192, 203, 193, -1,
      193, 203, 204, -1,
      193, 204, 194, -1,
      194, 204, 205, -1,
      194, 205, 195, -1,
      195, 205, 206, -1,
      195, 206, 168, -1,
      168, 206, 207, -1,
      168, 207, 169, -1,
      169, 207, 208, -1,
      169, 208, 170, -1,
      170, 208, 209, -1,
      170, 209, 171, -1,
      171, 209, 210, -1,
      171, 210, 172, -1,
      172, 210, 211, -1,
      172, 211, 173, -1,
      173, 211, 212, -1,
      173, 212, 174, -1,
      174, 212, 213, -1,
      174, 213, 175, -1,
      175, 213, 214, -1,
      175, 214, 176, -1,
      176, 214, 215, -1,
      176, 215, 177, -1,
      177, 215, 216, -1,
      177, 216, 178, -1,
      178, 216, 217, -1,
      178, 217, 179, -1,
      179, 217, 218, -1,
      179, 218, 180, -1,
      180, 218, 219, -1,
      180, 219, 181, -1,
      181, 219, 220, -1,
      181, 220, 182, -1,
      182, 220, 221, -1,
      182, 221, 183, -1,
      183, 221, 222, -1,
      183, 222, 184, -1,
      184, 222, 223, -1,
      184, 223, 185, -1,
      185, 223, 196, -1,
    ]
  }
}

Shape {
  appearance Appearance {
    material Material {
      diffuseColor 0.7765 0.7569 0.7373
      specularColor 0.3882 0.3765 0.3686
      ambientIntensity 0.2
      transparency 0.0000
      shininess 0.5
    }
  }
  geometry IndexedFaceSet {
    ccw TRUE
    solid FALSE
    coord DEF co Coordinate {
      point [
        -3.957917 -0.068898 -1.181102,
        -3.971683 -0.035664 -1.181102,
        -3.838583 0.000000 -1.181102,
        -3.976378 0.000000 -1.181102,
        -3.971683 0.035664 -1.181102,
        -3.874247 -0.133100 -1.181102,
        -3.907480 -0.119334 -1.181102,
        -3.936019 -0.097436 -1.181102,
        -3.769685 -0.119334 -1.181102,
        -3.802919 -0.133100 -1.181102,
        -3.838583 -0.137795 -1.181102,
        -3.705483 -0.035664 -1.181102,
        -3.719248 -0.068898 -1.181102,
        -3.741146 -0.097436 -1.181102,
        -3.719248 0.068898 -1.181102,
        -3.705483 0.035664 -1.181102,
        -3.700787 0.000000 -1.181102,
        -3.802919 0.133100 -1.181102,
        -3.769685 0.119334 -1.181102,
        -3.741146 0.097436 -1.181102,
        -3.907480 0.119334 -1.181102,
        -3.874247 0.133100 -1.181102,
        -3.838583 0.137795 -1.181102,
        -3.957917 0.068898 -1.181102,
        -3.936019 0.097436 -1.181102,
        -3.971683 0.035664 0.708661,
        -3.957917 0.068898 0.708661,
        -3.936019 0.097436 0.708661,
        -3.907480 0.119334 0.708661,
        -3.874247 0.133100 0.708661,
        -3.838583 0.137795 0.708661,
        -3.802919 0.133100 0.708661,
        -3.769685 0.119334 0.708661,
        -3.741146 0.097436 0.708661,
        -3.719248 0.068898 0.708661,
        -3.705483 0.035664 0.708661,
        -3.700787 0.000000 0.708661,
        -3.705483 -0.035664 0.708661,
        -3.719248 -0.068898 0.708661,
        -3.741146 -0.097436 0.708661,
        -3.769685 -0.119334 0.708661,
        -3.802919 -0.133100 0.708661,
        -3.838583 -0.137795 0.708661,
        -3.874247 -0.133100 0.708661,
        -3.907480 -0.119334 0.708661,
        -3.936019 -0.097436 0.708661,
        -3.957917 -0.068898 0.708661,
        -3.971683 -0.035664 0.708661,
        -3.976378 0.000000 0.708661,
        -3.697333 0.000000 0.739324,
        -3.701910 -0.035664 0.740369,
        -3.715331 -0.068898 0.743432,
        -3.736680 -0.097436 0.748305,
        -3.764502 -0.119334 0.754655,
        -3.796903 -0.133100 0.762050,
        -3.831673 -0.137795 0.769986,
        -3.866443 -0.133100 0.777922,
        -3.898843 -0.119334 0.785317,
        -3.926666 -0.097436 0.791668,
        -3.948015 -0.068898 0.796541,
        -3.961436 -0.035664 0.799604,
        -3.966013 0.000000 0.800648,
        -3.961436 0.035664 0.799604,
        -3.948015 0.068898 0.796541,
        -3.926666 0.097436 0.791668,
        -3.898843 0.119334 0.785317,
        -3.866443 0.133100 0.777922,
        -3.831673 0.137795 0.769986,
        -3.796903 0.133100 0.762050,
        -3.764502 0.119334 0.754655,
        -3.736680 0.097436 0.748305,
        -3.715331 0.068898 0.743432,
        -3.701910 0.035664 0.740369,
        -3.687141 0.000000 0.768448,
        -3.691372 -0.035664 0.770486,
        -3.703774 -0.068898 0.776459,
        -3.723504 -0.097436 0.785960,
        -3.749216 -0.119334 0.798342,
        -3.779159 -0.133100 0.812762,
        -3.811291 -0.137795 0.828236,
        -3.843423 -0.133100 0.843710,
        -3.873365 -0.119334 0.858129,
        -3.899077 -0.097436 0.870511,
        -3.918807 -0.068898 0.880013,
        -3.931209 -0.035664 0.885985,
        -3.935440 0.000000 0.888023,
        -3.931209 0.035664 0.885985,
        -3.918807 0.068898 0.880013,
        -3.899077 0.097436 0.870511,
        -3.873365 0.119334 0.858129,
        -3.843423 0.133100 0.843710,
        -3.811291 0.137795 0.828236,
        -3.779159 0.133100 0.812762,
        -3.749216 0.119334 0.798342,
        -3.723504 0.097436 0.785960,
        -3.703774 0.068898 0.776459,
        -3.691372 0.035664 0.770486,
        -3.670725 0.000000 0.794575,
        -3.674396 -0.035664 0.797503,
        -3.685158 -0.068898 0.806085,
        -3.702279 -0.097436 0.819739,
        -3.724591 -0.119334 0.837532,
        -3.750574 -0.133100 0.858253,
        -3.778457 -0.137795 0.880489,
        -3.806341 -0.133100 0.902726,
        -3.832324 -0.119334 0.923446,
        -3.854636 -0.097436 0.941240,
        -3.871757 -0.068898 0.954893,
        -3.882519 -0.035664 0.963476,
        -3.886190 0.000000 0.966403,
        -3.882519 0.035664 0.963476,
        -3.871757 0.068898 0.954893,
        -3.854636 0.097436 0.941240,
        -3.832324 0.119334 0.923446,
        -3.806341 0.133100 0.902726,
        -3.778457 0.137795 0.880489,
        -3.750574 0.133100 0.858253,
        -3.724591 0.119334 0.837532,
        -3.702279 0.097436 0.819739,
        -3.685158 0.068898 0.806085,
        -3.674396 0.035664 0.797503,
        -3.648906 0.000000 0.816394,
        -3.651833 -0.035664 0.820065,
        -3.660417 -0.068898 0.830828,
        -3.674070 -0.097436 0.847948,
        -3.691863 -0.119334 0.870261,
        -3.712584 -0.133100 0.896244,
        -3.734820 -0.137795 0.924127,
        -3.757056 -0.133100 0.952010,
        -3.777777 -0.119334 0.977993,
        -3.795570 -0.097436 1.000305,
        -3.809224 -0.068898 1.017426,
        -3.817806 -0.035664 1.028189,
        -3.820734 0.000000 1.031859,
        -3.817806 0.035664 1.028189,
        -3.809224 0.068898 1.017426,
        -3.795570 0.097436 1.000305,
        -3.777777 0.119334 0.977993,
        -3.757056 0.133100 0.952010,
        -3.734820 0.137795 0.924127,
        -3.712584 0.133100 0.896244,
        -3.691863 0.119334 0.870261,
        -3.674070 0.097436 0.847948,
        -3.660417 0.068898 0.830828,
        -3.651833 0.035664 0.820065,
        -3.622779 0.000000 0.832811,
        -3.624816 -0.035664 0.837041,
        -3.630789 -0.068898 0.849444,
        -3.640291 -0.097436 0.869173,
        -3.652673 -0.119334 0.894885,
        -3.667092 -0.133100 0.924828,
        -3.682567 -0.137795 0.956960,
        -3.698041 -0.133100 0.989092,
        -3.712460 -0.119334 1.019035,
        -3.724843 -0.097436 1.044746,
        -3.734343 -0.068898 1.064476,
        -3.740317 -0.035664 1.076879,
        -3.742354 0.000000 1.081109,
        -3.740317 0.035664 1.076879,
        -3.734343 0.068898 1.064476,
        -3.724843 0.097436 1.044746,
        -3.712460 0.119334 1.019035,
        -3.698041 0.133100 0.989092,
        -3.682567 0.137795 0.956960,
        -3.667092 0.133100 0.924828,
        -3.652673 0.119334 0.894885,
        -3.640291 0.097436 0.869173,
        -3.630789 0.068898 0.849444,
        -3.624816 0.035664 0.837041,
        -3.593654 0.000000 0.843002,
        -3.594699 -0.035664 0.847580,
        -3.597763 -0.068898 0.861000,
        -3.602635 -0.097436 0.882349,
        -3.608985 -0.119334 0.910172,
        -3.616381 -0.133100 0.942572,
        -3.624317 -0.137795 0.977343,
        -3.632253 -0.133100 1.012112,
        -3.639648 -0.119334 1.044513,
        -3.645998 -0.097436 1.072335,
        -3.650871 -0.068898 1.093685,
        -3.653934 -0.035664 1.107105,
        -3.654979 0.000000 1.111683,
        -3.653934 0.035664 1.107105,
        -3.650871 0.068898 1.093685,
        -3.645998 0.097436 1.072335,
        -3.639648 0.119334 1.044513,
        -3.632253 0.133100 1.012112,
        -3.624317 0.137795 0.977343,
        -3.616381 0.133100 0.942572,
        -3.608985 0.119334 0.910172,
        -3.602635 0.097436 0.882349,
        -3.597763 0.068898 0.861000,
        -3.594699 0.035664 0.847580,
        -3.562992 0.000000 0.846457,
        -3.562992 -0.035664 0.851152,
        -3.562992 -0.068898 0.864918,
        -3.562992 -0.097436 0.886816,
        -3.562992 -0.119334 0.915354,
        -3.562992 -0.133100 0.948588,
        -3.562992 -0.137795 0.984252,
        -3.562992 -0.133100 1.019916,
        -3.562992 -0.119334 1.053150,
        -3.562992 -0.097436 1.081688,
        -3.562992 -0.068898 1.103586,
        -3.562992 -0.035664 1.117352,
        -3.562992 0.000000 1.122047,
        -3.562992 0.035664 1.117352,
        -3.562992 0.068898 1.103586,
        -3.562992 0.097436 1.081688,
        -3.562992 0.119334 1.053150,
        -3.562992 0.133100 1.019916,
        -3.562992 0.137795 0.984252,
        -3.562992 0.133100 0.948588,
        -3.562992 0.119334 0.915354,
        -3.562992 0.097436 0.886816,
        -3.562992 0.068898 0.864918,
        -3.562992 0.035664 0.851152,
        -3.051181 0.035664 1.117352,
        -3.051181 0.068898 1.103586,
        -3.051181 0.097436 1.081688,
        -3.051181 0.119334 1.053150,
        -3.051181 0.133100 1.019916,
        -3.051181 0.137795 0.984252,
        -3.051181 0.133100 0.948588,
        -3.051181 0.119334 0.915354,
        -3.051181 0.097436 0.886816,
        -3.051181 0.068898 0.864918,
        -3.051181 0.035664 0.851152,
        -3.051181 0.000000 0.846457,
        -3.051181 -0.035664 0.851152,
        -3.051181 -0.068898 0.864918,
        -3.051181 -0.097436 0.886816,
        -3.051181 -0.119334 0.915354,
        -3.051181 -0.133100 0.948588,
        -3.051181 -0.137795 0.984252,
        -3.051181 -0.133100 1.019916,
        -3.051181 -0.119334 1.053150,
        -3.051181 -0.097436 1.081688,
        -3.051181 -0.068898 1.103586,
        -3.051181 -0.035664 1.117352,
        -3.051181 -0.000000 1.122047,
      ]
    }
    coordIndex [
      0, 1, 2, -1,
      2, 1, 3, -1,
      2, 3, 4, -1,
      5, 6, 2, -1,
      2, 6, 7, -1,
      2, 7, 0, -1,
      8, 9, 2, -1,
      2, 9, 10, -1,
      2, 10, 5, -1,
      11, 12, 2, -1,
      2, 12, 13, -1,
      2, 13, 8, -1,
      14, 15, 2, -1,
      2, 15, 16, -1,
      2, 16, 11, -1,
      17, 18, 2, -1,
      2, 18, 19, -1,
      2, 19, 14, -1,
      20, 21, 2, -1,
      2, 21, 22, -1,
      2, 22, 17, -1,
      4, 23, 2, -1,
      2, 23, 24, -1,
      2, 24, 20, -1,
      3, 25, 4, -1,
      4, 25, 26, -1,
      4, 26, 23, -1,
      23, 26, 27, -1,
      23, 27, 24, -1,
      24, 27, 28, -1,
      24, 28, 20, -1,
      20, 28, 29, -1,
      20, 29, 21, -1,
      21, 29, 30, -1,
      21, 30, 22, -1,
      22, 30, 31, -1,
      22, 31, 17, -1,
      17, 31, 32, -1,
      17, 32, 18, -1,
      18, 32, 33, -1,
      18, 33, 19, -1,
      19, 33, 34, -1,
      19, 34, 14, -1,
      14, 34, 35, -1,
      14, 35, 15, -1,
      15, 35, 36, -1,
      15, 36, 16, -1,
      16, 36, 37, -1,
      16, 37, 11, -1,
      11, 37, 38, -1,
      11, 38, 12, -1,
      12, 38, 39, -1,
      12, 39, 13, -1,
      13, 39, 40, -1,
      13, 40, 8, -1,
      8, 40, 41, -1,
      8, 41, 9, -1,
      9, 41, 42, -1,
      9, 42, 10, -1,
      10, 42, 43, -1,
      10, 43, 5, -1,
      5, 43, 44, -1,
      5, 44, 6, -1,
      6, 44, 45, -1,
      6, 45, 7, -1,
      7, 45, 46, -1,
      7, 46, 0, -1,
      0, 46, 47, -1,
      0, 47, 1, -1,
      1, 47, 48, -1,
      1, 48, 3, -1,
      3, 48, 25, -1,
      36, 49, 37, -1,
      37, 49, 50, -1,
      37, 50, 38, -1,
      38, 50, 51, -1,
      38, 51, 39, -1,
      39, 51, 52, -1,
      39, 52, 40, -1,
      40, 52, 53, -1,
      40, 53, 41, -1,
      41, 53, 54, -1,
      41, 54, 42, -1,
      42, 54, 55, -1,
      42, 55, 43, -1,
      43, 55, 56, -1,
      43, 56, 44, -1,
      44, 56, 57, -1,
      44, 57, 45, -1,
      45, 57, 58, -1,
      45, 58, 46, -1,
      46, 58, 59, -1,
      46, 59, 47, -1,
      47, 59, 60, -1,
      47, 60, 48, -1,
      48, 60, 61, -1,
      48, 61, 25, -1,
      25, 61, 62, -1,
      25, 62, 26, -1,
      26, 62, 63, -1,
      26, 63, 27, -1,
      27, 63, 64, -1,
      27, 64, 28, -1,
      28, 64, 65, -1,
      28, 65, 29, -1,
      29, 65, 66, -1,
      29, 66, 30, -1,
      30, 66, 67, -1,
      30, 67, 31, -1,
      31, 67, 68, -1,
      31, 68, 32, -1,
      32, 68, 69, -1,
      32, 69, 33, -1,
      33, 69, 70, -1,
      33, 70, 34, -1,
      34, 70, 71, -1,
      34, 71, 35, -1,
      35, 71, 72, -1,
      35, 72, 36, -1,
      36, 72, 49, -1,
      49, 73, 50, -1,
      50, 73, 74, -1,
      50, 74, 51, -1,
      51, 74, 75, -1,
      51, 75, 52, -1,
      52, 75, 76, -1,
      52, 76, 53, -1,
      53, 76, 77, -1,
      53, 77, 54, -1,
      54, 77, 78, -1,
      54, 78, 55, -1,
      55, 78, 79, -1,
      55, 79, 56, -1,
      56, 79, 80, -1,
      56, 80, 57, -1,
      57, 80, 81, -1,
      57, 81, 58, -1,
      58, 81, 82, -1,
      58, 82, 59, -1,
      59, 82, 83, -1,
      59, 83, 60, -1,
      60, 83, 84, -1,
      60, 84, 61, -1,
      61, 84, 85, -1,
      61, 85, 62, -1,
      62, 85, 86, -1,
      62, 86, 63, -1,
      63, 86, 87, -1,
      63, 87, 64, -1,
      64, 87, 88, -1,
      64, 88, 65, -1,
      65, 88, 89, -1,
      65, 89, 66, -1,
      66, 89, 90, -1,
      66, 90, 67, -1,
      67, 90, 91, -1,
      67, 91, 68, -1,
      68, 91, 92, -1,
      68, 92, 69, -1,
      69, 92, 93, -1,
      69, 93, 70, -1,
      70, 93, 94, -1,
      70, 94, 71, -1,
      71, 94, 95, -1,
      71, 95, 72, -1,
      72, 95, 96, -1,
      72, 96, 49, -1,
      49, 96, 73, -1,
      73, 97, 74, -1,
      74, 97, 98, -1,
      74, 98, 75, -1,
      75, 98, 99, -1,
      75, 99, 76, -1,
      76, 99, 100, -1,
      76, 100, 77, -1,
      77, 100, 101, -1,
      77, 101, 78, -1,
      78, 101, 102, -1,
      78, 102, 79, -1,
      79, 102, 103, -1,
      79, 103, 80, -1,
      80, 103, 104, -1,
      80, 104, 81, -1,
      81, 104, 105, -1,
      81, 105, 82, -1,
      82, 105, 106, -1,
      82, 106, 83, -1,
      83, 106, 107, -1,
      83, 107, 84, -1,
      84, 107, 108, -1,
      84, 108, 85, -1,
      85, 108, 109, -1,
      85, 109, 86, -1,
      86, 109, 110, -1,
      86, 110, 87, -1,
      87, 110, 111, -1,
      87, 111, 88, -1,
      88, 111, 112, -1,
      88, 112, 89, -1,
      89, 112, 113, -1,
      89, 113, 90, -1,
      90, 113, 114, -1,
      90, 114, 91, -1,
      91, 114, 115, -1,
      91, 115, 92, -1,
      92, 115, 116, -1,
      92, 116, 93, -1,
      93, 116, 117, -1,
      93, 117, 94, -1,
      94, 117, 118, -1,
      94, 118, 95, -1,
      95, 118, 119, -1,
      95, 119, 96, -1,
      96, 119, 120, -1,
      96, 120, 73, -1,
      73, 120, 97, -1,
      97, 121, 98, -1,
      98, 121, 122, -1,
      98, 122, 99, -1,
      99, 122, 123, -1,
      99, 123, 100, -1,
      100, 123, 124, -1,
      100, 124, 101, -1,
      101, 124, 125, -1,
      101, 125, 102, -1,
      102, 125, 126, -1,
      102, 126, 103, -1,
      103, 126, 127, -1,
      103, 127, 104, -1,
      104, 127, 128, -1,
      104, 128, 105, -1,
      105, 128, 129, -1,
      105, 129, 106, -1,
      106, 129, 130, -1,
      106, 130, 107, -1,
      107, 130, 131, -1,
      107, 131, 108, -1,
      108, 131, 132, -1,
      108, 132, 109, -1,
      109, 132, 133, -1,
      109, 133, 110, -1,
      110, 133, 134, -1,
      110, 134, 111, -1,
      111, 134, 135, -1,
      111, 135, 112, -1,
      112, 135, 136, -1,
      112, 136, 113, -1,
      113, 136, 137, -1,
      113, 137, 114, -1,
      114, 137, 138, -1,
      114, 138, 115, -1,
      115, 138, 139, -1,
      115, 139, 116, -1,
      116, 139, 140, -1,
      116, 140, 117, -1,
      117, 140, 141, -1,
      117, 141, 118, -1,
      118, 141, 142, -1,
      118, 142, 119, -1,
      119, 142, 143, -1,
      119, 143, 120, -1,
      120, 143, 144, -1,
      120, 144, 97, -1,
      97, 144, 121, -1,
      121, 145, 122, -1,
      122, 145, 146, -1,
      122, 146, 123, -1,
      123, 146, 147, -1,
      123, 147, 124, -1,
      124, 147, 148, -1,
      124, 148, 125, -1,
      125, 148, 149, -1,
      125, 149, 126, -1,
      126, 149, 150, -1,
      126, 150, 127, -1,
      127, 150, 151, -1,
      127, 151, 128, -1,
      128, 151, 152, -1,
      128, 152, 129, -1,
      129, 152, 153, -1,
      129, 153, 130, -1,
      130, 153, 154, -1,
      130, 154, 131, -1,
      131, 154, 155, -1,
      131, 155, 132, -1,
      132, 155, 156, -1,
      132, 156, 133, -1,
      133, 156, 157, -1,
      133, 157, 134, -1,
      134, 157, 158, -1,
      134, 158, 135, -1,
      135, 158, 159, -1,
      135, 159, 136, -1,
      136, 159, 160, -1,
      136, 160, 137, -1,
      137, 160, 161, -1,
      137, 161, 138, -1,
      138, 161, 162, -1,
      138, 162, 139, -1,
      139, 162, 163, -1,
      139, 163, 140, -1,
      140, 163, 164, -1,
      140, 164, 141, -1,
      141, 164, 165, -1,
      141, 165, 142, -1,
      142, 165, 166, -1,
      142, 166, 143, -1,
      143, 166, 167, -1,
      143, 167, 144, -1,
      144, 167, 168, -1,
      144, 168, 121, -1,
      121, 168, 145, -1,
      145, 169, 146, -1,
      146, 169, 170, -1,
      146, 170, 147, -1,
      147, 170, 171, -1,
      147, 171, 148, -1,
      148, 171, 172, -1,
      148, 172, 149, -1,
      149, 172, 173, -1,
      149, 173, 150, -1,
      150, 173, 174, -1,
      150, 174, 151, -1,
      151, 174, 175, -1,
      151, 175, 152, -1,
      152, 175, 176, -1,
      152, 176, 153, -1,
      153, 176, 177, -1,
      153, 177, 154, -1,
      154, 177, 178, -1,
      154, 178, 155, -1,
      155, 178, 179, -1,
      155, 179, 156, -1,
      156, 179, 180, -1,
      156, 180, 157, -1,
      157, 180, 181, -1,
      157, 181, 158, -1,
      158, 181, 182, -1,
      158, 182, 159, -1,
      159, 182, 183, -1,
      159, 183, 160, -1,
      160, 183, 184, -1,
      160, 184, 161, -1,
      161, 184, 185, -1,
      161, 185, 162, -1,
      162, 185, 186, -1,
      162, 186, 163, -1,
      163, 186, 187, -1,
      163, 187, 164, -1,
      164, 187, 188, -1,
      164, 188, 165, -1,
      165, 188, 189, -1,
      165, 189, 166, -1,
      166, 189, 190, -1,
      166, 190, 167, -1,
      167, 190, 191, -1,
      167, 191, 168, -1,
      168, 191, 192, -1,
      168, 192, 145, -1,
      145, 192, 169, -1,
      169, 193, 170, -1,
      170, 193, 194, -1,
      170, 194, 171, -1,
      171, 194, 195, -1,
      171, 195, 172, -1,
      172, 195, 196, -1,
      172, 196, 173, -1,
      173, 196, 197, -1,
      173, 197, 174, -1,
      174, 197, 198, -1,
      174, 198, 175, -1,
      175, 198, 199, -1,
      175, 199, 176, -1,
      176, 199, 200, -1,
      176, 200, 177, -1,
      177, 200, 201, -1,
      177, 201, 178, -1,
      178, 201, 202, -1,
      178, 202, 179, -1,
      179, 202, 203, -1,
      179, 203, 180, -1,
      180, 203, 204, -1,
      180, 204, 181, -1,
      181, 204, 205, -1,
      181, 205, 182, -1,
      182, 205, 206, -1,
      182, 206, 183, -1,
      183, 206, 207, -1,
      183, 207, 184, -1,
      184, 207, 208, -1,
      184, 208, 185, -1,
      185, 208, 209, -1,
      185, 209, 186, -1,
      186, 209, 210, -1,
      186, 210, 187, -1,
      187, 210, 211, -1,
      187, 211, 188, -1,
      188, 211, 212, -1,
      188, 212, 189, -1,
      189, 212, 213, -1,
      189, 213, 190, -1,
      190, 213, 214, -1,
      190, 214, 191, -1,
      191, 214, 215, -1,
      191, 215, 192, -1,
      192, 215, 216, -1,
      192, 216, 169, -1,
      169, 216, 193, -1,
      205, 217, 206, -1,
      206, 217, 218, -1,
      206, 218, 207, -1,
      207, 218, 219, -1,
      207, 219, 208, -1,
      208, 219, 220, -1,
      208, 220, 209, -1,
      209, 220, 221, -1,
      209, 221, 210, -1,
      210, 221, 222, -1,
      210, 222, 211, -1,
      211, 222, 223, -1,
      211, 223, 212, -1,
      212, 223, 224, -1,
      212, 224, 213, -1,
      213, 224, 225, -1,
      213, 225, 214, -1,
      214, 225, 226, -1,
      214, 226, 215, -1,
      215, 226, 227, -1,
      215, 227, 216, -1,
      216, 227, 228, -1,
      216, 228, 193, -1,
      193, 228, 229, -1,
      193, 229, 194, -1,
      194, 229, 230, -1,
      194, 230, 195, -1,
      195, 230, 231, -1,
      195, 231, 196, -1,
      196, 231, 232, -1,
      196, 232, 197, -1,
      197, 232, 233, -1,
      197, 233, 198, -1,
      198, 233, 234, -1,
      198, 234, 199, -1,
      199, 234, 235, -1,
      199, 235, 200, -1,
      200, 235, 236, -1,
      200, 236, 201, -1,
      201, 236, 237, -1,
      201, 237, 202, -1,
      202, 237, 238, -1,
      202, 238, 203, -1,
      203, 238, 239, -1,
      203, 239, 204, -1,
      204, 239, 240, -1,
      204, 240, 205, -1,
      205, 240, 217, -1,
    ]
  }
}

Shape {
  appearance Appearance {
    material Material {
      diffuseColor 1.0000 0.9451 0.8118
      specularColor 0.8784 0.8314 0.7137
      ambientIntensity 0.2
      transparency 0.0000
      shininess 0.5
    }
  }
  geometry IndexedFaceSet {
    ccw TRUE
    solid FALSE
    coord DEF co Coordinate {
      point [
        -1.681903 0.353385 0.280604,
        -1.681903 0.506132 0.381067,
        -1.681903 0.631593 0.514048,
        -1.681903 0.723005 0.672378,
        -1.681903 0.775439 0.847521,
        -1.681903 0.786069 1.030035,
        -1.681903 0.754322 1.210081,
        -1.681903 0.681910 1.377953,
        -1.681903 0.572735 1.524600,
        -1.681903 0.432684 1.642117,
        -1.681903 0.269307 1.724167,
        -1.681903 0.091412 1.766329,
        -1.681903 0.000000 1.771654,
        -1.681903 -0.091412 1.766329,
        -1.681903 -0.269307 1.724167,
        -1.681903 -0.432684 1.642117,
        -1.681903 -0.572735 1.524600,
        -1.681903 -0.681910 1.377953,
        -1.681903 -0.754322 1.210081,
        -1.681903 -0.786069 1.030035,
        -1.681903 -0.775439 0.847521,
        -1.681903 -0.723005 0.672378,
        -1.681903 -0.631593 0.514048,
        -1.681903 -0.506132 0.381067,
        -1.681903 -0.353385 0.280604,
        -1.681903 -0.181587 0.218075,
        -1.681903 0.000000 0.196850,
        -1.681903 0.181587 0.218075,
        -3.051181 0.035664 1.117352,
        -3.051181 0.068898 1.103586,
        -3.051181 0.097436 1.081688,
        -3.051181 0.119334 1.053150,
        -3.051181 0.133100 1.019916,
        -3.051181 0.137795 0.984252,
        -3.051181 0.133100 0.948588,
        -3.051181 0.119334 0.915354,
        -3.051181 0.097436 0.886816,
        -3.051181 0.068898 0.864918,
        -3.051181 0.035664 0.851152,
        -3.051181 0.000000 0.846457,
        -3.051181 -0.035664 0.851152,
        -3.051181 -0.068898 0.864918,
        -3.051181 -0.097436 0.886816,
        -3.051181 -0.119334 0.915354,
        -3.051181 -0.133100 0.948588,
        -3.051181 -0.137795 0.984252,
        -3.051181 -0.133100 1.019916,
        -3.051181 -0.119334 1.053150,
        -3.051181 -0.097436 1.081688,
        -3.051181 -0.068898 1.103586,
        -3.051181 -0.035664 1.117352,
        -3.051181 -0.000000 1.122047,
        -3.051181 -0.057323 0.594747,
        -3.051181 0.028738 1.376902,
        -3.051181 -0.140642 1.351975,
        -3.051181 -0.085602 1.368534,
        -3.051181 -0.028738 1.376902,
        -3.051181 0.057323 0.594747,
        -3.051181 -0.000000 0.590551,
        -3.051181 0.085602 1.368534,
        -3.051181 0.140642 1.351975,
        -3.051181 -0.240620 1.295865,
        -3.051181 -0.192684 1.327578,
        -3.051181 -0.320193 1.213330,
        -3.051181 -0.283427 1.257509,
        -3.051181 0.320193 1.213330,
        -3.051181 0.350135 1.164269,
        -3.051181 0.192684 1.327578,
        -3.051181 0.240620 1.295865,
        -3.051181 0.283427 1.257509,
        -3.051181 -0.387152 1.055763,
        -3.051181 -0.372614 1.111370,
        -3.051181 -0.350135 1.164269,
        -3.051181 0.302617 0.732412,
        -3.051181 0.262724 0.691035,
        -3.051181 -0.391339 0.941193,
        -3.051181 -0.393438 0.998631,
        -3.051181 -0.113425 0.607244,
        -3.051181 -0.167109 0.627776,
        -3.051181 -0.217231 0.655906,
        -3.051181 0.362341 0.830274,
        -3.051181 0.336060 0.779157,
        -3.051181 -0.362341 0.830274,
        -3.051181 -0.380899 0.884672,
        -3.051181 0.217231 0.655906,
        -3.051181 0.167109 0.627776,
        -3.051181 0.113425 0.607244,
        -3.051181 0.391339 0.941193,
        -3.051181 0.380899 0.884672,
        -3.051181 0.372614 1.111370,
        -3.051181 0.387152 1.055763,
        -3.051181 0.393438 0.998631,
        -3.051181 -0.262724 0.691035,
        -3.051181 -0.302617 0.732412,
        -3.051181 -0.336060 0.779157,
        -1.961223 -0.248239 0.159139,
        -1.870079 -0.334218 0.271300,
        -1.961223 -0.365731 0.204076,
        -1.870079 -0.352765 0.281709,
        -1.961223 -0.475428 0.265641,
        -1.870079 -0.434463 0.327561,
        -1.870079 -0.505244 0.382217,
        -1.961223 -0.574993 0.342522,
        -1.870079 -0.525448 0.397817,
        -1.870079 -0.605234 0.480572,
        -1.961223 -0.662302 0.433080,
        -1.870079 -0.630000 0.515188,
        -1.961223 -0.735495 0.535386,
        -1.870079 -0.672120 0.574063,
        -1.870079 -0.722739 0.672515,
        -1.961223 -0.793012 0.647258,
        -1.870079 -0.724682 0.676296,
        -1.870079 -0.761798 0.785092,
        -1.961223 -0.833628 0.766313,
        -1.870079 -0.773399 0.847898,
        -1.961223 -0.856477 0.890013,
        -1.870079 -0.782678 0.898133,
        -1.870079 -0.786876 1.013009,
        -1.961223 -0.861071 1.015721,
        -1.870079 -0.785016 1.029919,
        -1.961223 -0.847313 1.140759,
        -1.870079 -0.774304 1.127273,
        -1.870079 -0.752761 1.209673,
        -1.961223 -0.815496 1.262461,
        -1.870079 -0.745228 1.238489,
        -1.870079 -0.700269 1.344285,
        -1.961223 -0.766298 1.378233,
        -1.870079 -0.680316 1.376980,
        -1.961223 -0.700768 1.485608,
        -1.870079 -0.640385 1.442409,
        -1.870079 -0.572292 1.524231,
        -1.961223 -0.620302 1.582298,
        -1.870079 -0.566853 1.530767,
        -1.870079 -0.481239 1.607478,
        -1.961223 -0.526615 1.666242,
        -1.870079 -0.431527 1.640367,
        -1.961223 -0.421705 1.735650,
        -1.870079 -0.385369 1.670905,
        -1.870079 -0.281284 1.719698,
        -1.961223 -0.307806 1.789043,
        -1.870079 -0.269068 1.723373,
        -1.961223 -0.187348 1.825283,
        -1.870079 -0.171205 1.752816,
        -1.870079 -0.091157 1.764596,
        -1.961223 -0.062896 1.843599,
        -1.870079 -0.057477 1.769553,
        -1.870079 0.057477 1.769553,
        -1.961223 0.062896 1.843599,
        -1.870079 0.091157 1.764596,
        -1.961223 0.187348 1.825283,
        -1.870079 0.171205 1.752816,
        -1.870079 0.269068 1.723373,
        -1.961223 0.307806 1.789043,
        -1.870079 0.281284 1.719698,
        -1.870079 0.385369 1.670905,
        -1.961223 0.421705 1.735650,
        -1.870079 0.431527 1.640367,
        -1.961223 0.526615 1.666242,
        -1.870079 0.481239 1.607478,
        -1.870079 0.566853 1.530767,
        -1.961223 0.620302 1.582298,
        -1.870079 0.572292 1.524231,
        -1.961223 0.700768 1.485608,
        -1.870079 0.640385 1.442409,
        -1.870079 0.680316 1.376980,
        -1.961223 0.766298 1.378233,
        -1.870079 0.700269 1.344285,
        -1.870079 0.745228 1.238489,
        -1.961223 0.815496 1.262461,
        -1.870079 0.752761 1.209673,
        -1.961223 0.847313 1.140759,
        -1.870079 0.774304 1.127273,
        -1.870079 0.785016 1.029919,
        -1.961223 0.861071 1.015721,
        -1.870079 0.786876 1.013009,
        -1.870079 0.782678 0.898133,
        -1.961223 0.856477 0.890013,
        -1.870079 0.773399 0.847898,
        -1.961223 0.833628 0.766313,
        -1.870079 0.761798 0.785092,
        -1.870079 0.724682 0.676296,
        -1.961223 0.793012 0.647258,
        -1.870079 0.722739 0.672515,
        -1.961223 0.735495 0.535386,
        -1.870079 0.672120 0.574063,
        -1.870079 0.630000 0.515188,
        -1.961223 0.662302 0.433080,
        -1.870079 0.605234 0.480572,
        -1.870079 0.525448 0.397817,
        -1.961223 0.574993 0.342522,
        -1.870079 0.505244 0.382217,
        -1.961223 0.475428 0.265641,
        -1.870079 0.434463 0.327561,
        -1.870079 0.352765 0.281709,
        -1.961223 0.365731 0.204076,
        -1.870079 0.334218 0.271300,
        -1.870079 0.226850 0.230236,
        -1.961223 0.248239 0.159139,
        -1.870079 0.181146 0.220055,
        -1.961223 0.125457 0.131789,
        -1.870079 0.114646 0.205241,
        -1.870079 0.000000 0.196850,
        -1.961223 0.000000 0.122606,
        -1.870079 -0.114646 0.205241,
        -1.961223 -0.125457 0.131789,
        -1.870079 -0.181146 0.220055,
        -1.870079 -0.226850 0.230236,
        -2.063472 0.133902 0.074402,
        -2.063472 0.264950 0.103594,
        -2.063472 0.390352 0.151556,
        -2.063472 0.507433 0.217266,
        -2.063472 0.613700 0.299322,
        -2.063472 0.706886 0.395977,
        -2.063472 0.785007 0.505169,
        -2.063472 0.846396 0.624572,
        -2.063472 0.889746 0.751642,
        -2.063472 0.914133 0.883669,
        -2.063472 0.919036 1.017839,
        -2.063472 0.904352 1.151294,
        -2.063472 0.870393 1.281189,
        -2.063472 0.817883 1.404755,
        -2.063472 0.747942 1.519359,
        -2.063472 0.662059 1.622557,
        -2.063472 0.562066 1.712152,
        -2.063472 0.450093 1.786232,
        -2.063472 0.328528 1.843220,
        -2.063472 0.199959 1.881900,
        -2.063472 0.067130 1.901448,
        -2.063472 -0.067130 1.901448,
        -2.063472 -0.199959 1.881900,
        -2.063472 -0.328528 1.843220,
        -2.063472 -0.450093 1.786232,
        -2.063472 -0.562066 1.712152,
        -2.063472 -0.662059 1.622557,
        -2.063472 -0.747942 1.519359,
        -2.063472 -0.817883 1.404755,
        -2.063472 -0.870393 1.281189,
        -2.063472 -0.904352 1.151294,
        -2.063472 -0.919036 1.017839,
        -2.063472 -0.914133 0.883669,
        -2.063472 -0.889746 0.751642,
        -2.063472 -0.846396 0.624572,
        -2.063472 -0.785007 0.505169,
        -2.063472 -0.706886 0.395977,
        -2.063472 -0.613700 0.299322,
        -2.063472 -0.507433 0.217266,
        -2.063472 -0.390352 0.151556,
        -2.063472 -0.264950 0.103594,
        -2.063472 -0.133902 0.074402,
        -2.063472 0.000000 0.064602,
        -2.173963 0.139746 0.034690,
        -2.173963 0.276515 0.065157,
        -2.173963 0.407389 0.115212,
        -2.173963 0.529581 0.183789,
        -2.173963 0.640486 0.269427,
        -2.173963 0.737740 0.370300,
        -2.173963 0.819270 0.484259,
        -2.173963 0.883339 0.608874,
        -2.173963 0.928581 0.741489,
        -2.173963 0.954032 0.879279,
        -2.173963 0.959150 1.019306,
        -2.173963 0.943824 1.158585,
        -2.173963 0.908383 1.294149,
        -2.173963 0.853581 1.423109,
        -2.173963 0.780587 1.542714,
        -2.173963 0.690956 1.650417,
        -2.173963 0.586598 1.743922,
        -2.173963 0.469738 1.821236,
        -2.173963 0.342867 1.880711,
        -2.173963 0.208687 1.921080,
        -2.173963 0.070060 1.941481,
        -2.173963 -0.070060 1.941481,
        -2.173963 -0.208687 1.921080,
        -2.173963 -0.342867 1.880711,
        -2.173963 -0.469738 1.821236,
        -2.173963 -0.586598 1.743922,
        -2.173963 -0.690956 1.650417,
        -2.173963 -0.780587 1.542714,
        -2.173963 -0.853581 1.423109,
        -2.173963 -0.908383 1.294149,
        -2.173963 -0.943824 1.158585,
        -2.173963 -0.959150 1.019306,
        -2.173963 -0.954032 0.879279,
        -2.173963 -0.928581 0.741489,
        -2.173963 -0.883339 0.608874,
        -2.173963 -0.819270 0.484259,
        -2.173963 -0.737740 0.370300,
        -2.173963 -0.640486 0.269427,
        -2.173963 -0.529581 0.183789,
        -2.173963 -0.407389 0.115212,
        -2.173963 -0.276515 0.065157,
        -2.173963 -0.139746 0.034690,
        -2.173963 0.000000 0.024462,
        -2.289600 0.142826 0.013765,
        -2.289600 0.282608 0.044902,
        -2.289600 0.416367 0.096061,
        -2.289600 0.541252 0.166149,
        -2.289600 0.654600 0.253674,
        -2.289600 0.753998 0.356770,
        -2.289600 0.837324 0.473240,
        -2.289600 0.902805 0.600601,
        -2.289600 0.949044 0.736139,
        -2.289600 0.975056 0.876965,
        -2.289600 0.980287 1.020078,
        -2.289600 0.964624 1.162427,
        -2.289600 0.928402 1.300979,
        -2.289600 0.872392 1.432780,
        -2.289600 0.797789 1.555021,
        -2.289600 0.706183 1.665098,
        -2.289600 0.599525 1.760663,
        -2.289600 0.480090 1.839681,
        -2.289600 0.350422 1.900467,
        -2.289600 0.213286 1.941725,
        -2.289600 0.071604 1.962576,
        -2.289600 -0.071604 1.962576,
        -2.289600 -0.213286 1.941725,
        -2.289600 -0.350422 1.900467,
        -2.289600 -0.480090 1.839681,
        -2.289600 -0.599525 1.760663,
        -2.289600 -0.706183 1.665098,
        -2.289600 -0.797789 1.555021,
        -2.289600 -0.872392 1.432780,
        -2.289600 -0.928402 1.300979,
        -2.289600 -0.964624 1.162427,
        -2.289600 -0.980287 1.020078,
        -2.289600 -0.975056 0.876965,
        -2.289600 -0.949044 0.736139,
        -2.289600 -0.902805 0.600601,
        -2.289600 -0.837324 0.473240,
        -2.289600 -0.753998 0.356770,
        -2.289600 -0.654600 0.253674,
        -2.289600 -0.541252 0.166149,
        -2.289600 -0.416367 0.096061,
        -2.289600 -0.282608 0.044902,
        -2.289600 -0.142826 0.013765,
        -2.289600 0.000000 0.003311,
        -2.407146 0.143055 0.012211,
        -2.407146 0.283061 0.043399,
        -2.407146 0.417033 0.094639,
        -2.407146 0.542118 0.164840,
        -2.407146 0.655648 0.252505,
        -2.407146 0.755204 0.355766,
        -2.407146 0.838665 0.472422,
        -2.407146 0.904250 0.599987,
        -2.407146 0.950563 0.735742,
        -2.407146 0.976617 0.876794,
        -2.407146 0.981856 1.020135,
        -2.407146 0.966168 1.162712,
        -2.407146 0.929887 1.301485,
        -2.407146 0.873789 1.433498,
        -2.407146 0.799066 1.555935,
        -2.407146 0.707313 1.666187,
        -2.407146 0.600485 1.761906,
        -2.407146 0.480858 1.841050,
        -2.407146 0.350983 1.901933,
        -2.407146 0.213628 1.943257,
        -2.407146 0.071719 1.964142,
        -2.407146 -0.071719 1.964142,
        -2.407146 -0.213628 1.943257,
        -2.407146 -0.350983 1.901933,
        -2.407146 -0.480858 1.841050,
        -2.407146 -0.600485 1.761906,
        -2.407146 -0.707313 1.666187,
        -2.407146 -0.799066 1.555935,
        -2.407146 -0.873789 1.433498,
        -2.407146 -0.929887 1.301485,
        -2.407146 -0.966168 1.162712,
        -2.407146 -0.981856 1.020135,
        -2.407146 -0.976617 0.876794,
        -2.407146 -0.950563 0.735742,
        -2.407146 -0.904250 0.599987,
        -2.407146 -0.838665 0.472422,
        -2.407146 -0.755204 0.355766,
        -2.407146 -0.655648 0.252505,
        -2.407146 -0.542118 0.164840,
        -2.407146 -0.417033 0.094639,
        -2.407146 -0.283061 0.043399,
        -2.407146 -0.143055 0.012211,
        -2.407146 0.000000 0.001741,
        -2.523307 0.140426 0.030074,
        -2.523307 0.277859 0.060689,
        -2.523307 0.409370 0.110987,
        -2.523307 0.532156 0.179898,
        -2.523307 0.643600 0.265952,
        -2.523307 0.741326 0.367315,
        -2.523307 0.823253 0.481828,
        -2.523307 0.887633 0.607049,
        -2.523307 0.933095 0.740309,
        -2.523307 0.958670 0.878768,
        -2.523307 0.963813 1.019476,
        -2.523307 0.948413 1.159433,
        -2.523307 0.912800 1.295656,
        -2.523307 0.857731 1.425242,
        -2.523307 0.784382 1.545429,
        -2.523307 0.694315 1.653656,
        -2.523307 0.589450 1.747615,
        -2.523307 0.472022 1.825305,
        -2.523307 0.344533 1.885069,
        -2.523307 0.209702 1.925634,
        -2.523307 0.070401 1.946135,
        -2.523307 -0.070401 1.946135,
        -2.523307 -0.209702 1.925634,
        -2.523307 -0.344533 1.885069,
        -2.523307 -0.472022 1.825305,
        -2.523307 -0.589450 1.747615,
        -2.523307 -0.694315 1.653656,
        -2.523307 -0.784382 1.545429,
        -2.523307 -0.857731 1.425242,
        -2.523307 -0.912800 1.295656,
        -2.523307 -0.948413 1.159433,
        -2.523307 -0.963813 1.019476,
        -2.523307 -0.958670 0.878768,
        -2.523307 -0.933095 0.740309,
        -2.523307 -0.887633 0.607049,
        -2.523307 -0.823253 0.481828,
        -2.523307 -0.741326 0.367315,
        -2.523307 -0.643600 0.265952,
        -2.523307 -0.532156 0.179898,
        -2.523307 -0.409370 0.110987,
        -2.523307 -0.277859 0.060689,
        -2.523307 -0.140426 0.030074,
        -2.523307 0.000000 0.019796,
        -2.634831 0.135013 0.066852,
        -2.634831 0.267149 0.096287,
        -2.634831 0.393591 0.144646,
        -2.634831 0.511644 0.210901,
        -2.634831 0.618793 0.293639,
        -2.634831 0.712752 0.391095,
        -2.634831 0.791521 0.501194,
        -2.634831 0.853420 0.621588,
        -2.634831 0.897130 0.749711,
        -2.634831 0.921719 0.882834,
        -2.634831 0.926663 1.018118,
        -2.634831 0.911857 1.152680,
        -2.634831 0.877616 1.283653,
        -2.634831 0.824670 1.408244,
        -2.634831 0.754148 1.523799,
        -2.634831 0.667553 1.627854,
        -2.634831 0.566730 1.718192,
        -2.634831 0.453828 1.792887,
        -2.634831 0.331254 1.850348,
        -2.634831 0.201619 1.889349,
        -2.634831 0.067687 1.909059,
        -2.634831 -0.067687 1.909059,
        -2.634831 -0.201619 1.889349,
        -2.634831 -0.331254 1.850348,
        -2.634831 -0.453828 1.792887,
        -2.634831 -0.566730 1.718192,
        -2.634831 -0.667553 1.627854,
        -2.634831 -0.754148 1.523799,
        -2.634831 -0.824670 1.408244,
        -2.634831 -0.877616 1.283653,
        -2.634831 -0.911857 1.152680,
        -2.634831 -0.926663 1.018118,
        -2.634831 -0.921719 0.882834,
        -2.634831 -0.897130 0.749711,
        -2.634831 -0.853420 0.621588,
        -2.634831 -0.791521 0.501194,
        -2.634831 -0.712752 0.391095,
        -2.634831 -0.618793 0.293639,
        -2.634831 -0.511644 0.210901,
        -2.634831 -0.393591 0.144646,
        -2.634831 -0.267149 0.096287,
        -2.634831 -0.135013 0.066852,
        -2.634831 0.000000 0.056970,
        -2.738593 0.126969 0.121516,
        -2.738593 0.251231 0.149197,
        -2.738593 0.370139 0.194675,
        -2.738593 0.481157 0.256982,
        -2.738593 0.581921 0.334789,
        -2.738593 0.670282 0.426439,
        -2.738593 0.744358 0.529977,
        -2.738593 0.802569 0.643197,
        -2.738593 0.843674 0.763687,
        -2.738593 0.866797 0.888877,
        -2.738593 0.871447 1.016100,
        -2.738593 0.857523 1.142644,
        -2.738593 0.825323 1.265813,
        -2.738593 0.775532 1.382980,
        -2.738593 0.709212 1.491650,
        -2.738593 0.627776 1.589505,
        -2.738593 0.532961 1.674460,
        -2.738593 0.426786 1.744704,
        -2.738593 0.311516 1.798741,
        -2.738593 0.189606 1.835419,
        -2.738593 0.063654 1.853954,
        -2.738593 -0.063654 1.853954,
        -2.738593 -0.189606 1.835419,
        -2.738593 -0.311516 1.798741,
        -2.738593 -0.426786 1.744704,
        -2.738593 -0.532961 1.674460,
        -2.738593 -0.627776 1.589505,
        -2.738593 -0.709212 1.491650,
        -2.738593 -0.775532 1.382980,
        -2.738593 -0.825323 1.265813,
        -2.738593 -0.857523 1.142644,
        -2.738593 -0.871447 1.016100,
        -2.738593 -0.866797 0.888877,
        -2.738593 -0.843674 0.763687,
        -2.738593 -0.802569 0.643197,
        -2.738593 -0.744358 0.529977,
        -2.738593 -0.670282 0.426439,
        -2.738593 -0.581921 0.334789,
        -2.738593 -0.481157 0.256982,
        -2.738593 -0.370139 0.194675,
        -2.738593 -0.251231 0.149197,
        -2.738593 -0.126969 0.121516,
        -2.738593 0.000000 0.112223,
        -2.831687 0.116517 0.192535,
        -2.831687 0.230550 0.217937,
        -2.831687 0.339670 0.259671,
        -2.831687 0.441550 0.316849,
        -2.831687 0.534019 0.388252,
        -2.831687 0.615106 0.472357,
        -2.831687 0.683084 0.567372,
        -2.831687 0.736503 0.671272,
        -2.831687 0.774224 0.781843,
        -2.831687 0.795445 0.896728,
        -2.831687 0.799711 1.013478,
        -2.831687 0.786934 1.129606,
        -2.831687 0.757384 1.242635,
        -2.831687 0.711692 1.350158,
        -2.831687 0.650831 1.449882,
        -2.831687 0.576099 1.539681,
        -2.831687 0.489089 1.617643,
        -2.831687 0.391654 1.682106,
        -2.831687 0.285872 1.731694,
        -2.831687 0.173998 1.765352,
        -2.831687 0.058414 1.782363,
        -2.831687 -0.058414 1.782363,
        -2.831687 -0.173998 1.765352,
        -2.831687 -0.285872 1.731694,
        -2.831687 -0.391654 1.682106,
        -2.831687 -0.489089 1.617643,
        -2.831687 -0.576099 1.539681,
        -2.831687 -0.650831 1.449882,
        -2.831687 -0.711692 1.350158,
        -2.831687 -0.757384 1.242635,
        -2.831687 -0.786934 1.129606,
        -2.831687 -0.799711 1.013478,
        -2.831687 -0.795445 0.896728,
        -2.831687 -0.774224 0.781843,
        -2.831687 -0.736503 0.671272,
        -2.831687 -0.683084 0.567372,
        -2.831687 -0.615106 0.472357,
        -2.831687 -0.534019 0.388252,
        -2.831687 -0.441550 0.316849,
        -2.831687 -0.339670 0.259671,
        -2.831687 -0.230550 0.217937,
        -2.831687 -0.116517 0.192535,
        -2.831687 0.000000 0.184007,
        -2.911507 0.103951 0.277918,
        -2.911507 0.205686 0.300581,
        -2.911507 0.303037 0.337815,
        -2.911507 0.393930 0.388826,
        -2.911507 0.476427 0.452528,
        -2.911507 0.548769 0.527563,
        -2.911507 0.609416 0.612331,
        -2.911507 0.657074 0.705026,
        -2.911507 0.690727 0.803672,
        -2.911507 0.709659 0.906167,
        -2.911507 0.713466 1.010327,
        -2.911507 0.702066 1.113930,
        -2.911507 0.675703 1.214770,
        -2.911507 0.634939 1.310696,
        -2.911507 0.580642 1.399665,
        -2.911507 0.513969 1.479781,
        -2.911507 0.436343 1.549335,
        -2.911507 0.349416 1.606844,
        -2.911507 0.255042 1.651085,
        -2.911507 0.155233 1.681113,
        -2.911507 0.052115 1.696289,
        -2.911507 -0.052115 1.696289,
        -2.911507 -0.155233 1.681113,
        -2.911507 -0.255042 1.651085,
        -2.911507 -0.349416 1.606844,
        -2.911507 -0.436343 1.549335,
        -2.911507 -0.513969 1.479781,
        -2.911507 -0.580642 1.399665,
        -2.911507 -0.634939 1.310696,
        -2.911507 -0.675703 1.214770,
        -2.911507 -0.702066 1.113930,
        -2.911507 -0.713466 1.010327,
        -2.911507 -0.709659 0.906167,
        -2.911507 -0.690727 0.803672,
        -2.911507 -0.657074 0.705026,
        -2.911507 -0.609416 0.612331,
        -2.911507 -0.548769 0.527563,
        -2.911507 -0.476427 0.452528,
        -2.911507 -0.393930 0.388826,
        -2.911507 -0.303037 0.337815,
        -2.911507 -0.205686 0.300581,
        -2.911507 -0.103951 0.277918,
        -2.911507 0.000000 0.270310,
        -2.975815 0.089623 0.375276,
        -2.975815 0.177335 0.394815,
        -2.975815 0.261268 0.426917,
        -2.975815 0.339633 0.470897,
        -2.975815 0.410758 0.525818,
        -2.975815 0.473130 0.590511,
        -2.975815 0.525417 0.663594,
        -2.975815 0.566506 0.743513,
        -2.975815 0.595520 0.828563,
        -2.975815 0.611843 0.916930,
        -2.975815 0.615125 1.006733,
        -2.975815 0.605296 1.096056,
        -2.975815 0.582567 1.182996,
        -2.975815 0.547422 1.265701,
        -2.975815 0.500609 1.342407,
        -2.975815 0.443126 1.411479,
        -2.975815 0.376199 1.471446,
        -2.975815 0.301254 1.521030,
        -2.975815 0.219888 1.559172,
        -2.975815 0.133836 1.585061,
        -2.975815 0.044931 1.598145,
        -2.975815 -0.044931 1.598145,
        -2.975815 -0.133836 1.585061,
        -2.975815 -0.219888 1.559172,
        -2.975815 -0.301254 1.521030,
        -2.975815 -0.376199 1.471446,
        -2.975815 -0.443126 1.411479,
        -2.975815 -0.500609 1.342407,
        -2.975815 -0.547422 1.265701,
        -2.975815 -0.582567 1.182996,
        -2.975815 -0.605296 1.096056,
        -2.975815 -0.615125 1.006733,
        -2.975815 -0.611843 0.916930,
        -2.975815 -0.595520 0.828563,
        -2.975815 -0.566506 0.743513,
        -2.975815 -0.525417 0.663594,
        -2.975815 -0.473130 0.590511,
        -2.975815 -0.410758 0.525818,
        -2.975815 -0.339633 0.470897,
        -2.975815 -0.261268 0.426917,
        -2.975815 -0.177335 0.394815,
        -2.975815 -0.089623 0.375276,
        -2.975815 0.000000 0.368717,
        -3.022812 0.073934 0.481881,
        -3.022812 0.146292 0.497999,
        -3.022812 0.215531 0.524481,
        -3.022812 0.280178 0.560763,
        -3.022812 0.338853 0.606070,
        -3.022812 0.390306 0.659437,
        -3.022812 0.433440 0.719728,
        -3.022812 0.467336 0.785656,
        -3.022812 0.491271 0.855817,
        -3.022812 0.504736 0.928715,
        -3.022812 0.507444 1.002797,
        -3.022812 0.499336 1.076484,
        -3.022812 0.480585 1.148205,
        -3.022812 0.451593 1.216431,
        -3.022812 0.412974 1.279710,
        -3.022812 0.365554 1.336691,
        -3.022812 0.310343 1.386160,
        -3.022812 0.248518 1.427063,
        -3.022812 0.181396 1.458529,
        -3.022812 0.110407 1.479886,
        -3.022812 0.037066 1.490680,
        -3.022812 -0.037066 1.490680,
        -3.022812 -0.110407 1.479886,
        -3.022812 -0.181396 1.458529,
        -3.022812 -0.248518 1.427063,
        -3.022812 -0.310343 1.386160,
        -3.022812 -0.365554 1.336691,
        -3.022812 -0.412974 1.279710,
        -3.022812 -0.451593 1.216431,
        -3.022812 -0.480585 1.148205,
        -3.022812 -0.499336 1.076484,
        -3.022812 -0.507444 1.002797,
        -3.022812 -0.504736 0.928715,
        -3.022812 -0.491271 0.855817,
        -3.022812 -0.467336 0.785656,
        -3.022812 -0.433440 0.719728,
        -3.022812 -0.390306 0.659437,
        -3.022812 -0.338853 0.606070,
        -3.022812 -0.280178 0.560763,
        -3.022812 -0.215531 0.524481,
        -3.022812 -0.146292 0.497999,
        -3.022812 -0.073934 0.481881,
        -3.022812 0.000000 0.476469,
      ]
    }
    coordIndex [
      52, 40, 39, -1,
      28, 51, 53, -1,
      49, 54, 50, -1,
      50, 54, 55, -1,
      50, 55, 51, -1,
      51, 55, 56, -1,
      51, 56, 53, -1,
      38, 57, 39, -1,
      39, 57, 58, -1,
      39, 58, 52, -1,
      53, 59, 28, -1,
      28, 59, 60, -1,
      28, 60, 29, -1,
      48, 61, 49, -1,
      49, 61, 62, -1,
      49, 62, 54, -1,
      47, 63, 48, -1,
      48, 63, 64, -1,
      48, 64, 61, -1,
      30, 65, 31, -1,
      31, 65, 66, -1,
      31, 66, 32, -1,
      60, 67, 29, -1,
      29, 67, 68, -1,
      29, 68, 30, -1,
      30, 68, 69, -1,
      30, 69, 65, -1,
      45, 70, 46, -1,
      46, 70, 71, -1,
      46, 71, 47, -1,
      47, 71, 72, -1,
      47, 72, 63, -1,
      35, 73, 36, -1,
      36, 73, 74, -1,
      36, 74, 37, -1,
      44, 75, 45, -1,
      45, 75, 76, -1,
      45, 76, 70, -1,
      52, 77, 40, -1,
      40, 77, 78, -1,
      40, 78, 41, -1,
      41, 78, 79, -1,
      41, 79, 42, -1,
      34, 80, 35, -1,
      35, 80, 81, -1,
      35, 81, 73, -1,
      43, 82, 44, -1,
      44, 82, 83, -1,
      44, 83, 75, -1,
      74, 84, 37, -1,
      37, 84, 85, -1,
      37, 85, 38, -1,
      38, 85, 86, -1,
      38, 86, 57, -1,
      33, 87, 34, -1,
      34, 87, 88, -1,
      34, 88, 80, -1,
      66, 89, 32, -1,
      32, 89, 90, -1,
      32, 90, 33, -1,
      33, 90, 91, -1,
      33, 91, 87, -1,
      79, 92, 42, -1,
      42, 92, 93, -1,
      42, 93, 43, -1,
      43, 93, 94, -1,
      43, 94, 82, -1,
      95, 96, 97, -1,
      97, 96, 98, -1,
      97, 98, 99, -1,
      98, 100, 99, -1,
      99, 100, 101, -1,
      99, 101, 102, -1,
      101, 103, 102, -1,
      102, 103, 104, -1,
      102, 104, 105, -1,
      105, 104, 106, -1,
      105, 106, 107, -1,
      106, 108, 107, -1,
      107, 108, 109, -1,
      107, 109, 110, -1,
      109, 111, 110, -1,
      110, 111, 112, -1,
      110, 112, 113, -1,
      113, 112, 114, -1,
      113, 114, 115, -1,
      114, 116, 115, -1,
      115, 116, 117, -1,
      115, 117, 118, -1,
      118, 117, 119, -1,
      118, 119, 120, -1,
      119, 121, 120, -1,
      120, 121, 122, -1,
      120, 122, 123, -1,
      122, 124, 123, -1,
      123, 124, 125, -1,
      123, 125, 126, -1,
      126, 125, 127, -1,
      126, 127, 128, -1,
      127, 129, 128, -1,
      128, 129, 130, -1,
      128, 130, 131, -1,
      130, 132, 131, -1,
      131, 132, 133, -1,
      131, 133, 134, -1,
      134, 133, 135, -1,
      134, 135, 136, -1,
      135, 137, 136, -1,
      136, 137, 138, -1,
      136, 138, 139, -1,
      139, 138, 140, -1,
      139, 140, 141, -1,
      140, 142, 141, -1,
      141, 142, 143, -1,
      141, 143, 144, -1,
      143, 145, 144, -1,
      144, 145, 146, -1,
      144, 146, 147, -1,
      147, 146, 148, -1,
      147, 148, 149, -1,
      148, 150, 149, -1,
      149, 150, 151, -1,
      149, 151, 152, -1,
      151, 153, 152, -1,
      152, 153, 154, -1,
      152, 154, 155, -1,
      155, 154, 156, -1,
      155, 156, 157, -1,
      156, 158, 157, -1,
      157, 158, 159, -1,
      157, 159, 160, -1,
      160, 159, 161, -1,
      160, 161, 162, -1,
      161, 163, 162, -1,
      162, 163, 164, -1,
      162, 164, 165, -1,
      164, 166, 165, -1,
      165, 166, 167, -1,
      165, 167, 168, -1,
      168, 167, 169, -1,
      168, 169, 170, -1,
      169, 171, 170, -1,
      170, 171, 172, -1,
      170, 172, 173, -1,
      172, 174, 173, -1,
      173, 174, 175, -1,
      173, 175, 176, -1,
      176, 175, 177, -1,
      176, 177, 178, -1,
      177, 179, 178, -1,
      178, 179, 180, -1,
      178, 180, 181, -1,
      181, 180, 182, -1,
      181, 182, 183, -1,
      182, 184, 183, -1,
      183, 184, 185, -1,
      183, 185, 186, -1,
      185, 187, 186, -1,
      186, 187, 188, -1,
      186, 188, 189, -1,
      189, 188, 190, -1,
      189, 190, 191, -1,
      190, 192, 191, -1,
      191, 192, 193, -1,
      191, 193, 194, -1,
      193, 195, 194, -1,
      194, 195, 196, -1,
      194, 196, 197, -1,
      197, 196, 198, -1,
      197, 198, 199, -1,
      198, 200, 199, -1,
      199, 200, 201, -1,
      199, 201, 202, -1,
      202, 201, 203, -1,
      202, 203, 204, -1,
      204, 203, 205, -1,
      204, 205, 95, -1,
      95, 205, 206, -1,
      95, 206, 96, -1,
      202, 207, 199, -1,
      199, 207, 208, -1,
      199, 208, 197, -1,
      197, 208, 209, -1,
      197, 209, 194, -1,
      194, 209, 210, -1,
      194, 210, 191, -1,
      191, 210, 211, -1,
      191, 211, 189, -1,
      189, 211, 212, -1,
      189, 212, 186, -1,
      186, 212, 213, -1,
      186, 213, 183, -1,
      183, 213, 214, -1,
      183, 214, 181, -1,
      181, 214, 215, -1,
      181, 215, 178, -1,
      178, 215, 216, -1,
      178, 216, 176, -1,
      176, 216, 217, -1,
      176, 217, 173, -1,
      173, 217, 218, -1,
      173, 218, 170, -1,
      170, 218, 219, -1,
      170, 219, 168, -1,
      168, 219, 220, -1,
      168, 220, 165, -1,
      165, 220, 221, -1,
      165, 221, 162, -1,
      162, 221, 222, -1,
      162, 222, 160, -1,
      160, 222, 223, -1,
      160, 223, 157, -1,
      157, 223, 224, -1,
      157, 224, 155, -1,
      155, 224, 225, -1,
      155, 225, 152, -1,
      152, 225, 226, -1,
      152, 226, 149, -1,
      149, 226, 227, -1,
      149, 227, 147, -1,
      147, 227, 228, -1,
      147, 228, 144, -1,
      144, 228, 229, -1,
      144, 229, 141, -1,
      141, 229, 230, -1,
      141, 230, 139, -1,
      139, 230, 231, -1,
      139, 231, 136, -1,
      136, 231, 232, -1,
      136, 232, 134, -1,
      134, 232, 233, -1,
      134, 233, 131, -1,
      131, 233, 234, -1,
      131, 234, 128, -1,
      128, 234, 235, -1,
      128, 235, 126, -1,
      126, 235, 236, -1,
      126, 236, 123, -1,
      123, 236, 237, -1,
      123, 237, 120, -1,
      120, 237, 238, -1,
      120, 238, 118, -1,
      118, 238, 239, -1,
      118, 239, 115, -1,
      115, 239, 240, -1,
      115, 240, 113, -1,
      113, 240, 241, -1,
      113, 241, 110, -1,
      110, 241, 242, -1,
      110, 242, 107, -1,
      107, 242, 243, -1,
      107, 243, 105, -1,
      105, 243, 244, -1,
      105, 244, 102, -1,
      102, 244, 245, -1,
      102, 245, 99, -1,
      99, 245, 246, -1,
      99, 246, 97, -1,
      97, 246, 247, -1,
      97, 247, 95, -1,
      95, 247, 248, -1,
      95, 248, 204, -1,
      204, 248, 249, -1,
      204, 249, 202, -1,
      202, 249, 207, -1,
      249, 250, 207, -1,
      207, 250, 251, -1,
      207, 251, 208, -1,
      208, 251, 252, -1,
      208, 252, 209, -1,
      209, 252, 253, -1,
      209, 253, 210, -1,
      210, 253, 254, -1,
      210, 254, 211, -1,
      211, 254, 255, -1,
      211, 255, 212, -1,
      212, 255, 256, -1,
      212, 256, 213, -1,
      213, 256, 257, -1,
      213, 257, 214, -1,
      214, 257, 258, -1,
      214, 258, 215, -1,
      215, 258, 259, -1,
      215, 259, 216, -1,
      216, 259, 260, -1,
      216, 260, 217, -1,
      217, 260, 261, -1,
      217, 261, 218, -1,
      218, 261, 262, -1,
      218, 262, 219, -1,
      219, 262, 263, -1,
      219, 263, 220, -1,
      220, 263, 264, -1,
      220, 264, 221, -1,
      221, 264, 265, -1,
      221, 265, 222, -1,
      222, 265, 266, -1,
      222, 266, 223, -1,
      223, 266, 267, -1,
      223, 267, 224, -1,
      224, 267, 268, -1,
      224, 268, 225, -1,
      225, 268, 269, -1,
      225, 269, 226, -1,
      226, 269, 270, -1,
      226, 270, 227, -1,
      227, 270, 271, -1,
      227, 271, 228, -1,
      228, 271, 272, -1,
      228, 272, 229, -1,
      229, 272, 273, -1,
      229, 273, 230, -1,
      230, 273, 274, -1,
      230, 274, 231, -1,
      231, 274, 275, -1,
      231, 275, 232, -1,
      232, 275, 276, -1,
      232, 276, 233, -1,
      233, 276, 277, -1,
      233, 277, 234, -1,
      234, 277, 278, -1,
      234, 278, 235, -1,
      235, 278, 279, -1,
      235, 279, 236, -1,
      236, 279, 280, -1,
      236, 280, 237, -1,
      237, 280, 281, -1,
      237, 281, 238, -1,
      238, 281, 282, -1,
      238, 282, 239, -1,
      239, 282, 283, -1,
      239, 283, 240, -1,
      240, 283, 284, -1,
      240, 284, 241, -1,
      241, 284, 285, -1,
      241, 285, 242, -1,
      242, 285, 286, -1,
      242, 286, 243, -1,
      243, 286, 287, -1,
      243, 287, 244, -1,
      244, 287, 288, -1,
      244, 288, 245, -1,
      245, 288, 289, -1,
      245, 289, 246, -1,
      246, 289, 290, -1,
      246, 290, 247, -1,
      247, 290, 291, -1,
      247, 291, 248, -1,
      248, 291, 292, -1,
      248, 292, 249, -1,
      249, 292, 250, -1,
      292, 293, 250, -1,
      250, 293, 294, -1,
      250, 294, 251, -1,
      251, 294, 295, -1,
      251, 295, 252, -1,
      252, 295, 296, -1,
      252, 296, 253, -1,
      253, 296, 297, -1,
      253, 297, 254, -1,
      254, 297, 298, -1,
      254, 298, 255, -1,
      255, 298, 299, -1,
      255, 299, 256, -1,
      256, 299, 300, -1,
      256, 300, 257, -1,
      257, 300, 301, -1,
      257, 301, 258, -1,
      258, 301, 302, -1,
      258, 302, 259, -1,
      259, 302, 303, -1,
      259, 303, 260, -1,
      260, 303, 304, -1,
      260, 304, 261, -1,
      261, 304, 305, -1,
      261, 305, 262, -1,
      262, 305, 306, -1,
      262, 306, 263, -1,
      263, 306, 307, -1,
      263, 307, 264, -1,
      264, 307, 308, -1,
      264, 308, 265, -1,
      265, 308, 309, -1,
      265, 309, 266, -1,
      266, 309, 310, -1,
      266, 310, 267, -1,
      267, 310, 311, -1,
      267, 311, 268, -1,
      268, 311, 312, -1,
      268, 312, 269, -1,
      269, 312, 313, -1,
      269, 313, 270, -1,
      270, 313, 314, -1,
      270, 314, 271, -1,
      271, 314, 315, -1,
      271, 315, 272, -1,
      272, 315, 316, -1,
      272, 316, 273, -1,
      273, 316, 317, -1,
      273, 317, 274, -1,
      274, 317, 318, -1,
      274, 318, 275, -1,
      275, 318, 319, -1,
      275, 319, 276, -1,
      276, 319, 320, -1,
      276, 320, 277, -1,
      277, 320, 321, -1,
      277, 321, 278, -1,
      278, 321, 322, -1,
      278, 322, 279, -1,
      279, 322, 323, -1,
      279, 323, 280, -1,
      280, 323, 324, -1,
      280, 324, 281, -1,
      281, 324, 325, -1,
      281, 325, 282, -1,
      282, 325, 326, -1,
      282, 326, 283, -1,
      283, 326, 327, -1,
      283, 327, 284, -1,
      284, 327, 328, -1,
      284, 328, 285, -1,
      285, 328, 329, -1,
      285, 329, 286, -1,
      286, 329, 330, -1,
      286, 330, 287, -1,
      287, 330, 331, -1,
      287, 331, 288, -1,
      288, 331, 332, -1,
      288, 332, 289, -1,
      289, 332, 333, -1,
      289, 333, 290, -1,
      290, 333, 334, -1,
      290, 334, 291, -1,
      291, 334, 335, -1,
      291, 335, 292, -1,
      292, 335, 293, -1,
      335, 336, 293, -1,
      293, 336, 337, -1,
      293, 337, 294, -1,
      294, 337, 338, -1,
      294, 338, 295, -1,
      295, 338, 339, -1,
      295, 339, 296, -1,
      296, 339, 340, -1,
      296, 340, 297, -1,
      297, 340, 341, -1,
      297, 341, 298, -1,
      298, 341, 342, -1,
      298, 342, 299, -1,
      299, 342, 343, -1,
      299, 343, 300, -1,
      300, 343, 344, -1,
      300, 344, 301, -1,
      301, 344, 345, -1,
      301, 345, 302, -1,
      302, 345, 346, -1,
      302, 346, 303, -1,
      303, 346, 347, -1,
      303, 347, 304, -1,
      304, 347, 348, -1,
      304, 348, 305, -1,
      305, 348, 349, -1,
      305, 349, 306, -1,
      306, 349, 350, -1,
      306, 350, 307, -1,
      307, 350, 351, -1,
      307, 351, 308, -1,
      308, 351, 352, -1,
      308, 352, 309, -1,
      309, 352, 353, -1,
      309, 353, 310, -1,
      310, 353, 354, -1,
      310, 354, 311, -1,
      311, 354, 355, -1,
      311, 355, 312, -1,
      312, 355, 356, -1,
      312, 356, 313, -1,
      313, 356, 357, -1,
      313, 357, 314, -1,
      314, 357, 358, -1,
      314, 358, 315, -1,
      315, 358, 359, -1,
      315, 359, 316, -1,
      316, 359, 360, -1,
      316, 360, 317, -1,
      317, 360, 361, -1,
      317, 361, 318, -1,
      318, 361, 362, -1,
      318, 362, 319, -1,
      319, 362, 363, -1,
      319, 363, 320, -1,
      320, 363, 364, -1,
      320, 364, 321, -1,
      321, 364, 365, -1,
      321, 365, 322, -1,
      322, 365, 366, -1,
      322, 366, 323, -1,
      323, 366, 367, -1,
      323, 367, 324, -1,
      324, 367, 368, -1,
      324, 368, 325, -1,
      325, 368, 369, -1,
      325, 369, 326, -1,
      326, 369, 370, -1,
      326, 370, 327, -1,
      327, 370, 371, -1,
      327, 371, 328, -1,
      328, 371, 372, -1,
      328, 372, 329, -1,
      329, 372, 373, -1,
      329, 373, 330, -1,
      330, 373, 374, -1,
      330, 374, 331, -1,
      331, 374, 375, -1,
      331, 375, 332, -1,
      332, 375, 376, -1,
      332, 376, 333, -1,
      333, 376, 377, -1,
      333, 377, 334, -1,
      334, 377, 378, -1,
      334, 378, 335, -1,
      335, 378, 336, -1,
      378, 379, 336, -1,
      336, 379, 380, -1,
      336, 380, 337, -1,
      337, 380, 381, -1,
      337, 381, 338, -1,
      338, 381, 382, -1,
      338, 382, 339, -1,
      339, 382, 383, -1,
      339, 383, 340, -1,
      340, 383, 384, -1,
      340, 384, 341, -1,
      341, 384, 385, -1,
      341, 385, 342, -1,
      342, 385, 386, -1,
      342, 386, 343, -1,
      343, 386, 387, -1,
      343, 387, 344, -1,
      344, 387, 388, -1,
      344, 388, 345, -1,
      345, 388, 389, -1,
      345, 389, 346, -1,
      346, 389, 390, -1,
      346, 390, 347, -1,
      347, 390, 391, -1,
      347, 391, 348, -1,
      348, 391, 392, -1,
      348, 392, 349, -1,
      349, 392, 393, -1,
      349, 393, 350, -1,
      350, 393, 394, -1,
      350, 394, 351, -1,
      351, 394, 395, -1,
      351, 395, 352, -1,
      352, 395, 396, -1,
      352, 396, 353, -1,
      353, 396, 397, -1,
      353, 397, 354, -1,
      354, 397, 398, -1,
      354, 398, 355, -1,
      355, 398, 399, -1,
      355, 399, 356, -1,
      356, 399, 400, -1,
      356, 400, 357, -1,
      357, 400, 401, -1,
      357, 401, 358, -1,
      358, 401, 402, -1,
      358, 402, 359, -1,
      359, 402, 403, -1,
      359, 403, 360, -1,
      360, 403, 404, -1,
      360, 404, 361, -1,
      361, 404, 405, -1,
      361, 405, 362, -1,
      362, 405, 406, -1,
      362, 406, 363, -1,
      363, 406, 407, -1,
      363, 407, 364, -1,
      364, 407, 408, -1,
      364, 408, 365, -1,
      365, 408, 409, -1,
      365, 409, 366, -1,
      366, 409, 410, -1,
      366, 410, 367, -1,
      367, 410, 411, -1,
      367, 411, 368, -1,
      368, 411, 412, -1,
      368, 412, 369, -1,
      369, 412, 413, -1,
      369, 413, 370, -1,
      370, 413, 414, -1,
      370, 414, 371, -1,
      371, 414, 415, -1,
      371, 415, 372, -1,
      372, 415, 416, -1,
      372, 416, 373, -1,
      373, 416, 417, -1,
      373, 417, 374, -1,
      374, 417, 418, -1,
      374, 418, 375, -1,
      375, 418, 419, -1,
      375, 419, 376, -1,
      376, 419, 420, -1,
      376, 420, 377, -1,
      377, 420, 421, -1,
      377, 421, 378, -1,
      378, 421, 379, -1,
      421, 422, 379, -1,
      379, 422, 423, -1,
      379, 423, 380, -1,
      380, 423, 424, -1,
      380, 424, 381, -1,
      381, 424, 425, -1,
      381, 425, 382, -1,
      382, 425, 426, -1,
      382, 426, 383, -1,
      383, 426, 427, -1,
      383, 427, 384, -1,
      384, 427, 428, -1,
      384, 428, 385, -1,
      385, 428, 429, -1,
      385, 429, 386, -1,
      386, 429, 430, -1,
      386, 430, 387, -1,
      387, 430, 431, -1,
      387, 431, 388, -1,
      388, 431, 432, -1,
      388, 432, 389, -1,
      389, 432, 433, -1,
      389, 433, 390, -1,
      390, 433, 434, -1,
      390, 434, 391, -1,
      391, 434, 435, -1,
      391, 435, 392, -1,
      392, 435, 436, -1,
      392, 436, 393, -1,
      393, 436, 437, -1,
      393, 437, 394, -1,
      394, 437, 438, -1,
      394, 438, 395, -1,
      395, 438, 439, -1,
      395, 439, 396, -1,
      396, 439, 440, -1,
      396, 440, 397, -1,
      397, 440, 441, -1,
      397, 441, 398, -1,
      398, 441, 442, -1,
      398, 442, 399, -1,
      399, 442, 443, -1,
      399, 443, 400, -1,
      400, 443, 444, -1,
      400, 444, 401, -1,
      401, 444, 445, -1,
      401, 445, 402, -1,
      402, 445, 446, -1,
      402, 446, 403, -1,
      403, 446, 447, -1,
      403, 447, 404, -1,
      404, 447, 448, -1,
      404, 448, 405, -1,
      405, 448, 449, -1,
      405, 449, 406, -1,
      406, 449, 450, -1,
      406, 450, 407, -1,
      407, 450, 451, -1,
      407, 451, 408, -1,
      408, 451, 452, -1,
      408, 452, 409, -1,
      409, 452, 453, -1,
      409, 453, 410, -1,
      410, 453, 454, -1,
      410, 454, 411, -1,
      411, 454, 455, -1,
      411, 455, 412, -1,
      412, 455, 456, -1,
      412, 456, 413, -1,
      413, 456, 457, -1,
      413, 457, 414, -1,
      414, 457, 458, -1,
      414, 458, 415, -1,
      415, 458, 459, -1,
      415, 459, 416, -1,
      416, 459, 460, -1,
      416, 460, 417, -1,
      417, 460, 461, -1,
      417, 461, 418, -1,
      418, 461, 462, -1,
      418, 462, 419, -1,
      419, 462, 463, -1,
      419, 463, 420, -1,
      420, 463, 464, -1,
      420, 464, 421, -1,
      421, 464, 422, -1,
      464, 465, 422, -1,
      422, 465, 466, -1,
      422, 466, 423, -1,
      423, 466, 467, -1,
      423, 467, 424, -1,
      424, 467, 468, -1,
      424, 468, 425, -1,
      425, 468, 469, -1,
      425, 469, 426, -1,
      426, 469, 470, -1,
      426, 470, 427, -1,
      427, 470, 471, -1,
      427, 471, 428, -1,
      428, 471, 472, -1,
      428, 472, 429, -1,
      429, 472, 473, -1,
      429, 473, 430, -1,
      430, 473, 474, -1,
      430, 474, 431, -1,
      431, 474, 475, -1,
      431, 475, 432, -1,
      432, 475, 476, -1,
      432, 476, 433, -1,
      433, 476, 477, -1,
      433, 477, 434, -1,
      434, 477, 478, -1,
      434, 478, 435, -1,
      435, 478, 479, -1,
      435, 479, 436, -1,
      436, 479, 480, -1,
      436, 480, 437, -1,
      437, 480, 481, -1,
      437, 481, 438, -1,
      438, 481, 482, -1,
      438, 482, 439, -1,
      439, 482, 483, -1,
      439, 483, 440, -1,
      440, 483, 484, -1,
      440, 484, 441, -1,
      441, 484, 485, -1,
      441, 485, 442, -1,
      442, 485, 486, -1,
      442, 486, 443, -1,
      443, 486, 487, -1,
      443, 487, 444, -1,
      444, 487, 488, -1,
      444, 488, 445, -1,
      445, 488, 489, -1,
      445, 489, 446, -1,
      446, 489, 490, -1,
      446, 490, 447, -1,
      447, 490, 491, -1,
      447, 491, 448, -1,
      448, 491, 492, -1,
      448, 492, 449, -1,
      449, 492, 493, -1,
      449, 493, 450, -1,
      450, 493, 494, -1,
      450, 494, 451, -1,
      451, 494, 495, -1,
      451, 495, 452, -1,
      452, 495, 496, -1,
      452, 496, 453, -1,
      453, 496, 497, -1,
      453, 497, 454, -1,
      454, 497, 498, -1,
      454, 498, 455, -1,
      455, 498, 499, -1,
      455, 499, 456, -1,
      456, 499, 500, -1,
      456, 500, 457, -1,
      457, 500, 501, -1,
      457, 501, 458, -1,
      458, 501, 502, -1,
      458, 502, 459, -1,
      459, 502, 503, -1,
      459, 503, 460, -1,
      460, 503, 504, -1,
      460, 504, 461, -1,
      461, 504, 505, -1,
      461, 505, 462, -1,
      462, 505, 506, -1,
      462, 506, 463, -1,
      463, 506, 507, -1,
      463, 507, 464, -1,
      464, 507, 465, -1,
      507, 508, 465, -1,
      465, 508, 509, -1,
      465, 509, 466, -1,
      466, 509, 510, -1,
      466, 510, 467, -1,
      467, 510, 511, -1,
      467, 511, 468, -1,
      468, 511, 512, -1,
      468, 512, 469, -1,
      469, 512, 513, -1,
      469, 513, 470, -1,
      470, 513, 514, -1,
      470, 514, 471, -1,
      471, 514, 515, -1,
      471, 515, 472, -1,
      472, 515, 516, -1,
      472, 516, 473, -1,
      473, 516, 517, -1,
      473, 517, 474, -1,
      474, 517, 518, -1,
      474, 518, 475, -1,
      475, 518, 519, -1,
      475, 519, 476, -1,
      476, 519, 520, -1,
      476, 520, 477, -1,
      477, 520, 521, -1,
      477, 521, 478, -1,
      478, 521, 522, -1,
      478, 522, 479, -1,
      479, 522, 523, -1,
      479, 523, 480, -1,
      480, 523, 524, -1,
      480, 524, 481, -1,
      481, 524, 525, -1,
      481, 525, 482, -1,
      482, 525, 526, -1,
      482, 526, 483, -1,
      483, 526, 527, -1,
      483, 527, 484, -1,
      484, 527, 528, -1,
      484, 528, 485, -1,
      485, 528, 529, -1,
      485, 529, 486, -1,
      486, 529, 530, -1,
      486, 530, 487, -1,
      487, 530, 531, -1,
      487, 531, 488, -1,
      488, 531, 532, -1,
      488, 532, 489, -1,
      489, 532, 533, -1,
      489, 533, 490, -1,
      490, 533, 534, -1,
      490, 534, 491, -1,
      491, 534, 535, -1,
      491, 535, 492, -1,
      492, 535, 536, -1,
      492, 536, 493, -1,
      493, 536, 537, -1,
      493, 537, 494, -1,
      494, 537, 538, -1,
      494, 538, 495, -1,
      495, 538, 539, -1,
      495, 539, 496, -1,
      496, 539, 540, -1,
      496, 540, 497, -1,
      497, 540, 541, -1,
      497, 541, 498, -1,
      498, 541, 542, -1,
      498, 542, 499, -1,
      499, 542, 543, -1,
      499, 543, 500, -1,
      500, 543, 544, -1,
      500, 544, 501, -1,
      501, 544, 545, -1,
      501, 545, 502, -1,
      502, 545, 546, -1,
      502, 546, 503, -1,
      503, 546, 547, -1,
      503, 547, 504, -1,
      504, 547, 548, -1,
      504, 548, 505, -1,
      505, 548, 549, -1,
      505, 549, 506, -1,
      506, 549, 550, -1,
      506, 550, 507, -1,
      507, 550, 508, -1,
      550, 551, 508, -1,
      508, 551, 552, -1,
      508, 552, 509, -1,
      509, 552, 553, -1,
      509, 553, 510, -1,
      510, 553, 554, -1,
      510, 554, 511, -1,
      511, 554, 555, -1,
      511, 555, 512, -1,
      512, 555, 556, -1,
      512, 556, 513, -1,
      513, 556, 557, -1,
      513, 557, 514, -1,
      514, 557, 558, -1,
      514, 558, 515, -1,
      515, 558, 559, -1,
      515, 559, 516, -1,
      516, 559, 560, -1,
      516, 560, 517, -1,
      517, 560, 561, -1,
      517, 561, 518, -1,
      518, 561, 562, -1,
      518, 562, 519, -1,
      519, 562, 563, -1,
      519, 563, 520, -1,
      520, 563, 564, -1,
      520, 564, 521, -1,
      521, 564, 565, -1,
      521, 565, 522, -1,
      522, 565, 566, -1,
      522, 566, 523, -1,
      523, 566, 567, -1,
      523, 567, 524, -1,
      524, 567, 568, -1,
      524, 568, 525, -1,
      525, 568, 569, -1,
      525, 569, 526, -1,
      526, 569, 570, -1,
      526, 570, 527, -1,
      527, 570, 571, -1,
      527, 571, 528, -1,
      528, 571, 572, -1,
      528, 572, 529, -1,
      529, 572, 573, -1,
      529, 573, 530, -1,
      530, 573, 574, -1,
      530, 574, 531, -1,
      531, 574, 575, -1,
      531, 575, 532, -1,
      532, 575, 576, -1,
      532, 576, 533, -1,
      533, 576, 577, -1,
      533, 577, 534, -1,
      534, 577, 578, -1,
      534, 578, 535, -1,
      535, 578, 579, -1,
      535, 579, 536, -1,
      536, 579, 580, -1,
      536, 580, 537, -1,
      537, 580, 581, -1,
      537, 581, 538, -1,
      538, 581, 582, -1,
      538, 582, 539, -1,
      539, 582, 583, -1,
      539, 583, 540, -1,
      540, 583, 584, -1,
      540, 584, 541, -1,
      541, 584, 585, -1,
      541, 585, 542, -1,
      542, 585, 586, -1,
      542, 586, 543, -1,
      543, 586, 587, -1,
      543, 587, 544, -1,
      544, 587, 588, -1,
      544, 588, 545, -1,
      545, 588, 589, -1,
      545, 589, 546, -1,
      546, 589, 590, -1,
      546, 590, 547, -1,
      547, 590, 591, -1,
      547, 591, 548, -1,
      548, 591, 592, -1,
      548, 592, 549, -1,
      549, 592, 593, -1,
      549, 593, 550, -1,
      550, 593, 551, -1,
      593, 594, 551, -1,
      551, 594, 595, -1,
      551, 595, 552, -1,
      552, 595, 596, -1,
      552, 596, 553, -1,
      553, 596, 597, -1,
      553, 597, 554, -1,
      554, 597, 598, -1,
      554, 598, 555, -1,
      555, 598, 599, -1,
      555, 599, 556, -1,
      556, 599, 600, -1,
      556, 600, 557, -1,
      557, 600, 601, -1,
      557, 601, 558, -1,
      558, 601, 602, -1,
      558, 602, 559, -1,
      559, 602, 603, -1,
      559, 603, 560, -1,
      560, 603, 604, -1,
      560, 604, 561, -1,
      561, 604, 605, -1,
      561, 605, 562, -1,
      562, 605, 606, -1,
      562, 606, 563, -1,
      563, 606, 607, -1,
      563, 607, 564, -1,
      564, 607, 608, -1,
      564, 608, 565, -1,
      565, 608, 609, -1,
      565, 609, 566, -1,
      566, 609, 610, -1,
      566, 610, 567, -1,
      567, 610, 611, -1,
      567, 611, 568, -1,
      568, 611, 612, -1,
      568, 612, 569, -1,
      569, 612, 613, -1,
      569, 613, 570, -1,
      570, 613, 614, -1,
      570, 614, 571, -1,
      571, 614, 615, -1,
      571, 615, 572, -1,
      572, 615, 616, -1,
      572, 616, 573, -1,
      573, 616, 617, -1,
      573, 617, 574, -1,
      574, 617, 618, -1,
      574, 618, 575, -1,
      575, 618, 619, -1,
      575, 619, 576, -1,
      576, 619, 620, -1,
      576, 620, 577, -1,
      577, 620, 621, -1,
      577, 621, 578, -1,
      578, 621, 622, -1,
      578, 622, 579, -1,
      579, 622, 623, -1,
      579, 623, 580, -1,
      580, 623, 624, -1,
      580, 624, 581, -1,
      581, 624, 625, -1,
      581, 625, 582, -1,
      582, 625, 626, -1,
      582, 626, 583, -1,
      583, 626, 627, -1,
      583, 627, 584, -1,
      584, 627, 628, -1,
      584, 628, 585, -1,
      585, 628, 629, -1,
      585, 629, 586, -1,
      586, 629, 630, -1,
      586, 630, 587, -1,
      587, 630, 631, -1,
      587, 631, 588, -1,
      588, 631, 632, -1,
      588, 632, 589, -1,
      589, 632, 633, -1,
      589, 633, 590, -1,
      590, 633, 634, -1,
      590, 634, 591, -1,
      591, 634, 635, -1,
      591, 635, 592, -1,
      592, 635, 636, -1,
      592, 636, 593, -1,
      593, 636, 594, -1,
      636, 637, 594, -1,
      594, 637, 638, -1,
      594, 638, 595, -1,
      595, 638, 639, -1,
      595, 639, 596, -1,
      596, 639, 640, -1,
      596, 640, 597, -1,
      597, 640, 641, -1,
      597, 641, 598, -1,
      598, 641, 642, -1,
      598, 642, 599, -1,
      599, 642, 643, -1,
      599, 643, 600, -1,
      600, 643, 644, -1,
      600, 644, 601, -1,
      601, 644, 645, -1,
      601, 645, 602, -1,
      602, 645, 646, -1,
      602, 646, 603, -1,
      603, 646, 647, -1,
      603, 647, 604, -1,
      604, 647, 648, -1,
      604, 648, 605, -1,
      605, 648, 649, -1,
      605, 649, 606, -1,
      606, 649, 650, -1,
      606, 650, 607, -1,
      607, 650, 651, -1,
      607, 651, 608, -1,
      608, 651, 652, -1,
      608, 652, 609, -1,
      609, 652, 653, -1,
      609, 653, 610, -1,
      610, 653, 654, -1,
      610, 654, 611, -1,
      611, 654, 655, -1,
      611, 655, 612, -1,
      612, 655, 656, -1,
      612, 656, 613, -1,
      613, 656, 657, -1,
      613, 657, 614, -1,
      614, 657, 658, -1,
      614, 658, 615, -1,
      615, 658, 659, -1,
      615, 659, 616, -1,
      616, 659, 660, -1,
      616, 660, 617, -1,
      617, 660, 661, -1,
      617, 661, 618, -1,
      618, 661, 662, -1,
      618, 662, 619, -1,
      619, 662, 663, -1,
      619, 663, 620, -1,
      620, 663, 664, -1,
      620, 664, 621, -1,
      621, 664, 665, -1,
      621, 665, 622, -1,
      622, 665, 666, -1,
      622, 666, 623, -1,
      623, 666, 667, -1,
      623, 667, 624, -1,
      624, 667, 668, -1,
      624, 668, 625, -1,
      625, 668, 669, -1,
      625, 669, 626, -1,
      626, 669, 670, -1,
      626, 670, 627, -1,
      627, 670, 671, -1,
      627, 671, 628, -1,
      628, 671, 672, -1,
      628, 672, 629, -1,
      629, 672, 673, -1,
      629, 673, 630, -1,
      630, 673, 674, -1,
      630, 674, 631, -1,
      631, 674, 675, -1,
      631, 675, 632, -1,
      632, 675, 676, -1,
      632, 676, 633, -1,
      633, 676, 677, -1,
      633, 677, 634, -1,
      634, 677, 678, -1,
      634, 678, 635, -1,
      635, 678, 679, -1,
      635, 679, 636, -1,
      636, 679, 637, -1,
      679, 57, 637, -1,
      637, 57, 86, -1,
      637, 86, 638, -1,
      638, 86, 85, -1,
      638, 85, 639, -1,
      639, 85, 84, -1,
      639, 84, 640, -1,
      640, 84, 74, -1,
      640, 74, 641, -1,
      641, 74, 73, -1,
      641, 73, 642, -1,
      642, 73, 81, -1,
      642, 81, 643, -1,
      643, 81, 80, -1,
      643, 80, 644, -1,
      644, 80, 88, -1,
      644, 88, 645, -1,
      645, 88, 87, -1,
      645, 87, 646, -1,
      646, 87, 91, -1,
      646, 91, 647, -1,
      647, 91, 90, -1,
      647, 90, 648, -1,
      648, 90, 89, -1,
      648, 89, 649, -1,
      649, 89, 66, -1,
      649, 66, 650, -1,
      650, 66, 65, -1,
      650, 65, 651, -1,
      651, 65, 69, -1,
      651, 69, 652, -1,
      652, 69, 68, -1,
      652, 68, 653, -1,
      653, 68, 67, -1,
      653, 67, 654, -1,
      654, 67, 60, -1,
      654, 60, 655, -1,
      655, 60, 59, -1,
      655, 59, 656, -1,
      656, 59, 53, -1,
      656, 53, 657, -1,
      657, 53, 56, -1,
      657, 56, 658, -1,
      658, 56, 55, -1,
      658, 55, 659, -1,
      659, 55, 54, -1,
      659, 54, 660, -1,
      660, 54, 62, -1,
      660, 62, 661, -1,
      661, 62, 61, -1,
      661, 61, 662, -1,
      662, 61, 64, -1,
      662, 64, 663, -1,
      663, 64, 63, -1,
      663, 63, 664, -1,
      664, 63, 72, -1,
      664, 72, 665, -1,
      665, 72, 71, -1,
      665, 71, 666, -1,
      666, 71, 70, -1,
      666, 70, 667, -1,
      667, 70, 76, -1,
      667, 76, 668, -1,
      668, 76, 75, -1,
      668, 75, 669, -1,
      669, 75, 83, -1,
      669, 83, 670, -1,
      670, 83, 82, -1,
      670, 82, 671, -1,
      671, 82, 94, -1,
      671, 94, 672, -1,
      672, 94, 93, -1,
      672, 93, 673, -1,
      673, 93, 92, -1,
      673, 92, 674, -1,
      674, 92, 79, -1,
      674, 79, 675, -1,
      675, 79, 78, -1,
      675, 78, 676, -1,
      676, 78, 77, -1,
      676, 77, 677, -1,
      677, 77, 52, -1,
      677, 52, 678, -1,
      678, 52, 58, -1,
      678, 58, 679, -1,
      679, 58, 57, -1,
      25, 205, 203, -1,
      25, 203, 26, -1,
      205, 25, 206, -1,
      206, 25, 24, -1,
      206, 24, 96, -1,
      23, 100, 24, -1,
      24, 100, 98, -1,
      24, 98, 96, -1,
      106, 104, 22, -1,
      22, 104, 103, -1,
      22, 103, 23, -1,
      23, 103, 101, -1,
      23, 101, 100, -1,
      106, 22, 108, -1,
      108, 22, 21, -1,
      108, 21, 109, -1,
      109, 21, 111, -1,
      111, 21, 20, -1,
      111, 20, 112, -1,
      119, 117, 19, -1,
      19, 117, 116, -1,
      19, 116, 20, -1,
      20, 116, 114, -1,
      20, 114, 112, -1,
      119, 19, 121, -1,
      121, 19, 18, -1,
      121, 18, 122, -1,
      122, 18, 124, -1,
      124, 18, 17, -1,
      124, 17, 125, -1,
      16, 129, 17, -1,
      17, 129, 127, -1,
      17, 127, 125, -1,
      135, 133, 15, -1,
      15, 133, 132, -1,
      15, 132, 16, -1,
      16, 132, 130, -1,
      16, 130, 129, -1,
      135, 15, 137, -1,
      137, 15, 14, -1,
      137, 14, 138, -1,
      13, 142, 14, -1,
      14, 142, 140, -1,
      14, 140, 138, -1,
      11, 148, 146, -1,
      11, 146, 12, -1,
      12, 146, 145, -1,
      12, 145, 13, -1,
      13, 145, 143, -1,
      13, 143, 142, -1,
      148, 11, 150, -1,
      150, 11, 10, -1,
      150, 10, 151, -1,
      151, 10, 153, -1,
      153, 10, 9, -1,
      153, 9, 154, -1,
      161, 159, 8, -1,
      8, 159, 158, -1,
      8, 158, 9, -1,
      9, 158, 156, -1,
      9, 156, 154, -1,
      161, 8, 163, -1,
      163, 8, 7, -1,
      163, 7, 164, -1,
      164, 7, 166, -1,
      166, 7, 6, -1,
      166, 6, 167, -1,
      5, 171, 6, -1,
      6, 171, 169, -1,
      6, 169, 167, -1,
      177, 175, 4, -1,
      4, 175, 174, -1,
      4, 174, 5, -1,
      5, 174, 172, -1,
      5, 172, 171, -1,
      177, 4, 179, -1,
      179, 4, 3, -1,
      179, 3, 180, -1,
      2, 184, 3, -1,
      3, 184, 182, -1,
      3, 182, 180, -1,
      190, 188, 1, -1,
      1, 188, 187, -1,
      1, 187, 2, -1,
      2, 187, 185, -1,
      2, 185, 184, -1,
      190, 1, 192, -1,
      192, 1, 0, -1,
      192, 0, 193, -1,
      193, 0, 195, -1,
      195, 0, 27, -1,
      195, 27, 196, -1,
      203, 201, 26, -1,
      26, 201, 200, -1,
      26, 200, 27, -1,
      27, 200, 198, -1,
      27, 198, 196, -1,
    ]
  }
}

Shape {
  appearance Appearance {
    material Material {
      diffuseColor 0.0000 0.0000 0.0000
      specularColor 0.0000 0.0000 0.0000
      ambientIntensity 0.2
      transparency 0.0000
      shininess 0.5
    }
  }
  geometry IndexedFaceSet {
    ccw TRUE
    solid FALSE
    coord DEF co Coordinate {
      point [
        0.107100 -0.181587 0.218075,
        0.107100 0.181587 0.218075,
        0.107100 0.000000 0.196850,
        0.107100 -0.353385 0.280604,
        0.107100 -0.506132 0.381067,
        0.107100 -0.631593 0.514048,
        0.107100 -0.723005 0.672378,
        0.107100 -0.775439 0.847521,
        0.107100 -0.786069 1.030035,
        0.107100 -0.754322 1.210081,
        0.107100 -0.681910 1.377953,
        0.107100 -0.572735 1.524600,
        0.107100 -0.432684 1.642117,
        0.107100 -0.269307 1.724167,
        0.107100 -0.091412 1.766329,
        0.107100 0.000000 1.771654,
        0.107100 0.091412 1.766329,
        0.107100 0.269307 1.724167,
        0.107100 0.432684 1.642117,
        0.107100 0.572735 1.524600,
        0.107100 0.681910 1.377953,
        0.107100 0.754322 1.210081,
        0.107100 0.786069 1.030035,
        0.107100 0.775439 0.847521,
        0.107100 0.723005 0.672378,
        0.107100 0.631593 0.514048,
        0.107100 0.506132 0.381067,
        0.107100 0.353385 0.280604,
        0.107100 0.000000 1.767717,
        0.107100 -0.090955 1.762419,
        0.107100 -0.267961 1.720468,
        0.107100 -0.430521 1.638827,
        0.107100 -0.569872 1.521898,
        0.107100 -0.678500 1.375984,
        0.107100 -0.750551 1.208952,
        0.107100 -0.782139 1.029806,
        0.107100 -0.771562 0.848205,
        0.107100 -0.719390 0.673937,
        0.107100 -0.628435 0.516399,
        0.107100 -0.503601 0.384083,
        0.107100 -0.351618 0.284122,
        0.107100 -0.180680 0.221906,
        0.107100 0.000000 0.200787,
        0.107100 0.180680 0.221906,
        0.107100 0.351618 0.284122,
        0.107100 0.503601 0.384083,
        0.107100 0.628435 0.516399,
        0.107100 0.719390 0.673937,
        0.107100 0.771562 0.848205,
        0.107100 0.782139 1.029806,
        0.107100 0.750551 1.208952,
        0.107100 0.678500 1.375984,
        0.107100 0.569872 1.521898,
        0.107100 0.430521 1.638827,
        0.107100 0.267961 1.720468,
        0.107100 0.090955 1.762419,
      ]
    }
    coordIndex [
      44, 27, 43, -1,
      43, 27, 1, -1,
      43, 1, 42, -1,
      42, 1, 2, -1,
      42, 2, 41, -1,
      41, 2, 0, -1,
      41, 0, 40, -1,
      40, 0, 3, -1,
      40, 3, 39, -1,
      39, 3, 4, -1,
      39, 4, 38, -1,
      38, 4, 5, -1,
      38, 5, 37, -1,
      37, 5, 6, -1,
      37, 6, 36, -1,
      36, 6, 7, -1,
      36, 7, 35, -1,
      35, 7, 8, -1,
      35, 8, 34, -1,
      34, 8, 9, -1,
      34, 9, 33, -1,
      33, 9, 10, -1,
      33, 10, 32, -1,
      32, 10, 11, -1,
      32, 11, 31, -1,
      31, 11, 12, -1,
      31, 12, 30, -1,
      30, 12, 13, -1,
      30, 13, 29, -1,
      29, 13, 14, -1,
      29, 14, 28, -1,
      28, 14, 15, -1,
      28, 15, 55, -1,
      55, 15, 16, -1,
      55, 16, 54, -1,
      54, 16, 17, -1,
      54, 17, 53, -1,
      53, 17, 18, -1,
      53, 18, 52, -1,
      52, 18, 19, -1,
      52, 19, 51, -1,
      51, 19, 20, -1,
      51, 20, 50, -1,
      50, 20, 21, -1,
      50, 21, 49, -1,
      49, 21, 22, -1,
      49, 22, 48, -1,
      48, 22, 23, -1,
      48, 23, 47, -1,
      47, 23, 24, -1,
      47, 24, 46, -1,
      46, 24, 25, -1,
      46, 25, 45, -1,
      45, 25, 26, -1,
      45, 26, 44, -1,
      44, 26, 27, -1,
    ]
  }
}

Shape {
  appearance Appearance {
    material Material {
      diffuseColor 0.9059 0.0000 0.0588
      specularColor 0.7961 0.0000 0.0510
      ambientIntensity 0.2
      transparency 0.0000
      shininess 0.5
    }
  }
  geometry IndexedFaceSet {
    ccw TRUE
    solid FALSE
    coord DEF co Coordinate {
      point [
        0.894502 0.091412 1.766329,
        0.894502 0.000000 1.771654,
        1.485053 0.000000 1.771654,
        1.485053 -0.091412 1.766329,
        0.894502 -0.091412 1.766329,
        0.894502 -0.269307 1.724167,
        1.485053 -0.269307 1.724167,
        0.894502 -0.432684 1.642117,
        1.485053 -0.432684 1.642117,
        0.894502 -0.572735 1.524600,
        1.485053 -0.572735 1.524600,
        0.894502 -0.681910 1.377953,
        1.485053 -0.681910 1.377953,
        0.894502 -0.754322 1.210081,
        1.485053 -0.754322 1.210081,
        0.894502 -0.786069 1.030035,
        1.485053 -0.786069 1.030035,
        0.894502 -0.775439 0.847521,
        1.485053 -0.775439 0.847521,
        0.894502 -0.723005 0.672378,
        1.485053 -0.723005 0.672378,
        0.894502 -0.631593 0.514048,
        1.485053 -0.631593 0.514048,
        0.894502 -0.506132 0.381067,
        1.485053 -0.506132 0.381067,
        0.894502 -0.353385 0.280604,
        1.485053 -0.353385 0.280604,
        0.894502 -0.181587 0.218075,
        1.485053 -0.181587 0.218075,
        0.894502 0.000000 0.196850,
        1.485053 0.000000 0.196850,
        0.894502 0.181587 0.218075,
        1.485053 0.181587 0.218075,
        0.894502 0.353385 0.280604,
        1.485053 0.353385 0.280604,
        0.894502 0.506132 0.381067,
        1.485053 0.506132 0.381067,
        0.894502 0.631593 0.514048,
        1.485053 0.631593 0.514048,
        0.894502 0.723005 0.672378,
        1.485053 0.723005 0.672378,
        0.894502 0.775439 0.847521,
        1.485053 0.775439 0.847521,
        0.894502 0.786069 1.030035,
        1.485053 0.786069 1.030035,
        0.894502 0.754322 1.210081,
        1.485053 0.754322 1.210081,
        0.894502 0.681910 1.377953,
        1.485053 0.681910 1.377953,
        0.894502 0.572735 1.524600,
        1.485053 0.572735 1.524600,
        0.894502 0.432684 1.642117,
        1.485053 0.432684 1.642117,
        0.894502 0.269307 1.724167,
        1.485053 0.269307 1.724167,
        1.485053 0.091412 1.766329,
        0.697651 0.000000 0.196850,
        0.697651 -0.181587 0.218075,
        0.697651 -0.353385 0.280604,
        0.697651 -0.506132 0.381067,
        0.697651 -0.631593 0.514048,
        0.697651 -0.723005 0.672378,
        0.697651 -0.775439 0.847521,
        0.697651 -0.786069 1.030035,
        0.697651 -0.754322 1.210081,
        0.697651 -0.681910 1.377953,
        0.697651 -0.572735 1.524600,
        0.697651 -0.432684 1.642117,
        0.697651 -0.269307 1.724167,
        0.697651 -0.091412 1.766329,
        0.697651 0.000000 1.771654,
        0.697651 0.091412 1.766329,
        0.697651 0.269307 1.724167,
        0.697651 0.432684 1.642117,
        0.697651 0.572735 1.524600,
        0.697651 0.681910 1.377953,
        0.697651 0.754322 1.210081,
        0.697651 0.786069 1.030035,
        0.697651 0.775439 0.847521,
        0.697651 0.723005 0.672378,
        0.697651 0.631593 0.514048,
        0.697651 0.506132 0.381067,
        0.697651 0.353385 0.280604,
        0.697651 0.181587 0.218075,
        0.894502 0.351618 0.284122,
        0.894502 0.180680 0.221906,
        0.894502 -0.000000 0.200787,
        0.894502 -0.180680 0.221906,
        0.894502 -0.351618 0.284122,
        0.894502 -0.503601 0.384083,
        0.894502 -0.628435 0.516399,
        0.894502 -0.719390 0.673937,
        0.894502 -0.771562 0.848205,
        0.894502 -0.782139 1.029806,
        0.894502 -0.750551 1.208952,
        0.894502 -0.678500 1.375984,
        0.894502 -0.569872 1.521898,
        0.894502 -0.430521 1.638827,
        0.894502 -0.267961 1.720468,
        0.894502 -0.090955 1.762419,
        0.894502 0.000000 1.767717,
        0.894502 0.090955 1.762419,
        0.894502 0.267961 1.720468,
        0.894502 0.430521 1.638827,
        0.894502 0.569872 1.521898,
        0.894502 0.678500 1.375984,
        0.894502 0.750551 1.208952,
        0.894502 0.782139 1.029806,
        0.894502 0.771562 0.848205,
        0.894502 0.719390 0.673937,
        0.894502 0.628435 0.516399,
        0.894502 0.503601 0.384083,
        0.697651 0.090955 1.762419,
        0.697651 0.000000 1.767717,
        0.697651 -0.090955 1.762419,
        0.697651 -0.267961 1.720468,
        0.697651 -0.430521 1.638827,
        0.697651 -0.569872 1.521898,
        0.697651 -0.678500 1.375984,
        0.697651 -0.750551 1.208952,
        0.697651 -0.782139 1.029806,
        0.697651 -0.771562 0.848205,
        0.697651 -0.719390 0.673937,
        0.697651 -0.628435 0.516399,
        0.697651 -0.503601 0.384083,
        0.697651 -0.351618 0.284122,
        0.697651 -0.180680 0.221906,
        0.697651 0.000000 0.200787,
        0.697651 0.180680 0.221906,
        0.697651 0.351618 0.284122,
        0.697651 0.503601 0.384083,
        0.697651 0.628435 0.516399,
        0.697651 0.719390 0.673937,
        0.697651 0.771562 0.848205,
        0.697651 0.782139 1.029806,
        0.697651 0.750551 1.208952,
        0.697651 0.678500 1.375984,
        0.697651 0.569872 1.521898,
        0.697651 0.430521 1.638827,
        0.697651 0.267961 1.720468,
        1.681903 0.351618 0.284122,
        1.681903 0.353385 0.280604,
        1.681903 0.180680 0.221906,
        1.681903 0.181587 0.218075,
        1.681903 -0.000000 0.200787,
        1.681903 -0.000000 0.196850,
        1.681903 -0.180680 0.221906,
        1.681903 -0.181587 0.218075,
        1.681903 -0.351618 0.284122,
        1.681903 -0.353385 0.280604,
        1.681903 -0.503601 0.384083,
        1.681903 -0.506132 0.381067,
        1.681903 -0.628435 0.516399,
        1.681903 -0.631593 0.514048,
        1.681903 -0.719390 0.673937,
        1.681903 -0.723005 0.672378,
        1.681903 -0.771562 0.848205,
        1.681903 -0.775439 0.847521,
        1.681903 -0.782139 1.029806,
        1.681903 -0.786069 1.030035,
        1.681903 -0.750551 1.208952,
        1.681903 -0.754322 1.210081,
        1.681903 -0.678500 1.375984,
        1.681903 -0.681910 1.377953,
        1.681903 -0.569872 1.521898,
        1.681903 -0.572735 1.524600,
        1.681903 -0.430521 1.638827,
        1.681903 -0.432684 1.642117,
        1.681903 -0.267961 1.720468,
        1.681903 -0.269307 1.724167,
        1.681903 -0.090955 1.762419,
        1.681903 -0.091412 1.766329,
        1.681903 0.000000 1.767717,
        1.681903 0.000000 1.771654,
        1.681903 0.090955 1.762419,
        1.681903 0.091412 1.766329,
        1.681903 0.267961 1.720468,
        1.681903 0.269307 1.724167,
        1.681903 0.430521 1.638827,
        1.681903 0.432684 1.642117,
        1.681903 0.569872 1.521898,
        1.681903 0.572735 1.524600,
        1.681903 0.678500 1.375984,
        1.681903 0.681910 1.377953,
        1.681903 0.750551 1.208952,
        1.681903 0.754322 1.210081,
        1.681903 0.782139 1.029806,
        1.681903 0.786069 1.030035,
        1.681903 0.771562 0.848205,
        1.681903 0.775439 0.847521,
        1.681903 0.719390 0.673937,
        1.681903 0.723005 0.672378,
        1.681903 0.628435 0.516399,
        1.681903 0.631593 0.514048,
        1.681903 0.503601 0.384083,
        1.681903 0.506132 0.381067,
        1.485053 0.090955 1.762419,
        1.485053 0.000000 1.767717,
        1.485053 -0.090955 1.762419,
        1.485053 -0.267961 1.720468,
        1.485053 -0.430521 1.638827,
        1.485053 -0.569872 1.521898,
        1.485053 -0.678500 1.375984,
        1.485053 -0.750551 1.208952,
        1.485053 -0.782139 1.029806,
        1.485053 -0.771562 0.848205,
        1.485053 -0.719390 0.673937,
        1.485053 -0.628435 0.516399,
        1.485053 -0.503601 0.384083,
        1.485053 -0.351618 0.284122,
        1.485053 -0.180680 0.221906,
        1.485053 0.000000 0.200787,
        1.485053 0.180680 0.221906,
        1.485053 0.351618 0.284122,
        1.485053 0.503601 0.384083,
        1.485053 0.628435 0.516399,
        1.485053 0.719390 0.673937,
        1.485053 0.771562 0.848205,
        1.485053 0.782139 1.029806,
        1.485053 0.750551 1.208952,
        1.485053 0.678500 1.375984,
        1.485053 0.569872 1.521898,
        1.485053 0.430521 1.638827,
        1.485053 0.267961 1.720468,
      ]
    }
    coordIndex [
      84, 33, 85, -1,
      85, 33, 31, -1,
      85, 31, 86, -1,
      86, 31, 29, -1,
      86, 29, 87, -1,
      87, 29, 27, -1,
      87, 27, 88, -1,
      88, 27, 25, -1,
      88, 25, 89, -1,
      89, 25, 23, -1,
      89, 23, 90, -1,
      90, 23, 21, -1,
      90, 21, 91, -1,
      91, 21, 19, -1,
      91, 19, 92, -1,
      92, 19, 17, -1,
      92, 17, 93, -1,
      93, 17, 15, -1,
      93, 15, 94, -1,
      94, 15, 13, -1,
      94, 13, 95, -1,
      95, 13, 11, -1,
      95, 11, 96, -1,
      96, 11, 9, -1,
      96, 9, 97, -1,
      97, 9, 7, -1,
      97, 7, 98, -1,
      98, 7, 5, -1,
      98, 5, 99, -1,
      99, 5, 4, -1,
      99, 4, 100, -1,
      100, 4, 1, -1,
      100, 1, 101, -1,
      101, 1, 0, -1,
      101, 0, 102, -1,
      102, 0, 53, -1,
      102, 53, 103, -1,
      103, 53, 51, -1,
      103, 51, 104, -1,
      104, 51, 49, -1,
      104, 49, 105, -1,
      105, 49, 47, -1,
      105, 47, 106, -1,
      106, 47, 45, -1,
      106, 45, 107, -1,
      107, 45, 43, -1,
      107, 43, 108, -1,
      108, 43, 41, -1,
      108, 41, 109, -1,
      109, 41, 39, -1,
      109, 39, 110, -1,
      110, 39, 37, -1,
      110, 37, 111, -1,
      111, 37, 35, -1,
      111, 35, 84, -1,
      84, 35, 33, -1,
      112, 113, 100, -1,
      100, 113, 99, -1,
      113, 114, 99, -1,
      99, 114, 115, -1,
      99, 115, 98, -1,
      98, 115, 116, -1,
      98, 116, 97, -1,
      97, 116, 117, -1,
      97, 117, 96, -1,
      96, 117, 118, -1,
      96, 118, 95, -1,
      95, 118, 119, -1,
      95, 119, 94, -1,
      94, 119, 120, -1,
      94, 120, 93, -1,
      93, 120, 121, -1,
      93, 121, 92, -1,
      92, 121, 122, -1,
      92, 122, 91, -1,
      91, 122, 123, -1,
      91, 123, 90, -1,
      90, 123, 124, -1,
      90, 124, 89, -1,
      89, 124, 125, -1,
      89, 125, 88, -1,
      88, 125, 126, -1,
      88, 126, 87, -1,
      87, 126, 127, -1,
      87, 127, 86, -1,
      86, 127, 128, -1,
      86, 128, 85, -1,
      85, 128, 129, -1,
      85, 129, 84, -1,
      84, 129, 130, -1,
      84, 130, 111, -1,
      111, 130, 131, -1,
      111, 131, 110, -1,
      110, 131, 132, -1,
      110, 132, 109, -1,
      109, 132, 133, -1,
      109, 133, 108, -1,
      108, 133, 134, -1,
      108, 134, 107, -1,
      107, 134, 135, -1,
      107, 135, 106, -1,
      106, 135, 136, -1,
      106, 136, 105, -1,
      105, 136, 137, -1,
      105, 137, 104, -1,
      104, 137, 138, -1,
      104, 138, 103, -1,
      103, 138, 139, -1,
      103, 139, 102, -1,
      102, 139, 112, -1,
      102, 112, 101, -1,
      101, 112, 100, -1,
      129, 82, 130, -1,
      130, 82, 81, -1,
      130, 81, 131, -1,
      131, 81, 80, -1,
      131, 80, 132, -1,
      132, 80, 79, -1,
      132, 79, 133, -1,
      133, 79, 78, -1,
      133, 78, 134, -1,
      134, 78, 77, -1,
      134, 77, 135, -1,
      135, 77, 76, -1,
      135, 76, 136, -1,
      136, 76, 75, -1,
      136, 75, 137, -1,
      137, 75, 74, -1,
      137, 74, 138, -1,
      138, 74, 73, -1,
      138, 73, 139, -1,
      139, 73, 72, -1,
      139, 72, 112, -1,
      112, 72, 71, -1,
      112, 71, 113, -1,
      113, 71, 70, -1,
      113, 70, 114, -1,
      114, 70, 69, -1,
      114, 69, 115, -1,
      115, 69, 68, -1,
      115, 68, 116, -1,
      116, 68, 67, -1,
      116, 67, 117, -1,
      117, 67, 66, -1,
      117, 66, 118, -1,
      118, 66, 65, -1,
      118, 65, 119, -1,
      119, 65, 64, -1,
      119, 64, 120, -1,
      120, 64, 63, -1,
      120, 63, 121, -1,
      121, 63, 62, -1,
      121, 62, 122, -1,
      122, 62, 61, -1,
      122, 61, 123, -1,
      123, 61, 60, -1,
      123, 60, 124, -1,
      124, 60, 59, -1,
      124, 59, 125, -1,
      125, 59, 58, -1,
      125, 58, 126, -1,
      126, 58, 57, -1,
      126, 57, 127, -1,
      127, 57, 56, -1,
      127, 56, 128, -1,
      128, 56, 83, -1,
      128, 83, 129, -1,
      129, 83, 82, -1,
      140, 141, 142, -1,
      142, 141, 143, -1,
      142, 143, 144, -1,
      144, 143, 145, -1,
      144, 145, 146, -1,
      146, 145, 147, -1,
      146, 147, 148, -1,
      148, 147, 149, -1,
      148, 149, 150, -1,
      150, 149, 151, -1,
      150, 151, 152, -1,
      152, 151, 153, -1,
      152, 153, 154, -1,
      154, 153, 155, -1,
      154, 155, 156, -1,
      156, 155, 157, -1,
      156, 157, 158, -1,
      158, 157, 159, -1,
      158, 159, 160, -1,
      160, 159, 161, -1,
      160, 161, 162, -1,
      162, 161, 163, -1,
      162, 163, 164, -1,
      164, 163, 165, -1,
      164, 165, 166, -1,
      166, 165, 167, -1,
      166, 167, 168, -1,
      168, 167, 169, -1,
      168, 169, 170, -1,
      170, 169, 171, -1,
      170, 171, 172, -1,
      172, 171, 173, -1,
      172, 173, 174, -1,
      174, 173, 175, -1,
      174, 175, 176, -1,
      176, 175, 177, -1,
      176, 177, 178, -1,
      178, 177, 179, -1,
      178, 179, 180, -1,
      180, 179, 181, -1,
      180, 181, 182, -1,
      182, 181, 183, -1,
      182, 183, 184, -1,
      184, 183, 185, -1,
      184, 185, 186, -1,
      186, 185, 187, -1,
      186, 187, 188, -1,
      188, 187, 189, -1,
      188, 189, 190, -1,
      190, 189, 191, -1,
      190, 191, 192, -1,
      192, 191, 193, -1,
      192, 193, 194, -1,
      194, 193, 195, -1,
      194, 195, 140, -1,
      140, 195, 141, -1,
      196, 197, 172, -1,
      172, 197, 170, -1,
      197, 198, 170, -1,
      170, 198, 199, -1,
      170, 199, 168, -1,
      168, 199, 200, -1,
      168, 200, 166, -1,
      166, 200, 201, -1,
      166, 201, 164, -1,
      164, 201, 202, -1,
      164, 202, 162, -1,
      162, 202, 203, -1,
      162, 203, 160, -1,
      160, 203, 204, -1,
      160, 204, 158, -1,
      158, 204, 205, -1,
      158, 205, 156, -1,
      156, 205, 206, -1,
      156, 206, 154, -1,
      154, 206, 207, -1,
      154, 207, 152, -1,
      152, 207, 208, -1,
      152, 208, 150, -1,
      150, 208, 209, -1,
      150, 209, 148, -1,
      148, 209, 210, -1,
      148, 210, 146, -1,
      146, 210, 211, -1,
      146, 211, 144, -1,
      144, 211, 212, -1,
      144, 212, 142, -1,
      142, 212, 213, -1,
      142, 213, 140, -1,
      140, 213, 214, -1,
      140, 214, 194, -1,
      194, 214, 215, -1,
      194, 215, 192, -1,
      192, 215, 216, -1,
      192, 216, 190, -1,
      190, 216, 217, -1,
      190, 217, 188, -1,
      188, 217, 218, -1,
      188, 218, 186, -1,
      186, 218, 219, -1,
      186, 219, 184, -1,
      184, 219, 220, -1,
      184, 220, 182, -1,
      182, 220, 221, -1,
      182, 221, 180, -1,
      180, 221, 222, -1,
      180, 222, 178, -1,
      178, 222, 223, -1,
      178, 223, 176, -1,
      176, 223, 196, -1,
      176, 196, 174, -1,
      174, 196, 172, -1,
      213, 34, 214, -1,
      214, 34, 36, -1,
      214, 36, 215, -1,
      215, 36, 38, -1,
      215, 38, 216, -1,
      216, 38, 40, -1,
      216, 40, 217, -1,
      217, 40, 42, -1,
      217, 42, 218, -1,
      218, 42, 44, -1,
      218, 44, 219, -1,
      219, 44, 46, -1,
      219, 46, 220, -1,
      220, 46, 48, -1,
      220, 48, 221, -1,
      221, 48, 50, -1,
      221, 50, 222, -1,
      222, 50, 52, -1,
      222, 52, 223, -1,
      223, 52, 54, -1,
      223, 54, 196, -1,
      196, 54, 55, -1,
      196, 55, 197, -1,
      197, 55, 2, -1,
      197, 2, 198, -1,
      198, 2, 3, -1,
      198, 3, 199, -1,
      199, 3, 6, -1,
      199, 6, 200, -1,
      200, 6, 8, -1,
      200, 8, 201, -1,
      201, 8, 10, -1,
      201, 10, 202, -1,
      202, 10, 12, -1,
      202, 12, 203, -1,
      203, 12, 14, -1,
      203, 14, 204, -1,
      204, 14, 16, -1,
      204, 16, 205, -1,
      205, 16, 18, -1,
      205, 18, 206, -1,
      206, 18, 20, -1,
      206, 20, 207, -1,
      207, 20, 22, -1,
      207, 22, 208, -1,
      208, 22, 24, -1,
      208, 24, 209, -1,
      209, 24, 26, -1,
      209, 26, 210, -1,
      210, 26, 28, -1,
      210, 28, 211, -1,
      211, 28, 30, -1,
      211, 30, 212, -1,
      212, 30, 32, -1,
      212, 32, 213, -1,
      213, 32, 34, -1,
    ]
  }
}

Shape {
  appearance Appearance {
    material Material {
      diffuseColor 0.7765 0.7569 0.7373
      specularColor 0.3882 0.3765 0.3686
      ambientIntensity 0.2
      transparency 0.0000
      shininess 0.5
    }
  }
  geometry IndexedFaceSet {
    ccw TRUE
    solid FALSE
    coord DEF co Coordinate {
      point [
        3.957917 0.068898 -1.181102,
        3.971683 0.035664 -1.181102,
        3.838583 0.000000 -1.181102,
        3.976378 0.000000 -1.181102,
        3.971683 -0.035664 -1.181102,
        3.874247 0.133100 -1.181102,
        3.907480 0.119334 -1.181102,
        3.936019 0.097436 -1.181102,
        3.769685 0.119334 -1.181102,
        3.802919 0.133100 -1.181102,
        3.838583 0.137795 -1.181102,
        3.705483 0.035664 -1.181102,
        3.719248 0.068898 -1.181102,
        3.741146 0.097436 -1.181102,
        3.719248 -0.068898 -1.181102,
        3.705483 -0.035664 -1.181102,
        3.700787 0.000000 -1.181102,
        3.802919 -0.133100 -1.181102,
        3.769685 -0.119334 -1.181102,
        3.741146 -0.097436 -1.181102,
        3.907480 -0.119334 -1.181102,
        3.874247 -0.133100 -1.181102,
        3.838583 -0.137795 -1.181102,
        3.957917 -0.068898 -1.181102,
        3.936019 -0.097436 -1.181102,
        3.976378 0.000000 0.708661,
        3.971683 0.035664 0.708661,
        3.957917 0.068898 0.708661,
        3.936019 0.097436 0.708661,
        3.907480 0.119334 0.708661,
        3.874247 0.133100 0.708661,
        3.838583 0.137795 0.708661,
        3.802919 0.133100 0.708661,
        3.769685 0.119334 0.708661,
        3.741146 0.097436 0.708661,
        3.719248 0.068898 0.708661,
        3.705483 0.035664 0.708661,
        3.700787 0.000000 0.708661,
        3.705483 -0.035664 0.708661,
        3.719248 -0.068898 0.708661,
        3.741146 -0.097436 0.708661,
        3.769685 -0.119334 0.708661,
        3.802919 -0.133100 0.708661,
        3.838583 -0.137795 0.708661,
        3.874247 -0.133100 0.708661,
        3.907480 -0.119334 0.708661,
        3.936019 -0.097436 0.708661,
        3.957917 -0.068898 0.708661,
        3.971683 -0.035664 0.708661,
        3.562992 0.000000 0.846457,
        3.593654 0.000000 0.843002,
        3.562992 -0.035664 0.851152,
        3.594699 -0.035664 0.847580,
        3.562992 -0.068898 0.864918,
        3.597763 -0.068898 0.861000,
        3.562992 -0.097436 0.886816,
        3.602635 -0.097436 0.882349,
        3.562992 -0.119334 0.915354,
        3.608985 -0.119334 0.910172,
        3.562992 -0.133100 0.948588,
        3.616381 -0.133100 0.942572,
        3.562992 -0.137795 0.984252,
        3.624317 -0.137795 0.977343,
        3.562992 -0.133100 1.019916,
        3.632253 -0.133100 1.012112,
        3.562992 -0.119334 1.053150,
        3.639648 -0.119334 1.044513,
        3.562992 -0.097436 1.081688,
        3.645998 -0.097436 1.072335,
        3.562992 -0.068898 1.103586,
        3.650871 -0.068898 1.093685,
        3.562992 -0.035664 1.117352,
        3.653934 -0.035664 1.107105,
        3.562992 0.000000 1.122047,
        3.654979 0.000000 1.111683,
        3.562992 0.035664 1.117352,
        3.653934 0.035664 1.107105,
        3.562992 0.068898 1.103586,
        3.650871 0.068898 1.093685,
        3.562992 0.097436 1.081688,
        3.645998 0.097436 1.072335,
        3.562992 0.119334 1.053150,
        3.639648 0.119334 1.044513,
        3.562992 0.133100 1.019916,
        3.632253 0.133100 1.012112,
        3.562992 0.137795 0.984252,
        3.624317 0.137795 0.977343,
        3.562992 0.133100 0.948588,
        3.616381 0.133100 0.942572,
        3.562992 0.119334 0.915354,
        3.608985 0.119334 0.910172,
        3.562992 0.097436 0.886816,
        3.602635 0.097436 0.882349,
        3.562992 0.068898 0.864918,
        3.597763 0.068898 0.861000,
        3.562992 0.035664 0.851152,
        3.594699 0.035664 0.847580,
        3.622779 0.000000 0.832811,
        3.624816 -0.035664 0.837041,
        3.630789 -0.068898 0.849444,
        3.640291 -0.097436 0.869173,
        3.652673 -0.119334 0.894885,
        3.667092 -0.133100 0.924828,
        3.682567 -0.137795 0.956960,
        3.698041 -0.133100 0.989092,
        3.712460 -0.119334 1.019035,
        3.724843 -0.097436 1.044746,
        3.734343 -0.068898 1.064476,
        3.740317 -0.035664 1.076879,
        3.742354 0.000000 1.081109,
        3.740317 0.035664 1.076879,
        3.734343 0.068898 1.064476,
        3.724843 0.097436 1.044746,
        3.712460 0.119334 1.019035,
        3.698041 0.133100 0.989092,
        3.682567 0.137795 0.956960,
        3.667092 0.133100 0.924828,
        3.652673 0.119334 0.894885,
        3.640291 0.097436 0.869173,
        3.630789 0.068898 0.849444,
        3.624816 0.035664 0.837041,
        3.648906 0.000000 0.816394,
        3.651833 -0.035664 0.820065,
        3.660417 -0.068898 0.830828,
        3.674070 -0.097436 0.847948,
        3.691863 -0.119334 0.870261,
        3.712584 -0.133100 0.896244,
        3.734820 -0.137795 0.924127,
        3.757056 -0.133100 0.952010,
        3.777777 -0.119334 0.977993,
        3.795570 -0.097436 1.000305,
        3.809224 -0.068898 1.017426,
        3.817806 -0.035664 1.028189,
        3.820734 0.000000 1.031859,
        3.817806 0.035664 1.028189,
        3.809224 0.068898 1.017426,
        3.795570 0.097436 1.000305,
        3.777777 0.119334 0.977993,
        3.757056 0.133100 0.952010,
        3.734820 0.137795 0.924127,
        3.712584 0.133100 0.896244,
        3.691863 0.119334 0.870261,
        3.674070 0.097436 0.847948,
        3.660417 0.068898 0.830828,
        3.651833 0.035664 0.820065,
        3.670725 0.000000 0.794575,
        3.674396 -0.035664 0.797503,
        3.685158 -0.068898 0.806085,
        3.702279 -0.097436 0.819739,
        3.724591 -0.119334 0.837532,
        3.750574 -0.133100 0.858253,
        3.778457 -0.137795 0.880489,
        3.806341 -0.133100 0.902726,
        3.832324 -0.119334 0.923446,
        3.854636 -0.097436 0.941240,
        3.871757 -0.068898 0.954893,
        3.882519 -0.035664 0.963476,
        3.886190 0.000000 0.966403,
        3.882519 0.035664 0.963476,
        3.871757 0.068898 0.954893,
        3.854636 0.097436 0.941240,
        3.832324 0.119334 0.923446,
        3.806341 0.133100 0.902726,
        3.778457 0.137795 0.880489,
        3.750574 0.133100 0.858253,
        3.724591 0.119334 0.837532,
        3.702279 0.097436 0.819739,
        3.685158 0.068898 0.806085,
        3.674396 0.035664 0.797503,
        3.687141 0.000000 0.768448,
        3.691372 -0.035664 0.770486,
        3.703774 -0.068898 0.776459,
        3.723504 -0.097436 0.785960,
        3.749216 -0.119334 0.798342,
        3.779159 -0.133100 0.812762,
        3.811291 -0.137795 0.828236,
        3.843423 -0.133100 0.843710,
        3.873365 -0.119334 0.858129,
        3.899077 -0.097436 0.870511,
        3.918807 -0.068898 0.880013,
        3.931209 -0.035664 0.885985,
        3.935440 0.000000 0.888023,
        3.931209 0.035664 0.885985,
        3.918807 0.068898 0.880013,
        3.899077 0.097436 0.870511,
        3.873365 0.119334 0.858129,
        3.843423 0.133100 0.843710,
        3.811291 0.137795 0.828236,
        3.779159 0.133100 0.812762,
        3.749216 0.119334 0.798342,
        3.723504 0.097436 0.785960,
        3.703774 0.068898 0.776459,
        3.691372 0.035664 0.770486,
        3.697333 0.000000 0.739324,
        3.701910 -0.035664 0.740369,
        3.715331 -0.068898 0.743432,
        3.736680 -0.097436 0.748305,
        3.764502 -0.119334 0.754655,
        3.796903 -0.133100 0.762050,
        3.831673 -0.137795 0.769986,
        3.866443 -0.133100 0.777922,
        3.898843 -0.119334 0.785317,
        3.926666 -0.097436 0.791668,
        3.948015 -0.068898 0.796541,
        3.961436 -0.035664 0.799604,
        3.966013 0.000000 0.800648,
        3.961436 0.035664 0.799604,
        3.948015 0.068898 0.796541,
        3.926666 0.097436 0.791668,
        3.898843 0.119334 0.785317,
        3.866443 0.133100 0.777922,
        3.831673 0.137795 0.769986,
        3.796903 0.133100 0.762050,
        3.764502 0.119334 0.754655,
        3.736680 0.097436 0.748305,
        3.715331 0.068898 0.743432,
        3.701910 0.035664 0.740369,
        3.051181 0.000000 1.122047,
        3.051181 0.035664 1.117352,
        3.051181 0.068898 1.103586,
        3.051181 0.097436 1.081688,
        3.051181 0.119334 1.053150,
        3.051181 0.133100 1.019916,
        3.051181 0.137795 0.984252,
        3.051181 0.133100 0.948588,
        3.051181 0.119334 0.915354,
        3.051181 0.097436 0.886816,
        3.051181 0.068898 0.864918,
        3.051181 0.035664 0.851152,
        3.051181 0.000000 0.846457,
        3.051181 -0.035664 0.851152,
        3.051181 -0.068898 0.864918,
        3.051181 -0.097436 0.886816,
        3.051181 -0.119334 0.915354,
        3.051181 -0.133100 0.948588,
        3.051181 -0.137795 0.984252,
        3.051181 -0.133100 1.019916,
        3.051181 -0.119334 1.053150,
        3.051181 -0.097436 1.081688,
        3.051181 -0.068898 1.103586,
        3.051181 -0.035664 1.117352,
      ]
    }
    coordIndex [
      0, 1, 2, -1,
      2, 1, 3, -1,
      2, 3, 4, -1,
      5, 6, 2, -1,
      2, 6, 7, -1,
      2, 7, 0, -1,
      8, 9, 2, -1,
      2, 9, 10, -1,
      2, 10, 5, -1,
      11, 12, 2, -1,
      2, 12, 13, -1,
      2, 13, 8, -1,
      14, 15, 2, -1,
      2, 15, 16, -1,
      2, 16, 11, -1,
      17, 18, 2, -1,
      2, 18, 19, -1,
      2, 19, 14, -1,
      20, 21, 2, -1,
      2, 21, 22, -1,
      2, 22, 17, -1,
      4, 23, 2, -1,
      2, 23, 24, -1,
      2, 24, 20, -1,
      25, 1, 26, -1,
      26, 1, 0, -1,
      26, 0, 27, -1,
      27, 0, 7, -1,
      27, 7, 28, -1,
      28, 7, 6, -1,
      28, 6, 29, -1,
      29, 6, 5, -1,
      29, 5, 30, -1,
      30, 5, 10, -1,
      30, 10, 31, -1,
      31, 10, 9, -1,
      31, 9, 32, -1,
      32, 9, 8, -1,
      32, 8, 33, -1,
      33, 8, 13, -1,
      33, 13, 34, -1,
      34, 13, 12, -1,
      34, 12, 35, -1,
      35, 12, 11, -1,
      35, 11, 36, -1,
      36, 11, 16, -1,
      36, 16, 37, -1,
      37, 16, 15, -1,
      37, 15, 38, -1,
      38, 15, 14, -1,
      38, 14, 39, -1,
      39, 14, 19, -1,
      39, 19, 40, -1,
      40, 19, 18, -1,
      40, 18, 41, -1,
      41, 18, 17, -1,
      41, 17, 42, -1,
      42, 17, 22, -1,
      42, 22, 43, -1,
      43, 22, 21, -1,
      43, 21, 44, -1,
      44, 21, 20, -1,
      44, 20, 45, -1,
      45, 20, 24, -1,
      45, 24, 46, -1,
      46, 24, 23, -1,
      46, 23, 47, -1,
      47, 23, 4, -1,
      47, 4, 48, -1,
      48, 4, 3, -1,
      48, 3, 25, -1,
      25, 3, 1, -1,
      49, 50, 51, -1,
      51, 50, 52, -1,
      51, 52, 53, -1,
      53, 52, 54, -1,
      53, 54, 55, -1,
      55, 54, 56, -1,
      55, 56, 57, -1,
      57, 56, 58, -1,
      57, 58, 59, -1,
      59, 58, 60, -1,
      59, 60, 61, -1,
      61, 60, 62, -1,
      61, 62, 63, -1,
      63, 62, 64, -1,
      63, 64, 65, -1,
      65, 64, 66, -1,
      65, 66, 67, -1,
      67, 66, 68, -1,
      67, 68, 69, -1,
      69, 68, 70, -1,
      69, 70, 71, -1,
      71, 70, 72, -1,
      71, 72, 73, -1,
      73, 72, 74, -1,
      73, 74, 75, -1,
      75, 74, 76, -1,
      75, 76, 77, -1,
      77, 76, 78, -1,
      77, 78, 79, -1,
      79, 78, 80, -1,
      79, 80, 81, -1,
      81, 80, 82, -1,
      81, 82, 83, -1,
      83, 82, 84, -1,
      83, 84, 85, -1,
      85, 84, 86, -1,
      85, 86, 87, -1,
      87, 86, 88, -1,
      87, 88, 89, -1,
      89, 88, 90, -1,
      89, 90, 91, -1,
      91, 90, 92, -1,
      91, 92, 93, -1,
      93, 92, 94, -1,
      93, 94, 95, -1,
      95, 94, 96, -1,
      95, 96, 49, -1,
      49, 96, 50, -1,
      50, 97, 52, -1,
      52, 97, 98, -1,
      52, 98, 54, -1,
      54, 98, 99, -1,
      54, 99, 56, -1,
      56, 99, 100, -1,
      56, 100, 58, -1,
      58, 100, 101, -1,
      58, 101, 60, -1,
      60, 101, 102, -1,
      60, 102, 62, -1,
      62, 102, 103, -1,
      62, 103, 64, -1,
      64, 103, 104, -1,
      64, 104, 66, -1,
      66, 104, 105, -1,
      66, 105, 68, -1,
      68, 105, 106, -1,
      68, 106, 70, -1,
      70, 106, 107, -1,
      70, 107, 72, -1,
      72, 107, 108, -1,
      72, 108, 74, -1,
      74, 108, 109, -1,
      74, 109, 76, -1,
      76, 109, 110, -1,
      76, 110, 78, -1,
      78, 110, 111, -1,
      78, 111, 80, -1,
      80, 111, 112, -1,
      80, 112, 82, -1,
      82, 112, 113, -1,
      82, 113, 84, -1,
      84, 113, 114, -1,
      84, 114, 86, -1,
      86, 114, 115, -1,
      86, 115, 88, -1,
      88, 115, 116, -1,
      88, 116, 90, -1,
      90, 116, 117, -1,
      90, 117, 92, -1,
      92, 117, 118, -1,
      92, 118, 94, -1,
      94, 118, 119, -1,
      94, 119, 96, -1,
      96, 119, 120, -1,
      96, 120, 50, -1,
      50, 120, 97, -1,
      97, 121, 98, -1,
      98, 121, 122, -1,
      98, 122, 99, -1,
      99, 122, 123, -1,
      99, 123, 100, -1,
      100, 123, 124, -1,
      100, 124, 101, -1,
      101, 124, 125, -1,
      101, 125, 102, -1,
      102, 125, 126, -1,
      102, 126, 103, -1,
      103, 126, 127, -1,
      103, 127, 104, -1,
      104, 127, 128, -1,
      104, 128, 105, -1,
      105, 128, 129, -1,
      105, 129, 106, -1,
      106, 129, 130, -1,
      106, 130, 107, -1,
      107, 130, 131, -1,
      107, 131, 108, -1,
      108, 131, 132, -1,
      108, 132, 109, -1,
      109, 132, 133, -1,
      109, 133, 110, -1,
      110, 133, 134, -1,
      110, 134, 111, -1,
      111, 134, 135, -1,
      111, 135, 112, -1,
      112, 135, 136, -1,
      112, 136, 113, -1,
      113, 136, 137, -1,
      113, 137, 114, -1,
      114, 137, 138, -1,
      114, 138, 115, -1,
      115, 138, 139, -1,
      115, 139, 116, -1,
      116, 139, 140, -1,
      116, 140, 117, -1,
      117, 140, 141, -1,
      117, 141, 118, -1,
      118, 141, 142, -1,
      118, 142, 119, -1,
      119, 142, 143, -1,
      119, 143, 120, -1,
      120, 143, 144, -1,
      120, 144, 97, -1,
      97, 144, 121, -1,
      121, 145, 122, -1,
      122, 145, 146, -1,
      122, 146, 123, -1,
      123, 146, 147, -1,
      123, 147, 124, -1,
      124, 147, 148, -1,
      124, 148, 125, -1,
      125, 148, 149, -1,
      125, 149, 126, -1,
      126, 149, 150, -1,
      126, 150, 127, -1,
      127, 150, 151, -1,
      127, 151, 128, -1,
      128, 151, 152, -1,
      128, 152, 129, -1,
      129, 152, 153, -1,
      129, 153, 130, -1,
      130, 153, 154, -1,
      130, 154, 131, -1,
      131, 154, 155, -1,
      131, 155, 132, -1,
      132, 155, 156, -1,
      132, 156, 133, -1,
      133, 156, 157, -1,
      133, 157, 134, -1,
      134, 157, 158, -1,
      134, 158, 135, -1,
      135, 158, 159, -1,
      135, 159, 136, -1,
      136, 159, 160, -1,
      136, 160, 137, -1,
      137, 160, 161, -1,
      137, 161, 138, -1,
      138, 161, 162, -1,
      138, 162, 139, -1,
      139, 162, 163, -1,
      139, 163, 140, -1,
      140, 163, 164, -1,
      140, 164, 141, -1,
      141, 164, 165, -1,
      141, 165, 142, -1,
      142, 165, 166, -1,
      142, 166, 143, -1,
      143, 166, 167, -1,
      143, 167, 144, -1,
      144, 167, 168, -1,
      144, 168, 121, -1,
      121, 168, 145, -1,
      145, 169, 146, -1,
      146, 169, 170, -1,
      146, 170, 147, -1,
      147, 170, 171, -1,
      147, 171, 148, -1,
      148, 171, 172, -1,
      148, 172, 149, -1,
      149, 172, 173, -1,
      149, 173, 150, -1,
      150, 173, 174, -1,
      150, 174, 151, -1,
      151, 174, 175, -1,
      151, 175, 152, -1,
      152, 175, 176, -1,
      152, 176, 153, -1,
      153, 176, 177, -1,
      153, 177, 154, -1,
      154, 177, 178, -1,
      154, 178, 155, -1,
      155, 178, 179, -1,
      155, 179, 156, -1,
      156, 179, 180, -1,
      156, 180, 157, -1,
      157, 180, 181, -1,
      157, 181, 158, -1,
      158, 181, 182, -1,
      158, 182, 159, -1,
      159, 182, 183, -1,
      159, 183, 160, -1,
      160, 183, 184, -1,
      160, 184, 161, -1,
      161, 184, 185, -1,
      161, 185, 162, -1,
      162, 185, 186, -1,
      162, 186, 163, -1,
      163, 186, 187, -1,
      163, 187, 164, -1,
      164, 187, 188, -1,
      164, 188, 165, -1,
      165, 188, 189, -1,
      165, 189, 166, -1,
      166, 189, 190, -1,
      166, 190, 167, -1,
      167, 190, 191, -1,
      167, 191, 168, -1,
      168, 191, 192, -1,
      168, 192, 145, -1,
      145, 192, 169, -1,
      169, 193, 170, -1,
      170, 193, 194, -1,
      170, 194, 171, -1,
      171, 194, 195, -1,
      171, 195, 172, -1,
      172, 195, 196, -1,
      172, 196, 173, -1,
      173, 196, 197, -1,
      173, 197, 174, -1,
      174, 197, 198, -1,
      174, 198, 175, -1,
      175, 198, 199, -1,
      175, 199, 176, -1,
      176, 199, 200, -1,
      176, 200, 177, -1,
      177, 200, 201, -1,
      177, 201, 178, -1,
      178, 201, 202, -1,
      178, 202, 179, -1,
      179, 202, 203, -1,
      179, 203, 180, -1,
      180, 203, 204, -1,
      180, 204, 181, -1,
      181, 204, 205, -1,
      181, 205, 182, -1,
      182, 205, 206, -1,
      182, 206, 183, -1,
      183, 206, 207, -1,
      183, 207, 184, -1,
      184, 207, 208, -1,
      184, 208, 185, -1,
      185, 208, 209, -1,
      185, 209, 186, -1,
      186, 209, 210, -1,
      186, 210, 187, -1,
      187, 210, 211, -1,
      187, 211, 188, -1,
      188, 211, 212, -1,
      188, 212, 189, -1,
      189, 212, 213, -1,
      189, 213, 190, -1,
      190, 213, 214, -1,
      190, 214, 191, -1,
      191, 214, 215, -1,
      191, 215, 192, -1,
      192, 215, 216, -1,
      192, 216, 169, -1,
      169, 216, 193, -1,
      193, 37, 194, -1,
      194, 37, 38, -1,
      194, 38, 195, -1,
      195, 38, 39, -1,
      195, 39, 196, -1,
      196, 39, 40, -1,
      196, 40, 197, -1,
      197, 40, 41, -1,
      197, 41, 198, -1,
      198, 41, 42, -1,
      198, 42, 199, -1,
      199, 42, 43, -1,
      199, 43, 200, -1,
      200, 43, 44, -1,
      200, 44, 201, -1,
      201, 44, 45, -1,
      201, 45, 202, -1,
      202, 45, 46, -1,
      202, 46, 203, -1,
      203, 46, 47, -1,
      203, 47, 204, -1,
      204, 47, 48, -1,
      204, 48, 205, -1,
      205, 48, 25, -1,
      205, 25, 206, -1,
      206, 25, 26, -1,
      206, 26, 207, -1,
      207, 26, 27, -1,
      207, 27, 208, -1,
      208, 27, 28, -1,
      208, 28, 209, -1,
      209, 28, 29, -1,
      209, 29, 210, -1,
      210, 29, 30, -1,
      210, 30, 211, -1,
      211, 30, 31, -1,
      211, 31, 212, -1,
      212, 31, 32, -1,
      212, 32, 213, -1,
      213, 32, 33, -1,
      213, 33, 214, -1,
      214, 33, 34, -1,
      214, 34, 215, -1,
      215, 34, 35, -1,
      215, 35, 216, -1,
      216, 35, 36, -1,
      216, 36, 193, -1,
      193, 36, 37, -1,
      217, 75, 218, -1,
      218, 75, 77, -1,
      218, 77, 219, -1,
      219, 77, 79, -1,
      219, 79, 220, -1,
      220, 79, 81, -1,
      220, 81, 221, -1,
      221, 81, 83, -1,
      221, 83, 222, -1,
      222, 83, 85, -1,
      222, 85, 223, -1,
      223, 85, 87, -1,
      223, 87, 224, -1,
      224, 87, 89, -1,
      224, 89, 225, -1,
      225, 89, 91, -1,
      225, 91, 226, -1,
      226, 91, 93, -1,
      226, 93, 227, -1,
      227, 93, 95, -1,
      227, 95, 228, -1,
      228, 95, 49, -1,
      228, 49, 229, -1,
      229, 49, 51, -1,
      229, 51, 230, -1,
      230, 51, 53, -1,
      230, 53, 231, -1,
      231, 53, 55, -1,
      231, 55, 232, -1,
      232, 55, 57, -1,
      232, 57, 233, -1,
      233, 57, 59, -1,
      233, 59, 234, -1,
      234, 59, 61, -1,
      234, 61, 235, -1,
      235, 61, 63, -1,
      235, 63, 236, -1,
      236, 63, 65, -1,
      236, 65, 237, -1,
      237, 65, 67, -1,
      237, 67, 238, -1,
      238, 67, 69, -1,
      238, 69, 239, -1,
      239, 69, 71, -1,
      239, 71, 240, -1,
      240, 71, 73, -1,
      240, 73, 217, -1,
      217, 73, 75, -1,
    ]
  }
}

Shape {
  appearance Appearance {
    material Material {
      diffuseColor 1.0000 0.9451 0.8118
      specularColor 0.8784 0.8314 0.7137
      ambientIntensity 0.2
      transparency 0.0000
      shininess 0.5
    }
  }
  geometry IndexedFaceSet {
    ccw TRUE
    solid FALSE
    coord DEF co Coordinate {
      point [
        1.681903 0.353385 0.280604,
        1.681903 0.181587 0.218075,
        1.681903 -0.000000 0.196850,
        1.681903 -0.181587 0.218075,
        1.681903 -0.353385 0.280604,
        1.681903 -0.506132 0.381067,
        1.681903 -0.631593 0.514048,
        1.681903 -0.723005 0.672378,
        1.681903 -0.775439 0.847521,
        1.681903 -0.786069 1.030035,
        1.681903 -0.754322 1.210081,
        1.681903 -0.681910 1.377953,
        1.681903 -0.572735 1.524600,
        1.681903 -0.432684 1.642117,
        1.681903 -0.269307 1.724167,
        1.681903 -0.091412 1.766329,
        1.681903 0.000000 1.771654,
        1.681903 0.091412 1.766329,
        1.681903 0.269307 1.724167,
        1.681903 0.432684 1.642117,
        1.681903 0.572735 1.524600,
        1.681903 0.681910 1.377953,
        1.681903 0.754322 1.210081,
        1.681903 0.786069 1.030035,
        1.681903 0.775439 0.847521,
        1.681903 0.723005 0.672378,
        1.681903 0.631593 0.514048,
        1.681903 0.506132 0.381067,
        3.051181 0.000000 1.122047,
        3.051181 0.035664 1.117352,
        3.051181 0.068898 1.103586,
        3.051181 0.097436 1.081688,
        3.051181 0.119334 1.053150,
        3.051181 0.133100 1.019916,
        3.051181 0.137795 0.984252,
        3.051181 0.133100 0.948588,
        3.051181 0.119334 0.915354,
        3.051181 0.097436 0.886816,
        3.051181 0.068898 0.864918,
        3.051181 0.035664 0.851152,
        3.051181 0.000000 0.846457,
        3.051181 -0.035664 0.851152,
        3.051181 -0.068898 0.864918,
        3.051181 -0.097436 0.886816,
        3.051181 -0.119334 0.915354,
        3.051181 -0.133100 0.948588,
        3.051181 -0.137795 0.984252,
        3.051181 -0.133100 1.019916,
        3.051181 -0.119334 1.053150,
        3.051181 -0.097436 1.081688,
        3.051181 -0.068898 1.103586,
        3.051181 -0.035664 1.117352,
        3.051181 -0.240620 1.295865,
        3.051181 -0.057323 0.594747,
        3.051181 -0.167109 0.627776,
        3.051181 -0.113425 0.607244,
        3.051181 -0.302617 0.732412,
        3.051181 -0.262724 0.691035,
        3.051181 -0.217231 0.655906,
        3.051181 -0.140642 1.351975,
        3.051181 -0.192684 1.327578,
        3.051181 -0.362341 0.830274,
        3.051181 -0.336060 0.779157,
        3.051181 0.028738 1.376902,
        3.051181 -0.028738 1.376902,
        3.051181 -0.085602 1.368534,
        3.051181 0.140642 1.351975,
        3.051181 0.085602 1.368534,
        3.051181 -0.391339 0.941193,
        3.051181 -0.380899 0.884672,
        3.051181 -0.387152 1.055763,
        3.051181 -0.393438 0.998631,
        3.051181 -0.283427 1.257509,
        3.051181 -0.320193 1.213330,
        3.051181 -0.350135 1.164269,
        3.051181 -0.372614 1.111370,
        3.051181 0.167109 0.627776,
        3.051181 0.217231 0.655906,
        3.051181 0.000000 0.590551,
        3.051181 0.057323 0.594747,
        3.051181 0.113425 0.607244,
        3.051181 0.240620 1.295865,
        3.051181 0.192684 1.327578,
        3.051181 0.320193 1.213330,
        3.051181 0.283427 1.257509,
        3.051181 0.387152 1.055763,
        3.051181 0.372614 1.111370,
        3.051181 0.350135 1.164269,
        3.051181 0.391339 0.941193,
        3.051181 0.393438 0.998631,
        3.051181 0.362341 0.830274,
        3.051181 0.380899 0.884672,
        3.051181 0.262724 0.691035,
        3.051181 0.302617 0.732412,
        3.051181 0.336060 0.779157,
        1.870079 0.181146 0.220055,
        1.870079 0.226850 0.230236,
        1.961223 0.248239 0.159139,
        1.870079 0.352765 0.281709,
        1.870079 0.434463 0.327561,
        1.961223 0.475428 0.265641,
        1.870079 0.505244 0.382217,
        1.870079 0.525448 0.397817,
        1.961223 0.574993 0.342522,
        1.870079 0.630000 0.515188,
        1.870079 0.672120 0.574063,
        1.961223 0.735495 0.535386,
        1.870079 0.722739 0.672515,
        1.870079 0.724682 0.676296,
        1.961223 0.793012 0.647258,
        1.870079 0.773399 0.847898,
        1.870079 0.782678 0.898133,
        1.961223 0.856477 0.890013,
        1.870079 0.785016 1.029919,
        1.870079 0.774304 1.127273,
        1.961223 0.847313 1.140759,
        1.870079 0.752761 1.209673,
        1.870079 0.745228 1.238489,
        1.961223 0.815496 1.262461,
        1.870079 0.680316 1.376980,
        1.870079 0.640385 1.442409,
        1.961223 0.700768 1.485608,
        1.870079 0.572292 1.524231,
        1.870079 0.566853 1.530767,
        1.961223 0.620302 1.582298,
        1.870079 0.431527 1.640367,
        1.870079 0.385369 1.670905,
        1.961223 0.421705 1.735650,
        1.870079 0.269068 1.723373,
        1.870079 0.171205 1.752816,
        1.961223 0.187348 1.825283,
        1.870079 0.091157 1.764596,
        1.870079 0.057477 1.769553,
        1.961223 0.062896 1.843599,
        1.870079 -0.091157 1.764596,
        1.870079 -0.171205 1.752816,
        1.961223 -0.187348 1.825283,
        1.870079 -0.269068 1.723373,
        1.870079 -0.281284 1.719698,
        1.961223 -0.307806 1.789043,
        1.870079 -0.431527 1.640367,
        1.870079 -0.481239 1.607478,
        1.961223 -0.526615 1.666242,
        1.870079 -0.572292 1.524231,
        1.870079 -0.640385 1.442409,
        1.961223 -0.700768 1.485608,
        1.870079 -0.680316 1.376980,
        1.870079 -0.700269 1.344285,
        1.961223 -0.766298 1.378233,
        1.870079 -0.752761 1.209673,
        1.870079 -0.774304 1.127273,
        1.961223 -0.847313 1.140759,
        1.870079 -0.785016 1.029919,
        1.870079 -0.786876 1.013009,
        1.961223 -0.861071 1.015721,
        1.870079 -0.773399 0.847898,
        1.870079 -0.761798 0.785092,
        1.961223 -0.833628 0.766313,
        1.870079 -0.722739 0.672515,
        1.870079 -0.672120 0.574063,
        1.961223 -0.735495 0.535386,
        1.870079 -0.630000 0.515188,
        1.870079 -0.605234 0.480572,
        1.961223 -0.662302 0.433080,
        1.870079 -0.505244 0.382217,
        1.870079 -0.434463 0.327561,
        1.961223 -0.475428 0.265641,
        1.870079 -0.352765 0.281709,
        1.870079 -0.334218 0.271300,
        1.961223 -0.365731 0.204076,
        1.870079 -0.181146 0.220055,
        1.870079 -0.114646 0.205241,
        1.961223 -0.125457 0.131789,
        3.022812 0.000000 0.476469,
        3.022812 -0.073934 0.481881,
        2.975815 0.000000 0.368717,
        2.975815 -0.089623 0.375276,
        2.911507 0.000000 0.270310,
        2.911507 -0.103951 0.277918,
        2.831687 0.000000 0.184007,
        2.831687 -0.116517 0.192535,
        2.738593 0.000000 0.112223,
        2.738593 -0.126969 0.121516,
        2.634831 0.000000 0.056970,
        2.634831 -0.135013 0.066852,
        2.523307 0.000000 0.019796,
        2.523307 -0.140426 0.030074,
        2.407146 0.000000 0.001741,
        2.407146 -0.143055 0.012211,
        2.289600 0.000000 0.003311,
        2.289600 -0.142826 0.013765,
        2.173963 0.000000 0.024462,
        2.173963 -0.139746 0.034690,
        2.063472 0.000000 0.064602,
        2.063472 -0.133902 0.074402,
        1.961223 0.000000 0.122606,
        1.870079 -0.000000 0.196850,
        1.870079 -0.226850 0.230236,
        1.961223 -0.248239 0.159139,
        2.063472 -0.264950 0.103594,
        2.173963 -0.276515 0.065157,
        2.289600 -0.282608 0.044902,
        2.407146 -0.283061 0.043399,
        2.523307 -0.277859 0.060689,
        2.634831 -0.267149 0.096287,
        2.738593 -0.251231 0.149197,
        2.831687 -0.230550 0.217937,
        2.911507 -0.205686 0.300581,
        2.975815 -0.177335 0.394815,
        3.022812 -0.146292 0.497999,
        3.022812 -0.215531 0.524481,
        2.975815 -0.261268 0.426917,
        2.911507 -0.303037 0.337815,
        2.831687 -0.339670 0.259671,
        2.738593 -0.370139 0.194675,
        2.634831 -0.393591 0.144646,
        2.523307 -0.409370 0.110987,
        2.407146 -0.417033 0.094639,
        2.289600 -0.416367 0.096061,
        2.173963 -0.407389 0.115212,
        2.063472 -0.390352 0.151556,
        2.063472 -0.507433 0.217266,
        2.173963 -0.529581 0.183789,
        2.289600 -0.541252 0.166149,
        2.407146 -0.542118 0.164840,
        2.523307 -0.532156 0.179898,
        2.634831 -0.511644 0.210901,
        2.738593 -0.481157 0.256982,
        2.831687 -0.441550 0.316849,
        2.911507 -0.393930 0.388826,
        2.975815 -0.339633 0.470897,
        3.022812 -0.280178 0.560763,
        1.870079 -0.525448 0.397817,
        1.961223 -0.574993 0.342522,
        2.063472 -0.613700 0.299322,
        2.173963 -0.640486 0.269427,
        2.289600 -0.654600 0.253674,
        2.407146 -0.655648 0.252505,
        2.523307 -0.643600 0.265952,
        2.634831 -0.618793 0.293639,
        2.738593 -0.581921 0.334789,
        2.831687 -0.534019 0.388252,
        2.911507 -0.476427 0.452528,
        2.975815 -0.410758 0.525818,
        3.022812 -0.338853 0.606070,
        3.022812 -0.390306 0.659437,
        2.975815 -0.473130 0.590511,
        2.911507 -0.548769 0.527563,
        2.831687 -0.615106 0.472357,
        2.738593 -0.670282 0.426439,
        2.634831 -0.712752 0.391095,
        2.523307 -0.741326 0.367315,
        2.407146 -0.755204 0.355766,
        2.289600 -0.753998 0.356770,
        2.173963 -0.737740 0.370300,
        2.063472 -0.706886 0.395977,
        2.063472 -0.785007 0.505169,
        2.173963 -0.819270 0.484259,
        2.289600 -0.837324 0.473240,
        2.407146 -0.838665 0.472422,
        2.523307 -0.823253 0.481828,
        2.634831 -0.791521 0.501194,
        2.738593 -0.744358 0.529977,
        2.831687 -0.683084 0.567372,
        2.911507 -0.609416 0.612331,
        2.975815 -0.525417 0.663594,
        3.022812 -0.433440 0.719728,
        1.870079 -0.724682 0.676296,
        1.961223 -0.793012 0.647258,
        2.063472 -0.846396 0.624572,
        2.173963 -0.883339 0.608874,
        2.289600 -0.902805 0.600601,
        2.407146 -0.904250 0.599987,
        2.523307 -0.887633 0.607049,
        2.634831 -0.853420 0.621588,
        2.738593 -0.802569 0.643197,
        2.831687 -0.736503 0.671272,
        2.911507 -0.657074 0.705026,
        2.975815 -0.566506 0.743513,
        3.022812 -0.467336 0.785656,
        3.022812 -0.491271 0.855817,
        2.975815 -0.595520 0.828563,
        2.911507 -0.690727 0.803672,
        2.831687 -0.774224 0.781843,
        2.738593 -0.843674 0.763687,
        2.634831 -0.897130 0.749711,
        2.523307 -0.933095 0.740309,
        2.407146 -0.950563 0.735742,
        2.289600 -0.949044 0.736139,
        2.173963 -0.928581 0.741489,
        2.063472 -0.889746 0.751642,
        1.870079 -0.782678 0.898133,
        1.961223 -0.856477 0.890013,
        2.063472 -0.914133 0.883669,
        2.173963 -0.954032 0.879279,
        2.289600 -0.975056 0.876965,
        2.407146 -0.976617 0.876794,
        2.523307 -0.958670 0.878768,
        2.634831 -0.921719 0.882834,
        2.738593 -0.866797 0.888877,
        2.831687 -0.795445 0.896728,
        2.911507 -0.709659 0.906167,
        2.975815 -0.611843 0.916930,
        3.022812 -0.504736 0.928715,
        3.022812 -0.507444 1.002797,
        2.975815 -0.615125 1.006733,
        2.911507 -0.713466 1.010327,
        2.831687 -0.799711 1.013478,
        2.738593 -0.871447 1.016100,
        2.634831 -0.926663 1.018118,
        2.523307 -0.963813 1.019476,
        2.407146 -0.981856 1.020135,
        2.289600 -0.980287 1.020078,
        2.173963 -0.959150 1.019306,
        2.063472 -0.919036 1.017839,
        2.063472 -0.904352 1.151294,
        2.173963 -0.943824 1.158585,
        2.289600 -0.964624 1.162427,
        2.407146 -0.966168 1.162712,
        2.523307 -0.948413 1.159433,
        2.634831 -0.911857 1.152680,
        2.738593 -0.857523 1.142644,
        2.831687 -0.786934 1.129606,
        2.911507 -0.702066 1.113930,
        2.975815 -0.605296 1.096056,
        3.022812 -0.499336 1.076484,
        1.870079 -0.745228 1.238489,
        1.961223 -0.815496 1.262461,
        2.063472 -0.870393 1.281189,
        2.173963 -0.908383 1.294149,
        2.289600 -0.928402 1.300979,
        2.407146 -0.929887 1.301485,
        2.523307 -0.912800 1.295656,
        2.634831 -0.877616 1.283653,
        2.738593 -0.825323 1.265813,
        2.831687 -0.757384 1.242635,
        2.911507 -0.675703 1.214770,
        2.975815 -0.582567 1.182996,
        3.022812 -0.480585 1.148205,
        3.022812 -0.451593 1.216431,
        2.975815 -0.547422 1.265701,
        2.911507 -0.634939 1.310696,
        2.831687 -0.711692 1.350158,
        2.738593 -0.775532 1.382980,
        2.634831 -0.824670 1.408244,
        2.523307 -0.857731 1.425242,
        2.407146 -0.873789 1.433498,
        2.289600 -0.872392 1.432780,
        2.173963 -0.853581 1.423109,
        2.063472 -0.817883 1.404755,
        2.063472 -0.747942 1.519359,
        2.173963 -0.780587 1.542714,
        2.289600 -0.797789 1.555021,
        2.407146 -0.799066 1.555935,
        2.523307 -0.784382 1.545429,
        2.634831 -0.754148 1.523799,
        2.738593 -0.709212 1.491650,
        2.831687 -0.650831 1.449882,
        2.911507 -0.580642 1.399665,
        2.975815 -0.500609 1.342407,
        3.022812 -0.412974 1.279710,
        1.870079 -0.566853 1.530767,
        1.961223 -0.620302 1.582298,
        2.063472 -0.662059 1.622557,
        2.173963 -0.690956 1.650417,
        2.289600 -0.706183 1.665098,
        2.407146 -0.707313 1.666187,
        2.523307 -0.694315 1.653656,
        2.634831 -0.667553 1.627854,
        2.738593 -0.627776 1.589505,
        2.831687 -0.576099 1.539681,
        2.911507 -0.513969 1.479781,
        2.975815 -0.443126 1.411479,
        3.022812 -0.365554 1.336691,
        3.022812 -0.310343 1.386160,
        2.975815 -0.376199 1.471446,
        2.911507 -0.436343 1.549335,
        2.831687 -0.489089 1.617643,
        2.738593 -0.532961 1.674460,
        2.634831 -0.566730 1.718192,
        2.523307 -0.589450 1.747615,
        2.407146 -0.600485 1.761906,
        2.289600 -0.599525 1.760663,
        2.173963 -0.586598 1.743922,
        2.063472 -0.562066 1.712152,
        1.870079 -0.385369 1.670905,
        1.961223 -0.421705 1.735650,
        2.063472 -0.450093 1.786232,
        2.173963 -0.469738 1.821236,
        2.289600 -0.480090 1.839681,
        2.407146 -0.480858 1.841050,
        2.523307 -0.472022 1.825305,
        2.634831 -0.453828 1.792887,
        2.738593 -0.426786 1.744704,
        2.831687 -0.391654 1.682106,
        2.911507 -0.349416 1.606844,
        2.975815 -0.301254 1.521030,
        3.022812 -0.248518 1.427063,
        3.022812 -0.181396 1.458529,
        2.975815 -0.219888 1.559172,
        2.911507 -0.255042 1.651085,
        2.831687 -0.285872 1.731694,
        2.738593 -0.311516 1.798741,
        2.634831 -0.331254 1.850348,
        2.523307 -0.344533 1.885069,
        2.407146 -0.350983 1.901933,
        2.289600 -0.350422 1.900467,
        2.173963 -0.342867 1.880711,
        2.063472 -0.328528 1.843220,
        2.063472 -0.199959 1.881900,
        2.173963 -0.208687 1.921080,
        2.289600 -0.213286 1.941725,
        2.407146 -0.213628 1.943257,
        2.523307 -0.209702 1.925634,
        2.634831 -0.201619 1.889349,
        2.738593 -0.189606 1.835419,
        2.831687 -0.173998 1.765352,
        2.911507 -0.155233 1.681113,
        2.975815 -0.133836 1.585061,
        3.022812 -0.110407 1.479886,
        1.870079 -0.057477 1.769553,
        1.961223 -0.062896 1.843599,
        2.063472 -0.067130 1.901448,
        2.173963 -0.070060 1.941481,
        2.289600 -0.071604 1.962576,
        2.407146 -0.071719 1.964142,
        2.523307 -0.070401 1.946135,
        2.634831 -0.067687 1.909059,
        2.738593 -0.063654 1.853954,
        2.831687 -0.058414 1.782363,
        2.911507 -0.052115 1.696289,
        2.975815 -0.044931 1.598145,
        3.022812 -0.037066 1.490680,
        3.022812 0.037066 1.490680,
        2.975815 0.044931 1.598145,
        2.911507 0.052115 1.696289,
        2.831687 0.058414 1.782363,
        2.738593 0.063654 1.853954,
        2.634831 0.067687 1.909059,
        2.523307 0.070401 1.946135,
        2.407146 0.071719 1.964142,
        2.289600 0.071604 1.962576,
        2.173963 0.070060 1.941481,
        2.063472 0.067130 1.901448,
        2.063472 0.199959 1.881900,
        2.173963 0.208687 1.921080,
        2.289600 0.213286 1.941725,
        2.407146 0.213628 1.943257,
        2.523307 0.209702 1.925634,
        2.634831 0.201619 1.889349,
        2.738593 0.189606 1.835419,
        2.831687 0.173998 1.765352,
        2.911507 0.155233 1.681113,
        2.975815 0.133836 1.585061,
        3.022812 0.110407 1.479886,
        1.870079 0.281284 1.719698,
        1.961223 0.307806 1.789043,
        2.063472 0.328528 1.843220,
        2.173963 0.342867 1.880711,
        2.289600 0.350422 1.900467,
        2.407146 0.350983 1.901933,
        2.523307 0.344533 1.885069,
        2.634831 0.331254 1.850348,
        2.738593 0.311516 1.798741,
        2.831687 0.285872 1.731694,
        2.911507 0.255042 1.651085,
        2.975815 0.219888 1.559172,
        3.022812 0.181396 1.458529,
        3.022812 0.248518 1.427063,
        2.975815 0.301254 1.521030,
        2.911507 0.349416 1.606844,
        2.831687 0.391654 1.682106,
        2.738593 0.426786 1.744704,
        2.634831 0.453828 1.792887,
        2.523307 0.472022 1.825305,
        2.407146 0.480858 1.841050,
        2.289600 0.480090 1.839681,
        2.173963 0.469738 1.821236,
        2.063472 0.450093 1.786232,
        1.870079 0.481239 1.607478,
        1.961223 0.526615 1.666242,
        2.063472 0.562066 1.712152,
        2.173963 0.586598 1.743922,
        2.289600 0.599525 1.760663,
        2.407146 0.600485 1.761906,
        2.523307 0.589450 1.747615,
        2.634831 0.566730 1.718192,
        2.738593 0.532961 1.674460,
        2.831687 0.489089 1.617643,
        2.911507 0.436343 1.549335,
        2.975815 0.376199 1.471446,
        3.022812 0.310343 1.386160,
        3.022812 0.365554 1.336691,
        2.975815 0.443126 1.411479,
        2.911507 0.513969 1.479781,
        2.831687 0.576099 1.539681,
        2.738593 0.627776 1.589505,
        2.634831 0.667553 1.627854,
        2.523307 0.694315 1.653656,
        2.407146 0.707313 1.666187,
        2.289600 0.706183 1.665098,
        2.173963 0.690956 1.650417,
        2.063472 0.662059 1.622557,
        2.063472 0.747942 1.519359,
        2.173963 0.780587 1.542714,
        2.289600 0.797789 1.555021,
        2.407146 0.799066 1.555935,
        2.523307 0.784382 1.545429,
        2.634831 0.754148 1.523799,
        2.738593 0.709212 1.491650,
        2.831687 0.650831 1.449882,
        2.911507 0.580642 1.399665,
        2.975815 0.500609 1.342407,
        3.022812 0.412974 1.279710,
        1.870079 0.700269 1.344285,
        1.961223 0.766298 1.378233,
        2.063472 0.817883 1.404755,
        2.173963 0.853581 1.423109,
        2.289600 0.872392 1.432780,
        2.407146 0.873789 1.433498,
        2.523307 0.857731 1.425242,
        2.634831 0.824670 1.408244,
        2.738593 0.775532 1.382980,
        2.831687 0.711692 1.350158,
        2.911507 0.634939 1.310696,
        2.975815 0.547422 1.265701,
        3.022812 0.451593 1.216431,
        3.022812 0.480585 1.148205,
        2.975815 0.582567 1.182996,
        2.911507 0.675703 1.214770,
        2.831687 0.757384 1.242635,
        2.738593 0.825323 1.265813,
        2.634831 0.877616 1.283653,
        2.523307 0.912800 1.295656,
        2.407146 0.929887 1.301485,
        2.289600 0.928402 1.300979,
        2.173963 0.908383 1.294149,
        2.063472 0.870393 1.281189,
        2.063472 0.904352 1.151294,
        2.173963 0.943824 1.158585,
        2.289600 0.964624 1.162427,
        2.407146 0.966168 1.162712,
        2.523307 0.948413 1.159433,
        2.634831 0.911857 1.152680,
        2.738593 0.857523 1.142644,
        2.831687 0.786934 1.129606,
        2.911507 0.702066 1.113930,
        2.975815 0.605296 1.096056,
        3.022812 0.499336 1.076484,
        1.870079 0.786876 1.013009,
        1.961223 0.861071 1.015721,
        2.063472 0.919036 1.017839,
        2.173963 0.959150 1.019306,
        2.289600 0.980287 1.020078,
        2.407146 0.981856 1.020135,
        2.523307 0.963813 1.019476,
        2.634831 0.926663 1.018118,
        2.738593 0.871447 1.016100,
        2.831687 0.799711 1.013478,
        2.911507 0.713466 1.010327,
        2.975815 0.615125 1.006733,
        3.022812 0.507444 1.002797,
        3.022812 0.504736 0.928715,
        2.975815 0.611843 0.916930,
        2.911507 0.709659 0.906167,
        2.831687 0.795445 0.896728,
        2.738593 0.866797 0.888877,
        2.634831 0.921719 0.882834,
        2.523307 0.958670 0.878768,
        2.407146 0.976617 0.876794,
        2.289600 0.975056 0.876965,
        2.173963 0.954032 0.879279,
        2.063472 0.914133 0.883669,
        1.870079 0.761798 0.785092,
        1.961223 0.833628 0.766313,
        2.063472 0.889746 0.751642,
        2.173963 0.928581 0.741489,
        2.289600 0.949044 0.736139,
        2.407146 0.950563 0.735742,
        2.523307 0.933095 0.740309,
        2.634831 0.897130 0.749711,
        2.738593 0.843674 0.763687,
        2.831687 0.774224 0.781843,
        2.911507 0.690727 0.803672,
        2.975815 0.595520 0.828563,
        3.022812 0.491271 0.855817,
        3.022812 0.467336 0.785656,
        2.975815 0.566506 0.743513,
        2.911507 0.657074 0.705026,
        2.831687 0.736503 0.671272,
        2.738593 0.802569 0.643197,
        2.634831 0.853420 0.621588,
        2.523307 0.887633 0.607049,
        2.407146 0.904250 0.599987,
        2.289600 0.902805 0.600601,
        2.173963 0.883339 0.608874,
        2.063472 0.846396 0.624572,
        2.063472 0.785007 0.505169,
        2.173963 0.819270 0.484259,
        2.289600 0.837324 0.473240,
        2.407146 0.838665 0.472422,
        2.523307 0.823253 0.481828,
        2.634831 0.791521 0.501194,
        2.738593 0.744358 0.529977,
        2.831687 0.683084 0.567372,
        2.911507 0.609416 0.612331,
        2.975815 0.525417 0.663594,
        3.022812 0.433440 0.719728,
        1.870079 0.605234 0.480572,
        1.961223 0.662302 0.433080,
        2.063472 0.706886 0.395977,
        2.173963 0.737740 0.370300,
        2.289600 0.753998 0.356770,
        2.407146 0.755204 0.355766,
        2.523307 0.741326 0.367315,
        2.634831 0.712752 0.391095,
        2.738593 0.670282 0.426439,
        2.831687 0.615106 0.472357,
        2.911507 0.548769 0.527563,
        2.975815 0.473130 0.590511,
        3.022812 0.390306 0.659437,
        3.022812 0.338853 0.606070,
        2.975815 0.410758 0.525818,
        2.911507 0.476427 0.452528,
        2.831687 0.534019 0.388252,
        2.738593 0.581921 0.334789,
        2.634831 0.618793 0.293639,
        2.523307 0.643600 0.265952,
        2.407146 0.655648 0.252505,
        2.289600 0.654600 0.253674,
        2.173963 0.640486 0.269427,
        2.063472 0.613700 0.299322,
        2.063472 0.507433 0.217266,
        2.173963 0.529581 0.183789,
        2.289600 0.541252 0.166149,
        2.407146 0.542118 0.164840,
        2.523307 0.532156 0.179898,
        2.634831 0.511644 0.210901,
        2.738593 0.481157 0.256982,
        2.831687 0.441550 0.316849,
        2.911507 0.393930 0.388826,
        2.975815 0.339633 0.470897,
        3.022812 0.280178 0.560763,
        1.870079 0.334218 0.271300,
        1.961223 0.365731 0.204076,
        2.063472 0.390352 0.151556,
        2.173963 0.407389 0.115212,
        2.289600 0.416367 0.096061,
        2.407146 0.417033 0.094639,
        2.523307 0.409370 0.110987,
        2.634831 0.393591 0.144646,
        2.738593 0.370139 0.194675,
        2.831687 0.339670 0.259671,
        2.911507 0.303037 0.337815,
        2.975815 0.261268 0.426917,
        3.022812 0.215531 0.524481,
        3.022812 0.146292 0.497999,
        2.975815 0.177335 0.394815,
        2.911507 0.205686 0.300581,
        2.831687 0.230550 0.217937,
        2.738593 0.251231 0.149197,
        2.634831 0.267149 0.096287,
        2.523307 0.277859 0.060689,
        2.407146 0.283061 0.043399,
        2.289600 0.282608 0.044902,
        2.173963 0.276515 0.065157,
        2.063472 0.264950 0.103594,
        1.870079 0.114646 0.205241,
        1.961223 0.125457 0.131789,
        2.063472 0.133902 0.074402,
        2.173963 0.139746 0.034690,
        2.289600 0.142826 0.013765,
        2.407146 0.143055 0.012211,
        2.523307 0.140426 0.030074,
        2.634831 0.135013 0.066852,
        2.738593 0.126969 0.121516,
        2.831687 0.116517 0.192535,
        2.911507 0.103951 0.277918,
        2.975815 0.089623 0.375276,
        3.022812 0.073934 0.481881,
      ]
    }
    coordIndex [
      52, 49, 50, -1,
      40, 41, 53, -1,
      42, 54, 41, -1,
      41, 54, 55, -1,
      41, 55, 53, -1,
      44, 56, 43, -1,
      43, 56, 57, -1,
      43, 57, 42, -1,
      42, 57, 58, -1,
      42, 58, 54, -1,
      51, 59, 50, -1,
      50, 59, 60, -1,
      50, 60, 52, -1,
      45, 61, 44, -1,
      44, 61, 62, -1,
      44, 62, 56, -1,
      29, 63, 28, -1,
      28, 63, 64, -1,
      28, 64, 51, -1,
      51, 64, 65, -1,
      51, 65, 59, -1,
      30, 66, 29, -1,
      29, 66, 67, -1,
      29, 67, 63, -1,
      46, 68, 45, -1,
      45, 68, 69, -1,
      45, 69, 61, -1,
      47, 70, 46, -1,
      46, 70, 71, -1,
      46, 71, 68, -1,
      52, 72, 49, -1,
      49, 72, 73, -1,
      49, 73, 48, -1,
      48, 73, 74, -1,
      48, 74, 47, -1,
      47, 74, 75, -1,
      47, 75, 70, -1,
      39, 76, 38, -1,
      38, 76, 77, -1,
      38, 77, 37, -1,
      53, 78, 40, -1,
      40, 78, 79, -1,
      40, 79, 39, -1,
      39, 79, 80, -1,
      39, 80, 76, -1,
      31, 81, 30, -1,
      30, 81, 82, -1,
      30, 82, 66, -1,
      32, 83, 31, -1,
      31, 83, 84, -1,
      31, 84, 81, -1,
      34, 85, 33, -1,
      33, 85, 86, -1,
      33, 86, 32, -1,
      32, 86, 87, -1,
      32, 87, 83, -1,
      35, 88, 34, -1,
      34, 88, 89, -1,
      34, 89, 85, -1,
      36, 90, 35, -1,
      35, 90, 91, -1,
      35, 91, 88, -1,
      77, 92, 37, -1,
      37, 92, 93, -1,
      37, 93, 36, -1,
      36, 93, 94, -1,
      36, 94, 90, -1,
      95, 96, 97, -1,
      98, 99, 100, -1,
      101, 102, 103, -1,
      104, 105, 106, -1,
      107, 108, 109, -1,
      110, 111, 112, -1,
      113, 114, 115, -1,
      116, 117, 118, -1,
      119, 120, 121, -1,
      122, 123, 124, -1,
      125, 126, 127, -1,
      128, 129, 130, -1,
      131, 132, 133, -1,
      134, 135, 136, -1,
      137, 138, 139, -1,
      140, 141, 142, -1,
      143, 144, 145, -1,
      146, 147, 148, -1,
      149, 150, 151, -1,
      152, 153, 154, -1,
      155, 156, 157, -1,
      158, 159, 160, -1,
      161, 162, 163, -1,
      164, 165, 166, -1,
      167, 168, 169, -1,
      170, 171, 172, -1,
      78, 53, 173, -1,
      173, 53, 174, -1,
      173, 174, 175, -1,
      175, 174, 176, -1,
      175, 176, 177, -1,
      177, 176, 178, -1,
      177, 178, 179, -1,
      179, 178, 180, -1,
      179, 180, 181, -1,
      181, 180, 182, -1,
      181, 182, 183, -1,
      183, 182, 184, -1,
      183, 184, 185, -1,
      185, 184, 186, -1,
      185, 186, 187, -1,
      187, 186, 188, -1,
      187, 188, 189, -1,
      189, 188, 190, -1,
      189, 190, 191, -1,
      191, 190, 192, -1,
      191, 192, 193, -1,
      193, 192, 194, -1,
      193, 194, 195, -1,
      195, 194, 172, -1,
      195, 172, 196, -1,
      196, 172, 171, -1,
      197, 170, 198, -1,
      198, 170, 172, -1,
      198, 172, 199, -1,
      199, 172, 194, -1,
      199, 194, 200, -1,
      200, 194, 192, -1,
      200, 192, 201, -1,
      201, 192, 190, -1,
      201, 190, 202, -1,
      202, 190, 188, -1,
      202, 188, 203, -1,
      203, 188, 186, -1,
      203, 186, 204, -1,
      204, 186, 184, -1,
      204, 184, 205, -1,
      205, 184, 182, -1,
      205, 182, 206, -1,
      206, 182, 180, -1,
      206, 180, 207, -1,
      207, 180, 178, -1,
      207, 178, 208, -1,
      208, 178, 176, -1,
      208, 176, 209, -1,
      209, 176, 174, -1,
      209, 174, 55, -1,
      55, 174, 53, -1,
      55, 54, 209, -1,
      209, 54, 210, -1,
      209, 210, 208, -1,
      208, 210, 211, -1,
      208, 211, 207, -1,
      207, 211, 212, -1,
      207, 212, 206, -1,
      206, 212, 213, -1,
      206, 213, 205, -1,
      205, 213, 214, -1,
      205, 214, 204, -1,
      204, 214, 215, -1,
      204, 215, 203, -1,
      203, 215, 216, -1,
      203, 216, 202, -1,
      202, 216, 217, -1,
      202, 217, 201, -1,
      201, 217, 218, -1,
      201, 218, 200, -1,
      200, 218, 219, -1,
      200, 219, 199, -1,
      199, 219, 220, -1,
      199, 220, 198, -1,
      198, 220, 169, -1,
      198, 169, 197, -1,
      197, 169, 168, -1,
      165, 167, 166, -1,
      166, 167, 169, -1,
      166, 169, 221, -1,
      221, 169, 220, -1,
      221, 220, 222, -1,
      222, 220, 219, -1,
      222, 219, 223, -1,
      223, 219, 218, -1,
      223, 218, 224, -1,
      224, 218, 217, -1,
      224, 217, 225, -1,
      225, 217, 216, -1,
      225, 216, 226, -1,
      226, 216, 215, -1,
      226, 215, 227, -1,
      227, 215, 214, -1,
      227, 214, 228, -1,
      228, 214, 213, -1,
      228, 213, 229, -1,
      229, 213, 212, -1,
      229, 212, 230, -1,
      230, 212, 211, -1,
      230, 211, 231, -1,
      231, 211, 210, -1,
      231, 210, 58, -1,
      58, 210, 54, -1,
      232, 164, 233, -1,
      233, 164, 166, -1,
      233, 166, 234, -1,
      234, 166, 221, -1,
      234, 221, 235, -1,
      235, 221, 222, -1,
      235, 222, 236, -1,
      236, 222, 223, -1,
      236, 223, 237, -1,
      237, 223, 224, -1,
      237, 224, 238, -1,
      238, 224, 225, -1,
      238, 225, 239, -1,
      239, 225, 226, -1,
      239, 226, 240, -1,
      240, 226, 227, -1,
      240, 227, 241, -1,
      241, 227, 228, -1,
      241, 228, 242, -1,
      242, 228, 229, -1,
      242, 229, 243, -1,
      243, 229, 230, -1,
      243, 230, 244, -1,
      244, 230, 231, -1,
      244, 231, 57, -1,
      57, 231, 58, -1,
      57, 56, 244, -1,
      244, 56, 245, -1,
      244, 245, 243, -1,
      243, 245, 246, -1,
      243, 246, 242, -1,
      242, 246, 247, -1,
      242, 247, 241, -1,
      241, 247, 248, -1,
      241, 248, 240, -1,
      240, 248, 249, -1,
      240, 249, 239, -1,
      239, 249, 250, -1,
      239, 250, 238, -1,
      238, 250, 251, -1,
      238, 251, 237, -1,
      237, 251, 252, -1,
      237, 252, 236, -1,
      236, 252, 253, -1,
      236, 253, 235, -1,
      235, 253, 254, -1,
      235, 254, 234, -1,
      234, 254, 255, -1,
      234, 255, 233, -1,
      233, 255, 163, -1,
      233, 163, 232, -1,
      232, 163, 162, -1,
      159, 161, 160, -1,
      160, 161, 163, -1,
      160, 163, 256, -1,
      256, 163, 255, -1,
      256, 255, 257, -1,
      257, 255, 254, -1,
      257, 254, 258, -1,
      258, 254, 253, -1,
      258, 253, 259, -1,
      259, 253, 252, -1,
      259, 252, 260, -1,
      260, 252, 251, -1,
      260, 251, 261, -1,
      261, 251, 250, -1,
      261, 250, 262, -1,
      262, 250, 249, -1,
      262, 249, 263, -1,
      263, 249, 248, -1,
      263, 248, 264, -1,
      264, 248, 247, -1,
      264, 247, 265, -1,
      265, 247, 246, -1,
      265, 246, 266, -1,
      266, 246, 245, -1,
      266, 245, 62, -1,
      62, 245, 56, -1,
      267, 158, 268, -1,
      268, 158, 160, -1,
      268, 160, 269, -1,
      269, 160, 256, -1,
      269, 256, 270, -1,
      270, 256, 257, -1,
      270, 257, 271, -1,
      271, 257, 258, -1,
      271, 258, 272, -1,
      272, 258, 259, -1,
      272, 259, 273, -1,
      273, 259, 260, -1,
      273, 260, 274, -1,
      274, 260, 261, -1,
      274, 261, 275, -1,
      275, 261, 262, -1,
      275, 262, 276, -1,
      276, 262, 263, -1,
      276, 263, 277, -1,
      277, 263, 264, -1,
      277, 264, 278, -1,
      278, 264, 265, -1,
      278, 265, 279, -1,
      279, 265, 266, -1,
      279, 266, 61, -1,
      61, 266, 62, -1,
      61, 69, 279, -1,
      279, 69, 280, -1,
      279, 280, 278, -1,
      278, 280, 281, -1,
      278, 281, 277, -1,
      277, 281, 282, -1,
      277, 282, 276, -1,
      276, 282, 283, -1,
      276, 283, 275, -1,
      275, 283, 284, -1,
      275, 284, 274, -1,
      274, 284, 285, -1,
      274, 285, 273, -1,
      273, 285, 286, -1,
      273, 286, 272, -1,
      272, 286, 287, -1,
      272, 287, 271, -1,
      271, 287, 288, -1,
      271, 288, 270, -1,
      270, 288, 289, -1,
      270, 289, 269, -1,
      269, 289, 290, -1,
      269, 290, 268, -1,
      268, 290, 157, -1,
      268, 157, 267, -1,
      267, 157, 156, -1,
      291, 155, 292, -1,
      292, 155, 157, -1,
      292, 157, 293, -1,
      293, 157, 290, -1,
      293, 290, 294, -1,
      294, 290, 289, -1,
      294, 289, 295, -1,
      295, 289, 288, -1,
      295, 288, 296, -1,
      296, 288, 287, -1,
      296, 287, 297, -1,
      297, 287, 286, -1,
      297, 286, 298, -1,
      298, 286, 285, -1,
      298, 285, 299, -1,
      299, 285, 284, -1,
      299, 284, 300, -1,
      300, 284, 283, -1,
      300, 283, 301, -1,
      301, 283, 282, -1,
      301, 282, 302, -1,
      302, 282, 281, -1,
      302, 281, 303, -1,
      303, 281, 280, -1,
      303, 280, 68, -1,
      68, 280, 69, -1,
      68, 71, 303, -1,
      303, 71, 304, -1,
      303, 304, 302, -1,
      302, 304, 305, -1,
      302, 305, 301, -1,
      301, 305, 306, -1,
      301, 306, 300, -1,
      300, 306, 307, -1,
      300, 307, 299, -1,
      299, 307, 308, -1,
      299, 308, 298, -1,
      298, 308, 309, -1,
      298, 309, 297, -1,
      297, 309, 310, -1,
      297, 310, 296, -1,
      296, 310, 311, -1,
      296, 311, 295, -1,
      295, 311, 312, -1,
      295, 312, 294, -1,
      294, 312, 313, -1,
      294, 313, 293, -1,
      293, 313, 314, -1,
      293, 314, 292, -1,
      292, 314, 154, -1,
      292, 154, 291, -1,
      291, 154, 153, -1,
      150, 152, 151, -1,
      151, 152, 154, -1,
      151, 154, 315, -1,
      315, 154, 314, -1,
      315, 314, 316, -1,
      316, 314, 313, -1,
      316, 313, 317, -1,
      317, 313, 312, -1,
      317, 312, 318, -1,
      318, 312, 311, -1,
      318, 311, 319, -1,
      319, 311, 310, -1,
      319, 310, 320, -1,
      320, 310, 309, -1,
      320, 309, 321, -1,
      321, 309, 308, -1,
      321, 308, 322, -1,
      322, 308, 307, -1,
      322, 307, 323, -1,
      323, 307, 306, -1,
      323, 306, 324, -1,
      324, 306, 305, -1,
      324, 305, 325, -1,
      325, 305, 304, -1,
      325, 304, 70, -1,
      70, 304, 71, -1,
      326, 149, 327, -1,
      327, 149, 151, -1,
      327, 151, 328, -1,
      328, 151, 315, -1,
      328, 315, 329, -1,
      329, 315, 316, -1,
      329, 316, 330, -1,
      330, 316, 317, -1,
      330, 317, 331, -1,
      331, 317, 318, -1,
      331, 318, 332, -1,
      332, 318, 319, -1,
      332, 319, 333, -1,
      333, 319, 320, -1,
      333, 320, 334, -1,
      334, 320, 321, -1,
      334, 321, 335, -1,
      335, 321, 322, -1,
      335, 322, 336, -1,
      336, 322, 323, -1,
      336, 323, 337, -1,
      337, 323, 324, -1,
      337, 324, 338, -1,
      338, 324, 325, -1,
      338, 325, 75, -1,
      75, 325, 70, -1,
      75, 74, 338, -1,
      338, 74, 339, -1,
      338, 339, 337, -1,
      337, 339, 340, -1,
      337, 340, 336, -1,
      336, 340, 341, -1,
      336, 341, 335, -1,
      335, 341, 342, -1,
      335, 342, 334, -1,
      334, 342, 343, -1,
      334, 343, 333, -1,
      333, 343, 344, -1,
      333, 344, 332, -1,
      332, 344, 345, -1,
      332, 345, 331, -1,
      331, 345, 346, -1,
      331, 346, 330, -1,
      330, 346, 347, -1,
      330, 347, 329, -1,
      329, 347, 348, -1,
      329, 348, 328, -1,
      328, 348, 349, -1,
      328, 349, 327, -1,
      327, 349, 148, -1,
      327, 148, 326, -1,
      326, 148, 147, -1,
      144, 146, 145, -1,
      145, 146, 148, -1,
      145, 148, 350, -1,
      350, 148, 349, -1,
      350, 349, 351, -1,
      351, 349, 348, -1,
      351, 348, 352, -1,
      352, 348, 347, -1,
      352, 347, 353, -1,
      353, 347, 346, -1,
      353, 346, 354, -1,
      354, 346, 345, -1,
      354, 345, 355, -1,
      355, 345, 344, -1,
      355, 344, 356, -1,
      356, 344, 343, -1,
      356, 343, 357, -1,
      357, 343, 342, -1,
      357, 342, 358, -1,
      358, 342, 341, -1,
      358, 341, 359, -1,
      359, 341, 340, -1,
      359, 340, 360, -1,
      360, 340, 339, -1,
      360, 339, 73, -1,
      73, 339, 74, -1,
      361, 143, 362, -1,
      362, 143, 145, -1,
      362, 145, 363, -1,
      363, 145, 350, -1,
      363, 350, 364, -1,
      364, 350, 351, -1,
      364, 351, 365, -1,
      365, 351, 352, -1,
      365, 352, 366, -1,
      366, 352, 353, -1,
      366, 353, 367, -1,
      367, 353, 354, -1,
      367, 354, 368, -1,
      368, 354, 355, -1,
      368, 355, 369, -1,
      369, 355, 356, -1,
      369, 356, 370, -1,
      370, 356, 357, -1,
      370, 357, 371, -1,
      371, 357, 358, -1,
      371, 358, 372, -1,
      372, 358, 359, -1,
      372, 359, 373, -1,
      373, 359, 360, -1,
      373, 360, 72, -1,
      72, 360, 73, -1,
      72, 52, 373, -1,
      373, 52, 374, -1,
      373, 374, 372, -1,
      372, 374, 375, -1,
      372, 375, 371, -1,
      371, 375, 376, -1,
      371, 376, 370, -1,
      370, 376, 377, -1,
      370, 377, 369, -1,
      369, 377, 378, -1,
      369, 378, 368, -1,
      368, 378, 379, -1,
      368, 379, 367, -1,
      367, 379, 380, -1,
      367, 380, 366, -1,
      366, 380, 381, -1,
      366, 381, 365, -1,
      365, 381, 382, -1,
      365, 382, 364, -1,
      364, 382, 383, -1,
      364, 383, 363, -1,
      363, 383, 384, -1,
      363, 384, 362, -1,
      362, 384, 142, -1,
      362, 142, 361, -1,
      361, 142, 141, -1,
      385, 140, 386, -1,
      386, 140, 142, -1,
      386, 142, 387, -1,
      387, 142, 384, -1,
      387, 384, 388, -1,
      388, 384, 383, -1,
      388, 383, 389, -1,
      389, 383, 382, -1,
      389, 382, 390, -1,
      390, 382, 381, -1,
      390, 381, 391, -1,
      391, 381, 380, -1,
      391, 380, 392, -1,
      392, 380, 379, -1,
      392, 379, 393, -1,
      393, 379, 378, -1,
      393, 378, 394, -1,
      394, 378, 377, -1,
      394, 377, 395, -1,
      395, 377, 376, -1,
      395, 376, 396, -1,
      396, 376, 375, -1,
      396, 375, 397, -1,
      397, 375, 374, -1,
      397, 374, 60, -1,
      60, 374, 52, -1,
      60, 59, 397, -1,
      397, 59, 398, -1,
      397, 398, 396, -1,
      396, 398, 399, -1,
      396, 399, 395, -1,
      395, 399, 400, -1,
      395, 400, 394, -1,
      394, 400, 401, -1,
      394, 401, 393, -1,
      393, 401, 402, -1,
      393, 402, 392, -1,
      392, 402, 403, -1,
      392, 403, 391, -1,
      391, 403, 404, -1,
      391, 404, 390, -1,
      390, 404, 405, -1,
      390, 405, 389, -1,
      389, 405, 406, -1,
      389, 406, 388, -1,
      388, 406, 407, -1,
      388, 407, 387, -1,
      387, 407, 408, -1,
      387, 408, 386, -1,
      386, 408, 139, -1,
      386, 139, 385, -1,
      385, 139, 138, -1,
      135, 137, 136, -1,
      136, 137, 139, -1,
      136, 139, 409, -1,
      409, 139, 408, -1,
      409, 408, 410, -1,
      410, 408, 407, -1,
      410, 407, 411, -1,
      411, 407, 406, -1,
      411, 406, 412, -1,
      412, 406, 405, -1,
      412, 405, 413, -1,
      413, 405, 404, -1,
      413, 404, 414, -1,
      414, 404, 403, -1,
      414, 403, 415, -1,
      415, 403, 402, -1,
      415, 402, 416, -1,
      416, 402, 401, -1,
      416, 401, 417, -1,
      417, 401, 400, -1,
      417, 400, 418, -1,
      418, 400, 399, -1,
      418, 399, 419, -1,
      419, 399, 398, -1,
      419, 398, 65, -1,
      65, 398, 59, -1,
      420, 134, 421, -1,
      421, 134, 136, -1,
      421, 136, 422, -1,
      422, 136, 409, -1,
      422, 409, 423, -1,
      423, 409, 410, -1,
      423, 410, 424, -1,
      424, 410, 411, -1,
      424, 411, 425, -1,
      425, 411, 412, -1,
      425, 412, 426, -1,
      426, 412, 413, -1,
      426, 413, 427, -1,
      427, 413, 414, -1,
      427, 414, 428, -1,
      428, 414, 415, -1,
      428, 415, 429, -1,
      429, 415, 416, -1,
      429, 416, 430, -1,
      430, 416, 417, -1,
      430, 417, 431, -1,
      431, 417, 418, -1,
      431, 418, 432, -1,
      432, 418, 419, -1,
      432, 419, 64, -1,
      64, 419, 65, -1,
      64, 63, 432, -1,
      432, 63, 433, -1,
      432, 433, 431, -1,
      431, 433, 434, -1,
      431, 434, 430, -1,
      430, 434, 435, -1,
      430, 435, 429, -1,
      429, 435, 436, -1,
      429, 436, 428, -1,
      428, 436, 437, -1,
      428, 437, 427, -1,
      427, 437, 438, -1,
      427, 438, 426, -1,
      426, 438, 439, -1,
      426, 439, 425, -1,
      425, 439, 440, -1,
      425, 440, 424, -1,
      424, 440, 441, -1,
      424, 441, 423, -1,
      423, 441, 442, -1,
      423, 442, 422, -1,
      422, 442, 443, -1,
      422, 443, 421, -1,
      421, 443, 133, -1,
      421, 133, 420, -1,
      420, 133, 132, -1,
      129, 131, 130, -1,
      130, 131, 133, -1,
      130, 133, 444, -1,
      444, 133, 443, -1,
      444, 443, 445, -1,
      445, 443, 442, -1,
      445, 442, 446, -1,
      446, 442, 441, -1,
      446, 441, 447, -1,
      447, 441, 440, -1,
      447, 440, 448, -1,
      448, 440, 439, -1,
      448, 439, 449, -1,
      449, 439, 438, -1,
      449, 438, 450, -1,
      450, 438, 437, -1,
      450, 437, 451, -1,
      451, 437, 436, -1,
      451, 436, 452, -1,
      452, 436, 435, -1,
      452, 435, 453, -1,
      453, 435, 434, -1,
      453, 434, 454, -1,
      454, 434, 433, -1,
      454, 433, 67, -1,
      67, 433, 63, -1,
      455, 128, 456, -1,
      456, 128, 130, -1,
      456, 130, 457, -1,
      457, 130, 444, -1,
      457, 444, 458, -1,
      458, 444, 445, -1,
      458, 445, 459, -1,
      459, 445, 446, -1,
      459, 446, 460, -1,
      460, 446, 447, -1,
      460, 447, 461, -1,
      461, 447, 448, -1,
      461, 448, 462, -1,
      462, 448, 449, -1,
      462, 449, 463, -1,
      463, 449, 450, -1,
      463, 450, 464, -1,
      464, 450, 451, -1,
      464, 451, 465, -1,
      465, 451, 452, -1,
      465, 452, 466, -1,
      466, 452, 453, -1,
      466, 453, 467, -1,
      467, 453, 454, -1,
      467, 454, 66, -1,
      66, 454, 67, -1,
      66, 82, 467, -1,
      467, 82, 468, -1,
      467, 468, 466, -1,
      466, 468, 469, -1,
      466, 469, 465, -1,
      465, 469, 470, -1,
      465, 470, 464, -1,
      464, 470, 471, -1,
      464, 471, 463, -1,
      463, 471, 472, -1,
      463, 472, 462, -1,
      462, 472, 473, -1,
      462, 473, 461, -1,
      461, 473, 474, -1,
      461, 474, 460, -1,
      460, 474, 475, -1,
      460, 475, 459, -1,
      459, 475, 476, -1,
      459, 476, 458, -1,
      458, 476, 477, -1,
      458, 477, 457, -1,
      457, 477, 478, -1,
      457, 478, 456, -1,
      456, 478, 127, -1,
      456, 127, 455, -1,
      455, 127, 126, -1,
      479, 125, 480, -1,
      480, 125, 127, -1,
      480, 127, 481, -1,
      481, 127, 478, -1,
      481, 478, 482, -1,
      482, 478, 477, -1,
      482, 477, 483, -1,
      483, 477, 476, -1,
      483, 476, 484, -1,
      484, 476, 475, -1,
      484, 475, 485, -1,
      485, 475, 474, -1,
      485, 474, 486, -1,
      486, 474, 473, -1,
      486, 473, 487, -1,
      487, 473, 472, -1,
      487, 472, 488, -1,
      488, 472, 471, -1,
      488, 471, 489, -1,
      489, 471, 470, -1,
      489, 470, 490, -1,
      490, 470, 469, -1,
      490, 469, 491, -1,
      491, 469, 468, -1,
      491, 468, 81, -1,
      81, 468, 82, -1,
      81, 84, 491, -1,
      491, 84, 492, -1,
      491, 492, 490, -1,
      490, 492, 493, -1,
      490, 493, 489, -1,
      489, 493, 494, -1,
      489, 494, 488, -1,
      488, 494, 495, -1,
      488, 495, 487, -1,
      487, 495, 496, -1,
      487, 496, 486, -1,
      486, 496, 497, -1,
      486, 497, 485, -1,
      485, 497, 498, -1,
      485, 498, 484, -1,
      484, 498, 499, -1,
      484, 499, 483, -1,
      483, 499, 500, -1,
      483, 500, 482, -1,
      482, 500, 501, -1,
      482, 501, 481, -1,
      481, 501, 502, -1,
      481, 502, 480, -1,
      480, 502, 124, -1,
      480, 124, 479, -1,
      479, 124, 123, -1,
      120, 122, 121, -1,
      121, 122, 124, -1,
      121, 124, 503, -1,
      503, 124, 502, -1,
      503, 502, 504, -1,
      504, 502, 501, -1,
      504, 501, 505, -1,
      505, 501, 500, -1,
      505, 500, 506, -1,
      506, 500, 499, -1,
      506, 499, 507, -1,
      507, 499, 498, -1,
      507, 498, 508, -1,
      508, 498, 497, -1,
      508, 497, 509, -1,
      509, 497, 496, -1,
      509, 496, 510, -1,
      510, 496, 495, -1,
      510, 495, 511, -1,
      511, 495, 494, -1,
      511, 494, 512, -1,
      512, 494, 493, -1,
      512, 493, 513, -1,
      513, 493, 492, -1,
      513, 492, 83, -1,
      83, 492, 84, -1,
      514, 119, 515, -1,
      515, 119, 121, -1,
      515, 121, 516, -1,
      516, 121, 503, -1,
      516, 503, 517, -1,
      517, 503, 504, -1,
      517, 504, 518, -1,
      518, 504, 505, -1,
      518, 505, 519, -1,
      519, 505, 506, -1,
      519, 506, 520, -1,
      520, 506, 507, -1,
      520, 507, 521, -1,
      521, 507, 508, -1,
      521, 508, 522, -1,
      522, 508, 509, -1,
      522, 509, 523, -1,
      523, 509, 510, -1,
      523, 510, 524, -1,
      524, 510, 511, -1,
      524, 511, 525, -1,
      525, 511, 512, -1,
      525, 512, 526, -1,
      526, 512, 513, -1,
      526, 513, 87, -1,
      87, 513, 83, -1,
      87, 86, 526, -1,
      526, 86, 527, -1,
      526, 527, 525, -1,
      525, 527, 528, -1,
      525, 528, 524, -1,
      524, 528, 529, -1,
      524, 529, 523, -1,
      523, 529, 530, -1,
      523, 530, 522, -1,
      522, 530, 531, -1,
      522, 531, 521, -1,
      521, 531, 532, -1,
      521, 532, 520, -1,
      520, 532, 533, -1,
      520, 533, 519, -1,
      519, 533, 534, -1,
      519, 534, 518, -1,
      518, 534, 535, -1,
      518, 535, 517, -1,
      517, 535, 536, -1,
      517, 536, 516, -1,
      516, 536, 537, -1,
      516, 537, 515, -1,
      515, 537, 118, -1,
      515, 118, 514, -1,
      514, 118, 117, -1,
      114, 116, 115, -1,
      115, 116, 118, -1,
      115, 118, 538, -1,
      538, 118, 537, -1,
      538, 537, 539, -1,
      539, 537, 536, -1,
      539, 536, 540, -1,
      540, 536, 535, -1,
      540, 535, 541, -1,
      541, 535, 534, -1,
      541, 534, 542, -1,
      542, 534, 533, -1,
      542, 533, 543, -1,
      543, 533, 532, -1,
      543, 532, 544, -1,
      544, 532, 531, -1,
      544, 531, 545, -1,
      545, 531, 530, -1,
      545, 530, 546, -1,
      546, 530, 529, -1,
      546, 529, 547, -1,
      547, 529, 528, -1,
      547, 528, 548, -1,
      548, 528, 527, -1,
      548, 527, 85, -1,
      85, 527, 86, -1,
      549, 113, 550, -1,
      550, 113, 115, -1,
      550, 115, 551, -1,
      551, 115, 538, -1,
      551, 538, 552, -1,
      552, 538, 539, -1,
      552, 539, 553, -1,
      553, 539, 540, -1,
      553, 540, 554, -1,
      554, 540, 541, -1,
      554, 541, 555, -1,
      555, 541, 542, -1,
      555, 542, 556, -1,
      556, 542, 543, -1,
      556, 543, 557, -1,
      557, 543, 544, -1,
      557, 544, 558, -1,
      558, 544, 545, -1,
      558, 545, 559, -1,
      559, 545, 546, -1,
      559, 546, 560, -1,
      560, 546, 547, -1,
      560, 547, 561, -1,
      561, 547, 548, -1,
      561, 548, 89, -1,
      89, 548, 85, -1,
      89, 88, 561, -1,
      561, 88, 562, -1,
      561, 562, 560, -1,
      560, 562, 563, -1,
      560, 563, 559, -1,
      559, 563, 564, -1,
      559, 564, 558, -1,
      558, 564, 565, -1,
      558, 565, 557, -1,
      557, 565, 566, -1,
      557, 566, 556, -1,
      556, 566, 567, -1,
      556, 567, 555, -1,
      555, 567, 568, -1,
      555, 568, 554, -1,
      554, 568, 569, -1,
      554, 569, 553, -1,
      553, 569, 570, -1,
      553, 570, 552, -1,
      552, 570, 571, -1,
      552, 571, 551, -1,
      551, 571, 572, -1,
      551, 572, 550, -1,
      550, 572, 112, -1,
      550, 112, 549, -1,
      549, 112, 111, -1,
      573, 110, 574, -1,
      574, 110, 112, -1,
      574, 112, 575, -1,
      575, 112, 572, -1,
      575, 572, 576, -1,
      576, 572, 571, -1,
      576, 571, 577, -1,
      577, 571, 570, -1,
      577, 570, 578, -1,
      578, 570, 569, -1,
      578, 569, 579, -1,
      579, 569, 568, -1,
      579, 568, 580, -1,
      580, 568, 567, -1,
      580, 567, 581, -1,
      581, 567, 566, -1,
      581, 566, 582, -1,
      582, 566, 565, -1,
      582, 565, 583, -1,
      583, 565, 564, -1,
      583, 564, 584, -1,
      584, 564, 563, -1,
      584, 563, 585, -1,
      585, 563, 562, -1,
      585, 562, 91, -1,
      91, 562, 88, -1,
      91, 90, 585, -1,
      585, 90, 586, -1,
      585, 586, 584, -1,
      584, 586, 587, -1,
      584, 587, 583, -1,
      583, 587, 588, -1,
      583, 588, 582, -1,
      582, 588, 589, -1,
      582, 589, 581, -1,
      581, 589, 590, -1,
      581, 590, 580, -1,
      580, 590, 591, -1,
      580, 591, 579, -1,
      579, 591, 592, -1,
      579, 592, 578, -1,
      578, 592, 593, -1,
      578, 593, 577, -1,
      577, 593, 594, -1,
      577, 594, 576, -1,
      576, 594, 595, -1,
      576, 595, 575, -1,
      575, 595, 596, -1,
      575, 596, 574, -1,
      574, 596, 109, -1,
      574, 109, 573, -1,
      573, 109, 108, -1,
      105, 107, 106, -1,
      106, 107, 109, -1,
      106, 109, 597, -1,
      597, 109, 596, -1,
      597, 596, 598, -1,
      598, 596, 595, -1,
      598, 595, 599, -1,
      599, 595, 594, -1,
      599, 594, 600, -1,
      600, 594, 593, -1,
      600, 593, 601, -1,
      601, 593, 592, -1,
      601, 592, 602, -1,
      602, 592, 591, -1,
      602, 591, 603, -1,
      603, 591, 590, -1,
      603, 590, 604, -1,
      604, 590, 589, -1,
      604, 589, 605, -1,
      605, 589, 588, -1,
      605, 588, 606, -1,
      606, 588, 587, -1,
      606, 587, 607, -1,
      607, 587, 586, -1,
      607, 586, 94, -1,
      94, 586, 90, -1,
      608, 104, 609, -1,
      609, 104, 106, -1,
      609, 106, 610, -1,
      610, 106, 597, -1,
      610, 597, 611, -1,
      611, 597, 598, -1,
      611, 598, 612, -1,
      612, 598, 599, -1,
      612, 599, 613, -1,
      613, 599, 600, -1,
      613, 600, 614, -1,
      614, 600, 601, -1,
      614, 601, 615, -1,
      615, 601, 602, -1,
      615, 602, 616, -1,
      616, 602, 603, -1,
      616, 603, 617, -1,
      617, 603, 604, -1,
      617, 604, 618, -1,
      618, 604, 605, -1,
      618, 605, 619, -1,
      619, 605, 606, -1,
      619, 606, 620, -1,
      620, 606, 607, -1,
      620, 607, 93, -1,
      93, 607, 94, -1,
      93, 92, 620, -1,
      620, 92, 621, -1,
      620, 621, 619, -1,
      619, 621, 622, -1,
      619, 622, 618, -1,
      618, 622, 623, -1,
      618, 623, 617, -1,
      617, 623, 624, -1,
      617, 624, 616, -1,
      616, 624, 625, -1,
      616, 625, 615, -1,
      615, 625, 626, -1,
      615, 626, 614, -1,
      614, 626, 627, -1,
      614, 627, 613, -1,
      613, 627, 628, -1,
      613, 628, 612, -1,
      612, 628, 629, -1,
      612, 629, 611, -1,
      611, 629, 630, -1,
      611, 630, 610, -1,
      610, 630, 631, -1,
      610, 631, 609, -1,
      609, 631, 103, -1,
      609, 103, 608, -1,
      608, 103, 102, -1,
      99, 101, 100, -1,
      100, 101, 103, -1,
      100, 103, 632, -1,
      632, 103, 631, -1,
      632, 631, 633, -1,
      633, 631, 630, -1,
      633, 630, 634, -1,
      634, 630, 629, -1,
      634, 629, 635, -1,
      635, 629, 628, -1,
      635, 628, 636, -1,
      636, 628, 627, -1,
      636, 627, 637, -1,
      637, 627, 626, -1,
      637, 626, 638, -1,
      638, 626, 625, -1,
      638, 625, 639, -1,
      639, 625, 624, -1,
      639, 624, 640, -1,
      640, 624, 623, -1,
      640, 623, 641, -1,
      641, 623, 622, -1,
      641, 622, 642, -1,
      642, 622, 621, -1,
      642, 621, 77, -1,
      77, 621, 92, -1,
      643, 98, 644, -1,
      644, 98, 100, -1,
      644, 100, 645, -1,
      645, 100, 632, -1,
      645, 632, 646, -1,
      646, 632, 633, -1,
      646, 633, 647, -1,
      647, 633, 634, -1,
      647, 634, 648, -1,
      648, 634, 635, -1,
      648, 635, 649, -1,
      649, 635, 636, -1,
      649, 636, 650, -1,
      650, 636, 637, -1,
      650, 637, 651, -1,
      651, 637, 638, -1,
      651, 638, 652, -1,
      652, 638, 639, -1,
      652, 639, 653, -1,
      653, 639, 640, -1,
      653, 640, 654, -1,
      654, 640, 641, -1,
      654, 641, 655, -1,
      655, 641, 642, -1,
      655, 642, 76, -1,
      76, 642, 77, -1,
      76, 80, 655, -1,
      655, 80, 656, -1,
      655, 656, 654, -1,
      654, 656, 657, -1,
      654, 657, 653, -1,
      653, 657, 658, -1,
      653, 658, 652, -1,
      652, 658, 659, -1,
      652, 659, 651, -1,
      651, 659, 660, -1,
      651, 660, 650, -1,
      650, 660, 661, -1,
      650, 661, 649, -1,
      649, 661, 662, -1,
      649, 662, 648, -1,
      648, 662, 663, -1,
      648, 663, 647, -1,
      647, 663, 664, -1,
      647, 664, 646, -1,
      646, 664, 665, -1,
      646, 665, 645, -1,
      645, 665, 666, -1,
      645, 666, 644, -1,
      644, 666, 97, -1,
      644, 97, 643, -1,
      643, 97, 96, -1,
      667, 95, 668, -1,
      668, 95, 97, -1,
      668, 97, 669, -1,
      669, 97, 666, -1,
      669, 666, 670, -1,
      670, 666, 665, -1,
      670, 665, 671, -1,
      671, 665, 664, -1,
      671, 664, 672, -1,
      672, 664, 663, -1,
      672, 663, 673, -1,
      673, 663, 662, -1,
      673, 662, 674, -1,
      674, 662, 661, -1,
      674, 661, 675, -1,
      675, 661, 660, -1,
      675, 660, 676, -1,
      676, 660, 659, -1,
      676, 659, 677, -1,
      677, 659, 658, -1,
      677, 658, 678, -1,
      678, 658, 657, -1,
      678, 657, 679, -1,
      679, 657, 656, -1,
      679, 656, 79, -1,
      79, 656, 80, -1,
      79, 78, 679, -1,
      679, 78, 173, -1,
      679, 173, 678, -1,
      678, 173, 175, -1,
      678, 175, 677, -1,
      677, 175, 177, -1,
      677, 177, 676, -1,
      676, 177, 179, -1,
      676, 179, 675, -1,
      675, 179, 181, -1,
      675, 181, 674, -1,
      674, 181, 183, -1,
      674, 183, 673, -1,
      673, 183, 185, -1,
      673, 185, 672, -1,
      672, 185, 187, -1,
      672, 187, 671, -1,
      671, 187, 189, -1,
      671, 189, 670, -1,
      670, 189, 191, -1,
      670, 191, 669, -1,
      669, 191, 193, -1,
      669, 193, 668, -1,
      668, 193, 195, -1,
      668, 195, 667, -1,
      667, 195, 196, -1,
      170, 3, 171, -1,
      171, 3, 2, -1,
      170, 197, 3, -1,
      3, 197, 168, -1,
      3, 168, 4, -1,
      164, 5, 165, -1,
      165, 5, 4, -1,
      165, 4, 167, -1,
      167, 4, 168, -1,
      164, 232, 5, -1,
      5, 232, 162, -1,
      5, 162, 6, -1,
      158, 7, 159, -1,
      159, 7, 6, -1,
      159, 6, 161, -1,
      161, 6, 162, -1,
      155, 8, 156, -1,
      156, 8, 7, -1,
      156, 7, 267, -1,
      267, 7, 158, -1,
      155, 291, 8, -1,
      8, 291, 153, -1,
      8, 153, 9, -1,
      149, 10, 150, -1,
      150, 10, 9, -1,
      150, 9, 152, -1,
      152, 9, 153, -1,
      149, 326, 10, -1,
      10, 326, 147, -1,
      10, 147, 11, -1,
      143, 12, 144, -1,
      144, 12, 11, -1,
      144, 11, 146, -1,
      146, 11, 147, -1,
      140, 13, 141, -1,
      141, 13, 12, -1,
      141, 12, 361, -1,
      361, 12, 143, -1,
      140, 385, 13, -1,
      13, 385, 138, -1,
      13, 138, 14, -1,
      132, 17, 16, -1,
      138, 137, 14, -1,
      14, 137, 135, -1,
      14, 135, 15, -1,
      15, 135, 134, -1,
      15, 134, 16, -1,
      16, 134, 420, -1,
      16, 420, 132, -1,
      128, 18, 129, -1,
      129, 18, 17, -1,
      129, 17, 131, -1,
      131, 17, 132, -1,
      125, 19, 126, -1,
      126, 19, 18, -1,
      126, 18, 455, -1,
      455, 18, 128, -1,
      125, 479, 19, -1,
      19, 479, 123, -1,
      19, 123, 20, -1,
      119, 21, 120, -1,
      120, 21, 20, -1,
      120, 20, 122, -1,
      122, 20, 123, -1,
      119, 514, 21, -1,
      21, 514, 117, -1,
      21, 117, 22, -1,
      113, 23, 114, -1,
      114, 23, 22, -1,
      114, 22, 116, -1,
      116, 22, 117, -1,
      110, 24, 111, -1,
      111, 24, 23, -1,
      111, 23, 549, -1,
      549, 23, 113, -1,
      110, 573, 24, -1,
      24, 573, 108, -1,
      24, 108, 25, -1,
      104, 26, 105, -1,
      105, 26, 25, -1,
      105, 25, 107, -1,
      107, 25, 108, -1,
      104, 608, 26, -1,
      26, 608, 102, -1,
      26, 102, 27, -1,
      98, 0, 99, -1,
      99, 0, 27, -1,
      99, 27, 101, -1,
      101, 27, 102, -1,
      98, 643, 0, -1,
      0, 643, 96, -1,
      0, 96, 1, -1,
      96, 95, 1, -1,
      1, 95, 667, -1,
      1, 667, 2, -1,
      2, 667, 196, -1,
      2, 196, 171, -1,
    ]
  }
}

Shape {
  appearance Appearance {
    material Material {
      diffuseColor 0.0000 0.0000 0.0000
      specularColor 0.0000 0.0000 0.0000
      ambientIntensity 0.2
      transparency 0.0000
      shininess 0.5
    }
  }
  geometry IndexedFaceSet {
    ccw TRUE
    solid FALSE
    coord DEF co Coordinate {
      point [
        0.252080 -0.000076 0.196850,
        0.191585 -0.000077 0.196850,
        0.313248 0.000000 0.196857,
        0.191589 -0.117793 0.205711,
        0.207433 -0.117792 0.205711,
        0.207429 -0.013034 0.196958,
        0.252080 -0.013032 0.196958,
        0.267869 -0.030080 0.197440,
        0.266018 -0.035128 0.197634,
        0.265622 -0.037361 0.197765,
        0.207431 -0.065559 0.199585,
        0.269486 -0.084871 0.201437,
        0.268213 -0.080008 0.200998,
        0.262163 -0.056887 0.198908,
        0.273109 -0.092220 0.202294,
        0.275758 -0.097593 0.202920,
        0.277464 -0.099617 0.203183,
        0.281267 -0.104131 0.203767,
        0.281352 -0.104232 0.203780,
        0.286406 -0.107866 0.204277,
        0.288457 -0.109340 0.204479,
        0.293452 -0.111497 0.204788,
        0.298740 -0.113781 0.205115,
        0.301233 -0.114358 0.205201,
        0.322231 -0.119216 0.205928,
        0.295419 -0.005681 0.196880,
        0.288776 -0.007797 0.196889,
        0.284452 -0.010402 0.196925,
        0.278818 -0.013795 0.196971,
        0.277946 -0.014646 0.196989,
        0.274069 -0.018433 0.197067,
        0.273919 -0.018580 0.197070,
        0.270882 -0.023370 0.197204,
        0.269572 -0.025436 0.197261,
        0.333165 -0.118660 0.205843,
        0.373071 -0.117790 0.205711,
        0.433567 -0.117790 0.205711,
        0.433567 -0.104943 0.203875,
        0.388915 -0.104943 0.203875,
        0.388915 -0.066293 0.199646,
        0.350025 -0.019153 0.197083,
        0.350025 -0.098866 0.203082,
        0.342205 -0.102251 0.203522,
        0.337654 -0.104221 0.203778,
        0.334703 -0.104635 0.203834,
        0.322366 -0.106369 0.204068,
        0.307139 -0.101706 0.203446,
        0.300941 -0.098873 0.203087,
        0.295263 -0.096277 0.202758,
        0.293462 -0.094881 0.202591,
        0.288939 -0.091375 0.202170,
        0.286154 -0.087831 0.201767,
        0.281598 -0.076976 0.200659,
        0.278007 -0.057853 0.198979,
        0.278089 -0.057437 0.198952,
        0.280993 -0.042738 0.198010,
        0.283043 -0.036753 0.197730,
        0.284958 -0.031163 0.197467,
        0.286131 -0.029284 0.197400,
        0.288937 -0.024791 0.197241,
        0.291562 -0.022369 0.197171,
        0.283644 -0.083143 0.201260,
        0.282172 -0.080030 0.200928,
        0.295447 -0.019484 0.197093,
        0.293536 -0.020548 0.197119,
        0.299981 -0.016957 0.197033,
        0.285421 -0.086898 0.201660,
        0.300533 -0.016807 0.197030,
        0.319710 -0.011591 0.196936,
        0.323221 -0.011962 0.196942,
        0.334754 -0.013181 0.196961,
        0.336170 -0.013735 0.196972,
        0.459493 -0.030471 0.197438,
        0.430686 -0.066293 0.199646,
        0.459493 -0.000075 0.196850,
        0.430686 -0.053360 0.198661,
        0.336289 -0.117904 0.205730,
        0.350026 -0.114580 0.205232,
        0.373071 -0.030471 0.197438,
        0.373071 -0.000075 0.196850,
        0.563200 -0.000076 0.196850,
        0.546006 -0.032473 0.197520,
        0.542114 -0.025318 0.197281,
        0.539232 -0.020021 0.197104,
        0.537461 -0.018078 0.197063,
        0.533457 -0.013687 0.196970,
        0.350025 -0.006191 0.196875,
        0.342004 -0.003192 0.196862,
        0.334495 -0.000384 0.196850,
        0.525990 -0.008702 0.196898,
        0.520878 -0.006725 0.196882,
        0.515435 -0.004621 0.196864,
        0.512908 -0.004139 0.196863,
        0.388915 -0.053360 0.198661,
        0.388915 -0.013031 0.196958,
        0.436447 -0.013031 0.196958,
        0.436447 -0.000075 0.196850,
        0.330751 0.000002 0.196851,
        0.331450 -0.000070 0.196851,
        0.533356 -0.013576 0.196967,
        0.528135 -0.010121 0.196919,
        0.459493 -0.117790 0.205711,
        0.492824 -0.117790 0.205711,
        0.607847 -0.117792 0.205711,
        0.516691 -0.111746 0.204826,
        0.522994 -0.110150 0.204593,
        0.528483 -0.107320 0.204204,
        0.534322 -0.104308 0.203790,
        0.535537 -0.103258 0.203653,
        0.539756 -0.099606 0.203176,
        0.539975 -0.099416 0.203151,
        0.543491 -0.094481 0.202546,
        0.545063 -0.092273 0.202275,
        0.547153 -0.087423 0.201734,
        0.549315 -0.082407 0.201174,
        0.549904 -0.079955 0.200951,
        0.585523 -0.059100 0.199072,
        0.554557 -0.060593 0.199185,
        0.547492 -0.037359 0.197809,
        0.491609 -0.000075 0.196850,
        0.580484 -0.000076 0.196850,
        0.652502 -0.000076 0.196850,
        0.586122 -0.016644 0.197026,
        0.623691 -0.117793 0.205711,
        0.646739 -0.059100 0.199072,
        0.669787 -0.000076 0.196850,
        0.591760 -0.033204 0.197551,
        0.646527 -0.016645 0.197026,
        0.640552 -0.033206 0.197551,
        0.317527 0.001364 0.196852,
        0.191589 -0.030473 0.197439,
        0.591760 -0.033038 0.201484,
        0.580484 -0.000076 0.200787,
        0.640552 -0.033040 0.201484,
        0.652502 -0.000076 0.200787,
        0.669787 -0.000076 0.200787,
        0.623691 -0.117204 0.209604,
        0.635463 -0.087437 0.205682,
        0.607847 -0.117203 0.209604,
        0.563200 -0.000076 0.200787,
        0.574602 -0.030093 0.201365,
        0.635241 -0.045934 0.202135,
        0.595743 -0.045935 0.202135,
        0.615253 -0.103000 0.207587,
        0.613363 -0.094818 0.206546,
        0.617459 -0.094818 0.206546,
        0.613363 -0.095294 0.202638,
        0.604553 -0.070764 0.200037,
        0.595743 -0.046165 0.198205,
        0.635241 -0.046165 0.198205,
        0.626350 -0.070764 0.200037,
        0.617459 -0.095294 0.202638,
        0.616356 -0.099408 0.203151,
        0.615253 -0.103518 0.203685,
        0.614422 -0.099294 0.203136,
        0.459493 -0.000074 0.200787,
        0.459493 -0.117201 0.209603,
        0.491609 -0.000074 0.200787,
        0.554557 -0.060290 0.203111,
        0.547770 -0.037091 0.201684,
        0.547413 -0.035872 0.201609,
        0.542161 -0.025150 0.201214,
        0.540535 -0.021829 0.201092,
        0.537407 -0.018019 0.201003,
        0.534654 -0.014667 0.200925,
        0.533380 -0.013730 0.200910,
        0.528222 -0.009936 0.200851,
        0.527892 -0.009693 0.200847,
        0.520840 -0.006767 0.200820,
        0.512899 -0.004163 0.200800,
        0.516002 -0.004759 0.200802,
        0.492824 -0.117201 0.209603,
        0.516826 -0.111705 0.208792,
        0.516930 -0.111681 0.208788,
        0.528550 -0.106862 0.208113,
        0.531083 -0.105811 0.207965,
        0.535480 -0.102642 0.207544,
        0.538347 -0.100574 0.207270,
        0.539623 -0.099007 0.207074,
        0.543621 -0.094096 0.206461,
        0.544009 -0.093619 0.206401,
        0.547124 -0.086963 0.205646,
        0.549831 -0.079535 0.204878,
        0.548981 -0.082997 0.205196,
        0.510643 -0.101380 0.207374,
        0.512568 -0.100654 0.207281,
        0.518135 -0.098556 0.207012,
        0.532367 -0.082325 0.205128,
        0.528731 -0.089098 0.205877,
        0.527999 -0.090463 0.206028,
        0.525556 -0.093241 0.206358,
        0.524491 -0.094452 0.206502,
        0.522303 -0.095956 0.206688,
        0.518993 -0.098232 0.206970,
        0.537250 -0.065224 0.203563,
        0.532643 -0.081809 0.205070,
        0.538713 -0.059955 0.203085,
        0.535696 -0.042616 0.201956,
        0.535555 -0.041805 0.201904,
        0.533670 -0.036853 0.201666,
        0.532307 -0.033274 0.201494,
        0.531167 -0.031625 0.201430,
        0.528564 -0.027863 0.201284,
        0.528387 -0.027609 0.201274,
        0.525508 -0.025118 0.201192,
        0.524014 -0.023826 0.201150,
        0.520275 -0.021880 0.201096,
        0.492756 -0.104415 0.207776,
        0.475337 -0.104415 0.207776,
        0.475337 -0.012966 0.200895,
        0.492104 -0.012966 0.200895,
        0.511346 -0.018127 0.201000,
        0.514894 -0.019078 0.201020,
        0.538713 -0.060256 0.199159,
        0.537374 -0.065591 0.199625,
        0.534566 -0.076772 0.200602,
        0.532126 -0.082645 0.201219,
        0.529970 -0.087836 0.201764,
        0.528743 -0.089526 0.201960,
        0.525648 -0.093790 0.202456,
        0.522370 -0.096548 0.202793,
        0.521689 -0.097121 0.202863,
        0.518086 -0.098983 0.203098,
        0.515545 -0.100296 0.203264,
        0.512543 -0.100908 0.203344,
        0.492756 -0.104940 0.203874,
        0.475337 -0.104940 0.203874,
        0.475337 -0.013031 0.196958,
        0.475337 -0.100517 0.203293,
        0.492104 -0.013031 0.196958,
        0.535304 -0.042906 0.198072,
        0.534389 -0.038250 0.197780,
        0.533793 -0.037002 0.197724,
        0.531267 -0.031707 0.197490,
        0.531122 -0.031403 0.197476,
        0.528484 -0.028069 0.197354,
        0.527489 -0.026813 0.197307,
        0.525596 -0.025141 0.197252,
        0.525496 -0.025054 0.197249,
        0.520296 -0.021916 0.197158,
        0.517869 -0.020452 0.197116,
        0.511266 -0.018446 0.197072,
        0.497026 -0.014120 0.196977,
        0.430686 -0.065961 0.203569,
        0.430686 -0.053093 0.202589,
        0.388915 -0.065961 0.203569,
        0.388915 -0.104418 0.207777,
        0.433567 -0.104418 0.207777,
        0.433567 -0.117201 0.209603,
        0.373071 -0.117201 0.209603,
        0.373071 -0.000074 0.200787,
        0.436447 -0.000074 0.200787,
        0.436447 -0.012965 0.200895,
        0.388915 -0.012965 0.200895,
        0.388915 -0.053093 0.202589,
        0.350025 -0.098372 0.206988,
        0.342181 -0.101677 0.207418,
        0.336685 -0.103993 0.207720,
        0.334724 -0.104245 0.207754,
        0.322366 -0.105837 0.207969,
        0.350026 -0.114007 0.209127,
        0.336235 -0.117031 0.209580,
        0.330591 -0.118269 0.209766,
        0.322231 -0.118620 0.209819,
        0.262163 -0.056603 0.202835,
        0.267943 -0.079683 0.204868,
        0.268243 -0.080880 0.204973,
        0.273052 -0.091802 0.206208,
        0.274504 -0.095098 0.206580,
        0.277519 -0.099091 0.207088,
        0.280076 -0.102477 0.207519,
        0.281354 -0.103498 0.207657,
        0.286310 -0.107461 0.208193,
        0.286563 -0.107664 0.208220,
        0.293497 -0.110859 0.208675,
        0.301242 -0.113750 0.209091,
        0.298282 -0.113063 0.208989,
        0.317527 0.001357 0.200789,
        0.295263 -0.005173 0.200806,
        0.294071 -0.005523 0.200807,
        0.284397 -0.010304 0.200859,
        0.281800 -0.011587 0.200873,
        0.278030 -0.014688 0.200930,
        0.275235 -0.016987 0.200972,
        0.274205 -0.018432 0.201009,
        0.270801 -0.023209 0.201134,
        0.270286 -0.023931 0.201153,
        0.267920 -0.029956 0.201378,
        0.265659 -0.037181 0.201704,
        0.266146 -0.034476 0.201546,
        0.350025 -0.006160 0.200812,
        0.342013 -0.003150 0.200799,
        0.335038 -0.000528 0.200787,
        0.331441 -0.000141 0.200788,
        0.350025 -0.019057 0.201019,
        0.319710 -0.011533 0.200872,
        0.323219 -0.011919 0.200878,
        0.335413 -0.013262 0.200900,
        0.336206 -0.013577 0.200906,
        0.278007 -0.057564 0.202905,
        0.278094 -0.057150 0.202880,
        0.281873 -0.039197 0.201769,
        0.282947 -0.036550 0.201653,
        0.285991 -0.029048 0.201327,
        0.286034 -0.028943 0.201322,
        0.302741 -0.015801 0.200947,
        0.300593 -0.016818 0.200970,
        0.295385 -0.019283 0.201025,
        0.294885 -0.019520 0.201031,
        0.291545 -0.022256 0.201106,
        0.289793 -0.023691 0.201146,
        0.289041 -0.024741 0.201181,
        0.304108 -0.100085 0.207206,
        0.300919 -0.098454 0.207002,
        0.293565 -0.094694 0.206531,
        0.293369 -0.094528 0.206511,
        0.280999 -0.075799 0.204463,
        0.281321 -0.076628 0.204548,
        0.283689 -0.082725 0.205178,
        0.284604 -0.085080 0.205421,
        0.286220 -0.087352 0.205676,
        0.288223 -0.090167 0.205993,
        0.289011 -0.090835 0.206072,
        0.191585 -0.000076 0.200787,
        0.191589 -0.117204 0.209604,
        0.252080 -0.000076 0.200787,
        0.252080 -0.012967 0.200895,
        0.207429 -0.012969 0.200895,
        0.207433 -0.117202 0.209604,
        0.207432 -0.100239 0.207226,
      ]
    }
    coordIndex [
      126, 131, 122, -1,
      122, 131, 132, -1,
      122, 132, 120, -1,
      128, 133, 126, -1,
      126, 133, 131, -1,
      121, 134, 127, -1,
      127, 134, 133, -1,
      127, 133, 128, -1,
      125, 135, 121, -1,
      121, 135, 134, -1,
      123, 136, 137, -1,
      123, 137, 124, -1,
      124, 137, 135, -1,
      124, 135, 125, -1,
      103, 138, 123, -1,
      123, 138, 136, -1,
      80, 139, 140, -1,
      80, 140, 116, -1,
      116, 140, 138, -1,
      116, 138, 103, -1,
      80, 120, 139, -1,
      139, 120, 132, -1,
      139, 132, 140, -1,
      140, 132, 131, -1,
      133, 141, 131, -1,
      131, 141, 142, -1,
      131, 142, 140, -1,
      140, 142, 138, -1,
      137, 136, 143, -1,
      143, 136, 138, -1,
      143, 138, 144, -1,
      144, 138, 142, -1,
      143, 145, 137, -1,
      137, 145, 141, -1,
      137, 141, 135, -1,
      135, 141, 133, -1,
      135, 133, 134, -1,
      146, 144, 147, -1,
      147, 144, 142, -1,
      147, 142, 148, -1,
      141, 149, 142, -1,
      142, 149, 148, -1,
      149, 141, 150, -1,
      150, 141, 145, -1,
      150, 145, 151, -1,
      151, 145, 152, -1,
      152, 145, 143, -1,
      152, 143, 153, -1,
      153, 143, 154, -1,
      154, 143, 144, -1,
      154, 144, 146, -1,
      74, 155, 72, -1,
      72, 155, 156, -1,
      72, 156, 101, -1,
      119, 157, 74, -1,
      74, 157, 155, -1,
      118, 117, 158, -1,
      158, 159, 118, -1,
      118, 159, 160, -1,
      118, 160, 81, -1,
      81, 160, 82, -1,
      82, 160, 161, -1,
      82, 161, 83, -1,
      83, 161, 162, -1,
      83, 162, 84, -1,
      84, 162, 163, -1,
      84, 163, 85, -1,
      163, 164, 85, -1,
      85, 164, 165, -1,
      85, 165, 99, -1,
      99, 165, 166, -1,
      99, 166, 100, -1,
      100, 166, 167, -1,
      100, 167, 89, -1,
      89, 167, 168, -1,
      157, 119, 169, -1,
      169, 119, 92, -1,
      169, 92, 170, -1,
      170, 92, 91, -1,
      170, 91, 168, -1,
      168, 91, 90, -1,
      168, 90, 89, -1,
      104, 102, 171, -1,
      171, 172, 104, -1,
      104, 172, 173, -1,
      104, 173, 105, -1,
      105, 173, 174, -1,
      105, 174, 106, -1,
      106, 174, 175, -1,
      106, 175, 107, -1,
      107, 175, 176, -1,
      107, 176, 108, -1,
      108, 176, 109, -1,
      176, 177, 109, -1,
      109, 177, 178, -1,
      109, 178, 110, -1,
      110, 178, 179, -1,
      110, 179, 111, -1,
      111, 179, 180, -1,
      111, 180, 112, -1,
      112, 180, 181, -1,
      158, 117, 182, -1,
      182, 117, 115, -1,
      182, 115, 183, -1,
      183, 115, 114, -1,
      183, 114, 181, -1,
      181, 114, 113, -1,
      181, 113, 112, -1,
      102, 101, 171, -1,
      171, 101, 156, -1,
      172, 184, 185, -1,
      172, 185, 173, -1,
      173, 185, 186, -1,
      173, 186, 174, -1,
      187, 179, 188, -1,
      188, 179, 178, -1,
      188, 178, 189, -1,
      189, 178, 177, -1,
      189, 177, 190, -1,
      190, 177, 176, -1,
      190, 176, 191, -1,
      191, 176, 175, -1,
      191, 175, 192, -1,
      192, 175, 174, -1,
      192, 174, 193, -1,
      193, 174, 186, -1,
      194, 158, 195, -1,
      195, 158, 182, -1,
      182, 183, 195, -1,
      195, 183, 181, -1,
      195, 181, 187, -1,
      187, 181, 180, -1,
      187, 180, 179, -1,
      194, 196, 158, -1,
      158, 196, 197, -1,
      158, 197, 159, -1,
      159, 197, 198, -1,
      159, 198, 160, -1,
      160, 198, 199, -1,
      160, 199, 161, -1,
      199, 200, 161, -1,
      161, 200, 201, -1,
      161, 201, 162, -1,
      162, 201, 202, -1,
      162, 202, 163, -1,
      163, 202, 203, -1,
      163, 203, 164, -1,
      164, 203, 204, -1,
      164, 204, 165, -1,
      165, 204, 205, -1,
      165, 205, 166, -1,
      166, 205, 206, -1,
      184, 172, 207, -1,
      207, 172, 171, -1,
      207, 171, 208, -1,
      208, 171, 156, -1,
      208, 156, 209, -1,
      209, 156, 155, -1,
      209, 155, 210, -1,
      210, 155, 157, -1,
      210, 157, 211, -1,
      157, 169, 211, -1,
      211, 169, 170, -1,
      211, 170, 212, -1,
      212, 170, 168, -1,
      212, 168, 206, -1,
      206, 168, 167, -1,
      206, 167, 166, -1,
      213, 196, 214, -1,
      214, 196, 194, -1,
      214, 194, 215, -1,
      215, 194, 195, -1,
      215, 195, 216, -1,
      216, 195, 187, -1,
      216, 187, 217, -1,
      217, 187, 188, -1,
      217, 188, 218, -1,
      218, 188, 189, -1,
      218, 189, 219, -1,
      189, 190, 219, -1,
      219, 190, 191, -1,
      219, 191, 220, -1,
      220, 191, 192, -1,
      220, 192, 221, -1,
      221, 192, 193, -1,
      221, 193, 222, -1,
      222, 193, 186, -1,
      222, 186, 223, -1,
      223, 186, 224, -1,
      207, 225, 184, -1,
      184, 225, 224, -1,
      184, 224, 185, -1,
      185, 224, 186, -1,
      208, 226, 207, -1,
      207, 226, 225, -1,
      209, 227, 208, -1,
      208, 227, 228, -1,
      208, 228, 226, -1,
      210, 229, 209, -1,
      209, 229, 227, -1,
      196, 213, 197, -1,
      197, 213, 230, -1,
      197, 230, 198, -1,
      198, 230, 231, -1,
      198, 231, 199, -1,
      199, 231, 232, -1,
      199, 232, 200, -1,
      200, 232, 233, -1,
      200, 233, 201, -1,
      201, 233, 234, -1,
      201, 234, 202, -1,
      202, 234, 235, -1,
      202, 235, 203, -1,
      203, 235, 236, -1,
      203, 236, 204, -1,
      204, 236, 237, -1,
      204, 237, 205, -1,
      205, 237, 238, -1,
      205, 238, 206, -1,
      206, 238, 239, -1,
      206, 239, 212, -1,
      212, 239, 240, -1,
      212, 240, 211, -1,
      211, 240, 241, -1,
      211, 241, 210, -1,
      210, 241, 242, -1,
      210, 242, 229, -1,
      73, 243, 75, -1,
      75, 243, 244, -1,
      39, 245, 73, -1,
      73, 245, 243, -1,
      38, 246, 39, -1,
      39, 246, 245, -1,
      37, 247, 38, -1,
      38, 247, 246, -1,
      36, 248, 37, -1,
      37, 248, 247, -1,
      35, 249, 36, -1,
      36, 249, 248, -1,
      79, 250, 78, -1,
      78, 250, 249, -1,
      78, 249, 35, -1,
      96, 251, 79, -1,
      79, 251, 250, -1,
      95, 252, 96, -1,
      96, 252, 251, -1,
      94, 253, 95, -1,
      95, 253, 252, -1,
      93, 254, 94, -1,
      94, 254, 253, -1,
      93, 75, 254, -1,
      254, 75, 244, -1,
      251, 252, 250, -1,
      250, 252, 253, -1,
      244, 243, 254, -1,
      254, 243, 245, -1,
      247, 248, 246, -1,
      246, 248, 249, -1,
      246, 249, 245, -1,
      245, 249, 250, -1,
      245, 250, 254, -1,
      254, 250, 253, -1,
      41, 255, 42, -1,
      42, 255, 256, -1,
      42, 256, 43, -1,
      43, 256, 257, -1,
      43, 257, 44, -1,
      44, 257, 258, -1,
      44, 258, 45, -1,
      45, 258, 259, -1,
      77, 260, 41, -1,
      41, 260, 255, -1,
      260, 77, 261, -1,
      261, 77, 76, -1,
      261, 76, 262, -1,
      262, 76, 34, -1,
      262, 34, 263, -1,
      263, 34, 24, -1,
      12, 13, 264, -1,
      264, 265, 12, -1,
      12, 265, 266, -1,
      12, 266, 11, -1,
      11, 266, 14, -1,
      14, 266, 267, -1,
      14, 267, 15, -1,
      15, 267, 268, -1,
      15, 268, 16, -1,
      16, 268, 269, -1,
      16, 269, 17, -1,
      269, 270, 17, -1,
      17, 270, 271, -1,
      17, 271, 18, -1,
      18, 271, 272, -1,
      18, 272, 19, -1,
      19, 272, 273, -1,
      19, 273, 20, -1,
      20, 273, 274, -1,
      263, 24, 275, -1,
      275, 24, 23, -1,
      275, 23, 276, -1,
      276, 23, 22, -1,
      276, 22, 274, -1,
      274, 22, 21, -1,
      274, 21, 20, -1,
      2, 129, 277, -1,
      2, 277, 25, -1,
      277, 278, 25, -1,
      25, 278, 279, -1,
      25, 279, 26, -1,
      26, 279, 280, -1,
      26, 280, 27, -1,
      27, 280, 281, -1,
      27, 281, 28, -1,
      28, 281, 282, -1,
      28, 282, 29, -1,
      29, 282, 30, -1,
      282, 283, 30, -1,
      30, 283, 284, -1,
      30, 284, 31, -1,
      31, 284, 285, -1,
      31, 285, 32, -1,
      32, 285, 286, -1,
      32, 286, 33, -1,
      33, 286, 287, -1,
      264, 13, 288, -1,
      288, 13, 9, -1,
      288, 9, 289, -1,
      289, 9, 8, -1,
      289, 8, 287, -1,
      287, 8, 7, -1,
      287, 7, 33, -1,
      86, 290, 87, -1,
      87, 290, 291, -1,
      87, 291, 88, -1,
      88, 291, 292, -1,
      88, 292, 98, -1,
      98, 292, 293, -1,
      98, 293, 97, -1,
      97, 293, 277, -1,
      97, 277, 129, -1,
      40, 294, 86, -1,
      86, 294, 290, -1,
      68, 295, 69, -1,
      69, 295, 296, -1,
      69, 296, 70, -1,
      70, 296, 297, -1,
      70, 297, 71, -1,
      71, 297, 298, -1,
      71, 298, 40, -1,
      40, 298, 294, -1,
      53, 299, 54, -1,
      54, 299, 300, -1,
      54, 300, 55, -1,
      55, 300, 301, -1,
      55, 301, 56, -1,
      56, 301, 302, -1,
      56, 302, 57, -1,
      57, 302, 303, -1,
      57, 303, 58, -1,
      58, 303, 304, -1,
      58, 304, 59, -1,
      295, 68, 305, -1,
      305, 68, 67, -1,
      305, 67, 306, -1,
      306, 67, 65, -1,
      306, 65, 307, -1,
      307, 65, 63, -1,
      307, 63, 308, -1,
      308, 63, 64, -1,
      308, 64, 309, -1,
      309, 64, 60, -1,
      309, 60, 310, -1,
      310, 60, 59, -1,
      310, 59, 311, -1,
      311, 59, 304, -1,
      45, 259, 46, -1,
      46, 259, 312, -1,
      46, 312, 47, -1,
      47, 312, 313, -1,
      47, 313, 48, -1,
      48, 313, 314, -1,
      48, 314, 49, -1,
      49, 314, 315, -1,
      49, 315, 50, -1,
      299, 53, 316, -1,
      316, 53, 52, -1,
      316, 52, 317, -1,
      317, 52, 62, -1,
      317, 62, 318, -1,
      318, 62, 61, -1,
      318, 61, 319, -1,
      319, 61, 66, -1,
      319, 66, 320, -1,
      320, 66, 51, -1,
      320, 51, 321, -1,
      321, 51, 50, -1,
      321, 50, 322, -1,
      322, 50, 315, -1,
      290, 294, 291, -1,
      291, 294, 298, -1,
      291, 298, 292, -1,
      292, 298, 297, -1,
      292, 297, 293, -1,
      293, 297, 296, -1,
      293, 296, 277, -1,
      277, 296, 295, -1,
      277, 295, 278, -1,
      295, 305, 278, -1,
      278, 305, 306, -1,
      278, 306, 279, -1,
      279, 306, 307, -1,
      279, 307, 280, -1,
      280, 307, 308, -1,
      280, 308, 281, -1,
      281, 308, 309, -1,
      281, 309, 282, -1,
      282, 309, 310, -1,
      282, 310, 283, -1,
      283, 310, 311, -1,
      283, 311, 284, -1,
      284, 311, 304, -1,
      284, 304, 285, -1,
      285, 304, 303, -1,
      285, 303, 286, -1,
      286, 303, 302, -1,
      286, 302, 287, -1,
      287, 302, 289, -1,
      289, 302, 301, -1,
      289, 301, 288, -1,
      288, 301, 300, -1,
      288, 300, 264, -1,
      264, 300, 299, -1,
      264, 299, 265, -1,
      265, 299, 316, -1,
      265, 316, 266, -1,
      266, 316, 317, -1,
      266, 317, 267, -1,
      317, 318, 267, -1,
      267, 318, 319, -1,
      267, 319, 268, -1,
      268, 319, 320, -1,
      268, 320, 269, -1,
      269, 320, 321, -1,
      269, 321, 270, -1,
      270, 321, 322, -1,
      270, 322, 271, -1,
      271, 322, 315, -1,
      271, 315, 272, -1,
      272, 315, 314, -1,
      272, 314, 273, -1,
      273, 314, 313, -1,
      273, 313, 274, -1,
      274, 313, 276, -1,
      276, 313, 312, -1,
      276, 312, 275, -1,
      275, 312, 259, -1,
      275, 259, 263, -1,
      263, 259, 262, -1,
      262, 259, 258, -1,
      262, 258, 261, -1,
      255, 260, 256, -1,
      256, 260, 261, -1,
      256, 261, 257, -1,
      257, 261, 258, -1,
      1, 323, 130, -1,
      130, 323, 324, -1,
      130, 324, 3, -1,
      0, 325, 1, -1,
      1, 325, 323, -1,
      6, 326, 0, -1,
      0, 326, 325, -1,
      5, 327, 6, -1,
      6, 327, 326, -1,
      4, 328, 329, -1,
      4, 329, 10, -1,
      10, 329, 327, -1,
      10, 327, 5, -1,
      4, 3, 328, -1,
      328, 3, 324, -1,
      325, 326, 323, -1,
      323, 326, 327, -1,
      323, 327, 324, -1,
      324, 327, 329, -1,
      324, 329, 328, -1,
    ]
  }
}

Shape {
  appearance Appearance {
    material Material {
      diffuseColor 1.0000 0.9451 0.8118
      specularColor 0.8784 0.8314 0.7137
      ambientIntensity 0.2
      transparency 0.0000
      shininess 0.5
    }
  }
  geometry IndexedFaceSet {
    ccw TRUE
    solid FALSE
    coord DEF co Coordinate {
      point [
        0.613363 -0.095294 0.202638,
        0.604553 -0.070764 0.200037,
        0.595743 -0.046165 0.198205,
        0.635241 -0.046165 0.198205,
        0.626350 -0.070764 0.200037,
        0.617459 -0.095294 0.202638,
        0.616356 -0.099408 0.203151,
        0.615253 -0.103518 0.203685,
        0.614422 -0.099294 0.203136,
        0.538713 -0.060256 0.199159,
        0.537374 -0.065591 0.199625,
        0.534566 -0.076772 0.200602,
        0.532126 -0.082645 0.201219,
        0.529970 -0.087836 0.201764,
        0.528743 -0.089526 0.201960,
        0.525648 -0.093790 0.202456,
        0.522370 -0.096548 0.202793,
        0.521689 -0.097121 0.202863,
        0.518086 -0.098983 0.203098,
        0.515545 -0.100296 0.203264,
        0.512543 -0.100908 0.203344,
        0.492756 -0.104940 0.203874,
        0.475337 -0.104940 0.203874,
        0.475337 -0.013031 0.196958,
        0.475337 -0.100517 0.203293,
        0.492104 -0.013031 0.196958,
        0.535304 -0.042906 0.198072,
        0.534389 -0.038250 0.197780,
        0.533793 -0.037002 0.197724,
        0.531267 -0.031707 0.197490,
        0.531122 -0.031403 0.197476,
        0.528484 -0.028069 0.197354,
        0.527489 -0.026813 0.197307,
        0.525596 -0.025141 0.197252,
        0.525496 -0.025054 0.197249,
        0.520296 -0.021916 0.197158,
        0.517869 -0.020452 0.197116,
        0.511266 -0.018446 0.197072,
        0.497026 -0.014120 0.196977,
        0.523285 -0.030681 0.197448,
      ]
    }
    coordIndex [
      2, 3, 1, -1,
      1, 3, 4, -1,
      1, 4, 0, -1,
      0, 4, 5, -1,
      0, 5, 8, -1,
      8, 5, 6, -1,
      8, 6, 7, -1,
      22, 24, 21, -1,
      21, 24, 20, -1,
      23, 25, 39, -1,
      39, 25, 38, -1,
      39, 38, 37, -1,
      37, 36, 39, -1,
      39, 36, 35, -1,
      39, 35, 34, -1,
      34, 33, 39, -1,
      39, 33, 32, -1,
      39, 32, 31, -1,
      31, 30, 39, -1,
      39, 30, 29, -1,
      39, 29, 28, -1,
      28, 27, 39, -1,
      39, 27, 26, -1,
      39, 26, 23, -1,
      23, 26, 9, -1,
      23, 9, 10, -1,
      10, 11, 23, -1,
      23, 11, 12, -1,
      23, 12, 13, -1,
      13, 14, 23, -1,
      23, 14, 15, -1,
      23, 15, 16, -1,
      16, 17, 23, -1,
      23, 17, 18, -1,
      23, 18, 24, -1,
      24, 18, 19, -1,
      24, 19, 20, -1,
    ]
  }
}
