#VRML V2.0 utf8

Shape {
  appearance Appearance {
    material Material {
      diffuseColor 0.0000 0.5020 1.0000
      specularColor 0.0000 0.2510 0.5020
      ambientIntensity 0.2
      transparency 0.0000
      shininess 0.5
    }
  }
  geometry IndexedFaceSet {
    ccw TRUE
    solid FALSE
    coord DEF co Coordinate {
      point [
        0.655672 0.395507 0.685039,
        0.655672 0.419343 0.637580,
        0.655672 0.419564 0.626851,
        0.655672 0.437507 0.587674,
        0.655672 0.436744 0.576033,
        0.655672 0.449755 0.535997,
        0.655672 0.447794 0.523541,
        0.655672 0.455920 0.483247,
        0.655672 0.452557 0.470109,
        0.655672 0.455920 0.430139,
        0.655672 0.450967 0.416490,
        0.655672 0.449755 0.377389,
        0.655672 0.443047 0.363435,
        0.655672 0.437507 0.325712,
        0.655672 0.428907 0.311689,
        0.655672 0.419343 0.275806,
        0.655672 0.408747 0.261978,
        0.655672 0.395507 0.228346,
        0.655672 0.382848 0.215001,
        0.655672 0.366324 0.183975,
        0.655672 0.351576 0.171417,
        0.655672 0.332186 0.143291,
        0.655672 0.315368 0.131837,
        0.655672 0.293557 0.106846,
        0.655672 0.274732 0.096818,
        0.655672 0.250957 0.075131,
        0.655672 0.230241 0.066850,
        0.655672 0.204963 0.048577,
        0.655672 0.182517 0.042356,
        0.655672 0.156198 0.027542,
        0.655672 0.132230 0.023677,
        0.655672 0.105320 0.012310,
        0.655672 0.080088 0.011077,
        0.655672 0.053019 0.003088,
        0.655672 0.026822 0.004732,
        0.655672 0.000000 0.000000,
        0.655672 -0.026822 0.004732,
        0.655672 -0.053019 0.003088,
        0.655672 -0.080088 0.011077,
        0.655672 -0.105320 0.012310,
        0.655672 -0.132230 0.023677,
        0.655672 -0.156198 0.027542,
        0.655672 -0.182517 0.042356,
        0.655672 -0.204963 0.048577,
        0.655672 -0.230241 0.066850,
        0.655672 -0.250957 0.075131,
        0.655672 -0.274732 0.096818,
        0.655672 -0.293557 0.106846,
        0.655672 -0.315368 0.131837,
        0.655672 -0.332186 0.143291,
        0.655672 -0.351576 0.171417,
        0.655672 -0.366324 0.183975,
        0.655672 -0.382848 0.215001,
        0.655672 -0.395507 0.228346,
        0.655672 -0.408747 0.261978,
        0.655672 -0.419343 0.275806,
        0.655672 -0.428907 0.311689,
        0.655672 -0.437507 0.325712,
        0.655672 -0.443047 0.363435,
        0.655672 -0.449755 0.377389,
        0.655672 -0.450967 0.416490,
        0.655672 -0.455920 0.430139,
        0.655672 -0.452557 0.470109,
        0.655672 -0.455920 0.483247,
        0.655672 -0.447794 0.523541,
        0.655672 -0.449755 0.535997,
        0.655672 -0.436744 0.576033,
        0.655672 -0.437507 0.587674,
        0.655672 -0.419564 0.626851,
        0.655672 -0.419343 0.637580,
        0.655672 -0.396494 0.675280,
        0.655672 -0.395507 0.685039,
        0.655672 -0.367858 0.720640,
        0.655672 -0.366324 0.729411,
        0.655672 -0.334058 0.762295,
        0.655672 -0.332186 0.770094,
        0.655672 -0.295569 0.799661,
        0.655672 -0.293557 0.806540,
        0.655672 -0.252931 0.832211,
        0.655672 -0.250957 0.838254,
        0.655672 -0.206742 0.859490,
        0.655672 -0.204963 0.864809,
        0.655672 -0.157650 0.881115,
        0.655672 -0.156198 0.885844,
        0.655672 -0.106346 0.896782,
        0.655672 -0.105320 0.901076,
        0.655672 -0.053549 0.906271,
        0.655672 -0.053019 0.910298,
        0.655672 0.000000 0.909449,
        0.655672 -0.000000 0.913386,
        0.655672 0.053549 0.906271,
        0.655672 0.053019 0.910298,
        0.655672 0.106346 0.896782,
        0.655672 0.105320 0.901076,
        0.655672 0.157650 0.881115,
        0.655672 0.156198 0.885844,
        0.655672 0.206742 0.859490,
        0.655672 0.204963 0.864809,
        0.655672 0.252931 0.832211,
        0.655672 0.250957 0.838254,
        0.655672 0.295569 0.799661,
        0.655672 0.293557 0.806540,
        0.655672 0.334058 0.762295,
        0.655672 0.332186 0.770094,
        0.655672 0.367858 0.720640,
        0.655672 0.366324 0.729411,
        0.655672 0.396494 0.675280,
        0.773782 0.053019 0.910298,
        0.773782 0.105320 0.901076,
        0.773782 0.156198 0.885844,
        0.773782 0.204963 0.864809,
        0.773782 0.250957 0.838254,
        0.773782 0.293557 0.806540,
        0.773782 0.332186 0.770094,
        0.773782 0.366324 0.729411,
        0.773782 0.395507 0.685039,
        0.773782 0.419343 0.637580,
        0.773782 0.437507 0.587674,
        0.773782 0.449755 0.535997,
        0.773782 0.455920 0.483247,
        0.773782 0.455920 0.430139,
        0.773782 0.449755 0.377389,
        0.773782 0.437507 0.325712,
        0.773782 0.419343 0.275806,
        0.773782 0.395507 0.228346,
        0.773782 0.366324 0.183975,
        0.773782 0.332186 0.143291,
        0.773782 0.293557 0.106846,
        0.773782 0.250957 0.075131,
        0.773782 0.204963 0.048577,
        0.773782 0.156198 0.027542,
        0.773782 0.105320 0.012310,
        0.773782 0.053019 0.003088,
        0.773782 0.000000 0.000000,
        0.773782 -0.053019 0.003088,
        0.773782 -0.105320 0.012310,
        0.773782 -0.156198 0.027542,
        0.773782 -0.204963 0.048577,
        0.773782 -0.250957 0.075131,
        0.773782 -0.293557 0.106846,
        0.773782 -0.332186 0.143291,
        0.773782 -0.366324 0.183975,
        0.773782 -0.395507 0.228346,
        0.773782 -0.419343 0.275806,
        0.773782 -0.437507 0.325712,
        0.773782 -0.449755 0.377389,
        0.773782 -0.455920 0.430139,
        0.773782 -0.455920 0.483247,
        0.773782 -0.449755 0.535997,
        0.773782 -0.437507 0.587674,
        0.773782 -0.419343 0.637580,
        0.773782 -0.395507 0.685039,
        0.773782 -0.366324 0.729411,
        0.773782 -0.332186 0.770094,
        0.773782 -0.293557 0.806540,
        0.773782 -0.250957 0.838254,
        0.773782 -0.204963 0.864809,
        0.773782 -0.156198 0.885844,
        0.773782 -0.105320 0.901076,
        0.773782 -0.053019 0.910298,
        0.773782 0.000000 0.913386,
        0.773782 -0.419564 0.626851,
        0.773782 -0.436744 0.576033,
        0.773782 -0.447794 0.523541,
        0.773782 -0.452557 0.470109,
        0.773782 -0.450967 0.416490,
        0.773782 -0.443047 0.363435,
        0.773782 -0.428907 0.311689,
        0.773782 -0.408747 0.261978,
        0.773782 -0.382848 0.215001,
        0.773782 -0.351576 0.171417,
        0.773782 -0.315368 0.131837,
        0.773782 -0.274732 0.096818,
        0.773782 -0.230241 0.066850,
        0.773782 -0.182517 0.042356,
        0.773782 -0.132230 0.023677,
        0.773782 -0.080088 0.011077,
        0.773782 -0.026822 0.004732,
        0.773782 0.026822 0.004732,
        0.773782 0.080088 0.011077,
        0.773782 0.132230 0.023677,
        0.773782 0.182517 0.042356,
        0.773782 0.230241 0.066850,
        0.773782 0.274732 0.096818,
        0.773782 0.315368 0.131837,
        0.773782 0.351576 0.171417,
        0.773782 0.382848 0.215001,
        0.773782 0.408747 0.261978,
        0.773782 0.428907 0.311689,
        0.773782 0.443047 0.363435,
        0.773782 0.450967 0.416490,
        0.773782 0.452557 0.470109,
        0.773782 0.447794 0.523541,
        0.773782 0.436744 0.576033,
        0.773782 0.419564 0.626851,
        0.773782 0.396494 0.675280,
        0.773782 0.367858 0.720640,
        0.773782 0.334058 0.762295,
        0.773782 0.295569 0.799661,
        0.773782 0.252931 0.832211,
        0.773782 0.206742 0.859490,
        0.773782 0.157650 0.881115,
        0.773782 0.106346 0.896782,
        0.773782 0.053549 0.906271,
        0.773782 -0.000000 0.909449,
        0.773782 -0.053549 0.906271,
        0.773782 -0.106346 0.896782,
        0.773782 -0.157650 0.881115,
        0.773782 -0.206742 0.859490,
        0.773782 -0.252931 0.832211,
        0.773782 -0.295569 0.799661,
        0.773782 -0.334058 0.762295,
        0.773782 -0.367858 0.720640,
        0.773782 -0.396494 0.675280,
      ]
    }
    coordIndex [
      0, 1, 2, -1,
      2, 1, 3, -1,
      2, 3, 4, -1,
      4, 3, 5, -1,
      4, 5, 6, -1,
      6, 5, 7, -1,
      6, 7, 8, -1,
      8, 7, 9, -1,
      8, 9, 10, -1,
      10, 9, 11, -1,
      10, 11, 12, -1,
      12, 11, 13, -1,
      12, 13, 14, -1,
      14, 13, 15, -1,
      14, 15, 16, -1,
      16, 15, 17, -1,
      16, 17, 18, -1,
      18, 17, 19, -1,
      18, 19, 20, -1,
      20, 19, 21, -1,
      20, 21, 22, -1,
      22, 21, 23, -1,
      22, 23, 24, -1,
      24, 23, 25, -1,
      24, 25, 26, -1,
      26, 25, 27, -1,
      26, 27, 28, -1,
      28, 27, 29, -1,
      28, 29, 30, -1,
      30, 29, 31, -1,
      30, 31, 32, -1,
      32, 31, 33, -1,
      32, 33, 34, -1,
      34, 33, 35, -1,
      34, 35, 36, -1,
      36, 35, 37, -1,
      36, 37, 38, -1,
      38, 37, 39, -1,
      38, 39, 40, -1,
      40, 39, 41, -1,
      40, 41, 42, -1,
      42, 41, 43, -1,
      42, 43, 44, -1,
      44, 43, 45, -1,
      44, 45, 46, -1,
      46, 45, 47, -1,
      46, 47, 48, -1,
      48, 47, 49, -1,
      48, 49, 50, -1,
      50, 49, 51, -1,
      50, 51, 52, -1,
      52, 51, 53, -1,
      52, 53, 54, -1,
      54, 53, 55, -1,
      54, 55, 56, -1,
      56, 55, 57, -1,
      56, 57, 58, -1,
      58, 57, 59, -1,
      58, 59, 60, -1,
      60, 59, 61, -1,
      60, 61, 62, -1,
      62, 61, 63, -1,
      62, 63, 64, -1,
      64, 63, 65, -1,
      64, 65, 66, -1,
      66, 65, 67, -1,
      66, 67, 68, -1,
      68, 67, 69, -1,
      68, 69, 70, -1,
      70, 69, 71, -1,
      70, 71, 72, -1,
      72, 71, 73, -1,
      72, 73, 74, -1,
      74, 73, 75, -1,
      74, 75, 76, -1,
      76, 75, 77, -1,
      76, 77, 78, -1,
      78, 77, 79, -1,
      78, 79, 80, -1,
      80, 79, 81, -1,
      80, 81, 82, -1,
      82, 81, 83, -1,
      82, 83, 84, -1,
      84, 83, 85, -1,
      84, 85, 86, -1,
      86, 85, 87, -1,
      86, 87, 88, -1,
      88, 87, 89, -1,
      88, 89, 90, -1,
      90, 89, 91, -1,
      90, 91, 92, -1,
      92, 91, 93, -1,
      92, 93, 94, -1,
      94, 93, 95, -1,
      94, 95, 96, -1,
      96, 95, 97, -1,
      96, 97, 98, -1,
      98, 97, 99, -1,
      98, 99, 100, -1,
      100, 99, 101, -1,
      100, 101, 102, -1,
      102, 101, 103, -1,
      102, 103, 104, -1,
      104, 103, 105, -1,
      104, 105, 106, -1,
      106, 105, 0, -1,
      106, 0, 2, -1,
      89, 107, 91, -1,
      91, 107, 108, -1,
      91, 108, 93, -1,
      93, 108, 109, -1,
      93, 109, 95, -1,
      95, 109, 110, -1,
      95, 110, 97, -1,
      97, 110, 111, -1,
      97, 111, 99, -1,
      99, 111, 112, -1,
      99, 112, 101, -1,
      101, 112, 113, -1,
      101, 113, 103, -1,
      103, 113, 114, -1,
      103, 114, 105, -1,
      105, 114, 115, -1,
      105, 115, 0, -1,
      0, 115, 116, -1,
      0, 116, 1, -1,
      1, 116, 117, -1,
      1, 117, 3, -1,
      3, 117, 118, -1,
      3, 118, 5, -1,
      5, 118, 119, -1,
      5, 119, 7, -1,
      7, 119, 120, -1,
      7, 120, 9, -1,
      9, 120, 121, -1,
      9, 121, 11, -1,
      11, 121, 122, -1,
      11, 122, 13, -1,
      13, 122, 123, -1,
      13, 123, 15, -1,
      15, 123, 124, -1,
      15, 124, 17, -1,
      17, 124, 125, -1,
      17, 125, 19, -1,
      19, 125, 126, -1,
      19, 126, 21, -1,
      21, 126, 127, -1,
      21, 127, 23, -1,
      23, 127, 128, -1,
      23, 128, 25, -1,
      25, 128, 129, -1,
      25, 129, 27, -1,
      27, 129, 130, -1,
      27, 130, 29, -1,
      29, 130, 131, -1,
      29, 131, 31, -1,
      31, 131, 132, -1,
      31, 132, 33, -1,
      33, 132, 133, -1,
      33, 133, 35, -1,
      35, 133, 134, -1,
      35, 134, 37, -1,
      37, 134, 135, -1,
      37, 135, 39, -1,
      39, 135, 136, -1,
      39, 136, 41, -1,
      41, 136, 137, -1,
      41, 137, 43, -1,
      43, 137, 138, -1,
      43, 138, 45, -1,
      45, 138, 139, -1,
      45, 139, 47, -1,
      47, 139, 140, -1,
      47, 140, 49, -1,
      49, 140, 141, -1,
      49, 141, 51, -1,
      51, 141, 142, -1,
      51, 142, 53, -1,
      53, 142, 143, -1,
      53, 143, 55, -1,
      55, 143, 144, -1,
      55, 144, 57, -1,
      57, 144, 145, -1,
      57, 145, 59, -1,
      59, 145, 146, -1,
      59, 146, 61, -1,
      61, 146, 147, -1,
      61, 147, 63, -1,
      63, 147, 148, -1,
      63, 148, 65, -1,
      65, 148, 149, -1,
      65, 149, 67, -1,
      67, 149, 150, -1,
      67, 150, 69, -1,
      69, 150, 151, -1,
      69, 151, 71, -1,
      71, 151, 152, -1,
      71, 152, 73, -1,
      73, 152, 153, -1,
      73, 153, 75, -1,
      75, 153, 154, -1,
      75, 154, 77, -1,
      77, 154, 155, -1,
      77, 155, 79, -1,
      79, 155, 156, -1,
      79, 156, 81, -1,
      81, 156, 157, -1,
      81, 157, 83, -1,
      83, 157, 158, -1,
      83, 158, 85, -1,
      85, 158, 159, -1,
      85, 159, 87, -1,
      87, 159, 160, -1,
      87, 160, 89, -1,
      89, 160, 107, -1,
      151, 150, 161, -1,
      161, 150, 149, -1,
      161, 149, 162, -1,
      162, 149, 148, -1,
      162, 148, 163, -1,
      163, 148, 147, -1,
      163, 147, 164, -1,
      164, 147, 146, -1,
      164, 146, 165, -1,
      165, 146, 145, -1,
      165, 145, 166, -1,
      166, 145, 144, -1,
      166, 144, 167, -1,
      167, 144, 143, -1,
      167, 143, 168, -1,
      168, 143, 142, -1,
      168, 142, 169, -1,
      169, 142, 141, -1,
      169, 141, 170, -1,
      170, 141, 140, -1,
      170, 140, 171, -1,
      171, 140, 139, -1,
      171, 139, 172, -1,
      172, 139, 138, -1,
      172, 138, 173, -1,
      173, 138, 137, -1,
      173, 137, 174, -1,
      174, 137, 136, -1,
      174, 136, 175, -1,
      175, 136, 135, -1,
      175, 135, 176, -1,
      176, 135, 134, -1,
      176, 134, 177, -1,
      177, 134, 133, -1,
      177, 133, 178, -1,
      178, 133, 132, -1,
      178, 132, 179, -1,
      179, 132, 131, -1,
      179, 131, 180, -1,
      180, 131, 130, -1,
      180, 130, 181, -1,
      181, 130, 129, -1,
      181, 129, 182, -1,
      182, 129, 128, -1,
      182, 128, 183, -1,
      183, 128, 127, -1,
      183, 127, 184, -1,
      184, 127, 126, -1,
      184, 126, 185, -1,
      185, 126, 125, -1,
      185, 125, 186, -1,
      186, 125, 124, -1,
      186, 124, 187, -1,
      187, 124, 123, -1,
      187, 123, 188, -1,
      188, 123, 122, -1,
      188, 122, 189, -1,
      189, 122, 121, -1,
      189, 121, 190, -1,
      190, 121, 120, -1,
      190, 120, 191, -1,
      191, 120, 119, -1,
      191, 119, 192, -1,
      192, 119, 118, -1,
      192, 118, 193, -1,
      193, 118, 117, -1,
      193, 117, 194, -1,
      194, 117, 116, -1,
      194, 116, 195, -1,
      195, 116, 115, -1,
      195, 115, 196, -1,
      196, 115, 114, -1,
      196, 114, 197, -1,
      197, 114, 113, -1,
      197, 113, 198, -1,
      198, 113, 112, -1,
      198, 112, 199, -1,
      199, 112, 111, -1,
      199, 111, 200, -1,
      200, 111, 110, -1,
      200, 110, 201, -1,
      201, 110, 109, -1,
      201, 109, 202, -1,
      202, 109, 108, -1,
      202, 108, 203, -1,
      203, 108, 107, -1,
      203, 107, 204, -1,
      204, 107, 160, -1,
      204, 160, 205, -1,
      205, 160, 159, -1,
      205, 159, 206, -1,
      206, 159, 158, -1,
      206, 158, 207, -1,
      207, 158, 157, -1,
      207, 157, 208, -1,
      208, 157, 156, -1,
      208, 156, 209, -1,
      209, 156, 155, -1,
      209, 155, 210, -1,
      210, 155, 154, -1,
      210, 154, 211, -1,
      211, 154, 153, -1,
      211, 153, 212, -1,
      212, 153, 152, -1,
      212, 152, 213, -1,
      213, 152, 151, -1,
      213, 151, 161, -1,
      204, 88, 203, -1,
      203, 88, 90, -1,
      203, 90, 202, -1,
      202, 90, 92, -1,
      202, 92, 201, -1,
      201, 92, 94, -1,
      201, 94, 200, -1,
      200, 94, 96, -1,
      200, 96, 199, -1,
      199, 96, 98, -1,
      199, 98, 198, -1,
      198, 98, 100, -1,
      198, 100, 197, -1,
      197, 100, 102, -1,
      197, 102, 196, -1,
      196, 102, 104, -1,
      196, 104, 195, -1,
      195, 104, 106, -1,
      195, 106, 194, -1,
      194, 106, 2, -1,
      194, 2, 193, -1,
      193, 2, 4, -1,
      193, 4, 192, -1,
      192, 4, 6, -1,
      192, 6, 191, -1,
      191, 6, 8, -1,
      191, 8, 190, -1,
      190, 8, 10, -1,
      190, 10, 189, -1,
      189, 10, 12, -1,
      189, 12, 188, -1,
      188, 12, 14, -1,
      188, 14, 187, -1,
      187, 14, 16, -1,
      187, 16, 186, -1,
      186, 16, 18, -1,
      186, 18, 185, -1,
      185, 18, 20, -1,
      185, 20, 184, -1,
      184, 20, 22, -1,
      184, 22, 183, -1,
      183, 22, 24, -1,
      183, 24, 182, -1,
      182, 24, 26, -1,
      182, 26, 181, -1,
      181, 26, 28, -1,
      181, 28, 180, -1,
      180, 28, 30, -1,
      180, 30, 179, -1,
      179, 30, 32, -1,
      179, 32, 178, -1,
      178, 32, 34, -1,
      178, 34, 177, -1,
      177, 34, 36, -1,
      177, 36, 176, -1,
      176, 36, 38, -1,
      176, 38, 175, -1,
      175, 38, 40, -1,
      175, 40, 174, -1,
      174, 40, 42, -1,
      174, 42, 173, -1,
      173, 42, 44, -1,
      173, 44, 172, -1,
      172, 44, 46, -1,
      172, 46, 171, -1,
      171, 46, 48, -1,
      171, 48, 170, -1,
      170, 48, 50, -1,
      170, 50, 169, -1,
      169, 50, 52, -1,
      169, 52, 168, -1,
      168, 52, 54, -1,
      168, 54, 167, -1,
      167, 54, 56, -1,
      167, 56, 166, -1,
      166, 56, 58, -1,
      166, 58, 165, -1,
      165, 58, 60, -1,
      165, 60, 164, -1,
      164, 60, 62, -1,
      164, 62, 163, -1,
      163, 62, 64, -1,
      163, 64, 162, -1,
      162, 64, 66, -1,
      162, 66, 161, -1,
      161, 66, 68, -1,
      161, 68, 213, -1,
      213, 68, 70, -1,
      213, 70, 212, -1,
      212, 70, 72, -1,
      212, 72, 211, -1,
      211, 72, 74, -1,
      211, 74, 210, -1,
      210, 74, 76, -1,
      210, 76, 209, -1,
      209, 76, 78, -1,
      209, 78, 208, -1,
      208, 78, 80, -1,
      208, 80, 207, -1,
      207, 80, 82, -1,
      207, 82, 206, -1,
      206, 82, 84, -1,
      206, 84, 205, -1,
      205, 84, 86, -1,
      205, 86, 204, -1,
      204, 86, 88, -1,
    ]
  }
}

Shape {
  appearance Appearance {
    material Material {
      diffuseColor 0.1529 0.8980 1.0000
      specularColor 0.0784 0.4510 0.5020
      ambientIntensity 0.2
      transparency 0.0000
      shininess 0.5
    }
  }
  geometry IndexedFaceSet {
    ccw TRUE
    solid FALSE
    coord DEF co Coordinate {
      point [
        -1.136592 -0.103825 0.795698,
        -1.135984 -0.108206 0.795089,
        -1.135988 -0.085048 0.801748,
        -1.114944 -0.147912 0.807250,
        -1.111887 -0.146035 0.811315,
        -1.111915 -0.136015 0.815336,
        -1.154511 -0.125357 0.756998,
        -1.155346 -0.118489 0.757834,
        -1.155356 -0.150467 0.743383,
        -1.147549 -0.157470 0.755643,
        -1.147895 -0.156754 0.755359,
        -1.135972 0.124546 0.789098,
        -1.135988 0.126020 0.788981,
        -1.136165 0.125741 0.788409,
        -1.117665 0.066620 0.828383,
        -1.121155 0.058150 0.825928,
        -1.111915 0.046234 0.837465,
        -1.117226 0.068016 0.828607,
        -1.125939 0.050429 0.821478,
        -1.131369 0.044619 0.815456,
        -1.133508 0.043244 0.812738,
        -1.085794 0.109300 0.847832,
        -1.091588 0.096128 0.846671,
        -1.083729 0.097555 0.852489,
        -1.092035 0.095113 0.846581,
        -1.083729 0.049136 0.861363,
        -1.099624 0.083387 0.842806,
        -1.108685 0.073895 0.836304,
        -1.111865 0.071706 0.833439,
        -1.082369 0.148764 0.837274,
        -1.082028 0.144965 0.838941,
        -1.052124 0.151420 0.855954,
        -1.081187 0.135601 0.843050,
        -1.052124 0.102190 0.871294,
        -1.082462 0.122098 0.846577,
        -1.083726 0.117245 0.847053,
        -1.083729 0.189441 0.817642,
        -1.086933 0.186540 0.816482,
        -1.088905 0.175326 0.820413,
        -1.083728 0.153988 0.834107,
        -1.084318 0.156255 0.832733,
        -1.087217 0.162944 0.827531,
        -1.089949 0.172061 0.821056,
        -1.090999 0.168780 0.821702,
        -1.099738 0.219446 0.785026,
        -1.093985 0.214904 0.793765,
        -1.083729 0.231567 0.792176,
        -1.089767 0.208060 0.801954,
        -1.089019 0.206138 0.803778,
        -1.086999 0.197084 0.810759,
        -1.086944 0.188324 0.815514,
        -1.111874 0.220752 0.770311,
        -1.108122 0.221439 0.774418,
        -1.083729 0.270317 0.761817,
        -1.106353 0.221358 0.776511,
        -1.105835 0.221208 0.777178,
        -1.136867 0.200598 0.748571,
        -1.135967 0.201839 0.749167,
        -1.135964 0.201875 0.749137,
        -1.135904 0.201925 0.749209,
        -1.135988 0.235662 0.722700,
        -1.130417 0.209483 0.752835,
        -1.123270 0.215983 0.758813,
        -1.111915 0.254353 0.743798,
        -1.115650 0.220061 0.766179,
        -1.155356 0.183926 0.723156,
        -1.155354 0.168571 0.733121,
        -1.154587 0.170856 0.733480,
        -1.153282 0.174050 0.734414,
        -1.150278 0.179619 0.737343,
        -1.146938 0.183854 0.741389,
        -1.143324 0.186712 0.746420,
        -1.141957 0.190310 0.746576,
        -1.169541 0.134552 0.713060,
        -1.158323 0.147657 0.738030,
        -1.158337 0.152776 0.735262,
        -1.157354 0.160761 0.733106,
        -1.155719 0.167482 0.732951,
        -1.169541 0.164473 0.694973,
        -1.157549 0.159671 0.733272,
        -1.169541 0.102669 0.727409,
        -1.157505 0.140759 0.743461,
        -1.158319 0.146428 0.738694,
        -1.150574 0.131362 0.762345,
        -1.153648 0.133031 0.755482,
        -1.155356 0.114813 0.759430,
        -1.155348 0.135445 0.750757,
        -1.156020 0.136401 0.748886,
        -1.146164 0.120350 0.774283,
        -1.147731 0.131207 0.767734,
        -1.149146 0.131207 0.765124,
        -1.135988 0.085048 0.801748,
        -1.135878 0.096691 0.798567,
        -1.141749 0.091357 0.791541,
        -1.152869 0.101247 0.769228,
        -1.151886 0.100675 0.771309,
        -1.155338 0.100349 0.764563,
        -1.154426 0.101049 0.766198,
        -1.154362 0.101066 0.766321,
        -1.153396 0.101319 0.768167,
        -1.151056 0.099580 0.773226,
        -1.150544 0.098404 0.774547,
        -1.142935 0.097972 0.787781,
        -1.150115 0.096654 0.775873,
        -1.149937 0.094701 0.776785,
        -1.150023 0.092495 0.777272,
        -1.150061 0.092218 0.777282,
        -1.150228 0.091359 0.777224,
        -1.150338 0.090787 0.777185,
        -1.151403 0.079260 0.778250,
        -1.111915 0.136015 0.815336,
        -1.132037 0.100180 0.803164,
        -1.111915 0.091794 0.829116,
        -1.137353 0.133097 0.784162,
        -1.136263 0.140674 0.782635,
        -1.138019 0.138322 0.780967,
        -1.111915 0.178253 0.796326,
        -1.127546 0.166472 0.782995,
        -1.128475 0.159671 0.785110,
        -1.129296 0.156213 0.785641,
        -1.131630 0.149341 0.785564,
        -1.134604 0.143301 0.783962,
        -1.135987 0.141111 0.782856,
        -1.130657 0.183284 0.769373,
        -1.118535 0.202366 0.774391,
        -1.120973 0.201119 0.772002,
        -1.125328 0.197736 0.768217,
        -1.129682 0.192633 0.765156,
        -1.133354 0.186427 0.763420,
        -1.128650 0.178578 0.774976,
        -1.127596 0.172759 0.779642,
        -1.127576 0.170210 0.781002,
        -1.100272 0.185043 0.805048,
        -1.100932 0.191385 0.800942,
        -1.102612 0.196270 0.796458,
        -1.105381 0.200217 0.791209,
        -1.108940 0.202656 0.785792,
        -1.111905 0.203248 0.781966,
        -1.113197 0.203506 0.780298,
        -1.116094 0.203163 0.776973,
        -1.096018 0.141593 0.828739,
        -1.098576 0.149222 0.823414,
        -1.103776 0.168352 0.809957,
        -1.101559 0.175042 0.808915,
        -1.102731 0.155606 0.816783,
        -1.108100 0.159956 0.809417,
        -1.106887 0.161970 0.809763,
        -1.100919 0.178017 0.808055,
        -1.100438 0.183237 0.805820,
        -1.107844 0.094529 0.832530,
        -1.107295 0.095235 0.832890,
        -1.110037 0.092240 0.830858,
        -1.102193 0.103232 0.835638,
        -1.098330 0.112157 0.836613,
        -1.095856 0.121813 0.835818,
        -1.094993 0.132294 0.833045,
        -1.095971 0.141172 0.828934,
        -1.133561 0.061615 0.810025,
        -1.131088 0.064887 0.812717,
        -1.128814 0.069301 0.814804,
        -1.127170 0.074268 0.815868,
        -1.126226 0.079686 0.815870,
        -1.125996 0.081963 0.815640,
        -1.120669 0.083710 0.821543,
        -1.117321 0.085608 0.824853,
        -1.113997 0.088106 0.827839,
        -1.111893 0.090302 0.829443,
        -1.151522 0.077978 0.778368,
        -1.151455 0.072859 0.779690,
        -1.150676 0.067838 0.782204,
        -1.149233 0.063631 0.785625,
        -1.149028 0.063317 0.786034,
        -1.146957 0.060131 0.790185,
        -1.144369 0.058169 0.794771,
        -1.141349 0.057484 0.799594,
        -1.139922 0.057625 0.801714,
        -1.136670 0.058965 0.806193,
        -1.135981 0.059553 0.807043,
        -1.156289 0.099141 0.762971,
        -1.155403 0.100299 0.764445,
        -1.155356 0.100336 0.764531,
        -1.158083 0.094245 0.760665,
        -1.157974 0.094870 0.760710,
        -1.169541 0.069289 0.737811,
        -1.159714 0.075322 0.762289,
        -1.159733 0.076270 0.762025,
        -1.158288 0.093064 0.760579,
        -1.157618 0.096141 0.761086,
        -1.157503 0.096551 0.761208,
        -1.157135 0.097521 0.761692,
        -1.156885 0.098056 0.762056,
        -1.156726 0.098397 0.762287,
        -1.156352 0.099058 0.762866,
        -1.169541 0.034899 0.744113,
        -1.158202 0.058112 0.769337,
        -1.159541 0.066797 0.764665,
        -1.155356 0.039027 0.778109,
        -1.146615 0.040897 0.793586,
        -1.147636 0.041142 0.791919,
        -1.152083 0.044717 0.783622,
        -1.155350 0.049948 0.776583,
        -1.155612 0.050368 0.776018,
        -1.136784 0.041139 0.808577,
        -1.142180 0.039836 0.800828,
        -1.142880 0.007048 0.801985,
        -1.155346 0.007048 0.780388,
        -1.155449 0.007048 0.780210,
        -1.131479 -0.177795 0.771318,
        -1.122187 -0.182984 0.781292,
        -1.111915 -0.178253 0.796326,
        -1.120807 -0.188510 0.779913,
        -1.111915 -0.217892 0.772364,
        -1.132778 -0.197887 0.757064,
        -1.140047 -0.177294 0.758021,
        -1.146396 -0.173446 0.748883,
        -1.136182 -0.193965 0.754156,
        -1.140785 -0.197982 0.743523,
        -1.135926 -0.165176 0.771425,
        -1.135979 -0.165188 0.771337,
        -1.135768 -0.175139 0.765745,
        -1.137415 -0.165515 0.768935,
        -1.138824 -0.165394 0.766728,
        -1.141504 -0.164422 0.762781,
        -1.145432 -0.169154 0.753189,
        -1.144026 -0.162450 0.759448,
        -1.147539 -0.167735 0.750026,
        -1.146369 -0.159477 0.756787,
        -1.155356 -0.183926 0.723156,
        -1.139425 -0.203758 0.741913,
        -1.135988 -0.235662 0.722700,
        -1.136593 -0.201257 0.748369,
        -1.135988 -0.201880 0.749167,
        -1.135946 -0.200686 0.749842,
        -1.146009 -0.123310 0.773998,
        -1.146195 -0.132920 0.769764,
        -1.143611 -0.123310 0.778083,
        -1.135803 -0.132920 0.786108,
        -1.143792 -0.121963 0.778264,
        -1.153574 -0.116010 0.762516,
        -1.152385 -0.125357 0.761328,
        -1.153450 -0.132920 0.755938,
        -1.148613 -0.155267 0.754770,
        -1.150262 -0.150697 0.753908,
        -1.151124 -0.147332 0.753883,
        -1.151768 -0.143931 0.754256,
        -1.111854 -0.152447 0.808525,
        -1.113784 -0.153623 0.806090,
        -1.134511 -0.164855 0.773794,
        -1.132648 -0.163378 0.777337,
        -1.129769 -0.155285 0.785424,
        -1.130613 -0.159477 0.782222,
        -1.131139 -0.160904 0.780770,
        -1.146382 -0.120492 0.774370,
        -1.147903 -0.108993 0.775892,
        -1.154466 -0.108993 0.763409,
        -1.135988 -0.126020 0.788981,
        -1.135984 -0.124446 0.789570,
        -1.136390 -0.124446 0.788982,
        -1.138560 -0.108993 0.791153,
        -1.145534 -0.108993 0.780006,
        -1.132382 -0.132920 0.791487,
        -1.129661 -0.150454 0.787812,
        -1.130400 -0.144341 0.789506,
        -1.133730 -0.124446 0.792835,
        -1.120252 -0.117600 0.812558,
        -1.111810 -0.121945 0.820249,
        -1.111914 -0.114235 0.822855,
        -1.114962 -0.112314 0.820203,
        -1.117772 -0.109341 0.818009,
        -1.120350 -0.105131 0.816326,
        -1.122113 -0.100561 0.815576,
        -1.143619 -0.098422 0.786544,
        -1.147638 -0.095645 0.780605,
        -1.149950 -0.103825 0.773917,
        -1.155093 -0.089935 0.767578,
        -1.155274 -0.103825 0.763314,
        -1.159232 -0.086764 0.760344,
        -1.157130 -0.103825 0.759617,
        -1.160783 -0.085445 0.757163,
        -1.162804 -0.083175 0.752932,
        -1.163821 -0.081301 0.750884,
        -1.163985 -0.080998 0.750553,
        -1.164599 -0.079246 0.749436,
        -1.169541 -0.069289 0.737811,
        -1.164841 -0.078287 0.749057,
        -1.165037 -0.077268 0.748808,
        -1.165271 -0.075242 0.748713,
        -1.165333 -0.074135 0.748830,
        -1.165335 -0.072128 0.749326,
        -1.165335 -0.072008 0.749356,
        -1.160646 -0.061946 0.763187,
        -1.160809 -0.060968 0.763008,
        -1.160926 -0.060261 0.762879,
        -1.161252 -0.056811 0.762785,
        -1.158665 -0.049054 0.769894,
        -1.155228 -0.042258 0.777635,
        -1.160939 -0.049054 0.764845,
        -1.161671 -0.042258 0.764159,
        -1.161278 -0.052269 0.763534,
        -1.155274 -0.067622 0.773494,
        -1.155356 -0.067689 0.773315,
        -1.155356 -0.077485 0.771062,
        -1.155929 -0.068157 0.772057,
        -1.156778 -0.068365 0.770265,
        -1.157714 -0.068126 0.768352,
        -1.163623 -0.073161 0.753520,
        -1.158471 -0.067510 0.766861,
        -1.159122 -0.066576 0.765642,
        -1.159768 -0.065141 0.764513,
        -1.160277 -0.063544 0.763702,
        -1.160224 -0.063711 0.763786,
        -1.163580 -0.072008 0.753911,
        -1.163619 -0.073048 0.753558,
        -1.159091 -0.050925 0.768672,
        -1.155356 -0.057033 0.775406,
        -1.159460 -0.054064 0.767333,
        -1.159451 -0.057302 0.766772,
        -1.159428 -0.057521 0.766781,
        -1.159158 -0.060094 0.766889,
        -1.158869 -0.061388 0.767269,
        -1.158717 -0.061845 0.767509,
        -1.158452 -0.062420 0.767967,
        -1.158296 -0.062663 0.768253,
        -1.155756 -0.059970 0.774066,
        -1.158133 -0.062858 0.768564,
        -1.157795 -0.063113 0.769234,
        -1.157353 -0.063217 0.770145,
        -1.157071 -0.063168 0.770745,
        -1.156726 -0.062940 0.771508,
        -1.156444 -0.062552 0.772166,
        -1.156182 -0.061928 0.772824,
        -1.154830 -0.053689 0.777028,
        -1.154214 -0.051327 0.778616,
        -1.155307 -0.056678 0.775568,
        -1.153844 -0.050507 0.779459,
        -1.153371 -0.049853 0.780464,
        -1.153254 -0.042258 0.781764,
        -1.152650 -0.049300 0.781908,
        -1.151362 -0.041859 0.785317,
        -1.151695 -0.049084 0.783707,
        -1.150784 -0.049282 0.785332,
        -1.150250 -0.041069 0.787409,
        -1.149662 -0.040293 0.788539,
        -1.149931 -0.049879 0.786762,
        -1.149184 -0.050811 0.787932,
        -1.135988 -0.042837 0.809484,
        -1.148407 -0.052298 0.789045,
        -1.147853 -0.053795 0.789754,
        -1.147168 -0.056549 0.790457,
        -1.146272 -0.070974 0.789197,
        -1.145805 -0.076583 0.788729,
        -1.146031 -0.076740 0.788316,
        -1.149932 -0.079647 0.780388,
        -1.154261 -0.065491 0.775943,
        -1.154687 -0.066686 0.774860,
        -1.149434 -0.066993 0.784601,
        -1.148880 -0.059728 0.786971,
        -1.149034 -0.058243 0.786968,
        -1.153341 -0.060219 0.778754,
        -1.149302 -0.056902 0.786733,
        -1.150415 -0.054591 0.785153,
        -1.150773 -0.054343 0.784553,
        -1.152877 -0.057115 0.780200,
        -1.151181 -0.054252 0.783830,
        -1.151512 -0.054298 0.783218,
        -1.149678 -0.055777 0.786264,
        -1.149862 -0.055376 0.786007,
        -1.150066 -0.055020 0.785706,
        -1.151889 -0.054497 0.782493,
        -1.152203 -0.054858 0.781850,
        -1.152440 -0.055347 0.781326,
        -1.153596 -0.062160 0.777897,
        -1.149194 -0.065913 0.785243,
        -1.148854 -0.063091 0.786391,
        -1.146719 -0.060219 0.790569,
        -1.146635 -0.063579 0.790085,
        -1.146906 -0.066993 0.788962,
        -1.154156 -0.077733 0.772767,
        -1.097095 -0.109341 0.838522,
        -1.097927 -0.110768 0.837378,
        -1.088991 -0.132848 0.837915,
        -1.095557 -0.105150 0.841030,
        -1.100146 -0.113243 0.834654,
        -1.102723 -0.114719 0.831824,
        -1.107788 -0.124015 0.823914,
        -1.106578 -0.115379 0.827916,
        -1.108410 -0.115258 0.826133,
        -1.111831 -0.114287 0.822927,
        -1.094906 -0.100319 0.842875,
        -1.083729 -0.097555 0.852489,
        -1.083729 -0.144552 0.837844,
        -1.109589 -0.136809 0.817380,
        -1.111363 -0.127158 0.819154,
        -1.111902 -0.126898 0.818649,
        -1.119357 -0.123310 0.811663,
        -1.108298 -0.143829 0.816090,
        -1.087904 -0.138374 0.836828,
        -1.093879 -0.141705 0.830438,
        -1.083729 -0.189441 0.817642,
        -1.097872 -0.143930 0.826167,
        -1.083729 -0.049136 0.861363,
        -1.111915 -0.046234 0.837465,
        -1.099354 -0.053689 0.848278,
        -1.111717 -0.053689 0.836274,
        -1.096626 -0.082784 0.845550,
        -1.095221 -0.094205 0.844144,
        -1.095157 -0.095435 0.843889,
        -1.097545 -0.074311 0.846469,
        -1.102408 -0.058857 0.844819,
        -1.111673 -0.058857 0.835964,
        -1.101011 -0.074311 0.843422,
        -1.110428 -0.073175 0.834719,
        -1.114869 -0.058857 0.832676,
        -1.123893 -0.058857 0.822653,
        -1.113637 -0.073175 0.831444,
        -1.122509 -0.075221 0.821270,
        -1.123480 -0.093796 0.815786,
        -1.124054 -0.088656 0.816360,
        -1.124709 -0.082784 0.817015,
        -1.111792 -0.082784 0.831081,
        -1.111907 -0.073175 0.833209,
        -1.114822 -0.082784 0.828191,
        -1.125459 -0.075221 0.817765,
        -1.127187 -0.053689 0.819493,
        -1.126624 -0.045676 0.821275,
        -1.124841 -0.053689 0.822326,
        -1.123423 -0.045676 0.825079,
        -1.126880 -0.044993 0.821049,
        -1.127081 -0.044223 0.820893,
        -1.114652 -0.015772 0.837152,
        -1.111907 -0.016447 0.839901,
        -1.111915 0.000000 0.840261,
        -1.128003 -0.040695 0.820178,
        -1.128654 -0.034593 0.820004,
        -1.128663 -0.031595 0.820266,
        -1.128839 -0.014064 0.821145,
        -1.128186 -0.027353 0.821199,
        -1.127101 -0.023641 0.822786,
        -1.125637 -0.020839 0.824717,
        -1.125400 -0.020491 0.825018,
        -1.125929 -0.014064 0.824690,
        -1.123227 -0.018107 0.827684,
        -1.126035 0.000000 0.824796,
        -1.120487 -0.016482 0.830862,
        -1.116100 -0.015702 0.835644,
        -1.135988 0.000000 0.812075,
        -1.128900 0.000000 0.821206,
        -1.135971 0.041661 0.809609,
        -1.128930 0.007048 0.821236,
        -1.124092 0.007048 0.827057,
        -1.119215 0.007048 0.832562,
        -1.111686 0.007048 0.839964,
        -1.101276 0.007048 0.850199,
        -1.083729 0.000000 0.864335,
        -1.126049 0.001880 0.824810,
        -1.119169 0.001880 0.832673,
        -1.111688 0.001880 0.840026,
        -1.101307 0.001880 0.850230,
        -1.111924 -0.021776 0.839634,
        -1.115760 -0.021125 0.835738,
        -1.116863 -0.021177 0.834570,
        -1.119546 -0.021837 0.831629,
        -1.121656 -0.023149 0.829198,
        -1.123332 -0.025055 0.827158,
        -1.123948 -0.026081 0.826372,
        -1.125023 -0.028762 0.824912,
        -1.125583 -0.031678 0.824007,
        -1.125686 -0.035340 0.823550,
        -1.125483 -0.037908 0.823535,
        -1.117398 -0.053689 0.830759,
        -1.123778 -0.044696 0.824781,
        -1.124633 -0.042327 0.824061,
        -1.110959 -0.016680 0.840851,
        -1.107724 -0.018581 0.843905,
        -1.104879 -0.021483 0.846421,
        -1.104228 -0.022366 0.846970,
        -1.102074 -0.026238 0.848677,
        -1.100700 -0.030425 0.849593,
        -1.099915 -0.036189 0.849793,
        -1.099949 -0.041432 0.849245,
        -1.100620 -0.045676 0.848183,
        -1.104635 -0.045676 0.844557,
        -1.104485 -0.045231 0.844747,
        -1.103581 -0.041170 0.846028,
        -1.103402 -0.036241 0.846681,
        -1.103541 -0.034517 0.846711,
        -1.104213 -0.031059 0.846388,
        -1.105435 -0.027927 0.845498,
        -1.107108 -0.025331 0.844106,
        -1.107347 -0.025043 0.843898,
        -1.109419 -0.023113 0.842029,
        -1.111915 -0.021781 0.839643,
        -1.155356 0.000000 0.780470,
        -1.160570 0.000000 0.769512,
        -1.160480 -0.014483 0.769422,
        -1.169541 -0.034899 0.744113,
        -1.161861 -0.037356 0.764349,
        -1.161866 -0.037244 0.764353,
        -1.159958 -0.037244 0.768698,
        -1.159963 -0.037111 0.768703,
        -1.160524 -0.036309 0.767544,
        -1.161312 -0.034723 0.765931,
        -1.161863 -0.032978 0.764846,
        -1.162237 -0.030946 0.764178,
        -1.162433 -0.028350 0.763965,
        -1.162439 -0.026836 0.764086,
        -1.162364 -0.025351 0.764389,
        -1.162104 -0.023428 0.765154,
        -1.161641 -0.021739 0.766357,
        -1.162436 -0.014483 0.764923,
        -1.161411 -0.021181 0.766928,
        -1.160767 -0.020138 0.768462,
        -1.160037 -0.019531 0.770130,
        -1.159030 -0.019283 0.772343,
        -1.158756 -0.019356 0.772920,
        -1.157764 -0.019618 0.775002,
        -1.156934 -0.020307 0.776672,
        -1.156241 -0.021310 0.778009,
        -1.154366 0.000000 0.782355,
        -1.154377 0.001880 0.782365,
        -1.155307 0.001880 0.780441,
        -1.160581 0.001880 0.769524,
        -1.154297 -0.012437 0.782286,
        -1.154448 -0.028770 0.780960,
        -1.151226 -0.025178 0.787259,
        -1.155002 -0.024989 0.780199,
        -1.152310 -0.022077 0.785509,
        -1.155355 -0.023673 0.779601,
        -1.150325 -0.033150 0.788164,
        -1.150294 -0.031451 0.788385,
        -1.150572 -0.028309 0.788176,
        -1.153576 -0.037244 0.781767,
        -1.152493 -0.037069 0.783820,
        -1.151623 -0.036551 0.785475,
        -1.151127 -0.035961 0.786439,
        -1.150748 -0.035204 0.787201,
        -1.150490 -0.034313 0.787754,
        -1.142803 -0.013573 0.801908,
        -1.142854 0.000000 0.801959,
        -1.148170 -0.031922 0.792021,
        -1.148198 -0.034902 0.791675,
        -1.148447 -0.037026 0.791024,
        -1.148870 -0.038697 0.790108,
        -1.149503 -0.023133 0.790454,
        -1.148653 -0.026865 0.791641,
        -1.148332 -0.029374 0.791978,
        -1.149470 -0.040039 0.788908,
        -1.155577 -0.022849 0.779228,
        -1.152039 -0.012437 0.786511,
        -1.149844 -0.022077 0.789932,
        -1.145337 -0.013573 0.797930,
        -1.145426 0.000000 0.798019,
        -1.152109 0.000000 0.786581,
        -1.145439 0.001880 0.798031,
        -1.152120 0.001880 0.786592,
        -1.169541 0.000000 0.746224,
        -1.162487 0.000001 0.764975,
        -1.162513 0.007048 0.765000,
        -1.161582 0.007048 0.767176,
        -1.155843 -0.084053 0.768374,
        -1.156869 -0.084667 0.766072,
        -1.156857 -0.084800 0.766060,
        -1.144193 -0.093223 0.787118,
        -1.155321 -0.085698 0.768902,
        -1.155322 -0.083665 0.769434,
        -1.155741 -0.085414 0.768215,
        -1.156380 -0.085063 0.766981,
        -1.161574 -0.079991 0.756796,
        -1.159172 -0.082191 0.761747,
        -1.157579 -0.080667 0.765633,
        -1.163652 -0.073932 0.753258,
        -1.162475 -0.078309 0.755065,
        -1.163611 -0.074853 0.753131,
        -1.163466 -0.076078 0.753184,
        -1.163356 -0.076639 0.753318,
        -1.163217 -0.077174 0.753525,
        -1.162898 -0.078070 0.754087,
        -1.162400 -0.079004 0.755066,
        -1.155200 -0.078628 0.770590,
        -1.181102 0.000000 0.673228,
        -1.178194 0.030555 0.708333,
        -1.181102 0.026100 0.671650,
        -1.178194 0.060664 0.702815,
        -1.181102 0.051820 0.666936,
        -1.178194 0.089888 0.693709,
        -1.181102 0.076785 0.659157,
        -1.178194 0.117802 0.681146,
        -1.181102 0.100629 0.648426,
        -1.178194 0.143998 0.665310,
        -1.181102 0.123006 0.634898,
        -1.178194 0.168094 0.646432,
        -1.181102 0.143589 0.618772,
        -1.178194 0.189739 0.624787,
        -1.181102 0.162079 0.600282,
        -1.178194 0.208617 0.600691,
        -1.181102 0.178205 0.579699,
        -1.178194 0.224453 0.574495,
        -1.181102 0.191733 0.557322,
        -1.178194 0.237016 0.546581,
        -1.181102 0.202464 0.533478,
        -1.178194 0.246122 0.517357,
        -1.181102 0.210243 0.508513,
        -1.178194 0.251640 0.487248,
        -1.181102 0.214957 0.482793,
        -1.178194 0.253489 0.456693,
        -1.181102 0.216535 0.456693,
        -1.178194 0.251640 0.426138,
        -1.181102 0.214957 0.430593,
        -1.178194 0.246122 0.396029,
        -1.181102 0.210243 0.404872,
        -1.178194 0.237016 0.366805,
        -1.181102 0.202464 0.379908,
        -1.178194 0.224453 0.338891,
        -1.181102 0.191733 0.356064,
        -1.178194 0.208617 0.312695,
        -1.181102 0.178205 0.333687,
        -1.178194 0.189739 0.288599,
        -1.181102 0.162079 0.313104,
        -1.178194 0.168094 0.266954,
        -1.181102 0.143589 0.294614,
        -1.178194 0.143998 0.248076,
        -1.181102 0.123006 0.278488,
        -1.178194 0.117802 0.232240,
        -1.181102 0.100629 0.264960,
        -1.178194 0.089888 0.219677,
        -1.181102 0.076785 0.254229,
        -1.178194 0.060664 0.210570,
        -1.181102 0.051820 0.246450,
        -1.178194 0.030555 0.205053,
        -1.181102 0.026100 0.241736,
        -1.178194 0.000000 0.203204,
        -1.181102 0.000000 0.240157,
        -1.178194 -0.030555 0.205053,
        -1.181102 -0.026100 0.241736,
        -1.178194 -0.060664 0.210570,
        -1.181102 -0.051820 0.246450,
        -1.178194 -0.089888 0.219677,
        -1.181102 -0.076785 0.254229,
        -1.178194 -0.117802 0.232240,
        -1.181102 -0.100629 0.264960,
        -1.178194 -0.143998 0.248076,
        -1.181102 -0.123006 0.278488,
        -1.178194 -0.168094 0.266954,
        -1.181102 -0.143589 0.294614,
        -1.178194 -0.189739 0.288599,
        -1.181102 -0.162079 0.313104,
        -1.178194 -0.208617 0.312695,
        -1.181102 -0.178205 0.333687,
        -1.178194 -0.224453 0.338891,
        -1.181102 -0.191733 0.356064,
        -1.178194 -0.237016 0.366805,
        -1.181102 -0.202464 0.379908,
        -1.178194 -0.246122 0.396029,
        -1.181102 -0.210243 0.404872,
        -1.178194 -0.251640 0.426138,
        -1.181102 -0.214957 0.430593,
        -1.178194 -0.253489 0.456693,
        -1.181102 -0.216535 0.456693,
        -1.178194 -0.251640 0.487248,
        -1.181102 -0.214957 0.482793,
        -1.178194 -0.246122 0.517357,
        -1.181102 -0.210243 0.508513,
        -1.178194 -0.237016 0.546581,
        -1.181102 -0.202464 0.533478,
        -1.178194 -0.224453 0.574495,
        -1.181102 -0.191733 0.557322,
        -1.178194 -0.208617 0.600691,
        -1.181102 -0.178205 0.579699,
        -1.178194 -0.189739 0.624787,
        -1.181102 -0.162079 0.600282,
        -1.178194 -0.168094 0.646432,
        -1.181102 -0.143589 0.618772,
        -1.178194 -0.143998 0.665310,
        -1.181102 -0.123006 0.634898,
        -1.178194 -0.117802 0.681146,
        -1.181102 -0.100629 0.648426,
        -1.178194 -0.089888 0.693709,
        -1.181102 -0.076785 0.659157,
        -1.178194 -0.060664 0.702815,
        -1.181102 -0.051820 0.666936,
        -1.178194 -0.030555 0.708333,
        -1.181102 -0.026100 0.671650,
        -1.178194 0.000000 0.710181,
        -1.169541 0.191995 0.673410,
        -1.169541 0.216717 0.648688,
        -1.169541 0.238280 0.621166,
        -1.169541 0.256367 0.591245,
        -1.169541 0.270717 0.559362,
        -1.169541 0.281119 0.525982,
        -1.169541 0.287420 0.491592,
        -1.169541 0.289531 0.456693,
        -1.169541 0.287420 0.421794,
        -1.169541 0.281119 0.387404,
        -1.169541 0.270717 0.354024,
        -1.169541 0.256367 0.322141,
        -1.169541 0.238280 0.292220,
        -1.169541 0.216717 0.264698,
        -1.169541 0.191995 0.239976,
        -1.169541 0.164473 0.218413,
        -1.169541 0.134552 0.200326,
        -1.169541 0.102669 0.185976,
        -1.169541 0.069289 0.175574,
        -1.169541 0.034899 0.169272,
        -1.169541 0.000000 0.167161,
        -1.169541 -0.034899 0.169272,
        -1.169541 -0.069289 0.175574,
        -1.169541 -0.102669 0.185976,
        -1.169541 -0.134552 0.200326,
        -1.169541 -0.164473 0.218413,
        -1.169541 -0.191995 0.239976,
        -1.169541 -0.216717 0.264698,
        -1.169541 -0.238280 0.292220,
        -1.169541 -0.256367 0.322141,
        -1.169541 -0.270717 0.354024,
        -1.169541 -0.281119 0.387404,
        -1.169541 -0.287420 0.421794,
        -1.169541 -0.289531 0.456693,
        -1.169541 -0.287420 0.491592,
        -1.169541 -0.281119 0.525982,
        -1.169541 -0.270717 0.559362,
        -1.169541 -0.256367 0.591245,
        -1.169541 -0.238280 0.621166,
        -1.169541 -0.216717 0.648688,
        -1.169541 -0.191995 0.673410,
        -1.169541 -0.164473 0.694973,
        -1.169541 -0.134552 0.713060,
        -1.169541 -0.102669 0.727409,
        -1.155838 -0.114443 0.758326,
        -1.155356 -0.214704 0.699044,
        -1.155356 -0.242351 0.671397,
        -1.155356 -0.266463 0.640619,
        -1.155356 -0.286691 0.607160,
        -1.155356 -0.302737 0.571506,
        -1.155356 -0.314369 0.534178,
        -1.155356 -0.321417 0.495720,
        -1.155356 -0.323777 0.456693,
        -1.155356 -0.321417 0.417666,
        -1.155356 -0.314369 0.379208,
        -1.155356 -0.302737 0.341880,
        -1.155356 -0.286691 0.306226,
        -1.155356 -0.266463 0.272767,
        -1.155356 -0.242351 0.241989,
        -1.155356 -0.214704 0.214342,
        -1.155356 -0.183926 0.190230,
        -1.155356 -0.150467 0.170002,
        -1.155356 -0.114813 0.153956,
        -1.155356 -0.077485 0.142324,
        -1.155356 -0.039027 0.135276,
        -1.155356 0.000000 0.132916,
        -1.155356 0.039027 0.135276,
        -1.155356 0.077485 0.142324,
        -1.155356 0.114813 0.153956,
        -1.155356 0.150467 0.170002,
        -1.155356 0.183926 0.190230,
        -1.155356 0.214704 0.214342,
        -1.155356 0.242351 0.241989,
        -1.155356 0.266463 0.272767,
        -1.155356 0.286691 0.306226,
        -1.155356 0.302737 0.341880,
        -1.155356 0.314369 0.379208,
        -1.155356 0.321417 0.417666,
        -1.155356 0.323777 0.456693,
        -1.155356 0.321417 0.495720,
        -1.155356 0.314369 0.534178,
        -1.155356 0.302737 0.571506,
        -1.155356 0.286691 0.607160,
        -1.155356 0.266463 0.640619,
        -1.155356 0.242351 0.671397,
        -1.155356 0.214704 0.699044,
        -1.135988 0.266007 0.692355,
        -1.135988 0.292474 0.658573,
        -1.135988 0.314676 0.621847,
        -1.135988 0.332288 0.582713,
        -1.135988 0.345056 0.541741,
        -1.135988 0.352791 0.499530,
        -1.135988 0.355382 0.456693,
        -1.135988 0.352791 0.413856,
        -1.135988 0.345056 0.371644,
        -1.135988 0.332288 0.330672,
        -1.135988 0.314676 0.291539,
        -1.135988 0.292474 0.254813,
        -1.135988 0.266007 0.221031,
        -1.135988 0.235662 0.190685,
        -1.135988 0.201880 0.164219,
        -1.135988 0.165154 0.142017,
        -1.135988 0.126020 0.124405,
        -1.135988 0.085048 0.111637,
        -1.135988 0.042837 0.103902,
        -1.135988 0.000000 0.101311,
        -1.135988 -0.042837 0.103902,
        -1.135988 -0.085048 0.111637,
        -1.135988 -0.126020 0.124405,
        -1.135988 -0.165154 0.142017,
        -1.135988 -0.201880 0.164219,
        -1.135988 -0.235662 0.190685,
        -1.135988 -0.266007 0.221031,
        -1.135988 -0.292474 0.254813,
        -1.135988 -0.314676 0.291539,
        -1.135988 -0.332288 0.330672,
        -1.135988 -0.345056 0.371644,
        -1.135988 -0.352791 0.413856,
        -1.135988 -0.355382 0.456693,
        -1.135988 -0.352791 0.499530,
        -1.135988 -0.345056 0.541741,
        -1.135988 -0.332288 0.582713,
        -1.135988 -0.314676 0.621847,
        -1.135988 -0.292474 0.658573,
        -1.135988 -0.266007 0.692355,
        -1.140860 -0.198048 0.743348,
        -1.111915 0.287105 0.711046,
        -1.111915 0.315671 0.674585,
        -1.111915 0.339633 0.634946,
        -1.111915 0.358643 0.592708,
        -1.111915 0.372423 0.548487,
        -1.111915 0.380772 0.502927,
        -1.111915 0.383569 0.456693,
        -1.111915 0.380772 0.410459,
        -1.111915 0.372423 0.364899,
        -1.111915 0.358643 0.320678,
        -1.111915 0.339633 0.278440,
        -1.111915 0.315671 0.238801,
        -1.111915 0.287105 0.202340,
        -1.111915 0.254353 0.169588,
        -1.111915 0.217892 0.141022,
        -1.111915 0.178253 0.117060,
        -1.111915 0.136015 0.098050,
        -1.111915 0.091794 0.084270,
        -1.111915 0.046234 0.075921,
        -1.111915 0.000000 0.073124,
        -1.111915 -0.046234 0.075921,
        -1.111915 -0.091794 0.084270,
        -1.111915 -0.136015 0.098050,
        -1.111915 -0.178253 0.117060,
        -1.111915 -0.217892 0.141022,
        -1.111915 -0.254353 0.169588,
        -1.111915 -0.287105 0.202340,
        -1.111915 -0.315671 0.238801,
        -1.111915 -0.339633 0.278440,
        -1.111915 -0.358643 0.320678,
        -1.111915 -0.372423 0.364899,
        -1.111915 -0.380772 0.410459,
        -1.111915 -0.383569 0.456693,
        -1.111915 -0.380772 0.502927,
        -1.111915 -0.372423 0.548487,
        -1.111915 -0.358643 0.592708,
        -1.111915 -0.339633 0.634946,
        -1.111915 -0.315671 0.674585,
        -1.111915 -0.287105 0.711046,
        -1.111915 -0.254353 0.743798,
        -1.083729 0.305124 0.727009,
        -1.083729 0.335483 0.688260,
        -1.083729 0.360949 0.646133,
        -1.083729 0.381152 0.601245,
        -1.083729 0.395796 0.554248,
        -1.083729 0.404670 0.505829,
        -1.083729 0.407642 0.456693,
        -1.083729 0.404670 0.407557,
        -1.083729 0.395796 0.359138,
        -1.083729 0.381152 0.312141,
        -1.083729 0.360949 0.267252,
        -1.083729 0.335483 0.225126,
        -1.083729 0.305124 0.186376,
        -1.083729 0.270317 0.151569,
        -1.083729 0.231567 0.121210,
        -1.083729 0.189441 0.095744,
        -1.083729 0.144552 0.075541,
        -1.083729 0.097555 0.060896,
        -1.083729 0.049136 0.052023,
        -1.083729 0.000000 0.049051,
        -1.083729 -0.049136 0.052023,
        -1.083729 -0.097555 0.060896,
        -1.083729 -0.144552 0.075541,
        -1.083729 -0.189441 0.095744,
        -1.083729 -0.231567 0.121210,
        -1.083729 -0.270317 0.151569,
        -1.083729 -0.305124 0.186376,
        -1.083729 -0.335483 0.225126,
        -1.083729 -0.360949 0.267252,
        -1.083729 -0.381152 0.312141,
        -1.083729 -0.395796 0.359138,
        -1.083729 -0.404670 0.407557,
        -1.083729 -0.407642 0.456693,
        -1.083729 -0.404670 0.505829,
        -1.083729 -0.395796 0.554248,
        -1.083729 -0.381152 0.601245,
        -1.083729 -0.360949 0.646133,
        -1.083729 -0.335483 0.688260,
        -1.083729 -0.305124 0.727009,
        -1.083729 -0.270317 0.761817,
        -1.083729 -0.231567 0.792176,
        -1.052124 0.198441 0.834791,
        -1.052124 0.242569 0.808115,
        -1.052124 0.283159 0.776314,
        -1.052124 0.319621 0.739852,
        -1.052124 0.351422 0.699262,
        -1.052124 0.378098 0.655134,
        -1.052124 0.399261 0.608113,
        -1.052124 0.414601 0.558883,
        -1.052124 0.423896 0.508163,
        -1.052124 0.427009 0.456693,
        -1.052124 0.423896 0.405222,
        -1.052124 0.414601 0.354503,
        -1.052124 0.399261 0.305273,
        -1.052124 0.378098 0.258252,
        -1.052124 0.351422 0.214124,
        -1.052124 0.319621 0.173533,
        -1.052124 0.283159 0.137072,
        -1.052124 0.242569 0.105271,
        -1.052124 0.198441 0.078595,
        -1.052124 0.151420 0.057432,
        -1.052124 0.102190 0.042092,
        -1.052124 0.051470 0.032797,
        -1.052124 0.000000 0.029683,
        -1.052124 -0.051470 0.032797,
        -1.052124 -0.102190 0.042092,
        -1.052124 -0.151420 0.057432,
        -1.052124 -0.198441 0.078595,
        -1.052124 -0.242569 0.105271,
        -1.052124 -0.283159 0.137072,
        -1.052124 -0.319621 0.173533,
        -1.052124 -0.351422 0.214124,
        -1.052124 -0.378098 0.258252,
        -1.052124 -0.399261 0.305273,
        -1.052124 -0.414601 0.354503,
        -1.052124 -0.423896 0.405222,
        -1.052124 -0.427009 0.456693,
        -1.052124 -0.423896 0.508163,
        -1.052124 -0.414601 0.558883,
        -1.052124 -0.399261 0.608113,
        -1.052124 -0.378098 0.655134,
        -1.052124 -0.351422 0.699262,
        -1.052124 -0.319621 0.739852,
        -1.052124 -0.283159 0.776314,
        -1.052124 -0.242569 0.808115,
        -1.052124 -0.198441 0.834791,
        -1.052124 -0.151420 0.855954,
        -1.052124 -0.102190 0.871294,
        -1.052124 -0.051470 0.880589,
        -1.052124 0.000000 0.883702,
        -1.052124 0.051470 0.880589,
        -1.017878 0.053180 0.894670,
        -1.017878 0.105585 0.885067,
        -1.017878 0.156450 0.869217,
        -1.017878 0.205033 0.847351,
        -1.017878 0.250627 0.819789,
        -1.017878 0.292566 0.786932,
        -1.017878 0.330239 0.749259,
        -1.017878 0.363096 0.707320,
        -1.017878 0.390658 0.661726,
        -1.017878 0.412524 0.613143,
        -1.017878 0.428374 0.562278,
        -1.017878 0.437978 0.509873,
        -1.017878 0.441194 0.456693,
        -1.017878 0.437978 0.403513,
        -1.017878 0.428374 0.351108,
        -1.017878 0.412524 0.300243,
        -1.017878 0.390658 0.251659,
        -1.017878 0.363096 0.206066,
        -1.017878 0.330239 0.164127,
        -1.017878 0.292566 0.126454,
        -1.017878 0.250627 0.093597,
        -1.017878 0.205033 0.066035,
        -1.017878 0.156450 0.044169,
        -1.017878 0.105585 0.028319,
        -1.017878 0.053180 0.018715,
        -1.017878 0.000000 0.015498,
        -1.017878 -0.053180 0.018715,
        -1.017878 -0.105585 0.028319,
        -1.017878 -0.156450 0.044169,
        -1.017878 -0.205033 0.066035,
        -1.017878 -0.250627 0.093597,
        -1.017878 -0.292566 0.126454,
        -1.017878 -0.330239 0.164127,
        -1.017878 -0.363096 0.206066,
        -1.017878 -0.390658 0.251659,
        -1.017878 -0.412524 0.300243,
        -1.017878 -0.428374 0.351108,
        -1.017878 -0.437978 0.403513,
        -1.017878 -0.441194 0.456693,
        -1.017878 -0.437978 0.509873,
        -1.017878 -0.428374 0.562278,
        -1.017878 -0.412524 0.613143,
        -1.017878 -0.390658 0.661726,
        -1.017878 -0.363096 0.707320,
        -1.017878 -0.330239 0.749259,
        -1.017878 -0.292566 0.786932,
        -1.017878 -0.250627 0.819789,
        -1.017878 -0.205033 0.847351,
        -1.017878 -0.156450 0.869217,
        -1.017878 -0.105585 0.885067,
        -1.017878 -0.053180 0.894670,
        -1.017878 0.000000 0.897887,
        -0.981835 0.054223 0.903261,
        -0.981835 0.107656 0.893469,
        -0.981835 0.159518 0.877308,
        -0.981835 0.209055 0.855013,
        -0.981835 0.255543 0.826910,
        -0.981835 0.298304 0.793409,
        -0.981835 0.336716 0.754997,
        -0.981835 0.370217 0.712235,
        -0.981835 0.398320 0.665748,
        -0.981835 0.420615 0.616211,
        -0.981835 0.436776 0.564348,
        -0.981835 0.446568 0.510916,
        -0.981835 0.449848 0.456693,
        -0.981835 0.446568 0.402470,
        -0.981835 0.436776 0.349037,
        -0.981835 0.420615 0.297175,
        -0.981835 0.398320 0.247638,
        -0.981835 0.370217 0.201150,
        -0.981835 0.336716 0.158389,
        -0.981835 0.298304 0.119977,
        -0.981835 0.255543 0.086476,
        -0.981835 0.209055 0.058372,
        -0.981835 0.159518 0.036078,
        -0.981835 0.107656 0.019917,
        -0.981835 0.054223 0.010125,
        -0.981835 0.000000 0.006845,
        -0.981835 -0.054223 0.010125,
        -0.981835 -0.107656 0.019917,
        -0.981835 -0.159518 0.036078,
        -0.981835 -0.209055 0.058372,
        -0.981835 -0.255543 0.086476,
        -0.981835 -0.298304 0.119977,
        -0.981835 -0.336716 0.158389,
        -0.981835 -0.370217 0.201150,
        -0.981835 -0.398320 0.247638,
        -0.981835 -0.420615 0.297175,
        -0.981835 -0.436776 0.349037,
        -0.981835 -0.446568 0.402470,
        -0.981835 -0.449848 0.456693,
        -0.981835 -0.446568 0.510916,
        -0.981835 -0.436776 0.564348,
        -0.981835 -0.420615 0.616211,
        -0.981835 -0.398320 0.665748,
        -0.981835 -0.370217 0.712235,
        -0.981835 -0.336716 0.754997,
        -0.981835 -0.298304 0.793409,
        -0.981835 -0.255543 0.826910,
        -0.981835 -0.209055 0.855013,
        -0.981835 -0.159518 0.877308,
        -0.981835 -0.107656 0.893469,
        -0.981835 -0.054223 0.903261,
        -0.981835 0.000000 0.906541,
        -0.944882 0.054574 0.906148,
        -0.944882 0.108352 0.896293,
        -0.944882 0.160550 0.880027,
        -0.944882 0.210406 0.857588,
        -0.944882 0.257194 0.829304,
        -0.944882 0.300233 0.795585,
        -0.944882 0.338893 0.756926,
        -0.944882 0.372611 0.713888,
        -0.944882 0.400895 0.667099,
        -0.944882 0.423334 0.617243,
        -0.944882 0.439600 0.565044,
        -0.944882 0.449455 0.511267,
        -0.944882 0.452756 0.456693,
        -0.944882 0.449455 0.402119,
        -0.944882 0.439600 0.348341,
        -0.944882 0.423334 0.296143,
        -0.944882 0.400895 0.246287,
        -0.944882 0.372611 0.199498,
        -0.944882 0.338893 0.156460,
        -0.944882 0.300233 0.117800,
        -0.944882 0.257194 0.084082,
        -0.944882 0.210406 0.055798,
        -0.944882 0.160550 0.033359,
        -0.944882 0.108352 0.017093,
        -0.944882 0.054574 0.007238,
        -0.944882 0.000000 0.003937,
        -0.944882 -0.054574 0.007238,
        -0.944882 -0.108352 0.017093,
        -0.944882 -0.160550 0.033359,
        -0.944882 -0.210406 0.055798,
        -0.944882 -0.257194 0.084082,
        -0.944882 -0.300233 0.117800,
        -0.944882 -0.338893 0.156460,
        -0.944882 -0.372611 0.199498,
        -0.944882 -0.400895 0.246287,
        -0.944882 -0.423334 0.296143,
        -0.944882 -0.439600 0.348341,
        -0.944882 -0.449455 0.402119,
        -0.944882 -0.452756 0.456693,
        -0.944882 -0.449455 0.511267,
        -0.944882 -0.439600 0.565044,
        -0.944882 -0.423334 0.617243,
        -0.944882 -0.400895 0.667099,
        -0.944882 -0.372611 0.713888,
        -0.944882 -0.338893 0.756926,
        -0.944882 -0.300233 0.795585,
        -0.944882 -0.257194 0.829304,
        -0.944882 -0.210406 0.857588,
        -0.944882 -0.160550 0.880027,
        -0.944882 -0.108352 0.896293,
        -0.944882 -0.054574 0.906148,
        -0.944882 0.000000 0.909449,
        -0.629921 0.054574 0.906148,
        -0.629921 0.000000 0.909449,
        -0.629921 -0.054574 0.906148,
        -0.629921 -0.076372 0.902153,
        -0.944882 -0.076372 0.902153,
        -0.629921 -0.108352 0.896293,
        -0.629921 -0.150680 0.883102,
        -0.944882 -0.150680 0.883102,
        -0.629921 -0.160550 0.880027,
        -0.629921 -0.210406 0.857588,
        -0.629921 -0.220517 0.851476,
        -0.944882 -0.220517 0.851476,
        -0.629921 -0.257194 0.829304,
        -0.629921 -0.283951 0.808341,
        -0.944882 -0.283951 0.808341,
        -0.629921 -0.300233 0.795585,
        -0.629921 -0.338893 0.756926,
        -0.629921 -0.339803 0.755764,
        -0.944882 -0.339803 0.755764,
        -0.629921 -0.372611 0.713888,
        -0.629921 -0.384841 0.693657,
        -0.944882 -0.384841 0.693657,
        -0.629921 -0.400895 0.667099,
        -0.629921 -0.419698 0.625322,
        -0.944882 -0.419698 0.625322,
        -0.629921 -0.423334 0.617243,
        -0.629921 -0.439600 0.565044,
        -0.629921 -0.441996 0.551970,
        -0.944882 -0.441996 0.551970,
        -0.629921 -0.449455 0.511267,
        -0.629921 -0.451596 0.475863,
        -0.944882 -0.451596 0.475863,
        -0.629921 -0.452756 0.456693,
        -0.629921 -0.449455 0.402119,
        -0.629921 -0.448923 0.399215,
        -0.944882 -0.448923 0.399215,
        -0.629921 -0.439600 0.348341,
        -0.629921 -0.432127 0.324360,
        -0.944882 -0.432127 0.324360,
        -0.629921 -0.423334 0.296143,
        -0.629921 -0.403925 0.253019,
        -0.944882 -0.403925 0.253019,
        -0.629921 -0.400895 0.246287,
        -0.629921 -0.372611 0.199498,
        -0.629921 -0.363502 0.187871,
        -0.944882 -0.363502 0.187871,
        -0.629921 -0.338893 0.156460,
        -0.629921 -0.312767 0.130335,
        -0.944882 -0.312767 0.130335,
        -0.629921 -0.300233 0.117800,
        -0.629921 -0.257194 0.084082,
        -0.629921 -0.253405 0.081791,
        -0.944882 -0.253405 0.081791,
        -0.629921 -0.210406 0.055798,
        -0.629921 -0.186152 0.044881,
        -0.944882 -0.186152 0.044881,
        -0.629921 -0.160550 0.033359,
        -0.629921 -0.113990 0.018850,
        -0.944882 -0.113990 0.018850,
        -0.629921 -0.108352 0.017093,
        -0.629921 -0.054574 0.007238,
        -0.629921 -0.038355 0.006257,
        -0.944882 -0.038355 0.006257,
        -0.629921 0.000000 0.003937,
        -0.629921 0.038355 0.006257,
        -0.944882 0.038355 0.006257,
        -0.629921 0.054574 0.007238,
        -0.629921 0.108352 0.017093,
        -0.629921 0.113990 0.018850,
        -0.944882 0.113990 0.018850,
        -0.629921 0.160550 0.033359,
        -0.629921 0.186152 0.044881,
        -0.944882 0.186152 0.044881,
        -0.629921 0.210406 0.055798,
        -0.629921 0.253405 0.081791,
        -0.944882 0.253405 0.081791,
        -0.629921 0.257194 0.084082,
        -0.629921 0.300233 0.117800,
        -0.629921 0.312767 0.130335,
        -0.944882 0.312767 0.130335,
        -0.629921 0.338893 0.156460,
        -0.629921 0.363502 0.187871,
        -0.944882 0.363502 0.187871,
        -0.629921 0.372611 0.199498,
        -0.629921 0.400895 0.246287,
        -0.629921 0.403925 0.253019,
        -0.944882 0.403925 0.253019,
        -0.629921 0.423334 0.296143,
        -0.629921 0.432127 0.324360,
        -0.944882 0.432127 0.324360,
        -0.629921 0.439600 0.348341,
        -0.629921 0.448923 0.399215,
        -0.944882 0.448923 0.399215,
        -0.629921 0.449455 0.402119,
        -0.629921 0.452756 0.456693,
        -0.629921 0.451596 0.475863,
        -0.944882 0.451596 0.475863,
        -0.629921 0.449455 0.511267,
        -0.629921 0.441996 0.551970,
        -0.944882 0.441996 0.551970,
        -0.629921 0.439600 0.565044,
        -0.629921 0.423334 0.617243,
        -0.629921 0.419698 0.625322,
        -0.944882 0.419698 0.625322,
        -0.629921 0.400895 0.667099,
        -0.629921 0.384841 0.693657,
        -0.944882 0.384841 0.693657,
        -0.629921 0.372611 0.713888,
        -0.629921 0.339803 0.755764,
        -0.944882 0.339803 0.755764,
        -0.629921 0.338893 0.756926,
        -0.629921 0.300233 0.795585,
        -0.629921 0.283951 0.808341,
        -0.944882 0.283951 0.808341,
        -0.629921 0.257194 0.829304,
        -0.629921 0.220517 0.851476,
        -0.944882 0.220517 0.851476,
        -0.629921 0.210406 0.857588,
        -0.629921 0.160550 0.880027,
        -0.629921 0.150680 0.883102,
        -0.944882 0.150680 0.883102,
        -0.629921 0.108352 0.896293,
        -0.629921 0.076372 0.902153,
        -0.944882 0.076372 0.902153,
        -0.621441 -0.299413 0.118726,
        -0.621441 -0.451520 0.456693,
        -0.621441 -0.299413 0.794660,
        -0.584646 0.052219 0.026629,
        -0.555556 0.049757 0.046903,
        -0.555556 0.000000 0.043893,
        -0.533507 -0.025493 0.059670,
        -0.533507 -0.048042 0.061033,
        -0.555556 -0.049757 0.046903,
        -0.533507 -0.076063 0.066169,
        -0.533507 -0.095383 0.069709,
        -0.555556 -0.098789 0.055889,
        -0.533507 -0.326803 0.228737,
        -0.533507 -0.328013 0.230282,
        -0.555556 -0.339728 0.222196,
        -0.533507 -0.363797 0.617730,
        -0.533507 -0.352912 0.641915,
        -0.555556 -0.365516 0.648530,
        -0.533507 -0.340208 0.662930,
        -0.533507 -0.328013 0.683104,
        -0.555556 -0.339728 0.691190,
        -0.533507 -0.311050 0.704755,
        -0.533507 -0.298330 0.720991,
        -0.555556 -0.308985 0.730430,
        -0.533507 -0.276797 0.742524,
        -0.533507 -0.264298 0.755023,
        -0.555556 -0.273737 0.765678,
        -0.533507 -0.050937 0.851822,
        -0.533507 -0.048042 0.852352,
        -0.555556 -0.049757 0.866483,
        -0.533507 0.340208 0.662930,
        -0.533507 0.352912 0.641915,
        -0.555556 0.365516 0.648530,
        -0.533507 0.363797 0.617730,
        -0.533507 0.372665 0.598026,
        -0.555556 0.385974 0.603074,
        -0.533507 0.381433 0.569890,
        -0.533507 0.386984 0.552076,
        -0.555556 0.400804 0.555482,
        -0.533507 0.353315 0.272365,
        -0.533507 0.352912 0.271470,
        -0.555556 0.365516 0.264856,
        -0.533507 0.172687 0.098139,
        -0.533507 0.141333 0.084028,
        -0.555556 0.146381 0.070719,
        -0.533507 0.125395 0.079061,
        -0.533507 0.095383 0.069709,
        -0.555556 0.098789 0.055889,
        -0.533507 0.000000 0.058128,
        -0.533507 0.025493 0.059670,
        -0.533507 0.048042 0.061033,
        -0.533507 0.076063 0.066169,
        -0.555556 0.191837 0.091177,
        -0.533507 0.185222 0.103781,
        -0.533507 0.258116 0.153520,
        -0.533507 0.226411 0.128680,
        -0.555556 0.234497 0.116965,
        -0.533507 0.217169 0.123093,
        -0.533507 0.294861 0.188926,
        -0.533507 0.264298 0.158363,
        -0.555556 0.273737 0.147708,
        -0.533507 0.326803 0.228737,
        -0.533507 0.298330 0.192395,
        -0.555556 0.308985 0.182956,
        -0.555556 0.339728 0.222196,
        -0.533507 0.328013 0.230282,
        -0.533507 0.373833 0.319107,
        -0.533507 0.372665 0.315360,
        -0.555556 0.385974 0.310312,
        -0.555556 0.400804 0.357904,
        -0.533507 0.386984 0.361310,
        -0.533507 0.396252 0.418450,
        -0.533507 0.395659 0.408651,
        -0.555556 0.409790 0.406935,
        -0.533507 0.388222 0.368068,
        -0.533507 0.397794 0.469433,
        -0.533507 0.398565 0.456693,
        -0.555556 0.412800 0.456693,
        -0.533507 0.392827 0.520189,
        -0.555556 0.409790 0.506450,
        -0.533507 0.395659 0.504735,
        -0.555556 0.339728 0.691190,
        -0.533507 0.328013 0.683104,
        -0.533507 0.276797 0.742524,
        -0.533507 0.298330 0.720991,
        -0.555556 0.308985 0.730430,
        -0.533507 0.311050 0.704755,
        -0.533507 0.238005 0.775622,
        -0.533507 0.264298 0.755023,
        -0.555556 0.273737 0.765678,
        -0.555556 0.234497 0.796420,
        -0.533507 0.226411 0.784706,
        -0.533507 0.149389 0.825732,
        -0.533507 0.185222 0.809605,
        -0.555556 0.191837 0.822209,
        -0.533507 0.195305 0.803510,
        -0.533507 0.101005 0.841925,
        -0.533507 0.141333 0.829358,
        -0.555556 0.146381 0.842667,
        -0.533507 0.050937 0.851822,
        -0.533507 0.095383 0.843677,
        -0.555556 0.098789 0.857497,
        -0.555556 0.049757 0.866483,
        -0.533507 0.048042 0.852352,
        -0.533507 -0.000000 0.855258,
        -0.555556 -0.000000 0.869493,
        -0.533507 -0.101005 0.841925,
        -0.533507 -0.095383 0.843677,
        -0.555556 -0.098789 0.857497,
        -0.555556 -0.146381 0.842667,
        -0.533507 -0.141333 0.829358,
        -0.533507 -0.195305 0.803510,
        -0.533507 -0.185222 0.809605,
        -0.555556 -0.191837 0.822209,
        -0.533507 -0.149389 0.825732,
        -0.533507 -0.238005 0.775622,
        -0.555556 -0.234497 0.796420,
        -0.533507 -0.226411 0.784706,
        -0.555556 -0.385974 0.603074,
        -0.533507 -0.372665 0.598026,
        -0.533507 -0.392827 0.520189,
        -0.533507 -0.386984 0.552076,
        -0.555556 -0.400804 0.555482,
        -0.533507 -0.381433 0.569890,
        -0.533507 -0.397794 0.469433,
        -0.533507 -0.395659 0.504735,
        -0.555556 -0.409790 0.506450,
        -0.555556 -0.412800 0.456693,
        -0.533507 -0.398565 0.456693,
        -0.533507 -0.388222 0.368068,
        -0.533507 -0.395659 0.408651,
        -0.555556 -0.409790 0.406935,
        -0.533507 -0.396252 0.418450,
        -0.533507 -0.373833 0.319107,
        -0.533507 -0.386984 0.361310,
        -0.555556 -0.400804 0.357904,
        -0.533507 -0.353315 0.272365,
        -0.533507 -0.372665 0.315360,
        -0.555556 -0.385974 0.310312,
        -0.555556 -0.365516 0.264856,
        -0.533507 -0.352912 0.271470,
        -0.533507 -0.294861 0.188926,
        -0.533507 -0.298330 0.192395,
        -0.555556 -0.308985 0.182956,
        -0.555556 -0.273737 0.147708,
        -0.533507 -0.264298 0.158363,
        -0.533507 -0.217169 0.123093,
        -0.533507 -0.226411 0.128680,
        -0.555556 -0.234497 0.116965,
        -0.533507 -0.258116 0.153520,
        -0.533507 -0.172687 0.098139,
        -0.533507 -0.185222 0.103781,
        -0.555556 -0.191837 0.091177,
        -0.533507 -0.125395 0.079061,
        -0.533507 -0.141333 0.084028,
        -0.555556 -0.146381 0.070719,
        -0.584646 0.103677 0.036059,
        -0.608960 0.106951 0.022774,
        -0.584646 0.153623 0.051622,
        -0.608960 0.158474 0.038830,
        -0.621441 0.160111 0.034515,
        -0.584646 0.201329 0.073093,
        -0.608960 0.207687 0.060979,
        -0.608960 0.253871 0.088898,
        -0.584646 -0.052219 0.026629,
        -0.584646 0.000000 0.023470,
        -0.608960 0.000000 0.009788,
        -0.608960 0.053869 0.013047,
        -0.621441 0.054425 0.008465,
        -0.621441 0.108056 0.018294,
        -0.621441 0.299413 0.118726,
        -0.621441 0.256493 0.085100,
        -0.621441 0.209831 0.056892,
        -0.584646 0.287280 0.132421,
        -0.584646 0.324272 0.169413,
        -0.608960 0.334513 0.160341,
        -0.608960 0.367795 0.202822,
        -0.621441 0.371593 0.200200,
        -0.621441 0.399801 0.246861,
        -0.584646 0.383600 0.255364,
        -0.584646 0.405070 0.303070,
        -0.608960 0.417863 0.298219,
        -0.608960 0.433918 0.349742,
        -0.621441 0.438399 0.348637,
        -0.621441 0.448228 0.402268,
        -0.584646 0.420634 0.353016,
        -0.608960 0.443646 0.402824,
        -0.621441 0.451520 0.456693,
        -0.584646 0.433223 0.456693,
        -0.584646 0.430064 0.508912,
        -0.608960 0.443646 0.510561,
        -0.608960 0.433918 0.563644,
        -0.621441 0.438399 0.564748,
        -0.621441 0.422178 0.616804,
        -0.584646 0.405070 0.610316,
        -0.584646 0.383600 0.658022,
        -0.608960 0.395714 0.664380,
        -0.608960 0.367795 0.710564,
        -0.621441 0.371593 0.713185,
        -0.621441 0.337967 0.756106,
        -0.584646 0.356535 0.702791,
        -0.608960 0.334513 0.753045,
        -0.621441 0.299413 0.794660,
        -0.584646 0.287280 0.780965,
        -0.584646 0.246098 0.813228,
        -0.608960 0.253871 0.824488,
        -0.608960 0.207687 0.852407,
        -0.621441 0.209831 0.856494,
        -0.621441 0.160111 0.878871,
        -0.584646 0.153623 0.861763,
        -0.584646 0.103677 0.877327,
        -0.608960 0.106951 0.890611,
        -0.608960 0.053869 0.900339,
        -0.621441 0.054425 0.904920,
        -0.621441 -0.000000 0.908213,
        -0.584646 0.052219 0.886757,
        -0.608960 -0.000000 0.903598,
        -0.621441 -0.054425 0.904920,
        -0.584646 -0.052219 0.886757,
        -0.584646 -0.103677 0.877327,
        -0.608960 -0.106951 0.890611,
        -0.608960 -0.158474 0.874556,
        -0.621441 -0.160111 0.878871,
        -0.621441 -0.209831 0.856494,
        -0.584646 -0.246098 0.813228,
        -0.584646 -0.287280 0.780965,
        -0.608960 -0.296352 0.791206,
        -0.608960 -0.334513 0.753045,
        -0.621441 -0.337967 0.756106,
        -0.621441 -0.371593 0.713185,
        -0.584646 -0.356535 0.702791,
        -0.584646 -0.383600 0.658022,
        -0.608960 -0.395714 0.664380,
        -0.608960 -0.417863 0.615167,
        -0.621441 -0.422178 0.616804,
        -0.621441 -0.438399 0.564748,
        -0.584646 -0.430064 0.508912,
        -0.584646 -0.433223 0.456693,
        -0.608960 -0.446905 0.456693,
        -0.608960 -0.443646 0.402824,
        -0.621441 -0.448228 0.402268,
        -0.621441 -0.438399 0.348637,
        -0.584646 -0.420634 0.353016,
        -0.584646 -0.405070 0.303070,
        -0.608960 -0.417863 0.298219,
        -0.608960 -0.395714 0.249006,
        -0.621441 -0.399801 0.246861,
        -0.621441 -0.371593 0.200200,
        -0.584646 -0.324272 0.169413,
        -0.584646 -0.287280 0.132421,
        -0.608960 -0.296352 0.122180,
        -0.608960 -0.253871 0.088898,
        -0.621441 -0.256493 0.085100,
        -0.621441 -0.209831 0.056892,
        -0.584646 -0.201329 0.073093,
        -0.584646 -0.153623 0.051622,
        -0.608960 -0.158474 0.038830,
        -0.608960 -0.106951 0.022774,
        -0.621441 -0.108056 0.018294,
        -0.621441 -0.054425 0.008465,
        -0.621441 0.000000 0.005173,
        -0.608960 -0.053869 0.013047,
        -0.584646 -0.103677 0.036059,
        -0.584646 0.246098 0.100157,
        -0.608960 0.296352 0.122180,
        -0.621441 0.337967 0.157280,
        -0.584646 0.356535 0.210594,
        -0.608960 0.395714 0.249006,
        -0.621441 0.422178 0.296582,
        -0.584646 0.430064 0.404474,
        -0.608960 0.446905 0.456693,
        -0.621441 0.448228 0.511118,
        -0.584646 0.420634 0.560370,
        -0.608960 0.417863 0.615167,
        -0.621441 0.399801 0.666524,
        -0.584646 0.324272 0.743973,
        -0.608960 0.296352 0.791206,
        -0.621441 0.256493 0.828286,
        -0.584646 0.201329 0.840293,
        -0.608960 0.158474 0.874556,
        -0.621441 0.108056 0.895092,
        -0.584646 -0.000000 0.889916,
        -0.608960 -0.053869 0.900339,
        -0.621441 -0.108056 0.895092,
        -0.584646 -0.153623 0.861763,
        -0.608960 -0.207687 0.852407,
        -0.621441 -0.256493 0.828286,
        -0.584646 -0.201329 0.840293,
        -0.608960 -0.253871 0.824488,
        -0.584646 -0.324272 0.743973,
        -0.608960 -0.367795 0.710564,
        -0.621441 -0.399801 0.666524,
        -0.584646 -0.405070 0.610316,
        -0.608960 -0.433918 0.563644,
        -0.621441 -0.448228 0.511118,
        -0.584646 -0.420634 0.560370,
        -0.608960 -0.443646 0.510561,
        -0.584646 -0.430064 0.404474,
        -0.608960 -0.433918 0.349742,
        -0.621441 -0.422178 0.296582,
        -0.584646 -0.383600 0.255364,
        -0.608960 -0.367795 0.202822,
        -0.621441 -0.337967 0.157280,
        -0.584646 -0.356535 0.210594,
        -0.608960 -0.334513 0.160341,
        -0.584646 -0.246098 0.100157,
        -0.608960 -0.207687 0.060979,
        -0.621441 -0.160111 0.034515,
        -0.524336 0.193802 0.800808,
        -0.524336 0.148207 0.822766,
        -0.514550 0.147743 0.821621,
        -0.524336 0.389874 0.519725,
        -0.524336 0.378613 0.569063,
        -0.514550 0.377428 0.568712,
        -0.524336 0.292363 0.191177,
        -0.524336 0.323916 0.230743,
        -0.514550 0.322902 0.231450,
        -0.524336 -0.025304 0.062568,
        -0.524336 0.025304 0.062568,
        -0.514550 0.025224 0.063801,
        -0.524336 -0.323916 0.230743,
        -0.524336 -0.292363 0.191177,
        -0.514550 -0.291448 0.192007,
        -0.524336 -0.378613 0.569063,
        -0.524336 -0.389874 0.519725,
        -0.514550 -0.388654 0.519528,
        -0.524336 -0.148207 0.822766,
        -0.524336 -0.193802 0.800808,
        -0.514550 -0.193196 0.799732,
        -0.524336 -0.050503 0.848387,
        -0.524336 0.000000 0.851629,
        -0.524336 -0.100178 0.838713,
        -0.524336 -0.236216 0.773200,
        -0.524336 -0.274750 0.740395,
        -0.524336 -0.308774 0.702931,
        -0.524336 -0.337727 0.661425,
        -0.524336 -0.361135 0.616557,
        -0.524336 -0.394733 0.469351,
        -0.524336 -0.393111 0.418770,
        -0.524336 -0.385034 0.368811,
        -0.524336 -0.370635 0.320296,
        -0.524336 -0.350150 0.274020,
        -0.524336 -0.256009 0.155970,
        -0.524336 -0.215452 0.125702,
        -0.524336 -0.171356 0.100868,
        -0.524336 -0.124448 0.081876,
        -0.524336 -0.075496 0.069040,
        -0.524336 0.075496 0.069040,
        -0.524336 0.124448 0.081876,
        -0.524336 0.171356 0.100868,
        -0.524336 0.215452 0.125702,
        -0.524336 0.256009 0.155970,
        -0.524336 0.350150 0.274020,
        -0.524336 0.370635 0.320296,
        -0.524336 0.385034 0.368811,
        -0.524336 0.393111 0.418770,
        -0.524336 0.394733 0.469351,
        -0.524336 0.361135 0.616557,
        -0.524336 0.337727 0.661425,
        -0.524336 0.308774 0.702931,
        -0.524336 0.274750 0.740395,
        -0.524336 0.236216 0.773200,
        -0.524336 0.100178 0.838713,
        -0.524336 0.050503 0.848387,
        -0.514550 -0.147743 0.821621,
        -0.514550 -0.138174 0.824798,
        -0.514550 -0.099864 0.837518,
        -0.514550 -0.258528 0.752587,
        -0.514550 -0.235477 0.772210,
        -0.514550 -0.201646 0.794231,
        -0.514550 -0.336670 0.660785,
        -0.514550 -0.307808 0.702161,
        -0.514550 -0.273891 0.739507,
        -0.514550 -0.377428 0.568712,
        -0.514550 -0.373946 0.578174,
        -0.514550 -0.360005 0.616056,
        -0.514550 -0.346003 0.642896,
        -0.514550 -0.392528 0.439054,
        -0.514550 -0.393498 0.469312,
        -0.514550 -0.389622 0.509491,
        -0.514550 -0.369476 0.320722,
        -0.514550 -0.383830 0.369086,
        -0.514550 -0.391881 0.418889,
        -0.514550 -0.322902 0.231450,
        -0.514550 -0.328130 0.240073,
        -0.514550 -0.349055 0.274591,
        -0.514550 -0.361309 0.302273,
        -0.514550 -0.230947 0.138805,
        -0.514550 -0.255208 0.156911,
        -0.514550 -0.284205 0.184993,
        -0.514550 -0.124058 0.083049,
        -0.514550 -0.170820 0.101981,
        -0.514550 -0.214778 0.126737,
        -0.514550 -0.025224 0.063801,
        -0.514550 -0.035225 0.065091,
        -0.514550 -0.075259 0.070252,
        -0.514550 -0.104542 0.077931,
        -0.514550 0.104542 0.077931,
        -0.514550 0.075259 0.070252,
        -0.514550 0.035225 0.065091,
        -0.514550 0.214778 0.126737,
        -0.514550 0.170820 0.101981,
        -0.514550 0.124058 0.083049,
        -0.514550 0.291448 0.192007,
        -0.514550 0.284205 0.184993,
        -0.514550 0.255208 0.156911,
        -0.514550 0.230947 0.138805,
        -0.514550 0.361309 0.302273,
        -0.514550 0.349055 0.274591,
        -0.514550 0.328130 0.240073,
        -0.514550 0.391881 0.418889,
        -0.514550 0.383830 0.369086,
        -0.514550 0.369476 0.320722,
        -0.514550 0.388654 0.519528,
        -0.514550 0.389622 0.509491,
        -0.514550 0.393498 0.469312,
        -0.514550 0.392528 0.439054,
        -0.514550 0.346003 0.642896,
        -0.514550 0.360005 0.616056,
        -0.514550 0.373946 0.578174,
        -0.514550 0.273891 0.739507,
        -0.514550 0.307808 0.702161,
        -0.514550 0.336670 0.660785,
        -0.514550 0.193196 0.799732,
        -0.514550 0.201646 0.794231,
        -0.514550 0.235477 0.772210,
        -0.514550 0.258528 0.752587,
        -0.514550 0.070150 0.843305,
        -0.514550 0.099864 0.837518,
        -0.514550 0.138174 0.824798,
        -0.514550 -0.070150 0.843305,
        -0.514550 -0.050345 0.847161,
        -0.514550 0.000000 0.850394,
        -0.514550 0.050345 0.847161,
        0.514550 0.050345 0.847161,
        0.514550 0.000000 0.850394,
        0.514550 -0.050345 0.847161,
        0.514550 -0.070150 0.843305,
        0.514550 -0.099864 0.837518,
        0.514550 -0.138174 0.824798,
        0.514550 -0.147743 0.821621,
        0.514550 -0.193196 0.799732,
        0.514550 -0.201646 0.794231,
        0.514550 -0.235477 0.772210,
        0.514550 -0.258528 0.752587,
        0.514550 -0.273891 0.739507,
        0.514550 -0.307808 0.702161,
        0.514550 -0.336670 0.660785,
        0.514550 -0.346003 0.642896,
        0.514550 -0.360005 0.616056,
        0.514550 -0.373946 0.578174,
        0.514550 -0.377428 0.568712,
        0.514550 -0.388654 0.519528,
        0.514550 -0.389622 0.509491,
        0.514550 -0.393498 0.469312,
        0.514550 -0.392528 0.439054,
        0.514550 -0.391881 0.418889,
        0.514550 -0.383830 0.369086,
        0.514550 -0.369476 0.320722,
        0.514550 -0.361309 0.302273,
        0.514550 -0.349055 0.274591,
        0.514550 -0.328130 0.240073,
        0.514550 -0.322902 0.231450,
        0.514550 -0.291448 0.192007,
        0.514550 -0.284205 0.184993,
        0.514550 -0.255208 0.156911,
        0.514550 -0.230947 0.138805,
        0.514550 -0.214778 0.126737,
        0.514550 -0.170820 0.101981,
        0.514550 -0.124058 0.083049,
        0.514550 -0.104542 0.077931,
        0.514550 -0.075259 0.070252,
        0.514550 -0.035225 0.065091,
        0.514550 -0.025224 0.063801,
        0.514550 0.025224 0.063801,
        0.514550 0.035225 0.065091,
        0.514550 0.075259 0.070252,
        0.514550 0.104542 0.077931,
        0.514550 0.124058 0.083049,
        0.514550 0.170820 0.101981,
        0.514550 0.214778 0.126737,
        0.514550 0.230947 0.138805,
        0.514550 0.255208 0.156911,
        0.514550 0.284205 0.184993,
        0.514550 0.291448 0.192007,
        0.514550 0.322902 0.231450,
        0.514550 0.328130 0.240073,
        0.514550 0.349055 0.274591,
        0.514550 0.361309 0.302273,
        0.514550 0.369476 0.320722,
        0.514550 0.383830 0.369086,
        0.514550 0.391881 0.418889,
        0.514550 0.392528 0.439054,
        0.514550 0.393498 0.469312,
        0.514550 0.389622 0.509491,
        0.514550 0.388654 0.519528,
        0.514550 0.377428 0.568712,
        0.514550 0.373946 0.578174,
        0.514550 0.360005 0.616056,
        0.514550 0.346003 0.642896,
        0.514550 0.336670 0.660785,
        0.514550 0.307808 0.702161,
        0.514550 0.273891 0.739507,
        0.514550 0.258528 0.752587,
        0.514550 0.235477 0.772210,
        0.514550 0.201646 0.794231,
        0.514550 0.193196 0.799732,
        0.514550 0.147743 0.821621,
        0.514550 0.138174 0.824798,
        0.514550 0.099864 0.837518,
        0.514550 0.070150 0.843305,
        0.524336 0.308774 0.702931,
        0.524336 0.361135 0.616557,
        0.524336 -0.378613 0.569063,
        0.524336 -0.050503 0.848387,
        0.524336 -0.100178 0.838713,
        0.524336 -0.148207 0.822766,
        0.524336 -0.193802 0.800808,
        0.524336 -0.236216 0.773200,
        0.524336 -0.274750 0.740395,
        0.524336 -0.308774 0.702931,
        0.524336 -0.337727 0.661425,
        0.524336 -0.361135 0.616557,
        0.524336 -0.389874 0.519725,
        0.524336 -0.394733 0.469351,
        0.524336 -0.393111 0.418770,
        0.524336 -0.370635 0.320296,
        0.524336 -0.385034 0.368811,
        0.524336 -0.350150 0.274020,
        0.524336 -0.323916 0.230743,
        0.524336 -0.292363 0.191177,
        0.524336 -0.256009 0.155970,
        0.524336 -0.215452 0.125702,
        0.524336 -0.171356 0.100868,
        0.524336 -0.124448 0.081876,
        0.524336 -0.075496 0.069040,
        0.524336 -0.025304 0.062568,
        0.524336 0.025304 0.062568,
        0.524336 0.075496 0.069040,
        0.524336 0.124448 0.081876,
        0.524336 0.171356 0.100868,
        0.524336 0.215452 0.125702,
        0.524336 0.292363 0.191177,
        0.524336 0.256009 0.155970,
        0.524336 0.323916 0.230743,
        0.524336 0.350150 0.274020,
        0.524336 0.370635 0.320296,
        0.524336 0.385034 0.368811,
        0.524336 0.393111 0.418770,
        0.524336 0.394733 0.469351,
        0.524336 0.389874 0.519725,
        0.524336 0.378613 0.569063,
        0.524336 0.337727 0.661425,
        0.524336 0.274750 0.740395,
        0.524336 0.236216 0.773200,
        0.524336 0.193802 0.800808,
        0.524336 0.148207 0.822766,
        0.524336 0.100178 0.838713,
        0.524336 0.050503 0.848387,
        0.524336 0.000000 0.851629,
        0.533507 -0.050937 0.851822,
        0.533507 -0.048042 0.852352,
        0.533507 -0.095383 0.843677,
        0.533507 -0.101005 0.841925,
        0.533507 -0.141333 0.829358,
        0.533507 -0.149389 0.825732,
        0.533507 -0.185222 0.809605,
        0.533507 -0.195305 0.803510,
        0.533507 -0.226411 0.784706,
        0.533507 -0.238005 0.775622,
        0.533507 -0.264298 0.755023,
        0.533507 -0.276797 0.742524,
        0.533507 -0.298330 0.720991,
        0.533507 -0.311050 0.704755,
        0.533507 -0.328013 0.683104,
        0.533507 -0.340208 0.662930,
        0.533507 -0.381433 0.569890,
        0.533507 -0.372665 0.598026,
        0.533507 -0.363797 0.617730,
        0.533507 -0.352912 0.641915,
        0.533507 -0.397794 0.469433,
        0.533507 -0.395659 0.504735,
        0.533507 -0.392827 0.520189,
        0.533507 -0.386984 0.552076,
        0.533507 -0.388222 0.368068,
        0.533507 -0.395659 0.408651,
        0.533507 -0.396252 0.418450,
        0.533507 -0.398565 0.456693,
        0.533507 -0.372665 0.315360,
        0.533507 -0.373833 0.319107,
        0.533507 -0.386984 0.361310,
        0.533507 -0.326803 0.228737,
        0.533507 -0.328013 0.230282,
        0.533507 -0.352912 0.271470,
        0.533507 -0.353315 0.272365,
        0.533507 -0.298330 0.192395,
        0.533507 -0.294861 0.188926,
        0.533507 -0.264298 0.158363,
        0.533507 -0.258116 0.153520,
        0.533507 -0.226411 0.128680,
        0.533507 -0.217169 0.123093,
        0.533507 -0.185222 0.103781,
        0.533507 -0.172687 0.098139,
        0.533507 -0.141333 0.084028,
        0.533507 -0.125395 0.079061,
        0.533507 -0.095383 0.069709,
        0.533507 -0.076063 0.066169,
        0.533507 -0.048042 0.061033,
        0.533507 -0.025493 0.059670,
        0.533507 0.076063 0.066169,
        0.533507 0.048042 0.061033,
        0.533507 0.025493 0.059670,
        0.533507 0.000000 0.058128,
        0.533507 0.172687 0.098139,
        0.533507 0.141333 0.084028,
        0.533507 0.125395 0.079061,
        0.533507 0.095383 0.069709,
        0.533507 0.258116 0.153520,
        0.533507 0.226411 0.128680,
        0.533507 0.217169 0.123093,
        0.533507 0.185222 0.103781,
        0.533507 0.328013 0.230282,
        0.533507 0.326803 0.228737,
        0.533507 0.298330 0.192395,
        0.533507 0.294861 0.188926,
        0.533507 0.264298 0.158363,
        0.533507 0.352912 0.271470,
        0.533507 0.353315 0.272365,
        0.533507 0.372665 0.315360,
        0.533507 0.373833 0.319107,
        0.533507 0.386984 0.361310,
        0.533507 0.388222 0.368068,
        0.533507 0.395659 0.408651,
        0.533507 0.396252 0.418450,
        0.533507 0.398565 0.456693,
        0.533507 0.397794 0.469433,
        0.533507 0.395659 0.504735,
        0.533507 0.392827 0.520189,
        0.533507 0.386984 0.552076,
        0.533507 0.381433 0.569890,
        0.533507 0.372665 0.598026,
        0.533507 0.328013 0.683104,
        0.533507 0.340208 0.662930,
        0.533507 0.352912 0.641915,
        0.533507 0.363797 0.617730,
        0.533507 0.311050 0.704755,
        0.533507 0.238005 0.775622,
        0.533507 0.264298 0.755023,
        0.533507 0.276797 0.742524,
        0.533507 0.298330 0.720991,
        0.533507 0.149389 0.825732,
        0.533507 0.185222 0.809605,
        0.533507 0.195305 0.803510,
        0.533507 0.226411 0.784706,
        0.533507 0.095383 0.843677,
        0.533507 0.101005 0.841925,
        0.533507 0.141333 0.829358,
        0.533507 0.000000 0.855258,
        0.533507 0.048042 0.852352,
        0.533507 0.050937 0.851822,
        0.552286 -0.407468 0.506169,
        0.552286 -0.398533 0.554922,
        0.552286 -0.383787 0.602244,
        0.552286 0.272185 0.763927,
        0.552286 0.307234 0.728878,
        0.552286 0.337802 0.689861,
        0.552286 0.145551 0.072906,
        0.552286 0.098230 0.058160,
        0.552286 0.049476 0.049225,
        0.629921 -0.038355 0.006257,
        0.629921 -0.054574 0.007238,
        0.623373 -0.054480 0.008007,
        0.629921 -0.186152 0.044881,
        0.629921 -0.210406 0.055798,
        0.623373 -0.210046 0.056483,
        0.629921 -0.253405 0.081791,
        0.629921 -0.257194 0.084082,
        0.623373 -0.256755 0.084719,
        0.629921 -0.312767 0.130335,
        0.629921 -0.338893 0.156460,
        0.623373 -0.338313 0.156974,
        0.629921 -0.363502 0.187871,
        0.629921 -0.372611 0.199498,
        0.623373 -0.371974 0.199938,
        0.629921 -0.451596 0.475863,
        0.629921 -0.449455 0.511267,
        0.623373 -0.448686 0.511173,
        0.629921 -0.441996 0.551970,
        0.629921 -0.439600 0.565044,
        0.623373 -0.438848 0.564859,
        0.629921 -0.339803 0.755764,
        0.629921 -0.338893 0.756926,
        0.623373 -0.338313 0.756412,
        0.629921 -0.283951 0.808341,
        0.629921 -0.257194 0.829304,
        0.623373 -0.256755 0.828667,
        0.629921 -0.220517 0.851476,
        0.629921 -0.210406 0.857588,
        0.623373 -0.210046 0.856903,
        0.629921 0.076372 0.902153,
        0.629921 0.108352 0.896293,
        0.623373 0.108166 0.895541,
        0.629921 0.150680 0.883102,
        0.629921 0.160550 0.880027,
        0.623373 0.160275 0.879303,
        0.629921 0.283951 0.808341,
        0.629921 0.300233 0.795585,
        0.623373 0.299719 0.795006,
        0.629921 0.384841 0.693657,
        0.629921 0.400895 0.667099,
        0.623373 0.400210 0.666739,
        0.629921 0.419698 0.625322,
        0.629921 0.423334 0.617243,
        0.623373 0.422610 0.616968,
        0.629921 0.441996 0.551970,
        0.629921 0.449455 0.511267,
        0.623373 0.448686 0.511173,
        0.629921 0.451596 0.475863,
        0.629921 0.452756 0.456693,
        0.623373 0.451981 0.456693,
        0.629921 0.432127 0.324360,
        0.629921 0.423334 0.296143,
        0.623373 0.422610 0.296418,
        0.629921 0.403925 0.253019,
        0.629921 0.400895 0.246287,
        0.623373 0.400210 0.246646,
        0.629921 0.312767 0.130335,
        0.629921 0.300233 0.117800,
        0.623373 0.299719 0.118380,
        0.629921 0.186152 0.044881,
        0.629921 0.160550 0.033359,
        0.623373 0.160275 0.034083,
        0.629921 0.113990 0.018850,
        0.629921 0.108352 0.017093,
        0.623373 0.108166 0.017845,
        0.629921 0.038355 0.006257,
        0.629921 0.000000 0.003937,
        0.623373 0.000000 0.004711,
        0.623373 0.054480 0.008007,
        0.629921 0.054574 0.007238,
        0.629921 0.253405 0.081791,
        0.629921 0.210406 0.055798,
        0.623373 0.210046 0.056483,
        0.623373 0.256755 0.084719,
        0.629921 0.257194 0.084082,
        0.629921 0.338893 0.156460,
        0.623373 0.371974 0.199938,
        0.629921 0.372611 0.199498,
        0.629921 0.363502 0.187871,
        0.623373 0.438848 0.348527,
        0.629921 0.439600 0.348341,
        0.623373 0.448686 0.402213,
        0.629921 0.449455 0.402119,
        0.629921 0.448923 0.399215,
        0.623373 0.438848 0.564859,
        0.629921 0.439600 0.565044,
        0.629921 0.339803 0.755764,
        0.629921 0.372611 0.713888,
        0.623373 0.371974 0.713448,
        0.623373 0.338313 0.756412,
        0.629921 0.338893 0.756926,
        0.629921 0.220517 0.851476,
        0.629921 0.257194 0.829304,
        0.623373 0.256755 0.828667,
        0.623373 0.210046 0.856903,
        0.629921 0.210406 0.857588,
        0.623373 0.054480 0.905379,
        0.629921 0.054574 0.906148,
        0.629921 -0.054574 0.906148,
        0.629921 -0.000000 0.909449,
        0.623373 -0.000000 0.908674,
        0.629921 -0.150680 0.883102,
        0.629921 -0.108352 0.896293,
        0.623373 -0.108166 0.895541,
        0.629921 -0.076372 0.902153,
        0.623373 -0.160275 0.879303,
        0.629921 -0.160550 0.880027,
        0.623373 -0.299719 0.795006,
        0.629921 -0.300233 0.795585,
        0.629921 -0.384841 0.693657,
        0.629921 -0.372611 0.713888,
        0.623373 -0.371974 0.713448,
        0.629921 -0.419698 0.625322,
        0.629921 -0.400895 0.667099,
        0.623373 -0.400210 0.666739,
        0.623373 -0.422610 0.616968,
        0.629921 -0.423334 0.617243,
        0.623373 -0.451981 0.456693,
        0.629921 -0.452756 0.456693,
        0.629921 -0.449455 0.402119,
        0.629921 -0.432127 0.324360,
        0.629921 -0.439600 0.348341,
        0.623373 -0.438848 0.348527,
        0.629921 -0.448923 0.399215,
        0.623373 -0.422610 0.296418,
        0.629921 -0.423334 0.296143,
        0.623373 -0.400210 0.246646,
        0.629921 -0.400895 0.246287,
        0.629921 -0.403925 0.253019,
        0.623373 -0.299719 0.118380,
        0.629921 -0.300233 0.117800,
        0.629921 -0.113990 0.018850,
        0.629921 -0.160550 0.033359,
        0.623373 -0.160275 0.034083,
        0.623373 -0.108166 0.017845,
        0.629921 -0.108352 0.017093,
        0.608955 0.106951 0.022777,
        0.608955 0.158474 0.038832,
        0.584971 0.153697 0.051427,
        0.584971 0.201426 0.072908,
        0.552286 0.190750 0.093248,
        0.552286 0.233168 0.118891,
        0.608955 0.207686 0.060980,
        0.608955 0.253869 0.088900,
        0.584971 0.246218 0.099985,
        0.584971 0.287419 0.132264,
        0.552286 0.272185 0.149459,
        0.552286 0.307234 0.184507,
        0.623373 0.338313 0.156974,
        0.608955 0.334511 0.160342,
        0.608955 0.367793 0.202824,
        0.584971 0.356708 0.210475,
        0.584971 0.383785 0.255267,
        0.552286 0.363444 0.265943,
        0.552286 0.383787 0.311142,
        0.608955 0.395713 0.249007,
        0.608955 0.417861 0.298219,
        0.584971 0.405266 0.302996,
        0.584971 0.420837 0.352966,
        0.552286 0.398533 0.358463,
        0.552286 0.407468 0.407217,
        0.608955 0.433916 0.349742,
        0.608955 0.443644 0.402825,
        0.584971 0.430272 0.404448,
        0.584971 0.433432 0.456693,
        0.552286 0.410460 0.456693,
        0.552286 0.407468 0.506169,
        0.608955 0.446902 0.456693,
        0.608955 0.443644 0.510561,
        0.584971 0.430272 0.508937,
        0.584971 0.420837 0.560420,
        0.552286 0.398533 0.554922,
        0.552286 0.383787 0.602244,
        0.608955 0.334511 0.753044,
        0.608955 0.296351 0.791204,
        0.584971 0.287419 0.781122,
        0.584971 0.246218 0.813401,
        0.552286 0.233168 0.794495,
        0.552286 0.190750 0.820137,
        0.608955 0.253869 0.824486,
        0.608955 0.207686 0.852405,
        0.584971 0.201426 0.840478,
        0.584971 0.153697 0.861959,
        0.552286 0.145551 0.840480,
        0.552286 0.098230 0.855226,
        0.608955 0.053868 0.900337,
        0.608955 -0.000000 0.903595,
        0.584971 -0.000000 0.890125,
        0.584971 -0.052244 0.886965,
        0.552286 -0.049476 0.864161,
        0.552286 -0.098230 0.855226,
        0.623373 -0.054480 0.905379,
        0.608955 -0.053868 0.900337,
        0.608955 -0.106951 0.890609,
        0.584971 -0.103727 0.877530,
        0.584971 -0.153697 0.861959,
        0.552286 -0.145551 0.840480,
        0.552286 -0.190750 0.820137,
        0.608955 -0.158474 0.874554,
        0.608955 -0.207686 0.852405,
        0.584971 -0.201426 0.840478,
        0.584971 -0.246218 0.813401,
        0.552286 -0.233168 0.794495,
        0.552286 -0.272185 0.763927,
        0.608955 -0.253869 0.824486,
        0.608955 -0.296351 0.791204,
        0.584971 -0.287419 0.781122,
        0.584971 -0.324429 0.744112,
        0.552286 -0.307234 0.728878,
        0.552286 -0.337802 0.689861,
        0.608955 -0.433916 0.563644,
        0.608955 -0.443644 0.510561,
        0.584971 -0.430272 0.508937,
        0.584971 -0.433432 0.456693,
        0.552286 -0.410460 0.456693,
        0.552286 -0.407468 0.407217,
        0.608955 -0.446902 0.456693,
        0.608955 -0.443644 0.402825,
        0.584971 -0.430272 0.404448,
        0.584971 -0.420837 0.352966,
        0.552286 -0.398533 0.358463,
        0.552286 -0.383787 0.311142,
        0.608955 -0.417861 0.298219,
        0.608955 -0.395713 0.249007,
        0.584971 -0.383785 0.255267,
        0.584971 -0.356708 0.210475,
        0.552286 -0.337802 0.223525,
        0.552286 -0.307234 0.184507,
        0.608955 -0.367793 0.202824,
        0.608955 -0.334511 0.160342,
        0.584971 -0.324429 0.169274,
        0.584971 -0.287419 0.132264,
        0.552286 -0.272185 0.149459,
        0.552286 -0.233168 0.118891,
        0.608955 -0.296351 0.122181,
        0.608955 -0.253869 0.088900,
        0.584971 -0.246218 0.099985,
        0.584971 -0.201426 0.072908,
        0.552286 -0.190750 0.093248,
        0.552286 -0.145551 0.072906,
        0.608955 -0.207686 0.060980,
        0.608955 -0.158474 0.038832,
        0.584971 -0.153697 0.051427,
        0.584971 -0.103727 0.035856,
        0.552286 -0.098230 0.058160,
        0.552286 -0.049476 0.049225,
        0.608955 -0.106951 0.022777,
        0.608955 -0.053868 0.013049,
        0.584971 -0.052244 0.026421,
        0.584971 0.000000 0.023261,
        0.552286 0.000000 0.046233,
        0.608955 0.000000 0.009791,
        0.584971 0.052244 0.026421,
        0.608955 0.053868 0.013049,
        0.584971 0.103727 0.035856,
        0.608955 0.296351 0.122181,
        0.584971 0.324429 0.169274,
        0.552286 0.337802 0.223525,
        0.608955 0.433916 0.563644,
        0.584971 0.405266 0.610390,
        0.552286 0.363444 0.647443,
        0.608955 0.417861 0.615167,
        0.584971 0.383785 0.658119,
        0.608955 0.395713 0.664379,
        0.584971 0.356708 0.702911,
        0.608955 0.367793 0.710563,
        0.584971 0.324429 0.744112,
        0.608955 0.158474 0.874554,
        0.584971 0.103727 0.877530,
        0.552286 0.049476 0.864161,
        0.608955 0.106951 0.890609,
        0.584971 0.052244 0.886965,
        0.552286 -0.000000 0.867153,
        0.608955 -0.334511 0.753044,
        0.584971 -0.356708 0.702911,
        0.552286 -0.363444 0.647443,
        0.608955 -0.367793 0.710563,
        0.584971 -0.383785 0.658119,
        0.608955 -0.395713 0.664379,
        0.584971 -0.405266 0.610390,
        0.608955 -0.417861 0.615167,
        0.584971 -0.420837 0.560420,
        0.623373 -0.448686 0.402213,
        0.608955 -0.433916 0.349742,
        0.584971 -0.405266 0.302996,
        0.552286 -0.363444 0.265943,
        0.944882 0.054574 0.906148,
        0.944882 0.000000 0.909449,
        0.944882 -0.054574 0.906148,
        0.944882 -0.076372 0.902153,
        0.944882 -0.108352 0.896293,
        0.944882 -0.150680 0.883102,
        0.944882 -0.160550 0.880027,
        0.944882 -0.210406 0.857588,
        0.944882 -0.220517 0.851476,
        0.944882 -0.257194 0.829304,
        0.944882 -0.283951 0.808341,
        0.944882 -0.300233 0.795585,
        0.944882 -0.338893 0.756926,
        0.944882 -0.339803 0.755764,
        0.944882 -0.372611 0.713888,
        0.944882 -0.384841 0.693657,
        0.944882 -0.400895 0.667099,
        0.944882 -0.419698 0.625322,
        0.944882 -0.423334 0.617243,
        0.944882 -0.439600 0.565044,
        0.944882 -0.441996 0.551970,
        0.944882 -0.449455 0.511267,
        0.944882 -0.451596 0.475863,
        0.944882 -0.452756 0.456693,
        0.944882 -0.449455 0.402119,
        0.944882 -0.448923 0.399215,
        0.944882 -0.439600 0.348341,
        0.944882 -0.432127 0.324360,
        0.944882 -0.423334 0.296143,
        0.944882 -0.403925 0.253019,
        0.944882 -0.400895 0.246287,
        0.944882 -0.372611 0.199498,
        0.944882 -0.363502 0.187871,
        0.944882 -0.338893 0.156460,
        0.944882 -0.312767 0.130335,
        0.944882 -0.300233 0.117800,
        0.944882 -0.257194 0.084082,
        0.944882 -0.253405 0.081791,
        0.944882 -0.210406 0.055798,
        0.944882 -0.186152 0.044881,
        0.944882 -0.160550 0.033359,
        0.944882 -0.113990 0.018850,
        0.944882 -0.108352 0.017093,
        0.944882 -0.054574 0.007238,
        0.944882 -0.038355 0.006257,
        0.944882 0.000000 0.003937,
        0.944882 0.038355 0.006257,
        0.944882 0.054574 0.007238,
        0.944882 0.108352 0.017093,
        0.944882 0.113990 0.018850,
        0.944882 0.160550 0.033359,
        0.944882 0.186152 0.044881,
        0.944882 0.210406 0.055798,
        0.944882 0.253405 0.081791,
        0.944882 0.257194 0.084082,
        0.944882 0.300233 0.117800,
        0.944882 0.312767 0.130335,
        0.944882 0.338893 0.156460,
        0.944882 0.363502 0.187871,
        0.944882 0.372611 0.199498,
        0.944882 0.400895 0.246287,
        0.944882 0.403925 0.253019,
        0.944882 0.423334 0.296143,
        0.944882 0.432127 0.324360,
        0.944882 0.439600 0.348341,
        0.944882 0.448923 0.399215,
        0.944882 0.449455 0.402119,
        0.944882 0.452756 0.456693,
        0.944882 0.451596 0.475863,
        0.944882 0.449455 0.511267,
        0.944882 0.441996 0.551970,
        0.944882 0.439600 0.565044,
        0.944882 0.423334 0.617243,
        0.944882 0.419698 0.625322,
        0.944882 0.400895 0.667099,
        0.944882 0.384841 0.693657,
        0.944882 0.372611 0.713888,
        0.944882 0.339803 0.755764,
        0.944882 0.338893 0.756926,
        0.944882 0.300233 0.795585,
        0.944882 0.283951 0.808341,
        0.944882 0.257194 0.829304,
        0.944882 0.220517 0.851476,
        0.944882 0.210406 0.857588,
        0.944882 0.160550 0.880027,
        0.944882 0.150680 0.883102,
        0.944882 0.108352 0.896293,
        0.944882 0.076372 0.902153,
        0.981835 -0.159518 0.877308,
        0.981835 -0.107656 0.893469,
        0.981835 -0.209055 0.855013,
        0.981835 -0.255543 0.826910,
        0.981835 -0.298304 0.793409,
        0.981835 -0.336716 0.754997,
        0.981835 -0.370217 0.712235,
        0.981835 -0.398320 0.665748,
        0.981835 -0.420615 0.616211,
        0.981835 -0.436776 0.564348,
        0.981835 -0.446568 0.510916,
        0.981835 -0.449848 0.456693,
        0.981835 -0.446568 0.402470,
        0.981835 -0.436776 0.349037,
        0.981835 -0.420615 0.297175,
        0.981835 -0.398320 0.247638,
        0.981835 -0.370217 0.201150,
        0.981835 -0.336716 0.158389,
        0.981835 -0.298304 0.119977,
        0.981835 -0.255543 0.086476,
        0.981835 -0.209055 0.058372,
        0.981835 -0.159518 0.036078,
        0.981835 -0.107656 0.019917,
        0.981835 -0.054223 0.010125,
        0.981835 0.000000 0.006845,
        0.981835 0.054223 0.010125,
        0.981835 0.107656 0.019917,
        0.981835 0.159518 0.036078,
        0.981835 0.209055 0.058372,
        0.981835 0.255543 0.086476,
        0.981835 0.298304 0.119977,
        0.981835 0.336716 0.158389,
        0.981835 0.370217 0.201150,
        0.981835 0.398320 0.247638,
        0.981835 0.420615 0.297175,
        0.981835 0.436776 0.349037,
        0.981835 0.446568 0.402470,
        0.981835 0.449848 0.456693,
        0.981835 0.446568 0.510916,
        0.981835 0.436776 0.564348,
        0.981835 0.420615 0.616211,
        0.981835 0.398320 0.665748,
        0.981835 0.370217 0.712235,
        0.981835 0.336716 0.754997,
        0.981835 0.298304 0.793409,
        0.981835 0.255543 0.826910,
        0.981835 0.209055 0.855013,
        0.981835 0.159518 0.877308,
        0.981835 0.107656 0.893469,
        0.981835 0.054223 0.903261,
        0.981835 0.000000 0.906541,
        0.981835 -0.054223 0.903261,
        1.017878 0.053180 0.894670,
        1.017878 0.105585 0.885067,
        1.017878 0.156450 0.869217,
        1.017878 0.205033 0.847351,
        1.017878 0.250627 0.819789,
        1.017878 0.292566 0.786932,
        1.017878 0.330239 0.749259,
        1.017878 0.363096 0.707320,
        1.017878 0.390658 0.661726,
        1.017878 0.412524 0.613143,
        1.017878 0.428374 0.562278,
        1.017878 0.437978 0.509873,
        1.017878 0.441194 0.456693,
        1.017878 0.437978 0.403513,
        1.017878 0.428374 0.351108,
        1.017878 0.412524 0.300243,
        1.017878 0.390658 0.251659,
        1.017878 0.363096 0.206066,
        1.017878 0.330239 0.164127,
        1.017878 0.292566 0.126454,
        1.017878 0.250627 0.093597,
        1.017878 0.205033 0.066035,
        1.017878 0.156450 0.044169,
        1.017878 0.105585 0.028319,
        1.017878 0.053180 0.018715,
        1.017878 0.000000 0.015498,
        1.017878 -0.053180 0.018715,
        1.017878 -0.105585 0.028319,
        1.017878 -0.156450 0.044169,
        1.017878 -0.205033 0.066035,
        1.017878 -0.250627 0.093597,
        1.017878 -0.292566 0.126454,
        1.017878 -0.330239 0.164127,
        1.017878 -0.363096 0.206066,
        1.017878 -0.390658 0.251659,
        1.017878 -0.412524 0.300243,
        1.017878 -0.428374 0.351108,
        1.017878 -0.437978 0.403513,
        1.017878 -0.441194 0.456693,
        1.017878 -0.437978 0.509873,
        1.017878 -0.428374 0.562278,
        1.017878 -0.412524 0.613143,
        1.017878 -0.390658 0.661726,
        1.017878 -0.363096 0.707320,
        1.017878 -0.330239 0.749259,
        1.017878 -0.292566 0.786932,
        1.017878 -0.250627 0.819789,
        1.017878 -0.205033 0.847351,
        1.017878 -0.156450 0.869217,
        1.017878 -0.105585 0.885067,
        1.017878 -0.053180 0.894670,
        1.017878 0.000000 0.897887,
        1.052124 0.051470 0.880589,
        1.052124 0.102190 0.871294,
        1.052124 0.151420 0.855954,
        1.052124 0.198441 0.834791,
        1.052124 0.242569 0.808115,
        1.052124 0.283159 0.776314,
        1.052124 0.319621 0.739852,
        1.052124 0.351422 0.699262,
        1.052124 0.378098 0.655134,
        1.052124 0.399261 0.608113,
        1.052124 0.414601 0.558883,
        1.052124 0.423896 0.508163,
        1.052124 0.427009 0.456693,
        1.052124 0.423896 0.405222,
        1.052124 0.414601 0.354503,
        1.052124 0.399261 0.305273,
        1.052124 0.378098 0.258252,
        1.052124 0.351422 0.214124,
        1.052124 0.319621 0.173533,
        1.052124 0.283159 0.137072,
        1.052124 0.242569 0.105271,
        1.052124 0.198441 0.078595,
        1.052124 0.151420 0.057432,
        1.052124 0.102190 0.042092,
        1.052124 0.051470 0.032797,
        1.052124 0.000000 0.029683,
        1.052124 -0.051470 0.032797,
        1.052124 -0.102190 0.042092,
        1.052124 -0.151420 0.057432,
        1.052124 -0.198441 0.078595,
        1.052124 -0.242569 0.105271,
        1.052124 -0.283159 0.137072,
        1.052124 -0.319621 0.173533,
        1.052124 -0.351422 0.214124,
        1.052124 -0.378098 0.258252,
        1.052124 -0.399261 0.305273,
        1.052124 -0.414601 0.354503,
        1.052124 -0.423896 0.405222,
        1.052124 -0.427009 0.456693,
        1.052124 -0.423896 0.508163,
        1.052124 -0.414601 0.558883,
        1.052124 -0.399261 0.608113,
        1.052124 -0.378098 0.655134,
        1.052124 -0.351422 0.699262,
        1.052124 -0.319621 0.739852,
        1.052124 -0.283159 0.776314,
        1.052124 -0.242569 0.808115,
        1.052124 -0.198441 0.834791,
        1.052124 -0.151420 0.855954,
        1.052124 -0.102190 0.871294,
        1.052124 -0.051470 0.880589,
        1.052124 0.000000 0.883702,
        1.083729 0.049136 0.861363,
        1.083729 0.097555 0.852489,
        1.083729 0.144552 0.837844,
        1.083729 0.189441 0.817642,
        1.083729 0.231567 0.792176,
        1.083729 0.270317 0.761817,
        1.083729 0.305124 0.727009,
        1.083729 0.335483 0.688260,
        1.083729 0.360949 0.646133,
        1.083729 0.381152 0.601245,
        1.083729 0.395796 0.554248,
        1.083729 0.404670 0.505829,
        1.083729 0.407642 0.456693,
        1.083729 0.404670 0.407557,
        1.083729 0.395796 0.359138,
        1.083729 0.381152 0.312141,
        1.083729 0.360949 0.267252,
        1.083729 0.335483 0.225126,
        1.083729 0.305124 0.186376,
        1.083729 0.270317 0.151569,
        1.083729 0.231567 0.121210,
        1.083729 0.189441 0.095744,
        1.083729 0.144552 0.075541,
        1.083729 0.097555 0.060896,
        1.083729 0.049136 0.052023,
        1.083729 0.000000 0.049051,
        1.083729 -0.049136 0.052023,
        1.083729 -0.097555 0.060896,
        1.083729 -0.144552 0.075541,
        1.083729 -0.189441 0.095744,
        1.083729 -0.231567 0.121210,
        1.083729 -0.270317 0.151569,
        1.083729 -0.305124 0.186376,
        1.083729 -0.335483 0.225126,
        1.083729 -0.360949 0.267252,
        1.083729 -0.381152 0.312141,
        1.083729 -0.395796 0.359138,
        1.083729 -0.404670 0.407557,
        1.083729 -0.407642 0.456693,
        1.083729 -0.404670 0.505829,
        1.083729 -0.395796 0.554248,
        1.083729 -0.381152 0.601245,
        1.083729 -0.360949 0.646133,
        1.083729 -0.335483 0.688260,
        1.083729 -0.305124 0.727009,
        1.083729 -0.270317 0.761817,
        1.083729 -0.231567 0.792176,
        1.083729 -0.189441 0.817642,
        1.083729 -0.144552 0.837844,
        1.083729 -0.097555 0.852489,
        1.083729 -0.049136 0.861363,
        1.083729 0.000000 0.864335,
        1.111915 0.046234 0.837465,
        1.111915 0.091794 0.829116,
        1.111915 0.136015 0.815336,
        1.111915 0.178253 0.796326,
        1.111915 0.217892 0.772364,
        1.111915 0.254353 0.743798,
        1.111915 0.287105 0.711046,
        1.111915 0.315671 0.674585,
        1.111915 0.339633 0.634946,
        1.111915 0.358643 0.592708,
        1.111915 0.372423 0.548487,
        1.111915 0.380772 0.502927,
        1.111915 0.383569 0.456693,
        1.111915 0.380772 0.410459,
        1.111915 0.372423 0.364899,
        1.111915 0.358643 0.320678,
        1.111915 0.339633 0.278440,
        1.111915 0.315671 0.238801,
        1.111915 0.287105 0.202340,
        1.111915 0.254353 0.169588,
        1.111915 0.217892 0.141022,
        1.111915 0.178253 0.117060,
        1.111915 0.136015 0.098050,
        1.111915 0.091794 0.084270,
        1.111915 0.046234 0.075921,
        1.111915 0.000000 0.073124,
        1.111915 -0.046234 0.075921,
        1.111915 -0.091794 0.084270,
        1.111915 -0.136015 0.098050,
        1.111915 -0.178253 0.117060,
        1.111915 -0.217892 0.141022,
        1.111915 -0.254353 0.169588,
        1.111915 -0.287105 0.202340,
        1.111915 -0.315671 0.238801,
        1.111915 -0.339633 0.278440,
        1.111915 -0.358643 0.320678,
        1.111915 -0.372423 0.364899,
        1.111915 -0.380772 0.410459,
        1.111915 -0.383569 0.456693,
        1.111915 -0.380772 0.502927,
        1.111915 -0.372423 0.548487,
        1.111915 -0.358643 0.592708,
        1.111915 -0.339633 0.634946,
        1.111915 -0.315671 0.674585,
        1.111915 -0.287105 0.711046,
        1.111915 -0.254353 0.743798,
        1.111915 -0.217892 0.772364,
        1.111915 -0.178253 0.796326,
        1.111915 -0.136015 0.815336,
        1.111915 -0.091794 0.829116,
        1.111915 -0.046234 0.837465,
        1.111915 0.000000 0.840261,
        1.135988 0.042837 0.809484,
        1.135988 0.085048 0.801748,
        1.135988 0.126020 0.788981,
        1.135988 0.165154 0.771369,
        1.135988 0.201880 0.749167,
        1.135988 0.235662 0.722700,
        1.135988 0.266007 0.692355,
        1.135988 0.292474 0.658573,
        1.135988 0.314676 0.621847,
        1.135988 0.332288 0.582713,
        1.135988 0.345056 0.541741,
        1.135988 0.352791 0.499530,
        1.135988 0.355382 0.456693,
        1.135988 0.352791 0.413856,
        1.135988 0.345056 0.371644,
        1.135988 0.332288 0.330672,
        1.135988 0.314676 0.291539,
        1.135988 0.292474 0.254813,
        1.135988 0.266007 0.221031,
        1.135988 0.235662 0.190685,
        1.135988 0.201880 0.164219,
        1.135988 0.165154 0.142017,
        1.135988 0.126020 0.124405,
        1.135988 0.085048 0.111637,
        1.135988 0.042837 0.103902,
        1.135988 0.000000 0.101311,
        1.135988 -0.042837 0.103902,
        1.135988 -0.085048 0.111637,
        1.135988 -0.126020 0.124405,
        1.135988 -0.165154 0.142017,
        1.135988 -0.201880 0.164219,
        1.135988 -0.235662 0.190685,
        1.135988 -0.266007 0.221031,
        1.135988 -0.292474 0.254813,
        1.135988 -0.314676 0.291539,
        1.135988 -0.332288 0.330672,
        1.135988 -0.345056 0.371644,
        1.135988 -0.352791 0.413856,
        1.135988 -0.355382 0.456693,
        1.135988 -0.352791 0.499530,
        1.135988 -0.345056 0.541741,
        1.135988 -0.332288 0.582713,
        1.135988 -0.314676 0.621847,
        1.135988 -0.292474 0.658573,
        1.135988 -0.266007 0.692355,
        1.135988 -0.235662 0.722700,
        1.135988 -0.201880 0.749167,
        1.135988 -0.165154 0.771369,
        1.135988 -0.126020 0.788981,
        1.135988 -0.085048 0.801748,
        1.135988 -0.042837 0.809484,
        1.135988 0.000000 0.812075,
        1.155356 0.039027 0.778109,
        1.155356 0.077485 0.771062,
        1.155356 0.114813 0.759430,
        1.155356 0.150467 0.743383,
        1.155356 0.183926 0.723156,
        1.155356 0.214704 0.699044,
        1.155356 0.242351 0.671397,
        1.155356 0.266463 0.640619,
        1.155356 0.286691 0.607160,
        1.155356 0.302737 0.571506,
        1.155356 0.314369 0.534178,
        1.155356 0.321417 0.495720,
        1.155356 0.323777 0.456693,
        1.155356 0.321417 0.417666,
        1.155356 0.314369 0.379208,
        1.155356 0.302737 0.341880,
        1.155356 0.286691 0.306226,
        1.155356 0.266463 0.272767,
        1.155356 0.242351 0.241989,
        1.155356 0.214704 0.214342,
        1.155356 0.183926 0.190230,
        1.155356 0.150467 0.170002,
        1.155356 0.114813 0.153956,
        1.155356 0.077485 0.142324,
        1.155356 0.039027 0.135276,
        1.155356 0.000000 0.132916,
        1.155356 -0.039027 0.135276,
        1.155356 -0.077485 0.142324,
        1.155356 -0.114813 0.153956,
        1.155356 -0.150467 0.170002,
        1.155356 -0.183926 0.190230,
        1.155356 -0.214704 0.214342,
        1.155356 -0.242351 0.241989,
        1.155356 -0.266463 0.272767,
        1.155356 -0.286691 0.306226,
        1.155356 -0.302737 0.341880,
        1.155356 -0.314369 0.379208,
        1.155356 -0.321417 0.417666,
        1.155356 -0.323777 0.456693,
        1.155356 -0.321417 0.495720,
        1.155356 -0.314369 0.534178,
        1.155356 -0.302737 0.571506,
        1.155356 -0.286691 0.607160,
        1.155356 -0.266463 0.640619,
        1.155356 -0.242351 0.671397,
        1.155356 -0.214704 0.699044,
        1.155356 -0.183926 0.723156,
        1.155356 -0.150467 0.743383,
        1.155356 -0.114813 0.759430,
        1.155356 -0.077485 0.771062,
        1.155356 -0.039027 0.778109,
        1.155356 0.000000 0.780470,
        1.169541 0.034899 0.744113,
        1.169541 0.069289 0.737811,
        1.169541 0.102669 0.727409,
        1.169541 0.134552 0.713060,
        1.169541 0.164473 0.694973,
        1.169541 0.191995 0.673410,
        1.169541 0.216717 0.648688,
        1.169541 0.238280 0.621166,
        1.169541 0.256367 0.591245,
        1.169541 0.270717 0.559362,
        1.169541 0.281119 0.525982,
        1.169541 0.287420 0.491592,
        1.169541 0.289531 0.456693,
        1.169541 0.287420 0.421794,
        1.169541 0.281119 0.387404,
        1.169541 0.270717 0.354024,
        1.169541 0.256367 0.322141,
        1.169541 0.238280 0.292220,
        1.169541 0.216717 0.264698,
        1.169541 0.191995 0.239976,
        1.169541 0.164473 0.218413,
        1.169541 0.134552 0.200326,
        1.169541 0.102669 0.185976,
        1.169541 0.069289 0.175574,
        1.169541 0.034899 0.169272,
        1.169541 0.000000 0.167161,
        1.169541 -0.034899 0.169272,
        1.169541 -0.069289 0.175574,
        1.169541 -0.102669 0.185976,
        1.169541 -0.134552 0.200326,
        1.169541 -0.164473 0.218413,
        1.169541 -0.191995 0.239976,
        1.169541 -0.216717 0.264698,
        1.169541 -0.238280 0.292220,
        1.169541 -0.256367 0.322141,
        1.169541 -0.270717 0.354024,
        1.169541 -0.281119 0.387404,
        1.169541 -0.287420 0.421794,
        1.169541 -0.289531 0.456693,
        1.169541 -0.287420 0.491592,
        1.169541 -0.281119 0.525982,
        1.169541 -0.270717 0.559362,
        1.169541 -0.256367 0.591245,
        1.169541 -0.238280 0.621166,
        1.169541 -0.216717 0.648688,
        1.169541 -0.191995 0.673410,
        1.169541 -0.164473 0.694973,
        1.169541 -0.134552 0.713060,
        1.169541 -0.102669 0.727409,
        1.169541 -0.069289 0.737811,
        1.169541 -0.034899 0.744113,
        1.169541 0.000000 0.746224,
        1.178194 0.030555 0.708333,
        1.178194 0.060664 0.702815,
        1.178194 0.089888 0.693709,
        1.178194 0.117802 0.681146,
        1.178194 0.143998 0.665310,
        1.178194 0.168094 0.646432,
        1.178194 0.189739 0.624787,
        1.178194 0.208617 0.600691,
        1.178194 0.224453 0.574495,
        1.178194 0.237016 0.546581,
        1.178194 0.246122 0.517357,
        1.178194 0.251640 0.487248,
        1.178194 0.253489 0.456693,
        1.178194 0.251640 0.426138,
        1.178194 0.246122 0.396029,
        1.178194 0.237016 0.366805,
        1.178194 0.224453 0.338891,
        1.178194 0.208617 0.312695,
        1.178194 0.189739 0.288599,
        1.178194 0.168094 0.266954,
        1.178194 0.143998 0.248076,
        1.178194 0.117802 0.232240,
        1.178194 0.089888 0.219677,
        1.178194 0.060664 0.210570,
        1.178194 0.030555 0.205053,
        1.178194 0.000000 0.203204,
        1.178194 -0.030555 0.205053,
        1.178194 -0.060664 0.210570,
        1.178194 -0.089888 0.219677,
        1.178194 -0.117802 0.232240,
        1.178194 -0.143998 0.248076,
        1.178194 -0.168094 0.266954,
        1.178194 -0.189739 0.288599,
        1.178194 -0.208617 0.312695,
        1.178194 -0.224453 0.338891,
        1.178194 -0.237016 0.366805,
        1.178194 -0.246122 0.396029,
        1.178194 -0.251640 0.426138,
        1.178194 -0.253489 0.456693,
        1.178194 -0.251640 0.487248,
        1.178194 -0.246122 0.517357,
        1.178194 -0.237016 0.546581,
        1.178194 -0.224453 0.574495,
        1.178194 -0.208617 0.600691,
        1.178194 -0.189739 0.624787,
        1.178194 -0.168094 0.646432,
        1.178194 -0.143998 0.665310,
        1.178194 -0.117802 0.681146,
        1.178194 -0.089888 0.693709,
        1.178194 -0.060664 0.702815,
        1.178194 -0.030555 0.708333,
        1.178194 0.000000 0.710181,
        1.181102 0.026100 0.671650,
        1.181102 0.051820 0.666936,
        1.181102 0.076785 0.659157,
        1.181102 0.100629 0.648426,
        1.181102 0.123006 0.634898,
        1.181102 0.143589 0.618772,
        1.181102 0.162079 0.600282,
        1.181102 0.178205 0.579699,
        1.181102 0.191733 0.557322,
        1.181102 0.202464 0.533478,
        1.181102 0.210243 0.508513,
        1.181102 0.214957 0.482793,
        1.181102 0.216535 0.456693,
        1.181102 0.214957 0.430593,
        1.181102 0.210243 0.404872,
        1.181102 0.202464 0.379908,
        1.181102 0.191733 0.356064,
        1.181102 0.178205 0.333687,
        1.181102 0.162079 0.313104,
        1.181102 0.143589 0.294614,
        1.181102 0.123006 0.278488,
        1.181102 0.100629 0.264960,
        1.181102 0.076785 0.254229,
        1.181102 0.051820 0.246450,
        1.181102 0.026100 0.241736,
        1.181102 0.000000 0.240157,
        1.181102 -0.026100 0.241736,
        1.181102 -0.051820 0.246450,
        1.181102 -0.076785 0.254229,
        1.181102 -0.100629 0.264960,
        1.181102 -0.123006 0.278488,
        1.181102 -0.143589 0.294614,
        1.181102 -0.162079 0.313104,
        1.181102 -0.178205 0.333687,
        1.181102 -0.191733 0.356064,
        1.181102 -0.202464 0.379908,
        1.181102 -0.210243 0.404872,
        1.181102 -0.214957 0.430593,
        1.181102 -0.216535 0.456693,
        1.181102 -0.214957 0.482793,
        1.181102 -0.210243 0.508513,
        1.181102 -0.202464 0.533478,
        1.181102 -0.191733 0.557322,
        1.181102 -0.178205 0.579699,
        1.181102 -0.162079 0.600282,
        1.181102 -0.143589 0.618772,
        1.181102 -0.123006 0.634898,
        1.181102 -0.100629 0.648426,
        1.181102 -0.076785 0.659157,
        1.181102 -0.051820 0.666936,
        1.181102 -0.026100 0.671650,
        1.181102 0.000000 0.673228,
        1.181102 0.000000 0.456693,
        -1.181102 0.000000 0.456693,
      ]
    }
    coordIndex [
      0, 1, 2, -1,
      3, 4, 5, -1,
      6, 7, 8, -1,
      9, 10, 8, -1,
      11, 12, 13, -1,
      14, 15, 16, -1,
      14, 16, 17, -1,
      15, 18, 16, -1,
      16, 18, 19, -1,
      16, 19, 20, -1,
      21, 22, 23, -1,
      23, 22, 24, -1,
      23, 24, 25, -1,
      24, 26, 25, -1,
      25, 26, 27, -1,
      25, 27, 16, -1,
      16, 27, 28, -1,
      16, 28, 17, -1,
      29, 30, 31, -1,
      31, 30, 32, -1,
      31, 32, 33, -1,
      33, 32, 34, -1,
      33, 34, 35, -1,
      36, 37, 38, -1,
      39, 36, 40, -1,
      40, 36, 38, -1,
      40, 38, 41, -1,
      41, 38, 42, -1,
      41, 42, 43, -1,
      44, 45, 46, -1,
      46, 45, 47, -1,
      47, 48, 46, -1,
      46, 48, 49, -1,
      46, 49, 36, -1,
      36, 49, 50, -1,
      36, 50, 37, -1,
      51, 52, 53, -1,
      53, 52, 54, -1,
      53, 54, 46, -1,
      46, 54, 55, -1,
      46, 55, 44, -1,
      56, 57, 58, -1,
      58, 57, 59, -1,
      58, 59, 60, -1,
      60, 59, 61, -1,
      61, 62, 63, -1,
      63, 62, 64, -1,
      63, 64, 51, -1,
      65, 66, 67, -1,
      67, 68, 65, -1,
      65, 68, 69, -1,
      65, 69, 70, -1,
      70, 71, 65, -1,
      65, 71, 72, -1,
      65, 72, 56, -1,
      73, 74, 75, -1,
      76, 77, 78, -1,
      73, 75, 78, -1,
      78, 75, 79, -1,
      78, 79, 76, -1,
      80, 81, 73, -1,
      73, 81, 82, -1,
      73, 82, 74, -1,
      83, 84, 85, -1,
      85, 84, 86, -1,
      85, 86, 80, -1,
      80, 86, 87, -1,
      80, 87, 81, -1,
      88, 89, 85, -1,
      85, 89, 90, -1,
      85, 90, 83, -1,
      91, 92, 93, -1,
      94, 95, 88, -1,
      96, 97, 85, -1,
      85, 97, 98, -1,
      85, 98, 88, -1,
      88, 98, 99, -1,
      88, 99, 94, -1,
      95, 100, 88, -1,
      88, 100, 101, -1,
      88, 101, 102, -1,
      101, 103, 102, -1,
      102, 103, 104, -1,
      102, 104, 93, -1,
      104, 105, 93, -1,
      93, 105, 106, -1,
      93, 106, 107, -1,
      107, 108, 93, -1,
      93, 108, 109, -1,
      93, 109, 91, -1,
      12, 11, 110, -1,
      92, 91, 111, -1,
      111, 91, 112, -1,
      111, 112, 11, -1,
      13, 12, 113, -1,
      113, 12, 114, -1,
      113, 114, 115, -1,
      116, 117, 110, -1,
      110, 117, 118, -1,
      110, 118, 119, -1,
      119, 120, 110, -1,
      110, 120, 121, -1,
      110, 121, 12, -1,
      12, 121, 122, -1,
      12, 122, 114, -1,
      123, 124, 125, -1,
      125, 126, 123, -1,
      123, 126, 127, -1,
      123, 127, 128, -1,
      129, 130, 116, -1,
      116, 130, 131, -1,
      116, 131, 117, -1,
      132, 133, 116, -1,
      116, 133, 134, -1,
      116, 134, 135, -1,
      135, 136, 116, -1,
      116, 136, 137, -1,
      116, 137, 129, -1,
      129, 137, 138, -1,
      129, 138, 123, -1,
      123, 138, 139, -1,
      123, 139, 124, -1,
      140, 141, 110, -1,
      142, 143, 116, -1,
      141, 144, 110, -1,
      110, 144, 145, -1,
      110, 145, 116, -1,
      116, 145, 146, -1,
      116, 146, 142, -1,
      143, 147, 116, -1,
      116, 147, 148, -1,
      116, 148, 132, -1,
      149, 150, 110, -1,
      11, 112, 110, -1,
      110, 112, 151, -1,
      110, 151, 149, -1,
      150, 152, 110, -1,
      110, 152, 153, -1,
      110, 153, 154, -1,
      154, 155, 110, -1,
      110, 155, 156, -1,
      110, 156, 140, -1,
      157, 158, 91, -1,
      91, 158, 159, -1,
      91, 159, 160, -1,
      160, 161, 91, -1,
      91, 161, 162, -1,
      91, 162, 163, -1,
      163, 164, 91, -1,
      91, 164, 165, -1,
      91, 165, 112, -1,
      112, 165, 166, -1,
      112, 166, 151, -1,
      109, 167, 91, -1,
      91, 167, 168, -1,
      91, 168, 169, -1,
      169, 170, 91, -1,
      91, 170, 171, -1,
      91, 171, 172, -1,
      172, 173, 91, -1,
      91, 173, 174, -1,
      91, 174, 175, -1,
      175, 176, 91, -1,
      91, 176, 177, -1,
      91, 177, 157, -1,
      178, 179, 85, -1,
      85, 179, 180, -1,
      85, 180, 96, -1,
      181, 182, 80, -1,
      183, 184, 185, -1,
      183, 185, 80, -1,
      80, 185, 186, -1,
      80, 186, 181, -1,
      182, 187, 80, -1,
      80, 187, 188, -1,
      80, 188, 189, -1,
      189, 190, 80, -1,
      80, 190, 191, -1,
      80, 191, 85, -1,
      85, 191, 192, -1,
      85, 192, 178, -1,
      193, 194, 183, -1,
      183, 194, 195, -1,
      183, 195, 184, -1,
      196, 197, 198, -1,
      198, 199, 196, -1,
      196, 199, 200, -1,
      196, 200, 193, -1,
      193, 200, 201, -1,
      193, 201, 194, -1,
      202, 203, 204, -1,
      204, 203, 197, -1,
      204, 197, 205, -1,
      205, 197, 196, -1,
      205, 196, 206, -1,
      207, 208, 209, -1,
      209, 208, 210, -1,
      209, 210, 211, -1,
      211, 210, 212, -1,
      213, 214, 215, -1,
      215, 214, 216, -1,
      217, 218, 219, -1,
      219, 218, 220, -1,
      220, 221, 219, -1,
      219, 221, 222, -1,
      219, 222, 223, -1,
      223, 222, 224, -1,
      223, 224, 225, -1,
      225, 224, 226, -1,
      226, 9, 225, -1,
      225, 9, 8, -1,
      225, 8, 214, -1,
      214, 8, 227, -1,
      214, 227, 216, -1,
      228, 229, 230, -1,
      230, 229, 231, -1,
      230, 231, 232, -1,
      233, 234, 235, -1,
      235, 234, 236, -1,
      235, 236, 237, -1,
      238, 239, 233, -1,
      233, 239, 240, -1,
      233, 240, 234, -1,
      10, 241, 8, -1,
      8, 241, 242, -1,
      8, 242, 243, -1,
      243, 244, 8, -1,
      8, 244, 240, -1,
      8, 240, 6, -1,
      6, 240, 239, -1,
      209, 245, 246, -1,
      219, 207, 217, -1,
      217, 207, 209, -1,
      217, 209, 247, -1,
      247, 209, 248, -1,
      249, 250, 209, -1,
      209, 250, 251, -1,
      209, 251, 248, -1,
      233, 252, 238, -1,
      238, 252, 253, -1,
      238, 253, 254, -1,
      255, 256, 257, -1,
      258, 259, 257, -1,
      257, 259, 237, -1,
      257, 237, 255, -1,
      255, 237, 236, -1,
      255, 236, 260, -1,
      249, 209, 261, -1,
      261, 209, 246, -1,
      261, 246, 262, -1,
      262, 246, 3, -1,
      262, 3, 260, -1,
      260, 3, 5, -1,
      260, 5, 255, -1,
      255, 5, 263, -1,
      255, 263, 256, -1,
      264, 265, 266, -1,
      266, 267, 264, -1,
      264, 267, 268, -1,
      264, 268, 269, -1,
      269, 270, 2, -1,
      271, 272, 273, -1,
      273, 272, 274, -1,
      273, 274, 275, -1,
      275, 274, 276, -1,
      275, 276, 277, -1,
      276, 278, 277, -1,
      277, 278, 279, -1,
      277, 279, 280, -1,
      281, 282, 283, -1,
      282, 284, 283, -1,
      283, 284, 285, -1,
      283, 285, 286, -1,
      286, 287, 283, -1,
      283, 287, 288, -1,
      283, 288, 289, -1,
      290, 291, 283, -1,
      283, 291, 292, -1,
      283, 292, 293, -1,
      294, 295, 296, -1,
      296, 295, 297, -1,
      296, 297, 298, -1,
      299, 300, 301, -1,
      301, 300, 302, -1,
      302, 303, 301, -1,
      301, 303, 304, -1,
      301, 304, 305, -1,
      304, 306, 305, -1,
      305, 306, 307, -1,
      305, 307, 308, -1,
      290, 283, 309, -1,
      309, 283, 289, -1,
      309, 289, 310, -1,
      310, 289, 311, -1,
      310, 311, 308, -1,
      308, 311, 312, -1,
      308, 312, 305, -1,
      294, 313, 314, -1,
      313, 315, 314, -1,
      314, 315, 316, -1,
      314, 316, 317, -1,
      317, 318, 314, -1,
      314, 318, 319, -1,
      314, 319, 320, -1,
      320, 321, 314, -1,
      314, 321, 322, -1,
      314, 322, 323, -1,
      323, 322, 324, -1,
      324, 325, 323, -1,
      323, 325, 326, -1,
      323, 326, 327, -1,
      327, 328, 323, -1,
      323, 328, 329, -1,
      323, 329, 330, -1,
      331, 332, 295, -1,
      294, 314, 295, -1,
      295, 314, 333, -1,
      295, 333, 331, -1,
      332, 334, 295, -1,
      295, 334, 335, -1,
      295, 335, 336, -1,
      336, 335, 337, -1,
      336, 337, 338, -1,
      337, 339, 338, -1,
      338, 339, 340, -1,
      338, 340, 341, -1,
      341, 340, 342, -1,
      343, 344, 345, -1,
      344, 346, 345, -1,
      345, 346, 347, -1,
      345, 347, 348, -1,
      2, 345, 349, -1,
      349, 350, 2, -1,
      2, 350, 351, -1,
      2, 351, 352, -1,
      353, 354, 355, -1,
      356, 357, 358, -1,
      358, 357, 359, -1,
      360, 361, 362, -1,
      362, 361, 363, -1,
      362, 363, 364, -1,
      359, 365, 358, -1,
      358, 365, 366, -1,
      358, 366, 362, -1,
      362, 366, 367, -1,
      362, 367, 360, -1,
      364, 368, 362, -1,
      362, 368, 369, -1,
      362, 369, 370, -1,
      353, 355, 371, -1,
      371, 355, 372, -1,
      371, 372, 358, -1,
      358, 372, 373, -1,
      358, 373, 356, -1,
      348, 374, 345, -1,
      345, 374, 375, -1,
      345, 375, 349, -1,
      349, 375, 376, -1,
      349, 376, 377, -1,
      377, 376, 355, -1,
      377, 355, 301, -1,
      301, 355, 354, -1,
      301, 354, 299, -1,
      378, 379, 380, -1,
      378, 380, 381, -1,
      379, 382, 380, -1,
      380, 382, 383, -1,
      380, 383, 384, -1,
      383, 385, 384, -1,
      384, 385, 386, -1,
      384, 386, 265, -1,
      265, 386, 387, -1,
      265, 387, 266, -1,
      388, 381, 389, -1,
      389, 381, 380, -1,
      389, 380, 390, -1,
      391, 392, 393, -1,
      269, 2, 264, -1,
      264, 2, 1, -1,
      264, 1, 394, -1,
      394, 1, 263, -1,
      394, 263, 393, -1,
      393, 263, 5, -1,
      393, 5, 391, -1,
      391, 5, 4, -1,
      391, 4, 395, -1,
      380, 396, 390, -1,
      390, 396, 397, -1,
      390, 397, 398, -1,
      398, 397, 399, -1,
      400, 401, 402, -1,
      402, 401, 403, -1,
      404, 405, 389, -1,
      389, 405, 406, -1,
      389, 406, 388, -1,
      400, 402, 389, -1,
      389, 402, 407, -1,
      389, 407, 404, -1,
      408, 409, 410, -1,
      410, 409, 411, -1,
      412, 413, 414, -1,
      414, 413, 415, -1,
      270, 416, 2, -1,
      2, 416, 417, -1,
      2, 417, 418, -1,
      407, 410, 404, -1,
      404, 410, 411, -1,
      404, 411, 419, -1,
      419, 411, 420, -1,
      419, 420, 421, -1,
      421, 420, 414, -1,
      421, 414, 418, -1,
      418, 414, 415, -1,
      418, 415, 2, -1,
      2, 415, 422, -1,
      2, 422, 345, -1,
      345, 422, 423, -1,
      424, 423, 425, -1,
      424, 425, 426, -1,
      423, 424, 345, -1,
      345, 424, 427, -1,
      345, 427, 428, -1,
      429, 430, 431, -1,
      428, 432, 345, -1,
      345, 432, 433, -1,
      345, 433, 434, -1,
      435, 436, 437, -1,
      437, 438, 435, -1,
      435, 438, 439, -1,
      435, 439, 440, -1,
      440, 439, 441, -1,
      440, 441, 442, -1,
      442, 441, 443, -1,
      442, 443, 431, -1,
      431, 443, 444, -1,
      431, 444, 429, -1,
      434, 436, 345, -1,
      345, 436, 435, -1,
      345, 435, 445, -1,
      445, 435, 446, -1,
      445, 446, 447, -1,
      447, 446, 448, -1,
      447, 448, 20, -1,
      20, 448, 449, -1,
      20, 449, 16, -1,
      449, 450, 16, -1,
      16, 450, 451, -1,
      16, 451, 25, -1,
      25, 451, 452, -1,
      25, 452, 453, -1,
      454, 442, 455, -1,
      455, 442, 431, -1,
      455, 431, 456, -1,
      456, 431, 457, -1,
      458, 459, 401, -1,
      459, 460, 401, -1,
      401, 460, 461, -1,
      401, 461, 462, -1,
      462, 463, 401, -1,
      401, 463, 464, -1,
      401, 464, 465, -1,
      465, 466, 401, -1,
      401, 466, 467, -1,
      401, 467, 468, -1,
      425, 469, 426, -1,
      426, 469, 403, -1,
      426, 403, 470, -1,
      470, 403, 401, -1,
      470, 401, 471, -1,
      471, 401, 468, -1,
      430, 472, 431, -1,
      431, 472, 453, -1,
      431, 453, 457, -1,
      457, 453, 452, -1,
      472, 473, 453, -1,
      453, 473, 474, -1,
      453, 474, 475, -1,
      475, 476, 453, -1,
      453, 476, 477, -1,
      453, 477, 400, -1,
      400, 477, 478, -1,
      400, 478, 479, -1,
      479, 480, 400, -1,
      400, 480, 481, -1,
      400, 481, 401, -1,
      401, 481, 482, -1,
      401, 482, 483, -1,
      483, 484, 401, -1,
      401, 484, 485, -1,
      401, 485, 486, -1,
      486, 487, 401, -1,
      401, 487, 488, -1,
      401, 488, 489, -1,
      489, 490, 401, -1,
      401, 490, 491, -1,
      401, 491, 458, -1,
      492, 493, 494, -1,
      293, 298, 283, -1,
      283, 298, 297, -1,
      283, 297, 495, -1,
      495, 297, 496, -1,
      495, 496, 497, -1,
      497, 498, 499, -1,
      499, 500, 497, -1,
      497, 500, 501, -1,
      497, 501, 495, -1,
      495, 501, 502, -1,
      495, 502, 503, -1,
      503, 504, 495, -1,
      495, 504, 505, -1,
      495, 505, 506, -1,
      507, 508, 509, -1,
      508, 510, 509, -1,
      509, 510, 511, -1,
      509, 511, 494, -1,
      494, 511, 512, -1,
      494, 512, 513, -1,
      513, 514, 494, -1,
      494, 514, 515, -1,
      494, 515, 492, -1,
      492, 515, 516, -1,
      492, 516, 517, -1,
      518, 519, 520, -1,
      521, 493, 520, -1,
      520, 493, 492, -1,
      520, 492, 518, -1,
      518, 492, 522, -1,
      523, 524, 525, -1,
      525, 524, 526, -1,
      525, 526, 527, -1,
      528, 529, 523, -1,
      523, 529, 530, -1,
      523, 530, 524, -1,
      531, 532, 523, -1,
      523, 532, 533, -1,
      523, 533, 534, -1,
      534, 535, 523, -1,
      523, 535, 536, -1,
      523, 536, 528, -1,
      537, 345, 538, -1,
      538, 345, 445, -1,
      538, 445, 204, -1,
      204, 445, 447, -1,
      204, 447, 202, -1,
      539, 540, 345, -1,
      345, 540, 541, -1,
      345, 541, 542, -1,
      543, 544, 537, -1,
      537, 544, 345, -1,
      345, 544, 545, -1,
      345, 545, 539, -1,
      340, 343, 342, -1,
      342, 343, 345, -1,
      342, 345, 546, -1,
      546, 345, 542, -1,
      517, 547, 492, -1,
      492, 547, 527, -1,
      492, 527, 522, -1,
      522, 527, 526, -1,
      522, 526, 548, -1,
      548, 526, 549, -1,
      543, 537, 549, -1,
      549, 537, 550, -1,
      549, 550, 548, -1,
      548, 550, 551, -1,
      548, 551, 552, -1,
      552, 551, 553, -1,
      552, 553, 554, -1,
      506, 507, 495, -1,
      495, 507, 509, -1,
      495, 509, 555, -1,
      555, 509, 556, -1,
      555, 556, 193, -1,
      193, 556, 557, -1,
      193, 557, 196, -1,
      196, 557, 558, -1,
      196, 558, 206, -1,
      559, 560, 561, -1,
      273, 0, 271, -1,
      271, 0, 2, -1,
      271, 2, 562, -1,
      562, 2, 352, -1,
      562, 352, 563, -1,
      563, 352, 564, -1,
      563, 564, 565, -1,
      565, 564, 559, -1,
      565, 559, 566, -1,
      566, 559, 561, -1,
      567, 568, 569, -1,
      305, 570, 571, -1,
      571, 570, 572, -1,
      571, 572, 573, -1,
      573, 574, 571, -1,
      571, 574, 575, -1,
      571, 575, 576, -1,
      576, 577, 571, -1,
      571, 577, 567, -1,
      571, 567, 305, -1,
      305, 567, 569, -1,
      305, 569, 301, -1,
      301, 569, 578, -1,
      301, 578, 377, -1,
      579, 580, 581, -1,
      581, 580, 582, -1,
      581, 582, 583, -1,
      583, 582, 584, -1,
      583, 584, 585, -1,
      585, 584, 586, -1,
      585, 586, 587, -1,
      587, 586, 588, -1,
      587, 588, 589, -1,
      589, 588, 590, -1,
      589, 590, 591, -1,
      591, 590, 592, -1,
      591, 592, 593, -1,
      593, 592, 594, -1,
      593, 594, 595, -1,
      595, 594, 596, -1,
      595, 596, 597, -1,
      597, 596, 598, -1,
      597, 598, 599, -1,
      599, 598, 600, -1,
      599, 600, 601, -1,
      601, 600, 602, -1,
      601, 602, 603, -1,
      603, 602, 604, -1,
      603, 604, 605, -1,
      605, 604, 606, -1,
      605, 606, 607, -1,
      607, 606, 608, -1,
      607, 608, 609, -1,
      609, 608, 610, -1,
      609, 610, 611, -1,
      611, 610, 612, -1,
      611, 612, 613, -1,
      613, 612, 614, -1,
      613, 614, 615, -1,
      615, 614, 616, -1,
      615, 616, 617, -1,
      617, 616, 618, -1,
      617, 618, 619, -1,
      619, 618, 620, -1,
      619, 620, 621, -1,
      621, 620, 622, -1,
      621, 622, 623, -1,
      623, 622, 624, -1,
      623, 624, 625, -1,
      625, 624, 626, -1,
      625, 626, 627, -1,
      627, 626, 628, -1,
      627, 628, 629, -1,
      629, 628, 630, -1,
      629, 630, 631, -1,
      631, 630, 632, -1,
      631, 632, 633, -1,
      633, 632, 634, -1,
      633, 634, 635, -1,
      635, 634, 636, -1,
      635, 636, 637, -1,
      637, 636, 638, -1,
      637, 638, 639, -1,
      639, 638, 640, -1,
      639, 640, 641, -1,
      641, 640, 642, -1,
      641, 642, 643, -1,
      643, 642, 644, -1,
      643, 644, 645, -1,
      645, 644, 646, -1,
      645, 646, 647, -1,
      647, 646, 648, -1,
      647, 648, 649, -1,
      649, 648, 650, -1,
      649, 650, 651, -1,
      651, 650, 652, -1,
      651, 652, 653, -1,
      653, 652, 654, -1,
      653, 654, 655, -1,
      655, 654, 656, -1,
      655, 656, 657, -1,
      657, 656, 658, -1,
      657, 658, 659, -1,
      659, 658, 660, -1,
      659, 660, 661, -1,
      661, 660, 662, -1,
      661, 662, 663, -1,
      663, 662, 664, -1,
      663, 664, 665, -1,
      665, 664, 666, -1,
      665, 666, 667, -1,
      667, 666, 668, -1,
      667, 668, 669, -1,
      669, 668, 670, -1,
      669, 670, 671, -1,
      671, 670, 672, -1,
      671, 672, 673, -1,
      673, 672, 674, -1,
      673, 674, 675, -1,
      675, 674, 676, -1,
      675, 676, 677, -1,
      677, 676, 678, -1,
      677, 678, 679, -1,
      679, 678, 680, -1,
      679, 680, 681, -1,
      681, 680, 682, -1,
      681, 682, 579, -1,
      579, 682, 580, -1,
      682, 193, 580, -1,
      580, 193, 183, -1,
      580, 183, 582, -1,
      582, 183, 80, -1,
      582, 80, 584, -1,
      584, 80, 73, -1,
      584, 73, 586, -1,
      586, 73, 78, -1,
      586, 78, 588, -1,
      588, 78, 683, -1,
      588, 683, 590, -1,
      590, 683, 684, -1,
      590, 684, 592, -1,
      592, 684, 685, -1,
      592, 685, 594, -1,
      594, 685, 686, -1,
      594, 686, 596, -1,
      596, 686, 687, -1,
      596, 687, 598, -1,
      598, 687, 688, -1,
      598, 688, 600, -1,
      600, 688, 689, -1,
      600, 689, 602, -1,
      602, 689, 690, -1,
      602, 690, 604, -1,
      604, 690, 691, -1,
      604, 691, 606, -1,
      606, 691, 692, -1,
      606, 692, 608, -1,
      608, 692, 693, -1,
      608, 693, 610, -1,
      610, 693, 694, -1,
      610, 694, 612, -1,
      612, 694, 695, -1,
      612, 695, 614, -1,
      614, 695, 696, -1,
      614, 696, 616, -1,
      616, 696, 697, -1,
      616, 697, 618, -1,
      618, 697, 698, -1,
      618, 698, 620, -1,
      620, 698, 699, -1,
      620, 699, 622, -1,
      622, 699, 700, -1,
      622, 700, 624, -1,
      624, 700, 701, -1,
      624, 701, 626, -1,
      626, 701, 702, -1,
      626, 702, 628, -1,
      628, 702, 703, -1,
      628, 703, 630, -1,
      630, 703, 704, -1,
      630, 704, 632, -1,
      632, 704, 705, -1,
      632, 705, 634, -1,
      634, 705, 706, -1,
      634, 706, 636, -1,
      636, 706, 707, -1,
      636, 707, 638, -1,
      638, 707, 708, -1,
      638, 708, 640, -1,
      640, 708, 709, -1,
      640, 709, 642, -1,
      642, 709, 710, -1,
      642, 710, 644, -1,
      644, 710, 711, -1,
      644, 711, 646, -1,
      646, 711, 712, -1,
      646, 712, 648, -1,
      648, 712, 713, -1,
      648, 713, 650, -1,
      650, 713, 714, -1,
      650, 714, 652, -1,
      652, 714, 715, -1,
      652, 715, 654, -1,
      654, 715, 716, -1,
      654, 716, 656, -1,
      656, 716, 717, -1,
      656, 717, 658, -1,
      658, 717, 718, -1,
      658, 718, 660, -1,
      660, 718, 719, -1,
      660, 719, 662, -1,
      662, 719, 720, -1,
      662, 720, 664, -1,
      664, 720, 721, -1,
      664, 721, 666, -1,
      666, 721, 722, -1,
      666, 722, 668, -1,
      668, 722, 723, -1,
      668, 723, 670, -1,
      670, 723, 724, -1,
      670, 724, 672, -1,
      672, 724, 725, -1,
      672, 725, 674, -1,
      674, 725, 726, -1,
      674, 726, 676, -1,
      676, 726, 283, -1,
      676, 283, 678, -1,
      678, 283, 495, -1,
      678, 495, 680, -1,
      680, 495, 555, -1,
      680, 555, 682, -1,
      682, 555, 193, -1,
      280, 281, 277, -1,
      277, 281, 283, -1,
      277, 283, 727, -1,
      727, 283, 726, -1,
      727, 726, 7, -1,
      7, 726, 725, -1,
      7, 725, 8, -1,
      8, 725, 724, -1,
      8, 724, 227, -1,
      227, 724, 723, -1,
      227, 723, 728, -1,
      728, 723, 722, -1,
      728, 722, 729, -1,
      729, 722, 721, -1,
      729, 721, 730, -1,
      730, 721, 720, -1,
      730, 720, 731, -1,
      731, 720, 719, -1,
      731, 719, 732, -1,
      732, 719, 718, -1,
      732, 718, 733, -1,
      733, 718, 717, -1,
      733, 717, 734, -1,
      734, 717, 716, -1,
      734, 716, 735, -1,
      735, 716, 715, -1,
      735, 715, 736, -1,
      736, 715, 714, -1,
      736, 714, 737, -1,
      737, 714, 713, -1,
      737, 713, 738, -1,
      738, 713, 712, -1,
      738, 712, 739, -1,
      739, 712, 711, -1,
      739, 711, 740, -1,
      740, 711, 710, -1,
      740, 710, 741, -1,
      741, 710, 709, -1,
      741, 709, 742, -1,
      742, 709, 708, -1,
      742, 708, 743, -1,
      743, 708, 707, -1,
      743, 707, 744, -1,
      744, 707, 706, -1,
      744, 706, 745, -1,
      745, 706, 705, -1,
      745, 705, 746, -1,
      746, 705, 704, -1,
      746, 704, 747, -1,
      747, 704, 703, -1,
      747, 703, 748, -1,
      748, 703, 702, -1,
      748, 702, 749, -1,
      749, 702, 701, -1,
      749, 701, 750, -1,
      750, 701, 700, -1,
      750, 700, 751, -1,
      751, 700, 699, -1,
      751, 699, 752, -1,
      752, 699, 698, -1,
      752, 698, 753, -1,
      753, 698, 697, -1,
      753, 697, 754, -1,
      754, 697, 696, -1,
      754, 696, 755, -1,
      755, 696, 695, -1,
      755, 695, 756, -1,
      756, 695, 694, -1,
      756, 694, 757, -1,
      757, 694, 693, -1,
      757, 693, 758, -1,
      758, 693, 692, -1,
      758, 692, 759, -1,
      759, 692, 691, -1,
      759, 691, 760, -1,
      760, 691, 690, -1,
      760, 690, 761, -1,
      761, 690, 689, -1,
      761, 689, 762, -1,
      762, 689, 688, -1,
      762, 688, 763, -1,
      763, 688, 687, -1,
      763, 687, 764, -1,
      764, 687, 686, -1,
      764, 686, 765, -1,
      765, 686, 685, -1,
      765, 685, 766, -1,
      766, 685, 684, -1,
      766, 684, 767, -1,
      767, 684, 683, -1,
      767, 683, 768, -1,
      768, 683, 78, -1,
      768, 78, 65, -1,
      65, 78, 77, -1,
      65, 77, 66, -1,
      56, 58, 65, -1,
      65, 58, 60, -1,
      65, 60, 768, -1,
      768, 60, 769, -1,
      768, 769, 767, -1,
      767, 769, 770, -1,
      767, 770, 766, -1,
      766, 770, 771, -1,
      766, 771, 765, -1,
      765, 771, 772, -1,
      765, 772, 764, -1,
      764, 772, 773, -1,
      764, 773, 763, -1,
      763, 773, 774, -1,
      763, 774, 762, -1,
      762, 774, 775, -1,
      762, 775, 761, -1,
      761, 775, 776, -1,
      761, 776, 760, -1,
      760, 776, 777, -1,
      760, 777, 759, -1,
      759, 777, 778, -1,
      759, 778, 758, -1,
      758, 778, 779, -1,
      758, 779, 757, -1,
      757, 779, 780, -1,
      757, 780, 756, -1,
      756, 780, 781, -1,
      756, 781, 755, -1,
      755, 781, 782, -1,
      755, 782, 754, -1,
      754, 782, 783, -1,
      754, 783, 753, -1,
      753, 783, 784, -1,
      753, 784, 752, -1,
      752, 784, 785, -1,
      752, 785, 751, -1,
      751, 785, 786, -1,
      751, 786, 750, -1,
      750, 786, 787, -1,
      750, 787, 749, -1,
      749, 787, 788, -1,
      749, 788, 748, -1,
      748, 788, 789, -1,
      748, 789, 747, -1,
      747, 789, 790, -1,
      747, 790, 746, -1,
      746, 790, 791, -1,
      746, 791, 745, -1,
      745, 791, 792, -1,
      745, 792, 744, -1,
      744, 792, 793, -1,
      744, 793, 743, -1,
      743, 793, 794, -1,
      743, 794, 742, -1,
      742, 794, 795, -1,
      742, 795, 741, -1,
      741, 795, 796, -1,
      741, 796, 740, -1,
      740, 796, 797, -1,
      740, 797, 739, -1,
      739, 797, 798, -1,
      739, 798, 738, -1,
      738, 798, 799, -1,
      738, 799, 737, -1,
      737, 799, 800, -1,
      737, 800, 736, -1,
      736, 800, 801, -1,
      736, 801, 735, -1,
      735, 801, 802, -1,
      735, 802, 734, -1,
      734, 802, 803, -1,
      734, 803, 733, -1,
      733, 803, 804, -1,
      733, 804, 732, -1,
      732, 804, 805, -1,
      732, 805, 731, -1,
      731, 805, 806, -1,
      731, 806, 730, -1,
      730, 806, 807, -1,
      730, 807, 729, -1,
      729, 807, 229, -1,
      729, 229, 728, -1,
      728, 229, 228, -1,
      728, 228, 227, -1,
      227, 228, 808, -1,
      227, 808, 216, -1,
      61, 63, 60, -1,
      60, 63, 809, -1,
      60, 809, 769, -1,
      769, 809, 810, -1,
      769, 810, 770, -1,
      770, 810, 811, -1,
      770, 811, 771, -1,
      771, 811, 812, -1,
      771, 812, 772, -1,
      772, 812, 813, -1,
      772, 813, 773, -1,
      773, 813, 814, -1,
      773, 814, 774, -1,
      774, 814, 815, -1,
      774, 815, 775, -1,
      775, 815, 816, -1,
      775, 816, 776, -1,
      776, 816, 817, -1,
      776, 817, 777, -1,
      777, 817, 818, -1,
      777, 818, 778, -1,
      778, 818, 819, -1,
      778, 819, 779, -1,
      779, 819, 820, -1,
      779, 820, 780, -1,
      780, 820, 821, -1,
      780, 821, 781, -1,
      781, 821, 822, -1,
      781, 822, 782, -1,
      782, 822, 823, -1,
      782, 823, 783, -1,
      783, 823, 824, -1,
      783, 824, 784, -1,
      784, 824, 825, -1,
      784, 825, 785, -1,
      785, 825, 826, -1,
      785, 826, 786, -1,
      786, 826, 827, -1,
      786, 827, 787, -1,
      787, 827, 828, -1,
      787, 828, 788, -1,
      788, 828, 829, -1,
      788, 829, 789, -1,
      789, 829, 830, -1,
      789, 830, 790, -1,
      790, 830, 831, -1,
      790, 831, 791, -1,
      791, 831, 832, -1,
      791, 832, 792, -1,
      792, 832, 833, -1,
      792, 833, 793, -1,
      793, 833, 834, -1,
      793, 834, 794, -1,
      794, 834, 835, -1,
      794, 835, 795, -1,
      795, 835, 836, -1,
      795, 836, 796, -1,
      796, 836, 837, -1,
      796, 837, 797, -1,
      797, 837, 838, -1,
      797, 838, 798, -1,
      798, 838, 839, -1,
      798, 839, 799, -1,
      799, 839, 840, -1,
      799, 840, 800, -1,
      800, 840, 841, -1,
      800, 841, 801, -1,
      801, 841, 842, -1,
      801, 842, 802, -1,
      802, 842, 843, -1,
      802, 843, 803, -1,
      803, 843, 844, -1,
      803, 844, 804, -1,
      804, 844, 845, -1,
      804, 845, 805, -1,
      805, 845, 846, -1,
      805, 846, 806, -1,
      806, 846, 847, -1,
      806, 847, 807, -1,
      807, 847, 848, -1,
      807, 848, 229, -1,
      229, 848, 211, -1,
      229, 211, 231, -1,
      231, 211, 212, -1,
      231, 212, 232, -1,
      51, 53, 63, -1,
      63, 53, 849, -1,
      63, 849, 809, -1,
      809, 849, 850, -1,
      809, 850, 810, -1,
      810, 850, 851, -1,
      810, 851, 811, -1,
      811, 851, 852, -1,
      811, 852, 812, -1,
      812, 852, 853, -1,
      812, 853, 813, -1,
      813, 853, 854, -1,
      813, 854, 814, -1,
      814, 854, 855, -1,
      814, 855, 815, -1,
      815, 855, 856, -1,
      815, 856, 816, -1,
      816, 856, 857, -1,
      816, 857, 817, -1,
      817, 857, 858, -1,
      817, 858, 818, -1,
      818, 858, 859, -1,
      818, 859, 819, -1,
      819, 859, 860, -1,
      819, 860, 820, -1,
      820, 860, 861, -1,
      820, 861, 821, -1,
      821, 861, 862, -1,
      821, 862, 822, -1,
      822, 862, 863, -1,
      822, 863, 823, -1,
      823, 863, 864, -1,
      823, 864, 824, -1,
      824, 864, 865, -1,
      824, 865, 825, -1,
      825, 865, 866, -1,
      825, 866, 826, -1,
      826, 866, 867, -1,
      826, 867, 827, -1,
      827, 867, 868, -1,
      827, 868, 828, -1,
      828, 868, 869, -1,
      828, 869, 829, -1,
      829, 869, 870, -1,
      829, 870, 830, -1,
      830, 870, 871, -1,
      830, 871, 831, -1,
      831, 871, 872, -1,
      831, 872, 832, -1,
      832, 872, 873, -1,
      832, 873, 833, -1,
      833, 873, 874, -1,
      833, 874, 834, -1,
      834, 874, 875, -1,
      834, 875, 835, -1,
      835, 875, 876, -1,
      835, 876, 836, -1,
      836, 876, 877, -1,
      836, 877, 837, -1,
      837, 877, 878, -1,
      837, 878, 838, -1,
      838, 878, 879, -1,
      838, 879, 839, -1,
      839, 879, 880, -1,
      839, 880, 840, -1,
      840, 880, 881, -1,
      840, 881, 841, -1,
      841, 881, 882, -1,
      841, 882, 842, -1,
      842, 882, 883, -1,
      842, 883, 843, -1,
      843, 883, 884, -1,
      843, 884, 844, -1,
      844, 884, 885, -1,
      844, 885, 845, -1,
      845, 885, 886, -1,
      845, 886, 846, -1,
      846, 886, 887, -1,
      846, 887, 847, -1,
      847, 887, 888, -1,
      847, 888, 848, -1,
      848, 888, 889, -1,
      848, 889, 211, -1,
      211, 889, 398, -1,
      211, 398, 209, -1,
      209, 398, 399, -1,
      209, 399, 245, -1,
      29, 31, 39, -1,
      39, 31, 890, -1,
      39, 890, 36, -1,
      36, 890, 891, -1,
      36, 891, 46, -1,
      46, 891, 892, -1,
      46, 892, 53, -1,
      53, 892, 893, -1,
      53, 893, 849, -1,
      849, 893, 894, -1,
      849, 894, 850, -1,
      850, 894, 895, -1,
      850, 895, 851, -1,
      851, 895, 896, -1,
      851, 896, 852, -1,
      852, 896, 897, -1,
      852, 897, 853, -1,
      853, 897, 898, -1,
      853, 898, 854, -1,
      854, 898, 899, -1,
      854, 899, 855, -1,
      855, 899, 900, -1,
      855, 900, 856, -1,
      856, 900, 901, -1,
      856, 901, 857, -1,
      857, 901, 902, -1,
      857, 902, 858, -1,
      858, 902, 903, -1,
      858, 903, 859, -1,
      859, 903, 904, -1,
      859, 904, 860, -1,
      860, 904, 905, -1,
      860, 905, 861, -1,
      861, 905, 906, -1,
      861, 906, 862, -1,
      862, 906, 907, -1,
      862, 907, 863, -1,
      863, 907, 908, -1,
      863, 908, 864, -1,
      864, 908, 909, -1,
      864, 909, 865, -1,
      865, 909, 910, -1,
      865, 910, 866, -1,
      866, 910, 911, -1,
      866, 911, 867, -1,
      867, 911, 912, -1,
      867, 912, 868, -1,
      868, 912, 913, -1,
      868, 913, 869, -1,
      869, 913, 914, -1,
      869, 914, 870, -1,
      870, 914, 915, -1,
      870, 915, 871, -1,
      871, 915, 916, -1,
      871, 916, 872, -1,
      872, 916, 917, -1,
      872, 917, 873, -1,
      873, 917, 918, -1,
      873, 918, 874, -1,
      874, 918, 919, -1,
      874, 919, 875, -1,
      875, 919, 920, -1,
      875, 920, 876, -1,
      876, 920, 921, -1,
      876, 921, 877, -1,
      877, 921, 922, -1,
      877, 922, 878, -1,
      878, 922, 923, -1,
      878, 923, 879, -1,
      879, 923, 924, -1,
      879, 924, 880, -1,
      880, 924, 925, -1,
      880, 925, 881, -1,
      881, 925, 926, -1,
      881, 926, 882, -1,
      882, 926, 927, -1,
      882, 927, 883, -1,
      883, 927, 928, -1,
      883, 928, 884, -1,
      884, 928, 929, -1,
      884, 929, 885, -1,
      885, 929, 930, -1,
      885, 930, 886, -1,
      886, 930, 931, -1,
      886, 931, 887, -1,
      887, 931, 932, -1,
      887, 932, 888, -1,
      888, 932, 933, -1,
      888, 933, 889, -1,
      889, 933, 934, -1,
      889, 934, 398, -1,
      398, 934, 935, -1,
      398, 935, 390, -1,
      390, 935, 936, -1,
      390, 936, 389, -1,
      389, 936, 937, -1,
      389, 937, 400, -1,
      400, 937, 938, -1,
      400, 938, 453, -1,
      453, 938, 939, -1,
      453, 939, 25, -1,
      25, 939, 33, -1,
      25, 33, 23, -1,
      23, 33, 35, -1,
      23, 35, 21, -1,
      938, 940, 939, -1,
      939, 940, 941, -1,
      939, 941, 33, -1,
      33, 941, 942, -1,
      33, 942, 31, -1,
      31, 942, 943, -1,
      31, 943, 890, -1,
      890, 943, 944, -1,
      890, 944, 891, -1,
      891, 944, 945, -1,
      891, 945, 892, -1,
      892, 945, 946, -1,
      892, 946, 893, -1,
      893, 946, 947, -1,
      893, 947, 894, -1,
      894, 947, 948, -1,
      894, 948, 895, -1,
      895, 948, 949, -1,
      895, 949, 896, -1,
      896, 949, 950, -1,
      896, 950, 897, -1,
      897, 950, 951, -1,
      897, 951, 898, -1,
      898, 951, 952, -1,
      898, 952, 899, -1,
      899, 952, 953, -1,
      899, 953, 900, -1,
      900, 953, 954, -1,
      900, 954, 901, -1,
      901, 954, 955, -1,
      901, 955, 902, -1,
      902, 955, 956, -1,
      902, 956, 903, -1,
      903, 956, 957, -1,
      903, 957, 904, -1,
      904, 957, 958, -1,
      904, 958, 905, -1,
      905, 958, 959, -1,
      905, 959, 906, -1,
      906, 959, 960, -1,
      906, 960, 907, -1,
      907, 960, 961, -1,
      907, 961, 908, -1,
      908, 961, 962, -1,
      908, 962, 909, -1,
      909, 962, 963, -1,
      909, 963, 910, -1,
      910, 963, 964, -1,
      910, 964, 911, -1,
      911, 964, 965, -1,
      911, 965, 912, -1,
      912, 965, 966, -1,
      912, 966, 913, -1,
      913, 966, 967, -1,
      913, 967, 914, -1,
      914, 967, 968, -1,
      914, 968, 915, -1,
      915, 968, 969, -1,
      915, 969, 916, -1,
      916, 969, 970, -1,
      916, 970, 917, -1,
      917, 970, 971, -1,
      917, 971, 918, -1,
      918, 971, 972, -1,
      918, 972, 919, -1,
      919, 972, 973, -1,
      919, 973, 920, -1,
      920, 973, 974, -1,
      920, 974, 921, -1,
      921, 974, 975, -1,
      921, 975, 922, -1,
      922, 975, 976, -1,
      922, 976, 923, -1,
      923, 976, 977, -1,
      923, 977, 924, -1,
      924, 977, 978, -1,
      924, 978, 925, -1,
      925, 978, 979, -1,
      925, 979, 926, -1,
      926, 979, 980, -1,
      926, 980, 927, -1,
      927, 980, 981, -1,
      927, 981, 928, -1,
      928, 981, 982, -1,
      928, 982, 929, -1,
      929, 982, 983, -1,
      929, 983, 930, -1,
      930, 983, 984, -1,
      930, 984, 931, -1,
      931, 984, 985, -1,
      931, 985, 932, -1,
      932, 985, 986, -1,
      932, 986, 933, -1,
      933, 986, 987, -1,
      933, 987, 934, -1,
      934, 987, 988, -1,
      934, 988, 935, -1,
      935, 988, 989, -1,
      935, 989, 936, -1,
      936, 989, 990, -1,
      936, 990, 937, -1,
      937, 990, 991, -1,
      937, 991, 938, -1,
      938, 991, 940, -1,
      991, 992, 940, -1,
      940, 992, 993, -1,
      940, 993, 941, -1,
      941, 993, 994, -1,
      941, 994, 942, -1,
      942, 994, 995, -1,
      942, 995, 943, -1,
      943, 995, 996, -1,
      943, 996, 944, -1,
      944, 996, 997, -1,
      944, 997, 945, -1,
      945, 997, 998, -1,
      945, 998, 946, -1,
      946, 998, 999, -1,
      946, 999, 947, -1,
      947, 999, 1000, -1,
      947, 1000, 948, -1,
      948, 1000, 1001, -1,
      948, 1001, 949, -1,
      949, 1001, 1002, -1,
      949, 1002, 950, -1,
      950, 1002, 1003, -1,
      950, 1003, 951, -1,
      951, 1003, 1004, -1,
      951, 1004, 952, -1,
      952, 1004, 1005, -1,
      952, 1005, 953, -1,
      953, 1005, 1006, -1,
      953, 1006, 954, -1,
      954, 1006, 1007, -1,
      954, 1007, 955, -1,
      955, 1007, 1008, -1,
      955, 1008, 956, -1,
      956, 1008, 1009, -1,
      956, 1009, 957, -1,
      957, 1009, 1010, -1,
      957, 1010, 958, -1,
      958, 1010, 1011, -1,
      958, 1011, 959, -1,
      959, 1011, 1012, -1,
      959, 1012, 960, -1,
      960, 1012, 1013, -1,
      960, 1013, 961, -1,
      961, 1013, 1014, -1,
      961, 1014, 962, -1,
      962, 1014, 1015, -1,
      962, 1015, 963, -1,
      963, 1015, 1016, -1,
      963, 1016, 964, -1,
      964, 1016, 1017, -1,
      964, 1017, 965, -1,
      965, 1017, 1018, -1,
      965, 1018, 966, -1,
      966, 1018, 1019, -1,
      966, 1019, 967, -1,
      967, 1019, 1020, -1,
      967, 1020, 968, -1,
      968, 1020, 1021, -1,
      968, 1021, 969, -1,
      969, 1021, 1022, -1,
      969, 1022, 970, -1,
      970, 1022, 1023, -1,
      970, 1023, 971, -1,
      971, 1023, 1024, -1,
      971, 1024, 972, -1,
      972, 1024, 1025, -1,
      972, 1025, 973, -1,
      973, 1025, 1026, -1,
      973, 1026, 974, -1,
      974, 1026, 1027, -1,
      974, 1027, 975, -1,
      975, 1027, 1028, -1,
      975, 1028, 976, -1,
      976, 1028, 1029, -1,
      976, 1029, 977, -1,
      977, 1029, 1030, -1,
      977, 1030, 978, -1,
      978, 1030, 1031, -1,
      978, 1031, 979, -1,
      979, 1031, 1032, -1,
      979, 1032, 980, -1,
      980, 1032, 1033, -1,
      980, 1033, 981, -1,
      981, 1033, 1034, -1,
      981, 1034, 982, -1,
      982, 1034, 1035, -1,
      982, 1035, 983, -1,
      983, 1035, 1036, -1,
      983, 1036, 984, -1,
      984, 1036, 1037, -1,
      984, 1037, 985, -1,
      985, 1037, 1038, -1,
      985, 1038, 986, -1,
      986, 1038, 1039, -1,
      986, 1039, 987, -1,
      987, 1039, 1040, -1,
      987, 1040, 988, -1,
      988, 1040, 1041, -1,
      988, 1041, 989, -1,
      989, 1041, 1042, -1,
      989, 1042, 990, -1,
      990, 1042, 1043, -1,
      990, 1043, 991, -1,
      991, 1043, 992, -1,
      1043, 1044, 992, -1,
      992, 1044, 1045, -1,
      992, 1045, 993, -1,
      993, 1045, 1046, -1,
      993, 1046, 994, -1,
      994, 1046, 1047, -1,
      994, 1047, 995, -1,
      995, 1047, 1048, -1,
      995, 1048, 996, -1,
      996, 1048, 1049, -1,
      996, 1049, 997, -1,
      997, 1049, 1050, -1,
      997, 1050, 998, -1,
      998, 1050, 1051, -1,
      998, 1051, 999, -1,
      999, 1051, 1052, -1,
      999, 1052, 1000, -1,
      1000, 1052, 1053, -1,
      1000, 1053, 1001, -1,
      1001, 1053, 1054, -1,
      1001, 1054, 1002, -1,
      1002, 1054, 1055, -1,
      1002, 1055, 1003, -1,
      1003, 1055, 1056, -1,
      1003, 1056, 1004, -1,
      1004, 1056, 1057, -1,
      1004, 1057, 1005, -1,
      1005, 1057, 1058, -1,
      1005, 1058, 1006, -1,
      1006, 1058, 1059, -1,
      1006, 1059, 1007, -1,
      1007, 1059, 1060, -1,
      1007, 1060, 1008, -1,
      1008, 1060, 1061, -1,
      1008, 1061, 1009, -1,
      1009, 1061, 1062, -1,
      1009, 1062, 1010, -1,
      1010, 1062, 1063, -1,
      1010, 1063, 1011, -1,
      1011, 1063, 1064, -1,
      1011, 1064, 1012, -1,
      1012, 1064, 1065, -1,
      1012, 1065, 1013, -1,
      1013, 1065, 1066, -1,
      1013, 1066, 1014, -1,
      1014, 1066, 1067, -1,
      1014, 1067, 1015, -1,
      1015, 1067, 1068, -1,
      1015, 1068, 1016, -1,
      1016, 1068, 1069, -1,
      1016, 1069, 1017, -1,
      1017, 1069, 1070, -1,
      1017, 1070, 1018, -1,
      1018, 1070, 1071, -1,
      1018, 1071, 1019, -1,
      1019, 1071, 1072, -1,
      1019, 1072, 1020, -1,
      1020, 1072, 1073, -1,
      1020, 1073, 1021, -1,
      1021, 1073, 1074, -1,
      1021, 1074, 1022, -1,
      1022, 1074, 1075, -1,
      1022, 1075, 1023, -1,
      1023, 1075, 1076, -1,
      1023, 1076, 1024, -1,
      1024, 1076, 1077, -1,
      1024, 1077, 1025, -1,
      1025, 1077, 1078, -1,
      1025, 1078, 1026, -1,
      1026, 1078, 1079, -1,
      1026, 1079, 1027, -1,
      1027, 1079, 1080, -1,
      1027, 1080, 1028, -1,
      1028, 1080, 1081, -1,
      1028, 1081, 1029, -1,
      1029, 1081, 1082, -1,
      1029, 1082, 1030, -1,
      1030, 1082, 1083, -1,
      1030, 1083, 1031, -1,
      1031, 1083, 1084, -1,
      1031, 1084, 1032, -1,
      1032, 1084, 1085, -1,
      1032, 1085, 1033, -1,
      1033, 1085, 1086, -1,
      1033, 1086, 1034, -1,
      1034, 1086, 1087, -1,
      1034, 1087, 1035, -1,
      1035, 1087, 1088, -1,
      1035, 1088, 1036, -1,
      1036, 1088, 1089, -1,
      1036, 1089, 1037, -1,
      1037, 1089, 1090, -1,
      1037, 1090, 1038, -1,
      1038, 1090, 1091, -1,
      1038, 1091, 1039, -1,
      1039, 1091, 1092, -1,
      1039, 1092, 1040, -1,
      1040, 1092, 1093, -1,
      1040, 1093, 1041, -1,
      1041, 1093, 1094, -1,
      1041, 1094, 1042, -1,
      1042, 1094, 1095, -1,
      1042, 1095, 1043, -1,
      1043, 1095, 1044, -1,
      1096, 1044, 1097, -1,
      1097, 1044, 1095, -1,
      1097, 1095, 1098, -1,
      1098, 1095, 1094, -1,
      1098, 1094, 1099, -1,
      1099, 1094, 1100, -1,
      1099, 1100, 1101, -1,
      1101, 1100, 1093, -1,
      1101, 1093, 1102, -1,
      1102, 1093, 1103, -1,
      1102, 1103, 1104, -1,
      1104, 1103, 1092, -1,
      1104, 1092, 1105, -1,
      1105, 1092, 1091, -1,
      1105, 1091, 1106, -1,
      1106, 1091, 1107, -1,
      1106, 1107, 1108, -1,
      1108, 1107, 1090, -1,
      1108, 1090, 1109, -1,
      1109, 1090, 1110, -1,
      1109, 1110, 1111, -1,
      1111, 1110, 1089, -1,
      1111, 1089, 1112, -1,
      1112, 1089, 1088, -1,
      1112, 1088, 1113, -1,
      1113, 1088, 1114, -1,
      1113, 1114, 1115, -1,
      1115, 1114, 1087, -1,
      1115, 1087, 1116, -1,
      1116, 1087, 1117, -1,
      1116, 1117, 1118, -1,
      1118, 1117, 1086, -1,
      1118, 1086, 1119, -1,
      1119, 1086, 1120, -1,
      1119, 1120, 1121, -1,
      1121, 1120, 1085, -1,
      1121, 1085, 1122, -1,
      1122, 1085, 1084, -1,
      1122, 1084, 1123, -1,
      1123, 1084, 1124, -1,
      1123, 1124, 1125, -1,
      1125, 1124, 1083, -1,
      1125, 1083, 1126, -1,
      1126, 1083, 1127, -1,
      1126, 1127, 1128, -1,
      1128, 1127, 1082, -1,
      1128, 1082, 1129, -1,
      1129, 1082, 1081, -1,
      1129, 1081, 1130, -1,
      1130, 1081, 1131, -1,
      1130, 1131, 1132, -1,
      1132, 1131, 1080, -1,
      1132, 1080, 1133, -1,
      1133, 1080, 1134, -1,
      1133, 1134, 1135, -1,
      1135, 1134, 1079, -1,
      1135, 1079, 1136, -1,
      1136, 1079, 1137, -1,
      1136, 1137, 1138, -1,
      1138, 1137, 1078, -1,
      1138, 1078, 1139, -1,
      1139, 1078, 1077, -1,
      1139, 1077, 1140, -1,
      1140, 1077, 1141, -1,
      1140, 1141, 1142, -1,
      1142, 1141, 1076, -1,
      1142, 1076, 1143, -1,
      1143, 1076, 1144, -1,
      1143, 1144, 1145, -1,
      1145, 1144, 1075, -1,
      1145, 1075, 1146, -1,
      1146, 1075, 1074, -1,
      1146, 1074, 1147, -1,
      1147, 1074, 1148, -1,
      1147, 1148, 1149, -1,
      1149, 1148, 1073, -1,
      1149, 1073, 1150, -1,
      1150, 1073, 1151, -1,
      1150, 1151, 1152, -1,
      1152, 1151, 1072, -1,
      1152, 1072, 1153, -1,
      1153, 1072, 1154, -1,
      1153, 1154, 1155, -1,
      1155, 1154, 1071, -1,
      1155, 1071, 1156, -1,
      1156, 1071, 1070, -1,
      1156, 1070, 1157, -1,
      1157, 1070, 1158, -1,
      1157, 1158, 1159, -1,
      1159, 1158, 1069, -1,
      1159, 1069, 1160, -1,
      1160, 1069, 1161, -1,
      1160, 1161, 1162, -1,
      1162, 1161, 1068, -1,
      1162, 1068, 1163, -1,
      1163, 1068, 1067, -1,
      1163, 1067, 1164, -1,
      1164, 1067, 1165, -1,
      1164, 1165, 1166, -1,
      1166, 1165, 1066, -1,
      1166, 1066, 1167, -1,
      1167, 1066, 1168, -1,
      1167, 1168, 1169, -1,
      1169, 1168, 1065, -1,
      1169, 1065, 1170, -1,
      1170, 1065, 1171, -1,
      1170, 1171, 1172, -1,
      1172, 1171, 1064, -1,
      1172, 1064, 1173, -1,
      1173, 1064, 1063, -1,
      1173, 1063, 1174, -1,
      1174, 1063, 1175, -1,
      1174, 1175, 1176, -1,
      1176, 1175, 1062, -1,
      1176, 1062, 1177, -1,
      1177, 1062, 1178, -1,
      1177, 1178, 1179, -1,
      1179, 1178, 1061, -1,
      1179, 1061, 1180, -1,
      1180, 1061, 1060, -1,
      1180, 1060, 1181, -1,
      1181, 1060, 1182, -1,
      1181, 1182, 1183, -1,
      1183, 1182, 1059, -1,
      1183, 1059, 1184, -1,
      1184, 1059, 1185, -1,
      1184, 1185, 1186, -1,
      1186, 1185, 1058, -1,
      1186, 1058, 1187, -1,
      1187, 1058, 1188, -1,
      1187, 1188, 1189, -1,
      1189, 1188, 1057, -1,
      1189, 1057, 1190, -1,
      1190, 1057, 1056, -1,
      1190, 1056, 1191, -1,
      1191, 1056, 1192, -1,
      1191, 1192, 1193, -1,
      1193, 1192, 1055, -1,
      1193, 1055, 1194, -1,
      1194, 1055, 1195, -1,
      1194, 1195, 1196, -1,
      1196, 1195, 1054, -1,
      1196, 1054, 1197, -1,
      1197, 1054, 1053, -1,
      1197, 1053, 1198, -1,
      1198, 1053, 1199, -1,
      1198, 1199, 1200, -1,
      1200, 1199, 1052, -1,
      1200, 1052, 1201, -1,
      1201, 1052, 1202, -1,
      1201, 1202, 1203, -1,
      1203, 1202, 1051, -1,
      1203, 1051, 1204, -1,
      1204, 1051, 1205, -1,
      1204, 1205, 1206, -1,
      1206, 1205, 1050, -1,
      1206, 1050, 1207, -1,
      1207, 1050, 1049, -1,
      1207, 1049, 1208, -1,
      1208, 1049, 1209, -1,
      1208, 1209, 1210, -1,
      1210, 1209, 1048, -1,
      1210, 1048, 1211, -1,
      1211, 1048, 1212, -1,
      1211, 1212, 1213, -1,
      1213, 1212, 1047, -1,
      1213, 1047, 1214, -1,
      1214, 1047, 1046, -1,
      1214, 1046, 1215, -1,
      1215, 1046, 1216, -1,
      1215, 1216, 1217, -1,
      1217, 1216, 1045, -1,
      1217, 1045, 1218, -1,
      1218, 1045, 1219, -1,
      1218, 1219, 1096, -1,
      1096, 1219, 1044, -1,
      1143, 1145, 1220, -1,
      1126, 1128, 1221, -1,
      1109, 1111, 1222, -1,
      1223, 1224, 1225, -1,
      1226, 1227, 1228, -1,
      1229, 1230, 1231, -1,
      1232, 1233, 1234, -1,
      1235, 1236, 1237, -1,
      1238, 1239, 1240, -1,
      1241, 1242, 1243, -1,
      1244, 1245, 1246, -1,
      1247, 1248, 1249, -1,
      1250, 1251, 1252, -1,
      1253, 1254, 1255, -1,
      1256, 1257, 1258, -1,
      1259, 1260, 1261, -1,
      1262, 1263, 1264, -1,
      1265, 1266, 1267, -1,
      1268, 1225, 1269, -1,
      1269, 1225, 1224, -1,
      1269, 1224, 1270, -1,
      1270, 1224, 1271, -1,
      1272, 1273, 1262, -1,
      1274, 1275, 1276, -1,
      1276, 1275, 1277, -1,
      1278, 1279, 1280, -1,
      1280, 1279, 1274, -1,
      1281, 1282, 1283, -1,
      1283, 1282, 1278, -1,
      1284, 1285, 1281, -1,
      1285, 1284, 1260, -1,
      1286, 1287, 1288, -1,
      1288, 1287, 1259, -1,
      1289, 1290, 1286, -1,
      1291, 1292, 1293, -1,
      1293, 1292, 1294, -1,
      1295, 1296, 1297, -1,
      1297, 1296, 1291, -1,
      1257, 1298, 1299, -1,
      1299, 1298, 1300, -1,
      1299, 1300, 1295, -1,
      1256, 1258, 1254, -1,
      1253, 1255, 1251, -1,
      1301, 1302, 1250, -1,
      1303, 1304, 1305, -1,
      1305, 1304, 1306, -1,
      1307, 1308, 1309, -1,
      1309, 1308, 1303, -1,
      1310, 1311, 1307, -1,
      1312, 1313, 1314, -1,
      1314, 1313, 1315, -1,
      1316, 1317, 1318, -1,
      1318, 1317, 1312, -1,
      1319, 1320, 1321, -1,
      1321, 1320, 1316, -1,
      1322, 1323, 1319, -1,
      1248, 1324, 1325, -1,
      1326, 1327, 1328, -1,
      1328, 1327, 1247, -1,
      1329, 1330, 1326, -1,
      1331, 1332, 1333, -1,
      1333, 1332, 1334, -1,
      1245, 1335, 1336, -1,
      1336, 1335, 1337, -1,
      1336, 1337, 1331, -1,
      1241, 1243, 1239, -1,
      1238, 1240, 1236, -1,
      1338, 1339, 1235, -1,
      1340, 1341, 1342, -1,
      1342, 1341, 1343, -1,
      1344, 1345, 1346, -1,
      1346, 1345, 1340, -1,
      1347, 1348, 1344, -1,
      1349, 1350, 1351, -1,
      1351, 1350, 1352, -1,
      1353, 1354, 1355, -1,
      1355, 1354, 1349, -1,
      1356, 1357, 1358, -1,
      1358, 1357, 1353, -1,
      1359, 1360, 1356, -1,
      1361, 1362, 1363, -1,
      1363, 1362, 1232, -1,
      1364, 1365, 1361, -1,
      1366, 1367, 1368, -1,
      1368, 1367, 1369, -1,
      1370, 1371, 1372, -1,
      1372, 1371, 1366, -1,
      1373, 1374, 1375, -1,
      1375, 1374, 1370, -1,
      1229, 1231, 1227, -1,
      1226, 1228, 1268, -1,
      1266, 1271, 1267, -1,
      1267, 1271, 1224, -1,
      1267, 1224, 1376, -1,
      1376, 1224, 1223, -1,
      1376, 1223, 1377, -1,
      1263, 1265, 1264, -1,
      1264, 1265, 1267, -1,
      1264, 1267, 1378, -1,
      1378, 1267, 1376, -1,
      1378, 1376, 1379, -1,
      1379, 1376, 1377, -1,
      1379, 1377, 1380, -1,
      1381, 1382, 1383, -1,
      1227, 1231, 1228, -1,
      1228, 1231, 1384, -1,
      1228, 1384, 1385, -1,
      1385, 1384, 1386, -1,
      1385, 1386, 1387, -1,
      1387, 1386, 1388, -1,
      1387, 1388, 1389, -1,
      1390, 1383, 1391, -1,
      1391, 1383, 1382, -1,
      1391, 1382, 1392, -1,
      1274, 1276, 1280, -1,
      1280, 1276, 1393, -1,
      1280, 1393, 1394, -1,
      1394, 1393, 1395, -1,
      1394, 1395, 1396, -1,
      1396, 1395, 1397, -1,
      1396, 1397, 1398, -1,
      1260, 1284, 1261, -1,
      1261, 1284, 1399, -1,
      1261, 1399, 1400, -1,
      1400, 1399, 1401, -1,
      1400, 1401, 1402, -1,
      1402, 1401, 1403, -1,
      1402, 1403, 1404, -1,
      1259, 1261, 1288, -1,
      1288, 1261, 1400, -1,
      1288, 1400, 1405, -1,
      1405, 1400, 1402, -1,
      1405, 1402, 1406, -1,
      1406, 1402, 1404, -1,
      1406, 1404, 1407, -1,
      1291, 1293, 1297, -1,
      1297, 1293, 1408, -1,
      1297, 1408, 1409, -1,
      1409, 1408, 1410, -1,
      1409, 1410, 1411, -1,
      1411, 1410, 1412, -1,
      1411, 1412, 1413, -1,
      1254, 1258, 1255, -1,
      1255, 1258, 1414, -1,
      1255, 1414, 1415, -1,
      1415, 1414, 1416, -1,
      1415, 1416, 1417, -1,
      1417, 1416, 1418, -1,
      1417, 1418, 1419, -1,
      1251, 1255, 1252, -1,
      1252, 1255, 1415, -1,
      1252, 1415, 1420, -1,
      1420, 1415, 1417, -1,
      1420, 1417, 1421, -1,
      1421, 1417, 1419, -1,
      1421, 1419, 1422, -1,
      1303, 1305, 1309, -1,
      1309, 1305, 1423, -1,
      1309, 1423, 1424, -1,
      1424, 1423, 1425, -1,
      1424, 1425, 1426, -1,
      1426, 1425, 1427, -1,
      1426, 1427, 1428, -1,
      1312, 1314, 1318, -1,
      1318, 1314, 1429, -1,
      1318, 1429, 1430, -1,
      1430, 1429, 1431, -1,
      1430, 1431, 1432, -1,
      1432, 1431, 1433, -1,
      1432, 1433, 1434, -1,
      1316, 1318, 1321, -1,
      1321, 1318, 1430, -1,
      1321, 1430, 1435, -1,
      1435, 1430, 1432, -1,
      1435, 1432, 1436, -1,
      1436, 1432, 1434, -1,
      1436, 1434, 1437, -1,
      1248, 1325, 1249, -1,
      1249, 1325, 1438, -1,
      1249, 1438, 1439, -1,
      1439, 1438, 1440, -1,
      1439, 1440, 1441, -1,
      1441, 1440, 1442, -1,
      1441, 1442, 1443, -1,
      1331, 1333, 1336, -1,
      1336, 1333, 1444, -1,
      1336, 1444, 1445, -1,
      1445, 1444, 1446, -1,
      1445, 1446, 1447, -1,
      1447, 1446, 1448, -1,
      1447, 1448, 1449, -1,
      1239, 1243, 1240, -1,
      1240, 1243, 1450, -1,
      1240, 1450, 1451, -1,
      1451, 1450, 1452, -1,
      1451, 1452, 1453, -1,
      1453, 1452, 1454, -1,
      1453, 1454, 1455, -1,
      1340, 1342, 1346, -1,
      1346, 1342, 1456, -1,
      1346, 1456, 1457, -1,
      1457, 1456, 1458, -1,
      1457, 1458, 1459, -1,
      1459, 1458, 1460, -1,
      1459, 1460, 1461, -1,
      1349, 1351, 1355, -1,
      1355, 1351, 1462, -1,
      1355, 1462, 1463, -1,
      1463, 1462, 1464, -1,
      1463, 1464, 1465, -1,
      1465, 1464, 1466, -1,
      1465, 1466, 1467, -1,
      1232, 1234, 1363, -1,
      1363, 1234, 1468, -1,
      1363, 1468, 1469, -1,
      1469, 1468, 1470, -1,
      1469, 1470, 1471, -1,
      1471, 1470, 1472, -1,
      1471, 1472, 1473, -1,
      1366, 1368, 1372, -1,
      1372, 1368, 1474, -1,
      1372, 1474, 1475, -1,
      1475, 1474, 1476, -1,
      1475, 1476, 1477, -1,
      1477, 1476, 1478, -1,
      1477, 1478, 1479, -1,
      1159, 1388, 1480, -1,
      1480, 1388, 1386, -1,
      1480, 1386, 1481, -1,
      1481, 1386, 1384, -1,
      1481, 1384, 1482, -1,
      1482, 1384, 1231, -1,
      1482, 1231, 1375, -1,
      1375, 1231, 1230, -1,
      1375, 1230, 1373, -1,
      1159, 1160, 1388, -1,
      1388, 1160, 1162, -1,
      1388, 1162, 1389, -1,
      1389, 1162, 1163, -1,
      1389, 1163, 1164, -1,
      1268, 1228, 1225, -1,
      1225, 1228, 1385, -1,
      1225, 1385, 1223, -1,
      1223, 1385, 1387, -1,
      1223, 1387, 1377, -1,
      1377, 1387, 1389, -1,
      1377, 1389, 1380, -1,
      1380, 1389, 1164, -1,
      1380, 1164, 1166, -1,
      1166, 1167, 1380, -1,
      1380, 1167, 1392, -1,
      1380, 1392, 1379, -1,
      1379, 1392, 1382, -1,
      1379, 1382, 1378, -1,
      1378, 1382, 1381, -1,
      1378, 1381, 1264, -1,
      1167, 1169, 1392, -1,
      1392, 1169, 1170, -1,
      1392, 1170, 1391, -1,
      1391, 1170, 1172, -1,
      1391, 1172, 1390, -1,
      1390, 1172, 1173, -1,
      1390, 1173, 1174, -1,
      1262, 1264, 1272, -1,
      1272, 1264, 1381, -1,
      1272, 1381, 1483, -1,
      1483, 1381, 1383, -1,
      1483, 1383, 1484, -1,
      1484, 1383, 1390, -1,
      1484, 1390, 1485, -1,
      1485, 1390, 1174, -1,
      1485, 1174, 1176, -1,
      1176, 1397, 1485, -1,
      1485, 1397, 1395, -1,
      1485, 1395, 1484, -1,
      1484, 1395, 1393, -1,
      1484, 1393, 1483, -1,
      1483, 1393, 1276, -1,
      1483, 1276, 1272, -1,
      1272, 1276, 1277, -1,
      1272, 1277, 1273, -1,
      1176, 1177, 1397, -1,
      1397, 1177, 1179, -1,
      1397, 1179, 1398, -1,
      1398, 1179, 1180, -1,
      1398, 1180, 1181, -1,
      1278, 1280, 1283, -1,
      1283, 1280, 1394, -1,
      1283, 1394, 1486, -1,
      1486, 1394, 1396, -1,
      1486, 1396, 1487, -1,
      1487, 1396, 1398, -1,
      1487, 1398, 1488, -1,
      1488, 1398, 1181, -1,
      1488, 1181, 1183, -1,
      1281, 1283, 1284, -1,
      1284, 1283, 1486, -1,
      1284, 1486, 1399, -1,
      1399, 1486, 1487, -1,
      1399, 1487, 1401, -1,
      1401, 1487, 1488, -1,
      1401, 1488, 1403, -1,
      1403, 1488, 1183, -1,
      1403, 1183, 1184, -1,
      1184, 1186, 1403, -1,
      1403, 1186, 1187, -1,
      1403, 1187, 1404, -1,
      1404, 1187, 1189, -1,
      1404, 1189, 1407, -1,
      1407, 1189, 1190, -1,
      1407, 1190, 1191, -1,
      1286, 1288, 1289, -1,
      1289, 1288, 1405, -1,
      1289, 1405, 1489, -1,
      1489, 1405, 1406, -1,
      1489, 1406, 1490, -1,
      1490, 1406, 1407, -1,
      1490, 1407, 1491, -1,
      1491, 1407, 1191, -1,
      1491, 1191, 1193, -1,
      1193, 1412, 1491, -1,
      1491, 1412, 1410, -1,
      1491, 1410, 1490, -1,
      1490, 1410, 1408, -1,
      1490, 1408, 1489, -1,
      1489, 1408, 1293, -1,
      1489, 1293, 1289, -1,
      1289, 1293, 1294, -1,
      1289, 1294, 1290, -1,
      1193, 1194, 1412, -1,
      1412, 1194, 1196, -1,
      1412, 1196, 1413, -1,
      1413, 1196, 1197, -1,
      1413, 1197, 1198, -1,
      1295, 1297, 1299, -1,
      1299, 1297, 1409, -1,
      1299, 1409, 1492, -1,
      1492, 1409, 1411, -1,
      1492, 1411, 1493, -1,
      1493, 1411, 1413, -1,
      1493, 1413, 1494, -1,
      1494, 1413, 1198, -1,
      1494, 1198, 1200, -1,
      1257, 1299, 1258, -1,
      1258, 1299, 1492, -1,
      1258, 1492, 1414, -1,
      1414, 1492, 1493, -1,
      1414, 1493, 1416, -1,
      1416, 1493, 1494, -1,
      1416, 1494, 1418, -1,
      1418, 1494, 1200, -1,
      1418, 1200, 1201, -1,
      1201, 1203, 1418, -1,
      1418, 1203, 1204, -1,
      1418, 1204, 1419, -1,
      1419, 1204, 1206, -1,
      1419, 1206, 1422, -1,
      1422, 1206, 1207, -1,
      1422, 1207, 1208, -1,
      1250, 1252, 1301, -1,
      1301, 1252, 1420, -1,
      1301, 1420, 1495, -1,
      1495, 1420, 1421, -1,
      1495, 1421, 1496, -1,
      1496, 1421, 1422, -1,
      1496, 1422, 1497, -1,
      1497, 1422, 1208, -1,
      1497, 1208, 1210, -1,
      1210, 1427, 1497, -1,
      1497, 1427, 1425, -1,
      1497, 1425, 1496, -1,
      1496, 1425, 1423, -1,
      1496, 1423, 1495, -1,
      1495, 1423, 1305, -1,
      1495, 1305, 1301, -1,
      1301, 1305, 1306, -1,
      1301, 1306, 1302, -1,
      1210, 1211, 1427, -1,
      1427, 1211, 1213, -1,
      1427, 1213, 1428, -1,
      1428, 1213, 1214, -1,
      1428, 1214, 1215, -1,
      1307, 1309, 1310, -1,
      1310, 1309, 1424, -1,
      1310, 1424, 1498, -1,
      1498, 1424, 1426, -1,
      1498, 1426, 1499, -1,
      1499, 1426, 1428, -1,
      1499, 1428, 1500, -1,
      1500, 1428, 1215, -1,
      1500, 1215, 1217, -1,
      1217, 1433, 1500, -1,
      1500, 1433, 1431, -1,
      1500, 1431, 1499, -1,
      1499, 1431, 1429, -1,
      1499, 1429, 1498, -1,
      1498, 1429, 1314, -1,
      1498, 1314, 1310, -1,
      1310, 1314, 1315, -1,
      1310, 1315, 1311, -1,
      1217, 1218, 1433, -1,
      1433, 1218, 1096, -1,
      1433, 1096, 1434, -1,
      1434, 1096, 1097, -1,
      1434, 1097, 1437, -1,
      1437, 1097, 1098, -1,
      1437, 1098, 1099, -1,
      1319, 1321, 1322, -1,
      1322, 1321, 1435, -1,
      1322, 1435, 1501, -1,
      1501, 1435, 1436, -1,
      1501, 1436, 1502, -1,
      1502, 1436, 1437, -1,
      1502, 1437, 1503, -1,
      1503, 1437, 1099, -1,
      1503, 1099, 1101, -1,
      1101, 1442, 1503, -1,
      1503, 1442, 1440, -1,
      1503, 1440, 1502, -1,
      1502, 1440, 1438, -1,
      1502, 1438, 1501, -1,
      1501, 1438, 1325, -1,
      1501, 1325, 1322, -1,
      1322, 1325, 1324, -1,
      1322, 1324, 1323, -1,
      1101, 1102, 1442, -1,
      1442, 1102, 1104, -1,
      1442, 1104, 1443, -1,
      1443, 1104, 1105, -1,
      1443, 1105, 1106, -1,
      1247, 1249, 1328, -1,
      1328, 1249, 1439, -1,
      1328, 1439, 1504, -1,
      1504, 1439, 1441, -1,
      1504, 1441, 1505, -1,
      1505, 1441, 1443, -1,
      1505, 1443, 1506, -1,
      1506, 1443, 1106, -1,
      1506, 1106, 1108, -1,
      1326, 1328, 1329, -1,
      1329, 1328, 1504, -1,
      1329, 1504, 1507, -1,
      1507, 1504, 1505, -1,
      1507, 1505, 1508, -1,
      1508, 1505, 1506, -1,
      1508, 1506, 1222, -1,
      1222, 1506, 1108, -1,
      1222, 1108, 1109, -1,
      1111, 1448, 1222, -1,
      1222, 1448, 1446, -1,
      1222, 1446, 1508, -1,
      1508, 1446, 1444, -1,
      1508, 1444, 1507, -1,
      1507, 1444, 1333, -1,
      1507, 1333, 1329, -1,
      1329, 1333, 1334, -1,
      1329, 1334, 1330, -1,
      1111, 1112, 1448, -1,
      1448, 1112, 1113, -1,
      1448, 1113, 1449, -1,
      1449, 1113, 1115, -1,
      1449, 1115, 1116, -1,
      1245, 1336, 1246, -1,
      1246, 1336, 1445, -1,
      1246, 1445, 1509, -1,
      1509, 1445, 1447, -1,
      1509, 1447, 1510, -1,
      1510, 1447, 1449, -1,
      1510, 1449, 1511, -1,
      1511, 1449, 1116, -1,
      1511, 1116, 1118, -1,
      1118, 1454, 1511, -1,
      1511, 1454, 1452, -1,
      1511, 1452, 1510, -1,
      1510, 1452, 1450, -1,
      1510, 1450, 1509, -1,
      1509, 1450, 1243, -1,
      1509, 1243, 1246, -1,
      1246, 1243, 1242, -1,
      1246, 1242, 1244, -1,
      1118, 1119, 1454, -1,
      1454, 1119, 1121, -1,
      1454, 1121, 1455, -1,
      1455, 1121, 1122, -1,
      1455, 1122, 1123, -1,
      1236, 1240, 1237, -1,
      1237, 1240, 1451, -1,
      1237, 1451, 1512, -1,
      1512, 1451, 1453, -1,
      1512, 1453, 1513, -1,
      1513, 1453, 1455, -1,
      1513, 1455, 1514, -1,
      1514, 1455, 1123, -1,
      1514, 1123, 1125, -1,
      1235, 1237, 1338, -1,
      1338, 1237, 1512, -1,
      1338, 1512, 1515, -1,
      1515, 1512, 1513, -1,
      1515, 1513, 1516, -1,
      1516, 1513, 1514, -1,
      1516, 1514, 1221, -1,
      1221, 1514, 1125, -1,
      1221, 1125, 1126, -1,
      1128, 1460, 1221, -1,
      1221, 1460, 1458, -1,
      1221, 1458, 1516, -1,
      1516, 1458, 1456, -1,
      1516, 1456, 1515, -1,
      1515, 1456, 1342, -1,
      1515, 1342, 1338, -1,
      1338, 1342, 1343, -1,
      1338, 1343, 1339, -1,
      1128, 1129, 1460, -1,
      1460, 1129, 1130, -1,
      1460, 1130, 1461, -1,
      1461, 1130, 1132, -1,
      1461, 1132, 1133, -1,
      1344, 1346, 1347, -1,
      1347, 1346, 1457, -1,
      1347, 1457, 1517, -1,
      1517, 1457, 1459, -1,
      1517, 1459, 1518, -1,
      1518, 1459, 1461, -1,
      1518, 1461, 1519, -1,
      1519, 1461, 1133, -1,
      1519, 1133, 1135, -1,
      1135, 1466, 1519, -1,
      1519, 1466, 1464, -1,
      1519, 1464, 1518, -1,
      1518, 1464, 1462, -1,
      1518, 1462, 1517, -1,
      1517, 1462, 1351, -1,
      1517, 1351, 1347, -1,
      1347, 1351, 1352, -1,
      1347, 1352, 1348, -1,
      1135, 1136, 1466, -1,
      1466, 1136, 1138, -1,
      1466, 1138, 1467, -1,
      1467, 1138, 1139, -1,
      1467, 1139, 1140, -1,
      1353, 1355, 1358, -1,
      1358, 1355, 1463, -1,
      1358, 1463, 1520, -1,
      1520, 1463, 1465, -1,
      1520, 1465, 1521, -1,
      1521, 1465, 1467, -1,
      1521, 1467, 1522, -1,
      1522, 1467, 1140, -1,
      1522, 1140, 1142, -1,
      1356, 1358, 1359, -1,
      1359, 1358, 1520, -1,
      1359, 1520, 1523, -1,
      1523, 1520, 1521, -1,
      1523, 1521, 1524, -1,
      1524, 1521, 1522, -1,
      1524, 1522, 1220, -1,
      1220, 1522, 1142, -1,
      1220, 1142, 1143, -1,
      1145, 1472, 1220, -1,
      1220, 1472, 1470, -1,
      1220, 1470, 1524, -1,
      1524, 1470, 1468, -1,
      1524, 1468, 1523, -1,
      1523, 1468, 1234, -1,
      1523, 1234, 1359, -1,
      1359, 1234, 1233, -1,
      1359, 1233, 1360, -1,
      1145, 1146, 1472, -1,
      1472, 1146, 1147, -1,
      1472, 1147, 1473, -1,
      1473, 1147, 1149, -1,
      1473, 1149, 1150, -1,
      1361, 1363, 1364, -1,
      1364, 1363, 1469, -1,
      1364, 1469, 1525, -1,
      1525, 1469, 1471, -1,
      1525, 1471, 1526, -1,
      1526, 1471, 1473, -1,
      1526, 1473, 1527, -1,
      1527, 1473, 1150, -1,
      1527, 1150, 1152, -1,
      1152, 1478, 1527, -1,
      1527, 1478, 1476, -1,
      1527, 1476, 1526, -1,
      1526, 1476, 1474, -1,
      1526, 1474, 1525, -1,
      1525, 1474, 1368, -1,
      1525, 1368, 1364, -1,
      1364, 1368, 1369, -1,
      1364, 1369, 1365, -1,
      1152, 1153, 1478, -1,
      1478, 1153, 1155, -1,
      1478, 1155, 1479, -1,
      1479, 1155, 1156, -1,
      1479, 1156, 1157, -1,
      1370, 1372, 1375, -1,
      1375, 1372, 1475, -1,
      1375, 1475, 1482, -1,
      1482, 1475, 1477, -1,
      1482, 1477, 1481, -1,
      1481, 1477, 1479, -1,
      1481, 1479, 1480, -1,
      1480, 1479, 1157, -1,
      1480, 1157, 1159, -1,
      1528, 1529, 1530, -1,
      1531, 1532, 1533, -1,
      1534, 1535, 1536, -1,
      1537, 1538, 1539, -1,
      1540, 1541, 1542, -1,
      1543, 1544, 1545, -1,
      1546, 1547, 1548, -1,
      1248, 1549, 1550, -1,
      1248, 1247, 1549, -1,
      1549, 1247, 1327, -1,
      1549, 1327, 1551, -1,
      1551, 1327, 1326, -1,
      1551, 1326, 1546, -1,
      1326, 1330, 1546, -1,
      1546, 1330, 1334, -1,
      1546, 1334, 1547, -1,
      1334, 1332, 1547, -1,
      1547, 1332, 1331, -1,
      1547, 1331, 1552, -1,
      1331, 1337, 1552, -1,
      1552, 1337, 1335, -1,
      1552, 1335, 1553, -1,
      1335, 1245, 1553, -1,
      1553, 1245, 1244, -1,
      1553, 1244, 1554, -1,
      1244, 1242, 1554, -1,
      1554, 1242, 1241, -1,
      1554, 1241, 1555, -1,
      1555, 1241, 1239, -1,
      1239, 1238, 1555, -1,
      1555, 1238, 1236, -1,
      1555, 1236, 1556, -1,
      1236, 1235, 1556, -1,
      1556, 1235, 1339, -1,
      1556, 1339, 1543, -1,
      1339, 1343, 1543, -1,
      1543, 1343, 1341, -1,
      1543, 1341, 1544, -1,
      1341, 1340, 1544, -1,
      1544, 1340, 1345, -1,
      1544, 1345, 1557, -1,
      1345, 1344, 1557, -1,
      1557, 1344, 1348, -1,
      1557, 1348, 1558, -1,
      1348, 1352, 1558, -1,
      1558, 1352, 1350, -1,
      1558, 1350, 1559, -1,
      1350, 1349, 1559, -1,
      1559, 1349, 1354, -1,
      1559, 1354, 1560, -1,
      1354, 1353, 1560, -1,
      1560, 1353, 1357, -1,
      1560, 1357, 1561, -1,
      1233, 1540, 1360, -1,
      1360, 1540, 1561, -1,
      1360, 1561, 1356, -1,
      1356, 1561, 1357, -1,
      1233, 1232, 1540, -1,
      1540, 1232, 1362, -1,
      1540, 1362, 1541, -1,
      1541, 1362, 1361, -1,
      1541, 1361, 1562, -1,
      1361, 1365, 1562, -1,
      1562, 1365, 1369, -1,
      1562, 1369, 1563, -1,
      1369, 1367, 1563, -1,
      1563, 1367, 1366, -1,
      1563, 1366, 1564, -1,
      1366, 1371, 1564, -1,
      1564, 1371, 1370, -1,
      1564, 1370, 1565, -1,
      1370, 1374, 1565, -1,
      1565, 1374, 1373, -1,
      1565, 1373, 1566, -1,
      1373, 1230, 1566, -1,
      1566, 1230, 1229, -1,
      1566, 1229, 1537, -1,
      1229, 1227, 1537, -1,
      1537, 1227, 1226, -1,
      1537, 1226, 1538, -1,
      1538, 1226, 1268, -1,
      1268, 1269, 1538, -1,
      1538, 1269, 1270, -1,
      1538, 1270, 1567, -1,
      1270, 1271, 1567, -1,
      1567, 1271, 1266, -1,
      1567, 1266, 1568, -1,
      1266, 1265, 1568, -1,
      1568, 1265, 1263, -1,
      1568, 1263, 1569, -1,
      1263, 1262, 1569, -1,
      1569, 1262, 1273, -1,
      1569, 1273, 1570, -1,
      1273, 1277, 1570, -1,
      1570, 1277, 1275, -1,
      1570, 1275, 1571, -1,
      1275, 1274, 1571, -1,
      1571, 1274, 1279, -1,
      1571, 1279, 1534, -1,
      1281, 1535, 1282, -1,
      1282, 1535, 1534, -1,
      1282, 1534, 1278, -1,
      1278, 1534, 1279, -1,
      1281, 1285, 1535, -1,
      1535, 1285, 1260, -1,
      1535, 1260, 1572, -1,
      1260, 1259, 1572, -1,
      1572, 1259, 1287, -1,
      1572, 1287, 1573, -1,
      1573, 1287, 1286, -1,
      1573, 1286, 1574, -1,
      1286, 1290, 1574, -1,
      1574, 1290, 1294, -1,
      1574, 1294, 1575, -1,
      1294, 1292, 1575, -1,
      1575, 1292, 1291, -1,
      1575, 1291, 1576, -1,
      1291, 1296, 1576, -1,
      1576, 1296, 1295, -1,
      1576, 1295, 1531, -1,
      1295, 1300, 1531, -1,
      1531, 1300, 1298, -1,
      1531, 1298, 1532, -1,
      1298, 1257, 1532, -1,
      1532, 1257, 1256, -1,
      1532, 1256, 1577, -1,
      1256, 1254, 1577, -1,
      1577, 1254, 1253, -1,
      1577, 1253, 1578, -1,
      1578, 1253, 1251, -1,
      1251, 1250, 1578, -1,
      1578, 1250, 1302, -1,
      1578, 1302, 1579, -1,
      1302, 1306, 1579, -1,
      1579, 1306, 1304, -1,
      1579, 1304, 1580, -1,
      1304, 1303, 1580, -1,
      1580, 1303, 1308, -1,
      1580, 1308, 1581, -1,
      1308, 1307, 1581, -1,
      1581, 1307, 1311, -1,
      1581, 1311, 1528, -1,
      1311, 1315, 1528, -1,
      1528, 1315, 1313, -1,
      1528, 1313, 1529, -1,
      1313, 1312, 1529, -1,
      1529, 1312, 1317, -1,
      1529, 1317, 1582, -1,
      1317, 1316, 1582, -1,
      1582, 1316, 1320, -1,
      1582, 1320, 1583, -1,
      1320, 1319, 1583, -1,
      1583, 1319, 1323, -1,
      1583, 1323, 1550, -1,
      1550, 1323, 1324, -1,
      1550, 1324, 1248, -1,
      1548, 1584, 1546, -1,
      1546, 1584, 1585, -1,
      1546, 1585, 1551, -1,
      1551, 1585, 1586, -1,
      1551, 1586, 1549, -1,
      1553, 1587, 1552, -1,
      1552, 1587, 1588, -1,
      1552, 1588, 1547, -1,
      1547, 1588, 1589, -1,
      1547, 1589, 1548, -1,
      1555, 1590, 1554, -1,
      1554, 1590, 1591, -1,
      1554, 1591, 1553, -1,
      1553, 1591, 1592, -1,
      1553, 1592, 1587, -1,
      1545, 1593, 1543, -1,
      1543, 1593, 1594, -1,
      1543, 1594, 1556, -1,
      1556, 1594, 1595, -1,
      1556, 1595, 1555, -1,
      1555, 1595, 1596, -1,
      1555, 1596, 1590, -1,
      1558, 1597, 1557, -1,
      1557, 1597, 1598, -1,
      1557, 1598, 1544, -1,
      1544, 1598, 1599, -1,
      1544, 1599, 1545, -1,
      1560, 1600, 1559, -1,
      1559, 1600, 1601, -1,
      1559, 1601, 1558, -1,
      1558, 1601, 1602, -1,
      1558, 1602, 1597, -1,
      1542, 1603, 1540, -1,
      1540, 1603, 1604, -1,
      1540, 1604, 1561, -1,
      1561, 1604, 1605, -1,
      1561, 1605, 1560, -1,
      1560, 1605, 1606, -1,
      1560, 1606, 1600, -1,
      1563, 1607, 1562, -1,
      1562, 1607, 1608, -1,
      1562, 1608, 1541, -1,
      1541, 1608, 1609, -1,
      1541, 1609, 1542, -1,
      1565, 1610, 1564, -1,
      1564, 1610, 1611, -1,
      1564, 1611, 1563, -1,
      1563, 1611, 1612, -1,
      1563, 1612, 1607, -1,
      1539, 1613, 1537, -1,
      1537, 1613, 1614, -1,
      1537, 1614, 1566, -1,
      1566, 1614, 1615, -1,
      1566, 1615, 1565, -1,
      1565, 1615, 1616, -1,
      1565, 1616, 1610, -1,
      1568, 1617, 1567, -1,
      1567, 1617, 1618, -1,
      1567, 1618, 1538, -1,
      1538, 1618, 1619, -1,
      1538, 1619, 1539, -1,
      1570, 1620, 1569, -1,
      1569, 1620, 1621, -1,
      1569, 1621, 1568, -1,
      1568, 1621, 1622, -1,
      1568, 1622, 1617, -1,
      1536, 1623, 1534, -1,
      1534, 1623, 1624, -1,
      1534, 1624, 1571, -1,
      1571, 1624, 1625, -1,
      1571, 1625, 1570, -1,
      1570, 1625, 1626, -1,
      1570, 1626, 1620, -1,
      1573, 1627, 1572, -1,
      1572, 1627, 1628, -1,
      1572, 1628, 1535, -1,
      1535, 1628, 1629, -1,
      1535, 1629, 1536, -1,
      1575, 1630, 1574, -1,
      1574, 1630, 1631, -1,
      1574, 1631, 1573, -1,
      1573, 1631, 1632, -1,
      1573, 1632, 1627, -1,
      1533, 1633, 1531, -1,
      1531, 1633, 1634, -1,
      1531, 1634, 1576, -1,
      1576, 1634, 1635, -1,
      1576, 1635, 1575, -1,
      1575, 1635, 1636, -1,
      1575, 1636, 1630, -1,
      1578, 1637, 1577, -1,
      1577, 1637, 1638, -1,
      1577, 1638, 1532, -1,
      1532, 1638, 1639, -1,
      1532, 1639, 1533, -1,
      1580, 1640, 1579, -1,
      1579, 1640, 1641, -1,
      1579, 1641, 1578, -1,
      1578, 1641, 1642, -1,
      1578, 1642, 1637, -1,
      1530, 1643, 1528, -1,
      1528, 1643, 1644, -1,
      1528, 1644, 1581, -1,
      1581, 1644, 1645, -1,
      1581, 1645, 1580, -1,
      1580, 1645, 1646, -1,
      1580, 1646, 1640, -1,
      1583, 1647, 1582, -1,
      1582, 1647, 1648, -1,
      1582, 1648, 1529, -1,
      1529, 1648, 1649, -1,
      1529, 1649, 1530, -1,
      1586, 1650, 1549, -1,
      1549, 1650, 1651, -1,
      1549, 1651, 1550, -1,
      1550, 1651, 1652, -1,
      1550, 1652, 1583, -1,
      1583, 1652, 1653, -1,
      1583, 1653, 1647, -1,
      1654, 1653, 1655, -1,
      1655, 1653, 1652, -1,
      1655, 1652, 1656, -1,
      1656, 1652, 1651, -1,
      1656, 1651, 1657, -1,
      1657, 1651, 1650, -1,
      1657, 1650, 1658, -1,
      1658, 1650, 1586, -1,
      1658, 1586, 1659, -1,
      1659, 1586, 1585, -1,
      1659, 1585, 1660, -1,
      1660, 1585, 1584, -1,
      1660, 1584, 1661, -1,
      1661, 1584, 1548, -1,
      1661, 1548, 1662, -1,
      1662, 1548, 1589, -1,
      1662, 1589, 1663, -1,
      1663, 1589, 1588, -1,
      1663, 1588, 1664, -1,
      1664, 1588, 1587, -1,
      1664, 1587, 1665, -1,
      1665, 1587, 1592, -1,
      1665, 1592, 1666, -1,
      1666, 1592, 1591, -1,
      1666, 1591, 1667, -1,
      1667, 1591, 1590, -1,
      1667, 1590, 1668, -1,
      1668, 1590, 1596, -1,
      1668, 1596, 1669, -1,
      1669, 1596, 1595, -1,
      1669, 1595, 1670, -1,
      1670, 1595, 1594, -1,
      1670, 1594, 1671, -1,
      1671, 1594, 1593, -1,
      1671, 1593, 1672, -1,
      1672, 1593, 1545, -1,
      1672, 1545, 1673, -1,
      1673, 1545, 1599, -1,
      1673, 1599, 1674, -1,
      1674, 1599, 1598, -1,
      1674, 1598, 1675, -1,
      1675, 1598, 1597, -1,
      1675, 1597, 1676, -1,
      1676, 1597, 1602, -1,
      1676, 1602, 1677, -1,
      1677, 1602, 1601, -1,
      1677, 1601, 1678, -1,
      1678, 1601, 1600, -1,
      1678, 1600, 1679, -1,
      1679, 1600, 1606, -1,
      1679, 1606, 1680, -1,
      1680, 1606, 1605, -1,
      1680, 1605, 1681, -1,
      1681, 1605, 1604, -1,
      1681, 1604, 1682, -1,
      1682, 1604, 1603, -1,
      1682, 1603, 1683, -1,
      1683, 1603, 1542, -1,
      1683, 1542, 1684, -1,
      1684, 1542, 1609, -1,
      1684, 1609, 1685, -1,
      1685, 1609, 1608, -1,
      1685, 1608, 1686, -1,
      1686, 1608, 1607, -1,
      1686, 1607, 1687, -1,
      1687, 1607, 1612, -1,
      1687, 1612, 1688, -1,
      1688, 1612, 1611, -1,
      1688, 1611, 1689, -1,
      1689, 1611, 1610, -1,
      1689, 1610, 1690, -1,
      1690, 1610, 1616, -1,
      1690, 1616, 1691, -1,
      1691, 1616, 1615, -1,
      1691, 1615, 1692, -1,
      1692, 1615, 1614, -1,
      1692, 1614, 1693, -1,
      1693, 1614, 1613, -1,
      1693, 1613, 1694, -1,
      1694, 1613, 1539, -1,
      1694, 1539, 1695, -1,
      1695, 1539, 1619, -1,
      1695, 1619, 1696, -1,
      1696, 1619, 1618, -1,
      1696, 1618, 1697, -1,
      1697, 1618, 1617, -1,
      1697, 1617, 1698, -1,
      1698, 1617, 1622, -1,
      1698, 1622, 1699, -1,
      1699, 1622, 1621, -1,
      1699, 1621, 1700, -1,
      1700, 1621, 1620, -1,
      1700, 1620, 1701, -1,
      1701, 1620, 1626, -1,
      1701, 1626, 1702, -1,
      1702, 1626, 1625, -1,
      1702, 1625, 1703, -1,
      1703, 1625, 1624, -1,
      1703, 1624, 1704, -1,
      1704, 1624, 1623, -1,
      1704, 1623, 1705, -1,
      1705, 1623, 1536, -1,
      1705, 1536, 1706, -1,
      1706, 1536, 1629, -1,
      1706, 1629, 1707, -1,
      1707, 1629, 1628, -1,
      1707, 1628, 1708, -1,
      1708, 1628, 1627, -1,
      1708, 1627, 1709, -1,
      1709, 1627, 1632, -1,
      1709, 1632, 1710, -1,
      1710, 1632, 1631, -1,
      1710, 1631, 1711, -1,
      1711, 1631, 1630, -1,
      1711, 1630, 1712, -1,
      1712, 1630, 1636, -1,
      1712, 1636, 1713, -1,
      1713, 1636, 1635, -1,
      1713, 1635, 1714, -1,
      1714, 1635, 1634, -1,
      1714, 1634, 1715, -1,
      1715, 1634, 1633, -1,
      1715, 1633, 1716, -1,
      1716, 1633, 1533, -1,
      1716, 1533, 1717, -1,
      1717, 1533, 1639, -1,
      1717, 1639, 1718, -1,
      1718, 1639, 1638, -1,
      1718, 1638, 1719, -1,
      1719, 1638, 1637, -1,
      1719, 1637, 1720, -1,
      1720, 1637, 1642, -1,
      1720, 1642, 1721, -1,
      1721, 1642, 1641, -1,
      1721, 1641, 1722, -1,
      1722, 1641, 1640, -1,
      1722, 1640, 1723, -1,
      1723, 1640, 1646, -1,
      1723, 1646, 1724, -1,
      1724, 1646, 1645, -1,
      1724, 1645, 1725, -1,
      1725, 1645, 1644, -1,
      1725, 1644, 1726, -1,
      1726, 1644, 1643, -1,
      1726, 1643, 1727, -1,
      1727, 1643, 1530, -1,
      1727, 1530, 1728, -1,
      1728, 1530, 1649, -1,
      1728, 1649, 1729, -1,
      1729, 1649, 1648, -1,
      1729, 1648, 1730, -1,
      1730, 1648, 1647, -1,
      1730, 1647, 1654, -1,
      1654, 1647, 1653, -1,
      1720, 1721, 1731, -1,
      1717, 1718, 1732, -1,
      1670, 1671, 1733, -1,
      1655, 1656, 1734, -1,
      1734, 1656, 1657, -1,
      1734, 1657, 1735, -1,
      1735, 1657, 1658, -1,
      1735, 1658, 1736, -1,
      1658, 1659, 1736, -1,
      1736, 1659, 1660, -1,
      1736, 1660, 1737, -1,
      1660, 1661, 1737, -1,
      1737, 1661, 1662, -1,
      1737, 1662, 1738, -1,
      1738, 1662, 1663, -1,
      1738, 1663, 1739, -1,
      1663, 1664, 1739, -1,
      1739, 1664, 1665, -1,
      1739, 1665, 1740, -1,
      1740, 1665, 1666, -1,
      1740, 1666, 1741, -1,
      1669, 1742, 1668, -1,
      1668, 1742, 1741, -1,
      1668, 1741, 1667, -1,
      1667, 1741, 1666, -1,
      1733, 1671, 1743, -1,
      1743, 1671, 1672, -1,
      1743, 1672, 1673, -1,
      1744, 1674, 1745, -1,
      1745, 1674, 1675, -1,
      1745, 1675, 1676, -1,
      1746, 1747, 1677, -1,
      1677, 1678, 1746, -1,
      1746, 1678, 1679, -1,
      1746, 1679, 1748, -1,
      1748, 1679, 1680, -1,
      1748, 1680, 1749, -1,
      1680, 1681, 1749, -1,
      1749, 1681, 1682, -1,
      1749, 1682, 1750, -1,
      1682, 1683, 1750, -1,
      1750, 1683, 1684, -1,
      1750, 1684, 1751, -1,
      1751, 1684, 1685, -1,
      1751, 1685, 1752, -1,
      1685, 1686, 1752, -1,
      1752, 1686, 1687, -1,
      1752, 1687, 1753, -1,
      1753, 1687, 1688, -1,
      1753, 1688, 1754, -1,
      1688, 1689, 1754, -1,
      1754, 1689, 1690, -1,
      1754, 1690, 1755, -1,
      1755, 1690, 1691, -1,
      1755, 1691, 1756, -1,
      1691, 1692, 1756, -1,
      1756, 1692, 1693, -1,
      1756, 1693, 1757, -1,
      1757, 1693, 1694, -1,
      1757, 1694, 1695, -1,
      1758, 1696, 1759, -1,
      1759, 1696, 1697, -1,
      1759, 1697, 1698, -1,
      1760, 1699, 1761, -1,
      1761, 1699, 1700, -1,
      1761, 1700, 1701, -1,
      1762, 1763, 1702, -1,
      1702, 1703, 1762, -1,
      1762, 1703, 1704, -1,
      1762, 1704, 1764, -1,
      1704, 1705, 1764, -1,
      1764, 1705, 1706, -1,
      1764, 1706, 1765, -1,
      1765, 1706, 1707, -1,
      1765, 1707, 1766, -1,
      1707, 1708, 1766, -1,
      1766, 1708, 1709, -1,
      1766, 1709, 1767, -1,
      1767, 1709, 1710, -1,
      1767, 1710, 1768, -1,
      1710, 1711, 1768, -1,
      1768, 1711, 1712, -1,
      1768, 1712, 1769, -1,
      1769, 1712, 1713, -1,
      1769, 1713, 1770, -1,
      1713, 1714, 1770, -1,
      1770, 1714, 1715, -1,
      1770, 1715, 1771, -1,
      1771, 1715, 1716, -1,
      1771, 1716, 1717, -1,
      1732, 1718, 1772, -1,
      1772, 1718, 1719, -1,
      1772, 1719, 1720, -1,
      1731, 1721, 1773, -1,
      1773, 1721, 1722, -1,
      1773, 1722, 1723, -1,
      1774, 1724, 1775, -1,
      1775, 1724, 1725, -1,
      1775, 1725, 1726, -1,
      1776, 1727, 1728, -1,
      1776, 1728, 1777, -1,
      1777, 1728, 1729, -1,
      1777, 1729, 1778, -1,
      1729, 1730, 1778, -1,
      1778, 1730, 1654, -1,
      1778, 1654, 1779, -1,
      1780, 1781, 1734, -1,
      1734, 1781, 1779, -1,
      1734, 1779, 1655, -1,
      1655, 1779, 1654, -1,
      1780, 1734, 1782, -1,
      1782, 1734, 1735, -1,
      1782, 1735, 1783, -1,
      1783, 1735, 1784, -1,
      1784, 1735, 1736, -1,
      1784, 1736, 1785, -1,
      1785, 1736, 1786, -1,
      1786, 1736, 1737, -1,
      1786, 1737, 1787, -1,
      1787, 1737, 1788, -1,
      1788, 1737, 1738, -1,
      1788, 1738, 1789, -1,
      1789, 1738, 1790, -1,
      1790, 1738, 1739, -1,
      1790, 1739, 1791, -1,
      1791, 1739, 1792, -1,
      1792, 1739, 1740, -1,
      1792, 1740, 1793, -1,
      1793, 1740, 1794, -1,
      1794, 1740, 1741, -1,
      1794, 1741, 1795, -1,
      1796, 1742, 1733, -1,
      1733, 1742, 1669, -1,
      1733, 1669, 1670, -1,
      1796, 1797, 1742, -1,
      1742, 1797, 1798, -1,
      1742, 1798, 1741, -1,
      1741, 1798, 1799, -1,
      1741, 1799, 1795, -1,
      1800, 1743, 1744, -1,
      1744, 1743, 1673, -1,
      1744, 1673, 1674, -1,
      1800, 1801, 1743, -1,
      1743, 1801, 1802, -1,
      1743, 1802, 1733, -1,
      1733, 1802, 1803, -1,
      1733, 1803, 1796, -1,
      1804, 1745, 1747, -1,
      1747, 1745, 1676, -1,
      1747, 1676, 1677, -1,
      1804, 1805, 1745, -1,
      1745, 1805, 1806, -1,
      1745, 1806, 1744, -1,
      1744, 1806, 1807, -1,
      1744, 1807, 1800, -1,
      1748, 1808, 1746, -1,
      1746, 1808, 1809, -1,
      1746, 1809, 1747, -1,
      1747, 1809, 1810, -1,
      1747, 1810, 1804, -1,
      1811, 1812, 1749, -1,
      1749, 1812, 1813, -1,
      1749, 1813, 1748, -1,
      1748, 1813, 1814, -1,
      1748, 1814, 1808, -1,
      1811, 1749, 1815, -1,
      1815, 1749, 1750, -1,
      1815, 1750, 1816, -1,
      1816, 1750, 1817, -1,
      1817, 1750, 1751, -1,
      1817, 1751, 1818, -1,
      1818, 1751, 1819, -1,
      1819, 1751, 1752, -1,
      1819, 1752, 1820, -1,
      1820, 1752, 1821, -1,
      1821, 1752, 1753, -1,
      1821, 1753, 1822, -1,
      1822, 1753, 1823, -1,
      1823, 1753, 1754, -1,
      1823, 1754, 1824, -1,
      1824, 1754, 1825, -1,
      1825, 1754, 1755, -1,
      1825, 1755, 1826, -1,
      1826, 1755, 1827, -1,
      1827, 1755, 1756, -1,
      1827, 1756, 1828, -1,
      1829, 1757, 1758, -1,
      1758, 1757, 1695, -1,
      1758, 1695, 1696, -1,
      1829, 1830, 1757, -1,
      1757, 1830, 1831, -1,
      1757, 1831, 1756, -1,
      1756, 1831, 1832, -1,
      1756, 1832, 1828, -1,
      1833, 1759, 1760, -1,
      1760, 1759, 1698, -1,
      1760, 1698, 1699, -1,
      1833, 1834, 1759, -1,
      1759, 1834, 1835, -1,
      1759, 1835, 1758, -1,
      1758, 1835, 1836, -1,
      1758, 1836, 1829, -1,
      1837, 1761, 1763, -1,
      1763, 1761, 1701, -1,
      1763, 1701, 1702, -1,
      1837, 1838, 1761, -1,
      1761, 1838, 1839, -1,
      1761, 1839, 1760, -1,
      1760, 1839, 1840, -1,
      1760, 1840, 1833, -1,
      1841, 1842, 1764, -1,
      1764, 1842, 1843, -1,
      1764, 1843, 1762, -1,
      1762, 1843, 1844, -1,
      1762, 1844, 1763, -1,
      1763, 1844, 1845, -1,
      1763, 1845, 1837, -1,
      1841, 1764, 1846, -1,
      1846, 1764, 1765, -1,
      1846, 1765, 1847, -1,
      1847, 1765, 1848, -1,
      1848, 1765, 1766, -1,
      1848, 1766, 1849, -1,
      1849, 1766, 1850, -1,
      1850, 1766, 1767, -1,
      1850, 1767, 1851, -1,
      1851, 1767, 1852, -1,
      1852, 1767, 1768, -1,
      1852, 1768, 1853, -1,
      1853, 1768, 1854, -1,
      1854, 1768, 1769, -1,
      1854, 1769, 1855, -1,
      1855, 1769, 1856, -1,
      1856, 1769, 1770, -1,
      1856, 1770, 1857, -1,
      1857, 1770, 1858, -1,
      1858, 1770, 1771, -1,
      1858, 1771, 1859, -1,
      1717, 1732, 1771, -1,
      1771, 1732, 1860, -1,
      1771, 1860, 1859, -1,
      1861, 1862, 1772, -1,
      1772, 1862, 1863, -1,
      1772, 1863, 1732, -1,
      1732, 1863, 1864, -1,
      1732, 1864, 1860, -1,
      1720, 1731, 1772, -1,
      1772, 1731, 1865, -1,
      1772, 1865, 1861, -1,
      1866, 1773, 1774, -1,
      1774, 1773, 1723, -1,
      1774, 1723, 1724, -1,
      1866, 1867, 1773, -1,
      1773, 1867, 1868, -1,
      1773, 1868, 1731, -1,
      1731, 1868, 1869, -1,
      1731, 1869, 1865, -1,
      1870, 1775, 1776, -1,
      1776, 1775, 1726, -1,
      1776, 1726, 1727, -1,
      1870, 1871, 1775, -1,
      1775, 1871, 1872, -1,
      1775, 1872, 1774, -1,
      1774, 1872, 1873, -1,
      1774, 1873, 1866, -1,
      1778, 1874, 1777, -1,
      1777, 1874, 1875, -1,
      1777, 1875, 1776, -1,
      1776, 1875, 1876, -1,
      1776, 1876, 1870, -1,
      1781, 1877, 1779, -1,
      1779, 1877, 1878, -1,
      1779, 1878, 1778, -1,
      1778, 1878, 1879, -1,
      1778, 1879, 1874, -1,
      1802, 1801, 1880, -1,
      1796, 1803, 1881, -1,
      1798, 1797, 1882, -1,
      1868, 1867, 1883, -1,
      1865, 1869, 1884, -1,
      1862, 1861, 1885, -1,
      1835, 1834, 1886, -1,
      1829, 1836, 1887, -1,
      1831, 1830, 1888, -1,
      1889, 1890, 1891, -1,
      1892, 1893, 1894, -1,
      1895, 1896, 1897, -1,
      1898, 1899, 1900, -1,
      1901, 1902, 1903, -1,
      1904, 1905, 1906, -1,
      1907, 1908, 1909, -1,
      1910, 1911, 1912, -1,
      1913, 1914, 1915, -1,
      1916, 1917, 1918, -1,
      1919, 1920, 1921, -1,
      1922, 1923, 1924, -1,
      1925, 1926, 1927, -1,
      1928, 1929, 1930, -1,
      1931, 1932, 1933, -1,
      1934, 1935, 1936, -1,
      1937, 1938, 1939, -1,
      1940, 1941, 1942, -1,
      1943, 1944, 1945, -1,
      1946, 1947, 1948, -1,
      1949, 1950, 1951, -1,
      1952, 1953, 1954, -1,
      1955, 1956, 1957, -1,
      1958, 1959, 1955, -1,
      1959, 1958, 1953, -1,
      1960, 1961, 1962, -1,
      1962, 1961, 1949, -1,
      1963, 1964, 1960, -1,
      1946, 1948, 1965, -1,
      1966, 1967, 1968, -1,
      1967, 1966, 1944, -1,
      1969, 1970, 1940, -1,
      1971, 1972, 1973, -1,
      1972, 1971, 1938, -1,
      1937, 1939, 1935, -1,
      1974, 1975, 1934, -1,
      1975, 1974, 1932, -1,
      1931, 1933, 1929, -1,
      1976, 1977, 1978, -1,
      1978, 1977, 1928, -1,
      1979, 1980, 1976, -1,
      1981, 1982, 1983, -1,
      1983, 1982, 1925, -1,
      1984, 1985, 1981, -1,
      1985, 1984, 1923, -1,
      1986, 1987, 1919, -1,
      1988, 1989, 1990, -1,
      1991, 1992, 1993, -1,
      1993, 1992, 1994, -1,
      1995, 1996, 1991, -1,
      1916, 1918, 1914, -1,
      1997, 1998, 1913, -1,
      1998, 1997, 1911, -1,
      1999, 2000, 2001, -1,
      2001, 2000, 1910, -1,
      2002, 2003, 2004, -1,
      2004, 2003, 1999, -1,
      2005, 2006, 2002, -1,
      2006, 2005, 1908, -1,
      2007, 2008, 1904, -1,
      2008, 2007, 2009, -1,
      2010, 2011, 2012, -1,
      2012, 2011, 2013, -1,
      2014, 2015, 2010, -1,
      2016, 2017, 2018, -1,
      2017, 2016, 1902, -1,
      2019, 2020, 1898, -1,
      1895, 1897, 1893, -1,
      2021, 2022, 2023, -1,
      2023, 2022, 1892, -1,
      2024, 2025, 2021, -1,
      2025, 2024, 1890, -1,
      1889, 1891, 1956, -1,
      1953, 1958, 1954, -1,
      1954, 1958, 2026, -1,
      1954, 2026, 2027, -1,
      2027, 2026, 2028, -1,
      2027, 2028, 2029, -1,
      2029, 2028, 2030, -1,
      2029, 2030, 2031, -1,
      1949, 1951, 1962, -1,
      1962, 1951, 2032, -1,
      1962, 2032, 2033, -1,
      2033, 2032, 2034, -1,
      2033, 2034, 2035, -1,
      2035, 2034, 2036, -1,
      2035, 2036, 2037, -1,
      1965, 1948, 2038, -1,
      2038, 1948, 2039, -1,
      2038, 2039, 2040, -1,
      2040, 2039, 2041, -1,
      2040, 2041, 2042, -1,
      2042, 2041, 2043, -1,
      2042, 2043, 2044, -1,
      1944, 1966, 1945, -1,
      1945, 1966, 2045, -1,
      1945, 2045, 2046, -1,
      2046, 2045, 2047, -1,
      2046, 2047, 2048, -1,
      2048, 2047, 2049, -1,
      2048, 2049, 2050, -1,
      1940, 1942, 1969, -1,
      1969, 1942, 2051, -1,
      1969, 2051, 2052, -1,
      2052, 2051, 2053, -1,
      2052, 2053, 2054, -1,
      2054, 2053, 2055, -1,
      2054, 2055, 2056, -1,
      1938, 1971, 1939, -1,
      1939, 1971, 2057, -1,
      1939, 2057, 2058, -1,
      2058, 2057, 2059, -1,
      2058, 2059, 2060, -1,
      2060, 2059, 2061, -1,
      2060, 2061, 2062, -1,
      1976, 1978, 1979, -1,
      1979, 1978, 2063, -1,
      1979, 2063, 2064, -1,
      2064, 2063, 2065, -1,
      2064, 2065, 2066, -1,
      2066, 2065, 2067, -1,
      2066, 2067, 2068, -1,
      1925, 1927, 1983, -1,
      1983, 1927, 2069, -1,
      1983, 2069, 2070, -1,
      2070, 2069, 2071, -1,
      2070, 2071, 2072, -1,
      2072, 2071, 2073, -1,
      2072, 2073, 2074, -1,
      1919, 1921, 1986, -1,
      1986, 1921, 2075, -1,
      1986, 2075, 2076, -1,
      2076, 2075, 2077, -1,
      2076, 2077, 2078, -1,
      2078, 2077, 2079, -1,
      2078, 2079, 2080, -1,
      1988, 1990, 2081, -1,
      2081, 1990, 2082, -1,
      2081, 2082, 2083, -1,
      2083, 2082, 2084, -1,
      2083, 2084, 2085, -1,
      2085, 2084, 2086, -1,
      2085, 2086, 2087, -1,
      1991, 1993, 1995, -1,
      1995, 1993, 2088, -1,
      1995, 2088, 2089, -1,
      2089, 2088, 2090, -1,
      2089, 2090, 2091, -1,
      2091, 2090, 2092, -1,
      2091, 2092, 2093, -1,
      1914, 1918, 1915, -1,
      1915, 1918, 2094, -1,
      1915, 2094, 2095, -1,
      2095, 2094, 2096, -1,
      2095, 2096, 2097, -1,
      2097, 2096, 2098, -1,
      2097, 2098, 2099, -1,
      1908, 2005, 1909, -1,
      1909, 2005, 2100, -1,
      1909, 2100, 2101, -1,
      2101, 2100, 2102, -1,
      2101, 2102, 2103, -1,
      2103, 2102, 2104, -1,
      2103, 2104, 2105, -1,
      1904, 1906, 2007, -1,
      2007, 1906, 2106, -1,
      2007, 2106, 2107, -1,
      2107, 2106, 2108, -1,
      2107, 2108, 2109, -1,
      2109, 2108, 2110, -1,
      2109, 2110, 2111, -1,
      2010, 2012, 2014, -1,
      2014, 2012, 2112, -1,
      2014, 2112, 2113, -1,
      2113, 2112, 2114, -1,
      2113, 2114, 2115, -1,
      2115, 2114, 2116, -1,
      2115, 2116, 2117, -1,
      1902, 2016, 1903, -1,
      1903, 2016, 2118, -1,
      1903, 2118, 2119, -1,
      2119, 2118, 2120, -1,
      2119, 2120, 2121, -1,
      2121, 2120, 2122, -1,
      2121, 2122, 2123, -1,
      1898, 1900, 2019, -1,
      2019, 1900, 2124, -1,
      2019, 2124, 2125, -1,
      2125, 2124, 2126, -1,
      2125, 2126, 2127, -1,
      2127, 2126, 2128, -1,
      2127, 2128, 2129, -1,
      1893, 1897, 1894, -1,
      1894, 1897, 2130, -1,
      1894, 2130, 2131, -1,
      2131, 2130, 2132, -1,
      2131, 2132, 2133, -1,
      2133, 2132, 2134, -1,
      2133, 2134, 2135, -1,
      2021, 2023, 2024, -1,
      2024, 2023, 2136, -1,
      2024, 2136, 2137, -1,
      2137, 2136, 2138, -1,
      2137, 2138, 2139, -1,
      2139, 2138, 2140, -1,
      2139, 2140, 1888, -1,
      1888, 2140, 1832, -1,
      1888, 1832, 1831, -1,
      1890, 2024, 1891, -1,
      1891, 2024, 2137, -1,
      1891, 2137, 2141, -1,
      2141, 2137, 2139, -1,
      2141, 2139, 2142, -1,
      2142, 2139, 1888, -1,
      2142, 1888, 1887, -1,
      1887, 1888, 1830, -1,
      1887, 1830, 1829, -1,
      1956, 1891, 1957, -1,
      1957, 1891, 2141, -1,
      1957, 2141, 2143, -1,
      2143, 2141, 2142, -1,
      2143, 2142, 2144, -1,
      2144, 2142, 1887, -1,
      2144, 1887, 1886, -1,
      1886, 1887, 1836, -1,
      1886, 1836, 1835, -1,
      1955, 1957, 1958, -1,
      1958, 1957, 2143, -1,
      1958, 2143, 2026, -1,
      2026, 2143, 2144, -1,
      2026, 2144, 2028, -1,
      2028, 2144, 1886, -1,
      2028, 1886, 2030, -1,
      2030, 1886, 1834, -1,
      2030, 1834, 1833, -1,
      1833, 1840, 2030, -1,
      2030, 1840, 1839, -1,
      2030, 1839, 2031, -1,
      2031, 1839, 1838, -1,
      2031, 1838, 1837, -1,
      1837, 2036, 2031, -1,
      2031, 2036, 2034, -1,
      2031, 2034, 2029, -1,
      2029, 2034, 2032, -1,
      2029, 2032, 2027, -1,
      2027, 2032, 1951, -1,
      2027, 1951, 1954, -1,
      1954, 1951, 1950, -1,
      1954, 1950, 1952, -1,
      1837, 1845, 2036, -1,
      2036, 1845, 1844, -1,
      2036, 1844, 2037, -1,
      2037, 1844, 1843, -1,
      2037, 1843, 1842, -1,
      1960, 1962, 1963, -1,
      1963, 1962, 2033, -1,
      1963, 2033, 2145, -1,
      2145, 2033, 2035, -1,
      2145, 2035, 2146, -1,
      2146, 2035, 2037, -1,
      2146, 2037, 2147, -1,
      2147, 2037, 1842, -1,
      2147, 1842, 1841, -1,
      1841, 2043, 2147, -1,
      2147, 2043, 2041, -1,
      2147, 2041, 2146, -1,
      2146, 2041, 2039, -1,
      2146, 2039, 2145, -1,
      2145, 2039, 1948, -1,
      2145, 1948, 1963, -1,
      1963, 1948, 1947, -1,
      1963, 1947, 1964, -1,
      1841, 1846, 2043, -1,
      2043, 1846, 1847, -1,
      2043, 1847, 2044, -1,
      2044, 1847, 1848, -1,
      2044, 1848, 1849, -1,
      1849, 2049, 2044, -1,
      2044, 2049, 2047, -1,
      2044, 2047, 2042, -1,
      2042, 2047, 2045, -1,
      2042, 2045, 2040, -1,
      2040, 2045, 1966, -1,
      2040, 1966, 2038, -1,
      2038, 1966, 1968, -1,
      2038, 1968, 1965, -1,
      1849, 1850, 2049, -1,
      2049, 1850, 1851, -1,
      2049, 1851, 2050, -1,
      2050, 1851, 1852, -1,
      2050, 1852, 1853, -1,
      1853, 2055, 2050, -1,
      2050, 2055, 2053, -1,
      2050, 2053, 2048, -1,
      2048, 2053, 2051, -1,
      2048, 2051, 2046, -1,
      2046, 2051, 1942, -1,
      2046, 1942, 1945, -1,
      1945, 1942, 1941, -1,
      1945, 1941, 1943, -1,
      1853, 1854, 2055, -1,
      2055, 1854, 1855, -1,
      2055, 1855, 2056, -1,
      2056, 1855, 1856, -1,
      2056, 1856, 1857, -1,
      1857, 2061, 2056, -1,
      2056, 2061, 2059, -1,
      2056, 2059, 2054, -1,
      2054, 2059, 2057, -1,
      2054, 2057, 2052, -1,
      2052, 2057, 1971, -1,
      2052, 1971, 1969, -1,
      1969, 1971, 1973, -1,
      1969, 1973, 1970, -1,
      1857, 1858, 2061, -1,
      2061, 1858, 1859, -1,
      2061, 1859, 2062, -1,
      2062, 1859, 1860, -1,
      2062, 1860, 1864, -1,
      1935, 1939, 1936, -1,
      1936, 1939, 2058, -1,
      1936, 2058, 2148, -1,
      2148, 2058, 2060, -1,
      2148, 2060, 2149, -1,
      2149, 2060, 2062, -1,
      2149, 2062, 2150, -1,
      2150, 2062, 1864, -1,
      2150, 1864, 1863, -1,
      1934, 1936, 1974, -1,
      1974, 1936, 2148, -1,
      1974, 2148, 2151, -1,
      2151, 2148, 2149, -1,
      2151, 2149, 2152, -1,
      2152, 2149, 2150, -1,
      2152, 2150, 1885, -1,
      1885, 2150, 1863, -1,
      1885, 1863, 1862, -1,
      1932, 1974, 1933, -1,
      1933, 1974, 2151, -1,
      1933, 2151, 2153, -1,
      2153, 2151, 2152, -1,
      2153, 2152, 2154, -1,
      2154, 2152, 1885, -1,
      2154, 1885, 1884, -1,
      1884, 1885, 1861, -1,
      1884, 1861, 1865, -1,
      1929, 1933, 1930, -1,
      1930, 1933, 2153, -1,
      1930, 2153, 2155, -1,
      2155, 2153, 2154, -1,
      2155, 2154, 2156, -1,
      2156, 2154, 1884, -1,
      2156, 1884, 1883, -1,
      1883, 1884, 1869, -1,
      1883, 1869, 1868, -1,
      1928, 1930, 1978, -1,
      1978, 1930, 2155, -1,
      1978, 2155, 2063, -1,
      2063, 2155, 2156, -1,
      2063, 2156, 2065, -1,
      2065, 2156, 1883, -1,
      2065, 1883, 2067, -1,
      2067, 1883, 1867, -1,
      2067, 1867, 1866, -1,
      1866, 1873, 2067, -1,
      2067, 1873, 1872, -1,
      2067, 1872, 2068, -1,
      2068, 1872, 1871, -1,
      2068, 1871, 1870, -1,
      1870, 2073, 2068, -1,
      2068, 2073, 2071, -1,
      2068, 2071, 2066, -1,
      2066, 2071, 2069, -1,
      2066, 2069, 2064, -1,
      2064, 2069, 1927, -1,
      2064, 1927, 1979, -1,
      1979, 1927, 1926, -1,
      1979, 1926, 1980, -1,
      1870, 1876, 2073, -1,
      2073, 1876, 1875, -1,
      2073, 1875, 2074, -1,
      2074, 1875, 1874, -1,
      2074, 1874, 1879, -1,
      1981, 1983, 1984, -1,
      1984, 1983, 2070, -1,
      1984, 2070, 2157, -1,
      2157, 2070, 2072, -1,
      2157, 2072, 2158, -1,
      2158, 2072, 2074, -1,
      2158, 2074, 2159, -1,
      2159, 2074, 1879, -1,
      2159, 1879, 1878, -1,
      1923, 1984, 1924, -1,
      1924, 1984, 2157, -1,
      1924, 2157, 2160, -1,
      2160, 2157, 2158, -1,
      2160, 2158, 2161, -1,
      2161, 2158, 2159, -1,
      2161, 2159, 2162, -1,
      2162, 2159, 1878, -1,
      2162, 1878, 1877, -1,
      1877, 2079, 2162, -1,
      2162, 2079, 2077, -1,
      2162, 2077, 2161, -1,
      2161, 2077, 2075, -1,
      2161, 2075, 2160, -1,
      2160, 2075, 1921, -1,
      2160, 1921, 1924, -1,
      1924, 1921, 1920, -1,
      1924, 1920, 1922, -1,
      1877, 1781, 2079, -1,
      2079, 1781, 1780, -1,
      2079, 1780, 2080, -1,
      2080, 1780, 1782, -1,
      2080, 1782, 1783, -1,
      1783, 2086, 2080, -1,
      2080, 2086, 2084, -1,
      2080, 2084, 2078, -1,
      2078, 2084, 2082, -1,
      2078, 2082, 2076, -1,
      2076, 2082, 1990, -1,
      2076, 1990, 1986, -1,
      1986, 1990, 1989, -1,
      1986, 1989, 1987, -1,
      1783, 1784, 2086, -1,
      2086, 1784, 1785, -1,
      2086, 1785, 2087, -1,
      2087, 1785, 1786, -1,
      2087, 1786, 1787, -1,
      1787, 2092, 2087, -1,
      2087, 2092, 2090, -1,
      2087, 2090, 2085, -1,
      2085, 2090, 2088, -1,
      2085, 2088, 2083, -1,
      2083, 2088, 1993, -1,
      2083, 1993, 2081, -1,
      2081, 1993, 1994, -1,
      2081, 1994, 1988, -1,
      1787, 1788, 2092, -1,
      2092, 1788, 1789, -1,
      2092, 1789, 2093, -1,
      2093, 1789, 1790, -1,
      2093, 1790, 1791, -1,
      1791, 2098, 2093, -1,
      2093, 2098, 2096, -1,
      2093, 2096, 2091, -1,
      2091, 2096, 2094, -1,
      2091, 2094, 2089, -1,
      2089, 2094, 1918, -1,
      2089, 1918, 1995, -1,
      1995, 1918, 1917, -1,
      1995, 1917, 1996, -1,
      1791, 1792, 2098, -1,
      2098, 1792, 1793, -1,
      2098, 1793, 2099, -1,
      2099, 1793, 1794, -1,
      2099, 1794, 1795, -1,
      1913, 1915, 1997, -1,
      1997, 1915, 2095, -1,
      1997, 2095, 2163, -1,
      2163, 2095, 2097, -1,
      2163, 2097, 2164, -1,
      2164, 2097, 2099, -1,
      2164, 2099, 2165, -1,
      2165, 2099, 1795, -1,
      2165, 1795, 1799, -1,
      1911, 1997, 1912, -1,
      1912, 1997, 2163, -1,
      1912, 2163, 2166, -1,
      2166, 2163, 2164, -1,
      2166, 2164, 2167, -1,
      2167, 2164, 2165, -1,
      2167, 2165, 1882, -1,
      1882, 2165, 1799, -1,
      1882, 1799, 1798, -1,
      1910, 1912, 2001, -1,
      2001, 1912, 2166, -1,
      2001, 2166, 2168, -1,
      2168, 2166, 2167, -1,
      2168, 2167, 2169, -1,
      2169, 2167, 1882, -1,
      2169, 1882, 1881, -1,
      1881, 1882, 1797, -1,
      1881, 1797, 1796, -1,
      1999, 2001, 2004, -1,
      2004, 2001, 2168, -1,
      2004, 2168, 2170, -1,
      2170, 2168, 2169, -1,
      2170, 2169, 2171, -1,
      2171, 2169, 1881, -1,
      2171, 1881, 1880, -1,
      1880, 1881, 1803, -1,
      1880, 1803, 1802, -1,
      2002, 2004, 2005, -1,
      2005, 2004, 2170, -1,
      2005, 2170, 2100, -1,
      2100, 2170, 2171, -1,
      2100, 2171, 2102, -1,
      2102, 2171, 1880, -1,
      2102, 1880, 2104, -1,
      2104, 1880, 1801, -1,
      2104, 1801, 1800, -1,
      1800, 1807, 2104, -1,
      2104, 1807, 1806, -1,
      2104, 1806, 2105, -1,
      2105, 1806, 1805, -1,
      2105, 1805, 1804, -1,
      1804, 2110, 2105, -1,
      2105, 2110, 2108, -1,
      2105, 2108, 2103, -1,
      2103, 2108, 2106, -1,
      2103, 2106, 2101, -1,
      2101, 2106, 1906, -1,
      2101, 1906, 1909, -1,
      1909, 1906, 1905, -1,
      1909, 1905, 1907, -1,
      1804, 1810, 2110, -1,
      2110, 1810, 1809, -1,
      2110, 1809, 2111, -1,
      2111, 1809, 1808, -1,
      2111, 1808, 1814, -1,
      2009, 2007, 2172, -1,
      2172, 2007, 2107, -1,
      2172, 2107, 2173, -1,
      2173, 2107, 2109, -1,
      2173, 2109, 2174, -1,
      2174, 2109, 2111, -1,
      2174, 2111, 2175, -1,
      2175, 2111, 1814, -1,
      2175, 1814, 1813, -1,
      1813, 2116, 2175, -1,
      2175, 2116, 2114, -1,
      2175, 2114, 2174, -1,
      2174, 2114, 2112, -1,
      2174, 2112, 2173, -1,
      2173, 2112, 2012, -1,
      2173, 2012, 2172, -1,
      2172, 2012, 2013, -1,
      2172, 2013, 2009, -1,
      1813, 1812, 2116, -1,
      2116, 1812, 1811, -1,
      2116, 1811, 2117, -1,
      2117, 1811, 1815, -1,
      2117, 1815, 1816, -1,
      1816, 2122, 2117, -1,
      2117, 2122, 2120, -1,
      2117, 2120, 2115, -1,
      2115, 2120, 2118, -1,
      2115, 2118, 2113, -1,
      2113, 2118, 2016, -1,
      2113, 2016, 2014, -1,
      2014, 2016, 2018, -1,
      2014, 2018, 2015, -1,
      1816, 1817, 2122, -1,
      2122, 1817, 1818, -1,
      2122, 1818, 2123, -1,
      2123, 1818, 1819, -1,
      2123, 1819, 1820, -1,
      1820, 2128, 2123, -1,
      2123, 2128, 2126, -1,
      2123, 2126, 2121, -1,
      2121, 2126, 2124, -1,
      2121, 2124, 2119, -1,
      2119, 2124, 1900, -1,
      2119, 1900, 1903, -1,
      1903, 1900, 1899, -1,
      1903, 1899, 1901, -1,
      1820, 1821, 2128, -1,
      2128, 1821, 1822, -1,
      2128, 1822, 2129, -1,
      2129, 1822, 1823, -1,
      2129, 1823, 1824, -1,
      1824, 2134, 2129, -1,
      2129, 2134, 2132, -1,
      2129, 2132, 2127, -1,
      2127, 2132, 2130, -1,
      2127, 2130, 2125, -1,
      2125, 2130, 1897, -1,
      2125, 1897, 2019, -1,
      2019, 1897, 1896, -1,
      2019, 1896, 2020, -1,
      1824, 1825, 2134, -1,
      2134, 1825, 1826, -1,
      2134, 1826, 2135, -1,
      2135, 1826, 1827, -1,
      2135, 1827, 1828, -1,
      1892, 1894, 2023, -1,
      2023, 1894, 2131, -1,
      2023, 2131, 2136, -1,
      2136, 2131, 2133, -1,
      2136, 2133, 2138, -1,
      2138, 2133, 2135, -1,
      2138, 2135, 2140, -1,
      2140, 2135, 1828, -1,
      2140, 1828, 1832, -1,
      2176, 1987, 2177, -1,
      2177, 1987, 1989, -1,
      2177, 1989, 2178, -1,
      2178, 1989, 1988, -1,
      2178, 1988, 2179, -1,
      2179, 1988, 1994, -1,
      2179, 1994, 2180, -1,
      2180, 1994, 1992, -1,
      2180, 1992, 2181, -1,
      2181, 1992, 1991, -1,
      2181, 1991, 2182, -1,
      2182, 1991, 1996, -1,
      2182, 1996, 2183, -1,
      2183, 1996, 1917, -1,
      2183, 1917, 2184, -1,
      2184, 1917, 1916, -1,
      2184, 1916, 2185, -1,
      2185, 1916, 1914, -1,
      2185, 1914, 2186, -1,
      2186, 1914, 1913, -1,
      2186, 1913, 2187, -1,
      2187, 1913, 1998, -1,
      2187, 1998, 2188, -1,
      2188, 1998, 1911, -1,
      2188, 1911, 2189, -1,
      2189, 1911, 1910, -1,
      2189, 1910, 2190, -1,
      2190, 1910, 2000, -1,
      2190, 2000, 2191, -1,
      2191, 2000, 1999, -1,
      2191, 1999, 2192, -1,
      2192, 1999, 2003, -1,
      2192, 2003, 2193, -1,
      2193, 2003, 2002, -1,
      2193, 2002, 2194, -1,
      2194, 2002, 2006, -1,
      2194, 2006, 2195, -1,
      2195, 2006, 1908, -1,
      2195, 1908, 2196, -1,
      2196, 1908, 1907, -1,
      2196, 1907, 2197, -1,
      2197, 1907, 1905, -1,
      2197, 1905, 2198, -1,
      2198, 1905, 1904, -1,
      2198, 1904, 2199, -1,
      2199, 1904, 2008, -1,
      2199, 2008, 2200, -1,
      2200, 2008, 2009, -1,
      2200, 2009, 2201, -1,
      2201, 2009, 2013, -1,
      2201, 2013, 2202, -1,
      2202, 2013, 2011, -1,
      2202, 2011, 2203, -1,
      2203, 2011, 2010, -1,
      2203, 2010, 2204, -1,
      2204, 2010, 2015, -1,
      2204, 2015, 2205, -1,
      2205, 2015, 2018, -1,
      2205, 2018, 2206, -1,
      2206, 2018, 2017, -1,
      2206, 2017, 2207, -1,
      2207, 2017, 1902, -1,
      2207, 1902, 2208, -1,
      2208, 1902, 1901, -1,
      2208, 1901, 2209, -1,
      2209, 1901, 1899, -1,
      2209, 1899, 2210, -1,
      2210, 1899, 1898, -1,
      2210, 1898, 2211, -1,
      2211, 1898, 2020, -1,
      2211, 2020, 2212, -1,
      2212, 2020, 1896, -1,
      2212, 1896, 2213, -1,
      2213, 1896, 1895, -1,
      2213, 1895, 2214, -1,
      2214, 1895, 1893, -1,
      2214, 1893, 2215, -1,
      2215, 1893, 1892, -1,
      2215, 1892, 2216, -1,
      2216, 1892, 2022, -1,
      2216, 2022, 2217, -1,
      2217, 2022, 2021, -1,
      2217, 2021, 2218, -1,
      2218, 2021, 2025, -1,
      2218, 2025, 2219, -1,
      2219, 2025, 1890, -1,
      2219, 1890, 2220, -1,
      2220, 1890, 1889, -1,
      2220, 1889, 2221, -1,
      2221, 1889, 1956, -1,
      2221, 1956, 2222, -1,
      2222, 1956, 1955, -1,
      2222, 1955, 2223, -1,
      2223, 1955, 1959, -1,
      2223, 1959, 2224, -1,
      2224, 1959, 1953, -1,
      2224, 1953, 2225, -1,
      2225, 1953, 1952, -1,
      2225, 1952, 2226, -1,
      2226, 1952, 1950, -1,
      2226, 1950, 2227, -1,
      2227, 1950, 1949, -1,
      2227, 1949, 2228, -1,
      2228, 1949, 1961, -1,
      2228, 1961, 2229, -1,
      2229, 1961, 1960, -1,
      2229, 1960, 2230, -1,
      2230, 1960, 1964, -1,
      2230, 1964, 2231, -1,
      2231, 1964, 1947, -1,
      2231, 1947, 2232, -1,
      2232, 1947, 1946, -1,
      2232, 1946, 2233, -1,
      2233, 1946, 1965, -1,
      2233, 1965, 2234, -1,
      2234, 1965, 1968, -1,
      2234, 1968, 2235, -1,
      2235, 1968, 1967, -1,
      2235, 1967, 2236, -1,
      2236, 1967, 1944, -1,
      2236, 1944, 2237, -1,
      2237, 1944, 1943, -1,
      2237, 1943, 2238, -1,
      2238, 1943, 1941, -1,
      2238, 1941, 2239, -1,
      2239, 1941, 1940, -1,
      2239, 1940, 2240, -1,
      2240, 1940, 1970, -1,
      2240, 1970, 2241, -1,
      2241, 1970, 1973, -1,
      2241, 1973, 2242, -1,
      2242, 1973, 1972, -1,
      2242, 1972, 2243, -1,
      2243, 1972, 1938, -1,
      2243, 1938, 2244, -1,
      2244, 1938, 1937, -1,
      2244, 1937, 2245, -1,
      2245, 1937, 1935, -1,
      2245, 1935, 2246, -1,
      2246, 1935, 1934, -1,
      2246, 1934, 2247, -1,
      2247, 1934, 1975, -1,
      2247, 1975, 2248, -1,
      2248, 1975, 1932, -1,
      2248, 1932, 2249, -1,
      2249, 1932, 1931, -1,
      2249, 1931, 2250, -1,
      2250, 1931, 1929, -1,
      2250, 1929, 2251, -1,
      2251, 1929, 1928, -1,
      2251, 1928, 2252, -1,
      2252, 1928, 1977, -1,
      2252, 1977, 2253, -1,
      2253, 1977, 1976, -1,
      2253, 1976, 2254, -1,
      2254, 1976, 1980, -1,
      2254, 1980, 2255, -1,
      2255, 1980, 1926, -1,
      2255, 1926, 2256, -1,
      2256, 1926, 1925, -1,
      2256, 1925, 2257, -1,
      2257, 1925, 1982, -1,
      2257, 1982, 2258, -1,
      2258, 1982, 1981, -1,
      2258, 1981, 2259, -1,
      2259, 1981, 1985, -1,
      2259, 1985, 2260, -1,
      2260, 1985, 1923, -1,
      2260, 1923, 2261, -1,
      2261, 1923, 1922, -1,
      2261, 1922, 2262, -1,
      2262, 1922, 1920, -1,
      2262, 1920, 2263, -1,
      2263, 1920, 1919, -1,
      2263, 1919, 2176, -1,
      2176, 1919, 1987, -1,
      2181, 2264, 2265, -1,
      2181, 2182, 2264, -1,
      2264, 2182, 2183, -1,
      2264, 2183, 2266, -1,
      2266, 2183, 2184, -1,
      2266, 2184, 2267, -1,
      2184, 2185, 2267, -1,
      2267, 2185, 2186, -1,
      2267, 2186, 2268, -1,
      2186, 2187, 2268, -1,
      2268, 2187, 2188, -1,
      2268, 2188, 2269, -1,
      2269, 2188, 2189, -1,
      2269, 2189, 2270, -1,
      2189, 2190, 2270, -1,
      2270, 2190, 2191, -1,
      2270, 2191, 2271, -1,
      2191, 2192, 2271, -1,
      2271, 2192, 2193, -1,
      2271, 2193, 2272, -1,
      2193, 2194, 2272, -1,
      2272, 2194, 2195, -1,
      2272, 2195, 2273, -1,
      2273, 2195, 2196, -1,
      2273, 2196, 2274, -1,
      2196, 2197, 2274, -1,
      2274, 2197, 2198, -1,
      2274, 2198, 2275, -1,
      2198, 2199, 2275, -1,
      2275, 2199, 2200, -1,
      2275, 2200, 2276, -1,
      2276, 2200, 2201, -1,
      2276, 2201, 2277, -1,
      2201, 2202, 2277, -1,
      2277, 2202, 2203, -1,
      2277, 2203, 2278, -1,
      2203, 2204, 2278, -1,
      2278, 2204, 2205, -1,
      2278, 2205, 2279, -1,
      2205, 2206, 2279, -1,
      2279, 2206, 2207, -1,
      2279, 2207, 2280, -1,
      2280, 2207, 2208, -1,
      2280, 2208, 2281, -1,
      2208, 2209, 2281, -1,
      2281, 2209, 2210, -1,
      2281, 2210, 2282, -1,
      2210, 2211, 2282, -1,
      2282, 2211, 2212, -1,
      2282, 2212, 2283, -1,
      2283, 2212, 2213, -1,
      2283, 2213, 2284, -1,
      2213, 2214, 2284, -1,
      2284, 2214, 2215, -1,
      2284, 2215, 2285, -1,
      2215, 2216, 2285, -1,
      2285, 2216, 2217, -1,
      2285, 2217, 2286, -1,
      2217, 2218, 2286, -1,
      2286, 2218, 2219, -1,
      2286, 2219, 2287, -1,
      2287, 2219, 2220, -1,
      2287, 2220, 2288, -1,
      2220, 2221, 2288, -1,
      2288, 2221, 2222, -1,
      2288, 2222, 2289, -1,
      2222, 2223, 2289, -1,
      2289, 2223, 2224, -1,
      2289, 2224, 2290, -1,
      2290, 2224, 2225, -1,
      2290, 2225, 2291, -1,
      2291, 2225, 2226, -1,
      2291, 2226, 2292, -1,
      2292, 2226, 2227, -1,
      2227, 2228, 2292, -1,
      2292, 2228, 2229, -1,
      2292, 2229, 2293, -1,
      2229, 2230, 2293, -1,
      2293, 2230, 2231, -1,
      2293, 2231, 2294, -1,
      2294, 2231, 2232, -1,
      2294, 2232, 2295, -1,
      2232, 2233, 2295, -1,
      2295, 2233, 2234, -1,
      2295, 2234, 2296, -1,
      2234, 2235, 2296, -1,
      2296, 2235, 2236, -1,
      2296, 2236, 2297, -1,
      2297, 2236, 2237, -1,
      2297, 2237, 2298, -1,
      2298, 2237, 2238, -1,
      2298, 2238, 2299, -1,
      2299, 2238, 2239, -1,
      2239, 2240, 2299, -1,
      2299, 2240, 2241, -1,
      2299, 2241, 2300, -1,
      2241, 2242, 2300, -1,
      2300, 2242, 2243, -1,
      2300, 2243, 2301, -1,
      2301, 2243, 2244, -1,
      2301, 2244, 2302, -1,
      2244, 2245, 2302, -1,
      2302, 2245, 2246, -1,
      2302, 2246, 2303, -1,
      2246, 2247, 2303, -1,
      2303, 2247, 2248, -1,
      2303, 2248, 2304, -1,
      2304, 2248, 2249, -1,
      2304, 2249, 2305, -1,
      2305, 2249, 2250, -1,
      2305, 2250, 2306, -1,
      2306, 2250, 2251, -1,
      2251, 2252, 2306, -1,
      2306, 2252, 2253, -1,
      2306, 2253, 2307, -1,
      2253, 2254, 2307, -1,
      2307, 2254, 2255, -1,
      2307, 2255, 2308, -1,
      2308, 2255, 2256, -1,
      2308, 2256, 2309, -1,
      2256, 2257, 2309, -1,
      2309, 2257, 2258, -1,
      2309, 2258, 2310, -1,
      2258, 2259, 2310, -1,
      2310, 2259, 2260, -1,
      2310, 2260, 2311, -1,
      2311, 2260, 2261, -1,
      2311, 2261, 2312, -1,
      2312, 2261, 2262, -1,
      2312, 2262, 2313, -1,
      2313, 2262, 2263, -1,
      2263, 2176, 2313, -1,
      2313, 2176, 2177, -1,
      2313, 2177, 2314, -1,
      2314, 2177, 2178, -1,
      2314, 2178, 2315, -1,
      2315, 2178, 2179, -1,
      2315, 2179, 2265, -1,
      2265, 2179, 2180, -1,
      2265, 2180, 2181, -1,
      2314, 2316, 2313, -1,
      2313, 2316, 2317, -1,
      2313, 2317, 2312, -1,
      2312, 2317, 2318, -1,
      2312, 2318, 2311, -1,
      2311, 2318, 2319, -1,
      2311, 2319, 2310, -1,
      2310, 2319, 2320, -1,
      2310, 2320, 2309, -1,
      2309, 2320, 2321, -1,
      2309, 2321, 2308, -1,
      2308, 2321, 2322, -1,
      2308, 2322, 2307, -1,
      2307, 2322, 2323, -1,
      2307, 2323, 2306, -1,
      2306, 2323, 2324, -1,
      2306, 2324, 2305, -1,
      2305, 2324, 2325, -1,
      2305, 2325, 2304, -1,
      2304, 2325, 2326, -1,
      2304, 2326, 2303, -1,
      2303, 2326, 2327, -1,
      2303, 2327, 2302, -1,
      2302, 2327, 2328, -1,
      2302, 2328, 2301, -1,
      2301, 2328, 2329, -1,
      2301, 2329, 2300, -1,
      2300, 2329, 2330, -1,
      2300, 2330, 2299, -1,
      2299, 2330, 2331, -1,
      2299, 2331, 2298, -1,
      2298, 2331, 2332, -1,
      2298, 2332, 2297, -1,
      2297, 2332, 2333, -1,
      2297, 2333, 2296, -1,
      2296, 2333, 2334, -1,
      2296, 2334, 2295, -1,
      2295, 2334, 2335, -1,
      2295, 2335, 2294, -1,
      2294, 2335, 2336, -1,
      2294, 2336, 2293, -1,
      2293, 2336, 2337, -1,
      2293, 2337, 2292, -1,
      2292, 2337, 2338, -1,
      2292, 2338, 2291, -1,
      2291, 2338, 2339, -1,
      2291, 2339, 2290, -1,
      2290, 2339, 2340, -1,
      2290, 2340, 2289, -1,
      2289, 2340, 2341, -1,
      2289, 2341, 2288, -1,
      2288, 2341, 2342, -1,
      2288, 2342, 2287, -1,
      2287, 2342, 2343, -1,
      2287, 2343, 2286, -1,
      2286, 2343, 2344, -1,
      2286, 2344, 2285, -1,
      2285, 2344, 2345, -1,
      2285, 2345, 2284, -1,
      2284, 2345, 2346, -1,
      2284, 2346, 2283, -1,
      2283, 2346, 2347, -1,
      2283, 2347, 2282, -1,
      2282, 2347, 2348, -1,
      2282, 2348, 2281, -1,
      2281, 2348, 2349, -1,
      2281, 2349, 2280, -1,
      2280, 2349, 2350, -1,
      2280, 2350, 2279, -1,
      2279, 2350, 2351, -1,
      2279, 2351, 2278, -1,
      2278, 2351, 2352, -1,
      2278, 2352, 2277, -1,
      2277, 2352, 2353, -1,
      2277, 2353, 2276, -1,
      2276, 2353, 2354, -1,
      2276, 2354, 2275, -1,
      2275, 2354, 2355, -1,
      2275, 2355, 2274, -1,
      2274, 2355, 2356, -1,
      2274, 2356, 2273, -1,
      2273, 2356, 2357, -1,
      2273, 2357, 2272, -1,
      2272, 2357, 2358, -1,
      2272, 2358, 2271, -1,
      2271, 2358, 2359, -1,
      2271, 2359, 2270, -1,
      2270, 2359, 2360, -1,
      2270, 2360, 2269, -1,
      2269, 2360, 2361, -1,
      2269, 2361, 2268, -1,
      2268, 2361, 2362, -1,
      2268, 2362, 2267, -1,
      2267, 2362, 2363, -1,
      2267, 2363, 2266, -1,
      2266, 2363, 2364, -1,
      2266, 2364, 2264, -1,
      2264, 2364, 2365, -1,
      2264, 2365, 2265, -1,
      2265, 2365, 2366, -1,
      2265, 2366, 2315, -1,
      2315, 2366, 2367, -1,
      2315, 2367, 2314, -1,
      2314, 2367, 2316, -1,
      2367, 2368, 2316, -1,
      2316, 2368, 2369, -1,
      2316, 2369, 2317, -1,
      2317, 2369, 2370, -1,
      2317, 2370, 2318, -1,
      2318, 2370, 2371, -1,
      2318, 2371, 2319, -1,
      2319, 2371, 2372, -1,
      2319, 2372, 2320, -1,
      2320, 2372, 2373, -1,
      2320, 2373, 2321, -1,
      2321, 2373, 2374, -1,
      2321, 2374, 2322, -1,
      2322, 2374, 2375, -1,
      2322, 2375, 2323, -1,
      2323, 2375, 2376, -1,
      2323, 2376, 2324, -1,
      2324, 2376, 2377, -1,
      2324, 2377, 2325, -1,
      2325, 2377, 2378, -1,
      2325, 2378, 2326, -1,
      2326, 2378, 2379, -1,
      2326, 2379, 2327, -1,
      2327, 2379, 2380, -1,
      2327, 2380, 2328, -1,
      2328, 2380, 2381, -1,
      2328, 2381, 2329, -1,
      2329, 2381, 2382, -1,
      2329, 2382, 2330, -1,
      2330, 2382, 2383, -1,
      2330, 2383, 2331, -1,
      2331, 2383, 2384, -1,
      2331, 2384, 2332, -1,
      2332, 2384, 2385, -1,
      2332, 2385, 2333, -1,
      2333, 2385, 2386, -1,
      2333, 2386, 2334, -1,
      2334, 2386, 2387, -1,
      2334, 2387, 2335, -1,
      2335, 2387, 2388, -1,
      2335, 2388, 2336, -1,
      2336, 2388, 2389, -1,
      2336, 2389, 2337, -1,
      2337, 2389, 2390, -1,
      2337, 2390, 2338, -1,
      2338, 2390, 2391, -1,
      2338, 2391, 2339, -1,
      2339, 2391, 2392, -1,
      2339, 2392, 2340, -1,
      2340, 2392, 2393, -1,
      2340, 2393, 2341, -1,
      2341, 2393, 2394, -1,
      2341, 2394, 2342, -1,
      2342, 2394, 2395, -1,
      2342, 2395, 2343, -1,
      2343, 2395, 2396, -1,
      2343, 2396, 2344, -1,
      2344, 2396, 2397, -1,
      2344, 2397, 2345, -1,
      2345, 2397, 2398, -1,
      2345, 2398, 2346, -1,
      2346, 2398, 2399, -1,
      2346, 2399, 2347, -1,
      2347, 2399, 2400, -1,
      2347, 2400, 2348, -1,
      2348, 2400, 2401, -1,
      2348, 2401, 2349, -1,
      2349, 2401, 2402, -1,
      2349, 2402, 2350, -1,
      2350, 2402, 2403, -1,
      2350, 2403, 2351, -1,
      2351, 2403, 2404, -1,
      2351, 2404, 2352, -1,
      2352, 2404, 2405, -1,
      2352, 2405, 2353, -1,
      2353, 2405, 2406, -1,
      2353, 2406, 2354, -1,
      2354, 2406, 2407, -1,
      2354, 2407, 2355, -1,
      2355, 2407, 2408, -1,
      2355, 2408, 2356, -1,
      2356, 2408, 2409, -1,
      2356, 2409, 2357, -1,
      2357, 2409, 2410, -1,
      2357, 2410, 2358, -1,
      2358, 2410, 2411, -1,
      2358, 2411, 2359, -1,
      2359, 2411, 2412, -1,
      2359, 2412, 2360, -1,
      2360, 2412, 2413, -1,
      2360, 2413, 2361, -1,
      2361, 2413, 2414, -1,
      2361, 2414, 2362, -1,
      2362, 2414, 2415, -1,
      2362, 2415, 2363, -1,
      2363, 2415, 2416, -1,
      2363, 2416, 2364, -1,
      2364, 2416, 2417, -1,
      2364, 2417, 2365, -1,
      2365, 2417, 2418, -1,
      2365, 2418, 2366, -1,
      2366, 2418, 2419, -1,
      2366, 2419, 2367, -1,
      2367, 2419, 2368, -1,
      2419, 2420, 2368, -1,
      2368, 2420, 2421, -1,
      2368, 2421, 2369, -1,
      2369, 2421, 2422, -1,
      2369, 2422, 2370, -1,
      2370, 2422, 2423, -1,
      2370, 2423, 2371, -1,
      2371, 2423, 2424, -1,
      2371, 2424, 2372, -1,
      2372, 2424, 2425, -1,
      2372, 2425, 2373, -1,
      2373, 2425, 2426, -1,
      2373, 2426, 2374, -1,
      2374, 2426, 2427, -1,
      2374, 2427, 2375, -1,
      2375, 2427, 2428, -1,
      2375, 2428, 2376, -1,
      2376, 2428, 2429, -1,
      2376, 2429, 2377, -1,
      2377, 2429, 2430, -1,
      2377, 2430, 2378, -1,
      2378, 2430, 2431, -1,
      2378, 2431, 2379, -1,
      2379, 2431, 2432, -1,
      2379, 2432, 2380, -1,
      2380, 2432, 2433, -1,
      2380, 2433, 2381, -1,
      2381, 2433, 2434, -1,
      2381, 2434, 2382, -1,
      2382, 2434, 2435, -1,
      2382, 2435, 2383, -1,
      2383, 2435, 2436, -1,
      2383, 2436, 2384, -1,
      2384, 2436, 2437, -1,
      2384, 2437, 2385, -1,
      2385, 2437, 2438, -1,
      2385, 2438, 2386, -1,
      2386, 2438, 2439, -1,
      2386, 2439, 2387, -1,
      2387, 2439, 2440, -1,
      2387, 2440, 2388, -1,
      2388, 2440, 2441, -1,
      2388, 2441, 2389, -1,
      2389, 2441, 2442, -1,
      2389, 2442, 2390, -1,
      2390, 2442, 2443, -1,
      2390, 2443, 2391, -1,
      2391, 2443, 2444, -1,
      2391, 2444, 2392, -1,
      2392, 2444, 2445, -1,
      2392, 2445, 2393, -1,
      2393, 2445, 2446, -1,
      2393, 2446, 2394, -1,
      2394, 2446, 2447, -1,
      2394, 2447, 2395, -1,
      2395, 2447, 2448, -1,
      2395, 2448, 2396, -1,
      2396, 2448, 2449, -1,
      2396, 2449, 2397, -1,
      2397, 2449, 2450, -1,
      2397, 2450, 2398, -1,
      2398, 2450, 2451, -1,
      2398, 2451, 2399, -1,
      2399, 2451, 2452, -1,
      2399, 2452, 2400, -1,
      2400, 2452, 2453, -1,
      2400, 2453, 2401, -1,
      2401, 2453, 2454, -1,
      2401, 2454, 2402, -1,
      2402, 2454, 2455, -1,
      2402, 2455, 2403, -1,
      2403, 2455, 2456, -1,
      2403, 2456, 2404, -1,
      2404, 2456, 2457, -1,
      2404, 2457, 2405, -1,
      2405, 2457, 2458, -1,
      2405, 2458, 2406, -1,
      2406, 2458, 2459, -1,
      2406, 2459, 2407, -1,
      2407, 2459, 2460, -1,
      2407, 2460, 2408, -1,
      2408, 2460, 2461, -1,
      2408, 2461, 2409, -1,
      2409, 2461, 2462, -1,
      2409, 2462, 2410, -1,
      2410, 2462, 2463, -1,
      2410, 2463, 2411, -1,
      2411, 2463, 2464, -1,
      2411, 2464, 2412, -1,
      2412, 2464, 2465, -1,
      2412, 2465, 2413, -1,
      2413, 2465, 2466, -1,
      2413, 2466, 2414, -1,
      2414, 2466, 2467, -1,
      2414, 2467, 2415, -1,
      2415, 2467, 2468, -1,
      2415, 2468, 2416, -1,
      2416, 2468, 2469, -1,
      2416, 2469, 2417, -1,
      2417, 2469, 2470, -1,
      2417, 2470, 2418, -1,
      2418, 2470, 2471, -1,
      2418, 2471, 2419, -1,
      2419, 2471, 2420, -1,
      2471, 2472, 2420, -1,
      2420, 2472, 2473, -1,
      2420, 2473, 2421, -1,
      2421, 2473, 2474, -1,
      2421, 2474, 2422, -1,
      2422, 2474, 2475, -1,
      2422, 2475, 2423, -1,
      2423, 2475, 2476, -1,
      2423, 2476, 2424, -1,
      2424, 2476, 2477, -1,
      2424, 2477, 2425, -1,
      2425, 2477, 2478, -1,
      2425, 2478, 2426, -1,
      2426, 2478, 2479, -1,
      2426, 2479, 2427, -1,
      2427, 2479, 2480, -1,
      2427, 2480, 2428, -1,
      2428, 2480, 2481, -1,
      2428, 2481, 2429, -1,
      2429, 2481, 2482, -1,
      2429, 2482, 2430, -1,
      2430, 2482, 2483, -1,
      2430, 2483, 2431, -1,
      2431, 2483, 2484, -1,
      2431, 2484, 2432, -1,
      2432, 2484, 2485, -1,
      2432, 2485, 2433, -1,
      2433, 2485, 2486, -1,
      2433, 2486, 2434, -1,
      2434, 2486, 2487, -1,
      2434, 2487, 2435, -1,
      2435, 2487, 2488, -1,
      2435, 2488, 2436, -1,
      2436, 2488, 2489, -1,
      2436, 2489, 2437, -1,
      2437, 2489, 2490, -1,
      2437, 2490, 2438, -1,
      2438, 2490, 2491, -1,
      2438, 2491, 2439, -1,
      2439, 2491, 2492, -1,
      2439, 2492, 2440, -1,
      2440, 2492, 2493, -1,
      2440, 2493, 2441, -1,
      2441, 2493, 2494, -1,
      2441, 2494, 2442, -1,
      2442, 2494, 2495, -1,
      2442, 2495, 2443, -1,
      2443, 2495, 2496, -1,
      2443, 2496, 2444, -1,
      2444, 2496, 2497, -1,
      2444, 2497, 2445, -1,
      2445, 2497, 2498, -1,
      2445, 2498, 2446, -1,
      2446, 2498, 2499, -1,
      2446, 2499, 2447, -1,
      2447, 2499, 2500, -1,
      2447, 2500, 2448, -1,
      2448, 2500, 2501, -1,
      2448, 2501, 2449, -1,
      2449, 2501, 2502, -1,
      2449, 2502, 2450, -1,
      2450, 2502, 2503, -1,
      2450, 2503, 2451, -1,
      2451, 2503, 2504, -1,
      2451, 2504, 2452, -1,
      2452, 2504, 2505, -1,
      2452, 2505, 2453, -1,
      2453, 2505, 2506, -1,
      2453, 2506, 2454, -1,
      2454, 2506, 2507, -1,
      2454, 2507, 2455, -1,
      2455, 2507, 2508, -1,
      2455, 2508, 2456, -1,
      2456, 2508, 2509, -1,
      2456, 2509, 2457, -1,
      2457, 2509, 2510, -1,
      2457, 2510, 2458, -1,
      2458, 2510, 2511, -1,
      2458, 2511, 2459, -1,
      2459, 2511, 2512, -1,
      2459, 2512, 2460, -1,
      2460, 2512, 2513, -1,
      2460, 2513, 2461, -1,
      2461, 2513, 2514, -1,
      2461, 2514, 2462, -1,
      2462, 2514, 2515, -1,
      2462, 2515, 2463, -1,
      2463, 2515, 2516, -1,
      2463, 2516, 2464, -1,
      2464, 2516, 2517, -1,
      2464, 2517, 2465, -1,
      2465, 2517, 2518, -1,
      2465, 2518, 2466, -1,
      2466, 2518, 2519, -1,
      2466, 2519, 2467, -1,
      2467, 2519, 2520, -1,
      2467, 2520, 2468, -1,
      2468, 2520, 2521, -1,
      2468, 2521, 2469, -1,
      2469, 2521, 2522, -1,
      2469, 2522, 2470, -1,
      2470, 2522, 2523, -1,
      2470, 2523, 2471, -1,
      2471, 2523, 2472, -1,
      2523, 2524, 2472, -1,
      2472, 2524, 2525, -1,
      2472, 2525, 2473, -1,
      2473, 2525, 2526, -1,
      2473, 2526, 2474, -1,
      2474, 2526, 2527, -1,
      2474, 2527, 2475, -1,
      2475, 2527, 2528, -1,
      2475, 2528, 2476, -1,
      2476, 2528, 2529, -1,
      2476, 2529, 2477, -1,
      2477, 2529, 2530, -1,
      2477, 2530, 2478, -1,
      2478, 2530, 2531, -1,
      2478, 2531, 2479, -1,
      2479, 2531, 2532, -1,
      2479, 2532, 2480, -1,
      2480, 2532, 2533, -1,
      2480, 2533, 2481, -1,
      2481, 2533, 2534, -1,
      2481, 2534, 2482, -1,
      2482, 2534, 2535, -1,
      2482, 2535, 2483, -1,
      2483, 2535, 2536, -1,
      2483, 2536, 2484, -1,
      2484, 2536, 2537, -1,
      2484, 2537, 2485, -1,
      2485, 2537, 2538, -1,
      2485, 2538, 2486, -1,
      2486, 2538, 2539, -1,
      2486, 2539, 2487, -1,
      2487, 2539, 2540, -1,
      2487, 2540, 2488, -1,
      2488, 2540, 2541, -1,
      2488, 2541, 2489, -1,
      2489, 2541, 2542, -1,
      2489, 2542, 2490, -1,
      2490, 2542, 2543, -1,
      2490, 2543, 2491, -1,
      2491, 2543, 2544, -1,
      2491, 2544, 2492, -1,
      2492, 2544, 2545, -1,
      2492, 2545, 2493, -1,
      2493, 2545, 2546, -1,
      2493, 2546, 2494, -1,
      2494, 2546, 2547, -1,
      2494, 2547, 2495, -1,
      2495, 2547, 2548, -1,
      2495, 2548, 2496, -1,
      2496, 2548, 2549, -1,
      2496, 2549, 2497, -1,
      2497, 2549, 2550, -1,
      2497, 2550, 2498, -1,
      2498, 2550, 2551, -1,
      2498, 2551, 2499, -1,
      2499, 2551, 2552, -1,
      2499, 2552, 2500, -1,
      2500, 2552, 2553, -1,
      2500, 2553, 2501, -1,
      2501, 2553, 2554, -1,
      2501, 2554, 2502, -1,
      2502, 2554, 2555, -1,
      2502, 2555, 2503, -1,
      2503, 2555, 2556, -1,
      2503, 2556, 2504, -1,
      2504, 2556, 2557, -1,
      2504, 2557, 2505, -1,
      2505, 2557, 2558, -1,
      2505, 2558, 2506, -1,
      2506, 2558, 2559, -1,
      2506, 2559, 2507, -1,
      2507, 2559, 2560, -1,
      2507, 2560, 2508, -1,
      2508, 2560, 2561, -1,
      2508, 2561, 2509, -1,
      2509, 2561, 2562, -1,
      2509, 2562, 2510, -1,
      2510, 2562, 2563, -1,
      2510, 2563, 2511, -1,
      2511, 2563, 2564, -1,
      2511, 2564, 2512, -1,
      2512, 2564, 2565, -1,
      2512, 2565, 2513, -1,
      2513, 2565, 2566, -1,
      2513, 2566, 2514, -1,
      2514, 2566, 2567, -1,
      2514, 2567, 2515, -1,
      2515, 2567, 2568, -1,
      2515, 2568, 2516, -1,
      2516, 2568, 2569, -1,
      2516, 2569, 2517, -1,
      2517, 2569, 2570, -1,
      2517, 2570, 2518, -1,
      2518, 2570, 2571, -1,
      2518, 2571, 2519, -1,
      2519, 2571, 2572, -1,
      2519, 2572, 2520, -1,
      2520, 2572, 2573, -1,
      2520, 2573, 2521, -1,
      2521, 2573, 2574, -1,
      2521, 2574, 2522, -1,
      2522, 2574, 2575, -1,
      2522, 2575, 2523, -1,
      2523, 2575, 2524, -1,
      2575, 2576, 2524, -1,
      2524, 2576, 2577, -1,
      2524, 2577, 2525, -1,
      2525, 2577, 2578, -1,
      2525, 2578, 2526, -1,
      2526, 2578, 2579, -1,
      2526, 2579, 2527, -1,
      2527, 2579, 2580, -1,
      2527, 2580, 2528, -1,
      2528, 2580, 2581, -1,
      2528, 2581, 2529, -1,
      2529, 2581, 2582, -1,
      2529, 2582, 2530, -1,
      2530, 2582, 2583, -1,
      2530, 2583, 2531, -1,
      2531, 2583, 2584, -1,
      2531, 2584, 2532, -1,
      2532, 2584, 2585, -1,
      2532, 2585, 2533, -1,
      2533, 2585, 2586, -1,
      2533, 2586, 2534, -1,
      2534, 2586, 2587, -1,
      2534, 2587, 2535, -1,
      2535, 2587, 2588, -1,
      2535, 2588, 2536, -1,
      2536, 2588, 2589, -1,
      2536, 2589, 2537, -1,
      2537, 2589, 2590, -1,
      2537, 2590, 2538, -1,
      2538, 2590, 2591, -1,
      2538, 2591, 2539, -1,
      2539, 2591, 2592, -1,
      2539, 2592, 2540, -1,
      2540, 2592, 2593, -1,
      2540, 2593, 2541, -1,
      2541, 2593, 2594, -1,
      2541, 2594, 2542, -1,
      2542, 2594, 2595, -1,
      2542, 2595, 2543, -1,
      2543, 2595, 2596, -1,
      2543, 2596, 2544, -1,
      2544, 2596, 2597, -1,
      2544, 2597, 2545, -1,
      2545, 2597, 2598, -1,
      2545, 2598, 2546, -1,
      2546, 2598, 2599, -1,
      2546, 2599, 2547, -1,
      2547, 2599, 2600, -1,
      2547, 2600, 2548, -1,
      2548, 2600, 2601, -1,
      2548, 2601, 2549, -1,
      2549, 2601, 2602, -1,
      2549, 2602, 2550, -1,
      2550, 2602, 2603, -1,
      2550, 2603, 2551, -1,
      2551, 2603, 2604, -1,
      2551, 2604, 2552, -1,
      2552, 2604, 2605, -1,
      2552, 2605, 2553, -1,
      2553, 2605, 2606, -1,
      2553, 2606, 2554, -1,
      2554, 2606, 2607, -1,
      2554, 2607, 2555, -1,
      2555, 2607, 2608, -1,
      2555, 2608, 2556, -1,
      2556, 2608, 2609, -1,
      2556, 2609, 2557, -1,
      2557, 2609, 2610, -1,
      2557, 2610, 2558, -1,
      2558, 2610, 2611, -1,
      2558, 2611, 2559, -1,
      2559, 2611, 2612, -1,
      2559, 2612, 2560, -1,
      2560, 2612, 2613, -1,
      2560, 2613, 2561, -1,
      2561, 2613, 2614, -1,
      2561, 2614, 2562, -1,
      2562, 2614, 2615, -1,
      2562, 2615, 2563, -1,
      2563, 2615, 2616, -1,
      2563, 2616, 2564, -1,
      2564, 2616, 2617, -1,
      2564, 2617, 2565, -1,
      2565, 2617, 2618, -1,
      2565, 2618, 2566, -1,
      2566, 2618, 2619, -1,
      2566, 2619, 2567, -1,
      2567, 2619, 2620, -1,
      2567, 2620, 2568, -1,
      2568, 2620, 2621, -1,
      2568, 2621, 2569, -1,
      2569, 2621, 2622, -1,
      2569, 2622, 2570, -1,
      2570, 2622, 2623, -1,
      2570, 2623, 2571, -1,
      2571, 2623, 2624, -1,
      2571, 2624, 2572, -1,
      2572, 2624, 2625, -1,
      2572, 2625, 2573, -1,
      2573, 2625, 2626, -1,
      2573, 2626, 2574, -1,
      2574, 2626, 2627, -1,
      2574, 2627, 2575, -1,
      2575, 2627, 2576, -1,
      2627, 2628, 2576, -1,
      2576, 2628, 2629, -1,
      2576, 2629, 2577, -1,
      2577, 2629, 2630, -1,
      2577, 2630, 2578, -1,
      2578, 2630, 2631, -1,
      2578, 2631, 2579, -1,
      2579, 2631, 2632, -1,
      2579, 2632, 2580, -1,
      2580, 2632, 2633, -1,
      2580, 2633, 2581, -1,
      2581, 2633, 2634, -1,
      2581, 2634, 2582, -1,
      2582, 2634, 2635, -1,
      2582, 2635, 2583, -1,
      2583, 2635, 2636, -1,
      2583, 2636, 2584, -1,
      2584, 2636, 2637, -1,
      2584, 2637, 2585, -1,
      2585, 2637, 2638, -1,
      2585, 2638, 2586, -1,
      2586, 2638, 2639, -1,
      2586, 2639, 2587, -1,
      2587, 2639, 2640, -1,
      2587, 2640, 2588, -1,
      2588, 2640, 2641, -1,
      2588, 2641, 2589, -1,
      2589, 2641, 2642, -1,
      2589, 2642, 2590, -1,
      2590, 2642, 2643, -1,
      2590, 2643, 2591, -1,
      2591, 2643, 2644, -1,
      2591, 2644, 2592, -1,
      2592, 2644, 2645, -1,
      2592, 2645, 2593, -1,
      2593, 2645, 2646, -1,
      2593, 2646, 2594, -1,
      2594, 2646, 2647, -1,
      2594, 2647, 2595, -1,
      2595, 2647, 2648, -1,
      2595, 2648, 2596, -1,
      2596, 2648, 2649, -1,
      2596, 2649, 2597, -1,
      2597, 2649, 2650, -1,
      2597, 2650, 2598, -1,
      2598, 2650, 2651, -1,
      2598, 2651, 2599, -1,
      2599, 2651, 2652, -1,
      2599, 2652, 2600, -1,
      2600, 2652, 2653, -1,
      2600, 2653, 2601, -1,
      2601, 2653, 2654, -1,
      2601, 2654, 2602, -1,
      2602, 2654, 2655, -1,
      2602, 2655, 2603, -1,
      2603, 2655, 2656, -1,
      2603, 2656, 2604, -1,
      2604, 2656, 2657, -1,
      2604, 2657, 2605, -1,
      2605, 2657, 2658, -1,
      2605, 2658, 2606, -1,
      2606, 2658, 2659, -1,
      2606, 2659, 2607, -1,
      2607, 2659, 2660, -1,
      2607, 2660, 2608, -1,
      2608, 2660, 2661, -1,
      2608, 2661, 2609, -1,
      2609, 2661, 2662, -1,
      2609, 2662, 2610, -1,
      2610, 2662, 2663, -1,
      2610, 2663, 2611, -1,
      2611, 2663, 2664, -1,
      2611, 2664, 2612, -1,
      2612, 2664, 2665, -1,
      2612, 2665, 2613, -1,
      2613, 2665, 2666, -1,
      2613, 2666, 2614, -1,
      2614, 2666, 2667, -1,
      2614, 2667, 2615, -1,
      2615, 2667, 2668, -1,
      2615, 2668, 2616, -1,
      2616, 2668, 2669, -1,
      2616, 2669, 2617, -1,
      2617, 2669, 2670, -1,
      2617, 2670, 2618, -1,
      2618, 2670, 2671, -1,
      2618, 2671, 2619, -1,
      2619, 2671, 2672, -1,
      2619, 2672, 2620, -1,
      2620, 2672, 2673, -1,
      2620, 2673, 2621, -1,
      2621, 2673, 2674, -1,
      2621, 2674, 2622, -1,
      2622, 2674, 2675, -1,
      2622, 2675, 2623, -1,
      2623, 2675, 2676, -1,
      2623, 2676, 2624, -1,
      2624, 2676, 2677, -1,
      2624, 2677, 2625, -1,
      2625, 2677, 2678, -1,
      2625, 2678, 2626, -1,
      2626, 2678, 2679, -1,
      2626, 2679, 2627, -1,
      2627, 2679, 2628, -1,
      2679, 2680, 2628, -1,
      2628, 2680, 2681, -1,
      2628, 2681, 2629, -1,
      2629, 2681, 2682, -1,
      2629, 2682, 2630, -1,
      2630, 2682, 2683, -1,
      2630, 2683, 2631, -1,
      2631, 2683, 2684, -1,
      2631, 2684, 2632, -1,
      2632, 2684, 2685, -1,
      2632, 2685, 2633, -1,
      2633, 2685, 2686, -1,
      2633, 2686, 2634, -1,
      2634, 2686, 2687, -1,
      2634, 2687, 2635, -1,
      2635, 2687, 2688, -1,
      2635, 2688, 2636, -1,
      2636, 2688, 2689, -1,
      2636, 2689, 2637, -1,
      2637, 2689, 2690, -1,
      2637, 2690, 2638, -1,
      2638, 2690, 2691, -1,
      2638, 2691, 2639, -1,
      2639, 2691, 2692, -1,
      2639, 2692, 2640, -1,
      2640, 2692, 2693, -1,
      2640, 2693, 2641, -1,
      2641, 2693, 2694, -1,
      2641, 2694, 2642, -1,
      2642, 2694, 2695, -1,
      2642, 2695, 2643, -1,
      2643, 2695, 2696, -1,
      2643, 2696, 2644, -1,
      2644, 2696, 2697, -1,
      2644, 2697, 2645, -1,
      2645, 2697, 2698, -1,
      2645, 2698, 2646, -1,
      2646, 2698, 2699, -1,
      2646, 2699, 2647, -1,
      2647, 2699, 2700, -1,
      2647, 2700, 2648, -1,
      2648, 2700, 2701, -1,
      2648, 2701, 2649, -1,
      2649, 2701, 2702, -1,
      2649, 2702, 2650, -1,
      2650, 2702, 2703, -1,
      2650, 2703, 2651, -1,
      2651, 2703, 2704, -1,
      2651, 2704, 2652, -1,
      2652, 2704, 2705, -1,
      2652, 2705, 2653, -1,
      2653, 2705, 2706, -1,
      2653, 2706, 2654, -1,
      2654, 2706, 2707, -1,
      2654, 2707, 2655, -1,
      2655, 2707, 2708, -1,
      2655, 2708, 2656, -1,
      2656, 2708, 2709, -1,
      2656, 2709, 2657, -1,
      2657, 2709, 2710, -1,
      2657, 2710, 2658, -1,
      2658, 2710, 2711, -1,
      2658, 2711, 2659, -1,
      2659, 2711, 2712, -1,
      2659, 2712, 2660, -1,
      2660, 2712, 2713, -1,
      2660, 2713, 2661, -1,
      2661, 2713, 2714, -1,
      2661, 2714, 2662, -1,
      2662, 2714, 2715, -1,
      2662, 2715, 2663, -1,
      2663, 2715, 2716, -1,
      2663, 2716, 2664, -1,
      2664, 2716, 2717, -1,
      2664, 2717, 2665, -1,
      2665, 2717, 2718, -1,
      2665, 2718, 2666, -1,
      2666, 2718, 2719, -1,
      2666, 2719, 2667, -1,
      2667, 2719, 2720, -1,
      2667, 2720, 2668, -1,
      2668, 2720, 2721, -1,
      2668, 2721, 2669, -1,
      2669, 2721, 2722, -1,
      2669, 2722, 2670, -1,
      2670, 2722, 2723, -1,
      2670, 2723, 2671, -1,
      2671, 2723, 2724, -1,
      2671, 2724, 2672, -1,
      2672, 2724, 2725, -1,
      2672, 2725, 2673, -1,
      2673, 2725, 2726, -1,
      2673, 2726, 2674, -1,
      2674, 2726, 2727, -1,
      2674, 2727, 2675, -1,
      2675, 2727, 2728, -1,
      2675, 2728, 2676, -1,
      2676, 2728, 2729, -1,
      2676, 2729, 2677, -1,
      2677, 2729, 2730, -1,
      2677, 2730, 2678, -1,
      2678, 2730, 2731, -1,
      2678, 2731, 2679, -1,
      2679, 2731, 2680, -1,
      2731, 2732, 2680, -1,
      2680, 2732, 2733, -1,
      2680, 2733, 2681, -1,
      2681, 2733, 2734, -1,
      2681, 2734, 2682, -1,
      2682, 2734, 2735, -1,
      2682, 2735, 2683, -1,
      2683, 2735, 2736, -1,
      2683, 2736, 2684, -1,
      2684, 2736, 2737, -1,
      2684, 2737, 2685, -1,
      2685, 2737, 2738, -1,
      2685, 2738, 2686, -1,
      2686, 2738, 2739, -1,
      2686, 2739, 2687, -1,
      2687, 2739, 2740, -1,
      2687, 2740, 2688, -1,
      2688, 2740, 2741, -1,
      2688, 2741, 2689, -1,
      2689, 2741, 2742, -1,
      2689, 2742, 2690, -1,
      2690, 2742, 2743, -1,
      2690, 2743, 2691, -1,
      2691, 2743, 2744, -1,
      2691, 2744, 2692, -1,
      2692, 2744, 2745, -1,
      2692, 2745, 2693, -1,
      2693, 2745, 2746, -1,
      2693, 2746, 2694, -1,
      2694, 2746, 2747, -1,
      2694, 2747, 2695, -1,
      2695, 2747, 2748, -1,
      2695, 2748, 2696, -1,
      2696, 2748, 2749, -1,
      2696, 2749, 2697, -1,
      2697, 2749, 2750, -1,
      2697, 2750, 2698, -1,
      2698, 2750, 2751, -1,
      2698, 2751, 2699, -1,
      2699, 2751, 2752, -1,
      2699, 2752, 2700, -1,
      2700, 2752, 2753, -1,
      2700, 2753, 2701, -1,
      2701, 2753, 2754, -1,
      2701, 2754, 2702, -1,
      2702, 2754, 2755, -1,
      2702, 2755, 2703, -1,
      2703, 2755, 2756, -1,
      2703, 2756, 2704, -1,
      2704, 2756, 2757, -1,
      2704, 2757, 2705, -1,
      2705, 2757, 2758, -1,
      2705, 2758, 2706, -1,
      2706, 2758, 2759, -1,
      2706, 2759, 2707, -1,
      2707, 2759, 2760, -1,
      2707, 2760, 2708, -1,
      2708, 2760, 2761, -1,
      2708, 2761, 2709, -1,
      2709, 2761, 2762, -1,
      2709, 2762, 2710, -1,
      2710, 2762, 2763, -1,
      2710, 2763, 2711, -1,
      2711, 2763, 2764, -1,
      2711, 2764, 2712, -1,
      2712, 2764, 2765, -1,
      2712, 2765, 2713, -1,
      2713, 2765, 2766, -1,
      2713, 2766, 2714, -1,
      2714, 2766, 2767, -1,
      2714, 2767, 2715, -1,
      2715, 2767, 2768, -1,
      2715, 2768, 2716, -1,
      2716, 2768, 2769, -1,
      2716, 2769, 2717, -1,
      2717, 2769, 2770, -1,
      2717, 2770, 2718, -1,
      2718, 2770, 2771, -1,
      2718, 2771, 2719, -1,
      2719, 2771, 2772, -1,
      2719, 2772, 2720, -1,
      2720, 2772, 2773, -1,
      2720, 2773, 2721, -1,
      2721, 2773, 2774, -1,
      2721, 2774, 2722, -1,
      2722, 2774, 2775, -1,
      2722, 2775, 2723, -1,
      2723, 2775, 2776, -1,
      2723, 2776, 2724, -1,
      2724, 2776, 2777, -1,
      2724, 2777, 2725, -1,
      2725, 2777, 2778, -1,
      2725, 2778, 2726, -1,
      2726, 2778, 2779, -1,
      2726, 2779, 2727, -1,
      2727, 2779, 2780, -1,
      2727, 2780, 2728, -1,
      2728, 2780, 2781, -1,
      2728, 2781, 2729, -1,
      2729, 2781, 2782, -1,
      2729, 2782, 2730, -1,
      2730, 2782, 2783, -1,
      2730, 2783, 2731, -1,
      2731, 2783, 2732, -1,
      2783, 2782, 2784, -1,
      2734, 2733, 2784, -1,
      2784, 2733, 2732, -1,
      2784, 2732, 2783, -1,
      2737, 2736, 2784, -1,
      2784, 2736, 2735, -1,
      2784, 2735, 2734, -1,
      2740, 2739, 2784, -1,
      2784, 2739, 2738, -1,
      2784, 2738, 2737, -1,
      2743, 2742, 2784, -1,
      2784, 2742, 2741, -1,
      2784, 2741, 2740, -1,
      2746, 2745, 2784, -1,
      2784, 2745, 2744, -1,
      2784, 2744, 2743, -1,
      2749, 2748, 2784, -1,
      2784, 2748, 2747, -1,
      2784, 2747, 2746, -1,
      2752, 2751, 2784, -1,
      2784, 2751, 2750, -1,
      2784, 2750, 2749, -1,
      2755, 2754, 2784, -1,
      2784, 2754, 2753, -1,
      2784, 2753, 2752, -1,
      2758, 2757, 2784, -1,
      2784, 2757, 2756, -1,
      2784, 2756, 2755, -1,
      2761, 2760, 2784, -1,
      2784, 2760, 2759, -1,
      2784, 2759, 2758, -1,
      2764, 2763, 2784, -1,
      2784, 2763, 2762, -1,
      2784, 2762, 2761, -1,
      2767, 2766, 2784, -1,
      2784, 2766, 2765, -1,
      2784, 2765, 2764, -1,
      2770, 2769, 2784, -1,
      2784, 2769, 2768, -1,
      2784, 2768, 2767, -1,
      2773, 2772, 2784, -1,
      2784, 2772, 2771, -1,
      2784, 2771, 2770, -1,
      2776, 2775, 2784, -1,
      2784, 2775, 2774, -1,
      2784, 2774, 2773, -1,
      2779, 2778, 2784, -1,
      2784, 2778, 2777, -1,
      2784, 2777, 2776, -1,
      2782, 2781, 2784, -1,
      2784, 2781, 2780, -1,
      2784, 2780, 2779, -1,
      579, 581, 2785, -1,
      677, 679, 2785, -1,
      2785, 679, 681, -1,
      2785, 681, 579, -1,
      671, 673, 2785, -1,
      2785, 673, 675, -1,
      2785, 675, 677, -1,
      665, 667, 2785, -1,
      2785, 667, 669, -1,
      2785, 669, 671, -1,
      659, 661, 2785, -1,
      2785, 661, 663, -1,
      2785, 663, 665, -1,
      653, 655, 2785, -1,
      2785, 655, 657, -1,
      2785, 657, 659, -1,
      647, 649, 2785, -1,
      2785, 649, 651, -1,
      2785, 651, 653, -1,
      641, 643, 2785, -1,
      2785, 643, 645, -1,
      2785, 645, 647, -1,
      635, 637, 2785, -1,
      2785, 637, 639, -1,
      2785, 639, 641, -1,
      629, 631, 2785, -1,
      2785, 631, 633, -1,
      2785, 633, 635, -1,
      623, 625, 2785, -1,
      2785, 625, 627, -1,
      2785, 627, 629, -1,
      617, 619, 2785, -1,
      2785, 619, 621, -1,
      2785, 621, 623, -1,
      611, 613, 2785, -1,
      2785, 613, 615, -1,
      2785, 615, 617, -1,
      605, 607, 2785, -1,
      2785, 607, 609, -1,
      2785, 609, 611, -1,
      599, 601, 2785, -1,
      2785, 601, 603, -1,
      2785, 603, 605, -1,
      593, 595, 2785, -1,
      2785, 595, 597, -1,
      2785, 597, 599, -1,
      587, 589, 2785, -1,
      2785, 589, 591, -1,
      2785, 591, 593, -1,
      581, 583, 2785, -1,
      2785, 583, 585, -1,
      2785, 585, 587, -1,
    ]
  }
}

Shape {
  appearance Appearance {
    material Material {
      diffuseColor 0.0000 0.0000 0.0000
      specularColor 0.0000 0.0000 0.0000
      ambientIntensity 0.2
      transparency 0.0000
      shininess 0.5
    }
  }
  geometry IndexedFaceSet {
    ccw TRUE
    solid FALSE
    coord DEF co Coordinate {
      point [
        -1.111914 -0.114235 0.822855,
        -1.114962 -0.112314 0.820203,
        -1.117772 -0.109341 0.818009,
        -1.120350 -0.105131 0.816326,
        -1.122113 -0.100561 0.815576,
        -1.097095 -0.109341 0.838522,
        -1.097927 -0.110768 0.837378,
        -1.095557 -0.105150 0.841030,
        -1.100146 -0.113243 0.834654,
        -1.102723 -0.114719 0.831824,
        -1.106578 -0.115379 0.827916,
        -1.108410 -0.115258 0.826133,
        -1.111831 -0.114287 0.822927,
        -1.094906 -0.100319 0.842875,
        -1.099354 -0.053689 0.848278,
        -1.111717 -0.053689 0.836274,
        -1.096626 -0.082784 0.845550,
        -1.095221 -0.094205 0.844144,
        -1.095157 -0.095435 0.843889,
        -1.097545 -0.074311 0.846469,
        -1.102408 -0.058857 0.844819,
        -1.111673 -0.058857 0.835964,
        -1.101011 -0.074311 0.843422,
        -1.110428 -0.073175 0.834719,
        -1.114869 -0.058857 0.832676,
        -1.123893 -0.058857 0.822653,
        -1.113637 -0.073175 0.831444,
        -1.122509 -0.075221 0.821270,
        -1.123480 -0.093796 0.815786,
        -1.124054 -0.088656 0.816360,
        -1.124709 -0.082784 0.817015,
        -1.111792 -0.082784 0.831081,
        -1.111907 -0.073175 0.833209,
        -1.114822 -0.082784 0.828191,
        -1.125459 -0.075221 0.817765,
        -1.127187 -0.053689 0.819493,
        -1.126624 -0.045676 0.821275,
        -1.124841 -0.053689 0.822326,
        -1.123423 -0.045676 0.825079,
        -1.126880 -0.044993 0.821049,
        -1.127081 -0.044223 0.820893,
        -1.114652 -0.015772 0.837152,
        -1.111907 -0.016447 0.839901,
        -1.128003 -0.040695 0.820178,
        -1.128654 -0.034593 0.820004,
        -1.128663 -0.031595 0.820266,
        -1.128839 -0.014064 0.821145,
        -1.128186 -0.027353 0.821199,
        -1.127101 -0.023641 0.822786,
        -1.125637 -0.020839 0.824717,
        -1.125400 -0.020491 0.825018,
        -1.125929 -0.014064 0.824690,
        -1.123227 -0.018107 0.827684,
        -1.126035 0.000000 0.824796,
        -1.120487 -0.016482 0.830862,
        -1.116100 -0.015702 0.835644,
        -1.128900 0.000000 0.821206,
        -1.128930 0.007048 0.821236,
        -1.124092 0.007048 0.827057,
        -1.119215 0.007048 0.832562,
        -1.111686 0.007048 0.839964,
        -1.101276 0.007048 0.850199,
        -1.126049 0.001880 0.824810,
        -1.119169 0.001880 0.832673,
        -1.111688 0.001880 0.840026,
        -1.101307 0.001880 0.850230,
        -1.111924 -0.021776 0.839634,
        -1.115760 -0.021125 0.835738,
        -1.116863 -0.021177 0.834570,
        -1.119546 -0.021837 0.831629,
        -1.121656 -0.023149 0.829198,
        -1.123332 -0.025055 0.827158,
        -1.123948 -0.026081 0.826372,
        -1.125023 -0.028762 0.824912,
        -1.125583 -0.031678 0.824007,
        -1.125686 -0.035340 0.823550,
        -1.125483 -0.037908 0.823535,
        -1.117398 -0.053689 0.830759,
        -1.123778 -0.044696 0.824781,
        -1.124633 -0.042327 0.824061,
        -1.110959 -0.016680 0.840851,
        -1.107724 -0.018581 0.843905,
        -1.104879 -0.021483 0.846421,
        -1.104228 -0.022366 0.846970,
        -1.102074 -0.026238 0.848677,
        -1.100700 -0.030425 0.849593,
        -1.099915 -0.036189 0.849793,
        -1.099949 -0.041432 0.849245,
        -1.100620 -0.045676 0.848183,
        -1.104635 -0.045676 0.844557,
        -1.104485 -0.045231 0.844747,
        -1.103581 -0.041170 0.846028,
        -1.103402 -0.036241 0.846681,
        -1.103541 -0.034517 0.846711,
        -1.104213 -0.031059 0.846388,
        -1.105435 -0.027927 0.845498,
        -1.107108 -0.025331 0.844106,
        -1.107347 -0.025043 0.843898,
        -1.109419 -0.023113 0.842029,
        -1.111915 -0.021781 0.839643,
        -1.129119 -0.014064 0.821426,
        -1.129210 0.007048 0.821516,
        -1.115946 0.007048 0.836505,
        -1.114542 0.007048 0.838093,
        -1.101555 0.007048 0.850478,
        -1.101586 0.001880 0.850509,
        -1.113577 0.001880 0.839140,
        -1.115929 0.001880 0.836548,
        -1.126329 0.001880 0.825090,
        -1.126209 -0.014064 0.824970,
        -1.125917 -0.020839 0.824996,
        -1.127381 -0.023641 0.823066,
        -1.128467 -0.027353 0.821479,
        -1.128943 -0.031595 0.820546,
        -1.128934 -0.034593 0.820285,
        -1.116378 -0.015702 0.835922,
        -1.120766 -0.016482 0.831141,
        -1.123506 -0.018107 0.827963,
        -1.125680 -0.020491 0.825298,
        -1.115218 -0.015758 0.837131,
        -1.114930 -0.015772 0.837431,
        -1.111237 -0.016680 0.841129,
        -1.108002 -0.018581 0.844183,
        -1.105157 -0.021483 0.846700,
        -1.100194 -0.036189 0.850073,
        -1.100980 -0.030425 0.849872,
        -1.102354 -0.026238 0.848956,
        -1.104507 -0.022366 0.847248,
        -1.100900 -0.045676 0.848464,
        -1.100229 -0.041432 0.849525,
        -1.104915 -0.045676 0.844836,
        -1.103681 -0.036241 0.846960,
        -1.103861 -0.041170 0.846308,
        -1.104765 -0.045231 0.845027,
        -1.107387 -0.025331 0.844385,
        -1.105714 -0.027927 0.845777,
        -1.104492 -0.031059 0.846667,
        -1.103820 -0.034517 0.846990,
        -1.115211 -0.021266 0.836857,
        -1.116039 -0.021125 0.836017,
        -1.112202 -0.021776 0.839913,
        -1.109697 -0.023113 0.842307,
        -1.107626 -0.025043 0.844177,
        -1.107106 -0.025331 0.844104,
        -1.123611 -0.025055 0.827438,
        -1.121935 -0.023149 0.829477,
        -1.119825 -0.021837 0.831908,
        -1.117141 -0.021177 0.834848,
        -1.125966 -0.035340 0.823830,
        -1.125863 -0.031678 0.824287,
        -1.125302 -0.028762 0.825192,
        -1.124228 -0.026081 0.826652,
        -1.123703 -0.045676 0.825359,
        -1.124913 -0.042327 0.824341,
        -1.125763 -0.037908 0.823816,
        -1.126905 -0.045676 0.821556,
        -1.127161 -0.044993 0.821330,
        -1.128283 -0.040695 0.820459,
        -1.125741 -0.075221 0.818047,
        -1.127469 -0.053689 0.819774,
        -1.099635 -0.053689 0.848559,
        -1.112390 -0.053689 0.836568,
        -1.113276 -0.053689 0.835581,
        -1.097827 -0.074311 0.846751,
        -1.101292 -0.074311 0.843703,
        -1.102688 -0.058857 0.845099,
        -1.111953 -0.058857 0.836244,
        -1.108156 -0.058857 0.839990,
        -1.110709 -0.073175 0.835000,
        -1.113314 -0.073175 0.832341,
        -1.113918 -0.073175 0.831725,
        -1.115149 -0.058857 0.832956,
        -1.124173 -0.058857 0.822934,
        -1.115528 -0.058857 0.832557,
        -1.122791 -0.075221 0.821551,
        -1.123763 -0.093796 0.816069,
        -1.124992 -0.082784 0.817298,
        -1.122396 -0.100561 0.815861,
        -1.120634 -0.105131 0.816610,
        -1.118057 -0.109341 0.818294,
        -1.115246 -0.112314 0.820487,
        -1.112116 -0.114287 0.823212,
        -1.110706 -0.114687 0.824533,
        -1.108695 -0.115258 0.826418,
        -1.106863 -0.115379 0.828202,
        -1.103008 -0.114719 0.832109,
        -1.100432 -0.113243 0.834939,
        -1.098213 -0.110768 0.837663,
        -1.097381 -0.109341 0.838807,
        -1.095505 -0.094205 0.844428,
        -1.095191 -0.100319 0.843159,
        -1.095843 -0.105150 0.841315,
        -1.096909 -0.082784 0.845832,
        -1.109412 -0.082784 0.834308,
        -1.110656 -0.082784 0.832950,
        -1.099021 -0.094000 0.841432,
        -1.099778 -0.087952 0.842189,
        -1.098737 -0.094000 0.841148,
        -1.099495 -0.087952 0.841906,
        -1.108790 -0.087952 0.833754,
        -1.110652 -0.087952 0.831770,
        -1.117418 -0.087952 0.824193,
        -1.121316 -0.087952 0.820407,
        -1.121187 -0.087952 0.819948,
        -1.121469 -0.087952 0.820230,
        -1.120793 -0.093765 0.819554,
        -1.120510 -0.093765 0.819271,
        -1.116473 -0.105667 0.821139,
        -1.116189 -0.105667 0.820855,
        -1.116563 -0.105178 0.820585,
        -1.116847 -0.105178 0.820869,
        -1.118112 -0.102591 0.819604,
        -1.118396 -0.102591 0.819887,
        -1.119394 -0.099275 0.819079,
        -1.119678 -0.099275 0.819362,
        -1.107509 -0.109945 0.828645,
        -1.109330 -0.109811 0.826863,
        -1.107794 -0.109945 0.828930,
        -1.109614 -0.109811 0.827147,
        -1.110709 -0.109492 0.826117,
        -1.112000 -0.109033 0.824350,
        -1.112284 -0.109033 0.824634,
        -1.114240 -0.107653 0.822387,
        -1.114524 -0.107653 0.822671,
        -1.100243 -0.105554 0.837328,
        -1.099958 -0.105554 0.837043,
        -1.100624 -0.106690 0.836122,
        -1.100908 -0.106690 0.836406,
        -1.102053 -0.108237 0.834369,
        -1.102337 -0.108237 0.834654,
        -1.104026 -0.109361 0.832194,
        -1.104310 -0.109361 0.832478,
        -1.098486 -0.099357 0.840022,
        -1.098770 -0.099357 0.840306,
        -1.098969 -0.102794 0.838684,
        -1.099254 -0.102794 0.838969,
      ]
    }
    coordIndex [
      46, 100, 56, -1,
      56, 100, 101, -1,
      56, 101, 57, -1,
      102, 103, 60, -1,
      60, 103, 104, -1,
      60, 104, 61, -1,
      60, 59, 102, -1,
      102, 59, 58, -1,
      102, 58, 101, -1,
      101, 58, 57, -1,
      61, 104, 65, -1,
      65, 104, 105, -1,
      64, 65, 105, -1,
      105, 106, 64, -1,
      64, 106, 107, -1,
      64, 107, 63, -1,
      63, 107, 108, -1,
      63, 108, 62, -1,
      62, 108, 53, -1,
      53, 108, 109, -1,
      53, 109, 51, -1,
      51, 109, 46, -1,
      46, 109, 100, -1,
      100, 109, 101, -1,
      101, 109, 108, -1,
      101, 108, 102, -1,
      102, 108, 107, -1,
      102, 107, 103, -1,
      103, 107, 106, -1,
      103, 106, 104, -1,
      104, 106, 105, -1,
      110, 49, 48, -1,
      110, 48, 111, -1,
      111, 48, 47, -1,
      111, 47, 112, -1,
      112, 47, 45, -1,
      112, 45, 113, -1,
      113, 45, 44, -1,
      113, 44, 114, -1,
      115, 55, 54, -1,
      115, 54, 116, -1,
      116, 54, 52, -1,
      116, 52, 117, -1,
      117, 52, 50, -1,
      117, 50, 118, -1,
      118, 50, 49, -1,
      118, 49, 110, -1,
      41, 55, 115, -1,
      115, 119, 41, -1,
      41, 119, 120, -1,
      41, 120, 42, -1,
      42, 120, 121, -1,
      42, 121, 80, -1,
      80, 121, 122, -1,
      80, 122, 81, -1,
      81, 122, 123, -1,
      81, 123, 82, -1,
      124, 86, 85, -1,
      124, 85, 125, -1,
      125, 85, 84, -1,
      125, 84, 126, -1,
      126, 84, 83, -1,
      126, 83, 127, -1,
      127, 83, 82, -1,
      127, 82, 123, -1,
      128, 88, 87, -1,
      128, 87, 129, -1,
      129, 87, 86, -1,
      129, 86, 124, -1,
      88, 128, 89, -1,
      89, 128, 130, -1,
      131, 92, 91, -1,
      131, 91, 132, -1,
      132, 91, 90, -1,
      132, 90, 133, -1,
      133, 90, 89, -1,
      133, 89, 130, -1,
      134, 96, 95, -1,
      134, 95, 135, -1,
      135, 95, 94, -1,
      135, 94, 136, -1,
      136, 94, 93, -1,
      136, 93, 137, -1,
      137, 93, 92, -1,
      137, 92, 131, -1,
      138, 139, 67, -1,
      138, 67, 140, -1,
      67, 66, 140, -1,
      140, 66, 99, -1,
      140, 99, 141, -1,
      99, 98, 141, -1,
      141, 98, 97, -1,
      141, 97, 142, -1,
      142, 97, 143, -1,
      142, 143, 134, -1,
      144, 71, 70, -1,
      144, 70, 145, -1,
      145, 70, 69, -1,
      145, 69, 146, -1,
      146, 69, 68, -1,
      146, 68, 147, -1,
      147, 68, 67, -1,
      147, 67, 139, -1,
      148, 75, 74, -1,
      148, 74, 149, -1,
      149, 74, 73, -1,
      149, 73, 150, -1,
      150, 73, 72, -1,
      150, 72, 151, -1,
      151, 72, 71, -1,
      151, 71, 144, -1,
      152, 38, 78, -1,
      152, 78, 153, -1,
      78, 79, 153, -1,
      153, 79, 76, -1,
      153, 76, 154, -1,
      154, 76, 75, -1,
      154, 75, 148, -1,
      38, 152, 36, -1,
      36, 152, 155, -1,
      114, 44, 43, -1,
      40, 156, 43, -1,
      43, 156, 157, -1,
      43, 157, 114, -1,
      40, 39, 156, -1,
      156, 39, 36, -1,
      156, 36, 155, -1,
      155, 152, 156, -1,
      156, 152, 153, -1,
      156, 153, 157, -1,
      157, 153, 154, -1,
      157, 154, 114, -1,
      114, 154, 148, -1,
      114, 148, 113, -1,
      113, 148, 149, -1,
      113, 149, 112, -1,
      112, 149, 150, -1,
      112, 150, 111, -1,
      111, 150, 151, -1,
      111, 151, 110, -1,
      110, 151, 144, -1,
      110, 144, 118, -1,
      118, 144, 145, -1,
      118, 145, 117, -1,
      117, 145, 116, -1,
      116, 145, 146, -1,
      116, 146, 115, -1,
      146, 147, 115, -1,
      115, 147, 139, -1,
      115, 139, 119, -1,
      119, 139, 138, -1,
      119, 138, 120, -1,
      120, 138, 140, -1,
      120, 140, 121, -1,
      121, 140, 122, -1,
      122, 140, 141, -1,
      122, 141, 123, -1,
      141, 142, 123, -1,
      123, 142, 134, -1,
      123, 134, 127, -1,
      127, 134, 135, -1,
      127, 135, 126, -1,
      126, 135, 125, -1,
      125, 135, 136, -1,
      125, 136, 124, -1,
      136, 137, 124, -1,
      124, 137, 131, -1,
      124, 131, 129, -1,
      129, 131, 132, -1,
      129, 132, 128, -1,
      128, 132, 133, -1,
      128, 133, 130, -1,
      34, 158, 35, -1,
      35, 158, 159, -1,
      160, 14, 161, -1,
      161, 14, 15, -1,
      161, 15, 162, -1,
      162, 15, 77, -1,
      162, 77, 159, -1,
      159, 77, 37, -1,
      159, 37, 35, -1,
      14, 160, 19, -1,
      19, 160, 163, -1,
      19, 163, 22, -1,
      22, 163, 164, -1,
      22, 164, 20, -1,
      20, 164, 165, -1,
      166, 21, 167, -1,
      167, 21, 20, -1,
      167, 20, 165, -1,
      21, 166, 23, -1,
      23, 166, 168, -1,
      23, 168, 32, -1,
      32, 168, 169, -1,
      32, 169, 26, -1,
      26, 169, 170, -1,
      26, 170, 24, -1,
      24, 170, 171, -1,
      172, 25, 173, -1,
      173, 25, 24, -1,
      173, 24, 171, -1,
      25, 172, 27, -1,
      27, 172, 174, -1,
      27, 174, 34, -1,
      34, 174, 158, -1,
      158, 174, 159, -1,
      159, 174, 172, -1,
      159, 172, 162, -1,
      162, 172, 173, -1,
      162, 173, 171, -1,
      169, 168, 166, -1,
      164, 163, 165, -1,
      165, 163, 160, -1,
      165, 160, 167, -1,
      167, 160, 161, -1,
      167, 161, 166, -1,
      166, 161, 162, -1,
      166, 162, 169, -1,
      169, 162, 171, -1,
      169, 171, 170, -1,
      28, 175, 29, -1,
      29, 175, 176, -1,
      29, 176, 30, -1,
      175, 28, 4, -1,
      175, 4, 177, -1,
      177, 4, 3, -1,
      177, 3, 178, -1,
      178, 3, 2, -1,
      178, 2, 179, -1,
      179, 2, 1, -1,
      179, 1, 180, -1,
      180, 1, 0, -1,
      180, 0, 181, -1,
      181, 0, 12, -1,
      181, 12, 182, -1,
      182, 12, 11, -1,
      182, 11, 183, -1,
      183, 11, 10, -1,
      183, 10, 184, -1,
      184, 10, 9, -1,
      184, 9, 185, -1,
      185, 9, 8, -1,
      185, 8, 186, -1,
      186, 8, 6, -1,
      186, 6, 187, -1,
      187, 6, 5, -1,
      187, 5, 188, -1,
      17, 189, 18, -1,
      18, 189, 190, -1,
      18, 190, 13, -1,
      13, 190, 191, -1,
      13, 191, 7, -1,
      7, 191, 188, -1,
      7, 188, 5, -1,
      16, 192, 17, -1,
      17, 192, 189, -1,
      192, 16, 193, -1,
      193, 16, 31, -1,
      193, 31, 194, -1,
      194, 31, 33, -1,
      194, 33, 176, -1,
      176, 33, 30, -1,
      195, 196, 197, -1,
      197, 196, 198, -1,
      196, 199, 198, -1,
      198, 199, 200, -1,
      198, 200, 201, -1,
      201, 200, 202, -1,
      201, 202, 203, -1,
      203, 202, 204, -1,
      204, 205, 203, -1,
      203, 205, 206, -1,
      207, 208, 209, -1,
      207, 209, 210, -1,
      210, 209, 211, -1,
      210, 211, 212, -1,
      212, 211, 213, -1,
      212, 213, 214, -1,
      214, 213, 206, -1,
      214, 206, 205, -1,
      215, 216, 217, -1,
      217, 216, 218, -1,
      218, 216, 219, -1,
      219, 216, 220, -1,
      219, 220, 221, -1,
      221, 220, 222, -1,
      221, 222, 223, -1,
      223, 222, 208, -1,
      223, 208, 207, -1,
      224, 225, 226, -1,
      224, 226, 227, -1,
      227, 226, 228, -1,
      227, 228, 229, -1,
      229, 228, 230, -1,
      229, 230, 231, -1,
      231, 230, 215, -1,
      231, 215, 217, -1,
      195, 197, 232, -1,
      195, 232, 233, -1,
      233, 232, 234, -1,
      233, 234, 235, -1,
      235, 234, 225, -1,
      235, 225, 224, -1,
      179, 210, 178, -1,
      178, 210, 212, -1,
      178, 212, 177, -1,
      177, 212, 214, -1,
      177, 214, 175, -1,
      175, 214, 205, -1,
      175, 205, 176, -1,
      205, 204, 176, -1,
      176, 204, 202, -1,
      176, 202, 194, -1,
      194, 202, 200, -1,
      194, 200, 193, -1,
      193, 200, 199, -1,
      193, 199, 192, -1,
      192, 199, 196, -1,
      192, 196, 189, -1,
      189, 196, 195, -1,
      189, 195, 190, -1,
      190, 195, 233, -1,
      190, 233, 191, -1,
      191, 233, 235, -1,
      191, 235, 188, -1,
      188, 235, 224, -1,
      188, 224, 187, -1,
      187, 224, 227, -1,
      187, 227, 186, -1,
      186, 227, 229, -1,
      186, 229, 185, -1,
      185, 229, 231, -1,
      185, 231, 184, -1,
      184, 231, 217, -1,
      184, 217, 183, -1,
      183, 217, 218, -1,
      183, 218, 182, -1,
      182, 218, 219, -1,
      182, 219, 181, -1,
      181, 219, 221, -1,
      181, 221, 180, -1,
      180, 221, 223, -1,
      180, 223, 179, -1,
      179, 223, 207, -1,
      179, 207, 210, -1,
    ]
  }
}

Shape {
  appearance Appearance {
    material Material {
      diffuseColor 0.1529 0.8980 1.0000
      specularColor 0.0784 0.4510 0.5020
      ambientIntensity 0.2
      transparency 0.0000
      shininess 0.5
    }
  }
  geometry IndexedFaceSet {
    ccw TRUE
    solid FALSE
    coord DEF co Coordinate {
      point [
        -1.098737 -0.094000 0.841148,
        -1.099495 -0.087952 0.841906,
        -1.117418 -0.087952 0.824193,
        -1.121187 -0.087952 0.819948,
        -1.120510 -0.093765 0.819271,
        -1.116189 -0.105667 0.820855,
        -1.116563 -0.105178 0.820585,
        -1.118112 -0.102591 0.819604,
        -1.119394 -0.099275 0.819079,
        -1.107509 -0.109945 0.828645,
        -1.109330 -0.109811 0.826863,
        -1.112000 -0.109033 0.824350,
        -1.114240 -0.107653 0.822387,
        -1.099958 -0.105554 0.837043,
        -1.100624 -0.106690 0.836122,
        -1.102053 -0.108237 0.834369,
        -1.104026 -0.109361 0.832194,
        -1.098486 -0.099357 0.840022,
        -1.098969 -0.102794 0.838684,
      ]
    }
    coordIndex [
      11, 10, 2, -1,
      10, 9, 2, -1,
      2, 9, 16, -1,
      2, 16, 15, -1,
      15, 14, 2, -1,
      2, 14, 13, -1,
      2, 13, 18, -1,
      18, 17, 2, -1,
      2, 17, 0, -1,
      2, 0, 1, -1,
      2, 3, 4, -1,
      6, 5, 2, -1,
      2, 5, 12, -1,
      2, 12, 11, -1,
      4, 8, 2, -1,
      2, 8, 7, -1,
      2, 7, 6, -1,
    ]
  }
}

Shape {
  appearance Appearance {
    material Material {
      diffuseColor 0.0000 0.0000 0.0000
      specularColor 0.0000 0.0000 0.0000
      ambientIntensity 0.2
      transparency 0.0000
      shininess 0.5
    }
  }
  geometry IndexedFaceSet {
    ccw TRUE
    solid FALSE
    coord DEF co Coordinate {
      point [
        -1.114944 -0.147912 0.807250,
        -1.111887 -0.146035 0.811315,
        -1.111854 -0.152447 0.808525,
        -1.113784 -0.153623 0.806090,
        -1.120252 -0.117600 0.812558,
        -1.111810 -0.121945 0.820249,
        -1.088991 -0.132848 0.837915,
        -1.107788 -0.124015 0.823914,
        -1.109589 -0.136809 0.817380,
        -1.111363 -0.127158 0.819154,
        -1.111902 -0.126898 0.818649,
        -1.119357 -0.123310 0.811663,
        -1.108298 -0.143829 0.816090,
        -1.087904 -0.138374 0.836828,
        -1.093879 -0.141705 0.830438,
        -1.097872 -0.143930 0.826167,
        -1.088195 -0.138374 0.837119,
        -1.114075 -0.153623 0.806381,
        -1.105052 -0.147996 0.818250,
        -1.105264 -0.148117 0.818012,
        -1.089281 -0.132848 0.838204,
        -1.120538 -0.117600 0.812844,
        -1.104967 -0.125493 0.826579,
        -1.102965 -0.126507 0.828344,
        -1.119644 -0.123310 0.811950,
        -1.111649 -0.127158 0.819441,
        -1.108587 -0.143829 0.816379,
        -1.115233 -0.147912 0.807539,
        -1.108218 -0.128796 0.822407,
        -1.105724 -0.142233 0.819913,
        -1.107931 -0.128796 0.822120,
        -1.105435 -0.142233 0.819624,
        -1.094717 -0.136184 0.832438,
        -1.094427 -0.136184 0.832149,
        -1.105044 -0.141859 0.820687,
        -1.092706 -0.135560 0.834393,
        -1.092414 -0.135560 0.834102,
        -1.093623 -0.135935 0.832931,
        -1.093912 -0.135935 0.833220,
        -1.092730 -0.135437 0.834417,
        -1.092416 -0.135560 0.834104,
        -1.092440 -0.135437 0.834127,
        -1.094987 -0.134782 0.832708,
        -1.094698 -0.134782 0.832419,
        -1.093721 -0.135066 0.833158,
        -1.094010 -0.135066 0.833448,
        -1.104978 -0.130261 0.824929,
      ]
    }
    coordIndex [
      14, 13, 16, -1,
      17, 3, 2, -1,
      14, 16, 15, -1,
      15, 16, 18, -1,
      15, 18, 2, -1,
      2, 18, 19, -1,
      2, 19, 17, -1,
      6, 20, 13, -1,
      13, 20, 16, -1,
      5, 4, 21, -1,
      5, 21, 7, -1,
      7, 21, 22, -1,
      7, 22, 6, -1,
      6, 22, 23, -1,
      6, 23, 20, -1,
      11, 24, 4, -1,
      4, 24, 21, -1,
      24, 11, 25, -1,
      25, 11, 10, -1,
      25, 10, 9, -1,
      12, 26, 8, -1,
      8, 26, 25, -1,
      8, 25, 9, -1,
      0, 27, 1, -1,
      1, 27, 26, -1,
      1, 26, 12, -1,
      3, 17, 0, -1,
      0, 17, 27, -1,
      28, 29, 30, -1,
      30, 29, 31, -1,
      32, 33, 34, -1,
      34, 33, 31, -1,
      34, 31, 29, -1,
      35, 36, 37, -1,
      35, 37, 38, -1,
      38, 37, 33, -1,
      38, 33, 32, -1,
      35, 39, 40, -1,
      40, 39, 41, -1,
      42, 43, 44, -1,
      42, 44, 45, -1,
      45, 44, 41, -1,
      45, 41, 39, -1,
      28, 30, 46, -1,
      46, 30, 43, -1,
      46, 43, 42, -1,
      46, 42, 20, -1,
      35, 16, 39, -1,
      39, 16, 20, -1,
      39, 20, 45, -1,
      45, 20, 42, -1,
      28, 25, 29, -1,
      29, 25, 26, -1,
      35, 38, 16, -1,
      16, 38, 32, -1,
      16, 32, 18, -1,
      18, 32, 34, -1,
      18, 34, 19, -1,
      19, 34, 29, -1,
      19, 29, 17, -1,
      17, 29, 26, -1,
      17, 26, 27, -1,
      20, 23, 46, -1,
      46, 23, 22, -1,
      46, 22, 28, -1,
      28, 22, 21, -1,
      28, 21, 25, -1,
      25, 21, 24, -1,
    ]
  }
}

Shape {
  appearance Appearance {
    material Material {
      diffuseColor 0.1529 0.8980 1.0000
      specularColor 0.0784 0.4510 0.5020
      ambientIntensity 0.2
      transparency 0.0000
      shininess 0.5
    }
  }
  geometry IndexedFaceSet {
    ccw TRUE
    solid FALSE
    coord DEF co Coordinate {
      point [
        -1.107931 -0.128796 0.822120,
        -1.105435 -0.142233 0.819624,
        -1.094427 -0.136184 0.832149,
        -1.093623 -0.135935 0.832931,
        -1.092416 -0.135560 0.834104,
        -1.092440 -0.135437 0.834127,
        -1.094698 -0.134782 0.832419,
        -1.093721 -0.135066 0.833158,
      ]
    }
    coordIndex [
      4, 5, 3, -1,
      3, 5, 7, -1,
      3, 7, 2, -1,
      2, 7, 6, -1,
      2, 6, 1, -1,
      1, 6, 0, -1,
    ]
  }
}

Shape {
  appearance Appearance {
    material Material {
      diffuseColor 0.0000 0.0000 0.0000
      specularColor 0.0000 0.0000 0.0000
      ambientIntensity 0.2
      transparency 0.0000
      shininess 0.5
    }
  }
  geometry IndexedFaceSet {
    ccw TRUE
    solid FALSE
    coord DEF co Coordinate {
      point [
        -1.142880 0.007048 0.801985,
        -1.155346 0.007048 0.780388,
        -1.155449 0.007048 0.780210,
        -1.155228 -0.042258 0.777635,
        -1.161671 -0.042258 0.764159,
        -1.153254 -0.042258 0.781764,
        -1.151362 -0.041859 0.785317,
        -1.150250 -0.041069 0.787409,
        -1.149662 -0.040293 0.788539,
        -1.160570 0.000000 0.769512,
        -1.160480 -0.014483 0.769422,
        -1.161861 -0.037356 0.764349,
        -1.161866 -0.037244 0.764353,
        -1.159958 -0.037244 0.768698,
        -1.159963 -0.037111 0.768703,
        -1.160524 -0.036309 0.767544,
        -1.161312 -0.034723 0.765931,
        -1.161863 -0.032978 0.764846,
        -1.162237 -0.030946 0.764178,
        -1.162433 -0.028350 0.763965,
        -1.162439 -0.026836 0.764086,
        -1.162364 -0.025351 0.764389,
        -1.162104 -0.023428 0.765154,
        -1.161641 -0.021739 0.766357,
        -1.162436 -0.014483 0.764923,
        -1.161411 -0.021181 0.766928,
        -1.160767 -0.020138 0.768462,
        -1.160037 -0.019531 0.770130,
        -1.159030 -0.019283 0.772343,
        -1.158756 -0.019356 0.772920,
        -1.157764 -0.019618 0.775002,
        -1.156934 -0.020307 0.776672,
        -1.156241 -0.021310 0.778009,
        -1.154366 0.000000 0.782355,
        -1.154377 0.001880 0.782365,
        -1.155307 0.001880 0.780441,
        -1.160581 0.001880 0.769524,
        -1.154297 -0.012437 0.782286,
        -1.154448 -0.028770 0.780960,
        -1.151226 -0.025178 0.787259,
        -1.155002 -0.024989 0.780199,
        -1.152310 -0.022077 0.785509,
        -1.155355 -0.023673 0.779601,
        -1.150325 -0.033150 0.788164,
        -1.150294 -0.031451 0.788385,
        -1.150572 -0.028309 0.788176,
        -1.153576 -0.037244 0.781767,
        -1.152493 -0.037069 0.783820,
        -1.151623 -0.036551 0.785475,
        -1.151127 -0.035961 0.786439,
        -1.150748 -0.035204 0.787201,
        -1.150490 -0.034313 0.787754,
        -1.142803 -0.013573 0.801908,
        -1.142854 0.000000 0.801959,
        -1.148170 -0.031922 0.792021,
        -1.148198 -0.034902 0.791675,
        -1.148447 -0.037026 0.791024,
        -1.148870 -0.038697 0.790108,
        -1.149503 -0.023133 0.790454,
        -1.148653 -0.026865 0.791641,
        -1.148332 -0.029374 0.791978,
        -1.149470 -0.040039 0.788908,
        -1.155577 -0.022849 0.779228,
        -1.152039 -0.012437 0.786511,
        -1.149844 -0.022077 0.789932,
        -1.145337 -0.013573 0.797930,
        -1.145426 0.000000 0.798019,
        -1.152109 0.000000 0.786581,
        -1.145439 0.001880 0.798031,
        -1.152120 0.001880 0.786592,
        -1.162487 0.000001 0.764975,
        -1.162513 0.007048 0.765000,
        -1.161582 0.007048 0.767176,
        -1.162736 -0.014483 0.765224,
        -1.162813 0.007048 0.765301,
        -1.156344 0.007048 0.779312,
        -1.143165 0.007048 0.802270,
        -1.153577 0.007048 0.784132,
        -1.143088 -0.013573 0.802193,
        -1.145623 -0.013573 0.798215,
        -1.145725 0.001880 0.798317,
        -1.152410 0.001880 0.786882,
        -1.152329 -0.012437 0.786801,
        -1.154589 -0.012437 0.782578,
        -1.153780 -0.012437 0.784089,
        -1.154669 0.001880 0.782657,
        -1.160879 0.001880 0.769822,
        -1.160778 -0.014483 0.769720,
        -1.148458 -0.031922 0.792309,
        -1.148620 -0.029376 0.792266,
        -1.148941 -0.026865 0.791929,
        -1.149791 -0.023133 0.790743,
        -1.150133 -0.022077 0.790220,
        -1.152600 -0.022077 0.785799,
        -1.151515 -0.025178 0.787549,
        -1.150861 -0.028309 0.788465,
        -1.150583 -0.031451 0.788674,
        -1.150615 -0.033150 0.788454,
        -1.150779 -0.034313 0.788044,
        -1.151037 -0.035204 0.787491,
        -1.151417 -0.035961 0.786729,
        -1.151913 -0.036551 0.785766,
        -1.152783 -0.037069 0.784111,
        -1.153868 -0.037244 0.782059,
        -1.154740 -0.028770 0.781253,
        -1.155870 -0.022849 0.779520,
        -1.155294 -0.024989 0.780492,
        -1.156535 -0.021310 0.778302,
        -1.157228 -0.020307 0.776966,
        -1.158059 -0.019618 0.775297,
        -1.159052 -0.019356 0.773216,
        -1.159326 -0.019283 0.772640,
        -1.160335 -0.019531 0.770428,
        -1.161066 -0.020138 0.768761,
        -1.161710 -0.021181 0.767227,
        -1.161941 -0.021739 0.766657,
        -1.162404 -0.023428 0.765455,
        -1.162733 -0.028350 0.764266,
        -1.162740 -0.026835 0.764387,
        -1.162665 -0.025351 0.764690,
        -1.162538 -0.030946 0.764478,
        -1.162163 -0.032978 0.765146,
        -1.161612 -0.034723 0.766231,
        -1.160823 -0.036309 0.767842,
        -1.160261 -0.037111 0.769001,
        -1.160256 -0.037244 0.768996,
        -1.162166 -0.037244 0.764654,
        -1.161972 -0.042258 0.764459,
        -1.153546 -0.042258 0.782056,
        -1.151652 -0.041859 0.785607,
        -1.149759 -0.040039 0.789197,
        -1.150540 -0.041069 0.787699,
        -1.149158 -0.038697 0.790396,
        -1.148735 -0.037026 0.791312,
        -1.148487 -0.034902 0.791963,
        -1.157338 -0.025700 0.776354,
        -1.157044 -0.025700 0.776059,
        -1.156800 -0.026332 0.776506,
        -1.157094 -0.026332 0.776800,
        -1.156504 -0.027506 0.777007,
        -1.156798 -0.027506 0.777302,
        -1.156080 -0.030551 0.777585,
        -1.156374 -0.030551 0.777879,
        -1.159030 -0.024369 0.772922,
        -1.158734 -0.024369 0.772626,
        -1.158373 -0.024412 0.773391,
        -1.158669 -0.024412 0.773687,
        -1.157844 -0.024659 0.774485,
        -1.158139 -0.024659 0.774781,
        -1.157403 -0.025100 0.775367,
        -1.157698 -0.025100 0.775662,
        -1.160480 -0.025823 0.769653,
        -1.160181 -0.025823 0.769356,
        -1.160004 -0.025396 0.769784,
        -1.160302 -0.025396 0.770082,
        -1.159645 -0.024826 0.770620,
        -1.159942 -0.024826 0.770918,
        -1.159247 -0.024497 0.771511,
        -1.159544 -0.024497 0.771808,
        -1.160938 -0.029650 0.768289,
        -1.160639 -0.029650 0.767990,
        -1.160605 -0.027956 0.768225,
        -1.160903 -0.027956 0.768524,
        -1.160454 -0.026822 0.768663,
        -1.160752 -0.026822 0.768961,
        -1.159736 -0.035094 0.770387,
        -1.159439 -0.035094 0.770089,
        -1.159733 -0.034466 0.769514,
        -1.160031 -0.034466 0.769812,
        -1.160201 -0.033049 0.768630,
        -1.160500 -0.033049 0.768928,
        -1.160491 -0.031527 0.768139,
        -1.160790 -0.031527 0.768437,
        -1.157002 -0.037244 0.775902,
        -1.156707 -0.037244 0.775607,
        -1.156860 -0.037202 0.775298,
        -1.157154 -0.037202 0.775593,
        -1.157904 -0.036916 0.773169,
        -1.158200 -0.036916 0.773465,
        -1.158741 -0.036180 0.771476,
        -1.159038 -0.036180 0.771773,
        -1.155712 -0.037244 0.778491,
        -1.155419 -0.037244 0.778197,
        -1.158139 -0.024659 0.774781,
      ]
    }
    coordIndex [
      24, 73, 70, -1,
      70, 73, 74, -1,
      70, 74, 71, -1,
      71, 74, 72, -1,
      72, 74, 75, -1,
      76, 0, 77, -1,
      77, 0, 1, -1,
      77, 1, 75, -1,
      75, 1, 2, -1,
      75, 2, 72, -1,
      0, 76, 53, -1,
      53, 76, 78, -1,
      53, 78, 52, -1,
      52, 78, 65, -1,
      65, 78, 79, -1,
      65, 79, 66, -1,
      66, 79, 80, -1,
      66, 80, 68, -1,
      68, 80, 69, -1,
      69, 80, 81, -1,
      69, 81, 67, -1,
      67, 81, 82, -1,
      67, 82, 63, -1,
      83, 37, 84, -1,
      84, 37, 63, -1,
      84, 63, 82, -1,
      37, 83, 33, -1,
      33, 83, 85, -1,
      33, 85, 34, -1,
      34, 85, 35, -1,
      35, 85, 86, -1,
      35, 86, 36, -1,
      36, 86, 9, -1,
      9, 86, 87, -1,
      9, 87, 10, -1,
      10, 87, 24, -1,
      24, 87, 73, -1,
      85, 83, 84, -1,
      73, 87, 74, -1,
      74, 87, 86, -1,
      74, 86, 75, -1,
      75, 86, 85, -1,
      75, 85, 77, -1,
      77, 85, 84, -1,
      79, 78, 80, -1,
      80, 78, 76, -1,
      80, 76, 81, -1,
      81, 76, 77, -1,
      81, 77, 82, -1,
      82, 77, 84, -1,
      88, 54, 89, -1,
      89, 54, 60, -1,
      89, 60, 90, -1,
      60, 59, 90, -1,
      90, 59, 58, -1,
      90, 58, 91, -1,
      91, 58, 64, -1,
      91, 64, 92, -1,
      41, 93, 64, -1,
      64, 93, 92, -1,
      93, 41, 39, -1,
      93, 39, 94, -1,
      94, 39, 45, -1,
      94, 45, 95, -1,
      95, 45, 44, -1,
      95, 44, 96, -1,
      96, 44, 43, -1,
      96, 43, 97, -1,
      97, 43, 51, -1,
      97, 51, 98, -1,
      98, 51, 50, -1,
      98, 50, 99, -1,
      99, 50, 49, -1,
      99, 49, 100, -1,
      100, 49, 48, -1,
      100, 48, 101, -1,
      101, 48, 47, -1,
      101, 47, 102, -1,
      102, 47, 46, -1,
      102, 46, 103, -1,
      38, 104, 46, -1,
      46, 104, 103, -1,
      104, 38, 40, -1,
      42, 105, 40, -1,
      40, 105, 106, -1,
      40, 106, 104, -1,
      42, 62, 105, -1,
      105, 62, 32, -1,
      105, 32, 107, -1,
      107, 32, 31, -1,
      107, 31, 108, -1,
      108, 31, 30, -1,
      108, 30, 109, -1,
      109, 30, 29, -1,
      109, 29, 110, -1,
      110, 29, 28, -1,
      110, 28, 111, -1,
      111, 28, 27, -1,
      111, 27, 112, -1,
      112, 27, 26, -1,
      112, 26, 113, -1,
      113, 26, 25, -1,
      113, 25, 114, -1,
      114, 25, 23, -1,
      114, 23, 115, -1,
      21, 116, 22, -1,
      22, 116, 115, -1,
      22, 115, 23, -1,
      19, 117, 20, -1,
      20, 117, 118, -1,
      20, 118, 21, -1,
      21, 118, 119, -1,
      21, 119, 116, -1,
      117, 19, 18, -1,
      117, 18, 120, -1,
      120, 18, 17, -1,
      120, 17, 121, -1,
      121, 17, 16, -1,
      121, 16, 122, -1,
      122, 16, 15, -1,
      122, 15, 123, -1,
      123, 15, 14, -1,
      123, 14, 124, -1,
      13, 125, 14, -1,
      14, 125, 124, -1,
      12, 126, 13, -1,
      13, 126, 125, -1,
      4, 127, 11, -1,
      11, 127, 126, -1,
      11, 126, 12, -1,
      5, 128, 3, -1,
      3, 128, 127, -1,
      3, 127, 4, -1,
      7, 129, 6, -1,
      6, 129, 128, -1,
      6, 128, 5, -1,
      8, 130, 7, -1,
      7, 130, 131, -1,
      7, 131, 129, -1,
      8, 61, 130, -1,
      130, 61, 57, -1,
      130, 57, 132, -1,
      132, 57, 56, -1,
      132, 56, 133, -1,
      133, 56, 55, -1,
      133, 55, 134, -1,
      134, 55, 54, -1,
      134, 54, 88, -1,
      135, 136, 137, -1,
      135, 137, 138, -1,
      138, 137, 139, -1,
      138, 139, 140, -1,
      140, 139, 141, -1,
      140, 141, 142, -1,
      143, 144, 145, -1,
      143, 145, 146, -1,
      146, 145, 147, -1,
      146, 147, 148, -1,
      148, 147, 149, -1,
      148, 149, 150, -1,
      150, 149, 136, -1,
      150, 136, 135, -1,
      151, 152, 153, -1,
      151, 153, 154, -1,
      154, 153, 155, -1,
      154, 155, 156, -1,
      156, 155, 157, -1,
      156, 157, 158, -1,
      158, 157, 144, -1,
      158, 144, 143, -1,
      159, 160, 161, -1,
      159, 161, 162, -1,
      162, 161, 163, -1,
      162, 163, 164, -1,
      164, 163, 152, -1,
      164, 152, 151, -1,
      165, 166, 167, -1,
      165, 167, 168, -1,
      168, 167, 169, -1,
      168, 169, 170, -1,
      170, 169, 171, -1,
      170, 171, 172, -1,
      172, 171, 160, -1,
      172, 160, 159, -1,
      173, 174, 175, -1,
      173, 175, 176, -1,
      176, 175, 177, -1,
      176, 177, 178, -1,
      178, 177, 179, -1,
      178, 179, 180, -1,
      180, 179, 166, -1,
      180, 166, 165, -1,
      173, 181, 174, -1,
      174, 181, 182, -1,
      181, 142, 182, -1,
      182, 142, 141, -1,
      92, 93, 91, -1,
      91, 93, 94, -1,
      91, 94, 90, -1,
      90, 94, 95, -1,
      90, 95, 89, -1,
      89, 95, 96, -1,
      89, 96, 88, -1,
      88, 96, 134, -1,
      134, 96, 97, -1,
      134, 97, 133, -1,
      133, 97, 98, -1,
      133, 98, 132, -1,
      132, 98, 99, -1,
      132, 99, 130, -1,
      130, 99, 100, -1,
      130, 100, 131, -1,
      131, 100, 101, -1,
      131, 101, 129, -1,
      129, 101, 102, -1,
      129, 102, 128, -1,
      128, 102, 103, -1,
      128, 103, 142, -1,
      170, 172, 121, -1,
      121, 172, 120, -1,
      120, 172, 159, -1,
      120, 159, 117, -1,
      117, 159, 118, -1,
      118, 159, 162, -1,
      118, 162, 119, -1,
      119, 162, 164, -1,
      119, 164, 116, -1,
      116, 164, 115, -1,
      115, 164, 151, -1,
      115, 151, 114, -1,
      114, 151, 154, -1,
      114, 154, 113, -1,
      113, 154, 156, -1,
      113, 156, 112, -1,
      112, 156, 158, -1,
      112, 158, 111, -1,
      111, 158, 143, -1,
      111, 143, 110, -1,
      110, 143, 146, -1,
      110, 146, 109, -1,
      109, 146, 108, -1,
      108, 146, 183, -1,
      108, 183, 107, -1,
      107, 183, 150, -1,
      107, 150, 105, -1,
      104, 138, 103, -1,
      103, 138, 140, -1,
      103, 140, 142, -1,
      150, 135, 105, -1,
      105, 135, 138, -1,
      105, 138, 106, -1,
      106, 138, 104, -1,
      142, 181, 128, -1,
      128, 181, 173, -1,
      128, 173, 176, -1,
      125, 178, 180, -1,
      125, 180, 124, -1,
      121, 122, 170, -1,
      170, 122, 123, -1,
      170, 123, 168, -1,
      168, 123, 124, -1,
      168, 124, 165, -1,
      165, 124, 180, -1,
      126, 127, 125, -1,
      125, 127, 128, -1,
      125, 128, 178, -1,
      178, 128, 176, -1,
    ]
  }
}

Shape {
  appearance Appearance {
    material Material {
      diffuseColor 0.1529 0.8980 1.0000
      specularColor 0.0784 0.4510 0.5020
      ambientIntensity 0.2
      transparency 0.0000
      shininess 0.5
    }
  }
  geometry IndexedFaceSet {
    ccw TRUE
    solid FALSE
    coord DEF co Coordinate {
      point [
        -1.157044 -0.025700 0.776059,
        -1.156800 -0.026332 0.776506,
        -1.156504 -0.027506 0.777007,
        -1.156080 -0.030551 0.777585,
        -1.158734 -0.024369 0.772626,
        -1.158373 -0.024412 0.773391,
        -1.157844 -0.024659 0.774485,
        -1.157403 -0.025100 0.775367,
        -1.160181 -0.025823 0.769356,
        -1.160004 -0.025396 0.769784,
        -1.159645 -0.024826 0.770620,
        -1.159247 -0.024497 0.771511,
        -1.160639 -0.029650 0.767990,
        -1.160605 -0.027956 0.768225,
        -1.160454 -0.026822 0.768663,
        -1.159439 -0.035094 0.770089,
        -1.159733 -0.034466 0.769514,
        -1.160201 -0.033049 0.768630,
        -1.160491 -0.031527 0.768139,
        -1.156707 -0.037244 0.775607,
        -1.156860 -0.037202 0.775298,
        -1.157904 -0.036916 0.773169,
        -1.158741 -0.036180 0.771476,
        -1.155419 -0.037244 0.778197,
        -1.160189 -0.032052 0.768763,
      ]
    }
    coordIndex [
      16, 15, 9, -1,
      9, 15, 10, -1,
      6, 5, 22, -1,
      22, 5, 4, -1,
      22, 4, 15, -1,
      15, 4, 11, -1,
      15, 11, 10, -1,
      24, 12, 18, -1,
      8, 14, 24, -1,
      24, 14, 13, -1,
      24, 13, 12, -1,
      9, 8, 16, -1,
      16, 8, 24, -1,
      16, 24, 17, -1,
      17, 24, 18, -1,
      23, 3, 19, -1,
      19, 3, 20, -1,
      3, 2, 20, -1,
      20, 2, 1, -1,
      20, 1, 21, -1,
      21, 1, 0, -1,
      21, 0, 22, -1,
      22, 0, 7, -1,
      22, 7, 6, -1,
    ]
  }
}

Shape {
  appearance Appearance {
    material Material {
      diffuseColor 0.0000 0.0000 0.0000
      specularColor 0.0000 0.0000 0.0000
      ambientIntensity 0.2
      transparency 0.0000
      shininess 0.5
    }
  }
  geometry IndexedFaceSet {
    ccw TRUE
    solid FALSE
    coord DEF co Coordinate {
      point [
        -1.136592 -0.103825 0.795698,
        -1.135984 -0.108206 0.795089,
        -1.154511 -0.125357 0.756998,
        -1.155346 -0.118489 0.757834,
        -1.147549 -0.157470 0.755643,
        -1.147895 -0.156754 0.755359,
        -1.135926 -0.165176 0.771425,
        -1.135979 -0.165188 0.771337,
        -1.137415 -0.165515 0.768935,
        -1.138824 -0.165394 0.766728,
        -1.141504 -0.164422 0.762781,
        -1.144026 -0.162450 0.759448,
        -1.146369 -0.159477 0.756787,
        -1.146009 -0.123310 0.773998,
        -1.146195 -0.132920 0.769764,
        -1.143611 -0.123310 0.778083,
        -1.135803 -0.132920 0.786108,
        -1.143792 -0.121963 0.778264,
        -1.153574 -0.116010 0.762516,
        -1.152385 -0.125357 0.761328,
        -1.153450 -0.132920 0.755938,
        -1.148613 -0.155267 0.754770,
        -1.150262 -0.150697 0.753908,
        -1.151124 -0.147332 0.753883,
        -1.151768 -0.143931 0.754256,
        -1.134511 -0.164855 0.773794,
        -1.132648 -0.163378 0.777337,
        -1.129769 -0.155285 0.785424,
        -1.130613 -0.159477 0.782222,
        -1.131139 -0.160904 0.780770,
        -1.146382 -0.120492 0.774370,
        -1.147903 -0.108993 0.775892,
        -1.154466 -0.108993 0.763409,
        -1.135984 -0.124446 0.789570,
        -1.136390 -0.124446 0.788982,
        -1.138560 -0.108993 0.791153,
        -1.145534 -0.108993 0.780006,
        -1.132382 -0.132920 0.791487,
        -1.129661 -0.150454 0.787812,
        -1.130400 -0.144341 0.789506,
        -1.133730 -0.124446 0.792835,
        -1.143619 -0.098422 0.786544,
        -1.147638 -0.095645 0.780605,
        -1.149950 -0.103825 0.773917,
        -1.155093 -0.089935 0.767578,
        -1.155274 -0.103825 0.763314,
        -1.159232 -0.086764 0.760344,
        -1.157130 -0.103825 0.759617,
        -1.160783 -0.085445 0.757163,
        -1.162804 -0.083175 0.752932,
        -1.163821 -0.081301 0.750884,
        -1.163985 -0.080998 0.750553,
        -1.164599 -0.079246 0.749436,
        -1.164841 -0.078287 0.749057,
        -1.165037 -0.077268 0.748808,
        -1.165271 -0.075242 0.748713,
        -1.165333 -0.074135 0.748830,
        -1.165335 -0.072128 0.749326,
        -1.165335 -0.072008 0.749356,
        -1.160646 -0.061946 0.763187,
        -1.160809 -0.060968 0.763008,
        -1.160926 -0.060261 0.762879,
        -1.161252 -0.056811 0.762785,
        -1.158665 -0.049054 0.769894,
        -1.160939 -0.049054 0.764845,
        -1.161278 -0.052269 0.763534,
        -1.155274 -0.067622 0.773494,
        -1.155356 -0.067689 0.773315,
        -1.155929 -0.068157 0.772057,
        -1.156778 -0.068365 0.770265,
        -1.157714 -0.068126 0.768352,
        -1.163623 -0.073161 0.753520,
        -1.158471 -0.067510 0.766861,
        -1.159122 -0.066576 0.765642,
        -1.159768 -0.065141 0.764513,
        -1.160277 -0.063544 0.763702,
        -1.160224 -0.063711 0.763786,
        -1.163580 -0.072008 0.753911,
        -1.163619 -0.073048 0.753558,
        -1.159091 -0.050925 0.768672,
        -1.155356 -0.057033 0.775406,
        -1.159460 -0.054064 0.767333,
        -1.159451 -0.057302 0.766772,
        -1.159428 -0.057521 0.766781,
        -1.158869 -0.061388 0.767269,
        -1.158717 -0.061845 0.767509,
        -1.158452 -0.062420 0.767967,
        -1.158296 -0.062663 0.768253,
        -1.155756 -0.059970 0.774066,
        -1.158133 -0.062858 0.768564,
        -1.157795 -0.063113 0.769234,
        -1.157353 -0.063217 0.770145,
        -1.157071 -0.063168 0.770745,
        -1.156726 -0.062940 0.771508,
        -1.156444 -0.062552 0.772166,
        -1.156182 -0.061928 0.772824,
        -1.154830 -0.053689 0.777028,
        -1.154214 -0.051327 0.778616,
        -1.155307 -0.056678 0.775568,
        -1.153844 -0.050507 0.779459,
        -1.153371 -0.049853 0.780464,
        -1.152650 -0.049300 0.781908,
        -1.151695 -0.049084 0.783707,
        -1.150784 -0.049282 0.785332,
        -1.149931 -0.049879 0.786762,
        -1.149184 -0.050811 0.787932,
        -1.148407 -0.052298 0.789045,
        -1.147853 -0.053795 0.789754,
        -1.147168 -0.056549 0.790457,
        -1.146272 -0.070974 0.789197,
        -1.145805 -0.076583 0.788729,
        -1.146031 -0.076740 0.788316,
        -1.149932 -0.079647 0.780388,
        -1.154261 -0.065491 0.775943,
        -1.154687 -0.066686 0.774860,
        -1.149434 -0.066993 0.784601,
        -1.148880 -0.059728 0.786971,
        -1.149034 -0.058243 0.786968,
        -1.153341 -0.060219 0.778754,
        -1.149302 -0.056902 0.786733,
        -1.150415 -0.054591 0.785153,
        -1.150773 -0.054343 0.784553,
        -1.152877 -0.057115 0.780200,
        -1.151181 -0.054252 0.783830,
        -1.151512 -0.054298 0.783218,
        -1.149678 -0.055777 0.786264,
        -1.149862 -0.055376 0.786007,
        -1.150066 -0.055020 0.785706,
        -1.151889 -0.054497 0.782493,
        -1.152203 -0.054858 0.781850,
        -1.152440 -0.055347 0.781326,
        -1.153596 -0.062160 0.777897,
        -1.149194 -0.065913 0.785243,
        -1.148854 -0.063091 0.786391,
        -1.146719 -0.060219 0.790569,
        -1.146635 -0.063579 0.790085,
        -1.146906 -0.066993 0.788962,
        -1.154156 -0.077733 0.772767,
        -1.155843 -0.084053 0.768374,
        -1.156869 -0.084667 0.766072,
        -1.156857 -0.084800 0.766060,
        -1.144193 -0.093223 0.787118,
        -1.155321 -0.085698 0.768902,
        -1.155322 -0.083665 0.769434,
        -1.155741 -0.085414 0.768215,
        -1.156380 -0.085063 0.766981,
        -1.161574 -0.079991 0.756796,
        -1.159172 -0.082191 0.761747,
        -1.157579 -0.080667 0.765633,
        -1.163652 -0.073932 0.753258,
        -1.163611 -0.074853 0.753131,
        -1.163466 -0.076078 0.753184,
        -1.163356 -0.076639 0.753318,
        -1.163217 -0.077174 0.753525,
        -1.162898 -0.078070 0.754087,
        -1.162400 -0.079004 0.755066,
        -1.155200 -0.078628 0.770590,
        -1.155838 -0.114443 0.758326,
        -1.157650 -0.063217 0.770442,
        -1.158092 -0.063113 0.769531,
        -1.158430 -0.062858 0.768861,
        -1.158594 -0.062663 0.768551,
        -1.158749 -0.062420 0.768265,
        -1.159014 -0.061845 0.767807,
        -1.159167 -0.061388 0.767567,
        -1.159156 -0.060094 0.766887,
        -1.159456 -0.060094 0.767187,
        -1.159726 -0.057521 0.767080,
        -1.159749 -0.057302 0.767070,
        -1.156478 -0.061928 0.773119,
        -1.156739 -0.062552 0.772461,
        -1.157022 -0.062940 0.771804,
        -1.157367 -0.063168 0.771042,
        -1.155602 -0.056678 0.775862,
        -1.156050 -0.059970 0.774361,
        -1.154137 -0.050507 0.779752,
        -1.154507 -0.051327 0.778909,
        -1.155124 -0.053689 0.777322,
        -1.151986 -0.049084 0.783998,
        -1.152941 -0.049300 0.782200,
        -1.153663 -0.049853 0.780756,
        -1.148696 -0.052298 0.789334,
        -1.149473 -0.050811 0.788221,
        -1.150221 -0.049879 0.787052,
        -1.151074 -0.049282 0.785622,
        -1.147007 -0.060219 0.790857,
        -1.146715 -0.060219 0.790567,
        -1.147456 -0.056549 0.790746,
        -1.148141 -0.053795 0.790043,
        -1.147194 -0.066993 0.789250,
        -1.146924 -0.063579 0.790373,
        -1.149724 -0.066993 0.784891,
        -1.149170 -0.059728 0.787261,
        -1.149144 -0.063091 0.786681,
        -1.149484 -0.065913 0.785533,
        -1.149968 -0.055777 0.786554,
        -1.149592 -0.056902 0.787023,
        -1.149324 -0.058243 0.787257,
        -1.148878 -0.059728 0.786969,
        -1.150706 -0.054591 0.785443,
        -1.151063 -0.054343 0.784843,
        -1.151471 -0.054252 0.784120,
        -1.150152 -0.055376 0.786297,
        -1.150356 -0.055020 0.785996,
        -1.152731 -0.055347 0.781618,
        -1.152494 -0.054857 0.782143,
        -1.152180 -0.054497 0.782784,
        -1.151803 -0.054298 0.783509,
        -1.153634 -0.060219 0.779046,
        -1.153169 -0.057115 0.780492,
        -1.154981 -0.066686 0.775154,
        -1.154555 -0.065491 0.776237,
        -1.153889 -0.062160 0.778190,
        -1.157075 -0.068365 0.770562,
        -1.155569 -0.067622 0.773789,
        -1.156224 -0.068157 0.772353,
        -1.160067 -0.065141 0.764813,
        -1.159420 -0.066576 0.765940,
        -1.158769 -0.067510 0.767159,
        -1.158011 -0.068126 0.768649,
        -1.161152 -0.060768 0.763250,
        -1.161553 -0.056811 0.763085,
        -1.161111 -0.060967 0.763304,
        -1.160576 -0.063544 0.764001,
        -1.160523 -0.063711 0.764086,
        -1.161238 -0.049054 0.765144,
        -1.161578 -0.052269 0.763834,
        -1.158962 -0.049054 0.770191,
        -1.159758 -0.054064 0.767631,
        -1.159389 -0.050925 0.768969,
        -1.143909 -0.098422 0.786833,
        -1.155849 -0.089730 0.767599,
        -1.156204 -0.089471 0.767026,
        -1.161085 -0.085445 0.757465,
        -1.165578 -0.075242 0.749020,
        -1.165344 -0.077268 0.749115,
        -1.165148 -0.078287 0.749364,
        -1.164906 -0.079246 0.749742,
        -1.164291 -0.080998 0.750859,
        -1.164126 -0.081301 0.751189,
        -1.163109 -0.083175 0.753236,
        -1.165642 -0.072008 0.749663,
        -1.165640 -0.074135 0.749137,
        -1.163885 -0.072008 0.754215,
        -1.163949 -0.073034 0.753804,
        -1.163956 -0.073933 0.753562,
        -1.163915 -0.074853 0.753435,
        -1.161876 -0.079991 0.757099,
        -1.162703 -0.079004 0.755369,
        -1.163202 -0.078070 0.754391,
        -1.163522 -0.077174 0.753829,
        -1.163659 -0.076643 0.753623,
        -1.163770 -0.076078 0.753488,
        -1.159472 -0.082191 0.762046,
        -1.155669 -0.078839 0.770302,
        -1.146561 -0.070974 0.789485,
        -1.148523 -0.072541 0.785813,
        -1.146093 -0.076583 0.789018,
        -1.155861 -0.083846 0.769234,
        -1.156139 -0.084053 0.768671,
        -1.157166 -0.084667 0.766369,
        -1.157155 -0.084800 0.766357,
        -1.156037 -0.085414 0.768511,
        -1.156677 -0.085063 0.767278,
        -1.144482 -0.093223 0.787407,
        -1.155866 -0.085530 0.768791,
        -1.154811 -0.125357 0.757298,
        -1.157429 -0.103825 0.759917,
        -1.145476 -0.103825 0.782581,
        -1.136880 -0.103825 0.795985,
        -1.146542 -0.103825 0.780561,
        -1.134019 -0.124446 0.793124,
        -1.136680 -0.124446 0.789272,
        -1.138849 -0.108993 0.791442,
        -1.145826 -0.108993 0.780298,
        -1.143903 -0.123310 0.778376,
        -1.146302 -0.123310 0.774291,
        -1.146628 -0.120850 0.774617,
        -1.148196 -0.108993 0.776185,
        -1.154764 -0.108993 0.763706,
        -1.152683 -0.125357 0.761626,
        -1.152069 -0.143931 0.754556,
        -1.153750 -0.132920 0.756238,
        -1.151426 -0.147328 0.754184,
        -1.150563 -0.150697 0.754208,
        -1.148913 -0.155267 0.755070,
        -1.146668 -0.159477 0.757087,
        -1.147849 -0.157470 0.755943,
        -1.144325 -0.162450 0.759748,
        -1.142623 -0.163781 0.761995,
        -1.141802 -0.164422 0.763080,
        -1.139121 -0.165394 0.767026,
        -1.137711 -0.165515 0.769231,
        -1.134806 -0.164855 0.774089,
        -1.132943 -0.163378 0.777631,
        -1.131432 -0.160904 0.781064,
        -1.130907 -0.159477 0.782515,
        -1.130062 -0.155285 0.785716,
        -1.129953 -0.150454 0.788104,
        -1.130691 -0.144341 0.789796,
        -1.132672 -0.132920 0.791777,
        -1.142540 -0.132920 0.776565,
        -1.141296 -0.132920 0.778820,
        -1.133430 -0.144136 0.786022,
        -1.134488 -0.138088 0.787080,
        -1.133138 -0.144136 0.785731,
        -1.134197 -0.138088 0.786789,
        -1.137845 -0.138088 0.782075,
        -1.142404 -0.138088 0.774237,
        -1.147700 -0.138088 0.764799,
        -1.150822 -0.138088 0.759764,
        -1.150523 -0.138088 0.759466,
        -1.149898 -0.143901 0.758841,
        -1.149599 -0.143901 0.758542,
        -1.145780 -0.155803 0.760627,
        -1.145481 -0.155803 0.760328,
        -1.145799 -0.155313 0.760003,
        -1.146098 -0.155313 0.760302,
        -1.147155 -0.152726 0.758828,
        -1.147454 -0.152726 0.759127,
        -1.148361 -0.149411 0.758227,
        -1.148660 -0.149411 0.758526,
        -1.142064 -0.159168 0.764595,
        -1.140274 -0.159947 0.767989,
        -1.139978 -0.159947 0.767692,
        -1.138876 -0.160080 0.770194,
        -1.138580 -0.160080 0.769898,
        -1.144161 -0.157789 0.762490,
        -1.142629 -0.158963 0.764535,
        -1.142361 -0.159168 0.764893,
        -1.143863 -0.157789 0.762192,
        -1.133439 -0.155690 0.780706,
        -1.133146 -0.155690 0.780412,
        -1.133566 -0.156826 0.779246,
        -1.133860 -0.156826 0.779539,
        -1.134539 -0.158373 0.777037,
        -1.134834 -0.158373 0.777332,
        -1.135963 -0.159496 0.774313,
        -1.136258 -0.159496 0.774607,
        -1.132515 -0.149493 0.784232,
        -1.132807 -0.149493 0.784524,
        -1.132609 -0.152930 0.782506,
        -1.132902 -0.152930 0.782798,
      ]
    }
    coordIndex [
      158, 91, 90, -1,
      158, 90, 159, -1,
      159, 90, 89, -1,
      159, 89, 160, -1,
      160, 89, 161, -1,
      161, 89, 87, -1,
      161, 87, 162, -1,
      87, 86, 162, -1,
      162, 86, 85, -1,
      162, 85, 163, -1,
      163, 85, 84, -1,
      163, 84, 164, -1,
      164, 84, 165, -1,
      164, 165, 166, -1,
      166, 165, 83, -1,
      166, 83, 167, -1,
      167, 83, 82, -1,
      167, 82, 168, -1,
      169, 95, 94, -1,
      169, 94, 170, -1,
      170, 94, 93, -1,
      170, 93, 171, -1,
      171, 93, 92, -1,
      171, 92, 172, -1,
      172, 92, 91, -1,
      172, 91, 158, -1,
      173, 98, 80, -1,
      173, 80, 174, -1,
      80, 88, 174, -1,
      174, 88, 95, -1,
      174, 95, 169, -1,
      175, 99, 97, -1,
      175, 97, 176, -1,
      176, 97, 96, -1,
      176, 96, 177, -1,
      177, 96, 98, -1,
      177, 98, 173, -1,
      178, 102, 101, -1,
      178, 101, 179, -1,
      179, 101, 100, -1,
      179, 100, 180, -1,
      180, 100, 99, -1,
      180, 99, 175, -1,
      181, 106, 105, -1,
      181, 105, 182, -1,
      182, 105, 104, -1,
      182, 104, 183, -1,
      183, 104, 103, -1,
      183, 103, 184, -1,
      184, 103, 102, -1,
      184, 102, 178, -1,
      185, 186, 108, -1,
      185, 108, 187, -1,
      187, 108, 107, -1,
      187, 107, 188, -1,
      188, 107, 106, -1,
      188, 106, 181, -1,
      189, 136, 135, -1,
      189, 135, 190, -1,
      190, 135, 134, -1,
      190, 134, 185, -1,
      136, 189, 115, -1,
      115, 189, 191, -1,
      192, 116, 133, -1,
      192, 133, 193, -1,
      193, 133, 132, -1,
      193, 132, 194, -1,
      194, 132, 115, -1,
      194, 115, 191, -1,
      195, 125, 119, -1,
      195, 119, 196, -1,
      196, 119, 117, -1,
      196, 117, 197, -1,
      197, 117, 198, -1,
      197, 198, 192, -1,
      127, 199, 120, -1,
      120, 199, 200, -1,
      120, 200, 121, -1,
      121, 200, 201, -1,
      121, 201, 123, -1,
      125, 195, 126, -1,
      126, 195, 202, -1,
      126, 202, 127, -1,
      127, 202, 203, -1,
      127, 203, 199, -1,
      204, 130, 129, -1,
      204, 129, 205, -1,
      205, 129, 128, -1,
      205, 128, 206, -1,
      206, 128, 124, -1,
      206, 124, 207, -1,
      207, 124, 123, -1,
      207, 123, 201, -1,
      208, 118, 122, -1,
      208, 122, 209, -1,
      209, 122, 130, -1,
      209, 130, 204, -1,
      210, 114, 113, -1,
      210, 113, 211, -1,
      211, 113, 131, -1,
      211, 131, 212, -1,
      212, 131, 118, -1,
      212, 118, 208, -1,
      213, 69, 68, -1,
      67, 214, 68, -1,
      68, 214, 215, -1,
      68, 215, 213, -1,
      67, 66, 214, -1,
      214, 66, 114, -1,
      214, 114, 210, -1,
      216, 74, 73, -1,
      216, 73, 217, -1,
      217, 73, 72, -1,
      217, 72, 218, -1,
      218, 72, 70, -1,
      218, 70, 219, -1,
      219, 70, 69, -1,
      219, 69, 213, -1,
      220, 221, 62, -1,
      62, 61, 220, -1,
      220, 61, 60, -1,
      220, 60, 222, -1,
      222, 60, 59, -1,
      222, 59, 223, -1,
      223, 59, 75, -1,
      223, 75, 224, -1,
      75, 76, 224, -1,
      224, 76, 74, -1,
      224, 74, 216, -1,
      225, 64, 65, -1,
      225, 65, 226, -1,
      226, 65, 62, -1,
      226, 62, 221, -1,
      64, 225, 63, -1,
      63, 225, 227, -1,
      168, 82, 81, -1,
      168, 81, 228, -1,
      228, 81, 79, -1,
      228, 79, 229, -1,
      229, 79, 63, -1,
      229, 63, 227, -1,
      216, 162, 163, -1,
      216, 163, 224, -1,
      224, 163, 164, -1,
      224, 164, 223, -1,
      223, 164, 222, -1,
      222, 164, 166, -1,
      222, 166, 220, -1,
      220, 166, 167, -1,
      220, 167, 221, -1,
      221, 167, 168, -1,
      221, 168, 226, -1,
      226, 168, 228, -1,
      226, 228, 225, -1,
      225, 228, 229, -1,
      225, 229, 227, -1,
      162, 216, 161, -1,
      161, 216, 217, -1,
      161, 217, 160, -1,
      160, 217, 218, -1,
      160, 218, 159, -1,
      159, 218, 219, -1,
      159, 219, 158, -1,
      158, 219, 213, -1,
      158, 213, 172, -1,
      172, 213, 215, -1,
      172, 215, 171, -1,
      171, 215, 214, -1,
      171, 214, 170, -1,
      170, 214, 210, -1,
      170, 210, 169, -1,
      169, 210, 211, -1,
      169, 211, 174, -1,
      174, 211, 212, -1,
      174, 212, 173, -1,
      173, 212, 208, -1,
      173, 208, 177, -1,
      177, 208, 209, -1,
      177, 209, 176, -1,
      176, 209, 204, -1,
      176, 204, 175, -1,
      175, 204, 205, -1,
      175, 205, 180, -1,
      180, 205, 206, -1,
      180, 206, 179, -1,
      179, 206, 207, -1,
      179, 207, 178, -1,
      178, 207, 201, -1,
      178, 201, 184, -1,
      184, 201, 200, -1,
      184, 200, 183, -1,
      183, 200, 199, -1,
      183, 199, 182, -1,
      182, 199, 203, -1,
      182, 203, 181, -1,
      181, 203, 202, -1,
      181, 202, 188, -1,
      188, 202, 195, -1,
      188, 195, 187, -1,
      195, 196, 187, -1,
      187, 196, 197, -1,
      187, 197, 185, -1,
      185, 197, 192, -1,
      185, 192, 190, -1,
      190, 192, 193, -1,
      190, 193, 189, -1,
      189, 193, 194, -1,
      189, 194, 191, -1,
      41, 230, 42, -1,
      42, 230, 231, -1,
      42, 231, 44, -1,
      44, 231, 232, -1,
      44, 232, 46, -1,
      46, 232, 233, -1,
      46, 233, 48, -1,
      55, 54, 234, -1,
      234, 54, 235, -1,
      235, 54, 236, -1,
      236, 54, 53, -1,
      236, 53, 237, -1,
      53, 52, 237, -1,
      237, 52, 51, -1,
      237, 51, 238, -1,
      238, 51, 50, -1,
      238, 50, 239, -1,
      239, 50, 49, -1,
      239, 49, 240, -1,
      240, 49, 48, -1,
      240, 48, 233, -1,
      241, 58, 57, -1,
      241, 57, 242, -1,
      57, 56, 242, -1,
      242, 56, 55, -1,
      242, 55, 234, -1,
      58, 241, 77, -1,
      77, 241, 243, -1,
      71, 244, 245, -1,
      246, 150, 245, -1,
      245, 150, 149, -1,
      245, 149, 71, -1,
      71, 78, 244, -1,
      244, 78, 77, -1,
      244, 77, 243, -1,
      247, 146, 155, -1,
      247, 155, 248, -1,
      248, 155, 154, -1,
      248, 154, 249, -1,
      249, 154, 153, -1,
      249, 153, 250, -1,
      250, 153, 251, -1,
      251, 153, 152, -1,
      251, 152, 252, -1,
      152, 151, 252, -1,
      252, 151, 150, -1,
      252, 150, 246, -1,
      146, 247, 147, -1,
      147, 247, 253, -1,
      147, 253, 148, -1,
      148, 253, 254, -1,
      255, 109, 256, -1,
      256, 109, 137, -1,
      256, 137, 254, -1,
      254, 137, 156, -1,
      254, 156, 148, -1,
      109, 255, 110, -1,
      110, 255, 257, -1,
      258, 259, 138, -1,
      138, 143, 258, -1,
      258, 143, 112, -1,
      258, 112, 257, -1,
      257, 112, 111, -1,
      257, 111, 110, -1,
      138, 259, 139, -1,
      139, 259, 260, -1,
      139, 260, 140, -1,
      140, 260, 261, -1,
      262, 144, 145, -1,
      262, 145, 263, -1,
      263, 145, 140, -1,
      263, 140, 261, -1,
      264, 141, 265, -1,
      265, 141, 142, -1,
      265, 142, 262, -1,
      262, 142, 144, -1,
      141, 264, 41, -1,
      41, 264, 230, -1,
      233, 232, 263, -1,
      230, 264, 231, -1,
      231, 264, 265, -1,
      231, 265, 232, -1,
      232, 265, 262, -1,
      232, 262, 263, -1,
      240, 233, 253, -1,
      253, 247, 240, -1,
      240, 247, 248, -1,
      240, 248, 239, -1,
      239, 248, 249, -1,
      239, 249, 238, -1,
      238, 249, 250, -1,
      238, 250, 237, -1,
      237, 250, 236, -1,
      236, 250, 251, -1,
      236, 251, 235, -1,
      235, 251, 252, -1,
      235, 252, 234, -1,
      234, 252, 246, -1,
      234, 246, 242, -1,
      242, 246, 245, -1,
      242, 245, 241, -1,
      241, 245, 244, -1,
      241, 244, 243, -1,
      263, 261, 233, -1,
      233, 261, 260, -1,
      233, 260, 253, -1,
      253, 260, 254, -1,
      260, 259, 254, -1,
      254, 259, 258, -1,
      254, 258, 256, -1,
      256, 258, 257, -1,
      256, 257, 255, -1,
      3, 2, 266, -1,
      3, 266, 157, -1,
      157, 266, 267, -1,
      157, 267, 47, -1,
      268, 269, 0, -1,
      268, 0, 270, -1,
      270, 0, 43, -1,
      270, 43, 267, -1,
      267, 43, 45, -1,
      267, 45, 47, -1,
      0, 269, 1, -1,
      1, 269, 271, -1,
      1, 271, 40, -1,
      40, 271, 33, -1,
      33, 271, 272, -1,
      33, 272, 34, -1,
      34, 272, 35, -1,
      35, 272, 273, -1,
      35, 273, 36, -1,
      36, 273, 274, -1,
      36, 274, 17, -1,
      17, 274, 275, -1,
      17, 275, 15, -1,
      15, 275, 13, -1,
      13, 275, 276, -1,
      13, 276, 30, -1,
      30, 276, 277, -1,
      30, 277, 31, -1,
      31, 277, 278, -1,
      31, 278, 32, -1,
      32, 278, 279, -1,
      32, 279, 18, -1,
      18, 279, 280, -1,
      18, 280, 19, -1,
      19, 280, 2, -1,
      2, 280, 266, -1,
      266, 280, 267, -1,
      267, 280, 279, -1,
      267, 279, 270, -1,
      277, 276, 275, -1,
      279, 278, 270, -1,
      270, 278, 277, -1,
      270, 277, 274, -1,
      274, 277, 275, -1,
      272, 271, 273, -1,
      273, 271, 269, -1,
      273, 269, 274, -1,
      274, 269, 268, -1,
      274, 268, 270, -1,
      24, 281, 20, -1,
      20, 281, 282, -1,
      281, 24, 283, -1,
      283, 24, 23, -1,
      283, 23, 284, -1,
      23, 22, 284, -1,
      284, 22, 21, -1,
      284, 21, 285, -1,
      12, 286, 4, -1,
      4, 286, 287, -1,
      285, 21, 287, -1,
      287, 21, 5, -1,
      287, 5, 4, -1,
      12, 11, 286, -1,
      286, 11, 288, -1,
      288, 11, 289, -1,
      289, 11, 10, -1,
      289, 10, 290, -1,
      290, 10, 9, -1,
      290, 9, 291, -1,
      291, 9, 8, -1,
      291, 8, 292, -1,
      8, 7, 292, -1,
      292, 7, 6, -1,
      292, 6, 293, -1,
      6, 25, 293, -1,
      293, 25, 26, -1,
      293, 26, 294, -1,
      294, 26, 29, -1,
      294, 29, 295, -1,
      295, 29, 28, -1,
      295, 28, 296, -1,
      296, 28, 27, -1,
      296, 27, 297, -1,
      297, 27, 38, -1,
      297, 38, 298, -1,
      298, 38, 39, -1,
      298, 39, 299, -1,
      37, 300, 39, -1,
      39, 300, 299, -1,
      300, 37, 16, -1,
      20, 282, 14, -1,
      14, 282, 301, -1,
      14, 301, 16, -1,
      16, 301, 302, -1,
      16, 302, 300, -1,
      303, 304, 305, -1,
      305, 304, 306, -1,
      304, 307, 306, -1,
      306, 307, 308, -1,
      306, 308, 309, -1,
      309, 308, 310, -1,
      309, 310, 311, -1,
      310, 312, 311, -1,
      311, 312, 313, -1,
      314, 315, 316, -1,
      314, 316, 317, -1,
      317, 316, 318, -1,
      317, 318, 319, -1,
      319, 318, 320, -1,
      319, 320, 321, -1,
      321, 320, 313, -1,
      321, 313, 312, -1,
      322, 323, 324, -1,
      324, 323, 325, -1,
      324, 325, 326, -1,
      327, 328, 322, -1,
      322, 328, 329, -1,
      322, 329, 323, -1,
      322, 330, 327, -1,
      327, 330, 315, -1,
      327, 315, 314, -1,
      331, 332, 333, -1,
      331, 333, 334, -1,
      334, 333, 335, -1,
      334, 335, 336, -1,
      336, 335, 337, -1,
      336, 337, 338, -1,
      338, 337, 326, -1,
      338, 326, 325, -1,
      303, 305, 339, -1,
      303, 339, 340, -1,
      340, 339, 341, -1,
      340, 341, 342, -1,
      342, 341, 332, -1,
      342, 332, 331, -1,
      282, 281, 312, -1,
      312, 281, 283, -1,
      312, 283, 321, -1,
      321, 283, 284, -1,
      321, 284, 319, -1,
      319, 284, 285, -1,
      319, 285, 317, -1,
      317, 285, 287, -1,
      317, 287, 314, -1,
      314, 287, 286, -1,
      314, 286, 327, -1,
      327, 286, 288, -1,
      327, 288, 328, -1,
      328, 288, 289, -1,
      328, 289, 329, -1,
      329, 289, 290, -1,
      329, 290, 323, -1,
      323, 290, 291, -1,
      323, 291, 325, -1,
      325, 291, 292, -1,
      325, 292, 338, -1,
      338, 292, 293, -1,
      338, 293, 336, -1,
      336, 293, 294, -1,
      336, 294, 334, -1,
      334, 294, 295, -1,
      334, 295, 331, -1,
      331, 295, 296, -1,
      331, 296, 342, -1,
      342, 296, 297, -1,
      342, 297, 340, -1,
      340, 297, 298, -1,
      340, 298, 303, -1,
      303, 298, 299, -1,
      303, 299, 304, -1,
      304, 299, 300, -1,
      304, 300, 307, -1,
      307, 300, 302, -1,
      307, 302, 308, -1,
      308, 302, 301, -1,
      308, 301, 310, -1,
      310, 301, 282, -1,
      310, 282, 312, -1,
    ]
  }
}

Shape {
  appearance Appearance {
    material Material {
      diffuseColor 0.1529 0.8980 1.0000
      specularColor 0.0784 0.4510 0.5020
      ambientIntensity 0.2
      transparency 0.0000
      shininess 0.5
    }
  }
  geometry IndexedFaceSet {
    ccw TRUE
    solid FALSE
    coord DEF co Coordinate {
      point [
        -1.133138 -0.144136 0.785731,
        -1.134197 -0.138088 0.786789,
        -1.147700 -0.138088 0.764799,
        -1.150523 -0.138088 0.759466,
        -1.149599 -0.143901 0.758542,
        -1.145481 -0.155803 0.760328,
        -1.145799 -0.155313 0.760003,
        -1.147155 -0.152726 0.758828,
        -1.148361 -0.149411 0.758227,
        -1.142064 -0.159168 0.764595,
        -1.139978 -0.159947 0.767692,
        -1.138580 -0.160080 0.769898,
        -1.143863 -0.157789 0.762192,
        -1.133146 -0.155690 0.780412,
        -1.133566 -0.156826 0.779246,
        -1.134539 -0.158373 0.777037,
        -1.135963 -0.159496 0.774313,
        -1.132515 -0.149493 0.784232,
        -1.132609 -0.152930 0.782506,
      ]
    }
    coordIndex [
      9, 10, 2, -1,
      10, 11, 2, -1,
      2, 11, 16, -1,
      2, 16, 15, -1,
      15, 14, 2, -1,
      2, 14, 13, -1,
      2, 13, 18, -1,
      18, 17, 2, -1,
      2, 17, 0, -1,
      2, 0, 1, -1,
      2, 3, 4, -1,
      6, 5, 2, -1,
      2, 5, 12, -1,
      2, 12, 9, -1,
      4, 8, 2, -1,
      2, 8, 7, -1,
      2, 7, 6, -1,
    ]
  }
}

Shape {
  appearance Appearance {
    material Material {
      diffuseColor 0.0000 0.0000 0.0000
      specularColor 0.0000 0.0000 0.0000
      ambientIntensity 0.2
      transparency 0.0000
      shininess 0.5
    }
  }
  geometry IndexedFaceSet {
    ccw TRUE
    solid FALSE
    coord DEF co Coordinate {
      point [
        -1.131479 -0.177795 0.771318,
        -1.122187 -0.182984 0.781292,
        -1.120807 -0.188510 0.779913,
        -1.132778 -0.197887 0.757064,
        -1.140047 -0.177294 0.758021,
        -1.146396 -0.173446 0.748883,
        -1.136182 -0.193965 0.754156,
        -1.140785 -0.197982 0.743523,
        -1.135768 -0.175139 0.765745,
        -1.145432 -0.169154 0.753189,
        -1.147539 -0.167735 0.750026,
        -1.139425 -0.203758 0.741913,
        -1.136593 -0.201257 0.748369,
        -1.135946 -0.200686 0.749842,
        -1.140860 -0.198048 0.743348,
        -1.121106 -0.188510 0.780211,
        -1.134091 -0.198744 0.755197,
        -1.135317 -0.199834 0.752376,
        -1.139731 -0.203758 0.742219,
        -1.122483 -0.182984 0.781589,
        -1.147840 -0.167735 0.750328,
        -1.135265 -0.175702 0.767333,
        -1.134231 -0.176357 0.768731,
        -1.146698 -0.173446 0.749186,
        -1.140348 -0.177294 0.758321,
        -1.136485 -0.193965 0.754458,
        -1.141166 -0.198048 0.743653,
        -1.134433 -0.192368 0.758804,
        -1.134131 -0.192368 0.758502,
        -1.135331 -0.188538 0.759702,
        -1.137285 -0.178931 0.761656,
        -1.137585 -0.178931 0.761955,
        -1.126443 -0.186320 0.774346,
        -1.126145 -0.186320 0.774048,
        -1.133962 -0.192233 0.758857,
        -1.124924 -0.185696 0.776793,
        -1.124627 -0.185696 0.776496,
        -1.125530 -0.186067 0.775039,
        -1.125828 -0.186067 0.775337,
        -1.124955 -0.185573 0.776824,
        -1.124657 -0.185573 0.776526,
        -1.126786 -0.184918 0.774689,
        -1.126485 -0.184918 0.774389,
        -1.125697 -0.185201 0.775313,
        -1.125995 -0.185201 0.775611,
        -1.124957 -0.185573 0.776826,
        -1.135249 -0.180226 0.764709,
        -1.126488 -0.184918 0.774391,
      ]
    }
    coordIndex [
      3, 2, 15, -1,
      15, 16, 3, -1,
      3, 16, 17, -1,
      3, 17, 13, -1,
      13, 17, 12, -1,
      12, 17, 18, -1,
      12, 18, 11, -1,
      1, 19, 2, -1,
      2, 19, 15, -1,
      10, 20, 9, -1,
      9, 20, 21, -1,
      9, 21, 8, -1,
      8, 21, 22, -1,
      8, 22, 0, -1,
      0, 22, 19, -1,
      0, 19, 1, -1,
      5, 23, 10, -1,
      10, 23, 20, -1,
      4, 24, 5, -1,
      5, 24, 23, -1,
      6, 25, 4, -1,
      4, 25, 24, -1,
      14, 26, 7, -1,
      7, 26, 25, -1,
      7, 25, 6, -1,
      11, 18, 14, -1,
      14, 18, 26, -1,
      27, 28, 29, -1,
      29, 28, 30, -1,
      29, 30, 31, -1,
      32, 33, 27, -1,
      27, 33, 34, -1,
      27, 34, 28, -1,
      35, 36, 37, -1,
      35, 37, 38, -1,
      38, 37, 33, -1,
      38, 33, 32, -1,
      35, 39, 36, -1,
      36, 39, 40, -1,
      41, 42, 43, -1,
      41, 43, 44, -1,
      44, 43, 40, -1,
      44, 40, 45, -1,
      31, 30, 46, -1,
      46, 30, 47, -1,
      46, 47, 41, -1,
      46, 41, 19, -1,
      41, 44, 19, -1,
      19, 44, 39, -1,
      19, 39, 15, -1,
      15, 39, 35, -1,
      35, 38, 15, -1,
      15, 38, 32, -1,
      15, 32, 16, -1,
      16, 32, 27, -1,
      16, 27, 17, -1,
      31, 24, 29, -1,
      29, 24, 25, -1,
      26, 18, 25, -1,
      25, 18, 17, -1,
      25, 17, 29, -1,
      29, 17, 27, -1,
      19, 22, 46, -1,
      46, 22, 21, -1,
      46, 21, 31, -1,
      31, 21, 20, -1,
      31, 20, 24, -1,
      24, 20, 23, -1,
    ]
  }
}

Shape {
  appearance Appearance {
    material Material {
      diffuseColor 0.1529 0.8980 1.0000
      specularColor 0.0784 0.4510 0.5020
      ambientIntensity 0.2
      transparency 0.0000
      shininess 0.5
    }
  }
  geometry IndexedFaceSet {
    ccw TRUE
    solid FALSE
    coord DEF co Coordinate {
      point [
        -1.134131 -0.192368 0.758502,
        -1.137285 -0.178931 0.761656,
        -1.126145 -0.186320 0.774048,
        -1.133962 -0.192233 0.758857,
        -1.124627 -0.185696 0.776496,
        -1.125530 -0.186067 0.775039,
        -1.124657 -0.185573 0.776526,
        -1.125697 -0.185201 0.775313,
        -1.126488 -0.184918 0.774391,
      ]
    }
    coordIndex [
      4, 6, 5, -1,
      5, 6, 7, -1,
      5, 7, 2, -1,
      2, 7, 8, -1,
      2, 8, 3, -1,
      3, 8, 1, -1,
      3, 1, 0, -1,
    ]
  }
}

Shape {
  appearance Appearance {
    material Material {
      diffuseColor 0.0000 0.0000 0.0000
      specularColor 0.0000 0.0000 0.0000
      ambientIntensity 0.2
      transparency 0.0000
      shininess 0.5
    }
  }
  geometry IndexedFaceSet {
    ccw TRUE
    solid FALSE
    coord DEF co Coordinate {
      point [
        -1.135972 0.124546 0.789098,
        -1.136165 0.125741 0.788409,
        -1.117665 0.066620 0.828383,
        -1.121155 0.058150 0.825928,
        -1.117226 0.068016 0.828607,
        -1.125939 0.050429 0.821478,
        -1.131369 0.044619 0.815456,
        -1.133508 0.043244 0.812738,
        -1.085794 0.109300 0.847832,
        -1.091588 0.096128 0.846671,
        -1.092035 0.095113 0.846581,
        -1.099624 0.083387 0.842806,
        -1.108685 0.073895 0.836304,
        -1.111865 0.071706 0.833439,
        -1.082369 0.148764 0.837274,
        -1.082028 0.144965 0.838941,
        -1.081187 0.135601 0.843050,
        -1.082462 0.122098 0.846577,
        -1.083726 0.117245 0.847053,
        -1.086933 0.186540 0.816482,
        -1.088905 0.175326 0.820413,
        -1.083728 0.153988 0.834107,
        -1.084318 0.156255 0.832733,
        -1.087217 0.162944 0.827531,
        -1.089949 0.172061 0.821056,
        -1.090999 0.168780 0.821702,
        -1.099738 0.219446 0.785026,
        -1.093985 0.214904 0.793765,
        -1.089767 0.208060 0.801954,
        -1.089019 0.206138 0.803778,
        -1.086999 0.197084 0.810759,
        -1.086944 0.188324 0.815514,
        -1.111874 0.220752 0.770311,
        -1.108122 0.221439 0.774418,
        -1.106353 0.221358 0.776511,
        -1.105835 0.221208 0.777178,
        -1.136867 0.200598 0.748571,
        -1.135967 0.201839 0.749167,
        -1.135904 0.201925 0.749209,
        -1.130417 0.209483 0.752835,
        -1.123270 0.215983 0.758813,
        -1.115650 0.220061 0.766179,
        -1.155354 0.168571 0.733121,
        -1.154587 0.170856 0.733480,
        -1.153282 0.174050 0.734414,
        -1.150278 0.179619 0.737343,
        -1.146938 0.183854 0.741389,
        -1.143324 0.186712 0.746420,
        -1.141957 0.190310 0.746576,
        -1.158323 0.147657 0.738030,
        -1.158337 0.152776 0.735262,
        -1.157354 0.160761 0.733106,
        -1.155719 0.167482 0.732951,
        -1.157549 0.159671 0.733272,
        -1.157505 0.140759 0.743461,
        -1.158319 0.146428 0.738694,
        -1.150574 0.131362 0.762345,
        -1.153648 0.133031 0.755482,
        -1.155348 0.135445 0.750757,
        -1.156020 0.136401 0.748886,
        -1.146164 0.120350 0.774283,
        -1.147731 0.131207 0.767734,
        -1.149146 0.131207 0.765124,
        -1.135878 0.096691 0.798567,
        -1.141749 0.091357 0.791541,
        -1.152869 0.101247 0.769228,
        -1.151886 0.100675 0.771309,
        -1.155338 0.100349 0.764563,
        -1.154426 0.101049 0.766198,
        -1.154362 0.101066 0.766321,
        -1.153396 0.101319 0.768167,
        -1.151056 0.099580 0.773226,
        -1.150544 0.098404 0.774547,
        -1.142935 0.097972 0.787781,
        -1.150115 0.096654 0.775873,
        -1.149937 0.094701 0.776785,
        -1.150023 0.092495 0.777272,
        -1.150061 0.092218 0.777282,
        -1.150228 0.091359 0.777224,
        -1.150338 0.090787 0.777185,
        -1.151403 0.079260 0.778250,
        -1.132037 0.100180 0.803164,
        -1.137353 0.133097 0.784162,
        -1.136263 0.140674 0.782635,
        -1.138019 0.138322 0.780967,
        -1.127546 0.166472 0.782995,
        -1.128475 0.159671 0.785110,
        -1.129296 0.156213 0.785641,
        -1.131630 0.149341 0.785564,
        -1.134604 0.143301 0.783962,
        -1.135987 0.141111 0.782856,
        -1.130657 0.183284 0.769373,
        -1.118535 0.202366 0.774391,
        -1.120973 0.201119 0.772002,
        -1.125328 0.197736 0.768217,
        -1.129682 0.192633 0.765156,
        -1.133354 0.186427 0.763420,
        -1.128650 0.178578 0.774976,
        -1.127596 0.172759 0.779642,
        -1.127576 0.170210 0.781002,
        -1.100272 0.185043 0.805048,
        -1.100932 0.191385 0.800942,
        -1.102612 0.196270 0.796458,
        -1.105381 0.200217 0.791209,
        -1.108940 0.202656 0.785792,
        -1.111905 0.203248 0.781966,
        -1.113197 0.203506 0.780298,
        -1.116094 0.203163 0.776973,
        -1.096018 0.141593 0.828739,
        -1.098576 0.149222 0.823414,
        -1.103776 0.168352 0.809957,
        -1.101559 0.175042 0.808915,
        -1.102731 0.155606 0.816783,
        -1.108100 0.159956 0.809417,
        -1.106887 0.161970 0.809763,
        -1.100919 0.178017 0.808055,
        -1.100438 0.183237 0.805820,
        -1.107844 0.094529 0.832530,
        -1.107295 0.095235 0.832890,
        -1.110037 0.092240 0.830858,
        -1.102193 0.103232 0.835638,
        -1.098330 0.112157 0.836613,
        -1.095856 0.121813 0.835818,
        -1.094993 0.132294 0.833045,
        -1.095971 0.141172 0.828934,
        -1.133561 0.061615 0.810025,
        -1.131088 0.064887 0.812717,
        -1.128814 0.069301 0.814804,
        -1.127170 0.074268 0.815868,
        -1.126226 0.079686 0.815870,
        -1.125996 0.081963 0.815640,
        -1.120669 0.083710 0.821543,
        -1.117321 0.085608 0.824853,
        -1.113997 0.088106 0.827839,
        -1.111893 0.090302 0.829443,
        -1.151522 0.077978 0.778368,
        -1.151455 0.072859 0.779690,
        -1.150676 0.067838 0.782204,
        -1.149233 0.063631 0.785625,
        -1.149028 0.063317 0.786034,
        -1.146957 0.060131 0.790185,
        -1.144369 0.058169 0.794771,
        -1.141349 0.057484 0.799594,
        -1.139922 0.057625 0.801714,
        -1.136670 0.058965 0.806193,
        -1.135981 0.059553 0.807043,
        -1.156289 0.099141 0.762971,
        -1.155403 0.100299 0.764445,
        -1.155356 0.100336 0.764531,
        -1.158083 0.094245 0.760665,
        -1.157974 0.094870 0.760710,
        -1.159714 0.075322 0.762289,
        -1.159733 0.076270 0.762025,
        -1.158288 0.093064 0.760579,
        -1.157618 0.096141 0.761086,
        -1.157503 0.096551 0.761208,
        -1.157135 0.097521 0.761692,
        -1.156885 0.098056 0.762056,
        -1.156726 0.098397 0.762287,
        -1.156352 0.099058 0.762866,
        -1.158202 0.058112 0.769337,
        -1.159541 0.066797 0.764665,
        -1.146615 0.040897 0.793586,
        -1.147636 0.041142 0.791919,
        -1.152083 0.044717 0.783622,
        -1.155350 0.049948 0.776583,
        -1.155612 0.050368 0.776018,
        -1.136784 0.041139 0.808577,
        -1.142180 0.039836 0.800828,
        -1.135971 0.041661 0.809609,
        -1.142465 0.039836 0.801113,
        -1.137067 0.041139 0.808860,
        -1.131650 0.044619 0.815738,
        -1.127013 0.049580 0.820879,
        -1.126219 0.050429 0.821758,
        -1.121435 0.058150 0.826209,
        -1.117946 0.066620 0.828664,
        -1.117507 0.068016 0.828888,
        -1.108967 0.073895 0.836585,
        -1.105227 0.077813 0.839269,
        -1.099907 0.083387 0.843089,
        -1.099525 0.083976 0.843279,
        -1.092319 0.095113 0.846866,
        -1.082752 0.122098 0.846867,
        -1.086082 0.109300 0.848120,
        -1.084613 0.156255 0.833028,
        -1.082663 0.148764 0.837568,
        -1.082261 0.127311 0.845506,
        -1.081480 0.135601 0.843343,
        -1.087513 0.162944 0.827827,
        -1.088555 0.164553 0.826220,
        -1.091294 0.168780 0.821998,
        -1.090246 0.172061 0.821353,
        -1.089202 0.175326 0.820711,
        -1.087233 0.186540 0.816783,
        -1.087302 0.197084 0.811062,
        -1.088310 0.201598 0.807582,
        -1.089324 0.206138 0.804083,
        -1.090072 0.208060 0.802259,
        -1.094292 0.214904 0.794072,
        -1.100044 0.219446 0.785332,
        -1.105257 0.220953 0.778624,
        -1.106659 0.221358 0.776818,
        -1.108428 0.221439 0.774724,
        -1.115957 0.220061 0.766485,
        -1.123576 0.215983 0.759118,
        -1.126976 0.212891 0.756274,
        -1.130722 0.209483 0.753140,
        -1.137172 0.200598 0.748876,
        -1.142261 0.190310 0.746880,
        -1.143628 0.186712 0.746724,
        -1.150584 0.179619 0.737649,
        -1.147243 0.183854 0.741694,
        -1.145509 0.185224 0.744106,
        -1.156027 0.167482 0.733259,
        -1.154893 0.170860 0.733789,
        -1.153589 0.174050 0.734721,
        -1.157662 0.160761 0.733414,
        -1.157857 0.159671 0.733580,
        -1.157914 0.159171 0.733724,
        -1.158626 0.146428 0.739001,
        -1.158645 0.152776 0.735570,
        -1.157809 0.140759 0.743765,
        -1.156324 0.136401 0.749189,
        -1.154008 0.133117 0.755614,
        -1.153948 0.133031 0.755782,
        -1.150872 0.131362 0.762643,
        -1.149443 0.131207 0.765420,
        -1.148027 0.131207 0.768030,
        -1.142037 0.091357 0.791829,
        -1.144421 0.106643 0.782785,
        -1.147240 0.124723 0.772090,
        -1.145506 0.113604 0.778668,
        -1.132323 0.100180 0.803450,
        -1.133314 0.105492 0.800516,
        -1.134209 0.111377 0.797064,
        -1.138311 0.138322 0.781259,
        -1.136550 0.140681 0.782932,
        -1.134896 0.143301 0.784254,
        -1.133454 0.146229 0.785030,
        -1.131922 0.149341 0.785856,
        -1.129588 0.156213 0.785933,
        -1.128768 0.159671 0.785403,
        -1.127841 0.166472 0.783290,
        -1.127892 0.172759 0.779938,
        -1.128947 0.178578 0.775273,
        -1.130076 0.181224 0.772123,
        -1.130956 0.183284 0.769671,
        -1.133653 0.186427 0.763720,
        -1.129983 0.192633 0.765456,
        -1.127011 0.196116 0.767546,
        -1.125628 0.197736 0.768518,
        -1.121274 0.201119 0.772303,
        -1.118826 0.202371 0.774703,
        -1.116395 0.203163 0.777275,
        -1.113498 0.203506 0.780600,
        -1.109241 0.202656 0.786093,
        -1.105681 0.200217 0.791510,
        -1.101231 0.191385 0.801241,
        -1.102712 0.195690 0.797290,
        -1.102912 0.196270 0.796757,
        -1.105271 0.199631 0.792289,
        -1.100569 0.185043 0.805346,
        -1.101215 0.178017 0.808350,
        -1.101854 0.175042 0.809210,
        -1.104070 0.168352 0.810251,
        -1.105268 0.165893 0.810176,
        -1.107179 0.161970 0.810056,
        -1.108391 0.159956 0.809709,
        -1.106446 0.158380 0.812378,
        -1.105258 0.157417 0.814008,
        -1.103022 0.155606 0.817075,
        -1.098866 0.149222 0.823705,
        -1.096307 0.141593 0.829029,
        -1.095281 0.132294 0.833334,
        -1.095960 0.124038 0.835517,
        -1.096143 0.121813 0.836105,
        -1.098615 0.112157 0.836898,
        -1.102477 0.103232 0.835922,
        -1.105259 0.098870 0.834422,
        -1.107578 0.095235 0.833173,
        -1.108127 0.094529 0.832813,
        -1.114280 0.088106 0.828121,
        -1.117586 0.085619 0.825151,
        -1.120951 0.083710 0.821825,
        -1.126279 0.081963 0.815922,
        -1.126509 0.079686 0.816152,
        -1.131370 0.064887 0.812999,
        -1.129096 0.069301 0.815087,
        -1.127453 0.074265 0.816150,
        -1.127026 0.076717 0.816151,
        -1.126789 0.078080 0.816152,
        -1.136954 0.058965 0.806476,
        -1.133843 0.061615 0.810308,
        -1.140207 0.057625 0.801998,
        -1.141635 0.057484 0.799880,
        -1.144656 0.058169 0.795058,
        -1.145522 0.058824 0.793526,
        -1.147246 0.060131 0.790474,
        -1.149318 0.063317 0.786324,
        -1.149522 0.063631 0.785915,
        -1.150967 0.067838 0.782496,
        -1.151377 0.070477 0.781174,
        -1.151746 0.072859 0.779982,
        -1.151814 0.077978 0.778661,
        -1.150631 0.090787 0.777478,
        -1.150633 0.090787 0.777480,
        -1.150535 0.091364 0.777489,
        -1.150369 0.092224 0.777546,
        -1.150020 0.092495 0.777270,
        -1.150316 0.092495 0.777565,
        -1.150230 0.094701 0.777078,
        -1.150409 0.096654 0.776167,
        -1.150838 0.098404 0.774841,
        -1.151351 0.099580 0.773520,
        -1.152181 0.100675 0.771604,
        -1.153164 0.101247 0.769523,
        -1.153693 0.101319 0.768463,
        -1.155701 0.100299 0.764743,
        -1.155635 0.100349 0.764860,
        -1.154723 0.101049 0.766495,
        -1.154659 0.101066 0.766618,
        -1.156587 0.099141 0.763270,
        -1.156651 0.099058 0.763164,
        -1.157174 0.098031 0.762381,
        -1.157437 0.097513 0.761987,
        -1.157802 0.096551 0.761507,
        -1.157915 0.096139 0.761391,
        -1.158319 0.094668 0.760975,
        -1.158389 0.094248 0.760950,
        -1.158587 0.093064 0.760879,
        -1.160033 0.076270 0.762324,
        -1.159843 0.066950 0.764922,
        -1.159840 0.066797 0.764964,
        -1.158499 0.058112 0.769633,
        -1.155906 0.050368 0.776312,
        -1.152374 0.044717 0.783913,
        -1.147924 0.041142 0.792207,
        -1.145485 0.040558 0.796187,
        -1.138621 0.159956 0.769896,
        -1.139220 0.157586 0.770130,
        -1.138917 0.159956 0.770192,
        -1.139516 0.157586 0.770426,
        -1.139982 0.156237 0.770343,
        -1.139684 0.156243 0.770048,
        -1.140526 0.154943 0.770098,
        -1.140230 0.154943 0.769802,
        -1.141119 0.153757 0.769705,
        -1.140824 0.153756 0.769409,
        -1.141773 0.152652 0.769159,
        -1.141477 0.152652 0.768863,
        -1.142461 0.151674 0.768481,
        -1.142167 0.151671 0.768183,
        -1.143181 0.150819 0.767673,
        -1.142885 0.150819 0.767377,
        -1.144316 0.149582 0.765502,
        -1.144613 0.149582 0.765799,
        -1.145527 0.149175 0.764376,
        -1.145775 0.148932 0.763230,
        -1.146072 0.148932 0.763527,
        -1.147082 0.148928 0.760853,
        -1.147380 0.148928 0.761151,
        -1.148313 0.149608 0.758220,
        -1.148611 0.149608 0.758519,
        -1.149272 0.150931 0.755722,
        -1.149572 0.150931 0.756022,
        -1.149843 0.152477 0.753824,
        -1.150144 0.152477 0.754125,
        -1.150204 0.154639 0.751993,
        -1.150505 0.154639 0.752294,
        -1.150233 0.157104 0.750629,
        -1.150535 0.157104 0.750931,
        -1.149893 0.159956 0.749768,
        -1.150194 0.159956 0.750070,
        -1.149798 0.160441 0.749690,
        -1.150100 0.160441 0.749991,
        -1.149127 0.162996 0.749607,
        -1.149429 0.162996 0.749909,
        -1.148954 0.164319 0.750102,
        -1.148653 0.164317 0.749800,
        -1.148412 0.165569 0.750455,
        -1.145562 0.169374 0.752823,
        -1.147179 0.167748 0.751583,
        -1.146878 0.167748 0.751282,
        -1.148110 0.165569 0.750153,
        -1.144440 0.170500 0.755085,
        -1.145528 0.169639 0.753585,
        -1.145863 0.169374 0.753124,
        -1.144139 0.170500 0.754784,
        -1.142676 0.171027 0.757096,
        -1.142976 0.171027 0.757396,
        -1.141274 0.170886 0.759617,
        -1.141573 0.170886 0.759916,
        -1.140044 0.170047 0.762176,
        -1.140342 0.170047 0.762474,
        -1.139098 0.168576 0.764559,
        -1.139396 0.168576 0.764857,
        -1.138693 0.167450 0.765837,
        -1.138991 0.167450 0.766134,
        -1.138295 0.165225 0.767677,
        -1.138592 0.165225 0.767974,
        -1.138264 0.162739 0.769034,
        -1.138561 0.162739 0.769330,
        -1.105272 0.158857 0.813413,
        -1.105272 0.082886 0.838287,
        -1.116395 0.203163 0.777274,
        -1.145530 0.170348 0.753180,
        -1.145530 0.139106 0.769060,
      ]
    }
    coordIndex [
      168, 167, 170, -1,
      170, 167, 171, -1,
      167, 169, 171, -1,
      171, 169, 7, -1,
      171, 7, 172, -1,
      172, 7, 6, -1,
      172, 6, 173, -1,
      173, 6, 5, -1,
      173, 5, 174, -1,
      174, 5, 3, -1,
      174, 3, 175, -1,
      175, 3, 2, -1,
      175, 2, 176, -1,
      176, 2, 4, -1,
      176, 4, 177, -1,
      177, 4, 13, -1,
      177, 13, 178, -1,
      178, 13, 12, -1,
      178, 12, 179, -1,
      179, 12, 11, -1,
      179, 11, 180, -1,
      181, 180, 11, -1,
      181, 11, 182, -1,
      17, 183, 18, -1,
      18, 183, 184, -1,
      11, 10, 182, -1,
      182, 10, 9, -1,
      182, 9, 184, -1,
      184, 9, 8, -1,
      184, 8, 18, -1,
      22, 185, 21, -1,
      21, 185, 186, -1,
      183, 17, 187, -1,
      187, 17, 16, -1,
      187, 16, 188, -1,
      188, 16, 15, -1,
      188, 15, 186, -1,
      186, 15, 14, -1,
      186, 14, 21, -1,
      22, 23, 185, -1,
      185, 23, 189, -1,
      189, 23, 190, -1,
      190, 23, 25, -1,
      190, 25, 191, -1,
      191, 25, 24, -1,
      191, 24, 192, -1,
      192, 24, 20, -1,
      192, 20, 193, -1,
      193, 20, 19, -1,
      193, 19, 194, -1,
      194, 19, 31, -1,
      194, 31, 195, -1,
      195, 31, 30, -1,
      195, 30, 196, -1,
      196, 30, 29, -1,
      196, 29, 197, -1,
      197, 29, 28, -1,
      197, 28, 198, -1,
      198, 28, 27, -1,
      198, 27, 199, -1,
      199, 27, 26, -1,
      199, 26, 200, -1,
      200, 26, 201, -1,
      201, 26, 35, -1,
      201, 35, 202, -1,
      35, 34, 202, -1,
      202, 34, 33, -1,
      202, 33, 203, -1,
      203, 33, 32, -1,
      203, 32, 204, -1,
      32, 41, 204, -1,
      204, 41, 40, -1,
      204, 40, 205, -1,
      205, 40, 206, -1,
      206, 40, 39, -1,
      206, 39, 207, -1,
      37, 208, 38, -1,
      38, 208, 207, -1,
      38, 207, 39, -1,
      37, 36, 208, -1,
      208, 36, 48, -1,
      208, 48, 209, -1,
      209, 48, 47, -1,
      209, 47, 210, -1,
      44, 211, 45, -1,
      45, 211, 212, -1,
      45, 212, 46, -1,
      46, 212, 213, -1,
      46, 213, 47, -1,
      47, 213, 210, -1,
      42, 214, 43, -1,
      43, 214, 215, -1,
      43, 215, 44, -1,
      44, 215, 216, -1,
      44, 216, 211, -1,
      42, 52, 214, -1,
      214, 52, 51, -1,
      214, 51, 217, -1,
      217, 51, 53, -1,
      217, 53, 218, -1,
      219, 218, 53, -1,
      49, 220, 221, -1,
      219, 53, 221, -1,
      221, 53, 50, -1,
      221, 50, 49, -1,
      49, 55, 220, -1,
      220, 55, 54, -1,
      220, 54, 222, -1,
      222, 54, 59, -1,
      222, 59, 223, -1,
      223, 59, 58, -1,
      223, 58, 224, -1,
      224, 58, 57, -1,
      224, 57, 225, -1,
      225, 57, 56, -1,
      225, 56, 226, -1,
      226, 56, 62, -1,
      226, 62, 227, -1,
      61, 228, 62, -1,
      62, 228, 227, -1,
      64, 229, 73, -1,
      73, 229, 230, -1,
      73, 230, 60, -1,
      228, 61, 231, -1,
      231, 61, 60, -1,
      231, 60, 232, -1,
      232, 60, 230, -1,
      81, 233, 63, -1,
      63, 233, 229, -1,
      63, 229, 64, -1,
      233, 81, 234, -1,
      234, 81, 235, -1,
      81, 0, 235, -1,
      235, 0, 1, -1,
      235, 1, 236, -1,
      236, 1, 82, -1,
      236, 82, 84, -1,
      237, 236, 84, -1,
      84, 83, 237, -1,
      237, 83, 90, -1,
      237, 90, 238, -1,
      238, 90, 89, -1,
      238, 89, 239, -1,
      239, 89, 88, -1,
      239, 88, 240, -1,
      240, 88, 87, -1,
      240, 87, 241, -1,
      241, 87, 86, -1,
      241, 86, 242, -1,
      242, 86, 85, -1,
      242, 85, 243, -1,
      243, 85, 99, -1,
      243, 99, 244, -1,
      99, 98, 244, -1,
      244, 98, 97, -1,
      244, 97, 245, -1,
      245, 97, 246, -1,
      246, 97, 91, -1,
      246, 91, 247, -1,
      247, 91, 96, -1,
      247, 96, 248, -1,
      96, 95, 248, -1,
      248, 95, 249, -1,
      249, 95, 250, -1,
      250, 95, 94, -1,
      250, 94, 251, -1,
      251, 94, 93, -1,
      251, 93, 252, -1,
      252, 93, 253, -1,
      253, 93, 92, -1,
      253, 92, 254, -1,
      92, 107, 254, -1,
      254, 107, 106, -1,
      254, 106, 255, -1,
      255, 106, 105, -1,
      255, 105, 256, -1,
      105, 104, 256, -1,
      256, 104, 103, -1,
      256, 103, 257, -1,
      258, 259, 102, -1,
      102, 259, 260, -1,
      102, 260, 103, -1,
      103, 260, 261, -1,
      103, 261, 257, -1,
      102, 101, 258, -1,
      258, 101, 100, -1,
      258, 100, 262, -1,
      262, 100, 116, -1,
      262, 116, 263, -1,
      116, 115, 263, -1,
      263, 115, 111, -1,
      263, 111, 264, -1,
      111, 110, 264, -1,
      264, 110, 265, -1,
      265, 110, 266, -1,
      266, 110, 114, -1,
      266, 114, 267, -1,
      267, 114, 113, -1,
      267, 113, 268, -1,
      269, 268, 113, -1,
      269, 113, 270, -1,
      270, 113, 112, -1,
      270, 112, 271, -1,
      271, 112, 109, -1,
      271, 109, 272, -1,
      272, 109, 108, -1,
      272, 108, 273, -1,
      273, 108, 124, -1,
      273, 124, 274, -1,
      274, 124, 123, -1,
      274, 123, 275, -1,
      275, 123, 122, -1,
      275, 122, 276, -1,
      276, 122, 121, -1,
      276, 121, 277, -1,
      277, 121, 120, -1,
      277, 120, 278, -1,
      278, 120, 279, -1,
      279, 120, 118, -1,
      279, 118, 280, -1,
      280, 118, 117, -1,
      280, 117, 281, -1,
      281, 117, 119, -1,
      281, 119, 282, -1,
      119, 134, 282, -1,
      282, 134, 133, -1,
      282, 133, 283, -1,
      283, 133, 132, -1,
      283, 132, 284, -1,
      132, 131, 284, -1,
      284, 131, 130, -1,
      284, 130, 285, -1,
      129, 286, 130, -1,
      130, 286, 285, -1,
      125, 287, 126, -1,
      126, 287, 288, -1,
      126, 288, 127, -1,
      127, 288, 289, -1,
      127, 289, 128, -1,
      128, 289, 290, -1,
      128, 290, 129, -1,
      129, 290, 291, -1,
      129, 291, 286, -1,
      145, 292, 125, -1,
      125, 292, 293, -1,
      125, 293, 287, -1,
      145, 144, 292, -1,
      292, 144, 143, -1,
      292, 143, 294, -1,
      294, 143, 142, -1,
      294, 142, 295, -1,
      142, 141, 295, -1,
      295, 141, 296, -1,
      296, 141, 297, -1,
      297, 141, 140, -1,
      297, 140, 298, -1,
      298, 140, 139, -1,
      298, 139, 299, -1,
      299, 139, 138, -1,
      299, 138, 300, -1,
      300, 138, 137, -1,
      300, 137, 301, -1,
      301, 137, 302, -1,
      302, 137, 136, -1,
      302, 136, 303, -1,
      303, 136, 135, -1,
      303, 135, 304, -1,
      79, 305, 80, -1,
      80, 305, 304, -1,
      80, 304, 135, -1,
      306, 79, 78, -1,
      306, 78, 307, -1,
      307, 78, 77, -1,
      307, 77, 308, -1,
      308, 77, 309, -1,
      308, 309, 310, -1,
      310, 76, 75, -1,
      310, 75, 311, -1,
      311, 75, 74, -1,
      311, 74, 312, -1,
      312, 74, 72, -1,
      312, 72, 313, -1,
      313, 72, 71, -1,
      313, 71, 314, -1,
      314, 71, 66, -1,
      314, 66, 315, -1,
      315, 66, 65, -1,
      315, 65, 316, -1,
      316, 65, 70, -1,
      316, 70, 317, -1,
      318, 319, 67, -1,
      317, 70, 69, -1,
      67, 319, 68, -1,
      68, 319, 320, -1,
      68, 320, 69, -1,
      69, 320, 321, -1,
      69, 321, 317, -1,
      67, 148, 318, -1,
      318, 148, 147, -1,
      318, 147, 322, -1,
      322, 147, 146, -1,
      322, 146, 323, -1,
      323, 146, 159, -1,
      323, 159, 324, -1,
      159, 158, 324, -1,
      324, 158, 157, -1,
      324, 157, 325, -1,
      325, 157, 156, -1,
      325, 156, 326, -1,
      326, 156, 155, -1,
      326, 155, 327, -1,
      327, 155, 154, -1,
      327, 154, 328, -1,
      328, 154, 150, -1,
      328, 150, 329, -1,
      150, 149, 329, -1,
      329, 149, 153, -1,
      329, 153, 330, -1,
      152, 331, 153, -1,
      153, 331, 330, -1,
      331, 152, 151, -1,
      331, 151, 332, -1,
      332, 151, 161, -1,
      332, 161, 333, -1,
      333, 161, 160, -1,
      333, 160, 334, -1,
      334, 160, 166, -1,
      334, 166, 335, -1,
      335, 166, 165, -1,
      335, 165, 336, -1,
      165, 164, 336, -1,
      336, 164, 163, -1,
      336, 163, 337, -1,
      337, 163, 162, -1,
      337, 162, 338, -1,
      338, 162, 168, -1,
      338, 168, 170, -1,
      339, 340, 341, -1,
      341, 340, 342, -1,
      342, 340, 343, -1,
      343, 340, 344, -1,
      343, 344, 345, -1,
      345, 344, 346, -1,
      345, 346, 347, -1,
      347, 346, 348, -1,
      347, 348, 349, -1,
      349, 348, 350, -1,
      349, 350, 351, -1,
      351, 350, 352, -1,
      351, 352, 353, -1,
      352, 354, 353, -1,
      353, 354, 355, -1,
      353, 355, 356, -1,
      356, 355, 357, -1,
      357, 355, 358, -1,
      357, 358, 359, -1,
      359, 358, 360, -1,
      359, 360, 361, -1,
      361, 360, 362, -1,
      361, 362, 363, -1,
      363, 362, 364, -1,
      363, 364, 365, -1,
      365, 364, 366, -1,
      365, 366, 367, -1,
      367, 366, 368, -1,
      367, 368, 369, -1,
      369, 368, 370, -1,
      369, 370, 371, -1,
      371, 370, 372, -1,
      371, 372, 373, -1,
      373, 372, 374, -1,
      373, 374, 375, -1,
      375, 374, 376, -1,
      375, 376, 377, -1,
      377, 376, 378, -1,
      378, 376, 379, -1,
      378, 379, 380, -1,
      381, 382, 383, -1,
      383, 382, 380, -1,
      383, 380, 384, -1,
      384, 380, 379, -1,
      385, 386, 381, -1,
      381, 386, 387, -1,
      381, 387, 382, -1,
      381, 388, 385, -1,
      385, 388, 389, -1,
      385, 389, 390, -1,
      390, 389, 391, -1,
      390, 391, 392, -1,
      392, 391, 393, -1,
      392, 393, 394, -1,
      394, 393, 395, -1,
      394, 395, 396, -1,
      396, 395, 397, -1,
      396, 397, 398, -1,
      398, 397, 399, -1,
      398, 399, 400, -1,
      400, 399, 401, -1,
      400, 401, 402, -1,
      402, 401, 339, -1,
      402, 339, 341, -1,
      210, 213, 248, -1,
      270, 403, 269, -1,
      178, 179, 404, -1,
      177, 291, 176, -1,
      176, 291, 290, -1,
      176, 290, 175, -1,
      175, 290, 174, -1,
      174, 290, 173, -1,
      173, 290, 289, -1,
      173, 289, 288, -1,
      288, 287, 173, -1,
      173, 287, 293, -1,
      173, 293, 172, -1,
      172, 293, 292, -1,
      172, 292, 171, -1,
      171, 292, 170, -1,
      292, 294, 170, -1,
      170, 294, 295, -1,
      170, 295, 338, -1,
      295, 296, 338, -1,
      338, 296, 297, -1,
      338, 297, 337, -1,
      337, 297, 298, -1,
      337, 298, 336, -1,
      336, 298, 299, -1,
      336, 299, 335, -1,
      335, 299, 300, -1,
      335, 300, 334, -1,
      334, 300, 301, -1,
      334, 301, 333, -1,
      333, 301, 302, -1,
      333, 302, 332, -1,
      332, 302, 303, -1,
      332, 303, 331, -1,
      331, 303, 304, -1,
      331, 304, 330, -1,
      330, 304, 305, -1,
      330, 305, 307, -1,
      317, 321, 308, -1,
      308, 321, 307, -1,
      308, 310, 311, -1,
      311, 312, 308, -1,
      308, 312, 313, -1,
      308, 313, 314, -1,
      314, 315, 308, -1,
      308, 315, 316, -1,
      308, 316, 317, -1,
      321, 320, 307, -1,
      307, 320, 319, -1,
      307, 319, 318, -1,
      318, 322, 307, -1,
      307, 322, 323, -1,
      307, 323, 324, -1,
      324, 325, 307, -1,
      307, 325, 326, -1,
      307, 326, 327, -1,
      327, 328, 307, -1,
      307, 328, 329, -1,
      307, 329, 330, -1,
      281, 404, 280, -1,
      280, 404, 279, -1,
      281, 282, 404, -1,
      404, 282, 283, -1,
      404, 283, 284, -1,
      177, 178, 291, -1,
      291, 178, 404, -1,
      291, 404, 286, -1,
      286, 404, 284, -1,
      286, 284, 285, -1,
      182, 184, 277, -1,
      190, 271, 189, -1,
      189, 271, 272, -1,
      189, 272, 185, -1,
      185, 272, 273, -1,
      277, 184, 276, -1,
      276, 184, 183, -1,
      276, 183, 275, -1,
      275, 183, 187, -1,
      275, 187, 274, -1,
      274, 187, 188, -1,
      274, 188, 273, -1,
      273, 188, 186, -1,
      273, 186, 185, -1,
      268, 269, 267, -1,
      267, 269, 403, -1,
      267, 403, 266, -1,
      266, 403, 265, -1,
      262, 263, 193, -1,
      193, 263, 264, -1,
      193, 264, 192, -1,
      192, 264, 265, -1,
      192, 265, 191, -1,
      191, 265, 403, -1,
      191, 403, 190, -1,
      190, 403, 270, -1,
      190, 270, 271, -1,
      199, 261, 260, -1,
      193, 194, 262, -1,
      262, 194, 195, -1,
      262, 195, 258, -1,
      258, 195, 196, -1,
      258, 196, 259, -1,
      259, 196, 197, -1,
      259, 197, 260, -1,
      260, 197, 198, -1,
      260, 198, 199, -1,
      255, 256, 201, -1,
      204, 405, 203, -1,
      203, 405, 255, -1,
      203, 255, 202, -1,
      202, 255, 201, -1,
      199, 200, 261, -1,
      261, 200, 201, -1,
      261, 201, 257, -1,
      257, 201, 256, -1,
      248, 213, 247, -1,
      406, 246, 247, -1,
      210, 248, 209, -1,
      209, 248, 249, -1,
      209, 249, 208, -1,
      208, 249, 207, -1,
      207, 249, 250, -1,
      207, 250, 206, -1,
      206, 250, 251, -1,
      206, 251, 205, -1,
      205, 251, 252, -1,
      205, 252, 204, -1,
      204, 252, 253, -1,
      204, 253, 405, -1,
      353, 356, 407, -1,
      406, 385, 246, -1,
      246, 385, 390, -1,
      246, 390, 392, -1,
      353, 407, 351, -1,
      347, 349, 239, -1,
      392, 394, 246, -1,
      246, 394, 396, -1,
      246, 396, 245, -1,
      245, 396, 398, -1,
      245, 398, 244, -1,
      244, 398, 400, -1,
      244, 400, 243, -1,
      243, 400, 402, -1,
      243, 402, 242, -1,
      242, 402, 341, -1,
      242, 341, 241, -1,
      241, 341, 342, -1,
      241, 342, 240, -1,
      240, 342, 343, -1,
      240, 343, 239, -1,
      239, 343, 345, -1,
      239, 345, 347, -1,
      235, 236, 407, -1,
      407, 236, 237, -1,
      349, 351, 239, -1,
      239, 351, 407, -1,
      239, 407, 238, -1,
      238, 407, 237, -1,
      227, 228, 407, -1,
      224, 225, 407, -1,
      407, 225, 226, -1,
      407, 226, 227, -1,
      228, 231, 407, -1,
      407, 231, 232, -1,
      407, 232, 235, -1,
      235, 232, 230, -1,
      235, 230, 234, -1,
      234, 230, 229, -1,
      234, 229, 233, -1,
      356, 357, 407, -1,
      407, 357, 359, -1,
      407, 359, 224, -1,
      359, 361, 224, -1,
      224, 361, 363, -1,
      224, 363, 223, -1,
      223, 363, 365, -1,
      223, 365, 222, -1,
      222, 365, 367, -1,
      222, 367, 220, -1,
      220, 367, 369, -1,
      220, 369, 221, -1,
      221, 369, 371, -1,
      221, 371, 219, -1,
      219, 371, 373, -1,
      219, 373, 375, -1,
      375, 377, 219, -1,
      219, 377, 378, -1,
      219, 378, 380, -1,
      382, 387, 406, -1,
      406, 387, 386, -1,
      406, 386, 385, -1,
      211, 216, 406, -1,
      247, 213, 406, -1,
      406, 213, 212, -1,
      406, 212, 211, -1,
      216, 215, 406, -1,
      406, 215, 214, -1,
      406, 214, 217, -1,
      380, 382, 219, -1,
      219, 382, 406, -1,
      219, 406, 218, -1,
      218, 406, 217, -1,
      277, 278, 182, -1,
      182, 278, 279, -1,
      182, 279, 181, -1,
      181, 279, 404, -1,
      181, 404, 180, -1,
      180, 404, 179, -1,
    ]
  }
}

Shape {
  appearance Appearance {
    material Material {
      diffuseColor 0.1529 0.8980 1.0000
      specularColor 0.0784 0.4510 0.5020
      ambientIntensity 0.2
      transparency 0.0000
      shininess 0.5
    }
  }
  geometry IndexedFaceSet {
    ccw TRUE
    solid FALSE
    coord DEF co Coordinate {
      point [
        -1.138621 0.159956 0.769896,
        -1.139220 0.157586 0.770130,
        -1.139684 0.156243 0.770048,
        -1.140230 0.154943 0.769802,
        -1.140824 0.153756 0.769409,
        -1.141477 0.152652 0.768863,
        -1.142167 0.151671 0.768183,
        -1.142885 0.150819 0.767377,
        -1.144316 0.149582 0.765502,
        -1.145775 0.148932 0.763230,
        -1.147082 0.148928 0.760853,
        -1.148313 0.149608 0.758220,
        -1.149272 0.150931 0.755722,
        -1.149843 0.152477 0.753824,
        -1.150204 0.154639 0.751993,
        -1.150233 0.157104 0.750629,
        -1.149893 0.159956 0.749768,
        -1.149798 0.160441 0.749690,
        -1.149127 0.162996 0.749607,
        -1.148653 0.164317 0.749800,
        -1.145562 0.169374 0.752823,
        -1.146878 0.167748 0.751282,
        -1.148110 0.165569 0.750153,
        -1.144139 0.170500 0.754784,
        -1.142676 0.171027 0.757096,
        -1.141274 0.170886 0.759617,
        -1.140044 0.170047 0.762176,
        -1.139098 0.168576 0.764559,
        -1.138693 0.167450 0.765837,
        -1.138295 0.165225 0.767677,
        -1.138264 0.162739 0.769034,
        -1.146128 0.156013 0.759044,
        -1.143536 0.166613 0.758052,
      ]
    }
    coordIndex [
      18, 17, 6, -1,
      31, 10, 9, -1,
      9, 8, 31, -1,
      31, 8, 7, -1,
      31, 7, 6, -1,
      14, 13, 31, -1,
      14, 31, 15, -1,
      6, 17, 31, -1,
      31, 17, 16, -1,
      31, 16, 15, -1,
      13, 12, 31, -1,
      31, 12, 11, -1,
      31, 11, 10, -1,
      3, 2, 22, -1,
      18, 6, 19, -1,
      19, 6, 5, -1,
      19, 5, 22, -1,
      22, 5, 4, -1,
      22, 4, 3, -1,
      1, 0, 32, -1,
      32, 0, 30, -1,
      32, 30, 29, -1,
      23, 20, 32, -1,
      2, 1, 22, -1,
      22, 1, 32, -1,
      22, 32, 21, -1,
      21, 32, 20, -1,
      29, 28, 32, -1,
      32, 28, 27, -1,
      32, 27, 26, -1,
      26, 25, 32, -1,
      32, 25, 24, -1,
      32, 24, 23, -1,
    ]
  }
}

Shape {
  appearance Appearance {
    material Material {
      diffuseColor 0.0000 0.5020 1.0000
      specularColor 0.0000 0.2510 0.5020
      ambientIntensity 0.2
      transparency 0.0000
      shininess 0.5
    }
  }
  geometry IndexedFaceSet {
    ccw TRUE
    solid FALSE
    coord DEF co Coordinate {
      point [
        -0.817057 0.000000 0.913386,
        -0.698947 0.053019 0.910298,
        -0.817057 0.053019 0.910298,
        -0.698947 0.105320 0.901076,
        -0.817057 0.105320 0.901076,
        -0.698947 0.156198 0.885844,
        -0.817057 0.156198 0.885844,
        -0.698947 0.204963 0.864809,
        -0.817057 0.204963 0.864809,
        -0.698947 0.250957 0.838254,
        -0.817057 0.250957 0.838254,
        -0.698947 0.293557 0.806540,
        -0.817057 0.293557 0.806540,
        -0.698947 0.332186 0.770094,
        -0.817057 0.332186 0.770094,
        -0.698947 0.366324 0.729411,
        -0.817057 0.366324 0.729411,
        -0.698947 0.395507 0.685039,
        -0.817057 0.395507 0.685039,
        -0.698947 0.419343 0.637580,
        -0.817057 0.419343 0.637580,
        -0.698947 0.437507 0.587674,
        -0.817057 0.437507 0.587674,
        -0.698947 0.449755 0.535997,
        -0.817057 0.449755 0.535997,
        -0.698947 0.455920 0.483247,
        -0.817057 0.455920 0.483247,
        -0.698947 0.455920 0.430139,
        -0.817057 0.455920 0.430139,
        -0.698947 0.449755 0.377389,
        -0.817057 0.449755 0.377389,
        -0.698947 0.437507 0.325712,
        -0.817057 0.437507 0.325712,
        -0.698947 0.419343 0.275806,
        -0.817057 0.419343 0.275806,
        -0.698947 0.395507 0.228346,
        -0.817057 0.395507 0.228346,
        -0.698947 0.366324 0.183975,
        -0.817057 0.366324 0.183975,
        -0.698947 0.332186 0.143291,
        -0.817057 0.332186 0.143291,
        -0.698947 0.293557 0.106846,
        -0.817057 0.293557 0.106846,
        -0.698947 0.250957 0.075131,
        -0.817057 0.250957 0.075131,
        -0.698947 0.204963 0.048577,
        -0.817057 0.204963 0.048577,
        -0.698947 0.156198 0.027542,
        -0.817057 0.156198 0.027542,
        -0.698947 0.105320 0.012310,
        -0.817057 0.105320 0.012310,
        -0.698947 0.053019 0.003088,
        -0.817057 0.053019 0.003088,
        -0.698947 0.000000 0.000000,
        -0.817057 0.000000 0.000000,
        -0.698947 -0.053019 0.003088,
        -0.817057 -0.053019 0.003088,
        -0.698947 -0.105320 0.012310,
        -0.817057 -0.105320 0.012310,
        -0.698947 -0.156198 0.027542,
        -0.817057 -0.156198 0.027542,
        -0.698947 -0.204963 0.048577,
        -0.817057 -0.204963 0.048577,
        -0.698947 -0.250957 0.075131,
        -0.817057 -0.250957 0.075131,
        -0.698947 -0.293557 0.106846,
        -0.817057 -0.293557 0.106846,
        -0.698947 -0.332186 0.143291,
        -0.817057 -0.332186 0.143291,
        -0.698947 -0.366324 0.183975,
        -0.817057 -0.366324 0.183975,
        -0.698947 -0.395507 0.228346,
        -0.817057 -0.395507 0.228346,
        -0.698947 -0.419343 0.275806,
        -0.817057 -0.419343 0.275806,
        -0.698947 -0.437507 0.325712,
        -0.817057 -0.437507 0.325712,
        -0.698947 -0.449755 0.377389,
        -0.817057 -0.449755 0.377389,
        -0.698947 -0.455920 0.430139,
        -0.817057 -0.455920 0.430139,
        -0.698947 -0.455920 0.483247,
        -0.817057 -0.455920 0.483247,
        -0.698947 -0.449755 0.535997,
        -0.817057 -0.449755 0.535997,
        -0.698947 -0.437507 0.587674,
        -0.817057 -0.437507 0.587674,
        -0.698947 -0.419343 0.637580,
        -0.817057 -0.419343 0.637580,
        -0.698947 -0.395507 0.685039,
        -0.817057 -0.395507 0.685039,
        -0.698947 -0.366324 0.729411,
        -0.817057 -0.366324 0.729411,
        -0.698947 -0.332186 0.770094,
        -0.817057 -0.332186 0.770094,
        -0.698947 -0.293557 0.806540,
        -0.817057 -0.293557 0.806540,
        -0.698947 -0.250957 0.838254,
        -0.817057 -0.250957 0.838254,
        -0.698947 -0.204963 0.864809,
        -0.817057 -0.204963 0.864809,
        -0.698947 -0.156198 0.885844,
        -0.817057 -0.156198 0.885844,
        -0.698947 -0.105320 0.901076,
        -0.817057 -0.105320 0.901076,
        -0.698947 -0.053019 0.910298,
        -0.817057 -0.053019 0.910298,
        -0.698947 0.000000 0.913386,
        -0.698947 -0.419564 0.626851,
        -0.698947 -0.436744 0.576033,
        -0.698947 -0.447794 0.523541,
        -0.698947 -0.452557 0.470109,
        -0.698947 -0.450967 0.416490,
        -0.698947 -0.443047 0.363435,
        -0.698947 -0.428907 0.311689,
        -0.698947 -0.408747 0.261978,
        -0.698947 -0.382848 0.215001,
        -0.698947 -0.351576 0.171417,
        -0.698947 -0.315368 0.131837,
        -0.698947 -0.274732 0.096818,
        -0.698947 -0.230241 0.066850,
        -0.698947 -0.182517 0.042356,
        -0.698947 -0.132230 0.023677,
        -0.698947 -0.080088 0.011077,
        -0.698947 -0.026822 0.004732,
        -0.698947 0.026822 0.004732,
        -0.698947 0.080088 0.011077,
        -0.698947 0.132230 0.023677,
        -0.698947 0.182517 0.042356,
        -0.698947 0.230241 0.066850,
        -0.698947 0.274732 0.096818,
        -0.698947 0.315368 0.131837,
        -0.698947 0.351576 0.171417,
        -0.698947 0.382848 0.215001,
        -0.698947 0.408747 0.261978,
        -0.698947 0.428907 0.311689,
        -0.698947 0.443047 0.363435,
        -0.698947 0.450967 0.416490,
        -0.698947 0.452557 0.470109,
        -0.698947 0.447794 0.523541,
        -0.698947 0.436744 0.576033,
        -0.698947 0.419564 0.626851,
        -0.698947 0.396494 0.675280,
        -0.698947 0.367858 0.720640,
        -0.698947 0.334058 0.762295,
        -0.698947 0.295569 0.799661,
        -0.698947 0.252931 0.832211,
        -0.698947 0.206742 0.859490,
        -0.698947 0.157650 0.881115,
        -0.698947 0.106346 0.896782,
        -0.698947 0.053549 0.906271,
        -0.698947 -0.000000 0.909449,
        -0.698947 -0.053549 0.906271,
        -0.698947 -0.106346 0.896782,
        -0.698947 -0.157650 0.881115,
        -0.698947 -0.206742 0.859490,
        -0.698947 -0.252931 0.832211,
        -0.698947 -0.295569 0.799661,
        -0.698947 -0.334058 0.762295,
        -0.698947 -0.367858 0.720640,
        -0.698947 -0.396494 0.675280,
        -0.817057 -0.000000 0.909449,
        -0.817057 0.053549 0.906271,
        -0.817057 0.106346 0.896782,
        -0.817057 0.157650 0.881115,
        -0.817057 0.206742 0.859490,
        -0.817057 0.252931 0.832211,
        -0.817057 0.295569 0.799661,
        -0.817057 0.334058 0.762295,
        -0.817057 0.367858 0.720640,
        -0.817057 0.396494 0.675280,
        -0.817057 0.419564 0.626851,
        -0.817057 0.436744 0.576033,
        -0.817057 0.447794 0.523541,
        -0.817057 0.452557 0.470109,
        -0.817057 0.450967 0.416490,
        -0.817057 0.443047 0.363435,
        -0.817057 0.428907 0.311689,
        -0.817057 0.408747 0.261978,
        -0.817057 0.382848 0.215001,
        -0.817057 0.351576 0.171417,
        -0.817057 0.315368 0.131837,
        -0.817057 0.274732 0.096818,
        -0.817057 0.230241 0.066850,
        -0.817057 0.182517 0.042356,
        -0.817057 0.132230 0.023677,
        -0.817057 0.080088 0.011077,
        -0.817057 0.026822 0.004732,
        -0.817057 -0.026822 0.004732,
        -0.817057 -0.080088 0.011077,
        -0.817057 -0.132230 0.023677,
        -0.817057 -0.182517 0.042356,
        -0.817057 -0.230241 0.066850,
        -0.817057 -0.274732 0.096818,
        -0.817057 -0.315368 0.131837,
        -0.817057 -0.351576 0.171417,
        -0.817057 -0.382848 0.215001,
        -0.817057 -0.408747 0.261978,
        -0.817057 -0.428907 0.311689,
        -0.817057 -0.443047 0.363435,
        -0.817057 -0.450967 0.416490,
        -0.817057 -0.452557 0.470109,
        -0.817057 -0.447794 0.523541,
        -0.817057 -0.436744 0.576033,
        -0.817057 -0.419564 0.626851,
        -0.817057 -0.396494 0.675280,
        -0.817057 -0.367858 0.720640,
        -0.817057 -0.334058 0.762295,
        -0.817057 -0.295569 0.799661,
        -0.817057 -0.252931 0.832211,
        -0.817057 -0.206742 0.859490,
        -0.817057 -0.157650 0.881115,
        -0.817057 -0.106346 0.896782,
        -0.817057 -0.053549 0.906271,
        -0.345005 -0.380933 0.570737,
        -0.345005 -0.391597 0.525742,
        -0.345005 -0.389386 0.514822,
        -0.345005 -0.396965 0.479813,
        -0.345005 -0.393528 0.468359,
        -0.345005 -0.396965 0.433572,
        -0.345005 -0.392146 0.421734,
        -0.345005 -0.391597 0.387644,
        -0.345005 -0.385258 0.375599,
        -0.345005 -0.380933 0.342649,
        -0.345005 -0.372963 0.330602,
        -0.345005 -0.365117 0.299196,
        -0.345005 -0.355432 0.287376,
        -0.345005 -0.344365 0.257874,
        -0.345005 -0.332912 0.246526,
        -0.345005 -0.318954 0.219240,
        -0.345005 -0.305718 0.208627,
        -0.345005 -0.289231 0.183817,
        -0.345005 -0.274233 0.174210,
        -0.345005 -0.255596 0.152085,
        -0.345005 -0.238898 0.143758,
        -0.345005 -0.218506 0.124471,
        -0.345005 -0.200209 0.117699,
        -0.345005 -0.178459 0.101351,
        -0.345005 -0.158710 0.096399,
        -0.345005 -0.136000 0.083035,
        -0.345005 -0.114983 0.080157,
        -0.345005 -0.091702 0.069774,
        -0.345005 -0.069642 0.069200,
        -0.345005 -0.046163 0.061744,
        -0.345005 -0.023323 0.063683,
        -0.345005 0.000000 0.059055,
        -0.345005 0.023323 0.063683,
        -0.345005 0.046163 0.061744,
        -0.345005 0.069642 0.069200,
        -0.345005 0.091702 0.069774,
        -0.345005 0.114983 0.080157,
        -0.345005 0.136000 0.083035,
        -0.345005 0.158710 0.096399,
        -0.345005 0.178459 0.101351,
        -0.345005 0.200209 0.117699,
        -0.345005 0.218506 0.124471,
        -0.345005 0.238898 0.143758,
        -0.345005 0.255596 0.152085,
        -0.345005 0.274233 0.174210,
        -0.345005 0.289231 0.183817,
        -0.345005 0.305718 0.208627,
        -0.345005 0.318954 0.219240,
        -0.345005 0.332912 0.246526,
        -0.345005 0.344365 0.257874,
        -0.345005 0.355432 0.287376,
        -0.345005 0.365117 0.299196,
        -0.345005 0.372963 0.330602,
        -0.345005 0.380933 0.342649,
        -0.345005 0.385258 0.375599,
        -0.345005 0.391597 0.387644,
        -0.345005 0.392146 0.421734,
        -0.345005 0.396965 0.433572,
        -0.345005 0.393528 0.468359,
        -0.345005 0.396965 0.479813,
        -0.345005 0.389386 0.514822,
        -0.345005 0.391597 0.525742,
        -0.345005 0.379778 0.560467,
        -0.345005 0.380933 0.570737,
        -0.345005 0.364839 0.604657,
        -0.345005 0.365117 0.614189,
        -0.345005 0.344778 0.646769,
        -0.345005 0.344365 0.655512,
        -0.345005 0.319877 0.686213,
        -0.345005 0.318954 0.694146,
        -0.345005 0.290485 0.722434,
        -0.345005 0.289231 0.729569,
        -0.345005 0.257017 0.754926,
        -0.345005 0.255596 0.761301,
        -0.345005 0.219940 0.783231,
        -0.345005 0.218506 0.788915,
        -0.345005 0.179775 0.806952,
        -0.345005 0.178459 0.812035,
        -0.345005 0.137087 0.825756,
        -0.345005 0.136000 0.830350,
        -0.345005 0.092475 0.839379,
        -0.345005 0.091702 0.843612,
        -0.345005 0.046564 0.847630,
        -0.345005 0.046163 0.851642,
        -0.345005 -0.000000 0.850394,
        -0.345005 0.000000 0.854331,
        -0.345005 -0.046564 0.847630,
        -0.345005 -0.046163 0.851642,
        -0.345005 -0.092475 0.839379,
        -0.345005 -0.091702 0.843612,
        -0.345005 -0.137087 0.825756,
        -0.345005 -0.136000 0.830350,
        -0.345005 -0.179775 0.806952,
        -0.345005 -0.178459 0.812035,
        -0.345005 -0.219940 0.783231,
        -0.345005 -0.218506 0.788915,
        -0.345005 -0.257017 0.754926,
        -0.345005 -0.255596 0.761301,
        -0.345005 -0.290485 0.722434,
        -0.345005 -0.289231 0.729569,
        -0.345005 -0.319877 0.686213,
        -0.345005 -0.318954 0.694146,
        -0.345005 -0.344778 0.646769,
        -0.345005 -0.344365 0.655512,
        -0.345005 -0.364839 0.604657,
        -0.345005 -0.365117 0.614189,
        -0.345005 -0.379778 0.560467,
        -0.463115 0.000000 0.854331,
        -0.463115 0.046163 0.851642,
        -0.463115 0.091702 0.843612,
        -0.463115 0.136000 0.830350,
        -0.463115 0.178459 0.812035,
        -0.463115 0.218506 0.788915,
        -0.463115 0.255596 0.761301,
        -0.463115 0.289231 0.729569,
        -0.463115 0.318954 0.694146,
        -0.463115 0.344365 0.655512,
        -0.463115 0.365117 0.614189,
        -0.463115 0.380933 0.570737,
        -0.463115 0.391597 0.525742,
        -0.463115 0.396965 0.479813,
        -0.463115 0.396965 0.433572,
        -0.463115 0.391597 0.387644,
        -0.463115 0.380933 0.342649,
        -0.463115 0.365117 0.299196,
        -0.463115 0.344365 0.257874,
        -0.463115 0.318954 0.219240,
        -0.463115 0.289231 0.183817,
        -0.463115 0.255596 0.152085,
        -0.463115 0.218506 0.124471,
        -0.463115 0.178459 0.101351,
        -0.463115 0.136000 0.083035,
        -0.463115 0.091702 0.069774,
        -0.463115 0.046163 0.061744,
        -0.463115 0.000000 0.059055,
        -0.463115 -0.046163 0.061744,
        -0.463115 -0.091702 0.069774,
        -0.463115 -0.136000 0.083035,
        -0.463115 -0.178459 0.101351,
        -0.463115 -0.218506 0.124471,
        -0.463115 -0.255596 0.152085,
        -0.463115 -0.289231 0.183817,
        -0.463115 -0.318954 0.219240,
        -0.463115 -0.344365 0.257874,
        -0.463115 -0.365117 0.299196,
        -0.463115 -0.380933 0.342649,
        -0.463115 -0.391597 0.387644,
        -0.463115 -0.396965 0.433572,
        -0.463115 -0.396965 0.479813,
        -0.463115 -0.391597 0.525742,
        -0.463115 -0.380933 0.570737,
        -0.463115 -0.365117 0.614189,
        -0.463115 -0.344365 0.655512,
        -0.463115 -0.318954 0.694146,
        -0.463115 -0.289231 0.729569,
        -0.463115 -0.255596 0.761301,
        -0.463115 -0.218506 0.788915,
        -0.463115 -0.178459 0.812035,
        -0.463115 -0.136000 0.830350,
        -0.463115 -0.091702 0.843612,
        -0.463115 -0.046163 0.851642,
        -0.463115 0.389386 0.514822,
        -0.463115 0.393528 0.468359,
        -0.463115 0.392146 0.421734,
        -0.463115 0.385258 0.375599,
        -0.463115 0.372963 0.330602,
        -0.463115 0.355432 0.287376,
        -0.463115 0.332912 0.246526,
        -0.463115 0.305718 0.208627,
        -0.463115 0.274233 0.174210,
        -0.463115 0.238898 0.143758,
        -0.463115 0.200209 0.117699,
        -0.463115 0.158710 0.096399,
        -0.463115 0.114983 0.080157,
        -0.463115 0.069642 0.069200,
        -0.463115 0.023323 0.063683,
        -0.463115 -0.023323 0.063683,
        -0.463115 -0.069642 0.069200,
        -0.463115 -0.114983 0.080157,
        -0.463115 -0.158710 0.096399,
        -0.463115 -0.200209 0.117699,
        -0.463115 -0.238898 0.143758,
        -0.463115 -0.274233 0.174210,
        -0.463115 -0.305718 0.208627,
        -0.463115 -0.332912 0.246526,
        -0.463115 -0.355432 0.287376,
        -0.463115 -0.372963 0.330602,
        -0.463115 -0.385258 0.375599,
        -0.463115 -0.392146 0.421734,
        -0.463115 -0.393528 0.468359,
        -0.463115 -0.389386 0.514822,
        -0.463115 -0.379778 0.560467,
        -0.463115 -0.364839 0.604657,
        -0.463115 -0.344778 0.646769,
        -0.463115 -0.319877 0.686213,
        -0.463115 -0.290485 0.722434,
        -0.463115 -0.257017 0.754926,
        -0.463115 -0.219940 0.783231,
        -0.463115 -0.179775 0.806952,
        -0.463115 -0.137087 0.825756,
        -0.463115 -0.092475 0.839379,
        -0.463115 -0.046564 0.847630,
        -0.463115 0.000000 0.850394,
        -0.463115 0.046564 0.847630,
        -0.463115 0.092475 0.839379,
        -0.463115 0.137087 0.825756,
        -0.463115 0.179775 0.806952,
        -0.463115 0.219940 0.783231,
        -0.463115 0.257017 0.754926,
        -0.463115 0.290485 0.722434,
        -0.463115 0.319877 0.686213,
        -0.463115 0.344778 0.646769,
        -0.463115 0.364839 0.604657,
        -0.463115 0.379778 0.560467,
        -0.137975 0.000000 0.854331,
        -0.019865 0.046163 0.851642,
        -0.137975 0.046163 0.851642,
        -0.019865 0.091702 0.843612,
        -0.137975 0.091702 0.843612,
        -0.019865 0.136000 0.830350,
        -0.137975 0.136000 0.830350,
        -0.019865 0.178459 0.812035,
        -0.137975 0.178459 0.812035,
        -0.019865 0.218506 0.788915,
        -0.137975 0.218506 0.788915,
        -0.019865 0.255596 0.761301,
        -0.137975 0.255596 0.761301,
        -0.019865 0.289231 0.729569,
        -0.137975 0.289231 0.729569,
        -0.019865 0.318954 0.694146,
        -0.137975 0.318954 0.694146,
        -0.019865 0.344365 0.655512,
        -0.137975 0.344365 0.655512,
        -0.019865 0.365117 0.614189,
        -0.137975 0.365117 0.614189,
        -0.019865 0.380933 0.570737,
        -0.137975 0.380933 0.570737,
        -0.019865 0.391597 0.525742,
        -0.137975 0.391597 0.525742,
        -0.019865 0.396965 0.479813,
        -0.137975 0.396965 0.479813,
        -0.019865 0.396965 0.433572,
        -0.137975 0.396965 0.433572,
        -0.019865 0.391597 0.387644,
        -0.137975 0.391597 0.387644,
        -0.019865 0.380933 0.342649,
        -0.137975 0.380933 0.342649,
        -0.019865 0.365117 0.299196,
        -0.137975 0.365117 0.299196,
        -0.019865 0.344365 0.257874,
        -0.137975 0.344365 0.257874,
        -0.019865 0.318954 0.219240,
        -0.137975 0.318954 0.219240,
        -0.019865 0.289231 0.183817,
        -0.137975 0.289231 0.183817,
        -0.019865 0.255596 0.152085,
        -0.137975 0.255596 0.152085,
        -0.019865 0.218506 0.124471,
        -0.137975 0.218506 0.124471,
        -0.019865 0.178459 0.101351,
        -0.137975 0.178459 0.101351,
        -0.019865 0.136000 0.083035,
        -0.137975 0.136000 0.083035,
        -0.019865 0.091702 0.069774,
        -0.137975 0.091702 0.069774,
        -0.019865 0.046163 0.061744,
        -0.137975 0.046163 0.061744,
        -0.019865 0.000000 0.059055,
        -0.137975 0.000000 0.059055,
        -0.019865 -0.046163 0.061744,
        -0.137975 -0.046163 0.061744,
        -0.019865 -0.091702 0.069774,
        -0.137975 -0.091702 0.069774,
        -0.019865 -0.136000 0.083035,
        -0.137975 -0.136000 0.083035,
        -0.019865 -0.178459 0.101351,
        -0.137975 -0.178459 0.101351,
        -0.019865 -0.218506 0.124471,
        -0.137975 -0.218506 0.124471,
        -0.019865 -0.255596 0.152085,
        -0.137975 -0.255596 0.152085,
        -0.019865 -0.289231 0.183817,
        -0.137975 -0.289231 0.183817,
        -0.019865 -0.318954 0.219240,
        -0.137975 -0.318954 0.219240,
        -0.019865 -0.344365 0.257874,
        -0.137975 -0.344365 0.257874,
        -0.019865 -0.365117 0.299196,
        -0.137975 -0.365117 0.299196,
        -0.019865 -0.380933 0.342649,
        -0.137975 -0.380933 0.342649,
        -0.019865 -0.391597 0.387644,
        -0.137975 -0.391597 0.387644,
        -0.019865 -0.396965 0.433572,
        -0.137975 -0.396965 0.433572,
        -0.019865 -0.396965 0.479813,
        -0.137975 -0.396965 0.479813,
        -0.019865 -0.391597 0.525742,
        -0.137975 -0.391597 0.525742,
        -0.019865 -0.380933 0.570737,
        -0.137975 -0.380933 0.570737,
        -0.019865 -0.365117 0.614189,
        -0.137975 -0.365117 0.614189,
        -0.019865 -0.344365 0.655512,
        -0.137975 -0.344365 0.655512,
        -0.019865 -0.318954 0.694146,
        -0.137975 -0.318954 0.694146,
        -0.019865 -0.289231 0.729569,
        -0.137975 -0.289231 0.729569,
        -0.019865 -0.255596 0.761301,
        -0.137975 -0.255596 0.761301,
        -0.019865 -0.218506 0.788915,
        -0.137975 -0.218506 0.788915,
        -0.019865 -0.178459 0.812035,
        -0.137975 -0.178459 0.812035,
        -0.019865 -0.136000 0.830350,
        -0.137975 -0.136000 0.830350,
        -0.019865 -0.091702 0.843612,
        -0.137975 -0.091702 0.843612,
        -0.019865 -0.046163 0.851642,
        -0.137975 -0.046163 0.851642,
        -0.019865 0.000000 0.854331,
        -0.019865 -0.389386 0.514822,
        -0.019865 -0.393528 0.468359,
        -0.019865 -0.392146 0.421734,
        -0.019865 -0.385258 0.375599,
        -0.019865 -0.372963 0.330602,
        -0.019865 -0.355432 0.287376,
        -0.019865 -0.332912 0.246526,
        -0.019865 -0.305718 0.208627,
        -0.019865 -0.274233 0.174210,
        -0.019865 -0.238898 0.143758,
        -0.019865 -0.200209 0.117699,
        -0.019865 -0.158710 0.096399,
        -0.019865 -0.114983 0.080157,
        -0.019865 -0.069642 0.069200,
        -0.019865 -0.023323 0.063683,
        -0.019865 0.023323 0.063683,
        -0.019865 0.069642 0.069200,
        -0.019865 0.114983 0.080157,
        -0.019865 0.158710 0.096399,
        -0.019865 0.200209 0.117699,
        -0.019865 0.238898 0.143758,
        -0.019865 0.274233 0.174210,
        -0.019865 0.305718 0.208627,
        -0.019865 0.332912 0.246526,
        -0.019865 0.355432 0.287376,
        -0.019865 0.372963 0.330602,
        -0.019865 0.385258 0.375599,
        -0.019865 0.392146 0.421734,
        -0.019865 0.393528 0.468359,
        -0.019865 0.389386 0.514822,
        -0.019865 0.379778 0.560467,
        -0.019865 0.364839 0.604657,
        -0.019865 0.344778 0.646769,
        -0.019865 0.319877 0.686213,
        -0.019865 0.290485 0.722434,
        -0.019865 0.257017 0.754926,
        -0.019865 0.219940 0.783231,
        -0.019865 0.179775 0.806952,
        -0.019865 0.137087 0.825756,
        -0.019865 0.092475 0.839379,
        -0.019865 0.046564 0.847630,
        -0.019865 -0.000000 0.850394,
        -0.019865 -0.046564 0.847630,
        -0.019865 -0.092475 0.839379,
        -0.019865 -0.137087 0.825756,
        -0.019865 -0.179775 0.806952,
        -0.019865 -0.219940 0.783231,
        -0.019865 -0.257017 0.754926,
        -0.019865 -0.290485 0.722434,
        -0.019865 -0.319877 0.686213,
        -0.019865 -0.344778 0.646769,
        -0.019865 -0.364839 0.604657,
        -0.019865 -0.379778 0.560467,
        -0.137975 -0.000000 0.850394,
        -0.137975 0.046564 0.847630,
        -0.137975 0.092475 0.839379,
        -0.137975 0.137087 0.825756,
        -0.137975 0.179775 0.806952,
        -0.137975 0.219940 0.783231,
        -0.137975 0.257017 0.754926,
        -0.137975 0.290485 0.722434,
        -0.137975 0.319877 0.686213,
        -0.137975 0.344778 0.646769,
        -0.137975 0.364839 0.604657,
        -0.137975 0.379778 0.560467,
        -0.137975 0.389386 0.514822,
        -0.137975 0.393528 0.468359,
        -0.137975 0.392146 0.421734,
        -0.137975 0.385258 0.375599,
        -0.137975 0.372963 0.330602,
        -0.137975 0.355432 0.287376,
        -0.137975 0.332912 0.246526,
        -0.137975 0.305718 0.208627,
        -0.137975 0.274233 0.174210,
        -0.137975 0.238898 0.143758,
        -0.137975 0.200209 0.117699,
        -0.137975 0.158710 0.096399,
        -0.137975 0.114983 0.080157,
        -0.137975 0.069642 0.069200,
        -0.137975 0.023323 0.063683,
        -0.137975 -0.023323 0.063683,
        -0.137975 -0.069642 0.069200,
        -0.137975 -0.114983 0.080157,
        -0.137975 -0.158710 0.096399,
        -0.137975 -0.200209 0.117699,
        -0.137975 -0.238898 0.143758,
        -0.137975 -0.274233 0.174210,
        -0.137975 -0.305718 0.208627,
        -0.137975 -0.332912 0.246526,
        -0.137975 -0.355432 0.287376,
        -0.137975 -0.372963 0.330602,
        -0.137975 -0.385258 0.375599,
        -0.137975 -0.392146 0.421734,
        -0.137975 -0.393528 0.468359,
        -0.137975 -0.389386 0.514822,
        -0.137975 -0.379778 0.560467,
        -0.137975 -0.364839 0.604657,
        -0.137975 -0.344778 0.646769,
        -0.137975 -0.319877 0.686213,
        -0.137975 -0.290485 0.722434,
        -0.137975 -0.257017 0.754926,
        -0.137975 -0.219940 0.783231,
        -0.137975 -0.179775 0.806952,
        -0.137975 -0.137087 0.825756,
        -0.137975 -0.092475 0.839379,
        -0.137975 -0.046564 0.847630,
        0.193478 0.000000 0.854331,
        0.311588 0.046163 0.851642,
        0.193478 0.046163 0.851642,
        0.311588 0.091702 0.843612,
        0.193478 0.091702 0.843612,
        0.311588 0.136000 0.830350,
        0.193478 0.136000 0.830350,
        0.311588 0.178459 0.812035,
        0.193478 0.178459 0.812035,
        0.311588 0.218506 0.788915,
        0.193478 0.218506 0.788915,
        0.311588 0.255596 0.761301,
        0.193478 0.255596 0.761301,
        0.311588 0.289231 0.729569,
        0.193478 0.289231 0.729569,
        0.311588 0.318954 0.694146,
        0.193478 0.318954 0.694146,
        0.311588 0.344365 0.655512,
        0.193478 0.344365 0.655512,
        0.311588 0.365117 0.614189,
        0.193478 0.365117 0.614189,
        0.311588 0.380933 0.570737,
        0.193478 0.380933 0.570737,
        0.311588 0.391597 0.525742,
        0.193478 0.391597 0.525742,
        0.311588 0.396965 0.479813,
        0.193478 0.396965 0.479813,
        0.311588 0.396965 0.433572,
        0.193478 0.396965 0.433572,
        0.311588 0.391597 0.387644,
        0.193478 0.391597 0.387644,
        0.311588 0.380933 0.342649,
        0.193478 0.380933 0.342649,
        0.311588 0.365117 0.299196,
        0.193478 0.365117 0.299196,
        0.311588 0.344365 0.257874,
        0.193478 0.344365 0.257874,
        0.311588 0.318954 0.219240,
        0.193478 0.318954 0.219240,
        0.311588 0.289231 0.183817,
        0.193478 0.289231 0.183817,
        0.311588 0.255596 0.152085,
        0.193478 0.255596 0.152085,
        0.311588 0.218506 0.124471,
        0.193478 0.218506 0.124471,
        0.311588 0.178459 0.101351,
        0.193478 0.178459 0.101351,
        0.311588 0.136000 0.083035,
        0.193478 0.136000 0.083035,
        0.311588 0.091702 0.069774,
        0.193478 0.091702 0.069774,
        0.311588 0.046163 0.061744,
        0.193478 0.046163 0.061744,
        0.311588 0.000000 0.059055,
        0.193478 0.000000 0.059055,
        0.311588 -0.046163 0.061744,
        0.193478 -0.046163 0.061744,
        0.311588 -0.091702 0.069774,
        0.193478 -0.091702 0.069774,
        0.311588 -0.136000 0.083035,
        0.193478 -0.136000 0.083035,
        0.311588 -0.178459 0.101351,
        0.193478 -0.178459 0.101351,
        0.311588 -0.218506 0.124471,
        0.193478 -0.218506 0.124471,
        0.311588 -0.255596 0.152085,
        0.193478 -0.255596 0.152085,
        0.311588 -0.289231 0.183817,
        0.193478 -0.289231 0.183817,
        0.311588 -0.318954 0.219240,
        0.193478 -0.318954 0.219240,
        0.311588 -0.344365 0.257874,
        0.193478 -0.344365 0.257874,
        0.311588 -0.365117 0.299196,
        0.193478 -0.365117 0.299196,
        0.311588 -0.380933 0.342649,
        0.193478 -0.380933 0.342649,
        0.311588 -0.391597 0.387644,
        0.193478 -0.391597 0.387644,
        0.311588 -0.396965 0.433572,
        0.193478 -0.396965 0.433572,
        0.311588 -0.396965 0.479813,
        0.193478 -0.396965 0.479813,
        0.311588 -0.391597 0.525742,
        0.193478 -0.391597 0.525742,
        0.311588 -0.380933 0.570737,
        0.193478 -0.380933 0.570737,
        0.311588 -0.365117 0.614189,
        0.193478 -0.365117 0.614189,
        0.311588 -0.344365 0.655512,
        0.193478 -0.344365 0.655512,
        0.311588 -0.318954 0.694146,
        0.193478 -0.318954 0.694146,
        0.311588 -0.289231 0.729569,
        0.193478 -0.289231 0.729569,
        0.311588 -0.255596 0.761301,
        0.193478 -0.255596 0.761301,
        0.311588 -0.218506 0.788915,
        0.193478 -0.218506 0.788915,
        0.311588 -0.178459 0.812035,
        0.193478 -0.178459 0.812035,
        0.311588 -0.136000 0.830350,
        0.193478 -0.136000 0.830350,
        0.311588 -0.091702 0.843612,
        0.193478 -0.091702 0.843612,
        0.311588 -0.046163 0.851642,
        0.193478 -0.046163 0.851642,
        0.311588 0.000000 0.854331,
        0.311588 -0.389386 0.514822,
        0.311588 -0.393528 0.468359,
        0.311588 -0.392146 0.421734,
        0.311588 -0.385258 0.375599,
        0.311588 -0.372963 0.330602,
        0.311588 -0.355432 0.287376,
        0.311588 -0.332912 0.246526,
        0.311588 -0.305718 0.208627,
        0.311588 -0.274233 0.174210,
        0.311588 -0.238898 0.143758,
        0.311588 -0.200209 0.117699,
        0.311588 -0.158710 0.096399,
        0.311588 -0.114983 0.080157,
        0.311588 -0.069642 0.069200,
        0.311588 -0.023323 0.063683,
        0.311588 0.023323 0.063683,
        0.311588 0.069642 0.069200,
        0.311588 0.114983 0.080157,
        0.311588 0.158710 0.096399,
        0.311588 0.200209 0.117699,
        0.311588 0.238898 0.143758,
        0.311588 0.274233 0.174210,
        0.311588 0.305718 0.208627,
        0.311588 0.332912 0.246526,
        0.311588 0.355432 0.287376,
        0.311588 0.372963 0.330602,
        0.311588 0.385258 0.375599,
        0.311588 0.392146 0.421734,
        0.311588 0.393528 0.468359,
        0.311588 0.389386 0.514822,
        0.311588 0.379778 0.560467,
        0.311588 0.364839 0.604657,
        0.311588 0.344778 0.646769,
        0.311588 0.319877 0.686213,
        0.311588 0.290485 0.722434,
        0.311588 0.257017 0.754926,
        0.311588 0.219940 0.783231,
        0.311588 0.179775 0.806952,
        0.311588 0.137087 0.825756,
        0.311588 0.092475 0.839379,
        0.311588 0.046564 0.847630,
        0.311588 -0.000000 0.850394,
        0.311588 -0.046564 0.847630,
        0.311588 -0.092475 0.839379,
        0.311588 -0.137087 0.825756,
        0.311588 -0.179775 0.806952,
        0.311588 -0.219940 0.783231,
        0.311588 -0.257017 0.754926,
        0.311588 -0.290485 0.722434,
        0.311588 -0.319877 0.686213,
        0.311588 -0.344778 0.646769,
        0.311588 -0.364839 0.604657,
        0.311588 -0.379778 0.560467,
        0.193478 -0.000000 0.850394,
        0.193478 0.046564 0.847630,
        0.193478 0.092475 0.839379,
        0.193478 0.137087 0.825756,
        0.193478 0.179775 0.806952,
        0.193478 0.219940 0.783231,
        0.193478 0.257017 0.754926,
        0.193478 0.290485 0.722434,
        0.193478 0.319877 0.686213,
        0.193478 0.344778 0.646769,
        0.193478 0.364839 0.604657,
        0.193478 0.379778 0.560467,
        0.193478 0.389386 0.514822,
        0.193478 0.393528 0.468359,
        0.193478 0.392146 0.421734,
        0.193478 0.385258 0.375599,
        0.193478 0.372963 0.330602,
        0.193478 0.355432 0.287376,
        0.193478 0.332912 0.246526,
        0.193478 0.305718 0.208627,
        0.193478 0.274233 0.174210,
        0.193478 0.238898 0.143758,
        0.193478 0.200209 0.117699,
        0.193478 0.158710 0.096399,
        0.193478 0.114983 0.080157,
        0.193478 0.069642 0.069200,
        0.193478 0.023323 0.063683,
        0.193478 -0.023323 0.063683,
        0.193478 -0.069642 0.069200,
        0.193478 -0.114983 0.080157,
        0.193478 -0.158710 0.096399,
        0.193478 -0.200209 0.117699,
        0.193478 -0.238898 0.143758,
        0.193478 -0.274233 0.174210,
        0.193478 -0.305718 0.208627,
        0.193478 -0.332912 0.246526,
        0.193478 -0.355432 0.287376,
        0.193478 -0.372963 0.330602,
        0.193478 -0.385258 0.375599,
        0.193478 -0.392146 0.421734,
        0.193478 -0.393528 0.468359,
        0.193478 -0.389386 0.514822,
        0.193478 -0.379778 0.560467,
        0.193478 -0.364839 0.604657,
        0.193478 -0.344778 0.646769,
        0.193478 -0.319877 0.686213,
        0.193478 -0.290485 0.722434,
        0.193478 -0.257017 0.754926,
        0.193478 -0.219940 0.783231,
        0.193478 -0.179775 0.806952,
        0.193478 -0.137087 0.825756,
        0.193478 -0.092475 0.839379,
        0.193478 -0.046564 0.847630,
      ]
    }
    coordIndex [
      0, 1, 2, -1,
      2, 1, 3, -1,
      2, 3, 4, -1,
      4, 3, 5, -1,
      4, 5, 6, -1,
      6, 5, 7, -1,
      6, 7, 8, -1,
      8, 7, 9, -1,
      8, 9, 10, -1,
      10, 9, 11, -1,
      10, 11, 12, -1,
      12, 11, 13, -1,
      12, 13, 14, -1,
      14, 13, 15, -1,
      14, 15, 16, -1,
      16, 15, 17, -1,
      16, 17, 18, -1,
      18, 17, 19, -1,
      18, 19, 20, -1,
      20, 19, 21, -1,
      20, 21, 22, -1,
      22, 21, 23, -1,
      22, 23, 24, -1,
      24, 23, 25, -1,
      24, 25, 26, -1,
      26, 25, 27, -1,
      26, 27, 28, -1,
      28, 27, 29, -1,
      28, 29, 30, -1,
      30, 29, 31, -1,
      30, 31, 32, -1,
      32, 31, 33, -1,
      32, 33, 34, -1,
      34, 33, 35, -1,
      34, 35, 36, -1,
      36, 35, 37, -1,
      36, 37, 38, -1,
      38, 37, 39, -1,
      38, 39, 40, -1,
      40, 39, 41, -1,
      40, 41, 42, -1,
      42, 41, 43, -1,
      42, 43, 44, -1,
      44, 43, 45, -1,
      44, 45, 46, -1,
      46, 45, 47, -1,
      46, 47, 48, -1,
      48, 47, 49, -1,
      48, 49, 50, -1,
      50, 49, 51, -1,
      50, 51, 52, -1,
      52, 51, 53, -1,
      52, 53, 54, -1,
      54, 53, 55, -1,
      54, 55, 56, -1,
      56, 55, 57, -1,
      56, 57, 58, -1,
      58, 57, 59, -1,
      58, 59, 60, -1,
      60, 59, 61, -1,
      60, 61, 62, -1,
      62, 61, 63, -1,
      62, 63, 64, -1,
      64, 63, 65, -1,
      64, 65, 66, -1,
      66, 65, 67, -1,
      66, 67, 68, -1,
      68, 67, 69, -1,
      68, 69, 70, -1,
      70, 69, 71, -1,
      70, 71, 72, -1,
      72, 71, 73, -1,
      72, 73, 74, -1,
      74, 73, 75, -1,
      74, 75, 76, -1,
      76, 75, 77, -1,
      76, 77, 78, -1,
      78, 77, 79, -1,
      78, 79, 80, -1,
      80, 79, 81, -1,
      80, 81, 82, -1,
      82, 81, 83, -1,
      82, 83, 84, -1,
      84, 83, 85, -1,
      84, 85, 86, -1,
      86, 85, 87, -1,
      86, 87, 88, -1,
      88, 87, 89, -1,
      88, 89, 90, -1,
      90, 89, 91, -1,
      90, 91, 92, -1,
      92, 91, 93, -1,
      92, 93, 94, -1,
      94, 93, 95, -1,
      94, 95, 96, -1,
      96, 95, 97, -1,
      96, 97, 98, -1,
      98, 97, 99, -1,
      98, 99, 100, -1,
      100, 99, 101, -1,
      100, 101, 102, -1,
      102, 101, 103, -1,
      102, 103, 104, -1,
      104, 103, 105, -1,
      104, 105, 106, -1,
      106, 105, 107, -1,
      106, 107, 0, -1,
      0, 107, 1, -1,
      89, 87, 108, -1,
      108, 87, 85, -1,
      108, 85, 109, -1,
      109, 85, 83, -1,
      109, 83, 110, -1,
      110, 83, 81, -1,
      110, 81, 111, -1,
      111, 81, 79, -1,
      111, 79, 112, -1,
      112, 79, 77, -1,
      112, 77, 113, -1,
      113, 77, 75, -1,
      113, 75, 114, -1,
      114, 75, 73, -1,
      114, 73, 115, -1,
      115, 73, 71, -1,
      115, 71, 116, -1,
      116, 71, 69, -1,
      116, 69, 117, -1,
      117, 69, 67, -1,
      117, 67, 118, -1,
      118, 67, 65, -1,
      118, 65, 119, -1,
      119, 65, 63, -1,
      119, 63, 120, -1,
      120, 63, 61, -1,
      120, 61, 121, -1,
      121, 61, 59, -1,
      121, 59, 122, -1,
      122, 59, 57, -1,
      122, 57, 123, -1,
      123, 57, 55, -1,
      123, 55, 124, -1,
      124, 55, 53, -1,
      124, 53, 125, -1,
      125, 53, 51, -1,
      125, 51, 126, -1,
      126, 51, 49, -1,
      126, 49, 127, -1,
      127, 49, 47, -1,
      127, 47, 128, -1,
      128, 47, 45, -1,
      128, 45, 129, -1,
      129, 45, 43, -1,
      129, 43, 130, -1,
      130, 43, 41, -1,
      130, 41, 131, -1,
      131, 41, 39, -1,
      131, 39, 132, -1,
      132, 39, 37, -1,
      132, 37, 133, -1,
      133, 37, 35, -1,
      133, 35, 134, -1,
      134, 35, 33, -1,
      134, 33, 135, -1,
      135, 33, 31, -1,
      135, 31, 136, -1,
      136, 31, 29, -1,
      136, 29, 137, -1,
      137, 29, 27, -1,
      137, 27, 138, -1,
      138, 27, 25, -1,
      138, 25, 139, -1,
      139, 25, 23, -1,
      139, 23, 140, -1,
      140, 23, 21, -1,
      140, 21, 141, -1,
      141, 21, 19, -1,
      141, 19, 142, -1,
      142, 19, 17, -1,
      142, 17, 143, -1,
      143, 17, 15, -1,
      143, 15, 144, -1,
      144, 15, 13, -1,
      144, 13, 145, -1,
      145, 13, 11, -1,
      145, 11, 146, -1,
      146, 11, 9, -1,
      146, 9, 147, -1,
      147, 9, 7, -1,
      147, 7, 148, -1,
      148, 7, 5, -1,
      148, 5, 149, -1,
      149, 5, 3, -1,
      149, 3, 150, -1,
      150, 3, 1, -1,
      150, 1, 151, -1,
      151, 1, 107, -1,
      151, 107, 152, -1,
      152, 107, 105, -1,
      152, 105, 153, -1,
      153, 105, 103, -1,
      153, 103, 154, -1,
      154, 103, 101, -1,
      154, 101, 155, -1,
      155, 101, 99, -1,
      155, 99, 156, -1,
      156, 99, 97, -1,
      156, 97, 157, -1,
      157, 97, 95, -1,
      157, 95, 158, -1,
      158, 95, 93, -1,
      158, 93, 159, -1,
      159, 93, 91, -1,
      159, 91, 160, -1,
      160, 91, 89, -1,
      160, 89, 108, -1,
      151, 161, 150, -1,
      150, 161, 162, -1,
      150, 162, 149, -1,
      149, 162, 163, -1,
      149, 163, 148, -1,
      148, 163, 164, -1,
      148, 164, 147, -1,
      147, 164, 165, -1,
      147, 165, 146, -1,
      146, 165, 166, -1,
      146, 166, 145, -1,
      145, 166, 167, -1,
      145, 167, 144, -1,
      144, 167, 168, -1,
      144, 168, 143, -1,
      143, 168, 169, -1,
      143, 169, 142, -1,
      142, 169, 170, -1,
      142, 170, 141, -1,
      141, 170, 171, -1,
      141, 171, 140, -1,
      140, 171, 172, -1,
      140, 172, 139, -1,
      139, 172, 173, -1,
      139, 173, 138, -1,
      138, 173, 174, -1,
      138, 174, 137, -1,
      137, 174, 175, -1,
      137, 175, 136, -1,
      136, 175, 176, -1,
      136, 176, 135, -1,
      135, 176, 177, -1,
      135, 177, 134, -1,
      134, 177, 178, -1,
      134, 178, 133, -1,
      133, 178, 179, -1,
      133, 179, 132, -1,
      132, 179, 180, -1,
      132, 180, 131, -1,
      131, 180, 181, -1,
      131, 181, 130, -1,
      130, 181, 182, -1,
      130, 182, 129, -1,
      129, 182, 183, -1,
      129, 183, 128, -1,
      128, 183, 184, -1,
      128, 184, 127, -1,
      127, 184, 185, -1,
      127, 185, 126, -1,
      126, 185, 186, -1,
      126, 186, 125, -1,
      125, 186, 187, -1,
      125, 187, 124, -1,
      124, 187, 188, -1,
      124, 188, 123, -1,
      123, 188, 189, -1,
      123, 189, 122, -1,
      122, 189, 190, -1,
      122, 190, 121, -1,
      121, 190, 191, -1,
      121, 191, 120, -1,
      120, 191, 192, -1,
      120, 192, 119, -1,
      119, 192, 193, -1,
      119, 193, 118, -1,
      118, 193, 194, -1,
      118, 194, 117, -1,
      117, 194, 195, -1,
      117, 195, 116, -1,
      116, 195, 196, -1,
      116, 196, 115, -1,
      115, 196, 197, -1,
      115, 197, 114, -1,
      114, 197, 198, -1,
      114, 198, 113, -1,
      113, 198, 199, -1,
      113, 199, 112, -1,
      112, 199, 200, -1,
      112, 200, 111, -1,
      111, 200, 201, -1,
      111, 201, 110, -1,
      110, 201, 202, -1,
      110, 202, 109, -1,
      109, 202, 203, -1,
      109, 203, 108, -1,
      108, 203, 204, -1,
      108, 204, 160, -1,
      160, 204, 205, -1,
      160, 205, 159, -1,
      159, 205, 206, -1,
      159, 206, 158, -1,
      158, 206, 207, -1,
      158, 207, 157, -1,
      157, 207, 208, -1,
      157, 208, 156, -1,
      156, 208, 209, -1,
      156, 209, 155, -1,
      155, 209, 210, -1,
      155, 210, 154, -1,
      154, 210, 211, -1,
      154, 211, 153, -1,
      153, 211, 212, -1,
      153, 212, 152, -1,
      152, 212, 213, -1,
      152, 213, 151, -1,
      151, 213, 161, -1,
      18, 20, 171, -1,
      171, 20, 22, -1,
      171, 22, 172, -1,
      172, 22, 24, -1,
      172, 24, 173, -1,
      173, 24, 26, -1,
      173, 26, 174, -1,
      174, 26, 28, -1,
      174, 28, 175, -1,
      175, 28, 30, -1,
      175, 30, 176, -1,
      176, 30, 32, -1,
      176, 32, 177, -1,
      177, 32, 34, -1,
      177, 34, 178, -1,
      178, 34, 36, -1,
      178, 36, 179, -1,
      179, 36, 38, -1,
      179, 38, 180, -1,
      180, 38, 40, -1,
      180, 40, 181, -1,
      181, 40, 42, -1,
      181, 42, 182, -1,
      182, 42, 44, -1,
      182, 44, 183, -1,
      183, 44, 46, -1,
      183, 46, 184, -1,
      184, 46, 48, -1,
      184, 48, 185, -1,
      185, 48, 50, -1,
      185, 50, 186, -1,
      186, 50, 52, -1,
      186, 52, 187, -1,
      187, 52, 54, -1,
      187, 54, 188, -1,
      188, 54, 56, -1,
      188, 56, 189, -1,
      189, 56, 58, -1,
      189, 58, 190, -1,
      190, 58, 60, -1,
      190, 60, 191, -1,
      191, 60, 62, -1,
      191, 62, 192, -1,
      192, 62, 64, -1,
      192, 64, 193, -1,
      193, 64, 66, -1,
      193, 66, 194, -1,
      194, 66, 68, -1,
      194, 68, 195, -1,
      195, 68, 70, -1,
      195, 70, 196, -1,
      196, 70, 72, -1,
      196, 72, 197, -1,
      197, 72, 74, -1,
      197, 74, 198, -1,
      198, 74, 76, -1,
      198, 76, 199, -1,
      199, 76, 78, -1,
      199, 78, 200, -1,
      200, 78, 80, -1,
      200, 80, 201, -1,
      201, 80, 82, -1,
      201, 82, 202, -1,
      202, 82, 84, -1,
      202, 84, 203, -1,
      203, 84, 86, -1,
      203, 86, 204, -1,
      204, 86, 88, -1,
      204, 88, 205, -1,
      205, 88, 90, -1,
      205, 90, 206, -1,
      206, 90, 92, -1,
      206, 92, 207, -1,
      207, 92, 94, -1,
      207, 94, 208, -1,
      208, 94, 96, -1,
      208, 96, 209, -1,
      209, 96, 98, -1,
      209, 98, 210, -1,
      210, 98, 100, -1,
      210, 100, 211, -1,
      211, 100, 102, -1,
      211, 102, 212, -1,
      212, 102, 104, -1,
      212, 104, 213, -1,
      213, 104, 106, -1,
      213, 106, 161, -1,
      161, 106, 0, -1,
      161, 0, 162, -1,
      162, 0, 2, -1,
      162, 2, 163, -1,
      163, 2, 4, -1,
      163, 4, 164, -1,
      164, 4, 6, -1,
      164, 6, 165, -1,
      165, 6, 8, -1,
      165, 8, 166, -1,
      166, 8, 10, -1,
      166, 10, 167, -1,
      167, 10, 12, -1,
      167, 12, 168, -1,
      168, 12, 14, -1,
      168, 14, 169, -1,
      169, 14, 16, -1,
      169, 16, 170, -1,
      170, 16, 18, -1,
      170, 18, 171, -1,
      214, 215, 216, -1,
      216, 215, 217, -1,
      216, 217, 218, -1,
      218, 217, 219, -1,
      218, 219, 220, -1,
      220, 219, 221, -1,
      220, 221, 222, -1,
      222, 221, 223, -1,
      222, 223, 224, -1,
      224, 223, 225, -1,
      224, 225, 226, -1,
      226, 225, 227, -1,
      226, 227, 228, -1,
      228, 227, 229, -1,
      228, 229, 230, -1,
      230, 229, 231, -1,
      230, 231, 232, -1,
      232, 231, 233, -1,
      232, 233, 234, -1,
      234, 233, 235, -1,
      234, 235, 236, -1,
      236, 235, 237, -1,
      236, 237, 238, -1,
      238, 237, 239, -1,
      238, 239, 240, -1,
      240, 239, 241, -1,
      240, 241, 242, -1,
      242, 241, 243, -1,
      242, 243, 244, -1,
      244, 243, 245, -1,
      244, 245, 246, -1,
      246, 245, 247, -1,
      246, 247, 248, -1,
      248, 247, 249, -1,
      248, 249, 250, -1,
      250, 249, 251, -1,
      250, 251, 252, -1,
      252, 251, 253, -1,
      252, 253, 254, -1,
      254, 253, 255, -1,
      254, 255, 256, -1,
      256, 255, 257, -1,
      256, 257, 258, -1,
      258, 257, 259, -1,
      258, 259, 260, -1,
      260, 259, 261, -1,
      260, 261, 262, -1,
      262, 261, 263, -1,
      262, 263, 264, -1,
      264, 263, 265, -1,
      264, 265, 266, -1,
      266, 265, 267, -1,
      266, 267, 268, -1,
      268, 267, 269, -1,
      268, 269, 270, -1,
      270, 269, 271, -1,
      270, 271, 272, -1,
      272, 271, 273, -1,
      272, 273, 274, -1,
      274, 273, 275, -1,
      274, 275, 276, -1,
      276, 275, 277, -1,
      276, 277, 278, -1,
      278, 277, 279, -1,
      278, 279, 280, -1,
      280, 279, 281, -1,
      280, 281, 282, -1,
      282, 281, 283, -1,
      282, 283, 284, -1,
      284, 283, 285, -1,
      284, 285, 286, -1,
      286, 285, 287, -1,
      286, 287, 288, -1,
      288, 287, 289, -1,
      288, 289, 290, -1,
      290, 289, 291, -1,
      290, 291, 292, -1,
      292, 291, 293, -1,
      292, 293, 294, -1,
      294, 293, 295, -1,
      294, 295, 296, -1,
      296, 295, 297, -1,
      296, 297, 298, -1,
      298, 297, 299, -1,
      298, 299, 300, -1,
      300, 299, 301, -1,
      300, 301, 302, -1,
      302, 301, 303, -1,
      302, 303, 304, -1,
      304, 303, 305, -1,
      304, 305, 306, -1,
      306, 305, 307, -1,
      306, 307, 308, -1,
      308, 307, 309, -1,
      308, 309, 310, -1,
      310, 309, 311, -1,
      310, 311, 312, -1,
      312, 311, 313, -1,
      312, 313, 314, -1,
      314, 313, 315, -1,
      314, 315, 316, -1,
      316, 315, 317, -1,
      316, 317, 318, -1,
      318, 317, 319, -1,
      318, 319, 320, -1,
      320, 319, 214, -1,
      320, 214, 216, -1,
      321, 297, 322, -1,
      322, 297, 295, -1,
      322, 295, 323, -1,
      323, 295, 293, -1,
      323, 293, 324, -1,
      324, 293, 291, -1,
      324, 291, 325, -1,
      325, 291, 289, -1,
      325, 289, 326, -1,
      326, 289, 287, -1,
      326, 287, 327, -1,
      327, 287, 285, -1,
      327, 285, 328, -1,
      328, 285, 283, -1,
      328, 283, 329, -1,
      329, 283, 281, -1,
      329, 281, 330, -1,
      330, 281, 279, -1,
      330, 279, 331, -1,
      331, 279, 277, -1,
      331, 277, 332, -1,
      332, 277, 275, -1,
      332, 275, 333, -1,
      333, 275, 273, -1,
      333, 273, 334, -1,
      334, 273, 271, -1,
      334, 271, 335, -1,
      335, 271, 269, -1,
      335, 269, 336, -1,
      336, 269, 267, -1,
      336, 267, 337, -1,
      337, 267, 265, -1,
      337, 265, 338, -1,
      338, 265, 263, -1,
      338, 263, 339, -1,
      339, 263, 261, -1,
      339, 261, 340, -1,
      340, 261, 259, -1,
      340, 259, 341, -1,
      341, 259, 257, -1,
      341, 257, 342, -1,
      342, 257, 255, -1,
      342, 255, 343, -1,
      343, 255, 253, -1,
      343, 253, 344, -1,
      344, 253, 251, -1,
      344, 251, 345, -1,
      345, 251, 249, -1,
      345, 249, 346, -1,
      346, 249, 247, -1,
      346, 247, 347, -1,
      347, 247, 245, -1,
      347, 245, 348, -1,
      348, 245, 243, -1,
      348, 243, 349, -1,
      349, 243, 241, -1,
      349, 241, 350, -1,
      350, 241, 239, -1,
      350, 239, 351, -1,
      351, 239, 237, -1,
      351, 237, 352, -1,
      352, 237, 235, -1,
      352, 235, 353, -1,
      353, 235, 233, -1,
      353, 233, 354, -1,
      354, 233, 231, -1,
      354, 231, 355, -1,
      355, 231, 229, -1,
      355, 229, 356, -1,
      356, 229, 227, -1,
      356, 227, 357, -1,
      357, 227, 225, -1,
      357, 225, 358, -1,
      358, 225, 223, -1,
      358, 223, 359, -1,
      359, 223, 221, -1,
      359, 221, 360, -1,
      360, 221, 219, -1,
      360, 219, 361, -1,
      361, 219, 217, -1,
      361, 217, 362, -1,
      362, 217, 215, -1,
      362, 215, 363, -1,
      363, 215, 214, -1,
      363, 214, 364, -1,
      364, 214, 319, -1,
      364, 319, 365, -1,
      365, 319, 317, -1,
      365, 317, 366, -1,
      366, 317, 315, -1,
      366, 315, 367, -1,
      367, 315, 313, -1,
      367, 313, 368, -1,
      368, 313, 311, -1,
      368, 311, 369, -1,
      369, 311, 309, -1,
      369, 309, 370, -1,
      370, 309, 307, -1,
      370, 307, 371, -1,
      371, 307, 305, -1,
      371, 305, 372, -1,
      372, 305, 303, -1,
      372, 303, 373, -1,
      373, 303, 301, -1,
      373, 301, 374, -1,
      374, 301, 299, -1,
      374, 299, 321, -1,
      321, 299, 297, -1,
      332, 333, 375, -1,
      375, 333, 334, -1,
      375, 334, 376, -1,
      376, 334, 335, -1,
      376, 335, 377, -1,
      377, 335, 336, -1,
      377, 336, 378, -1,
      378, 336, 337, -1,
      378, 337, 379, -1,
      379, 337, 338, -1,
      379, 338, 380, -1,
      380, 338, 339, -1,
      380, 339, 381, -1,
      381, 339, 340, -1,
      381, 340, 382, -1,
      382, 340, 341, -1,
      382, 341, 383, -1,
      383, 341, 342, -1,
      383, 342, 384, -1,
      384, 342, 343, -1,
      384, 343, 385, -1,
      385, 343, 344, -1,
      385, 344, 386, -1,
      386, 344, 345, -1,
      386, 345, 387, -1,
      387, 345, 346, -1,
      387, 346, 388, -1,
      388, 346, 347, -1,
      388, 347, 389, -1,
      389, 347, 348, -1,
      389, 348, 390, -1,
      390, 348, 349, -1,
      390, 349, 391, -1,
      391, 349, 350, -1,
      391, 350, 392, -1,
      392, 350, 351, -1,
      392, 351, 393, -1,
      393, 351, 352, -1,
      393, 352, 394, -1,
      394, 352, 353, -1,
      394, 353, 395, -1,
      395, 353, 354, -1,
      395, 354, 396, -1,
      396, 354, 355, -1,
      396, 355, 397, -1,
      397, 355, 356, -1,
      397, 356, 398, -1,
      398, 356, 357, -1,
      398, 357, 399, -1,
      399, 357, 358, -1,
      399, 358, 400, -1,
      400, 358, 359, -1,
      400, 359, 401, -1,
      401, 359, 360, -1,
      401, 360, 402, -1,
      402, 360, 361, -1,
      402, 361, 403, -1,
      403, 361, 362, -1,
      403, 362, 404, -1,
      404, 362, 363, -1,
      404, 363, 405, -1,
      405, 363, 364, -1,
      405, 364, 406, -1,
      406, 364, 365, -1,
      406, 365, 407, -1,
      407, 365, 366, -1,
      407, 366, 408, -1,
      408, 366, 367, -1,
      408, 367, 409, -1,
      409, 367, 368, -1,
      409, 368, 410, -1,
      410, 368, 369, -1,
      410, 369, 411, -1,
      411, 369, 370, -1,
      411, 370, 412, -1,
      412, 370, 371, -1,
      412, 371, 413, -1,
      413, 371, 372, -1,
      413, 372, 414, -1,
      414, 372, 373, -1,
      414, 373, 415, -1,
      415, 373, 374, -1,
      415, 374, 416, -1,
      416, 374, 321, -1,
      416, 321, 417, -1,
      417, 321, 322, -1,
      417, 322, 418, -1,
      418, 322, 323, -1,
      418, 323, 419, -1,
      419, 323, 324, -1,
      419, 324, 420, -1,
      420, 324, 325, -1,
      420, 325, 421, -1,
      421, 325, 326, -1,
      421, 326, 422, -1,
      422, 326, 327, -1,
      422, 327, 423, -1,
      423, 327, 328, -1,
      423, 328, 424, -1,
      424, 328, 329, -1,
      424, 329, 425, -1,
      425, 329, 330, -1,
      425, 330, 426, -1,
      426, 330, 331, -1,
      426, 331, 427, -1,
      427, 331, 332, -1,
      427, 332, 375, -1,
      298, 416, 296, -1,
      296, 416, 417, -1,
      296, 417, 294, -1,
      294, 417, 418, -1,
      294, 418, 292, -1,
      292, 418, 419, -1,
      292, 419, 290, -1,
      290, 419, 420, -1,
      290, 420, 288, -1,
      288, 420, 421, -1,
      288, 421, 286, -1,
      286, 421, 422, -1,
      286, 422, 284, -1,
      284, 422, 423, -1,
      284, 423, 282, -1,
      282, 423, 424, -1,
      282, 424, 280, -1,
      280, 424, 425, -1,
      280, 425, 278, -1,
      278, 425, 426, -1,
      278, 426, 276, -1,
      276, 426, 427, -1,
      276, 427, 274, -1,
      274, 427, 375, -1,
      274, 375, 272, -1,
      272, 375, 376, -1,
      272, 376, 270, -1,
      270, 376, 377, -1,
      270, 377, 268, -1,
      268, 377, 378, -1,
      268, 378, 266, -1,
      266, 378, 379, -1,
      266, 379, 264, -1,
      264, 379, 380, -1,
      264, 380, 262, -1,
      262, 380, 381, -1,
      262, 381, 260, -1,
      260, 381, 382, -1,
      260, 382, 258, -1,
      258, 382, 383, -1,
      258, 383, 256, -1,
      256, 383, 384, -1,
      256, 384, 254, -1,
      254, 384, 385, -1,
      254, 385, 252, -1,
      252, 385, 386, -1,
      252, 386, 250, -1,
      250, 386, 387, -1,
      250, 387, 248, -1,
      248, 387, 388, -1,
      248, 388, 246, -1,
      246, 388, 389, -1,
      246, 389, 244, -1,
      244, 389, 390, -1,
      244, 390, 242, -1,
      242, 390, 391, -1,
      242, 391, 240, -1,
      240, 391, 392, -1,
      240, 392, 238, -1,
      238, 392, 393, -1,
      238, 393, 236, -1,
      236, 393, 394, -1,
      236, 394, 234, -1,
      234, 394, 395, -1,
      234, 395, 232, -1,
      232, 395, 396, -1,
      232, 396, 230, -1,
      230, 396, 397, -1,
      230, 397, 228, -1,
      228, 397, 398, -1,
      228, 398, 226, -1,
      226, 398, 399, -1,
      226, 399, 224, -1,
      224, 399, 400, -1,
      224, 400, 222, -1,
      222, 400, 401, -1,
      222, 401, 220, -1,
      220, 401, 402, -1,
      220, 402, 218, -1,
      218, 402, 403, -1,
      218, 403, 216, -1,
      216, 403, 404, -1,
      216, 404, 320, -1,
      320, 404, 405, -1,
      320, 405, 318, -1,
      318, 405, 406, -1,
      318, 406, 316, -1,
      316, 406, 407, -1,
      316, 407, 314, -1,
      314, 407, 408, -1,
      314, 408, 312, -1,
      312, 408, 409, -1,
      312, 409, 310, -1,
      310, 409, 410, -1,
      310, 410, 308, -1,
      308, 410, 411, -1,
      308, 411, 306, -1,
      306, 411, 412, -1,
      306, 412, 304, -1,
      304, 412, 413, -1,
      304, 413, 302, -1,
      302, 413, 414, -1,
      302, 414, 300, -1,
      300, 414, 415, -1,
      300, 415, 298, -1,
      298, 415, 416, -1,
      428, 429, 430, -1,
      430, 429, 431, -1,
      430, 431, 432, -1,
      432, 431, 433, -1,
      432, 433, 434, -1,
      434, 433, 435, -1,
      434, 435, 436, -1,
      436, 435, 437, -1,
      436, 437, 438, -1,
      438, 437, 439, -1,
      438, 439, 440, -1,
      440, 439, 441, -1,
      440, 441, 442, -1,
      442, 441, 443, -1,
      442, 443, 444, -1,
      444, 443, 445, -1,
      444, 445, 446, -1,
      446, 445, 447, -1,
      446, 447, 448, -1,
      448, 447, 449, -1,
      448, 449, 450, -1,
      450, 449, 451, -1,
      450, 451, 452, -1,
      452, 451, 453, -1,
      452, 453, 454, -1,
      454, 453, 455, -1,
      454, 455, 456, -1,
      456, 455, 457, -1,
      456, 457, 458, -1,
      458, 457, 459, -1,
      458, 459, 460, -1,
      460, 459, 461, -1,
      460, 461, 462, -1,
      462, 461, 463, -1,
      462, 463, 464, -1,
      464, 463, 465, -1,
      464, 465, 466, -1,
      466, 465, 467, -1,
      466, 467, 468, -1,
      468, 467, 469, -1,
      468, 469, 470, -1,
      470, 469, 471, -1,
      470, 471, 472, -1,
      472, 471, 473, -1,
      472, 473, 474, -1,
      474, 473, 475, -1,
      474, 475, 476, -1,
      476, 475, 477, -1,
      476, 477, 478, -1,
      478, 477, 479, -1,
      478, 479, 480, -1,
      480, 479, 481, -1,
      480, 481, 482, -1,
      482, 481, 483, -1,
      482, 483, 484, -1,
      484, 483, 485, -1,
      484, 485, 486, -1,
      486, 485, 487, -1,
      486, 487, 488, -1,
      488, 487, 489, -1,
      488, 489, 490, -1,
      490, 489, 491, -1,
      490, 491, 492, -1,
      492, 491, 493, -1,
      492, 493, 494, -1,
      494, 493, 495, -1,
      494, 495, 496, -1,
      496, 495, 497, -1,
      496, 497, 498, -1,
      498, 497, 499, -1,
      498, 499, 500, -1,
      500, 499, 501, -1,
      500, 501, 502, -1,
      502, 501, 503, -1,
      502, 503, 504, -1,
      504, 503, 505, -1,
      504, 505, 506, -1,
      506, 505, 507, -1,
      506, 507, 508, -1,
      508, 507, 509, -1,
      508, 509, 510, -1,
      510, 509, 511, -1,
      510, 511, 512, -1,
      512, 511, 513, -1,
      512, 513, 514, -1,
      514, 513, 515, -1,
      514, 515, 516, -1,
      516, 515, 517, -1,
      516, 517, 518, -1,
      518, 517, 519, -1,
      518, 519, 520, -1,
      520, 519, 521, -1,
      520, 521, 522, -1,
      522, 521, 523, -1,
      522, 523, 524, -1,
      524, 523, 525, -1,
      524, 525, 526, -1,
      526, 525, 527, -1,
      526, 527, 528, -1,
      528, 527, 529, -1,
      528, 529, 530, -1,
      530, 529, 531, -1,
      530, 531, 532, -1,
      532, 531, 533, -1,
      532, 533, 534, -1,
      534, 533, 535, -1,
      534, 535, 428, -1,
      428, 535, 429, -1,
      513, 511, 536, -1,
      536, 511, 509, -1,
      536, 509, 537, -1,
      537, 509, 507, -1,
      537, 507, 538, -1,
      538, 507, 505, -1,
      538, 505, 539, -1,
      539, 505, 503, -1,
      539, 503, 540, -1,
      540, 503, 501, -1,
      540, 501, 541, -1,
      541, 501, 499, -1,
      541, 499, 542, -1,
      542, 499, 497, -1,
      542, 497, 543, -1,
      543, 497, 495, -1,
      543, 495, 544, -1,
      544, 495, 493, -1,
      544, 493, 545, -1,
      545, 493, 491, -1,
      545, 491, 546, -1,
      546, 491, 489, -1,
      546, 489, 547, -1,
      547, 489, 487, -1,
      547, 487, 548, -1,
      548, 487, 485, -1,
      548, 485, 549, -1,
      549, 485, 483, -1,
      549, 483, 550, -1,
      550, 483, 481, -1,
      550, 481, 551, -1,
      551, 481, 479, -1,
      551, 479, 552, -1,
      552, 479, 477, -1,
      552, 477, 553, -1,
      553, 477, 475, -1,
      553, 475, 554, -1,
      554, 475, 473, -1,
      554, 473, 555, -1,
      555, 473, 471, -1,
      555, 471, 556, -1,
      556, 471, 469, -1,
      556, 469, 557, -1,
      557, 469, 467, -1,
      557, 467, 558, -1,
      558, 467, 465, -1,
      558, 465, 559, -1,
      559, 465, 463, -1,
      559, 463, 560, -1,
      560, 463, 461, -1,
      560, 461, 561, -1,
      561, 461, 459, -1,
      561, 459, 562, -1,
      562, 459, 457, -1,
      562, 457, 563, -1,
      563, 457, 455, -1,
      563, 455, 564, -1,
      564, 455, 453, -1,
      564, 453, 565, -1,
      565, 453, 451, -1,
      565, 451, 566, -1,
      566, 451, 449, -1,
      566, 449, 567, -1,
      567, 449, 447, -1,
      567, 447, 568, -1,
      568, 447, 445, -1,
      568, 445, 569, -1,
      569, 445, 443, -1,
      569, 443, 570, -1,
      570, 443, 441, -1,
      570, 441, 571, -1,
      571, 441, 439, -1,
      571, 439, 572, -1,
      572, 439, 437, -1,
      572, 437, 573, -1,
      573, 437, 435, -1,
      573, 435, 574, -1,
      574, 435, 433, -1,
      574, 433, 575, -1,
      575, 433, 431, -1,
      575, 431, 576, -1,
      576, 431, 429, -1,
      576, 429, 577, -1,
      577, 429, 535, -1,
      577, 535, 578, -1,
      578, 535, 533, -1,
      578, 533, 579, -1,
      579, 533, 531, -1,
      579, 531, 580, -1,
      580, 531, 529, -1,
      580, 529, 581, -1,
      581, 529, 527, -1,
      581, 527, 582, -1,
      582, 527, 525, -1,
      582, 525, 583, -1,
      583, 525, 523, -1,
      583, 523, 584, -1,
      584, 523, 521, -1,
      584, 521, 585, -1,
      585, 521, 519, -1,
      585, 519, 586, -1,
      586, 519, 517, -1,
      586, 517, 587, -1,
      587, 517, 515, -1,
      587, 515, 588, -1,
      588, 515, 513, -1,
      588, 513, 536, -1,
      577, 589, 576, -1,
      576, 589, 590, -1,
      576, 590, 575, -1,
      575, 590, 591, -1,
      575, 591, 574, -1,
      574, 591, 592, -1,
      574, 592, 573, -1,
      573, 592, 593, -1,
      573, 593, 572, -1,
      572, 593, 594, -1,
      572, 594, 571, -1,
      571, 594, 595, -1,
      571, 595, 570, -1,
      570, 595, 596, -1,
      570, 596, 569, -1,
      569, 596, 597, -1,
      569, 597, 568, -1,
      568, 597, 598, -1,
      568, 598, 567, -1,
      567, 598, 599, -1,
      567, 599, 566, -1,
      566, 599, 600, -1,
      566, 600, 565, -1,
      565, 600, 601, -1,
      565, 601, 564, -1,
      564, 601, 602, -1,
      564, 602, 563, -1,
      563, 602, 603, -1,
      563, 603, 562, -1,
      562, 603, 604, -1,
      562, 604, 561, -1,
      561, 604, 605, -1,
      561, 605, 560, -1,
      560, 605, 606, -1,
      560, 606, 559, -1,
      559, 606, 607, -1,
      559, 607, 558, -1,
      558, 607, 608, -1,
      558, 608, 557, -1,
      557, 608, 609, -1,
      557, 609, 556, -1,
      556, 609, 610, -1,
      556, 610, 555, -1,
      555, 610, 611, -1,
      555, 611, 554, -1,
      554, 611, 612, -1,
      554, 612, 553, -1,
      553, 612, 613, -1,
      553, 613, 552, -1,
      552, 613, 614, -1,
      552, 614, 551, -1,
      551, 614, 615, -1,
      551, 615, 550, -1,
      550, 615, 616, -1,
      550, 616, 549, -1,
      549, 616, 617, -1,
      549, 617, 548, -1,
      548, 617, 618, -1,
      548, 618, 547, -1,
      547, 618, 619, -1,
      547, 619, 546, -1,
      546, 619, 620, -1,
      546, 620, 545, -1,
      545, 620, 621, -1,
      545, 621, 544, -1,
      544, 621, 622, -1,
      544, 622, 543, -1,
      543, 622, 623, -1,
      543, 623, 542, -1,
      542, 623, 624, -1,
      542, 624, 541, -1,
      541, 624, 625, -1,
      541, 625, 540, -1,
      540, 625, 626, -1,
      540, 626, 539, -1,
      539, 626, 627, -1,
      539, 627, 538, -1,
      538, 627, 628, -1,
      538, 628, 537, -1,
      537, 628, 629, -1,
      537, 629, 536, -1,
      536, 629, 630, -1,
      536, 630, 588, -1,
      588, 630, 631, -1,
      588, 631, 587, -1,
      587, 631, 632, -1,
      587, 632, 586, -1,
      586, 632, 633, -1,
      586, 633, 585, -1,
      585, 633, 634, -1,
      585, 634, 584, -1,
      584, 634, 635, -1,
      584, 635, 583, -1,
      583, 635, 636, -1,
      583, 636, 582, -1,
      582, 636, 637, -1,
      582, 637, 581, -1,
      581, 637, 638, -1,
      581, 638, 580, -1,
      580, 638, 639, -1,
      580, 639, 579, -1,
      579, 639, 640, -1,
      579, 640, 578, -1,
      578, 640, 641, -1,
      578, 641, 577, -1,
      577, 641, 589, -1,
      450, 452, 601, -1,
      601, 452, 454, -1,
      601, 454, 602, -1,
      602, 454, 456, -1,
      602, 456, 603, -1,
      603, 456, 458, -1,
      603, 458, 604, -1,
      604, 458, 460, -1,
      604, 460, 605, -1,
      605, 460, 462, -1,
      605, 462, 606, -1,
      606, 462, 464, -1,
      606, 464, 607, -1,
      607, 464, 466, -1,
      607, 466, 608, -1,
      608, 466, 468, -1,
      608, 468, 609, -1,
      609, 468, 470, -1,
      609, 470, 610, -1,
      610, 470, 472, -1,
      610, 472, 611, -1,
      611, 472, 474, -1,
      611, 474, 612, -1,
      612, 474, 476, -1,
      612, 476, 613, -1,
      613, 476, 478, -1,
      613, 478, 614, -1,
      614, 478, 480, -1,
      614, 480, 615, -1,
      615, 480, 482, -1,
      615, 482, 616, -1,
      616, 482, 484, -1,
      616, 484, 617, -1,
      617, 484, 486, -1,
      617, 486, 618, -1,
      618, 486, 488, -1,
      618, 488, 619, -1,
      619, 488, 490, -1,
      619, 490, 620, -1,
      620, 490, 492, -1,
      620, 492, 621, -1,
      621, 492, 494, -1,
      621, 494, 622, -1,
      622, 494, 496, -1,
      622, 496, 623, -1,
      623, 496, 498, -1,
      623, 498, 624, -1,
      624, 498, 500, -1,
      624, 500, 625, -1,
      625, 500, 502, -1,
      625, 502, 626, -1,
      626, 502, 504, -1,
      626, 504, 627, -1,
      627, 504, 506, -1,
      627, 506, 628, -1,
      628, 506, 508, -1,
      628, 508, 629, -1,
      629, 508, 510, -1,
      629, 510, 630, -1,
      630, 510, 512, -1,
      630, 512, 631, -1,
      631, 512, 514, -1,
      631, 514, 632, -1,
      632, 514, 516, -1,
      632, 516, 633, -1,
      633, 516, 518, -1,
      633, 518, 634, -1,
      634, 518, 520, -1,
      634, 520, 635, -1,
      635, 520, 522, -1,
      635, 522, 636, -1,
      636, 522, 524, -1,
      636, 524, 637, -1,
      637, 524, 526, -1,
      637, 526, 638, -1,
      638, 526, 528, -1,
      638, 528, 639, -1,
      639, 528, 530, -1,
      639, 530, 640, -1,
      640, 530, 532, -1,
      640, 532, 641, -1,
      641, 532, 534, -1,
      641, 534, 589, -1,
      589, 534, 428, -1,
      589, 428, 590, -1,
      590, 428, 430, -1,
      590, 430, 591, -1,
      591, 430, 432, -1,
      591, 432, 592, -1,
      592, 432, 434, -1,
      592, 434, 593, -1,
      593, 434, 436, -1,
      593, 436, 594, -1,
      594, 436, 438, -1,
      594, 438, 595, -1,
      595, 438, 440, -1,
      595, 440, 596, -1,
      596, 440, 442, -1,
      596, 442, 597, -1,
      597, 442, 444, -1,
      597, 444, 598, -1,
      598, 444, 446, -1,
      598, 446, 599, -1,
      599, 446, 448, -1,
      599, 448, 600, -1,
      600, 448, 450, -1,
      600, 450, 601, -1,
      642, 643, 644, -1,
      644, 643, 645, -1,
      644, 645, 646, -1,
      646, 645, 647, -1,
      646, 647, 648, -1,
      648, 647, 649, -1,
      648, 649, 650, -1,
      650, 649, 651, -1,
      650, 651, 652, -1,
      652, 651, 653, -1,
      652, 653, 654, -1,
      654, 653, 655, -1,
      654, 655, 656, -1,
      656, 655, 657, -1,
      656, 657, 658, -1,
      658, 657, 659, -1,
      658, 659, 660, -1,
      660, 659, 661, -1,
      660, 661, 662, -1,
      662, 661, 663, -1,
      662, 663, 664, -1,
      664, 663, 665, -1,
      664, 665, 666, -1,
      666, 665, 667, -1,
      666, 667, 668, -1,
      668, 667, 669, -1,
      668, 669, 670, -1,
      670, 669, 671, -1,
      670, 671, 672, -1,
      672, 671, 673, -1,
      672, 673, 674, -1,
      674, 673, 675, -1,
      674, 675, 676, -1,
      676, 675, 677, -1,
      676, 677, 678, -1,
      678, 677, 679, -1,
      678, 679, 680, -1,
      680, 679, 681, -1,
      680, 681, 682, -1,
      682, 681, 683, -1,
      682, 683, 684, -1,
      684, 683, 685, -1,
      684, 685, 686, -1,
      686, 685, 687, -1,
      686, 687, 688, -1,
      688, 687, 689, -1,
      688, 689, 690, -1,
      690, 689, 691, -1,
      690, 691, 692, -1,
      692, 691, 693, -1,
      692, 693, 694, -1,
      694, 693, 695, -1,
      694, 695, 696, -1,
      696, 695, 697, -1,
      696, 697, 698, -1,
      698, 697, 699, -1,
      698, 699, 700, -1,
      700, 699, 701, -1,
      700, 701, 702, -1,
      702, 701, 703, -1,
      702, 703, 704, -1,
      704, 703, 705, -1,
      704, 705, 706, -1,
      706, 705, 707, -1,
      706, 707, 708, -1,
      708, 707, 709, -1,
      708, 709, 710, -1,
      710, 709, 711, -1,
      710, 711, 712, -1,
      712, 711, 713, -1,
      712, 713, 714, -1,
      714, 713, 715, -1,
      714, 715, 716, -1,
      716, 715, 717, -1,
      716, 717, 718, -1,
      718, 717, 719, -1,
      718, 719, 720, -1,
      720, 719, 721, -1,
      720, 721, 722, -1,
      722, 721, 723, -1,
      722, 723, 724, -1,
      724, 723, 725, -1,
      724, 725, 726, -1,
      726, 725, 727, -1,
      726, 727, 728, -1,
      728, 727, 729, -1,
      728, 729, 730, -1,
      730, 729, 731, -1,
      730, 731, 732, -1,
      732, 731, 733, -1,
      732, 733, 734, -1,
      734, 733, 735, -1,
      734, 735, 736, -1,
      736, 735, 737, -1,
      736, 737, 738, -1,
      738, 737, 739, -1,
      738, 739, 740, -1,
      740, 739, 741, -1,
      740, 741, 742, -1,
      742, 741, 743, -1,
      742, 743, 744, -1,
      744, 743, 745, -1,
      744, 745, 746, -1,
      746, 745, 747, -1,
      746, 747, 748, -1,
      748, 747, 749, -1,
      748, 749, 642, -1,
      642, 749, 643, -1,
      727, 725, 750, -1,
      750, 725, 723, -1,
      750, 723, 751, -1,
      751, 723, 721, -1,
      751, 721, 752, -1,
      752, 721, 719, -1,
      752, 719, 753, -1,
      753, 719, 717, -1,
      753, 717, 754, -1,
      754, 717, 715, -1,
      754, 715, 755, -1,
      755, 715, 713, -1,
      755, 713, 756, -1,
      756, 713, 711, -1,
      756, 711, 757, -1,
      757, 711, 709, -1,
      757, 709, 758, -1,
      758, 709, 707, -1,
      758, 707, 759, -1,
      759, 707, 705, -1,
      759, 705, 760, -1,
      760, 705, 703, -1,
      760, 703, 761, -1,
      761, 703, 701, -1,
      761, 701, 762, -1,
      762, 701, 699, -1,
      762, 699, 763, -1,
      763, 699, 697, -1,
      763, 697, 764, -1,
      764, 697, 695, -1,
      764, 695, 765, -1,
      765, 695, 693, -1,
      765, 693, 766, -1,
      766, 693, 691, -1,
      766, 691, 767, -1,
      767, 691, 689, -1,
      767, 689, 768, -1,
      768, 689, 687, -1,
      768, 687, 769, -1,
      769, 687, 685, -1,
      769, 685, 770, -1,
      770, 685, 683, -1,
      770, 683, 771, -1,
      771, 683, 681, -1,
      771, 681, 772, -1,
      772, 681, 679, -1,
      772, 679, 773, -1,
      773, 679, 677, -1,
      773, 677, 774, -1,
      774, 677, 675, -1,
      774, 675, 775, -1,
      775, 675, 673, -1,
      775, 673, 776, -1,
      776, 673, 671, -1,
      776, 671, 777, -1,
      777, 671, 669, -1,
      777, 669, 778, -1,
      778, 669, 667, -1,
      778, 667, 779, -1,
      779, 667, 665, -1,
      779, 665, 780, -1,
      780, 665, 663, -1,
      780, 663, 781, -1,
      781, 663, 661, -1,
      781, 661, 782, -1,
      782, 661, 659, -1,
      782, 659, 783, -1,
      783, 659, 657, -1,
      783, 657, 784, -1,
      784, 657, 655, -1,
      784, 655, 785, -1,
      785, 655, 653, -1,
      785, 653, 786, -1,
      786, 653, 651, -1,
      786, 651, 787, -1,
      787, 651, 649, -1,
      787, 649, 788, -1,
      788, 649, 647, -1,
      788, 647, 789, -1,
      789, 647, 645, -1,
      789, 645, 790, -1,
      790, 645, 643, -1,
      790, 643, 791, -1,
      791, 643, 749, -1,
      791, 749, 792, -1,
      792, 749, 747, -1,
      792, 747, 793, -1,
      793, 747, 745, -1,
      793, 745, 794, -1,
      794, 745, 743, -1,
      794, 743, 795, -1,
      795, 743, 741, -1,
      795, 741, 796, -1,
      796, 741, 739, -1,
      796, 739, 797, -1,
      797, 739, 737, -1,
      797, 737, 798, -1,
      798, 737, 735, -1,
      798, 735, 799, -1,
      799, 735, 733, -1,
      799, 733, 800, -1,
      800, 733, 731, -1,
      800, 731, 801, -1,
      801, 731, 729, -1,
      801, 729, 802, -1,
      802, 729, 727, -1,
      802, 727, 750, -1,
      791, 803, 790, -1,
      790, 803, 804, -1,
      790, 804, 789, -1,
      789, 804, 805, -1,
      789, 805, 788, -1,
      788, 805, 806, -1,
      788, 806, 787, -1,
      787, 806, 807, -1,
      787, 807, 786, -1,
      786, 807, 808, -1,
      786, 808, 785, -1,
      785, 808, 809, -1,
      785, 809, 784, -1,
      784, 809, 810, -1,
      784, 810, 783, -1,
      783, 810, 811, -1,
      783, 811, 782, -1,
      782, 811, 812, -1,
      782, 812, 781, -1,
      781, 812, 813, -1,
      781, 813, 780, -1,
      780, 813, 814, -1,
      780, 814, 779, -1,
      779, 814, 815, -1,
      779, 815, 778, -1,
      778, 815, 816, -1,
      778, 816, 777, -1,
      777, 816, 817, -1,
      777, 817, 776, -1,
      776, 817, 818, -1,
      776, 818, 775, -1,
      775, 818, 819, -1,
      775, 819, 774, -1,
      774, 819, 820, -1,
      774, 820, 773, -1,
      773, 820, 821, -1,
      773, 821, 772, -1,
      772, 821, 822, -1,
      772, 822, 771, -1,
      771, 822, 823, -1,
      771, 823, 770, -1,
      770, 823, 824, -1,
      770, 824, 769, -1,
      769, 824, 825, -1,
      769, 825, 768, -1,
      768, 825, 826, -1,
      768, 826, 767, -1,
      767, 826, 827, -1,
      767, 827, 766, -1,
      766, 827, 828, -1,
      766, 828, 765, -1,
      765, 828, 829, -1,
      765, 829, 764, -1,
      764, 829, 830, -1,
      764, 830, 763, -1,
      763, 830, 831, -1,
      763, 831, 762, -1,
      762, 831, 832, -1,
      762, 832, 761, -1,
      761, 832, 833, -1,
      761, 833, 760, -1,
      760, 833, 834, -1,
      760, 834, 759, -1,
      759, 834, 835, -1,
      759, 835, 758, -1,
      758, 835, 836, -1,
      758, 836, 757, -1,
      757, 836, 837, -1,
      757, 837, 756, -1,
      756, 837, 838, -1,
      756, 838, 755, -1,
      755, 838, 839, -1,
      755, 839, 754, -1,
      754, 839, 840, -1,
      754, 840, 753, -1,
      753, 840, 841, -1,
      753, 841, 752, -1,
      752, 841, 842, -1,
      752, 842, 751, -1,
      751, 842, 843, -1,
      751, 843, 750, -1,
      750, 843, 844, -1,
      750, 844, 802, -1,
      802, 844, 845, -1,
      802, 845, 801, -1,
      801, 845, 846, -1,
      801, 846, 800, -1,
      800, 846, 847, -1,
      800, 847, 799, -1,
      799, 847, 848, -1,
      799, 848, 798, -1,
      798, 848, 849, -1,
      798, 849, 797, -1,
      797, 849, 850, -1,
      797, 850, 796, -1,
      796, 850, 851, -1,
      796, 851, 795, -1,
      795, 851, 852, -1,
      795, 852, 794, -1,
      794, 852, 853, -1,
      794, 853, 793, -1,
      793, 853, 854, -1,
      793, 854, 792, -1,
      792, 854, 855, -1,
      792, 855, 791, -1,
      791, 855, 803, -1,
      664, 666, 815, -1,
      815, 666, 668, -1,
      815, 668, 816, -1,
      816, 668, 670, -1,
      816, 670, 817, -1,
      817, 670, 672, -1,
      817, 672, 818, -1,
      818, 672, 674, -1,
      818, 674, 819, -1,
      819, 674, 676, -1,
      819, 676, 820, -1,
      820, 676, 678, -1,
      820, 678, 821, -1,
      821, 678, 680, -1,
      821, 680, 822, -1,
      822, 680, 682, -1,
      822, 682, 823, -1,
      823, 682, 684, -1,
      823, 684, 824, -1,
      824, 684, 686, -1,
      824, 686, 825, -1,
      825, 686, 688, -1,
      825, 688, 826, -1,
      826, 688, 690, -1,
      826, 690, 827, -1,
      827, 690, 692, -1,
      827, 692, 828, -1,
      828, 692, 694, -1,
      828, 694, 829, -1,
      829, 694, 696, -1,
      829, 696, 830, -1,
      830, 696, 698, -1,
      830, 698, 831, -1,
      831, 698, 700, -1,
      831, 700, 832, -1,
      832, 700, 702, -1,
      832, 702, 833, -1,
      833, 702, 704, -1,
      833, 704, 834, -1,
      834, 704, 706, -1,
      834, 706, 835, -1,
      835, 706, 708, -1,
      835, 708, 836, -1,
      836, 708, 710, -1,
      836, 710, 837, -1,
      837, 710, 712, -1,
      837, 712, 838, -1,
      838, 712, 714, -1,
      838, 714, 839, -1,
      839, 714, 716, -1,
      839, 716, 840, -1,
      840, 716, 718, -1,
      840, 718, 841, -1,
      841, 718, 720, -1,
      841, 720, 842, -1,
      842, 720, 722, -1,
      842, 722, 843, -1,
      843, 722, 724, -1,
      843, 724, 844, -1,
      844, 724, 726, -1,
      844, 726, 845, -1,
      845, 726, 728, -1,
      845, 728, 846, -1,
      846, 728, 730, -1,
      846, 730, 847, -1,
      847, 730, 732, -1,
      847, 732, 848, -1,
      848, 732, 734, -1,
      848, 734, 849, -1,
      849, 734, 736, -1,
      849, 736, 850, -1,
      850, 736, 738, -1,
      850, 738, 851, -1,
      851, 738, 740, -1,
      851, 740, 852, -1,
      852, 740, 742, -1,
      852, 742, 853, -1,
      853, 742, 744, -1,
      853, 744, 854, -1,
      854, 744, 746, -1,
      854, 746, 855, -1,
      855, 746, 748, -1,
      855, 748, 803, -1,
      803, 748, 642, -1,
      803, 642, 804, -1,
      804, 642, 644, -1,
      804, 644, 805, -1,
      805, 644, 646, -1,
      805, 646, 806, -1,
      806, 646, 648, -1,
      806, 648, 807, -1,
      807, 648, 650, -1,
      807, 650, 808, -1,
      808, 650, 652, -1,
      808, 652, 809, -1,
      809, 652, 654, -1,
      809, 654, 810, -1,
      810, 654, 656, -1,
      810, 656, 811, -1,
      811, 656, 658, -1,
      811, 658, 812, -1,
      812, 658, 660, -1,
      812, 660, 813, -1,
      813, 660, 662, -1,
      813, 662, 814, -1,
      814, 662, 664, -1,
      814, 664, 815, -1,
    ]
  }
}

Shape {
  appearance Appearance {
    material Material {
      diffuseColor 0.7686 0.7686 0.7686
      specularColor 0.6157 0.6157 0.6157
      ambientIntensity 0.2
      transparency 0.0000
      shininess 0.5
    }
  }
  geometry IndexedFaceSet {
    ccw TRUE
    solid FALSE
    coord DEF co Coordinate {
      point [
        -1.964643 0.059055 -1.374016,
        -1.952843 0.030569 -1.374016,
        -2.066929 0.000000 -1.374016,
        -1.948819 0.000000 -1.374016,
        -1.952843 -0.030569 -1.374016,
        -2.036360 0.114086 -1.374016,
        -2.007874 0.102287 -1.374016,
        -1.983413 0.083517 -1.374016,
        -2.125984 0.102287 -1.374016,
        -2.097498 0.114086 -1.374016,
        -2.066929 0.118110 -1.374016,
        -2.181015 0.030569 -1.374016,
        -2.169216 0.059055 -1.374016,
        -2.150446 0.083517 -1.374016,
        -2.169216 -0.059055 -1.374016,
        -2.181015 -0.030569 -1.374016,
        -2.185039 0.000000 -1.374016,
        -2.097498 -0.114086 -1.374016,
        -2.125984 -0.102287 -1.374016,
        -2.150446 -0.083517 -1.374016,
        -2.007874 -0.102287 -1.374016,
        -2.036360 -0.114086 -1.374016,
        -2.066929 -0.118110 -1.374016,
        -1.964643 -0.059055 -1.374016,
        -1.983413 -0.083517 -1.374016,
        -2.184347 -0.012770 0.062992,
        -2.168133 -0.060892 0.062992,
        -2.169024 -0.058967 0.062992,
        -2.178857 -0.037713 0.062992,
        -2.180456 -0.030446 0.062992,
        -2.133211 -0.097759 0.062992,
        -2.150250 -0.083286 0.062992,
        -2.152677 -0.081224 0.062992,
        -2.110646 -0.109722 0.062992,
        -2.125696 -0.101743 0.062992,
        -2.086037 -0.116554 0.062992,
        -2.097314 -0.113423 0.062992,
        -2.060535 -0.117937 0.062992,
        -2.066901 -0.117592 0.062992,
        -2.011606 -0.104352 0.062992,
        -2.035331 -0.113805 0.062992,
        -2.036378 -0.113977 0.062992,
        -2.008090 -0.101968 0.062992,
        -1.990466 -0.090019 0.062992,
        -1.983884 -0.083070 0.062992,
        -1.972902 -0.071477 0.062992,
        -1.965220 -0.058708 0.062992,
        -1.959735 -0.049593 0.062992,
        -1.953276 -0.030423 0.062992,
        -1.951580 -0.025390 0.062992,
        -1.948819 0.000000 0.062992,
        -1.959735 0.049593 0.062992,
        -1.953276 0.030423 0.062992,
        -1.951580 0.025390 0.062992,
        -1.972902 0.071477 0.062992,
        -1.965220 0.058708 0.062992,
        -1.990466 0.090019 0.062992,
        -1.983884 0.083070 0.062992,
        -2.036378 0.113977 0.062992,
        -2.035331 0.113805 0.062992,
        -2.011606 0.104352 0.062992,
        -2.008090 0.101968 0.062992,
        -2.086037 0.116554 0.062992,
        -2.066901 0.117592 0.062992,
        -2.060535 0.117937 0.062992,
        -2.110646 0.109722 0.062992,
        -2.097314 0.113423 0.062992,
        -2.152677 0.081224 0.062992,
        -2.150250 0.083286 0.062992,
        -2.133211 0.097759 0.062992,
        -2.125696 0.101743 0.062992,
        -2.178857 0.037713 0.062992,
        -2.169024 0.058967 0.062992,
        -2.168133 0.060892 0.062992,
        -2.184347 0.000000 0.062992,
        -2.184347 0.012770 0.062992,
        -2.180456 0.030446 0.062992,
        -1.950240 0.025390 0.090275,
        -1.947492 -0.000000 0.090005,
        -1.673228 -0.000000 0.338583,
        -1.700241 -0.000000 0.337256,
        -1.673228 0.025390 0.341344,
        -1.700512 0.025390 0.340004,
        -1.673228 0.030423 0.343040,
        -1.701311 0.049593 0.348119,
        -1.958356 0.049593 0.091075,
        -1.702602 0.071477 0.361223,
        -1.673228 0.058708 0.354983,
        -1.673228 0.049593 0.349499,
        -1.971459 0.071477 0.092365,
        -1.704323 0.090019 0.378702,
        -1.673228 0.083070 0.373648,
        -1.673228 0.071477 0.362666,
        -1.988939 0.090019 0.094087,
        -1.706395 0.104352 0.399740,
        -1.673228 0.101968 0.397854,
        -1.673228 0.090019 0.380230,
        -2.009976 0.104352 0.096159,
        -2.033588 0.113805 0.098484,
        -1.711191 0.117937 0.448433,
        -1.673228 0.113977 0.426142,
        -1.708720 0.113805 0.423352,
        -1.673228 0.113805 0.425095,
        -1.673228 0.104352 0.401369,
        -2.058670 0.117937 0.100955,
        -1.713691 0.116554 0.473813,
        -1.673228 0.117592 0.456665,
        -1.673228 0.117937 0.450298,
        -2.084050 0.116554 0.103454,
        -1.716103 0.109722 0.498304,
        -1.673228 0.113423 0.487078,
        -1.673228 0.116554 0.475801,
        -2.108540 0.109722 0.105867,
        -1.718315 0.097759 0.520760,
        -1.673228 0.101743 0.515460,
        -1.673228 0.109722 0.500410,
        -2.130996 0.097759 0.108078,
        -1.720222 0.081224 0.540132,
        -1.673228 0.083286 0.540013,
        -1.673228 0.097759 0.522975,
        -2.150368 0.081224 0.109986,
        -2.165750 0.060892 0.111501,
        -1.722789 0.037713 0.566186,
        -1.673228 0.058967 0.558787,
        -1.721737 0.060892 0.555513,
        -1.673228 0.060892 0.557896,
        -1.673228 0.081224 0.542441,
        -2.176422 0.037713 0.112552,
        -1.723327 0.012770 0.571650,
        -1.673228 0.030446 0.570220,
        -1.673228 0.037713 0.568620,
        -2.181886 0.012770 0.113091,
        -1.723327 -0.012770 0.571650,
        -1.673228 0.000000 0.574111,
        -1.673228 0.012770 0.574111,
        -2.181886 -0.012770 0.113091,
        -1.722789 -0.037713 0.566186,
        -1.673228 -0.030446 0.570220,
        -1.673228 -0.012770 0.574111,
        -2.176422 -0.037713 0.112552,
        -1.721737 -0.060892 0.555513,
        -1.673228 -0.058967 0.558787,
        -1.673228 -0.037713 0.568620,
        -2.165750 -0.060892 0.111501,
        -2.150368 -0.081224 0.109986,
        -1.718315 -0.097759 0.520760,
        -1.673228 -0.083286 0.540013,
        -1.720222 -0.081224 0.540132,
        -1.673228 -0.081224 0.542441,
        -1.673228 -0.060892 0.557896,
        -2.130996 -0.097759 0.108078,
        -1.716103 -0.109722 0.498304,
        -1.673228 -0.101743 0.515460,
        -1.673228 -0.097759 0.522975,
        -2.108540 -0.109722 0.105867,
        -1.713691 -0.116554 0.473813,
        -1.673228 -0.113423 0.487078,
        -1.673228 -0.109722 0.500410,
        -2.084050 -0.116554 0.103454,
        -1.711191 -0.117937 0.448433,
        -1.673228 -0.117592 0.456665,
        -1.673228 -0.116554 0.475801,
        -2.058670 -0.117937 0.100955,
        -1.708720 -0.113805 0.423352,
        -1.673228 -0.113977 0.426142,
        -1.673228 -0.117937 0.450298,
        -2.033588 -0.113805 0.098484,
        -2.009976 -0.104352 0.096159,
        -1.704323 -0.090019 0.378702,
        -1.673228 -0.101968 0.397854,
        -1.706395 -0.104352 0.399740,
        -1.673228 -0.104352 0.401369,
        -1.673228 -0.113805 0.425095,
        -1.988939 -0.090019 0.094087,
        -1.702602 -0.071477 0.361223,
        -1.673228 -0.083070 0.373648,
        -1.673228 -0.090019 0.380230,
        -1.971459 -0.071477 0.092365,
        -1.673228 -0.030423 0.343040,
        -1.673228 -0.049593 0.349499,
        -1.701311 -0.049593 0.348119,
        -1.673228 -0.058708 0.354983,
        -1.673228 -0.071477 0.362666,
        -1.726993 -0.000000 0.333287,
        -1.727532 0.025390 0.335996,
        -1.729123 0.049593 0.343994,
        -1.731692 0.071477 0.356908,
        -1.735118 0.090019 0.374134,
        -1.739242 0.104352 0.394867,
        -1.743871 0.113805 0.418137,
        -1.748788 0.117937 0.442857,
        -1.753763 0.116554 0.467869,
        -1.758564 0.109722 0.492005,
        -1.762967 0.097759 0.514136,
        -1.766764 0.081224 0.533228,
        -1.769780 0.060892 0.548387,
        -1.771872 0.037713 0.558905,
        -1.772943 0.012770 0.564290,
        -1.772943 -0.012770 0.564290,
        -1.771872 -0.037713 0.558905,
        -1.769780 -0.060892 0.548387,
        -1.766764 -0.081224 0.533228,
        -1.762967 -0.097759 0.514136,
        -1.758564 -0.109722 0.492005,
        -1.753763 -0.116554 0.467869,
        -1.748788 -0.117937 0.442857,
        -1.743871 -0.113805 0.418137,
        -1.739242 -0.104352 0.394867,
        -1.735118 -0.090019 0.374134,
        -1.731692 -0.071477 0.356908,
        -1.729123 -0.049593 0.343994,
        -1.753228 -0.000000 0.326716,
        -1.754030 0.025390 0.329358,
        -1.756397 0.049593 0.337162,
        -1.760219 0.071477 0.349762,
        -1.765318 0.090019 0.366570,
        -1.771454 0.104352 0.386799,
        -1.778341 0.113805 0.409503,
        -1.785657 0.117937 0.433621,
        -1.793061 0.116554 0.458026,
        -1.800204 0.109722 0.481575,
        -1.806754 0.097759 0.503168,
        -1.812405 0.081224 0.521796,
        -1.816891 0.060892 0.536586,
        -1.820004 0.037713 0.546848,
        -1.821598 0.012770 0.552102,
        -1.821598 -0.012770 0.552102,
        -1.820004 -0.037713 0.546848,
        -1.816891 -0.060892 0.536586,
        -1.812405 -0.081224 0.521796,
        -1.806754 -0.097759 0.503168,
        -1.800204 -0.109722 0.481575,
        -1.793061 -0.116554 0.458026,
        -1.785657 -0.117937 0.433621,
        -1.778341 -0.113805 0.409503,
        -1.771454 -0.104352 0.386799,
        -1.765318 -0.090019 0.366570,
        -1.760219 -0.071477 0.349762,
        -1.756397 -0.049593 0.337162,
        -1.778693 -0.000000 0.317605,
        -1.779749 0.025390 0.320156,
        -1.782870 0.049593 0.327690,
        -1.787909 0.071477 0.339855,
        -1.794630 0.090019 0.356081,
        -1.802720 0.104352 0.375612,
        -1.811799 0.113805 0.397531,
        -1.821444 0.117937 0.420817,
        -1.831204 0.116554 0.444378,
        -1.840621 0.109722 0.467113,
        -1.849256 0.097759 0.487961,
        -1.856705 0.081224 0.505944,
        -1.862620 0.060892 0.520224,
        -1.866724 0.037713 0.530132,
        -1.868825 0.012770 0.535204,
        -1.868825 -0.012770 0.535204,
        -1.866724 -0.037713 0.530132,
        -1.862620 -0.060892 0.520224,
        -1.856705 -0.081224 0.505944,
        -1.849256 -0.097759 0.487961,
        -1.840621 -0.109722 0.467113,
        -1.831204 -0.116554 0.444378,
        -1.821444 -0.117937 0.420817,
        -1.811799 -0.113805 0.397531,
        -1.802720 -0.104352 0.375612,
        -1.794630 -0.090019 0.356081,
        -1.787909 -0.071477 0.339855,
        -1.782870 -0.049593 0.327690,
        -1.803141 -0.000000 0.306041,
        -1.804443 0.025390 0.308477,
        -1.808287 0.049593 0.315669,
        -1.814494 0.071477 0.327281,
        -1.822773 0.090019 0.342771,
        -1.832738 0.104352 0.361414,
        -1.843922 0.113805 0.382339,
        -1.855804 0.117937 0.404566,
        -1.867825 0.116554 0.427057,
        -1.879426 0.109722 0.448760,
        -1.890063 0.097759 0.468661,
        -1.899239 0.081224 0.485828,
        -1.906525 0.060892 0.499459,
        -1.911580 0.037713 0.508917,
        -1.914168 0.012770 0.513759,
        -1.914168 -0.012770 0.513759,
        -1.911580 -0.037713 0.508917,
        -1.906525 -0.060892 0.499459,
        -1.899239 -0.081224 0.485828,
        -1.890063 -0.097759 0.468661,
        -1.879426 -0.109722 0.448760,
        -1.867825 -0.116554 0.427057,
        -1.855804 -0.117937 0.404566,
        -1.843922 -0.113805 0.382339,
        -1.832738 -0.104352 0.361414,
        -1.822773 -0.090019 0.342771,
        -1.814494 -0.071477 0.327281,
        -1.808287 -0.049593 0.315669,
        -1.826338 -0.000000 0.292137,
        -1.827872 0.025390 0.294433,
        -1.832403 0.049593 0.301214,
        -1.839718 0.071477 0.312162,
        -1.849476 0.090019 0.326766,
        -1.861220 0.104352 0.344342,
        -1.874402 0.113805 0.364070,
        -1.888404 0.117937 0.385026,
        -1.902573 0.116554 0.406230,
        -1.916245 0.109722 0.426692,
        -1.928781 0.097759 0.445454,
        -1.939595 0.081224 0.461639,
        -1.948183 0.060892 0.474490,
        -1.954141 0.037713 0.483407,
        -1.957191 0.012770 0.487972,
        -1.957191 -0.012770 0.487972,
        -1.954141 -0.037713 0.483407,
        -1.948183 -0.060892 0.474490,
        -1.939595 -0.081224 0.461639,
        -1.928781 -0.097759 0.445454,
        -1.916245 -0.109722 0.426692,
        -1.902573 -0.116554 0.406230,
        -1.888404 -0.117937 0.385026,
        -1.874402 -0.113805 0.364070,
        -1.861220 -0.104352 0.344342,
        -1.849476 -0.090019 0.326766,
        -1.839718 -0.071477 0.312162,
        -1.832403 -0.049593 0.301214,
        -1.848061 -0.000000 0.276026,
        -1.849813 0.025390 0.278161,
        -1.854986 0.049593 0.284465,
        -1.863339 0.071477 0.294643,
        -1.874482 0.090019 0.308220,
        -1.887893 0.104352 0.324561,
        -1.902944 0.113805 0.342902,
        -1.918933 0.117937 0.362384,
        -1.935112 0.116554 0.382098,
        -1.950723 0.109722 0.401121,
        -1.965039 0.097759 0.418563,
        -1.977387 0.081224 0.433611,
        -1.987193 0.060892 0.445558,
        -1.993996 0.037713 0.453848,
        -1.997479 0.012770 0.458092,
        -1.997479 -0.012770 0.458092,
        -1.993996 -0.037713 0.453848,
        -1.987193 -0.060892 0.445558,
        -1.977387 -0.081224 0.433611,
        -1.965039 -0.097759 0.418563,
        -1.950723 -0.109722 0.401121,
        -1.935112 -0.116554 0.382098,
        -1.918933 -0.117937 0.362384,
        -1.902944 -0.113805 0.342902,
        -1.887893 -0.104352 0.324561,
        -1.874482 -0.090019 0.308220,
        -1.863339 -0.071477 0.294643,
        -1.854986 -0.049593 0.284465,
        -1.868100 -0.000000 0.257864,
        -1.870053 0.025390 0.259817,
        -1.875819 0.049593 0.265583,
        -1.885130 0.071477 0.274894,
        -1.897550 0.090019 0.287313,
        -1.912497 0.104352 0.302261,
        -1.929274 0.113805 0.319037,
        -1.947095 0.117937 0.336859,
        -1.965128 0.116554 0.354892,
        -1.982530 0.109722 0.372293,
        -1.998485 0.097759 0.388249,
        -2.012250 0.081224 0.402013,
        -2.023179 0.060892 0.412943,
        -2.030761 0.037713 0.420525,
        -2.034644 0.012770 0.424407,
        -2.034644 -0.012770 0.424407,
        -2.030761 -0.037713 0.420525,
        -2.023179 -0.060892 0.412943,
        -2.012250 -0.081224 0.402013,
        -1.998485 -0.097759 0.388249,
        -1.982530 -0.109722 0.372293,
        -1.965128 -0.116554 0.354892,
        -1.947095 -0.117937 0.336859,
        -1.929274 -0.113805 0.319037,
        -1.912497 -0.104352 0.302261,
        -1.897550 -0.090019 0.287313,
        -1.885130 -0.071477 0.274894,
        -1.875819 -0.049593 0.265583,
        -1.886263 -0.000000 0.237825,
        -1.888397 0.025390 0.239577,
        -1.894701 0.049593 0.244750,
        -1.904880 0.071477 0.253103,
        -1.918457 0.090019 0.264246,
        -1.934797 0.104352 0.277656,
        -1.953138 0.113805 0.292708,
        -1.972620 0.117937 0.308697,
        -1.992334 0.116554 0.324875,
        -2.011357 0.109722 0.340487,
        -2.028800 0.097759 0.354802,
        -2.043847 0.081224 0.367151,
        -2.055794 0.060892 0.376956,
        -2.064084 0.037713 0.383759,
        -2.068328 0.012770 0.387243,
        -2.068328 -0.012770 0.387243,
        -2.064084 -0.037713 0.383759,
        -2.055794 -0.060892 0.376956,
        -2.043847 -0.081224 0.367151,
        -2.028800 -0.097759 0.354802,
        -2.011357 -0.109722 0.340487,
        -1.992334 -0.116554 0.324875,
        -1.972620 -0.117937 0.308697,
        -1.953138 -0.113805 0.292708,
        -1.934797 -0.104352 0.277656,
        -1.918457 -0.090019 0.264246,
        -1.904880 -0.071477 0.253103,
        -1.894701 -0.049593 0.244750,
        -1.902374 -0.000000 0.216102,
        -1.904670 0.025390 0.217636,
        -1.911450 0.049593 0.222167,
        -1.922398 0.071477 0.229482,
        -1.937002 0.090019 0.239240,
        -1.954578 0.104352 0.250984,
        -1.974306 0.113805 0.264166,
        -1.995262 0.117937 0.278168,
        -2.016467 0.116554 0.292337,
        -2.036928 0.109722 0.306009,
        -2.055690 0.097759 0.318545,
        -2.071875 0.081224 0.329359,
        -2.084726 0.060892 0.337946,
        -2.093643 0.037713 0.343904,
        -2.098208 0.012770 0.346954,
        -2.098208 -0.012770 0.346954,
        -2.093643 -0.037713 0.343904,
        -2.084726 -0.060892 0.337946,
        -2.071875 -0.081224 0.329359,
        -2.055690 -0.097759 0.318545,
        -2.036928 -0.109722 0.306009,
        -2.016467 -0.116554 0.292337,
        -1.995262 -0.117937 0.278168,
        -1.974306 -0.113805 0.264166,
        -1.954578 -0.104352 0.250984,
        -1.937002 -0.090019 0.239240,
        -1.922398 -0.071477 0.229482,
        -1.911450 -0.049593 0.222167,
        -1.916278 -0.000000 0.192905,
        -1.918713 0.025390 0.194206,
        -1.925905 0.049593 0.198050,
        -1.937517 0.071477 0.204257,
        -1.953007 0.090019 0.212537,
        -1.971650 0.104352 0.222502,
        -1.992575 0.113805 0.233686,
        -2.014802 0.117937 0.245567,
        -2.037293 0.116554 0.257589,
        -2.058996 0.109722 0.269189,
        -2.078897 0.097759 0.279826,
        -2.096064 0.081224 0.289002,
        -2.109695 0.060892 0.296289,
        -2.119153 0.037713 0.301344,
        -2.123995 0.012770 0.303932,
        -2.123995 -0.012770 0.303932,
        -2.119153 -0.037713 0.301344,
        -2.109695 -0.060892 0.296289,
        -2.096064 -0.081224 0.289002,
        -2.078897 -0.097759 0.279826,
        -2.058996 -0.109722 0.269189,
        -2.037293 -0.116554 0.257589,
        -2.014802 -0.117937 0.245567,
        -1.992575 -0.113805 0.233686,
        -1.971650 -0.104352 0.222502,
        -1.953007 -0.090019 0.212537,
        -1.937517 -0.071477 0.204257,
        -1.925905 -0.049593 0.198050,
        -1.927841 -0.000000 0.168456,
        -1.930392 0.025390 0.169513,
        -1.937926 0.049593 0.172633,
        -1.950091 0.071477 0.177672,
        -1.966318 0.090019 0.184394,
        -1.985848 0.104352 0.192483,
        -2.007768 0.113805 0.201563,
        -2.031053 0.117937 0.211208,
        -2.054614 0.116554 0.220967,
        -2.077350 0.109722 0.230385,
        -2.098197 0.097759 0.239020,
        -2.116181 0.081224 0.246469,
        -2.130460 0.060892 0.252384,
        -2.140368 0.037713 0.256488,
        -2.145441 0.012770 0.258589,
        -2.145441 -0.012770 0.258589,
        -2.140368 -0.037713 0.256488,
        -2.130460 -0.060892 0.252384,
        -2.116181 -0.081224 0.246469,
        -2.098197 -0.097759 0.239020,
        -2.077350 -0.109722 0.230385,
        -2.054614 -0.116554 0.220967,
        -2.031053 -0.117937 0.211208,
        -2.007768 -0.113805 0.201563,
        -1.985848 -0.104352 0.192483,
        -1.966318 -0.090019 0.184394,
        -1.950091 -0.071477 0.177672,
        -1.937926 -0.049593 0.172633,
        -1.936952 -0.000000 0.142992,
        -1.939594 0.025390 0.143793,
        -1.947398 0.049593 0.146161,
        -1.959998 0.071477 0.149983,
        -1.976806 0.090019 0.155081,
        -1.997035 0.104352 0.161218,
        -2.019739 0.113805 0.168105,
        -2.043857 0.117937 0.175421,
        -2.068262 0.116554 0.182824,
        -2.091811 0.109722 0.189968,
        -2.113404 0.097759 0.196518,
        -2.132031 0.081224 0.202169,
        -2.146822 0.060892 0.206655,
        -2.157084 0.037713 0.209768,
        -2.162339 0.012770 0.211362,
        -2.162339 -0.012770 0.211362,
        -2.157084 -0.037713 0.209768,
        -2.146822 -0.060892 0.206655,
        -2.132031 -0.081224 0.202169,
        -2.113404 -0.097759 0.196518,
        -2.091811 -0.109722 0.189968,
        -2.068262 -0.116554 0.182824,
        -2.043857 -0.117937 0.175421,
        -2.019739 -0.113805 0.168105,
        -1.997035 -0.104352 0.161218,
        -1.976806 -0.090019 0.155081,
        -1.959998 -0.071477 0.149983,
        -1.947398 -0.049593 0.146161,
        -1.943524 -0.000000 0.116757,
        -1.946232 0.025390 0.117296,
        -1.954230 0.049593 0.118887,
        -1.967144 0.071477 0.121456,
        -1.984370 0.090019 0.124882,
        -2.005104 0.104352 0.129006,
        -2.028374 0.113805 0.133635,
        -2.053093 0.117937 0.138552,
        -2.078105 0.116554 0.143527,
        -2.102241 0.109722 0.148328,
        -2.124372 0.097759 0.152730,
        -2.143464 0.081224 0.156528,
        -2.158623 0.060892 0.159543,
        -2.169141 0.037713 0.161635,
        -2.174526 0.012770 0.162706,
        -2.174526 -0.012770 0.162706,
        -2.169141 -0.037713 0.161635,
        -2.158623 -0.060892 0.159543,
        -2.143464 -0.081224 0.156528,
        -2.124372 -0.097759 0.152730,
        -2.102241 -0.109722 0.148328,
        -2.078105 -0.116554 0.143527,
        -2.053093 -0.117937 0.138552,
        -2.028374 -0.113805 0.133635,
        -2.005104 -0.104352 0.129006,
        -1.984370 -0.090019 0.124882,
        -1.967144 -0.071477 0.121456,
        -1.954230 -0.049593 0.118887,
        -1.958356 -0.049593 0.091075,
        -1.673228 -0.025390 0.341344,
        -1.700512 -0.025390 0.340004,
        -1.727532 -0.025390 0.335996,
        -1.754030 -0.025390 0.329358,
        -1.779749 -0.025390 0.320156,
        -1.804443 -0.025390 0.308477,
        -1.827872 -0.025390 0.294433,
        -1.849813 -0.025390 0.278161,
        -1.870053 -0.025390 0.259817,
        -1.888397 -0.025390 0.239577,
        -1.904670 -0.025390 0.217636,
        -1.918713 -0.025390 0.194206,
        -1.930392 -0.025390 0.169513,
        -1.939594 -0.025390 0.143793,
        -1.946232 -0.025390 0.117296,
        -1.950240 -0.025390 0.090275,
        -1.083688 0.000000 0.338583,
        -1.083688 -0.030569 0.342607,
        -1.083688 -0.059055 0.354406,
        -1.083688 -0.083517 0.373176,
        -1.083688 -0.102287 0.397638,
        -1.083688 -0.118110 0.456693,
        -1.083688 -0.114086 0.426124,
        -1.083688 -0.114086 0.487262,
        -1.083688 -0.102287 0.515748,
        -1.083688 -0.083517 0.540209,
        -1.083688 -0.030569 0.570779,
        -1.083688 -0.059055 0.558980,
        -1.083688 0.000000 0.574803,
        -1.083688 0.030569 0.570779,
        -1.083688 0.059055 0.558980,
        -1.083688 0.083517 0.540209,
        -1.083688 0.102287 0.515748,
        -1.083688 0.114086 0.487262,
        -1.083688 0.118110 0.456693,
        -1.083688 0.114086 0.426124,
        -1.083688 0.102287 0.397638,
        -1.083688 0.083517 0.373176,
        -1.083688 0.059055 0.354406,
        -1.083688 0.030569 0.342607,
      ]
    }
    coordIndex [
      0, 1, 2, -1,
      2, 1, 3, -1,
      2, 3, 4, -1,
      5, 6, 2, -1,
      2, 6, 7, -1,
      2, 7, 0, -1,
      8, 9, 2, -1,
      2, 9, 10, -1,
      2, 10, 5, -1,
      11, 12, 2, -1,
      2, 12, 13, -1,
      2, 13, 8, -1,
      14, 15, 2, -1,
      2, 15, 16, -1,
      2, 16, 11, -1,
      17, 18, 2, -1,
      2, 18, 19, -1,
      2, 19, 14, -1,
      20, 21, 2, -1,
      2, 21, 22, -1,
      2, 22, 17, -1,
      4, 23, 2, -1,
      2, 23, 24, -1,
      2, 24, 20, -1,
      25, 16, 15, -1,
      26, 27, 14, -1,
      14, 27, 28, -1,
      14, 28, 15, -1,
      15, 28, 29, -1,
      15, 29, 25, -1,
      18, 30, 19, -1,
      19, 30, 31, -1,
      19, 31, 14, -1,
      14, 31, 32, -1,
      14, 32, 26, -1,
      17, 33, 18, -1,
      18, 33, 34, -1,
      18, 34, 30, -1,
      22, 35, 17, -1,
      17, 35, 36, -1,
      17, 36, 33, -1,
      21, 37, 22, -1,
      22, 37, 38, -1,
      22, 38, 35, -1,
      39, 40, 21, -1,
      21, 40, 41, -1,
      21, 41, 37, -1,
      39, 21, 42, -1,
      42, 21, 20, -1,
      42, 20, 43, -1,
      43, 20, 24, -1,
      43, 24, 44, -1,
      44, 24, 45, -1,
      45, 24, 23, -1,
      45, 23, 46, -1,
      46, 23, 47, -1,
      47, 23, 4, -1,
      47, 4, 48, -1,
      48, 4, 49, -1,
      49, 4, 3, -1,
      49, 3, 50, -1,
      0, 51, 1, -1,
      1, 51, 52, -1,
      1, 52, 3, -1,
      3, 52, 53, -1,
      3, 53, 50, -1,
      7, 54, 0, -1,
      0, 54, 55, -1,
      0, 55, 51, -1,
      6, 56, 7, -1,
      7, 56, 57, -1,
      7, 57, 54, -1,
      5, 58, 6, -1,
      6, 58, 59, -1,
      59, 60, 6, -1,
      6, 60, 61, -1,
      6, 61, 56, -1,
      9, 62, 10, -1,
      10, 62, 63, -1,
      10, 63, 5, -1,
      5, 63, 64, -1,
      5, 64, 58, -1,
      8, 65, 9, -1,
      9, 65, 66, -1,
      9, 66, 62, -1,
      67, 68, 13, -1,
      13, 68, 69, -1,
      13, 69, 8, -1,
      8, 69, 70, -1,
      8, 70, 65, -1,
      11, 71, 12, -1,
      12, 71, 72, -1,
      12, 72, 13, -1,
      13, 72, 73, -1,
      13, 73, 67, -1,
      25, 74, 16, -1,
      16, 74, 75, -1,
      16, 75, 11, -1,
      11, 75, 76, -1,
      11, 76, 71, -1,
      77, 78, 50, -1,
      79, 80, 81, -1,
      81, 80, 82, -1,
      81, 82, 83, -1,
      83, 82, 84, -1,
      50, 53, 77, -1,
      77, 53, 52, -1,
      77, 52, 85, -1,
      86, 87, 84, -1,
      84, 87, 88, -1,
      84, 88, 83, -1,
      52, 51, 85, -1,
      85, 51, 55, -1,
      85, 55, 89, -1,
      90, 91, 86, -1,
      86, 91, 92, -1,
      86, 92, 87, -1,
      55, 54, 89, -1,
      89, 54, 57, -1,
      89, 57, 93, -1,
      94, 95, 90, -1,
      90, 95, 96, -1,
      90, 96, 91, -1,
      57, 56, 93, -1,
      93, 56, 61, -1,
      93, 61, 97, -1,
      97, 61, 60, -1,
      97, 60, 98, -1,
      99, 100, 101, -1,
      101, 100, 102, -1,
      101, 102, 94, -1,
      94, 102, 103, -1,
      94, 103, 95, -1,
      60, 59, 98, -1,
      98, 59, 58, -1,
      98, 58, 104, -1,
      105, 106, 99, -1,
      99, 106, 107, -1,
      99, 107, 100, -1,
      58, 64, 104, -1,
      104, 64, 63, -1,
      104, 63, 108, -1,
      109, 110, 105, -1,
      105, 110, 111, -1,
      105, 111, 106, -1,
      63, 62, 108, -1,
      108, 62, 66, -1,
      108, 66, 112, -1,
      113, 114, 109, -1,
      109, 114, 115, -1,
      109, 115, 110, -1,
      66, 65, 112, -1,
      112, 65, 70, -1,
      112, 70, 116, -1,
      117, 118, 113, -1,
      113, 118, 119, -1,
      113, 119, 114, -1,
      70, 69, 116, -1,
      116, 69, 68, -1,
      116, 68, 120, -1,
      120, 68, 67, -1,
      120, 67, 121, -1,
      122, 123, 124, -1,
      124, 123, 125, -1,
      124, 125, 117, -1,
      117, 125, 126, -1,
      117, 126, 118, -1,
      67, 73, 121, -1,
      121, 73, 72, -1,
      121, 72, 127, -1,
      128, 129, 122, -1,
      122, 129, 130, -1,
      122, 130, 123, -1,
      72, 71, 127, -1,
      127, 71, 76, -1,
      127, 76, 131, -1,
      132, 133, 128, -1,
      128, 133, 134, -1,
      128, 134, 129, -1,
      76, 75, 131, -1,
      131, 75, 74, -1,
      131, 74, 135, -1,
      136, 137, 132, -1,
      132, 137, 138, -1,
      132, 138, 133, -1,
      74, 25, 135, -1,
      135, 25, 29, -1,
      135, 29, 139, -1,
      140, 141, 136, -1,
      136, 141, 142, -1,
      136, 142, 137, -1,
      29, 28, 139, -1,
      139, 28, 27, -1,
      139, 27, 143, -1,
      143, 27, 26, -1,
      143, 26, 144, -1,
      145, 146, 147, -1,
      147, 146, 148, -1,
      147, 148, 140, -1,
      140, 148, 149, -1,
      140, 149, 141, -1,
      26, 32, 144, -1,
      144, 32, 31, -1,
      144, 31, 150, -1,
      151, 152, 145, -1,
      145, 152, 153, -1,
      145, 153, 146, -1,
      31, 30, 150, -1,
      150, 30, 34, -1,
      150, 34, 154, -1,
      155, 156, 151, -1,
      151, 156, 157, -1,
      151, 157, 152, -1,
      34, 33, 154, -1,
      154, 33, 36, -1,
      154, 36, 158, -1,
      159, 160, 155, -1,
      155, 160, 161, -1,
      155, 161, 156, -1,
      36, 35, 158, -1,
      158, 35, 38, -1,
      158, 38, 162, -1,
      163, 164, 159, -1,
      159, 164, 165, -1,
      159, 165, 160, -1,
      38, 37, 162, -1,
      162, 37, 41, -1,
      162, 41, 166, -1,
      166, 41, 40, -1,
      166, 40, 167, -1,
      168, 169, 170, -1,
      170, 169, 171, -1,
      170, 171, 163, -1,
      163, 171, 172, -1,
      163, 172, 164, -1,
      40, 39, 167, -1,
      167, 39, 42, -1,
      167, 42, 173, -1,
      174, 175, 168, -1,
      168, 175, 176, -1,
      168, 176, 169, -1,
      42, 43, 173, -1,
      173, 43, 44, -1,
      173, 44, 177, -1,
      178, 179, 180, -1,
      180, 179, 181, -1,
      180, 181, 174, -1,
      174, 181, 182, -1,
      174, 182, 175, -1,
      80, 183, 82, -1,
      82, 183, 184, -1,
      82, 184, 84, -1,
      84, 184, 185, -1,
      84, 185, 86, -1,
      86, 185, 186, -1,
      86, 186, 90, -1,
      90, 186, 187, -1,
      90, 187, 94, -1,
      94, 187, 188, -1,
      94, 188, 101, -1,
      101, 188, 189, -1,
      101, 189, 99, -1,
      99, 189, 190, -1,
      99, 190, 105, -1,
      105, 190, 191, -1,
      105, 191, 109, -1,
      109, 191, 192, -1,
      109, 192, 113, -1,
      113, 192, 193, -1,
      113, 193, 117, -1,
      117, 193, 194, -1,
      117, 194, 124, -1,
      124, 194, 195, -1,
      124, 195, 122, -1,
      122, 195, 196, -1,
      122, 196, 128, -1,
      128, 196, 197, -1,
      128, 197, 132, -1,
      132, 197, 198, -1,
      132, 198, 136, -1,
      136, 198, 199, -1,
      136, 199, 140, -1,
      140, 199, 200, -1,
      140, 200, 147, -1,
      147, 200, 201, -1,
      147, 201, 145, -1,
      145, 201, 202, -1,
      145, 202, 151, -1,
      151, 202, 203, -1,
      151, 203, 155, -1,
      155, 203, 204, -1,
      155, 204, 159, -1,
      159, 204, 205, -1,
      159, 205, 163, -1,
      163, 205, 206, -1,
      163, 206, 170, -1,
      170, 206, 207, -1,
      170, 207, 168, -1,
      168, 207, 208, -1,
      168, 208, 174, -1,
      174, 208, 209, -1,
      174, 209, 180, -1,
      180, 209, 210, -1,
      183, 211, 184, -1,
      184, 211, 212, -1,
      184, 212, 185, -1,
      185, 212, 213, -1,
      185, 213, 186, -1,
      186, 213, 214, -1,
      186, 214, 187, -1,
      187, 214, 215, -1,
      187, 215, 188, -1,
      188, 215, 216, -1,
      188, 216, 189, -1,
      189, 216, 217, -1,
      189, 217, 190, -1,
      190, 217, 218, -1,
      190, 218, 191, -1,
      191, 218, 219, -1,
      191, 219, 192, -1,
      192, 219, 220, -1,
      192, 220, 193, -1,
      193, 220, 221, -1,
      193, 221, 194, -1,
      194, 221, 222, -1,
      194, 222, 195, -1,
      195, 222, 223, -1,
      195, 223, 196, -1,
      196, 223, 224, -1,
      196, 224, 197, -1,
      197, 224, 225, -1,
      197, 225, 198, -1,
      198, 225, 226, -1,
      198, 226, 199, -1,
      199, 226, 227, -1,
      199, 227, 200, -1,
      200, 227, 228, -1,
      200, 228, 201, -1,
      201, 228, 229, -1,
      201, 229, 202, -1,
      202, 229, 230, -1,
      202, 230, 203, -1,
      203, 230, 231, -1,
      203, 231, 204, -1,
      204, 231, 232, -1,
      204, 232, 205, -1,
      205, 232, 233, -1,
      205, 233, 206, -1,
      206, 233, 234, -1,
      206, 234, 207, -1,
      207, 234, 235, -1,
      207, 235, 208, -1,
      208, 235, 236, -1,
      208, 236, 209, -1,
      209, 236, 237, -1,
      209, 237, 210, -1,
      210, 237, 238, -1,
      211, 239, 212, -1,
      212, 239, 240, -1,
      212, 240, 213, -1,
      213, 240, 241, -1,
      213, 241, 214, -1,
      214, 241, 242, -1,
      214, 242, 215, -1,
      215, 242, 243, -1,
      215, 243, 216, -1,
      216, 243, 244, -1,
      216, 244, 217, -1,
      217, 244, 245, -1,
      217, 245, 218, -1,
      218, 245, 246, -1,
      218, 246, 219, -1,
      219, 246, 247, -1,
      219, 247, 220, -1,
      220, 247, 248, -1,
      220, 248, 221, -1,
      221, 248, 249, -1,
      221, 249, 222, -1,
      222, 249, 250, -1,
      222, 250, 223, -1,
      223, 250, 251, -1,
      223, 251, 224, -1,
      224, 251, 252, -1,
      224, 252, 225, -1,
      225, 252, 253, -1,
      225, 253, 226, -1,
      226, 253, 254, -1,
      226, 254, 227, -1,
      227, 254, 255, -1,
      227, 255, 228, -1,
      228, 255, 256, -1,
      228, 256, 229, -1,
      229, 256, 257, -1,
      229, 257, 230, -1,
      230, 257, 258, -1,
      230, 258, 231, -1,
      231, 258, 259, -1,
      231, 259, 232, -1,
      232, 259, 260, -1,
      232, 260, 233, -1,
      233, 260, 261, -1,
      233, 261, 234, -1,
      234, 261, 262, -1,
      234, 262, 235, -1,
      235, 262, 263, -1,
      235, 263, 236, -1,
      236, 263, 264, -1,
      236, 264, 237, -1,
      237, 264, 265, -1,
      237, 265, 238, -1,
      238, 265, 266, -1,
      239, 267, 240, -1,
      240, 267, 268, -1,
      240, 268, 241, -1,
      241, 268, 269, -1,
      241, 269, 242, -1,
      242, 269, 270, -1,
      242, 270, 243, -1,
      243, 270, 271, -1,
      243, 271, 244, -1,
      244, 271, 272, -1,
      244, 272, 245, -1,
      245, 272, 273, -1,
      245, 273, 246, -1,
      246, 273, 274, -1,
      246, 274, 247, -1,
      247, 274, 275, -1,
      247, 275, 248, -1,
      248, 275, 276, -1,
      248, 276, 249, -1,
      249, 276, 277, -1,
      249, 277, 250, -1,
      250, 277, 278, -1,
      250, 278, 251, -1,
      251, 278, 279, -1,
      251, 279, 252, -1,
      252, 279, 280, -1,
      252, 280, 253, -1,
      253, 280, 281, -1,
      253, 281, 254, -1,
      254, 281, 282, -1,
      254, 282, 255, -1,
      255, 282, 283, -1,
      255, 283, 256, -1,
      256, 283, 284, -1,
      256, 284, 257, -1,
      257, 284, 285, -1,
      257, 285, 258, -1,
      258, 285, 286, -1,
      258, 286, 259, -1,
      259, 286, 287, -1,
      259, 287, 260, -1,
      260, 287, 288, -1,
      260, 288, 261, -1,
      261, 288, 289, -1,
      261, 289, 262, -1,
      262, 289, 290, -1,
      262, 290, 263, -1,
      263, 290, 291, -1,
      263, 291, 264, -1,
      264, 291, 292, -1,
      264, 292, 265, -1,
      265, 292, 293, -1,
      265, 293, 266, -1,
      266, 293, 294, -1,
      267, 295, 268, -1,
      268, 295, 296, -1,
      268, 296, 269, -1,
      269, 296, 297, -1,
      269, 297, 270, -1,
      270, 297, 298, -1,
      270, 298, 271, -1,
      271, 298, 299, -1,
      271, 299, 272, -1,
      272, 299, 300, -1,
      272, 300, 273, -1,
      273, 300, 301, -1,
      273, 301, 274, -1,
      274, 301, 302, -1,
      274, 302, 275, -1,
      275, 302, 303, -1,
      275, 303, 276, -1,
      276, 303, 304, -1,
      276, 304, 277, -1,
      277, 304, 305, -1,
      277, 305, 278, -1,
      278, 305, 306, -1,
      278, 306, 279, -1,
      279, 306, 307, -1,
      279, 307, 280, -1,
      280, 307, 308, -1,
      280, 308, 281, -1,
      281, 308, 309, -1,
      281, 309, 282, -1,
      282, 309, 310, -1,
      282, 310, 283, -1,
      283, 310, 311, -1,
      283, 311, 284, -1,
      284, 311, 312, -1,
      284, 312, 285, -1,
      285, 312, 313, -1,
      285, 313, 286, -1,
      286, 313, 314, -1,
      286, 314, 287, -1,
      287, 314, 315, -1,
      287, 315, 288, -1,
      288, 315, 316, -1,
      288, 316, 289, -1,
      289, 316, 317, -1,
      289, 317, 290, -1,
      290, 317, 318, -1,
      290, 318, 291, -1,
      291, 318, 319, -1,
      291, 319, 292, -1,
      292, 319, 320, -1,
      292, 320, 293, -1,
      293, 320, 321, -1,
      293, 321, 294, -1,
      294, 321, 322, -1,
      295, 323, 296, -1,
      296, 323, 324, -1,
      296, 324, 297, -1,
      297, 324, 325, -1,
      297, 325, 298, -1,
      298, 325, 326, -1,
      298, 326, 299, -1,
      299, 326, 327, -1,
      299, 327, 300, -1,
      300, 327, 328, -1,
      300, 328, 301, -1,
      301, 328, 329, -1,
      301, 329, 302, -1,
      302, 329, 330, -1,
      302, 330, 303, -1,
      303, 330, 331, -1,
      303, 331, 304, -1,
      304, 331, 332, -1,
      304, 332, 305, -1,
      305, 332, 333, -1,
      305, 333, 306, -1,
      306, 333, 334, -1,
      306, 334, 307, -1,
      307, 334, 335, -1,
      307, 335, 308, -1,
      308, 335, 336, -1,
      308, 336, 309, -1,
      309, 336, 337, -1,
      309, 337, 310, -1,
      310, 337, 338, -1,
      310, 338, 311, -1,
      311, 338, 339, -1,
      311, 339, 312, -1,
      312, 339, 340, -1,
      312, 340, 313, -1,
      313, 340, 341, -1,
      313, 341, 314, -1,
      314, 341, 342, -1,
      314, 342, 315, -1,
      315, 342, 343, -1,
      315, 343, 316, -1,
      316, 343, 344, -1,
      316, 344, 317, -1,
      317, 344, 345, -1,
      317, 345, 318, -1,
      318, 345, 346, -1,
      318, 346, 319, -1,
      319, 346, 347, -1,
      319, 347, 320, -1,
      320, 347, 348, -1,
      320, 348, 321, -1,
      321, 348, 349, -1,
      321, 349, 322, -1,
      322, 349, 350, -1,
      323, 351, 324, -1,
      324, 351, 352, -1,
      324, 352, 325, -1,
      325, 352, 353, -1,
      325, 353, 326, -1,
      326, 353, 354, -1,
      326, 354, 327, -1,
      327, 354, 355, -1,
      327, 355, 328, -1,
      328, 355, 356, -1,
      328, 356, 329, -1,
      329, 356, 357, -1,
      329, 357, 330, -1,
      330, 357, 358, -1,
      330, 358, 331, -1,
      331, 358, 359, -1,
      331, 359, 332, -1,
      332, 359, 360, -1,
      332, 360, 333, -1,
      333, 360, 361, -1,
      333, 361, 334, -1,
      334, 361, 362, -1,
      334, 362, 335, -1,
      335, 362, 363, -1,
      335, 363, 336, -1,
      336, 363, 364, -1,
      336, 364, 337, -1,
      337, 364, 365, -1,
      337, 365, 338, -1,
      338, 365, 366, -1,
      338, 366, 339, -1,
      339, 366, 367, -1,
      339, 367, 340, -1,
      340, 367, 368, -1,
      340, 368, 341, -1,
      341, 368, 369, -1,
      341, 369, 342, -1,
      342, 369, 370, -1,
      342, 370, 343, -1,
      343, 370, 371, -1,
      343, 371, 344, -1,
      344, 371, 372, -1,
      344, 372, 345, -1,
      345, 372, 373, -1,
      345, 373, 346, -1,
      346, 373, 374, -1,
      346, 374, 347, -1,
      347, 374, 375, -1,
      347, 375, 348, -1,
      348, 375, 376, -1,
      348, 376, 349, -1,
      349, 376, 377, -1,
      349, 377, 350, -1,
      350, 377, 378, -1,
      351, 379, 352, -1,
      352, 379, 380, -1,
      352, 380, 353, -1,
      353, 380, 381, -1,
      353, 381, 354, -1,
      354, 381, 382, -1,
      354, 382, 355, -1,
      355, 382, 383, -1,
      355, 383, 356, -1,
      356, 383, 384, -1,
      356, 384, 357, -1,
      357, 384, 385, -1,
      357, 385, 358, -1,
      358, 385, 386, -1,
      358, 386, 359, -1,
      359, 386, 387, -1,
      359, 387, 360, -1,
      360, 387, 388, -1,
      360, 388, 361, -1,
      361, 388, 389, -1,
      361, 389, 362, -1,
      362, 389, 390, -1,
      362, 390, 363, -1,
      363, 390, 391, -1,
      363, 391, 364, -1,
      364, 391, 392, -1,
      364, 392, 365, -1,
      365, 392, 393, -1,
      365, 393, 366, -1,
      366, 393, 394, -1,
      366, 394, 367, -1,
      367, 394, 395, -1,
      367, 395, 368, -1,
      368, 395, 396, -1,
      368, 396, 369, -1,
      369, 396, 397, -1,
      369, 397, 370, -1,
      370, 397, 398, -1,
      370, 398, 371, -1,
      371, 398, 399, -1,
      371, 399, 372, -1,
      372, 399, 400, -1,
      372, 400, 373, -1,
      373, 400, 401, -1,
      373, 401, 374, -1,
      374, 401, 402, -1,
      374, 402, 375, -1,
      375, 402, 403, -1,
      375, 403, 376, -1,
      376, 403, 404, -1,
      376, 404, 377, -1,
      377, 404, 405, -1,
      377, 405, 378, -1,
      378, 405, 406, -1,
      379, 407, 380, -1,
      380, 407, 408, -1,
      380, 408, 381, -1,
      381, 408, 409, -1,
      381, 409, 382, -1,
      382, 409, 410, -1,
      382, 410, 383, -1,
      383, 410, 411, -1,
      383, 411, 384, -1,
      384, 411, 412, -1,
      384, 412, 385, -1,
      385, 412, 413, -1,
      385, 413, 386, -1,
      386, 413, 414, -1,
      386, 414, 387, -1,
      387, 414, 415, -1,
      387, 415, 388, -1,
      388, 415, 416, -1,
      388, 416, 389, -1,
      389, 416, 417, -1,
      389, 417, 390, -1,
      390, 417, 418, -1,
      390, 418, 391, -1,
      391, 418, 419, -1,
      391, 419, 392, -1,
      392, 419, 420, -1,
      392, 420, 393, -1,
      393, 420, 421, -1,
      393, 421, 394, -1,
      394, 421, 422, -1,
      394, 422, 395, -1,
      395, 422, 423, -1,
      395, 423, 396, -1,
      396, 423, 424, -1,
      396, 424, 397, -1,
      397, 424, 425, -1,
      397, 425, 398, -1,
      398, 425, 426, -1,
      398, 426, 399, -1,
      399, 426, 427, -1,
      399, 427, 400, -1,
      400, 427, 428, -1,
      400, 428, 401, -1,
      401, 428, 429, -1,
      401, 429, 402, -1,
      402, 429, 430, -1,
      402, 430, 403, -1,
      403, 430, 431, -1,
      403, 431, 404, -1,
      404, 431, 432, -1,
      404, 432, 405, -1,
      405, 432, 433, -1,
      405, 433, 406, -1,
      406, 433, 434, -1,
      407, 435, 408, -1,
      408, 435, 436, -1,
      408, 436, 409, -1,
      409, 436, 437, -1,
      409, 437, 410, -1,
      410, 437, 438, -1,
      410, 438, 411, -1,
      411, 438, 439, -1,
      411, 439, 412, -1,
      412, 439, 440, -1,
      412, 440, 413, -1,
      413, 440, 441, -1,
      413, 441, 414, -1,
      414, 441, 442, -1,
      414, 442, 415, -1,
      415, 442, 443, -1,
      415, 443, 416, -1,
      416, 443, 444, -1,
      416, 444, 417, -1,
      417, 444, 445, -1,
      417, 445, 418, -1,
      418, 445, 446, -1,
      418, 446, 419, -1,
      419, 446, 447, -1,
      419, 447, 420, -1,
      420, 447, 448, -1,
      420, 448, 421, -1,
      421, 448, 449, -1,
      421, 449, 422, -1,
      422, 449, 450, -1,
      422, 450, 423, -1,
      423, 450, 451, -1,
      423, 451, 424, -1,
      424, 451, 452, -1,
      424, 452, 425, -1,
      425, 452, 453, -1,
      425, 453, 426, -1,
      426, 453, 454, -1,
      426, 454, 427, -1,
      427, 454, 455, -1,
      427, 455, 428, -1,
      428, 455, 456, -1,
      428, 456, 429, -1,
      429, 456, 457, -1,
      429, 457, 430, -1,
      430, 457, 458, -1,
      430, 458, 431, -1,
      431, 458, 459, -1,
      431, 459, 432, -1,
      432, 459, 460, -1,
      432, 460, 433, -1,
      433, 460, 461, -1,
      433, 461, 434, -1,
      434, 461, 462, -1,
      435, 463, 436, -1,
      436, 463, 464, -1,
      436, 464, 437, -1,
      437, 464, 465, -1,
      437, 465, 438, -1,
      438, 465, 466, -1,
      438, 466, 439, -1,
      439, 466, 467, -1,
      439, 467, 440, -1,
      440, 467, 468, -1,
      440, 468, 441, -1,
      441, 468, 469, -1,
      441, 469, 442, -1,
      442, 469, 470, -1,
      442, 470, 443, -1,
      443, 470, 471, -1,
      443, 471, 444, -1,
      444, 471, 472, -1,
      444, 472, 445, -1,
      445, 472, 473, -1,
      445, 473, 446, -1,
      446, 473, 474, -1,
      446, 474, 447, -1,
      447, 474, 475, -1,
      447, 475, 448, -1,
      448, 475, 476, -1,
      448, 476, 449, -1,
      449, 476, 477, -1,
      449, 477, 450, -1,
      450, 477, 478, -1,
      450, 478, 451, -1,
      451, 478, 479, -1,
      451, 479, 452, -1,
      452, 479, 480, -1,
      452, 480, 453, -1,
      453, 480, 481, -1,
      453, 481, 454, -1,
      454, 481, 482, -1,
      454, 482, 455, -1,
      455, 482, 483, -1,
      455, 483, 456, -1,
      456, 483, 484, -1,
      456, 484, 457, -1,
      457, 484, 485, -1,
      457, 485, 458, -1,
      458, 485, 486, -1,
      458, 486, 459, -1,
      459, 486, 487, -1,
      459, 487, 460, -1,
      460, 487, 488, -1,
      460, 488, 461, -1,
      461, 488, 489, -1,
      461, 489, 462, -1,
      462, 489, 490, -1,
      463, 491, 464, -1,
      464, 491, 492, -1,
      464, 492, 465, -1,
      465, 492, 493, -1,
      465, 493, 466, -1,
      466, 493, 494, -1,
      466, 494, 467, -1,
      467, 494, 495, -1,
      467, 495, 468, -1,
      468, 495, 496, -1,
      468, 496, 469, -1,
      469, 496, 497, -1,
      469, 497, 470, -1,
      470, 497, 498, -1,
      470, 498, 471, -1,
      471, 498, 499, -1,
      471, 499, 472, -1,
      472, 499, 500, -1,
      472, 500, 473, -1,
      473, 500, 501, -1,
      473, 501, 474, -1,
      474, 501, 502, -1,
      474, 502, 475, -1,
      475, 502, 503, -1,
      475, 503, 476, -1,
      476, 503, 504, -1,
      476, 504, 477, -1,
      477, 504, 505, -1,
      477, 505, 478, -1,
      478, 505, 506, -1,
      478, 506, 479, -1,
      479, 506, 507, -1,
      479, 507, 480, -1,
      480, 507, 508, -1,
      480, 508, 481, -1,
      481, 508, 509, -1,
      481, 509, 482, -1,
      482, 509, 510, -1,
      482, 510, 483, -1,
      483, 510, 511, -1,
      483, 511, 484, -1,
      484, 511, 512, -1,
      484, 512, 485, -1,
      485, 512, 513, -1,
      485, 513, 486, -1,
      486, 513, 514, -1,
      486, 514, 487, -1,
      487, 514, 515, -1,
      487, 515, 488, -1,
      488, 515, 516, -1,
      488, 516, 489, -1,
      489, 516, 517, -1,
      489, 517, 490, -1,
      490, 517, 518, -1,
      491, 519, 492, -1,
      492, 519, 520, -1,
      492, 520, 493, -1,
      493, 520, 521, -1,
      493, 521, 494, -1,
      494, 521, 522, -1,
      494, 522, 495, -1,
      495, 522, 523, -1,
      495, 523, 496, -1,
      496, 523, 524, -1,
      496, 524, 497, -1,
      497, 524, 525, -1,
      497, 525, 498, -1,
      498, 525, 526, -1,
      498, 526, 499, -1,
      499, 526, 527, -1,
      499, 527, 500, -1,
      500, 527, 528, -1,
      500, 528, 501, -1,
      501, 528, 529, -1,
      501, 529, 502, -1,
      502, 529, 530, -1,
      502, 530, 503, -1,
      503, 530, 531, -1,
      503, 531, 504, -1,
      504, 531, 532, -1,
      504, 532, 505, -1,
      505, 532, 533, -1,
      505, 533, 506, -1,
      506, 533, 534, -1,
      506, 534, 507, -1,
      507, 534, 535, -1,
      507, 535, 508, -1,
      508, 535, 536, -1,
      508, 536, 509, -1,
      509, 536, 537, -1,
      509, 537, 510, -1,
      510, 537, 538, -1,
      510, 538, 511, -1,
      511, 538, 539, -1,
      511, 539, 512, -1,
      512, 539, 540, -1,
      512, 540, 513, -1,
      513, 540, 541, -1,
      513, 541, 514, -1,
      514, 541, 542, -1,
      514, 542, 515, -1,
      515, 542, 543, -1,
      515, 543, 516, -1,
      516, 543, 544, -1,
      516, 544, 517, -1,
      517, 544, 545, -1,
      517, 545, 518, -1,
      518, 545, 546, -1,
      519, 78, 520, -1,
      520, 78, 77, -1,
      520, 77, 521, -1,
      521, 77, 85, -1,
      521, 85, 522, -1,
      522, 85, 89, -1,
      522, 89, 523, -1,
      523, 89, 93, -1,
      523, 93, 524, -1,
      524, 93, 97, -1,
      524, 97, 525, -1,
      525, 97, 98, -1,
      525, 98, 526, -1,
      526, 98, 104, -1,
      526, 104, 527, -1,
      527, 104, 108, -1,
      527, 108, 528, -1,
      528, 108, 112, -1,
      528, 112, 529, -1,
      529, 112, 116, -1,
      529, 116, 530, -1,
      530, 116, 120, -1,
      530, 120, 531, -1,
      531, 120, 121, -1,
      531, 121, 532, -1,
      532, 121, 127, -1,
      532, 127, 533, -1,
      533, 127, 131, -1,
      533, 131, 534, -1,
      534, 131, 135, -1,
      534, 135, 535, -1,
      535, 135, 139, -1,
      535, 139, 536, -1,
      536, 139, 143, -1,
      536, 143, 537, -1,
      537, 143, 144, -1,
      537, 144, 538, -1,
      538, 144, 150, -1,
      538, 150, 539, -1,
      539, 150, 154, -1,
      539, 154, 540, -1,
      540, 154, 158, -1,
      540, 158, 541, -1,
      541, 158, 162, -1,
      541, 162, 542, -1,
      542, 162, 166, -1,
      542, 166, 543, -1,
      543, 166, 167, -1,
      543, 167, 544, -1,
      544, 167, 173, -1,
      544, 173, 545, -1,
      545, 173, 177, -1,
      545, 177, 546, -1,
      546, 177, 547, -1,
      79, 548, 549, -1,
      549, 548, 178, -1,
      44, 45, 177, -1,
      177, 45, 46, -1,
      177, 46, 547, -1,
      547, 46, 47, -1,
      547, 47, 48, -1,
      178, 180, 549, -1,
      549, 180, 210, -1,
      549, 210, 550, -1,
      550, 210, 238, -1,
      550, 238, 551, -1,
      551, 238, 266, -1,
      551, 266, 552, -1,
      552, 266, 294, -1,
      552, 294, 553, -1,
      553, 294, 322, -1,
      553, 322, 554, -1,
      554, 322, 350, -1,
      554, 350, 555, -1,
      555, 350, 378, -1,
      555, 378, 556, -1,
      556, 378, 406, -1,
      556, 406, 557, -1,
      557, 406, 434, -1,
      557, 434, 558, -1,
      558, 434, 462, -1,
      558, 462, 559, -1,
      559, 462, 490, -1,
      559, 490, 560, -1,
      560, 490, 518, -1,
      560, 518, 561, -1,
      561, 518, 546, -1,
      561, 546, 562, -1,
      562, 546, 547, -1,
      562, 547, 563, -1,
      563, 547, 48, -1,
      563, 48, 49, -1,
      79, 549, 80, -1,
      80, 549, 550, -1,
      80, 550, 183, -1,
      183, 550, 551, -1,
      183, 551, 211, -1,
      211, 551, 552, -1,
      211, 552, 239, -1,
      239, 552, 553, -1,
      239, 553, 267, -1,
      267, 553, 554, -1,
      267, 554, 295, -1,
      295, 554, 555, -1,
      295, 555, 323, -1,
      323, 555, 556, -1,
      323, 556, 351, -1,
      351, 556, 557, -1,
      351, 557, 379, -1,
      379, 557, 558, -1,
      379, 558, 407, -1,
      407, 558, 559, -1,
      407, 559, 435, -1,
      435, 559, 560, -1,
      435, 560, 463, -1,
      463, 560, 561, -1,
      463, 561, 491, -1,
      491, 561, 562, -1,
      491, 562, 519, -1,
      519, 562, 563, -1,
      519, 563, 78, -1,
      78, 563, 49, -1,
      78, 49, 50, -1,
      564, 565, 548, -1,
      566, 179, 565, -1,
      565, 179, 178, -1,
      565, 178, 548, -1,
      567, 182, 566, -1,
      566, 182, 181, -1,
      566, 181, 179, -1,
      171, 169, 568, -1,
      568, 169, 176, -1,
      568, 176, 567, -1,
      567, 176, 175, -1,
      567, 175, 182, -1,
      569, 165, 570, -1,
      570, 165, 164, -1,
      570, 164, 568, -1,
      568, 164, 172, -1,
      568, 172, 171, -1,
      571, 161, 569, -1,
      569, 161, 160, -1,
      569, 160, 165, -1,
      572, 157, 571, -1,
      571, 157, 156, -1,
      571, 156, 161, -1,
      148, 146, 573, -1,
      573, 146, 153, -1,
      573, 153, 572, -1,
      572, 153, 152, -1,
      572, 152, 157, -1,
      574, 142, 575, -1,
      575, 142, 141, -1,
      575, 141, 573, -1,
      573, 141, 149, -1,
      573, 149, 148, -1,
      576, 138, 574, -1,
      574, 138, 137, -1,
      574, 137, 142, -1,
      577, 134, 576, -1,
      576, 134, 133, -1,
      576, 133, 138, -1,
      578, 130, 577, -1,
      577, 130, 129, -1,
      577, 129, 134, -1,
      118, 126, 579, -1,
      579, 126, 125, -1,
      579, 125, 578, -1,
      578, 125, 123, -1,
      578, 123, 130, -1,
      118, 579, 119, -1,
      119, 579, 580, -1,
      119, 580, 114, -1,
      114, 580, 115, -1,
      115, 580, 581, -1,
      115, 581, 110, -1,
      110, 581, 111, -1,
      111, 581, 582, -1,
      111, 582, 106, -1,
      106, 582, 107, -1,
      107, 582, 583, -1,
      107, 583, 100, -1,
      100, 583, 102, -1,
      102, 583, 584, -1,
      102, 584, 103, -1,
      585, 96, 584, -1,
      584, 96, 95, -1,
      584, 95, 103, -1,
      586, 92, 585, -1,
      585, 92, 91, -1,
      585, 91, 96, -1,
      587, 88, 586, -1,
      586, 88, 87, -1,
      586, 87, 92, -1,
      548, 79, 564, -1,
      564, 79, 81, -1,
      564, 81, 587, -1,
      587, 81, 83, -1,
      587, 83, 88, -1,
    ]
  }
}

Shape {
  appearance Appearance {
    material Material {
      diffuseColor 1.0000 1.0000 1.0000
      specularColor 0.8784 0.8784 0.8784
      ambientIntensity 0.2
      transparency 0.0000
      shininess 0.5
    }
  }
  geometry IndexedFaceSet {
    ccw TRUE
    solid FALSE
    coord DEF co Coordinate {
      point [
        -1.083688 0.000000 0.338583,
        -1.083688 -0.030569 0.342607,
        -1.083688 -0.059055 0.354406,
        -1.083688 -0.083517 0.373176,
        -1.083688 -0.102287 0.397638,
        -1.083688 -0.118110 0.456693,
        -1.083688 -0.114086 0.426124,
        -1.083688 -0.114086 0.487262,
        -1.083688 -0.102287 0.515748,
        -1.083688 -0.083517 0.540209,
        -1.083688 -0.030569 0.570779,
        -1.083688 -0.059055 0.558980,
        -1.083688 0.000000 0.574803,
        -1.083688 0.030569 0.570779,
        -1.083688 0.059055 0.558980,
        -1.083688 0.083517 0.540209,
        -1.083688 0.102287 0.515748,
        -1.083688 0.114086 0.487262,
        -1.083688 0.118110 0.456693,
        -1.083688 0.114086 0.426124,
        -1.083688 0.102287 0.397638,
        -1.083688 0.083517 0.373176,
        -1.083688 0.059055 0.354406,
        -1.083688 0.030569 0.342607,
        -1.083688 0.000000 0.456693,
      ]
    }
    coordIndex [
      2, 1, 24, -1,
      24, 1, 0, -1,
      24, 0, 23, -1,
      6, 4, 24, -1,
      24, 4, 3, -1,
      24, 3, 2, -1,
      8, 7, 24, -1,
      24, 7, 5, -1,
      24, 5, 6, -1,
      10, 11, 24, -1,
      24, 11, 9, -1,
      24, 9, 8, -1,
      14, 13, 24, -1,
      24, 13, 12, -1,
      24, 12, 10, -1,
      17, 16, 24, -1,
      24, 16, 15, -1,
      24, 15, 14, -1,
      20, 19, 24, -1,
      24, 19, 18, -1,
      24, 18, 17, -1,
      23, 22, 24, -1,
      24, 22, 21, -1,
      24, 21, 20, -1,
    ]
  }
}

Shape {
  appearance Appearance {
    material Material {
      diffuseColor 0.7686 0.7686 0.7686
      specularColor 0.6157 0.6157 0.6157
      ambientIntensity 0.2
      transparency 0.0000
      shininess 0.5
    }
  }
  geometry IndexedFaceSet {
    ccw TRUE
    solid FALSE
    coord DEF co Coordinate {
      point [
        1.673228 -0.025390 0.341344,
        1.083688 -0.030569 0.342607,
        1.083688 0.000000 0.338583,
        1.673228 -0.030423 0.343040,
        1.673228 -0.049593 0.349499,
        1.083688 -0.059055 0.354406,
        1.673228 -0.058708 0.354983,
        1.673228 -0.071477 0.362666,
        1.083688 -0.083517 0.373176,
        1.673228 -0.101968 0.397854,
        1.083688 -0.102287 0.397638,
        1.673228 -0.090019 0.380230,
        1.673228 -0.083070 0.373648,
        1.673228 -0.104352 0.401369,
        1.673228 -0.113805 0.425095,
        1.083688 -0.114086 0.426124,
        1.673228 -0.113977 0.426142,
        1.673228 -0.117937 0.450298,
        1.083688 -0.118110 0.456693,
        1.673228 -0.117592 0.456665,
        1.673228 -0.116554 0.475801,
        1.083688 -0.114086 0.487262,
        1.673228 -0.113423 0.487078,
        1.673228 -0.109722 0.500410,
        1.083688 -0.102287 0.515748,
        1.673228 -0.083286 0.540013,
        1.083688 -0.083517 0.540209,
        1.673228 -0.097759 0.522975,
        1.673228 -0.101743 0.515460,
        1.673228 -0.081224 0.542441,
        1.673228 -0.060892 0.557896,
        1.083688 -0.059055 0.558980,
        1.673228 -0.058967 0.558787,
        1.673228 -0.037713 0.568620,
        1.083688 -0.030569 0.570779,
        1.673228 -0.030446 0.570220,
        1.673228 -0.012770 0.574111,
        1.083688 0.000000 0.574803,
        1.673228 0.000000 0.574111,
        1.673228 0.012770 0.574111,
        1.083688 0.030569 0.570779,
        1.673228 0.030446 0.570220,
        1.673228 0.037713 0.568620,
        1.083688 0.059055 0.558980,
        1.673228 0.058967 0.558787,
        1.083688 0.083517 0.540209,
        1.673228 0.060892 0.557896,
        1.673228 0.081224 0.542441,
        1.673228 0.083286 0.540013,
        1.673228 0.097759 0.522975,
        1.083688 0.102287 0.515748,
        1.673228 0.101743 0.515460,
        1.673228 0.109722 0.500410,
        1.083688 0.114086 0.487262,
        1.673228 0.113423 0.487078,
        1.673228 0.116554 0.475801,
        1.083688 0.118110 0.456693,
        1.673228 0.117592 0.456665,
        1.673228 0.117937 0.450298,
        1.083688 0.114086 0.426124,
        1.673228 0.113977 0.426142,
        1.083688 0.102287 0.397638,
        1.673228 0.113805 0.425095,
        1.673228 0.104352 0.401369,
        1.673228 0.101968 0.397854,
        1.673228 0.090019 0.380230,
        1.083688 0.083517 0.373176,
        1.673228 0.083070 0.373648,
        1.673228 0.071477 0.362666,
        1.083688 0.059055 0.354406,
        1.673228 0.058708 0.354983,
        1.673228 0.049593 0.349499,
        1.083688 0.030569 0.342607,
        1.673228 0.030423 0.343040,
        1.673228 0.025390 0.341344,
        1.673228 0.000000 0.338583,
        1.951580 -0.025390 0.062992,
        1.948819 0.000000 -1.374016,
        1.953276 -0.030423 0.062992,
        1.952843 -0.030569 -1.374016,
        1.959735 -0.049593 0.062992,
        1.964643 -0.059055 -1.374016,
        1.983413 -0.083517 -1.374016,
        1.972902 -0.071477 0.062992,
        1.965220 -0.058708 0.062992,
        2.011606 -0.104352 0.062992,
        2.008090 -0.101968 0.062992,
        2.007874 -0.102287 -1.374016,
        1.990466 -0.090019 0.062992,
        1.983884 -0.083070 0.062992,
        2.036360 -0.114086 -1.374016,
        2.036378 -0.113977 0.062992,
        2.035331 -0.113805 0.062992,
        2.097498 -0.114086 -1.374016,
        2.086037 -0.116554 0.062992,
        2.066929 -0.118110 -1.374016,
        2.066901 -0.117592 0.062992,
        2.060535 -0.117937 0.062992,
        2.125984 -0.102287 -1.374016,
        2.110646 -0.109722 0.062992,
        2.097314 -0.113423 0.062992,
        2.152677 -0.081224 0.062992,
        2.150250 -0.083286 0.062992,
        2.150446 -0.083517 -1.374016,
        2.133211 -0.097759 0.062992,
        2.125696 -0.101743 0.062992,
        2.181015 -0.030569 -1.374016,
        2.178857 -0.037713 0.062992,
        2.169216 -0.059055 -1.374016,
        2.169024 -0.058967 0.062992,
        2.168133 -0.060892 0.062992,
        2.185039 0.000000 -1.374016,
        2.184347 -0.012770 0.062992,
        2.180456 -0.030446 0.062992,
        2.181015 0.030569 -1.374016,
        2.184347 0.012770 0.062992,
        2.184347 0.000000 0.062992,
        2.168133 0.060892 0.062992,
        2.169024 0.058967 0.062992,
        2.169216 0.059055 -1.374016,
        2.178857 0.037713 0.062992,
        2.180456 0.030446 0.062992,
        2.125984 0.102287 -1.374016,
        2.133211 0.097759 0.062992,
        2.150446 0.083517 -1.374016,
        2.150250 0.083286 0.062992,
        2.152677 0.081224 0.062992,
        2.097498 0.114086 -1.374016,
        2.110646 0.109722 0.062992,
        2.125696 0.101743 0.062992,
        2.066929 0.118110 -1.374016,
        2.086037 0.116554 0.062992,
        2.097314 0.113423 0.062992,
        2.035331 0.113805 0.062992,
        2.036378 0.113977 0.062992,
        2.036360 0.114086 -1.374016,
        2.060535 0.117937 0.062992,
        2.066901 0.117592 0.062992,
        1.983413 0.083517 -1.374016,
        1.990466 0.090019 0.062992,
        2.007874 0.102287 -1.374016,
        2.008090 0.101968 0.062992,
        2.011606 0.104352 0.062992,
        1.964643 0.059055 -1.374016,
        1.972902 0.071477 0.062992,
        1.983884 0.083070 0.062992,
        1.952843 0.030569 -1.374016,
        1.959735 0.049593 0.062992,
        1.965220 0.058708 0.062992,
        1.948819 0.000000 0.062992,
        1.951580 0.025390 0.062992,
        1.953276 0.030423 0.062992,
        1.700512 0.025390 0.340004,
        1.700241 -0.000000 0.337256,
        1.947492 -0.000000 0.090005,
        1.950240 0.025390 0.090275,
        1.958356 0.049593 0.091075,
        1.701311 0.049593 0.348119,
        1.971459 0.071477 0.092365,
        1.702602 0.071477 0.361223,
        1.988939 0.090019 0.094087,
        1.704323 0.090019 0.378702,
        2.009976 0.104352 0.096159,
        1.706395 0.104352 0.399740,
        1.708720 0.113805 0.423352,
        2.058670 0.117937 0.100955,
        2.033588 0.113805 0.098484,
        1.711191 0.117937 0.448433,
        2.084050 0.116554 0.103454,
        1.713691 0.116554 0.473813,
        2.108540 0.109722 0.105867,
        1.716103 0.109722 0.498304,
        2.130996 0.097759 0.108078,
        1.718315 0.097759 0.520760,
        2.150368 0.081224 0.109986,
        1.720222 0.081224 0.540132,
        1.721737 0.060892 0.555513,
        2.176422 0.037713 0.112552,
        2.165750 0.060892 0.111501,
        1.722789 0.037713 0.566186,
        2.181886 0.012770 0.113091,
        1.723327 0.012770 0.571650,
        2.181886 -0.012770 0.113091,
        1.723327 -0.012770 0.571650,
        2.176422 -0.037713 0.112552,
        1.722789 -0.037713 0.566186,
        2.165750 -0.060892 0.111501,
        1.721737 -0.060892 0.555513,
        1.720222 -0.081224 0.540132,
        2.130996 -0.097759 0.108078,
        2.150368 -0.081224 0.109986,
        1.718315 -0.097759 0.520760,
        2.108540 -0.109722 0.105867,
        1.716103 -0.109722 0.498304,
        2.084050 -0.116554 0.103454,
        1.713691 -0.116554 0.473813,
        2.058670 -0.117937 0.100955,
        1.711191 -0.117937 0.448433,
        2.033588 -0.113805 0.098484,
        1.708720 -0.113805 0.423352,
        1.706395 -0.104352 0.399740,
        1.988939 -0.090019 0.094087,
        2.009976 -0.104352 0.096159,
        1.704323 -0.090019 0.378702,
        1.971459 -0.071477 0.092365,
        1.702602 -0.071477 0.361223,
        1.958356 -0.049593 0.091075,
        1.943524 -0.000000 0.116757,
        1.946232 0.025390 0.117296,
        1.954230 0.049593 0.118887,
        1.967144 0.071477 0.121456,
        1.984370 0.090019 0.124882,
        2.005104 0.104352 0.129006,
        2.028374 0.113805 0.133635,
        2.053093 0.117937 0.138552,
        2.078105 0.116554 0.143527,
        2.102241 0.109722 0.148328,
        2.124372 0.097759 0.152730,
        2.143464 0.081224 0.156528,
        2.158623 0.060892 0.159543,
        2.169141 0.037713 0.161635,
        2.174526 0.012770 0.162706,
        2.174526 -0.012770 0.162706,
        2.169141 -0.037713 0.161635,
        2.158623 -0.060892 0.159543,
        2.143464 -0.081224 0.156528,
        2.124372 -0.097759 0.152730,
        2.102241 -0.109722 0.148328,
        2.078105 -0.116554 0.143527,
        2.053093 -0.117937 0.138552,
        2.028374 -0.113805 0.133635,
        2.005104 -0.104352 0.129006,
        1.984370 -0.090019 0.124882,
        1.967144 -0.071477 0.121456,
        1.954230 -0.049593 0.118887,
        1.936952 -0.000000 0.142992,
        1.939594 0.025390 0.143793,
        1.947398 0.049593 0.146161,
        1.959998 0.071477 0.149983,
        1.976806 0.090019 0.155081,
        1.997035 0.104352 0.161218,
        2.019739 0.113805 0.168105,
        2.043857 0.117937 0.175421,
        2.068262 0.116554 0.182824,
        2.091811 0.109722 0.189968,
        2.113404 0.097759 0.196518,
        2.132031 0.081224 0.202169,
        2.146822 0.060892 0.206655,
        2.157084 0.037713 0.209768,
        2.162339 0.012770 0.211362,
        2.162339 -0.012770 0.211362,
        2.157084 -0.037713 0.209768,
        2.146822 -0.060892 0.206655,
        2.132031 -0.081224 0.202169,
        2.113404 -0.097759 0.196518,
        2.091811 -0.109722 0.189968,
        2.068262 -0.116554 0.182824,
        2.043857 -0.117937 0.175421,
        2.019739 -0.113805 0.168105,
        1.997035 -0.104352 0.161218,
        1.976806 -0.090019 0.155081,
        1.959998 -0.071477 0.149983,
        1.947398 -0.049593 0.146161,
        1.927841 -0.000000 0.168456,
        1.930392 0.025390 0.169513,
        1.937926 0.049593 0.172633,
        1.950091 0.071477 0.177672,
        1.966318 0.090019 0.184394,
        1.985848 0.104352 0.192483,
        2.007768 0.113805 0.201563,
        2.031053 0.117937 0.211208,
        2.054614 0.116554 0.220967,
        2.077350 0.109722 0.230385,
        2.098197 0.097759 0.239020,
        2.116181 0.081224 0.246469,
        2.130460 0.060892 0.252384,
        2.140368 0.037713 0.256488,
        2.145441 0.012770 0.258589,
        2.145441 -0.012770 0.258589,
        2.140368 -0.037713 0.256488,
        2.130460 -0.060892 0.252384,
        2.116181 -0.081224 0.246469,
        2.098197 -0.097759 0.239020,
        2.077350 -0.109722 0.230385,
        2.054614 -0.116554 0.220967,
        2.031053 -0.117937 0.211208,
        2.007768 -0.113805 0.201563,
        1.985848 -0.104352 0.192483,
        1.966318 -0.090019 0.184394,
        1.950091 -0.071477 0.177672,
        1.937926 -0.049593 0.172633,
        1.916278 -0.000000 0.192905,
        1.918713 0.025390 0.194206,
        1.925905 0.049593 0.198050,
        1.937517 0.071477 0.204257,
        1.953007 0.090019 0.212537,
        1.971650 0.104352 0.222502,
        1.992575 0.113805 0.233686,
        2.014802 0.117937 0.245567,
        2.037293 0.116554 0.257589,
        2.058996 0.109722 0.269189,
        2.078897 0.097759 0.279826,
        2.096064 0.081224 0.289002,
        2.109695 0.060892 0.296289,
        2.119153 0.037713 0.301344,
        2.123995 0.012770 0.303932,
        2.123995 -0.012770 0.303932,
        2.119153 -0.037713 0.301344,
        2.109695 -0.060892 0.296289,
        2.096064 -0.081224 0.289002,
        2.078897 -0.097759 0.279826,
        2.058996 -0.109722 0.269189,
        2.037293 -0.116554 0.257589,
        2.014802 -0.117937 0.245567,
        1.992575 -0.113805 0.233686,
        1.971650 -0.104352 0.222502,
        1.953007 -0.090019 0.212537,
        1.937517 -0.071477 0.204257,
        1.925905 -0.049593 0.198050,
        1.902374 -0.000000 0.216102,
        1.904670 0.025390 0.217636,
        1.911450 0.049593 0.222167,
        1.922398 0.071477 0.229482,
        1.937002 0.090019 0.239240,
        1.954578 0.104352 0.250984,
        1.974306 0.113805 0.264166,
        1.995262 0.117937 0.278168,
        2.016467 0.116554 0.292337,
        2.036928 0.109722 0.306009,
        2.055690 0.097759 0.318545,
        2.071875 0.081224 0.329359,
        2.084726 0.060892 0.337946,
        2.093643 0.037713 0.343904,
        2.098208 0.012770 0.346954,
        2.098208 -0.012770 0.346954,
        2.093643 -0.037713 0.343904,
        2.084726 -0.060892 0.337946,
        2.071875 -0.081224 0.329359,
        2.055690 -0.097759 0.318545,
        2.036928 -0.109722 0.306009,
        2.016467 -0.116554 0.292337,
        1.995262 -0.117937 0.278168,
        1.974306 -0.113805 0.264166,
        1.954578 -0.104352 0.250984,
        1.937002 -0.090019 0.239240,
        1.922398 -0.071477 0.229482,
        1.911450 -0.049593 0.222167,
        1.886263 -0.000000 0.237825,
        1.888397 0.025390 0.239577,
        1.894701 0.049593 0.244750,
        1.904880 0.071477 0.253103,
        1.918457 0.090019 0.264246,
        1.934797 0.104352 0.277656,
        1.953138 0.113805 0.292708,
        1.972620 0.117937 0.308697,
        1.992334 0.116554 0.324875,
        2.011357 0.109722 0.340487,
        2.028800 0.097759 0.354802,
        2.043847 0.081224 0.367151,
        2.055794 0.060892 0.376956,
        2.064084 0.037713 0.383759,
        2.068328 0.012770 0.387243,
        2.068328 -0.012770 0.387243,
        2.064084 -0.037713 0.383759,
        2.055794 -0.060892 0.376956,
        2.043847 -0.081224 0.367151,
        2.028800 -0.097759 0.354802,
        2.011357 -0.109722 0.340487,
        1.992334 -0.116554 0.324875,
        1.972620 -0.117937 0.308697,
        1.953138 -0.113805 0.292708,
        1.934797 -0.104352 0.277656,
        1.918457 -0.090019 0.264246,
        1.904880 -0.071477 0.253103,
        1.894701 -0.049593 0.244750,
        1.868100 -0.000000 0.257864,
        1.870053 0.025390 0.259817,
        1.875819 0.049593 0.265583,
        1.885130 0.071477 0.274894,
        1.897550 0.090019 0.287313,
        1.912497 0.104352 0.302261,
        1.929274 0.113805 0.319037,
        1.947095 0.117937 0.336859,
        1.965128 0.116554 0.354892,
        1.982530 0.109722 0.372293,
        1.998485 0.097759 0.388249,
        2.012250 0.081224 0.402013,
        2.023179 0.060892 0.412943,
        2.030761 0.037713 0.420525,
        2.034644 0.012770 0.424407,
        2.034644 -0.012770 0.424407,
        2.030761 -0.037713 0.420525,
        2.023179 -0.060892 0.412943,
        2.012250 -0.081224 0.402013,
        1.998485 -0.097759 0.388249,
        1.982530 -0.109722 0.372293,
        1.965128 -0.116554 0.354892,
        1.947095 -0.117937 0.336859,
        1.929274 -0.113805 0.319037,
        1.912497 -0.104352 0.302261,
        1.897550 -0.090019 0.287313,
        1.885130 -0.071477 0.274894,
        1.875819 -0.049593 0.265583,
        1.848061 -0.000000 0.276026,
        1.849813 0.025390 0.278161,
        1.854986 0.049593 0.284465,
        1.863339 0.071477 0.294643,
        1.874482 0.090019 0.308220,
        1.887893 0.104352 0.324561,
        1.902944 0.113805 0.342902,
        1.918933 0.117937 0.362384,
        1.935112 0.116554 0.382098,
        1.950723 0.109722 0.401121,
        1.965039 0.097759 0.418563,
        1.977387 0.081224 0.433611,
        1.987193 0.060892 0.445558,
        1.993996 0.037713 0.453848,
        1.997479 0.012770 0.458092,
        1.997479 -0.012770 0.458092,
        1.993996 -0.037713 0.453848,
        1.987193 -0.060892 0.445558,
        1.977387 -0.081224 0.433611,
        1.965039 -0.097759 0.418563,
        1.950723 -0.109722 0.401121,
        1.935112 -0.116554 0.382098,
        1.918933 -0.117937 0.362384,
        1.902944 -0.113805 0.342902,
        1.887893 -0.104352 0.324561,
        1.874482 -0.090019 0.308220,
        1.863339 -0.071477 0.294643,
        1.854986 -0.049593 0.284465,
        1.826338 -0.000000 0.292137,
        1.827872 0.025390 0.294433,
        1.832403 0.049593 0.301214,
        1.839718 0.071477 0.312162,
        1.849476 0.090019 0.326766,
        1.861220 0.104352 0.344342,
        1.874402 0.113805 0.364070,
        1.888404 0.117937 0.385026,
        1.902573 0.116554 0.406230,
        1.916245 0.109722 0.426692,
        1.928781 0.097759 0.445454,
        1.939595 0.081224 0.461639,
        1.948183 0.060892 0.474490,
        1.954141 0.037713 0.483407,
        1.957191 0.012770 0.487972,
        1.957191 -0.012770 0.487972,
        1.954141 -0.037713 0.483407,
        1.948183 -0.060892 0.474490,
        1.939595 -0.081224 0.461639,
        1.928781 -0.097759 0.445454,
        1.916245 -0.109722 0.426692,
        1.902573 -0.116554 0.406230,
        1.888404 -0.117937 0.385026,
        1.874402 -0.113805 0.364070,
        1.861220 -0.104352 0.344342,
        1.849476 -0.090019 0.326766,
        1.839718 -0.071477 0.312162,
        1.832403 -0.049593 0.301214,
        1.803141 -0.000000 0.306041,
        1.804443 0.025390 0.308477,
        1.808287 0.049593 0.315669,
        1.814494 0.071477 0.327281,
        1.822773 0.090019 0.342771,
        1.832738 0.104352 0.361414,
        1.843922 0.113805 0.382339,
        1.855804 0.117937 0.404566,
        1.867825 0.116554 0.427057,
        1.879426 0.109722 0.448760,
        1.890063 0.097759 0.468661,
        1.899239 0.081224 0.485828,
        1.906525 0.060892 0.499459,
        1.911580 0.037713 0.508917,
        1.914168 0.012770 0.513759,
        1.914168 -0.012770 0.513759,
        1.911580 -0.037713 0.508917,
        1.906525 -0.060892 0.499459,
        1.899239 -0.081224 0.485828,
        1.890063 -0.097759 0.468661,
        1.879426 -0.109722 0.448760,
        1.867825 -0.116554 0.427057,
        1.855804 -0.117937 0.404566,
        1.843922 -0.113805 0.382339,
        1.832738 -0.104352 0.361414,
        1.822773 -0.090019 0.342771,
        1.814494 -0.071477 0.327281,
        1.808287 -0.049593 0.315669,
        1.778693 -0.000000 0.317605,
        1.779749 0.025390 0.320156,
        1.782870 0.049593 0.327690,
        1.787909 0.071477 0.339855,
        1.794630 0.090019 0.356081,
        1.802720 0.104352 0.375612,
        1.811799 0.113805 0.397531,
        1.821444 0.117937 0.420817,
        1.831204 0.116554 0.444378,
        1.840621 0.109722 0.467113,
        1.849256 0.097759 0.487961,
        1.856705 0.081224 0.505944,
        1.862620 0.060892 0.520224,
        1.866724 0.037713 0.530132,
        1.868825 0.012770 0.535204,
        1.868825 -0.012770 0.535204,
        1.866724 -0.037713 0.530132,
        1.862620 -0.060892 0.520224,
        1.856705 -0.081224 0.505944,
        1.849256 -0.097759 0.487961,
        1.840621 -0.109722 0.467113,
        1.831204 -0.116554 0.444378,
        1.821444 -0.117937 0.420817,
        1.811799 -0.113805 0.397531,
        1.802720 -0.104352 0.375612,
        1.794630 -0.090019 0.356081,
        1.787909 -0.071477 0.339855,
        1.782870 -0.049593 0.327690,
        1.753228 -0.000000 0.326716,
        1.754030 0.025390 0.329358,
        1.756397 0.049593 0.337162,
        1.760219 0.071477 0.349762,
        1.765318 0.090019 0.366570,
        1.771454 0.104352 0.386799,
        1.778341 0.113805 0.409503,
        1.785657 0.117937 0.433621,
        1.793061 0.116554 0.458026,
        1.800204 0.109722 0.481575,
        1.806754 0.097759 0.503168,
        1.812405 0.081224 0.521796,
        1.816891 0.060892 0.536586,
        1.820004 0.037713 0.546848,
        1.821598 0.012770 0.552102,
        1.821598 -0.012770 0.552102,
        1.820004 -0.037713 0.546848,
        1.816891 -0.060892 0.536586,
        1.812405 -0.081224 0.521796,
        1.806754 -0.097759 0.503168,
        1.800204 -0.109722 0.481575,
        1.793061 -0.116554 0.458026,
        1.785657 -0.117937 0.433621,
        1.778341 -0.113805 0.409503,
        1.771454 -0.104352 0.386799,
        1.765318 -0.090019 0.366570,
        1.760219 -0.071477 0.349762,
        1.756397 -0.049593 0.337162,
        1.726993 -0.000000 0.333287,
        1.727532 0.025390 0.335996,
        1.729123 0.049593 0.343994,
        1.731692 0.071477 0.356908,
        1.735118 0.090019 0.374134,
        1.739242 0.104352 0.394867,
        1.743871 0.113805 0.418137,
        1.748788 0.117937 0.442857,
        1.753763 0.116554 0.467869,
        1.758564 0.109722 0.492005,
        1.762967 0.097759 0.514136,
        1.766764 0.081224 0.533228,
        1.769780 0.060892 0.548387,
        1.771872 0.037713 0.558905,
        1.772943 0.012770 0.564290,
        1.772943 -0.012770 0.564290,
        1.771872 -0.037713 0.558905,
        1.769780 -0.060892 0.548387,
        1.766764 -0.081224 0.533228,
        1.762967 -0.097759 0.514136,
        1.758564 -0.109722 0.492005,
        1.753763 -0.116554 0.467869,
        1.748788 -0.117937 0.442857,
        1.743871 -0.113805 0.418137,
        1.739242 -0.104352 0.394867,
        1.735118 -0.090019 0.374134,
        1.731692 -0.071477 0.356908,
        1.729123 -0.049593 0.343994,
        1.701311 -0.049593 0.348119,
        1.950240 -0.025390 0.090275,
        1.946232 -0.025390 0.117296,
        1.939594 -0.025390 0.143793,
        1.930392 -0.025390 0.169513,
        1.918713 -0.025390 0.194206,
        1.904670 -0.025390 0.217636,
        1.888397 -0.025390 0.239577,
        1.870053 -0.025390 0.259817,
        1.849813 -0.025390 0.278161,
        1.827872 -0.025390 0.294433,
        1.804443 -0.025390 0.308477,
        1.779749 -0.025390 0.320156,
        1.754030 -0.025390 0.329358,
        1.727532 -0.025390 0.335996,
        1.700512 -0.025390 0.340004,
        2.066929 0.000000 -1.374016,
        1.083688 0.000000 0.456693,
      ]
    }
    coordIndex [
      0, 1, 2, -1,
      0, 3, 1, -1,
      1, 3, 4, -1,
      1, 4, 5, -1,
      4, 6, 5, -1,
      5, 6, 7, -1,
      5, 7, 8, -1,
      9, 10, 11, -1,
      11, 10, 8, -1,
      11, 8, 12, -1,
      12, 8, 7, -1,
      9, 13, 10, -1,
      10, 13, 14, -1,
      10, 14, 15, -1,
      14, 16, 15, -1,
      15, 16, 17, -1,
      15, 17, 18, -1,
      17, 19, 18, -1,
      18, 19, 20, -1,
      18, 20, 21, -1,
      20, 22, 21, -1,
      21, 22, 23, -1,
      21, 23, 24, -1,
      25, 26, 27, -1,
      27, 26, 24, -1,
      27, 24, 28, -1,
      28, 24, 23, -1,
      25, 29, 26, -1,
      26, 29, 30, -1,
      26, 30, 31, -1,
      30, 32, 31, -1,
      31, 32, 33, -1,
      31, 33, 34, -1,
      33, 35, 34, -1,
      34, 35, 36, -1,
      34, 36, 37, -1,
      36, 38, 37, -1,
      37, 38, 39, -1,
      37, 39, 40, -1,
      39, 41, 40, -1,
      40, 41, 42, -1,
      40, 42, 43, -1,
      43, 42, 44, -1,
      43, 44, 45, -1,
      45, 44, 46, -1,
      45, 46, 47, -1,
      47, 48, 45, -1,
      45, 48, 49, -1,
      45, 49, 50, -1,
      49, 51, 50, -1,
      50, 51, 52, -1,
      50, 52, 53, -1,
      52, 54, 53, -1,
      53, 54, 55, -1,
      53, 55, 56, -1,
      55, 57, 56, -1,
      56, 57, 58, -1,
      56, 58, 59, -1,
      59, 58, 60, -1,
      59, 60, 61, -1,
      61, 60, 62, -1,
      61, 62, 63, -1,
      63, 64, 61, -1,
      61, 64, 65, -1,
      61, 65, 66, -1,
      65, 67, 66, -1,
      66, 67, 68, -1,
      66, 68, 69, -1,
      68, 70, 69, -1,
      69, 70, 71, -1,
      69, 71, 72, -1,
      71, 73, 72, -1,
      72, 73, 74, -1,
      72, 74, 2, -1,
      2, 74, 75, -1,
      2, 75, 0, -1,
      76, 77, 78, -1,
      78, 77, 79, -1,
      78, 79, 80, -1,
      80, 79, 81, -1,
      82, 83, 81, -1,
      81, 83, 84, -1,
      81, 84, 80, -1,
      85, 86, 87, -1,
      87, 86, 88, -1,
      87, 88, 82, -1,
      82, 88, 89, -1,
      82, 89, 83, -1,
      90, 91, 87, -1,
      87, 91, 92, -1,
      87, 92, 85, -1,
      93, 94, 95, -1,
      95, 94, 96, -1,
      95, 96, 90, -1,
      90, 96, 97, -1,
      90, 97, 91, -1,
      98, 99, 93, -1,
      93, 99, 100, -1,
      93, 100, 94, -1,
      101, 102, 103, -1,
      103, 102, 104, -1,
      103, 104, 98, -1,
      98, 104, 105, -1,
      98, 105, 99, -1,
      106, 107, 108, -1,
      108, 107, 109, -1,
      108, 109, 103, -1,
      103, 109, 110, -1,
      103, 110, 101, -1,
      111, 112, 106, -1,
      106, 112, 113, -1,
      106, 113, 107, -1,
      114, 115, 111, -1,
      111, 115, 116, -1,
      111, 116, 112, -1,
      117, 118, 119, -1,
      119, 118, 120, -1,
      119, 120, 114, -1,
      114, 120, 121, -1,
      114, 121, 115, -1,
      122, 123, 124, -1,
      124, 123, 125, -1,
      124, 125, 119, -1,
      119, 125, 126, -1,
      119, 126, 117, -1,
      127, 128, 122, -1,
      122, 128, 129, -1,
      122, 129, 123, -1,
      130, 131, 127, -1,
      127, 131, 132, -1,
      127, 132, 128, -1,
      133, 134, 135, -1,
      135, 134, 136, -1,
      135, 136, 130, -1,
      130, 136, 137, -1,
      130, 137, 131, -1,
      138, 139, 140, -1,
      140, 139, 141, -1,
      140, 141, 135, -1,
      135, 141, 142, -1,
      135, 142, 133, -1,
      143, 144, 138, -1,
      138, 144, 145, -1,
      138, 145, 139, -1,
      146, 147, 143, -1,
      143, 147, 148, -1,
      143, 148, 144, -1,
      76, 149, 77, -1,
      77, 149, 150, -1,
      77, 150, 146, -1,
      146, 150, 151, -1,
      146, 151, 147, -1,
      152, 153, 75, -1,
      149, 154, 150, -1,
      150, 154, 155, -1,
      150, 155, 151, -1,
      151, 155, 156, -1,
      75, 74, 152, -1,
      152, 74, 73, -1,
      152, 73, 157, -1,
      158, 148, 156, -1,
      156, 148, 147, -1,
      156, 147, 151, -1,
      73, 71, 157, -1,
      157, 71, 70, -1,
      157, 70, 159, -1,
      160, 145, 158, -1,
      158, 145, 144, -1,
      158, 144, 148, -1,
      70, 68, 159, -1,
      159, 68, 67, -1,
      159, 67, 161, -1,
      162, 141, 160, -1,
      160, 141, 139, -1,
      160, 139, 145, -1,
      67, 65, 161, -1,
      161, 65, 64, -1,
      161, 64, 163, -1,
      163, 64, 63, -1,
      163, 63, 164, -1,
      165, 134, 166, -1,
      166, 134, 133, -1,
      166, 133, 162, -1,
      162, 133, 142, -1,
      162, 142, 141, -1,
      63, 62, 164, -1,
      164, 62, 60, -1,
      164, 60, 167, -1,
      168, 137, 165, -1,
      165, 137, 136, -1,
      165, 136, 134, -1,
      60, 58, 167, -1,
      167, 58, 57, -1,
      167, 57, 169, -1,
      170, 132, 168, -1,
      168, 132, 131, -1,
      168, 131, 137, -1,
      57, 55, 169, -1,
      169, 55, 54, -1,
      169, 54, 171, -1,
      172, 129, 170, -1,
      170, 129, 128, -1,
      170, 128, 132, -1,
      54, 52, 171, -1,
      171, 52, 51, -1,
      171, 51, 173, -1,
      174, 125, 172, -1,
      172, 125, 123, -1,
      172, 123, 129, -1,
      51, 49, 173, -1,
      173, 49, 48, -1,
      173, 48, 175, -1,
      175, 48, 47, -1,
      175, 47, 176, -1,
      177, 118, 178, -1,
      178, 118, 117, -1,
      178, 117, 174, -1,
      174, 117, 126, -1,
      174, 126, 125, -1,
      47, 46, 176, -1,
      176, 46, 44, -1,
      176, 44, 179, -1,
      180, 121, 177, -1,
      177, 121, 120, -1,
      177, 120, 118, -1,
      44, 42, 179, -1,
      179, 42, 41, -1,
      179, 41, 181, -1,
      182, 116, 180, -1,
      180, 116, 115, -1,
      180, 115, 121, -1,
      41, 39, 181, -1,
      181, 39, 38, -1,
      181, 38, 183, -1,
      184, 113, 182, -1,
      182, 113, 112, -1,
      182, 112, 116, -1,
      38, 36, 183, -1,
      183, 36, 35, -1,
      183, 35, 185, -1,
      186, 109, 184, -1,
      184, 109, 107, -1,
      184, 107, 113, -1,
      35, 33, 185, -1,
      185, 33, 32, -1,
      185, 32, 187, -1,
      187, 32, 30, -1,
      187, 30, 188, -1,
      189, 102, 190, -1,
      190, 102, 101, -1,
      190, 101, 186, -1,
      186, 101, 110, -1,
      186, 110, 109, -1,
      30, 29, 188, -1,
      188, 29, 25, -1,
      188, 25, 191, -1,
      192, 105, 189, -1,
      189, 105, 104, -1,
      189, 104, 102, -1,
      25, 27, 191, -1,
      191, 27, 28, -1,
      191, 28, 193, -1,
      194, 100, 192, -1,
      192, 100, 99, -1,
      192, 99, 105, -1,
      28, 23, 193, -1,
      193, 23, 22, -1,
      193, 22, 195, -1,
      196, 96, 194, -1,
      194, 96, 94, -1,
      194, 94, 100, -1,
      22, 20, 195, -1,
      195, 20, 19, -1,
      195, 19, 197, -1,
      198, 91, 196, -1,
      196, 91, 97, -1,
      196, 97, 96, -1,
      19, 17, 197, -1,
      197, 17, 16, -1,
      197, 16, 199, -1,
      199, 16, 14, -1,
      199, 14, 200, -1,
      201, 86, 202, -1,
      202, 86, 85, -1,
      202, 85, 198, -1,
      198, 85, 92, -1,
      198, 92, 91, -1,
      14, 13, 200, -1,
      200, 13, 9, -1,
      200, 9, 203, -1,
      204, 89, 201, -1,
      201, 89, 88, -1,
      201, 88, 86, -1,
      9, 11, 203, -1,
      203, 11, 12, -1,
      203, 12, 205, -1,
      78, 80, 206, -1,
      206, 80, 84, -1,
      206, 84, 204, -1,
      204, 84, 83, -1,
      204, 83, 89, -1,
      154, 207, 155, -1,
      155, 207, 208, -1,
      155, 208, 156, -1,
      156, 208, 209, -1,
      156, 209, 158, -1,
      158, 209, 210, -1,
      158, 210, 160, -1,
      160, 210, 211, -1,
      160, 211, 162, -1,
      162, 211, 212, -1,
      162, 212, 166, -1,
      166, 212, 213, -1,
      166, 213, 165, -1,
      165, 213, 214, -1,
      165, 214, 168, -1,
      168, 214, 215, -1,
      168, 215, 170, -1,
      170, 215, 216, -1,
      170, 216, 172, -1,
      172, 216, 217, -1,
      172, 217, 174, -1,
      174, 217, 218, -1,
      174, 218, 178, -1,
      178, 218, 219, -1,
      178, 219, 177, -1,
      177, 219, 220, -1,
      177, 220, 180, -1,
      180, 220, 221, -1,
      180, 221, 182, -1,
      182, 221, 222, -1,
      182, 222, 184, -1,
      184, 222, 223, -1,
      184, 223, 186, -1,
      186, 223, 224, -1,
      186, 224, 190, -1,
      190, 224, 225, -1,
      190, 225, 189, -1,
      189, 225, 226, -1,
      189, 226, 192, -1,
      192, 226, 227, -1,
      192, 227, 194, -1,
      194, 227, 228, -1,
      194, 228, 196, -1,
      196, 228, 229, -1,
      196, 229, 198, -1,
      198, 229, 230, -1,
      198, 230, 202, -1,
      202, 230, 231, -1,
      202, 231, 201, -1,
      201, 231, 232, -1,
      201, 232, 204, -1,
      204, 232, 233, -1,
      204, 233, 206, -1,
      206, 233, 234, -1,
      207, 235, 208, -1,
      208, 235, 236, -1,
      208, 236, 209, -1,
      209, 236, 237, -1,
      209, 237, 210, -1,
      210, 237, 238, -1,
      210, 238, 211, -1,
      211, 238, 239, -1,
      211, 239, 212, -1,
      212, 239, 240, -1,
      212, 240, 213, -1,
      213, 240, 241, -1,
      213, 241, 214, -1,
      214, 241, 242, -1,
      214, 242, 215, -1,
      215, 242, 243, -1,
      215, 243, 216, -1,
      216, 243, 244, -1,
      216, 244, 217, -1,
      217, 244, 245, -1,
      217, 245, 218, -1,
      218, 245, 246, -1,
      218, 246, 219, -1,
      219, 246, 247, -1,
      219, 247, 220, -1,
      220, 247, 248, -1,
      220, 248, 221, -1,
      221, 248, 249, -1,
      221, 249, 222, -1,
      222, 249, 250, -1,
      222, 250, 223, -1,
      223, 250, 251, -1,
      223, 251, 224, -1,
      224, 251, 252, -1,
      224, 252, 225, -1,
      225, 252, 253, -1,
      225, 253, 226, -1,
      226, 253, 254, -1,
      226, 254, 227, -1,
      227, 254, 255, -1,
      227, 255, 228, -1,
      228, 255, 256, -1,
      228, 256, 229, -1,
      229, 256, 257, -1,
      229, 257, 230, -1,
      230, 257, 258, -1,
      230, 258, 231, -1,
      231, 258, 259, -1,
      231, 259, 232, -1,
      232, 259, 260, -1,
      232, 260, 233, -1,
      233, 260, 261, -1,
      233, 261, 234, -1,
      234, 261, 262, -1,
      235, 263, 236, -1,
      236, 263, 264, -1,
      236, 264, 237, -1,
      237, 264, 265, -1,
      237, 265, 238, -1,
      238, 265, 266, -1,
      238, 266, 239, -1,
      239, 266, 267, -1,
      239, 267, 240, -1,
      240, 267, 268, -1,
      240, 268, 241, -1,
      241, 268, 269, -1,
      241, 269, 242, -1,
      242, 269, 270, -1,
      242, 270, 243, -1,
      243, 270, 271, -1,
      243, 271, 244, -1,
      244, 271, 272, -1,
      244, 272, 245, -1,
      245, 272, 273, -1,
      245, 273, 246, -1,
      246, 273, 274, -1,
      246, 274, 247, -1,
      247, 274, 275, -1,
      247, 275, 248, -1,
      248, 275, 276, -1,
      248, 276, 249, -1,
      249, 276, 277, -1,
      249, 277, 250, -1,
      250, 277, 278, -1,
      250, 278, 251, -1,
      251, 278, 279, -1,
      251, 279, 252, -1,
      252, 279, 280, -1,
      252, 280, 253, -1,
      253, 280, 281, -1,
      253, 281, 254, -1,
      254, 281, 282, -1,
      254, 282, 255, -1,
      255, 282, 283, -1,
      255, 283, 256, -1,
      256, 283, 284, -1,
      256, 284, 257, -1,
      257, 284, 285, -1,
      257, 285, 258, -1,
      258, 285, 286, -1,
      258, 286, 259, -1,
      259, 286, 287, -1,
      259, 287, 260, -1,
      260, 287, 288, -1,
      260, 288, 261, -1,
      261, 288, 289, -1,
      261, 289, 262, -1,
      262, 289, 290, -1,
      263, 291, 264, -1,
      264, 291, 292, -1,
      264, 292, 265, -1,
      265, 292, 293, -1,
      265, 293, 266, -1,
      266, 293, 294, -1,
      266, 294, 267, -1,
      267, 294, 295, -1,
      267, 295, 268, -1,
      268, 295, 296, -1,
      268, 296, 269, -1,
      269, 296, 297, -1,
      269, 297, 270, -1,
      270, 297, 298, -1,
      270, 298, 271, -1,
      271, 298, 299, -1,
      271, 299, 272, -1,
      272, 299, 300, -1,
      272, 300, 273, -1,
      273, 300, 301, -1,
      273, 301, 274, -1,
      274, 301, 302, -1,
      274, 302, 275, -1,
      275, 302, 303, -1,
      275, 303, 276, -1,
      276, 303, 304, -1,
      276, 304, 277, -1,
      277, 304, 305, -1,
      277, 305, 278, -1,
      278, 305, 306, -1,
      278, 306, 279, -1,
      279, 306, 307, -1,
      279, 307, 280, -1,
      280, 307, 308, -1,
      280, 308, 281, -1,
      281, 308, 309, -1,
      281, 309, 282, -1,
      282, 309, 310, -1,
      282, 310, 283, -1,
      283, 310, 311, -1,
      283, 311, 284, -1,
      284, 311, 312, -1,
      284, 312, 285, -1,
      285, 312, 313, -1,
      285, 313, 286, -1,
      286, 313, 314, -1,
      286, 314, 287, -1,
      287, 314, 315, -1,
      287, 315, 288, -1,
      288, 315, 316, -1,
      288, 316, 289, -1,
      289, 316, 317, -1,
      289, 317, 290, -1,
      290, 317, 318, -1,
      291, 319, 292, -1,
      292, 319, 320, -1,
      292, 320, 293, -1,
      293, 320, 321, -1,
      293, 321, 294, -1,
      294, 321, 322, -1,
      294, 322, 295, -1,
      295, 322, 323, -1,
      295, 323, 296, -1,
      296, 323, 324, -1,
      296, 324, 297, -1,
      297, 324, 325, -1,
      297, 325, 298, -1,
      298, 325, 326, -1,
      298, 326, 299, -1,
      299, 326, 327, -1,
      299, 327, 300, -1,
      300, 327, 328, -1,
      300, 328, 301, -1,
      301, 328, 329, -1,
      301, 329, 302, -1,
      302, 329, 330, -1,
      302, 330, 303, -1,
      303, 330, 331, -1,
      303, 331, 304, -1,
      304, 331, 332, -1,
      304, 332, 305, -1,
      305, 332, 333, -1,
      305, 333, 306, -1,
      306, 333, 334, -1,
      306, 334, 307, -1,
      307, 334, 335, -1,
      307, 335, 308, -1,
      308, 335, 336, -1,
      308, 336, 309, -1,
      309, 336, 337, -1,
      309, 337, 310, -1,
      310, 337, 338, -1,
      310, 338, 311, -1,
      311, 338, 339, -1,
      311, 339, 312, -1,
      312, 339, 340, -1,
      312, 340, 313, -1,
      313, 340, 341, -1,
      313, 341, 314, -1,
      314, 341, 342, -1,
      314, 342, 315, -1,
      315, 342, 343, -1,
      315, 343, 316, -1,
      316, 343, 344, -1,
      316, 344, 317, -1,
      317, 344, 345, -1,
      317, 345, 318, -1,
      318, 345, 346, -1,
      319, 347, 320, -1,
      320, 347, 348, -1,
      320, 348, 321, -1,
      321, 348, 349, -1,
      321, 349, 322, -1,
      322, 349, 350, -1,
      322, 350, 323, -1,
      323, 350, 351, -1,
      323, 351, 324, -1,
      324, 351, 352, -1,
      324, 352, 325, -1,
      325, 352, 353, -1,
      325, 353, 326, -1,
      326, 353, 354, -1,
      326, 354, 327, -1,
      327, 354, 355, -1,
      327, 355, 328, -1,
      328, 355, 356, -1,
      328, 356, 329, -1,
      329, 356, 357, -1,
      329, 357, 330, -1,
      330, 357, 358, -1,
      330, 358, 331, -1,
      331, 358, 359, -1,
      331, 359, 332, -1,
      332, 359, 360, -1,
      332, 360, 333, -1,
      333, 360, 361, -1,
      333, 361, 334, -1,
      334, 361, 362, -1,
      334, 362, 335, -1,
      335, 362, 363, -1,
      335, 363, 336, -1,
      336, 363, 364, -1,
      336, 364, 337, -1,
      337, 364, 365, -1,
      337, 365, 338, -1,
      338, 365, 366, -1,
      338, 366, 339, -1,
      339, 366, 367, -1,
      339, 367, 340, -1,
      340, 367, 368, -1,
      340, 368, 341, -1,
      341, 368, 369, -1,
      341, 369, 342, -1,
      342, 369, 370, -1,
      342, 370, 343, -1,
      343, 370, 371, -1,
      343, 371, 344, -1,
      344, 371, 372, -1,
      344, 372, 345, -1,
      345, 372, 373, -1,
      345, 373, 346, -1,
      346, 373, 374, -1,
      347, 375, 348, -1,
      348, 375, 376, -1,
      348, 376, 349, -1,
      349, 376, 377, -1,
      349, 377, 350, -1,
      350, 377, 378, -1,
      350, 378, 351, -1,
      351, 378, 379, -1,
      351, 379, 352, -1,
      352, 379, 380, -1,
      352, 380, 353, -1,
      353, 380, 381, -1,
      353, 381, 354, -1,
      354, 381, 382, -1,
      354, 382, 355, -1,
      355, 382, 383, -1,
      355, 383, 356, -1,
      356, 383, 384, -1,
      356, 384, 357, -1,
      357, 384, 385, -1,
      357, 385, 358, -1,
      358, 385, 386, -1,
      358, 386, 359, -1,
      359, 386, 387, -1,
      359, 387, 360, -1,
      360, 387, 388, -1,
      360, 388, 361, -1,
      361, 388, 389, -1,
      361, 389, 362, -1,
      362, 389, 390, -1,
      362, 390, 363, -1,
      363, 390, 391, -1,
      363, 391, 364, -1,
      364, 391, 392, -1,
      364, 392, 365, -1,
      365, 392, 393, -1,
      365, 393, 366, -1,
      366, 393, 394, -1,
      366, 394, 367, -1,
      367, 394, 395, -1,
      367, 395, 368, -1,
      368, 395, 396, -1,
      368, 396, 369, -1,
      369, 396, 397, -1,
      369, 397, 370, -1,
      370, 397, 398, -1,
      370, 398, 371, -1,
      371, 398, 399, -1,
      371, 399, 372, -1,
      372, 399, 400, -1,
      372, 400, 373, -1,
      373, 400, 401, -1,
      373, 401, 374, -1,
      374, 401, 402, -1,
      375, 403, 376, -1,
      376, 403, 404, -1,
      376, 404, 377, -1,
      377, 404, 405, -1,
      377, 405, 378, -1,
      378, 405, 406, -1,
      378, 406, 379, -1,
      379, 406, 407, -1,
      379, 407, 380, -1,
      380, 407, 408, -1,
      380, 408, 381, -1,
      381, 408, 409, -1,
      381, 409, 382, -1,
      382, 409, 410, -1,
      382, 410, 383, -1,
      383, 410, 411, -1,
      383, 411, 384, -1,
      384, 411, 412, -1,
      384, 412, 385, -1,
      385, 412, 413, -1,
      385, 413, 386, -1,
      386, 413, 414, -1,
      386, 414, 387, -1,
      387, 414, 415, -1,
      387, 415, 388, -1,
      388, 415, 416, -1,
      388, 416, 389, -1,
      389, 416, 417, -1,
      389, 417, 390, -1,
      390, 417, 418, -1,
      390, 418, 391, -1,
      391, 418, 419, -1,
      391, 419, 392, -1,
      392, 419, 420, -1,
      392, 420, 393, -1,
      393, 420, 421, -1,
      393, 421, 394, -1,
      394, 421, 422, -1,
      394, 422, 395, -1,
      395, 422, 423, -1,
      395, 423, 396, -1,
      396, 423, 424, -1,
      396, 424, 397, -1,
      397, 424, 425, -1,
      397, 425, 398, -1,
      398, 425, 426, -1,
      398, 426, 399, -1,
      399, 426, 427, -1,
      399, 427, 400, -1,
      400, 427, 428, -1,
      400, 428, 401, -1,
      401, 428, 429, -1,
      401, 429, 402, -1,
      402, 429, 430, -1,
      403, 431, 404, -1,
      404, 431, 432, -1,
      404, 432, 405, -1,
      405, 432, 433, -1,
      405, 433, 406, -1,
      406, 433, 434, -1,
      406, 434, 407, -1,
      407, 434, 435, -1,
      407, 435, 408, -1,
      408, 435, 436, -1,
      408, 436, 409, -1,
      409, 436, 437, -1,
      409, 437, 410, -1,
      410, 437, 438, -1,
      410, 438, 411, -1,
      411, 438, 439, -1,
      411, 439, 412, -1,
      412, 439, 440, -1,
      412, 440, 413, -1,
      413, 440, 441, -1,
      413, 441, 414, -1,
      414, 441, 442, -1,
      414, 442, 415, -1,
      415, 442, 443, -1,
      415, 443, 416, -1,
      416, 443, 444, -1,
      416, 444, 417, -1,
      417, 444, 445, -1,
      417, 445, 418, -1,
      418, 445, 446, -1,
      418, 446, 419, -1,
      419, 446, 447, -1,
      419, 447, 420, -1,
      420, 447, 448, -1,
      420, 448, 421, -1,
      421, 448, 449, -1,
      421, 449, 422, -1,
      422, 449, 450, -1,
      422, 450, 423, -1,
      423, 450, 451, -1,
      423, 451, 424, -1,
      424, 451, 452, -1,
      424, 452, 425, -1,
      425, 452, 453, -1,
      425, 453, 426, -1,
      426, 453, 454, -1,
      426, 454, 427, -1,
      427, 454, 455, -1,
      427, 455, 428, -1,
      428, 455, 456, -1,
      428, 456, 429, -1,
      429, 456, 457, -1,
      429, 457, 430, -1,
      430, 457, 458, -1,
      431, 459, 432, -1,
      432, 459, 460, -1,
      432, 460, 433, -1,
      433, 460, 461, -1,
      433, 461, 434, -1,
      434, 461, 462, -1,
      434, 462, 435, -1,
      435, 462, 463, -1,
      435, 463, 436, -1,
      436, 463, 464, -1,
      436, 464, 437, -1,
      437, 464, 465, -1,
      437, 465, 438, -1,
      438, 465, 466, -1,
      438, 466, 439, -1,
      439, 466, 467, -1,
      439, 467, 440, -1,
      440, 467, 468, -1,
      440, 468, 441, -1,
      441, 468, 469, -1,
      441, 469, 442, -1,
      442, 469, 470, -1,
      442, 470, 443, -1,
      443, 470, 471, -1,
      443, 471, 444, -1,
      444, 471, 472, -1,
      444, 472, 445, -1,
      445, 472, 473, -1,
      445, 473, 446, -1,
      446, 473, 474, -1,
      446, 474, 447, -1,
      447, 474, 475, -1,
      447, 475, 448, -1,
      448, 475, 476, -1,
      448, 476, 449, -1,
      449, 476, 477, -1,
      449, 477, 450, -1,
      450, 477, 478, -1,
      450, 478, 451, -1,
      451, 478, 479, -1,
      451, 479, 452, -1,
      452, 479, 480, -1,
      452, 480, 453, -1,
      453, 480, 481, -1,
      453, 481, 454, -1,
      454, 481, 482, -1,
      454, 482, 455, -1,
      455, 482, 483, -1,
      455, 483, 456, -1,
      456, 483, 484, -1,
      456, 484, 457, -1,
      457, 484, 485, -1,
      457, 485, 458, -1,
      458, 485, 486, -1,
      459, 487, 460, -1,
      460, 487, 488, -1,
      460, 488, 461, -1,
      461, 488, 489, -1,
      461, 489, 462, -1,
      462, 489, 490, -1,
      462, 490, 463, -1,
      463, 490, 491, -1,
      463, 491, 464, -1,
      464, 491, 492, -1,
      464, 492, 465, -1,
      465, 492, 493, -1,
      465, 493, 466, -1,
      466, 493, 494, -1,
      466, 494, 467, -1,
      467, 494, 495, -1,
      467, 495, 468, -1,
      468, 495, 496, -1,
      468, 496, 469, -1,
      469, 496, 497, -1,
      469, 497, 470, -1,
      470, 497, 498, -1,
      470, 498, 471, -1,
      471, 498, 499, -1,
      471, 499, 472, -1,
      472, 499, 500, -1,
      472, 500, 473, -1,
      473, 500, 501, -1,
      473, 501, 474, -1,
      474, 501, 502, -1,
      474, 502, 475, -1,
      475, 502, 503, -1,
      475, 503, 476, -1,
      476, 503, 504, -1,
      476, 504, 477, -1,
      477, 504, 505, -1,
      477, 505, 478, -1,
      478, 505, 506, -1,
      478, 506, 479, -1,
      479, 506, 507, -1,
      479, 507, 480, -1,
      480, 507, 508, -1,
      480, 508, 481, -1,
      481, 508, 509, -1,
      481, 509, 482, -1,
      482, 509, 510, -1,
      482, 510, 483, -1,
      483, 510, 511, -1,
      483, 511, 484, -1,
      484, 511, 512, -1,
      484, 512, 485, -1,
      485, 512, 513, -1,
      485, 513, 486, -1,
      486, 513, 514, -1,
      487, 515, 488, -1,
      488, 515, 516, -1,
      488, 516, 489, -1,
      489, 516, 517, -1,
      489, 517, 490, -1,
      490, 517, 518, -1,
      490, 518, 491, -1,
      491, 518, 519, -1,
      491, 519, 492, -1,
      492, 519, 520, -1,
      492, 520, 493, -1,
      493, 520, 521, -1,
      493, 521, 494, -1,
      494, 521, 522, -1,
      494, 522, 495, -1,
      495, 522, 523, -1,
      495, 523, 496, -1,
      496, 523, 524, -1,
      496, 524, 497, -1,
      497, 524, 525, -1,
      497, 525, 498, -1,
      498, 525, 526, -1,
      498, 526, 499, -1,
      499, 526, 527, -1,
      499, 527, 500, -1,
      500, 527, 528, -1,
      500, 528, 501, -1,
      501, 528, 529, -1,
      501, 529, 502, -1,
      502, 529, 530, -1,
      502, 530, 503, -1,
      503, 530, 531, -1,
      503, 531, 504, -1,
      504, 531, 532, -1,
      504, 532, 505, -1,
      505, 532, 533, -1,
      505, 533, 506, -1,
      506, 533, 534, -1,
      506, 534, 507, -1,
      507, 534, 535, -1,
      507, 535, 508, -1,
      508, 535, 536, -1,
      508, 536, 509, -1,
      509, 536, 537, -1,
      509, 537, 510, -1,
      510, 537, 538, -1,
      510, 538, 511, -1,
      511, 538, 539, -1,
      511, 539, 512, -1,
      512, 539, 540, -1,
      512, 540, 513, -1,
      513, 540, 541, -1,
      513, 541, 514, -1,
      514, 541, 542, -1,
      515, 543, 516, -1,
      516, 543, 544, -1,
      516, 544, 517, -1,
      517, 544, 545, -1,
      517, 545, 518, -1,
      518, 545, 546, -1,
      518, 546, 519, -1,
      519, 546, 547, -1,
      519, 547, 520, -1,
      520, 547, 548, -1,
      520, 548, 521, -1,
      521, 548, 549, -1,
      521, 549, 522, -1,
      522, 549, 550, -1,
      522, 550, 523, -1,
      523, 550, 551, -1,
      523, 551, 524, -1,
      524, 551, 552, -1,
      524, 552, 525, -1,
      525, 552, 553, -1,
      525, 553, 526, -1,
      526, 553, 554, -1,
      526, 554, 527, -1,
      527, 554, 555, -1,
      527, 555, 528, -1,
      528, 555, 556, -1,
      528, 556, 529, -1,
      529, 556, 557, -1,
      529, 557, 530, -1,
      530, 557, 558, -1,
      530, 558, 531, -1,
      531, 558, 559, -1,
      531, 559, 532, -1,
      532, 559, 560, -1,
      532, 560, 533, -1,
      533, 560, 561, -1,
      533, 561, 534, -1,
      534, 561, 562, -1,
      534, 562, 535, -1,
      535, 562, 563, -1,
      535, 563, 536, -1,
      536, 563, 564, -1,
      536, 564, 537, -1,
      537, 564, 565, -1,
      537, 565, 538, -1,
      538, 565, 566, -1,
      538, 566, 539, -1,
      539, 566, 567, -1,
      539, 567, 540, -1,
      540, 567, 568, -1,
      540, 568, 541, -1,
      541, 568, 569, -1,
      541, 569, 542, -1,
      542, 569, 570, -1,
      543, 153, 544, -1,
      544, 153, 152, -1,
      544, 152, 545, -1,
      545, 152, 157, -1,
      545, 157, 546, -1,
      546, 157, 159, -1,
      546, 159, 547, -1,
      547, 159, 161, -1,
      547, 161, 548, -1,
      548, 161, 163, -1,
      548, 163, 549, -1,
      549, 163, 164, -1,
      549, 164, 550, -1,
      550, 164, 167, -1,
      550, 167, 551, -1,
      551, 167, 169, -1,
      551, 169, 552, -1,
      552, 169, 171, -1,
      552, 171, 553, -1,
      553, 171, 173, -1,
      553, 173, 554, -1,
      554, 173, 175, -1,
      554, 175, 555, -1,
      555, 175, 176, -1,
      555, 176, 556, -1,
      556, 176, 179, -1,
      556, 179, 557, -1,
      557, 179, 181, -1,
      557, 181, 558, -1,
      558, 181, 183, -1,
      558, 183, 559, -1,
      559, 183, 185, -1,
      559, 185, 560, -1,
      560, 185, 187, -1,
      560, 187, 561, -1,
      561, 187, 188, -1,
      561, 188, 562, -1,
      562, 188, 191, -1,
      562, 191, 563, -1,
      563, 191, 193, -1,
      563, 193, 564, -1,
      564, 193, 195, -1,
      564, 195, 565, -1,
      565, 195, 197, -1,
      565, 197, 566, -1,
      566, 197, 199, -1,
      566, 199, 567, -1,
      567, 199, 200, -1,
      567, 200, 568, -1,
      568, 200, 203, -1,
      568, 203, 569, -1,
      569, 203, 205, -1,
      569, 205, 570, -1,
      570, 205, 571, -1,
      149, 76, 572, -1,
      572, 76, 78, -1,
      12, 7, 205, -1,
      205, 7, 6, -1,
      205, 6, 571, -1,
      571, 6, 4, -1,
      571, 4, 3, -1,
      78, 206, 572, -1,
      572, 206, 234, -1,
      572, 234, 573, -1,
      573, 234, 262, -1,
      573, 262, 574, -1,
      574, 262, 290, -1,
      574, 290, 575, -1,
      575, 290, 318, -1,
      575, 318, 576, -1,
      576, 318, 346, -1,
      576, 346, 577, -1,
      577, 346, 374, -1,
      577, 374, 578, -1,
      578, 374, 402, -1,
      578, 402, 579, -1,
      579, 402, 430, -1,
      579, 430, 580, -1,
      580, 430, 458, -1,
      580, 458, 581, -1,
      581, 458, 486, -1,
      581, 486, 582, -1,
      582, 486, 514, -1,
      582, 514, 583, -1,
      583, 514, 542, -1,
      583, 542, 584, -1,
      584, 542, 570, -1,
      584, 570, 585, -1,
      585, 570, 571, -1,
      585, 571, 586, -1,
      586, 571, 3, -1,
      586, 3, 0, -1,
      149, 572, 154, -1,
      154, 572, 573, -1,
      154, 573, 207, -1,
      207, 573, 574, -1,
      207, 574, 235, -1,
      235, 574, 575, -1,
      235, 575, 263, -1,
      263, 575, 576, -1,
      263, 576, 291, -1,
      291, 576, 577, -1,
      291, 577, 319, -1,
      319, 577, 578, -1,
      319, 578, 347, -1,
      347, 578, 579, -1,
      347, 579, 375, -1,
      375, 579, 580, -1,
      375, 580, 403, -1,
      403, 580, 581, -1,
      403, 581, 431, -1,
      431, 581, 582, -1,
      431, 582, 459, -1,
      459, 582, 583, -1,
      459, 583, 487, -1,
      487, 583, 584, -1,
      487, 584, 515, -1,
      515, 584, 585, -1,
      515, 585, 543, -1,
      543, 585, 586, -1,
      543, 586, 153, -1,
      153, 586, 0, -1,
      153, 0, 75, -1,
      81, 79, 587, -1,
      587, 79, 77, -1,
      587, 77, 146, -1,
      90, 87, 587, -1,
      587, 87, 82, -1,
      587, 82, 81, -1,
      98, 93, 587, -1,
      587, 93, 95, -1,
      587, 95, 90, -1,
      106, 108, 587, -1,
      587, 108, 103, -1,
      587, 103, 98, -1,
      119, 114, 587, -1,
      587, 114, 111, -1,
      587, 111, 106, -1,
      127, 122, 587, -1,
      587, 122, 124, -1,
      587, 124, 119, -1,
      140, 135, 587, -1,
      587, 135, 130, -1,
      587, 130, 127, -1,
      146, 143, 587, -1,
      587, 143, 138, -1,
      587, 138, 140, -1,
      31, 34, 588, -1,
      588, 34, 37, -1,
      588, 37, 40, -1,
      21, 24, 588, -1,
      588, 24, 26, -1,
      588, 26, 31, -1,
      10, 15, 588, -1,
      588, 15, 18, -1,
      588, 18, 21, -1,
      1, 5, 588, -1,
      588, 5, 8, -1,
      588, 8, 10, -1,
      69, 72, 588, -1,
      588, 72, 2, -1,
      588, 2, 1, -1,
      59, 61, 588, -1,
      588, 61, 66, -1,
      588, 66, 69, -1,
      50, 53, 588, -1,
      588, 53, 56, -1,
      588, 56, 59, -1,
      40, 43, 588, -1,
      588, 43, 45, -1,
      588, 45, 50, -1,
    ]
  }
}
