#VRML V2.0 utf8

Shape {
  appearance Appearance {
    material Material {
      diffuseColor 0.7529 0.7529 0.7529
      specularColor 0.3765 0.3765 0.3765
      ambientIntensity 0.2
      transparency 0.0000
      shininess 0.5
    }
  }
  geometry IndexedFaceSet {
    ccw TRUE
    solid FALSE
    coord DEF co Coordinate {
      point [
        -0.236098 -0.915354 0.000000,
        -0.629980 -0.915354 0.000000,
        -0.629980 -0.500000 0.000000,
        0.938722 0.081761 0.000000,
        0.924413 0.075835 0.000000,
        0.564806 0.075835 0.000000,
        -0.952431 -0.083566 0.000000,
        -0.629980 -0.083566 0.000000,
        -0.938722 -0.081761 0.000000,
        -0.918307 -0.073305 0.000000,
        -0.900776 -0.059854 0.000000,
        -0.887325 -0.042323 0.000000,
        -0.918307 0.073305 0.000000,
        -0.629980 0.075835 0.000000,
        -0.900776 0.059854 0.000000,
        -0.887325 0.042323 0.000000,
        -0.878869 -0.021908 0.000000,
        -0.875984 -0.000000 0.000000,
        -0.878869 0.021908 0.000000,
        -1.033935 0.042323 0.000000,
        -1.042391 0.021908 0.000000,
        -1.610236 0.075835 0.000000,
        -1.045276 -0.000000 0.000000,
        -1.042391 -0.021908 0.000000,
        -1.610236 -0.083566 0.000000,
        -1.002953 -0.073305 0.000000,
        -0.982538 -0.081761 0.000000,
        -0.968828 -0.083566 0.000000,
        -0.960630 -0.084646 0.000000,
        -1.033935 -0.042323 0.000000,
        -1.020483 -0.059854 0.000000,
        -0.996847 0.075835 0.000000,
        -1.002953 0.073305 0.000000,
        -1.020483 0.059854 0.000000,
        -0.924413 0.075835 0.000000,
        -0.938722 0.081761 0.000000,
        -0.629980 0.915354 0.000000,
        -1.259843 0.915354 0.000000,
        -1.572912 0.860152 0.000000,
        -1.418792 0.901448 0.000000,
        -0.982538 0.081761 0.000000,
        -0.960630 0.084646 0.000000,
        1.002953 -0.073305 0.000000,
        1.020483 -0.059854 0.000000,
        2.167886 -0.083566 0.000000,
        2.168562 0.075835 0.000000,
        1.033935 0.042323 0.000000,
        1.020483 0.059854 0.000000,
        1.033935 -0.042323 0.000000,
        1.042391 -0.021908 0.000000,
        2.175197 0.000000 0.000000,
        1.045276 -0.000000 0.000000,
        1.042391 0.021908 0.000000,
        2.161291 -0.158950 0.000000,
        0.968828 -0.083566 0.000000,
        0.982538 -0.081761 0.000000,
        0.900776 -0.059854 0.000000,
        0.918307 -0.073305 0.000000,
        0.564806 -0.083566 0.000000,
        0.918307 0.073305 0.000000,
        0.900776 0.059854 0.000000,
        0.887325 0.042323 0.000000,
        0.887325 -0.042323 0.000000,
        0.938722 -0.081761 0.000000,
        0.952431 -0.083566 0.000000,
        0.564806 -0.500000 0.000000,
        0.960630 -0.084646 0.000000,
        0.878869 0.021908 0.000000,
        0.875984 -0.000000 0.000000,
        0.878869 -0.021908 0.000000,
        2.052563 0.457677 0.000000,
        2.119994 0.313070 0.000000,
        0.996847 0.075835 0.000000,
        1.002953 0.073305 0.000000,
        2.161291 0.158950 0.000000,
        0.564806 0.915354 0.000000,
        1.259843 0.915354 0.000000,
        0.960630 0.084646 0.000000,
        0.982538 0.081761 0.000000,
        1.418792 0.901448 0.000000,
        1.572912 0.860152 0.000000,
        1.717520 0.792720 0.000000,
        1.848221 0.701202 0.000000,
        1.961044 0.588378 0.000000,
        2.119994 -0.313070 0.000000,
        2.052563 -0.457677 0.000000,
        2.022928 -0.500000 0.000000,
        1.961044 -0.588378 0.000000,
        1.848221 -0.701202 0.000000,
        1.717520 -0.792720 0.000000,
        1.572912 -0.860152 0.000000,
        1.418792 -0.901448 0.000000,
        1.259843 -0.915354 0.000000,
        0.564806 -0.915354 0.000000,
        -2.175197 -0.000000 0.000000,
        -2.168562 0.075835 0.000000,
        -2.161291 0.158950 0.000000,
        -2.119994 0.313070 0.000000,
        -2.052563 0.457677 0.000000,
        -1.961044 0.588378 0.000000,
        -1.848221 0.701202 0.000000,
        -1.717520 0.792720 0.000000,
        -1.610236 0.842747 0.000000,
        -2.167886 -0.083566 0.000000,
        -1.610236 -0.500000 0.000000,
        -2.022928 -0.500000 0.000000,
        -2.052563 -0.457677 0.000000,
        -2.119994 -0.313070 0.000000,
        -2.161291 -0.158950 0.000000,
        -1.717520 -0.792720 0.000000,
        -1.848221 -0.701202 0.000000,
        -1.961044 -0.588378 0.000000,
        -1.418792 -0.901448 0.000000,
        -1.572912 -0.860152 0.000000,
        -1.610236 -0.842747 0.000000,
        -1.259843 -0.915354 0.000000,
        0.027009 0.075835 0.000000,
        0.042373 -0.057159 0.000000,
        0.027009 -0.083566 0.000000,
        0.042373 -0.074444 0.000000,
        0.059159 -0.081337 0.000000,
        0.065517 0.075835 0.000000,
        0.060580 0.075494 0.000000,
        0.042373 0.070553 0.000000,
        0.042373 0.049428 0.000000,
        0.060111 0.057024 0.000000,
        0.045195 -0.058723 0.000000,
        0.079252 0.059510 0.000000,
        0.094759 0.057769 0.000000,
        0.106546 0.053515 0.000000,
        0.117446 0.046223 0.000000,
        0.126956 0.035724 0.000000,
        0.138398 -0.005546 0.000000,
        0.136803 -0.022594 0.000000,
        0.132524 -0.036140 0.000000,
        0.097482 -0.065594 0.000000,
        0.082793 -0.067242 0.000000,
        0.108957 -0.061370 0.000000,
        0.118622 -0.054856 0.000000,
        0.126011 -0.047060 0.000000,
        0.061889 -0.064922 0.000000,
        0.133449 0.023565 0.000000,
        0.137646 0.006707 0.000000,
        0.079432 0.076795 0.000000,
        0.027009 0.915354 0.000000,
        0.091195 0.075835 0.000000,
        0.166244 0.915354 0.000000,
        0.151212 0.033396 0.000000,
        0.141981 0.048120 0.000000,
        0.166244 0.075835 0.000000,
        0.120375 -0.077260 0.000000,
        0.133043 -0.069171 0.000000,
        0.166244 -0.083566 0.000000,
        0.144871 -0.056718 0.000000,
        0.153261 -0.041744 0.000000,
        0.127764 0.061793 0.000000,
        0.112806 0.070403 0.000000,
        0.095250 0.075504 0.000000,
        0.158000 -0.025075 0.000000,
        0.159523 -0.006837 0.000000,
        0.157257 0.015552 0.000000,
        0.075072 -0.083566 0.000000,
        0.081398 -0.084453 0.000000,
        0.027009 -0.500000 0.000000,
        0.166244 -0.500000 0.000000,
        0.085704 -0.084526 0.000000,
        0.094965 -0.083566 0.000000,
        0.105111 -0.082514 0.000000,
        -0.236098 -0.500000 0.000000,
        -0.088220 -0.915354 0.000000,
        -0.088220 -0.500000 0.000000,
        0.027009 -0.915354 0.000000,
        0.166244 -0.915354 0.000000,
        -0.236098 -0.083566 0.000000,
        -0.088220 -0.083566 0.000000,
        0.172967 -0.065322 0.000000,
        0.172967 -0.082606 0.000000,
        0.253627 -0.082606 0.000000,
        0.232502 -0.065322 0.000000,
        0.232502 0.074874 0.000000,
        0.253627 0.074874 0.000000,
        -0.069015 0.074874 0.000000,
        -0.088220 0.075835 0.000000,
        -0.069015 0.057590 0.000000,
        -0.072857 -0.065322 0.000000,
        -0.072857 -0.082606 0.000000,
        0.011645 -0.082606 0.000000,
        0.011645 0.074874 0.000000,
        -0.009480 -0.011548 0.000000,
        -0.009480 -0.065322 0.000000,
        -0.065174 -0.011548 0.000000,
        -0.065174 0.005737 0.000000,
        -0.009480 0.005737 0.000000,
        -0.009480 0.057590 0.000000,
        -0.222473 -0.039444 0.000000,
        -0.213442 -0.053530 0.000000,
        -0.200480 -0.065941 0.000000,
        -0.184037 -0.075496 0.000000,
        -0.148026 0.074874 0.000000,
        -0.236098 0.075835 0.000000,
        -0.170777 0.072442 0.000000,
        -0.189203 0.065972 0.000000,
        -0.206343 0.054485 0.000000,
        -0.206508 0.054341 0.000000,
        -0.217644 0.041992 0.000000,
        -0.224963 0.028449 0.000000,
        -0.165891 -0.080905 0.000000,
        -0.146406 -0.082606 0.000000,
        -0.103584 -0.082606 0.000000,
        -0.103584 0.074874 0.000000,
        -0.229193 0.012933 0.000000,
        -0.230337 -0.001885 0.000000,
        -0.228127 -0.022961 0.000000,
        -0.322520 0.074874 0.000000,
        -0.383976 -0.082606 0.000000,
        -0.360930 -0.082606 0.000000,
        -0.344996 -0.038435 0.000000,
        -0.279939 -0.038435 0.000000,
        -0.264906 -0.082606 0.000000,
        -0.241860 -0.082606 0.000000,
        -0.301395 0.074874 0.000000,
        -0.236098 0.915354 0.000000,
        -0.088220 0.915354 0.000000,
        -1.259843 0.915354 0.267717,
        -1.418792 0.901448 0.267717,
        -1.572912 0.860152 0.267717,
        -1.717520 0.792720 0.267717,
        -1.848221 0.701202 0.267717,
        -1.961044 0.588378 0.267717,
        -2.052563 0.457677 0.267717,
        -2.119994 0.313070 0.267717,
        -2.161291 0.158950 0.267717,
        -2.175197 -0.000000 0.267717,
        -2.161291 -0.158950 0.267717,
        -2.119994 -0.313070 0.267717,
        -2.052563 -0.457677 0.267717,
        -1.961044 -0.588378 0.267717,
        -1.848221 -0.701202 0.267717,
        -1.717520 -0.792720 0.267717,
        -1.572912 -0.860152 0.267717,
        -1.418792 -0.901448 0.267717,
        -1.259843 -0.915354 0.267717,
        1.259843 -0.915354 0.267717,
        1.418792 -0.901448 0.267717,
        1.572912 -0.860152 0.267717,
        1.717520 -0.792720 0.267717,
        1.848221 -0.701202 0.267717,
        1.961044 -0.588378 0.267717,
        2.052563 -0.457677 0.267717,
        2.119994 -0.313070 0.267717,
        2.161291 -0.158950 0.267717,
        2.175197 0.000000 0.267717,
        2.161291 0.158950 0.267717,
        2.119994 0.313070 0.267717,
        2.052563 0.457677 0.267717,
        1.961044 0.588378 0.267717,
        1.848221 0.701202 0.267717,
        1.717520 0.792720 0.267717,
        1.572912 0.860152 0.267717,
        1.418792 0.901448 0.267717,
        1.259843 0.915354 0.267717,
        1.879003 0.437051 0.267717,
        1.932748 0.348671 0.267717,
        1.973958 0.253796 0.267717,
        2.001865 0.154194 0.267717,
        1.561780 0.695131 0.267717,
        1.653622 0.647542 0.267717,
        1.738128 0.587891 0.267717,
        1.813724 0.517289 0.267717,
        2.015950 0.051719 0.267717,
        2.015950 -0.051719 0.267717,
        2.001865 -0.154194 0.267717,
        1.973958 -0.253796 0.267717,
        1.932748 -0.348671 0.267717,
        -1.561780 -0.695131 0.267717,
        -1.653622 -0.647542 0.267717,
        -1.738128 -0.587891 0.267717,
        -1.813724 -0.517289 0.267717,
        -1.879003 -0.437051 0.267717,
        -1.932748 -0.348671 0.267717,
        -1.973958 -0.253796 0.267717,
        -2.001865 -0.154194 0.267717,
        -1.813724 0.517289 0.267717,
        -1.738128 0.587891 0.267717,
        -1.653622 0.647542 0.267717,
        1.879003 -0.437051 0.267717,
        1.813724 -0.517289 0.267717,
        1.738128 -0.587891 0.267717,
        1.653622 -0.647542 0.267717,
        1.561780 -0.695131 0.267717,
        1.464315 -0.729770 0.267717,
        1.363040 -0.750815 0.267717,
        1.259843 -0.757874 0.267717,
        -1.259843 -0.757874 0.267717,
        -1.363040 -0.750815 0.267717,
        -1.464315 -0.729770 0.267717,
        -2.015950 -0.051719 0.267717,
        -2.015950 0.051719 0.267717,
        -2.001865 0.154194 0.267717,
        -1.973958 0.253796 0.267717,
        -1.932748 0.348671 0.267717,
        -1.879003 0.437051 0.267717,
        -1.561780 0.695131 0.267717,
        -1.464315 0.729770 0.267717,
        -1.363040 0.750815 0.267717,
        -1.259843 0.757874 0.267717,
        1.259843 0.757874 0.267717,
        1.363040 0.750815 0.267717,
        1.464315 0.729770 0.267717,
        -1.541965 0.617762 1.259843,
        -1.612709 0.580265 0.346457,
        -1.627010 0.571324 1.259843,
        -1.636365 0.563568 0.346457,
        -1.636696 0.564073 1.259843,
        -1.259843 0.679134 1.259843,
        -1.259843 0.679134 0.346457,
        -1.356493 0.672221 1.259843,
        -1.352318 0.672808 0.346457,
        -1.391990 0.664499 1.259843,
        -1.392018 0.664559 0.346457,
        -1.451177 0.651624 1.259843,
        -1.443071 0.653950 0.346457,
        -1.519282 0.626222 1.259843,
        -1.519504 0.626785 0.346457,
        -1.530410 0.622909 0.346457,
        -1.704581 0.513255 1.259843,
        -1.688436 0.526812 0.346457,
        -1.738839 0.478996 1.259843,
        -1.739252 0.479352 0.346457,
        -1.773098 0.444738 1.259843,
        -1.911467 0.191334 1.259843,
        -1.886065 0.259440 1.259843,
        -1.885919 0.259302 0.346457,
        -1.877604 0.282122 1.259843,
        -1.862835 0.312446 0.346457,
        -1.831166 0.367167 1.259843,
        -1.823698 0.376806 0.346457,
        -1.823916 0.376853 1.259843,
        -1.814674 0.391643 0.346457,
        -1.756178 0.463545 0.346457,
        -1.899764 0.227428 0.346457,
        -1.924772 0.138174 0.346457,
        -1.924342 0.132148 1.259843,
        -1.925559 0.132442 0.346457,
        -1.932064 0.096651 1.259843,
        -1.937393 0.046346 0.346457,
        -1.938976 -0.000000 1.259843,
        -1.937393 -0.000000 0.346457,
        -1.937393 -0.046346 0.346457,
        -1.932064 -0.096651 1.259843,
        -1.925559 -0.132442 0.346457,
        -1.924342 -0.132148 1.259843,
        -1.924772 -0.138174 0.346457,
        -1.911467 -0.191334 1.259843,
        -1.899764 -0.227428 0.346457,
        -1.886065 -0.259440 1.259843,
        -1.885919 -0.259302 0.346457,
        -1.877604 -0.282122 1.259843,
        -1.862835 -0.312446 0.346457,
        -1.831166 -0.367167 1.259843,
        -1.823698 -0.376806 0.346457,
        -1.823916 -0.376853 1.259843,
        -1.814674 -0.391643 0.346457,
        -1.773098 -0.444738 1.259843,
        -1.756178 -0.463545 0.346457,
        -1.738839 -0.478996 1.259843,
        -1.739252 -0.479352 0.346457,
        -1.704581 -0.513255 1.259843,
        -1.688436 -0.526812 0.346457,
        -1.636696 -0.564073 1.259843,
        -1.636365 -0.563568 0.346457,
        -1.627010 -0.571324 1.259843,
        -1.612709 -0.580265 0.346457,
        -1.541965 -0.617762 1.259843,
        -1.530410 -0.622909 0.346457,
        -1.519282 -0.626222 1.259843,
        -1.519504 -0.626785 0.346457,
        -1.451177 -0.651624 1.259843,
        -1.443071 -0.653950 0.346457,
        -1.391990 -0.664499 1.259843,
        -1.392018 -0.664559 0.346457,
        -1.356493 -0.672221 1.259843,
        -1.352318 -0.672808 0.346457,
        -1.259843 -0.679134 1.259843,
        -1.259843 -0.679134 0.346457,
        1.259843 -0.679134 0.346457,
        1.259843 -0.679134 1.259843,
        1.541965 -0.617762 1.259843,
        1.612709 -0.580265 0.346457,
        1.627010 -0.571324 1.259843,
        1.636365 -0.563568 0.346457,
        1.636696 -0.564073 1.259843,
        1.356493 -0.672221 1.259843,
        1.352318 -0.672808 0.346457,
        1.391990 -0.664499 1.259843,
        1.392018 -0.664559 0.346457,
        1.451177 -0.651624 1.259843,
        1.443071 -0.653950 0.346457,
        1.519282 -0.626222 1.259843,
        1.519504 -0.626785 0.346457,
        1.530410 -0.622909 0.346457,
        1.704581 -0.513255 1.259843,
        1.688436 -0.526812 0.346457,
        1.738839 -0.478996 1.259843,
        1.739252 -0.479352 0.346457,
        1.773098 -0.444738 1.259843,
        1.911467 -0.191334 1.259843,
        1.886065 -0.259440 1.259843,
        1.885919 -0.259302 0.346457,
        1.877604 -0.282122 1.259843,
        1.862835 -0.312446 0.346457,
        1.831166 -0.367167 1.259843,
        1.823698 -0.376806 0.346457,
        1.823916 -0.376853 1.259843,
        1.814674 -0.391643 0.346457,
        1.756178 -0.463545 0.346457,
        1.899764 -0.227428 0.346457,
        1.924772 -0.138174 0.346457,
        1.924342 -0.132148 1.259843,
        1.925559 -0.132442 0.346457,
        1.932064 -0.096651 1.259843,
        1.937393 -0.046346 0.346457,
        1.938976 0.000000 1.259843,
        1.937393 0.000000 0.346457,
        1.937393 0.046346 0.346457,
        1.932064 0.096651 1.259843,
        1.925559 0.132442 0.346457,
        1.924342 0.132148 1.259843,
        1.924772 0.138174 0.346457,
        1.911467 0.191334 1.259843,
        1.899764 0.227428 0.346457,
        1.886065 0.259440 1.259843,
        1.885919 0.259302 0.346457,
        1.877604 0.282122 1.259843,
        1.862835 0.312446 0.346457,
        1.831166 0.367167 1.259843,
        1.823698 0.376806 0.346457,
        1.823916 0.376853 1.259843,
        1.814674 0.391643 0.346457,
        1.773098 0.444738 1.259843,
        1.756178 0.463545 0.346457,
        1.738839 0.478996 1.259843,
        1.739252 0.479352 0.346457,
        1.704581 0.513255 1.259843,
        1.688436 0.526812 0.346457,
        1.636696 0.564073 1.259843,
        1.636365 0.563568 0.346457,
        1.627010 0.571324 1.259843,
        1.612709 0.580265 0.346457,
        1.541965 0.617762 1.259843,
        1.530410 0.622909 0.346457,
        1.519282 0.626222 1.259843,
        1.519504 0.626785 0.346457,
        1.451177 0.651624 1.259843,
        1.443071 0.653950 0.346457,
        1.391990 0.664499 1.259843,
        1.392018 0.664559 0.346457,
        1.356493 0.672221 1.259843,
        1.352318 0.672808 0.346457,
        1.259843 0.679134 1.259843,
        1.259843 0.679134 0.346457,
        1.259843 -0.561024 1.377953,
        1.259843 0.561024 1.377953,
        -1.259843 -0.561024 1.377953,
        -1.259843 0.561024 1.377953,
        -1.339685 -0.555313 1.377953,
        1.770168 0.233057 1.377953,
        1.731806 0.303312 1.377953,
        -1.770168 -0.233057 1.377953,
        -1.731806 -0.303312 1.377953,
        1.339685 -0.555313 1.377953,
        1.417901 -0.538298 1.377953,
        1.492900 -0.510325 1.377953,
        1.770168 -0.233057 1.377953,
        1.731806 -0.303312 1.377953,
        1.683836 -0.367393 1.377953,
        1.798141 -0.158059 1.377953,
        1.815156 -0.079842 1.377953,
        1.820866 -0.000000 1.377953,
        1.563155 -0.471963 1.377953,
        1.627235 -0.423993 1.377953,
        1.815156 0.079842 1.377953,
        1.798141 0.158059 1.377953,
        -1.731806 0.303312 1.377953,
        -1.770168 0.233057 1.377953,
        -1.820866 0.000000 1.377953,
        -1.815156 -0.079842 1.377953,
        -1.798141 -0.158059 1.377953,
        1.417901 0.538298 1.377953,
        1.627235 0.423993 1.377953,
        1.492900 0.510325 1.377953,
        1.563155 0.471963 1.377953,
        1.683836 0.367393 1.377953,
        1.339685 0.555313 1.377953,
        -1.798141 0.158059 1.377953,
        -1.815156 0.079842 1.377953,
        -1.683836 -0.367393 1.377953,
        -1.627235 -0.423993 1.377953,
        -1.563155 -0.471963 1.377953,
        -1.683836 0.367393 1.377953,
        -1.339685 0.555313 1.377953,
        -1.417901 0.538298 1.377953,
        -1.492900 -0.510325 1.377953,
        -1.417901 -0.538298 1.377953,
        -1.492900 0.510325 1.377953,
        -1.563155 0.471963 1.377953,
        -1.627235 0.423993 1.377953,
        -1.450043 0.647763 1.290412,
        -1.701945 0.510214 1.290412,
        -1.827781 0.364992 1.290412,
        -1.907605 0.190200 1.290412,
        -1.907605 -0.190200 1.290412,
        -1.770056 -0.442103 1.290412,
        -1.624834 -0.567938 1.290412,
        -1.450043 -0.647763 1.290412,
        -1.344035 -0.585571 1.373928,
        -1.426513 -0.567629 1.373928,
        -1.348089 -0.613767 1.362129,
        -1.434539 -0.594961 1.362129,
        -1.351570 -0.637980 1.343359,
        -1.441430 -0.618432 1.343359,
        -1.354241 -0.656559 1.318898,
        -1.446719 -0.636441 1.318898,
        -1.355920 -0.668238 1.290412,
        -1.647253 -0.447096 1.373928,
        -1.706939 -0.387411 1.373928,
        -1.665907 -0.468624 1.362129,
        -1.728467 -0.406065 1.362129,
        -1.681926 -0.487111 1.343359,
        -1.746954 -0.422084 1.343359,
        -1.694218 -0.501296 1.318898,
        -1.761139 -0.434376 1.318898,
        -1.701945 -0.510214 1.290412,
        -1.797974 -0.245757 1.373928,
        -1.827472 -0.166671 1.373928,
        -1.823886 -0.257590 1.362129,
        -1.854804 -0.174696 1.362129,
        -1.846137 -0.267752 1.343359,
        -1.878274 -0.181588 1.343359,
        -1.863211 -0.275549 1.318898,
        -1.896284 -0.186876 1.318898,
        -1.873944 -0.280450 1.290412,
        -1.845414 0.084193 1.373928,
        -1.827472 0.166671 1.373928,
        -1.873610 0.088246 1.362129,
        -1.854804 0.174696 1.362129,
        -1.897822 0.091728 1.343359,
        -1.878274 0.181588 1.343359,
        -1.916401 0.094399 1.318898,
        -1.896284 0.186876 1.318898,
        -1.928080 0.096078 1.290412,
        -1.706939 0.387411 1.373928,
        -1.647253 0.447096 1.373928,
        -1.728467 0.406065 1.362129,
        -1.665907 0.468624 1.362129,
        -1.746954 0.422084 1.343359,
        -1.681926 0.487111 1.343359,
        -1.761139 0.434376 1.318898,
        -1.694218 0.501296 1.318898,
        -1.770056 0.442103 1.290412,
        -1.505599 0.538132 1.373928,
        -1.426513 0.567629 1.373928,
        -1.517433 0.564043 1.362129,
        -1.434539 0.594961 1.362129,
        -1.527594 0.586294 1.343359,
        -1.441430 0.618432 1.343359,
        -1.535391 0.603368 1.318898,
        -1.446719 0.636441 1.318898,
        -1.540293 0.614101 1.290412,
        -1.259843 -0.591593 1.373928,
        -1.259843 -0.620079 1.362129,
        -1.259843 -0.644540 1.343359,
        -1.259843 -0.663310 1.318898,
        -1.259843 -0.675109 1.290412,
        -1.540293 -0.614101 1.290412,
        -1.535391 -0.603368 1.318898,
        -1.527594 -0.586294 1.343359,
        -1.517433 -0.564043 1.362129,
        -1.505599 -0.538132 1.373928,
        -1.579682 -0.497680 1.373928,
        -1.595082 -0.521643 1.362129,
        -1.608307 -0.542222 1.343359,
        -1.618455 -0.558012 1.318898,
        -1.827781 -0.364992 1.290412,
        -1.817854 -0.358613 1.318898,
        -1.802064 -0.348465 1.343359,
        -1.781486 -0.335240 1.362129,
        -1.757522 -0.319839 1.373928,
        -1.928080 -0.096078 1.290412,
        -1.916401 -0.094399 1.318898,
        -1.897822 -0.091728 1.343359,
        -1.873610 -0.088246 1.362129,
        -1.845414 -0.084193 1.373928,
        -1.851435 -0.000000 1.373928,
        -1.879921 -0.000000 1.362129,
        -1.904383 -0.000000 1.343359,
        -1.923153 -0.000000 1.318898,
        -1.934952 -0.000000 1.290412,
        -1.873944 0.280450 1.290412,
        -1.863211 0.275549 1.318898,
        -1.846137 0.267752 1.343359,
        -1.823886 0.257590 1.362129,
        -1.797974 0.245757 1.373928,
        -1.757522 0.319839 1.373928,
        -1.781486 0.335240 1.362129,
        -1.802064 0.348465 1.343359,
        -1.817854 0.358613 1.318898,
        -1.624834 0.567938 1.290412,
        -1.618455 0.558012 1.318898,
        -1.608307 0.542222 1.343359,
        -1.595082 0.521643 1.362129,
        -1.579682 0.497680 1.373928,
        -1.355920 0.668238 1.290412,
        -1.354241 0.656559 1.318898,
        -1.351570 0.637980 1.343359,
        -1.348089 0.613767 1.362129,
        -1.344035 0.585571 1.373928,
        -1.259843 0.591593 1.373928,
        -1.259843 0.620079 1.362129,
        -1.259843 0.644540 1.343359,
        -1.259843 0.663310 1.318898,
        -1.259843 0.675109 1.290412,
        1.259843 -0.591593 1.373928,
        1.259843 -0.620079 1.362129,
        1.259843 -0.644540 1.343359,
        1.259843 -0.663310 1.318898,
        1.259843 -0.675109 1.290412,
        1.259843 0.591593 1.373928,
        1.259843 0.620079 1.362129,
        1.259843 0.644540 1.343359,
        1.259843 0.663310 1.318898,
        1.259843 0.675109 1.290412,
        1.450043 -0.647763 1.290412,
        1.701945 -0.510214 1.290412,
        1.827781 -0.364992 1.290412,
        1.907605 -0.190200 1.290412,
        1.907605 0.190200 1.290412,
        1.770056 0.442103 1.290412,
        1.624834 0.567938 1.290412,
        1.450043 0.647763 1.290412,
        1.344035 0.585571 1.373928,
        1.426513 0.567629 1.373928,
        1.348089 0.613767 1.362129,
        1.434539 0.594961 1.362129,
        1.351570 0.637980 1.343359,
        1.441430 0.618432 1.343359,
        1.354241 0.656559 1.318898,
        1.446719 0.636441 1.318898,
        1.355920 0.668238 1.290412,
        1.647253 0.447096 1.373928,
        1.706939 0.387411 1.373928,
        1.665907 0.468624 1.362129,
        1.728467 0.406065 1.362129,
        1.681926 0.487111 1.343359,
        1.746954 0.422084 1.343359,
        1.694218 0.501296 1.318898,
        1.761139 0.434376 1.318898,
        1.701945 0.510214 1.290412,
        1.797974 0.245757 1.373928,
        1.827472 0.166671 1.373928,
        1.823886 0.257590 1.362129,
        1.854804 0.174696 1.362129,
        1.846137 0.267752 1.343359,
        1.878274 0.181588 1.343359,
        1.863211 0.275549 1.318898,
        1.896284 0.186876 1.318898,
        1.873944 0.280450 1.290412,
        1.845414 -0.084193 1.373928,
        1.827472 -0.166671 1.373928,
        1.873610 -0.088246 1.362129,
        1.854804 -0.174696 1.362129,
        1.897822 -0.091728 1.343359,
        1.878274 -0.181588 1.343359,
        1.916401 -0.094399 1.318898,
        1.896284 -0.186876 1.318898,
        1.928080 -0.096078 1.290412,
        1.706939 -0.387411 1.373928,
        1.647253 -0.447096 1.373928,
        1.728467 -0.406065 1.362129,
        1.665907 -0.468624 1.362129,
        1.746954 -0.422084 1.343359,
        1.681926 -0.487111 1.343359,
        1.761139 -0.434376 1.318898,
        1.694218 -0.501296 1.318898,
        1.770056 -0.442103 1.290412,
        1.505599 -0.538132 1.373928,
        1.426513 -0.567629 1.373928,
        1.517433 -0.564043 1.362129,
        1.434539 -0.594961 1.362129,
        1.527594 -0.586294 1.343359,
        1.441430 -0.618432 1.343359,
        1.535391 -0.603368 1.318898,
        1.446719 -0.636441 1.318898,
        1.540293 -0.614101 1.290412,
        1.540293 0.614101 1.290412,
        1.535391 0.603368 1.318898,
        1.527594 0.586294 1.343359,
        1.517433 0.564043 1.362129,
        1.505599 0.538132 1.373928,
        1.579682 0.497680 1.373928,
        1.595082 0.521643 1.362129,
        1.608307 0.542222 1.343359,
        1.618455 0.558012 1.318898,
        1.827781 0.364992 1.290412,
        1.817854 0.358613 1.318898,
        1.802064 0.348465 1.343359,
        1.781486 0.335240 1.362129,
        1.757522 0.319839 1.373928,
        1.928080 0.096078 1.290412,
        1.916401 0.094399 1.318898,
        1.897822 0.091728 1.343359,
        1.873610 0.088246 1.362129,
        1.845414 0.084193 1.373928,
        1.851435 -0.000000 1.373928,
        1.879921 -0.000000 1.362129,
        1.904383 -0.000000 1.343359,
        1.923153 -0.000000 1.318898,
        1.934952 -0.000000 1.290412,
        1.873944 -0.280450 1.290412,
        1.863211 -0.275549 1.318898,
        1.846137 -0.267752 1.343359,
        1.823886 -0.257590 1.362129,
        1.797974 -0.245757 1.373928,
        1.757522 -0.319839 1.373928,
        1.781486 -0.335240 1.362129,
        1.802064 -0.348465 1.343359,
        1.817854 -0.358613 1.318898,
        1.624834 -0.567938 1.290412,
        1.618455 -0.558012 1.318898,
        1.608307 -0.542222 1.343359,
        1.595082 -0.521643 1.362129,
        1.579682 -0.497680 1.373928,
        1.355920 -0.668238 1.290412,
        1.354241 -0.656559 1.318898,
        1.351570 -0.637980 1.343359,
        1.348089 -0.613767 1.362129,
        1.344035 -0.585571 1.373928,
        -1.259843 -0.737494 0.270400,
        1.259843 -0.737494 0.270400,
        -1.259843 -0.718504 0.278266,
        1.259843 -0.718504 0.278266,
        -1.259843 -0.702196 0.290779,
        1.259843 -0.702196 0.290779,
        -1.259843 -0.689683 0.307087,
        1.259843 -0.689683 0.307087,
        -1.259843 -0.681817 0.326077,
        1.259843 -0.681817 0.326077,
        1.352683 0.675467 0.326077,
        1.259843 0.681817 0.326077,
        1.443794 0.656533 0.326077,
        1.531479 0.625370 0.326077,
        1.614104 0.582557 0.326077,
        1.690129 0.528893 0.326077,
        1.758139 0.465376 0.326077,
        1.816867 0.393191 0.326077,
        1.865218 0.313680 0.326077,
        1.902292 0.228326 0.326077,
        1.927399 0.138720 0.326077,
        1.940070 0.046529 0.326077,
        1.940070 -0.046529 0.326077,
        1.927399 -0.138720 0.326077,
        1.902292 -0.228326 0.326077,
        1.865218 -0.313680 0.326077,
        1.816867 -0.393191 0.326077,
        1.758139 -0.465376 0.326077,
        1.690129 -0.528893 0.326077,
        1.614104 -0.582557 0.326077,
        1.531479 -0.625370 0.326077,
        1.443794 -0.656533 0.326077,
        1.352683 -0.675467 0.326077,
        1.353754 -0.683259 0.307087,
        1.445917 -0.664108 0.307087,
        1.534613 -0.632585 0.307087,
        1.618191 -0.589279 0.307087,
        1.695093 -0.534995 0.307087,
        1.763888 -0.470745 0.307087,
        1.823293 -0.397727 0.307087,
        1.872202 -0.317299 0.307087,
        1.909704 -0.230961 0.307087,
        1.935100 -0.140320 0.307087,
        1.947918 -0.047066 0.307087,
        1.947918 0.047066 0.307087,
        1.935100 0.140320 0.307087,
        1.909704 0.230961 0.307087,
        1.872202 0.317299 0.307087,
        1.823293 0.397727 0.307087,
        1.763888 0.470745 0.307087,
        1.695093 0.534995 0.307087,
        1.618191 0.589279 0.307087,
        1.534613 0.632585 0.307087,
        1.445917 0.664108 0.307087,
        1.353754 0.683259 0.307087,
        1.259843 0.689683 0.307087,
        1.355458 -0.695656 0.290779,
        1.449293 -0.676157 0.290779,
        1.539598 -0.644062 0.290779,
        1.624693 -0.599970 0.290779,
        1.702990 -0.544702 0.290779,
        1.773033 -0.479286 0.290779,
        1.833516 -0.404943 0.290779,
        1.883312 -0.323056 0.290779,
        1.921495 -0.235151 0.290779,
        1.947352 -0.142866 0.290779,
        1.960402 -0.047920 0.290779,
        1.960402 0.047920 0.290779,
        1.947352 0.142866 0.290779,
        1.921495 0.235151 0.290779,
        1.883312 0.323056 0.290779,
        1.833516 0.404943 0.290779,
        1.773033 0.479286 0.290779,
        1.702990 0.544702 0.290779,
        1.624693 0.599970 0.290779,
        1.539598 0.644062 0.290779,
        1.449293 0.676157 0.290779,
        1.355458 0.695656 0.290779,
        1.259843 0.702196 0.290779,
        1.357679 -0.711812 0.278266,
        1.453693 -0.691860 0.278266,
        1.546095 -0.659020 0.278266,
        1.633166 -0.613904 0.278266,
        1.713282 -0.557352 0.278266,
        1.784951 -0.490417 0.278266,
        1.846839 -0.414347 0.278266,
        1.897792 -0.330559 0.278266,
        1.936861 -0.240612 0.278266,
        1.963319 -0.146184 0.278266,
        1.976672 -0.049032 0.278266,
        1.976672 0.049032 0.278266,
        1.963319 0.146184 0.278266,
        1.936861 0.240612 0.278266,
        1.897792 0.330559 0.278266,
        1.846839 0.414347 0.278266,
        1.784951 0.490417 0.278266,
        1.713282 0.557352 0.278266,
        1.633166 0.613904 0.278266,
        1.546095 0.659020 0.278266,
        1.453693 0.691860 0.278266,
        1.357679 0.711812 0.278266,
        1.259843 0.718504 0.278266,
        1.360265 -0.730626 0.270400,
        1.458816 -0.710146 0.270400,
        1.553661 -0.676438 0.270400,
        1.643033 -0.630130 0.270400,
        1.725267 -0.572083 0.270400,
        1.798830 -0.503379 0.270400,
        1.862353 -0.425298 0.270400,
        1.914653 -0.339295 0.270400,
        1.954755 -0.246972 0.270400,
        1.981912 -0.150048 0.270400,
        1.995618 -0.050328 0.270400,
        1.995618 0.050328 0.270400,
        1.981912 0.150048 0.270400,
        1.954755 0.246972 0.270400,
        1.914653 0.339295 0.270400,
        1.862353 0.425298 0.270400,
        1.798830 0.503379 0.270400,
        1.725267 0.572083 0.270400,
        1.643033 0.630130 0.270400,
        1.553661 0.676438 0.270400,
        1.458816 0.710146 0.270400,
        1.360265 0.730626 0.270400,
        1.259843 0.737494 0.270400,
        -1.352683 -0.675467 0.326077,
        -1.443794 -0.656533 0.326077,
        -1.531479 -0.625370 0.326077,
        -1.614104 -0.582557 0.326077,
        -1.690129 -0.528893 0.326077,
        -1.758139 -0.465376 0.326077,
        -1.816867 -0.393191 0.326077,
        -1.865218 -0.313680 0.326077,
        -1.902292 -0.228326 0.326077,
        -1.927399 -0.138720 0.326077,
        -1.940070 -0.046529 0.326077,
        -1.940070 0.046529 0.326077,
        -1.927399 0.138720 0.326077,
        -1.902292 0.228326 0.326077,
        -1.865218 0.313680 0.326077,
        -1.816867 0.393191 0.326077,
        -1.758139 0.465376 0.326077,
        -1.690129 0.528893 0.326077,
        -1.614104 0.582557 0.326077,
        -1.531479 0.625370 0.326077,
        -1.443794 0.656533 0.326077,
        -1.352683 0.675467 0.326077,
        -1.259843 0.681817 0.326077,
        -1.259843 0.689683 0.307087,
        -1.353754 0.683259 0.307087,
        -1.445917 0.664108 0.307087,
        -1.534613 0.632585 0.307087,
        -1.618191 0.589279 0.307087,
        -1.695093 0.534995 0.307087,
        -1.763888 0.470745 0.307087,
        -1.823293 0.397727 0.307087,
        -1.872202 0.317299 0.307087,
        -1.909704 0.230961 0.307087,
        -1.935100 0.140320 0.307087,
        -1.947918 0.047066 0.307087,
        -1.947918 -0.047066 0.307087,
        -1.935100 -0.140320 0.307087,
        -1.909704 -0.230961 0.307087,
        -1.872202 -0.317299 0.307087,
        -1.823293 -0.397727 0.307087,
        -1.763888 -0.470745 0.307087,
        -1.695093 -0.534995 0.307087,
        -1.618191 -0.589279 0.307087,
        -1.534613 -0.632585 0.307087,
        -1.445917 -0.664108 0.307087,
        -1.353754 -0.683259 0.307087,
        -1.259843 0.702196 0.290779,
        -1.355458 0.695656 0.290779,
        -1.449293 0.676157 0.290779,
        -1.539598 0.644062 0.290779,
        -1.624693 0.599970 0.290779,
        -1.702990 0.544702 0.290779,
        -1.773033 0.479286 0.290779,
        -1.833516 0.404943 0.290779,
        -1.883312 0.323056 0.290779,
        -1.921495 0.235151 0.290779,
        -1.947352 0.142866 0.290779,
        -1.960402 0.047920 0.290779,
        -1.960402 -0.047920 0.290779,
        -1.947352 -0.142866 0.290779,
        -1.921495 -0.235151 0.290779,
        -1.883312 -0.323056 0.290779,
        -1.833516 -0.404943 0.290779,
        -1.773033 -0.479286 0.290779,
        -1.702990 -0.544702 0.290779,
        -1.624693 -0.599970 0.290779,
        -1.539598 -0.644062 0.290779,
        -1.449293 -0.676157 0.290779,
        -1.355458 -0.695656 0.290779,
        -1.259843 0.718504 0.278266,
        -1.357679 0.711812 0.278266,
        -1.453693 0.691860 0.278266,
        -1.546095 0.659020 0.278266,
        -1.633166 0.613904 0.278266,
        -1.713282 0.557352 0.278266,
        -1.784951 0.490417 0.278266,
        -1.846839 0.414347 0.278266,
        -1.897792 0.330559 0.278266,
        -1.936861 0.240612 0.278266,
        -1.963319 0.146184 0.278266,
        -1.976672 0.049032 0.278266,
        -1.976672 -0.049032 0.278266,
        -1.963319 -0.146184 0.278266,
        -1.936861 -0.240612 0.278266,
        -1.897792 -0.330559 0.278266,
        -1.846839 -0.414347 0.278266,
        -1.784951 -0.490417 0.278266,
        -1.713282 -0.557352 0.278266,
        -1.633166 -0.613904 0.278266,
        -1.546095 -0.659020 0.278266,
        -1.453693 -0.691860 0.278266,
        -1.357679 -0.711812 0.278266,
        -1.259843 0.737494 0.270400,
        -1.360265 0.730626 0.270400,
        -1.458816 0.710146 0.270400,
        -1.553661 0.676438 0.270400,
        -1.643033 0.630130 0.270400,
        -1.725267 0.572083 0.270400,
        -1.798830 0.503379 0.270400,
        -1.862353 0.425298 0.270400,
        -1.914653 0.339295 0.270400,
        -1.954755 0.246972 0.270400,
        -1.981912 0.150048 0.270400,
        -1.995618 0.050328 0.270400,
        -1.995618 -0.050328 0.270400,
        -1.981912 -0.150048 0.270400,
        -1.954755 -0.246972 0.270400,
        -1.914653 -0.339295 0.270400,
        -1.862353 -0.425298 0.270400,
        -1.798830 -0.503379 0.270400,
        -1.725267 -0.572083 0.270400,
        -1.643033 -0.630130 0.270400,
        -1.553661 -0.676438 0.270400,
        -1.458816 -0.710146 0.270400,
        -1.360265 -0.730626 0.270400,
        0.900776 0.059854 -1.968504,
        0.887325 0.042323 -1.968504,
        0.878869 0.021908 -1.968504,
        0.875984 -0.000000 -1.968504,
        0.878869 -0.021908 -1.968504,
        0.887325 -0.042323 -1.968504,
        0.900776 -0.059854 -1.968504,
        0.918307 -0.073305 -1.968504,
        0.938722 -0.081761 -1.968504,
        0.938722 0.081761 -1.968504,
        0.918307 0.073305 -1.968504,
        0.960630 0.084646 -1.968504,
        0.982538 0.081761 -1.968504,
        1.002953 0.073305 -1.968504,
        1.020483 0.059854 -1.968504,
        1.033935 0.042323 -1.968504,
        1.042391 0.021908 -1.968504,
        1.045276 -0.000000 -1.968504,
        1.042391 -0.021908 -1.968504,
        1.033935 -0.042323 -1.968504,
        1.020483 -0.059854 -1.968504,
        1.002953 -0.073305 -1.968504,
        0.982538 -0.081761 -1.968504,
        0.960630 -0.084646 -1.968504,
        0.960630 -0.000000 -1.968504,
        -1.020483 0.059854 -1.968504,
        -1.033935 0.042323 -1.968504,
        -1.042391 0.021908 -1.968504,
        -1.045276 -0.000000 -1.968504,
        -1.042391 -0.021908 -1.968504,
        -1.033935 -0.042323 -1.968504,
        -1.020483 -0.059854 -1.968504,
        -1.002953 -0.073305 -1.968504,
        -0.982538 -0.081761 -1.968504,
        -0.982538 0.081761 -1.968504,
        -1.002953 0.073305 -1.968504,
        -0.960630 0.084646 -1.968504,
        -0.938722 0.081761 -1.968504,
        -0.918307 0.073305 -1.968504,
        -0.900776 0.059854 -1.968504,
        -0.887325 0.042323 -1.968504,
        -0.878869 0.021908 -1.968504,
        -0.875984 -0.000000 -1.968504,
        -0.878869 -0.021908 -1.968504,
        -0.887325 -0.042323 -1.968504,
        -0.900776 -0.059854 -1.968504,
        -0.918307 -0.073305 -1.968504,
        -0.938722 -0.081761 -1.968504,
        -0.960630 -0.084646 -1.968504,
        -0.960630 -0.000000 -1.968504,
      ]
    }
    coordIndex [
      0, 1, 2, -1,
      3, 4, 5, -1,
      2, 6, 7, -1,
      7, 6, 8, -1,
      8, 9, 7, -1,
      7, 9, 10, -1,
      7, 10, 11, -1,
      12, 13, 14, -1,
      14, 13, 15, -1,
      16, 17, 13, -1,
      13, 17, 18, -1,
      13, 18, 15, -1,
      19, 20, 21, -1,
      22, 23, 24, -1,
      25, 26, 24, -1,
      24, 26, 27, -1,
      24, 27, 2, -1,
      2, 27, 28, -1,
      2, 28, 6, -1,
      23, 29, 24, -1,
      24, 29, 30, -1,
      24, 30, 25, -1,
      31, 32, 21, -1,
      21, 32, 33, -1,
      21, 33, 19, -1,
      34, 35, 36, -1,
      36, 35, 37, -1,
      21, 38, 31, -1,
      31, 38, 39, -1,
      31, 39, 40, -1,
      40, 39, 37, -1,
      40, 37, 41, -1,
      41, 37, 35, -1,
      42, 43, 44, -1,
      45, 46, 47, -1,
      43, 48, 44, -1,
      44, 48, 49, -1,
      44, 49, 50, -1,
      50, 49, 51, -1,
      50, 51, 45, -1,
      45, 51, 52, -1,
      45, 52, 46, -1,
      53, 54, 44, -1,
      44, 54, 55, -1,
      44, 55, 42, -1,
      56, 57, 58, -1,
      4, 59, 5, -1,
      5, 59, 60, -1,
      5, 60, 61, -1,
      56, 58, 62, -1,
      57, 63, 58, -1,
      58, 63, 64, -1,
      58, 64, 65, -1,
      65, 64, 66, -1,
      65, 66, 54, -1,
      61, 67, 5, -1,
      5, 67, 68, -1,
      5, 68, 58, -1,
      58, 68, 69, -1,
      58, 69, 62, -1,
      70, 71, 72, -1,
      47, 73, 45, -1,
      45, 73, 72, -1,
      45, 72, 74, -1,
      74, 72, 71, -1,
      75, 76, 77, -1,
      77, 76, 78, -1,
      78, 76, 79, -1,
      78, 79, 72, -1,
      72, 79, 80, -1,
      72, 80, 81, -1,
      81, 82, 72, -1,
      72, 82, 83, -1,
      72, 83, 70, -1,
      53, 84, 54, -1,
      54, 84, 85, -1,
      54, 85, 65, -1,
      65, 85, 86, -1,
      65, 86, 87, -1,
      87, 88, 65, -1,
      65, 88, 89, -1,
      65, 89, 90, -1,
      90, 91, 65, -1,
      65, 91, 92, -1,
      65, 92, 93, -1,
      94, 95, 21, -1,
      21, 95, 96, -1,
      21, 96, 97, -1,
      97, 98, 21, -1,
      21, 98, 99, -1,
      21, 99, 100, -1,
      100, 101, 21, -1,
      21, 101, 102, -1,
      21, 102, 38, -1,
      103, 94, 24, -1,
      24, 94, 21, -1,
      24, 21, 22, -1,
      22, 21, 20, -1,
      2, 104, 24, -1,
      24, 104, 105, -1,
      24, 105, 106, -1,
      106, 107, 24, -1,
      24, 107, 108, -1,
      24, 108, 103, -1,
      109, 110, 104, -1,
      104, 110, 111, -1,
      104, 111, 105, -1,
      112, 113, 104, -1,
      104, 113, 114, -1,
      104, 114, 109, -1,
      2, 1, 104, -1,
      104, 1, 115, -1,
      104, 115, 112, -1,
      116, 117, 118, -1,
      118, 117, 119, -1,
      118, 119, 120, -1,
      116, 121, 122, -1,
      122, 123, 116, -1,
      116, 123, 124, -1,
      116, 124, 117, -1,
      117, 124, 125, -1,
      117, 125, 126, -1,
      126, 125, 127, -1,
      126, 127, 128, -1,
      128, 129, 126, -1,
      126, 129, 130, -1,
      126, 130, 131, -1,
      132, 133, 126, -1,
      126, 133, 134, -1,
      135, 136, 137, -1,
      137, 136, 138, -1,
      134, 139, 126, -1,
      126, 139, 138, -1,
      126, 138, 140, -1,
      140, 138, 136, -1,
      131, 141, 126, -1,
      126, 141, 142, -1,
      126, 142, 132, -1,
      143, 144, 145, -1,
      145, 144, 146, -1,
      147, 148, 149, -1,
      150, 151, 152, -1,
      152, 151, 153, -1,
      152, 153, 154, -1,
      148, 155, 149, -1,
      149, 155, 156, -1,
      149, 156, 157, -1,
      154, 158, 152, -1,
      152, 158, 159, -1,
      152, 159, 149, -1,
      149, 159, 160, -1,
      149, 160, 147, -1,
      161, 162, 163, -1,
      163, 162, 164, -1,
      162, 165, 164, -1,
      164, 165, 166, -1,
      164, 166, 152, -1,
      152, 166, 167, -1,
      152, 167, 150, -1,
      0, 168, 169, -1,
      169, 168, 170, -1,
      169, 170, 171, -1,
      171, 170, 163, -1,
      171, 163, 172, -1,
      172, 163, 164, -1,
      168, 173, 170, -1,
      170, 173, 174, -1,
      170, 174, 163, -1,
      163, 174, 118, -1,
      163, 118, 161, -1,
      161, 118, 120, -1,
      149, 175, 152, -1,
      152, 175, 176, -1,
      152, 176, 177, -1,
      178, 175, 179, -1,
      179, 175, 149, -1,
      179, 149, 180, -1,
      180, 149, 5, -1,
      180, 5, 177, -1,
      177, 5, 58, -1,
      177, 58, 152, -1,
      152, 58, 65, -1,
      152, 65, 164, -1,
      164, 65, 93, -1,
      164, 93, 172, -1,
      181, 182, 116, -1,
      181, 183, 182, -1,
      182, 183, 184, -1,
      182, 184, 174, -1,
      174, 184, 185, -1,
      174, 185, 118, -1,
      118, 185, 186, -1,
      118, 186, 116, -1,
      116, 186, 187, -1,
      116, 187, 181, -1,
      188, 189, 190, -1,
      190, 189, 184, -1,
      190, 184, 191, -1,
      191, 184, 183, -1,
      191, 183, 192, -1,
      192, 183, 193, -1,
      194, 195, 173, -1,
      173, 195, 196, -1,
      173, 196, 197, -1,
      198, 199, 182, -1,
      198, 200, 199, -1,
      199, 200, 201, -1,
      199, 201, 202, -1,
      202, 203, 199, -1,
      199, 203, 204, -1,
      199, 204, 205, -1,
      197, 206, 173, -1,
      173, 206, 207, -1,
      173, 207, 174, -1,
      174, 207, 208, -1,
      174, 208, 182, -1,
      182, 208, 209, -1,
      182, 209, 198, -1,
      205, 210, 199, -1,
      199, 210, 211, -1,
      199, 211, 173, -1,
      173, 211, 212, -1,
      173, 212, 194, -1,
      213, 214, 7, -1,
      11, 16, 7, -1,
      7, 16, 13, -1,
      7, 13, 213, -1,
      213, 13, 199, -1,
      0, 2, 168, -1,
      168, 2, 7, -1,
      168, 7, 173, -1,
      173, 7, 214, -1,
      173, 214, 215, -1,
      216, 217, 215, -1,
      215, 217, 218, -1,
      215, 218, 173, -1,
      173, 218, 219, -1,
      173, 219, 199, -1,
      199, 219, 220, -1,
      199, 220, 213, -1,
      157, 145, 149, -1,
      149, 145, 146, -1,
      149, 146, 5, -1,
      5, 146, 75, -1,
      5, 75, 3, -1,
      3, 75, 77, -1,
      12, 34, 13, -1,
      13, 34, 36, -1,
      13, 36, 199, -1,
      199, 36, 221, -1,
      199, 221, 182, -1,
      182, 221, 222, -1,
      182, 222, 116, -1,
      116, 222, 144, -1,
      116, 144, 121, -1,
      121, 144, 143, -1,
      223, 37, 39, -1,
      223, 39, 224, -1,
      224, 39, 38, -1,
      224, 38, 225, -1,
      225, 38, 102, -1,
      225, 102, 226, -1,
      102, 101, 226, -1,
      226, 101, 100, -1,
      226, 100, 227, -1,
      227, 100, 99, -1,
      227, 99, 228, -1,
      228, 99, 98, -1,
      228, 98, 229, -1,
      229, 98, 97, -1,
      229, 97, 230, -1,
      230, 97, 96, -1,
      230, 96, 231, -1,
      231, 96, 95, -1,
      231, 95, 232, -1,
      95, 94, 232, -1,
      232, 94, 103, -1,
      232, 103, 233, -1,
      103, 108, 233, -1,
      233, 108, 107, -1,
      233, 107, 234, -1,
      234, 107, 106, -1,
      234, 106, 235, -1,
      235, 106, 105, -1,
      235, 105, 236, -1,
      105, 111, 236, -1,
      236, 111, 110, -1,
      236, 110, 237, -1,
      237, 110, 109, -1,
      237, 109, 238, -1,
      238, 109, 114, -1,
      238, 114, 239, -1,
      114, 113, 239, -1,
      239, 113, 112, -1,
      239, 112, 240, -1,
      240, 112, 115, -1,
      240, 115, 241, -1,
      93, 92, 242, -1,
      115, 1, 241, -1,
      241, 1, 0, -1,
      0, 169, 241, -1,
      241, 169, 171, -1,
      241, 171, 242, -1,
      242, 171, 172, -1,
      242, 172, 93, -1,
      242, 92, 91, -1,
      242, 91, 243, -1,
      243, 91, 90, -1,
      243, 90, 244, -1,
      244, 90, 89, -1,
      244, 89, 245, -1,
      245, 89, 88, -1,
      245, 88, 246, -1,
      246, 88, 87, -1,
      246, 87, 247, -1,
      247, 87, 86, -1,
      247, 86, 248, -1,
      86, 85, 248, -1,
      248, 85, 84, -1,
      248, 84, 249, -1,
      249, 84, 53, -1,
      249, 53, 250, -1,
      250, 53, 44, -1,
      250, 44, 251, -1,
      44, 50, 251, -1,
      251, 50, 45, -1,
      251, 45, 252, -1,
      45, 74, 252, -1,
      252, 74, 71, -1,
      252, 71, 253, -1,
      253, 71, 70, -1,
      253, 70, 254, -1,
      254, 70, 83, -1,
      254, 83, 255, -1,
      255, 83, 82, -1,
      255, 82, 256, -1,
      256, 82, 81, -1,
      256, 81, 257, -1,
      257, 81, 80, -1,
      257, 80, 258, -1,
      258, 80, 79, -1,
      258, 79, 259, -1,
      259, 79, 76, -1,
      259, 76, 260, -1,
      260, 76, 75, -1,
      222, 223, 144, -1,
      144, 223, 260, -1,
      144, 260, 146, -1,
      146, 260, 75, -1,
      222, 221, 223, -1,
      223, 221, 36, -1,
      223, 36, 37, -1,
      255, 261, 254, -1,
      254, 261, 262, -1,
      254, 262, 253, -1,
      253, 262, 263, -1,
      253, 263, 252, -1,
      252, 263, 264, -1,
      252, 264, 251, -1,
      258, 265, 257, -1,
      257, 265, 266, -1,
      257, 266, 256, -1,
      256, 266, 267, -1,
      256, 267, 255, -1,
      255, 267, 268, -1,
      255, 268, 261, -1,
      264, 269, 251, -1,
      251, 269, 270, -1,
      251, 270, 250, -1,
      250, 270, 271, -1,
      250, 271, 249, -1,
      249, 271, 272, -1,
      249, 272, 248, -1,
      248, 272, 273, -1,
      248, 273, 247, -1,
      239, 274, 238, -1,
      238, 274, 275, -1,
      238, 275, 237, -1,
      237, 275, 276, -1,
      237, 276, 236, -1,
      276, 277, 236, -1,
      236, 277, 278, -1,
      236, 278, 235, -1,
      235, 278, 279, -1,
      235, 279, 234, -1,
      234, 279, 280, -1,
      234, 280, 233, -1,
      233, 280, 281, -1,
      233, 281, 232, -1,
      228, 282, 227, -1,
      227, 282, 283, -1,
      227, 283, 226, -1,
      226, 283, 284, -1,
      226, 284, 225, -1,
      273, 285, 247, -1,
      247, 285, 286, -1,
      247, 286, 246, -1,
      246, 286, 287, -1,
      246, 287, 245, -1,
      245, 287, 288, -1,
      245, 288, 244, -1,
      288, 289, 244, -1,
      244, 289, 290, -1,
      244, 290, 243, -1,
      243, 290, 291, -1,
      243, 291, 242, -1,
      242, 291, 292, -1,
      242, 292, 241, -1,
      241, 292, 293, -1,
      241, 293, 240, -1,
      240, 293, 294, -1,
      240, 294, 239, -1,
      239, 294, 295, -1,
      239, 295, 274, -1,
      281, 296, 232, -1,
      232, 296, 297, -1,
      232, 297, 231, -1,
      231, 297, 298, -1,
      231, 298, 230, -1,
      230, 298, 299, -1,
      230, 299, 229, -1,
      229, 299, 300, -1,
      229, 300, 228, -1,
      228, 300, 301, -1,
      228, 301, 282, -1,
      284, 302, 225, -1,
      225, 302, 303, -1,
      225, 303, 224, -1,
      224, 303, 304, -1,
      224, 304, 223, -1,
      223, 304, 305, -1,
      223, 305, 260, -1,
      260, 305, 306, -1,
      260, 306, 259, -1,
      259, 306, 307, -1,
      259, 307, 258, -1,
      258, 307, 308, -1,
      258, 308, 265, -1,
      309, 310, 311, -1,
      311, 310, 312, -1,
      311, 312, 313, -1,
      314, 315, 316, -1,
      316, 315, 317, -1,
      316, 317, 318, -1,
      318, 317, 319, -1,
      318, 319, 320, -1,
      320, 319, 321, -1,
      320, 321, 322, -1,
      322, 321, 323, -1,
      322, 323, 309, -1,
      309, 323, 324, -1,
      309, 324, 310, -1,
      313, 312, 325, -1,
      325, 312, 326, -1,
      325, 326, 327, -1,
      327, 326, 328, -1,
      327, 328, 329, -1,
      330, 331, 332, -1,
      332, 331, 333, -1,
      332, 333, 334, -1,
      334, 333, 335, -1,
      334, 335, 336, -1,
      336, 335, 337, -1,
      336, 337, 338, -1,
      338, 337, 329, -1,
      338, 329, 339, -1,
      339, 329, 328, -1,
      332, 340, 330, -1,
      330, 340, 341, -1,
      330, 341, 342, -1,
      342, 341, 343, -1,
      342, 343, 344, -1,
      344, 343, 345, -1,
      344, 345, 346, -1,
      345, 347, 346, -1,
      346, 347, 348, -1,
      346, 348, 349, -1,
      349, 348, 350, -1,
      349, 350, 351, -1,
      351, 350, 352, -1,
      351, 352, 353, -1,
      353, 352, 354, -1,
      353, 354, 355, -1,
      355, 354, 356, -1,
      355, 356, 357, -1,
      357, 356, 358, -1,
      357, 358, 359, -1,
      359, 358, 360, -1,
      359, 360, 361, -1,
      361, 360, 362, -1,
      361, 362, 363, -1,
      363, 362, 364, -1,
      363, 364, 365, -1,
      365, 364, 366, -1,
      365, 366, 367, -1,
      367, 366, 368, -1,
      367, 368, 369, -1,
      369, 368, 370, -1,
      369, 370, 371, -1,
      371, 370, 372, -1,
      371, 372, 373, -1,
      373, 372, 374, -1,
      373, 374, 375, -1,
      375, 374, 376, -1,
      375, 376, 377, -1,
      377, 376, 378, -1,
      377, 378, 379, -1,
      379, 378, 380, -1,
      379, 380, 381, -1,
      381, 380, 382, -1,
      381, 382, 383, -1,
      383, 382, 384, -1,
      385, 386, 384, -1,
      384, 386, 383, -1,
      387, 388, 389, -1,
      389, 388, 390, -1,
      389, 390, 391, -1,
      386, 385, 392, -1,
      392, 385, 393, -1,
      392, 393, 394, -1,
      394, 393, 395, -1,
      394, 395, 396, -1,
      396, 395, 397, -1,
      396, 397, 398, -1,
      398, 397, 399, -1,
      398, 399, 387, -1,
      387, 399, 400, -1,
      387, 400, 388, -1,
      391, 390, 401, -1,
      401, 390, 402, -1,
      401, 402, 403, -1,
      403, 402, 404, -1,
      403, 404, 405, -1,
      406, 407, 408, -1,
      408, 407, 409, -1,
      408, 409, 410, -1,
      410, 409, 411, -1,
      410, 411, 412, -1,
      412, 411, 413, -1,
      412, 413, 414, -1,
      414, 413, 405, -1,
      414, 405, 415, -1,
      415, 405, 404, -1,
      408, 416, 406, -1,
      406, 416, 417, -1,
      406, 417, 418, -1,
      418, 417, 419, -1,
      418, 419, 420, -1,
      420, 419, 421, -1,
      420, 421, 422, -1,
      421, 423, 422, -1,
      422, 423, 424, -1,
      422, 424, 425, -1,
      425, 424, 426, -1,
      425, 426, 427, -1,
      427, 426, 428, -1,
      427, 428, 429, -1,
      429, 428, 430, -1,
      429, 430, 431, -1,
      431, 430, 432, -1,
      431, 432, 433, -1,
      433, 432, 434, -1,
      433, 434, 435, -1,
      435, 434, 436, -1,
      435, 436, 437, -1,
      437, 436, 438, -1,
      437, 438, 439, -1,
      439, 438, 440, -1,
      439, 440, 441, -1,
      441, 440, 442, -1,
      441, 442, 443, -1,
      443, 442, 444, -1,
      443, 444, 445, -1,
      445, 444, 446, -1,
      445, 446, 447, -1,
      447, 446, 448, -1,
      447, 448, 449, -1,
      449, 448, 450, -1,
      449, 450, 451, -1,
      451, 450, 452, -1,
      451, 452, 453, -1,
      453, 452, 454, -1,
      453, 454, 455, -1,
      455, 454, 456, -1,
      455, 456, 457, -1,
      457, 456, 458, -1,
      457, 458, 459, -1,
      459, 458, 460, -1,
      315, 314, 460, -1,
      460, 314, 459, -1,
      461, 462, 463, -1,
      463, 462, 464, -1,
      463, 464, 465, -1,
      466, 467, 462, -1,
      468, 469, 464, -1,
      461, 470, 462, -1,
      462, 470, 471, -1,
      462, 471, 472, -1,
      473, 462, 474, -1,
      474, 462, 475, -1,
      473, 476, 462, -1,
      462, 476, 477, -1,
      462, 477, 478, -1,
      472, 479, 462, -1,
      462, 479, 480, -1,
      462, 480, 475, -1,
      478, 481, 462, -1,
      462, 481, 482, -1,
      462, 482, 466, -1,
      464, 483, 484, -1,
      485, 486, 464, -1,
      464, 486, 487, -1,
      464, 487, 468, -1,
      488, 489, 490, -1,
      490, 489, 491, -1,
      467, 492, 462, -1,
      462, 492, 489, -1,
      462, 489, 493, -1,
      493, 489, 488, -1,
      484, 494, 464, -1,
      464, 494, 495, -1,
      464, 495, 485, -1,
      469, 496, 464, -1,
      464, 496, 497, -1,
      464, 497, 498, -1,
      483, 464, 499, -1,
      499, 464, 500, -1,
      499, 500, 501, -1,
      498, 502, 464, -1,
      464, 502, 503, -1,
      464, 503, 465, -1,
      501, 504, 499, -1,
      499, 504, 505, -1,
      499, 505, 506, -1,
      318, 320, 507, -1,
      313, 325, 508, -1,
      337, 335, 509, -1,
      331, 330, 510, -1,
      351, 353, 511, -1,
      361, 363, 512, -1,
      369, 371, 513, -1,
      375, 377, 514, -1,
      465, 503, 515, -1,
      515, 503, 516, -1,
      515, 516, 517, -1,
      517, 516, 518, -1,
      517, 518, 519, -1,
      519, 518, 520, -1,
      519, 520, 521, -1,
      521, 520, 522, -1,
      521, 522, 523, -1,
      523, 522, 514, -1,
      497, 496, 524, -1,
      524, 496, 525, -1,
      524, 525, 526, -1,
      526, 525, 527, -1,
      526, 527, 528, -1,
      528, 527, 529, -1,
      528, 529, 530, -1,
      530, 529, 531, -1,
      530, 531, 532, -1,
      532, 531, 512, -1,
      468, 487, 533, -1,
      533, 487, 534, -1,
      533, 534, 535, -1,
      535, 534, 536, -1,
      535, 536, 537, -1,
      537, 536, 538, -1,
      537, 538, 539, -1,
      539, 538, 540, -1,
      539, 540, 541, -1,
      541, 540, 511, -1,
      495, 494, 542, -1,
      542, 494, 543, -1,
      542, 543, 544, -1,
      544, 543, 545, -1,
      544, 545, 546, -1,
      546, 545, 547, -1,
      546, 547, 548, -1,
      548, 547, 549, -1,
      548, 549, 550, -1,
      550, 549, 510, -1,
      499, 506, 551, -1,
      551, 506, 552, -1,
      551, 552, 553, -1,
      553, 552, 554, -1,
      553, 554, 555, -1,
      555, 554, 556, -1,
      555, 556, 557, -1,
      557, 556, 558, -1,
      557, 558, 559, -1,
      559, 558, 508, -1,
      504, 501, 560, -1,
      560, 501, 561, -1,
      560, 561, 562, -1,
      562, 561, 563, -1,
      562, 563, 564, -1,
      564, 563, 565, -1,
      564, 565, 566, -1,
      566, 565, 567, -1,
      566, 567, 568, -1,
      568, 567, 507, -1,
      463, 465, 569, -1,
      569, 465, 515, -1,
      569, 515, 570, -1,
      570, 515, 517, -1,
      570, 517, 571, -1,
      571, 517, 519, -1,
      571, 519, 572, -1,
      572, 519, 521, -1,
      572, 521, 573, -1,
      573, 521, 523, -1,
      573, 523, 383, -1,
      383, 523, 381, -1,
      514, 377, 523, -1,
      523, 377, 379, -1,
      523, 379, 381, -1,
      373, 375, 574, -1,
      574, 375, 514, -1,
      574, 514, 575, -1,
      575, 514, 522, -1,
      575, 522, 576, -1,
      576, 522, 520, -1,
      576, 520, 577, -1,
      577, 520, 518, -1,
      577, 518, 578, -1,
      578, 518, 516, -1,
      578, 516, 502, -1,
      502, 516, 503, -1,
      502, 498, 578, -1,
      578, 498, 579, -1,
      578, 579, 577, -1,
      577, 579, 580, -1,
      577, 580, 576, -1,
      576, 580, 581, -1,
      576, 581, 575, -1,
      575, 581, 582, -1,
      575, 582, 574, -1,
      574, 582, 513, -1,
      574, 513, 373, -1,
      373, 513, 371, -1,
      367, 369, 532, -1,
      532, 369, 513, -1,
      532, 513, 530, -1,
      530, 513, 582, -1,
      530, 582, 528, -1,
      528, 582, 581, -1,
      528, 581, 526, -1,
      526, 581, 580, -1,
      526, 580, 524, -1,
      524, 580, 579, -1,
      524, 579, 497, -1,
      497, 579, 498, -1,
      512, 363, 532, -1,
      532, 363, 365, -1,
      532, 365, 367, -1,
      359, 361, 583, -1,
      583, 361, 512, -1,
      583, 512, 584, -1,
      584, 512, 531, -1,
      584, 531, 585, -1,
      585, 531, 529, -1,
      585, 529, 586, -1,
      586, 529, 527, -1,
      586, 527, 587, -1,
      587, 527, 525, -1,
      587, 525, 469, -1,
      469, 525, 496, -1,
      469, 468, 587, -1,
      587, 468, 533, -1,
      587, 533, 586, -1,
      586, 533, 535, -1,
      586, 535, 585, -1,
      585, 535, 537, -1,
      585, 537, 584, -1,
      584, 537, 539, -1,
      584, 539, 583, -1,
      583, 539, 541, -1,
      583, 541, 359, -1,
      359, 541, 357, -1,
      511, 353, 541, -1,
      541, 353, 355, -1,
      541, 355, 357, -1,
      349, 351, 588, -1,
      588, 351, 511, -1,
      588, 511, 589, -1,
      589, 511, 540, -1,
      589, 540, 590, -1,
      590, 540, 538, -1,
      590, 538, 591, -1,
      591, 538, 536, -1,
      591, 536, 592, -1,
      592, 536, 534, -1,
      592, 534, 486, -1,
      486, 534, 487, -1,
      486, 485, 592, -1,
      592, 485, 593, -1,
      592, 593, 591, -1,
      591, 593, 594, -1,
      591, 594, 590, -1,
      590, 594, 595, -1,
      590, 595, 589, -1,
      589, 595, 596, -1,
      589, 596, 588, -1,
      588, 596, 597, -1,
      588, 597, 349, -1,
      349, 597, 346, -1,
      485, 495, 593, -1,
      593, 495, 542, -1,
      593, 542, 594, -1,
      594, 542, 544, -1,
      594, 544, 595, -1,
      595, 544, 546, -1,
      595, 546, 596, -1,
      596, 546, 548, -1,
      596, 548, 597, -1,
      597, 548, 550, -1,
      597, 550, 346, -1,
      346, 550, 344, -1,
      510, 330, 550, -1,
      550, 330, 342, -1,
      550, 342, 344, -1,
      333, 331, 598, -1,
      598, 331, 510, -1,
      598, 510, 599, -1,
      599, 510, 549, -1,
      599, 549, 600, -1,
      600, 549, 547, -1,
      600, 547, 601, -1,
      601, 547, 545, -1,
      601, 545, 602, -1,
      602, 545, 543, -1,
      602, 543, 484, -1,
      484, 543, 494, -1,
      484, 483, 602, -1,
      602, 483, 603, -1,
      602, 603, 601, -1,
      601, 603, 604, -1,
      601, 604, 600, -1,
      600, 604, 605, -1,
      600, 605, 599, -1,
      599, 605, 606, -1,
      599, 606, 598, -1,
      598, 606, 509, -1,
      598, 509, 333, -1,
      333, 509, 335, -1,
      329, 337, 559, -1,
      559, 337, 509, -1,
      559, 509, 557, -1,
      557, 509, 606, -1,
      557, 606, 555, -1,
      555, 606, 605, -1,
      555, 605, 553, -1,
      553, 605, 604, -1,
      553, 604, 551, -1,
      551, 604, 603, -1,
      551, 603, 499, -1,
      499, 603, 483, -1,
      508, 325, 559, -1,
      559, 325, 327, -1,
      559, 327, 329, -1,
      311, 313, 607, -1,
      607, 313, 508, -1,
      607, 508, 608, -1,
      608, 508, 558, -1,
      608, 558, 609, -1,
      609, 558, 556, -1,
      609, 556, 610, -1,
      610, 556, 554, -1,
      610, 554, 611, -1,
      611, 554, 552, -1,
      611, 552, 505, -1,
      505, 552, 506, -1,
      505, 504, 611, -1,
      611, 504, 560, -1,
      611, 560, 610, -1,
      610, 560, 562, -1,
      610, 562, 609, -1,
      609, 562, 564, -1,
      609, 564, 608, -1,
      608, 564, 566, -1,
      608, 566, 607, -1,
      607, 566, 568, -1,
      607, 568, 311, -1,
      311, 568, 309, -1,
      507, 320, 568, -1,
      568, 320, 322, -1,
      568, 322, 309, -1,
      316, 318, 612, -1,
      612, 318, 507, -1,
      612, 507, 613, -1,
      613, 507, 567, -1,
      613, 567, 614, -1,
      614, 567, 565, -1,
      614, 565, 615, -1,
      615, 565, 563, -1,
      615, 563, 616, -1,
      616, 563, 561, -1,
      616, 561, 500, -1,
      500, 561, 501, -1,
      500, 464, 616, -1,
      616, 464, 617, -1,
      616, 617, 615, -1,
      615, 617, 618, -1,
      615, 618, 614, -1,
      614, 618, 619, -1,
      614, 619, 613, -1,
      613, 619, 620, -1,
      613, 620, 612, -1,
      612, 620, 621, -1,
      612, 621, 316, -1,
      316, 621, 314, -1,
      461, 463, 569, -1,
      461, 569, 622, -1,
      622, 569, 570, -1,
      622, 570, 623, -1,
      623, 570, 571, -1,
      623, 571, 624, -1,
      624, 571, 572, -1,
      624, 572, 625, -1,
      625, 572, 573, -1,
      625, 573, 626, -1,
      626, 573, 383, -1,
      626, 383, 386, -1,
      464, 462, 627, -1,
      464, 627, 617, -1,
      617, 627, 628, -1,
      617, 628, 618, -1,
      618, 628, 629, -1,
      618, 629, 619, -1,
      619, 629, 630, -1,
      619, 630, 620, -1,
      620, 630, 631, -1,
      620, 631, 621, -1,
      621, 631, 459, -1,
      621, 459, 314, -1,
      394, 396, 632, -1,
      391, 401, 633, -1,
      413, 411, 634, -1,
      407, 406, 635, -1,
      427, 429, 636, -1,
      437, 439, 637, -1,
      445, 447, 638, -1,
      451, 453, 639, -1,
      493, 488, 640, -1,
      640, 488, 641, -1,
      640, 641, 642, -1,
      642, 641, 643, -1,
      642, 643, 644, -1,
      644, 643, 645, -1,
      644, 645, 646, -1,
      646, 645, 647, -1,
      646, 647, 648, -1,
      648, 647, 639, -1,
      489, 492, 649, -1,
      649, 492, 650, -1,
      649, 650, 651, -1,
      651, 650, 652, -1,
      651, 652, 653, -1,
      653, 652, 654, -1,
      653, 654, 655, -1,
      655, 654, 656, -1,
      655, 656, 657, -1,
      657, 656, 637, -1,
      466, 482, 658, -1,
      658, 482, 659, -1,
      658, 659, 660, -1,
      660, 659, 661, -1,
      660, 661, 662, -1,
      662, 661, 663, -1,
      662, 663, 664, -1,
      664, 663, 665, -1,
      664, 665, 666, -1,
      666, 665, 636, -1,
      477, 476, 667, -1,
      667, 476, 668, -1,
      667, 668, 669, -1,
      669, 668, 670, -1,
      669, 670, 671, -1,
      671, 670, 672, -1,
      671, 672, 673, -1,
      673, 672, 674, -1,
      673, 674, 675, -1,
      675, 674, 635, -1,
      475, 480, 676, -1,
      676, 480, 677, -1,
      676, 677, 678, -1,
      678, 677, 679, -1,
      678, 679, 680, -1,
      680, 679, 681, -1,
      680, 681, 682, -1,
      682, 681, 683, -1,
      682, 683, 684, -1,
      684, 683, 633, -1,
      472, 471, 685, -1,
      685, 471, 686, -1,
      685, 686, 687, -1,
      687, 686, 688, -1,
      687, 688, 689, -1,
      689, 688, 690, -1,
      689, 690, 691, -1,
      691, 690, 692, -1,
      691, 692, 693, -1,
      693, 692, 632, -1,
      462, 493, 627, -1,
      627, 493, 640, -1,
      627, 640, 628, -1,
      628, 640, 642, -1,
      628, 642, 629, -1,
      629, 642, 644, -1,
      629, 644, 630, -1,
      630, 644, 646, -1,
      630, 646, 631, -1,
      631, 646, 648, -1,
      631, 648, 459, -1,
      459, 648, 457, -1,
      639, 453, 648, -1,
      648, 453, 455, -1,
      648, 455, 457, -1,
      449, 451, 694, -1,
      694, 451, 639, -1,
      694, 639, 695, -1,
      695, 639, 647, -1,
      695, 647, 696, -1,
      696, 647, 645, -1,
      696, 645, 697, -1,
      697, 645, 643, -1,
      697, 643, 698, -1,
      698, 643, 641, -1,
      698, 641, 490, -1,
      490, 641, 488, -1,
      490, 491, 698, -1,
      698, 491, 699, -1,
      698, 699, 697, -1,
      697, 699, 700, -1,
      697, 700, 696, -1,
      696, 700, 701, -1,
      696, 701, 695, -1,
      695, 701, 702, -1,
      695, 702, 694, -1,
      694, 702, 638, -1,
      694, 638, 449, -1,
      449, 638, 447, -1,
      443, 445, 657, -1,
      657, 445, 638, -1,
      657, 638, 655, -1,
      655, 638, 702, -1,
      655, 702, 653, -1,
      653, 702, 701, -1,
      653, 701, 651, -1,
      651, 701, 700, -1,
      651, 700, 649, -1,
      649, 700, 699, -1,
      649, 699, 489, -1,
      489, 699, 491, -1,
      637, 439, 657, -1,
      657, 439, 441, -1,
      657, 441, 443, -1,
      435, 437, 703, -1,
      703, 437, 637, -1,
      703, 637, 704, -1,
      704, 637, 656, -1,
      704, 656, 705, -1,
      705, 656, 654, -1,
      705, 654, 706, -1,
      706, 654, 652, -1,
      706, 652, 707, -1,
      707, 652, 650, -1,
      707, 650, 467, -1,
      467, 650, 492, -1,
      467, 466, 707, -1,
      707, 466, 658, -1,
      707, 658, 706, -1,
      706, 658, 660, -1,
      706, 660, 705, -1,
      705, 660, 662, -1,
      705, 662, 704, -1,
      704, 662, 664, -1,
      704, 664, 703, -1,
      703, 664, 666, -1,
      703, 666, 435, -1,
      435, 666, 433, -1,
      636, 429, 666, -1,
      666, 429, 431, -1,
      666, 431, 433, -1,
      425, 427, 708, -1,
      708, 427, 636, -1,
      708, 636, 709, -1,
      709, 636, 665, -1,
      709, 665, 710, -1,
      710, 665, 663, -1,
      710, 663, 711, -1,
      711, 663, 661, -1,
      711, 661, 712, -1,
      712, 661, 659, -1,
      712, 659, 481, -1,
      481, 659, 482, -1,
      481, 478, 712, -1,
      712, 478, 713, -1,
      712, 713, 711, -1,
      711, 713, 714, -1,
      711, 714, 710, -1,
      710, 714, 715, -1,
      710, 715, 709, -1,
      709, 715, 716, -1,
      709, 716, 708, -1,
      708, 716, 717, -1,
      708, 717, 425, -1,
      425, 717, 422, -1,
      478, 477, 713, -1,
      713, 477, 667, -1,
      713, 667, 714, -1,
      714, 667, 669, -1,
      714, 669, 715, -1,
      715, 669, 671, -1,
      715, 671, 716, -1,
      716, 671, 673, -1,
      716, 673, 717, -1,
      717, 673, 675, -1,
      717, 675, 422, -1,
      422, 675, 420, -1,
      635, 406, 675, -1,
      675, 406, 418, -1,
      675, 418, 420, -1,
      409, 407, 718, -1,
      718, 407, 635, -1,
      718, 635, 719, -1,
      719, 635, 674, -1,
      719, 674, 720, -1,
      720, 674, 672, -1,
      720, 672, 721, -1,
      721, 672, 670, -1,
      721, 670, 722, -1,
      722, 670, 668, -1,
      722, 668, 473, -1,
      473, 668, 476, -1,
      473, 474, 722, -1,
      722, 474, 723, -1,
      722, 723, 721, -1,
      721, 723, 724, -1,
      721, 724, 720, -1,
      720, 724, 725, -1,
      720, 725, 719, -1,
      719, 725, 726, -1,
      719, 726, 718, -1,
      718, 726, 634, -1,
      718, 634, 409, -1,
      409, 634, 411, -1,
      405, 413, 684, -1,
      684, 413, 634, -1,
      684, 634, 682, -1,
      682, 634, 726, -1,
      682, 726, 680, -1,
      680, 726, 725, -1,
      680, 725, 678, -1,
      678, 725, 724, -1,
      678, 724, 676, -1,
      676, 724, 723, -1,
      676, 723, 475, -1,
      475, 723, 474, -1,
      633, 401, 684, -1,
      684, 401, 403, -1,
      684, 403, 405, -1,
      389, 391, 727, -1,
      727, 391, 633, -1,
      727, 633, 728, -1,
      728, 633, 683, -1,
      728, 683, 729, -1,
      729, 683, 681, -1,
      729, 681, 730, -1,
      730, 681, 679, -1,
      730, 679, 731, -1,
      731, 679, 677, -1,
      731, 677, 479, -1,
      479, 677, 480, -1,
      479, 472, 731, -1,
      731, 472, 685, -1,
      731, 685, 730, -1,
      730, 685, 687, -1,
      730, 687, 729, -1,
      729, 687, 689, -1,
      729, 689, 728, -1,
      728, 689, 691, -1,
      728, 691, 727, -1,
      727, 691, 693, -1,
      727, 693, 389, -1,
      389, 693, 387, -1,
      632, 396, 693, -1,
      693, 396, 398, -1,
      693, 398, 387, -1,
      392, 394, 732, -1,
      732, 394, 632, -1,
      732, 632, 733, -1,
      733, 632, 692, -1,
      733, 692, 734, -1,
      734, 692, 690, -1,
      734, 690, 735, -1,
      735, 690, 688, -1,
      735, 688, 736, -1,
      736, 688, 686, -1,
      736, 686, 470, -1,
      470, 686, 471, -1,
      470, 461, 736, -1,
      736, 461, 622, -1,
      736, 622, 735, -1,
      735, 622, 623, -1,
      735, 623, 734, -1,
      734, 623, 624, -1,
      734, 624, 733, -1,
      733, 624, 625, -1,
      733, 625, 732, -1,
      732, 625, 626, -1,
      732, 626, 392, -1,
      392, 626, 386, -1,
      293, 292, 737, -1,
      737, 292, 738, -1,
      737, 738, 739, -1,
      739, 738, 740, -1,
      739, 740, 741, -1,
      741, 740, 742, -1,
      741, 742, 743, -1,
      743, 742, 744, -1,
      743, 744, 745, -1,
      745, 744, 746, -1,
      745, 746, 384, -1,
      384, 746, 385, -1,
      747, 748, 460, -1,
      460, 458, 747, -1,
      747, 458, 456, -1,
      747, 456, 749, -1,
      456, 454, 749, -1,
      749, 454, 452, -1,
      749, 452, 750, -1,
      750, 452, 450, -1,
      750, 450, 751, -1,
      450, 448, 751, -1,
      751, 448, 446, -1,
      751, 446, 752, -1,
      752, 446, 444, -1,
      752, 444, 753, -1,
      444, 442, 753, -1,
      753, 442, 440, -1,
      753, 440, 754, -1,
      440, 438, 754, -1,
      754, 438, 436, -1,
      754, 436, 755, -1,
      755, 436, 434, -1,
      755, 434, 756, -1,
      434, 432, 756, -1,
      756, 432, 430, -1,
      756, 430, 757, -1,
      430, 428, 757, -1,
      757, 428, 426, -1,
      757, 426, 758, -1,
      426, 424, 758, -1,
      758, 424, 423, -1,
      758, 423, 759, -1,
      423, 421, 759, -1,
      759, 421, 419, -1,
      759, 419, 760, -1,
      760, 419, 417, -1,
      760, 417, 761, -1,
      417, 416, 761, -1,
      761, 416, 408, -1,
      761, 408, 762, -1,
      762, 408, 410, -1,
      762, 410, 763, -1,
      410, 412, 763, -1,
      763, 412, 414, -1,
      763, 414, 764, -1,
      414, 415, 764, -1,
      764, 415, 404, -1,
      764, 404, 765, -1,
      765, 404, 402, -1,
      765, 402, 766, -1,
      402, 390, 766, -1,
      766, 390, 388, -1,
      766, 388, 767, -1,
      388, 400, 767, -1,
      767, 400, 399, -1,
      767, 399, 768, -1,
      768, 399, 397, -1,
      768, 397, 769, -1,
      385, 746, 393, -1,
      393, 746, 769, -1,
      393, 769, 395, -1,
      395, 769, 397, -1,
      746, 744, 769, -1,
      769, 744, 770, -1,
      769, 770, 768, -1,
      768, 770, 771, -1,
      768, 771, 767, -1,
      767, 771, 772, -1,
      767, 772, 766, -1,
      766, 772, 773, -1,
      766, 773, 765, -1,
      765, 773, 774, -1,
      765, 774, 764, -1,
      764, 774, 775, -1,
      764, 775, 763, -1,
      763, 775, 776, -1,
      763, 776, 762, -1,
      762, 776, 777, -1,
      762, 777, 761, -1,
      761, 777, 778, -1,
      761, 778, 760, -1,
      760, 778, 779, -1,
      760, 779, 759, -1,
      759, 779, 780, -1,
      759, 780, 758, -1,
      758, 780, 781, -1,
      758, 781, 757, -1,
      757, 781, 782, -1,
      757, 782, 756, -1,
      756, 782, 783, -1,
      756, 783, 755, -1,
      755, 783, 784, -1,
      755, 784, 754, -1,
      754, 784, 785, -1,
      754, 785, 753, -1,
      753, 785, 786, -1,
      753, 786, 752, -1,
      752, 786, 787, -1,
      752, 787, 751, -1,
      751, 787, 788, -1,
      751, 788, 750, -1,
      750, 788, 789, -1,
      750, 789, 749, -1,
      749, 789, 790, -1,
      749, 790, 747, -1,
      747, 790, 791, -1,
      747, 791, 748, -1,
      748, 791, 792, -1,
      744, 742, 770, -1,
      770, 742, 793, -1,
      770, 793, 771, -1,
      771, 793, 794, -1,
      771, 794, 772, -1,
      772, 794, 795, -1,
      772, 795, 773, -1,
      773, 795, 796, -1,
      773, 796, 774, -1,
      774, 796, 797, -1,
      774, 797, 775, -1,
      775, 797, 798, -1,
      775, 798, 776, -1,
      776, 798, 799, -1,
      776, 799, 777, -1,
      777, 799, 800, -1,
      777, 800, 778, -1,
      778, 800, 801, -1,
      778, 801, 779, -1,
      779, 801, 802, -1,
      779, 802, 780, -1,
      780, 802, 803, -1,
      780, 803, 781, -1,
      781, 803, 804, -1,
      781, 804, 782, -1,
      782, 804, 805, -1,
      782, 805, 783, -1,
      783, 805, 806, -1,
      783, 806, 784, -1,
      784, 806, 807, -1,
      784, 807, 785, -1,
      785, 807, 808, -1,
      785, 808, 786, -1,
      786, 808, 809, -1,
      786, 809, 787, -1,
      787, 809, 810, -1,
      787, 810, 788, -1,
      788, 810, 811, -1,
      788, 811, 789, -1,
      789, 811, 812, -1,
      789, 812, 790, -1,
      790, 812, 813, -1,
      790, 813, 791, -1,
      791, 813, 814, -1,
      791, 814, 792, -1,
      792, 814, 815, -1,
      742, 740, 793, -1,
      793, 740, 816, -1,
      793, 816, 794, -1,
      794, 816, 817, -1,
      794, 817, 795, -1,
      795, 817, 818, -1,
      795, 818, 796, -1,
      796, 818, 819, -1,
      796, 819, 797, -1,
      797, 819, 820, -1,
      797, 820, 798, -1,
      798, 820, 821, -1,
      798, 821, 799, -1,
      799, 821, 822, -1,
      799, 822, 800, -1,
      800, 822, 823, -1,
      800, 823, 801, -1,
      801, 823, 824, -1,
      801, 824, 802, -1,
      802, 824, 825, -1,
      802, 825, 803, -1,
      803, 825, 826, -1,
      803, 826, 804, -1,
      804, 826, 827, -1,
      804, 827, 805, -1,
      805, 827, 828, -1,
      805, 828, 806, -1,
      806, 828, 829, -1,
      806, 829, 807, -1,
      807, 829, 830, -1,
      807, 830, 808, -1,
      808, 830, 831, -1,
      808, 831, 809, -1,
      809, 831, 832, -1,
      809, 832, 810, -1,
      810, 832, 833, -1,
      810, 833, 811, -1,
      811, 833, 834, -1,
      811, 834, 812, -1,
      812, 834, 835, -1,
      812, 835, 813, -1,
      813, 835, 836, -1,
      813, 836, 814, -1,
      814, 836, 837, -1,
      814, 837, 815, -1,
      815, 837, 838, -1,
      740, 738, 816, -1,
      816, 738, 839, -1,
      816, 839, 817, -1,
      817, 839, 840, -1,
      817, 840, 818, -1,
      818, 840, 841, -1,
      818, 841, 819, -1,
      819, 841, 842, -1,
      819, 842, 820, -1,
      820, 842, 843, -1,
      820, 843, 821, -1,
      821, 843, 844, -1,
      821, 844, 822, -1,
      822, 844, 845, -1,
      822, 845, 823, -1,
      823, 845, 846, -1,
      823, 846, 824, -1,
      824, 846, 847, -1,
      824, 847, 825, -1,
      825, 847, 848, -1,
      825, 848, 826, -1,
      826, 848, 849, -1,
      826, 849, 827, -1,
      827, 849, 850, -1,
      827, 850, 828, -1,
      828, 850, 851, -1,
      828, 851, 829, -1,
      829, 851, 852, -1,
      829, 852, 830, -1,
      830, 852, 853, -1,
      830, 853, 831, -1,
      831, 853, 854, -1,
      831, 854, 832, -1,
      832, 854, 855, -1,
      832, 855, 833, -1,
      833, 855, 856, -1,
      833, 856, 834, -1,
      834, 856, 857, -1,
      834, 857, 835, -1,
      835, 857, 858, -1,
      835, 858, 836, -1,
      836, 858, 859, -1,
      836, 859, 837, -1,
      837, 859, 860, -1,
      837, 860, 838, -1,
      838, 860, 861, -1,
      738, 292, 839, -1,
      839, 292, 291, -1,
      839, 291, 840, -1,
      840, 291, 290, -1,
      840, 290, 841, -1,
      841, 290, 289, -1,
      841, 289, 842, -1,
      842, 289, 288, -1,
      842, 288, 843, -1,
      843, 288, 287, -1,
      843, 287, 844, -1,
      844, 287, 286, -1,
      844, 286, 845, -1,
      845, 286, 285, -1,
      845, 285, 846, -1,
      846, 285, 273, -1,
      846, 273, 847, -1,
      847, 273, 272, -1,
      847, 272, 848, -1,
      848, 272, 271, -1,
      848, 271, 849, -1,
      849, 271, 270, -1,
      849, 270, 850, -1,
      850, 270, 269, -1,
      850, 269, 851, -1,
      851, 269, 264, -1,
      851, 264, 852, -1,
      852, 264, 263, -1,
      852, 263, 853, -1,
      853, 263, 262, -1,
      853, 262, 854, -1,
      854, 262, 261, -1,
      854, 261, 855, -1,
      855, 261, 268, -1,
      855, 268, 856, -1,
      856, 268, 267, -1,
      856, 267, 857, -1,
      857, 267, 266, -1,
      857, 266, 858, -1,
      858, 266, 265, -1,
      858, 265, 859, -1,
      859, 265, 308, -1,
      859, 308, 860, -1,
      860, 308, 307, -1,
      860, 307, 861, -1,
      861, 307, 306, -1,
      862, 745, 384, -1,
      384, 382, 862, -1,
      862, 382, 380, -1,
      862, 380, 863, -1,
      380, 378, 863, -1,
      863, 378, 376, -1,
      863, 376, 864, -1,
      864, 376, 374, -1,
      864, 374, 865, -1,
      374, 372, 865, -1,
      865, 372, 370, -1,
      865, 370, 866, -1,
      866, 370, 368, -1,
      866, 368, 867, -1,
      368, 366, 867, -1,
      867, 366, 364, -1,
      867, 364, 868, -1,
      364, 362, 868, -1,
      868, 362, 360, -1,
      868, 360, 869, -1,
      869, 360, 358, -1,
      869, 358, 870, -1,
      358, 356, 870, -1,
      870, 356, 354, -1,
      870, 354, 871, -1,
      354, 352, 871, -1,
      871, 352, 350, -1,
      871, 350, 872, -1,
      350, 348, 872, -1,
      872, 348, 347, -1,
      872, 347, 873, -1,
      347, 345, 873, -1,
      873, 345, 343, -1,
      873, 343, 874, -1,
      874, 343, 341, -1,
      874, 341, 875, -1,
      341, 340, 875, -1,
      875, 340, 332, -1,
      875, 332, 876, -1,
      876, 332, 334, -1,
      876, 334, 877, -1,
      334, 336, 877, -1,
      877, 336, 338, -1,
      877, 338, 878, -1,
      338, 339, 878, -1,
      878, 339, 328, -1,
      878, 328, 879, -1,
      879, 328, 326, -1,
      879, 326, 880, -1,
      326, 312, 880, -1,
      880, 312, 310, -1,
      880, 310, 881, -1,
      310, 324, 881, -1,
      881, 324, 323, -1,
      881, 323, 882, -1,
      882, 323, 321, -1,
      882, 321, 883, -1,
      315, 884, 317, -1,
      317, 884, 883, -1,
      317, 883, 319, -1,
      319, 883, 321, -1,
      884, 885, 883, -1,
      883, 885, 886, -1,
      883, 886, 882, -1,
      882, 886, 887, -1,
      882, 887, 881, -1,
      881, 887, 888, -1,
      881, 888, 880, -1,
      880, 888, 889, -1,
      880, 889, 879, -1,
      879, 889, 890, -1,
      879, 890, 878, -1,
      878, 890, 891, -1,
      878, 891, 877, -1,
      877, 891, 892, -1,
      877, 892, 876, -1,
      876, 892, 893, -1,
      876, 893, 875, -1,
      875, 893, 894, -1,
      875, 894, 874, -1,
      874, 894, 895, -1,
      874, 895, 873, -1,
      873, 895, 896, -1,
      873, 896, 872, -1,
      872, 896, 897, -1,
      872, 897, 871, -1,
      871, 897, 898, -1,
      871, 898, 870, -1,
      870, 898, 899, -1,
      870, 899, 869, -1,
      869, 899, 900, -1,
      869, 900, 868, -1,
      868, 900, 901, -1,
      868, 901, 867, -1,
      867, 901, 902, -1,
      867, 902, 866, -1,
      866, 902, 903, -1,
      866, 903, 865, -1,
      865, 903, 904, -1,
      865, 904, 864, -1,
      864, 904, 905, -1,
      864, 905, 863, -1,
      863, 905, 906, -1,
      863, 906, 862, -1,
      862, 906, 907, -1,
      862, 907, 745, -1,
      745, 907, 743, -1,
      885, 908, 886, -1,
      886, 908, 909, -1,
      886, 909, 887, -1,
      887, 909, 910, -1,
      887, 910, 888, -1,
      888, 910, 911, -1,
      888, 911, 889, -1,
      889, 911, 912, -1,
      889, 912, 890, -1,
      890, 912, 913, -1,
      890, 913, 891, -1,
      891, 913, 914, -1,
      891, 914, 892, -1,
      892, 914, 915, -1,
      892, 915, 893, -1,
      893, 915, 916, -1,
      893, 916, 894, -1,
      894, 916, 917, -1,
      894, 917, 895, -1,
      895, 917, 918, -1,
      895, 918, 896, -1,
      896, 918, 919, -1,
      896, 919, 897, -1,
      897, 919, 920, -1,
      897, 920, 898, -1,
      898, 920, 921, -1,
      898, 921, 899, -1,
      899, 921, 922, -1,
      899, 922, 900, -1,
      900, 922, 923, -1,
      900, 923, 901, -1,
      901, 923, 924, -1,
      901, 924, 902, -1,
      902, 924, 925, -1,
      902, 925, 903, -1,
      903, 925, 926, -1,
      903, 926, 904, -1,
      904, 926, 927, -1,
      904, 927, 905, -1,
      905, 927, 928, -1,
      905, 928, 906, -1,
      906, 928, 929, -1,
      906, 929, 907, -1,
      907, 929, 930, -1,
      907, 930, 743, -1,
      743, 930, 741, -1,
      908, 931, 909, -1,
      909, 931, 932, -1,
      909, 932, 910, -1,
      910, 932, 933, -1,
      910, 933, 911, -1,
      911, 933, 934, -1,
      911, 934, 912, -1,
      912, 934, 935, -1,
      912, 935, 913, -1,
      913, 935, 936, -1,
      913, 936, 914, -1,
      914, 936, 937, -1,
      914, 937, 915, -1,
      915, 937, 938, -1,
      915, 938, 916, -1,
      916, 938, 939, -1,
      916, 939, 917, -1,
      917, 939, 940, -1,
      917, 940, 918, -1,
      918, 940, 941, -1,
      918, 941, 919, -1,
      919, 941, 942, -1,
      919, 942, 920, -1,
      920, 942, 943, -1,
      920, 943, 921, -1,
      921, 943, 944, -1,
      921, 944, 922, -1,
      922, 944, 945, -1,
      922, 945, 923, -1,
      923, 945, 946, -1,
      923, 946, 924, -1,
      924, 946, 947, -1,
      924, 947, 925, -1,
      925, 947, 948, -1,
      925, 948, 926, -1,
      926, 948, 949, -1,
      926, 949, 927, -1,
      927, 949, 950, -1,
      927, 950, 928, -1,
      928, 950, 951, -1,
      928, 951, 929, -1,
      929, 951, 952, -1,
      929, 952, 930, -1,
      930, 952, 953, -1,
      930, 953, 741, -1,
      741, 953, 739, -1,
      931, 954, 932, -1,
      932, 954, 955, -1,
      932, 955, 933, -1,
      933, 955, 956, -1,
      933, 956, 934, -1,
      934, 956, 957, -1,
      934, 957, 935, -1,
      935, 957, 958, -1,
      935, 958, 936, -1,
      936, 958, 959, -1,
      936, 959, 937, -1,
      937, 959, 960, -1,
      937, 960, 938, -1,
      938, 960, 961, -1,
      938, 961, 939, -1,
      939, 961, 962, -1,
      939, 962, 940, -1,
      940, 962, 963, -1,
      940, 963, 941, -1,
      941, 963, 964, -1,
      941, 964, 942, -1,
      942, 964, 965, -1,
      942, 965, 943, -1,
      943, 965, 966, -1,
      943, 966, 944, -1,
      944, 966, 967, -1,
      944, 967, 945, -1,
      945, 967, 968, -1,
      945, 968, 946, -1,
      946, 968, 969, -1,
      946, 969, 947, -1,
      947, 969, 970, -1,
      947, 970, 948, -1,
      948, 970, 971, -1,
      948, 971, 949, -1,
      949, 971, 972, -1,
      949, 972, 950, -1,
      950, 972, 973, -1,
      950, 973, 951, -1,
      951, 973, 974, -1,
      951, 974, 952, -1,
      952, 974, 975, -1,
      952, 975, 953, -1,
      953, 975, 976, -1,
      953, 976, 739, -1,
      739, 976, 737, -1,
      954, 305, 955, -1,
      955, 305, 304, -1,
      955, 304, 956, -1,
      956, 304, 303, -1,
      956, 303, 957, -1,
      957, 303, 302, -1,
      957, 302, 958, -1,
      958, 302, 284, -1,
      958, 284, 959, -1,
      959, 284, 283, -1,
      959, 283, 960, -1,
      960, 283, 282, -1,
      960, 282, 961, -1,
      961, 282, 301, -1,
      961, 301, 962, -1,
      962, 301, 300, -1,
      962, 300, 963, -1,
      963, 300, 299, -1,
      963, 299, 964, -1,
      964, 299, 298, -1,
      964, 298, 965, -1,
      965, 298, 297, -1,
      965, 297, 966, -1,
      966, 297, 296, -1,
      966, 296, 967, -1,
      967, 296, 281, -1,
      967, 281, 968, -1,
      968, 281, 280, -1,
      968, 280, 969, -1,
      969, 280, 279, -1,
      969, 279, 970, -1,
      970, 279, 278, -1,
      970, 278, 971, -1,
      971, 278, 277, -1,
      971, 277, 972, -1,
      972, 277, 276, -1,
      972, 276, 973, -1,
      973, 276, 275, -1,
      973, 275, 974, -1,
      974, 275, 274, -1,
      974, 274, 975, -1,
      975, 274, 295, -1,
      975, 295, 976, -1,
      976, 295, 294, -1,
      976, 294, 737, -1,
      737, 294, 293, -1,
      306, 305, 861, -1,
      861, 305, 954, -1,
      861, 954, 838, -1,
      838, 954, 931, -1,
      838, 931, 815, -1,
      815, 931, 908, -1,
      815, 908, 792, -1,
      792, 908, 885, -1,
      792, 885, 748, -1,
      748, 885, 884, -1,
      748, 884, 460, -1,
      460, 884, 315, -1,
      59, 977, 60, -1,
      60, 977, 978, -1,
      60, 978, 61, -1,
      61, 978, 979, -1,
      61, 979, 67, -1,
      67, 979, 980, -1,
      67, 980, 68, -1,
      68, 980, 981, -1,
      68, 981, 69, -1,
      69, 981, 982, -1,
      69, 982, 62, -1,
      62, 982, 983, -1,
      62, 983, 56, -1,
      56, 983, 984, -1,
      56, 984, 57, -1,
      57, 984, 985, -1,
      57, 985, 63, -1,
      4, 986, 59, -1,
      59, 986, 987, -1,
      59, 987, 977, -1,
      4, 3, 986, -1,
      986, 3, 77, -1,
      986, 77, 988, -1,
      988, 77, 78, -1,
      988, 78, 989, -1,
      989, 78, 72, -1,
      989, 72, 990, -1,
      72, 73, 990, -1,
      990, 73, 47, -1,
      990, 47, 991, -1,
      991, 47, 46, -1,
      991, 46, 992, -1,
      992, 46, 52, -1,
      992, 52, 993, -1,
      993, 52, 51, -1,
      993, 51, 994, -1,
      994, 51, 49, -1,
      994, 49, 995, -1,
      995, 49, 48, -1,
      995, 48, 996, -1,
      996, 48, 43, -1,
      996, 43, 997, -1,
      997, 43, 42, -1,
      997, 42, 998, -1,
      998, 42, 55, -1,
      998, 55, 999, -1,
      999, 55, 54, -1,
      999, 54, 1000, -1,
      1000, 54, 66, -1,
      1000, 66, 985, -1,
      985, 66, 64, -1,
      985, 64, 63, -1,
      982, 981, 1001, -1,
      1001, 981, 980, -1,
      1001, 980, 979, -1,
      985, 984, 1001, -1,
      1001, 984, 983, -1,
      1001, 983, 982, -1,
      998, 999, 1001, -1,
      1001, 999, 1000, -1,
      1001, 1000, 985, -1,
      995, 996, 1001, -1,
      1001, 996, 997, -1,
      1001, 997, 998, -1,
      992, 993, 1001, -1,
      1001, 993, 994, -1,
      1001, 994, 995, -1,
      989, 990, 1001, -1,
      1001, 990, 991, -1,
      1001, 991, 992, -1,
      987, 986, 1001, -1,
      1001, 986, 988, -1,
      1001, 988, 989, -1,
      979, 978, 1001, -1,
      1001, 978, 977, -1,
      1001, 977, 987, -1,
      32, 1002, 33, -1,
      33, 1002, 1003, -1,
      33, 1003, 19, -1,
      19, 1003, 1004, -1,
      19, 1004, 20, -1,
      20, 1004, 1005, -1,
      20, 1005, 22, -1,
      22, 1005, 1006, -1,
      22, 1006, 23, -1,
      23, 1006, 1007, -1,
      23, 1007, 29, -1,
      29, 1007, 1008, -1,
      29, 1008, 30, -1,
      30, 1008, 1009, -1,
      30, 1009, 25, -1,
      25, 1009, 1010, -1,
      25, 1010, 26, -1,
      31, 1011, 32, -1,
      32, 1011, 1012, -1,
      32, 1012, 1002, -1,
      31, 40, 1011, -1,
      1011, 40, 41, -1,
      1011, 41, 1013, -1,
      1013, 41, 35, -1,
      1013, 35, 1014, -1,
      1014, 35, 34, -1,
      1014, 34, 1015, -1,
      34, 12, 1015, -1,
      1015, 12, 14, -1,
      1015, 14, 1016, -1,
      1016, 14, 15, -1,
      1016, 15, 1017, -1,
      1017, 15, 18, -1,
      1017, 18, 1018, -1,
      1018, 18, 17, -1,
      1018, 17, 1019, -1,
      1019, 17, 16, -1,
      1019, 16, 1020, -1,
      1020, 16, 11, -1,
      1020, 11, 1021, -1,
      1021, 11, 10, -1,
      1021, 10, 1022, -1,
      1022, 10, 9, -1,
      1022, 9, 1023, -1,
      1023, 9, 8, -1,
      1023, 8, 1024, -1,
      1024, 8, 6, -1,
      1024, 6, 1025, -1,
      1025, 6, 28, -1,
      1025, 28, 1010, -1,
      1010, 28, 27, -1,
      1010, 27, 26, -1,
      1017, 1018, 1026, -1,
      1026, 1018, 1019, -1,
      1026, 1019, 1020, -1,
      1014, 1015, 1026, -1,
      1026, 1015, 1016, -1,
      1026, 1016, 1017, -1,
      1012, 1011, 1026, -1,
      1026, 1011, 1013, -1,
      1026, 1013, 1014, -1,
      1004, 1003, 1026, -1,
      1026, 1003, 1002, -1,
      1026, 1002, 1012, -1,
      1007, 1006, 1026, -1,
      1026, 1006, 1005, -1,
      1026, 1005, 1004, -1,
      1010, 1009, 1026, -1,
      1026, 1009, 1008, -1,
      1026, 1008, 1007, -1,
      1023, 1024, 1026, -1,
      1026, 1024, 1025, -1,
      1026, 1025, 1010, -1,
      1020, 1021, 1026, -1,
      1026, 1021, 1022, -1,
      1026, 1022, 1023, -1,
    ]
  }
}

Shape {
  appearance Appearance {
    material Material {
      diffuseColor 0.2510 0.2510 0.2510
      specularColor 0.1255 0.1255 0.1255
      ambientIntensity 0.2
      transparency 0.0000
      shininess 0.5
    }
  }
  geometry IndexedFaceSet {
    ccw TRUE
    solid FALSE
    coord DEF co Coordinate {
      point [
        0.042373 -0.057159 0.000000,
        0.042373 -0.074444 0.000000,
        0.059159 -0.081337 0.000000,
        0.065517 0.075835 0.000000,
        0.060580 0.075494 0.000000,
        0.042373 0.070553 0.000000,
        0.042373 0.049428 0.000000,
        0.060111 0.057024 0.000000,
        0.045195 -0.058723 0.000000,
        0.079252 0.059510 0.000000,
        0.094759 0.057769 0.000000,
        0.106546 0.053515 0.000000,
        0.117446 0.046223 0.000000,
        0.126956 0.035724 0.000000,
        0.138398 -0.005546 0.000000,
        0.136803 -0.022594 0.000000,
        0.132524 -0.036140 0.000000,
        0.097482 -0.065594 0.000000,
        0.082793 -0.067242 0.000000,
        0.108957 -0.061370 0.000000,
        0.118622 -0.054856 0.000000,
        0.126011 -0.047060 0.000000,
        0.061889 -0.064922 0.000000,
        0.133449 0.023565 0.000000,
        0.137646 0.006707 0.000000,
        0.079432 0.076795 0.000000,
        0.091195 0.075835 0.000000,
        0.151212 0.033396 0.000000,
        0.141981 0.048120 0.000000,
        0.120375 -0.077260 0.000000,
        0.133043 -0.069171 0.000000,
        0.144871 -0.056718 0.000000,
        0.153261 -0.041744 0.000000,
        0.127764 0.061793 0.000000,
        0.112806 0.070403 0.000000,
        0.095250 0.075504 0.000000,
        0.158000 -0.025075 0.000000,
        0.159523 -0.006837 0.000000,
        0.157257 0.015552 0.000000,
        0.075072 -0.083566 0.000000,
        0.081398 -0.084453 0.000000,
        0.085704 -0.084526 0.000000,
        0.094965 -0.083566 0.000000,
        0.105111 -0.082514 0.000000,
        0.172967 -0.065322 0.000000,
        0.172967 -0.082606 0.000000,
        0.253627 -0.082606 0.000000,
        0.232502 -0.065322 0.000000,
        0.232502 0.074874 0.000000,
        0.253627 0.074874 0.000000,
        -0.069015 0.074874 0.000000,
        -0.069015 0.057590 0.000000,
        -0.072857 -0.065322 0.000000,
        -0.072857 -0.082606 0.000000,
        0.011645 -0.082606 0.000000,
        0.011645 0.074874 0.000000,
        -0.009480 -0.011548 0.000000,
        -0.009480 -0.065322 0.000000,
        -0.065174 -0.011548 0.000000,
        -0.065174 0.005737 0.000000,
        -0.009480 0.005737 0.000000,
        -0.009480 0.057590 0.000000,
        -0.222473 -0.039444 0.000000,
        -0.213442 -0.053530 0.000000,
        -0.200480 -0.065941 0.000000,
        -0.184037 -0.075496 0.000000,
        -0.148026 0.074874 0.000000,
        -0.170777 0.072442 0.000000,
        -0.189203 0.065972 0.000000,
        -0.206343 0.054485 0.000000,
        -0.206508 0.054341 0.000000,
        -0.217644 0.041992 0.000000,
        -0.224963 0.028449 0.000000,
        -0.165891 -0.080905 0.000000,
        -0.146406 -0.082606 0.000000,
        -0.103584 -0.082606 0.000000,
        -0.103584 0.074874 0.000000,
        -0.229193 0.012933 0.000000,
        -0.230337 -0.001885 0.000000,
        -0.228127 -0.022961 0.000000,
        -0.322520 0.074874 0.000000,
        -0.383976 -0.082606 0.000000,
        -0.360930 -0.082606 0.000000,
        -0.344996 -0.038435 0.000000,
        -0.279939 -0.038435 0.000000,
        -0.264906 -0.082606 0.000000,
        -0.241860 -0.082606 0.000000,
        -0.301395 0.074874 0.000000,
        -0.322520 0.074874 0.000394,
        -0.383976 -0.082606 0.000394,
        -0.360930 -0.082606 0.000394,
        -0.344996 -0.038435 0.000394,
        -0.279939 -0.038435 0.000394,
        -0.264906 -0.082606 0.000394,
        -0.241860 -0.082606 0.000394,
        -0.301395 0.074874 0.000394,
        -0.285251 -0.021150 0.000394,
        -0.337915 -0.021150 0.000394,
        -0.308747 0.044626 0.000394,
        -0.310263 0.050088 0.000394,
        -0.311268 0.055669 0.000394,
        -0.311778 0.055669 0.000394,
        -0.312806 0.050105 0.000394,
        -0.314208 0.044626 0.000394,
        -0.285251 -0.021150 0.000000,
        -0.337915 -0.021150 0.000000,
        -0.308747 0.044626 0.000000,
        -0.310263 0.050088 -0.000000,
        -0.311268 0.055669 0.000000,
        -0.311778 0.055669 0.000000,
        -0.312806 0.050105 0.000000,
        -0.314208 0.044626 0.000000,
        -0.146406 -0.082606 0.000394,
        -0.103584 -0.082606 0.000394,
        -0.103584 0.074874 0.000394,
        -0.148026 0.074874 0.000394,
        -0.230337 -0.001885 0.000394,
        -0.229193 0.012933 0.000394,
        -0.224963 0.028449 0.000394,
        -0.217644 0.041992 0.000394,
        -0.206508 0.054341 0.000394,
        -0.206343 0.054485 0.000394,
        -0.189203 0.065972 0.000394,
        -0.170777 0.072442 0.000394,
        -0.165891 -0.080905 0.000394,
        -0.184037 -0.075496 0.000394,
        -0.200480 -0.065941 0.000394,
        -0.213442 -0.053530 0.000394,
        -0.222473 -0.039444 0.000394,
        -0.228127 -0.022961 0.000394,
        -0.198726 0.035506 0.000394,
        -0.191077 0.043628 0.000394,
        -0.179574 0.051059 0.000394,
        -0.166575 0.055608 0.000394,
        -0.147936 0.057590 0.000394,
        -0.124710 0.057590 0.000394,
        -0.124710 -0.065322 0.000394,
        -0.147065 -0.065322 0.000394,
        -0.163680 -0.063775 0.000394,
        -0.176932 -0.059639 0.000394,
        -0.187672 -0.053261 0.000394,
        -0.196505 -0.044537 0.000394,
        -0.203147 -0.033679 0.000394,
        -0.207766 -0.018876 0.000394,
        -0.209211 -0.002335 0.000394,
        -0.207874 0.013338 0.000394,
        -0.204197 0.025793 0.000394,
        -0.147936 0.057590 0.000000,
        -0.124710 0.057590 0.000000,
        -0.166575 0.055608 0.000000,
        -0.179574 0.051059 0.000000,
        -0.191077 0.043628 0.000000,
        -0.198726 0.035506 0.000000,
        -0.204197 0.025793 0.000000,
        -0.207874 0.013338 0.000000,
        -0.209211 -0.002335 0.000000,
        -0.207766 -0.018876 -0.000000,
        -0.203147 -0.033679 0.000000,
        -0.196505 -0.044537 -0.000000,
        -0.187672 -0.053261 -0.000000,
        -0.176932 -0.059639 -0.000000,
        -0.163680 -0.063775 -0.000000,
        -0.147065 -0.065322 -0.000000,
        -0.124710 -0.065322 0.000000,
        -0.072857 -0.065322 0.000394,
        -0.072857 -0.082606 0.000394,
        0.011645 -0.082606 0.000394,
        0.011645 0.074874 0.000394,
        -0.069015 0.074874 0.000394,
        -0.069015 0.057590 0.000394,
        -0.009480 0.057590 0.000394,
        -0.009480 0.005737 0.000394,
        -0.065174 0.005737 0.000394,
        -0.065174 -0.011548 0.000394,
        -0.009480 -0.011548 0.000394,
        -0.009480 -0.065322 0.000394,
        0.042373 -0.057159 0.000394,
        0.042373 -0.074444 0.000394,
        0.059159 -0.081337 0.000394,
        0.085704 -0.084526 0.000394,
        0.081398 -0.084453 0.000394,
        0.105111 -0.082514 0.000394,
        0.120375 -0.077260 0.000394,
        0.133043 -0.069171 0.000394,
        0.144871 -0.056718 0.000394,
        0.153261 -0.041744 0.000394,
        0.158000 -0.025075 0.000394,
        0.159523 -0.006837 0.000394,
        0.095250 0.075504 0.000394,
        0.079432 0.076795 0.000394,
        0.112806 0.070403 0.000394,
        0.127764 0.061793 0.000394,
        0.141981 0.048120 0.000394,
        0.151212 0.033396 0.000394,
        0.157257 0.015552 0.000394,
        0.060580 0.075494 0.000394,
        0.042373 0.070553 0.000394,
        0.042373 0.049428 0.000394,
        0.079252 0.059510 0.000394,
        0.060111 0.057024 0.000394,
        0.138398 -0.005546 0.000394,
        0.137646 0.006707 0.000394,
        0.133449 0.023565 0.000394,
        0.126956 0.035724 0.000394,
        0.117446 0.046223 0.000394,
        0.106546 0.053515 0.000394,
        0.094759 0.057769 0.000394,
        0.082793 -0.067242 0.000394,
        0.097482 -0.065594 0.000394,
        0.108957 -0.061370 0.000394,
        0.118622 -0.054856 0.000394,
        0.126011 -0.047060 0.000394,
        0.132524 -0.036140 0.000394,
        0.136803 -0.022594 0.000394,
        0.045195 -0.058723 0.000394,
        0.061889 -0.064922 0.000394,
        0.172967 -0.065322 0.000394,
        0.172967 -0.082606 0.000394,
        0.253627 -0.082606 0.000394,
        0.253627 0.074874 0.000394,
        0.232502 0.074874 0.000394,
        0.232502 -0.065322 0.000394,
      ]
    }
    coordIndex [
      88, 89, 80, -1,
      80, 89, 81, -1,
      89, 90, 81, -1,
      81, 90, 82, -1,
      90, 91, 82, -1,
      82, 91, 83, -1,
      91, 92, 83, -1,
      83, 92, 84, -1,
      92, 93, 84, -1,
      84, 93, 85, -1,
      93, 94, 85, -1,
      85, 94, 86, -1,
      94, 95, 86, -1,
      86, 95, 87, -1,
      95, 88, 87, -1,
      87, 88, 80, -1,
      96, 92, 97, -1,
      97, 92, 91, -1,
      98, 95, 96, -1,
      96, 95, 94, -1,
      96, 94, 92, -1,
      92, 94, 93, -1,
      98, 99, 95, -1,
      95, 99, 100, -1,
      95, 100, 88, -1,
      88, 100, 101, -1,
      88, 101, 102, -1,
      102, 103, 88, -1,
      88, 103, 97, -1,
      88, 97, 89, -1,
      89, 97, 91, -1,
      89, 91, 90, -1,
      96, 97, 104, -1,
      104, 97, 105, -1,
      98, 96, 106, -1,
      106, 96, 104, -1,
      98, 106, 107, -1,
      98, 107, 99, -1,
      99, 107, 108, -1,
      99, 108, 100, -1,
      101, 100, 109, -1,
      109, 100, 108, -1,
      101, 109, 110, -1,
      101, 110, 102, -1,
      102, 110, 111, -1,
      102, 111, 103, -1,
      97, 103, 105, -1,
      105, 103, 111, -1,
      112, 113, 74, -1,
      74, 113, 75, -1,
      113, 114, 75, -1,
      75, 114, 76, -1,
      114, 115, 76, -1,
      76, 115, 66, -1,
      116, 78, 77, -1,
      116, 77, 117, -1,
      117, 77, 72, -1,
      117, 72, 118, -1,
      118, 72, 71, -1,
      118, 71, 119, -1,
      119, 71, 70, -1,
      119, 70, 120, -1,
      120, 70, 69, -1,
      120, 69, 121, -1,
      121, 69, 68, -1,
      121, 68, 122, -1,
      122, 68, 67, -1,
      122, 67, 123, -1,
      123, 67, 66, -1,
      123, 66, 115, -1,
      112, 74, 73, -1,
      112, 73, 124, -1,
      124, 73, 65, -1,
      124, 65, 125, -1,
      125, 65, 64, -1,
      125, 64, 126, -1,
      126, 64, 63, -1,
      126, 63, 127, -1,
      127, 63, 62, -1,
      127, 62, 128, -1,
      128, 62, 79, -1,
      128, 79, 129, -1,
      129, 79, 78, -1,
      129, 78, 116, -1,
      118, 119, 130, -1,
      130, 119, 120, -1,
      130, 120, 131, -1,
      131, 120, 121, -1,
      131, 121, 132, -1,
      132, 121, 122, -1,
      132, 122, 133, -1,
      133, 122, 123, -1,
      133, 123, 134, -1,
      134, 123, 115, -1,
      134, 115, 135, -1,
      135, 115, 114, -1,
      135, 114, 136, -1,
      136, 114, 113, -1,
      136, 113, 137, -1,
      137, 113, 112, -1,
      137, 112, 138, -1,
      138, 112, 124, -1,
      138, 124, 139, -1,
      139, 124, 125, -1,
      139, 125, 140, -1,
      140, 125, 126, -1,
      140, 126, 141, -1,
      141, 126, 127, -1,
      141, 127, 142, -1,
      142, 127, 128, -1,
      142, 128, 143, -1,
      143, 128, 129, -1,
      143, 129, 144, -1,
      144, 129, 116, -1,
      144, 116, 145, -1,
      145, 116, 117, -1,
      145, 117, 146, -1,
      146, 117, 118, -1,
      146, 118, 130, -1,
      134, 135, 147, -1,
      147, 135, 148, -1,
      134, 147, 149, -1,
      134, 149, 133, -1,
      133, 149, 150, -1,
      133, 150, 132, -1,
      132, 150, 151, -1,
      132, 151, 131, -1,
      131, 151, 152, -1,
      131, 152, 130, -1,
      130, 152, 153, -1,
      130, 153, 146, -1,
      146, 153, 154, -1,
      146, 154, 145, -1,
      145, 154, 155, -1,
      145, 155, 144, -1,
      144, 155, 156, -1,
      144, 156, 143, -1,
      143, 156, 157, -1,
      143, 157, 142, -1,
      142, 157, 158, -1,
      142, 158, 141, -1,
      141, 158, 159, -1,
      141, 159, 140, -1,
      140, 159, 160, -1,
      140, 160, 139, -1,
      139, 160, 161, -1,
      139, 161, 138, -1,
      138, 161, 162, -1,
      138, 162, 137, -1,
      136, 137, 163, -1,
      163, 137, 162, -1,
      135, 136, 148, -1,
      148, 136, 163, -1,
      164, 165, 52, -1,
      52, 165, 53, -1,
      165, 166, 53, -1,
      53, 166, 54, -1,
      166, 167, 54, -1,
      54, 167, 55, -1,
      167, 168, 55, -1,
      55, 168, 50, -1,
      168, 169, 50, -1,
      50, 169, 51, -1,
      169, 170, 51, -1,
      51, 170, 61, -1,
      170, 171, 61, -1,
      61, 171, 60, -1,
      171, 172, 60, -1,
      60, 172, 59, -1,
      172, 173, 59, -1,
      59, 173, 58, -1,
      173, 174, 58, -1,
      58, 174, 56, -1,
      174, 175, 56, -1,
      56, 175, 57, -1,
      175, 164, 57, -1,
      57, 164, 52, -1,
      166, 165, 164, -1,
      164, 175, 166, -1,
      166, 175, 174, -1,
      166, 174, 167, -1,
      169, 168, 170, -1,
      170, 168, 167, -1,
      170, 167, 171, -1,
      171, 167, 174, -1,
      171, 174, 172, -1,
      172, 174, 173, -1,
      176, 177, 0, -1,
      0, 177, 1, -1,
      1, 177, 178, -1,
      179, 41, 40, -1,
      179, 40, 180, -1,
      180, 40, 39, -1,
      180, 39, 178, -1,
      178, 39, 2, -1,
      178, 2, 1, -1,
      41, 179, 42, -1,
      42, 179, 181, -1,
      42, 181, 43, -1,
      43, 181, 182, -1,
      43, 182, 29, -1,
      29, 182, 183, -1,
      29, 183, 30, -1,
      30, 183, 184, -1,
      30, 184, 31, -1,
      31, 184, 185, -1,
      31, 185, 32, -1,
      32, 185, 186, -1,
      32, 186, 36, -1,
      36, 186, 187, -1,
      36, 187, 37, -1,
      188, 189, 26, -1,
      26, 189, 25, -1,
      26, 35, 188, -1,
      188, 35, 34, -1,
      188, 34, 190, -1,
      190, 34, 33, -1,
      190, 33, 191, -1,
      191, 33, 28, -1,
      191, 28, 192, -1,
      192, 28, 27, -1,
      192, 27, 193, -1,
      193, 27, 38, -1,
      193, 38, 194, -1,
      194, 38, 37, -1,
      194, 37, 187, -1,
      25, 189, 3, -1,
      3, 189, 195, -1,
      3, 195, 4, -1,
      4, 195, 196, -1,
      4, 196, 5, -1,
      196, 197, 5, -1,
      5, 197, 6, -1,
      198, 9, 7, -1,
      198, 7, 199, -1,
      199, 7, 6, -1,
      199, 6, 197, -1,
      200, 14, 24, -1,
      200, 24, 201, -1,
      201, 24, 23, -1,
      201, 23, 202, -1,
      202, 23, 13, -1,
      202, 13, 203, -1,
      203, 13, 12, -1,
      203, 12, 204, -1,
      204, 12, 11, -1,
      204, 11, 205, -1,
      205, 11, 10, -1,
      205, 10, 206, -1,
      206, 10, 9, -1,
      206, 9, 198, -1,
      207, 18, 17, -1,
      207, 17, 208, -1,
      208, 17, 19, -1,
      208, 19, 209, -1,
      209, 19, 20, -1,
      209, 20, 210, -1,
      210, 20, 21, -1,
      210, 21, 211, -1,
      211, 21, 16, -1,
      211, 16, 212, -1,
      212, 16, 15, -1,
      212, 15, 213, -1,
      213, 15, 14, -1,
      213, 14, 200, -1,
      176, 0, 8, -1,
      176, 8, 214, -1,
      214, 8, 22, -1,
      214, 22, 215, -1,
      215, 22, 18, -1,
      215, 18, 207, -1,
      208, 179, 207, -1,
      207, 179, 180, -1,
      207, 180, 215, -1,
      215, 180, 178, -1,
      215, 178, 214, -1,
      214, 178, 177, -1,
      214, 177, 176, -1,
      197, 196, 199, -1,
      199, 196, 195, -1,
      199, 195, 198, -1,
      198, 195, 189, -1,
      198, 189, 206, -1,
      206, 189, 188, -1,
      206, 188, 205, -1,
      205, 188, 190, -1,
      205, 190, 204, -1,
      204, 190, 191, -1,
      204, 191, 203, -1,
      203, 191, 192, -1,
      203, 192, 202, -1,
      202, 192, 193, -1,
      202, 193, 201, -1,
      201, 193, 194, -1,
      201, 194, 200, -1,
      200, 194, 187, -1,
      200, 187, 213, -1,
      213, 187, 186, -1,
      213, 186, 212, -1,
      212, 186, 185, -1,
      212, 185, 211, -1,
      211, 185, 184, -1,
      211, 184, 210, -1,
      210, 184, 183, -1,
      210, 183, 209, -1,
      209, 183, 182, -1,
      209, 182, 208, -1,
      208, 182, 181, -1,
      208, 181, 179, -1,
      216, 217, 44, -1,
      44, 217, 45, -1,
      217, 218, 45, -1,
      45, 218, 46, -1,
      218, 219, 46, -1,
      46, 219, 49, -1,
      219, 220, 49, -1,
      49, 220, 48, -1,
      220, 221, 48, -1,
      48, 221, 47, -1,
      221, 216, 47, -1,
      47, 216, 44, -1,
      220, 219, 221, -1,
      221, 219, 218, -1,
      221, 218, 216, -1,
      216, 218, 217, -1,
    ]
  }
}

Shape {
  appearance Appearance {
    material Material {
      diffuseColor 0.7529 0.7529 0.7529
      specularColor 0.3765 0.3765 0.3765
      ambientIntensity 0.2
      transparency 0.0000
      shininess 0.5
    }
  }
  geometry IndexedFaceSet {
    ccw TRUE
    solid FALSE
    coord DEF co Coordinate {
      point [
        -0.285251 -0.021150 0.000000,
        -0.337915 -0.021150 0.000000,
        -0.308747 0.044626 0.000000,
        -0.310263 0.050088 -0.000000,
        -0.311268 0.055669 0.000000,
        -0.311778 0.055669 0.000000,
        -0.312806 0.050105 0.000000,
        -0.314208 0.044626 0.000000,
        -0.147936 0.057590 0.000000,
        -0.124710 0.057590 0.000000,
        -0.166575 0.055608 0.000000,
        -0.179574 0.051059 0.000000,
        -0.191077 0.043628 0.000000,
        -0.198726 0.035506 0.000000,
        -0.204197 0.025793 0.000000,
        -0.207874 0.013338 0.000000,
        -0.209211 -0.002335 0.000000,
        -0.207766 -0.018876 -0.000000,
        -0.203147 -0.033679 0.000000,
        -0.196505 -0.044537 -0.000000,
        -0.187672 -0.053261 -0.000000,
        -0.176932 -0.059639 -0.000000,
        -0.163680 -0.063775 -0.000000,
        -0.147065 -0.065322 -0.000000,
        -0.124710 -0.065322 0.000000,
      ]
    }
    coordIndex [
      0, 1, 2, -1,
      2, 1, 7, -1,
      2, 7, 3, -1,
      3, 7, 6, -1,
      3, 6, 4, -1,
      4, 6, 5, -1,
      9, 24, 8, -1,
      8, 24, 23, -1,
      8, 23, 22, -1,
      16, 15, 8, -1,
      8, 15, 14, -1,
      8, 14, 10, -1,
      22, 21, 8, -1,
      8, 21, 20, -1,
      8, 20, 19, -1,
      19, 18, 8, -1,
      8, 18, 17, -1,
      8, 17, 16, -1,
      13, 12, 14, -1,
      14, 12, 11, -1,
      14, 11, 10, -1,
    ]
  }
}
