#VRML V2.0 utf8

Shape {
  appearance Appearance {
    material Material {
      diffuseColor 0.5569 0.5569 0.5569
      specularColor 0.2784 0.2784 0.2784
      ambientIntensity 0.2
      transparency 0.0000
      shininess 0.5
    }
  }
  geometry IndexedFaceSet {
    ccw TRUE
    solid FALSE
    coord DEF co Coordinate {
      point [
        0.326338 0.783582 0.077466,
        0.317493 0.783676 0.076502,
        0.312405 0.783050 0.082302,
        -0.203707 0.783121 -0.081987,
        -0.203563 0.783088 -0.082306,
        -0.211999 0.783671 -0.076560,
        -0.175251 0.786995 0.025306,
        -0.182904 0.786879 0.028690,
        -0.141762 0.786952 0.026737,
        -0.201601 0.783088 0.082306,
        -0.132231 0.783082 0.082309,
        -0.131548 0.783185 0.081343,
        -0.130063 0.783409 0.079246,
        -0.128807 0.783723 0.075982,
        -0.127099 0.784151 0.071546,
        -0.126917 0.784280 0.069991,
        -0.125618 0.785198 0.058872,
        -0.125706 0.785254 0.058047,
        -0.126722 0.785903 0.048541,
        -0.126859 0.785991 0.047254,
        -0.128456 0.786235 0.042840,
        -0.129511 0.786396 0.039921,
        -0.130952 0.786490 0.037831,
        -0.137436 0.786831 0.029965,
        -0.134787 0.786740 0.032269,
        -0.136239 0.786797 0.030859,
        -0.142130 0.786962 0.026463,
        -0.146190 0.787017 0.024742,
        -0.151214 0.787055 0.023467,
        -0.148245 0.787045 0.023871,
        -0.174107 0.787012 0.024800,
        -0.167094 0.787052 0.023444,
        -0.162904 0.787076 0.022634,
        -0.158786 0.787082 0.022437,
        -0.127839 0.784031 -0.072781,
        -0.130757 0.784178 -0.071187,
        -0.107995 0.786308 -0.041489,
        -0.109141 0.787290 0.013270,
        -0.059879 0.786308 -0.041489,
        -0.134248 0.784287 -0.069949,
        -0.140229 0.784476 -0.067829,
        -0.109141 0.787038 0.023917,
        -0.141565 0.784489 -0.067674,
        -0.150810 0.784580 -0.066597,
        -0.154672 0.784562 -0.066831,
        -0.157870 0.784508 -0.067521,
        -0.161693 0.784444 -0.068346,
        -0.161907 0.784435 -0.068448,
        -0.165001 0.784310 -0.069938,
        -0.216835 0.784580 -0.066597,
        -0.165728 0.784280 -0.070288,
        -0.209764 0.784500 -0.067535,
        -0.207482 0.784475 -0.067839,
        -0.169094 0.784029 -0.073078,
        -0.169483 0.783976 -0.073626,
        -0.192607 0.783506 -0.078279,
        -0.171283 0.783732 -0.076157,
        -0.171689 0.783677 -0.076730,
        -0.172770 0.783396 -0.079460,
        -0.173587 0.783183 -0.081526,
        -0.192341 0.783428 -0.079026,
        -0.191447 0.783171 -0.081536,
        -0.193541 0.783640 -0.076899,
        -0.194563 0.783787 -0.075392,
        -0.195306 0.783851 -0.074703,
        -0.198353 0.784114 -0.071878,
        -0.199379 0.784170 -0.071266,
        -0.200663 0.784239 -0.070501,
        -0.167537 0.784145 -0.071787,
        -0.204199 0.784361 -0.069120,
        -0.232643 0.783239 -0.080861,
        -0.247535 0.782917 -0.082287,
        -0.232643 0.784324 -0.069547,
        -0.241932 0.784450 -0.068119,
        -0.224964 0.784500 -0.067538,
        -0.223359 0.784536 -0.067118,
        -0.071938 0.783120 -0.082001,
        -0.105345 0.783120 -0.082001,
        -0.071938 0.785669 -0.052215,
        -0.107995 0.785669 -0.052215,
        -0.127839 0.783088 -0.082306,
        -0.416989 0.785118 0.059920,
        -0.434779 0.787290 0.013270,
        -0.516182 0.786308 -0.041489,
        -0.411927 0.786445 0.038805,
        -0.373028 0.786445 0.038805,
        -0.416691 0.786971 0.026041,
        -0.368539 0.786971 0.026041,
        -0.421454 0.787290 0.013270,
        -0.364049 0.787290 0.013270,
        -0.503287 0.786308 -0.041489,
        -0.386472 0.786308 -0.041489,
        -0.413120 0.786308 -0.041489,
        -0.423131 0.786252 -0.042588,
        -0.426172 0.786235 -0.042922,
        -0.432401 0.786112 -0.045078,
        -0.438087 0.786000 -0.047045,
        -0.440857 0.785881 -0.048862,
        -0.448438 0.785559 -0.053835,
        -0.452239 0.785284 -0.057723,
        -0.452547 0.785262 -0.058037,
        -0.456359 0.784820 -0.063680,
        -0.458087 0.784620 -0.066237,
        -0.459269 0.784323 -0.069530,
        -0.461168 0.783846 -0.074820,
        -0.487691 0.782939 -0.082293,
        -0.330643 0.785669 -0.052215,
        -0.330643 0.783120 -0.082001,
        -0.366700 0.785669 -0.052215,
        -0.364049 0.783120 -0.082001,
        -0.247067 0.785457 0.055300,
        -0.213660 0.785457 0.055300,
        -0.213660 0.787038 0.023917,
        -0.213660 0.783088 0.082306,
        -0.213660 0.784633 0.065965,
        -0.269489 0.783088 0.082306,
        -0.247067 0.784633 0.065965,
        -0.269489 0.787290 0.013270,
        -0.251842 0.787038 0.023917,
        -0.251842 0.787290 0.013270,
        -0.201601 0.787290 0.013270,
        -0.377076 0.782744 0.082269,
        -0.341104 0.783157 0.081731,
        -0.342285 0.783482 0.078442,
        -0.345109 0.785489 0.054791,
        -0.344990 0.785617 0.053049,
        -0.368515 0.785118 0.059920,
        -0.344185 0.784004 0.073156,
        -0.344352 0.784130 0.071673,
        -0.345543 0.785027 0.061110,
        -0.343498 0.786002 0.046803,
        -0.342594 0.786235 0.043017,
        -0.350725 0.787290 0.013270,
        -0.340934 0.786395 0.039733,
        -0.338244 0.786655 0.034410,
        -0.337403 0.786693 0.033412,
        -0.331455 0.786961 0.026351,
        -0.330140 0.786988 0.025428,
        -0.322672 0.787145 0.020186,
        -0.320867 0.787183 0.018919,
        -0.255018 0.784450 -0.068119,
        -0.315407 0.787228 0.016874,
        -0.310555 0.787267 0.015056,
        -0.307097 0.787272 0.014654,
        -0.295182 0.787290 0.013270,
        -0.113079 0.785029 0.061043,
        -0.113163 0.784869 0.063121,
        -0.071938 0.783088 0.082306,
        -0.114845 0.784057 0.072306,
        -0.115597 0.783695 0.076408,
        -0.182904 0.787215 0.017137,
        -0.179124 0.787240 0.015847,
        -0.171190 0.787293 0.013140,
        -0.170862 0.787293 0.013106,
        -0.157043 0.787315 0.011694,
        -0.153344 0.787313 0.011929,
        -0.150062 0.787311 0.012137,
        -0.144105 0.787294 0.013452,
        -0.140754 0.787284 0.014191,
        -0.137618 0.787252 0.015698,
        -0.132775 0.787202 0.018025,
        -0.131813 0.787180 0.018814,
        -0.124949 0.787022 0.024442,
        -0.124272 0.786989 0.025376,
        -0.119396 0.786748 0.032100,
        -0.118795 0.786718 0.032930,
        -0.116391 0.786441 0.038780,
        -0.114997 0.786280 0.042173,
        -0.071938 0.787038 0.023917,
        -0.114462 0.786009 0.046373,
        -0.112962 0.785251 0.058157,
        -0.231478 0.783308 -0.080187,
        -0.227422 0.783474 -0.078537,
        -0.224355 0.783600 -0.077289,
        -0.221928 0.783633 -0.076946,
        -0.215689 0.783719 -0.076061,
        -0.214144 0.783711 -0.076148,
        -0.210022 0.783634 -0.076939,
        -0.209128 0.783594 -0.077341,
        -0.206472 0.783476 -0.078533,
        -0.205441 0.783385 -0.079430,
        -0.205369 0.783379 -0.079494,
        -0.204463 0.783260 -0.080652,
        -0.204095 0.783212 -0.081123,
        -0.000000 0.783088 -0.082306,
        -0.059879 0.787290 0.013270,
        -0.000000 0.783088 0.082306,
        -0.059879 0.783088 0.082306,
        -0.000000 0.748863 0.243320,
        -0.059879 0.780185 0.106359,
        -0.071938 0.780185 0.106359,
        -0.163399 0.780001 0.107701,
        -0.172825 0.780109 0.106916,
        -0.201601 0.780185 0.106359,
        -0.175013 0.780191 0.106312,
        -0.182904 0.780485 0.104134,
        -0.117250 0.783320 0.080015,
        -0.118301 0.783081 0.082309,
        -0.119944 0.782708 0.085894,
        -0.120754 0.782587 0.086937,
        -0.126454 0.781737 0.094280,
        -0.127617 0.781603 0.095383,
        -0.129414 0.781438 0.096702,
        -0.135963 0.780836 0.101508,
        -0.137023 0.780739 0.102286,
        -0.142596 0.780436 0.104556,
        -0.146221 0.780239 0.106032,
        -0.149999 0.780169 0.106522,
        -0.160768 0.779971 0.107920,
        -0.249717 0.780185 0.106359,
        -2.086614 0.748863 0.243320,
        -0.321104 0.780922 0.100843,
        -0.386305 0.780185 0.106359,
        -0.315418 0.780664 0.102796,
        -0.309189 0.780382 0.104937,
        -0.323874 0.781146 0.099036,
        -0.331455 0.781760 0.094090,
        -0.335256 0.782217 0.090220,
        -0.335564 0.782254 0.089907,
        -0.339376 0.782876 0.084281,
        -0.340712 0.783094 0.082309,
        -0.408427 0.782744 0.082269,
        -2.086614 0.783088 0.082306,
        -0.399199 0.780185 0.106359,
        -0.213660 0.781564 0.095702,
        -0.249717 0.781564 0.095702,
        -0.269489 0.780185 0.106359,
        -0.296138 0.780185 0.106359,
        -0.306148 0.780336 0.105268,
        -0.172435 0.781572 0.095641,
        -0.170137 0.781536 0.095936,
        -0.174014 0.781681 0.094742,
        -0.177892 0.781823 0.093547,
        -0.157762 0.781419 0.096890,
        -0.182904 0.782053 0.091624,
        -0.160887 0.781389 0.097124,
        -0.158690 0.781399 0.097042,
        -0.150626 0.781567 0.095722,
        -0.145736 0.781841 0.093410,
        -0.149352 0.781593 0.095514,
        -0.145414 0.781799 0.093801,
        -0.135432 0.782599 0.086831,
        -0.140845 0.782114 0.091098,
        -0.142871 0.781932 0.092694,
        -2.086614 0.783088 -0.082306,
        -0.531779 0.782939 -0.082293,
        -2.086614 0.748863 -0.243320,
        -0.533972 0.782465 -0.088031,
        -0.551762 0.775870 -0.134263,
        -0.481032 0.775870 -0.134263,
        -0.533674 0.777946 -0.121658,
        -0.485522 0.777946 -0.121658,
        -0.528910 0.779818 -0.109020,
        -0.490011 0.779818 -0.109020,
        -0.059879 0.783088 -0.082306,
        -0.059879 0.775870 -0.134263,
        -0.318584 0.786308 -0.041489,
        -0.366700 0.786308 -0.041489,
        -0.386472 0.783088 -0.082306,
        -0.364049 0.783088 -0.082306,
        -0.386472 0.775870 -0.134263,
        -0.364049 0.781934 -0.092633,
        -0.244344 0.770095 -0.164178,
        -0.174928 0.775870 -0.134263,
        -0.163228 0.775870 -0.134263,
        -0.225783 0.776249 -0.132059,
        -0.223258 0.776089 -0.132989,
        -0.218931 0.775816 -0.134584,
        -0.217702 0.775789 -0.134735,
        -0.208884 0.775600 -0.135816,
        -0.205052 0.775673 -0.135399,
        -0.199266 0.775783 -0.134770,
        -0.462093 0.781870 -0.093138,
        -0.461973 0.781669 -0.094873,
        -0.485498 0.782465 -0.088031,
        -0.461335 0.783693 -0.076300,
        -0.462013 0.783069 -0.082304,
        -0.462526 0.782598 -0.086844,
        -0.460481 0.780879 -0.101081,
        -0.459577 0.780400 -0.104844,
        -0.467708 0.775870 -0.134263,
        -0.457917 0.779943 -0.108099,
        -0.455227 0.779202 -0.113377,
        -0.454386 0.779052 -0.114365,
        -0.448438 0.777994 -0.121351,
        -0.447123 0.777849 -0.122263,
        -0.439655 0.777022 -0.127442,
        -0.437850 0.776822 -0.128694,
        -0.432389 0.776483 -0.130711,
        -0.427538 0.776182 -0.132504,
        -0.424080 0.776112 -0.132900,
        -0.412165 0.775870 -0.134263,
        -0.261696 0.770443 -0.162539,
        -0.259464 0.770254 -0.163430,
        -0.257217 0.770063 -0.164328,
        -0.000000 0.748863 -0.243320,
        -0.538437 0.775870 -0.134263,
        -0.255974 0.770024 -0.164511,
        -0.251890 0.769896 -0.165113,
        -0.247926 0.769952 -0.164852,
        -0.275697 0.774089 -0.144181,
        -0.318584 0.775870 -0.134263,
        -0.290837 0.780196 -0.106277,
        -0.318584 0.783088 -0.082306,
        -0.275273 0.773902 -0.145178,
        -0.272861 0.773061 -0.149504,
        -0.269503 0.771890 -0.155526,
        -0.268997 0.771774 -0.156091,
        -0.266113 0.771116 -0.159315,
        -0.265993 0.771088 -0.159448,
        -0.330643 0.781934 -0.092633,
        -0.330643 0.777615 -0.123757,
        -0.368825 0.777615 -0.123757,
        -0.368825 0.775870 -0.134263,
        -0.262865 0.770619 -0.161698,
        -0.110120 0.775870 -0.134263,
        -0.136897 0.775706 -0.135213,
        -0.134195 0.775857 -0.134341,
        -0.131689 0.775997 -0.133532,
        -0.130541 0.776119 -0.132816,
        -0.127051 0.776489 -0.130638,
        -0.126431 0.776596 -0.130002,
        -0.126261 0.776625 -0.129826,
        -0.124433 0.777045 -0.127278,
        -0.122125 0.777859 -0.122221,
        -0.110120 0.777615 -0.123757,
        -0.123007 0.777507 -0.124423,
        -0.123793 0.777193 -0.126385,
        -0.121952 0.778043 -0.121019,
        -0.121320 0.778716 -0.116630,
        -0.122032 0.779445 -0.111621,
        -0.122260 0.779678 -0.110019,
        -0.123005 0.779937 -0.108154,
        -0.123889 0.780243 -0.105940,
        -0.126187 0.780678 -0.102682,
        -0.127839 0.782898 -0.084091,
        -0.126069 0.780656 -0.102848,
        -0.124362 0.780333 -0.105269,
        -0.128602 0.780955 -0.100548,
        -0.129142 0.781017 -0.100072,
        -0.131498 0.781177 -0.098807,
        -0.143456 0.781643 -0.095051,
        -0.163228 0.781973 -0.092301,
        -0.163069 0.782197 -0.090361,
        -0.162837 0.782524 -0.087524,
        -0.162327 0.782737 -0.085590,
        -0.161704 0.782996 -0.083227,
        -0.161483 0.783040 -0.082812,
        -0.130768 0.783085 -0.082306,
        -0.135789 0.781392 -0.097094,
        -0.133605 0.781320 -0.097677,
        -0.163228 0.777563 -0.124087,
        -0.162917 0.777563 -0.124087,
        -0.162053 0.777350 -0.125413,
        -0.160086 0.776974 -0.127715,
        -0.157782 0.776532 -0.130413,
        -0.157505 0.776500 -0.130606,
        -0.154551 0.776150 -0.132668,
        -0.153691 0.776049 -0.133269,
        -0.151494 0.775904 -0.134096,
        -0.149218 0.775754 -0.134955,
        -0.147787 0.775722 -0.135137,
        -0.142476 0.775600 -0.135816,
        -0.138402 0.775678 -0.135375,
        -0.216835 0.781422 -0.096852,
        -0.219709 0.781279 -0.098002,
        -0.203305 0.783028 -0.082881,
        -0.203215 0.782976 -0.083366,
        -0.203384 0.782513 -0.087604,
        -0.203280 0.782577 -0.087027,
        -0.202914 0.782801 -0.084993,
        -0.203809 0.782401 -0.088593,
        -0.204206 0.782297 -0.089514,
        -0.204518 0.782250 -0.089922,
        -0.205469 0.782107 -0.091162,
        -0.209897 0.781793 -0.093812,
        -0.222688 0.781082 -0.099538,
        -0.227904 0.780737 -0.102229,
        -0.228976 0.780624 -0.103080,
        -0.231927 0.780312 -0.105425,
        -0.232923 0.780110 -0.106904,
        -0.255018 0.780870 -0.101211,
        -0.233646 0.779963 -0.107978,
        -0.234392 0.779703 -0.109822,
        -0.235728 0.778615 -0.117292,
        -0.235280 0.778057 -0.120968,
        -0.268104 0.775894 -0.134122,
        -0.235174 0.779430 -0.111757,
        -0.235326 0.779278 -0.112800,
        -0.235843 0.778758 -0.116347,
        -0.235211 0.778028 -0.121153,
        -0.234301 0.777639 -0.123623,
        -0.265537 0.774839 -0.140094,
        -0.234018 0.777519 -0.124391,
        -0.262970 0.773736 -0.146059,
        -0.233094 0.777302 -0.125724,
        -0.260940 0.773049 -0.149654,
        -0.232054 0.777058 -0.127225,
        -0.260594 0.772932 -0.150267,
        -0.254552 0.772062 -0.154673,
        -0.253846 0.772011 -0.154921,
        -0.252412 0.771974 -0.155107,
        -0.256364 0.772190 -0.154037,
        -0.256389 0.772193 -0.154020,
        -0.257865 0.772385 -0.153055,
        -0.258358 0.772449 -0.152733,
        -0.259390 0.772672 -0.151595,
        -0.227814 0.776447 -0.130885,
        -0.244344 0.772199 -0.153982,
        -0.228321 0.776497 -0.130591,
        -0.246239 0.772083 -0.154559,
        -0.231338 0.776950 -0.127870,
        -0.247783 0.772035 -0.154798,
        -0.250983 0.771936 -0.155293,
        -0.105345 0.783088 -0.082306,
        -0.105345 0.781934 -0.092633,
        -0.071938 0.781934 -0.092633,
        -0.071938 0.777615 -0.123757,
        -0.210030 0.777191 -0.126398,
        -0.211677 0.777205 -0.126306,
        -0.204115 0.777333 -0.125519,
        -0.201662 0.777393 -0.125154,
        -0.217835 0.777360 -0.125349,
        -0.218795 0.777427 -0.124933,
        -0.216522 0.777321 -0.125591,
        -0.213068 0.777218 -0.126228,
        -0.219803 0.777497 -0.124497,
        -0.220162 0.777539 -0.124233,
        -0.221332 0.777676 -0.123372,
        -0.221371 0.777681 -0.123344,
        -0.222236 0.777848 -0.122284,
        -0.222458 0.777891 -0.122011,
        -0.222918 0.778047 -0.121011,
        -0.223358 0.778196 -0.120052,
        -0.223456 0.778277 -0.119522,
        -0.223832 0.778588 -0.117480,
        -0.223662 0.778804 -0.116048,
        -0.223656 0.778812 -0.115993,
        -0.223294 0.779025 -0.114556,
        -0.223206 0.779077 -0.114210,
        -0.222911 0.779152 -0.113691,
        -0.222500 0.779257 -0.112971,
        -0.222301 0.779287 -0.112760,
        -0.220823 0.779511 -0.111196,
        -0.215944 0.779907 -0.108384,
        -0.208574 0.780331 -0.105283,
        -0.198134 0.777625 -0.123689,
        -0.204629 0.780562 -0.103556,
        -0.193774 0.777912 -0.121878,
        -0.192230 0.778061 -0.120924,
        -0.201017 0.780835 -0.101458,
        -0.190784 0.778199 -0.120030,
        -0.197099 0.781130 -0.099183,
        -0.196321 0.781219 -0.098475,
        -0.194174 0.781463 -0.096520,
        -0.174928 0.782034 -0.091779,
        -0.190784 0.776266 -0.131957,
        -0.197627 0.775876 -0.134227,
        -0.193811 0.781534 -0.095943,
        -0.193251 0.781644 -0.095051,
        -0.192475 0.781868 -0.093163,
        -0.191632 0.782113 -0.091113,
        -0.191461 0.782239 -0.089994,
        -0.173909 0.782907 -0.083991,
        -0.190856 0.782687 -0.086037,
        -0.190932 0.782757 -0.085387,
        -0.173689 0.783096 -0.082304,
        -0.191298 0.783089 -0.082305,
        -0.191359 0.783146 -0.081781,
        -0.161212 0.783093 -0.082302,
        -0.160548 0.783225 -0.081056,
        -0.160499 0.783235 -0.080962,
        -0.160123 0.783278 -0.080535,
        -0.158923 0.783417 -0.079171,
        -0.158882 0.783422 -0.079125,
        -0.157485 0.783518 -0.078159,
        -0.156911 0.783557 -0.077763,
        -0.155712 0.783602 -0.077299,
        -0.143691 0.783659 -0.076697,
        -0.139746 0.783533 -0.077958,
        -0.146124 0.783683 -0.076441,
        -0.153333 0.783670 -0.076581,
        -0.149712 0.783719 -0.076061,
        -0.154167 0.783659 -0.076700,
        -0.133966 0.783289 -0.080356,
        -0.135867 0.783411 -0.079198,
        -0.273960 0.777683 -0.123333,
        -0.274909 0.778101 -0.120667,
        -0.273166 0.778108 -0.120620,
        -0.275626 0.778510 -0.118000,
        -0.272450 0.778524 -0.117906,
        -0.263734 0.781883 -0.093059,
        -0.284735 0.781878 -0.093107,
        -0.259972 0.782991 -0.082296,
        -0.288677 0.782990 -0.082296,
        -0.293845 0.784450 -0.068119,
        -0.305976 0.784450 -0.068119,
        -0.300357 0.782871 -0.082282,
        2.086614 0.748863 0.243320,
        2.086614 0.783088 0.082306,
        0.303072 0.781900 0.092940,
        0.288270 0.780298 0.105528,
        0.281672 0.779723 0.109645,
        0.274599 0.779106 0.114059,
        0.258834 0.778138 0.120362,
        0.242931 0.777162 0.126720,
        0.234591 0.776978 0.127791,
        0.208570 0.776405 0.131135,
        0.187703 0.776820 0.128783,
        0.178336 0.777007 0.127727,
        0.163780 0.777821 0.122578,
        0.148970 0.778649 0.117340,
        0.142351 0.779243 0.112951,
        0.105436 0.782997 0.082296,
        0.107875 0.782694 0.085089,
        0.118243 0.781408 0.096965,
        0.436932 0.787313 -0.004744,
        0.435830 0.787406 0.001749,
        0.426572 0.783095 -0.082270,
        0.432331 0.784347 -0.068212,
        2.086614 0.783088 -0.082306,
        0.436750 0.785308 -0.057427,
        0.437604 0.785670 -0.050865,
        0.440364 0.786844 -0.029637,
        0.440197 0.787034 -0.024054,
        0.440195 0.787037 -0.023971,
        0.430898 0.787221 0.013179,
        0.426395 0.787052 0.023614,
        0.422320 0.786817 0.028914,
        0.409148 0.786054 0.046045,
        0.405280 0.785834 0.049696,
        0.404989 0.785819 0.049903,
        0.388796 0.784998 0.061444,
        0.383533 0.784732 0.065194,
        0.371670 0.784311 0.069908,
        0.361060 0.783936 0.074124,
        0.354310 0.783843 0.075006,
        0.332769 0.783546 0.077824,
        0.030428 0.782213 -0.089857,
        0.041200 0.780363 -0.105045,
        0.027087 0.782787 -0.085148,
        0.054606 0.778720 -0.116578,
        0.057191 0.778403 -0.118802,
        0.069060 0.777435 -0.124872,
        0.143659 0.775920 -0.133978,
        0.145852 0.776001 -0.133511,
        0.278287 0.767683 -0.175165,
        0.077948 0.776711 -0.129418,
        0.083627 0.776496 -0.130656,
        0.101639 0.775815 -0.134582,
        0.103631 0.775815 -0.134582,
        0.105624 0.775815 -0.134582,
        0.140825 0.775815 -0.134582,
        0.150526 0.776379 -0.131299,
        0.150868 0.776426 -0.131018,
        0.264542 0.768898 -0.169751,
        0.153787 0.776827 -0.128615,
        0.154411 0.776913 -0.128102,
        0.251553 0.770860 -0.160548,
        0.251662 0.770837 -0.160666,
        0.157032 0.777473 -0.124651,
        0.156194 0.777294 -0.125754,
        0.261233 0.769396 -0.167417,
        0.147451 0.776130 -0.132754,
        0.271755 0.768260 -0.172592,
        0.233187 0.776316 -0.131455,
        0.235420 0.775074 -0.138800,
        0.159214 0.778260 -0.119636,
        0.237505 0.774426 -0.142257,
        0.158055 0.777842 -0.122301,
        0.243046 0.772701 -0.151448,
        0.243367 0.772631 -0.151791,
        0.282524 0.767551 -0.175726,
        0.296240 0.767125 -0.177542,
        0.304376 0.767361 -0.176524,
        0.313366 0.767623 -0.175399,
        2.086614 0.748863 -0.243320,
        0.337989 0.770347 -0.162949,
        0.341242 0.770833 -0.160682,
        0.328519 0.768933 -0.169549,
        0.316315 0.767878 -0.174260,
        0.327746 0.768866 -0.169848,
        0.346450 0.772034 -0.154680,
        0.351948 0.773302 -0.148344,
        0.366187 0.776386 -0.131258,
        0.353712 0.773956 -0.144745,
        0.359336 0.776041 -0.133274,
        0.378467 0.777321 -0.125486,
        0.391065 0.778280 -0.119566,
        0.396218 0.778887 -0.115277,
        0.412469 0.780799 -0.101753,
        0.424135 0.782698 -0.085635,
        0.426546 0.783091 -0.082306,
        0.230872 0.777604 -0.123838,
        0.159421 0.778452 -0.118358,
        0.230523 0.778187 -0.119987,
        0.160085 0.779069 -0.114252,
        0.229823 0.779355 -0.112281,
        0.159408 0.779724 -0.109685,
        0.229823 0.780274 -0.105703,
        0.159341 0.779789 -0.109233,
        0.158070 0.780230 -0.106021,
        0.185237 0.783073 -0.082304,
        0.157464 0.780440 -0.104489,
        0.156251 0.780663 -0.102795,
        0.154631 0.780961 -0.100533,
        0.154004 0.781043 -0.099892,
        0.153794 0.781071 -0.099678,
        0.151212 0.781311 -0.097768,
        0.149687 0.781453 -0.096639,
        0.147793 0.781548 -0.095856,
        0.145055 0.781685 -0.094726,
        0.143733 0.781710 -0.094516,
        0.139496 0.781789 -0.093844,
        0.137504 0.781750 -0.094174,
        0.097578 0.781907 -0.092875,
        0.135511 0.781710 -0.094504,
        0.105624 0.781710 -0.094504,
        0.092672 0.782028 -0.091881,
        0.088824 0.782237 -0.090047,
        0.081327 0.782644 -0.086472,
        0.080528 0.782715 -0.085797,
        0.076399 0.783080 -0.082305,
        0.250917 0.783176 0.081520,
        0.252612 0.783286 0.080365,
        0.163725 0.783273 0.080688,
        0.248731 0.783091 0.082306,
        0.267226 0.784235 0.070410,
        0.270221 0.784429 0.068369,
        0.279096 0.785199 0.058219,
        0.285900 0.785789 0.050435,
        0.288506 0.786052 0.045155,
        0.296904 0.786899 0.028133,
        0.265575 0.785600 -0.053361,
        0.259396 0.785381 -0.056569,
        0.159144 0.783576 0.077448,
        0.256341 0.785162 -0.059280,
        0.145688 0.784466 0.067930,
        0.064187 0.784453 -0.068100,
        0.061545 0.784972 -0.061602,
        0.147134 0.786422 -0.039258,
        0.059792 0.785317 -0.057291,
        0.059186 0.785596 -0.052904,
        0.057804 0.786231 -0.042906,
        0.058359 0.786506 -0.037250,
        0.058758 0.786702 -0.033194,
        0.060370 0.786882 -0.028031,
        0.062456 0.787114 -0.021354,
        0.063622 0.787154 -0.019434,
        0.068189 0.787309 -0.011916,
        0.068523 0.787320 -0.011366,
        0.074639 0.787388 -0.004737,
        0.075194 0.787389 -0.004335,
        0.082737 0.787401 0.001126,
        0.084717 0.787404 0.002558,
        0.091155 0.787389 0.005164,
        0.095530 0.787378 0.006934,
        0.099777 0.787370 0.007520,
        0.119618 0.786858 0.029357,
        0.125451 0.786269 0.041024,
        0.157429 0.787103 -0.021671,
        0.109609 0.787352 0.008878,
        0.114922 0.787352 0.008878,
        0.118803 0.786944 0.025800,
        0.246427 0.784453 -0.068080,
        0.201928 0.786120 -0.044895,
        0.133680 0.785494 0.054298,
        0.129998 0.785810 0.050118,
        0.072909 0.783388 -0.079354,
        0.136840 0.785348 -0.056825,
        0.183331 0.783193 -0.081304,
        0.071494 0.783513 -0.078156,
        0.071130 0.783560 -0.077655,
        0.065625 0.784268 -0.070080,
        0.352946 0.783573 -0.077569,
        0.393034 0.785545 -0.053446,
        0.391781 0.785312 -0.057131,
        0.387388 0.784732 -0.064472,
        0.385926 0.784539 -0.066915,
        0.380047 0.783961 -0.073154,
        0.397050 0.786293 -0.041632,
        0.349379 0.783978 -0.073100,
        0.397095 0.786302 -0.041500,
        0.342545 0.784754 -0.064538,
        0.396662 0.787232 -0.014587,
        0.398522 0.786893 -0.028309,
        0.341273 0.784826 -0.063579,
        0.331045 0.785411 -0.055863,
        0.388120 0.787354 0.006718,
        0.390581 0.787398 0.003293,
        0.393436 0.787365 -0.003809,
        0.396098 0.787335 -0.010430,
        0.329049 0.785524 -0.054358,
        0.381075 0.787230 0.016395,
        0.381339 0.787236 0.016155,
        0.358586 0.786738 0.032663,
        0.362607 0.786821 0.030317,
        0.320193 0.785766 -0.050681,
        0.371503 0.787006 0.025127,
        0.372274 0.787024 0.024424,
        0.313498 0.785948 -0.047901,
        0.343364 0.786533 0.037111,
        0.351669 0.786644 0.034684,
        0.309356 0.785980 -0.047339,
        0.332105 0.786480 0.038086,
        0.340075 0.786517 0.037396,
        0.306789 0.786729 0.032426,
        0.314933 0.786595 0.035711,
        0.319164 0.786567 0.036296,
        0.298813 0.786860 0.029208,
        0.296240 0.786082 -0.045558,
        0.287761 0.786054 -0.046126,
        0.287551 0.786053 -0.046140,
        0.276227 0.785894 -0.048906,
        0.272319 0.785839 -0.049860,
        0.373958 0.783361 -0.079616,
        0.370255 0.783111 -0.081944,
        0.355272 0.783069 -0.082304,
        0.369721 0.783075 -0.082280,
        0.355888 0.782934 -0.083559,
        0.358672 0.782330 -0.089227,
        0.207906 0.782045 0.091690,
        0.220054 0.782207 0.090341,
        0.189025 0.782346 0.089200,
        0.173976 0.782833 0.084772,
        0.183140 0.782439 0.088424,
        0.167804 0.783098 0.082313,
        0.236555 0.782615 0.086683,
        0.229211 0.782328 0.089324,
        0.096852 0.784062 0.072463,
        0.093355 0.784562 0.065760,
        0.082378 0.786131 0.044719,
        0.072321 0.786367 0.040121,
        0.061328 0.786626 0.035096,
        0.057254 0.786741 0.031832,
        0.043445 0.787128 0.020770,
        0.043088 0.787138 0.020484,
        0.032450 0.787335 0.006443,
        0.028992 0.787398 0.001878,
        0.024637 0.787285 -0.008401,
        0.020070 0.787166 -0.019179,
        0.019246 0.786951 -0.024700,
        0.016625 0.786268 -0.042243,
        0.018848 0.785057 -0.059904,
        0.019570 0.784664 -0.065638,
        0.023492 0.783685 -0.075817,
        0.025991 0.783061 -0.082303,
        -2.086614 0.681910 0.393701,
        -0.000000 0.681910 0.393701,
        -2.086614 0.585154 0.526874,
        -0.000000 0.585154 0.526874,
        -2.086614 0.462823 0.637021,
        -0.000000 0.462823 0.637021,
        -2.086614 0.320265 0.719327,
        -0.000000 0.320265 0.719327,
        -2.086614 0.163710 0.770195,
        -0.000000 0.163710 0.770195,
        -2.086614 0.000000 0.787402,
        -0.000000 0.000000 0.787402,
        -2.086614 -0.163710 0.770195,
        -0.000000 -0.163710 0.770195,
        -2.086614 -0.320265 0.719327,
        -0.000000 -0.320265 0.719327,
        -2.086614 -0.462823 0.637021,
        -0.000000 -0.462823 0.637021,
        -2.086614 -0.585154 0.526874,
        -0.000000 -0.585154 0.526874,
        -2.086614 -0.681910 0.393701,
        -0.000000 -0.681910 0.393701,
        -2.086614 -0.748863 0.243320,
        -0.000000 -0.748863 0.243320,
        -2.086614 -0.783088 0.082306,
        -0.000000 -0.783088 0.082306,
        -2.086614 -0.783088 -0.082306,
        -0.000000 -0.783088 -0.082306,
        -2.086614 -0.748863 -0.243320,
        -0.000000 -0.748863 -0.243320,
        -2.086614 -0.681910 -0.393701,
        -0.000000 -0.681910 -0.393701,
        -2.086614 -0.585154 -0.526874,
        -0.000000 -0.585154 -0.526874,
        -2.086614 -0.462823 -0.637021,
        -0.000000 -0.462823 -0.637021,
        -2.086614 -0.320265 -0.719327,
        -0.000000 -0.320265 -0.719327,
        -2.086614 -0.163710 -0.770195,
        -0.000000 -0.163710 -0.770195,
        -2.086614 0.000000 -0.787402,
        -0.000000 0.000000 -0.787402,
        -2.086614 0.163710 -0.770195,
        -0.000000 0.163710 -0.770195,
        -2.086614 0.320265 -0.719327,
        -0.000000 0.320265 -0.719327,
        -2.086614 0.462823 -0.637021,
        -0.000000 0.462823 -0.637021,
        -2.086614 0.585154 -0.526874,
        -0.000000 0.585154 -0.526874,
        -2.086614 0.681910 -0.393701,
        -0.000000 0.681910 -0.393701,
        2.086614 0.681910 -0.393701,
        2.086614 0.585154 -0.526874,
        2.086614 0.462823 -0.637021,
        2.086614 0.320265 -0.719327,
        2.086614 0.163710 -0.770195,
        2.086614 0.000000 -0.787402,
        2.086614 -0.163710 -0.770195,
        2.086614 -0.320265 -0.719327,
        2.086614 -0.462823 -0.637021,
        2.086614 -0.585154 -0.526874,
        2.086614 -0.681910 -0.393701,
        2.086614 -0.748863 -0.243320,
        2.086614 -0.783088 -0.082306,
        2.086614 -0.783088 0.082306,
        2.086614 -0.748863 0.243320,
        2.086614 -0.681910 0.393701,
        2.086614 -0.585154 0.526874,
        2.086614 -0.462823 0.637021,
        2.086614 -0.320265 0.719327,
        2.086614 -0.163710 0.770195,
        2.086614 0.000000 0.787402,
        2.086614 0.163710 0.770195,
        2.086614 0.320265 0.719327,
        2.086614 0.462823 0.637021,
        2.086614 0.585154 0.526874,
        2.086614 0.681910 0.393701,
        2.165354 0.000000 -0.196850,
        2.165354 -0.050949 -0.190143,
        2.165354 -0.105620 -0.700746,
        2.165354 -0.139194 -0.139194,
        2.165354 -0.399203 -0.585524,
        2.165354 -0.098425 -0.170478,
        2.165354 -0.307477 -0.638482,
        2.165354 -0.208881 -0.677178,
        2.165354 -0.170478 -0.098425,
        2.165354 -0.554054 -0.441843,
        2.165354 -0.482012 -0.519485,
        2.165354 -0.000000 0.196850,
        2.165354 -0.105620 0.700746,
        2.165354 -0.050949 0.190143,
        2.165354 -0.208881 0.677178,
        2.165354 -0.098425 0.170478,
        2.165354 0.050949 0.190143,
        2.165354 0.098425 0.170478,
        2.165354 0.307477 0.638482,
        2.165354 -0.170478 0.098425,
        2.165354 -0.659674 0.258903,
        2.165354 -0.190143 0.050949,
        2.165354 -0.690894 0.157692,
        2.165354 -0.196850 0.000000,
        2.165354 -0.307477 0.638482,
        2.165354 -0.399203 0.585524,
        2.165354 -0.139194 0.139194,
        2.165354 0.208881 0.677178,
        2.165354 0.105620 0.700746,
        2.165354 -0.000000 0.708661,
        2.165354 0.170478 0.098425,
        2.165354 0.554054 0.441843,
        2.165354 0.139194 0.139194,
        2.165354 0.482012 0.519485,
        2.165354 0.399203 0.585524,
        2.165354 0.170478 -0.098425,
        2.165354 0.659674 -0.258903,
        2.165354 0.190143 -0.050949,
        2.165354 0.690894 -0.157692,
        2.165354 0.196850 -0.000000,
        2.165354 -0.000000 -0.708661,
        2.165354 0.105620 -0.700746,
        2.165354 0.050949 -0.190143,
        2.165354 -0.190143 -0.050949,
        2.165354 -0.659674 -0.258903,
        2.165354 -0.613719 -0.354331,
        2.165354 -0.482012 0.519485,
        2.165354 -0.554054 0.441843,
        2.165354 -0.613719 0.354331,
        2.165354 0.190143 0.050949,
        2.165354 0.659674 0.258903,
        2.165354 0.613719 0.354331,
        2.165354 -0.706680 0.052958,
        2.165354 -0.706680 -0.052958,
        2.165354 -0.690894 -0.157692,
        2.165354 0.706680 -0.052958,
        2.165354 0.706680 0.052958,
        2.165354 0.690894 0.157692,
        2.165354 0.139194 -0.139194,
        2.165354 0.554054 -0.441843,
        2.165354 0.613719 -0.354331,
        2.165354 0.208881 -0.677178,
        2.165354 0.307477 -0.638482,
        2.165354 0.098425 -0.170478,
        2.165354 0.399203 -0.585524,
        2.165354 0.482012 -0.519485,
        -2.165354 -0.000000 0.196850,
        -2.165354 -0.050949 0.190143,
        -2.165354 -0.105620 0.700746,
        -2.165354 -0.000000 -0.196850,
        -2.165354 -0.105620 -0.700746,
        -2.165354 -0.050949 -0.190143,
        -2.165354 -0.208881 -0.677178,
        -2.165354 -0.098425 -0.170478,
        -2.165354 0.659674 0.258903,
        -2.165354 0.190143 0.050949,
        -2.165354 0.170478 0.098425,
        -2.165354 0.050949 0.190143,
        -2.165354 0.307477 0.638482,
        -2.165354 0.098425 0.170478,
        -2.165354 0.399203 0.585524,
        -2.165354 0.139194 0.139194,
        -2.165354 -0.000000 0.708661,
        -2.165354 0.105620 0.700746,
        -2.165354 0.208881 0.677178,
        -2.165354 -0.139194 0.139194,
        -2.165354 -0.399203 0.585524,
        -2.165354 -0.098425 0.170478,
        -2.165354 -0.307477 0.638482,
        -2.165354 -0.208881 0.677178,
        -2.165354 0.050949 -0.190143,
        -2.165354 0.105620 -0.700746,
        -2.165354 0.000000 -0.708661,
        -2.165354 -0.170478 0.098425,
        -2.165354 -0.554054 0.441843,
        -2.165354 -0.482012 0.519485,
        -2.165354 -0.190143 -0.050949,
        -2.165354 -0.706680 -0.052958,
        -2.165354 -0.196850 0.000000,
        -2.165354 -0.706680 0.052958,
        -2.165354 -0.190143 0.050949,
        -2.165354 -0.170478 -0.098425,
        -2.165354 -0.659674 -0.258903,
        -2.165354 -0.690894 -0.157692,
        -2.165354 0.482012 0.519485,
        -2.165354 0.554054 0.441843,
        -2.165354 0.613719 0.354331,
        -2.165354 -0.690894 0.157692,
        -2.165354 -0.659674 0.258903,
        -2.165354 -0.613719 0.354331,
        -2.165354 0.139194 -0.139194,
        -2.165354 0.399203 -0.585524,
        -2.165354 0.098425 -0.170478,
        -2.165354 0.307477 -0.638482,
        -2.165354 0.208881 -0.677178,
        -2.165354 0.170478 -0.098425,
        -2.165354 0.554054 -0.441843,
        -2.165354 0.482012 -0.519485,
        -2.165354 0.190143 -0.050949,
        -2.165354 0.659674 -0.258903,
        -2.165354 0.613719 -0.354331,
        -2.165354 0.690894 0.157692,
        -2.165354 0.706680 0.052958,
        -2.165354 0.196850 -0.000000,
        -2.165354 0.706680 -0.052958,
        -2.165354 0.690894 -0.157692,
        -2.165354 -0.139194 -0.139194,
        -2.165354 -0.554054 -0.441843,
        -2.165354 -0.613719 -0.354331,
        -2.165354 -0.307477 -0.638482,
        -2.165354 -0.399203 -0.585524,
        -2.165354 -0.482012 -0.519485,
      ]
    }
    coordIndex [
      0, 1, 2, -1,
      3, 4, 5, -1,
      6, 7, 8, -1,
      7, 9, 10, -1,
      10, 11, 7, -1,
      7, 11, 12, -1,
      7, 12, 13, -1,
      13, 14, 7, -1,
      7, 14, 15, -1,
      7, 15, 16, -1,
      16, 17, 7, -1,
      7, 17, 18, -1,
      7, 18, 19, -1,
      19, 20, 7, -1,
      7, 20, 21, -1,
      7, 21, 22, -1,
      8, 7, 23, -1,
      22, 24, 7, -1,
      7, 24, 25, -1,
      7, 25, 23, -1,
      8, 26, 6, -1,
      6, 26, 27, -1,
      6, 27, 28, -1,
      28, 27, 29, -1,
      30, 6, 31, -1,
      31, 6, 28, -1,
      31, 28, 32, -1,
      32, 28, 33, -1,
      34, 35, 36, -1,
      36, 35, 37, -1,
      36, 37, 38, -1,
      35, 39, 37, -1,
      37, 39, 40, -1,
      37, 40, 41, -1,
      41, 40, 42, -1,
      41, 42, 43, -1,
      43, 44, 41, -1,
      41, 44, 45, -1,
      41, 45, 46, -1,
      46, 47, 41, -1,
      41, 47, 48, -1,
      41, 48, 49, -1,
      49, 48, 50, -1,
      49, 50, 51, -1,
      51, 50, 52, -1,
      53, 54, 55, -1,
      55, 54, 56, -1,
      55, 56, 57, -1,
      57, 58, 55, -1,
      55, 58, 59, -1,
      55, 59, 60, -1,
      60, 59, 61, -1,
      55, 62, 53, -1,
      53, 62, 63, -1,
      53, 63, 64, -1,
      64, 65, 53, -1,
      53, 65, 66, -1,
      53, 66, 67, -1,
      50, 68, 52, -1,
      52, 68, 53, -1,
      52, 53, 69, -1,
      69, 53, 67, -1,
      70, 71, 72, -1,
      72, 71, 73, -1,
      72, 73, 74, -1,
      74, 73, 41, -1,
      74, 41, 75, -1,
      75, 41, 49, -1,
      76, 77, 78, -1,
      78, 77, 79, -1,
      36, 79, 34, -1,
      34, 79, 77, -1,
      34, 77, 80, -1,
      81, 82, 83, -1,
      84, 85, 86, -1,
      86, 85, 87, -1,
      86, 87, 88, -1,
      88, 87, 89, -1,
      83, 82, 90, -1,
      91, 92, 88, -1,
      88, 92, 93, -1,
      88, 93, 82, -1,
      82, 93, 94, -1,
      82, 94, 95, -1,
      95, 96, 82, -1,
      82, 96, 97, -1,
      82, 97, 90, -1,
      90, 97, 98, -1,
      90, 98, 99, -1,
      99, 100, 90, -1,
      90, 100, 101, -1,
      90, 101, 102, -1,
      102, 103, 90, -1,
      90, 103, 104, -1,
      90, 104, 105, -1,
      106, 107, 108, -1,
      108, 107, 109, -1,
      110, 111, 112, -1,
      113, 114, 115, -1,
      115, 114, 116, -1,
      115, 116, 117, -1,
      117, 116, 110, -1,
      117, 110, 118, -1,
      118, 110, 112, -1,
      119, 120, 73, -1,
      121, 122, 123, -1,
      124, 125, 126, -1,
      123, 127, 121, -1,
      121, 127, 128, -1,
      121, 128, 126, -1,
      126, 128, 129, -1,
      126, 129, 124, -1,
      125, 130, 126, -1,
      126, 130, 131, -1,
      126, 131, 132, -1,
      131, 133, 132, -1,
      132, 133, 134, -1,
      132, 134, 135, -1,
      135, 136, 132, -1,
      132, 136, 137, -1,
      132, 137, 138, -1,
      138, 139, 132, -1,
      132, 139, 73, -1,
      132, 73, 89, -1,
      89, 73, 140, -1,
      139, 141, 73, -1,
      73, 141, 142, -1,
      73, 142, 143, -1,
      143, 144, 73, -1,
      73, 144, 117, -1,
      73, 117, 119, -1,
      119, 117, 118, -1,
      145, 146, 147, -1,
      147, 146, 148, -1,
      147, 148, 149, -1,
      9, 7, 120, -1,
      120, 7, 150, -1,
      120, 150, 73, -1,
      73, 150, 151, -1,
      73, 151, 152, -1,
      152, 153, 73, -1,
      73, 153, 154, -1,
      73, 154, 155, -1,
      155, 156, 73, -1,
      73, 156, 157, -1,
      73, 157, 158, -1,
      158, 159, 73, -1,
      73, 159, 160, -1,
      73, 160, 41, -1,
      41, 160, 161, -1,
      41, 161, 162, -1,
      162, 163, 41, -1,
      41, 163, 164, -1,
      41, 164, 165, -1,
      165, 166, 41, -1,
      41, 166, 167, -1,
      41, 167, 168, -1,
      168, 167, 169, -1,
      168, 169, 147, -1,
      147, 169, 170, -1,
      147, 170, 145, -1,
      4, 70, 171, -1,
      171, 172, 4, -1,
      4, 172, 173, -1,
      4, 173, 174, -1,
      174, 175, 4, -1,
      4, 175, 176, -1,
      4, 176, 5, -1,
      5, 177, 178, -1,
      178, 179, 180, -1,
      180, 181, 178, -1,
      178, 181, 182, -1,
      178, 182, 5, -1,
      5, 182, 183, -1,
      5, 183, 3, -1,
      184, 185, 186, -1,
      186, 185, 187, -1,
      186, 187, 188, -1,
      188, 187, 189, -1,
      188, 189, 190, -1,
      191, 192, 193, -1,
      192, 194, 193, -1,
      193, 194, 195, -1,
      193, 195, 9, -1,
      149, 196, 147, -1,
      147, 196, 197, -1,
      147, 197, 190, -1,
      190, 197, 198, -1,
      198, 199, 190, -1,
      190, 199, 200, -1,
      190, 200, 201, -1,
      201, 202, 190, -1,
      190, 202, 203, -1,
      190, 203, 204, -1,
      204, 205, 190, -1,
      190, 205, 206, -1,
      190, 206, 207, -1,
      191, 193, 208, -1,
      208, 193, 209, -1,
      208, 209, 210, -1,
      211, 212, 213, -1,
      213, 212, 214, -1,
      211, 215, 212, -1,
      212, 215, 216, -1,
      212, 216, 217, -1,
      217, 218, 212, -1,
      212, 218, 219, -1,
      212, 219, 121, -1,
      121, 219, 220, -1,
      121, 220, 122, -1,
      221, 222, 223, -1,
      223, 222, 210, -1,
      223, 210, 212, -1,
      224, 113, 225, -1,
      225, 113, 115, -1,
      225, 115, 209, -1,
      209, 115, 226, -1,
      209, 226, 210, -1,
      210, 226, 227, -1,
      210, 227, 212, -1,
      212, 227, 228, -1,
      212, 228, 214, -1,
      229, 230, 231, -1,
      229, 231, 232, -1,
      232, 231, 233, -1,
      232, 233, 234, -1,
      230, 235, 231, -1,
      231, 235, 236, -1,
      231, 236, 233, -1,
      195, 234, 9, -1,
      9, 234, 233, -1,
      9, 233, 10, -1,
      10, 233, 237, -1,
      10, 237, 238, -1,
      238, 237, 239, -1,
      238, 239, 240, -1,
      241, 10, 242, -1,
      242, 10, 238, -1,
      242, 238, 243, -1,
      243, 238, 240, -1,
      221, 81, 222, -1,
      222, 81, 83, -1,
      222, 83, 244, -1,
      244, 83, 245, -1,
      244, 245, 246, -1,
      246, 245, 247, -1,
      246, 247, 248, -1,
      249, 250, 251, -1,
      251, 250, 252, -1,
      251, 252, 253, -1,
      37, 185, 38, -1,
      38, 185, 184, -1,
      38, 184, 254, -1,
      254, 184, 255, -1,
      140, 256, 89, -1,
      89, 256, 257, -1,
      89, 257, 88, -1,
      88, 257, 108, -1,
      88, 108, 91, -1,
      91, 108, 109, -1,
      91, 109, 258, -1,
      258, 109, 259, -1,
      258, 259, 260, -1,
      260, 259, 261, -1,
      262, 263, 264, -1,
      262, 265, 266, -1,
      266, 267, 262, -1,
      262, 267, 268, -1,
      262, 268, 269, -1,
      269, 270, 262, -1,
      262, 270, 271, -1,
      262, 271, 263, -1,
      272, 273, 274, -1,
      104, 275, 105, -1,
      105, 275, 276, -1,
      105, 276, 274, -1,
      274, 276, 277, -1,
      274, 277, 272, -1,
      273, 278, 274, -1,
      274, 278, 279, -1,
      274, 279, 280, -1,
      280, 279, 281, -1,
      280, 281, 282, -1,
      282, 283, 280, -1,
      280, 283, 284, -1,
      280, 284, 285, -1,
      285, 286, 280, -1,
      280, 286, 287, -1,
      280, 287, 288, -1,
      288, 289, 280, -1,
      280, 289, 290, -1,
      280, 290, 291, -1,
      292, 291, 260, -1,
      292, 293, 291, -1,
      291, 293, 294, -1,
      291, 294, 280, -1,
      280, 294, 295, -1,
      280, 295, 249, -1,
      249, 295, 296, -1,
      249, 296, 250, -1,
      294, 297, 295, -1,
      295, 297, 298, -1,
      295, 298, 299, -1,
      300, 301, 302, -1,
      302, 301, 303, -1,
      300, 304, 301, -1,
      301, 304, 305, -1,
      301, 305, 306, -1,
      306, 307, 301, -1,
      301, 307, 308, -1,
      301, 308, 309, -1,
      310, 311, 261, -1,
      261, 311, 312, -1,
      261, 312, 260, -1,
      260, 312, 313, -1,
      260, 313, 292, -1,
      292, 313, 301, -1,
      292, 301, 314, -1,
      314, 301, 309, -1,
      315, 316, 317, -1,
      317, 318, 315, -1,
      315, 318, 319, -1,
      315, 319, 320, -1,
      320, 321, 315, -1,
      315, 321, 322, -1,
      315, 322, 323, -1,
      324, 325, 326, -1,
      326, 325, 315, -1,
      326, 315, 327, -1,
      327, 315, 323, -1,
      324, 328, 325, -1,
      325, 328, 329, -1,
      325, 329, 330, -1,
      330, 331, 325, -1,
      325, 331, 332, -1,
      325, 332, 333, -1,
      334, 335, 336, -1,
      336, 335, 337, -1,
      334, 338, 335, -1,
      335, 338, 339, -1,
      335, 339, 340, -1,
      341, 342, 343, -1,
      343, 344, 341, -1,
      341, 344, 345, -1,
      341, 345, 346, -1,
      346, 347, 341, -1,
      341, 347, 348, -1,
      341, 348, 349, -1,
      349, 348, 335, -1,
      349, 335, 350, -1,
      350, 335, 340, -1,
      315, 255, 295, -1,
      351, 352, 264, -1,
      264, 352, 353, -1,
      353, 354, 264, -1,
      264, 354, 355, -1,
      264, 355, 356, -1,
      356, 357, 264, -1,
      264, 357, 358, -1,
      264, 358, 359, -1,
      299, 262, 295, -1,
      295, 262, 264, -1,
      295, 264, 360, -1,
      360, 264, 359, -1,
      360, 361, 295, -1,
      295, 361, 362, -1,
      295, 362, 315, -1,
      315, 362, 363, -1,
      315, 363, 316, -1,
      364, 365, 71, -1,
      70, 4, 71, -1,
      71, 4, 366, -1,
      71, 366, 367, -1,
      368, 71, 369, -1,
      369, 71, 367, -1,
      369, 367, 370, -1,
      368, 371, 71, -1,
      71, 371, 372, -1,
      71, 372, 373, -1,
      373, 374, 71, -1,
      71, 374, 375, -1,
      71, 375, 364, -1,
      365, 376, 71, -1,
      71, 376, 377, -1,
      71, 377, 378, -1,
      378, 379, 71, -1,
      71, 379, 380, -1,
      71, 380, 381, -1,
      381, 380, 382, -1,
      381, 382, 383, -1,
      384, 385, 386, -1,
      383, 387, 381, -1,
      381, 387, 388, -1,
      381, 388, 386, -1,
      386, 388, 389, -1,
      386, 389, 384, -1,
      385, 390, 386, -1,
      386, 390, 391, -1,
      386, 391, 392, -1,
      392, 391, 393, -1,
      392, 393, 394, -1,
      394, 393, 395, -1,
      394, 395, 396, -1,
      396, 395, 397, -1,
      396, 397, 398, -1,
      399, 397, 400, -1,
      400, 397, 401, -1,
      399, 402, 397, -1,
      397, 402, 403, -1,
      397, 403, 404, -1,
      404, 405, 397, -1,
      397, 405, 406, -1,
      397, 406, 398, -1,
      265, 262, 407, -1,
      407, 262, 408, -1,
      407, 408, 409, -1,
      409, 408, 410, -1,
      409, 410, 411, -1,
      411, 410, 412, -1,
      411, 412, 397, -1,
      397, 412, 413, -1,
      397, 413, 401, -1,
      77, 414, 80, -1,
      80, 414, 415, -1,
      80, 415, 335, -1,
      416, 417, 415, -1,
      415, 417, 325, -1,
      415, 325, 335, -1,
      335, 325, 333, -1,
      335, 333, 337, -1,
      418, 419, 420, -1,
      420, 419, 421, -1,
      422, 423, 424, -1,
      424, 423, 421, -1,
      424, 421, 425, -1,
      425, 421, 419, -1,
      423, 426, 421, -1,
      421, 426, 427, -1,
      421, 427, 428, -1,
      428, 429, 421, -1,
      421, 429, 430, -1,
      421, 430, 431, -1,
      431, 432, 421, -1,
      421, 432, 433, -1,
      421, 433, 434, -1,
      434, 435, 421, -1,
      421, 435, 436, -1,
      421, 436, 437, -1,
      437, 438, 421, -1,
      421, 438, 439, -1,
      421, 439, 440, -1,
      440, 441, 421, -1,
      421, 441, 442, -1,
      421, 442, 443, -1,
      443, 444, 421, -1,
      421, 444, 445, -1,
      421, 445, 446, -1,
      446, 445, 447, -1,
      446, 447, 448, -1,
      448, 447, 449, -1,
      449, 447, 450, -1,
      449, 450, 451, -1,
      451, 450, 452, -1,
      451, 452, 453, -1,
      453, 454, 451, -1,
      451, 454, 455, -1,
      451, 455, 456, -1,
      456, 455, 263, -1,
      456, 263, 457, -1,
      457, 263, 271, -1,
      454, 458, 455, -1,
      455, 458, 459, -1,
      455, 459, 460, -1,
      460, 461, 455, -1,
      455, 461, 462, -1,
      455, 462, 463, -1,
      462, 464, 463, -1,
      463, 464, 465, -1,
      463, 465, 466, -1,
      466, 465, 467, -1,
      466, 467, 59, -1,
      59, 467, 468, -1,
      59, 468, 61, -1,
      347, 469, 348, -1,
      348, 469, 470, -1,
      348, 470, 471, -1,
      471, 472, 348, -1,
      348, 472, 473, -1,
      348, 473, 474, -1,
      474, 475, 348, -1,
      348, 475, 476, -1,
      348, 476, 477, -1,
      478, 479, 480, -1,
      480, 479, 481, -1,
      480, 481, 482, -1,
      477, 483, 348, -1,
      348, 483, 481, -1,
      348, 481, 484, -1,
      484, 481, 479, -1,
      484, 479, 485, -1,
      486, 487, 488, -1,
      488, 487, 489, -1,
      488, 489, 490, -1,
      490, 489, 491, -1,
      491, 489, 492, -1,
      491, 492, 493, -1,
      493, 492, 494, -1,
      493, 494, 140, -1,
      140, 494, 495, -1,
      140, 495, 256, -1,
      256, 495, 496, -1,
      256, 496, 303, -1,
      303, 496, 497, -1,
      303, 497, 302, -1,
      498, 499, 2, -1,
      2, 500, 498, -1,
      498, 500, 501, -1,
      498, 501, 502, -1,
      502, 503, 498, -1,
      498, 503, 504, -1,
      498, 504, 505, -1,
      506, 507, 188, -1,
      188, 507, 508, -1,
      188, 508, 509, -1,
      509, 510, 188, -1,
      188, 510, 511, -1,
      188, 511, 512, -1,
      513, 186, 514, -1,
      514, 186, 188, -1,
      514, 188, 515, -1,
      515, 188, 512, -1,
      516, 517, 499, -1,
      518, 519, 520, -1,
      520, 519, 521, -1,
      520, 521, 522, -1,
      522, 523, 520, -1,
      520, 523, 524, -1,
      520, 524, 499, -1,
      499, 524, 525, -1,
      499, 525, 516, -1,
      517, 526, 499, -1,
      499, 526, 527, -1,
      499, 527, 528, -1,
      528, 529, 499, -1,
      499, 529, 530, -1,
      499, 530, 531, -1,
      531, 532, 499, -1,
      499, 532, 533, -1,
      499, 533, 534, -1,
      534, 535, 499, -1,
      499, 535, 536, -1,
      499, 536, 2, -1,
      2, 536, 537, -1,
      2, 537, 0, -1,
      538, 539, 295, -1,
      255, 184, 295, -1,
      295, 184, 540, -1,
      295, 540, 538, -1,
      539, 541, 295, -1,
      295, 541, 542, -1,
      295, 542, 543, -1,
      544, 545, 546, -1,
      543, 547, 295, -1,
      295, 547, 548, -1,
      295, 548, 549, -1,
      549, 550, 295, -1,
      295, 550, 551, -1,
      295, 551, 552, -1,
      544, 546, 552, -1,
      553, 554, 555, -1,
      555, 554, 556, -1,
      555, 556, 557, -1,
      558, 559, 560, -1,
      557, 561, 555, -1,
      555, 561, 560, -1,
      555, 560, 562, -1,
      562, 560, 559, -1,
      545, 563, 546, -1,
      546, 563, 553, -1,
      546, 553, 564, -1,
      564, 553, 555, -1,
      565, 566, 567, -1,
      567, 566, 568, -1,
      567, 568, 569, -1,
      569, 568, 570, -1,
      569, 570, 560, -1,
      560, 570, 571, -1,
      560, 571, 558, -1,
      552, 546, 295, -1,
      295, 546, 572, -1,
      295, 572, 573, -1,
      574, 575, 576, -1,
      574, 576, 573, -1,
      577, 578, 576, -1,
      577, 576, 579, -1,
      575, 580, 576, -1,
      576, 580, 581, -1,
      576, 581, 579, -1,
      578, 582, 576, -1,
      576, 582, 583, -1,
      576, 583, 584, -1,
      584, 583, 585, -1,
      584, 585, 586, -1,
      584, 587, 576, -1,
      576, 587, 588, -1,
      576, 588, 589, -1,
      589, 590, 576, -1,
      576, 590, 591, -1,
      576, 591, 520, -1,
      520, 591, 592, -1,
      520, 592, 518, -1,
      565, 567, 593, -1,
      593, 567, 594, -1,
      593, 594, 595, -1,
      595, 594, 596, -1,
      595, 596, 597, -1,
      597, 596, 598, -1,
      597, 598, 599, -1,
      598, 600, 599, -1,
      599, 600, 601, -1,
      599, 601, 602, -1,
      602, 601, 603, -1,
      602, 603, 604, -1,
      604, 605, 602, -1,
      602, 605, 606, -1,
      602, 606, 607, -1,
      607, 608, 602, -1,
      602, 608, 609, -1,
      602, 609, 610, -1,
      610, 611, 602, -1,
      602, 611, 612, -1,
      602, 612, 613, -1,
      613, 614, 615, -1,
      615, 614, 616, -1,
      615, 616, 617, -1,
      613, 615, 602, -1,
      602, 615, 618, -1,
      602, 618, 619, -1,
      619, 620, 602, -1,
      602, 620, 621, -1,
      602, 621, 622, -1,
      623, 624, 625, -1,
      623, 625, 626, -1,
      624, 627, 625, -1,
      625, 627, 628, -1,
      625, 628, 629, -1,
      629, 630, 625, -1,
      625, 630, 631, -1,
      625, 631, 632, -1,
      632, 633, 625, -1,
      625, 633, 634, -1,
      625, 634, 635, -1,
      635, 634, 636, -1,
      635, 636, 637, -1,
      638, 639, 640, -1,
      640, 639, 641, -1,
      640, 641, 642, -1,
      642, 643, 640, -1,
      640, 643, 644, -1,
      640, 644, 645, -1,
      645, 646, 640, -1,
      640, 646, 647, -1,
      640, 647, 648, -1,
      648, 649, 640, -1,
      640, 649, 650, -1,
      640, 650, 651, -1,
      651, 652, 640, -1,
      640, 652, 653, -1,
      640, 653, 654, -1,
      654, 655, 640, -1,
      640, 655, 656, -1,
      640, 656, 657, -1,
      658, 659, 660, -1,
      657, 661, 640, -1,
      640, 661, 662, -1,
      640, 662, 660, -1,
      660, 662, 663, -1,
      660, 663, 658, -1,
      636, 664, 637, -1,
      637, 664, 665, -1,
      637, 665, 666, -1,
      666, 665, 660, -1,
      666, 660, 667, -1,
      667, 660, 659, -1,
      668, 669, 622, -1,
      622, 669, 670, -1,
      622, 670, 602, -1,
      668, 671, 669, -1,
      669, 671, 672, -1,
      669, 672, 640, -1,
      640, 672, 673, -1,
      640, 673, 638, -1,
      674, 675, 676, -1,
      676, 677, 674, -1,
      674, 677, 678, -1,
      674, 678, 679, -1,
      675, 674, 680, -1,
      680, 674, 681, -1,
      680, 681, 682, -1,
      683, 684, 681, -1,
      681, 684, 685, -1,
      681, 685, 682, -1,
      686, 687, 688, -1,
      688, 689, 686, -1,
      686, 689, 690, -1,
      686, 690, 683, -1,
      683, 690, 691, -1,
      683, 691, 684, -1,
      692, 693, 687, -1,
      687, 693, 694, -1,
      687, 694, 688, -1,
      695, 696, 697, -1,
      697, 696, 698, -1,
      697, 698, 692, -1,
      692, 698, 699, -1,
      692, 699, 693, -1,
      700, 701, 697, -1,
      697, 701, 702, -1,
      697, 702, 695, -1,
      703, 704, 700, -1,
      700, 704, 705, -1,
      700, 705, 701, -1,
      706, 707, 703, -1,
      703, 707, 708, -1,
      703, 708, 704, -1,
      706, 703, 709, -1,
      709, 703, 710, -1,
      709, 710, 632, -1,
      632, 710, 711, -1,
      632, 711, 712, -1,
      712, 713, 632, -1,
      632, 713, 714, -1,
      632, 714, 633, -1,
      679, 715, 674, -1,
      674, 715, 716, -1,
      674, 716, 717, -1,
      717, 716, 718, -1,
      717, 718, 719, -1,
      719, 718, 720, -1,
      721, 722, 723, -1,
      723, 722, 724, -1,
      723, 724, 725, -1,
      625, 726, 626, -1,
      626, 726, 724, -1,
      626, 724, 727, -1,
      727, 724, 722, -1,
      727, 722, 728, -1,
      513, 729, 186, -1,
      186, 729, 730, -1,
      186, 730, 731, -1,
      731, 732, 186, -1,
      186, 732, 733, -1,
      186, 733, 734, -1,
      734, 735, 186, -1,
      186, 735, 736, -1,
      186, 736, 737, -1,
      737, 738, 186, -1,
      186, 738, 739, -1,
      186, 739, 740, -1,
      740, 741, 186, -1,
      186, 741, 742, -1,
      186, 742, 184, -1,
      184, 742, 743, -1,
      184, 743, 744, -1,
      744, 745, 184, -1,
      184, 745, 746, -1,
      184, 746, 540, -1,
      207, 208, 190, -1,
      190, 208, 210, -1,
      190, 210, 188, -1,
      188, 210, 747, -1,
      188, 747, 748, -1,
      748, 747, 749, -1,
      748, 749, 750, -1,
      750, 749, 751, -1,
      750, 751, 752, -1,
      752, 751, 753, -1,
      752, 753, 754, -1,
      754, 753, 755, -1,
      754, 755, 756, -1,
      756, 755, 757, -1,
      756, 757, 758, -1,
      758, 757, 759, -1,
      758, 759, 760, -1,
      760, 759, 761, -1,
      760, 761, 762, -1,
      762, 761, 763, -1,
      762, 763, 764, -1,
      764, 763, 765, -1,
      764, 765, 766, -1,
      766, 765, 767, -1,
      766, 767, 768, -1,
      768, 767, 769, -1,
      768, 769, 770, -1,
      770, 769, 771, -1,
      770, 771, 772, -1,
      772, 771, 773, -1,
      772, 773, 774, -1,
      774, 773, 775, -1,
      774, 775, 776, -1,
      776, 775, 777, -1,
      776, 777, 778, -1,
      778, 777, 779, -1,
      778, 779, 780, -1,
      780, 779, 781, -1,
      780, 781, 782, -1,
      782, 781, 783, -1,
      782, 783, 784, -1,
      784, 783, 785, -1,
      784, 785, 786, -1,
      786, 785, 787, -1,
      786, 787, 788, -1,
      788, 787, 789, -1,
      788, 789, 790, -1,
      790, 789, 791, -1,
      790, 791, 792, -1,
      792, 791, 793, -1,
      792, 793, 794, -1,
      794, 793, 795, -1,
      794, 795, 796, -1,
      796, 795, 797, -1,
      796, 797, 798, -1,
      798, 797, 246, -1,
      798, 246, 295, -1,
      295, 246, 248, -1,
      295, 248, 296, -1,
      573, 576, 295, -1,
      295, 576, 799, -1,
      295, 799, 798, -1,
      798, 799, 800, -1,
      798, 800, 796, -1,
      796, 800, 801, -1,
      796, 801, 794, -1,
      794, 801, 802, -1,
      794, 802, 792, -1,
      792, 802, 803, -1,
      792, 803, 790, -1,
      790, 803, 804, -1,
      790, 804, 788, -1,
      788, 804, 805, -1,
      788, 805, 786, -1,
      786, 805, 806, -1,
      786, 806, 784, -1,
      784, 806, 807, -1,
      784, 807, 782, -1,
      782, 807, 808, -1,
      782, 808, 780, -1,
      780, 808, 809, -1,
      780, 809, 778, -1,
      778, 809, 810, -1,
      778, 810, 776, -1,
      776, 810, 811, -1,
      776, 811, 774, -1,
      774, 811, 812, -1,
      774, 812, 772, -1,
      772, 812, 813, -1,
      772, 813, 770, -1,
      770, 813, 814, -1,
      770, 814, 768, -1,
      768, 814, 815, -1,
      768, 815, 766, -1,
      766, 815, 816, -1,
      766, 816, 764, -1,
      764, 816, 817, -1,
      764, 817, 762, -1,
      762, 817, 818, -1,
      762, 818, 760, -1,
      760, 818, 819, -1,
      760, 819, 758, -1,
      758, 819, 820, -1,
      758, 820, 756, -1,
      756, 820, 821, -1,
      756, 821, 754, -1,
      754, 821, 822, -1,
      754, 822, 752, -1,
      752, 822, 823, -1,
      752, 823, 750, -1,
      750, 823, 824, -1,
      750, 824, 748, -1,
      748, 824, 498, -1,
      748, 498, 188, -1,
      188, 498, 505, -1,
      188, 505, 506, -1,
      825, 826, 827, -1,
      828, 829, 830, -1,
      830, 829, 831, -1,
      830, 831, 826, -1,
      826, 831, 832, -1,
      826, 832, 827, -1,
      833, 834, 828, -1,
      828, 834, 835, -1,
      828, 835, 829, -1,
      836, 837, 838, -1,
      838, 837, 839, -1,
      838, 839, 840, -1,
      841, 842, 843, -1,
      844, 845, 846, -1,
      846, 845, 847, -1,
      846, 847, 848, -1,
      839, 849, 840, -1,
      840, 849, 850, -1,
      840, 850, 851, -1,
      843, 852, 841, -1,
      841, 852, 853, -1,
      841, 853, 836, -1,
      836, 853, 854, -1,
      836, 854, 837, -1,
      855, 856, 857, -1,
      857, 856, 858, -1,
      857, 858, 842, -1,
      842, 858, 859, -1,
      842, 859, 843, -1,
      860, 861, 862, -1,
      862, 861, 863, -1,
      862, 863, 864, -1,
      827, 865, 825, -1,
      825, 865, 866, -1,
      825, 866, 867, -1,
      868, 869, 833, -1,
      833, 869, 870, -1,
      833, 870, 834, -1,
      850, 871, 851, -1,
      851, 871, 872, -1,
      851, 872, 844, -1,
      844, 872, 873, -1,
      844, 873, 845, -1,
      874, 875, 855, -1,
      855, 875, 876, -1,
      855, 876, 856, -1,
      847, 877, 848, -1,
      848, 877, 878, -1,
      848, 878, 868, -1,
      868, 878, 879, -1,
      868, 879, 869, -1,
      863, 880, 864, -1,
      864, 880, 881, -1,
      864, 881, 874, -1,
      874, 881, 882, -1,
      874, 882, 875, -1,
      883, 884, 860, -1,
      860, 884, 885, -1,
      860, 885, 861, -1,
      866, 886, 867, -1,
      867, 886, 887, -1,
      867, 887, 888, -1,
      888, 887, 889, -1,
      888, 889, 883, -1,
      883, 889, 890, -1,
      883, 890, 884, -1,
      891, 892, 893, -1,
      894, 895, 896, -1,
      896, 895, 897, -1,
      896, 897, 898, -1,
      899, 900, 901, -1,
      902, 903, 904, -1,
      904, 903, 905, -1,
      904, 905, 906, -1,
      893, 907, 891, -1,
      891, 907, 908, -1,
      891, 908, 902, -1,
      902, 908, 909, -1,
      902, 909, 903, -1,
      910, 911, 912, -1,
      912, 911, 913, -1,
      912, 913, 892, -1,
      892, 913, 914, -1,
      892, 914, 893, -1,
      915, 916, 894, -1,
      894, 916, 917, -1,
      894, 917, 895, -1,
      918, 919, 910, -1,
      910, 919, 920, -1,
      910, 920, 911, -1,
      921, 922, 923, -1,
      923, 922, 924, -1,
      923, 924, 925, -1,
      926, 927, 921, -1,
      921, 927, 928, -1,
      921, 928, 922, -1,
      905, 929, 906, -1,
      906, 929, 930, -1,
      906, 930, 901, -1,
      901, 930, 931, -1,
      901, 931, 899, -1,
      924, 932, 925, -1,
      925, 932, 933, -1,
      925, 933, 918, -1,
      918, 933, 934, -1,
      918, 934, 919, -1,
      935, 936, 937, -1,
      937, 936, 938, -1,
      937, 938, 915, -1,
      915, 938, 939, -1,
      915, 939, 916, -1,
      940, 941, 935, -1,
      935, 941, 942, -1,
      935, 942, 936, -1,
      943, 944, 940, -1,
      940, 944, 945, -1,
      940, 945, 941, -1,
      899, 946, 900, -1,
      900, 946, 947, -1,
      900, 947, 948, -1,
      948, 947, 949, -1,
      948, 949, 943, -1,
      943, 949, 950, -1,
      943, 950, 944, -1,
      951, 952, 926, -1,
      926, 952, 953, -1,
      926, 953, 927, -1,
      897, 954, 898, -1,
      898, 954, 955, -1,
      898, 955, 951, -1,
      951, 955, 956, -1,
      951, 956, 952, -1,
    ]
  }
}

Shape {
  appearance Appearance {
    material Material {
      diffuseColor 0.6667 0.6980 0.7686
      specularColor 0.3333 0.3490 0.3843
      ambientIntensity 0.2
      transparency 0.0000
      shininess 0.5
    }
  }
  geometry IndexedFaceSet {
    ccw TRUE
    solid FALSE
    coord DEF co Coordinate {
      point [
        -2.850469 0.059055 -2.755906,
        -2.838670 0.030569 -2.755906,
        -2.952756 0.000000 -2.755906,
        -2.834646 0.000000 -2.755906,
        -2.838670 -0.030569 -2.755906,
        -2.922187 0.114086 -2.755906,
        -2.893701 0.102287 -2.755906,
        -2.869239 0.083517 -2.755906,
        -3.011811 0.102287 -2.755906,
        -2.983325 0.114086 -2.755906,
        -2.952756 0.118110 -2.755906,
        -3.066842 0.030569 -2.755906,
        -3.055043 0.059055 -2.755906,
        -3.036272 0.083517 -2.755906,
        -3.055043 -0.059055 -2.755906,
        -3.066842 -0.030569 -2.755906,
        -3.070866 0.000000 -2.755906,
        -2.983325 -0.114086 -2.755906,
        -3.011811 -0.102287 -2.755906,
        -3.036272 -0.083517 -2.755906,
        -2.893701 -0.102287 -2.755906,
        -2.922187 -0.114086 -2.755906,
        -2.952756 -0.118110 -2.755906,
        -2.850469 -0.059055 -2.755906,
        -2.869239 -0.083517 -2.755906,
        -2.755906 0.000000 0.118110,
        -2.244094 0.030569 0.114086,
        -2.755906 0.030569 0.114086,
        -2.244094 0.059055 0.102287,
        -2.755906 0.059055 0.102287,
        -2.244094 0.083517 0.083517,
        -2.755906 0.083517 0.083517,
        -2.244094 0.102287 0.059055,
        -2.755906 0.102287 0.059055,
        -2.244094 0.114086 0.030569,
        -2.755906 0.114086 0.030569,
        -2.244094 0.118110 0.000000,
        -2.755906 0.118110 0.000000,
        -2.244094 0.114086 -0.030569,
        -2.755906 0.114086 -0.030569,
        -2.244094 0.102287 -0.059055,
        -2.755906 0.102287 -0.059055,
        -2.244094 0.083517 -0.083517,
        -2.755906 0.083517 -0.083517,
        -2.244094 0.059055 -0.102287,
        -2.755906 0.059055 -0.102287,
        -2.244094 0.030569 -0.114086,
        -2.755906 0.030569 -0.114086,
        -2.244094 0.000000 -0.118110,
        -2.755906 0.000000 -0.118110,
        -2.244094 -0.030569 -0.114086,
        -2.755906 -0.030569 -0.114086,
        -2.244094 -0.059055 -0.102287,
        -2.755906 -0.059055 -0.102287,
        -2.244094 -0.083517 -0.083517,
        -2.755906 -0.083517 -0.083517,
        -2.244094 -0.102287 -0.059055,
        -2.755906 -0.102287 -0.059055,
        -2.244094 -0.114086 -0.030569,
        -2.755906 -0.114086 -0.030569,
        -2.244094 -0.118110 -0.000000,
        -2.755906 -0.118110 -0.000000,
        -2.244094 -0.114086 0.030569,
        -2.755906 -0.114086 0.030569,
        -2.244094 -0.102287 0.059055,
        -2.755906 -0.102287 0.059055,
        -2.244094 -0.083517 0.083517,
        -2.755906 -0.083517 0.083517,
        -2.244094 -0.059055 0.102287,
        -2.755906 -0.059055 0.102287,
        -2.244094 -0.030569 0.114086,
        -2.755906 -0.030569 0.114086,
        -2.244094 0.000000 0.118110,
        -2.834646 0.000000 -0.196850,
        -2.832672 0.000000 -0.179329,
        -2.838670 -0.030569 -0.196850,
        -2.836595 -0.030569 -0.178433,
        -2.850469 -0.059055 -0.196850,
        -2.848098 -0.059055 -0.175808,
        -2.869239 -0.083517 -0.196850,
        -2.866398 -0.083517 -0.171631,
        -2.893701 -0.102287 -0.196850,
        -2.890246 -0.102287 -0.166188,
        -2.922187 -0.114086 -0.196850,
        -2.918018 -0.114086 -0.159849,
        -2.952756 -0.118110 -0.196850,
        -2.947820 -0.118110 -0.153047,
        -2.983325 -0.114086 -0.196850,
        -2.977623 -0.114086 -0.146245,
        -3.011811 -0.102287 -0.196850,
        -3.005395 -0.102287 -0.139906,
        -3.036272 -0.083517 -0.196850,
        -3.029243 -0.083517 -0.134463,
        -3.055043 -0.059055 -0.196850,
        -3.047542 -0.059055 -0.130286,
        -3.066842 -0.030569 -0.196850,
        -3.059046 -0.030569 -0.127661,
        -3.070866 0.000000 -0.196850,
        -3.062970 0.000000 -0.126765,
        -3.066842 0.030569 -0.196850,
        -3.059046 0.030569 -0.127661,
        -3.055043 0.059055 -0.196850,
        -3.047542 0.059055 -0.130286,
        -3.036272 0.083517 -0.196850,
        -3.029243 0.083517 -0.134463,
        -3.011811 0.102287 -0.196850,
        -3.005395 0.102287 -0.139906,
        -2.983325 0.114086 -0.196850,
        -2.977623 0.114086 -0.146245,
        -2.952756 0.118110 -0.196850,
        -2.947820 0.118110 -0.153047,
        -2.922187 0.114086 -0.196850,
        -2.918018 0.114086 -0.159849,
        -2.893701 0.102287 -0.196850,
        -2.890246 0.102287 -0.166188,
        -2.869239 0.083517 -0.196850,
        -2.866398 0.083517 -0.171631,
        -2.850469 0.059055 -0.196850,
        -2.848098 0.059055 -0.175808,
        -2.838670 0.030569 -0.196850,
        -2.836595 0.030569 -0.178433,
        -2.826848 0.000000 -0.162686,
        -2.830474 -0.030569 -0.160940,
        -2.841105 -0.059055 -0.155820,
        -2.858016 -0.083517 -0.147677,
        -2.880055 -0.102287 -0.137063,
        -2.905720 -0.114086 -0.124704,
        -2.933261 -0.118110 -0.111440,
        -2.960804 -0.114086 -0.098177,
        -2.986469 -0.102287 -0.085817,
        -3.008507 -0.083517 -0.075204,
        -3.025419 -0.059055 -0.067060,
        -3.036049 -0.030569 -0.061940,
        -3.039675 0.000000 -0.060194,
        -3.036049 0.030569 -0.061940,
        -3.025419 0.059055 -0.067060,
        -3.008507 0.083517 -0.075204,
        -2.986469 0.102287 -0.085817,
        -2.960804 0.114086 -0.098177,
        -2.933261 0.118110 -0.111440,
        -2.905720 0.114086 -0.124704,
        -2.880055 0.102287 -0.137063,
        -2.858016 0.083517 -0.147677,
        -2.841105 0.059055 -0.155820,
        -2.830474 0.030569 -0.160940,
        -2.817467 0.000000 -0.147757,
        -2.820613 -0.030569 -0.145248,
        -2.829839 -0.059055 -0.137891,
        -2.844513 -0.083517 -0.126188,
        -2.863638 -0.102287 -0.110937,
        -2.885909 -0.114086 -0.093176,
        -2.909809 -0.118110 -0.074116,
        -2.933709 -0.114086 -0.055057,
        -2.955980 -0.102287 -0.037296,
        -2.975105 -0.083517 -0.022044,
        -2.989780 -0.059055 -0.010342,
        -2.999005 -0.030569 -0.002985,
        -3.002152 0.000000 -0.000476,
        -2.999005 0.030569 -0.002985,
        -2.989780 0.059055 -0.010342,
        -2.975105 0.083517 -0.022044,
        -2.955980 0.102287 -0.037296,
        -2.933709 0.114086 -0.055057,
        -2.909809 0.118110 -0.074116,
        -2.885909 0.114086 -0.093176,
        -2.863638 0.102287 -0.110937,
        -2.844513 0.083517 -0.126188,
        -2.829839 0.059055 -0.137891,
        -2.820613 0.030569 -0.145248,
        -2.804999 0.000000 -0.135289,
        -2.807508 -0.030569 -0.132143,
        -2.814865 -0.059055 -0.122917,
        -2.826568 -0.083517 -0.108243,
        -2.841819 -0.102287 -0.089118,
        -2.859580 -0.114086 -0.066846,
        -2.878640 -0.118110 -0.042946,
        -2.897699 -0.114086 -0.019046,
        -2.915460 -0.102287 0.003224,
        -2.930711 -0.083517 0.022349,
        -2.942414 -0.059055 0.037024,
        -2.949771 -0.030569 0.046249,
        -2.952280 0.000000 0.049396,
        -2.949771 0.030569 0.046249,
        -2.942414 0.059055 0.037024,
        -2.930711 0.083517 0.022349,
        -2.915460 0.102287 0.003224,
        -2.897699 0.114086 -0.019046,
        -2.878640 0.118110 -0.042946,
        -2.859580 0.114086 -0.066846,
        -2.841819 0.102287 -0.089118,
        -2.826568 0.083517 -0.108243,
        -2.814865 0.059055 -0.122917,
        -2.807508 0.030569 -0.132143,
        -2.790070 0.000000 -0.125908,
        -2.791816 -0.030569 -0.122282,
        -2.796935 -0.059055 -0.111651,
        -2.805079 -0.083517 -0.094740,
        -2.815693 -0.102287 -0.072701,
        -2.828052 -0.114086 -0.047036,
        -2.841316 -0.118110 -0.019494,
        -2.854579 -0.114086 0.008048,
        -2.866939 -0.102287 0.033713,
        -2.877552 -0.083517 0.055752,
        -2.885696 -0.059055 0.072663,
        -2.890815 -0.030569 0.083293,
        -2.892562 0.000000 0.086919,
        -2.890815 0.030569 0.083293,
        -2.885696 0.059055 0.072663,
        -2.877552 0.083517 0.055752,
        -2.866939 0.102287 0.033713,
        -2.854579 0.114086 0.008048,
        -2.841316 0.118110 -0.019494,
        -2.828052 0.114086 -0.047036,
        -2.815693 0.102287 -0.072701,
        -2.805079 0.083517 -0.094740,
        -2.796935 0.059055 -0.111651,
        -2.791816 0.030569 -0.122282,
        -2.773427 0.000000 -0.120084,
        -2.774322 -0.030569 -0.116161,
        -2.776948 -0.059055 -0.104657,
        -2.781124 -0.083517 -0.086358,
        -2.786568 -0.102287 -0.062510,
        -2.792907 -0.114086 -0.034738,
        -2.799709 -0.118110 -0.004935,
        -2.806511 -0.114086 0.024867,
        -2.812850 -0.102287 0.052639,
        -2.818293 -0.083517 0.076487,
        -2.822470 -0.059055 0.094787,
        -2.825095 -0.030569 0.106290,
        -2.825991 0.000000 0.110213,
        -2.825095 0.030569 0.106290,
        -2.822470 0.059055 0.094787,
        -2.818293 0.083517 0.076487,
        -2.812850 0.102287 0.052639,
        -2.806511 0.114086 0.024867,
        -2.799709 0.118110 -0.004935,
        -2.792907 0.114086 -0.034738,
        -2.786568 0.102287 -0.062510,
        -2.781124 0.083517 -0.086358,
        -2.776948 0.059055 -0.104657,
        -2.774322 0.030569 -0.116161,
        2.850469 -0.059055 -2.755906,
        2.838670 -0.030569 -2.755906,
        2.952756 0.000000 -2.755906,
        2.834646 -0.000000 -2.755906,
        2.838670 0.030569 -2.755906,
        2.922187 -0.114086 -2.755906,
        2.893701 -0.102287 -2.755906,
        2.869239 -0.083517 -2.755906,
        3.011811 -0.102287 -2.755906,
        2.983325 -0.114086 -2.755906,
        2.952756 -0.118110 -2.755906,
        3.066842 -0.030569 -2.755906,
        3.055043 -0.059055 -2.755906,
        3.036272 -0.083517 -2.755906,
        3.055043 0.059055 -2.755906,
        3.066842 0.030569 -2.755906,
        3.070866 0.000000 -2.755906,
        2.983325 0.114086 -2.755906,
        3.011811 0.102287 -2.755906,
        3.036272 0.083517 -2.755906,
        2.893701 0.102287 -2.755906,
        2.922187 0.114086 -2.755906,
        2.952756 0.118110 -2.755906,
        2.850469 0.059055 -2.755906,
        2.869239 0.083517 -2.755906,
        2.755906 0.000000 -0.118110,
        2.244094 0.030569 -0.114086,
        2.755906 0.030569 -0.114086,
        2.244094 0.059055 -0.102287,
        2.755906 0.059055 -0.102287,
        2.244094 0.083517 -0.083517,
        2.755906 0.083517 -0.083517,
        2.244094 0.102287 -0.059055,
        2.755906 0.102287 -0.059055,
        2.244094 0.114086 -0.030569,
        2.755906 0.114086 -0.030569,
        2.244094 0.118110 -0.000000,
        2.755906 0.118110 0.000000,
        2.244094 0.114086 0.030569,
        2.755906 0.114086 0.030569,
        2.244094 0.102287 0.059055,
        2.755906 0.102287 0.059055,
        2.244094 0.083517 0.083517,
        2.755906 0.083517 0.083517,
        2.244094 0.059055 0.102287,
        2.755906 0.059055 0.102287,
        2.244094 0.030569 0.114086,
        2.755906 0.030569 0.114086,
        2.244094 0.000000 0.118110,
        2.755906 0.000000 0.118110,
        2.244094 -0.030569 0.114086,
        2.755906 -0.030569 0.114086,
        2.244094 -0.059055 0.102287,
        2.755906 -0.059055 0.102287,
        2.244094 -0.083517 0.083517,
        2.755906 -0.083517 0.083517,
        2.244094 -0.102287 0.059055,
        2.755906 -0.102287 0.059055,
        2.244094 -0.114086 0.030569,
        2.755906 -0.114086 0.030569,
        2.244094 -0.118110 0.000000,
        2.755906 -0.118110 0.000000,
        2.244094 -0.114086 -0.030569,
        2.755906 -0.114086 -0.030569,
        2.244094 -0.102287 -0.059055,
        2.755906 -0.102287 -0.059055,
        2.244094 -0.083517 -0.083517,
        2.755906 -0.083517 -0.083517,
        2.244094 -0.059055 -0.102287,
        2.755906 -0.059055 -0.102287,
        2.244094 -0.030569 -0.114086,
        2.755906 -0.030569 -0.114086,
        2.244094 0.000000 -0.118110,
        2.834646 -0.000000 -0.196850,
        2.832672 -0.000000 -0.179329,
        2.838670 0.030569 -0.196850,
        2.836595 0.030569 -0.178433,
        2.850469 0.059055 -0.196850,
        2.848098 0.059055 -0.175808,
        2.869239 0.083517 -0.196850,
        2.866398 0.083517 -0.171631,
        2.893701 0.102287 -0.196850,
        2.890246 0.102287 -0.166188,
        2.922187 0.114086 -0.196850,
        2.918018 0.114086 -0.159849,
        2.952756 0.118110 -0.196850,
        2.947820 0.118110 -0.153047,
        2.983325 0.114086 -0.196850,
        2.977623 0.114086 -0.146245,
        3.011811 0.102287 -0.196850,
        3.005395 0.102287 -0.139906,
        3.036272 0.083517 -0.196850,
        3.029243 0.083517 -0.134463,
        3.055043 0.059055 -0.196850,
        3.047542 0.059055 -0.130286,
        3.066842 0.030569 -0.196850,
        3.059046 0.030569 -0.127661,
        3.070866 -0.000000 -0.196850,
        3.062970 -0.000000 -0.126765,
        3.066842 -0.030569 -0.196850,
        3.059046 -0.030569 -0.127661,
        3.055043 -0.059055 -0.196850,
        3.047542 -0.059055 -0.130286,
        3.036272 -0.083517 -0.196850,
        3.029243 -0.083517 -0.134463,
        3.011811 -0.102287 -0.196850,
        3.005395 -0.102287 -0.139906,
        2.983325 -0.114086 -0.196850,
        2.977623 -0.114086 -0.146245,
        2.952756 -0.118110 -0.196850,
        2.947820 -0.118110 -0.153047,
        2.922187 -0.114086 -0.196850,
        2.918018 -0.114086 -0.159849,
        2.893701 -0.102287 -0.196850,
        2.890246 -0.102287 -0.166188,
        2.869239 -0.083517 -0.196850,
        2.866398 -0.083517 -0.171631,
        2.850469 -0.059055 -0.196850,
        2.848098 -0.059055 -0.175808,
        2.838670 -0.030569 -0.196850,
        2.836595 -0.030569 -0.178433,
        2.826848 -0.000000 -0.162686,
        2.830474 0.030569 -0.160940,
        2.841105 0.059055 -0.155820,
        2.858016 0.083517 -0.147677,
        2.880055 0.102287 -0.137063,
        2.905720 0.114086 -0.124704,
        2.933261 0.118110 -0.111440,
        2.960804 0.114086 -0.098177,
        2.986469 0.102287 -0.085817,
        3.008507 0.083517 -0.075204,
        3.025419 0.059055 -0.067060,
        3.036049 0.030569 -0.061940,
        3.039675 -0.000000 -0.060194,
        3.036049 -0.030569 -0.061940,
        3.025419 -0.059055 -0.067060,
        3.008507 -0.083517 -0.075204,
        2.986469 -0.102287 -0.085817,
        2.960804 -0.114086 -0.098177,
        2.933261 -0.118110 -0.111440,
        2.905720 -0.114086 -0.124704,
        2.880055 -0.102287 -0.137063,
        2.858016 -0.083517 -0.147677,
        2.841105 -0.059055 -0.155820,
        2.830474 -0.030569 -0.160940,
        2.817467 -0.000000 -0.147757,
        2.820613 0.030569 -0.145248,
        2.829839 0.059055 -0.137891,
        2.844513 0.083517 -0.126188,
        2.863638 0.102287 -0.110937,
        2.885909 0.114086 -0.093176,
        2.909809 0.118110 -0.074116,
        2.933709 0.114086 -0.055057,
        2.955980 0.102287 -0.037296,
        2.975105 0.083517 -0.022044,
        2.989780 0.059055 -0.010342,
        2.999005 0.030569 -0.002985,
        3.002152 -0.000000 -0.000476,
        2.999005 -0.030569 -0.002985,
        2.989780 -0.059055 -0.010342,
        2.975105 -0.083517 -0.022044,
        2.955980 -0.102287 -0.037296,
        2.933709 -0.114086 -0.055057,
        2.909809 -0.118110 -0.074116,
        2.885909 -0.114086 -0.093176,
        2.863638 -0.102287 -0.110937,
        2.844513 -0.083517 -0.126188,
        2.829839 -0.059055 -0.137891,
        2.820613 -0.030569 -0.145248,
        2.804999 -0.000000 -0.135289,
        2.807508 0.030569 -0.132143,
        2.814865 0.059055 -0.122917,
        2.826568 0.083517 -0.108243,
        2.841819 0.102287 -0.089118,
        2.859580 0.114086 -0.066846,
        2.878640 0.118110 -0.042946,
        2.897699 0.114086 -0.019046,
        2.915460 0.102287 0.003224,
        2.930711 0.083517 0.022349,
        2.942414 0.059055 0.037024,
        2.949771 0.030569 0.046249,
        2.952280 -0.000000 0.049396,
        2.949771 -0.030569 0.046249,
        2.942414 -0.059055 0.037024,
        2.930711 -0.083517 0.022349,
        2.915460 -0.102287 0.003224,
        2.897699 -0.114086 -0.019046,
        2.878640 -0.118110 -0.042946,
        2.859580 -0.114086 -0.066846,
        2.841819 -0.102287 -0.089118,
        2.826568 -0.083517 -0.108243,
        2.814865 -0.059055 -0.122917,
        2.807508 -0.030569 -0.132143,
        2.790070 -0.000000 -0.125908,
        2.791816 0.030569 -0.122282,
        2.796935 0.059055 -0.111651,
        2.805079 0.083517 -0.094740,
        2.815693 0.102287 -0.072701,
        2.828052 0.114086 -0.047036,
        2.841316 0.118110 -0.019494,
        2.854579 0.114086 0.008048,
        2.866939 0.102287 0.033713,
        2.877552 0.083517 0.055752,
        2.885696 0.059055 0.072663,
        2.890815 0.030569 0.083293,
        2.892562 -0.000000 0.086919,
        2.890815 -0.030569 0.083293,
        2.885696 -0.059055 0.072663,
        2.877552 -0.083517 0.055752,
        2.866939 -0.102287 0.033713,
        2.854579 -0.114086 0.008048,
        2.841316 -0.118110 -0.019494,
        2.828052 -0.114086 -0.047036,
        2.815693 -0.102287 -0.072701,
        2.805079 -0.083517 -0.094740,
        2.796935 -0.059055 -0.111651,
        2.791816 -0.030569 -0.122282,
        2.773427 -0.000000 -0.120084,
        2.774322 0.030569 -0.116161,
        2.776948 0.059055 -0.104657,
        2.781124 0.083517 -0.086358,
        2.786568 0.102287 -0.062510,
        2.792907 0.114086 -0.034738,
        2.799709 0.118110 -0.004935,
        2.806511 0.114086 0.024867,
        2.812850 0.102287 0.052639,
        2.818293 0.083517 0.076487,
        2.822470 0.059055 0.094787,
        2.825095 0.030569 0.106290,
        2.825991 -0.000000 0.110213,
        2.825095 -0.030569 0.106290,
        2.822470 -0.059055 0.094787,
        2.818293 -0.083517 0.076487,
        2.812850 -0.102287 0.052639,
        2.806511 -0.114086 0.024867,
        2.799709 -0.118110 -0.004935,
        2.792907 -0.114086 -0.034738,
        2.786568 -0.102287 -0.062510,
        2.781124 -0.083517 -0.086358,
        2.776948 -0.059055 -0.104657,
        2.774322 -0.030569 -0.116161,
      ]
    }
    coordIndex [
      0, 1, 2, -1,
      2, 1, 3, -1,
      2, 3, 4, -1,
      5, 6, 2, -1,
      2, 6, 7, -1,
      2, 7, 0, -1,
      8, 9, 2, -1,
      2, 9, 10, -1,
      2, 10, 5, -1,
      11, 12, 2, -1,
      2, 12, 13, -1,
      2, 13, 8, -1,
      14, 15, 2, -1,
      2, 15, 16, -1,
      2, 16, 11, -1,
      17, 18, 2, -1,
      2, 18, 19, -1,
      2, 19, 14, -1,
      20, 21, 2, -1,
      2, 21, 22, -1,
      2, 22, 17, -1,
      4, 23, 2, -1,
      2, 23, 24, -1,
      2, 24, 20, -1,
      25, 26, 27, -1,
      27, 26, 28, -1,
      27, 28, 29, -1,
      29, 28, 30, -1,
      29, 30, 31, -1,
      31, 30, 32, -1,
      31, 32, 33, -1,
      33, 32, 34, -1,
      33, 34, 35, -1,
      35, 34, 36, -1,
      35, 36, 37, -1,
      37, 36, 38, -1,
      37, 38, 39, -1,
      39, 38, 40, -1,
      39, 40, 41, -1,
      41, 40, 42, -1,
      41, 42, 43, -1,
      43, 42, 44, -1,
      43, 44, 45, -1,
      45, 44, 46, -1,
      45, 46, 47, -1,
      47, 46, 48, -1,
      47, 48, 49, -1,
      49, 48, 50, -1,
      49, 50, 51, -1,
      51, 50, 52, -1,
      51, 52, 53, -1,
      53, 52, 54, -1,
      53, 54, 55, -1,
      55, 54, 56, -1,
      55, 56, 57, -1,
      57, 56, 58, -1,
      57, 58, 59, -1,
      59, 58, 60, -1,
      59, 60, 61, -1,
      61, 60, 62, -1,
      61, 62, 63, -1,
      63, 62, 64, -1,
      63, 64, 65, -1,
      65, 64, 66, -1,
      65, 66, 67, -1,
      67, 66, 68, -1,
      67, 68, 69, -1,
      69, 68, 70, -1,
      69, 70, 71, -1,
      71, 70, 72, -1,
      71, 72, 25, -1,
      25, 72, 26, -1,
      73, 74, 75, -1,
      75, 74, 76, -1,
      75, 76, 77, -1,
      77, 76, 78, -1,
      77, 78, 79, -1,
      79, 78, 80, -1,
      79, 80, 81, -1,
      81, 80, 82, -1,
      81, 82, 83, -1,
      83, 82, 84, -1,
      83, 84, 85, -1,
      85, 84, 86, -1,
      85, 86, 87, -1,
      87, 86, 88, -1,
      87, 88, 89, -1,
      89, 88, 90, -1,
      89, 90, 91, -1,
      91, 90, 92, -1,
      91, 92, 93, -1,
      93, 92, 94, -1,
      93, 94, 95, -1,
      95, 94, 96, -1,
      95, 96, 97, -1,
      97, 96, 98, -1,
      97, 98, 99, -1,
      99, 98, 100, -1,
      99, 100, 101, -1,
      101, 100, 102, -1,
      101, 102, 103, -1,
      103, 102, 104, -1,
      103, 104, 105, -1,
      105, 104, 106, -1,
      105, 106, 107, -1,
      107, 106, 108, -1,
      107, 108, 109, -1,
      109, 108, 110, -1,
      109, 110, 111, -1,
      111, 110, 112, -1,
      111, 112, 113, -1,
      113, 112, 114, -1,
      113, 114, 115, -1,
      115, 114, 116, -1,
      115, 116, 117, -1,
      117, 116, 118, -1,
      117, 118, 119, -1,
      119, 118, 120, -1,
      119, 120, 73, -1,
      73, 120, 74, -1,
      74, 121, 76, -1,
      76, 121, 122, -1,
      76, 122, 78, -1,
      78, 122, 123, -1,
      78, 123, 80, -1,
      80, 123, 124, -1,
      80, 124, 82, -1,
      82, 124, 125, -1,
      82, 125, 84, -1,
      84, 125, 126, -1,
      84, 126, 86, -1,
      86, 126, 127, -1,
      86, 127, 88, -1,
      88, 127, 128, -1,
      88, 128, 90, -1,
      90, 128, 129, -1,
      90, 129, 92, -1,
      92, 129, 130, -1,
      92, 130, 94, -1,
      94, 130, 131, -1,
      94, 131, 96, -1,
      96, 131, 132, -1,
      96, 132, 98, -1,
      98, 132, 133, -1,
      98, 133, 100, -1,
      100, 133, 134, -1,
      100, 134, 102, -1,
      102, 134, 135, -1,
      102, 135, 104, -1,
      104, 135, 136, -1,
      104, 136, 106, -1,
      106, 136, 137, -1,
      106, 137, 108, -1,
      108, 137, 138, -1,
      108, 138, 110, -1,
      110, 138, 139, -1,
      110, 139, 112, -1,
      112, 139, 140, -1,
      112, 140, 114, -1,
      114, 140, 141, -1,
      114, 141, 116, -1,
      116, 141, 142, -1,
      116, 142, 118, -1,
      118, 142, 143, -1,
      118, 143, 120, -1,
      120, 143, 144, -1,
      120, 144, 74, -1,
      74, 144, 121, -1,
      121, 145, 122, -1,
      122, 145, 146, -1,
      122, 146, 123, -1,
      123, 146, 147, -1,
      123, 147, 124, -1,
      124, 147, 148, -1,
      124, 148, 125, -1,
      125, 148, 149, -1,
      125, 149, 126, -1,
      126, 149, 150, -1,
      126, 150, 127, -1,
      127, 150, 151, -1,
      127, 151, 128, -1,
      128, 151, 152, -1,
      128, 152, 129, -1,
      129, 152, 153, -1,
      129, 153, 130, -1,
      130, 153, 154, -1,
      130, 154, 131, -1,
      131, 154, 155, -1,
      131, 155, 132, -1,
      132, 155, 156, -1,
      132, 156, 133, -1,
      133, 156, 157, -1,
      133, 157, 134, -1,
      134, 157, 158, -1,
      134, 158, 135, -1,
      135, 158, 159, -1,
      135, 159, 136, -1,
      136, 159, 160, -1,
      136, 160, 137, -1,
      137, 160, 161, -1,
      137, 161, 138, -1,
      138, 161, 162, -1,
      138, 162, 139, -1,
      139, 162, 163, -1,
      139, 163, 140, -1,
      140, 163, 164, -1,
      140, 164, 141, -1,
      141, 164, 165, -1,
      141, 165, 142, -1,
      142, 165, 166, -1,
      142, 166, 143, -1,
      143, 166, 167, -1,
      143, 167, 144, -1,
      144, 167, 168, -1,
      144, 168, 121, -1,
      121, 168, 145, -1,
      145, 169, 146, -1,
      146, 169, 170, -1,
      146, 170, 147, -1,
      147, 170, 171, -1,
      147, 171, 148, -1,
      148, 171, 172, -1,
      148, 172, 149, -1,
      149, 172, 173, -1,
      149, 173, 150, -1,
      150, 173, 174, -1,
      150, 174, 151, -1,
      151, 174, 175, -1,
      151, 175, 152, -1,
      152, 175, 176, -1,
      152, 176, 153, -1,
      153, 176, 177, -1,
      153, 177, 154, -1,
      154, 177, 178, -1,
      154, 178, 155, -1,
      155, 178, 179, -1,
      155, 179, 156, -1,
      156, 179, 180, -1,
      156, 180, 157, -1,
      157, 180, 181, -1,
      157, 181, 158, -1,
      158, 181, 182, -1,
      158, 182, 159, -1,
      159, 182, 183, -1,
      159, 183, 160, -1,
      160, 183, 184, -1,
      160, 184, 161, -1,
      161, 184, 185, -1,
      161, 185, 162, -1,
      162, 185, 186, -1,
      162, 186, 163, -1,
      163, 186, 187, -1,
      163, 187, 164, -1,
      164, 187, 188, -1,
      164, 188, 165, -1,
      165, 188, 189, -1,
      165, 189, 166, -1,
      166, 189, 190, -1,
      166, 190, 167, -1,
      167, 190, 191, -1,
      167, 191, 168, -1,
      168, 191, 192, -1,
      168, 192, 145, -1,
      145, 192, 169, -1,
      169, 193, 170, -1,
      170, 193, 194, -1,
      170, 194, 171, -1,
      171, 194, 195, -1,
      171, 195, 172, -1,
      172, 195, 196, -1,
      172, 196, 173, -1,
      173, 196, 197, -1,
      173, 197, 174, -1,
      174, 197, 198, -1,
      174, 198, 175, -1,
      175, 198, 199, -1,
      175, 199, 176, -1,
      176, 199, 200, -1,
      176, 200, 177, -1,
      177, 200, 201, -1,
      177, 201, 178, -1,
      178, 201, 202, -1,
      178, 202, 179, -1,
      179, 202, 203, -1,
      179, 203, 180, -1,
      180, 203, 204, -1,
      180, 204, 181, -1,
      181, 204, 205, -1,
      181, 205, 182, -1,
      182, 205, 206, -1,
      182, 206, 183, -1,
      183, 206, 207, -1,
      183, 207, 184, -1,
      184, 207, 208, -1,
      184, 208, 185, -1,
      185, 208, 209, -1,
      185, 209, 186, -1,
      186, 209, 210, -1,
      186, 210, 187, -1,
      187, 210, 211, -1,
      187, 211, 188, -1,
      188, 211, 212, -1,
      188, 212, 189, -1,
      189, 212, 213, -1,
      189, 213, 190, -1,
      190, 213, 214, -1,
      190, 214, 191, -1,
      191, 214, 215, -1,
      191, 215, 192, -1,
      192, 215, 216, -1,
      192, 216, 169, -1,
      169, 216, 193, -1,
      193, 217, 194, -1,
      194, 217, 218, -1,
      194, 218, 195, -1,
      195, 218, 219, -1,
      195, 219, 196, -1,
      196, 219, 220, -1,
      196, 220, 197, -1,
      197, 220, 221, -1,
      197, 221, 198, -1,
      198, 221, 222, -1,
      198, 222, 199, -1,
      199, 222, 223, -1,
      199, 223, 200, -1,
      200, 223, 224, -1,
      200, 224, 201, -1,
      201, 224, 225, -1,
      201, 225, 202, -1,
      202, 225, 226, -1,
      202, 226, 203, -1,
      203, 226, 227, -1,
      203, 227, 204, -1,
      204, 227, 228, -1,
      204, 228, 205, -1,
      205, 228, 229, -1,
      205, 229, 206, -1,
      206, 229, 230, -1,
      206, 230, 207, -1,
      207, 230, 231, -1,
      207, 231, 208, -1,
      208, 231, 232, -1,
      208, 232, 209, -1,
      209, 232, 233, -1,
      209, 233, 210, -1,
      210, 233, 234, -1,
      210, 234, 211, -1,
      211, 234, 235, -1,
      211, 235, 212, -1,
      212, 235, 236, -1,
      212, 236, 213, -1,
      213, 236, 237, -1,
      213, 237, 214, -1,
      214, 237, 238, -1,
      214, 238, 215, -1,
      215, 238, 239, -1,
      215, 239, 216, -1,
      216, 239, 240, -1,
      216, 240, 193, -1,
      193, 240, 217, -1,
      217, 49, 218, -1,
      218, 49, 51, -1,
      218, 51, 219, -1,
      219, 51, 53, -1,
      219, 53, 220, -1,
      220, 53, 55, -1,
      220, 55, 221, -1,
      221, 55, 57, -1,
      221, 57, 222, -1,
      222, 57, 59, -1,
      222, 59, 223, -1,
      223, 59, 61, -1,
      223, 61, 224, -1,
      224, 61, 63, -1,
      224, 63, 225, -1,
      225, 63, 65, -1,
      225, 65, 226, -1,
      226, 65, 67, -1,
      226, 67, 227, -1,
      227, 67, 69, -1,
      227, 69, 228, -1,
      228, 69, 71, -1,
      228, 71, 229, -1,
      229, 71, 25, -1,
      229, 25, 230, -1,
      230, 25, 27, -1,
      230, 27, 231, -1,
      231, 27, 29, -1,
      231, 29, 232, -1,
      232, 29, 31, -1,
      232, 31, 233, -1,
      233, 31, 33, -1,
      233, 33, 234, -1,
      234, 33, 35, -1,
      234, 35, 235, -1,
      235, 35, 37, -1,
      235, 37, 236, -1,
      236, 37, 39, -1,
      236, 39, 237, -1,
      237, 39, 41, -1,
      237, 41, 238, -1,
      238, 41, 43, -1,
      238, 43, 239, -1,
      239, 43, 45, -1,
      239, 45, 240, -1,
      240, 45, 47, -1,
      240, 47, 217, -1,
      217, 47, 49, -1,
      16, 99, 11, -1,
      11, 99, 101, -1,
      11, 101, 12, -1,
      12, 101, 103, -1,
      12, 103, 13, -1,
      13, 103, 105, -1,
      13, 105, 8, -1,
      8, 105, 107, -1,
      8, 107, 9, -1,
      9, 107, 109, -1,
      9, 109, 10, -1,
      10, 109, 111, -1,
      10, 111, 5, -1,
      5, 111, 113, -1,
      5, 113, 6, -1,
      6, 113, 115, -1,
      6, 115, 7, -1,
      7, 115, 117, -1,
      7, 117, 0, -1,
      0, 117, 119, -1,
      0, 119, 1, -1,
      1, 119, 73, -1,
      1, 73, 3, -1,
      3, 73, 75, -1,
      3, 75, 4, -1,
      4, 75, 77, -1,
      4, 77, 23, -1,
      23, 77, 79, -1,
      23, 79, 24, -1,
      24, 79, 81, -1,
      24, 81, 20, -1,
      20, 81, 83, -1,
      20, 83, 21, -1,
      21, 83, 85, -1,
      21, 85, 22, -1,
      22, 85, 87, -1,
      22, 87, 17, -1,
      17, 87, 89, -1,
      17, 89, 18, -1,
      18, 89, 91, -1,
      18, 91, 19, -1,
      19, 91, 93, -1,
      19, 93, 14, -1,
      14, 93, 95, -1,
      14, 95, 15, -1,
      15, 95, 97, -1,
      15, 97, 16, -1,
      16, 97, 99, -1,
      241, 242, 243, -1,
      243, 242, 244, -1,
      243, 244, 245, -1,
      246, 247, 243, -1,
      243, 247, 248, -1,
      243, 248, 241, -1,
      249, 250, 243, -1,
      243, 250, 251, -1,
      243, 251, 246, -1,
      252, 253, 243, -1,
      243, 253, 254, -1,
      243, 254, 249, -1,
      255, 256, 243, -1,
      243, 256, 257, -1,
      243, 257, 252, -1,
      258, 259, 243, -1,
      243, 259, 260, -1,
      243, 260, 255, -1,
      261, 262, 243, -1,
      243, 262, 263, -1,
      243, 263, 258, -1,
      245, 264, 243, -1,
      243, 264, 265, -1,
      243, 265, 261, -1,
      266, 267, 268, -1,
      268, 267, 269, -1,
      268, 269, 270, -1,
      270, 269, 271, -1,
      270, 271, 272, -1,
      272, 271, 273, -1,
      272, 273, 274, -1,
      274, 273, 275, -1,
      274, 275, 276, -1,
      276, 275, 277, -1,
      276, 277, 278, -1,
      278, 277, 279, -1,
      278, 279, 280, -1,
      280, 279, 281, -1,
      280, 281, 282, -1,
      282, 281, 283, -1,
      282, 283, 284, -1,
      284, 283, 285, -1,
      284, 285, 286, -1,
      286, 285, 287, -1,
      286, 287, 288, -1,
      288, 287, 289, -1,
      288, 289, 290, -1,
      290, 289, 291, -1,
      290, 291, 292, -1,
      292, 291, 293, -1,
      292, 293, 294, -1,
      294, 293, 295, -1,
      294, 295, 296, -1,
      296, 295, 297, -1,
      296, 297, 298, -1,
      298, 297, 299, -1,
      298, 299, 300, -1,
      300, 299, 301, -1,
      300, 301, 302, -1,
      302, 301, 303, -1,
      302, 303, 304, -1,
      304, 303, 305, -1,
      304, 305, 306, -1,
      306, 305, 307, -1,
      306, 307, 308, -1,
      308, 307, 309, -1,
      308, 309, 310, -1,
      310, 309, 311, -1,
      310, 311, 312, -1,
      312, 311, 313, -1,
      312, 313, 266, -1,
      266, 313, 267, -1,
      314, 315, 316, -1,
      316, 315, 317, -1,
      316, 317, 318, -1,
      318, 317, 319, -1,
      318, 319, 320, -1,
      320, 319, 321, -1,
      320, 321, 322, -1,
      322, 321, 323, -1,
      322, 323, 324, -1,
      324, 323, 325, -1,
      324, 325, 326, -1,
      326, 325, 327, -1,
      326, 327, 328, -1,
      328, 327, 329, -1,
      328, 329, 330, -1,
      330, 329, 331, -1,
      330, 331, 332, -1,
      332, 331, 333, -1,
      332, 333, 334, -1,
      334, 333, 335, -1,
      334, 335, 336, -1,
      336, 335, 337, -1,
      336, 337, 338, -1,
      338, 337, 339, -1,
      338, 339, 340, -1,
      340, 339, 341, -1,
      340, 341, 342, -1,
      342, 341, 343, -1,
      342, 343, 344, -1,
      344, 343, 345, -1,
      344, 345, 346, -1,
      346, 345, 347, -1,
      346, 347, 348, -1,
      348, 347, 349, -1,
      348, 349, 350, -1,
      350, 349, 351, -1,
      350, 351, 352, -1,
      352, 351, 353, -1,
      352, 353, 354, -1,
      354, 353, 355, -1,
      354, 355, 356, -1,
      356, 355, 357, -1,
      356, 357, 358, -1,
      358, 357, 359, -1,
      358, 359, 360, -1,
      360, 359, 361, -1,
      360, 361, 314, -1,
      314, 361, 315, -1,
      315, 362, 317, -1,
      317, 362, 363, -1,
      317, 363, 319, -1,
      319, 363, 364, -1,
      319, 364, 321, -1,
      321, 364, 365, -1,
      321, 365, 323, -1,
      323, 365, 366, -1,
      323, 366, 325, -1,
      325, 366, 367, -1,
      325, 367, 327, -1,
      327, 367, 368, -1,
      327, 368, 329, -1,
      329, 368, 369, -1,
      329, 369, 331, -1,
      331, 369, 370, -1,
      331, 370, 333, -1,
      333, 370, 371, -1,
      333, 371, 335, -1,
      335, 371, 372, -1,
      335, 372, 337, -1,
      337, 372, 373, -1,
      337, 373, 339, -1,
      339, 373, 374, -1,
      339, 374, 341, -1,
      341, 374, 375, -1,
      341, 375, 343, -1,
      343, 375, 376, -1,
      343, 376, 345, -1,
      345, 376, 377, -1,
      345, 377, 347, -1,
      347, 377, 378, -1,
      347, 378, 349, -1,
      349, 378, 379, -1,
      349, 379, 351, -1,
      351, 379, 380, -1,
      351, 380, 353, -1,
      353, 380, 381, -1,
      353, 381, 355, -1,
      355, 381, 382, -1,
      355, 382, 357, -1,
      357, 382, 383, -1,
      357, 383, 359, -1,
      359, 383, 384, -1,
      359, 384, 361, -1,
      361, 384, 385, -1,
      361, 385, 315, -1,
      315, 385, 362, -1,
      362, 386, 363, -1,
      363, 386, 387, -1,
      363, 387, 364, -1,
      364, 387, 388, -1,
      364, 388, 365, -1,
      365, 388, 389, -1,
      365, 389, 366, -1,
      366, 389, 390, -1,
      366, 390, 367, -1,
      367, 390, 391, -1,
      367, 391, 368, -1,
      368, 391, 392, -1,
      368, 392, 369, -1,
      369, 392, 393, -1,
      369, 393, 370, -1,
      370, 393, 394, -1,
      370, 394, 371, -1,
      371, 394, 395, -1,
      371, 395, 372, -1,
      372, 395, 396, -1,
      372, 396, 373, -1,
      373, 396, 397, -1,
      373, 397, 374, -1,
      374, 397, 398, -1,
      374, 398, 375, -1,
      375, 398, 399, -1,
      375, 399, 376, -1,
      376, 399, 400, -1,
      376, 400, 377, -1,
      377, 400, 401, -1,
      377, 401, 378, -1,
      378, 401, 402, -1,
      378, 402, 379, -1,
      379, 402, 403, -1,
      379, 403, 380, -1,
      380, 403, 404, -1,
      380, 404, 381, -1,
      381, 404, 405, -1,
      381, 405, 382, -1,
      382, 405, 406, -1,
      382, 406, 383, -1,
      383, 406, 407, -1,
      383, 407, 384, -1,
      384, 407, 408, -1,
      384, 408, 385, -1,
      385, 408, 409, -1,
      385, 409, 362, -1,
      362, 409, 386, -1,
      386, 410, 387, -1,
      387, 410, 411, -1,
      387, 411, 388, -1,
      388, 411, 412, -1,
      388, 412, 389, -1,
      389, 412, 413, -1,
      389, 413, 390, -1,
      390, 413, 414, -1,
      390, 414, 391, -1,
      391, 414, 415, -1,
      391, 415, 392, -1,
      392, 415, 416, -1,
      392, 416, 393, -1,
      393, 416, 417, -1,
      393, 417, 394, -1,
      394, 417, 418, -1,
      394, 418, 395, -1,
      395, 418, 419, -1,
      395, 419, 396, -1,
      396, 419, 420, -1,
      396, 420, 397, -1,
      397, 420, 421, -1,
      397, 421, 398, -1,
      398, 421, 422, -1,
      398, 422, 399, -1,
      399, 422, 423, -1,
      399, 423, 400, -1,
      400, 423, 424, -1,
      400, 424, 401, -1,
      401, 424, 425, -1,
      401, 425, 402, -1,
      402, 425, 426, -1,
      402, 426, 403, -1,
      403, 426, 427, -1,
      403, 427, 404, -1,
      404, 427, 428, -1,
      404, 428, 405, -1,
      405, 428, 429, -1,
      405, 429, 406, -1,
      406, 429, 430, -1,
      406, 430, 407, -1,
      407, 430, 431, -1,
      407, 431, 408, -1,
      408, 431, 432, -1,
      408, 432, 409, -1,
      409, 432, 433, -1,
      409, 433, 386, -1,
      386, 433, 410, -1,
      410, 434, 411, -1,
      411, 434, 435, -1,
      411, 435, 412, -1,
      412, 435, 436, -1,
      412, 436, 413, -1,
      413, 436, 437, -1,
      413, 437, 414, -1,
      414, 437, 438, -1,
      414, 438, 415, -1,
      415, 438, 439, -1,
      415, 439, 416, -1,
      416, 439, 440, -1,
      416, 440, 417, -1,
      417, 440, 441, -1,
      417, 441, 418, -1,
      418, 441, 442, -1,
      418, 442, 419, -1,
      419, 442, 443, -1,
      419, 443, 420, -1,
      420, 443, 444, -1,
      420, 444, 421, -1,
      421, 444, 445, -1,
      421, 445, 422, -1,
      422, 445, 446, -1,
      422, 446, 423, -1,
      423, 446, 447, -1,
      423, 447, 424, -1,
      424, 447, 448, -1,
      424, 448, 425, -1,
      425, 448, 449, -1,
      425, 449, 426, -1,
      426, 449, 450, -1,
      426, 450, 427, -1,
      427, 450, 451, -1,
      427, 451, 428, -1,
      428, 451, 452, -1,
      428, 452, 429, -1,
      429, 452, 453, -1,
      429, 453, 430, -1,
      430, 453, 454, -1,
      430, 454, 431, -1,
      431, 454, 455, -1,
      431, 455, 432, -1,
      432, 455, 456, -1,
      432, 456, 433, -1,
      433, 456, 457, -1,
      433, 457, 410, -1,
      410, 457, 434, -1,
      434, 458, 435, -1,
      435, 458, 459, -1,
      435, 459, 436, -1,
      436, 459, 460, -1,
      436, 460, 437, -1,
      437, 460, 461, -1,
      437, 461, 438, -1,
      438, 461, 462, -1,
      438, 462, 439, -1,
      439, 462, 463, -1,
      439, 463, 440, -1,
      440, 463, 464, -1,
      440, 464, 441, -1,
      441, 464, 465, -1,
      441, 465, 442, -1,
      442, 465, 466, -1,
      442, 466, 443, -1,
      443, 466, 467, -1,
      443, 467, 444, -1,
      444, 467, 468, -1,
      444, 468, 445, -1,
      445, 468, 469, -1,
      445, 469, 446, -1,
      446, 469, 470, -1,
      446, 470, 447, -1,
      447, 470, 471, -1,
      447, 471, 448, -1,
      448, 471, 472, -1,
      448, 472, 449, -1,
      449, 472, 473, -1,
      449, 473, 450, -1,
      450, 473, 474, -1,
      450, 474, 451, -1,
      451, 474, 475, -1,
      451, 475, 452, -1,
      452, 475, 476, -1,
      452, 476, 453, -1,
      453, 476, 477, -1,
      453, 477, 454, -1,
      454, 477, 478, -1,
      454, 478, 455, -1,
      455, 478, 479, -1,
      455, 479, 456, -1,
      456, 479, 480, -1,
      456, 480, 457, -1,
      457, 480, 481, -1,
      457, 481, 434, -1,
      434, 481, 458, -1,
      458, 266, 459, -1,
      459, 266, 268, -1,
      459, 268, 460, -1,
      460, 268, 270, -1,
      460, 270, 461, -1,
      461, 270, 272, -1,
      461, 272, 462, -1,
      462, 272, 274, -1,
      462, 274, 463, -1,
      463, 274, 276, -1,
      463, 276, 464, -1,
      464, 276, 278, -1,
      464, 278, 465, -1,
      465, 278, 280, -1,
      465, 280, 466, -1,
      466, 280, 282, -1,
      466, 282, 467, -1,
      467, 282, 284, -1,
      467, 284, 468, -1,
      468, 284, 286, -1,
      468, 286, 469, -1,
      469, 286, 288, -1,
      469, 288, 470, -1,
      470, 288, 290, -1,
      470, 290, 471, -1,
      471, 290, 292, -1,
      471, 292, 472, -1,
      472, 292, 294, -1,
      472, 294, 473, -1,
      473, 294, 296, -1,
      473, 296, 474, -1,
      474, 296, 298, -1,
      474, 298, 475, -1,
      475, 298, 300, -1,
      475, 300, 476, -1,
      476, 300, 302, -1,
      476, 302, 477, -1,
      477, 302, 304, -1,
      477, 304, 478, -1,
      478, 304, 306, -1,
      478, 306, 479, -1,
      479, 306, 308, -1,
      479, 308, 480, -1,
      480, 308, 310, -1,
      480, 310, 481, -1,
      481, 310, 312, -1,
      481, 312, 458, -1,
      458, 312, 266, -1,
      244, 316, 245, -1,
      245, 316, 318, -1,
      245, 318, 264, -1,
      264, 318, 320, -1,
      264, 320, 265, -1,
      265, 320, 322, -1,
      265, 322, 261, -1,
      261, 322, 324, -1,
      261, 324, 262, -1,
      262, 324, 326, -1,
      262, 326, 263, -1,
      263, 326, 328, -1,
      263, 328, 258, -1,
      258, 328, 330, -1,
      258, 330, 259, -1,
      259, 330, 332, -1,
      259, 332, 260, -1,
      260, 332, 334, -1,
      260, 334, 255, -1,
      255, 334, 336, -1,
      255, 336, 256, -1,
      256, 336, 338, -1,
      256, 338, 257, -1,
      257, 338, 340, -1,
      257, 340, 252, -1,
      252, 340, 342, -1,
      252, 342, 253, -1,
      253, 342, 344, -1,
      253, 344, 254, -1,
      254, 344, 346, -1,
      254, 346, 249, -1,
      249, 346, 348, -1,
      249, 348, 250, -1,
      250, 348, 350, -1,
      250, 350, 251, -1,
      251, 350, 352, -1,
      251, 352, 246, -1,
      246, 352, 354, -1,
      246, 354, 247, -1,
      247, 354, 356, -1,
      247, 356, 248, -1,
      248, 356, 358, -1,
      248, 358, 241, -1,
      241, 358, 360, -1,
      241, 360, 242, -1,
      242, 360, 314, -1,
      242, 314, 244, -1,
      244, 314, 316, -1,
    ]
  }
}

Shape {
  appearance Appearance {
    material Material {
      diffuseColor 0.5569 0.5569 0.5569
      specularColor 0.2784 0.2784 0.2784
      ambientIntensity 0.2
      transparency 0.0000
      shininess 0.5
    }
  }
  geometry IndexedFaceSet {
    ccw TRUE
    solid FALSE
    coord DEF co Coordinate {
      point [
        -2.086614 0.681910 0.393701,
        -2.086614 0.000000 0.787402,
        -2.086614 -0.681910 0.393701,
        -2.086614 -0.681910 -0.393701,
        -2.086614 0.000000 -0.787402,
        -2.086614 0.681910 -0.393701,
        2.086614 0.681910 -0.393701,
        2.086614 0.000000 -0.787402,
        2.086614 -0.681910 -0.393701,
        2.086614 -0.681910 0.393701,
        2.086614 0.000000 0.787402,
        2.086614 0.681910 0.393701,
        2.165354 0.000000 -0.196850,
        2.165354 -0.050949 -0.190143,
        2.165354 -0.105620 -0.700746,
        2.165354 -0.139194 -0.139194,
        2.165354 -0.399203 -0.585524,
        2.165354 -0.098425 -0.170478,
        2.165354 -0.307477 -0.638482,
        2.165354 -0.208881 -0.677178,
        2.165354 -0.170478 -0.098425,
        2.165354 -0.554054 -0.441843,
        2.165354 -0.482012 -0.519485,
        2.165354 -0.000000 0.196850,
        2.165354 -0.105620 0.700746,
        2.165354 -0.050949 0.190143,
        2.165354 -0.208881 0.677178,
        2.165354 -0.098425 0.170478,
        2.165354 0.050949 0.190143,
        2.165354 0.098425 0.170478,
        2.165354 0.307477 0.638482,
        2.165354 -0.170478 0.098425,
        2.165354 -0.659674 0.258903,
        2.165354 -0.190143 0.050949,
        2.165354 -0.690894 0.157692,
        2.165354 -0.196850 0.000000,
        2.165354 -0.307477 0.638482,
        2.165354 -0.399203 0.585524,
        2.165354 -0.139194 0.139194,
        2.165354 0.208881 0.677178,
        2.165354 0.105620 0.700746,
        2.165354 -0.000000 0.708661,
        2.165354 0.170478 0.098425,
        2.165354 0.554054 0.441843,
        2.165354 0.139194 0.139194,
        2.165354 0.482012 0.519485,
        2.165354 0.399203 0.585524,
        2.165354 0.170478 -0.098425,
        2.165354 0.659674 -0.258903,
        2.165354 0.190143 -0.050949,
        2.165354 0.690894 -0.157692,
        2.165354 0.196850 -0.000000,
        2.165354 -0.000000 -0.708661,
        2.165354 0.105620 -0.700746,
        2.165354 0.050949 -0.190143,
        2.165354 -0.190143 -0.050949,
        2.165354 -0.659674 -0.258903,
        2.165354 -0.613719 -0.354331,
        2.165354 -0.482012 0.519485,
        2.165354 -0.554054 0.441843,
        2.165354 -0.613719 0.354331,
        2.165354 0.190143 0.050949,
        2.165354 0.659674 0.258903,
        2.165354 0.613719 0.354331,
        2.165354 -0.706680 0.052958,
        2.165354 -0.706680 -0.052958,
        2.165354 -0.690894 -0.157692,
        2.165354 0.706680 -0.052958,
        2.165354 0.706680 0.052958,
        2.165354 0.690894 0.157692,
        2.165354 0.139194 -0.139194,
        2.165354 0.554054 -0.441843,
        2.165354 0.613719 -0.354331,
        2.165354 0.208881 -0.677178,
        2.165354 0.307477 -0.638482,
        2.165354 0.098425 -0.170478,
        2.165354 0.399203 -0.585524,
        2.165354 0.482012 -0.519485,
        -2.165354 -0.000000 0.196850,
        -2.165354 -0.050949 0.190143,
        -2.165354 -0.105620 0.700746,
        -2.165354 -0.000000 -0.196850,
        -2.165354 -0.105620 -0.700746,
        -2.165354 -0.050949 -0.190143,
        -2.165354 -0.208881 -0.677178,
        -2.165354 -0.098425 -0.170478,
        -2.165354 0.659674 0.258903,
        -2.165354 0.190143 0.050949,
        -2.165354 0.170478 0.098425,
        -2.165354 0.050949 0.190143,
        -2.165354 0.307477 0.638482,
        -2.165354 0.098425 0.170478,
        -2.165354 0.399203 0.585524,
        -2.165354 0.139194 0.139194,
        -2.165354 -0.000000 0.708661,
        -2.165354 0.105620 0.700746,
        -2.165354 0.208881 0.677178,
        -2.165354 -0.139194 0.139194,
        -2.165354 -0.399203 0.585524,
        -2.165354 -0.098425 0.170478,
        -2.165354 -0.307477 0.638482,
        -2.165354 -0.208881 0.677178,
        -2.165354 0.050949 -0.190143,
        -2.165354 0.105620 -0.700746,
        -2.165354 0.000000 -0.708661,
        -2.165354 -0.170478 0.098425,
        -2.165354 -0.554054 0.441843,
        -2.165354 -0.482012 0.519485,
        -2.165354 -0.190143 -0.050949,
        -2.165354 -0.706680 -0.052958,
        -2.165354 -0.196850 0.000000,
        -2.165354 -0.706680 0.052958,
        -2.165354 -0.190143 0.050949,
        -2.165354 -0.170478 -0.098425,
        -2.165354 -0.659674 -0.258903,
        -2.165354 -0.690894 -0.157692,
        -2.165354 0.482012 0.519485,
        -2.165354 0.554054 0.441843,
        -2.165354 0.613719 0.354331,
        -2.165354 -0.690894 0.157692,
        -2.165354 -0.659674 0.258903,
        -2.165354 -0.613719 0.354331,
        -2.165354 0.139194 -0.139194,
        -2.165354 0.399203 -0.585524,
        -2.165354 0.098425 -0.170478,
        -2.165354 0.307477 -0.638482,
        -2.165354 0.208881 -0.677178,
        -2.165354 0.170478 -0.098425,
        -2.165354 0.554054 -0.441843,
        -2.165354 0.482012 -0.519485,
        -2.165354 0.190143 -0.050949,
        -2.165354 0.659674 -0.258903,
        -2.165354 0.613719 -0.354331,
        -2.165354 0.690894 0.157692,
        -2.165354 0.706680 0.052958,
        -2.165354 0.196850 -0.000000,
        -2.165354 0.706680 -0.052958,
        -2.165354 0.690894 -0.157692,
        -2.165354 -0.139194 -0.139194,
        -2.165354 -0.554054 -0.441843,
        -2.165354 -0.613719 -0.354331,
        -2.165354 -0.307477 -0.638482,
        -2.165354 -0.399203 -0.585524,
        -2.165354 -0.482012 -0.519485,
        -2.244094 0.030569 0.114086,
        -2.244094 0.059055 0.102287,
        -2.244094 0.083517 0.083517,
        -2.244094 0.102287 0.059055,
        -2.244094 0.114086 0.030569,
        -2.244094 0.118110 0.000000,
        -2.244094 0.114086 -0.030569,
        -2.244094 0.102287 -0.059055,
        -2.244094 0.083517 -0.083517,
        -2.244094 0.059055 -0.102287,
        -2.244094 0.030569 -0.114086,
        -2.244094 0.000000 -0.118110,
        -2.244094 -0.030569 -0.114086,
        -2.244094 -0.059055 -0.102287,
        -2.244094 -0.083517 -0.083517,
        -2.244094 -0.102287 -0.059055,
        -2.244094 -0.114086 -0.030569,
        -2.244094 -0.118110 -0.000000,
        -2.244094 -0.114086 0.030569,
        -2.244094 -0.102287 0.059055,
        -2.244094 -0.083517 0.083517,
        -2.244094 -0.059055 0.102287,
        -2.244094 -0.030569 0.114086,
        -2.244094 0.000000 0.118110,
        2.244094 0.030569 -0.114086,
        2.244094 0.059055 -0.102287,
        2.244094 0.083517 -0.083517,
        2.244094 0.102287 -0.059055,
        2.244094 0.114086 -0.030569,
        2.244094 0.118110 -0.000000,
        2.244094 0.114086 0.030569,
        2.244094 0.102287 0.059055,
        2.244094 0.083517 0.083517,
        2.244094 0.059055 0.102287,
        2.244094 0.030569 0.114086,
        2.244094 0.000000 0.118110,
        2.244094 -0.030569 0.114086,
        2.244094 -0.059055 0.102287,
        2.244094 -0.083517 0.083517,
        2.244094 -0.102287 0.059055,
        2.244094 -0.114086 0.030569,
        2.244094 -0.118110 0.000000,
        2.244094 -0.114086 -0.030569,
        2.244094 -0.102287 -0.059055,
        2.244094 -0.083517 -0.083517,
        2.244094 -0.059055 -0.102287,
        2.244094 -0.030569 -0.114086,
        2.244094 0.000000 -0.118110,
        2.086614 0.163240 -0.768134,
        2.086614 0.232091 -0.752420,
        2.106994 0.231300 -0.749856,
        2.086614 0.461944 -0.635920,
        2.086614 0.535569 -0.577206,
        2.106994 0.533744 -0.575239,
        2.086614 0.746844 -0.242698,
        2.086614 0.767660 -0.175213,
        2.106994 0.765044 -0.174616,
        2.086614 0.781695 0.082096,
        2.086614 0.767660 0.175213,
        2.106994 0.765044 0.174616,
        2.086614 0.583604 0.525437,
        2.086614 0.535569 0.577206,
        2.106994 0.533744 0.575239,
        2.086614 0.319750 0.718016,
        2.086614 0.232091 0.752420,
        2.106994 0.231300 0.749856,
        2.086614 -0.163240 0.768134,
        2.086614 -0.232091 0.752420,
        2.106994 -0.231300 0.749856,
        2.086614 -0.461944 0.635920,
        2.086614 -0.535569 0.577206,
        2.106994 -0.533744 0.575239,
        2.086614 -0.746844 0.242698,
        2.086614 -0.767660 0.175213,
        2.106994 -0.765044 0.174616,
        2.086614 -0.781695 -0.082096,
        2.086614 -0.767660 -0.175213,
        2.106994 -0.765044 -0.174616,
        2.086614 -0.583604 -0.525437,
        2.086614 -0.535569 -0.577206,
        2.106994 -0.533744 -0.575239,
        2.086614 -0.319750 -0.718016,
        2.086614 -0.232091 -0.752420,
        2.106994 -0.231300 -0.749856,
        2.162671 -0.108658 -0.720898,
        2.162671 -0.214889 -0.696652,
        2.154805 -0.111488 -0.739677,
        2.154805 -0.220486 -0.714798,
        2.142292 -0.113919 -0.755802,
        2.142292 -0.225293 -0.730381,
        2.125984 -0.115784 -0.768176,
        2.125984 -0.228981 -0.742339,
        2.106994 -0.116956 -0.775954,
        2.162671 -0.410683 -0.602362,
        2.162671 -0.495874 -0.534425,
        2.154805 -0.421381 -0.618053,
        2.154805 -0.508791 -0.548346,
        2.142292 -0.430568 -0.631527,
        2.142292 -0.519883 -0.560300,
        2.125984 -0.437617 -0.641866,
        2.125984 -0.528394 -0.569473,
        2.106994 -0.442048 -0.648365,
        2.162671 -0.678645 -0.266348,
        2.162671 -0.710762 -0.162227,
        2.154805 -0.696323 -0.273287,
        2.154805 -0.729277 -0.166453,
        2.142292 -0.711503 -0.279244,
        2.142292 -0.745176 -0.170081,
        2.125984 -0.723152 -0.283816,
        2.125984 -0.757375 -0.172866,
        2.106994 -0.730474 -0.286690,
        2.162671 -0.727002 0.054481,
        2.162671 -0.710762 0.162227,
        2.154805 -0.745940 0.055900,
        2.154805 -0.729277 0.166453,
        2.142292 -0.762202 0.057119,
        2.142292 -0.745176 0.170081,
        2.125984 -0.774680 0.058054,
        2.125984 -0.757375 0.172866,
        2.106994 -0.782524 0.058642,
        2.162671 -0.569987 0.454550,
        2.162671 -0.495874 0.534425,
        2.154805 -0.584835 0.466390,
        2.154805 -0.508791 0.548346,
        2.142292 -0.597584 0.476557,
        2.142292 -0.519883 0.560300,
        2.125984 -0.607368 0.484359,
        2.125984 -0.528394 0.569473,
        2.106994 -0.613518 0.489264,
        2.162671 -0.316319 0.656843,
        2.162671 -0.214889 0.696652,
        2.154805 -0.324559 0.673953,
        2.154805 -0.220486 0.714798,
        2.142292 -0.331634 0.688646,
        2.142292 -0.225293 0.730381,
        2.125984 -0.337064 0.699920,
        2.125984 -0.228981 0.742339,
        2.106994 -0.340477 0.707007,
        2.162671 0.108658 0.720898,
        2.162671 0.214889 0.696652,
        2.154805 0.111488 0.739677,
        2.154805 0.220486 0.714798,
        2.142292 0.113919 0.755802,
        2.142292 0.225293 0.730381,
        2.125984 0.115784 0.768176,
        2.125984 0.228981 0.742339,
        2.106994 0.116956 0.775954,
        2.162671 0.410683 0.602362,
        2.162671 0.495874 0.534425,
        2.154805 0.421381 0.618053,
        2.154805 0.508791 0.548346,
        2.142292 0.430568 0.631527,
        2.142292 0.519883 0.560300,
        2.125984 0.437617 0.641866,
        2.125984 0.528394 0.569473,
        2.106994 0.442048 0.648365,
        2.162671 0.678645 0.266348,
        2.162671 0.710762 0.162227,
        2.154805 0.696323 0.273287,
        2.154805 0.729277 0.166453,
        2.142292 0.711503 0.279244,
        2.142292 0.745176 0.170081,
        2.125984 0.723152 0.283816,
        2.125984 0.757375 0.172866,
        2.106994 0.730474 0.286690,
        2.162671 0.727002 -0.054481,
        2.162671 0.710762 -0.162227,
        2.154805 0.745940 -0.055900,
        2.154805 0.729277 -0.166453,
        2.142292 0.762202 -0.057119,
        2.142292 0.745176 -0.170081,
        2.125984 0.774680 -0.058054,
        2.125984 0.757375 -0.172866,
        2.106994 0.782524 -0.058642,
        2.162671 0.569987 -0.454550,
        2.162671 0.495874 -0.534425,
        2.154805 0.584835 -0.466390,
        2.154805 0.508791 -0.548346,
        2.142292 0.597584 -0.476557,
        2.142292 0.519883 -0.560300,
        2.125984 0.607368 -0.484359,
        2.125984 0.528394 -0.569473,
        2.106994 0.613518 -0.489264,
        2.162671 0.316319 -0.656843,
        2.162671 0.214889 -0.696652,
        2.154805 0.324559 -0.673953,
        2.154805 0.220486 -0.714798,
        2.142292 0.331634 -0.688646,
        2.142292 0.225293 -0.730381,
        2.125984 0.337064 -0.699920,
        2.125984 0.228981 -0.742339,
        2.106994 0.340477 -0.707007,
        2.162671 0.000000 -0.729041,
        2.154805 0.000000 -0.748031,
        2.142292 0.000000 -0.764339,
        2.125984 0.000000 -0.776852,
        2.106994 0.000000 -0.784719,
        2.086614 -0.117356 -0.778607,
        2.086614 -0.163240 -0.768134,
        2.086614 -0.341641 -0.709424,
        2.106994 -0.340477 -0.707007,
        2.125984 -0.337064 -0.699920,
        2.142292 -0.331634 -0.688646,
        2.154805 -0.324559 -0.673953,
        2.162671 -0.316319 -0.656843,
        2.086614 -0.443559 -0.650582,
        2.086614 -0.461944 -0.635920,
        2.086614 -0.615615 -0.490937,
        2.106994 -0.613518 -0.489264,
        2.125984 -0.607368 -0.484359,
        2.142292 -0.597584 -0.476557,
        2.154805 -0.584835 -0.466390,
        2.162671 -0.569987 -0.454550,
        2.162671 -0.631368 -0.364520,
        2.154805 -0.647814 -0.374016,
        2.142292 -0.661937 -0.382170,
        2.125984 -0.672774 -0.388426,
        2.106994 -0.679586 -0.392359,
        2.086614 -0.732972 -0.287670,
        2.086614 -0.746844 -0.242698,
        2.086614 -0.785200 -0.058843,
        2.106994 -0.782524 -0.058642,
        2.125984 -0.774680 -0.058054,
        2.142292 -0.762202 -0.057119,
        2.154805 -0.745940 -0.055900,
        2.162671 -0.727002 -0.054481,
        2.086614 -0.785200 0.058843,
        2.086614 -0.781695 0.082096,
        2.086614 -0.732972 0.287670,
        2.106994 -0.730474 0.286690,
        2.125984 -0.723152 0.283816,
        2.142292 -0.711503 0.279244,
        2.154805 -0.696323 0.273287,
        2.162671 -0.678645 0.266348,
        2.162671 -0.631368 0.364520,
        2.154805 -0.647814 0.374016,
        2.142292 -0.661937 0.382170,
        2.125984 -0.672774 0.388426,
        2.106994 -0.679586 0.392359,
        2.086614 -0.615615 0.490937,
        2.086614 -0.583604 0.525437,
        2.086614 -0.443559 0.650582,
        2.106994 -0.442048 0.648365,
        2.125984 -0.437617 0.641866,
        2.142292 -0.430568 0.631527,
        2.154805 -0.421381 0.618053,
        2.162671 -0.410683 0.602362,
        2.086614 -0.341641 0.709424,
        2.086614 -0.319750 0.718016,
        2.086614 -0.117356 0.778607,
        2.106994 -0.116956 0.775954,
        2.125984 -0.115784 0.768176,
        2.142292 -0.113919 0.755802,
        2.154805 -0.111488 0.739677,
        2.162671 -0.108658 0.720898,
        2.162671 0.000000 0.729041,
        2.154805 0.000000 0.748031,
        2.142292 0.000000 0.764339,
        2.125984 0.000000 0.776852,
        2.106994 0.000000 0.784719,
        2.086614 0.117356 0.778607,
        2.086614 0.163240 0.768134,
        2.086614 0.341641 0.709424,
        2.106994 0.340477 0.707007,
        2.125984 0.337064 0.699920,
        2.142292 0.331634 0.688646,
        2.154805 0.324559 0.673953,
        2.162671 0.316319 0.656843,
        2.086614 0.443559 0.650582,
        2.086614 0.461944 0.635920,
        2.086614 0.615615 0.490937,
        2.106994 0.613518 0.489264,
        2.125984 0.607368 0.484359,
        2.142292 0.597584 0.476557,
        2.154805 0.584835 0.466390,
        2.162671 0.569987 0.454550,
        2.162671 0.631368 0.364520,
        2.154805 0.647814 0.374016,
        2.142292 0.661937 0.382170,
        2.125984 0.672774 0.388426,
        2.106994 0.679586 0.392359,
        2.086614 0.732972 0.287670,
        2.086614 0.746844 0.242698,
        2.086614 0.785200 0.058843,
        2.106994 0.782524 0.058642,
        2.125984 0.774680 0.058054,
        2.142292 0.762202 0.057119,
        2.154805 0.745940 0.055900,
        2.162671 0.727002 0.054481,
        2.086614 0.785200 -0.058843,
        2.086614 0.781695 -0.082096,
        2.086614 0.732972 -0.287670,
        2.106994 0.730474 -0.286690,
        2.125984 0.723152 -0.283816,
        2.142292 0.711503 -0.279244,
        2.154805 0.696323 -0.273287,
        2.162671 0.678645 -0.266348,
        2.162671 0.631368 -0.364520,
        2.154805 0.647814 -0.374016,
        2.142292 0.661937 -0.382170,
        2.125984 0.672774 -0.388426,
        2.106994 0.679586 -0.392359,
        2.086614 0.615615 -0.490937,
        2.086614 0.583604 -0.525437,
        2.086614 0.443559 -0.650582,
        2.106994 0.442048 -0.648365,
        2.125984 0.437617 -0.641866,
        2.142292 0.430568 -0.631527,
        2.154805 0.421381 -0.618053,
        2.162671 0.410683 -0.602362,
        2.086614 0.341641 -0.709424,
        2.086614 0.319750 -0.718016,
        2.086614 0.117356 -0.778607,
        2.106994 0.116956 -0.775954,
        2.125984 0.115784 -0.768176,
        2.142292 0.113919 -0.755802,
        2.154805 0.111488 -0.739677,
        2.162671 0.108658 -0.720898,
        2.223715 0.031264 -0.116677,
        2.223715 0.060396 -0.104610,
        2.223715 0.085414 -0.085414,
        2.223715 0.104610 -0.060396,
        2.223715 0.116677 -0.031264,
        2.223715 0.120793 -0.000000,
        2.223715 0.116677 0.031264,
        2.223715 0.104610 0.060396,
        2.223715 0.085414 0.085414,
        2.223715 0.060396 0.104610,
        2.223715 0.031264 0.116677,
        2.223715 0.000000 0.120793,
        2.223715 -0.031264 0.116677,
        2.223715 -0.060396 0.104610,
        2.223715 -0.085414 0.085414,
        2.223715 -0.104610 0.060396,
        2.223715 -0.116677 0.031264,
        2.223715 -0.120793 0.000000,
        2.223715 -0.116677 -0.031264,
        2.223715 -0.104610 -0.060396,
        2.223715 -0.085414 -0.085414,
        2.223715 -0.060396 -0.104610,
        2.223715 -0.031264 -0.116677,
        2.223715 0.000000 -0.120793,
        2.204724 0.033300 -0.124276,
        2.204724 0.064330 -0.111422,
        2.204724 0.090976 -0.090976,
        2.204724 0.111422 -0.064330,
        2.204724 0.124276 -0.033300,
        2.204724 0.128659 -0.000000,
        2.204724 0.124276 0.033300,
        2.204724 0.111422 0.064330,
        2.204724 0.090976 0.090976,
        2.204724 0.064330 0.111422,
        2.204724 0.033300 0.124276,
        2.204724 0.000000 0.128659,
        2.204724 -0.033300 0.124276,
        2.204724 -0.064330 0.111422,
        2.204724 -0.090976 0.090976,
        2.204724 -0.111422 0.064330,
        2.204724 -0.124276 0.033300,
        2.204724 -0.128659 0.000000,
        2.204724 -0.124276 -0.033300,
        2.204724 -0.111422 -0.064330,
        2.204724 -0.090976 -0.090976,
        2.204724 -0.064330 -0.111422,
        2.204724 -0.033300 -0.124276,
        2.204724 0.000000 -0.128659,
        2.188417 0.036538 -0.136362,
        2.188417 0.070586 -0.122259,
        2.188417 0.099824 -0.099824,
        2.188417 0.122259 -0.070586,
        2.188417 0.136362 -0.036538,
        2.188417 0.141173 -0.000000,
        2.188417 0.136362 0.036538,
        2.188417 0.122259 0.070586,
        2.188417 0.099824 0.099824,
        2.188417 0.070586 0.122259,
        2.188417 0.036538 0.136362,
        2.188417 0.000000 0.141173,
        2.188417 -0.036538 0.136362,
        2.188417 -0.070586 0.122259,
        2.188417 -0.099824 0.099824,
        2.188417 -0.122259 0.070586,
        2.188417 -0.136362 0.036538,
        2.188417 -0.141173 0.000000,
        2.188417 -0.136362 -0.036538,
        2.188417 -0.122259 -0.070586,
        2.188417 -0.099824 -0.099824,
        2.188417 -0.070586 -0.122259,
        2.188417 -0.036538 -0.136362,
        2.188417 0.000000 -0.141173,
        2.175904 0.040759 -0.152114,
        2.175904 0.078740 -0.136382,
        2.175904 0.111356 -0.111356,
        2.175904 0.136382 -0.078740,
        2.175904 0.152114 -0.040759,
        2.175904 0.157480 -0.000000,
        2.175904 0.152114 0.040759,
        2.175904 0.136382 0.078740,
        2.175904 0.111356 0.111356,
        2.175904 0.078740 0.136382,
        2.175904 0.040759 0.152114,
        2.175904 0.000000 0.157480,
        2.175904 -0.040759 0.152114,
        2.175904 -0.078740 0.136382,
        2.175904 -0.111356 0.111356,
        2.175904 -0.136382 0.078740,
        2.175904 -0.152114 0.040759,
        2.175904 -0.157480 0.000000,
        2.175904 -0.152114 -0.040759,
        2.175904 -0.136382 -0.078740,
        2.175904 -0.111356 -0.111356,
        2.175904 -0.078740 -0.136382,
        2.175904 -0.040759 -0.152114,
        2.175904 0.000000 -0.157480,
        2.168037 0.045674 -0.170458,
        2.168037 0.088235 -0.152828,
        2.168037 0.124784 -0.124784,
        2.168037 0.152828 -0.088235,
        2.168037 0.170458 -0.045674,
        2.168037 0.176471 -0.000000,
        2.168037 0.170458 0.045674,
        2.168037 0.152828 0.088235,
        2.168037 0.124784 0.124784,
        2.168037 0.088235 0.152828,
        2.168037 0.045674 0.170458,
        2.168037 0.000000 0.176471,
        2.168037 -0.045674 0.170458,
        2.168037 -0.088235 0.152828,
        2.168037 -0.124784 0.124784,
        2.168037 -0.152828 0.088235,
        2.168037 -0.170458 0.045674,
        2.168037 -0.176471 0.000000,
        2.168037 -0.170458 -0.045674,
        2.168037 -0.152828 -0.088235,
        2.168037 -0.124784 -0.124784,
        2.168037 -0.088235 -0.152828,
        2.168037 -0.045674 -0.170458,
        2.168037 0.000000 -0.176471,
        -2.086614 -0.583604 -0.525437,
        -2.106994 -0.613518 -0.489264,
        -2.086614 -0.535569 -0.577206,
        -2.106994 -0.533744 -0.575239,
        -2.086614 -0.461944 -0.635920,
        -2.106994 -0.442048 -0.648365,
        -2.086614 -0.443559 -0.650582,
        -2.106994 -0.340477 -0.707007,
        -2.086614 -0.341641 -0.709424,
        -2.086614 -0.615615 -0.490937,
        -2.106994 -0.679586 -0.392359,
        -2.086614 -0.732972 -0.287670,
        -2.106994 -0.730474 -0.286690,
        -2.086614 -0.746844 -0.242698,
        -2.106994 -0.765044 -0.174616,
        -2.086614 -0.767660 -0.175213,
        -2.106994 -0.782524 -0.058642,
        -2.086614 -0.781695 -0.082096,
        -2.086614 -0.785200 -0.058843,
        -2.086614 -0.785200 0.058843,
        -2.106994 -0.782524 0.058642,
        -2.086614 -0.781695 0.082096,
        -2.106994 -0.765044 0.174616,
        -2.086614 -0.767660 0.175213,
        -2.106994 -0.730474 0.286690,
        -2.086614 -0.746844 0.242698,
        -2.086614 -0.732972 0.287670,
        -2.106994 -0.679586 0.392359,
        -2.086614 -0.615615 0.490937,
        -2.106994 -0.613518 0.489264,
        -2.086614 -0.583604 0.525437,
        -2.106994 -0.533744 0.575239,
        -2.086614 -0.535569 0.577206,
        -2.106994 -0.442048 0.648365,
        -2.086614 -0.461944 0.635920,
        -2.086614 -0.443559 0.650582,
        -2.086614 -0.341641 0.709424,
        -2.106994 -0.340477 0.707007,
        -2.086614 -0.319750 0.718016,
        -2.106994 -0.231300 0.749856,
        -2.086614 -0.232091 0.752420,
        -2.106994 -0.116956 0.775954,
        -2.086614 -0.163240 0.768134,
        -2.086614 -0.117356 0.778607,
        -2.106994 0.000000 0.784719,
        -2.086614 0.117356 0.778607,
        -2.106994 0.116956 0.775954,
        -2.086614 0.163240 0.768134,
        -2.106994 0.231300 0.749856,
        -2.086614 0.232091 0.752420,
        -2.106994 0.340477 0.707007,
        -2.086614 0.319750 0.718016,
        -2.086614 0.341641 0.709424,
        -2.086614 0.443559 0.650582,
        -2.106994 0.442048 0.648365,
        -2.086614 0.461944 0.635920,
        -2.106994 0.533744 0.575239,
        -2.086614 0.535569 0.577206,
        -2.106994 0.613518 0.489264,
        -2.086614 0.583604 0.525437,
        -2.086614 0.615615 0.490937,
        -2.106994 0.679586 0.392359,
        -2.086614 0.732972 0.287670,
        -2.106994 0.730474 0.286690,
        -2.086614 0.746844 0.242698,
        -2.106994 0.765044 0.174616,
        -2.086614 0.767660 0.175213,
        -2.106994 0.782524 0.058642,
        -2.086614 0.781695 0.082096,
        -2.086614 0.785200 0.058843,
        -2.086614 0.785200 -0.058843,
        -2.106994 0.782524 -0.058642,
        -2.086614 0.781695 -0.082096,
        -2.106994 0.765044 -0.174616,
        -2.086614 0.767660 -0.175213,
        -2.106994 0.730474 -0.286690,
        -2.086614 0.746844 -0.242698,
        -2.086614 0.732972 -0.287670,
        -2.106994 0.679586 -0.392359,
        -2.086614 0.615615 -0.490937,
        -2.106994 0.613518 -0.489264,
        -2.086614 0.583604 -0.525437,
        -2.106994 0.533744 -0.575239,
        -2.086614 0.535569 -0.577206,
        -2.106994 0.442048 -0.648365,
        -2.086614 0.461944 -0.635920,
        -2.086614 0.443559 -0.650582,
        -2.086614 0.341641 -0.709424,
        -2.106994 0.340477 -0.707007,
        -2.086614 0.319750 -0.718016,
        -2.106994 0.231300 -0.749856,
        -2.086614 0.232091 -0.752420,
        -2.106994 0.116956 -0.775954,
        -2.086614 0.163240 -0.768134,
        -2.086614 0.117356 -0.778607,
        -2.106994 0.000000 -0.784719,
        -2.086614 -0.117356 -0.778607,
        -2.106994 -0.116956 -0.775954,
        -2.086614 -0.163240 -0.768134,
        -2.106994 -0.231300 -0.749856,
        -2.086614 -0.232091 -0.752420,
        -2.086614 -0.319750 -0.718016,
        -2.125984 0.115784 -0.768176,
        -2.125984 0.228981 -0.742339,
        -2.125984 0.337064 -0.699920,
        -2.125984 0.437617 -0.641866,
        -2.125984 0.528394 -0.569473,
        -2.125984 0.607368 -0.484359,
        -2.125984 0.672774 -0.388426,
        -2.125984 0.723152 -0.283816,
        -2.125984 0.757375 -0.172866,
        -2.125984 0.774680 -0.058054,
        -2.125984 0.774680 0.058054,
        -2.125984 0.757375 0.172866,
        -2.125984 0.723152 0.283816,
        -2.125984 0.672774 0.388426,
        -2.125984 0.607368 0.484359,
        -2.125984 0.528394 0.569473,
        -2.125984 0.437617 0.641866,
        -2.125984 0.337064 0.699920,
        -2.125984 0.228981 0.742339,
        -2.125984 0.115784 0.768176,
        -2.125984 0.000000 0.776852,
        -2.125984 -0.115784 0.768176,
        -2.125984 -0.228981 0.742339,
        -2.125984 -0.337064 0.699920,
        -2.125984 -0.437617 0.641866,
        -2.125984 -0.528394 0.569473,
        -2.125984 -0.607368 0.484359,
        -2.125984 -0.672774 0.388426,
        -2.125984 -0.723152 0.283816,
        -2.125984 -0.757375 0.172866,
        -2.125984 -0.774680 0.058054,
        -2.125984 -0.774680 -0.058054,
        -2.125984 -0.757375 -0.172866,
        -2.125984 -0.723152 -0.283816,
        -2.125984 -0.672774 -0.388426,
        -2.125984 -0.607368 -0.484359,
        -2.125984 -0.528394 -0.569473,
        -2.125984 -0.437617 -0.641866,
        -2.125984 -0.337064 -0.699920,
        -2.125984 -0.228981 -0.742339,
        -2.125984 -0.115784 -0.768176,
        -2.125984 0.000000 -0.776852,
        -2.142292 0.113919 -0.755802,
        -2.142292 0.225293 -0.730381,
        -2.142292 0.331634 -0.688646,
        -2.142292 0.430568 -0.631527,
        -2.142292 0.519883 -0.560300,
        -2.142292 0.597584 -0.476557,
        -2.142292 0.661937 -0.382170,
        -2.142292 0.711503 -0.279244,
        -2.142292 0.745176 -0.170081,
        -2.142292 0.762202 -0.057119,
        -2.142292 0.762202 0.057119,
        -2.142292 0.745176 0.170081,
        -2.142292 0.711503 0.279244,
        -2.142292 0.661937 0.382170,
        -2.142292 0.597584 0.476557,
        -2.142292 0.519883 0.560300,
        -2.142292 0.430568 0.631527,
        -2.142292 0.331634 0.688646,
        -2.142292 0.225293 0.730381,
        -2.142292 0.113919 0.755802,
        -2.142292 0.000000 0.764339,
        -2.142292 -0.113919 0.755802,
        -2.142292 -0.225293 0.730381,
        -2.142292 -0.331634 0.688646,
        -2.142292 -0.430568 0.631527,
        -2.142292 -0.519883 0.560300,
        -2.142292 -0.597584 0.476557,
        -2.142292 -0.661937 0.382170,
        -2.142292 -0.711503 0.279244,
        -2.142292 -0.745176 0.170081,
        -2.142292 -0.762202 0.057119,
        -2.142292 -0.762202 -0.057119,
        -2.142292 -0.745176 -0.170081,
        -2.142292 -0.711503 -0.279244,
        -2.142292 -0.661937 -0.382170,
        -2.142292 -0.597584 -0.476557,
        -2.142292 -0.519883 -0.560300,
        -2.142292 -0.430568 -0.631527,
        -2.142292 -0.331634 -0.688646,
        -2.142292 -0.225293 -0.730381,
        -2.142292 -0.113919 -0.755802,
        -2.142292 0.000000 -0.764339,
        -2.154805 0.111488 -0.739677,
        -2.154805 0.220486 -0.714798,
        -2.154805 0.324559 -0.673953,
        -2.154805 0.421381 -0.618053,
        -2.154805 0.508791 -0.548346,
        -2.154805 0.584835 -0.466390,
        -2.154805 0.647814 -0.374016,
        -2.154805 0.696323 -0.273287,
        -2.154805 0.729277 -0.166453,
        -2.154805 0.745940 -0.055900,
        -2.154805 0.745940 0.055900,
        -2.154805 0.729277 0.166453,
        -2.154805 0.696323 0.273287,
        -2.154805 0.647814 0.374016,
        -2.154805 0.584835 0.466390,
        -2.154805 0.508791 0.548346,
        -2.154805 0.421381 0.618053,
        -2.154805 0.324559 0.673953,
        -2.154805 0.220486 0.714798,
        -2.154805 0.111488 0.739677,
        -2.154805 0.000000 0.748031,
        -2.154805 -0.111488 0.739677,
        -2.154805 -0.220486 0.714798,
        -2.154805 -0.324559 0.673953,
        -2.154805 -0.421381 0.618053,
        -2.154805 -0.508791 0.548346,
        -2.154805 -0.584835 0.466390,
        -2.154805 -0.647814 0.374016,
        -2.154805 -0.696323 0.273287,
        -2.154805 -0.729277 0.166453,
        -2.154805 -0.745940 0.055900,
        -2.154805 -0.745940 -0.055900,
        -2.154805 -0.729277 -0.166453,
        -2.154805 -0.696323 -0.273287,
        -2.154805 -0.647814 -0.374016,
        -2.154805 -0.584835 -0.466390,
        -2.154805 -0.508791 -0.548346,
        -2.154805 -0.421381 -0.618053,
        -2.154805 -0.324559 -0.673953,
        -2.154805 -0.220486 -0.714798,
        -2.154805 -0.111488 -0.739677,
        -2.154805 0.000000 -0.748031,
        -2.162671 0.108658 -0.720898,
        -2.162671 0.214889 -0.696652,
        -2.162671 0.316319 -0.656843,
        -2.162671 0.410683 -0.602362,
        -2.162671 0.495874 -0.534425,
        -2.162671 0.569987 -0.454550,
        -2.162671 0.631368 -0.364520,
        -2.162671 0.678645 -0.266348,
        -2.162671 0.710762 -0.162227,
        -2.162671 0.727002 -0.054481,
        -2.162671 0.727002 0.054481,
        -2.162671 0.710762 0.162227,
        -2.162671 0.678645 0.266348,
        -2.162671 0.631368 0.364520,
        -2.162671 0.569987 0.454550,
        -2.162671 0.495874 0.534425,
        -2.162671 0.410683 0.602362,
        -2.162671 0.316319 0.656843,
        -2.162671 0.214889 0.696652,
        -2.162671 0.108658 0.720898,
        -2.162671 0.000000 0.729041,
        -2.162671 -0.108658 0.720898,
        -2.162671 -0.214889 0.696652,
        -2.162671 -0.316319 0.656843,
        -2.162671 -0.410683 0.602362,
        -2.162671 -0.495874 0.534425,
        -2.162671 -0.569987 0.454550,
        -2.162671 -0.631368 0.364520,
        -2.162671 -0.678645 0.266348,
        -2.162671 -0.710762 0.162227,
        -2.162671 -0.727002 0.054481,
        -2.162671 -0.727002 -0.054481,
        -2.162671 -0.710762 -0.162227,
        -2.162671 -0.678645 -0.266348,
        -2.162671 -0.631368 -0.364520,
        -2.162671 -0.569987 -0.454550,
        -2.162671 -0.495874 -0.534425,
        -2.162671 -0.410683 -0.602362,
        -2.162671 -0.316319 -0.656843,
        -2.162671 -0.214889 -0.696652,
        -2.162671 -0.108658 -0.720898,
        -2.162671 0.000000 -0.729041,
        -2.168037 0.045674 -0.170458,
        -2.168037 0.088235 -0.152828,
        -2.168037 0.124784 -0.124784,
        -2.168037 0.152828 -0.088235,
        -2.168037 0.170458 -0.045674,
        -2.168037 0.176471 -0.000000,
        -2.168037 0.170458 0.045674,
        -2.168037 0.152828 0.088235,
        -2.168037 0.124784 0.124784,
        -2.168037 0.088235 0.152828,
        -2.168037 0.045674 0.170458,
        -2.168037 0.000000 0.176471,
        -2.168037 -0.045674 0.170458,
        -2.168037 -0.088235 0.152828,
        -2.168037 -0.124784 0.124784,
        -2.168037 -0.152828 0.088235,
        -2.168037 -0.170458 0.045674,
        -2.168037 -0.176471 0.000000,
        -2.168037 -0.170458 -0.045674,
        -2.168037 -0.152828 -0.088235,
        -2.168037 -0.124784 -0.124784,
        -2.168037 -0.088235 -0.152828,
        -2.168037 -0.045674 -0.170458,
        -2.168037 0.000000 -0.176471,
        -2.175904 0.040759 -0.152114,
        -2.175904 0.078740 -0.136382,
        -2.175904 0.111356 -0.111356,
        -2.175904 0.136382 -0.078740,
        -2.175904 0.152114 -0.040759,
        -2.175904 0.157480 -0.000000,
        -2.175904 0.152114 0.040759,
        -2.175904 0.136382 0.078740,
        -2.175904 0.111356 0.111356,
        -2.175904 0.078740 0.136382,
        -2.175904 0.040759 0.152114,
        -2.175904 0.000000 0.157480,
        -2.175904 -0.040759 0.152114,
        -2.175904 -0.078740 0.136382,
        -2.175904 -0.111356 0.111356,
        -2.175904 -0.136382 0.078740,
        -2.175904 -0.152114 0.040759,
        -2.175904 -0.157480 0.000000,
        -2.175904 -0.152114 -0.040759,
        -2.175904 -0.136382 -0.078740,
        -2.175904 -0.111356 -0.111356,
        -2.175904 -0.078740 -0.136382,
        -2.175904 -0.040759 -0.152114,
        -2.175904 0.000000 -0.157480,
        -2.188417 0.036538 -0.136362,
        -2.188417 0.070586 -0.122259,
        -2.188417 0.099824 -0.099824,
        -2.188417 0.122259 -0.070586,
        -2.188417 0.136362 -0.036538,
        -2.188417 0.141173 -0.000000,
        -2.188417 0.136362 0.036538,
        -2.188417 0.122259 0.070586,
        -2.188417 0.099824 0.099824,
        -2.188417 0.070586 0.122259,
        -2.188417 0.036538 0.136362,
        -2.188417 0.000000 0.141173,
        -2.188417 -0.036538 0.136362,
        -2.188417 -0.070586 0.122259,
        -2.188417 -0.099824 0.099824,
        -2.188417 -0.122259 0.070586,
        -2.188417 -0.136362 0.036538,
        -2.188417 -0.141173 0.000000,
        -2.188417 -0.136362 -0.036538,
        -2.188417 -0.122259 -0.070586,
        -2.188417 -0.099824 -0.099824,
        -2.188417 -0.070586 -0.122259,
        -2.188417 -0.036538 -0.136362,
        -2.188417 0.000000 -0.141173,
        -2.204724 0.033300 -0.124276,
        -2.204724 0.064330 -0.111422,
        -2.204724 0.090976 -0.090976,
        -2.204724 0.111422 -0.064330,
        -2.204724 0.124276 -0.033300,
        -2.204724 0.128659 -0.000000,
        -2.204724 0.124276 0.033300,
        -2.204724 0.111422 0.064330,
        -2.204724 0.090976 0.090976,
        -2.204724 0.064330 0.111422,
        -2.204724 0.033300 0.124276,
        -2.204724 0.000000 0.128659,
        -2.204724 -0.033300 0.124276,
        -2.204724 -0.064330 0.111422,
        -2.204724 -0.090976 0.090976,
        -2.204724 -0.111422 0.064330,
        -2.204724 -0.124276 0.033300,
        -2.204724 -0.128659 0.000000,
        -2.204724 -0.124276 -0.033300,
        -2.204724 -0.111422 -0.064330,
        -2.204724 -0.090976 -0.090976,
        -2.204724 -0.064330 -0.111422,
        -2.204724 -0.033300 -0.124276,
        -2.204724 0.000000 -0.128659,
        -2.223715 0.031264 -0.116677,
        -2.223715 0.060396 -0.104610,
        -2.223715 0.085414 -0.085414,
        -2.223715 0.104610 -0.060396,
        -2.223715 0.116677 -0.031264,
        -2.223715 0.120793 -0.000000,
        -2.223715 0.116677 0.031264,
        -2.223715 0.104610 0.060396,
        -2.223715 0.085414 0.085414,
        -2.223715 0.060396 0.104610,
        -2.223715 0.031264 0.116677,
        -2.223715 0.000000 0.120793,
        -2.223715 -0.031264 0.116677,
        -2.223715 -0.060396 0.104610,
        -2.223715 -0.085414 0.085414,
        -2.223715 -0.104610 0.060396,
        -2.223715 -0.116677 0.031264,
        -2.223715 -0.120793 0.000000,
        -2.223715 -0.116677 -0.031264,
        -2.223715 -0.104610 -0.060396,
        -2.223715 -0.085414 -0.085414,
        -2.223715 -0.060396 -0.104610,
        -2.223715 -0.031264 -0.116677,
        -2.223715 0.000000 -0.120793,
      ]
    }
    coordIndex [
      192, 193, 194, -1,
      195, 196, 197, -1,
      198, 199, 200, -1,
      201, 202, 203, -1,
      204, 205, 206, -1,
      207, 208, 209, -1,
      210, 211, 212, -1,
      213, 214, 215, -1,
      216, 217, 218, -1,
      219, 220, 221, -1,
      222, 223, 224, -1,
      225, 226, 227, -1,
      14, 19, 228, -1,
      228, 19, 229, -1,
      228, 229, 230, -1,
      230, 229, 231, -1,
      230, 231, 232, -1,
      232, 231, 233, -1,
      232, 233, 234, -1,
      234, 233, 235, -1,
      234, 235, 236, -1,
      236, 235, 227, -1,
      16, 22, 237, -1,
      237, 22, 238, -1,
      237, 238, 239, -1,
      239, 238, 240, -1,
      239, 240, 241, -1,
      241, 240, 242, -1,
      241, 242, 243, -1,
      243, 242, 244, -1,
      243, 244, 245, -1,
      245, 244, 224, -1,
      56, 66, 246, -1,
      246, 66, 247, -1,
      246, 247, 248, -1,
      248, 247, 249, -1,
      248, 249, 250, -1,
      250, 249, 251, -1,
      250, 251, 252, -1,
      252, 251, 253, -1,
      252, 253, 254, -1,
      254, 253, 221, -1,
      64, 34, 255, -1,
      255, 34, 256, -1,
      255, 256, 257, -1,
      257, 256, 258, -1,
      257, 258, 259, -1,
      259, 258, 260, -1,
      259, 260, 261, -1,
      261, 260, 262, -1,
      261, 262, 263, -1,
      263, 262, 218, -1,
      59, 58, 264, -1,
      264, 58, 265, -1,
      264, 265, 266, -1,
      266, 265, 267, -1,
      266, 267, 268, -1,
      268, 267, 269, -1,
      268, 269, 270, -1,
      270, 269, 271, -1,
      270, 271, 272, -1,
      272, 271, 215, -1,
      36, 26, 273, -1,
      273, 26, 274, -1,
      273, 274, 275, -1,
      275, 274, 276, -1,
      275, 276, 277, -1,
      277, 276, 278, -1,
      277, 278, 279, -1,
      279, 278, 280, -1,
      279, 280, 281, -1,
      281, 280, 212, -1,
      40, 39, 282, -1,
      282, 39, 283, -1,
      282, 283, 284, -1,
      284, 283, 285, -1,
      284, 285, 286, -1,
      286, 285, 287, -1,
      286, 287, 288, -1,
      288, 287, 289, -1,
      288, 289, 290, -1,
      290, 289, 209, -1,
      46, 45, 291, -1,
      291, 45, 292, -1,
      291, 292, 293, -1,
      293, 292, 294, -1,
      293, 294, 295, -1,
      295, 294, 296, -1,
      295, 296, 297, -1,
      297, 296, 298, -1,
      297, 298, 299, -1,
      299, 298, 206, -1,
      62, 69, 300, -1,
      300, 69, 301, -1,
      300, 301, 302, -1,
      302, 301, 303, -1,
      302, 303, 304, -1,
      304, 303, 305, -1,
      304, 305, 306, -1,
      306, 305, 307, -1,
      306, 307, 308, -1,
      308, 307, 203, -1,
      67, 50, 309, -1,
      309, 50, 310, -1,
      309, 310, 311, -1,
      311, 310, 312, -1,
      311, 312, 313, -1,
      313, 312, 314, -1,
      313, 314, 315, -1,
      315, 314, 316, -1,
      315, 316, 317, -1,
      317, 316, 200, -1,
      71, 77, 318, -1,
      318, 77, 319, -1,
      318, 319, 320, -1,
      320, 319, 321, -1,
      320, 321, 322, -1,
      322, 321, 323, -1,
      322, 323, 324, -1,
      324, 323, 325, -1,
      324, 325, 326, -1,
      326, 325, 197, -1,
      74, 73, 327, -1,
      327, 73, 328, -1,
      327, 328, 329, -1,
      329, 328, 330, -1,
      329, 330, 331, -1,
      331, 330, 332, -1,
      331, 332, 333, -1,
      333, 332, 334, -1,
      333, 334, 335, -1,
      335, 334, 194, -1,
      52, 14, 336, -1,
      336, 14, 228, -1,
      336, 228, 337, -1,
      337, 228, 230, -1,
      337, 230, 338, -1,
      338, 230, 232, -1,
      338, 232, 339, -1,
      339, 232, 234, -1,
      339, 234, 340, -1,
      340, 234, 236, -1,
      340, 236, 7, -1,
      7, 236, 341, -1,
      227, 226, 236, -1,
      236, 226, 342, -1,
      236, 342, 341, -1,
      343, 225, 344, -1,
      344, 225, 227, -1,
      344, 227, 345, -1,
      345, 227, 235, -1,
      345, 235, 346, -1,
      346, 235, 233, -1,
      346, 233, 347, -1,
      347, 233, 231, -1,
      347, 231, 348, -1,
      348, 231, 229, -1,
      348, 229, 18, -1,
      18, 229, 19, -1,
      18, 16, 348, -1,
      348, 16, 237, -1,
      348, 237, 347, -1,
      347, 237, 239, -1,
      347, 239, 346, -1,
      346, 239, 241, -1,
      346, 241, 345, -1,
      345, 241, 243, -1,
      345, 243, 344, -1,
      344, 243, 245, -1,
      344, 245, 343, -1,
      343, 245, 349, -1,
      224, 223, 245, -1,
      245, 223, 350, -1,
      245, 350, 349, -1,
      351, 222, 352, -1,
      352, 222, 224, -1,
      352, 224, 353, -1,
      353, 224, 244, -1,
      353, 244, 354, -1,
      354, 244, 242, -1,
      354, 242, 355, -1,
      355, 242, 240, -1,
      355, 240, 356, -1,
      356, 240, 238, -1,
      356, 238, 21, -1,
      21, 238, 22, -1,
      21, 57, 356, -1,
      356, 57, 357, -1,
      356, 357, 355, -1,
      355, 357, 358, -1,
      355, 358, 354, -1,
      354, 358, 359, -1,
      354, 359, 353, -1,
      353, 359, 360, -1,
      353, 360, 352, -1,
      352, 360, 361, -1,
      352, 361, 351, -1,
      351, 361, 8, -1,
      57, 56, 357, -1,
      357, 56, 246, -1,
      357, 246, 358, -1,
      358, 246, 248, -1,
      358, 248, 359, -1,
      359, 248, 250, -1,
      359, 250, 360, -1,
      360, 250, 252, -1,
      360, 252, 361, -1,
      361, 252, 254, -1,
      361, 254, 8, -1,
      8, 254, 362, -1,
      221, 220, 254, -1,
      254, 220, 363, -1,
      254, 363, 362, -1,
      364, 219, 365, -1,
      365, 219, 221, -1,
      365, 221, 366, -1,
      366, 221, 253, -1,
      366, 253, 367, -1,
      367, 253, 251, -1,
      367, 251, 368, -1,
      368, 251, 249, -1,
      368, 249, 369, -1,
      369, 249, 247, -1,
      369, 247, 65, -1,
      65, 247, 66, -1,
      65, 64, 369, -1,
      369, 64, 255, -1,
      369, 255, 368, -1,
      368, 255, 257, -1,
      368, 257, 367, -1,
      367, 257, 259, -1,
      367, 259, 366, -1,
      366, 259, 261, -1,
      366, 261, 365, -1,
      365, 261, 263, -1,
      365, 263, 364, -1,
      364, 263, 370, -1,
      218, 217, 263, -1,
      263, 217, 371, -1,
      263, 371, 370, -1,
      372, 216, 373, -1,
      373, 216, 218, -1,
      373, 218, 374, -1,
      374, 218, 262, -1,
      374, 262, 375, -1,
      375, 262, 260, -1,
      375, 260, 376, -1,
      376, 260, 258, -1,
      376, 258, 377, -1,
      377, 258, 256, -1,
      377, 256, 32, -1,
      32, 256, 34, -1,
      32, 60, 377, -1,
      377, 60, 378, -1,
      377, 378, 376, -1,
      376, 378, 379, -1,
      376, 379, 375, -1,
      375, 379, 380, -1,
      375, 380, 374, -1,
      374, 380, 381, -1,
      374, 381, 373, -1,
      373, 381, 382, -1,
      373, 382, 372, -1,
      372, 382, 9, -1,
      60, 59, 378, -1,
      378, 59, 264, -1,
      378, 264, 379, -1,
      379, 264, 266, -1,
      379, 266, 380, -1,
      380, 266, 268, -1,
      380, 268, 381, -1,
      381, 268, 270, -1,
      381, 270, 382, -1,
      382, 270, 272, -1,
      382, 272, 9, -1,
      9, 272, 383, -1,
      215, 214, 272, -1,
      272, 214, 384, -1,
      272, 384, 383, -1,
      385, 213, 386, -1,
      386, 213, 215, -1,
      386, 215, 387, -1,
      387, 215, 271, -1,
      387, 271, 388, -1,
      388, 271, 269, -1,
      388, 269, 389, -1,
      389, 269, 267, -1,
      389, 267, 390, -1,
      390, 267, 265, -1,
      390, 265, 37, -1,
      37, 265, 58, -1,
      37, 36, 390, -1,
      390, 36, 273, -1,
      390, 273, 389, -1,
      389, 273, 275, -1,
      389, 275, 388, -1,
      388, 275, 277, -1,
      388, 277, 387, -1,
      387, 277, 279, -1,
      387, 279, 386, -1,
      386, 279, 281, -1,
      386, 281, 385, -1,
      385, 281, 391, -1,
      212, 211, 281, -1,
      281, 211, 392, -1,
      281, 392, 391, -1,
      393, 210, 394, -1,
      394, 210, 212, -1,
      394, 212, 395, -1,
      395, 212, 280, -1,
      395, 280, 396, -1,
      396, 280, 278, -1,
      396, 278, 397, -1,
      397, 278, 276, -1,
      397, 276, 398, -1,
      398, 276, 274, -1,
      398, 274, 24, -1,
      24, 274, 26, -1,
      24, 41, 398, -1,
      398, 41, 399, -1,
      398, 399, 397, -1,
      397, 399, 400, -1,
      397, 400, 396, -1,
      396, 400, 401, -1,
      396, 401, 395, -1,
      395, 401, 402, -1,
      395, 402, 394, -1,
      394, 402, 403, -1,
      394, 403, 393, -1,
      393, 403, 10, -1,
      41, 40, 399, -1,
      399, 40, 282, -1,
      399, 282, 400, -1,
      400, 282, 284, -1,
      400, 284, 401, -1,
      401, 284, 286, -1,
      401, 286, 402, -1,
      402, 286, 288, -1,
      402, 288, 403, -1,
      403, 288, 290, -1,
      403, 290, 10, -1,
      10, 290, 404, -1,
      209, 208, 290, -1,
      290, 208, 405, -1,
      290, 405, 404, -1,
      406, 207, 407, -1,
      407, 207, 209, -1,
      407, 209, 408, -1,
      408, 209, 289, -1,
      408, 289, 409, -1,
      409, 289, 287, -1,
      409, 287, 410, -1,
      410, 287, 285, -1,
      410, 285, 411, -1,
      411, 285, 283, -1,
      411, 283, 30, -1,
      30, 283, 39, -1,
      30, 46, 411, -1,
      411, 46, 291, -1,
      411, 291, 410, -1,
      410, 291, 293, -1,
      410, 293, 409, -1,
      409, 293, 295, -1,
      409, 295, 408, -1,
      408, 295, 297, -1,
      408, 297, 407, -1,
      407, 297, 299, -1,
      407, 299, 406, -1,
      406, 299, 412, -1,
      206, 205, 299, -1,
      299, 205, 413, -1,
      299, 413, 412, -1,
      414, 204, 415, -1,
      415, 204, 206, -1,
      415, 206, 416, -1,
      416, 206, 298, -1,
      416, 298, 417, -1,
      417, 298, 296, -1,
      417, 296, 418, -1,
      418, 296, 294, -1,
      418, 294, 419, -1,
      419, 294, 292, -1,
      419, 292, 43, -1,
      43, 292, 45, -1,
      43, 63, 419, -1,
      419, 63, 420, -1,
      419, 420, 418, -1,
      418, 420, 421, -1,
      418, 421, 417, -1,
      417, 421, 422, -1,
      417, 422, 416, -1,
      416, 422, 423, -1,
      416, 423, 415, -1,
      415, 423, 424, -1,
      415, 424, 414, -1,
      414, 424, 11, -1,
      63, 62, 420, -1,
      420, 62, 300, -1,
      420, 300, 421, -1,
      421, 300, 302, -1,
      421, 302, 422, -1,
      422, 302, 304, -1,
      422, 304, 423, -1,
      423, 304, 306, -1,
      423, 306, 424, -1,
      424, 306, 308, -1,
      424, 308, 11, -1,
      11, 308, 425, -1,
      203, 202, 308, -1,
      308, 202, 426, -1,
      308, 426, 425, -1,
      427, 201, 428, -1,
      428, 201, 203, -1,
      428, 203, 429, -1,
      429, 203, 307, -1,
      429, 307, 430, -1,
      430, 307, 305, -1,
      430, 305, 431, -1,
      431, 305, 303, -1,
      431, 303, 432, -1,
      432, 303, 301, -1,
      432, 301, 68, -1,
      68, 301, 69, -1,
      68, 67, 432, -1,
      432, 67, 309, -1,
      432, 309, 431, -1,
      431, 309, 311, -1,
      431, 311, 430, -1,
      430, 311, 313, -1,
      430, 313, 429, -1,
      429, 313, 315, -1,
      429, 315, 428, -1,
      428, 315, 317, -1,
      428, 317, 427, -1,
      427, 317, 433, -1,
      200, 199, 317, -1,
      317, 199, 434, -1,
      317, 434, 433, -1,
      435, 198, 436, -1,
      436, 198, 200, -1,
      436, 200, 437, -1,
      437, 200, 316, -1,
      437, 316, 438, -1,
      438, 316, 314, -1,
      438, 314, 439, -1,
      439, 314, 312, -1,
      439, 312, 440, -1,
      440, 312, 310, -1,
      440, 310, 48, -1,
      48, 310, 50, -1,
      48, 72, 440, -1,
      440, 72, 441, -1,
      440, 441, 439, -1,
      439, 441, 442, -1,
      439, 442, 438, -1,
      438, 442, 443, -1,
      438, 443, 437, -1,
      437, 443, 444, -1,
      437, 444, 436, -1,
      436, 444, 445, -1,
      436, 445, 435, -1,
      435, 445, 6, -1,
      72, 71, 441, -1,
      441, 71, 318, -1,
      441, 318, 442, -1,
      442, 318, 320, -1,
      442, 320, 443, -1,
      443, 320, 322, -1,
      443, 322, 444, -1,
      444, 322, 324, -1,
      444, 324, 445, -1,
      445, 324, 326, -1,
      445, 326, 6, -1,
      6, 326, 446, -1,
      197, 196, 326, -1,
      326, 196, 447, -1,
      326, 447, 446, -1,
      448, 195, 449, -1,
      449, 195, 197, -1,
      449, 197, 450, -1,
      450, 197, 325, -1,
      450, 325, 451, -1,
      451, 325, 323, -1,
      451, 323, 452, -1,
      452, 323, 321, -1,
      452, 321, 453, -1,
      453, 321, 319, -1,
      453, 319, 76, -1,
      76, 319, 77, -1,
      76, 74, 453, -1,
      453, 74, 327, -1,
      453, 327, 452, -1,
      452, 327, 329, -1,
      452, 329, 451, -1,
      451, 329, 331, -1,
      451, 331, 450, -1,
      450, 331, 333, -1,
      450, 333, 449, -1,
      449, 333, 335, -1,
      449, 335, 448, -1,
      448, 335, 454, -1,
      194, 193, 335, -1,
      335, 193, 455, -1,
      335, 455, 454, -1,
      456, 192, 457, -1,
      457, 192, 194, -1,
      457, 194, 458, -1,
      458, 194, 334, -1,
      458, 334, 459, -1,
      459, 334, 332, -1,
      459, 332, 460, -1,
      460, 332, 330, -1,
      460, 330, 461, -1,
      461, 330, 328, -1,
      461, 328, 53, -1,
      53, 328, 73, -1,
      53, 52, 461, -1,
      461, 52, 336, -1,
      461, 336, 460, -1,
      460, 336, 337, -1,
      460, 337, 459, -1,
      459, 337, 338, -1,
      459, 338, 458, -1,
      458, 338, 339, -1,
      458, 339, 457, -1,
      457, 339, 340, -1,
      457, 340, 456, -1,
      456, 340, 7, -1,
      168, 462, 169, -1,
      169, 462, 463, -1,
      169, 463, 170, -1,
      170, 463, 464, -1,
      170, 464, 171, -1,
      171, 464, 465, -1,
      171, 465, 172, -1,
      172, 465, 466, -1,
      172, 466, 173, -1,
      173, 466, 467, -1,
      173, 467, 174, -1,
      174, 467, 468, -1,
      174, 468, 175, -1,
      175, 468, 469, -1,
      175, 469, 176, -1,
      176, 469, 470, -1,
      176, 470, 177, -1,
      177, 470, 471, -1,
      177, 471, 178, -1,
      178, 471, 472, -1,
      178, 472, 179, -1,
      179, 472, 473, -1,
      179, 473, 180, -1,
      180, 473, 474, -1,
      180, 474, 181, -1,
      181, 474, 475, -1,
      181, 475, 182, -1,
      182, 475, 476, -1,
      182, 476, 183, -1,
      183, 476, 477, -1,
      183, 477, 184, -1,
      184, 477, 478, -1,
      184, 478, 185, -1,
      185, 478, 479, -1,
      185, 479, 186, -1,
      186, 479, 480, -1,
      186, 480, 187, -1,
      187, 480, 481, -1,
      187, 481, 188, -1,
      188, 481, 482, -1,
      188, 482, 189, -1,
      189, 482, 483, -1,
      189, 483, 190, -1,
      190, 483, 484, -1,
      190, 484, 191, -1,
      191, 484, 485, -1,
      191, 485, 168, -1,
      168, 485, 462, -1,
      462, 486, 463, -1,
      463, 486, 487, -1,
      463, 487, 464, -1,
      464, 487, 488, -1,
      464, 488, 465, -1,
      465, 488, 489, -1,
      465, 489, 466, -1,
      466, 489, 490, -1,
      466, 490, 467, -1,
      467, 490, 491, -1,
      467, 491, 468, -1,
      468, 491, 492, -1,
      468, 492, 469, -1,
      469, 492, 493, -1,
      469, 493, 470, -1,
      470, 493, 494, -1,
      470, 494, 471, -1,
      471, 494, 495, -1,
      471, 495, 472, -1,
      472, 495, 496, -1,
      472, 496, 473, -1,
      473, 496, 497, -1,
      473, 497, 474, -1,
      474, 497, 498, -1,
      474, 498, 475, -1,
      475, 498, 499, -1,
      475, 499, 476, -1,
      476, 499, 500, -1,
      476, 500, 477, -1,
      477, 500, 501, -1,
      477, 501, 478, -1,
      478, 501, 502, -1,
      478, 502, 479, -1,
      479, 502, 503, -1,
      479, 503, 480, -1,
      480, 503, 504, -1,
      480, 504, 481, -1,
      481, 504, 505, -1,
      481, 505, 482, -1,
      482, 505, 506, -1,
      482, 506, 483, -1,
      483, 506, 507, -1,
      483, 507, 484, -1,
      484, 507, 508, -1,
      484, 508, 485, -1,
      485, 508, 509, -1,
      485, 509, 462, -1,
      462, 509, 486, -1,
      486, 510, 487, -1,
      487, 510, 511, -1,
      487, 511, 488, -1,
      488, 511, 512, -1,
      488, 512, 489, -1,
      489, 512, 513, -1,
      489, 513, 490, -1,
      490, 513, 514, -1,
      490, 514, 491, -1,
      491, 514, 515, -1,
      491, 515, 492, -1,
      492, 515, 516, -1,
      492, 516, 493, -1,
      493, 516, 517, -1,
      493, 517, 494, -1,
      494, 517, 518, -1,
      494, 518, 495, -1,
      495, 518, 519, -1,
      495, 519, 496, -1,
      496, 519, 520, -1,
      496, 520, 497, -1,
      497, 520, 521, -1,
      497, 521, 498, -1,
      498, 521, 522, -1,
      498, 522, 499, -1,
      499, 522, 523, -1,
      499, 523, 500, -1,
      500, 523, 524, -1,
      500, 524, 501, -1,
      501, 524, 525, -1,
      501, 525, 502, -1,
      502, 525, 526, -1,
      502, 526, 503, -1,
      503, 526, 527, -1,
      503, 527, 504, -1,
      504, 527, 528, -1,
      504, 528, 505, -1,
      505, 528, 529, -1,
      505, 529, 506, -1,
      506, 529, 530, -1,
      506, 530, 507, -1,
      507, 530, 531, -1,
      507, 531, 508, -1,
      508, 531, 532, -1,
      508, 532, 509, -1,
      509, 532, 533, -1,
      509, 533, 486, -1,
      486, 533, 510, -1,
      510, 534, 511, -1,
      511, 534, 535, -1,
      511, 535, 512, -1,
      512, 535, 536, -1,
      512, 536, 513, -1,
      513, 536, 537, -1,
      513, 537, 514, -1,
      514, 537, 538, -1,
      514, 538, 515, -1,
      515, 538, 539, -1,
      515, 539, 516, -1,
      516, 539, 540, -1,
      516, 540, 517, -1,
      517, 540, 541, -1,
      517, 541, 518, -1,
      518, 541, 542, -1,
      518, 542, 519, -1,
      519, 542, 543, -1,
      519, 543, 520, -1,
      520, 543, 544, -1,
      520, 544, 521, -1,
      521, 544, 545, -1,
      521, 545, 522, -1,
      522, 545, 546, -1,
      522, 546, 523, -1,
      523, 546, 547, -1,
      523, 547, 524, -1,
      524, 547, 548, -1,
      524, 548, 525, -1,
      525, 548, 549, -1,
      525, 549, 526, -1,
      526, 549, 550, -1,
      526, 550, 527, -1,
      527, 550, 551, -1,
      527, 551, 528, -1,
      528, 551, 552, -1,
      528, 552, 529, -1,
      529, 552, 553, -1,
      529, 553, 530, -1,
      530, 553, 554, -1,
      530, 554, 531, -1,
      531, 554, 555, -1,
      531, 555, 532, -1,
      532, 555, 556, -1,
      532, 556, 533, -1,
      533, 556, 557, -1,
      533, 557, 510, -1,
      510, 557, 534, -1,
      534, 558, 535, -1,
      535, 558, 559, -1,
      535, 559, 536, -1,
      536, 559, 560, -1,
      536, 560, 537, -1,
      537, 560, 561, -1,
      537, 561, 538, -1,
      538, 561, 562, -1,
      538, 562, 539, -1,
      539, 562, 563, -1,
      539, 563, 540, -1,
      540, 563, 564, -1,
      540, 564, 541, -1,
      541, 564, 565, -1,
      541, 565, 542, -1,
      542, 565, 566, -1,
      542, 566, 543, -1,
      543, 566, 567, -1,
      543, 567, 544, -1,
      544, 567, 568, -1,
      544, 568, 545, -1,
      545, 568, 569, -1,
      545, 569, 546, -1,
      546, 569, 570, -1,
      546, 570, 547, -1,
      547, 570, 571, -1,
      547, 571, 548, -1,
      548, 571, 572, -1,
      548, 572, 549, -1,
      549, 572, 573, -1,
      549, 573, 550, -1,
      550, 573, 574, -1,
      550, 574, 551, -1,
      551, 574, 575, -1,
      551, 575, 552, -1,
      552, 575, 576, -1,
      552, 576, 553, -1,
      553, 576, 577, -1,
      553, 577, 554, -1,
      554, 577, 578, -1,
      554, 578, 555, -1,
      555, 578, 579, -1,
      555, 579, 556, -1,
      556, 579, 580, -1,
      556, 580, 557, -1,
      557, 580, 581, -1,
      557, 581, 534, -1,
      534, 581, 558, -1,
      558, 54, 559, -1,
      559, 54, 75, -1,
      559, 75, 560, -1,
      560, 75, 70, -1,
      560, 70, 561, -1,
      561, 70, 47, -1,
      561, 47, 562, -1,
      562, 47, 49, -1,
      562, 49, 563, -1,
      563, 49, 51, -1,
      563, 51, 564, -1,
      564, 51, 61, -1,
      564, 61, 565, -1,
      565, 61, 42, -1,
      565, 42, 566, -1,
      566, 42, 44, -1,
      566, 44, 567, -1,
      567, 44, 29, -1,
      567, 29, 568, -1,
      568, 29, 28, -1,
      568, 28, 569, -1,
      569, 28, 23, -1,
      569, 23, 570, -1,
      570, 23, 25, -1,
      570, 25, 571, -1,
      571, 25, 27, -1,
      571, 27, 572, -1,
      572, 27, 38, -1,
      572, 38, 573, -1,
      573, 38, 31, -1,
      573, 31, 574, -1,
      574, 31, 33, -1,
      574, 33, 575, -1,
      575, 33, 35, -1,
      575, 35, 576, -1,
      576, 35, 55, -1,
      576, 55, 577, -1,
      577, 55, 20, -1,
      577, 20, 578, -1,
      578, 20, 15, -1,
      578, 15, 579, -1,
      579, 15, 17, -1,
      579, 17, 580, -1,
      580, 17, 13, -1,
      580, 13, 581, -1,
      581, 13, 12, -1,
      581, 12, 558, -1,
      558, 12, 54, -1,
      582, 583, 584, -1,
      584, 583, 585, -1,
      584, 585, 586, -1,
      586, 585, 587, -1,
      586, 587, 588, -1,
      588, 587, 589, -1,
      588, 589, 590, -1,
      582, 591, 583, -1,
      583, 591, 3, -1,
      583, 3, 592, -1,
      592, 3, 593, -1,
      592, 593, 594, -1,
      594, 593, 595, -1,
      594, 595, 596, -1,
      596, 595, 597, -1,
      596, 597, 598, -1,
      598, 597, 599, -1,
      599, 600, 598, -1,
      598, 600, 601, -1,
      598, 601, 602, -1,
      602, 601, 603, -1,
      602, 603, 604, -1,
      604, 603, 605, -1,
      604, 605, 606, -1,
      606, 605, 607, -1,
      607, 608, 606, -1,
      606, 608, 2, -1,
      606, 2, 609, -1,
      609, 2, 610, -1,
      609, 610, 611, -1,
      611, 610, 612, -1,
      611, 612, 613, -1,
      613, 612, 614, -1,
      613, 614, 615, -1,
      615, 614, 616, -1,
      616, 617, 615, -1,
      615, 617, 618, -1,
      615, 618, 619, -1,
      619, 618, 620, -1,
      619, 620, 621, -1,
      621, 620, 622, -1,
      621, 622, 623, -1,
      623, 622, 624, -1,
      624, 625, 623, -1,
      623, 625, 1, -1,
      623, 1, 626, -1,
      626, 1, 627, -1,
      626, 627, 628, -1,
      628, 627, 629, -1,
      628, 629, 630, -1,
      630, 629, 631, -1,
      630, 631, 632, -1,
      632, 631, 633, -1,
      633, 634, 632, -1,
      632, 634, 635, -1,
      632, 635, 636, -1,
      636, 635, 637, -1,
      636, 637, 638, -1,
      638, 637, 639, -1,
      638, 639, 640, -1,
      640, 639, 641, -1,
      641, 642, 640, -1,
      640, 642, 0, -1,
      640, 0, 643, -1,
      643, 0, 644, -1,
      643, 644, 645, -1,
      645, 644, 646, -1,
      645, 646, 647, -1,
      647, 646, 648, -1,
      647, 648, 649, -1,
      649, 648, 650, -1,
      650, 651, 649, -1,
      649, 651, 652, -1,
      649, 652, 653, -1,
      653, 652, 654, -1,
      653, 654, 655, -1,
      655, 654, 656, -1,
      655, 656, 657, -1,
      657, 656, 658, -1,
      658, 659, 657, -1,
      657, 659, 5, -1,
      657, 5, 660, -1,
      660, 5, 661, -1,
      660, 661, 662, -1,
      662, 661, 663, -1,
      662, 663, 664, -1,
      664, 663, 665, -1,
      664, 665, 666, -1,
      666, 665, 667, -1,
      667, 668, 666, -1,
      666, 668, 669, -1,
      666, 669, 670, -1,
      670, 669, 671, -1,
      670, 671, 672, -1,
      672, 671, 673, -1,
      672, 673, 674, -1,
      674, 673, 675, -1,
      675, 676, 674, -1,
      674, 676, 4, -1,
      674, 4, 677, -1,
      677, 4, 678, -1,
      677, 678, 679, -1,
      679, 678, 680, -1,
      679, 680, 681, -1,
      681, 680, 682, -1,
      681, 682, 589, -1,
      589, 682, 683, -1,
      589, 683, 590, -1,
      677, 684, 674, -1,
      674, 684, 685, -1,
      674, 685, 672, -1,
      672, 685, 686, -1,
      672, 686, 670, -1,
      670, 686, 687, -1,
      670, 687, 666, -1,
      666, 687, 688, -1,
      666, 688, 664, -1,
      664, 688, 689, -1,
      664, 689, 662, -1,
      662, 689, 690, -1,
      662, 690, 660, -1,
      660, 690, 691, -1,
      660, 691, 657, -1,
      657, 691, 692, -1,
      657, 692, 655, -1,
      655, 692, 693, -1,
      655, 693, 653, -1,
      653, 693, 694, -1,
      653, 694, 649, -1,
      649, 694, 695, -1,
      649, 695, 647, -1,
      647, 695, 696, -1,
      647, 696, 645, -1,
      645, 696, 697, -1,
      645, 697, 643, -1,
      643, 697, 698, -1,
      643, 698, 640, -1,
      640, 698, 699, -1,
      640, 699, 638, -1,
      638, 699, 700, -1,
      638, 700, 636, -1,
      636, 700, 701, -1,
      636, 701, 632, -1,
      632, 701, 702, -1,
      632, 702, 630, -1,
      630, 702, 703, -1,
      630, 703, 628, -1,
      628, 703, 704, -1,
      628, 704, 626, -1,
      626, 704, 705, -1,
      626, 705, 623, -1,
      623, 705, 706, -1,
      623, 706, 621, -1,
      621, 706, 707, -1,
      621, 707, 619, -1,
      619, 707, 708, -1,
      619, 708, 615, -1,
      615, 708, 709, -1,
      615, 709, 613, -1,
      613, 709, 710, -1,
      613, 710, 611, -1,
      611, 710, 711, -1,
      611, 711, 609, -1,
      609, 711, 712, -1,
      609, 712, 606, -1,
      606, 712, 713, -1,
      606, 713, 604, -1,
      604, 713, 714, -1,
      604, 714, 602, -1,
      602, 714, 715, -1,
      602, 715, 598, -1,
      598, 715, 716, -1,
      598, 716, 596, -1,
      596, 716, 717, -1,
      596, 717, 594, -1,
      594, 717, 718, -1,
      594, 718, 592, -1,
      592, 718, 719, -1,
      592, 719, 583, -1,
      583, 719, 720, -1,
      583, 720, 585, -1,
      585, 720, 721, -1,
      585, 721, 587, -1,
      587, 721, 722, -1,
      587, 722, 589, -1,
      589, 722, 723, -1,
      589, 723, 681, -1,
      681, 723, 724, -1,
      681, 724, 679, -1,
      679, 724, 725, -1,
      679, 725, 677, -1,
      677, 725, 684, -1,
      725, 726, 684, -1,
      684, 726, 727, -1,
      684, 727, 685, -1,
      685, 727, 728, -1,
      685, 728, 686, -1,
      686, 728, 729, -1,
      686, 729, 687, -1,
      687, 729, 730, -1,
      687, 730, 688, -1,
      688, 730, 731, -1,
      688, 731, 689, -1,
      689, 731, 732, -1,
      689, 732, 690, -1,
      690, 732, 733, -1,
      690, 733, 691, -1,
      691, 733, 734, -1,
      691, 734, 692, -1,
      692, 734, 735, -1,
      692, 735, 693, -1,
      693, 735, 736, -1,
      693, 736, 694, -1,
      694, 736, 737, -1,
      694, 737, 695, -1,
      695, 737, 738, -1,
      695, 738, 696, -1,
      696, 738, 739, -1,
      696, 739, 697, -1,
      697, 739, 740, -1,
      697, 740, 698, -1,
      698, 740, 741, -1,
      698, 741, 699, -1,
      699, 741, 742, -1,
      699, 742, 700, -1,
      700, 742, 743, -1,
      700, 743, 701, -1,
      701, 743, 744, -1,
      701, 744, 702, -1,
      702, 744, 745, -1,
      702, 745, 703, -1,
      703, 745, 746, -1,
      703, 746, 704, -1,
      704, 746, 747, -1,
      704, 747, 705, -1,
      705, 747, 748, -1,
      705, 748, 706, -1,
      706, 748, 749, -1,
      706, 749, 707, -1,
      707, 749, 750, -1,
      707, 750, 708, -1,
      708, 750, 751, -1,
      708, 751, 709, -1,
      709, 751, 752, -1,
      709, 752, 710, -1,
      710, 752, 753, -1,
      710, 753, 711, -1,
      711, 753, 754, -1,
      711, 754, 712, -1,
      712, 754, 755, -1,
      712, 755, 713, -1,
      713, 755, 756, -1,
      713, 756, 714, -1,
      714, 756, 757, -1,
      714, 757, 715, -1,
      715, 757, 758, -1,
      715, 758, 716, -1,
      716, 758, 759, -1,
      716, 759, 717, -1,
      717, 759, 760, -1,
      717, 760, 718, -1,
      718, 760, 761, -1,
      718, 761, 719, -1,
      719, 761, 762, -1,
      719, 762, 720, -1,
      720, 762, 763, -1,
      720, 763, 721, -1,
      721, 763, 764, -1,
      721, 764, 722, -1,
      722, 764, 765, -1,
      722, 765, 723, -1,
      723, 765, 766, -1,
      723, 766, 724, -1,
      724, 766, 767, -1,
      724, 767, 725, -1,
      725, 767, 726, -1,
      767, 768, 726, -1,
      726, 768, 769, -1,
      726, 769, 727, -1,
      727, 769, 770, -1,
      727, 770, 728, -1,
      728, 770, 771, -1,
      728, 771, 729, -1,
      729, 771, 772, -1,
      729, 772, 730, -1,
      730, 772, 773, -1,
      730, 773, 731, -1,
      731, 773, 774, -1,
      731, 774, 732, -1,
      732, 774, 775, -1,
      732, 775, 733, -1,
      733, 775, 776, -1,
      733, 776, 734, -1,
      734, 776, 777, -1,
      734, 777, 735, -1,
      735, 777, 778, -1,
      735, 778, 736, -1,
      736, 778, 779, -1,
      736, 779, 737, -1,
      737, 779, 780, -1,
      737, 780, 738, -1,
      738, 780, 781, -1,
      738, 781, 739, -1,
      739, 781, 782, -1,
      739, 782, 740, -1,
      740, 782, 783, -1,
      740, 783, 741, -1,
      741, 783, 784, -1,
      741, 784, 742, -1,
      742, 784, 785, -1,
      742, 785, 743, -1,
      743, 785, 786, -1,
      743, 786, 744, -1,
      744, 786, 787, -1,
      744, 787, 745, -1,
      745, 787, 788, -1,
      745, 788, 746, -1,
      746, 788, 789, -1,
      746, 789, 747, -1,
      747, 789, 790, -1,
      747, 790, 748, -1,
      748, 790, 791, -1,
      748, 791, 749, -1,
      749, 791, 792, -1,
      749, 792, 750, -1,
      750, 792, 793, -1,
      750, 793, 751, -1,
      751, 793, 794, -1,
      751, 794, 752, -1,
      752, 794, 795, -1,
      752, 795, 753, -1,
      753, 795, 796, -1,
      753, 796, 754, -1,
      754, 796, 797, -1,
      754, 797, 755, -1,
      755, 797, 798, -1,
      755, 798, 756, -1,
      756, 798, 799, -1,
      756, 799, 757, -1,
      757, 799, 800, -1,
      757, 800, 758, -1,
      758, 800, 801, -1,
      758, 801, 759, -1,
      759, 801, 802, -1,
      759, 802, 760, -1,
      760, 802, 803, -1,
      760, 803, 761, -1,
      761, 803, 804, -1,
      761, 804, 762, -1,
      762, 804, 805, -1,
      762, 805, 763, -1,
      763, 805, 806, -1,
      763, 806, 764, -1,
      764, 806, 807, -1,
      764, 807, 765, -1,
      765, 807, 808, -1,
      765, 808, 766, -1,
      766, 808, 809, -1,
      766, 809, 767, -1,
      767, 809, 768, -1,
      809, 810, 768, -1,
      768, 810, 811, -1,
      768, 811, 769, -1,
      769, 811, 812, -1,
      769, 812, 770, -1,
      770, 812, 813, -1,
      770, 813, 771, -1,
      771, 813, 814, -1,
      771, 814, 772, -1,
      772, 814, 815, -1,
      772, 815, 773, -1,
      773, 815, 816, -1,
      773, 816, 774, -1,
      774, 816, 817, -1,
      774, 817, 775, -1,
      775, 817, 818, -1,
      775, 818, 776, -1,
      776, 818, 819, -1,
      776, 819, 777, -1,
      777, 819, 820, -1,
      777, 820, 778, -1,
      778, 820, 821, -1,
      778, 821, 779, -1,
      779, 821, 822, -1,
      779, 822, 780, -1,
      780, 822, 823, -1,
      780, 823, 781, -1,
      781, 823, 824, -1,
      781, 824, 782, -1,
      782, 824, 825, -1,
      782, 825, 783, -1,
      783, 825, 826, -1,
      783, 826, 784, -1,
      784, 826, 827, -1,
      784, 827, 785, -1,
      785, 827, 828, -1,
      785, 828, 786, -1,
      786, 828, 829, -1,
      786, 829, 787, -1,
      787, 829, 830, -1,
      787, 830, 788, -1,
      788, 830, 831, -1,
      788, 831, 789, -1,
      789, 831, 832, -1,
      789, 832, 790, -1,
      790, 832, 833, -1,
      790, 833, 791, -1,
      791, 833, 834, -1,
      791, 834, 792, -1,
      792, 834, 835, -1,
      792, 835, 793, -1,
      793, 835, 836, -1,
      793, 836, 794, -1,
      794, 836, 837, -1,
      794, 837, 795, -1,
      795, 837, 838, -1,
      795, 838, 796, -1,
      796, 838, 839, -1,
      796, 839, 797, -1,
      797, 839, 840, -1,
      797, 840, 798, -1,
      798, 840, 841, -1,
      798, 841, 799, -1,
      799, 841, 842, -1,
      799, 842, 800, -1,
      800, 842, 843, -1,
      800, 843, 801, -1,
      801, 843, 844, -1,
      801, 844, 802, -1,
      802, 844, 845, -1,
      802, 845, 803, -1,
      803, 845, 846, -1,
      803, 846, 804, -1,
      804, 846, 847, -1,
      804, 847, 805, -1,
      805, 847, 848, -1,
      805, 848, 806, -1,
      806, 848, 849, -1,
      806, 849, 807, -1,
      807, 849, 850, -1,
      807, 850, 808, -1,
      808, 850, 851, -1,
      808, 851, 809, -1,
      809, 851, 810, -1,
      851, 103, 810, -1,
      810, 103, 126, -1,
      810, 126, 811, -1,
      811, 126, 125, -1,
      811, 125, 812, -1,
      812, 125, 123, -1,
      812, 123, 813, -1,
      813, 123, 129, -1,
      813, 129, 814, -1,
      814, 129, 128, -1,
      814, 128, 815, -1,
      815, 128, 132, -1,
      815, 132, 816, -1,
      816, 132, 131, -1,
      816, 131, 817, -1,
      817, 131, 137, -1,
      817, 137, 818, -1,
      818, 137, 136, -1,
      818, 136, 819, -1,
      819, 136, 134, -1,
      819, 134, 820, -1,
      820, 134, 133, -1,
      820, 133, 821, -1,
      821, 133, 86, -1,
      821, 86, 822, -1,
      822, 86, 118, -1,
      822, 118, 823, -1,
      823, 118, 117, -1,
      823, 117, 824, -1,
      824, 117, 116, -1,
      824, 116, 825, -1,
      825, 116, 92, -1,
      825, 92, 826, -1,
      826, 92, 90, -1,
      826, 90, 827, -1,
      827, 90, 96, -1,
      827, 96, 828, -1,
      828, 96, 95, -1,
      828, 95, 829, -1,
      829, 95, 94, -1,
      829, 94, 830, -1,
      830, 94, 80, -1,
      830, 80, 831, -1,
      831, 80, 101, -1,
      831, 101, 832, -1,
      832, 101, 100, -1,
      832, 100, 833, -1,
      833, 100, 98, -1,
      833, 98, 834, -1,
      834, 98, 107, -1,
      834, 107, 835, -1,
      835, 107, 106, -1,
      835, 106, 836, -1,
      836, 106, 121, -1,
      836, 121, 837, -1,
      837, 121, 120, -1,
      837, 120, 838, -1,
      838, 120, 119, -1,
      838, 119, 839, -1,
      839, 119, 111, -1,
      839, 111, 840, -1,
      840, 111, 109, -1,
      840, 109, 841, -1,
      841, 109, 115, -1,
      841, 115, 842, -1,
      842, 115, 114, -1,
      842, 114, 843, -1,
      843, 114, 140, -1,
      843, 140, 844, -1,
      844, 140, 139, -1,
      844, 139, 845, -1,
      845, 139, 143, -1,
      845, 143, 846, -1,
      846, 143, 142, -1,
      846, 142, 847, -1,
      847, 142, 141, -1,
      847, 141, 848, -1,
      848, 141, 84, -1,
      848, 84, 849, -1,
      849, 84, 82, -1,
      849, 82, 850, -1,
      850, 82, 104, -1,
      850, 104, 851, -1,
      851, 104, 103, -1,
      102, 852, 124, -1,
      124, 852, 853, -1,
      124, 853, 122, -1,
      122, 853, 854, -1,
      122, 854, 127, -1,
      127, 854, 855, -1,
      127, 855, 130, -1,
      130, 855, 856, -1,
      130, 856, 135, -1,
      135, 856, 857, -1,
      135, 857, 87, -1,
      87, 857, 858, -1,
      87, 858, 88, -1,
      88, 858, 859, -1,
      88, 859, 93, -1,
      93, 859, 860, -1,
      93, 860, 91, -1,
      91, 860, 861, -1,
      91, 861, 89, -1,
      89, 861, 862, -1,
      89, 862, 78, -1,
      78, 862, 863, -1,
      78, 863, 79, -1,
      79, 863, 864, -1,
      79, 864, 99, -1,
      99, 864, 865, -1,
      99, 865, 97, -1,
      97, 865, 866, -1,
      97, 866, 105, -1,
      105, 866, 867, -1,
      105, 867, 112, -1,
      112, 867, 868, -1,
      112, 868, 110, -1,
      110, 868, 869, -1,
      110, 869, 108, -1,
      108, 869, 870, -1,
      108, 870, 113, -1,
      113, 870, 871, -1,
      113, 871, 138, -1,
      138, 871, 872, -1,
      138, 872, 85, -1,
      85, 872, 873, -1,
      85, 873, 83, -1,
      83, 873, 874, -1,
      83, 874, 81, -1,
      81, 874, 875, -1,
      81, 875, 102, -1,
      102, 875, 852, -1,
      852, 876, 853, -1,
      853, 876, 877, -1,
      853, 877, 854, -1,
      854, 877, 878, -1,
      854, 878, 855, -1,
      855, 878, 879, -1,
      855, 879, 856, -1,
      856, 879, 880, -1,
      856, 880, 857, -1,
      857, 880, 881, -1,
      857, 881, 858, -1,
      858, 881, 882, -1,
      858, 882, 859, -1,
      859, 882, 883, -1,
      859, 883, 860, -1,
      860, 883, 884, -1,
      860, 884, 861, -1,
      861, 884, 885, -1,
      861, 885, 862, -1,
      862, 885, 886, -1,
      862, 886, 863, -1,
      863, 886, 887, -1,
      863, 887, 864, -1,
      864, 887, 888, -1,
      864, 888, 865, -1,
      865, 888, 889, -1,
      865, 889, 866, -1,
      866, 889, 890, -1,
      866, 890, 867, -1,
      867, 890, 891, -1,
      867, 891, 868, -1,
      868, 891, 892, -1,
      868, 892, 869, -1,
      869, 892, 893, -1,
      869, 893, 870, -1,
      870, 893, 894, -1,
      870, 894, 871, -1,
      871, 894, 895, -1,
      871, 895, 872, -1,
      872, 895, 896, -1,
      872, 896, 873, -1,
      873, 896, 897, -1,
      873, 897, 874, -1,
      874, 897, 898, -1,
      874, 898, 875, -1,
      875, 898, 899, -1,
      875, 899, 852, -1,
      852, 899, 876, -1,
      876, 900, 877, -1,
      877, 900, 901, -1,
      877, 901, 878, -1,
      878, 901, 902, -1,
      878, 902, 879, -1,
      879, 902, 903, -1,
      879, 903, 880, -1,
      880, 903, 904, -1,
      880, 904, 881, -1,
      881, 904, 905, -1,
      881, 905, 882, -1,
      882, 905, 906, -1,
      882, 906, 883, -1,
      883, 906, 907, -1,
      883, 907, 884, -1,
      884, 907, 908, -1,
      884, 908, 885, -1,
      885, 908, 909, -1,
      885, 909, 886, -1,
      886, 909, 910, -1,
      886, 910, 887, -1,
      887, 910, 911, -1,
      887, 911, 888, -1,
      888, 911, 912, -1,
      888, 912, 889, -1,
      889, 912, 913, -1,
      889, 913, 890, -1,
      890, 913, 914, -1,
      890, 914, 891, -1,
      891, 914, 915, -1,
      891, 915, 892, -1,
      892, 915, 916, -1,
      892, 916, 893, -1,
      893, 916, 917, -1,
      893, 917, 894, -1,
      894, 917, 918, -1,
      894, 918, 895, -1,
      895, 918, 919, -1,
      895, 919, 896, -1,
      896, 919, 920, -1,
      896, 920, 897, -1,
      897, 920, 921, -1,
      897, 921, 898, -1,
      898, 921, 922, -1,
      898, 922, 899, -1,
      899, 922, 923, -1,
      899, 923, 876, -1,
      876, 923, 900, -1,
      900, 924, 901, -1,
      901, 924, 925, -1,
      901, 925, 902, -1,
      902, 925, 926, -1,
      902, 926, 903, -1,
      903, 926, 927, -1,
      903, 927, 904, -1,
      904, 927, 928, -1,
      904, 928, 905, -1,
      905, 928, 929, -1,
      905, 929, 906, -1,
      906, 929, 930, -1,
      906, 930, 907, -1,
      907, 930, 931, -1,
      907, 931, 908, -1,
      908, 931, 932, -1,
      908, 932, 909, -1,
      909, 932, 933, -1,
      909, 933, 910, -1,
      910, 933, 934, -1,
      910, 934, 911, -1,
      911, 934, 935, -1,
      911, 935, 912, -1,
      912, 935, 936, -1,
      912, 936, 913, -1,
      913, 936, 937, -1,
      913, 937, 914, -1,
      914, 937, 938, -1,
      914, 938, 915, -1,
      915, 938, 939, -1,
      915, 939, 916, -1,
      916, 939, 940, -1,
      916, 940, 917, -1,
      917, 940, 941, -1,
      917, 941, 918, -1,
      918, 941, 942, -1,
      918, 942, 919, -1,
      919, 942, 943, -1,
      919, 943, 920, -1,
      920, 943, 944, -1,
      920, 944, 921, -1,
      921, 944, 945, -1,
      921, 945, 922, -1,
      922, 945, 946, -1,
      922, 946, 923, -1,
      923, 946, 947, -1,
      923, 947, 900, -1,
      900, 947, 924, -1,
      924, 948, 925, -1,
      925, 948, 949, -1,
      925, 949, 926, -1,
      926, 949, 950, -1,
      926, 950, 927, -1,
      927, 950, 951, -1,
      927, 951, 928, -1,
      928, 951, 952, -1,
      928, 952, 929, -1,
      929, 952, 953, -1,
      929, 953, 930, -1,
      930, 953, 954, -1,
      930, 954, 931, -1,
      931, 954, 955, -1,
      931, 955, 932, -1,
      932, 955, 956, -1,
      932, 956, 933, -1,
      933, 956, 957, -1,
      933, 957, 934, -1,
      934, 957, 958, -1,
      934, 958, 935, -1,
      935, 958, 959, -1,
      935, 959, 936, -1,
      936, 959, 960, -1,
      936, 960, 937, -1,
      937, 960, 961, -1,
      937, 961, 938, -1,
      938, 961, 962, -1,
      938, 962, 939, -1,
      939, 962, 963, -1,
      939, 963, 940, -1,
      940, 963, 964, -1,
      940, 964, 941, -1,
      941, 964, 965, -1,
      941, 965, 942, -1,
      942, 965, 966, -1,
      942, 966, 943, -1,
      943, 966, 967, -1,
      943, 967, 944, -1,
      944, 967, 968, -1,
      944, 968, 945, -1,
      945, 968, 969, -1,
      945, 969, 946, -1,
      946, 969, 970, -1,
      946, 970, 947, -1,
      947, 970, 971, -1,
      947, 971, 924, -1,
      924, 971, 948, -1,
      948, 154, 949, -1,
      949, 154, 153, -1,
      949, 153, 950, -1,
      950, 153, 152, -1,
      950, 152, 951, -1,
      951, 152, 151, -1,
      951, 151, 952, -1,
      952, 151, 150, -1,
      952, 150, 953, -1,
      953, 150, 149, -1,
      953, 149, 954, -1,
      954, 149, 148, -1,
      954, 148, 955, -1,
      955, 148, 147, -1,
      955, 147, 956, -1,
      956, 147, 146, -1,
      956, 146, 957, -1,
      957, 146, 145, -1,
      957, 145, 958, -1,
      958, 145, 144, -1,
      958, 144, 959, -1,
      959, 144, 167, -1,
      959, 167, 960, -1,
      960, 167, 166, -1,
      960, 166, 961, -1,
      961, 166, 165, -1,
      961, 165, 962, -1,
      962, 165, 164, -1,
      962, 164, 963, -1,
      963, 164, 163, -1,
      963, 163, 964, -1,
      964, 163, 162, -1,
      964, 162, 965, -1,
      965, 162, 161, -1,
      965, 161, 966, -1,
      966, 161, 160, -1,
      966, 160, 967, -1,
      967, 160, 159, -1,
      967, 159, 968, -1,
      968, 159, 158, -1,
      968, 158, 969, -1,
      969, 158, 157, -1,
      969, 157, 970, -1,
      970, 157, 156, -1,
      970, 156, 971, -1,
      971, 156, 155, -1,
      971, 155, 948, -1,
      948, 155, 154, -1,
    ]
  }
}

Shape {
  appearance Appearance {
    material Material {
      diffuseColor 0.0000 0.0000 0.0000
      specularColor 0.0000 0.0000 0.0000
      ambientIntensity 0.2
      transparency 0.0000
      shininess 0.5
    }
  }
  geometry IndexedFaceSet {
    ccw TRUE
    solid FALSE
    coord DEF co Coordinate {
      point [
        -0.175251 0.786995 0.025306,
        -0.182904 0.786879 0.028690,
        -0.141762 0.786952 0.026737,
        -0.201601 0.783088 0.082306,
        -0.132231 0.783082 0.082309,
        -0.131548 0.783185 0.081343,
        -0.130063 0.783409 0.079246,
        -0.128807 0.783723 0.075982,
        -0.127099 0.784151 0.071546,
        -0.126917 0.784280 0.069991,
        -0.125618 0.785198 0.058872,
        -0.125706 0.785254 0.058047,
        -0.126722 0.785903 0.048541,
        -0.126859 0.785991 0.047254,
        -0.128456 0.786235 0.042840,
        -0.129511 0.786396 0.039921,
        -0.130952 0.786490 0.037831,
        -0.137436 0.786831 0.029965,
        -0.134787 0.786740 0.032269,
        -0.136239 0.786797 0.030859,
        -0.142130 0.786962 0.026463,
        -0.146190 0.787017 0.024742,
        -0.151214 0.787055 0.023467,
        -0.148245 0.787045 0.023871,
        -0.174107 0.787012 0.024800,
        -0.167094 0.787052 0.023444,
        -0.162904 0.787076 0.022634,
        -0.158786 0.787082 0.022437,
        -0.109141 0.787290 0.013270,
        -0.109141 0.787038 0.023917,
        -0.247067 0.785457 0.055300,
        -0.213660 0.785457 0.055300,
        -0.213660 0.787038 0.023917,
        -0.213660 0.783088 0.082306,
        -0.213660 0.784633 0.065965,
        -0.269489 0.783088 0.082306,
        -0.247067 0.784633 0.065965,
        -0.269489 0.787290 0.013270,
        -0.251842 0.787038 0.023917,
        -0.251842 0.787290 0.013270,
        -0.201601 0.787290 0.013270,
        -0.341104 0.783157 0.081731,
        -0.342285 0.783482 0.078442,
        -0.345109 0.785489 0.054791,
        -0.344990 0.785617 0.053049,
        -0.344185 0.784004 0.073156,
        -0.344352 0.784130 0.071673,
        -0.345543 0.785027 0.061110,
        -0.343498 0.786002 0.046803,
        -0.342594 0.786235 0.043017,
        -0.340934 0.786395 0.039733,
        -0.338244 0.786655 0.034410,
        -0.337403 0.786693 0.033412,
        -0.331455 0.786961 0.026351,
        -0.330140 0.786988 0.025428,
        -0.322672 0.787145 0.020186,
        -0.320867 0.787183 0.018919,
        -0.315407 0.787228 0.016874,
        -0.310555 0.787267 0.015056,
        -0.307097 0.787272 0.014654,
        -0.295182 0.787290 0.013270,
        -0.113079 0.785029 0.061043,
        -0.113163 0.784869 0.063121,
        -0.071938 0.783088 0.082306,
        -0.114845 0.784057 0.072306,
        -0.115597 0.783695 0.076408,
        -0.182904 0.787215 0.017137,
        -0.179124 0.787240 0.015847,
        -0.171190 0.787293 0.013140,
        -0.170862 0.787293 0.013106,
        -0.157043 0.787315 0.011694,
        -0.153344 0.787313 0.011929,
        -0.150062 0.787311 0.012137,
        -0.144105 0.787294 0.013452,
        -0.140754 0.787284 0.014191,
        -0.137618 0.787252 0.015698,
        -0.132775 0.787202 0.018025,
        -0.131813 0.787180 0.018814,
        -0.124949 0.787022 0.024442,
        -0.124272 0.786989 0.025376,
        -0.119396 0.786748 0.032100,
        -0.118795 0.786718 0.032930,
        -0.116391 0.786441 0.038780,
        -0.114997 0.786280 0.042173,
        -0.071938 0.787038 0.023917,
        -0.114462 0.786009 0.046373,
        -0.112962 0.785251 0.058157,
        -0.059879 0.787290 0.013270,
        -0.059879 0.783088 0.082306,
        -0.059879 0.780185 0.106359,
        -0.071938 0.780185 0.106359,
        -0.163399 0.780001 0.107701,
        -0.172825 0.780109 0.106916,
        -0.201601 0.780185 0.106359,
        -0.175013 0.780191 0.106312,
        -0.182904 0.780485 0.104134,
        -0.117250 0.783320 0.080015,
        -0.118301 0.783081 0.082309,
        -0.119944 0.782708 0.085894,
        -0.120754 0.782587 0.086937,
        -0.126454 0.781737 0.094280,
        -0.127617 0.781603 0.095383,
        -0.129414 0.781438 0.096702,
        -0.135963 0.780836 0.101508,
        -0.137023 0.780739 0.102286,
        -0.142596 0.780436 0.104556,
        -0.146221 0.780239 0.106032,
        -0.149999 0.780169 0.106522,
        -0.160768 0.779971 0.107920,
        -0.249717 0.780185 0.106359,
        -0.321104 0.780922 0.100843,
        -0.315418 0.780664 0.102796,
        -0.309189 0.780382 0.104937,
        -0.323874 0.781146 0.099036,
        -0.331455 0.781760 0.094090,
        -0.335256 0.782217 0.090220,
        -0.335564 0.782254 0.089907,
        -0.339376 0.782876 0.084281,
        -0.340712 0.783094 0.082309,
        -0.213660 0.781564 0.095702,
        -0.249717 0.781564 0.095702,
        -0.269489 0.780185 0.106359,
        -0.296138 0.780185 0.106359,
        -0.306148 0.780336 0.105268,
        -0.172435 0.781572 0.095641,
        -0.170137 0.781536 0.095936,
        -0.177892 0.781823 0.093547,
        -0.157762 0.781419 0.096890,
        -0.182904 0.782053 0.091624,
        -0.160887 0.781389 0.097124,
        -0.158690 0.781399 0.097042,
        -0.150626 0.781567 0.095722,
        -0.149352 0.781593 0.095514,
        -0.145414 0.781799 0.093801,
        -0.135432 0.782599 0.086831,
        -0.140845 0.782114 0.091098,
        -0.142871 0.781932 0.092694,
        -0.059879 0.791226 0.013336,
        -0.059879 0.784086 0.106891,
        -0.071938 0.784086 0.106891,
        -0.071938 0.790974 0.024036,
        -0.109141 0.790974 0.024036,
        -0.109141 0.791226 0.013336,
        -0.158786 0.791017 0.022549,
        -0.162050 0.791013 0.022682,
        -0.167085 0.790985 0.023620,
        -0.174125 0.790946 0.024930,
        -0.175252 0.790929 0.025431,
        -0.182904 0.790813 0.028833,
        -0.134786 0.790674 0.032432,
        -0.137366 0.790769 0.030019,
        -0.137389 0.790770 0.029998,
        -0.141811 0.790878 0.026945,
        -0.142850 0.790904 0.026227,
        -0.146201 0.790946 0.024905,
        -0.148916 0.790980 0.023833,
        -0.151206 0.790988 0.023535,
        -0.125618 0.789124 0.059166,
        -0.125711 0.789180 0.058338,
        -0.126779 0.789826 0.048790,
        -0.126899 0.789898 0.047721,
        -0.128528 0.790156 0.043077,
        -0.129620 0.790329 0.039964,
        -0.130954 0.790418 0.038019,
        -0.135434 0.786512 0.087267,
        -0.131463 0.787095 0.081808,
        -0.127058 0.788190 0.070319,
        -0.127383 0.787980 0.072833,
        -0.128857 0.787639 0.076332,
        -0.130756 0.787199 0.080835,
        -0.160887 0.785296 0.097609,
        -0.159076 0.785304 0.097544,
        -0.157769 0.785330 0.097332,
        -0.150630 0.785472 0.096176,
        -0.149421 0.785496 0.095980,
        -0.145428 0.785706 0.094238,
        -0.142889 0.785839 0.093131,
        -0.140860 0.786022 0.091535,
        -0.182904 0.785963 0.092082,
        -0.177908 0.785725 0.094069,
        -0.173362 0.785509 0.095876,
        -0.170122 0.785454 0.096326,
        -0.182904 0.784388 0.104655,
        -0.160768 0.783870 0.108459,
        -0.163403 0.783897 0.108267,
        -0.171349 0.783977 0.107686,
        -0.174985 0.784107 0.106732,
        -0.126451 0.785646 0.094748,
        -0.128548 0.785408 0.096700,
        -0.129354 0.785337 0.097262,
        -0.136031 0.784744 0.101912,
        -0.138043 0.784566 0.103313,
        -0.142585 0.784327 0.105094,
        -0.146290 0.784133 0.106546,
        -0.150003 0.784066 0.107037,
        -0.113190 0.788946 0.061328,
        -0.112992 0.789068 0.059901,
        -0.112962 0.789177 0.058448,
        -0.120909 0.786501 0.087260,
        -0.119099 0.786780 0.084813,
        -0.117307 0.787228 0.080406,
        -0.115073 0.787785 0.074913,
        -0.114765 0.787974 0.072694,
        -0.124952 0.790957 0.024561,
        -0.124267 0.790924 0.025500,
        -0.119354 0.790681 0.032230,
        -0.119189 0.790673 0.032456,
        -0.116438 0.790364 0.038995,
        -0.115067 0.790210 0.042254,
        -0.114501 0.789932 0.046611,
        -0.153346 0.791248 0.011943,
        -0.153683 0.791249 0.011884,
        -0.157043 0.791251 0.011752,
        -0.131887 0.791106 0.019002,
        -0.133546 0.791141 0.017672,
        -0.137635 0.791178 0.015827,
        -0.141758 0.791215 0.013966,
        -0.144102 0.791222 0.013557,
        -0.182904 0.791151 0.017223,
        -0.179161 0.791180 0.015790,
        -0.174572 0.791214 0.014032,
        -0.170813 0.791222 0.013543,
        -0.201601 0.791226 0.013336,
        -0.201601 0.784086 0.106891,
        -0.249717 0.784086 0.106891,
        -0.249717 0.785472 0.096181,
        -0.213660 0.785472 0.096181,
        -0.213660 0.788557 0.066295,
        -0.247067 0.788557 0.066295,
        -0.247067 0.789385 0.055576,
        -0.213660 0.789385 0.055576,
        -0.213660 0.790974 0.024036,
        -0.251842 0.790974 0.024036,
        -0.251842 0.791226 0.013336,
        -0.344949 0.789402 0.055102,
        -0.345543 0.788952 0.061415,
        -0.345392 0.789241 0.057573,
        -0.343500 0.789926 0.047020,
        -0.343107 0.790068 0.044831,
        -0.337273 0.790612 0.033680,
        -0.338983 0.790529 0.035794,
        -0.340877 0.790317 0.039945,
        -0.331457 0.790895 0.026485,
        -0.335220 0.786128 0.090649,
        -0.334913 0.786080 0.091075,
        -0.331452 0.785668 0.094563,
        -0.340296 0.786910 0.083602,
        -0.339465 0.786782 0.084757,
        -0.344136 0.788034 0.071998,
        -0.343699 0.787749 0.075285,
        -0.342257 0.787394 0.078810,
        -0.296138 0.784086 0.106891,
        -0.306147 0.784235 0.105791,
        -0.309233 0.784281 0.105452,
        -0.315417 0.784563 0.103312,
        -0.321121 0.784823 0.101339,
        -0.323874 0.785048 0.099533,
        -0.269489 0.784086 0.106891,
        -0.269489 0.791226 0.013336,
        -0.295182 0.791226 0.013336,
        -0.330154 0.790923 0.025530,
        -0.322782 0.791082 0.020127,
        -0.322637 0.791085 0.020020,
        -0.315388 0.791154 0.016967,
        -0.312039 0.791186 0.015556,
        -0.307069 0.791198 0.014902,
        -0.303062 0.785571 0.095376,
        -0.306450 0.785617 0.095009,
        -0.310383 0.785774 0.093684,
        -0.315280 0.785970 0.092035,
        -0.316696 0.786072 0.091142,
        -0.322621 0.786496 0.087407,
        -0.325196 0.786789 0.084729,
        -0.325556 0.786830 0.084355,
        -0.328193 0.787245 0.080346,
        -0.329317 0.787422 0.078637,
        -0.330305 0.787687 0.075866,
        -0.331649 0.788048 0.072097,
        -0.331787 0.788154 0.070847,
        -0.332863 0.788978 0.061081,
        -0.332822 0.789107 0.059382,
        -0.332518 0.789260 0.057165,
        -0.331404 0.789818 0.049043,
        -0.331306 0.789867 0.048332,
        -0.329394 0.790128 0.043683,
        -0.328212 0.790289 0.040809,
        -0.326746 0.790379 0.038888,
        -0.322880 0.790616 0.033819,
        -0.321876 0.790654 0.032919,
        -0.321721 0.790658 0.032814,
        -0.316466 0.790796 0.029238,
        -0.314983 0.790835 0.028230,
        -0.311176 0.790883 0.026818,
        -0.307423 0.790930 0.025427,
        -0.305373 0.790937 0.025195,
        -0.295111 0.790974 0.024036,
        -0.281548 0.790974 0.024036,
        -0.281548 0.785472 0.096181,
        -0.295660 0.785472 0.096181,
        -0.295111 0.787038 0.023917,
        -0.281548 0.787038 0.023917,
        -0.322882 0.786682 0.033653,
        -0.321654 0.786719 0.032740,
        -0.305348 0.786996 0.025242,
        -0.308924 0.786982 0.025705,
        -0.311174 0.786949 0.026661,
        -0.316556 0.786869 0.028949,
        -0.316561 0.786869 0.028953,
        -0.332863 0.785052 0.060777,
        -0.332665 0.785343 0.056857,
        -0.332605 0.785430 0.055682,
        -0.331246 0.785874 0.048835,
        -0.330713 0.786048 0.046152,
        -0.329433 0.786194 0.043463,
        -0.327594 0.786405 0.039601,
        -0.326829 0.786450 0.038635,
        -0.322619 0.782583 0.086974,
        -0.325216 0.782873 0.084327,
        -0.325243 0.782876 0.084300,
        -0.328189 0.783329 0.079941,
        -0.331764 0.784231 0.070492,
        -0.331611 0.784117 0.071845,
        -0.330298 0.783768 0.075485,
        -0.329265 0.783494 0.078348,
        -0.295660 0.781564 0.095702,
        -0.303062 0.781662 0.094897,
        -0.306441 0.781707 0.094530,
        -0.310381 0.781864 0.093211,
        -0.315283 0.782059 0.091570,
        -0.316696 0.782160 0.090685,
        -0.281548 0.781564 0.095702,
      ]
    }
    coordIndex [
      87, 137, 88, -1,
      88, 137, 138, -1,
      88, 138, 89, -1,
      139, 90, 138, -1,
      138, 90, 89, -1,
      90, 139, 63, -1,
      63, 139, 140, -1,
      63, 140, 84, -1,
      141, 29, 140, -1,
      140, 29, 84, -1,
      142, 28, 141, -1,
      141, 28, 29, -1,
      87, 28, 137, -1,
      137, 28, 142, -1,
      139, 138, 140, -1,
      140, 138, 137, -1,
      140, 137, 141, -1,
      141, 137, 142, -1,
      27, 143, 26, -1,
      26, 143, 144, -1,
      26, 144, 25, -1,
      25, 144, 145, -1,
      25, 145, 24, -1,
      24, 145, 146, -1,
      24, 146, 0, -1,
      0, 146, 147, -1,
      0, 147, 1, -1,
      1, 147, 148, -1,
      18, 149, 19, -1,
      19, 149, 150, -1,
      19, 150, 17, -1,
      17, 150, 151, -1,
      17, 151, 2, -1,
      2, 151, 152, -1,
      2, 152, 20, -1,
      20, 152, 153, -1,
      20, 153, 21, -1,
      21, 153, 154, -1,
      21, 154, 23, -1,
      23, 154, 155, -1,
      23, 155, 22, -1,
      22, 155, 156, -1,
      22, 156, 27, -1,
      27, 156, 143, -1,
      10, 157, 11, -1,
      11, 157, 158, -1,
      11, 158, 12, -1,
      12, 158, 159, -1,
      12, 159, 13, -1,
      13, 159, 160, -1,
      13, 160, 14, -1,
      14, 160, 161, -1,
      14, 161, 15, -1,
      15, 161, 162, -1,
      15, 162, 16, -1,
      16, 162, 163, -1,
      16, 163, 18, -1,
      18, 163, 149, -1,
      134, 164, 4, -1,
      4, 164, 165, -1,
      157, 10, 166, -1,
      166, 10, 9, -1,
      166, 9, 167, -1,
      167, 9, 8, -1,
      167, 8, 168, -1,
      168, 8, 7, -1,
      168, 7, 169, -1,
      169, 7, 6, -1,
      169, 6, 165, -1,
      165, 6, 5, -1,
      165, 5, 4, -1,
      129, 170, 130, -1,
      130, 170, 171, -1,
      130, 171, 127, -1,
      127, 171, 172, -1,
      127, 172, 131, -1,
      131, 172, 173, -1,
      131, 173, 132, -1,
      132, 173, 174, -1,
      132, 174, 133, -1,
      133, 174, 175, -1,
      133, 175, 136, -1,
      136, 175, 176, -1,
      136, 176, 135, -1,
      135, 176, 177, -1,
      135, 177, 134, -1,
      134, 177, 164, -1,
      128, 178, 126, -1,
      126, 178, 179, -1,
      126, 179, 124, -1,
      124, 179, 180, -1,
      124, 180, 125, -1,
      125, 180, 181, -1,
      125, 181, 129, -1,
      129, 181, 170, -1,
      95, 182, 128, -1,
      128, 182, 178, -1,
      108, 183, 91, -1,
      91, 183, 184, -1,
      91, 184, 92, -1,
      92, 184, 185, -1,
      92, 185, 94, -1,
      94, 185, 186, -1,
      94, 186, 95, -1,
      95, 186, 182, -1,
      100, 187, 101, -1,
      101, 187, 188, -1,
      101, 188, 102, -1,
      102, 188, 189, -1,
      102, 189, 103, -1,
      103, 189, 190, -1,
      103, 190, 104, -1,
      104, 190, 191, -1,
      104, 191, 105, -1,
      105, 191, 192, -1,
      105, 192, 106, -1,
      106, 192, 193, -1,
      106, 193, 107, -1,
      107, 193, 194, -1,
      107, 194, 108, -1,
      108, 194, 183, -1,
      195, 61, 196, -1,
      196, 61, 86, -1,
      196, 86, 197, -1,
      198, 98, 199, -1,
      199, 98, 97, -1,
      199, 97, 200, -1,
      200, 97, 96, -1,
      200, 96, 201, -1,
      201, 96, 65, -1,
      201, 65, 202, -1,
      202, 65, 64, -1,
      202, 64, 195, -1,
      195, 64, 62, -1,
      195, 62, 61, -1,
      187, 100, 198, -1,
      198, 100, 99, -1,
      198, 99, 98, -1,
      78, 203, 79, -1,
      79, 203, 204, -1,
      79, 204, 80, -1,
      80, 204, 205, -1,
      80, 205, 81, -1,
      81, 205, 206, -1,
      81, 206, 82, -1,
      82, 206, 207, -1,
      82, 207, 83, -1,
      83, 207, 208, -1,
      83, 208, 85, -1,
      85, 208, 209, -1,
      85, 209, 86, -1,
      86, 209, 197, -1,
      210, 71, 211, -1,
      211, 71, 70, -1,
      211, 70, 212, -1,
      203, 78, 213, -1,
      213, 78, 77, -1,
      213, 77, 214, -1,
      214, 77, 76, -1,
      214, 76, 215, -1,
      215, 76, 75, -1,
      215, 75, 216, -1,
      216, 75, 74, -1,
      216, 74, 217, -1,
      217, 74, 73, -1,
      217, 73, 210, -1,
      210, 73, 72, -1,
      210, 72, 71, -1,
      66, 218, 67, -1,
      67, 218, 219, -1,
      67, 219, 68, -1,
      68, 219, 220, -1,
      68, 220, 221, -1,
      212, 70, 221, -1,
      221, 70, 69, -1,
      221, 69, 68, -1,
      148, 218, 1, -1,
      1, 218, 66, -1,
      145, 144, 212, -1,
      212, 144, 143, -1,
      212, 143, 211, -1,
      212, 221, 145, -1,
      145, 221, 220, -1,
      145, 220, 146, -1,
      146, 220, 219, -1,
      146, 219, 147, -1,
      147, 219, 218, -1,
      147, 218, 148, -1,
      211, 143, 210, -1,
      210, 143, 156, -1,
      210, 156, 217, -1,
      217, 156, 155, -1,
      217, 155, 216, -1,
      216, 155, 154, -1,
      216, 154, 215, -1,
      215, 154, 153, -1,
      215, 153, 214, -1,
      214, 153, 152, -1,
      214, 152, 213, -1,
      213, 152, 151, -1,
      213, 151, 203, -1,
      203, 151, 150, -1,
      203, 150, 149, -1,
      157, 196, 158, -1,
      158, 196, 197, -1,
      158, 197, 159, -1,
      159, 197, 209, -1,
      159, 209, 160, -1,
      160, 209, 208, -1,
      160, 208, 161, -1,
      161, 208, 207, -1,
      161, 207, 162, -1,
      162, 207, 206, -1,
      162, 206, 163, -1,
      163, 206, 205, -1,
      163, 205, 149, -1,
      149, 205, 204, -1,
      149, 204, 203, -1,
      189, 188, 164, -1,
      164, 188, 187, -1,
      164, 187, 165, -1,
      165, 187, 198, -1,
      165, 198, 169, -1,
      169, 198, 199, -1,
      169, 199, 168, -1,
      168, 199, 200, -1,
      168, 200, 167, -1,
      167, 200, 201, -1,
      167, 201, 166, -1,
      166, 201, 202, -1,
      166, 202, 157, -1,
      157, 202, 195, -1,
      157, 195, 196, -1,
      184, 183, 170, -1,
      194, 172, 183, -1,
      183, 172, 171, -1,
      183, 171, 170, -1,
      189, 164, 190, -1,
      190, 164, 177, -1,
      190, 177, 191, -1,
      191, 177, 176, -1,
      191, 176, 192, -1,
      192, 176, 175, -1,
      192, 175, 193, -1,
      193, 175, 174, -1,
      193, 174, 194, -1,
      194, 174, 173, -1,
      194, 173, 172, -1,
      184, 170, 185, -1,
      185, 170, 181, -1,
      185, 181, 186, -1,
      178, 182, 179, -1,
      179, 182, 186, -1,
      179, 186, 180, -1,
      180, 186, 181, -1,
      40, 222, 3, -1,
      3, 222, 223, -1,
      3, 223, 93, -1,
      224, 109, 223, -1,
      223, 109, 93, -1,
      225, 120, 224, -1,
      224, 120, 109, -1,
      226, 119, 225, -1,
      225, 119, 120, -1,
      119, 226, 33, -1,
      33, 226, 227, -1,
      33, 227, 34, -1,
      228, 36, 227, -1,
      227, 36, 34, -1,
      229, 30, 228, -1,
      228, 30, 36, -1,
      230, 31, 229, -1,
      229, 31, 30, -1,
      231, 32, 230, -1,
      230, 32, 31, -1,
      232, 38, 231, -1,
      231, 38, 32, -1,
      233, 39, 232, -1,
      232, 39, 38, -1,
      40, 39, 222, -1,
      222, 39, 233, -1,
      222, 233, 232, -1,
      232, 231, 222, -1,
      222, 231, 230, -1,
      222, 230, 223, -1,
      225, 224, 226, -1,
      226, 224, 223, -1,
      226, 223, 227, -1,
      227, 223, 230, -1,
      227, 230, 228, -1,
      228, 230, 229, -1,
      44, 43, 234, -1,
      47, 235, 43, -1,
      43, 235, 236, -1,
      43, 236, 234, -1,
      44, 234, 48, -1,
      48, 234, 237, -1,
      48, 237, 49, -1,
      49, 237, 238, -1,
      49, 238, 50, -1,
      239, 51, 240, -1,
      240, 51, 50, -1,
      240, 50, 241, -1,
      241, 50, 238, -1,
      242, 53, 239, -1,
      239, 53, 52, -1,
      239, 52, 51, -1,
      243, 115, 244, -1,
      244, 115, 114, -1,
      244, 114, 245, -1,
      42, 41, 246, -1,
      246, 41, 118, -1,
      246, 118, 247, -1,
      247, 118, 117, -1,
      247, 117, 243, -1,
      243, 117, 116, -1,
      243, 116, 115, -1,
      248, 45, 249, -1,
      249, 45, 42, -1,
      249, 42, 250, -1,
      250, 42, 246, -1,
      235, 47, 248, -1,
      248, 47, 46, -1,
      248, 46, 45, -1,
      122, 251, 123, -1,
      123, 251, 252, -1,
      123, 252, 112, -1,
      112, 252, 253, -1,
      112, 253, 111, -1,
      111, 253, 254, -1,
      111, 254, 110, -1,
      110, 254, 255, -1,
      110, 255, 113, -1,
      113, 255, 256, -1,
      113, 256, 114, -1,
      114, 256, 245, -1,
      121, 257, 122, -1,
      122, 257, 251, -1,
      37, 258, 35, -1,
      35, 258, 257, -1,
      35, 257, 121, -1,
      60, 259, 37, -1,
      37, 259, 258, -1,
      53, 242, 54, -1,
      54, 242, 260, -1,
      54, 260, 55, -1,
      55, 260, 261, -1,
      55, 261, 56, -1,
      56, 261, 262, -1,
      56, 262, 57, -1,
      57, 262, 263, -1,
      57, 263, 58, -1,
      58, 263, 264, -1,
      58, 264, 59, -1,
      59, 264, 265, -1,
      59, 265, 60, -1,
      60, 265, 259, -1,
      251, 266, 252, -1,
      252, 266, 267, -1,
      252, 267, 253, -1,
      253, 267, 254, -1,
      254, 267, 268, -1,
      254, 268, 255, -1,
      255, 268, 269, -1,
      255, 269, 256, -1,
      256, 269, 270, -1,
      256, 270, 245, -1,
      270, 271, 245, -1,
      245, 271, 272, -1,
      245, 272, 244, -1,
      244, 272, 273, -1,
      244, 273, 243, -1,
      243, 273, 274, -1,
      243, 274, 247, -1,
      247, 274, 275, -1,
      247, 275, 246, -1,
      246, 275, 250, -1,
      250, 275, 276, -1,
      250, 276, 249, -1,
      249, 276, 277, -1,
      249, 277, 248, -1,
      248, 277, 278, -1,
      248, 278, 235, -1,
      235, 278, 279, -1,
      235, 279, 236, -1,
      236, 279, 280, -1,
      236, 280, 234, -1,
      234, 280, 281, -1,
      234, 281, 237, -1,
      237, 281, 282, -1,
      237, 282, 238, -1,
      238, 282, 283, -1,
      238, 283, 241, -1,
      241, 283, 284, -1,
      241, 284, 240, -1,
      240, 284, 285, -1,
      240, 285, 239, -1,
      239, 285, 286, -1,
      239, 286, 242, -1,
      242, 286, 287, -1,
      242, 287, 260, -1,
      287, 288, 260, -1,
      260, 288, 289, -1,
      260, 289, 261, -1,
      261, 289, 290, -1,
      261, 290, 262, -1,
      262, 290, 291, -1,
      262, 291, 263, -1,
      263, 291, 292, -1,
      263, 292, 264, -1,
      264, 292, 293, -1,
      264, 293, 265, -1,
      265, 293, 294, -1,
      265, 294, 259, -1,
      259, 294, 295, -1,
      259, 295, 258, -1,
      258, 295, 296, -1,
      258, 296, 257, -1,
      257, 296, 297, -1,
      257, 297, 251, -1,
      251, 297, 298, -1,
      251, 298, 266, -1,
      295, 299, 296, -1,
      296, 299, 300, -1,
      287, 301, 288, -1,
      288, 301, 302, -1,
      299, 295, 303, -1,
      303, 295, 294, -1,
      303, 294, 304, -1,
      304, 294, 293, -1,
      304, 293, 305, -1,
      305, 293, 292, -1,
      305, 292, 306, -1,
      306, 292, 291, -1,
      306, 291, 307, -1,
      307, 291, 290, -1,
      307, 290, 302, -1,
      302, 290, 289, -1,
      302, 289, 288, -1,
      279, 308, 280, -1,
      280, 308, 309, -1,
      280, 309, 281, -1,
      281, 309, 310, -1,
      281, 310, 282, -1,
      282, 310, 311, -1,
      282, 311, 283, -1,
      283, 311, 312, -1,
      283, 312, 284, -1,
      284, 312, 313, -1,
      284, 313, 285, -1,
      285, 313, 314, -1,
      285, 314, 286, -1,
      286, 314, 315, -1,
      286, 315, 287, -1,
      287, 315, 301, -1,
      272, 271, 316, -1,
      316, 317, 272, -1,
      272, 317, 318, -1,
      272, 318, 273, -1,
      273, 318, 319, -1,
      308, 279, 320, -1,
      320, 279, 278, -1,
      320, 278, 321, -1,
      321, 278, 277, -1,
      321, 277, 322, -1,
      322, 277, 276, -1,
      322, 276, 323, -1,
      323, 276, 275, -1,
      323, 275, 319, -1,
      319, 275, 274, -1,
      319, 274, 273, -1,
      298, 324, 266, -1,
      266, 324, 325, -1,
      266, 325, 267, -1,
      267, 325, 326, -1,
      267, 326, 268, -1,
      268, 326, 327, -1,
      268, 327, 269, -1,
      269, 327, 328, -1,
      269, 328, 270, -1,
      270, 328, 329, -1,
      270, 329, 271, -1,
      271, 329, 316, -1,
      297, 330, 298, -1,
      298, 330, 324, -1,
      297, 296, 330, -1,
      330, 296, 300, -1,
    ]
  }
}

Shape {
  appearance Appearance {
    material Material {
      diffuseColor 0.5569 0.5569 0.5569
      specularColor 0.2784 0.2784 0.2784
      ambientIntensity 0.2
      transparency 0.0000
      shininess 0.5
    }
  }
  geometry IndexedFaceSet {
    ccw TRUE
    solid FALSE
    coord DEF co Coordinate {
      point [
        -0.295111 0.787038 0.023917,
        -0.281548 0.787038 0.023917,
        -0.322882 0.786682 0.033653,
        -0.321654 0.786719 0.032740,
        -0.305348 0.786996 0.025242,
        -0.308924 0.786982 0.025705,
        -0.311174 0.786949 0.026661,
        -0.316556 0.786869 0.028949,
        -0.316561 0.786869 0.028953,
        -0.332863 0.785052 0.060777,
        -0.332665 0.785343 0.056857,
        -0.332605 0.785430 0.055682,
        -0.331246 0.785874 0.048835,
        -0.330713 0.786048 0.046152,
        -0.329433 0.786194 0.043463,
        -0.327594 0.786405 0.039601,
        -0.326829 0.786450 0.038635,
        -0.322619 0.782583 0.086974,
        -0.325216 0.782873 0.084327,
        -0.325243 0.782876 0.084300,
        -0.328189 0.783329 0.079941,
        -0.331764 0.784231 0.070492,
        -0.331611 0.784117 0.071845,
        -0.330298 0.783768 0.075485,
        -0.329265 0.783494 0.078348,
        -0.295660 0.781564 0.095702,
        -0.303062 0.781662 0.094897,
        -0.306441 0.781707 0.094530,
        -0.310381 0.781864 0.093211,
        -0.315283 0.782059 0.091570,
        -0.316696 0.782160 0.090685,
        -0.281548 0.781564 0.095702,
        -0.309879 0.781915 0.092792,
      ]
    }
    coordIndex [
      31, 1, 0, -1,
      0, 4, 31, -1,
      31, 4, 5, -1,
      31, 5, 6, -1,
      6, 7, 31, -1,
      31, 7, 8, -1,
      31, 8, 3, -1,
      3, 2, 31, -1,
      31, 2, 16, -1,
      31, 16, 15, -1,
      15, 14, 31, -1,
      31, 14, 13, -1,
      31, 13, 12, -1,
      12, 11, 31, -1,
      31, 11, 10, -1,
      31, 10, 9, -1,
      9, 21, 31, -1,
      31, 21, 22, -1,
      31, 22, 23, -1,
      26, 20, 19, -1,
      32, 18, 17, -1,
      17, 30, 32, -1,
      32, 30, 29, -1,
      32, 29, 28, -1,
      19, 18, 26, -1,
      26, 18, 32, -1,
      26, 32, 27, -1,
      27, 32, 28, -1,
      23, 24, 31, -1,
      31, 24, 20, -1,
      31, 20, 25, -1,
      25, 20, 26, -1,
    ]
  }
}

Shape {
  appearance Appearance {
    material Material {
      diffuseColor 0.0000 0.0000 0.0000
      specularColor 0.0000 0.0000 0.0000
      ambientIntensity 0.2
      transparency 0.0000
      shininess 0.5
    }
  }
  geometry IndexedFaceSet {
    ccw TRUE
    solid FALSE
    coord DEF co Coordinate {
      point [
        -0.416989 0.785118 0.059920,
        -0.434779 0.787290 0.013270,
        -0.411927 0.786445 0.038805,
        -0.373028 0.786445 0.038805,
        -0.416691 0.786971 0.026041,
        -0.368539 0.786971 0.026041,
        -0.421454 0.787290 0.013270,
        -0.364049 0.787290 0.013270,
        -0.377076 0.782744 0.082269,
        -0.368515 0.785118 0.059920,
        -0.350725 0.787290 0.013270,
        -0.386305 0.780185 0.106359,
        -0.408427 0.782744 0.082269,
        -0.399199 0.780185 0.106359,
        -0.386305 0.784086 0.106891,
        -0.355970 0.790872 0.027171,
        -0.350725 0.791226 0.013336,
        -0.364049 0.791226 0.013336,
        -0.373028 0.790377 0.038999,
        -0.411927 0.790377 0.038999,
        -0.421454 0.791226 0.013336,
        -0.434779 0.791226 0.013336,
        -0.399199 0.784086 0.106891,
        -0.404444 0.785836 0.093161,
        -0.391582 0.786005 0.091724,
        -0.392418 0.785617 0.094989,
        -0.393361 0.786005 0.091724,
        -0.394089 0.786379 0.088458,
        -0.401145 0.788321 0.069045,
        -0.408202 0.789783 0.049590,
        -0.376848 0.789783 0.049590,
        -0.383833 0.788321 0.069045,
        -0.390818 0.786379 0.088458,
        -0.392382 0.781708 0.094517,
        -0.394089 0.782467 0.088018,
        -0.390818 0.782467 0.088018,
        -0.376848 0.785854 0.049343,
        -0.408202 0.785854 0.049343,
      ]
    }
    coordIndex [
      11, 8, 14, -1,
      14, 8, 9, -1,
      14, 9, 15, -1,
      15, 9, 10, -1,
      15, 10, 16, -1,
      7, 17, 10, -1,
      10, 17, 16, -1,
      3, 18, 5, -1,
      5, 18, 17, -1,
      5, 17, 7, -1,
      2, 19, 3, -1,
      3, 19, 18, -1,
      6, 20, 4, -1,
      4, 20, 19, -1,
      4, 19, 2, -1,
      1, 21, 6, -1,
      6, 21, 20, -1,
      13, 22, 12, -1,
      12, 22, 23, -1,
      12, 23, 0, -1,
      0, 23, 21, -1,
      0, 21, 1, -1,
      14, 22, 11, -1,
      11, 22, 13, -1,
      24, 25, 14, -1,
      23, 22, 14, -1,
      14, 25, 23, -1,
      23, 25, 26, -1,
      23, 26, 27, -1,
      27, 28, 23, -1,
      23, 28, 29, -1,
      23, 29, 21, -1,
      16, 17, 15, -1,
      15, 17, 18, -1,
      20, 21, 19, -1,
      19, 21, 29, -1,
      19, 29, 18, -1,
      18, 29, 30, -1,
      18, 30, 15, -1,
      15, 30, 31, -1,
      15, 31, 14, -1,
      14, 31, 32, -1,
      14, 32, 24, -1,
      25, 33, 26, -1,
      26, 33, 34, -1,
      26, 34, 27, -1,
      33, 25, 35, -1,
      35, 25, 24, -1,
      35, 24, 32, -1,
      30, 36, 31, -1,
      31, 36, 35, -1,
      31, 35, 32, -1,
      29, 37, 30, -1,
      30, 37, 36, -1,
      27, 34, 28, -1,
      28, 34, 37, -1,
      28, 37, 29, -1,
    ]
  }
}

Shape {
  appearance Appearance {
    material Material {
      diffuseColor 0.5569 0.5569 0.5569
      specularColor 0.2784 0.2784 0.2784
      ambientIntensity 0.2
      transparency 0.0000
      shininess 0.5
    }
  }
  geometry IndexedFaceSet {
    ccw TRUE
    solid FALSE
    coord DEF co Coordinate {
      point [
        -0.392382 0.781708 0.094517,
        -0.394089 0.782467 0.088018,
        -0.390818 0.782467 0.088018,
        -0.376848 0.785854 0.049343,
        -0.408202 0.785854 0.049343,
      ]
    }
    coordIndex [
      3, 4, 2, -1,
      2, 4, 1, -1,
      2, 1, 0, -1,
    ]
  }
}

Shape {
  appearance Appearance {
    material Material {
      diffuseColor 0.0000 0.0000 0.0000
      specularColor 0.0000 0.0000 0.0000
      ambientIntensity 0.2
      transparency 0.0000
      shininess 0.5
    }
  }
  geometry IndexedFaceSet {
    ccw TRUE
    solid FALSE
    coord DEF co Coordinate {
      point [
        -0.127839 0.784031 -0.072781,
        -0.130757 0.784178 -0.071187,
        -0.107995 0.786308 -0.041489,
        -0.059879 0.786308 -0.041489,
        -0.134248 0.784287 -0.069949,
        -0.140229 0.784476 -0.067829,
        -0.141565 0.784489 -0.067674,
        -0.150810 0.784580 -0.066597,
        -0.154672 0.784562 -0.066831,
        -0.157870 0.784508 -0.067521,
        -0.161693 0.784444 -0.068346,
        -0.161907 0.784435 -0.068448,
        -0.165001 0.784310 -0.069938,
        -0.165728 0.784280 -0.070288,
        -0.169094 0.784029 -0.073078,
        -0.169483 0.783976 -0.073626,
        -0.171283 0.783732 -0.076157,
        -0.171689 0.783677 -0.076730,
        -0.172770 0.783396 -0.079460,
        -0.173587 0.783183 -0.081526,
        -0.167537 0.784145 -0.071787,
        -0.071938 0.783120 -0.082001,
        -0.105345 0.783120 -0.082001,
        -0.071938 0.785669 -0.052215,
        -0.107995 0.785669 -0.052215,
        -0.127839 0.783088 -0.082306,
        -0.059879 0.783088 -0.082306,
        -0.059879 0.775870 -0.134263,
        -0.174928 0.775870 -0.134263,
        -0.163228 0.775870 -0.134263,
        -0.110120 0.775870 -0.134263,
        -0.136897 0.775706 -0.135213,
        -0.134195 0.775857 -0.134341,
        -0.131689 0.775997 -0.133532,
        -0.130541 0.776119 -0.132816,
        -0.127051 0.776489 -0.130638,
        -0.126431 0.776596 -0.130002,
        -0.126261 0.776625 -0.129826,
        -0.124433 0.777045 -0.127278,
        -0.122125 0.777859 -0.122221,
        -0.110120 0.777615 -0.123757,
        -0.123007 0.777507 -0.124423,
        -0.123793 0.777193 -0.126385,
        -0.121952 0.778043 -0.121019,
        -0.121320 0.778716 -0.116630,
        -0.122032 0.779445 -0.111621,
        -0.122260 0.779678 -0.110019,
        -0.123005 0.779937 -0.108154,
        -0.123889 0.780243 -0.105940,
        -0.126187 0.780678 -0.102682,
        -0.127839 0.782898 -0.084091,
        -0.126069 0.780656 -0.102848,
        -0.124362 0.780333 -0.105269,
        -0.128602 0.780955 -0.100548,
        -0.129142 0.781017 -0.100072,
        -0.131498 0.781177 -0.098807,
        -0.143456 0.781643 -0.095051,
        -0.163228 0.781973 -0.092301,
        -0.163069 0.782197 -0.090361,
        -0.162837 0.782524 -0.087524,
        -0.162327 0.782737 -0.085590,
        -0.161704 0.782996 -0.083227,
        -0.161483 0.783040 -0.082812,
        -0.130768 0.783085 -0.082306,
        -0.135789 0.781392 -0.097094,
        -0.133605 0.781320 -0.097677,
        -0.163228 0.777563 -0.124087,
        -0.162917 0.777563 -0.124087,
        -0.162053 0.777350 -0.125413,
        -0.160086 0.776974 -0.127715,
        -0.157782 0.776532 -0.130413,
        -0.157505 0.776500 -0.130606,
        -0.154551 0.776150 -0.132668,
        -0.153691 0.776049 -0.133269,
        -0.151494 0.775904 -0.134096,
        -0.149218 0.775754 -0.134955,
        -0.147787 0.775722 -0.135137,
        -0.142476 0.775600 -0.135816,
        -0.138402 0.775678 -0.135375,
        -0.105345 0.783088 -0.082306,
        -0.105345 0.781934 -0.092633,
        -0.071938 0.781934 -0.092633,
        -0.071938 0.777615 -0.123757,
        -0.174928 0.782034 -0.091779,
        -0.173909 0.782907 -0.083991,
        -0.173689 0.783096 -0.082304,
        -0.161212 0.783093 -0.082302,
        -0.160548 0.783225 -0.081056,
        -0.160499 0.783235 -0.080962,
        -0.160123 0.783278 -0.080535,
        -0.158923 0.783417 -0.079171,
        -0.158882 0.783422 -0.079125,
        -0.157485 0.783518 -0.078159,
        -0.156911 0.783557 -0.077763,
        -0.155712 0.783602 -0.077299,
        -0.143691 0.783659 -0.076697,
        -0.139746 0.783533 -0.077958,
        -0.146124 0.783683 -0.076441,
        -0.153333 0.783670 -0.076581,
        -0.149712 0.783719 -0.076061,
        -0.154167 0.783659 -0.076700,
        -0.133966 0.783289 -0.080356,
        -0.135867 0.783411 -0.079198,
        -0.059879 0.779750 -0.134935,
        -0.059879 0.790239 -0.041696,
        -0.107995 0.790239 -0.041696,
        -0.107995 0.789597 -0.052476,
        -0.071938 0.789597 -0.052476,
        -0.071938 0.787036 -0.082411,
        -0.105345 0.787036 -0.082411,
        -0.105345 0.785843 -0.093096,
        -0.071938 0.785843 -0.093096,
        -0.071938 0.781503 -0.124376,
        -0.110120 0.781503 -0.124376,
        -0.110120 0.779750 -0.134935,
        -0.149712 0.787638 -0.076442,
        -0.146122 0.787602 -0.076812,
        -0.143894 0.787580 -0.077042,
        -0.139750 0.787448 -0.078360,
        -0.135854 0.787325 -0.079599,
        -0.133966 0.787204 -0.080756,
        -0.127839 0.786813 -0.084511,
        -0.163227 0.785883 -0.092762,
        -0.163074 0.786107 -0.090812,
        -0.162887 0.786381 -0.088439,
        -0.162281 0.786645 -0.086027,
        -0.161704 0.786896 -0.083729,
        -0.161446 0.786947 -0.083245,
        -0.160509 0.787132 -0.081481,
        -0.160354 0.787163 -0.081189,
        -0.158906 0.787326 -0.079592,
        -0.159022 0.787317 -0.079675,
        -0.160128 0.787189 -0.080933,
        -0.153332 0.787586 -0.076970,
        -0.154105 0.787576 -0.077083,
        -0.155702 0.787514 -0.077709,
        -0.156927 0.787467 -0.078189,
        -0.157468 0.787428 -0.078572,
        -0.143456 0.785552 -0.095526,
        -0.121320 0.782609 -0.117217,
        -0.122038 0.783341 -0.112180,
        -0.122276 0.783584 -0.110509,
        -0.123004 0.783835 -0.108694,
        -0.123918 0.784151 -0.106416,
        -0.124358 0.784234 -0.105792,
        -0.126072 0.784559 -0.103364,
        -0.126206 0.784584 -0.103173,
        -0.128625 0.784856 -0.101078,
        -0.129367 0.784939 -0.100434,
        -0.131507 0.785080 -0.099323,
        -0.134199 0.785256 -0.097925,
        -0.135772 0.785306 -0.097517,
        -0.127052 0.780371 -0.131293,
        -0.126431 0.780479 -0.130651,
        -0.126247 0.780511 -0.130460,
        -0.124448 0.780931 -0.127906,
        -0.123695 0.781108 -0.126836,
        -0.122994 0.781393 -0.125052,
        -0.122131 0.781744 -0.122855,
        -0.121954 0.781933 -0.121624,
        -0.142476 0.779478 -0.136495,
        -0.138402 0.779556 -0.136051,
        -0.136882 0.779585 -0.135885,
        -0.134195 0.779735 -0.135013,
        -0.131686 0.779877 -0.134198,
        -0.130542 0.779999 -0.133481,
        -0.162917 0.781450 -0.124708,
        -0.161781 0.781174 -0.126428,
        -0.160084 0.780857 -0.128347,
        -0.157501 0.780375 -0.131267,
        -0.157461 0.780368 -0.131312,
        -0.154538 0.780028 -0.133311,
        -0.153578 0.779916 -0.133968,
        -0.151486 0.779782 -0.134742,
        -0.149022 0.779625 -0.135653,
        -0.147787 0.779597 -0.135812,
        -0.163228 0.781450 -0.124708,
        -0.163228 0.779750 -0.134935,
        -0.174928 0.779750 -0.134935,
        -0.174928 0.785944 -0.092238,
        -0.150810 0.788503 -0.066930,
        -0.154961 0.788480 -0.067204,
        -0.157865 0.788423 -0.067866,
        -0.161844 0.788344 -0.068773,
        -0.161900 0.788342 -0.068801,
        -0.164984 0.788208 -0.070319,
        -0.165828 0.788171 -0.070735,
        -0.167528 0.788041 -0.072153,
        -0.169075 0.787923 -0.073444,
        -0.169470 0.787870 -0.074000,
        -0.171272 0.787627 -0.076544,
        -0.171622 0.787580 -0.077038,
        -0.172724 0.787293 -0.079872,
        -0.173643 0.787054 -0.082234,
        -0.173922 0.786813 -0.084407,
        -0.127839 0.787951 -0.073145,
        -0.130316 0.788078 -0.071765,
        -0.134264 0.788205 -0.070334,
        -0.140255 0.788398 -0.068162,
        -0.141564 0.788411 -0.068009,
        -0.138690 0.784148 -0.106433,
        -0.140416 0.784267 -0.105561,
        -0.141725 0.784310 -0.105234,
        -0.147611 0.784506 -0.103764,
        -0.163228 0.784780 -0.101670,
        -0.156373 0.781682 -0.123254,
        -0.156206 0.781664 -0.123366,
        -0.153964 0.781426 -0.124868,
        -0.136578 0.781564 -0.123996,
        -0.138631 0.781372 -0.125194,
        -0.139613 0.781281 -0.125767,
        -0.140957 0.781219 -0.126154,
        -0.142959 0.781125 -0.126731,
        -0.143596 0.781115 -0.126794,
        -0.145509 0.781084 -0.126982,
        -0.149267 0.781158 -0.126533,
        -0.150207 0.781177 -0.126420,
        -0.151781 0.781269 -0.125848,
        -0.153354 0.781361 -0.125276,
        -0.134700 0.781939 -0.121610,
        -0.135203 0.781838 -0.122249,
        -0.136421 0.781595 -0.123797,
        -0.134204 0.782117 -0.120452,
        -0.133657 0.783248 -0.112870,
        -0.133542 0.783126 -0.113703,
        -0.133188 0.782752 -0.116262,
        -0.133573 0.782404 -0.118569,
        -0.133686 0.782303 -0.119246,
        -0.136292 0.783954 -0.107854,
        -0.135116 0.783720 -0.109543,
        -0.134722 0.783641 -0.110109,
        -0.134185 0.783443 -0.111502,
        -0.137193 0.784045 -0.107189,
        -0.136689 0.783994 -0.107561,
        -0.163228 0.783928 -0.108044,
        -0.162795 0.783435 -0.111543,
        -0.162629 0.783245 -0.112891,
        -0.161789 0.782907 -0.115189,
        -0.160896 0.782547 -0.117630,
        -0.160239 0.782399 -0.118597,
        -0.158211 0.781943 -0.121580,
        -0.136578 0.777675 -0.123380,
        -0.136422 0.777706 -0.123181,
        -0.135204 0.777948 -0.121639,
        -0.134691 0.778051 -0.120988,
        -0.134204 0.778226 -0.119853,
        -0.133683 0.778412 -0.118641,
        -0.133572 0.778512 -0.117979,
        -0.133188 0.778857 -0.115685,
        -0.145509 0.777198 -0.126350,
        -0.143596 0.777228 -0.126163,
        -0.142968 0.777239 -0.126102,
        -0.140957 0.777331 -0.125526,
        -0.139617 0.777393 -0.125143,
        -0.138631 0.777485 -0.124571,
        -0.158213 0.778053 -0.120974,
        -0.157072 0.777887 -0.122036,
        -0.156156 0.777785 -0.122683,
        -0.153956 0.777538 -0.124239,
        -0.153440 0.777480 -0.124604,
        -0.151780 0.777381 -0.125220,
        -0.150406 0.777298 -0.125731,
        -0.149263 0.777275 -0.125876,
        -0.163228 0.780028 -0.107507,
        -0.162794 0.779537 -0.110988,
        -0.162624 0.779345 -0.112348,
        -0.161790 0.779011 -0.114615,
        -0.160892 0.778653 -0.117052,
        -0.160240 0.778507 -0.118007,
        -0.163228 0.780876 -0.101164,
        -0.147611 0.780603 -0.103247,
        -0.136292 0.780054 -0.107318,
        -0.136687 0.780094 -0.107024,
        -0.137088 0.780135 -0.106726,
        -0.138690 0.780247 -0.105902,
        -0.140249 0.780356 -0.105101,
        -0.141730 0.780406 -0.104728,
        -0.133543 0.779230 -0.113138,
        -0.133660 0.779352 -0.112298,
        -0.134185 0.779545 -0.110947,
        -0.134724 0.779743 -0.109557,
        -0.135115 0.779820 -0.108998,
      ]
    }
    coordIndex [
      27, 103, 26, -1,
      26, 103, 104, -1,
      26, 104, 3, -1,
      105, 2, 104, -1,
      104, 2, 3, -1,
      106, 24, 105, -1,
      105, 24, 2, -1,
      107, 23, 106, -1,
      106, 23, 24, -1,
      108, 21, 107, -1,
      107, 21, 23, -1,
      109, 22, 108, -1,
      108, 22, 21, -1,
      110, 80, 109, -1,
      109, 80, 79, -1,
      109, 79, 22, -1,
      111, 81, 110, -1,
      110, 81, 80, -1,
      112, 82, 111, -1,
      111, 82, 81, -1,
      113, 40, 112, -1,
      112, 40, 82, -1,
      114, 30, 113, -1,
      113, 30, 40, -1,
      27, 30, 103, -1,
      103, 30, 114, -1,
      103, 114, 113, -1,
      113, 112, 103, -1,
      103, 112, 111, -1,
      103, 111, 104, -1,
      106, 105, 107, -1,
      107, 105, 104, -1,
      107, 104, 108, -1,
      108, 104, 111, -1,
      108, 111, 109, -1,
      109, 111, 110, -1,
      99, 115, 97, -1,
      97, 115, 116, -1,
      97, 116, 95, -1,
      95, 116, 117, -1,
      95, 117, 96, -1,
      96, 117, 118, -1,
      96, 118, 102, -1,
      102, 118, 119, -1,
      102, 119, 101, -1,
      101, 119, 120, -1,
      101, 120, 63, -1,
      63, 120, 121, -1,
      63, 121, 50, -1,
      57, 122, 58, -1,
      58, 122, 123, -1,
      58, 123, 59, -1,
      59, 123, 124, -1,
      59, 124, 60, -1,
      60, 124, 125, -1,
      60, 125, 61, -1,
      61, 125, 126, -1,
      61, 126, 62, -1,
      62, 126, 127, -1,
      62, 127, 86, -1,
      86, 127, 128, -1,
      86, 128, 87, -1,
      87, 128, 88, -1,
      88, 128, 129, -1,
      88, 129, 89, -1,
      130, 90, 131, -1,
      131, 90, 89, -1,
      131, 89, 132, -1,
      132, 89, 129, -1,
      115, 99, 133, -1,
      133, 99, 98, -1,
      133, 98, 134, -1,
      134, 98, 100, -1,
      134, 100, 135, -1,
      135, 100, 94, -1,
      135, 94, 136, -1,
      136, 94, 93, -1,
      136, 93, 137, -1,
      137, 93, 92, -1,
      137, 92, 130, -1,
      130, 92, 91, -1,
      130, 91, 90, -1,
      56, 138, 57, -1,
      57, 138, 122, -1,
      44, 139, 45, -1,
      45, 139, 140, -1,
      45, 140, 46, -1,
      46, 140, 141, -1,
      46, 141, 47, -1,
      47, 141, 142, -1,
      47, 142, 48, -1,
      48, 142, 143, -1,
      48, 143, 52, -1,
      52, 143, 144, -1,
      52, 144, 51, -1,
      51, 144, 145, -1,
      51, 145, 49, -1,
      49, 145, 146, -1,
      49, 146, 53, -1,
      53, 146, 147, -1,
      53, 147, 54, -1,
      54, 147, 148, -1,
      54, 148, 55, -1,
      55, 148, 149, -1,
      55, 149, 65, -1,
      65, 149, 150, -1,
      65, 150, 64, -1,
      64, 150, 151, -1,
      64, 151, 56, -1,
      56, 151, 138, -1,
      35, 152, 36, -1,
      36, 152, 153, -1,
      36, 153, 37, -1,
      37, 153, 154, -1,
      37, 154, 38, -1,
      38, 154, 155, -1,
      38, 155, 42, -1,
      42, 155, 156, -1,
      42, 156, 41, -1,
      41, 156, 157, -1,
      41, 157, 39, -1,
      39, 157, 158, -1,
      39, 158, 43, -1,
      43, 158, 159, -1,
      43, 159, 44, -1,
      44, 159, 139, -1,
      77, 160, 78, -1,
      78, 160, 161, -1,
      78, 161, 31, -1,
      31, 161, 162, -1,
      31, 162, 32, -1,
      32, 162, 163, -1,
      32, 163, 33, -1,
      33, 163, 164, -1,
      33, 164, 34, -1,
      34, 164, 165, -1,
      34, 165, 35, -1,
      35, 165, 152, -1,
      67, 166, 68, -1,
      68, 166, 167, -1,
      68, 167, 69, -1,
      69, 167, 168, -1,
      69, 168, 70, -1,
      70, 168, 169, -1,
      70, 169, 71, -1,
      71, 169, 170, -1,
      71, 170, 72, -1,
      72, 170, 171, -1,
      72, 171, 73, -1,
      73, 171, 172, -1,
      73, 172, 74, -1,
      74, 172, 173, -1,
      74, 173, 75, -1,
      75, 173, 174, -1,
      75, 174, 76, -1,
      76, 174, 175, -1,
      76, 175, 77, -1,
      77, 175, 160, -1,
      66, 176, 67, -1,
      67, 176, 166, -1,
      29, 177, 66, -1,
      66, 177, 176, -1,
      28, 178, 29, -1,
      29, 178, 177, -1,
      83, 179, 28, -1,
      28, 179, 178, -1,
      7, 180, 8, -1,
      8, 180, 181, -1,
      8, 181, 9, -1,
      9, 181, 182, -1,
      9, 182, 10, -1,
      10, 182, 183, -1,
      10, 183, 11, -1,
      11, 183, 184, -1,
      11, 184, 12, -1,
      12, 184, 185, -1,
      12, 185, 13, -1,
      13, 185, 186, -1,
      13, 186, 20, -1,
      20, 186, 187, -1,
      20, 187, 14, -1,
      14, 187, 188, -1,
      14, 188, 15, -1,
      15, 188, 189, -1,
      15, 189, 16, -1,
      16, 189, 190, -1,
      16, 190, 17, -1,
      17, 190, 191, -1,
      17, 191, 18, -1,
      18, 191, 192, -1,
      18, 192, 19, -1,
      19, 192, 193, -1,
      19, 193, 85, -1,
      85, 193, 194, -1,
      179, 83, 194, -1,
      194, 83, 84, -1,
      194, 84, 85, -1,
      0, 195, 1, -1,
      1, 195, 196, -1,
      1, 196, 4, -1,
      4, 196, 197, -1,
      4, 197, 5, -1,
      5, 197, 198, -1,
      5, 198, 6, -1,
      6, 198, 199, -1,
      6, 199, 7, -1,
      7, 199, 180, -1,
      195, 0, 121, -1,
      121, 0, 25, -1,
      121, 25, 50, -1,
      195, 121, 120, -1,
      195, 120, 196, -1,
      196, 120, 119, -1,
      196, 119, 197, -1,
      197, 119, 118, -1,
      197, 118, 198, -1,
      198, 118, 117, -1,
      198, 117, 199, -1,
      199, 117, 116, -1,
      199, 116, 180, -1,
      180, 116, 115, -1,
      180, 115, 181, -1,
      181, 115, 133, -1,
      181, 133, 182, -1,
      133, 134, 182, -1,
      182, 134, 135, -1,
      182, 135, 183, -1,
      183, 135, 136, -1,
      183, 136, 184, -1,
      184, 136, 137, -1,
      184, 137, 185, -1,
      185, 137, 130, -1,
      185, 130, 186, -1,
      186, 130, 131, -1,
      186, 131, 187, -1,
      187, 131, 132, -1,
      187, 132, 188, -1,
      188, 132, 189, -1,
      132, 129, 189, -1,
      189, 129, 128, -1,
      189, 128, 190, -1,
      190, 128, 127, -1,
      190, 127, 191, -1,
      191, 127, 192, -1,
      192, 127, 126, -1,
      192, 126, 193, -1,
      193, 126, 125, -1,
      193, 125, 194, -1,
      194, 125, 124, -1,
      194, 124, 123, -1,
      200, 201, 122, -1,
      201, 202, 122, -1,
      122, 202, 203, -1,
      122, 203, 204, -1,
      166, 205, 167, -1,
      167, 205, 206, -1,
      167, 206, 168, -1,
      168, 206, 207, -1,
      208, 164, 209, -1,
      209, 164, 163, -1,
      209, 163, 210, -1,
      210, 163, 162, -1,
      210, 162, 211, -1,
      211, 162, 161, -1,
      211, 161, 212, -1,
      212, 161, 160, -1,
      212, 160, 213, -1,
      213, 160, 175, -1,
      213, 175, 214, -1,
      214, 175, 174, -1,
      214, 174, 215, -1,
      215, 174, 173, -1,
      215, 173, 216, -1,
      216, 173, 172, -1,
      216, 172, 217, -1,
      217, 172, 171, -1,
      217, 171, 218, -1,
      218, 171, 170, -1,
      218, 170, 207, -1,
      207, 170, 169, -1,
      207, 169, 168, -1,
      219, 154, 220, -1,
      220, 154, 153, -1,
      220, 153, 221, -1,
      221, 153, 152, -1,
      221, 152, 208, -1,
      208, 152, 165, -1,
      208, 165, 164, -1,
      222, 156, 219, -1,
      219, 156, 155, -1,
      219, 155, 154, -1,
      223, 141, 224, -1,
      224, 141, 140, -1,
      224, 140, 225, -1,
      225, 140, 139, -1,
      225, 139, 226, -1,
      226, 139, 159, -1,
      226, 159, 227, -1,
      227, 159, 158, -1,
      227, 158, 222, -1,
      222, 158, 157, -1,
      222, 157, 156, -1,
      228, 146, 229, -1,
      229, 146, 145, -1,
      229, 145, 230, -1,
      230, 145, 144, -1,
      230, 144, 231, -1,
      231, 144, 143, -1,
      231, 143, 223, -1,
      223, 143, 142, -1,
      223, 142, 141, -1,
      200, 122, 232, -1,
      232, 122, 138, -1,
      232, 138, 151, -1,
      151, 150, 232, -1,
      232, 150, 149, -1,
      232, 149, 233, -1,
      233, 149, 148, -1,
      233, 148, 228, -1,
      228, 148, 147, -1,
      228, 147, 146, -1,
      123, 122, 194, -1,
      194, 122, 204, -1,
      194, 204, 179, -1,
      179, 204, 234, -1,
      179, 234, 235, -1,
      236, 237, 176, -1,
      237, 238, 176, -1,
      176, 238, 239, -1,
      176, 239, 166, -1,
      166, 239, 240, -1,
      166, 240, 205, -1,
      177, 178, 176, -1,
      176, 178, 179, -1,
      176, 179, 236, -1,
      236, 179, 235, -1,
      208, 241, 221, -1,
      221, 241, 242, -1,
      221, 242, 220, -1,
      220, 242, 243, -1,
      220, 243, 219, -1,
      219, 243, 244, -1,
      219, 244, 222, -1,
      222, 244, 245, -1,
      222, 245, 227, -1,
      227, 245, 246, -1,
      227, 246, 226, -1,
      226, 246, 247, -1,
      226, 247, 225, -1,
      225, 247, 248, -1,
      214, 249, 213, -1,
      213, 249, 250, -1,
      213, 250, 212, -1,
      212, 250, 251, -1,
      212, 251, 211, -1,
      211, 251, 252, -1,
      211, 252, 210, -1,
      210, 252, 253, -1,
      210, 253, 209, -1,
      209, 253, 254, -1,
      209, 254, 208, -1,
      208, 254, 241, -1,
      240, 255, 205, -1,
      205, 255, 256, -1,
      205, 256, 206, -1,
      206, 256, 257, -1,
      206, 257, 207, -1,
      207, 257, 258, -1,
      207, 258, 218, -1,
      218, 258, 259, -1,
      218, 259, 217, -1,
      217, 259, 260, -1,
      217, 260, 216, -1,
      216, 260, 261, -1,
      216, 261, 215, -1,
      215, 261, 262, -1,
      215, 262, 214, -1,
      214, 262, 249, -1,
      234, 263, 235, -1,
      235, 263, 264, -1,
      235, 264, 236, -1,
      236, 264, 265, -1,
      236, 265, 237, -1,
      237, 265, 266, -1,
      237, 266, 238, -1,
      238, 266, 267, -1,
      238, 267, 239, -1,
      239, 267, 268, -1,
      239, 268, 240, -1,
      240, 268, 255, -1,
      204, 269, 234, -1,
      234, 269, 263, -1,
      203, 270, 204, -1,
      204, 270, 269, -1,
      228, 271, 233, -1,
      233, 271, 272, -1,
      233, 272, 232, -1,
      232, 272, 273, -1,
      232, 273, 200, -1,
      200, 273, 274, -1,
      200, 274, 201, -1,
      201, 274, 275, -1,
      201, 275, 202, -1,
      202, 275, 276, -1,
      202, 276, 203, -1,
      203, 276, 270, -1,
      225, 248, 224, -1,
      224, 248, 277, -1,
      224, 277, 223, -1,
      223, 277, 278, -1,
      223, 278, 231, -1,
      231, 278, 279, -1,
      231, 279, 230, -1,
      230, 279, 280, -1,
      230, 280, 229, -1,
      229, 280, 281, -1,
      229, 281, 228, -1,
      228, 281, 271, -1,
    ]
  }
}

Shape {
  appearance Appearance {
    material Material {
      diffuseColor 0.5569 0.5569 0.5569
      specularColor 0.2784 0.2784 0.2784
      ambientIntensity 0.2
      transparency 0.0000
      shininess 0.5
    }
  }
  geometry IndexedFaceSet {
    ccw TRUE
    solid FALSE
    coord DEF co Coordinate {
      point [
        -0.136578 0.777675 -0.123380,
        -0.136422 0.777706 -0.123181,
        -0.135204 0.777948 -0.121639,
        -0.134691 0.778051 -0.120988,
        -0.134204 0.778226 -0.119853,
        -0.133683 0.778412 -0.118641,
        -0.133572 0.778512 -0.117979,
        -0.133188 0.778857 -0.115685,
        -0.145509 0.777198 -0.126350,
        -0.143596 0.777228 -0.126163,
        -0.142968 0.777239 -0.126102,
        -0.140957 0.777331 -0.125526,
        -0.139617 0.777393 -0.125143,
        -0.138631 0.777485 -0.124571,
        -0.158213 0.778053 -0.120974,
        -0.157072 0.777887 -0.122036,
        -0.156156 0.777785 -0.122683,
        -0.153956 0.777538 -0.124239,
        -0.153440 0.777480 -0.124604,
        -0.151780 0.777381 -0.125220,
        -0.150406 0.777298 -0.125731,
        -0.149263 0.777275 -0.125876,
        -0.163228 0.780028 -0.107507,
        -0.162794 0.779537 -0.110988,
        -0.162624 0.779345 -0.112348,
        -0.161790 0.779011 -0.114615,
        -0.160892 0.778653 -0.117052,
        -0.160240 0.778507 -0.118007,
        -0.163228 0.780876 -0.101164,
        -0.147611 0.780603 -0.103247,
        -0.136292 0.780054 -0.107318,
        -0.136687 0.780094 -0.107024,
        -0.137088 0.780135 -0.106726,
        -0.138690 0.780247 -0.105902,
        -0.140249 0.780356 -0.105101,
        -0.141730 0.780406 -0.104728,
        -0.133543 0.779230 -0.113138,
        -0.133660 0.779352 -0.112298,
        -0.134185 0.779545 -0.110947,
        -0.134724 0.779743 -0.109557,
        -0.135115 0.779820 -0.108998,
      ]
    }
    coordIndex [
      34, 33, 19, -1,
      19, 33, 32, -1,
      32, 31, 19, -1,
      19, 31, 30, -1,
      19, 30, 40, -1,
      40, 39, 19, -1,
      19, 39, 38, -1,
      19, 38, 37, -1,
      37, 36, 19, -1,
      19, 36, 7, -1,
      19, 7, 6, -1,
      13, 12, 11, -1,
      0, 13, 1, -1,
      1, 13, 11, -1,
      1, 11, 2, -1,
      10, 4, 11, -1,
      11, 4, 3, -1,
      11, 3, 2, -1,
      10, 9, 4, -1,
      4, 9, 8, -1,
      4, 8, 21, -1,
      6, 5, 19, -1,
      19, 5, 4, -1,
      19, 4, 20, -1,
      20, 4, 21, -1,
      34, 19, 35, -1,
      35, 19, 18, -1,
      35, 18, 17, -1,
      17, 16, 35, -1,
      35, 16, 15, -1,
      35, 15, 14, -1,
      14, 27, 35, -1,
      35, 27, 26, -1,
      35, 26, 25, -1,
      25, 24, 35, -1,
      35, 24, 23, -1,
      35, 23, 29, -1,
      29, 23, 22, -1,
      29, 22, 28, -1,
    ]
  }
}

Shape {
  appearance Appearance {
    material Material {
      diffuseColor 0.0000 0.0000 0.0000
      specularColor 0.0000 0.0000 0.0000
      ambientIntensity 0.2
      transparency 0.0000
      shininess 0.5
    }
  }
  geometry IndexedFaceSet {
    ccw TRUE
    solid FALSE
    coord DEF co Coordinate {
      point [
        -0.203707 0.783121 -0.081987,
        -0.203563 0.783088 -0.082306,
        -0.211999 0.783671 -0.076560,
        -0.216835 0.784580 -0.066597,
        -0.209764 0.784500 -0.067535,
        -0.207482 0.784475 -0.067839,
        -0.192607 0.783506 -0.078279,
        -0.192341 0.783428 -0.079026,
        -0.191447 0.783171 -0.081536,
        -0.193541 0.783640 -0.076899,
        -0.194563 0.783787 -0.075392,
        -0.195306 0.783851 -0.074703,
        -0.198353 0.784114 -0.071878,
        -0.199379 0.784170 -0.071266,
        -0.200663 0.784239 -0.070501,
        -0.204199 0.784361 -0.069120,
        -0.232643 0.783239 -0.080861,
        -0.247535 0.782917 -0.082287,
        -0.232643 0.784324 -0.069547,
        -0.241932 0.784450 -0.068119,
        -0.224964 0.784500 -0.067538,
        -0.223359 0.784536 -0.067118,
        -0.386472 0.786308 -0.041489,
        -0.413120 0.786308 -0.041489,
        -0.423131 0.786252 -0.042588,
        -0.426172 0.786235 -0.042922,
        -0.432401 0.786112 -0.045078,
        -0.438087 0.786000 -0.047045,
        -0.440857 0.785881 -0.048862,
        -0.448438 0.785559 -0.053835,
        -0.452239 0.785284 -0.057723,
        -0.452547 0.785262 -0.058037,
        -0.456359 0.784820 -0.063680,
        -0.458087 0.784620 -0.066237,
        -0.459269 0.784323 -0.069530,
        -0.461168 0.783846 -0.074820,
        -0.330643 0.785669 -0.052215,
        -0.330643 0.783120 -0.082001,
        -0.366700 0.785669 -0.052215,
        -0.364049 0.783120 -0.082001,
        -0.255018 0.784450 -0.068119,
        -0.231478 0.783308 -0.080187,
        -0.227422 0.783474 -0.078537,
        -0.224355 0.783600 -0.077289,
        -0.221928 0.783633 -0.076946,
        -0.215689 0.783719 -0.076061,
        -0.214144 0.783711 -0.076148,
        -0.210022 0.783634 -0.076939,
        -0.209128 0.783594 -0.077341,
        -0.206472 0.783476 -0.078533,
        -0.205441 0.783385 -0.079430,
        -0.205369 0.783379 -0.079494,
        -0.204463 0.783260 -0.080652,
        -0.204095 0.783212 -0.081123,
        -0.318584 0.786308 -0.041489,
        -0.366700 0.786308 -0.041489,
        -0.386472 0.783088 -0.082306,
        -0.364049 0.783088 -0.082306,
        -0.386472 0.775870 -0.134263,
        -0.364049 0.781934 -0.092633,
        -0.244344 0.770095 -0.164178,
        -0.225783 0.776249 -0.132059,
        -0.223258 0.776089 -0.132989,
        -0.218931 0.775816 -0.134584,
        -0.217702 0.775789 -0.134735,
        -0.208884 0.775600 -0.135816,
        -0.205052 0.775673 -0.135399,
        -0.199266 0.775783 -0.134770,
        -0.462093 0.781870 -0.093138,
        -0.461973 0.781669 -0.094873,
        -0.461335 0.783693 -0.076300,
        -0.462013 0.783069 -0.082304,
        -0.462526 0.782598 -0.086844,
        -0.460481 0.780879 -0.101081,
        -0.459577 0.780400 -0.104844,
        -0.457917 0.779943 -0.108099,
        -0.455227 0.779202 -0.113377,
        -0.454386 0.779052 -0.114365,
        -0.448438 0.777994 -0.121351,
        -0.447123 0.777849 -0.122263,
        -0.439655 0.777022 -0.127442,
        -0.437850 0.776822 -0.128694,
        -0.432389 0.776483 -0.130711,
        -0.427538 0.776182 -0.132504,
        -0.424080 0.776112 -0.132900,
        -0.412165 0.775870 -0.134263,
        -0.261696 0.770443 -0.162539,
        -0.259464 0.770254 -0.163430,
        -0.257217 0.770063 -0.164328,
        -0.255974 0.770024 -0.164511,
        -0.251890 0.769896 -0.165113,
        -0.247926 0.769952 -0.164852,
        -0.275697 0.774089 -0.144181,
        -0.318584 0.775870 -0.134263,
        -0.290837 0.780196 -0.106277,
        -0.318584 0.783088 -0.082306,
        -0.275273 0.773902 -0.145178,
        -0.272861 0.773061 -0.149504,
        -0.269503 0.771890 -0.155526,
        -0.268997 0.771774 -0.156091,
        -0.266113 0.771116 -0.159315,
        -0.265993 0.771088 -0.159448,
        -0.330643 0.781934 -0.092633,
        -0.330643 0.777615 -0.123757,
        -0.368825 0.777615 -0.123757,
        -0.368825 0.775870 -0.134263,
        -0.262865 0.770619 -0.161698,
        -0.216835 0.781422 -0.096852,
        -0.219709 0.781279 -0.098002,
        -0.203305 0.783028 -0.082881,
        -0.203215 0.782976 -0.083366,
        -0.203384 0.782513 -0.087604,
        -0.203280 0.782577 -0.087027,
        -0.202914 0.782801 -0.084993,
        -0.203809 0.782401 -0.088593,
        -0.204206 0.782297 -0.089514,
        -0.204518 0.782250 -0.089922,
        -0.205469 0.782107 -0.091162,
        -0.209897 0.781793 -0.093812,
        -0.222688 0.781082 -0.099538,
        -0.227904 0.780737 -0.102229,
        -0.228976 0.780624 -0.103080,
        -0.231927 0.780312 -0.105425,
        -0.232923 0.780110 -0.106904,
        -0.255018 0.780870 -0.101211,
        -0.233646 0.779963 -0.107978,
        -0.234392 0.779703 -0.109822,
        -0.235728 0.778615 -0.117292,
        -0.235280 0.778057 -0.120968,
        -0.268104 0.775894 -0.134122,
        -0.235174 0.779430 -0.111757,
        -0.235326 0.779278 -0.112800,
        -0.235843 0.778758 -0.116347,
        -0.235211 0.778028 -0.121153,
        -0.234301 0.777639 -0.123623,
        -0.265537 0.774839 -0.140094,
        -0.234018 0.777519 -0.124391,
        -0.262970 0.773736 -0.146059,
        -0.233094 0.777302 -0.125724,
        -0.260940 0.773049 -0.149654,
        -0.232054 0.777058 -0.127225,
        -0.260594 0.772932 -0.150267,
        -0.254552 0.772062 -0.154673,
        -0.253846 0.772011 -0.154921,
        -0.252412 0.771974 -0.155107,
        -0.256364 0.772190 -0.154037,
        -0.256389 0.772193 -0.154020,
        -0.257865 0.772385 -0.153055,
        -0.258358 0.772449 -0.152733,
        -0.259390 0.772672 -0.151595,
        -0.227814 0.776447 -0.130885,
        -0.244344 0.772199 -0.153982,
        -0.228321 0.776497 -0.130591,
        -0.246239 0.772083 -0.154559,
        -0.231338 0.776950 -0.127870,
        -0.247783 0.772035 -0.154798,
        -0.250983 0.771936 -0.155293,
        -0.210030 0.777191 -0.126398,
        -0.211677 0.777205 -0.126306,
        -0.204115 0.777333 -0.125519,
        -0.201662 0.777393 -0.125154,
        -0.217835 0.777360 -0.125349,
        -0.218795 0.777427 -0.124933,
        -0.216522 0.777321 -0.125591,
        -0.213068 0.777218 -0.126228,
        -0.219803 0.777497 -0.124497,
        -0.220162 0.777539 -0.124233,
        -0.221332 0.777676 -0.123372,
        -0.221371 0.777681 -0.123344,
        -0.222236 0.777848 -0.122284,
        -0.222458 0.777891 -0.122011,
        -0.222918 0.778047 -0.121011,
        -0.223358 0.778196 -0.120052,
        -0.223456 0.778277 -0.119522,
        -0.223832 0.778588 -0.117480,
        -0.223662 0.778804 -0.116048,
        -0.223656 0.778812 -0.115993,
        -0.223294 0.779025 -0.114556,
        -0.223206 0.779077 -0.114210,
        -0.222911 0.779152 -0.113691,
        -0.222500 0.779257 -0.112971,
        -0.222301 0.779287 -0.112760,
        -0.220823 0.779511 -0.111196,
        -0.215944 0.779907 -0.108384,
        -0.208574 0.780331 -0.105283,
        -0.198134 0.777625 -0.123689,
        -0.204629 0.780562 -0.103556,
        -0.193774 0.777912 -0.121878,
        -0.192230 0.778061 -0.120924,
        -0.201017 0.780835 -0.101458,
        -0.190784 0.778199 -0.120030,
        -0.197099 0.781130 -0.099183,
        -0.196321 0.781219 -0.098475,
        -0.194174 0.781463 -0.096520,
        -0.190784 0.776266 -0.131957,
        -0.197627 0.775876 -0.134227,
        -0.193811 0.781534 -0.095943,
        -0.193251 0.781644 -0.095051,
        -0.192475 0.781868 -0.093163,
        -0.191632 0.782113 -0.091113,
        -0.191461 0.782239 -0.089994,
        -0.190856 0.782687 -0.086037,
        -0.190932 0.782757 -0.085387,
        -0.191298 0.783089 -0.082305,
        -0.191359 0.783146 -0.081781,
        -0.273960 0.777683 -0.123333,
        -0.274909 0.778101 -0.120667,
        -0.273166 0.778108 -0.120620,
        -0.275626 0.778510 -0.118000,
        -0.272450 0.778524 -0.117906,
        -0.263734 0.781883 -0.093059,
        -0.284735 0.781878 -0.093107,
        -0.259972 0.782991 -0.082296,
        -0.288677 0.782990 -0.082296,
        -0.293845 0.784450 -0.068119,
        -0.305976 0.784450 -0.068119,
        -0.300357 0.782871 -0.082282,
        -0.208884 0.779478 -0.136495,
        -0.205052 0.779551 -0.136076,
        -0.199247 0.779662 -0.135440,
        -0.197627 0.779755 -0.134900,
        -0.190784 0.780147 -0.132617,
        -0.228323 0.780380 -0.131243,
        -0.227817 0.780328 -0.131544,
        -0.226294 0.780175 -0.132451,
        -0.223240 0.779976 -0.133613,
        -0.218907 0.779693 -0.135263,
        -0.217702 0.779667 -0.135411,
        -0.235843 0.782653 -0.116926,
        -0.235721 0.782507 -0.117877,
        -0.235239 0.781937 -0.121620,
        -0.235191 0.781916 -0.121751,
        -0.234273 0.781525 -0.124230,
        -0.233965 0.781394 -0.125063,
        -0.233092 0.781185 -0.126352,
        -0.232262 0.780987 -0.127577,
        -0.231301 0.780839 -0.128472,
        -0.231926 0.784214 -0.105951,
        -0.232930 0.784011 -0.107434,
        -0.233565 0.783883 -0.108372,
        -0.234384 0.783601 -0.110375,
        -0.235168 0.783330 -0.112294,
        -0.235324 0.783174 -0.113365,
        -0.228975 0.784527 -0.103595,
        -0.227902 0.784641 -0.102738,
        -0.222628 0.784969 -0.100164,
        -0.216834 0.785330 -0.097336,
        -0.210003 0.785725 -0.094063,
        -0.206679 0.785917 -0.092470,
        -0.205469 0.786017 -0.091618,
        -0.202914 0.786715 -0.085417,
        -0.203280 0.786490 -0.087462,
        -0.203383 0.786426 -0.088039,
        -0.203809 0.786313 -0.089036,
        -0.204205 0.786209 -0.089961,
        -0.204519 0.786161 -0.090372,
        -0.205455 0.787301 -0.079837,
        -0.205594 0.787318 -0.079670,
        -0.206472 0.787393 -0.078926,
        -0.203352 0.786958 -0.083149,
        -0.203709 0.787036 -0.082400,
        -0.204227 0.787150 -0.081314,
        -0.204450 0.787177 -0.081046,
        -0.203230 0.786890 -0.083786,
        -0.215689 0.787638 -0.076442,
        -0.214681 0.787633 -0.076487,
        -0.212002 0.787586 -0.076969,
        -0.210013 0.787552 -0.077327,
        -0.209128 0.787512 -0.077726,
        -0.232643 0.787155 -0.081265,
        -0.231702 0.787211 -0.080714,
        -0.227415 0.787390 -0.078943,
        -0.224333 0.787518 -0.077670,
        -0.221928 0.787551 -0.077328,
        -0.232643 0.788246 -0.069894,
        -0.216835 0.788503 -0.066930,
        -0.223381 0.788458 -0.067457,
        -0.224964 0.788422 -0.067873,
        -0.198352 0.788035 -0.072238,
        -0.199375 0.788091 -0.071615,
        -0.200296 0.788142 -0.071055,
        -0.204211 0.788280 -0.069489,
        -0.207505 0.788397 -0.068172,
        -0.209764 0.788422 -0.067871,
        -0.190856 0.786600 -0.086470,
        -0.190925 0.786671 -0.085812,
        -0.191226 0.786978 -0.082963,
        -0.191531 0.787080 -0.081967,
        -0.195348 0.787763 -0.075117,
        -0.194317 0.787670 -0.076106,
        -0.193571 0.787553 -0.077297,
        -0.192383 0.787366 -0.079193,
        -0.192317 0.787344 -0.079410,
        -0.194176 0.785370 -0.097004,
        -0.193806 0.785442 -0.096426,
        -0.193409 0.785518 -0.095802,
        -0.192490 0.785778 -0.093622,
        -0.191648 0.786016 -0.091626,
        -0.191467 0.786150 -0.090444,
        -0.208576 0.784233 -0.105810,
        -0.205626 0.784404 -0.104537,
        -0.201039 0.784743 -0.101924,
        -0.197104 0.785035 -0.099683,
        -0.196322 0.785125 -0.098967,
        -0.215823 0.783767 -0.109179,
        -0.219678 0.783519 -0.110970,
        -0.220824 0.783408 -0.111753,
        -0.223620 0.782695 -0.116638,
        -0.223706 0.782640 -0.117008,
        -0.223832 0.782481 -0.118069,
        -0.222276 0.783179 -0.113346,
        -0.222496 0.783144 -0.113587,
        -0.222883 0.783044 -0.114275,
        -0.223198 0.782962 -0.114834,
        -0.223268 0.782918 -0.115134,
        -0.210030 0.781076 -0.127030,
        -0.211676 0.781094 -0.126918,
        -0.214019 0.781120 -0.126758,
        -0.216518 0.781207 -0.126219,
        -0.218183 0.781266 -0.125859,
        -0.218796 0.781313 -0.125566,
        -0.220156 0.781417 -0.124917,
        -0.220189 0.781421 -0.124890,
        -0.221322 0.781567 -0.123978,
        -0.221491 0.781588 -0.123842,
        -0.222220 0.781739 -0.122885,
        -0.222600 0.781817 -0.122389,
        -0.222930 0.781936 -0.121622,
        -0.223387 0.782101 -0.120558,
        -0.223465 0.782168 -0.120121,
        -0.190784 0.782090 -0.120630,
        -0.192228 0.781950 -0.121531,
        -0.193663 0.781811 -0.122425,
        -0.198138 0.781513 -0.124300,
        -0.201683 0.781278 -0.125786,
        -0.204115 0.781219 -0.126148,
        -0.274038 0.781571 -0.123949,
        -0.275625 0.782402 -0.118592,
        -0.272449 0.782417 -0.118493,
        -0.255018 0.788372 -0.068460,
        -0.241932 0.788372 -0.068460,
        -0.268104 0.779774 -0.134793,
        -0.262970 0.777605 -0.146789,
        -0.250983 0.775796 -0.156070,
        -0.252412 0.775833 -0.155884,
        -0.253643 0.775865 -0.155724,
        -0.254543 0.775926 -0.155418,
        -0.256167 0.776037 -0.154866,
        -0.256359 0.776061 -0.154745,
        -0.257855 0.776248 -0.153803,
        -0.258241 0.776296 -0.153560,
        -0.260865 0.776920 -0.150357,
        -0.260145 0.776686 -0.151576,
        -0.259397 0.776533 -0.152356,
        -0.244344 0.776060 -0.154752,
        -0.246264 0.775943 -0.155339,
        -0.247783 0.775895 -0.155574,
        -0.244344 0.773946 -0.165000,
        -0.251890 0.773745 -0.165938,
        -0.275697 0.777959 -0.144902,
        -0.268922 0.775643 -0.156811,
        -0.270209 0.775947 -0.155314,
        -0.272870 0.776923 -0.150265,
        -0.255974 0.773874 -0.165335,
        -0.257195 0.773913 -0.165155,
        -0.259464 0.774105 -0.164248,
        -0.261662 0.774291 -0.163370,
        -0.262869 0.774471 -0.162511,
        -0.265847 0.774914 -0.160391,
        -0.266098 0.774973 -0.160099,
        -0.305976 0.788372 -0.068460,
        -0.293845 0.788372 -0.068460,
        -0.318584 0.779750 -0.134935,
        -0.318584 0.790239 -0.041696,
        -0.366700 0.790239 -0.041696,
        -0.366700 0.789597 -0.052476,
        -0.330643 0.789597 -0.052476,
        -0.330643 0.787036 -0.082411,
        -0.364049 0.787036 -0.082411,
        -0.364049 0.785843 -0.093096,
        -0.330643 0.785843 -0.093096,
        -0.330643 0.781503 -0.124376,
        -0.368825 0.781503 -0.124376,
        -0.368825 0.779750 -0.134935,
        -0.461932 0.785772 -0.093565,
        -0.462526 0.786511 -0.087278,
        -0.462375 0.786076 -0.091107,
        -0.460483 0.784774 -0.101602,
        -0.460090 0.784504 -0.103779,
        -0.454256 0.782952 -0.114835,
        -0.455965 0.783266 -0.112742,
        -0.457860 0.783835 -0.108625,
        -0.448440 0.781885 -0.121956,
        -0.452203 0.789206 -0.058033,
        -0.451896 0.789239 -0.057606,
        -0.448435 0.789487 -0.054102,
        -0.456448 0.788746 -0.063944,
        -0.457280 0.788656 -0.065102,
        -0.459240 0.788235 -0.069900,
        -0.460682 0.787924 -0.073429,
        -0.461119 0.787589 -0.076711,
        -0.413120 0.790239 -0.041696,
        -0.423130 0.790180 -0.042805,
        -0.426216 0.790161 -0.043146,
        -0.432400 0.790038 -0.045301,
        -0.438104 0.789924 -0.047288,
        -0.440857 0.789808 -0.049104,
        -0.386472 0.790239 -0.041696,
        -0.386472 0.779750 -0.134935,
        -0.412165 0.779750 -0.134935,
        -0.447137 0.781733 -0.122899,
        -0.439765 0.780879 -0.128237,
        -0.439620 0.780862 -0.128342,
        -0.432371 0.780358 -0.131354,
        -0.429022 0.780125 -0.132746,
        -0.424052 0.780014 -0.133391,
        -0.442179 0.788748 -0.063972,
        -0.442539 0.788718 -0.064347,
        -0.445176 0.788376 -0.068363,
        -0.446300 0.788230 -0.070075,
        -0.447288 0.787972 -0.072846,
        -0.448632 0.787621 -0.076617,
        -0.448770 0.787491 -0.077864,
        -0.449846 0.786474 -0.087613,
        -0.449805 0.786283 -0.089306,
        -0.449501 0.786018 -0.091512,
        -0.448387 0.785047 -0.099594,
        -0.448289 0.784962 -0.100302,
        -0.446377 0.784349 -0.104917,
        -0.445195 0.783970 -0.107771,
        -0.443730 0.783698 -0.109676,
        -0.439863 0.782982 -0.114699,
        -0.438859 0.782851 -0.115590,
        -0.438704 0.782835 -0.115694,
        -0.433449 0.782302 -0.119233,
        -0.431967 0.782152 -0.120231,
        -0.428159 0.781935 -0.121626,
        -0.424406 0.781721 -0.123002,
        -0.422356 0.781685 -0.123231,
        -0.412094 0.781503 -0.124376,
        -0.398531 0.781503 -0.124376,
        -0.398531 0.789597 -0.052476,
        -0.412643 0.789597 -0.052476,
        -0.420045 0.789544 -0.053285,
        -0.423433 0.789520 -0.053655,
        -0.427366 0.789427 -0.054985,
        -0.432263 0.789311 -0.056643,
        -0.433679 0.789243 -0.057539,
        -0.439604 0.788962 -0.061286,
        -0.412094 0.777615 -0.123757,
        -0.398531 0.777615 -0.123757,
        -0.439865 0.779087 -0.114126,
        -0.438637 0.778952 -0.115030,
        -0.422331 0.777822 -0.122448,
        -0.425906 0.777894 -0.121990,
        -0.428157 0.778041 -0.121044,
        -0.433538 0.778391 -0.118782,
        -0.433544 0.778391 -0.118778,
        -0.449846 0.782561 -0.087176,
        -0.449648 0.782113 -0.091081,
        -0.449588 0.781979 -0.092252,
        -0.448229 0.781133 -0.099061,
        -0.447696 0.780802 -0.101729,
        -0.446416 0.780443 -0.104398,
        -0.444577 0.779928 -0.108231,
        -0.443811 0.779791 -0.109189,
        -0.439602 0.785037 -0.060980,
        -0.442199 0.784826 -0.063635,
        -0.442226 0.784824 -0.063661,
        -0.445172 0.784453 -0.068028,
        -0.448747 0.783572 -0.077480,
        -0.448594 0.783713 -0.076128,
        -0.447281 0.784051 -0.072487,
        -0.446248 0.784317 -0.069623,
        -0.412643 0.785669 -0.052215,
        -0.420045 0.785614 -0.053024,
        -0.423424 0.785589 -0.053394,
        -0.427365 0.785496 -0.054719,
        -0.432266 0.785381 -0.056366,
        -0.433678 0.785315 -0.057255,
        -0.398531 0.785669 -0.052215,
      ]
    }
    coordIndex [
      65, 217, 66, -1,
      66, 217, 218, -1,
      66, 218, 67, -1,
      67, 218, 219, -1,
      67, 219, 195, -1,
      195, 219, 220, -1,
      195, 220, 194, -1,
      194, 220, 221, -1,
      152, 222, 150, -1,
      150, 222, 223, -1,
      150, 223, 61, -1,
      61, 223, 224, -1,
      61, 224, 62, -1,
      62, 224, 225, -1,
      62, 225, 63, -1,
      63, 225, 226, -1,
      63, 226, 64, -1,
      64, 226, 227, -1,
      64, 227, 65, -1,
      65, 227, 217, -1,
      132, 228, 127, -1,
      127, 228, 229, -1,
      127, 229, 128, -1,
      128, 229, 230, -1,
      128, 230, 133, -1,
      133, 230, 231, -1,
      133, 231, 134, -1,
      134, 231, 232, -1,
      134, 232, 136, -1,
      136, 232, 233, -1,
      136, 233, 138, -1,
      138, 233, 234, -1,
      138, 234, 140, -1,
      140, 234, 235, -1,
      140, 235, 154, -1,
      154, 235, 236, -1,
      154, 236, 152, -1,
      152, 236, 222, -1,
      122, 237, 123, -1,
      123, 237, 238, -1,
      123, 238, 125, -1,
      125, 238, 239, -1,
      125, 239, 126, -1,
      126, 239, 240, -1,
      126, 240, 130, -1,
      130, 240, 241, -1,
      130, 241, 131, -1,
      131, 241, 242, -1,
      131, 242, 132, -1,
      132, 242, 228, -1,
      237, 122, 243, -1,
      243, 122, 121, -1,
      243, 121, 244, -1,
      244, 121, 120, -1,
      244, 120, 245, -1,
      245, 120, 119, -1,
      245, 119, 246, -1,
      246, 119, 108, -1,
      246, 108, 107, -1,
      246, 107, 247, -1,
      247, 107, 118, -1,
      247, 118, 248, -1,
      248, 118, 117, -1,
      248, 117, 249, -1,
      113, 250, 112, -1,
      112, 250, 251, -1,
      112, 251, 111, -1,
      111, 251, 252, -1,
      111, 252, 114, -1,
      114, 252, 253, -1,
      114, 253, 115, -1,
      115, 253, 254, -1,
      115, 254, 116, -1,
      116, 254, 255, -1,
      116, 255, 117, -1,
      117, 255, 249, -1,
      256, 50, 257, -1,
      257, 50, 49, -1,
      257, 49, 258, -1,
      259, 1, 260, -1,
      260, 1, 0, -1,
      260, 0, 261, -1,
      261, 0, 53, -1,
      261, 53, 262, -1,
      262, 53, 52, -1,
      262, 52, 256, -1,
      256, 52, 51, -1,
      256, 51, 50, -1,
      250, 113, 263, -1,
      263, 113, 110, -1,
      263, 110, 259, -1,
      259, 110, 109, -1,
      259, 109, 1, -1,
      45, 264, 46, -1,
      46, 264, 265, -1,
      46, 265, 2, -1,
      2, 265, 266, -1,
      2, 266, 47, -1,
      47, 266, 267, -1,
      47, 267, 48, -1,
      48, 267, 268, -1,
      48, 268, 49, -1,
      49, 268, 258, -1,
      16, 269, 41, -1,
      41, 269, 270, -1,
      41, 270, 42, -1,
      42, 270, 271, -1,
      42, 271, 43, -1,
      43, 271, 272, -1,
      43, 272, 44, -1,
      44, 272, 273, -1,
      44, 273, 45, -1,
      45, 273, 264, -1,
      18, 274, 16, -1,
      16, 274, 269, -1,
      3, 275, 21, -1,
      21, 275, 276, -1,
      21, 276, 20, -1,
      20, 276, 277, -1,
      20, 277, 18, -1,
      18, 277, 274, -1,
      12, 278, 13, -1,
      13, 278, 279, -1,
      13, 279, 14, -1,
      14, 279, 280, -1,
      14, 280, 15, -1,
      15, 280, 281, -1,
      15, 281, 5, -1,
      5, 281, 282, -1,
      5, 282, 4, -1,
      4, 282, 283, -1,
      4, 283, 3, -1,
      3, 283, 275, -1,
      201, 284, 202, -1,
      202, 284, 285, -1,
      202, 285, 203, -1,
      203, 285, 286, -1,
      203, 286, 204, -1,
      204, 286, 287, -1,
      278, 12, 288, -1,
      288, 12, 11, -1,
      288, 11, 289, -1,
      289, 11, 10, -1,
      289, 10, 290, -1,
      290, 10, 9, -1,
      290, 9, 291, -1,
      291, 9, 6, -1,
      291, 6, 292, -1,
      292, 6, 7, -1,
      292, 7, 287, -1,
      287, 7, 8, -1,
      287, 8, 204, -1,
      193, 293, 196, -1,
      196, 293, 294, -1,
      196, 294, 197, -1,
      197, 294, 295, -1,
      197, 295, 198, -1,
      198, 295, 296, -1,
      198, 296, 199, -1,
      199, 296, 297, -1,
      199, 297, 200, -1,
      200, 297, 298, -1,
      200, 298, 201, -1,
      201, 298, 284, -1,
      184, 299, 186, -1,
      186, 299, 300, -1,
      186, 300, 189, -1,
      189, 300, 301, -1,
      189, 301, 191, -1,
      191, 301, 302, -1,
      191, 302, 192, -1,
      192, 302, 303, -1,
      192, 303, 193, -1,
      193, 303, 293, -1,
      299, 184, 304, -1,
      304, 184, 183, -1,
      304, 183, 305, -1,
      305, 183, 182, -1,
      305, 182, 306, -1,
      307, 175, 308, -1,
      308, 175, 174, -1,
      308, 174, 309, -1,
      306, 182, 310, -1,
      310, 182, 181, -1,
      310, 181, 311, -1,
      311, 181, 180, -1,
      311, 180, 312, -1,
      312, 180, 179, -1,
      312, 179, 313, -1,
      313, 179, 178, -1,
      313, 178, 314, -1,
      314, 178, 177, -1,
      314, 177, 307, -1,
      307, 177, 176, -1,
      307, 176, 175, -1,
      157, 315, 158, -1,
      158, 315, 316, -1,
      158, 316, 164, -1,
      164, 316, 317, -1,
      164, 317, 163, -1,
      163, 317, 318, -1,
      163, 318, 161, -1,
      161, 318, 319, -1,
      161, 319, 162, -1,
      162, 319, 320, -1,
      162, 320, 165, -1,
      165, 320, 321, -1,
      165, 321, 166, -1,
      166, 321, 322, -1,
      166, 322, 167, -1,
      167, 322, 323, -1,
      167, 323, 168, -1,
      168, 323, 324, -1,
      168, 324, 169, -1,
      169, 324, 325, -1,
      169, 325, 170, -1,
      170, 325, 326, -1,
      170, 326, 171, -1,
      171, 326, 327, -1,
      171, 327, 172, -1,
      172, 327, 328, -1,
      172, 328, 173, -1,
      173, 328, 329, -1,
      173, 329, 174, -1,
      174, 329, 309, -1,
      190, 330, 188, -1,
      188, 330, 331, -1,
      188, 331, 187, -1,
      187, 331, 332, -1,
      187, 332, 185, -1,
      185, 332, 333, -1,
      185, 333, 160, -1,
      160, 333, 334, -1,
      160, 334, 159, -1,
      159, 334, 335, -1,
      159, 335, 157, -1,
      157, 335, 315, -1,
      221, 330, 194, -1,
      194, 330, 190, -1,
      331, 330, 221, -1,
      248, 300, 247, -1,
      247, 300, 299, -1,
      247, 299, 246, -1,
      246, 299, 304, -1,
      246, 304, 245, -1,
      245, 304, 305, -1,
      245, 305, 244, -1,
      244, 305, 306, -1,
      244, 306, 243, -1,
      243, 306, 310, -1,
      243, 310, 237, -1,
      237, 310, 311, -1,
      237, 311, 238, -1,
      238, 311, 312, -1,
      238, 312, 239, -1,
      239, 312, 240, -1,
      240, 312, 313, -1,
      240, 313, 241, -1,
      313, 314, 241, -1,
      241, 314, 307, -1,
      241, 307, 242, -1,
      242, 307, 308, -1,
      242, 308, 228, -1,
      228, 308, 309, -1,
      228, 309, 229, -1,
      328, 232, 329, -1,
      329, 232, 231, -1,
      329, 231, 309, -1,
      309, 231, 230, -1,
      309, 230, 229, -1,
      322, 224, 323, -1,
      323, 224, 223, -1,
      323, 223, 324, -1,
      324, 223, 222, -1,
      324, 222, 325, -1,
      325, 222, 236, -1,
      325, 236, 326, -1,
      326, 236, 235, -1,
      326, 235, 327, -1,
      327, 235, 234, -1,
      327, 234, 328, -1,
      328, 234, 233, -1,
      328, 233, 232, -1,
      322, 321, 224, -1,
      224, 321, 320, -1,
      224, 320, 225, -1,
      225, 320, 319, -1,
      225, 319, 226, -1,
      226, 319, 318, -1,
      226, 318, 227, -1,
      318, 317, 227, -1,
      227, 317, 316, -1,
      227, 316, 217, -1,
      217, 316, 315, -1,
      217, 315, 218, -1,
      218, 315, 335, -1,
      218, 335, 219, -1,
      219, 335, 334, -1,
      219, 334, 220, -1,
      220, 334, 333, -1,
      220, 333, 221, -1,
      221, 333, 332, -1,
      221, 332, 331, -1,
      255, 254, 294, -1,
      294, 254, 295, -1,
      294, 293, 255, -1,
      255, 293, 303, -1,
      255, 303, 249, -1,
      249, 303, 302, -1,
      249, 302, 248, -1,
      248, 302, 301, -1,
      248, 301, 300, -1,
      295, 254, 296, -1,
      296, 254, 253, -1,
      296, 253, 297, -1,
      297, 253, 252, -1,
      297, 252, 298, -1,
      298, 252, 251, -1,
      298, 251, 284, -1,
      284, 251, 250, -1,
      284, 250, 285, -1,
      290, 259, 260, -1,
      290, 260, 289, -1,
      289, 260, 261, -1,
      289, 261, 288, -1,
      290, 291, 259, -1,
      259, 291, 292, -1,
      259, 292, 263, -1,
      263, 292, 287, -1,
      263, 287, 250, -1,
      250, 287, 286, -1,
      250, 286, 285, -1,
      261, 262, 288, -1,
      288, 262, 256, -1,
      288, 256, 278, -1,
      278, 256, 257, -1,
      278, 257, 279, -1,
      279, 257, 258, -1,
      279, 258, 280, -1,
      280, 258, 281, -1,
      281, 258, 268, -1,
      281, 268, 282, -1,
      282, 268, 267, -1,
      282, 267, 283, -1,
      283, 267, 266, -1,
      283, 266, 275, -1,
      266, 265, 275, -1,
      275, 265, 264, -1,
      275, 264, 276, -1,
      276, 264, 273, -1,
      276, 273, 277, -1,
      273, 272, 277, -1,
      277, 272, 271, -1,
      277, 271, 274, -1,
      274, 271, 270, -1,
      274, 270, 269, -1,
      205, 336, 206, -1,
      206, 336, 337, -1,
      206, 337, 208, -1,
      336, 205, 338, -1,
      338, 205, 207, -1,
      338, 207, 209, -1,
      212, 40, 339, -1,
      212, 339, 210, -1,
      210, 339, 338, -1,
      210, 338, 209, -1,
      19, 340, 40, -1,
      40, 340, 339, -1,
      129, 341, 124, -1,
      124, 341, 340, -1,
      124, 340, 17, -1,
      17, 340, 19, -1,
      137, 342, 135, -1,
      135, 342, 341, -1,
      135, 341, 129, -1,
      156, 343, 144, -1,
      144, 343, 344, -1,
      144, 344, 143, -1,
      143, 344, 345, -1,
      143, 345, 142, -1,
      345, 346, 142, -1,
      142, 346, 347, -1,
      142, 347, 145, -1,
      145, 347, 348, -1,
      145, 348, 146, -1,
      146, 348, 147, -1,
      147, 348, 349, -1,
      147, 349, 148, -1,
      148, 349, 350, -1,
      148, 350, 149, -1,
      351, 141, 352, -1,
      352, 141, 149, -1,
      352, 149, 353, -1,
      353, 149, 350, -1,
      342, 137, 351, -1,
      351, 137, 139, -1,
      351, 139, 141, -1,
      151, 354, 153, -1,
      153, 354, 355, -1,
      153, 355, 155, -1,
      155, 355, 356, -1,
      155, 356, 156, -1,
      156, 356, 343, -1,
      60, 357, 151, -1,
      151, 357, 354, -1,
      90, 358, 91, -1,
      91, 358, 357, -1,
      91, 357, 60, -1,
      96, 92, 359, -1,
      96, 359, 97, -1,
      360, 98, 361, -1,
      361, 98, 97, -1,
      361, 97, 362, -1,
      362, 97, 359, -1,
      358, 90, 363, -1,
      363, 90, 89, -1,
      363, 89, 364, -1,
      364, 89, 88, -1,
      364, 88, 365, -1,
      365, 88, 87, -1,
      365, 87, 366, -1,
      366, 87, 86, -1,
      366, 86, 367, -1,
      367, 86, 106, -1,
      367, 106, 368, -1,
      368, 106, 101, -1,
      368, 101, 369, -1,
      369, 101, 100, -1,
      369, 100, 360, -1,
      360, 100, 99, -1,
      360, 99, 98, -1,
      359, 92, 94, -1,
      359, 94, 370, -1,
      370, 94, 216, -1,
      370, 216, 215, -1,
      214, 371, 215, -1,
      215, 371, 370, -1,
      208, 337, 211, -1,
      211, 337, 371, -1,
      211, 371, 213, -1,
      213, 371, 214, -1,
      359, 370, 371, -1,
      371, 337, 359, -1,
      359, 337, 336, -1,
      359, 336, 362, -1,
      339, 340, 338, -1,
      338, 340, 341, -1,
      338, 341, 336, -1,
      336, 341, 362, -1,
      362, 341, 342, -1,
      362, 342, 361, -1,
      361, 342, 351, -1,
      361, 351, 360, -1,
      351, 352, 360, -1,
      360, 352, 353, -1,
      360, 353, 369, -1,
      369, 353, 350, -1,
      369, 350, 368, -1,
      368, 350, 349, -1,
      368, 349, 367, -1,
      367, 349, 348, -1,
      367, 348, 366, -1,
      366, 348, 347, -1,
      366, 347, 365, -1,
      365, 347, 364, -1,
      364, 347, 346, -1,
      364, 346, 363, -1,
      346, 345, 363, -1,
      363, 345, 344, -1,
      363, 344, 358, -1,
      344, 343, 358, -1,
      358, 343, 356, -1,
      358, 356, 357, -1,
      357, 356, 355, -1,
      357, 355, 354, -1,
      93, 372, 95, -1,
      95, 372, 373, -1,
      95, 373, 54, -1,
      374, 55, 373, -1,
      373, 55, 54, -1,
      375, 38, 374, -1,
      374, 38, 55, -1,
      376, 36, 375, -1,
      375, 36, 38, -1,
      377, 37, 376, -1,
      376, 37, 36, -1,
      378, 39, 377, -1,
      377, 39, 37, -1,
      379, 59, 378, -1,
      378, 59, 57, -1,
      378, 57, 39, -1,
      380, 102, 379, -1,
      379, 102, 59, -1,
      381, 103, 380, -1,
      380, 103, 102, -1,
      382, 104, 381, -1,
      381, 104, 103, -1,
      383, 105, 382, -1,
      382, 105, 104, -1,
      93, 105, 372, -1,
      372, 105, 383, -1,
      372, 383, 382, -1,
      382, 381, 372, -1,
      372, 381, 380, -1,
      372, 380, 373, -1,
      375, 374, 376, -1,
      376, 374, 373, -1,
      376, 373, 377, -1,
      377, 373, 380, -1,
      377, 380, 378, -1,
      378, 380, 379, -1,
      69, 68, 384, -1,
      72, 385, 68, -1,
      68, 385, 386, -1,
      68, 386, 384, -1,
      69, 384, 73, -1,
      73, 384, 387, -1,
      73, 387, 74, -1,
      74, 387, 388, -1,
      74, 388, 75, -1,
      389, 76, 390, -1,
      390, 76, 75, -1,
      390, 75, 391, -1,
      391, 75, 388, -1,
      392, 78, 389, -1,
      389, 78, 77, -1,
      389, 77, 76, -1,
      31, 30, 393, -1,
      393, 30, 394, -1,
      394, 30, 29, -1,
      394, 29, 395, -1,
      31, 393, 32, -1,
      32, 393, 396, -1,
      32, 396, 33, -1,
      33, 396, 397, -1,
      33, 397, 34, -1,
      397, 398, 34, -1,
      34, 398, 399, -1,
      34, 399, 35, -1,
      35, 399, 400, -1,
      35, 400, 70, -1,
      70, 400, 71, -1,
      71, 400, 385, -1,
      71, 385, 72, -1,
      23, 401, 24, -1,
      24, 401, 402, -1,
      24, 402, 25, -1,
      25, 402, 403, -1,
      25, 403, 26, -1,
      26, 403, 404, -1,
      26, 404, 27, -1,
      27, 404, 405, -1,
      27, 405, 28, -1,
      28, 405, 406, -1,
      28, 406, 29, -1,
      29, 406, 395, -1,
      22, 407, 23, -1,
      23, 407, 401, -1,
      58, 408, 56, -1,
      56, 408, 407, -1,
      56, 407, 22, -1,
      85, 409, 58, -1,
      58, 409, 408, -1,
      78, 392, 79, -1,
      79, 392, 410, -1,
      79, 410, 80, -1,
      80, 410, 411, -1,
      80, 411, 81, -1,
      81, 411, 412, -1,
      81, 412, 82, -1,
      82, 412, 413, -1,
      82, 413, 83, -1,
      83, 413, 414, -1,
      83, 414, 84, -1,
      84, 414, 415, -1,
      84, 415, 85, -1,
      85, 415, 409, -1,
      395, 416, 394, -1,
      394, 416, 417, -1,
      394, 417, 393, -1,
      393, 417, 418, -1,
      393, 418, 396, -1,
      396, 418, 397, -1,
      397, 418, 419, -1,
      397, 419, 398, -1,
      398, 419, 420, -1,
      398, 420, 399, -1,
      399, 420, 421, -1,
      399, 421, 400, -1,
      400, 421, 422, -1,
      400, 422, 385, -1,
      385, 422, 423, -1,
      385, 423, 386, -1,
      386, 423, 424, -1,
      386, 424, 384, -1,
      384, 424, 425, -1,
      384, 425, 387, -1,
      387, 425, 426, -1,
      387, 426, 388, -1,
      388, 426, 427, -1,
      388, 427, 391, -1,
      391, 427, 428, -1,
      391, 428, 390, -1,
      390, 428, 429, -1,
      390, 429, 389, -1,
      389, 429, 430, -1,
      389, 430, 392, -1,
      392, 430, 431, -1,
      392, 431, 410, -1,
      431, 432, 410, -1,
      410, 432, 433, -1,
      410, 433, 411, -1,
      411, 433, 434, -1,
      411, 434, 412, -1,
      412, 434, 435, -1,
      412, 435, 413, -1,
      413, 435, 436, -1,
      413, 436, 414, -1,
      414, 436, 437, -1,
      414, 437, 415, -1,
      415, 437, 438, -1,
      415, 438, 409, -1,
      409, 438, 439, -1,
      409, 439, 408, -1,
      408, 439, 440, -1,
      408, 440, 407, -1,
      407, 440, 441, -1,
      407, 441, 401, -1,
      401, 441, 442, -1,
      401, 442, 402, -1,
      402, 442, 443, -1,
      402, 443, 403, -1,
      403, 443, 444, -1,
      403, 444, 404, -1,
      404, 444, 445, -1,
      404, 445, 405, -1,
      405, 445, 446, -1,
      405, 446, 406, -1,
      406, 446, 447, -1,
      406, 447, 395, -1,
      395, 447, 448, -1,
      395, 448, 416, -1,
      439, 449, 440, -1,
      440, 449, 450, -1,
      431, 451, 432, -1,
      432, 451, 452, -1,
      449, 439, 453, -1,
      453, 439, 438, -1,
      453, 438, 454, -1,
      454, 438, 437, -1,
      454, 437, 455, -1,
      455, 437, 436, -1,
      455, 436, 456, -1,
      456, 436, 435, -1,
      456, 435, 457, -1,
      457, 435, 434, -1,
      457, 434, 452, -1,
      452, 434, 433, -1,
      452, 433, 432, -1,
      423, 458, 424, -1,
      424, 458, 459, -1,
      424, 459, 425, -1,
      425, 459, 460, -1,
      425, 460, 426, -1,
      426, 460, 461, -1,
      426, 461, 427, -1,
      427, 461, 462, -1,
      427, 462, 428, -1,
      428, 462, 463, -1,
      428, 463, 429, -1,
      429, 463, 464, -1,
      429, 464, 430, -1,
      430, 464, 465, -1,
      430, 465, 431, -1,
      431, 465, 451, -1,
      416, 448, 466, -1,
      466, 467, 416, -1,
      416, 467, 468, -1,
      416, 468, 417, -1,
      417, 468, 469, -1,
      458, 423, 470, -1,
      470, 423, 422, -1,
      470, 422, 471, -1,
      471, 422, 421, -1,
      471, 421, 472, -1,
      472, 421, 420, -1,
      472, 420, 473, -1,
      473, 420, 419, -1,
      473, 419, 469, -1,
      469, 419, 418, -1,
      469, 418, 417, -1,
      442, 474, 443, -1,
      443, 474, 475, -1,
      443, 475, 444, -1,
      444, 475, 476, -1,
      444, 476, 445, -1,
      445, 476, 477, -1,
      445, 477, 446, -1,
      446, 477, 478, -1,
      446, 478, 447, -1,
      447, 478, 479, -1,
      447, 479, 448, -1,
      448, 479, 466, -1,
      441, 480, 442, -1,
      442, 480, 474, -1,
      441, 440, 480, -1,
      480, 440, 450, -1,
    ]
  }
}

Shape {
  appearance Appearance {
    material Material {
      diffuseColor 0.5569 0.5569 0.5569
      specularColor 0.2784 0.2784 0.2784
      ambientIntensity 0.2
      transparency 0.0000
      shininess 0.5
    }
  }
  geometry IndexedFaceSet {
    ccw TRUE
    solid FALSE
    coord DEF co Coordinate {
      point [
        -0.412094 0.777615 -0.123757,
        -0.398531 0.777615 -0.123757,
        -0.439865 0.779087 -0.114126,
        -0.438637 0.778952 -0.115030,
        -0.422331 0.777822 -0.122448,
        -0.425906 0.777894 -0.121990,
        -0.428157 0.778041 -0.121044,
        -0.433538 0.778391 -0.118782,
        -0.433544 0.778391 -0.118778,
        -0.449846 0.782561 -0.087176,
        -0.449648 0.782113 -0.091081,
        -0.449588 0.781979 -0.092252,
        -0.448229 0.781133 -0.099061,
        -0.447696 0.780802 -0.101729,
        -0.446416 0.780443 -0.104398,
        -0.444577 0.779928 -0.108231,
        -0.443811 0.779791 -0.109189,
        -0.439602 0.785037 -0.060980,
        -0.442199 0.784826 -0.063635,
        -0.442226 0.784824 -0.063661,
        -0.445172 0.784453 -0.068028,
        -0.448747 0.783572 -0.077480,
        -0.448594 0.783713 -0.076128,
        -0.447281 0.784051 -0.072487,
        -0.446248 0.784317 -0.069623,
        -0.412643 0.785669 -0.052215,
        -0.420045 0.785614 -0.053024,
        -0.423424 0.785589 -0.053394,
        -0.427365 0.785496 -0.054719,
        -0.432266 0.785381 -0.056366,
        -0.433678 0.785315 -0.057255,
        -0.398531 0.785669 -0.052215,
        -0.446020 0.780486 -0.104128,
      ]
    }
    coordIndex [
      31, 1, 0, -1,
      0, 4, 31, -1,
      31, 4, 5, -1,
      31, 5, 6, -1,
      8, 3, 21, -1,
      21, 3, 2, -1,
      21, 2, 16, -1,
      32, 16, 15, -1,
      15, 14, 32, -1,
      32, 14, 13, -1,
      32, 13, 12, -1,
      12, 11, 32, -1,
      32, 11, 10, -1,
      32, 10, 16, -1,
      16, 10, 9, -1,
      16, 9, 21, -1,
      21, 22, 8, -1,
      8, 22, 23, -1,
      8, 23, 24, -1,
      24, 20, 8, -1,
      8, 20, 19, -1,
      8, 19, 18, -1,
      18, 17, 8, -1,
      8, 17, 30, -1,
      8, 30, 29, -1,
      29, 28, 8, -1,
      8, 28, 27, -1,
      8, 27, 26, -1,
      6, 7, 31, -1,
      31, 7, 8, -1,
      31, 8, 25, -1,
      25, 8, 26, -1,
    ]
  }
}

Shape {
  appearance Appearance {
    material Material {
      diffuseColor 0.0000 0.0000 0.0000
      specularColor 0.0000 0.0000 0.0000
      ambientIntensity 0.2
      transparency 0.0000
      shininess 0.5
    }
  }
  geometry IndexedFaceSet {
    ccw TRUE
    solid FALSE
    coord DEF co Coordinate {
      point [
        -0.516182 0.786308 -0.041489,
        -0.503287 0.786308 -0.041489,
        -0.487691 0.782939 -0.082293,
        -0.531779 0.782939 -0.082293,
        -0.533972 0.782465 -0.088031,
        -0.551762 0.775870 -0.134263,
        -0.481032 0.775870 -0.134263,
        -0.533674 0.777946 -0.121658,
        -0.485522 0.777946 -0.121658,
        -0.528910 0.779818 -0.109020,
        -0.490011 0.779818 -0.109020,
        -0.485498 0.782465 -0.088031,
        -0.467708 0.775870 -0.134263,
        -0.538437 0.775870 -0.134263,
        -0.503287 0.790239 -0.041696,
        -0.472953 0.781990 -0.121277,
        -0.467708 0.779750 -0.134935,
        -0.481032 0.779750 -0.134935,
        -0.490011 0.783717 -0.109566,
        -0.528910 0.783717 -0.109566,
        -0.538437 0.779750 -0.134935,
        -0.551762 0.779750 -0.134935,
        -0.521428 0.789389 -0.055510,
        -0.516182 0.790239 -0.041696,
        -0.508565 0.789286 -0.056953,
        -0.509400 0.789516 -0.053674,
        -0.510344 0.789286 -0.056953,
        -0.511072 0.789043 -0.060232,
        -0.518128 0.787318 -0.079666,
        -0.525185 0.785115 -0.099051,
        -0.493831 0.785115 -0.099051,
        -0.500816 0.787318 -0.079666,
        -0.507801 0.789043 -0.060232,
        -0.509365 0.785588 -0.053406,
        -0.511072 0.785117 -0.059932,
        -0.507801 0.785117 -0.059932,
        -0.493831 0.781209 -0.098558,
        -0.525185 0.781209 -0.098558,
      ]
    }
    coordIndex [
      1, 2, 14, -1,
      14, 2, 11, -1,
      14, 11, 15, -1,
      15, 11, 12, -1,
      15, 12, 16, -1,
      6, 17, 12, -1,
      12, 17, 16, -1,
      10, 18, 8, -1,
      8, 18, 17, -1,
      8, 17, 6, -1,
      9, 19, 10, -1,
      10, 19, 18, -1,
      13, 20, 7, -1,
      7, 20, 19, -1,
      7, 19, 9, -1,
      5, 21, 13, -1,
      13, 21, 20, -1,
      22, 21, 4, -1,
      4, 21, 5, -1,
      4, 3, 22, -1,
      22, 3, 0, -1,
      22, 0, 23, -1,
      14, 23, 1, -1,
      1, 23, 0, -1,
      24, 25, 14, -1,
      22, 23, 14, -1,
      14, 25, 22, -1,
      22, 25, 26, -1,
      22, 26, 27, -1,
      27, 28, 22, -1,
      22, 28, 29, -1,
      22, 29, 21, -1,
      16, 17, 15, -1,
      15, 17, 18, -1,
      20, 21, 19, -1,
      19, 21, 29, -1,
      19, 29, 18, -1,
      18, 29, 30, -1,
      18, 30, 15, -1,
      15, 30, 31, -1,
      15, 31, 14, -1,
      14, 31, 32, -1,
      14, 32, 24, -1,
      25, 33, 26, -1,
      26, 33, 34, -1,
      26, 34, 27, -1,
      33, 25, 35, -1,
      35, 25, 24, -1,
      35, 24, 32, -1,
      30, 36, 31, -1,
      31, 36, 35, -1,
      31, 35, 32, -1,
      29, 37, 30, -1,
      30, 37, 36, -1,
      27, 34, 28, -1,
      28, 34, 37, -1,
      28, 37, 29, -1,
    ]
  }
}

Shape {
  appearance Appearance {
    material Material {
      diffuseColor 0.5569 0.5569 0.5569
      specularColor 0.2784 0.2784 0.2784
      ambientIntensity 0.2
      transparency 0.0000
      shininess 0.5
    }
  }
  geometry IndexedFaceSet {
    ccw TRUE
    solid FALSE
    coord DEF co Coordinate {
      point [
        -0.509365 0.785588 -0.053406,
        -0.511072 0.785117 -0.059932,
        -0.507801 0.785117 -0.059932,
        -0.493831 0.781209 -0.098558,
        -0.525185 0.781209 -0.098558,
      ]
    }
    coordIndex [
      3, 4, 2, -1,
      2, 4, 1, -1,
      2, 1, 0, -1,
    ]
  }
}

Shape {
  appearance Appearance {
    material Material {
      diffuseColor 0.0000 0.0000 0.0000
      specularColor 0.0000 0.0000 0.0000
      ambientIntensity 0.2
      transparency 0.0000
      shininess 0.5
    }
  }
  geometry IndexedFaceSet {
    ccw TRUE
    solid FALSE
    coord DEF co Coordinate {
      point [
        0.326338 0.783582 0.077466,
        0.317493 0.783676 0.076502,
        0.312405 0.783050 0.082302,
        0.303072 0.781900 0.092940,
        0.288270 0.780298 0.105528,
        0.281672 0.779723 0.109645,
        0.274599 0.779106 0.114059,
        0.258834 0.778138 0.120362,
        0.242931 0.777162 0.126720,
        0.234591 0.776978 0.127791,
        0.208570 0.776405 0.131135,
        0.187703 0.776820 0.128783,
        0.178336 0.777007 0.127727,
        0.163780 0.777821 0.122578,
        0.148970 0.778649 0.117340,
        0.142351 0.779243 0.112951,
        0.105436 0.782997 0.082296,
        0.107875 0.782694 0.085089,
        0.118243 0.781408 0.096965,
        0.436932 0.787313 -0.004744,
        0.435830 0.787406 0.001749,
        0.426572 0.783095 -0.082270,
        0.432331 0.784347 -0.068212,
        0.436750 0.785308 -0.057427,
        0.437604 0.785670 -0.050865,
        0.440364 0.786844 -0.029637,
        0.440197 0.787034 -0.024054,
        0.440195 0.787037 -0.023971,
        0.430898 0.787221 0.013179,
        0.426395 0.787052 0.023614,
        0.422320 0.786817 0.028914,
        0.409148 0.786054 0.046045,
        0.405280 0.785834 0.049696,
        0.404989 0.785819 0.049903,
        0.388796 0.784998 0.061444,
        0.383533 0.784732 0.065194,
        0.371670 0.784311 0.069908,
        0.361060 0.783936 0.074124,
        0.354310 0.783843 0.075006,
        0.332769 0.783546 0.077824,
        0.030428 0.782213 -0.089857,
        0.041200 0.780363 -0.105045,
        0.027087 0.782787 -0.085148,
        0.054606 0.778720 -0.116578,
        0.057191 0.778403 -0.118802,
        0.069060 0.777435 -0.124872,
        0.143659 0.775920 -0.133978,
        0.145852 0.776001 -0.133511,
        0.278287 0.767683 -0.175165,
        0.077948 0.776711 -0.129418,
        0.083627 0.776496 -0.130656,
        0.101639 0.775815 -0.134582,
        0.103631 0.775815 -0.134582,
        0.105624 0.775815 -0.134582,
        0.140825 0.775815 -0.134582,
        0.150526 0.776379 -0.131299,
        0.150868 0.776426 -0.131018,
        0.264542 0.768898 -0.169751,
        0.153787 0.776827 -0.128615,
        0.154411 0.776913 -0.128102,
        0.251553 0.770860 -0.160548,
        0.251662 0.770837 -0.160666,
        0.157032 0.777473 -0.124651,
        0.156194 0.777294 -0.125754,
        0.261233 0.769396 -0.167417,
        0.147451 0.776130 -0.132754,
        0.271755 0.768260 -0.172592,
        0.233187 0.776316 -0.131455,
        0.235420 0.775074 -0.138800,
        0.159214 0.778260 -0.119636,
        0.237505 0.774426 -0.142257,
        0.158055 0.777842 -0.122301,
        0.243046 0.772701 -0.151448,
        0.243367 0.772631 -0.151791,
        0.282524 0.767551 -0.175726,
        0.296240 0.767125 -0.177542,
        0.304376 0.767361 -0.176524,
        0.313366 0.767623 -0.175399,
        0.337989 0.770347 -0.162949,
        0.341242 0.770833 -0.160682,
        0.328519 0.768933 -0.169549,
        0.316315 0.767878 -0.174260,
        0.327746 0.768866 -0.169848,
        0.346450 0.772034 -0.154680,
        0.351948 0.773302 -0.148344,
        0.366187 0.776386 -0.131258,
        0.353712 0.773956 -0.144745,
        0.359336 0.776041 -0.133274,
        0.378467 0.777321 -0.125486,
        0.391065 0.778280 -0.119566,
        0.396218 0.778887 -0.115277,
        0.412469 0.780799 -0.101753,
        0.424135 0.782698 -0.085635,
        0.426546 0.783091 -0.082306,
        0.230872 0.777604 -0.123838,
        0.159421 0.778452 -0.118358,
        0.230523 0.778187 -0.119987,
        0.160085 0.779069 -0.114252,
        0.229823 0.779355 -0.112281,
        0.159408 0.779724 -0.109685,
        0.229823 0.780274 -0.105703,
        0.159341 0.779789 -0.109233,
        0.158070 0.780230 -0.106021,
        0.185237 0.783073 -0.082304,
        0.157464 0.780440 -0.104489,
        0.156251 0.780663 -0.102795,
        0.154631 0.780961 -0.100533,
        0.154004 0.781043 -0.099892,
        0.153794 0.781071 -0.099678,
        0.151212 0.781311 -0.097768,
        0.149687 0.781453 -0.096639,
        0.147793 0.781548 -0.095856,
        0.145055 0.781685 -0.094726,
        0.143733 0.781710 -0.094516,
        0.139496 0.781789 -0.093844,
        0.097578 0.781907 -0.092875,
        0.135511 0.781710 -0.094504,
        0.105624 0.781710 -0.094504,
        0.092672 0.782028 -0.091881,
        0.088824 0.782237 -0.090047,
        0.081327 0.782644 -0.086472,
        0.080528 0.782715 -0.085797,
        0.076399 0.783080 -0.082305,
        0.250917 0.783176 0.081520,
        0.252612 0.783286 0.080365,
        0.163725 0.783273 0.080688,
        0.248731 0.783091 0.082306,
        0.267226 0.784235 0.070410,
        0.270221 0.784429 0.068369,
        0.279096 0.785199 0.058219,
        0.285900 0.785789 0.050435,
        0.288506 0.786052 0.045155,
        0.296904 0.786899 0.028133,
        0.265575 0.785600 -0.053361,
        0.259396 0.785381 -0.056569,
        0.159144 0.783576 0.077448,
        0.256341 0.785162 -0.059280,
        0.145688 0.784466 0.067930,
        0.064187 0.784453 -0.068100,
        0.061545 0.784972 -0.061602,
        0.147134 0.786422 -0.039258,
        0.059792 0.785317 -0.057291,
        0.059186 0.785596 -0.052904,
        0.057804 0.786231 -0.042906,
        0.058359 0.786506 -0.037250,
        0.058758 0.786702 -0.033194,
        0.060370 0.786882 -0.028031,
        0.062456 0.787114 -0.021354,
        0.063622 0.787154 -0.019434,
        0.068189 0.787309 -0.011916,
        0.068523 0.787320 -0.011366,
        0.074639 0.787388 -0.004737,
        0.075194 0.787389 -0.004335,
        0.082737 0.787401 0.001126,
        0.084717 0.787404 0.002558,
        0.091155 0.787389 0.005164,
        0.095530 0.787378 0.006934,
        0.099777 0.787370 0.007520,
        0.119618 0.786858 0.029357,
        0.125451 0.786269 0.041024,
        0.157429 0.787103 -0.021671,
        0.109609 0.787352 0.008878,
        0.114922 0.787352 0.008878,
        0.118803 0.786944 0.025800,
        0.246427 0.784453 -0.068080,
        0.201928 0.786120 -0.044895,
        0.133680 0.785494 0.054298,
        0.129998 0.785810 0.050118,
        0.072909 0.783388 -0.079354,
        0.136840 0.785348 -0.056825,
        0.183331 0.783193 -0.081304,
        0.071494 0.783513 -0.078156,
        0.071130 0.783560 -0.077655,
        0.065625 0.784268 -0.070080,
        0.352946 0.783573 -0.077569,
        0.393034 0.785545 -0.053446,
        0.391781 0.785312 -0.057131,
        0.387388 0.784732 -0.064472,
        0.385926 0.784539 -0.066915,
        0.380047 0.783961 -0.073154,
        0.397050 0.786293 -0.041632,
        0.349379 0.783978 -0.073100,
        0.397095 0.786302 -0.041500,
        0.342545 0.784754 -0.064538,
        0.396662 0.787232 -0.014587,
        0.398522 0.786893 -0.028309,
        0.341273 0.784826 -0.063579,
        0.331045 0.785411 -0.055863,
        0.388120 0.787354 0.006718,
        0.390581 0.787398 0.003293,
        0.393436 0.787365 -0.003809,
        0.396098 0.787335 -0.010430,
        0.329049 0.785524 -0.054358,
        0.381075 0.787230 0.016395,
        0.381339 0.787236 0.016155,
        0.358586 0.786738 0.032663,
        0.362607 0.786821 0.030317,
        0.320193 0.785766 -0.050681,
        0.371503 0.787006 0.025127,
        0.372274 0.787024 0.024424,
        0.313498 0.785948 -0.047901,
        0.343364 0.786533 0.037111,
        0.351669 0.786644 0.034684,
        0.309356 0.785980 -0.047339,
        0.332105 0.786480 0.038086,
        0.340075 0.786517 0.037396,
        0.306789 0.786729 0.032426,
        0.314933 0.786595 0.035711,
        0.319164 0.786567 0.036296,
        0.298813 0.786860 0.029208,
        0.296240 0.786082 -0.045558,
        0.287761 0.786054 -0.046126,
        0.287551 0.786053 -0.046140,
        0.276227 0.785894 -0.048906,
        0.272319 0.785839 -0.049860,
        0.373958 0.783361 -0.079616,
        0.370255 0.783111 -0.081944,
        0.355272 0.783069 -0.082304,
        0.369721 0.783075 -0.082280,
        0.355888 0.782934 -0.083559,
        0.358672 0.782330 -0.089227,
        0.207906 0.782045 0.091690,
        0.220054 0.782207 0.090341,
        0.189025 0.782346 0.089200,
        0.173976 0.782833 0.084772,
        0.183140 0.782439 0.088424,
        0.167804 0.783098 0.082313,
        0.236555 0.782615 0.086683,
        0.229211 0.782328 0.089324,
        0.096852 0.784062 0.072463,
        0.093355 0.784562 0.065760,
        0.082378 0.786131 0.044719,
        0.072321 0.786367 0.040121,
        0.061328 0.786626 0.035096,
        0.057254 0.786741 0.031832,
        0.043445 0.787128 0.020770,
        0.043088 0.787138 0.020484,
        0.032450 0.787335 0.006443,
        0.028992 0.787398 0.001878,
        0.024637 0.787285 -0.008401,
        0.020070 0.787166 -0.019179,
        0.019246 0.786951 -0.024700,
        0.016625 0.786268 -0.042243,
        0.018848 0.785057 -0.059904,
        0.019570 0.784664 -0.065638,
        0.023492 0.783685 -0.075817,
        0.025991 0.783061 -0.082303,
        0.208570 0.780287 0.131791,
        0.187701 0.780679 0.129438,
        0.178522 0.780852 0.128404,
        0.163832 0.781689 0.123070,
        0.147198 0.782637 0.117031,
        0.142245 0.783095 0.113682,
        0.118241 0.785316 0.097448,
        0.288270 0.784200 0.106056,
        0.281598 0.783628 0.110065,
        0.269682 0.782607 0.117226,
        0.258961 0.781980 0.121231,
        0.241809 0.780977 0.127638,
        0.234607 0.780828 0.128538,
        0.317493 0.787595 0.076885,
        0.310049 0.786657 0.085951,
        0.302567 0.785813 0.092858,
        0.332769 0.787464 0.078213,
        0.409148 0.789984 0.046275,
        0.405078 0.789749 0.050128,
        0.405007 0.789746 0.050178,
        0.388788 0.788898 0.061741,
        0.383348 0.788613 0.065619,
        0.371671 0.788201 0.070260,
        0.360944 0.787822 0.074524,
        0.354311 0.787737 0.075392,
        0.440181 0.790967 -0.024178,
        0.440207 0.790964 -0.024334,
        0.440364 0.790778 -0.029785,
        0.436935 0.791245 -0.004765,
        0.435861 0.791337 0.001654,
        0.430894 0.791151 0.013246,
        0.426411 0.790983 0.023707,
        0.418416 0.790521 0.034159,
        0.422317 0.790746 0.029060,
        0.412469 0.784704 -0.102261,
        0.424154 0.786610 -0.086078,
        0.426446 0.786984 -0.082904,
        0.426982 0.787101 -0.081595,
        0.432328 0.788265 -0.068552,
        0.436717 0.789222 -0.057841,
        0.437591 0.789595 -0.051118,
        0.359336 0.779921 -0.133940,
        0.366948 0.780309 -0.131661,
        0.378483 0.781195 -0.126161,
        0.391073 0.782163 -0.120157,
        0.396216 0.782774 -0.115856,
        0.296240 0.770960 -0.178430,
        0.300806 0.771002 -0.178247,
        0.304380 0.771154 -0.177588,
        0.316423 0.771662 -0.175368,
        0.316913 0.771683 -0.175278,
        0.327667 0.772741 -0.170535,
        0.330484 0.773018 -0.169293,
        0.337915 0.774209 -0.163691,
        0.343104 0.775040 -0.159780,
        0.346598 0.775874 -0.155589,
        0.351850 0.777129 -0.149289,
        0.353712 0.777824 -0.145471,
        0.229823 0.783252 -0.112842,
        0.230336 0.782092 -0.120606,
        0.230360 0.782037 -0.120978,
        0.233090 0.780194 -0.132164,
        0.234098 0.779513 -0.136293,
        0.237592 0.778293 -0.142946,
        0.240933 0.777126 -0.149307,
        0.243614 0.776518 -0.152339,
        0.282523 0.771378 -0.176610,
        0.278383 0.771505 -0.176061,
        0.271756 0.772091 -0.173451,
        0.264657 0.772718 -0.170656,
        0.261239 0.773235 -0.168246,
        0.251794 0.774665 -0.161587,
        0.251571 0.774716 -0.161335,
        0.229823 0.784176 -0.106231,
        0.183117 0.786737 -0.081557,
        0.136840 0.789275 -0.057109,
        0.157429 0.791039 -0.021780,
        0.246427 0.788375 -0.068421,
        0.287780 0.789975 -0.046428,
        0.288523 0.789985 -0.046255,
        0.296240 0.790013 -0.045786,
        0.256342 0.789078 -0.059574,
        0.259391 0.789294 -0.056853,
        0.265591 0.789509 -0.053659,
        0.272930 0.789765 -0.049880,
        0.276215 0.789811 -0.049116,
        0.358672 0.786241 -0.089673,
        0.355801 0.786836 -0.084024,
        0.354567 0.787092 -0.081594,
        0.351766 0.787673 -0.076083,
        0.349491 0.787911 -0.073387,
        0.341369 0.788765 -0.063764,
        0.341281 0.788774 -0.063660,
        0.331012 0.789331 -0.056195,
        0.328154 0.789486 -0.054117,
        0.320218 0.789696 -0.050880,
        0.313456 0.789874 -0.048122,
        0.309357 0.789907 -0.047566,
        0.398522 0.790827 -0.028451,
        0.397735 0.790409 -0.038338,
        0.396807 0.790210 -0.041775,
        0.393704 0.789543 -0.053273,
        0.393389 0.789500 -0.053837,
        0.387300 0.788663 -0.064752,
        0.385609 0.788430 -0.067782,
        0.380132 0.787885 -0.073603,
        0.374256 0.787300 -0.079847,
        0.371481 0.787111 -0.081596,
        0.370260 0.787029 -0.082366,
        0.332105 0.790413 0.038277,
        0.340089 0.790438 0.037744,
        0.340414 0.790439 0.037722,
        0.351715 0.790564 0.034960,
        0.354980 0.790600 0.034162,
        0.355790 0.790609 0.033965,
        0.362597 0.790746 0.030411,
        0.368900 0.790874 0.027121,
        0.372093 0.790950 0.024335,
        0.396653 0.791166 -0.014660,
        0.396079 0.791270 -0.010420,
        0.393430 0.791299 -0.003829,
        0.390514 0.791331 0.003425,
        0.388122 0.791289 0.006754,
        0.381198 0.791169 0.016391,
        0.381086 0.791166 0.016488,
        0.296904 0.790833 0.028274,
        0.298630 0.790798 0.029254,
        0.306798 0.790661 0.032572,
        0.310710 0.790595 0.034162,
        0.315013 0.790523 0.035911,
        0.319163 0.790496 0.036485,
        0.207906 0.785955 0.092149,
        0.220026 0.786130 0.090633,
        0.231723 0.786298 0.089171,
        0.236599 0.786504 0.087278,
        0.252438 0.787169 0.081127,
        0.252721 0.787188 0.080927,
        0.267175 0.788155 0.070703,
        0.271128 0.788420 0.067907,
        0.279161 0.789122 0.058576,
        0.285808 0.789703 0.050855,
        0.288498 0.789977 0.045380,
        0.294012 0.790539 0.034159,
        0.114922 0.791288 0.008922,
        0.118807 0.790875 0.025929,
        0.119633 0.790787 0.029548,
        0.121931 0.790554 0.034160,
        0.125454 0.790196 0.041230,
        0.130033 0.789731 0.050422,
        0.133676 0.789418 0.054576,
        0.145688 0.788388 0.068270,
        0.159158 0.787483 0.077817,
        0.163894 0.787164 0.081174,
        0.189024 0.786242 0.089656,
        0.183304 0.786329 0.088900,
        0.173979 0.786730 0.085189,
        0.109609 0.791288 0.008922,
        0.063744 0.791080 -0.019576,
        0.057804 0.790163 -0.043120,
        0.058194 0.790451 -0.037420,
        0.058237 0.790483 -0.036781,
        0.060316 0.790819 -0.028133,
        0.061170 0.790957 -0.024579,
        0.066498 0.791211 -0.014222,
        0.068323 0.791236 -0.012107,
        0.099776 0.791302 0.007565,
        0.095555 0.791308 0.006983,
        0.091152 0.791319 0.005199,
        0.084809 0.791334 0.002630,
        0.082738 0.791332 0.001131,
        0.075182 0.791325 -0.004340,
        0.074776 0.791325 -0.004634,
        0.105624 0.785619 -0.094976,
        0.097579 0.785814 -0.093338,
        0.092661 0.785933 -0.092337,
        0.088824 0.786143 -0.090498,
        0.081326 0.786552 -0.086904,
        0.080528 0.786624 -0.086226,
        0.075081 0.787110 -0.081596,
        0.072910 0.787304 -0.079751,
        0.071494 0.787431 -0.078547,
        0.071130 0.787478 -0.078044,
        0.065622 0.788188 -0.070433,
        0.064253 0.788365 -0.068541,
        0.061558 0.788895 -0.061905,
        0.059806 0.789241 -0.057588,
        0.059194 0.789522 -0.053167,
        0.135511 0.785619 -0.094976,
        0.139496 0.785698 -0.094314,
        0.137504 0.785658 -0.094645,
        0.137504 0.781750 -0.094172,
        0.153992 0.784943 -0.100400,
        0.156386 0.784579 -0.103211,
        0.156540 0.784555 -0.103392,
        0.158124 0.784131 -0.106537,
        0.158800 0.783951 -0.107880,
        0.159336 0.783617 -0.110253,
        0.159940 0.783240 -0.112925,
        0.160085 0.782964 -0.114822,
        0.143737 0.785619 -0.094969,
        0.145158 0.785593 -0.095189,
        0.147817 0.785459 -0.096277,
        0.149589 0.785371 -0.097002,
        0.151241 0.785219 -0.098217,
        0.153628 0.784998 -0.099973,
        0.140825 0.779694 -0.135256,
        0.143663 0.779796 -0.134663,
        0.145886 0.779876 -0.134200,
        0.147469 0.780004 -0.133456,
        0.150489 0.780246 -0.132036,
        0.150892 0.780302 -0.131702,
        0.153807 0.780706 -0.129282,
        0.154441 0.780794 -0.128755,
        0.156196 0.781178 -0.126386,
        0.157354 0.781432 -0.124823,
        0.158137 0.781726 -0.122949,
        0.159211 0.782129 -0.120378,
        0.159435 0.782343 -0.118952,
        0.105624 0.779694 -0.135256,
        0.103631 0.779694 -0.135256,
        0.101639 0.779694 -0.135256,
        0.041200 0.784265 -0.105570,
        0.054618 0.782602 -0.117146,
        0.057355 0.782263 -0.119507,
        0.069059 0.781306 -0.125498,
        0.078044 0.780571 -0.130097,
        0.083625 0.780364 -0.131317,
        0.016625 0.790199 -0.042454,
        0.018838 0.788981 -0.060206,
        0.019543 0.788593 -0.065858,
        0.023496 0.787600 -0.076197,
        0.025560 0.787081 -0.081593,
        0.027071 0.786701 -0.085544,
        0.030431 0.786122 -0.090307,
        0.082378 0.790061 0.044943,
        0.076442 0.790180 0.042798,
        0.072254 0.790287 0.040542,
        0.060410 0.790589 0.034162,
        0.056977 0.790676 0.032312,
        0.056250 0.790694 0.031921,
        0.043654 0.791050 0.020645,
        0.040647 0.791135 0.017954,
        0.032535 0.791261 0.006439,
        0.027581 0.791339 -0.000595,
        0.024428 0.791243 -0.008346,
        0.020136 0.791113 -0.018900,
        0.019254 0.790883 -0.024824,
        0.107863 0.786607 0.085530,
        0.093382 0.788481 0.066077,
        0.097036 0.787956 0.073094,
        0.279923 0.785732 -0.094032,
        0.283219 0.785991 -0.091834,
        0.285310 0.786156 -0.090439,
        0.279293 0.785646 -0.094732,
        0.275970 0.785193 -0.098419,
        0.275533 0.785133 -0.098904,
        0.273676 0.784679 -0.102413,
        0.272643 0.784426 -0.104367,
        0.272051 0.784099 -0.106754,
        0.272756 0.781720 -0.123008,
        0.272210 0.782044 -0.120895,
        0.271234 0.782624 -0.117117,
        0.271231 0.782717 -0.116479,
        0.271212 0.783486 -0.111178,
        0.271208 0.783634 -0.110152,
        0.279774 0.780118 -0.132790,
        0.276243 0.780774 -0.128865,
        0.275513 0.780909 -0.128054,
        0.273916 0.781379 -0.125131,
        0.279950 0.780096 -0.132914,
        0.283550 0.779660 -0.135456,
        0.284616 0.779530 -0.136210,
        0.287172 0.779354 -0.137209,
        0.289764 0.779176 -0.138222,
        0.291313 0.779137 -0.138434,
        0.296904 0.779000 -0.139200,
        0.302745 0.779134 -0.138453,
        0.302967 0.779139 -0.138425,
        0.307174 0.779409 -0.136896,
        0.308891 0.779519 -0.136272,
        0.311314 0.779805 -0.134607,
        0.314213 0.780148 -0.132616,
        0.315114 0.780319 -0.131589,
        0.318002 0.780867 -0.128299,
        0.318515 0.780965 -0.127713,
        0.320251 0.781510 -0.124304,
        0.321837 0.782191 -0.119942,
        0.322653 0.782733 -0.116383,
        0.321317 0.781844 -0.122211,
        0.322635 0.782863 -0.115487,
        0.322531 0.783625 -0.110202,
        0.322516 0.783734 -0.109444,
        0.321514 0.784228 -0.105808,
        0.320904 0.784529 -0.103593,
        0.319777 0.784786 -0.101599,
        0.318071 0.785174 -0.098581,
        0.317433 0.785261 -0.097879,
        0.314357 0.785676 -0.094491,
        0.314140 0.785706 -0.094252,
        0.310701 0.785996 -0.091800,
        0.309217 0.786121 -0.090744,
        0.306630 0.786237 -0.089720,
        0.303982 0.786357 -0.088672,
        0.302439 0.786381 -0.088456,
        0.296904 0.786466 -0.087683,
        0.291909 0.786399 -0.088291,
        0.291267 0.786390 -0.088369,
        0.287399 0.786238 -0.089713,
        0.320185 0.789636 -0.051881,
        0.296904 0.782553 -0.087247,
        0.291933 0.782469 -0.087998,
        0.289569 0.782429 -0.088356,
        0.287414 0.782324 -0.089272,
        0.283718 0.782144 -0.090844,
        0.283157 0.782092 -0.091276,
        0.279276 0.781737 -0.094269,
        0.278594 0.781674 -0.094795,
        0.276004 0.781282 -0.097952,
        0.274911 0.781117 -0.099285,
        0.273659 0.780777 -0.101889,
        0.272250 0.780393 -0.104822,
        0.271975 0.780203 -0.106200,
        0.271094 0.779594 -0.110611,
        0.271095 0.779592 -0.110626,
        0.271259 0.778822 -0.115896,
        0.271293 0.778669 -0.116947,
        0.272220 0.778154 -0.120287,
        0.272904 0.777775 -0.122748,
        0.273885 0.777490 -0.124524,
        0.275363 0.777059 -0.127200,
        0.276262 0.776891 -0.128208,
        0.279702 0.776248 -0.132063,
        0.279957 0.776217 -0.132244,
        0.283548 0.775779 -0.134783,
        0.284559 0.775656 -0.135497,
        0.287172 0.775475 -0.136524,
        0.289662 0.775303 -0.137503,
        0.291315 0.775262 -0.137732,
        0.296904 0.775124 -0.138507,
        0.322637 0.778968 -0.114911,
        0.302747 0.775253 -0.137783,
        0.302778 0.775254 -0.137779,
        0.307179 0.775528 -0.136223,
        0.322643 0.778811 -0.115990,
        0.321872 0.778298 -0.119353,
        0.321342 0.777946 -0.121661,
        0.320289 0.777619 -0.123703,
        0.318556 0.777081 -0.127065,
        0.318015 0.776980 -0.127671,
        0.315108 0.776437 -0.130927,
        0.314106 0.776250 -0.132050,
        0.311313 0.775925 -0.133933,
        0.308730 0.775624 -0.135675,
        0.322610 0.779729 -0.109652,
        0.322610 0.779737 -0.109596,
        0.321548 0.780329 -0.105269,
        0.321178 0.780535 -0.103758,
        0.319772 0.780881 -0.101091,
        0.318536 0.781185 -0.098745,
        0.317390 0.781348 -0.097427,
        0.314539 0.781753 -0.094149,
        0.314363 0.781767 -0.094023,
        0.310680 0.782081 -0.091371,
        0.302434 0.782463 -0.088047,
        0.303880 0.782440 -0.088256,
        0.306602 0.782316 -0.089343,
        0.309430 0.782187 -0.090472,
      ]
    }
    coordIndex [
      10, 247, 11, -1,
      11, 247, 248, -1,
      11, 248, 12, -1,
      12, 248, 249, -1,
      12, 249, 13, -1,
      13, 249, 250, -1,
      13, 250, 14, -1,
      14, 250, 251, -1,
      14, 251, 15, -1,
      15, 251, 252, -1,
      15, 252, 18, -1,
      18, 252, 253, -1,
      4, 254, 5, -1,
      5, 254, 255, -1,
      5, 255, 6, -1,
      6, 255, 256, -1,
      6, 256, 7, -1,
      7, 256, 257, -1,
      7, 257, 8, -1,
      8, 257, 258, -1,
      8, 258, 9, -1,
      9, 258, 259, -1,
      9, 259, 10, -1,
      10, 259, 247, -1,
      1, 260, 2, -1,
      2, 260, 261, -1,
      2, 261, 3, -1,
      3, 261, 262, -1,
      3, 262, 4, -1,
      4, 262, 254, -1,
      260, 1, 263, -1,
      263, 1, 0, -1,
      263, 0, 39, -1,
      31, 264, 32, -1,
      32, 264, 265, -1,
      32, 265, 33, -1,
      33, 265, 266, -1,
      33, 266, 34, -1,
      34, 266, 267, -1,
      34, 267, 35, -1,
      35, 267, 268, -1,
      35, 268, 36, -1,
      36, 268, 269, -1,
      36, 269, 37, -1,
      37, 269, 270, -1,
      37, 270, 38, -1,
      38, 270, 271, -1,
      38, 271, 39, -1,
      39, 271, 263, -1,
      27, 26, 272, -1,
      272, 26, 273, -1,
      273, 26, 25, -1,
      273, 25, 274, -1,
      27, 272, 19, -1,
      19, 272, 275, -1,
      19, 275, 20, -1,
      20, 275, 276, -1,
      20, 276, 28, -1,
      28, 276, 277, -1,
      28, 277, 29, -1,
      29, 277, 278, -1,
      29, 278, 30, -1,
      264, 31, 279, -1,
      279, 31, 30, -1,
      279, 30, 280, -1,
      280, 30, 278, -1,
      91, 281, 92, -1,
      92, 281, 282, -1,
      92, 282, 93, -1,
      93, 282, 283, -1,
      93, 283, 21, -1,
      21, 283, 284, -1,
      21, 284, 22, -1,
      22, 284, 285, -1,
      22, 285, 23, -1,
      23, 285, 286, -1,
      23, 286, 24, -1,
      24, 286, 287, -1,
      24, 287, 25, -1,
      25, 287, 274, -1,
      87, 288, 85, -1,
      85, 288, 289, -1,
      85, 289, 88, -1,
      88, 289, 290, -1,
      88, 290, 89, -1,
      89, 290, 291, -1,
      89, 291, 90, -1,
      90, 291, 292, -1,
      90, 292, 91, -1,
      91, 292, 281, -1,
      76, 75, 293, -1,
      293, 294, 76, -1,
      76, 294, 295, -1,
      76, 295, 77, -1,
      77, 295, 296, -1,
      77, 296, 81, -1,
      81, 296, 297, -1,
      81, 297, 82, -1,
      82, 297, 298, -1,
      82, 298, 80, -1,
      80, 298, 299, -1,
      80, 299, 78, -1,
      78, 299, 300, -1,
      78, 300, 79, -1,
      79, 300, 301, -1,
      79, 301, 83, -1,
      83, 301, 302, -1,
      83, 302, 84, -1,
      84, 302, 303, -1,
      84, 303, 86, -1,
      86, 303, 304, -1,
      86, 304, 87, -1,
      87, 304, 288, -1,
      98, 305, 96, -1,
      96, 305, 306, -1,
      96, 306, 94, -1,
      94, 306, 307, -1,
      94, 307, 67, -1,
      67, 307, 308, -1,
      67, 308, 68, -1,
      68, 308, 309, -1,
      68, 309, 70, -1,
      70, 309, 310, -1,
      70, 310, 72, -1,
      72, 310, 311, -1,
      72, 311, 312, -1,
      293, 75, 313, -1,
      313, 75, 74, -1,
      313, 74, 314, -1,
      314, 74, 48, -1,
      314, 48, 315, -1,
      315, 48, 66, -1,
      315, 66, 316, -1,
      316, 66, 57, -1,
      316, 57, 317, -1,
      317, 57, 64, -1,
      317, 64, 318, -1,
      318, 64, 61, -1,
      318, 61, 319, -1,
      319, 61, 60, -1,
      319, 60, 312, -1,
      312, 60, 73, -1,
      312, 73, 72, -1,
      100, 320, 98, -1,
      98, 320, 305, -1,
      321, 320, 100, -1,
      169, 322, 170, -1,
      170, 322, 321, -1,
      170, 321, 103, -1,
      103, 321, 100, -1,
      160, 323, 140, -1,
      140, 323, 322, -1,
      140, 322, 169, -1,
      164, 324, 165, -1,
      165, 324, 323, -1,
      165, 323, 160, -1,
      325, 211, 326, -1,
      326, 211, 210, -1,
      326, 210, 327, -1,
      324, 164, 328, -1,
      328, 164, 136, -1,
      328, 136, 329, -1,
      329, 136, 134, -1,
      329, 134, 330, -1,
      330, 134, 133, -1,
      330, 133, 331, -1,
      331, 133, 214, -1,
      331, 214, 332, -1,
      332, 214, 213, -1,
      332, 213, 325, -1,
      325, 213, 212, -1,
      325, 212, 211, -1,
      220, 333, 219, -1,
      219, 333, 334, -1,
      219, 334, 217, -1,
      217, 334, 335, -1,
      217, 335, 174, -1,
      174, 335, 336, -1,
      174, 336, 181, -1,
      181, 336, 337, -1,
      181, 337, 183, -1,
      183, 337, 338, -1,
      183, 338, 186, -1,
      186, 338, 339, -1,
      186, 339, 187, -1,
      187, 339, 340, -1,
      187, 340, 192, -1,
      192, 340, 341, -1,
      192, 341, 197, -1,
      197, 341, 342, -1,
      197, 342, 200, -1,
      200, 342, 343, -1,
      200, 343, 203, -1,
      203, 343, 344, -1,
      203, 344, 210, -1,
      210, 344, 327, -1,
      182, 185, 345, -1,
      345, 346, 182, -1,
      182, 346, 347, -1,
      182, 347, 180, -1,
      180, 347, 348, -1,
      180, 348, 175, -1,
      175, 348, 349, -1,
      175, 349, 176, -1,
      176, 349, 177, -1,
      177, 349, 350, -1,
      177, 350, 178, -1,
      178, 350, 351, -1,
      178, 351, 179, -1,
      179, 351, 352, -1,
      179, 352, 215, -1,
      352, 353, 215, -1,
      215, 353, 354, -1,
      215, 354, 216, -1,
      216, 354, 355, -1,
      216, 355, 218, -1,
      218, 355, 333, -1,
      218, 333, 220, -1,
      204, 356, 205, -1,
      205, 356, 357, -1,
      205, 357, 201, -1,
      201, 357, 358, -1,
      201, 358, 202, -1,
      358, 359, 202, -1,
      202, 359, 360, -1,
      202, 360, 195, -1,
      195, 360, 361, -1,
      195, 361, 196, -1,
      196, 361, 362, -1,
      196, 362, 198, -1,
      198, 362, 363, -1,
      198, 363, 364, -1,
      345, 185, 365, -1,
      365, 185, 184, -1,
      365, 184, 366, -1,
      366, 184, 191, -1,
      366, 191, 367, -1,
      367, 191, 190, -1,
      367, 190, 368, -1,
      368, 190, 189, -1,
      368, 189, 369, -1,
      369, 189, 188, -1,
      369, 188, 370, -1,
      370, 188, 194, -1,
      370, 194, 371, -1,
      371, 194, 193, -1,
      371, 193, 364, -1,
      364, 193, 199, -1,
      364, 199, 198, -1,
      132, 372, 209, -1,
      209, 372, 373, -1,
      209, 373, 206, -1,
      373, 374, 206, -1,
      206, 374, 375, -1,
      206, 375, 207, -1,
      207, 375, 376, -1,
      207, 376, 208, -1,
      208, 376, 377, -1,
      208, 377, 204, -1,
      204, 377, 356, -1,
      221, 378, 222, -1,
      222, 378, 379, -1,
      222, 379, 228, -1,
      228, 379, 380, -1,
      228, 380, 227, -1,
      227, 380, 381, -1,
      227, 381, 126, -1,
      126, 381, 382, -1,
      126, 382, 123, -1,
      123, 382, 124, -1,
      124, 382, 383, -1,
      124, 383, 127, -1,
      127, 383, 384, -1,
      127, 384, 128, -1,
      128, 384, 385, -1,
      128, 385, 129, -1,
      129, 385, 386, -1,
      129, 386, 130, -1,
      130, 386, 387, -1,
      130, 387, 131, -1,
      131, 387, 388, -1,
      131, 388, 132, -1,
      132, 388, 389, -1,
      132, 389, 372, -1,
      162, 390, 163, -1,
      163, 390, 391, -1,
      163, 391, 158, -1,
      391, 392, 158, -1,
      158, 392, 393, -1,
      158, 393, 159, -1,
      159, 393, 394, -1,
      159, 394, 167, -1,
      167, 394, 395, -1,
      167, 395, 166, -1,
      166, 395, 396, -1,
      166, 396, 137, -1,
      137, 396, 397, -1,
      137, 397, 135, -1,
      135, 397, 398, -1,
      135, 398, 125, -1,
      125, 398, 399, -1,
      378, 221, 400, -1,
      400, 221, 223, -1,
      400, 223, 401, -1,
      401, 223, 225, -1,
      401, 225, 402, -1,
      402, 225, 224, -1,
      402, 224, 399, -1,
      399, 224, 226, -1,
      399, 226, 125, -1,
      161, 403, 162, -1,
      162, 403, 390, -1,
      404, 148, 147, -1,
      143, 405, 144, -1,
      144, 405, 406, -1,
      144, 406, 145, -1,
      145, 406, 407, -1,
      145, 407, 146, -1,
      146, 407, 408, -1,
      146, 408, 147, -1,
      147, 408, 409, -1,
      147, 409, 404, -1,
      148, 404, 149, -1,
      149, 404, 410, -1,
      149, 410, 411, -1,
      403, 161, 412, -1,
      412, 161, 157, -1,
      412, 157, 413, -1,
      413, 157, 156, -1,
      413, 156, 414, -1,
      414, 156, 155, -1,
      414, 155, 415, -1,
      415, 155, 154, -1,
      415, 154, 416, -1,
      416, 154, 153, -1,
      416, 153, 417, -1,
      417, 153, 152, -1,
      417, 152, 418, -1,
      418, 152, 151, -1,
      418, 151, 411, -1,
      411, 151, 150, -1,
      411, 150, 149, -1,
      117, 419, 115, -1,
      115, 419, 420, -1,
      115, 420, 118, -1,
      118, 420, 421, -1,
      118, 421, 119, -1,
      119, 421, 422, -1,
      119, 422, 120, -1,
      120, 422, 423, -1,
      120, 423, 121, -1,
      121, 423, 424, -1,
      121, 424, 122, -1,
      122, 424, 425, -1,
      122, 425, 168, -1,
      168, 425, 426, -1,
      168, 426, 171, -1,
      171, 426, 427, -1,
      171, 427, 172, -1,
      172, 427, 428, -1,
      172, 428, 173, -1,
      173, 428, 429, -1,
      173, 429, 138, -1,
      138, 429, 430, -1,
      138, 430, 139, -1,
      139, 430, 431, -1,
      139, 431, 141, -1,
      141, 431, 432, -1,
      141, 432, 142, -1,
      142, 432, 433, -1,
      142, 433, 143, -1,
      143, 433, 405, -1,
      116, 434, 117, -1,
      117, 434, 419, -1,
      114, 435, 436, -1,
      114, 436, 437, -1,
      437, 436, 434, -1,
      437, 434, 116, -1,
      438, 106, 439, -1,
      439, 106, 105, -1,
      439, 105, 440, -1,
      440, 105, 104, -1,
      440, 104, 441, -1,
      441, 104, 102, -1,
      441, 102, 442, -1,
      442, 102, 101, -1,
      442, 101, 443, -1,
      443, 101, 99, -1,
      443, 99, 444, -1,
      444, 99, 97, -1,
      444, 97, 445, -1,
      435, 114, 446, -1,
      446, 114, 113, -1,
      446, 113, 447, -1,
      447, 113, 112, -1,
      447, 112, 448, -1,
      448, 112, 111, -1,
      448, 111, 449, -1,
      449, 111, 110, -1,
      449, 110, 450, -1,
      450, 110, 109, -1,
      450, 109, 451, -1,
      451, 109, 108, -1,
      451, 108, 438, -1,
      438, 108, 107, -1,
      438, 107, 106, -1,
      54, 452, 46, -1,
      46, 452, 453, -1,
      46, 453, 47, -1,
      47, 453, 454, -1,
      47, 454, 65, -1,
      65, 454, 455, -1,
      65, 455, 55, -1,
      55, 455, 456, -1,
      55, 456, 56, -1,
      56, 456, 457, -1,
      56, 457, 58, -1,
      58, 457, 458, -1,
      58, 458, 59, -1,
      59, 458, 459, -1,
      59, 459, 63, -1,
      63, 459, 460, -1,
      63, 460, 62, -1,
      62, 460, 461, -1,
      62, 461, 71, -1,
      71, 461, 462, -1,
      71, 462, 69, -1,
      69, 462, 463, -1,
      69, 463, 95, -1,
      95, 463, 464, -1,
      95, 464, 97, -1,
      97, 464, 445, -1,
      53, 465, 54, -1,
      54, 465, 452, -1,
      52, 466, 53, -1,
      53, 466, 465, -1,
      51, 467, 52, -1,
      52, 467, 466, -1,
      41, 468, 43, -1,
      43, 468, 469, -1,
      43, 469, 44, -1,
      44, 469, 470, -1,
      44, 470, 45, -1,
      45, 470, 471, -1,
      45, 471, 49, -1,
      49, 471, 472, -1,
      49, 472, 50, -1,
      50, 472, 473, -1,
      50, 473, 51, -1,
      51, 473, 467, -1,
      242, 474, 243, -1,
      243, 474, 475, -1,
      243, 475, 244, -1,
      244, 475, 476, -1,
      244, 476, 245, -1,
      245, 476, 477, -1,
      245, 477, 246, -1,
      246, 477, 478, -1,
      246, 478, 42, -1,
      42, 478, 479, -1,
      42, 479, 40, -1,
      40, 479, 480, -1,
      40, 480, 41, -1,
      41, 480, 468, -1,
      232, 231, 481, -1,
      481, 482, 232, -1,
      232, 482, 483, -1,
      232, 483, 233, -1,
      233, 483, 484, -1,
      233, 484, 234, -1,
      484, 485, 234, -1,
      234, 485, 486, -1,
      234, 486, 235, -1,
      235, 486, 487, -1,
      235, 487, 236, -1,
      236, 487, 488, -1,
      236, 488, 237, -1,
      237, 488, 489, -1,
      237, 489, 238, -1,
      238, 489, 490, -1,
      238, 490, 239, -1,
      239, 490, 491, -1,
      239, 491, 240, -1,
      240, 491, 492, -1,
      240, 492, 241, -1,
      241, 492, 493, -1,
      241, 493, 242, -1,
      242, 493, 474, -1,
      18, 253, 17, -1,
      17, 253, 494, -1,
      481, 231, 495, -1,
      495, 231, 230, -1,
      495, 230, 496, -1,
      496, 230, 229, -1,
      496, 229, 494, -1,
      494, 229, 16, -1,
      494, 16, 17, -1,
      373, 372, 389, -1,
      403, 412, 484, -1,
      484, 412, 413, -1,
      484, 413, 414, -1,
      414, 415, 484, -1,
      484, 415, 416, -1,
      484, 416, 485, -1,
      485, 416, 417, -1,
      485, 417, 486, -1,
      486, 417, 487, -1,
      487, 417, 418, -1,
      487, 418, 488, -1,
      488, 418, 411, -1,
      488, 411, 489, -1,
      489, 411, 410, -1,
      489, 410, 490, -1,
      490, 410, 404, -1,
      490, 404, 491, -1,
      491, 404, 409, -1,
      491, 409, 492, -1,
      492, 409, 408, -1,
      492, 408, 493, -1,
      428, 427, 478, -1,
      428, 478, 429, -1,
      408, 407, 493, -1,
      493, 407, 406, -1,
      493, 406, 474, -1,
      474, 406, 405, -1,
      474, 405, 475, -1,
      475, 405, 433, -1,
      475, 433, 476, -1,
      476, 433, 432, -1,
      476, 432, 477, -1,
      477, 432, 431, -1,
      477, 431, 478, -1,
      478, 431, 430, -1,
      478, 430, 429, -1,
      480, 425, 468, -1,
      468, 425, 424, -1,
      427, 426, 478, -1,
      478, 426, 425, -1,
      478, 425, 479, -1,
      479, 425, 480, -1,
      465, 466, 419, -1,
      419, 466, 467, -1,
      419, 467, 420, -1,
      420, 467, 473, -1,
      420, 473, 421, -1,
      421, 473, 472, -1,
      421, 472, 422, -1,
      422, 472, 471, -1,
      422, 471, 423, -1,
      423, 471, 470, -1,
      423, 470, 424, -1,
      424, 470, 469, -1,
      424, 469, 468, -1,
      465, 419, 452, -1,
      452, 419, 434, -1,
      452, 434, 436, -1,
      436, 435, 452, -1,
      452, 435, 446, -1,
      452, 446, 447, -1,
      447, 448, 452, -1,
      452, 448, 449, -1,
      452, 449, 450, -1,
      450, 451, 452, -1,
      452, 451, 438, -1,
      452, 438, 439, -1,
      441, 464, 440, -1,
      440, 464, 439, -1,
      441, 442, 443, -1,
      441, 443, 464, -1,
      464, 443, 444, -1,
      464, 444, 445, -1,
      464, 463, 439, -1,
      439, 463, 462, -1,
      439, 462, 461, -1,
      461, 460, 439, -1,
      439, 460, 459, -1,
      439, 459, 458, -1,
      458, 457, 439, -1,
      439, 457, 456, -1,
      439, 456, 455, -1,
      455, 454, 439, -1,
      439, 454, 453, -1,
      439, 453, 452, -1,
      483, 393, 484, -1,
      484, 393, 392, -1,
      484, 392, 403, -1,
      403, 392, 391, -1,
      403, 391, 390, -1,
      483, 482, 393, -1,
      393, 482, 481, -1,
      393, 481, 394, -1,
      394, 481, 495, -1,
      394, 495, 395, -1,
      395, 495, 496, -1,
      395, 496, 396, -1,
      396, 496, 494, -1,
      396, 494, 397, -1,
      397, 494, 253, -1,
      397, 253, 398, -1,
      398, 253, 252, -1,
      398, 252, 399, -1,
      399, 252, 251, -1,
      399, 251, 402, -1,
      402, 251, 250, -1,
      402, 250, 401, -1,
      401, 250, 249, -1,
      401, 249, 400, -1,
      400, 249, 248, -1,
      400, 248, 378, -1,
      378, 248, 247, -1,
      378, 247, 379, -1,
      379, 247, 259, -1,
      379, 259, 380, -1,
      380, 259, 258, -1,
      380, 258, 381, -1,
      381, 258, 257, -1,
      381, 257, 382, -1,
      382, 257, 256, -1,
      382, 256, 383, -1,
      383, 256, 255, -1,
      383, 255, 384, -1,
      384, 255, 254, -1,
      384, 254, 385, -1,
      385, 254, 262, -1,
      385, 262, 386, -1,
      386, 262, 261, -1,
      386, 261, 387, -1,
      387, 261, 260, -1,
      387, 260, 388, -1,
      388, 260, 389, -1,
      269, 360, 270, -1,
      270, 360, 359, -1,
      270, 359, 271, -1,
      269, 268, 360, -1,
      360, 268, 267, -1,
      360, 267, 266, -1,
      266, 265, 360, -1,
      360, 265, 264, -1,
      360, 264, 279, -1,
      359, 358, 271, -1,
      271, 358, 357, -1,
      271, 357, 263, -1,
      373, 389, 374, -1,
      357, 356, 263, -1,
      263, 356, 377, -1,
      263, 377, 260, -1,
      260, 377, 376, -1,
      260, 376, 389, -1,
      389, 376, 375, -1,
      389, 375, 374, -1,
      352, 351, 284, -1,
      284, 351, 350, -1,
      284, 350, 285, -1,
      366, 276, 275, -1,
      366, 275, 365, -1,
      365, 275, 272, -1,
      365, 272, 345, -1,
      350, 349, 285, -1,
      285, 349, 348, -1,
      285, 348, 286, -1,
      286, 348, 347, -1,
      286, 347, 287, -1,
      287, 347, 346, -1,
      287, 346, 274, -1,
      274, 346, 345, -1,
      274, 345, 273, -1,
      273, 345, 272, -1,
      364, 363, 279, -1,
      364, 279, 371, -1,
      276, 366, 277, -1,
      277, 366, 367, -1,
      277, 367, 278, -1,
      278, 367, 368, -1,
      278, 368, 280, -1,
      280, 368, 369, -1,
      280, 369, 279, -1,
      279, 369, 370, -1,
      279, 370, 371, -1,
      363, 362, 279, -1,
      279, 362, 361, -1,
      279, 361, 360, -1,
      497, 320, 498, -1,
      498, 320, 499, -1,
      497, 500, 320, -1,
      320, 500, 501, -1,
      320, 501, 502, -1,
      502, 503, 320, -1,
      320, 503, 504, -1,
      320, 504, 505, -1,
      506, 308, 507, -1,
      507, 308, 307, -1,
      507, 307, 508, -1,
      508, 307, 306, -1,
      508, 306, 509, -1,
      509, 306, 305, -1,
      509, 305, 510, -1,
      510, 305, 320, -1,
      510, 320, 511, -1,
      511, 320, 505, -1,
      317, 318, 512, -1,
      512, 318, 319, -1,
      512, 319, 513, -1,
      513, 319, 312, -1,
      513, 312, 514, -1,
      514, 312, 311, -1,
      514, 311, 515, -1,
      515, 311, 310, -1,
      515, 310, 506, -1,
      506, 310, 309, -1,
      506, 309, 308, -1,
      512, 516, 317, -1,
      317, 516, 517, -1,
      317, 517, 316, -1,
      316, 517, 518, -1,
      316, 518, 315, -1,
      315, 518, 519, -1,
      315, 519, 314, -1,
      314, 519, 520, -1,
      314, 520, 313, -1,
      313, 520, 521, -1,
      313, 521, 293, -1,
      293, 521, 522, -1,
      293, 522, 294, -1,
      294, 522, 295, -1,
      295, 522, 523, -1,
      295, 523, 296, -1,
      296, 523, 524, -1,
      296, 524, 297, -1,
      297, 524, 525, -1,
      297, 525, 298, -1,
      298, 525, 526, -1,
      298, 526, 299, -1,
      299, 526, 527, -1,
      299, 527, 300, -1,
      300, 527, 528, -1,
      300, 528, 529, -1,
      529, 530, 300, -1,
      300, 530, 531, -1,
      300, 531, 532, -1,
      533, 534, 333, -1,
      533, 333, 535, -1,
      534, 536, 333, -1,
      333, 536, 537, -1,
      333, 537, 538, -1,
      538, 539, 333, -1,
      333, 539, 540, -1,
      333, 540, 334, -1,
      334, 540, 541, -1,
      334, 541, 335, -1,
      335, 541, 542, -1,
      335, 542, 543, -1,
      543, 544, 335, -1,
      335, 544, 545, -1,
      335, 545, 546, -1,
      546, 547, 335, -1,
      335, 547, 548, -1,
      335, 548, 549, -1,
      549, 550, 335, -1,
      335, 550, 551, -1,
      335, 551, 321, -1,
      551, 552, 321, -1,
      321, 552, 553, -1,
      321, 553, 320, -1,
      320, 553, 554, -1,
      320, 554, 499, -1,
      333, 355, 291, -1,
      291, 290, 333, -1,
      333, 290, 289, -1,
      333, 289, 288, -1,
      283, 354, 284, -1,
      284, 354, 353, -1,
      284, 353, 352, -1,
      283, 282, 354, -1,
      354, 282, 281, -1,
      354, 281, 355, -1,
      355, 281, 292, -1,
      355, 292, 291, -1,
      288, 304, 333, -1,
      333, 304, 303, -1,
      333, 303, 302, -1,
      532, 535, 300, -1,
      300, 535, 333, -1,
      300, 333, 301, -1,
      301, 333, 302, -1,
      322, 323, 321, -1,
      321, 323, 324, -1,
      321, 324, 335, -1,
      335, 324, 328, -1,
      328, 329, 335, -1,
      335, 329, 330, -1,
      335, 330, 331, -1,
      338, 337, 325, -1,
      325, 326, 555, -1,
      555, 326, 327, -1,
      327, 344, 555, -1,
      555, 344, 343, -1,
      555, 343, 342, -1,
      342, 341, 555, -1,
      555, 341, 340, -1,
      555, 340, 325, -1,
      325, 340, 339, -1,
      325, 339, 338, -1,
      331, 332, 335, -1,
      335, 332, 325, -1,
      335, 325, 336, -1,
      336, 325, 337, -1,
      551, 556, 552, -1,
      552, 556, 557, -1,
      552, 557, 553, -1,
      553, 557, 558, -1,
      553, 558, 554, -1,
      554, 558, 559, -1,
      554, 559, 499, -1,
      499, 559, 560, -1,
      499, 560, 498, -1,
      498, 560, 561, -1,
      498, 561, 497, -1,
      497, 561, 562, -1,
      497, 562, 500, -1,
      500, 562, 563, -1,
      500, 563, 501, -1,
      501, 563, 564, -1,
      501, 564, 502, -1,
      502, 564, 565, -1,
      502, 565, 503, -1,
      503, 565, 566, -1,
      503, 566, 504, -1,
      504, 566, 567, -1,
      504, 567, 505, -1,
      505, 567, 568, -1,
      505, 568, 511, -1,
      511, 568, 569, -1,
      511, 569, 510, -1,
      510, 569, 570, -1,
      510, 570, 509, -1,
      509, 570, 571, -1,
      509, 571, 508, -1,
      508, 571, 572, -1,
      508, 572, 507, -1,
      507, 572, 573, -1,
      507, 573, 506, -1,
      506, 573, 574, -1,
      506, 574, 515, -1,
      515, 574, 575, -1,
      515, 575, 514, -1,
      514, 575, 576, -1,
      514, 576, 513, -1,
      513, 576, 577, -1,
      513, 577, 512, -1,
      512, 577, 578, -1,
      512, 578, 516, -1,
      516, 578, 579, -1,
      516, 579, 517, -1,
      517, 579, 580, -1,
      517, 580, 518, -1,
      518, 580, 581, -1,
      518, 581, 519, -1,
      519, 581, 582, -1,
      519, 582, 520, -1,
      520, 582, 583, -1,
      520, 583, 521, -1,
      521, 583, 584, -1,
      521, 584, 522, -1,
      522, 584, 585, -1,
      537, 536, 586, -1,
      523, 522, 585, -1,
      585, 587, 523, -1,
      523, 587, 588, -1,
      523, 588, 524, -1,
      524, 588, 589, -1,
      586, 536, 590, -1,
      590, 536, 534, -1,
      590, 534, 591, -1,
      591, 534, 533, -1,
      591, 533, 592, -1,
      592, 533, 535, -1,
      592, 535, 593, -1,
      593, 535, 532, -1,
      593, 532, 594, -1,
      594, 532, 531, -1,
      594, 531, 595, -1,
      595, 531, 530, -1,
      595, 530, 596, -1,
      596, 530, 529, -1,
      596, 529, 597, -1,
      597, 529, 528, -1,
      597, 528, 598, -1,
      598, 528, 527, -1,
      598, 527, 599, -1,
      599, 527, 526, -1,
      599, 526, 589, -1,
      589, 526, 525, -1,
      589, 525, 524, -1,
      586, 600, 537, -1,
      537, 600, 601, -1,
      537, 601, 538, -1,
      538, 601, 602, -1,
      538, 602, 539, -1,
      539, 602, 540, -1,
      540, 602, 603, -1,
      540, 603, 541, -1,
      541, 603, 604, -1,
      541, 604, 542, -1,
      542, 604, 605, -1,
      542, 605, 543, -1,
      543, 605, 606, -1,
      543, 606, 544, -1,
      606, 607, 544, -1,
      544, 607, 608, -1,
      544, 608, 545, -1,
      545, 608, 609, -1,
      556, 551, 610, -1,
      610, 551, 550, -1,
      610, 550, 611, -1,
      611, 550, 549, -1,
      611, 549, 612, -1,
      612, 549, 548, -1,
      612, 548, 613, -1,
      613, 548, 547, -1,
      613, 547, 609, -1,
      609, 547, 546, -1,
      609, 546, 545, -1,
    ]
  }
}

Shape {
  appearance Appearance {
    material Material {
      diffuseColor 0.5569 0.5569 0.5569
      specularColor 0.2784 0.2784 0.2784
      ambientIntensity 0.2
      transparency 0.0000
      shininess 0.5
    }
  }
  geometry IndexedFaceSet {
    ccw TRUE
    solid FALSE
    coord DEF co Coordinate {
      point [
        0.296904 0.782553 -0.087247,
        0.291933 0.782469 -0.087998,
        0.289569 0.782429 -0.088356,
        0.287414 0.782324 -0.089272,
        0.283718 0.782144 -0.090844,
        0.283157 0.782092 -0.091276,
        0.279276 0.781737 -0.094269,
        0.278594 0.781674 -0.094795,
        0.276004 0.781282 -0.097952,
        0.274911 0.781117 -0.099285,
        0.273659 0.780777 -0.101889,
        0.272250 0.780393 -0.104822,
        0.271975 0.780203 -0.106200,
        0.271094 0.779594 -0.110611,
        0.271095 0.779592 -0.110626,
        0.271259 0.778822 -0.115896,
        0.271293 0.778669 -0.116947,
        0.272220 0.778154 -0.120287,
        0.272904 0.777775 -0.122748,
        0.273885 0.777490 -0.124524,
        0.275363 0.777059 -0.127200,
        0.276262 0.776891 -0.128208,
        0.279702 0.776248 -0.132063,
        0.279957 0.776217 -0.132244,
        0.283548 0.775779 -0.134783,
        0.284559 0.775656 -0.135497,
        0.287172 0.775475 -0.136524,
        0.289662 0.775303 -0.137503,
        0.291315 0.775262 -0.137732,
        0.296904 0.775124 -0.138507,
        0.322637 0.778968 -0.114911,
        0.302747 0.775253 -0.137783,
        0.302778 0.775254 -0.137779,
        0.307179 0.775528 -0.136223,
        0.322643 0.778811 -0.115990,
        0.321872 0.778298 -0.119353,
        0.321342 0.777946 -0.121661,
        0.320289 0.777619 -0.123703,
        0.318556 0.777081 -0.127065,
        0.318015 0.776980 -0.127671,
        0.315108 0.776437 -0.130927,
        0.314106 0.776250 -0.132050,
        0.311313 0.775925 -0.133933,
        0.308730 0.775624 -0.135675,
        0.322610 0.779729 -0.109652,
        0.322610 0.779737 -0.109596,
        0.321548 0.780329 -0.105269,
        0.321178 0.780535 -0.103758,
        0.319772 0.780881 -0.101091,
        0.318536 0.781185 -0.098745,
        0.317390 0.781348 -0.097427,
        0.314539 0.781753 -0.094149,
        0.314363 0.781767 -0.094023,
        0.310680 0.782081 -0.091371,
        0.302434 0.782463 -0.088047,
        0.303880 0.782440 -0.088256,
        0.306602 0.782316 -0.089343,
        0.309430 0.782187 -0.090472,
        0.322241 0.779031 -0.114505,
        0.277322 0.777780 -0.122719,
        0.285604 0.782110 -0.091135,
      ]
    }
    coordIndex [
      30, 58, 44, -1,
      44, 58, 14, -1,
      44, 14, 45, -1,
      14, 37, 38, -1,
      38, 39, 14, -1,
      14, 39, 40, -1,
      14, 40, 41, -1,
      41, 42, 14, -1,
      14, 42, 43, -1,
      14, 43, 33, -1,
      33, 32, 14, -1,
      14, 32, 31, -1,
      14, 31, 59, -1,
      59, 31, 29, -1,
      29, 28, 59, -1,
      59, 28, 27, -1,
      59, 27, 26, -1,
      26, 25, 59, -1,
      59, 25, 24, -1,
      59, 24, 23, -1,
      23, 22, 59, -1,
      59, 22, 21, -1,
      59, 21, 20, -1,
      20, 19, 59, -1,
      59, 19, 18, -1,
      59, 18, 17, -1,
      17, 16, 59, -1,
      59, 16, 15, -1,
      59, 15, 14, -1,
      30, 34, 58, -1,
      58, 34, 35, -1,
      58, 35, 14, -1,
      14, 35, 36, -1,
      14, 36, 37, -1,
      12, 11, 52, -1,
      52, 11, 10, -1,
      52, 10, 53, -1,
      53, 10, 9, -1,
      9, 8, 53, -1,
      53, 8, 7, -1,
      53, 7, 6, -1,
      60, 6, 5, -1,
      5, 4, 60, -1,
      60, 4, 3, -1,
      60, 3, 2, -1,
      2, 1, 60, -1,
      60, 1, 0, -1,
      60, 0, 54, -1,
      54, 55, 60, -1,
      60, 55, 56, -1,
      60, 56, 6, -1,
      6, 56, 57, -1,
      6, 57, 53, -1,
      51, 14, 52, -1,
      52, 14, 13, -1,
      52, 13, 12, -1,
      51, 50, 14, -1,
      14, 50, 49, -1,
      14, 49, 48, -1,
      48, 47, 14, -1,
      14, 47, 46, -1,
      14, 46, 45, -1,
    ]
  }
}
